base_game_index,behavioral_regime_id,draw,first_wolf_death_round,game_id,hunter_kills,hunter_retaliations,manifest_hash,matched_set_id,night_kill_attempts,policy_name,round_number,seed,seer_kills,special_role_kills,successful_night_kills,time_to_parity,total_rounds,village_win,vote_control_proxy,winner,witch_kills,witch_saves,wolf_kill_decisions,wolf_survival_count,wolf_win
1,baseline_speech_enabled,0,1,seed_100_base_1_regime_baseline_speech_enabled_policy_existing_rule,1,1,3636ee12b35a57bbe8811b59ccf2c37a2bfec25ced6170ee3f51615da6f64f83,seed_100_base_1_regime_baseline_speech_enabled,4,existing_rule,4,100,1,3,3,,4,1,1,village,1,1,4,0,0
1,baseline_speech_enabled,0,1,seed_100_base_1_regime_baseline_speech_enabled_policy_frozen_ml,0,0,3636ee12b35a57bbe8811b59ccf2c37a2bfec25ced6170ee3f51615da6f64f83,seed_100_base_1_regime_baseline_speech_enabled,4,frozen_ml,4,100,0,0,3,,4,1,1,village,0,1,4,0,0
1,baseline_speech_enabled,0,1,seed_100_base_1_regime_baseline_speech_enabled_policy_frozen_hybrid_50_50,0,0,3636ee12b35a57bbe8811b59ccf2c37a2bfec25ced6170ee3f51615da6f64f83,seed_100_base_1_regime_baseline_speech_enabled,4,frozen_hybrid_50_50,4,100,0,0,3,,4,1,1,village,0,1,4,0,0
1,baseline_speech_enabled,0,1,seed_100_base_1_regime_baseline_speech_enabled_policy_frozen_ml_epsilon_010,0,0,3636ee12b35a57bbe8811b59ccf2c37a2bfec25ced6170ee3f51615da6f64f83,seed_100_base_1_regime_baseline_speech_enabled,4,frozen_ml_epsilon_010,4,100,0,0,3,,4,1,1,village,0,1,4,0,0
1,speech_disabled,0,1,seed_100_base_1_regime_speech_disabled_policy_existing_rule,1,1,3636ee12b35a57bbe8811b59ccf2c37a2bfec25ced6170ee3f51615da6f64f83,seed_100_base_1_regime_speech_disabled,3,existing_rule,3,100,1,3,3,,3,1,1,village,1,0,3,0,0
1,speech_disabled,0,1,seed_100_base_1_regime_speech_disabled_policy_frozen_ml,0,1,3636ee12b35a57bbe8811b59ccf2c37a2bfec25ced6170ee3f51615da6f64f83,seed_100_base_1_regime_speech_disabled,3,frozen_ml,3,100,0,1,3,,3,1,2,village,1,0,3,0,0
1,speech_disabled,0,1,seed_100_base_1_regime_speech_disabled_policy_frozen_hybrid_50_50,0,1,3636ee12b35a57bbe8811b59ccf2c37a2bfec25ced6170ee3f51615da6f64f83,seed_100_base_1_regime_speech_disabled,3,frozen_hybrid_50_50,3,100,0,1,3,,3,1,2,village,1,0,3,0,0
1,speech_disabled,0,1,seed_100_base_1_regime_speech_disabled_policy_frozen_ml_epsilon_010,0,1,3636ee12b35a57bbe8811b59ccf2c37a2bfec25ced6170ee3f51615da6f64f83,seed_100_base_1_regime_speech_disabled,3,frozen_ml_epsilon_010,3,100,0,1,3,,3,1,2,village,1,0,3,0,0
1,herding_enabled,0,,seed_100_base_1_regime_herding_enabled_policy_existing_rule,1,1,3636ee12b35a57bbe8811b59ccf2c37a2bfec25ced6170ee3f51615da6f64f83,seed_100_base_1_regime_herding_enabled,2,existing_rule,2,100,1,2,2,2,2,0,1,wolf,0,0,2,3,1
1,herding_enabled,0,2,seed_100_base_1_regime_herding_enabled_policy_frozen_ml,1,1,3636ee12b35a57bbe8811b59ccf2c37a2bfec25ced6170ee3f51615da6f64f83,seed_100_base_1_regime_herding_enabled,3,frozen_ml,3,100,1,2,3,3,3,0,2,wolf,0,0,3,2,1
1,herding_enabled,0,2,seed_100_base_1_regime_herding_enabled_policy_frozen_hybrid_50_50,1,1,3636ee12b35a57bbe8811b59ccf2c37a2bfec25ced6170ee3f51615da6f64f83,seed_100_base_1_regime_herding_enabled,3,frozen_hybrid_50_50,3,100,0,1,2,,3,1,1,village,0,1,3,0,0
1,herding_enabled,0,2,seed_100_base_1_regime_herding_enabled_policy_frozen_ml_epsilon_010,1,1,3636ee12b35a57bbe8811b59ccf2c37a2bfec25ced6170ee3f51615da6f64f83,seed_100_base_1_regime_herding_enabled,4,frozen_ml_epsilon_010,4,100,1,2,4,4,4,0,2,wolf,0,0,4,1,1
1,deception_enabled,0,2,seed_100_base_1_regime_deception_enabled_policy_existing_rule,1,1,3636ee12b35a57bbe8811b59ccf2c37a2bfec25ced6170ee3f51615da6f64f83,seed_100_base_1_regime_deception_enabled,4,existing_rule,4,100,1,3,3,,4,1,2,village,1,1,4,0,0
1,deception_enabled,0,2,seed_100_base_1_regime_deception_enabled_policy_frozen_ml,1,1,3636ee12b35a57bbe8811b59ccf2c37a2bfec25ced6170ee3f51615da6f64f83,seed_100_base_1_regime_deception_enabled,3,frozen_ml,3,100,0,1,2,,3,1,1,village,0,1,3,0,0
1,deception_enabled,0,2,seed_100_base_1_regime_deception_enabled_policy_frozen_hybrid_50_50,1,1,3636ee12b35a57bbe8811b59ccf2c37a2bfec25ced6170ee3f51615da6f64f83,seed_100_base_1_regime_deception_enabled,3,frozen_hybrid_50_50,3,100,0,1,2,,3,1,1,village,0,1,3,0,0
1,deception_enabled,0,2,seed_100_base_1_regime_deception_enabled_policy_frozen_ml_epsilon_010,1,1,3636ee12b35a57bbe8811b59ccf2c37a2bfec25ced6170ee3f51615da6f64f83,seed_100_base_1_regime_deception_enabled,3,frozen_ml_epsilon_010,3,100,0,1,2,,3,1,1,village,0,1,3,0,0
1,heterogeneous_risk_preference,0,2,seed_100_base_1_regime_heterogeneous_risk_preference_policy_existing_rule,1,0,3636ee12b35a57bbe8811b59ccf2c37a2bfec25ced6170ee3f51615da6f64f83,seed_100_base_1_regime_heterogeneous_risk_preference,4,existing_rule,4,100,1,3,3,4,4,0,2,wolf,1,1,4,2,1
1,heterogeneous_risk_preference,0,2,seed_100_base_1_regime_heterogeneous_risk_preference_policy_frozen_ml,1,1,3636ee12b35a57bbe8811b59ccf2c37a2bfec25ced6170ee3f51615da6f64f83,seed_100_base_1_regime_heterogeneous_risk_preference,3,frozen_ml,3,100,0,1,2,3,3,0,2,wolf,0,1,3,2,1
1,heterogeneous_risk_preference,0,2,seed_100_base_1_regime_heterogeneous_risk_preference_policy_frozen_hybrid_50_50,0,0,3636ee12b35a57bbe8811b59ccf2c37a2bfec25ced6170ee3f51615da6f64f83,seed_100_base_1_regime_heterogeneous_risk_preference,4,frozen_hybrid_50_50,4,100,1,1,3,,4,1,1,village,0,1,4,0,0
1,heterogeneous_risk_preference,0,2,seed_100_base_1_regime_heterogeneous_risk_preference_policy_frozen_ml_epsilon_010,1,1,3636ee12b35a57bbe8811b59ccf2c37a2bfec25ced6170ee3f51615da6f64f83,seed_100_base_1_regime_heterogeneous_risk_preference,3,frozen_ml_epsilon_010,3,100,0,1,2,3,3,0,2,wolf,0,1,3,2,1
1,strong_village_information,0,,seed_100_base_1_regime_strong_village_information_policy_existing_rule,1,0,3636ee12b35a57bbe8811b59ccf2c37a2bfec25ced6170ee3f51615da6f64f83,seed_100_base_1_regime_strong_village_information,3,existing_rule,3,100,0,2,2,3,3,0,2,wolf,1,1,3,3,1
1,strong_village_information,0,,seed_100_base_1_regime_strong_village_information_policy_frozen_ml,0,0,3636ee12b35a57bbe8811b59ccf2c37a2bfec25ced6170ee3f51615da6f64f83,seed_100_base_1_regime_strong_village_information,2,frozen_ml,2,100,0,0,1,2,2,0,2,wolf,0,1,2,3,1
1,strong_village_information,0,,seed_100_base_1_regime_strong_village_information_policy_frozen_hybrid_50_50,0,0,3636ee12b35a57bbe8811b59ccf2c37a2bfec25ced6170ee3f51615da6f64f83,seed_100_base_1_regime_strong_village_information,3,frozen_hybrid_50_50,3,100,0,0,2,3,3,0,2,wolf,0,1,3,3,1
1,strong_village_information,0,,seed_100_base_1_regime_strong_village_information_policy_frozen_ml_epsilon_010,0,0,3636ee12b35a57bbe8811b59ccf2c37a2bfec25ced6170ee3f51615da6f64f83,seed_100_base_1_regime_strong_village_information,2,frozen_ml_epsilon_010,2,100,0,0,1,2,2,0,2,wolf,0,1,2,3,1
1,weak_village_information,0,1,seed_100_base_1_regime_weak_village_information_policy_existing_rule,1,1,3636ee12b35a57bbe8811b59ccf2c37a2bfec25ced6170ee3f51615da6f64f83,seed_100_base_1_regime_weak_village_information,4,existing_rule,4,100,1,3,3,4,4,0,2,wolf,1,1,4,1,1
1,weak_village_information,0,1,seed_100_base_1_regime_weak_village_information_policy_frozen_ml,1,1,3636ee12b35a57bbe8811b59ccf2c37a2bfec25ced6170ee3f51615da6f64f83,seed_100_base_1_regime_weak_village_information,4,frozen_ml,4,100,0,1,3,4,4,0,2,wolf,0,1,4,1,1
1,weak_village_information,0,1,seed_100_base_1_regime_weak_village_information_policy_frozen_hybrid_50_50,1,1,3636ee12b35a57bbe8811b59ccf2c37a2bfec25ced6170ee3f51615da6f64f83,seed_100_base_1_regime_weak_village_information,4,frozen_hybrid_50_50,4,100,0,2,3,4,4,0,2,wolf,1,1,4,1,1
1,weak_village_information,0,1,seed_100_base_1_regime_weak_village_information_policy_frozen_ml_epsilon_010,1,1,3636ee12b35a57bbe8811b59ccf2c37a2bfec25ced6170ee3f51615da6f64f83,seed_100_base_1_regime_weak_village_information,4,frozen_ml_epsilon_010,4,100,0,1,3,4,4,0,2,wolf,0,1,4,1,1
1,mixed_seer_strategy,0,1,seed_100_base_1_regime_mixed_seer_strategy_policy_existing_rule,1,1,3636ee12b35a57bbe8811b59ccf2c37a2bfec25ced6170ee3f51615da6f64f83,seed_100_base_1_regime_mixed_seer_strategy,4,existing_rule,4,100,1,3,4,4,4,0,1,wolf,1,0,4,1,1
1,mixed_seer_strategy,0,1,seed_100_base_1_regime_mixed_seer_strategy_policy_frozen_ml,0,0,3636ee12b35a57bbe8811b59ccf2c37a2bfec25ced6170ee3f51615da6f64f83,seed_100_base_1_regime_mixed_seer_strategy,4,frozen_ml,4,100,1,1,3,,4,1,1,village,0,1,4,0,0
1,mixed_seer_strategy,0,1,seed_100_base_1_regime_mixed_seer_strategy_policy_frozen_hybrid_50_50,0,0,3636ee12b35a57bbe8811b59ccf2c37a2bfec25ced6170ee3f51615da6f64f83,seed_100_base_1_regime_mixed_seer_strategy,3,frozen_hybrid_50_50,3,100,0,0,2,,3,1,1,village,0,1,3,0,0
1,mixed_seer_strategy,0,1,seed_100_base_1_regime_mixed_seer_strategy_policy_frozen_ml_epsilon_010,0,0,3636ee12b35a57bbe8811b59ccf2c37a2bfec25ced6170ee3f51615da6f64f83,seed_100_base_1_regime_mixed_seer_strategy,4,frozen_ml_epsilon_010,4,100,1,1,3,,4,1,1,village,0,1,4,0,0
1,mixed_voting_strategy,0,2,seed_100_base_1_regime_mixed_voting_strategy_policy_existing_rule,0,1,3636ee12b35a57bbe8811b59ccf2c37a2bfec25ced6170ee3f51615da6f64f83,seed_100_base_1_regime_mixed_voting_strategy,3,existing_rule,3,100,0,1,2,3,3,0,3,wolf,1,1,3,2,1
1,mixed_voting_strategy,0,2,seed_100_base_1_regime_mixed_voting_strategy_policy_frozen_ml,1,1,3636ee12b35a57bbe8811b59ccf2c37a2bfec25ced6170ee3f51615da6f64f83,seed_100_base_1_regime_mixed_voting_strategy,3,frozen_ml,3,100,0,1,2,3,3,0,2,wolf,0,1,3,2,1
1,mixed_voting_strategy,0,2,seed_100_base_1_regime_mixed_voting_strategy_policy_frozen_hybrid_50_50,1,1,3636ee12b35a57bbe8811b59ccf2c37a2bfec25ced6170ee3f51615da6f64f83,seed_100_base_1_regime_mixed_voting_strategy,3,frozen_hybrid_50_50,3,100,0,1,2,3,3,0,2,wolf,0,1,3,2,1
1,mixed_voting_strategy,0,2,seed_100_base_1_regime_mixed_voting_strategy_policy_frozen_ml_epsilon_010,1,1,3636ee12b35a57bbe8811b59ccf2c37a2bfec25ced6170ee3f51615da6f64f83,seed_100_base_1_regime_mixed_voting_strategy,3,frozen_ml_epsilon_010,3,100,0,1,2,3,3,0,2,wolf,0,1,3,2,1
1,mixed_wolf_deception_strategy,0,1,seed_100_base_1_regime_mixed_wolf_deception_strategy_policy_existing_rule,0,0,3636ee12b35a57bbe8811b59ccf2c37a2bfec25ced6170ee3f51615da6f64f83,seed_100_base_1_regime_mixed_wolf_deception_strategy,2,existing_rule,2,100,1,1,1,,2,1,0,village,0,1,2,0,0
1,mixed_wolf_deception_strategy,0,1,seed_100_base_1_regime_mixed_wolf_deception_strategy_policy_frozen_ml,1,1,3636ee12b35a57bbe8811b59ccf2c37a2bfec25ced6170ee3f51615da6f64f83,seed_100_base_1_regime_mixed_wolf_deception_strategy,4,frozen_ml,4,100,0,1,3,,4,1,2,village,0,1,4,0,0
1,mixed_wolf_deception_strategy,0,1,seed_100_base_1_regime_mixed_wolf_deception_strategy_policy_frozen_hybrid_50_50,1,1,3636ee12b35a57bbe8811b59ccf2c37a2bfec25ced6170ee3f51615da6f64f83,seed_100_base_1_regime_mixed_wolf_deception_strategy,4,frozen_hybrid_50_50,4,100,0,1,3,,4,1,2,village,0,1,4,0,0
1,mixed_wolf_deception_strategy,0,1,seed_100_base_1_regime_mixed_wolf_deception_strategy_policy_frozen_ml_epsilon_010,1,1,3636ee12b35a57bbe8811b59ccf2c37a2bfec25ced6170ee3f51615da6f64f83,seed_100_base_1_regime_mixed_wolf_deception_strategy,4,frozen_ml_epsilon_010,4,100,0,1,3,,4,1,2,village,0,1,4,0,0
1,baseline_speech_enabled,0,1,seed_101_base_1_regime_baseline_speech_enabled_policy_existing_rule,1,1,3636ee12b35a57bbe8811b59ccf2c37a2bfec25ced6170ee3f51615da6f64f83,seed_101_base_1_regime_baseline_speech_enabled,4,existing_rule,4,101,1,3,3,4,4,0,2,wolf,1,1,4,1,1
1,baseline_speech_enabled,0,1,seed_101_base_1_regime_baseline_speech_enabled_policy_frozen_ml,1,1,3636ee12b35a57bbe8811b59ccf2c37a2bfec25ced6170ee3f51615da6f64f83,seed_101_base_1_regime_baseline_speech_enabled,3,frozen_ml,3,101,0,1,2,3,3,0,2,wolf,0,1,3,2,1
1,baseline_speech_enabled,0,1,seed_101_base_1_regime_baseline_speech_enabled_policy_frozen_hybrid_50_50,0,1,3636ee12b35a57bbe8811b59ccf2c37a2bfec25ced6170ee3f51615da6f64f83,seed_101_base_1_regime_baseline_speech_enabled,3,frozen_hybrid_50_50,3,101,0,1,2,3,3,0,2,wolf,1,1,3,2,1
1,baseline_speech_enabled,0,1,seed_101_base_1_regime_baseline_speech_enabled_policy_frozen_ml_epsilon_010,1,1,3636ee12b35a57bbe8811b59ccf2c37a2bfec25ced6170ee3f51615da6f64f83,seed_101_base_1_regime_baseline_speech_enabled,3,frozen_ml_epsilon_010,3,101,0,1,2,,3,1,0,village,0,1,3,0,0
1,speech_disabled,0,2,seed_101_base_1_regime_speech_disabled_policy_existing_rule,1,1,3636ee12b35a57bbe8811b59ccf2c37a2bfec25ced6170ee3f51615da6f64f83,seed_101_base_1_regime_speech_disabled,3,existing_rule,3,101,1,2,2,,3,1,1,village,0,1,3,0,0
1,speech_disabled,0,2,seed_101_base_1_regime_speech_disabled_policy_frozen_ml,0,0,3636ee12b35a57bbe8811b59ccf2c37a2bfec25ced6170ee3f51615da6f64f83,seed_101_base_1_regime_speech_disabled,3,frozen_ml,3,101,0,0,2,,3,1,1,village,0,1,3,0,0
1,speech_disabled,0,2,seed_101_base_1_regime_speech_disabled_policy_frozen_hybrid_50_50,0,0,3636ee12b35a57bbe8811b59ccf2c37a2bfec25ced6170ee3f51615da6f64f83,seed_101_base_1_regime_speech_disabled,4,frozen_hybrid_50_50,4,101,0,1,3,,4,1,1,village,1,1,4,0,0
1,speech_disabled,0,2,seed_101_base_1_regime_speech_disabled_policy_frozen_ml_epsilon_010,0,0,3636ee12b35a57bbe8811b59ccf2c37a2bfec25ced6170ee3f51615da6f64f83,seed_101_base_1_regime_speech_disabled,3,frozen_ml_epsilon_010,3,101,0,0,2,,3,1,1,village,0,1,3,0,0
1,herding_enabled,0,1,seed_101_base_1_regime_herding_enabled_policy_existing_rule,1,1,3636ee12b35a57bbe8811b59ccf2c37a2bfec25ced6170ee3f51615da6f64f83,seed_101_base_1_regime_herding_enabled,4,existing_rule,4,101,1,3,3,4,4,0,2,wolf,1,1,4,1,1
1,herding_enabled,0,1,seed_101_base_1_regime_herding_enabled_policy_frozen_ml,0,0,3636ee12b35a57bbe8811b59ccf2c37a2bfec25ced6170ee3f51615da6f64f83,seed_101_base_1_regime_herding_enabled,3,frozen_ml,3,101,1,1,2,,3,1,0,village,0,1,3,0,0
1,herding_enabled,0,1,seed_101_base_1_regime_herding_enabled_policy_frozen_hybrid_50_50,0,1,3636ee12b35a57bbe8811b59ccf2c37a2bfec25ced6170ee3f51615da6f64f83,seed_101_base_1_regime_herding_enabled,4,frozen_hybrid_50_50,4,101,0,0,3,4,4,0,1,wolf,0,1,4,1,1
1,herding_enabled,0,1,seed_101_base_1_regime_herding_enabled_policy_frozen_ml_epsilon_010,0,0,3636ee12b35a57bbe8811b59ccf2c37a2bfec25ced6170ee3f51615da6f64f83,seed_101_base_1_regime_herding_enabled,3,frozen_ml_epsilon_010,3,101,1,1,2,,3,1,0,village,0,1,3,0,0
1,deception_enabled,0,2,seed_101_base_1_regime_deception_enabled_policy_existing_rule,0,1,3636ee12b35a57bbe8811b59ccf2c37a2bfec25ced6170ee3f51615da6f64f83,seed_101_base_1_regime_deception_enabled,3,existing_rule,3,101,1,2,2,3,3,0,3,wolf,1,1,3,2,1
1,deception_enabled,0,,seed_101_base_1_regime_deception_enabled_policy_frozen_ml,0,1,3636ee12b35a57bbe8811b59ccf2c37a2bfec25ced6170ee3f51615da6f64f83,seed_101_base_1_regime_deception_enabled,2,frozen_ml,2,101,0,0,1,2,2,0,2,wolf,0,1,2,3,1
1,deception_enabled,0,,seed_101_base_1_regime_deception_enabled_policy_frozen_hybrid_50_50,0,0,3636ee12b35a57bbe8811b59ccf2c37a2bfec25ced6170ee3f51615da6f64f83,seed_101_base_1_regime_deception_enabled,3,frozen_hybrid_50_50,3,101,0,0,2,3,3,0,2,wolf,0,1,3,3,1
1,deception_enabled,0,,seed_101_base_1_regime_deception_enabled_policy_frozen_ml_epsilon_010,0,1,3636ee12b35a57bbe8811b59ccf2c37a2bfec25ced6170ee3f51615da6f64f83,seed_101_base_1_regime_deception_enabled,2,frozen_ml_epsilon_010,2,101,0,0,1,2,2,0,2,wolf,0,1,2,3,1
1,heterogeneous_risk_preference,0,1,seed_101_base_1_regime_heterogeneous_risk_preference_policy_existing_rule,0,1,3636ee12b35a57bbe8811b59ccf2c37a2bfec25ced6170ee3f51615da6f64f83,seed_101_base_1_regime_heterogeneous_risk_preference,3,existing_rule,3,101,1,1,2,3,3,0,2,wolf,0,1,3,2,1
1,heterogeneous_risk_preference,0,1,seed_101_base_1_regime_heterogeneous_risk_preference_policy_frozen_ml,1,1,3636ee12b35a57bbe8811b59ccf2c37a2bfec25ced6170ee3f51615da6f64f83,seed_101_base_1_regime_heterogeneous_risk_preference,3,frozen_ml,3,101,0,2,3,,3,1,1,village,1,0,3,0,0
1,heterogeneous_risk_preference,0,1,seed_101_base_1_regime_heterogeneous_risk_preference_policy_frozen_hybrid_50_50,1,1,3636ee12b35a57bbe8811b59ccf2c37a2bfec25ced6170ee3f51615da6f64f83,seed_101_base_1_regime_heterogeneous_risk_preference,3,frozen_hybrid_50_50,3,101,0,2,3,,3,1,1,village,1,0,3,0,0
1,heterogeneous_risk_preference,0,1,seed_101_base_1_regime_heterogeneous_risk_preference_policy_frozen_ml_epsilon_010,1,1,3636ee12b35a57bbe8811b59ccf2c37a2bfec25ced6170ee3f51615da6f64f83,seed_101_base_1_regime_heterogeneous_risk_preference,3,frozen_ml_epsilon_010,3,101,0,2,3,,3,1,1,village,1,0,3,0,0
1,strong_village_information,0,2,seed_101_base_1_regime_strong_village_information_policy_existing_rule,0,0,3636ee12b35a57bbe8811b59ccf2c37a2bfec25ced6170ee3f51615da6f64f83,seed_101_base_1_regime_strong_village_information,3,existing_rule,3,101,1,2,2,3,3,0,3,wolf,1,1,3,2,1
1,strong_village_information,0,2,seed_101_base_1_regime_strong_village_information_policy_frozen_ml,1,1,3636ee12b35a57bbe8811b59ccf2c37a2bfec25ced6170ee3f51615da6f64f83,seed_101_base_1_regime_strong_village_information,4,frozen_ml,4,101,0,2,3,,4,1,2,village,1,1,4,0,0
1,strong_village_information,0,2,seed_101_base_1_regime_strong_village_information_policy_frozen_hybrid_50_50,1,1,3636ee12b35a57bbe8811b59ccf2c37a2bfec25ced6170ee3f51615da6f64f83,seed_101_base_1_regime_strong_village_information,4,frozen_hybrid_50_50,4,101,0,1,3,4,4,0,3,wolf,0,1,4,1,1
1,strong_village_information,0,2,seed_101_base_1_regime_strong_village_information_policy_frozen_ml_epsilon_010,1,1,3636ee12b35a57bbe8811b59ccf2c37a2bfec25ced6170ee3f51615da6f64f83,seed_101_base_1_regime_strong_village_information,4,frozen_ml_epsilon_010,4,101,0,2,3,,4,1,2,village,1,1,4,0,0
1,weak_village_information,0,1,seed_101_base_1_regime_weak_village_information_policy_existing_rule,0,0,3636ee12b35a57bbe8811b59ccf2c37a2bfec25ced6170ee3f51615da6f64f83,seed_101_base_1_regime_weak_village_information,3,existing_rule,3,101,1,2,2,,3,1,0,village,1,1,3,0,0
1,weak_village_information,0,1,seed_101_base_1_regime_weak_village_information_policy_frozen_ml,0,0,3636ee12b35a57bbe8811b59ccf2c37a2bfec25ced6170ee3f51615da6f64f83,seed_101_base_1_regime_weak_village_information,3,frozen_ml,3,101,0,1,2,,3,1,0,village,1,1,3,0,0
1,weak_village_information,0,1,seed_101_base_1_regime_weak_village_information_policy_frozen_hybrid_50_50,0,0,3636ee12b35a57bbe8811b59ccf2c37a2bfec25ced6170ee3f51615da6f64f83,seed_101_base_1_regime_weak_village_information,3,frozen_hybrid_50_50,3,101,1,1,2,,3,1,0,village,0,1,3,0,0
1,weak_village_information,0,1,seed_101_base_1_regime_weak_village_information_policy_frozen_ml_epsilon_010,0,0,3636ee12b35a57bbe8811b59ccf2c37a2bfec25ced6170ee3f51615da6f64f83,seed_101_base_1_regime_weak_village_information,3,frozen_ml_epsilon_010,3,101,0,1,2,,3,1,0,village,1,1,3,0,0
1,mixed_seer_strategy,0,2,seed_101_base_1_regime_mixed_seer_strategy_policy_existing_rule,0,0,3636ee12b35a57bbe8811b59ccf2c37a2bfec25ced6170ee3f51615da6f64f83,seed_101_base_1_regime_mixed_seer_strategy,3,existing_rule,3,101,1,2,2,3,3,0,3,wolf,1,1,3,2,1
1,mixed_seer_strategy,0,2,seed_101_base_1_regime_mixed_seer_strategy_policy_frozen_ml,1,1,3636ee12b35a57bbe8811b59ccf2c37a2bfec25ced6170ee3f51615da6f64f83,seed_101_base_1_regime_mixed_seer_strategy,3,frozen_ml,3,101,1,2,2,3,3,0,2,wolf,0,1,3,2,1
1,mixed_seer_strategy,0,2,seed_101_base_1_regime_mixed_seer_strategy_policy_frozen_hybrid_50_50,1,1,3636ee12b35a57bbe8811b59ccf2c37a2bfec25ced6170ee3f51615da6f64f83,seed_101_base_1_regime_mixed_seer_strategy,3,frozen_hybrid_50_50,3,101,1,2,2,3,3,0,2,wolf,0,1,3,2,1
1,mixed_seer_strategy,0,2,seed_101_base_1_regime_mixed_seer_strategy_policy_frozen_ml_epsilon_010,1,1,3636ee12b35a57bbe8811b59ccf2c37a2bfec25ced6170ee3f51615da6f64f83,seed_101_base_1_regime_mixed_seer_strategy,3,frozen_ml_epsilon_010,3,101,1,2,2,3,3,0,2,wolf,0,1,3,2,1
1,mixed_voting_strategy,0,,seed_101_base_1_regime_mixed_voting_strategy_policy_existing_rule,1,1,3636ee12b35a57bbe8811b59ccf2c37a2bfec25ced6170ee3f51615da6f64f83,seed_101_base_1_regime_mixed_voting_strategy,2,existing_rule,2,101,1,2,2,2,2,0,1,wolf,0,0,2,3,1
1,mixed_voting_strategy,0,,seed_101_base_1_regime_mixed_voting_strategy_policy_frozen_ml,1,1,3636ee12b35a57bbe8811b59ccf2c37a2bfec25ced6170ee3f51615da6f64f83,seed_101_base_1_regime_mixed_voting_strategy,2,frozen_ml,2,101,1,2,2,2,2,0,1,wolf,0,0,2,3,1
1,mixed_voting_strategy,0,,seed_101_base_1_regime_mixed_voting_strategy_policy_frozen_hybrid_50_50,1,1,3636ee12b35a57bbe8811b59ccf2c37a2bfec25ced6170ee3f51615da6f64f83,seed_101_base_1_regime_mixed_voting_strategy,2,frozen_hybrid_50_50,2,101,0,1,2,2,2,0,1,wolf,0,0,2,3,1
1,mixed_voting_strategy,0,,seed_101_base_1_regime_mixed_voting_strategy_policy_frozen_ml_epsilon_010,1,1,3636ee12b35a57bbe8811b59ccf2c37a2bfec25ced6170ee3f51615da6f64f83,seed_101_base_1_regime_mixed_voting_strategy,2,frozen_ml_epsilon_010,2,101,1,2,2,2,2,0,1,wolf,0,0,2,3,1
1,mixed_wolf_deception_strategy,0,1,seed_101_base_1_regime_mixed_wolf_deception_strategy_policy_existing_rule,1,0,3636ee12b35a57bbe8811b59ccf2c37a2bfec25ced6170ee3f51615da6f64f83,seed_101_base_1_regime_mixed_wolf_deception_strategy,4,existing_rule,4,101,1,3,3,4,4,0,2,wolf,1,1,4,2,1
1,mixed_wolf_deception_strategy,0,1,seed_101_base_1_regime_mixed_wolf_deception_strategy_policy_frozen_ml,1,1,3636ee12b35a57bbe8811b59ccf2c37a2bfec25ced6170ee3f51615da6f64f83,seed_101_base_1_regime_mixed_wolf_deception_strategy,3,frozen_ml,3,101,0,2,2,,3,1,0,village,1,1,3,0,0
1,mixed_wolf_deception_strategy,0,1,seed_101_base_1_regime_mixed_wolf_deception_strategy_policy_frozen_hybrid_50_50,0,0,3636ee12b35a57bbe8811b59ccf2c37a2bfec25ced6170ee3f51615da6f64f83,seed_101_base_1_regime_mixed_wolf_deception_strategy,3,frozen_hybrid_50_50,3,101,0,1,2,,3,1,0,village,1,1,3,0,0
1,mixed_wolf_deception_strategy,0,1,seed_101_base_1_regime_mixed_wolf_deception_strategy_policy_frozen_ml_epsilon_010,1,1,3636ee12b35a57bbe8811b59ccf2c37a2bfec25ced6170ee3f51615da6f64f83,seed_101_base_1_regime_mixed_wolf_deception_strategy,3,frozen_ml_epsilon_010,3,101,0,2,2,,3,1,0,village,1,1,3,0,0
1,baseline_speech_enabled,0,1,seed_102_base_1_regime_baseline_speech_enabled_policy_existing_rule,1,1,3636ee12b35a57bbe8811b59ccf2c37a2bfec25ced6170ee3f51615da6f64f83,seed_102_base_1_regime_baseline_speech_enabled,4,existing_rule,4,102,1,3,3,,4,1,1,village,1,1,4,0,0
1,baseline_speech_enabled,0,1,seed_102_base_1_regime_baseline_speech_enabled_policy_frozen_ml,1,1,3636ee12b35a57bbe8811b59ccf2c37a2bfec25ced6170ee3f51615da6f64f83,seed_102_base_1_regime_baseline_speech_enabled,4,frozen_ml,4,102,0,1,3,4,4,0,2,wolf,0,1,4,1,1
1,baseline_speech_enabled,0,1,seed_102_base_1_regime_baseline_speech_enabled_policy_frozen_hybrid_50_50,1,1,3636ee12b35a57bbe8811b59ccf2c37a2bfec25ced6170ee3f51615da6f64f83,seed_102_base_1_regime_baseline_speech_enabled,4,frozen_hybrid_50_50,4,102,0,1,3,,4,1,2,village,0,1,4,0,0
1,baseline_speech_enabled,0,1,seed_102_base_1_regime_baseline_speech_enabled_policy_frozen_ml_epsilon_010,1,1,3636ee12b35a57bbe8811b59ccf2c37a2bfec25ced6170ee3f51615da6f64f83,seed_102_base_1_regime_baseline_speech_enabled,4,frozen_ml_epsilon_010,4,102,0,1,3,4,4,0,2,wolf,0,1,4,1,1
1,speech_disabled,0,2,seed_102_base_1_regime_speech_disabled_policy_existing_rule,1,1,3636ee12b35a57bbe8811b59ccf2c37a2bfec25ced6170ee3f51615da6f64f83,seed_102_base_1_regime_speech_disabled,3,existing_rule,3,102,0,2,2,,3,1,1,village,1,1,3,0,0
1,speech_disabled,0,2,seed_102_base_1_regime_speech_disabled_policy_frozen_ml,1,1,3636ee12b35a57bbe8811b59ccf2c37a2bfec25ced6170ee3f51615da6f64f83,seed_102_base_1_regime_speech_disabled,3,frozen_ml,3,102,0,1,2,,3,1,1,village,0,1,3,0,0
1,speech_disabled,0,2,seed_102_base_1_regime_speech_disabled_policy_frozen_hybrid_50_50,1,1,3636ee12b35a57bbe8811b59ccf2c37a2bfec25ced6170ee3f51615da6f64f83,seed_102_base_1_regime_speech_disabled,2,frozen_hybrid_50_50,2,102,0,1,1,,2,1,1,village,0,1,2,0,0
1,speech_disabled,0,2,seed_102_base_1_regime_speech_disabled_policy_frozen_ml_epsilon_010,0,0,3636ee12b35a57bbe8811b59ccf2c37a2bfec25ced6170ee3f51615da6f64f83,seed_102_base_1_regime_speech_disabled,3,frozen_ml_epsilon_010,3,102,0,0,2,,3,1,1,village,0,1,3,0,0
1,herding_enabled,0,1,seed_102_base_1_regime_herding_enabled_policy_existing_rule,1,1,3636ee12b35a57bbe8811b59ccf2c37a2bfec25ced6170ee3f51615da6f64f83,seed_102_base_1_regime_herding_enabled,4,existing_rule,4,102,1,2,3,,4,1,2,village,0,1,4,0,0
1,herding_enabled,0,1,seed_102_base_1_regime_herding_enabled_policy_frozen_ml,0,1,3636ee12b35a57bbe8811b59ccf2c37a2bfec25ced6170ee3f51615da6f64f83,seed_102_base_1_regime_herding_enabled,4,frozen_ml,4,102,1,1,3,,4,1,2,village,0,1,4,0,0
1,herding_enabled,0,1,seed_102_base_1_regime_herding_enabled_policy_frozen_hybrid_50_50,0,0,3636ee12b35a57bbe8811b59ccf2c37a2bfec25ced6170ee3f51615da6f64f83,seed_102_base_1_regime_herding_enabled,4,frozen_hybrid_50_50,4,102,1,2,3,,4,1,1,village,1,1,4,0,0
1,herding_enabled,0,1,seed_102_base_1_regime_herding_enabled_policy_frozen_ml_epsilon_010,0,1,3636ee12b35a57bbe8811b59ccf2c37a2bfec25ced6170ee3f51615da6f64f83,seed_102_base_1_regime_herding_enabled,4,frozen_ml_epsilon_010,4,102,1,1,3,,4,1,2,village,0,1,4,0,0
1,deception_enabled,0,1,seed_102_base_1_regime_deception_enabled_policy_existing_rule,1,1,3636ee12b35a57bbe8811b59ccf2c37a2bfec25ced6170ee3f51615da6f64f83,seed_102_base_1_regime_deception_enabled,4,existing_rule,4,102,1,3,3,,4,1,2,village,1,1,4,0,0
1,deception_enabled,0,1,seed_102_base_1_regime_deception_enabled_policy_frozen_ml,0,0,3636ee12b35a57bbe8811b59ccf2c37a2bfec25ced6170ee3f51615da6f64f83,seed_102_base_1_regime_deception_enabled,3,frozen_ml,3,102,0,1,3,,3,1,0,village,1,0,3,0,0
1,deception_enabled,0,1,seed_102_base_1_regime_deception_enabled_policy_frozen_hybrid_50_50,0,0,3636ee12b35a57bbe8811b59ccf2c37a2bfec25ced6170ee3f51615da6f64f83,seed_102_base_1_regime_deception_enabled,4,frozen_hybrid_50_50,4,102,0,1,4,,4,1,1,village,1,0,4,0,0
1,deception_enabled,0,1,seed_102_base_1_regime_deception_enabled_policy_frozen_ml_epsilon_010,0,0,3636ee12b35a57bbe8811b59ccf2c37a2bfec25ced6170ee3f51615da6f64f83,seed_102_base_1_regime_deception_enabled,3,frozen_ml_epsilon_010,3,102,0,1,3,,3,1,0,village,1,0,3,0,0
1,heterogeneous_risk_preference,0,1,seed_102_base_1_regime_heterogeneous_risk_preference_policy_existing_rule,0,1,3636ee12b35a57bbe8811b59ccf2c37a2bfec25ced6170ee3f51615da6f64f83,seed_102_base_1_regime_heterogeneous_risk_preference,4,existing_rule,4,102,1,2,3,4,4,0,3,wolf,1,1,4,1,1
1,heterogeneous_risk_preference,0,1,seed_102_base_1_regime_heterogeneous_risk_preference_policy_frozen_ml,0,1,3636ee12b35a57bbe8811b59ccf2c37a2bfec25ced6170ee3f51615da6f64f83,seed_102_base_1_regime_heterogeneous_risk_preference,2,frozen_ml,2,102,0,0,2,2,2,0,2,wolf,0,0,2,2,1
1,heterogeneous_risk_preference,0,1,seed_102_base_1_regime_heterogeneous_risk_preference_policy_frozen_hybrid_50_50,0,1,3636ee12b35a57bbe8811b59ccf2c37a2bfec25ced6170ee3f51615da6f64f83,seed_102_base_1_regime_heterogeneous_risk_preference,2,frozen_hybrid_50_50,2,102,0,1,2,2,2,0,2,wolf,1,0,2,2,1
1,heterogeneous_risk_preference,0,1,seed_102_base_1_regime_heterogeneous_risk_preference_policy_frozen_ml_epsilon_010,0,1,3636ee12b35a57bbe8811b59ccf2c37a2bfec25ced6170ee3f51615da6f64f83,seed_102_base_1_regime_heterogeneous_risk_preference,2,frozen_ml_epsilon_010,2,102,0,0,2,2,2,0,2,wolf,0,0,2,2,1
1,strong_village_information,0,1,seed_102_base_1_regime_strong_village_information_policy_existing_rule,1,1,3636ee12b35a57bbe8811b59ccf2c37a2bfec25ced6170ee3f51615da6f64f83,seed_102_base_1_regime_strong_village_information,4,existing_rule,4,102,1,3,3,,4,1,2,village,1,1,4,0,0
1,strong_village_information,0,1,seed_102_base_1_regime_strong_village_information_policy_frozen_ml,1,1,3636ee12b35a57bbe8811b59ccf2c37a2bfec25ced6170ee3f51615da6f64f83,seed_102_base_1_regime_strong_village_information,4,frozen_ml,4,102,0,2,3,4,4,0,3,wolf,1,1,4,1,1
1,strong_village_information,0,1,seed_102_base_1_regime_strong_village_information_policy_frozen_hybrid_50_50,1,1,3636ee12b35a57bbe8811b59ccf2c37a2bfec25ced6170ee3f51615da6f64f83,seed_102_base_1_regime_strong_village_information,3,frozen_hybrid_50_50,3,102,0,1,2,,3,1,1,village,0,1,3,0,0
1,strong_village_information,0,1,seed_102_base_1_regime_strong_village_information_policy_frozen_ml_epsilon_010,1,1,3636ee12b35a57bbe8811b59ccf2c37a2bfec25ced6170ee3f51615da6f64f83,seed_102_base_1_regime_strong_village_information,4,frozen_ml_epsilon_010,4,102,0,2,3,4,4,0,3,wolf,1,1,4,1,1
1,weak_village_information,0,2,seed_102_base_1_regime_weak_village_information_policy_existing_rule,1,1,3636ee12b35a57bbe8811b59ccf2c37a2bfec25ced6170ee3f51615da6f64f83,seed_102_base_1_regime_weak_village_information,3,existing_rule,3,102,1,3,3,3,3,0,1,wolf,1,0,3,2,1
1,weak_village_information,0,2,seed_102_base_1_regime_weak_village_information_policy_frozen_ml,1,1,3636ee12b35a57bbe8811b59ccf2c37a2bfec25ced6170ee3f51615da6f64f83,seed_102_base_1_regime_weak_village_information,3,frozen_ml,3,102,1,3,3,3,3,0,1,wolf,1,0,3,2,1
1,weak_village_information,0,2,seed_102_base_1_regime_weak_village_information_policy_frozen_hybrid_50_50,1,1,3636ee12b35a57bbe8811b59ccf2c37a2bfec25ced6170ee3f51615da6f64f83,seed_102_base_1_regime_weak_village_information,3,frozen_hybrid_50_50,3,102,1,2,3,3,3,0,2,wolf,0,0,3,2,1
1,weak_village_information,0,2,seed_102_base_1_regime_weak_village_information_policy_frozen_ml_epsilon_010,1,1,3636ee12b35a57bbe8811b59ccf2c37a2bfec25ced6170ee3f51615da6f64f83,seed_102_base_1_regime_weak_village_information,3,frozen_ml_epsilon_010,3,102,1,3,3,3,3,0,1,wolf,1,0,3,2,1
1,mixed_seer_strategy,0,2,seed_102_base_1_regime_mixed_seer_strategy_policy_existing_rule,0,1,3636ee12b35a57bbe8811b59ccf2c37a2bfec25ced6170ee3f51615da6f64f83,seed_102_base_1_regime_mixed_seer_strategy,4,existing_rule,4,102,1,2,3,4,4,0,2,wolf,1,1,4,1,1
1,mixed_seer_strategy,0,2,seed_102_base_1_regime_mixed_seer_strategy_policy_frozen_ml,0,0,3636ee12b35a57bbe8811b59ccf2c37a2bfec25ced6170ee3f51615da6f64f83,seed_102_base_1_regime_mixed_seer_strategy,4,frozen_ml,4,102,1,1,3,4,4,0,3,wolf,0,1,4,1,1
1,mixed_seer_strategy,0,2,seed_102_base_1_regime_mixed_seer_strategy_policy_frozen_hybrid_50_50,0,0,3636ee12b35a57bbe8811b59ccf2c37a2bfec25ced6170ee3f51615da6f64f83,seed_102_base_1_regime_mixed_seer_strategy,4,frozen_hybrid_50_50,4,102,1,1,3,,4,1,2,village,0,1,4,0,0
1,mixed_seer_strategy,0,2,seed_102_base_1_regime_mixed_seer_strategy_policy_frozen_ml_epsilon_010,0,0,3636ee12b35a57bbe8811b59ccf2c37a2bfec25ced6170ee3f51615da6f64f83,seed_102_base_1_regime_mixed_seer_strategy,4,frozen_ml_epsilon_010,4,102,1,1,3,4,4,0,3,wolf,0,1,4,1,1
1,mixed_voting_strategy,0,1,seed_102_base_1_regime_mixed_voting_strategy_policy_existing_rule,0,0,3636ee12b35a57bbe8811b59ccf2c37a2bfec25ced6170ee3f51615da6f64f83,seed_102_base_1_regime_mixed_voting_strategy,3,existing_rule,3,102,1,2,2,3,3,0,3,wolf,1,1,3,2,1
1,mixed_voting_strategy,0,1,seed_102_base_1_regime_mixed_voting_strategy_policy_frozen_ml,0,0,3636ee12b35a57bbe8811b59ccf2c37a2bfec25ced6170ee3f51615da6f64f83,seed_102_base_1_regime_mixed_voting_strategy,4,frozen_ml,4,102,1,2,3,,4,1,2,village,1,1,4,0,0
1,mixed_voting_strategy,0,1,seed_102_base_1_regime_mixed_voting_strategy_policy_frozen_hybrid_50_50,0,0,3636ee12b35a57bbe8811b59ccf2c37a2bfec25ced6170ee3f51615da6f64f83,seed_102_base_1_regime_mixed_voting_strategy,3,frozen_hybrid_50_50,3,102,1,2,2,3,3,0,3,wolf,1,1,3,2,1
1,mixed_voting_strategy,0,1,seed_102_base_1_regime_mixed_voting_strategy_policy_frozen_ml_epsilon_010,0,0,3636ee12b35a57bbe8811b59ccf2c37a2bfec25ced6170ee3f51615da6f64f83,seed_102_base_1_regime_mixed_voting_strategy,3,frozen_ml_epsilon_010,3,102,1,1,2,3,3,0,3,wolf,0,1,3,2,1
1,mixed_wolf_deception_strategy,0,,seed_102_base_1_regime_mixed_wolf_deception_strategy_policy_existing_rule,0,1,3636ee12b35a57bbe8811b59ccf2c37a2bfec25ced6170ee3f51615da6f64f83,seed_102_base_1_regime_mixed_wolf_deception_strategy,2,existing_rule,2,102,1,1,1,2,2,0,2,wolf,0,1,2,3,1
1,mixed_wolf_deception_strategy,0,,seed_102_base_1_regime_mixed_wolf_deception_strategy_policy_frozen_ml,0,1,3636ee12b35a57bbe8811b59ccf2c37a2bfec25ced6170ee3f51615da6f64f83,seed_102_base_1_regime_mixed_wolf_deception_strategy,2,frozen_ml,2,102,0,0,1,2,2,0,2,wolf,0,1,2,3,1
1,mixed_wolf_deception_strategy,0,,seed_102_base_1_regime_mixed_wolf_deception_strategy_policy_frozen_hybrid_50_50,0,1,3636ee12b35a57bbe8811b59ccf2c37a2bfec25ced6170ee3f51615da6f64f83,seed_102_base_1_regime_mixed_wolf_deception_strategy,2,frozen_hybrid_50_50,2,102,0,0,1,2,2,0,2,wolf,0,1,2,3,1
1,mixed_wolf_deception_strategy,0,,seed_102_base_1_regime_mixed_wolf_deception_strategy_policy_frozen_ml_epsilon_010,0,1,3636ee12b35a57bbe8811b59ccf2c37a2bfec25ced6170ee3f51615da6f64f83,seed_102_base_1_regime_mixed_wolf_deception_strategy,2,frozen_ml_epsilon_010,2,102,0,0,1,2,2,0,2,wolf,0,1,2,3,1
1,baseline_speech_enabled,0,1,seed_103_base_1_regime_baseline_speech_enabled_policy_existing_rule,1,1,3636ee12b35a57bbe8811b59ccf2c37a2bfec25ced6170ee3f51615da6f64f83,seed_103_base_1_regime_baseline_speech_enabled,4,existing_rule,4,103,1,3,3,4,4,0,2,wolf,1,1,4,1,1
1,baseline_speech_enabled,0,1,seed_103_base_1_regime_baseline_speech_enabled_policy_frozen_ml,1,1,3636ee12b35a57bbe8811b59ccf2c37a2bfec25ced6170ee3f51615da6f64f83,seed_103_base_1_regime_baseline_speech_enabled,4,frozen_ml,4,103,1,2,3,,4,1,2,village,0,1,4,0,0
1,baseline_speech_enabled,0,1,seed_103_base_1_regime_baseline_speech_enabled_policy_frozen_hybrid_50_50,1,1,3636ee12b35a57bbe8811b59ccf2c37a2bfec25ced6170ee3f51615da6f64f83,seed_103_base_1_regime_baseline_speech_enabled,4,frozen_hybrid_50_50,4,103,1,2,3,4,4,0,2,wolf,0,1,4,1,1
1,baseline_speech_enabled,0,1,seed_103_base_1_regime_baseline_speech_enabled_policy_frozen_ml_epsilon_010,1,1,3636ee12b35a57bbe8811b59ccf2c37a2bfec25ced6170ee3f51615da6f64f83,seed_103_base_1_regime_baseline_speech_enabled,4,frozen_ml_epsilon_010,4,103,1,2,3,,4,1,2,village,0,1,4,0,0
1,speech_disabled,0,1,seed_103_base_1_regime_speech_disabled_policy_existing_rule,0,1,3636ee12b35a57bbe8811b59ccf2c37a2bfec25ced6170ee3f51615da6f64f83,seed_103_base_1_regime_speech_disabled,4,existing_rule,4,103,1,2,3,4,4,0,3,wolf,1,1,4,1,1
1,speech_disabled,0,,seed_103_base_1_regime_speech_disabled_policy_frozen_ml,0,0,3636ee12b35a57bbe8811b59ccf2c37a2bfec25ced6170ee3f51615da6f64f83,seed_103_base_1_regime_speech_disabled,3,frozen_ml,3,103,0,0,2,3,3,0,2,wolf,0,1,3,3,1
1,speech_disabled,0,,seed_103_base_1_regime_speech_disabled_policy_frozen_hybrid_50_50,0,0,3636ee12b35a57bbe8811b59ccf2c37a2bfec25ced6170ee3f51615da6f64f83,seed_103_base_1_regime_speech_disabled,3,frozen_hybrid_50_50,3,103,1,1,2,3,3,0,2,wolf,0,1,3,3,1
1,speech_disabled,0,,seed_103_base_1_regime_speech_disabled_policy_frozen_ml_epsilon_010,0,0,3636ee12b35a57bbe8811b59ccf2c37a2bfec25ced6170ee3f51615da6f64f83,seed_103_base_1_regime_speech_disabled,3,frozen_ml_epsilon_010,3,103,0,0,2,3,3,0,2,wolf,0,1,3,3,1
1,herding_enabled,0,1,seed_103_base_1_regime_herding_enabled_policy_existing_rule,0,0,3636ee12b35a57bbe8811b59ccf2c37a2bfec25ced6170ee3f51615da6f64f83,seed_103_base_1_regime_herding_enabled,3,existing_rule,3,103,1,2,2,,3,1,0,village,1,1,3,0,0
1,herding_enabled,0,1,seed_103_base_1_regime_herding_enabled_policy_frozen_ml,0,0,3636ee12b35a57bbe8811b59ccf2c37a2bfec25ced6170ee3f51615da6f64f83,seed_103_base_1_regime_herding_enabled,4,frozen_ml,4,103,0,1,3,4,4,0,2,wolf,1,1,4,2,1
1,herding_enabled,0,1,seed_103_base_1_regime_herding_enabled_policy_frozen_hybrid_50_50,0,0,3636ee12b35a57bbe8811b59ccf2c37a2bfec25ced6170ee3f51615da6f64f83,seed_103_base_1_regime_herding_enabled,4,frozen_hybrid_50_50,4,103,0,1,3,,4,1,1,village,1,1,4,0,0
1,herding_enabled,0,1,seed_103_base_1_regime_herding_enabled_policy_frozen_ml_epsilon_010,0,0,3636ee12b35a57bbe8811b59ccf2c37a2bfec25ced6170ee3f51615da6f64f83,seed_103_base_1_regime_herding_enabled,4,frozen_ml_epsilon_010,4,103,1,1,3,4,4,0,2,wolf,0,1,4,2,1
1,deception_enabled,0,1,seed_103_base_1_regime_deception_enabled_policy_existing_rule,0,0,3636ee12b35a57bbe8811b59ccf2c37a2bfec25ced6170ee3f51615da6f64f83,seed_103_base_1_regime_deception_enabled,3,existing_rule,3,103,1,2,2,,3,1,0,village,1,1,3,0,0
1,deception_enabled,0,1,seed_103_base_1_regime_deception_enabled_policy_frozen_ml,1,1,3636ee12b35a57bbe8811b59ccf2c37a2bfec25ced6170ee3f51615da6f64f83,seed_103_base_1_regime_deception_enabled,3,frozen_ml,3,103,0,1,2,,3,1,0,village,0,1,3,0,0
1,deception_enabled,0,1,seed_103_base_1_regime_deception_enabled_policy_frozen_hybrid_50_50,0,1,3636ee12b35a57bbe8811b59ccf2c37a2bfec25ced6170ee3f51615da6f64f83,seed_103_base_1_regime_deception_enabled,4,frozen_hybrid_50_50,4,103,0,0,3,4,4,0,1,wolf,0,1,4,1,1
1,deception_enabled,0,1,seed_103_base_1_regime_deception_enabled_policy_frozen_ml_epsilon_010,1,1,3636ee12b35a57bbe8811b59ccf2c37a2bfec25ced6170ee3f51615da6f64f83,seed_103_base_1_regime_deception_enabled,3,frozen_ml_epsilon_010,3,103,0,1,2,,3,1,0,village,0,1,3,0,0
1,heterogeneous_risk_preference,0,,seed_103_base_1_regime_heterogeneous_risk_preference_policy_existing_rule,0,0,3636ee12b35a57bbe8811b59ccf2c37a2bfec25ced6170ee3f51615da6f64f83,seed_103_base_1_regime_heterogeneous_risk_preference,2,existing_rule,2,103,1,1,1,2,2,0,2,wolf,0,1,2,3,1
1,heterogeneous_risk_preference,0,,seed_103_base_1_regime_heterogeneous_risk_preference_policy_frozen_ml,0,0,3636ee12b35a57bbe8811b59ccf2c37a2bfec25ced6170ee3f51615da6f64f83,seed_103_base_1_regime_heterogeneous_risk_preference,2,frozen_ml,2,103,0,0,1,2,2,0,2,wolf,0,1,2,3,1
1,heterogeneous_risk_preference,0,,seed_103_base_1_regime_heterogeneous_risk_preference_policy_frozen_hybrid_50_50,0,0,3636ee12b35a57bbe8811b59ccf2c37a2bfec25ced6170ee3f51615da6f64f83,seed_103_base_1_regime_heterogeneous_risk_preference,2,frozen_hybrid_50_50,2,103,0,0,1,2,2,0,2,wolf,0,1,2,3,1
1,heterogeneous_risk_preference,0,,seed_103_base_1_regime_heterogeneous_risk_preference_policy_frozen_ml_epsilon_010,0,0,3636ee12b35a57bbe8811b59ccf2c37a2bfec25ced6170ee3f51615da6f64f83,seed_103_base_1_regime_heterogeneous_risk_preference,2,frozen_ml_epsilon_010,2,103,0,0,1,2,2,0,2,wolf,0,1,2,3,1
1,strong_village_information,0,2,seed_103_base_1_regime_strong_village_information_policy_existing_rule,0,1,3636ee12b35a57bbe8811b59ccf2c37a2bfec25ced6170ee3f51615da6f64f83,seed_103_base_1_regime_strong_village_information,3,existing_rule,3,103,1,2,2,,3,1,2,village,1,1,3,0,0
1,strong_village_information,0,2,seed_103_base_1_regime_strong_village_information_policy_frozen_ml,0,1,3636ee12b35a57bbe8811b59ccf2c37a2bfec25ced6170ee3f51615da6f64f83,seed_103_base_1_regime_strong_village_information,3,frozen_ml,3,103,0,0,2,,3,1,2,village,0,1,3,0,0
1,strong_village_information,0,2,seed_103_base_1_regime_strong_village_information_policy_frozen_hybrid_50_50,0,1,3636ee12b35a57bbe8811b59ccf2c37a2bfec25ced6170ee3f51615da6f64f83,seed_103_base_1_regime_strong_village_information,3,frozen_hybrid_50_50,3,103,0,0,2,3,3,0,2,wolf,0,1,3,2,1
1,strong_village_information,0,2,seed_103_base_1_regime_strong_village_information_policy_frozen_ml_epsilon_010,0,1,3636ee12b35a57bbe8811b59ccf2c37a2bfec25ced6170ee3f51615da6f64f83,seed_103_base_1_regime_strong_village_information,3,frozen_ml_epsilon_010,3,103,0,0,2,,3,1,2,village,0,1,3,0,0
1,weak_village_information,0,,seed_103_base_1_regime_weak_village_information_policy_existing_rule,0,0,3636ee12b35a57bbe8811b59ccf2c37a2bfec25ced6170ee3f51615da6f64f83,seed_103_base_1_regime_weak_village_information,2,existing_rule,2,103,1,2,2,2,2,0,2,wolf,1,0,2,3,1
1,weak_village_information,0,,seed_103_base_1_regime_weak_village_information_policy_frozen_ml,0,0,3636ee12b35a57bbe8811b59ccf2c37a2bfec25ced6170ee3f51615da6f64f83,seed_103_base_1_regime_weak_village_information,2,frozen_ml,2,103,1,1,2,2,2,0,1,wolf,0,0,2,3,1
1,weak_village_information,0,,seed_103_base_1_regime_weak_village_information_policy_frozen_hybrid_50_50,0,0,3636ee12b35a57bbe8811b59ccf2c37a2bfec25ced6170ee3f51615da6f64f83,seed_103_base_1_regime_weak_village_information,2,frozen_hybrid_50_50,2,103,0,0,2,2,2,0,1,wolf,0,0,2,3,1
1,weak_village_information,0,,seed_103_base_1_regime_weak_village_information_policy_frozen_ml_epsilon_010,0,0,3636ee12b35a57bbe8811b59ccf2c37a2bfec25ced6170ee3f51615da6f64f83,seed_103_base_1_regime_weak_village_information,2,frozen_ml_epsilon_010,2,103,1,1,2,2,2,0,1,wolf,0,0,2,3,1
1,mixed_seer_strategy,0,1,seed_103_base_1_regime_mixed_seer_strategy_policy_existing_rule,1,0,3636ee12b35a57bbe8811b59ccf2c37a2bfec25ced6170ee3f51615da6f64f83,seed_103_base_1_regime_mixed_seer_strategy,4,existing_rule,4,103,1,3,3,4,4,0,2,wolf,1,1,4,2,1
1,mixed_seer_strategy,0,2,seed_103_base_1_regime_mixed_seer_strategy_policy_frozen_ml,0,0,3636ee12b35a57bbe8811b59ccf2c37a2bfec25ced6170ee3f51615da6f64f83,seed_103_base_1_regime_mixed_seer_strategy,3,frozen_ml,3,103,0,1,3,3,3,0,2,wolf,1,0,3,2,1
1,mixed_seer_strategy,0,,seed_103_base_1_regime_mixed_seer_strategy_policy_frozen_hybrid_50_50,1,1,3636ee12b35a57bbe8811b59ccf2c37a2bfec25ced6170ee3f51615da6f64f83,seed_103_base_1_regime_mixed_seer_strategy,2,frozen_hybrid_50_50,2,103,0,2,2,2,2,0,1,wolf,1,0,2,3,1
1,mixed_seer_strategy,0,2,seed_103_base_1_regime_mixed_seer_strategy_policy_frozen_ml_epsilon_010,0,0,3636ee12b35a57bbe8811b59ccf2c37a2bfec25ced6170ee3f51615da6f64f83,seed_103_base_1_regime_mixed_seer_strategy,3,frozen_ml_epsilon_010,3,103,0,1,3,3,3,0,2,wolf,1,0,3,2,1
1,mixed_voting_strategy,0,1,seed_103_base_1_regime_mixed_voting_strategy_policy_existing_rule,1,1,3636ee12b35a57bbe8811b59ccf2c37a2bfec25ced6170ee3f51615da6f64f83,seed_103_base_1_regime_mixed_voting_strategy,3,existing_rule,3,103,1,3,3,,3,1,0,village,1,0,3,0,0
1,mixed_voting_strategy,0,,seed_103_base_1_regime_mixed_voting_strategy_policy_frozen_ml,0,0,3636ee12b35a57bbe8811b59ccf2c37a2bfec25ced6170ee3f51615da6f64f83,seed_103_base_1_regime_mixed_voting_strategy,3,frozen_ml,3,103,0,0,2,3,3,0,2,wolf,0,1,3,3,1
1,mixed_voting_strategy,0,,seed_103_base_1_regime_mixed_voting_strategy_policy_frozen_hybrid_50_50,0,0,3636ee12b35a57bbe8811b59ccf2c37a2bfec25ced6170ee3f51615da6f64f83,seed_103_base_1_regime_mixed_voting_strategy,3,frozen_hybrid_50_50,3,103,0,0,2,3,3,0,2,wolf,0,1,3,3,1
1,mixed_voting_strategy,0,,seed_103_base_1_regime_mixed_voting_strategy_policy_frozen_ml_epsilon_010,0,0,3636ee12b35a57bbe8811b59ccf2c37a2bfec25ced6170ee3f51615da6f64f83,seed_103_base_1_regime_mixed_voting_strategy,3,frozen_ml_epsilon_010,3,103,0,0,2,3,3,0,2,wolf,0,1,3,3,1
1,mixed_wolf_deception_strategy,0,2,seed_103_base_1_regime_mixed_wolf_deception_strategy_policy_existing_rule,0,1,3636ee12b35a57bbe8811b59ccf2c37a2bfec25ced6170ee3f51615da6f64f83,seed_103_base_1_regime_mixed_wolf_deception_strategy,4,existing_rule,4,103,1,2,3,4,4,0,3,wolf,1,1,4,1,1
1,mixed_wolf_deception_strategy,0,,seed_103_base_1_regime_mixed_wolf_deception_strategy_policy_frozen_ml,1,1,3636ee12b35a57bbe8811b59ccf2c37a2bfec25ced6170ee3f51615da6f64f83,seed_103_base_1_regime_mixed_wolf_deception_strategy,2,frozen_ml,2,103,0,1,2,2,2,0,1,wolf,0,0,2,3,1
1,mixed_wolf_deception_strategy,0,,seed_103_base_1_regime_mixed_wolf_deception_strategy_policy_frozen_hybrid_50_50,0,1,3636ee12b35a57bbe8811b59ccf2c37a2bfec25ced6170ee3f51615da6f64f83,seed_103_base_1_regime_mixed_wolf_deception_strategy,2,frozen_hybrid_50_50,2,103,0,0,1,2,2,0,2,wolf,0,1,2,3,1
1,mixed_wolf_deception_strategy,0,,seed_103_base_1_regime_mixed_wolf_deception_strategy_policy_frozen_ml_epsilon_010,1,1,3636ee12b35a57bbe8811b59ccf2c37a2bfec25ced6170ee3f51615da6f64f83,seed_103_base_1_regime_mixed_wolf_deception_strategy,2,frozen_ml_epsilon_010,2,103,0,1,2,2,2,0,1,wolf,0,0,2,3,1
1,baseline_speech_enabled,0,1,seed_104_base_1_regime_baseline_speech_enabled_policy_existing_rule,1,1,3636ee12b35a57bbe8811b59ccf2c37a2bfec25ced6170ee3f51615da6f64f83,seed_104_base_1_regime_baseline_speech_enabled,4,existing_rule,4,104,1,3,3,4,4,0,2,wolf,1,1,4,1,1
1,baseline_speech_enabled,0,1,seed_104_base_1_regime_baseline_speech_enabled_policy_frozen_ml,1,1,3636ee12b35a57bbe8811b59ccf2c37a2bfec25ced6170ee3f51615da6f64f83,seed_104_base_1_regime_baseline_speech_enabled,3,frozen_ml,3,104,0,1,2,,3,1,0,village,0,1,3,0,0
1,baseline_speech_enabled,0,1,seed_104_base_1_regime_baseline_speech_enabled_policy_frozen_hybrid_50_50,1,1,3636ee12b35a57bbe8811b59ccf2c37a2bfec25ced6170ee3f51615da6f64f83,seed_104_base_1_regime_baseline_speech_enabled,3,frozen_hybrid_50_50,3,104,0,1,2,,3,1,0,village,0,1,3,0,0
1,baseline_speech_enabled,0,1,seed_104_base_1_regime_baseline_speech_enabled_policy_frozen_ml_epsilon_010,1,1,3636ee12b35a57bbe8811b59ccf2c37a2bfec25ced6170ee3f51615da6f64f83,seed_104_base_1_regime_baseline_speech_enabled,3,frozen_ml_epsilon_010,3,104,0,1,2,,3,1,0,village,0,1,3,0,0
1,speech_disabled,0,1,seed_104_base_1_regime_speech_disabled_policy_existing_rule,1,1,3636ee12b35a57bbe8811b59ccf2c37a2bfec25ced6170ee3f51615da6f64f83,seed_104_base_1_regime_speech_disabled,4,existing_rule,4,104,1,3,3,,4,1,1,village,1,1,4,0,0
1,speech_disabled,0,1,seed_104_base_1_regime_speech_disabled_policy_frozen_ml,0,0,3636ee12b35a57bbe8811b59ccf2c37a2bfec25ced6170ee3f51615da6f64f83,seed_104_base_1_regime_speech_disabled,4,frozen_ml,4,104,1,1,3,,4,1,2,village,0,1,4,0,0
1,speech_disabled,0,1,seed_104_base_1_regime_speech_disabled_policy_frozen_hybrid_50_50,1,1,3636ee12b35a57bbe8811b59ccf2c37a2bfec25ced6170ee3f51615da6f64f83,seed_104_base_1_regime_speech_disabled,4,frozen_hybrid_50_50,4,104,1,2,3,4,4,0,2,wolf,0,1,4,1,1
1,speech_disabled,0,1,seed_104_base_1_regime_speech_disabled_policy_frozen_ml_epsilon_010,0,0,3636ee12b35a57bbe8811b59ccf2c37a2bfec25ced6170ee3f51615da6f64f83,seed_104_base_1_regime_speech_disabled,4,frozen_ml_epsilon_010,4,104,1,1,3,,4,1,2,village,0,1,4,0,0
1,herding_enabled,0,1,seed_104_base_1_regime_herding_enabled_policy_existing_rule,0,1,3636ee12b35a57bbe8811b59ccf2c37a2bfec25ced6170ee3f51615da6f64f83,seed_104_base_1_regime_herding_enabled,3,existing_rule,3,104,1,2,2,,3,1,1,village,1,1,3,0,0
1,herding_enabled,0,1,seed_104_base_1_regime_herding_enabled_policy_frozen_ml,0,1,3636ee12b35a57bbe8811b59ccf2c37a2bfec25ced6170ee3f51615da6f64f83,seed_104_base_1_regime_herding_enabled,4,frozen_ml,4,104,1,2,3,4,4,0,2,wolf,1,1,4,1,1
1,herding_enabled,0,1,seed_104_base_1_regime_herding_enabled_policy_frozen_hybrid_50_50,0,1,3636ee12b35a57bbe8811b59ccf2c37a2bfec25ced6170ee3f51615da6f64f83,seed_104_base_1_regime_herding_enabled,3,frozen_hybrid_50_50,3,104,1,2,2,,3,1,1,village,1,1,3,0,0
1,herding_enabled,0,1,seed_104_base_1_regime_herding_enabled_policy_frozen_ml_epsilon_010,0,1,3636ee12b35a57bbe8811b59ccf2c37a2bfec25ced6170ee3f51615da6f64f83,seed_104_base_1_regime_herding_enabled,4,frozen_ml_epsilon_010,4,104,1,2,3,4,4,0,2,wolf,1,1,4,1,1
1,deception_enabled,0,,seed_104_base_1_regime_deception_enabled_policy_existing_rule,1,1,3636ee12b35a57bbe8811b59ccf2c37a2bfec25ced6170ee3f51615da6f64f83,seed_104_base_1_regime_deception_enabled,2,existing_rule,2,104,1,2,2,2,2,0,1,wolf,0,0,2,3,1
1,deception_enabled,0,,seed_104_base_1_regime_deception_enabled_policy_frozen_ml,1,0,3636ee12b35a57bbe8811b59ccf2c37a2bfec25ced6170ee3f51615da6f64f83,seed_104_base_1_regime_deception_enabled,3,frozen_ml,3,104,0,1,2,3,3,0,2,wolf,0,1,3,3,1
1,deception_enabled,0,,seed_104_base_1_regime_deception_enabled_policy_frozen_hybrid_50_50,1,1,3636ee12b35a57bbe8811b59ccf2c37a2bfec25ced6170ee3f51615da6f64f83,seed_104_base_1_regime_deception_enabled,2,frozen_hybrid_50_50,2,104,0,1,2,2,2,0,1,wolf,0,0,2,3,1
1,deception_enabled,0,,seed_104_base_1_regime_deception_enabled_policy_frozen_ml_epsilon_010,0,0,3636ee12b35a57bbe8811b59ccf2c37a2bfec25ced6170ee3f51615da6f64f83,seed_104_base_1_regime_deception_enabled,3,frozen_ml_epsilon_010,3,104,0,1,2,3,3,0,2,wolf,1,1,3,3,1
1,heterogeneous_risk_preference,0,,seed_104_base_1_regime_heterogeneous_risk_preference_policy_existing_rule,0,1,3636ee12b35a57bbe8811b59ccf2c37a2bfec25ced6170ee3f51615da6f64f83,seed_104_base_1_regime_heterogeneous_risk_preference,2,existing_rule,2,104,1,1,1,2,2,0,2,wolf,0,1,2,3,1
1,heterogeneous_risk_preference,0,,seed_104_base_1_regime_heterogeneous_risk_preference_policy_frozen_ml,0,1,3636ee12b35a57bbe8811b59ccf2c37a2bfec25ced6170ee3f51615da6f64f83,seed_104_base_1_regime_heterogeneous_risk_preference,2,frozen_ml,2,104,0,0,1,2,2,0,2,wolf,0,1,2,3,1
1,heterogeneous_risk_preference,0,2,seed_104_base_1_regime_heterogeneous_risk_preference_policy_frozen_hybrid_50_50,0,1,3636ee12b35a57bbe8811b59ccf2c37a2bfec25ced6170ee3f51615da6f64f83,seed_104_base_1_regime_heterogeneous_risk_preference,4,frozen_hybrid_50_50,4,104,0,0,3,4,4,0,2,wolf,0,1,4,1,1
1,heterogeneous_risk_preference,0,,seed_104_base_1_regime_heterogeneous_risk_preference_policy_frozen_ml_epsilon_010,0,1,3636ee12b35a57bbe8811b59ccf2c37a2bfec25ced6170ee3f51615da6f64f83,seed_104_base_1_regime_heterogeneous_risk_preference,2,frozen_ml_epsilon_010,2,104,0,0,1,2,2,0,2,wolf,0,1,2,3,1
1,strong_village_information,0,2,seed_104_base_1_regime_strong_village_information_policy_existing_rule,1,1,3636ee12b35a57bbe8811b59ccf2c37a2bfec25ced6170ee3f51615da6f64f83,seed_104_base_1_regime_strong_village_information,3,existing_rule,3,104,1,2,2,3,3,0,2,wolf,0,1,3,2,1
1,strong_village_information,0,2,seed_104_base_1_regime_strong_village_information_policy_frozen_ml,1,1,3636ee12b35a57bbe8811b59ccf2c37a2bfec25ced6170ee3f51615da6f64f83,seed_104_base_1_regime_strong_village_information,4,frozen_ml,4,104,0,1,3,,4,1,1,village,0,1,4,0,0
1,strong_village_information,0,,seed_104_base_1_regime_strong_village_information_policy_frozen_hybrid_50_50,1,0,3636ee12b35a57bbe8811b59ccf2c37a2bfec25ced6170ee3f51615da6f64f83,seed_104_base_1_regime_strong_village_information,3,frozen_hybrid_50_50,3,104,0,1,2,3,3,0,2,wolf,0,1,3,3,1
1,strong_village_information,0,2,seed_104_base_1_regime_strong_village_information_policy_frozen_ml_epsilon_010,1,1,3636ee12b35a57bbe8811b59ccf2c37a2bfec25ced6170ee3f51615da6f64f83,seed_104_base_1_regime_strong_village_information,4,frozen_ml_epsilon_010,4,104,0,1,3,,4,1,1,village,0,1,4,0,0
1,weak_village_information,0,1,seed_104_base_1_regime_weak_village_information_policy_existing_rule,1,0,3636ee12b35a57bbe8811b59ccf2c37a2bfec25ced6170ee3f51615da6f64f83,seed_104_base_1_regime_weak_village_information,4,existing_rule,4,104,1,3,3,4,4,0,2,wolf,1,1,4,2,1
1,weak_village_information,0,1,seed_104_base_1_regime_weak_village_information_policy_frozen_ml,0,0,3636ee12b35a57bbe8811b59ccf2c37a2bfec25ced6170ee3f51615da6f64f83,seed_104_base_1_regime_weak_village_information,4,frozen_ml,4,104,1,2,4,,4,1,1,village,1,0,4,0,0
1,weak_village_information,0,1,seed_104_base_1_regime_weak_village_information_policy_frozen_hybrid_50_50,0,1,3636ee12b35a57bbe8811b59ccf2c37a2bfec25ced6170ee3f51615da6f64f83,seed_104_base_1_regime_weak_village_information,3,frozen_hybrid_50_50,3,104,0,0,2,3,3,0,1,wolf,0,1,3,2,1
1,weak_village_information,0,1,seed_104_base_1_regime_weak_village_information_policy_frozen_ml_epsilon_010,0,0,3636ee12b35a57bbe8811b59ccf2c37a2bfec25ced6170ee3f51615da6f64f83,seed_104_base_1_regime_weak_village_information,4,frozen_ml_epsilon_010,4,104,1,2,4,,4,1,1,village,1,0,4,0,0
1,mixed_seer_strategy,0,1,seed_104_base_1_regime_mixed_seer_strategy_policy_existing_rule,0,1,3636ee12b35a57bbe8811b59ccf2c37a2bfec25ced6170ee3f51615da6f64f83,seed_104_base_1_regime_mixed_seer_strategy,3,existing_rule,3,104,1,1,2,3,3,0,2,wolf,0,1,3,2,1
1,mixed_seer_strategy,0,1,seed_104_base_1_regime_mixed_seer_strategy_policy_frozen_ml,1,0,3636ee12b35a57bbe8811b59ccf2c37a2bfec25ced6170ee3f51615da6f64f83,seed_104_base_1_regime_mixed_seer_strategy,4,frozen_ml,4,104,0,1,3,4,4,0,2,wolf,0,1,4,2,1
1,mixed_seer_strategy,0,1,seed_104_base_1_regime_mixed_seer_strategy_policy_frozen_hybrid_50_50,0,1,3636ee12b35a57bbe8811b59ccf2c37a2bfec25ced6170ee3f51615da6f64f83,seed_104_base_1_regime_mixed_seer_strategy,4,frozen_hybrid_50_50,4,104,1,1,3,4,4,0,2,wolf,0,1,4,1,1
1,mixed_seer_strategy,0,1,seed_104_base_1_regime_mixed_seer_strategy_policy_frozen_ml_epsilon_010,1,0,3636ee12b35a57bbe8811b59ccf2c37a2bfec25ced6170ee3f51615da6f64f83,seed_104_base_1_regime_mixed_seer_strategy,4,frozen_ml_epsilon_010,4,104,0,1,3,4,4,0,2,wolf,0,1,4,2,1
1,mixed_voting_strategy,0,2,seed_104_base_1_regime_mixed_voting_strategy_policy_existing_rule,0,1,3636ee12b35a57bbe8811b59ccf2c37a2bfec25ced6170ee3f51615da6f64f83,seed_104_base_1_regime_mixed_voting_strategy,3,existing_rule,3,104,1,2,2,3,3,0,2,wolf,1,1,3,2,1
1,mixed_voting_strategy,0,2,seed_104_base_1_regime_mixed_voting_strategy_policy_frozen_ml,0,1,3636ee12b35a57bbe8811b59ccf2c37a2bfec25ced6170ee3f51615da6f64f83,seed_104_base_1_regime_mixed_voting_strategy,3,frozen_ml,3,104,1,1,2,3,3,0,2,wolf,0,1,3,2,1
1,mixed_voting_strategy,0,2,seed_104_base_1_regime_mixed_voting_strategy_policy_frozen_hybrid_50_50,0,1,3636ee12b35a57bbe8811b59ccf2c37a2bfec25ced6170ee3f51615da6f64f83,seed_104_base_1_regime_mixed_voting_strategy,4,frozen_hybrid_50_50,4,104,0,1,3,4,4,0,3,wolf,1,1,4,1,1
1,mixed_voting_strategy,0,2,seed_104_base_1_regime_mixed_voting_strategy_policy_frozen_ml_epsilon_010,0,1,3636ee12b35a57bbe8811b59ccf2c37a2bfec25ced6170ee3f51615da6f64f83,seed_104_base_1_regime_mixed_voting_strategy,3,frozen_ml_epsilon_010,3,104,1,1,2,3,3,0,2,wolf,0,1,3,2,1
1,mixed_wolf_deception_strategy,0,1,seed_104_base_1_regime_mixed_wolf_deception_strategy_policy_existing_rule,1,1,3636ee12b35a57bbe8811b59ccf2c37a2bfec25ced6170ee3f51615da6f64f83,seed_104_base_1_regime_mixed_wolf_deception_strategy,3,existing_rule,3,104,1,2,2,3,3,0,2,wolf,0,1,3,2,1
1,mixed_wolf_deception_strategy,0,1,seed_104_base_1_regime_mixed_wolf_deception_strategy_policy_frozen_ml,1,1,3636ee12b35a57bbe8811b59ccf2c37a2bfec25ced6170ee3f51615da6f64f83,seed_104_base_1_regime_mixed_wolf_deception_strategy,4,frozen_ml,4,104,0,1,3,,4,1,2,village,0,1,4,0,0
1,mixed_wolf_deception_strategy,0,1,seed_104_base_1_regime_mixed_wolf_deception_strategy_policy_frozen_hybrid_50_50,1,1,3636ee12b35a57bbe8811b59ccf2c37a2bfec25ced6170ee3f51615da6f64f83,seed_104_base_1_regime_mixed_wolf_deception_strategy,3,frozen_hybrid_50_50,3,104,0,1,2,,3,1,1,village,0,1,3,0,0
1,mixed_wolf_deception_strategy,0,1,seed_104_base_1_regime_mixed_wolf_deception_strategy_policy_frozen_ml_epsilon_010,0,0,3636ee12b35a57bbe8811b59ccf2c37a2bfec25ced6170ee3f51615da6f64f83,seed_104_base_1_regime_mixed_wolf_deception_strategy,4,frozen_ml_epsilon_010,4,104,0,1,3,,4,1,1,village,1,1,4,0,0
1,baseline_speech_enabled,0,1,seed_105_base_1_regime_baseline_speech_enabled_policy_existing_rule,1,1,3636ee12b35a57bbe8811b59ccf2c37a2bfec25ced6170ee3f51615da6f64f83,seed_105_base_1_regime_baseline_speech_enabled,4,existing_rule,4,105,1,3,3,4,4,0,2,wolf,1,1,4,1,1
1,baseline_speech_enabled,0,1,seed_105_base_1_regime_baseline_speech_enabled_policy_frozen_ml,0,0,3636ee12b35a57bbe8811b59ccf2c37a2bfec25ced6170ee3f51615da6f64f83,seed_105_base_1_regime_baseline_speech_enabled,3,frozen_ml,3,105,0,1,2,,3,1,0,village,1,1,3,0,0
1,baseline_speech_enabled,0,1,seed_105_base_1_regime_baseline_speech_enabled_policy_frozen_hybrid_50_50,0,0,3636ee12b35a57bbe8811b59ccf2c37a2bfec25ced6170ee3f51615da6f64f83,seed_105_base_1_regime_baseline_speech_enabled,3,frozen_hybrid_50_50,3,105,1,1,2,,3,1,0,village,0,1,3,0,0
1,baseline_speech_enabled,0,1,seed_105_base_1_regime_baseline_speech_enabled_policy_frozen_ml_epsilon_010,0,0,3636ee12b35a57bbe8811b59ccf2c37a2bfec25ced6170ee3f51615da6f64f83,seed_105_base_1_regime_baseline_speech_enabled,3,frozen_ml_epsilon_010,3,105,0,1,2,,3,1,0,village,1,1,3,0,0
1,speech_disabled,0,2,seed_105_base_1_regime_speech_disabled_policy_existing_rule,1,1,3636ee12b35a57bbe8811b59ccf2c37a2bfec25ced6170ee3f51615da6f64f83,seed_105_base_1_regime_speech_disabled,4,existing_rule,4,105,1,3,3,4,4,0,1,wolf,1,1,4,1,1
1,speech_disabled,0,2,seed_105_base_1_regime_speech_disabled_policy_frozen_ml,1,1,3636ee12b35a57bbe8811b59ccf2c37a2bfec25ced6170ee3f51615da6f64f83,seed_105_base_1_regime_speech_disabled,4,frozen_ml,4,105,0,2,3,4,4,0,2,wolf,1,1,4,1,1
1,speech_disabled,0,2,seed_105_base_1_regime_speech_disabled_policy_frozen_hybrid_50_50,1,1,3636ee12b35a57bbe8811b59ccf2c37a2bfec25ced6170ee3f51615da6f64f83,seed_105_base_1_regime_speech_disabled,4,frozen_hybrid_50_50,4,105,0,1,3,4,4,0,2,wolf,0,1,4,1,1
1,speech_disabled,0,2,seed_105_base_1_regime_speech_disabled_policy_frozen_ml_epsilon_010,1,1,3636ee12b35a57bbe8811b59ccf2c37a2bfec25ced6170ee3f51615da6f64f83,seed_105_base_1_regime_speech_disabled,4,frozen_ml_epsilon_010,4,105,0,2,3,4,4,0,2,wolf,1,1,4,1,1
1,herding_enabled,0,,seed_105_base_1_regime_herding_enabled_policy_existing_rule,0,1,3636ee12b35a57bbe8811b59ccf2c37a2bfec25ced6170ee3f51615da6f64f83,seed_105_base_1_regime_herding_enabled,2,existing_rule,2,105,0,1,1,2,2,0,2,wolf,1,1,2,3,1
1,herding_enabled,0,2,seed_105_base_1_regime_herding_enabled_policy_frozen_ml,1,1,3636ee12b35a57bbe8811b59ccf2c37a2bfec25ced6170ee3f51615da6f64f83,seed_105_base_1_regime_herding_enabled,3,frozen_ml,3,105,0,1,2,,3,1,2,village,0,1,3,0,0
1,herding_enabled,0,2,seed_105_base_1_regime_herding_enabled_policy_frozen_hybrid_50_50,0,1,3636ee12b35a57bbe8811b59ccf2c37a2bfec25ced6170ee3f51615da6f64f83,seed_105_base_1_regime_herding_enabled,4,frozen_hybrid_50_50,4,105,0,0,3,4,4,0,3,wolf,0,1,4,1,1
1,herding_enabled,0,2,seed_105_base_1_regime_herding_enabled_policy_frozen_ml_epsilon_010,1,1,3636ee12b35a57bbe8811b59ccf2c37a2bfec25ced6170ee3f51615da6f64f83,seed_105_base_1_regime_herding_enabled,3,frozen_ml_epsilon_010,3,105,0,1,2,3,3,0,2,wolf,0,1,3,2,1
1,deception_enabled,0,2,seed_105_base_1_regime_deception_enabled_policy_existing_rule,0,1,3636ee12b35a57bbe8811b59ccf2c37a2bfec25ced6170ee3f51615da6f64f83,seed_105_base_1_regime_deception_enabled,3,existing_rule,3,105,1,2,2,3,3,0,2,wolf,1,1,3,2,1
1,deception_enabled,0,2,seed_105_base_1_regime_deception_enabled_policy_frozen_ml,0,1,3636ee12b35a57bbe8811b59ccf2c37a2bfec25ced6170ee3f51615da6f64f83,seed_105_base_1_regime_deception_enabled,4,frozen_ml,4,105,0,1,3,,4,1,2,village,1,1,4,0,0
1,deception_enabled,0,2,seed_105_base_1_regime_deception_enabled_policy_frozen_hybrid_50_50,1,1,3636ee12b35a57bbe8811b59ccf2c37a2bfec25ced6170ee3f51615da6f64f83,seed_105_base_1_regime_deception_enabled,3,frozen_hybrid_50_50,3,105,0,2,2,,3,1,1,village,1,1,3,0,0
1,deception_enabled,0,2,seed_105_base_1_regime_deception_enabled_policy_frozen_ml_epsilon_010,0,1,3636ee12b35a57bbe8811b59ccf2c37a2bfec25ced6170ee3f51615da6f64f83,seed_105_base_1_regime_deception_enabled,4,frozen_ml_epsilon_010,4,105,0,1,3,,4,1,2,village,1,1,4,0,0
1,heterogeneous_risk_preference,0,2,seed_105_base_1_regime_heterogeneous_risk_preference_policy_existing_rule,1,1,3636ee12b35a57bbe8811b59ccf2c37a2bfec25ced6170ee3f51615da6f64f83,seed_105_base_1_regime_heterogeneous_risk_preference,3,existing_rule,3,105,1,2,2,,3,1,1,village,0,1,3,0,0
1,heterogeneous_risk_preference,0,2,seed_105_base_1_regime_heterogeneous_risk_preference_policy_frozen_ml,0,0,3636ee12b35a57bbe8811b59ccf2c37a2bfec25ced6170ee3f51615da6f64f83,seed_105_base_1_regime_heterogeneous_risk_preference,4,frozen_ml,4,105,1,1,3,,4,1,1,village,0,1,4,0,0
1,heterogeneous_risk_preference,0,2,seed_105_base_1_regime_heterogeneous_risk_preference_policy_frozen_hybrid_50_50,0,0,3636ee12b35a57bbe8811b59ccf2c37a2bfec25ced6170ee3f51615da6f64f83,seed_105_base_1_regime_heterogeneous_risk_preference,4,frozen_hybrid_50_50,4,105,1,1,3,,4,1,1,village,0,1,4,0,0
1,heterogeneous_risk_preference,0,2,seed_105_base_1_regime_heterogeneous_risk_preference_policy_frozen_ml_epsilon_010,0,0,3636ee12b35a57bbe8811b59ccf2c37a2bfec25ced6170ee3f51615da6f64f83,seed_105_base_1_regime_heterogeneous_risk_preference,4,frozen_ml_epsilon_010,4,105,0,0,3,,4,1,1,village,0,1,4,0,0
1,strong_village_information,0,2,seed_105_base_1_regime_strong_village_information_policy_existing_rule,0,1,3636ee12b35a57bbe8811b59ccf2c37a2bfec25ced6170ee3f51615da6f64f83,seed_105_base_1_regime_strong_village_information,3,existing_rule,3,105,0,1,2,3,3,0,2,wolf,1,1,3,2,1
1,strong_village_information,0,2,seed_105_base_1_regime_strong_village_information_policy_frozen_ml,0,1,3636ee12b35a57bbe8811b59ccf2c37a2bfec25ced6170ee3f51615da6f64f83,seed_105_base_1_regime_strong_village_information,3,frozen_ml,3,105,0,1,2,3,3,0,2,wolf,1,1,3,2,1
1,strong_village_information,0,2,seed_105_base_1_regime_strong_village_information_policy_frozen_hybrid_50_50,0,1,3636ee12b35a57bbe8811b59ccf2c37a2bfec25ced6170ee3f51615da6f64f83,seed_105_base_1_regime_strong_village_information,4,frozen_hybrid_50_50,4,105,0,1,3,4,4,0,2,wolf,1,1,4,1,1
1,strong_village_information,0,2,seed_105_base_1_regime_strong_village_information_policy_frozen_ml_epsilon_010,0,1,3636ee12b35a57bbe8811b59ccf2c37a2bfec25ced6170ee3f51615da6f64f83,seed_105_base_1_regime_strong_village_information,3,frozen_ml_epsilon_010,3,105,0,1,2,3,3,0,2,wolf,1,1,3,2,1
1,weak_village_information,0,,seed_105_base_1_regime_weak_village_information_policy_existing_rule,0,1,3636ee12b35a57bbe8811b59ccf2c37a2bfec25ced6170ee3f51615da6f64f83,seed_105_base_1_regime_weak_village_information,2,existing_rule,2,105,0,1,1,2,2,0,2,wolf,1,1,2,3,1
1,weak_village_information,0,2,seed_105_base_1_regime_weak_village_information_policy_frozen_ml,1,1,3636ee12b35a57bbe8811b59ccf2c37a2bfec25ced6170ee3f51615da6f64f83,seed_105_base_1_regime_weak_village_information,3,frozen_ml,3,105,0,1,2,3,3,0,2,wolf,0,1,3,2,1
1,weak_village_information,0,2,seed_105_base_1_regime_weak_village_information_policy_frozen_hybrid_50_50,1,1,3636ee12b35a57bbe8811b59ccf2c37a2bfec25ced6170ee3f51615da6f64f83,seed_105_base_1_regime_weak_village_information,3,frozen_hybrid_50_50,3,105,0,1,2,3,3,0,2,wolf,0,1,3,2,1
1,weak_village_information,0,2,seed_105_base_1_regime_weak_village_information_policy_frozen_ml_epsilon_010,1,1,3636ee12b35a57bbe8811b59ccf2c37a2bfec25ced6170ee3f51615da6f64f83,seed_105_base_1_regime_weak_village_information,3,frozen_ml_epsilon_010,3,105,0,1,2,3,3,0,2,wolf,0,1,3,2,1
1,mixed_seer_strategy,0,2,seed_105_base_1_regime_mixed_seer_strategy_policy_existing_rule,1,1,3636ee12b35a57bbe8811b59ccf2c37a2bfec25ced6170ee3f51615da6f64f83,seed_105_base_1_regime_mixed_seer_strategy,3,existing_rule,3,105,0,2,2,,3,1,1,village,1,1,3,0,0
1,mixed_seer_strategy,0,2,seed_105_base_1_regime_mixed_seer_strategy_policy_frozen_ml,1,0,3636ee12b35a57bbe8811b59ccf2c37a2bfec25ced6170ee3f51615da6f64f83,seed_105_base_1_regime_mixed_seer_strategy,5,frozen_ml,5,105,0,2,4,5,5,0,2,wolf,1,1,5,1,1
1,mixed_seer_strategy,0,2,seed_105_base_1_regime_mixed_seer_strategy_policy_frozen_hybrid_50_50,0,0,3636ee12b35a57bbe8811b59ccf2c37a2bfec25ced6170ee3f51615da6f64f83,seed_105_base_1_regime_mixed_seer_strategy,3,frozen_hybrid_50_50,3,105,0,0,2,,3,1,1,village,0,1,3,0,0
1,mixed_seer_strategy,0,2,seed_105_base_1_regime_mixed_seer_strategy_policy_frozen_ml_epsilon_010,0,0,3636ee12b35a57bbe8811b59ccf2c37a2bfec25ced6170ee3f51615da6f64f83,seed_105_base_1_regime_mixed_seer_strategy,5,frozen_ml_epsilon_010,5,105,0,1,4,5,5,0,2,wolf,1,1,5,1,1
1,mixed_voting_strategy,0,,seed_105_base_1_regime_mixed_voting_strategy_policy_existing_rule,0,1,3636ee12b35a57bbe8811b59ccf2c37a2bfec25ced6170ee3f51615da6f64f83,seed_105_base_1_regime_mixed_voting_strategy,2,existing_rule,2,105,1,1,1,2,2,0,1,wolf,0,1,2,3,1
1,mixed_voting_strategy,0,,seed_105_base_1_regime_mixed_voting_strategy_policy_frozen_ml,0,1,3636ee12b35a57bbe8811b59ccf2c37a2bfec25ced6170ee3f51615da6f64f83,seed_105_base_1_regime_mixed_voting_strategy,2,frozen_ml,2,105,1,1,1,2,2,0,1,wolf,0,1,2,3,1
1,mixed_voting_strategy,0,,seed_105_base_1_regime_mixed_voting_strategy_policy_frozen_hybrid_50_50,0,1,3636ee12b35a57bbe8811b59ccf2c37a2bfec25ced6170ee3f51615da6f64f83,seed_105_base_1_regime_mixed_voting_strategy,2,frozen_hybrid_50_50,2,105,0,0,1,2,2,0,1,wolf,0,1,2,3,1
1,mixed_voting_strategy,0,,seed_105_base_1_regime_mixed_voting_strategy_policy_frozen_ml_epsilon_010,0,1,3636ee12b35a57bbe8811b59ccf2c37a2bfec25ced6170ee3f51615da6f64f83,seed_105_base_1_regime_mixed_voting_strategy,2,frozen_ml_epsilon_010,2,105,1,1,1,2,2,0,1,wolf,0,1,2,3,1
1,mixed_wolf_deception_strategy,0,2,seed_105_base_1_regime_mixed_wolf_deception_strategy_policy_existing_rule,1,1,3636ee12b35a57bbe8811b59ccf2c37a2bfec25ced6170ee3f51615da6f64f83,seed_105_base_1_regime_mixed_wolf_deception_strategy,4,existing_rule,4,105,1,3,3,4,4,0,1,wolf,1,1,4,1,1
1,mixed_wolf_deception_strategy,0,,seed_105_base_1_regime_mixed_wolf_deception_strategy_policy_frozen_ml,0,0,3636ee12b35a57bbe8811b59ccf2c37a2bfec25ced6170ee3f51615da6f64f83,seed_105_base_1_regime_mixed_wolf_deception_strategy,3,frozen_ml,3,105,0,1,2,3,3,0,2,wolf,1,1,3,3,1
1,mixed_wolf_deception_strategy,0,2,seed_105_base_1_regime_mixed_wolf_deception_strategy_policy_frozen_hybrid_50_50,0,0,3636ee12b35a57bbe8811b59ccf2c37a2bfec25ced6170ee3f51615da6f64f83,seed_105_base_1_regime_mixed_wolf_deception_strategy,3,frozen_hybrid_50_50,3,105,0,1,2,3,3,0,2,wolf,1,1,3,2,1
1,mixed_wolf_deception_strategy,0,2,seed_105_base_1_regime_mixed_wolf_deception_strategy_policy_frozen_ml_epsilon_010,1,1,3636ee12b35a57bbe8811b59ccf2c37a2bfec25ced6170ee3f51615da6f64f83,seed_105_base_1_regime_mixed_wolf_deception_strategy,4,frozen_ml_epsilon_010,4,105,1,3,3,4,4,0,1,wolf,1,1,4,1,1
1,baseline_speech_enabled,0,2,seed_106_base_1_regime_baseline_speech_enabled_policy_existing_rule,0,1,3636ee12b35a57bbe8811b59ccf2c37a2bfec25ced6170ee3f51615da6f64f83,seed_106_base_1_regime_baseline_speech_enabled,3,existing_rule,3,106,1,2,2,3,3,0,2,wolf,1,1,3,2,1
1,baseline_speech_enabled,0,2,seed_106_base_1_regime_baseline_speech_enabled_policy_frozen_ml,0,1,3636ee12b35a57bbe8811b59ccf2c37a2bfec25ced6170ee3f51615da6f64f83,seed_106_base_1_regime_baseline_speech_enabled,3,frozen_ml,3,106,0,0,2,3,3,0,2,wolf,0,1,3,2,1
1,baseline_speech_enabled,0,2,seed_106_base_1_regime_baseline_speech_enabled_policy_frozen_hybrid_50_50,0,1,3636ee12b35a57bbe8811b59ccf2c37a2bfec25ced6170ee3f51615da6f64f83,seed_106_base_1_regime_baseline_speech_enabled,3,frozen_hybrid_50_50,3,106,0,0,2,3,3,0,2,wolf,0,1,3,2,1
1,baseline_speech_enabled,0,2,seed_106_base_1_regime_baseline_speech_enabled_policy_frozen_ml_epsilon_010,0,1,3636ee12b35a57bbe8811b59ccf2c37a2bfec25ced6170ee3f51615da6f64f83,seed_106_base_1_regime_baseline_speech_enabled,3,frozen_ml_epsilon_010,3,106,1,1,2,3,3,0,2,wolf,0,1,3,2,1
1,speech_disabled,0,1,seed_106_base_1_regime_speech_disabled_policy_existing_rule,1,1,3636ee12b35a57bbe8811b59ccf2c37a2bfec25ced6170ee3f51615da6f64f83,seed_106_base_1_regime_speech_disabled,3,existing_rule,3,106,1,3,3,3,3,0,1,wolf,1,0,3,2,1
1,speech_disabled,0,,seed_106_base_1_regime_speech_disabled_policy_frozen_ml,1,1,3636ee12b35a57bbe8811b59ccf2c37a2bfec25ced6170ee3f51615da6f64f83,seed_106_base_1_regime_speech_disabled,2,frozen_ml,2,106,0,1,2,2,2,0,1,wolf,0,0,2,3,1
1,speech_disabled,0,,seed_106_base_1_regime_speech_disabled_policy_frozen_hybrid_50_50,1,1,3636ee12b35a57bbe8811b59ccf2c37a2bfec25ced6170ee3f51615da6f64f83,seed_106_base_1_regime_speech_disabled,2,frozen_hybrid_50_50,2,106,0,2,2,2,2,0,1,wolf,1,0,2,3,1
1,speech_disabled,0,,seed_106_base_1_regime_speech_disabled_policy_frozen_ml_epsilon_010,1,1,3636ee12b35a57bbe8811b59ccf2c37a2bfec25ced6170ee3f51615da6f64f83,seed_106_base_1_regime_speech_disabled,2,frozen_ml_epsilon_010,2,106,0,1,2,2,2,0,1,wolf,0,0,2,3,1
1,herding_enabled,0,2,seed_106_base_1_regime_herding_enabled_policy_existing_rule,1,1,3636ee12b35a57bbe8811b59ccf2c37a2bfec25ced6170ee3f51615da6f64f83,seed_106_base_1_regime_herding_enabled,3,existing_rule,3,106,1,2,2,3,3,0,2,wolf,0,1,3,2,1
1,herding_enabled,0,2,seed_106_base_1_regime_herding_enabled_policy_frozen_ml,0,0,3636ee12b35a57bbe8811b59ccf2c37a2bfec25ced6170ee3f51615da6f64f83,seed_106_base_1_regime_herding_enabled,4,frozen_ml,4,106,1,1,3,4,4,0,2,wolf,0,1,4,2,1
1,herding_enabled,0,2,seed_106_base_1_regime_herding_enabled_policy_frozen_hybrid_50_50,1,0,3636ee12b35a57bbe8811b59ccf2c37a2bfec25ced6170ee3f51615da6f64f83,seed_106_base_1_regime_herding_enabled,5,frozen_hybrid_50_50,5,106,1,2,4,5,5,0,2,wolf,0,1,5,1,1
1,herding_enabled,0,2,seed_106_base_1_regime_herding_enabled_policy_frozen_ml_epsilon_010,0,0,3636ee12b35a57bbe8811b59ccf2c37a2bfec25ced6170ee3f51615da6f64f83,seed_106_base_1_regime_herding_enabled,4,frozen_ml_epsilon_010,4,106,1,1,3,4,4,0,2,wolf,0,1,4,2,1
1,deception_enabled,0,,seed_106_base_1_regime_deception_enabled_policy_existing_rule,0,0,3636ee12b35a57bbe8811b59ccf2c37a2bfec25ced6170ee3f51615da6f64f83,seed_106_base_1_regime_deception_enabled,3,existing_rule,3,106,1,2,2,3,3,0,2,wolf,1,1,3,3,1
1,deception_enabled,0,,seed_106_base_1_regime_deception_enabled_policy_frozen_ml,1,0,3636ee12b35a57bbe8811b59ccf2c37a2bfec25ced6170ee3f51615da6f64f83,seed_106_base_1_regime_deception_enabled,3,frozen_ml,3,106,0,1,2,3,3,0,2,wolf,0,1,3,3,1
1,deception_enabled,0,2,seed_106_base_1_regime_deception_enabled_policy_frozen_hybrid_50_50,0,0,3636ee12b35a57bbe8811b59ccf2c37a2bfec25ced6170ee3f51615da6f64f83,seed_106_base_1_regime_deception_enabled,3,frozen_hybrid_50_50,3,106,1,2,3,3,3,0,2,wolf,1,0,3,2,1
1,deception_enabled,0,,seed_106_base_1_regime_deception_enabled_policy_frozen_ml_epsilon_010,1,0,3636ee12b35a57bbe8811b59ccf2c37a2bfec25ced6170ee3f51615da6f64f83,seed_106_base_1_regime_deception_enabled,3,frozen_ml_epsilon_010,3,106,0,1,2,3,3,0,2,wolf,0,1,3,3,1
1,heterogeneous_risk_preference,0,2,seed_106_base_1_regime_heterogeneous_risk_preference_policy_existing_rule,0,1,3636ee12b35a57bbe8811b59ccf2c37a2bfec25ced6170ee3f51615da6f64f83,seed_106_base_1_regime_heterogeneous_risk_preference,4,existing_rule,4,106,0,1,3,,4,1,2,village,1,1,4,0,0
1,heterogeneous_risk_preference,0,,seed_106_base_1_regime_heterogeneous_risk_preference_policy_frozen_ml,0,1,3636ee12b35a57bbe8811b59ccf2c37a2bfec25ced6170ee3f51615da6f64f83,seed_106_base_1_regime_heterogeneous_risk_preference,2,frozen_ml,2,106,0,0,1,2,2,0,1,wolf,0,1,2,3,1
1,heterogeneous_risk_preference,0,2,seed_106_base_1_regime_heterogeneous_risk_preference_policy_frozen_hybrid_50_50,1,1,3636ee12b35a57bbe8811b59ccf2c37a2bfec25ced6170ee3f51615da6f64f83,seed_106_base_1_regime_heterogeneous_risk_preference,4,frozen_hybrid_50_50,4,106,0,1,3,,4,1,1,village,0,1,4,0,0
1,heterogeneous_risk_preference,0,,seed_106_base_1_regime_heterogeneous_risk_preference_policy_frozen_ml_epsilon_010,0,1,3636ee12b35a57bbe8811b59ccf2c37a2bfec25ced6170ee3f51615da6f64f83,seed_106_base_1_regime_heterogeneous_risk_preference,2,frozen_ml_epsilon_010,2,106,0,0,1,2,2,0,1,wolf,0,1,2,3,1
1,strong_village_information,0,2,seed_106_base_1_regime_strong_village_information_policy_existing_rule,1,1,3636ee12b35a57bbe8811b59ccf2c37a2bfec25ced6170ee3f51615da6f64f83,seed_106_base_1_regime_strong_village_information,3,existing_rule,3,106,1,2,2,3,3,0,2,wolf,0,1,3,2,1
1,strong_village_information,0,,seed_106_base_1_regime_strong_village_information_policy_frozen_ml,0,0,3636ee12b35a57bbe8811b59ccf2c37a2bfec25ced6170ee3f51615da6f64f83,seed_106_base_1_regime_strong_village_information,3,frozen_ml,3,106,0,0,2,3,3,0,2,wolf,0,1,3,3,1
1,strong_village_information,0,2,seed_106_base_1_regime_strong_village_information_policy_frozen_hybrid_50_50,0,1,3636ee12b35a57bbe8811b59ccf2c37a2bfec25ced6170ee3f51615da6f64f83,seed_106_base_1_regime_strong_village_information,3,frozen_hybrid_50_50,3,106,1,1,2,3,3,0,2,wolf,0,1,3,2,1
1,strong_village_information,0,,seed_106_base_1_regime_strong_village_information_policy_frozen_ml_epsilon_010,0,0,3636ee12b35a57bbe8811b59ccf2c37a2bfec25ced6170ee3f51615da6f64f83,seed_106_base_1_regime_strong_village_information,3,frozen_ml_epsilon_010,3,106,0,0,2,3,3,0,2,wolf,0,1,3,3,1
1,weak_village_information,0,,seed_106_base_1_regime_weak_village_information_policy_existing_rule,0,1,3636ee12b35a57bbe8811b59ccf2c37a2bfec25ced6170ee3f51615da6f64f83,seed_106_base_1_regime_weak_village_information,2,existing_rule,2,106,1,1,1,2,2,0,2,wolf,0,1,2,3,1
1,weak_village_information,0,2,seed_106_base_1_regime_weak_village_information_policy_frozen_ml,0,1,3636ee12b35a57bbe8811b59ccf2c37a2bfec25ced6170ee3f51615da6f64f83,seed_106_base_1_regime_weak_village_information,3,frozen_ml,3,106,0,0,2,3,3,0,2,wolf,0,1,3,2,1
1,weak_village_information,0,,seed_106_base_1_regime_weak_village_information_policy_frozen_hybrid_50_50,0,1,3636ee12b35a57bbe8811b59ccf2c37a2bfec25ced6170ee3f51615da6f64f83,seed_106_base_1_regime_weak_village_information,2,frozen_hybrid_50_50,2,106,0,0,1,2,2,0,2,wolf,0,1,2,3,1
1,weak_village_information,0,2,seed_106_base_1_regime_weak_village_information_policy_frozen_ml_epsilon_010,0,1,3636ee12b35a57bbe8811b59ccf2c37a2bfec25ced6170ee3f51615da6f64f83,seed_106_base_1_regime_weak_village_information,3,frozen_ml_epsilon_010,3,106,0,0,2,3,3,0,2,wolf,0,1,3,2,1
1,mixed_seer_strategy,0,1,seed_106_base_1_regime_mixed_seer_strategy_policy_existing_rule,1,1,3636ee12b35a57bbe8811b59ccf2c37a2bfec25ced6170ee3f51615da6f64f83,seed_106_base_1_regime_mixed_seer_strategy,4,existing_rule,4,106,1,3,3,4,4,0,2,wolf,1,1,4,1,1
1,mixed_seer_strategy,0,1,seed_106_base_1_regime_mixed_seer_strategy_policy_frozen_ml,0,0,3636ee12b35a57bbe8811b59ccf2c37a2bfec25ced6170ee3f51615da6f64f83,seed_106_base_1_regime_mixed_seer_strategy,3,frozen_ml,3,106,0,0,2,,3,1,1,village,0,1,3,0,0
1,mixed_seer_strategy,0,1,seed_106_base_1_regime_mixed_seer_strategy_policy_frozen_hybrid_50_50,0,0,3636ee12b35a57bbe8811b59ccf2c37a2bfec25ced6170ee3f51615da6f64f83,seed_106_base_1_regime_mixed_seer_strategy,5,frozen_hybrid_50_50,5,106,0,1,4,5,5,0,2,wolf,1,1,5,1,1
1,mixed_seer_strategy,0,1,seed_106_base_1_regime_mixed_seer_strategy_policy_frozen_ml_epsilon_010,0,0,3636ee12b35a57bbe8811b59ccf2c37a2bfec25ced6170ee3f51615da6f64f83,seed_106_base_1_regime_mixed_seer_strategy,3,frozen_ml_epsilon_010,3,106,0,0,2,,3,1,1,village,0,1,3,0,0
1,mixed_voting_strategy,0,,seed_106_base_1_regime_mixed_voting_strategy_policy_existing_rule,1,0,3636ee12b35a57bbe8811b59ccf2c37a2bfec25ced6170ee3f51615da6f64f83,seed_106_base_1_regime_mixed_voting_strategy,3,existing_rule,3,106,0,2,2,3,3,0,2,wolf,1,1,3,3,1
1,mixed_voting_strategy,0,,seed_106_base_1_regime_mixed_voting_strategy_policy_frozen_ml,1,1,3636ee12b35a57bbe8811b59ccf2c37a2bfec25ced6170ee3f51615da6f64f83,seed_106_base_1_regime_mixed_voting_strategy,2,frozen_ml,2,106,0,1,1,2,2,0,2,wolf,0,1,2,3,1
1,mixed_voting_strategy,0,,seed_106_base_1_regime_mixed_voting_strategy_policy_frozen_hybrid_50_50,1,1,3636ee12b35a57bbe8811b59ccf2c37a2bfec25ced6170ee3f51615da6f64f83,seed_106_base_1_regime_mixed_voting_strategy,2,frozen_hybrid_50_50,2,106,0,1,1,2,2,0,2,wolf,0,1,2,3,1
1,mixed_voting_strategy,0,,seed_106_base_1_regime_mixed_voting_strategy_policy_frozen_ml_epsilon_010,1,0,3636ee12b35a57bbe8811b59ccf2c37a2bfec25ced6170ee3f51615da6f64f83,seed_106_base_1_regime_mixed_voting_strategy,3,frozen_ml_epsilon_010,3,106,0,1,2,3,3,0,2,wolf,0,1,3,3,1
1,mixed_wolf_deception_strategy,0,,seed_106_base_1_regime_mixed_wolf_deception_strategy_policy_existing_rule,0,1,3636ee12b35a57bbe8811b59ccf2c37a2bfec25ced6170ee3f51615da6f64f83,seed_106_base_1_regime_mixed_wolf_deception_strategy,2,existing_rule,2,106,1,1,1,2,2,0,2,wolf,0,1,2,3,1
1,mixed_wolf_deception_strategy,0,,seed_106_base_1_regime_mixed_wolf_deception_strategy_policy_frozen_ml,0,1,3636ee12b35a57bbe8811b59ccf2c37a2bfec25ced6170ee3f51615da6f64f83,seed_106_base_1_regime_mixed_wolf_deception_strategy,2,frozen_ml,2,106,0,1,1,2,2,0,2,wolf,1,1,2,3,1
1,mixed_wolf_deception_strategy,0,,seed_106_base_1_regime_mixed_wolf_deception_strategy_policy_frozen_hybrid_50_50,0,1,3636ee12b35a57bbe8811b59ccf2c37a2bfec25ced6170ee3f51615da6f64f83,seed_106_base_1_regime_mixed_wolf_deception_strategy,2,frozen_hybrid_50_50,2,106,0,1,1,2,2,0,2,wolf,1,1,2,3,1
1,mixed_wolf_deception_strategy,0,,seed_106_base_1_regime_mixed_wolf_deception_strategy_policy_frozen_ml_epsilon_010,0,1,3636ee12b35a57bbe8811b59ccf2c37a2bfec25ced6170ee3f51615da6f64f83,seed_106_base_1_regime_mixed_wolf_deception_strategy,2,frozen_ml_epsilon_010,2,106,0,1,1,2,2,0,2,wolf,1,1,2,3,1
1,baseline_speech_enabled,0,2,seed_107_base_1_regime_baseline_speech_enabled_policy_existing_rule,1,1,3636ee12b35a57bbe8811b59ccf2c37a2bfec25ced6170ee3f51615da6f64f83,seed_107_base_1_regime_baseline_speech_enabled,3,existing_rule,3,107,1,3,3,3,3,0,1,wolf,1,0,3,2,1
1,baseline_speech_enabled,0,2,seed_107_base_1_regime_baseline_speech_enabled_policy_frozen_ml,1,1,3636ee12b35a57bbe8811b59ccf2c37a2bfec25ced6170ee3f51615da6f64f83,seed_107_base_1_regime_baseline_speech_enabled,4,frozen_ml,4,107,1,3,4,4,4,0,2,wolf,1,0,4,1,1
1,baseline_speech_enabled,0,2,seed_107_base_1_regime_baseline_speech_enabled_policy_frozen_hybrid_50_50,0,0,3636ee12b35a57bbe8811b59ccf2c37a2bfec25ced6170ee3f51615da6f64f83,seed_107_base_1_regime_baseline_speech_enabled,4,frozen_hybrid_50_50,4,107,1,2,3,4,4,0,3,wolf,1,1,4,1,1
1,baseline_speech_enabled,0,,seed_107_base_1_regime_baseline_speech_enabled_policy_frozen_ml_epsilon_010,0,0,3636ee12b35a57bbe8811b59ccf2c37a2bfec25ced6170ee3f51615da6f64f83,seed_107_base_1_regime_baseline_speech_enabled,2,frozen_ml_epsilon_010,2,107,0,1,2,2,2,0,2,wolf,1,0,2,3,1
1,speech_disabled,0,1,seed_107_base_1_regime_speech_disabled_policy_existing_rule,1,1,3636ee12b35a57bbe8811b59ccf2c37a2bfec25ced6170ee3f51615da6f64f83,seed_107_base_1_regime_speech_disabled,4,existing_rule,4,107,1,3,4,4,4,0,2,wolf,1,0,4,1,1
1,speech_disabled,0,1,seed_107_base_1_regime_speech_disabled_policy_frozen_ml,0,0,3636ee12b35a57bbe8811b59ccf2c37a2bfec25ced6170ee3f51615da6f64f83,seed_107_base_1_regime_speech_disabled,4,frozen_ml,4,107,0,0,3,,4,1,1,village,0,1,4,0,0
1,speech_disabled,0,1,seed_107_base_1_regime_speech_disabled_policy_frozen_hybrid_50_50,1,1,3636ee12b35a57bbe8811b59ccf2c37a2bfec25ced6170ee3f51615da6f64f83,seed_107_base_1_regime_speech_disabled,4,frozen_hybrid_50_50,4,107,0,1,3,,4,1,1,village,0,1,4,0,0
1,speech_disabled,0,1,seed_107_base_1_regime_speech_disabled_policy_frozen_ml_epsilon_010,0,0,3636ee12b35a57bbe8811b59ccf2c37a2bfec25ced6170ee3f51615da6f64f83,seed_107_base_1_regime_speech_disabled,4,frozen_ml_epsilon_010,4,107,0,0,3,,4,1,1,village,0,1,4,0,0
1,herding_enabled,0,,seed_107_base_1_regime_herding_enabled_policy_existing_rule,0,0,3636ee12b35a57bbe8811b59ccf2c37a2bfec25ced6170ee3f51615da6f64f83,seed_107_base_1_regime_herding_enabled,2,existing_rule,2,107,1,2,2,2,2,0,2,wolf,1,0,2,3,1
1,herding_enabled,0,2,seed_107_base_1_regime_herding_enabled_policy_frozen_ml,1,1,3636ee12b35a57bbe8811b59ccf2c37a2bfec25ced6170ee3f51615da6f64f83,seed_107_base_1_regime_herding_enabled,4,frozen_ml,4,107,1,3,4,4,4,0,1,wolf,1,0,4,1,1
1,herding_enabled,0,2,seed_107_base_1_regime_herding_enabled_policy_frozen_hybrid_50_50,0,0,3636ee12b35a57bbe8811b59ccf2c37a2bfec25ced6170ee3f51615da6f64f83,seed_107_base_1_regime_herding_enabled,4,frozen_hybrid_50_50,4,107,1,2,4,,4,1,1,village,1,0,4,0,0
1,herding_enabled,0,2,seed_107_base_1_regime_herding_enabled_policy_frozen_ml_epsilon_010,1,1,3636ee12b35a57bbe8811b59ccf2c37a2bfec25ced6170ee3f51615da6f64f83,seed_107_base_1_regime_herding_enabled,4,frozen_ml_epsilon_010,4,107,1,3,4,4,4,0,1,wolf,1,0,4,1,1
1,deception_enabled,0,,seed_107_base_1_regime_deception_enabled_policy_existing_rule,0,0,3636ee12b35a57bbe8811b59ccf2c37a2bfec25ced6170ee3f51615da6f64f83,seed_107_base_1_regime_deception_enabled,2,existing_rule,2,107,1,1,1,2,2,0,2,wolf,0,1,2,3,1
1,deception_enabled,0,,seed_107_base_1_regime_deception_enabled_policy_frozen_ml,0,0,3636ee12b35a57bbe8811b59ccf2c37a2bfec25ced6170ee3f51615da6f64f83,seed_107_base_1_regime_deception_enabled,2,frozen_ml,2,107,1,1,1,2,2,0,2,wolf,0,1,2,3,1
1,deception_enabled,0,2,seed_107_base_1_regime_deception_enabled_policy_frozen_hybrid_50_50,1,1,3636ee12b35a57bbe8811b59ccf2c37a2bfec25ced6170ee3f51615da6f64f83,seed_107_base_1_regime_deception_enabled,4,frozen_hybrid_50_50,4,107,0,2,3,4,4,0,2,wolf,1,1,4,1,1
1,deception_enabled,0,,seed_107_base_1_regime_deception_enabled_policy_frozen_ml_epsilon_010,0,0,3636ee12b35a57bbe8811b59ccf2c37a2bfec25ced6170ee3f51615da6f64f83,seed_107_base_1_regime_deception_enabled,2,frozen_ml_epsilon_010,2,107,1,1,1,2,2,0,2,wolf,0,1,2,3,1
1,heterogeneous_risk_preference,0,1,seed_107_base_1_regime_heterogeneous_risk_preference_policy_existing_rule,1,1,3636ee12b35a57bbe8811b59ccf2c37a2bfec25ced6170ee3f51615da6f64f83,seed_107_base_1_regime_heterogeneous_risk_preference,4,existing_rule,4,107,1,2,3,,4,1,2,village,0,1,4,0,0
1,heterogeneous_risk_preference,0,1,seed_107_base_1_regime_heterogeneous_risk_preference_policy_frozen_ml,1,0,3636ee12b35a57bbe8811b59ccf2c37a2bfec25ced6170ee3f51615da6f64f83,seed_107_base_1_regime_heterogeneous_risk_preference,5,frozen_ml,5,107,1,2,4,5,5,0,2,wolf,0,1,5,1,1
1,heterogeneous_risk_preference,0,1,seed_107_base_1_regime_heterogeneous_risk_preference_policy_frozen_hybrid_50_50,0,0,3636ee12b35a57bbe8811b59ccf2c37a2bfec25ced6170ee3f51615da6f64f83,seed_107_base_1_regime_heterogeneous_risk_preference,3,frozen_hybrid_50_50,3,107,0,1,2,,3,1,0,village,1,1,3,0,0
1,heterogeneous_risk_preference,0,1,seed_107_base_1_regime_heterogeneous_risk_preference_policy_frozen_ml_epsilon_010,1,0,3636ee12b35a57bbe8811b59ccf2c37a2bfec25ced6170ee3f51615da6f64f83,seed_107_base_1_regime_heterogeneous_risk_preference,5,frozen_ml_epsilon_010,5,107,1,2,4,5,5,0,2,wolf,0,1,5,1,1
1,strong_village_information,0,1,seed_107_base_1_regime_strong_village_information_policy_existing_rule,0,0,3636ee12b35a57bbe8811b59ccf2c37a2bfec25ced6170ee3f51615da6f64f83,seed_107_base_1_regime_strong_village_information,3,existing_rule,3,107,1,2,2,,3,1,1,village,1,1,3,0,0
1,strong_village_information,0,1,seed_107_base_1_regime_strong_village_information_policy_frozen_ml,0,0,3636ee12b35a57bbe8811b59ccf2c37a2bfec25ced6170ee3f51615da6f64f83,seed_107_base_1_regime_strong_village_information,4,frozen_ml,4,107,0,1,3,,4,1,2,village,1,1,4,0,0
1,strong_village_information,0,1,seed_107_base_1_regime_strong_village_information_policy_frozen_hybrid_50_50,0,0,3636ee12b35a57bbe8811b59ccf2c37a2bfec25ced6170ee3f51615da6f64f83,seed_107_base_1_regime_strong_village_information,4,frozen_hybrid_50_50,4,107,1,1,3,,4,1,2,village,0,1,4,0,0
1,strong_village_information,0,1,seed_107_base_1_regime_strong_village_information_policy_frozen_ml_epsilon_010,0,0,3636ee12b35a57bbe8811b59ccf2c37a2bfec25ced6170ee3f51615da6f64f83,seed_107_base_1_regime_strong_village_information,4,frozen_ml_epsilon_010,4,107,1,2,3,,4,1,2,village,1,1,4,0,0
1,weak_village_information,0,1,seed_107_base_1_regime_weak_village_information_policy_existing_rule,1,1,3636ee12b35a57bbe8811b59ccf2c37a2bfec25ced6170ee3f51615da6f64f83,seed_107_base_1_regime_weak_village_information,3,existing_rule,3,107,1,3,3,3,3,0,1,wolf,1,0,3,2,1
1,weak_village_information,0,1,seed_107_base_1_regime_weak_village_information_policy_frozen_ml,0,1,3636ee12b35a57bbe8811b59ccf2c37a2bfec25ced6170ee3f51615da6f64f83,seed_107_base_1_regime_weak_village_information,3,frozen_ml,3,107,1,1,3,,3,1,0,village,0,0,3,0,0
1,weak_village_information,0,,seed_107_base_1_regime_weak_village_information_policy_frozen_hybrid_50_50,0,0,3636ee12b35a57bbe8811b59ccf2c37a2bfec25ced6170ee3f51615da6f64f83,seed_107_base_1_regime_weak_village_information,2,frozen_hybrid_50_50,2,107,0,1,2,2,2,0,2,wolf,1,0,2,3,1
1,weak_village_information,0,1,seed_107_base_1_regime_weak_village_information_policy_frozen_ml_epsilon_010,0,1,3636ee12b35a57bbe8811b59ccf2c37a2bfec25ced6170ee3f51615da6f64f83,seed_107_base_1_regime_weak_village_information,3,frozen_ml_epsilon_010,3,107,1,1,3,,3,1,0,village,0,0,3,0,0
1,mixed_seer_strategy,0,1,seed_107_base_1_regime_mixed_seer_strategy_policy_existing_rule,1,1,3636ee12b35a57bbe8811b59ccf2c37a2bfec25ced6170ee3f51615da6f64f83,seed_107_base_1_regime_mixed_seer_strategy,4,existing_rule,4,107,1,3,3,,4,1,1,village,1,1,4,0,0
1,mixed_seer_strategy,0,1,seed_107_base_1_regime_mixed_seer_strategy_policy_frozen_ml,1,1,3636ee12b35a57bbe8811b59ccf2c37a2bfec25ced6170ee3f51615da6f64f83,seed_107_base_1_regime_mixed_seer_strategy,3,frozen_ml,3,107,0,2,2,,3,1,1,village,1,1,3,0,0
1,mixed_seer_strategy,0,1,seed_107_base_1_regime_mixed_seer_strategy_policy_frozen_hybrid_50_50,1,1,3636ee12b35a57bbe8811b59ccf2c37a2bfec25ced6170ee3f51615da6f64f83,seed_107_base_1_regime_mixed_seer_strategy,3,frozen_hybrid_50_50,3,107,0,2,2,,3,1,1,village,1,1,3,0,0
1,mixed_seer_strategy,0,1,seed_107_base_1_regime_mixed_seer_strategy_policy_frozen_ml_epsilon_010,1,1,3636ee12b35a57bbe8811b59ccf2c37a2bfec25ced6170ee3f51615da6f64f83,seed_107_base_1_regime_mixed_seer_strategy,3,frozen_ml_epsilon_010,3,107,0,2,2,,3,1,1,village,1,1,3,0,0
1,mixed_voting_strategy,0,2,seed_107_base_1_regime_mixed_voting_strategy_policy_existing_rule,1,1,3636ee12b35a57bbe8811b59ccf2c37a2bfec25ced6170ee3f51615da6f64f83,seed_107_base_1_regime_mixed_voting_strategy,4,existing_rule,4,107,1,3,3,4,4,0,2,wolf,1,1,4,1,1
1,mixed_voting_strategy,0,,seed_107_base_1_regime_mixed_voting_strategy_policy_frozen_ml,0,0,3636ee12b35a57bbe8811b59ccf2c37a2bfec25ced6170ee3f51615da6f64f83,seed_107_base_1_regime_mixed_voting_strategy,3,frozen_ml,3,107,0,1,2,3,3,0,2,wolf,1,1,3,3,1
1,mixed_voting_strategy,0,2,seed_107_base_1_regime_mixed_voting_strategy_policy_frozen_hybrid_50_50,1,1,3636ee12b35a57bbe8811b59ccf2c37a2bfec25ced6170ee3f51615da6f64f83,seed_107_base_1_regime_mixed_voting_strategy,4,frozen_hybrid_50_50,4,107,0,2,3,4,4,0,2,wolf,1,1,4,1,1
1,mixed_voting_strategy,0,,seed_107_base_1_regime_mixed_voting_strategy_policy_frozen_ml_epsilon_010,0,0,3636ee12b35a57bbe8811b59ccf2c37a2bfec25ced6170ee3f51615da6f64f83,seed_107_base_1_regime_mixed_voting_strategy,3,frozen_ml_epsilon_010,3,107,0,1,2,3,3,0,2,wolf,1,1,3,3,1
1,mixed_wolf_deception_strategy,0,1,seed_107_base_1_regime_mixed_wolf_deception_strategy_policy_existing_rule,0,0,3636ee12b35a57bbe8811b59ccf2c37a2bfec25ced6170ee3f51615da6f64f83,seed_107_base_1_regime_mixed_wolf_deception_strategy,3,existing_rule,3,107,1,2,2,,3,1,1,village,1,1,3,0,0
1,mixed_wolf_deception_strategy,0,1,seed_107_base_1_regime_mixed_wolf_deception_strategy_policy_frozen_ml,0,0,3636ee12b35a57bbe8811b59ccf2c37a2bfec25ced6170ee3f51615da6f64f83,seed_107_base_1_regime_mixed_wolf_deception_strategy,4,frozen_ml,4,107,1,1,3,,4,1,2,village,0,1,4,0,0
1,mixed_wolf_deception_strategy,0,1,seed_107_base_1_regime_mixed_wolf_deception_strategy_policy_frozen_hybrid_50_50,0,0,3636ee12b35a57bbe8811b59ccf2c37a2bfec25ced6170ee3f51615da6f64f83,seed_107_base_1_regime_mixed_wolf_deception_strategy,4,frozen_hybrid_50_50,4,107,1,1,3,,4,1,2,village,0,1,4,0,0
1,mixed_wolf_deception_strategy,0,1,seed_107_base_1_regime_mixed_wolf_deception_strategy_policy_frozen_ml_epsilon_010,0,0,3636ee12b35a57bbe8811b59ccf2c37a2bfec25ced6170ee3f51615da6f64f83,seed_107_base_1_regime_mixed_wolf_deception_strategy,4,frozen_ml_epsilon_010,4,107,1,1,3,,4,1,2,village,0,1,4,0,0
1,baseline_speech_enabled,0,2,seed_108_base_1_regime_baseline_speech_enabled_policy_existing_rule,0,1,3636ee12b35a57bbe8811b59ccf2c37a2bfec25ced6170ee3f51615da6f64f83,seed_108_base_1_regime_baseline_speech_enabled,3,existing_rule,3,108,1,2,2,,3,1,2,village,1,1,3,0,0
1,baseline_speech_enabled,0,2,seed_108_base_1_regime_baseline_speech_enabled_policy_frozen_ml,0,0,3636ee12b35a57bbe8811b59ccf2c37a2bfec25ced6170ee3f51615da6f64f83,seed_108_base_1_regime_baseline_speech_enabled,4,frozen_ml,4,108,0,1,3,4,4,0,3,wolf,1,1,4,1,1
1,baseline_speech_enabled,0,2,seed_108_base_1_regime_baseline_speech_enabled_policy_frozen_hybrid_50_50,1,1,3636ee12b35a57bbe8811b59ccf2c37a2bfec25ced6170ee3f51615da6f64f83,seed_108_base_1_regime_baseline_speech_enabled,3,frozen_hybrid_50_50,3,108,0,1,2,,3,1,2,village,0,1,3,0,0
1,baseline_speech_enabled,0,2,seed_108_base_1_regime_baseline_speech_enabled_policy_frozen_ml_epsilon_010,0,0,3636ee12b35a57bbe8811b59ccf2c37a2bfec25ced6170ee3f51615da6f64f83,seed_108_base_1_regime_baseline_speech_enabled,4,frozen_ml_epsilon_010,4,108,0,1,3,4,4,0,3,wolf,1,1,4,1,1
1,speech_disabled,0,2,seed_108_base_1_regime_speech_disabled_policy_existing_rule,0,0,3636ee12b35a57bbe8811b59ccf2c37a2bfec25ced6170ee3f51615da6f64f83,seed_108_base_1_regime_speech_disabled,3,existing_rule,3,108,1,2,2,3,3,0,3,wolf,1,1,3,2,1
1,speech_disabled,0,2,seed_108_base_1_regime_speech_disabled_policy_frozen_ml,0,0,3636ee12b35a57bbe8811b59ccf2c37a2bfec25ced6170ee3f51615da6f64f83,seed_108_base_1_regime_speech_disabled,3,frozen_ml,3,108,0,1,2,3,3,0,3,wolf,1,1,3,2,1
1,speech_disabled,0,2,seed_108_base_1_regime_speech_disabled_policy_frozen_hybrid_50_50,0,0,3636ee12b35a57bbe8811b59ccf2c37a2bfec25ced6170ee3f51615da6f64f83,seed_108_base_1_regime_speech_disabled,3,frozen_hybrid_50_50,3,108,0,0,2,3,3,0,3,wolf,0,1,3,2,1
1,speech_disabled,0,2,seed_108_base_1_regime_speech_disabled_policy_frozen_ml_epsilon_010,0,0,3636ee12b35a57bbe8811b59ccf2c37a2bfec25ced6170ee3f51615da6f64f83,seed_108_base_1_regime_speech_disabled,3,frozen_ml_epsilon_010,3,108,0,1,2,3,3,0,3,wolf,1,1,3,2,1
1,herding_enabled,0,1,seed_108_base_1_regime_herding_enabled_policy_existing_rule,1,1,3636ee12b35a57bbe8811b59ccf2c37a2bfec25ced6170ee3f51615da6f64f83,seed_108_base_1_regime_herding_enabled,4,existing_rule,4,108,1,3,3,,4,1,2,village,1,1,4,0,0
1,herding_enabled,0,1,seed_108_base_1_regime_herding_enabled_policy_frozen_ml,0,0,3636ee12b35a57bbe8811b59ccf2c37a2bfec25ced6170ee3f51615da6f64f83,seed_108_base_1_regime_herding_enabled,3,frozen_ml,3,108,0,1,2,,3,1,1,village,1,1,3,0,0
1,herding_enabled,0,1,seed_108_base_1_regime_herding_enabled_policy_frozen_hybrid_50_50,0,0,3636ee12b35a57bbe8811b59ccf2c37a2bfec25ced6170ee3f51615da6f64f83,seed_108_base_1_regime_herding_enabled,3,frozen_hybrid_50_50,3,108,0,1,2,,3,1,1,village,1,1,3,0,0
1,herding_enabled,0,1,seed_108_base_1_regime_herding_enabled_policy_frozen_ml_epsilon_010,0,0,3636ee12b35a57bbe8811b59ccf2c37a2bfec25ced6170ee3f51615da6f64f83,seed_108_base_1_regime_herding_enabled,3,frozen_ml_epsilon_010,3,108,0,1,2,,3,1,1,village,1,1,3,0,0
1,deception_enabled,0,1,seed_108_base_1_regime_deception_enabled_policy_existing_rule,1,0,3636ee12b35a57bbe8811b59ccf2c37a2bfec25ced6170ee3f51615da6f64f83,seed_108_base_1_regime_deception_enabled,4,existing_rule,4,108,1,3,3,4,4,0,2,wolf,1,1,4,2,1
1,deception_enabled,0,1,seed_108_base_1_regime_deception_enabled_policy_frozen_ml,1,1,3636ee12b35a57bbe8811b59ccf2c37a2bfec25ced6170ee3f51615da6f64f83,seed_108_base_1_regime_deception_enabled,4,frozen_ml,4,108,1,2,3,,4,1,2,village,0,1,4,0,0
1,deception_enabled,0,1,seed_108_base_1_regime_deception_enabled_policy_frozen_hybrid_50_50,1,1,3636ee12b35a57bbe8811b59ccf2c37a2bfec25ced6170ee3f51615da6f64f83,seed_108_base_1_regime_deception_enabled,4,frozen_hybrid_50_50,4,108,1,2,3,,4,1,2,village,0,1,4,0,0
1,deception_enabled,0,1,seed_108_base_1_regime_deception_enabled_policy_frozen_ml_epsilon_010,0,0,3636ee12b35a57bbe8811b59ccf2c37a2bfec25ced6170ee3f51615da6f64f83,seed_108_base_1_regime_deception_enabled,3,frozen_ml_epsilon_010,3,108,1,1,2,,3,1,1,village,0,1,3,0,0
1,heterogeneous_risk_preference,0,2,seed_108_base_1_regime_heterogeneous_risk_preference_policy_existing_rule,0,1,3636ee12b35a57bbe8811b59ccf2c37a2bfec25ced6170ee3f51615da6f64f83,seed_108_base_1_regime_heterogeneous_risk_preference,3,existing_rule,3,108,1,2,2,3,3,0,2,wolf,1,1,3,2,1
1,heterogeneous_risk_preference,0,2,seed_108_base_1_regime_heterogeneous_risk_preference_policy_frozen_ml,1,1,3636ee12b35a57bbe8811b59ccf2c37a2bfec25ced6170ee3f51615da6f64f83,seed_108_base_1_regime_heterogeneous_risk_preference,3,frozen_ml,3,108,0,1,2,3,3,0,2,wolf,0,1,3,2,1
1,heterogeneous_risk_preference,0,2,seed_108_base_1_regime_heterogeneous_risk_preference_policy_frozen_hybrid_50_50,1,1,3636ee12b35a57bbe8811b59ccf2c37a2bfec25ced6170ee3f51615da6f64f83,seed_108_base_1_regime_heterogeneous_risk_preference,3,frozen_hybrid_50_50,3,108,1,2,2,3,3,0,3,wolf,0,1,3,2,1
1,heterogeneous_risk_preference,0,2,seed_108_base_1_regime_heterogeneous_risk_preference_policy_frozen_ml_epsilon_010,1,1,3636ee12b35a57bbe8811b59ccf2c37a2bfec25ced6170ee3f51615da6f64f83,seed_108_base_1_regime_heterogeneous_risk_preference,3,frozen_ml_epsilon_010,3,108,0,1,2,3,3,0,2,wolf,0,1,3,2,1
1,strong_village_information,0,1,seed_108_base_1_regime_strong_village_information_policy_existing_rule,0,1,3636ee12b35a57bbe8811b59ccf2c37a2bfec25ced6170ee3f51615da6f64f83,seed_108_base_1_regime_strong_village_information,4,existing_rule,4,108,1,2,3,,4,1,2,village,1,1,4,0,0
1,strong_village_information,0,1,seed_108_base_1_regime_strong_village_information_policy_frozen_ml,0,0,3636ee12b35a57bbe8811b59ccf2c37a2bfec25ced6170ee3f51615da6f64f83,seed_108_base_1_regime_strong_village_information,3,frozen_ml,3,108,0,1,2,,3,1,0,village,1,1,3,0,0
1,strong_village_information,0,1,seed_108_base_1_regime_strong_village_information_policy_frozen_hybrid_50_50,0,0,3636ee12b35a57bbe8811b59ccf2c37a2bfec25ced6170ee3f51615da6f64f83,seed_108_base_1_regime_strong_village_information,3,frozen_hybrid_50_50,3,108,0,0,2,,3,1,0,village,0,1,3,0,0
1,strong_village_information,0,1,seed_108_base_1_regime_strong_village_information_policy_frozen_ml_epsilon_010,0,0,3636ee12b35a57bbe8811b59ccf2c37a2bfec25ced6170ee3f51615da6f64f83,seed_108_base_1_regime_strong_village_information,3,frozen_ml_epsilon_010,3,108,0,1,2,,3,1,0,village,1,1,3,0,0
1,weak_village_information,0,,seed_108_base_1_regime_weak_village_information_policy_existing_rule,0,0,3636ee12b35a57bbe8811b59ccf2c37a2bfec25ced6170ee3f51615da6f64f83,seed_108_base_1_regime_weak_village_information,3,existing_rule,3,108,1,2,2,3,3,0,2,wolf,1,1,3,3,1
1,weak_village_information,0,,seed_108_base_1_regime_weak_village_information_policy_frozen_ml,0,0,3636ee12b35a57bbe8811b59ccf2c37a2bfec25ced6170ee3f51615da6f64f83,seed_108_base_1_regime_weak_village_information,3,frozen_ml,3,108,1,2,2,3,3,0,2,wolf,1,1,3,3,1
1,weak_village_information,0,,seed_108_base_1_regime_weak_village_information_policy_frozen_hybrid_50_50,0,0,3636ee12b35a57bbe8811b59ccf2c37a2bfec25ced6170ee3f51615da6f64f83,seed_108_base_1_regime_weak_village_information,2,frozen_hybrid_50_50,2,108,1,1,2,2,2,0,2,wolf,0,0,2,3,1
1,weak_village_information,0,,seed_108_base_1_regime_weak_village_information_policy_frozen_ml_epsilon_010,0,0,3636ee12b35a57bbe8811b59ccf2c37a2bfec25ced6170ee3f51615da6f64f83,seed_108_base_1_regime_weak_village_information,3,frozen_ml_epsilon_010,3,108,1,2,2,3,3,0,2,wolf,1,1,3,3,1
1,mixed_seer_strategy,0,1,seed_108_base_1_regime_mixed_seer_strategy_policy_existing_rule,0,1,3636ee12b35a57bbe8811b59ccf2c37a2bfec25ced6170ee3f51615da6f64f83,seed_108_base_1_regime_mixed_seer_strategy,4,existing_rule,4,108,1,1,3,4,4,0,2,wolf,0,1,4,1,1
1,mixed_seer_strategy,0,1,seed_108_base_1_regime_mixed_seer_strategy_policy_frozen_ml,0,0,3636ee12b35a57bbe8811b59ccf2c37a2bfec25ced6170ee3f51615da6f64f83,seed_108_base_1_regime_mixed_seer_strategy,2,frozen_ml,2,108,0,0,1,,2,1,0,village,0,1,2,0,0
1,mixed_seer_strategy,0,1,seed_108_base_1_regime_mixed_seer_strategy_policy_frozen_hybrid_50_50,1,1,3636ee12b35a57bbe8811b59ccf2c37a2bfec25ced6170ee3f51615da6f64f83,seed_108_base_1_regime_mixed_seer_strategy,3,frozen_hybrid_50_50,3,108,0,1,2,,3,1,1,village,0,1,3,0,0
1,mixed_seer_strategy,0,1,seed_108_base_1_regime_mixed_seer_strategy_policy_frozen_ml_epsilon_010,0,0,3636ee12b35a57bbe8811b59ccf2c37a2bfec25ced6170ee3f51615da6f64f83,seed_108_base_1_regime_mixed_seer_strategy,2,frozen_ml_epsilon_010,2,108,0,0,1,,2,1,0,village,0,1,2,0,0
1,mixed_voting_strategy,0,,seed_108_base_1_regime_mixed_voting_strategy_policy_existing_rule,1,0,3636ee12b35a57bbe8811b59ccf2c37a2bfec25ced6170ee3f51615da6f64f83,seed_108_base_1_regime_mixed_voting_strategy,3,existing_rule,3,108,0,2,2,3,3,0,2,wolf,1,1,3,3,1
1,mixed_voting_strategy,0,,seed_108_base_1_regime_mixed_voting_strategy_policy_frozen_ml,0,0,3636ee12b35a57bbe8811b59ccf2c37a2bfec25ced6170ee3f51615da6f64f83,seed_108_base_1_regime_mixed_voting_strategy,3,frozen_ml,3,108,0,1,2,3,3,0,2,wolf,1,1,3,3,1
1,mixed_voting_strategy,0,,seed_108_base_1_regime_mixed_voting_strategy_policy_frozen_hybrid_50_50,0,0,3636ee12b35a57bbe8811b59ccf2c37a2bfec25ced6170ee3f51615da6f64f83,seed_108_base_1_regime_mixed_voting_strategy,3,frozen_hybrid_50_50,3,108,0,1,2,3,3,0,2,wolf,1,1,3,3,1
1,mixed_voting_strategy,0,,seed_108_base_1_regime_mixed_voting_strategy_policy_frozen_ml_epsilon_010,0,0,3636ee12b35a57bbe8811b59ccf2c37a2bfec25ced6170ee3f51615da6f64f83,seed_108_base_1_regime_mixed_voting_strategy,3,frozen_ml_epsilon_010,3,108,0,1,2,3,3,0,2,wolf,1,1,3,3,1
1,mixed_wolf_deception_strategy,0,2,seed_108_base_1_regime_mixed_wolf_deception_strategy_policy_existing_rule,0,1,3636ee12b35a57bbe8811b59ccf2c37a2bfec25ced6170ee3f51615da6f64f83,seed_108_base_1_regime_mixed_wolf_deception_strategy,3,existing_rule,3,108,1,2,2,3,3,0,3,wolf,1,1,3,2,1
1,mixed_wolf_deception_strategy,0,2,seed_108_base_1_regime_mixed_wolf_deception_strategy_policy_frozen_ml,0,1,3636ee12b35a57bbe8811b59ccf2c37a2bfec25ced6170ee3f51615da6f64f83,seed_108_base_1_regime_mixed_wolf_deception_strategy,4,frozen_ml,4,108,1,1,3,4,4,0,3,wolf,0,1,4,1,1
1,mixed_wolf_deception_strategy,0,2,seed_108_base_1_regime_mixed_wolf_deception_strategy_policy_frozen_hybrid_50_50,0,1,3636ee12b35a57bbe8811b59ccf2c37a2bfec25ced6170ee3f51615da6f64f83,seed_108_base_1_regime_mixed_wolf_deception_strategy,4,frozen_hybrid_50_50,4,108,0,0,3,4,4,0,2,wolf,0,1,4,1,1
1,mixed_wolf_deception_strategy,0,2,seed_108_base_1_regime_mixed_wolf_deception_strategy_policy_frozen_ml_epsilon_010,0,1,3636ee12b35a57bbe8811b59ccf2c37a2bfec25ced6170ee3f51615da6f64f83,seed_108_base_1_regime_mixed_wolf_deception_strategy,4,frozen_ml_epsilon_010,4,108,1,1,3,4,4,0,3,wolf,0,1,4,1,1
1,baseline_speech_enabled,0,1,seed_109_base_1_regime_baseline_speech_enabled_policy_existing_rule,0,1,3636ee12b35a57bbe8811b59ccf2c37a2bfec25ced6170ee3f51615da6f64f83,seed_109_base_1_regime_baseline_speech_enabled,4,existing_rule,4,109,1,2,3,,4,1,2,village,1,1,4,0,0
1,baseline_speech_enabled,0,1,seed_109_base_1_regime_baseline_speech_enabled_policy_frozen_ml,0,1,3636ee12b35a57bbe8811b59ccf2c37a2bfec25ced6170ee3f51615da6f64f83,seed_109_base_1_regime_baseline_speech_enabled,4,frozen_ml,4,109,1,2,3,4,4,0,3,wolf,1,1,4,1,1
1,baseline_speech_enabled,0,1,seed_109_base_1_regime_baseline_speech_enabled_policy_frozen_hybrid_50_50,0,1,3636ee12b35a57bbe8811b59ccf2c37a2bfec25ced6170ee3f51615da6f64f83,seed_109_base_1_regime_baseline_speech_enabled,3,frozen_hybrid_50_50,3,109,0,1,2,,3,1,1,village,1,1,3,0,0
1,baseline_speech_enabled,0,1,seed_109_base_1_regime_baseline_speech_enabled_policy_frozen_ml_epsilon_010,0,1,3636ee12b35a57bbe8811b59ccf2c37a2bfec25ced6170ee3f51615da6f64f83,seed_109_base_1_regime_baseline_speech_enabled,4,frozen_ml_epsilon_010,4,109,1,1,3,,4,1,2,village,0,1,4,0,0
1,speech_disabled,0,1,seed_109_base_1_regime_speech_disabled_policy_existing_rule,1,1,3636ee12b35a57bbe8811b59ccf2c37a2bfec25ced6170ee3f51615da6f64f83,seed_109_base_1_regime_speech_disabled,4,existing_rule,4,109,1,3,3,,4,1,1,village,1,1,4,0,0
1,speech_disabled,0,1,seed_109_base_1_regime_speech_disabled_policy_frozen_ml,0,0,3636ee12b35a57bbe8811b59ccf2c37a2bfec25ced6170ee3f51615da6f64f83,seed_109_base_1_regime_speech_disabled,4,frozen_ml,4,109,0,0,3,,4,1,1,village,0,1,4,0,0
1,speech_disabled,0,1,seed_109_base_1_regime_speech_disabled_policy_frozen_hybrid_50_50,0,0,3636ee12b35a57bbe8811b59ccf2c37a2bfec25ced6170ee3f51615da6f64f83,seed_109_base_1_regime_speech_disabled,3,frozen_hybrid_50_50,3,109,0,0,2,,3,1,0,village,0,1,3,0,0
1,speech_disabled,0,1,seed_109_base_1_regime_speech_disabled_policy_frozen_ml_epsilon_010,0,0,3636ee12b35a57bbe8811b59ccf2c37a2bfec25ced6170ee3f51615da6f64f83,seed_109_base_1_regime_speech_disabled,4,frozen_ml_epsilon_010,4,109,0,1,3,,4,1,1,village,1,1,4,0,0
1,herding_enabled,0,1,seed_109_base_1_regime_herding_enabled_policy_existing_rule,1,1,3636ee12b35a57bbe8811b59ccf2c37a2bfec25ced6170ee3f51615da6f64f83,seed_109_base_1_regime_herding_enabled,4,existing_rule,4,109,1,3,3,,4,1,1,village,1,1,4,0,0
1,herding_enabled,0,1,seed_109_base_1_regime_herding_enabled_policy_frozen_ml,0,0,3636ee12b35a57bbe8811b59ccf2c37a2bfec25ced6170ee3f51615da6f64f83,seed_109_base_1_regime_herding_enabled,4,frozen_ml,4,109,0,1,3,,4,1,1,village,1,1,4,0,0
1,herding_enabled,0,1,seed_109_base_1_regime_herding_enabled_policy_frozen_hybrid_50_50,1,1,3636ee12b35a57bbe8811b59ccf2c37a2bfec25ced6170ee3f51615da6f64f83,seed_109_base_1_regime_herding_enabled,3,frozen_hybrid_50_50,3,109,1,2,2,,3,1,0,village,0,1,3,0,0
1,herding_enabled,0,1,seed_109_base_1_regime_herding_enabled_policy_frozen_ml_epsilon_010,0,0,3636ee12b35a57bbe8811b59ccf2c37a2bfec25ced6170ee3f51615da6f64f83,seed_109_base_1_regime_herding_enabled,4,frozen_ml_epsilon_010,4,109,0,1,3,,4,1,1,village,1,1,4,0,0
1,deception_enabled,0,1,seed_109_base_1_regime_deception_enabled_policy_existing_rule,0,1,3636ee12b35a57bbe8811b59ccf2c37a2bfec25ced6170ee3f51615da6f64f83,seed_109_base_1_regime_deception_enabled,3,existing_rule,3,109,1,2,2,,3,1,1,village,1,1,3,0,0
1,deception_enabled,0,1,seed_109_base_1_regime_deception_enabled_policy_frozen_ml,0,1,3636ee12b35a57bbe8811b59ccf2c37a2bfec25ced6170ee3f51615da6f64f83,seed_109_base_1_regime_deception_enabled,4,frozen_ml,4,109,0,1,3,4,4,0,2,wolf,1,1,4,1,1
1,deception_enabled,0,1,seed_109_base_1_regime_deception_enabled_policy_frozen_hybrid_50_50,0,1,3636ee12b35a57bbe8811b59ccf2c37a2bfec25ced6170ee3f51615da6f64f83,seed_109_base_1_regime_deception_enabled,4,frozen_hybrid_50_50,4,109,0,1,3,,4,1,2,village,1,1,4,0,0
1,deception_enabled,0,1,seed_109_base_1_regime_deception_enabled_policy_frozen_ml_epsilon_010,0,1,3636ee12b35a57bbe8811b59ccf2c37a2bfec25ced6170ee3f51615da6f64f83,seed_109_base_1_regime_deception_enabled,4,frozen_ml_epsilon_010,4,109,0,1,3,4,4,0,2,wolf,1,1,4,1,1
1,heterogeneous_risk_preference,0,1,seed_109_base_1_regime_heterogeneous_risk_preference_policy_existing_rule,1,1,3636ee12b35a57bbe8811b59ccf2c37a2bfec25ced6170ee3f51615da6f64f83,seed_109_base_1_regime_heterogeneous_risk_preference,3,existing_rule,3,109,0,2,2,,3,1,1,village,1,1,3,0,0
1,heterogeneous_risk_preference,0,1,seed_109_base_1_regime_heterogeneous_risk_preference_policy_frozen_ml,0,0,3636ee12b35a57bbe8811b59ccf2c37a2bfec25ced6170ee3f51615da6f64f83,seed_109_base_1_regime_heterogeneous_risk_preference,3,frozen_ml,3,109,0,0,2,,3,1,1,village,0,1,3,0,0
1,heterogeneous_risk_preference,0,1,seed_109_base_1_regime_heterogeneous_risk_preference_policy_frozen_hybrid_50_50,0,0,3636ee12b35a57bbe8811b59ccf2c37a2bfec25ced6170ee3f51615da6f64f83,seed_109_base_1_regime_heterogeneous_risk_preference,3,frozen_hybrid_50_50,3,109,0,0,2,,3,1,1,village,0,1,3,0,0
1,heterogeneous_risk_preference,0,1,seed_109_base_1_regime_heterogeneous_risk_preference_policy_frozen_ml_epsilon_010,0,0,3636ee12b35a57bbe8811b59ccf2c37a2bfec25ced6170ee3f51615da6f64f83,seed_109_base_1_regime_heterogeneous_risk_preference,3,frozen_ml_epsilon_010,3,109,0,0,2,,3,1,1,village,0,1,3,0,0
1,strong_village_information,0,1,seed_109_base_1_regime_strong_village_information_policy_existing_rule,0,1,3636ee12b35a57bbe8811b59ccf2c37a2bfec25ced6170ee3f51615da6f64f83,seed_109_base_1_regime_strong_village_information,3,existing_rule,3,109,1,2,2,3,3,0,2,wolf,1,1,3,2,1
1,strong_village_information,0,1,seed_109_base_1_regime_strong_village_information_policy_frozen_ml,1,1,3636ee12b35a57bbe8811b59ccf2c37a2bfec25ced6170ee3f51615da6f64f83,seed_109_base_1_regime_strong_village_information,3,frozen_ml,3,109,0,2,2,3,3,0,2,wolf,1,1,3,2,1
1,strong_village_information,0,1,seed_109_base_1_regime_strong_village_information_policy_frozen_hybrid_50_50,1,1,3636ee12b35a57bbe8811b59ccf2c37a2bfec25ced6170ee3f51615da6f64f83,seed_109_base_1_regime_strong_village_information,3,frozen_hybrid_50_50,3,109,0,1,2,3,3,0,1,wolf,0,1,3,2,1
1,strong_village_information,0,1,seed_109_base_1_regime_strong_village_information_policy_frozen_ml_epsilon_010,0,1,3636ee12b35a57bbe8811b59ccf2c37a2bfec25ced6170ee3f51615da6f64f83,seed_109_base_1_regime_strong_village_information,3,frozen_ml_epsilon_010,3,109,0,1,2,3,3,0,2,wolf,1,1,3,2,1
1,weak_village_information,0,1,seed_109_base_1_regime_weak_village_information_policy_existing_rule,1,1,3636ee12b35a57bbe8811b59ccf2c37a2bfec25ced6170ee3f51615da6f64f83,seed_109_base_1_regime_weak_village_information,3,existing_rule,3,109,1,3,3,3,3,0,1,wolf,1,0,3,2,1
1,weak_village_information,0,2,seed_109_base_1_regime_weak_village_information_policy_frozen_ml,0,0,3636ee12b35a57bbe8811b59ccf2c37a2bfec25ced6170ee3f51615da6f64f83,seed_109_base_1_regime_weak_village_information,3,frozen_ml,3,109,0,0,3,3,3,0,2,wolf,0,0,3,2,1
1,weak_village_information,0,2,seed_109_base_1_regime_weak_village_information_policy_frozen_hybrid_50_50,1,0,3636ee12b35a57bbe8811b59ccf2c37a2bfec25ced6170ee3f51615da6f64f83,seed_109_base_1_regime_weak_village_information,3,frozen_hybrid_50_50,3,109,1,2,3,3,3,0,2,wolf,0,0,3,2,1
1,weak_village_information,0,2,seed_109_base_1_regime_weak_village_information_policy_frozen_ml_epsilon_010,0,0,3636ee12b35a57bbe8811b59ccf2c37a2bfec25ced6170ee3f51615da6f64f83,seed_109_base_1_regime_weak_village_information,3,frozen_ml_epsilon_010,3,109,0,0,3,3,3,0,2,wolf,0,0,3,2,1
1,mixed_seer_strategy,0,1,seed_109_base_1_regime_mixed_seer_strategy_policy_existing_rule,0,1,3636ee12b35a57bbe8811b59ccf2c37a2bfec25ced6170ee3f51615da6f64f83,seed_109_base_1_regime_mixed_seer_strategy,4,existing_rule,4,109,1,2,3,,4,1,2,village,1,1,4,0,0
1,mixed_seer_strategy,0,1,seed_109_base_1_regime_mixed_seer_strategy_policy_frozen_ml,1,1,3636ee12b35a57bbe8811b59ccf2c37a2bfec25ced6170ee3f51615da6f64f83,seed_109_base_1_regime_mixed_seer_strategy,4,frozen_ml,4,109,0,1,3,4,4,0,2,wolf,0,1,4,1,1
1,mixed_seer_strategy,0,1,seed_109_base_1_regime_mixed_seer_strategy_policy_frozen_hybrid_50_50,1,1,3636ee12b35a57bbe8811b59ccf2c37a2bfec25ced6170ee3f51615da6f64f83,seed_109_base_1_regime_mixed_seer_strategy,4,frozen_hybrid_50_50,4,109,0,1,3,,4,1,1,village,0,1,4,0,0
1,mixed_seer_strategy,0,1,seed_109_base_1_regime_mixed_seer_strategy_policy_frozen_ml_epsilon_010,1,1,3636ee12b35a57bbe8811b59ccf2c37a2bfec25ced6170ee3f51615da6f64f83,seed_109_base_1_regime_mixed_seer_strategy,4,frozen_ml_epsilon_010,4,109,0,1,3,4,4,0,2,wolf,0,1,4,1,1
1,mixed_voting_strategy,0,,seed_109_base_1_regime_mixed_voting_strategy_policy_existing_rule,0,0,3636ee12b35a57bbe8811b59ccf2c37a2bfec25ced6170ee3f51615da6f64f83,seed_109_base_1_regime_mixed_voting_strategy,2,existing_rule,2,109,1,1,1,2,2,0,2,wolf,0,1,2,3,1
1,mixed_voting_strategy,0,,seed_109_base_1_regime_mixed_voting_strategy_policy_frozen_ml,0,0,3636ee12b35a57bbe8811b59ccf2c37a2bfec25ced6170ee3f51615da6f64f83,seed_109_base_1_regime_mixed_voting_strategy,2,frozen_ml,2,109,0,0,1,2,2,0,2,wolf,0,1,2,3,1
1,mixed_voting_strategy,0,,seed_109_base_1_regime_mixed_voting_strategy_policy_frozen_hybrid_50_50,0,0,3636ee12b35a57bbe8811b59ccf2c37a2bfec25ced6170ee3f51615da6f64f83,seed_109_base_1_regime_mixed_voting_strategy,2,frozen_hybrid_50_50,2,109,0,0,1,2,2,0,2,wolf,0,1,2,3,1
1,mixed_voting_strategy,0,,seed_109_base_1_regime_mixed_voting_strategy_policy_frozen_ml_epsilon_010,0,0,3636ee12b35a57bbe8811b59ccf2c37a2bfec25ced6170ee3f51615da6f64f83,seed_109_base_1_regime_mixed_voting_strategy,2,frozen_ml_epsilon_010,2,109,0,0,1,2,2,0,2,wolf,0,1,2,3,1
1,mixed_wolf_deception_strategy,0,1,seed_109_base_1_regime_mixed_wolf_deception_strategy_policy_existing_rule,0,1,3636ee12b35a57bbe8811b59ccf2c37a2bfec25ced6170ee3f51615da6f64f83,seed_109_base_1_regime_mixed_wolf_deception_strategy,3,existing_rule,3,109,1,2,2,3,3,0,2,wolf,1,1,3,2,1
1,mixed_wolf_deception_strategy,0,1,seed_109_base_1_regime_mixed_wolf_deception_strategy_policy_frozen_ml,0,1,3636ee12b35a57bbe8811b59ccf2c37a2bfec25ced6170ee3f51615da6f64f83,seed_109_base_1_regime_mixed_wolf_deception_strategy,3,frozen_ml,3,109,0,0,2,3,3,0,1,wolf,0,1,3,2,1
1,mixed_wolf_deception_strategy,0,1,seed_109_base_1_regime_mixed_wolf_deception_strategy_policy_frozen_hybrid_50_50,1,1,3636ee12b35a57bbe8811b59ccf2c37a2bfec25ced6170ee3f51615da6f64f83,seed_109_base_1_regime_mixed_wolf_deception_strategy,3,frozen_hybrid_50_50,3,109,0,1,2,3,3,0,2,wolf,0,1,3,2,1
1,mixed_wolf_deception_strategy,0,1,seed_109_base_1_regime_mixed_wolf_deception_strategy_policy_frozen_ml_epsilon_010,0,1,3636ee12b35a57bbe8811b59ccf2c37a2bfec25ced6170ee3f51615da6f64f83,seed_109_base_1_regime_mixed_wolf_deception_strategy,3,frozen_ml_epsilon_010,3,109,0,0,2,3,3,0,1,wolf,0,1,3,2,1
1,baseline_speech_enabled,0,1,seed_110_base_1_regime_baseline_speech_enabled_policy_existing_rule,0,1,3636ee12b35a57bbe8811b59ccf2c37a2bfec25ced6170ee3f51615da6f64f83,seed_110_base_1_regime_baseline_speech_enabled,2,existing_rule,2,110,1,1,1,,2,1,1,village,0,1,2,0,0
1,baseline_speech_enabled,0,1,seed_110_base_1_regime_baseline_speech_enabled_policy_frozen_ml,0,1,3636ee12b35a57bbe8811b59ccf2c37a2bfec25ced6170ee3f51615da6f64f83,seed_110_base_1_regime_baseline_speech_enabled,2,frozen_ml,2,110,0,0,1,,2,1,1,village,0,1,2,0,0
1,baseline_speech_enabled,0,1,seed_110_base_1_regime_baseline_speech_enabled_policy_frozen_hybrid_50_50,0,1,3636ee12b35a57bbe8811b59ccf2c37a2bfec25ced6170ee3f51615da6f64f83,seed_110_base_1_regime_baseline_speech_enabled,2,frozen_hybrid_50_50,2,110,0,0,1,,2,1,1,village,0,1,2,0,0
1,baseline_speech_enabled,0,1,seed_110_base_1_regime_baseline_speech_enabled_policy_frozen_ml_epsilon_010,0,1,3636ee12b35a57bbe8811b59ccf2c37a2bfec25ced6170ee3f51615da6f64f83,seed_110_base_1_regime_baseline_speech_enabled,2,frozen_ml_epsilon_010,2,110,0,0,1,,2,1,1,village,0,1,2,0,0
1,speech_disabled,0,1,seed_110_base_1_regime_speech_disabled_policy_existing_rule,0,1,3636ee12b35a57bbe8811b59ccf2c37a2bfec25ced6170ee3f51615da6f64f83,seed_110_base_1_regime_speech_disabled,4,existing_rule,4,110,1,2,3,4,4,0,2,wolf,1,1,4,1,1
1,speech_disabled,0,1,seed_110_base_1_regime_speech_disabled_policy_frozen_ml,0,1,3636ee12b35a57bbe8811b59ccf2c37a2bfec25ced6170ee3f51615da6f64f83,seed_110_base_1_regime_speech_disabled,4,frozen_ml,4,110,1,2,3,4,4,0,2,wolf,1,1,4,1,1
1,speech_disabled,0,1,seed_110_base_1_regime_speech_disabled_policy_frozen_hybrid_50_50,1,1,3636ee12b35a57bbe8811b59ccf2c37a2bfec25ced6170ee3f51615da6f64f83,seed_110_base_1_regime_speech_disabled,4,frozen_hybrid_50_50,4,110,1,2,3,4,4,0,2,wolf,0,1,4,1,1
1,speech_disabled,0,1,seed_110_base_1_regime_speech_disabled_policy_frozen_ml_epsilon_010,0,1,3636ee12b35a57bbe8811b59ccf2c37a2bfec25ced6170ee3f51615da6f64f83,seed_110_base_1_regime_speech_disabled,4,frozen_ml_epsilon_010,4,110,1,2,3,4,4,0,2,wolf,1,1,4,1,1
1,herding_enabled,0,2,seed_110_base_1_regime_herding_enabled_policy_existing_rule,1,0,3636ee12b35a57bbe8811b59ccf2c37a2bfec25ced6170ee3f51615da6f64f83,seed_110_base_1_regime_herding_enabled,4,existing_rule,4,110,1,3,3,4,4,0,2,wolf,1,1,4,2,1
1,herding_enabled,0,2,seed_110_base_1_regime_herding_enabled_policy_frozen_ml,1,1,3636ee12b35a57bbe8811b59ccf2c37a2bfec25ced6170ee3f51615da6f64f83,seed_110_base_1_regime_herding_enabled,3,frozen_ml,3,110,0,1,2,,3,1,1,village,0,1,3,0,0
1,herding_enabled,0,2,seed_110_base_1_regime_herding_enabled_policy_frozen_hybrid_50_50,1,0,3636ee12b35a57bbe8811b59ccf2c37a2bfec25ced6170ee3f51615da6f64f83,seed_110_base_1_regime_herding_enabled,4,frozen_hybrid_50_50,4,110,0,2,3,4,4,0,2,wolf,1,1,4,2,1
1,herding_enabled,0,2,seed_110_base_1_regime_herding_enabled_policy_frozen_ml_epsilon_010,1,1,3636ee12b35a57bbe8811b59ccf2c37a2bfec25ced6170ee3f51615da6f64f83,seed_110_base_1_regime_herding_enabled,3,frozen_ml_epsilon_010,3,110,0,1,2,,3,1,1,village,0,1,3,0,0
1,deception_enabled,0,,seed_110_base_1_regime_deception_enabled_policy_existing_rule,1,0,3636ee12b35a57bbe8811b59ccf2c37a2bfec25ced6170ee3f51615da6f64f83,seed_110_base_1_regime_deception_enabled,3,existing_rule,3,110,1,2,2,3,3,0,2,wolf,0,1,3,3,1
1,deception_enabled,0,,seed_110_base_1_regime_deception_enabled_policy_frozen_ml,0,0,3636ee12b35a57bbe8811b59ccf2c37a2bfec25ced6170ee3f51615da6f64f83,seed_110_base_1_regime_deception_enabled,3,frozen_ml,3,110,0,0,2,3,3,0,2,wolf,0,1,3,3,1
1,deception_enabled,0,,seed_110_base_1_regime_deception_enabled_policy_frozen_hybrid_50_50,1,0,3636ee12b35a57bbe8811b59ccf2c37a2bfec25ced6170ee3f51615da6f64f83,seed_110_base_1_regime_deception_enabled,3,frozen_hybrid_50_50,3,110,0,1,2,3,3,0,2,wolf,0,1,3,3,1
1,deception_enabled,0,,seed_110_base_1_regime_deception_enabled_policy_frozen_ml_epsilon_010,0,0,3636ee12b35a57bbe8811b59ccf2c37a2bfec25ced6170ee3f51615da6f64f83,seed_110_base_1_regime_deception_enabled,3,frozen_ml_epsilon_010,3,110,0,0,2,3,3,0,2,wolf,0,1,3,3,1
1,heterogeneous_risk_preference,0,,seed_110_base_1_regime_heterogeneous_risk_preference_policy_existing_rule,0,0,3636ee12b35a57bbe8811b59ccf2c37a2bfec25ced6170ee3f51615da6f64f83,seed_110_base_1_regime_heterogeneous_risk_preference,3,existing_rule,3,110,1,2,2,3,3,0,2,wolf,1,1,3,3,1
1,heterogeneous_risk_preference,0,,seed_110_base_1_regime_heterogeneous_risk_preference_policy_frozen_ml,0,0,3636ee12b35a57bbe8811b59ccf2c37a2bfec25ced6170ee3f51615da6f64f83,seed_110_base_1_regime_heterogeneous_risk_preference,3,frozen_ml,3,110,0,1,2,3,3,0,2,wolf,1,1,3,3,1
1,heterogeneous_risk_preference,0,,seed_110_base_1_regime_heterogeneous_risk_preference_policy_frozen_hybrid_50_50,0,0,3636ee12b35a57bbe8811b59ccf2c37a2bfec25ced6170ee3f51615da6f64f83,seed_110_base_1_regime_heterogeneous_risk_preference,3,frozen_hybrid_50_50,3,110,0,1,2,3,3,0,2,wolf,1,1,3,3,1
1,heterogeneous_risk_preference,0,,seed_110_base_1_regime_heterogeneous_risk_preference_policy_frozen_ml_epsilon_010,0,0,3636ee12b35a57bbe8811b59ccf2c37a2bfec25ced6170ee3f51615da6f64f83,seed_110_base_1_regime_heterogeneous_risk_preference,3,frozen_ml_epsilon_010,3,110,0,1,2,3,3,0,2,wolf,1,1,3,3,1
1,strong_village_information,0,1,seed_110_base_1_regime_strong_village_information_policy_existing_rule,1,1,3636ee12b35a57bbe8811b59ccf2c37a2bfec25ced6170ee3f51615da6f64f83,seed_110_base_1_regime_strong_village_information,4,existing_rule,4,110,1,3,3,,4,1,1,village,1,1,4,0,0
1,strong_village_information,0,1,seed_110_base_1_regime_strong_village_information_policy_frozen_ml,0,1,3636ee12b35a57bbe8811b59ccf2c37a2bfec25ced6170ee3f51615da6f64f83,seed_110_base_1_regime_strong_village_information,3,frozen_ml,3,110,0,0,2,3,3,0,1,wolf,0,1,3,2,1
1,strong_village_information,0,1,seed_110_base_1_regime_strong_village_information_policy_frozen_hybrid_50_50,0,1,3636ee12b35a57bbe8811b59ccf2c37a2bfec25ced6170ee3f51615da6f64f83,seed_110_base_1_regime_strong_village_information,4,frozen_hybrid_50_50,4,110,0,0,3,,4,1,1,village,0,1,4,0,0
1,strong_village_information,0,1,seed_110_base_1_regime_strong_village_information_policy_frozen_ml_epsilon_010,0,1,3636ee12b35a57bbe8811b59ccf2c37a2bfec25ced6170ee3f51615da6f64f83,seed_110_base_1_regime_strong_village_information,3,frozen_ml_epsilon_010,3,110,0,0,2,3,3,0,1,wolf,0,1,3,2,1
1,weak_village_information,0,1,seed_110_base_1_regime_weak_village_information_policy_existing_rule,1,1,3636ee12b35a57bbe8811b59ccf2c37a2bfec25ced6170ee3f51615da6f64f83,seed_110_base_1_regime_weak_village_information,3,existing_rule,3,110,1,2,3,,3,1,2,village,0,0,3,0,0
1,weak_village_information,0,1,seed_110_base_1_regime_weak_village_information_policy_frozen_ml,0,1,3636ee12b35a57bbe8811b59ccf2c37a2bfec25ced6170ee3f51615da6f64f83,seed_110_base_1_regime_weak_village_information,3,frozen_ml,3,110,1,1,3,,3,1,2,village,0,0,3,0,0
1,weak_village_information,0,1,seed_110_base_1_regime_weak_village_information_policy_frozen_hybrid_50_50,0,1,3636ee12b35a57bbe8811b59ccf2c37a2bfec25ced6170ee3f51615da6f64f83,seed_110_base_1_regime_weak_village_information,3,frozen_hybrid_50_50,3,110,1,1,3,,3,1,2,village,0,0,3,0,0
1,weak_village_information,0,1,seed_110_base_1_regime_weak_village_information_policy_frozen_ml_epsilon_010,0,1,3636ee12b35a57bbe8811b59ccf2c37a2bfec25ced6170ee3f51615da6f64f83,seed_110_base_1_regime_weak_village_information,3,frozen_ml_epsilon_010,3,110,1,1,3,,3,1,2,village,0,0,3,0,0
1,mixed_seer_strategy,0,2,seed_110_base_1_regime_mixed_seer_strategy_policy_existing_rule,1,1,3636ee12b35a57bbe8811b59ccf2c37a2bfec25ced6170ee3f51615da6f64f83,seed_110_base_1_regime_mixed_seer_strategy,3,existing_rule,3,110,1,3,3,3,3,0,1,wolf,1,0,3,2,1
1,mixed_seer_strategy,0,2,seed_110_base_1_regime_mixed_seer_strategy_policy_frozen_ml,1,1,3636ee12b35a57bbe8811b59ccf2c37a2bfec25ced6170ee3f51615da6f64f83,seed_110_base_1_regime_mixed_seer_strategy,4,frozen_ml,4,110,0,2,4,,4,1,1,village,1,0,4,0,0
1,mixed_seer_strategy,0,,seed_110_base_1_regime_mixed_seer_strategy_policy_frozen_hybrid_50_50,0,0,3636ee12b35a57bbe8811b59ccf2c37a2bfec25ced6170ee3f51615da6f64f83,seed_110_base_1_regime_mixed_seer_strategy,2,frozen_hybrid_50_50,2,110,1,2,2,2,2,0,2,wolf,1,0,2,3,1
1,mixed_seer_strategy,0,2,seed_110_base_1_regime_mixed_seer_strategy_policy_frozen_ml_epsilon_010,1,1,3636ee12b35a57bbe8811b59ccf2c37a2bfec25ced6170ee3f51615da6f64f83,seed_110_base_1_regime_mixed_seer_strategy,4,frozen_ml_epsilon_010,4,110,0,2,4,,4,1,1,village,1,0,4,0,0
1,mixed_voting_strategy,0,2,seed_110_base_1_regime_mixed_voting_strategy_policy_existing_rule,0,0,3636ee12b35a57bbe8811b59ccf2c37a2bfec25ced6170ee3f51615da6f64f83,seed_110_base_1_regime_mixed_voting_strategy,3,existing_rule,3,110,1,2,2,3,3,0,3,wolf,1,1,3,2,1
1,mixed_voting_strategy,0,2,seed_110_base_1_regime_mixed_voting_strategy_policy_frozen_ml,1,1,3636ee12b35a57bbe8811b59ccf2c37a2bfec25ced6170ee3f51615da6f64f83,seed_110_base_1_regime_mixed_voting_strategy,3,frozen_ml,3,110,0,1,2,3,3,0,2,wolf,0,1,3,2,1
1,mixed_voting_strategy,0,2,seed_110_base_1_regime_mixed_voting_strategy_policy_frozen_hybrid_50_50,0,0,3636ee12b35a57bbe8811b59ccf2c37a2bfec25ced6170ee3f51615da6f64f83,seed_110_base_1_regime_mixed_voting_strategy,3,frozen_hybrid_50_50,3,110,0,0,2,3,3,0,3,wolf,0,1,3,2,1
1,mixed_voting_strategy,0,2,seed_110_base_1_regime_mixed_voting_strategy_policy_frozen_ml_epsilon_010,1,1,3636ee12b35a57bbe8811b59ccf2c37a2bfec25ced6170ee3f51615da6f64f83,seed_110_base_1_regime_mixed_voting_strategy,3,frozen_ml_epsilon_010,3,110,0,1,2,3,3,0,2,wolf,0,1,3,2,1
1,mixed_wolf_deception_strategy,0,,seed_110_base_1_regime_mixed_wolf_deception_strategy_policy_existing_rule,0,0,3636ee12b35a57bbe8811b59ccf2c37a2bfec25ced6170ee3f51615da6f64f83,seed_110_base_1_regime_mixed_wolf_deception_strategy,3,existing_rule,3,110,1,2,2,3,3,0,2,wolf,1,1,3,3,1
1,mixed_wolf_deception_strategy,0,,seed_110_base_1_regime_mixed_wolf_deception_strategy_policy_frozen_ml,0,0,3636ee12b35a57bbe8811b59ccf2c37a2bfec25ced6170ee3f51615da6f64f83,seed_110_base_1_regime_mixed_wolf_deception_strategy,3,frozen_ml,3,110,1,2,2,3,3,0,2,wolf,1,1,3,3,1
1,mixed_wolf_deception_strategy,0,2,seed_110_base_1_regime_mixed_wolf_deception_strategy_policy_frozen_hybrid_50_50,0,0,3636ee12b35a57bbe8811b59ccf2c37a2bfec25ced6170ee3f51615da6f64f83,seed_110_base_1_regime_mixed_wolf_deception_strategy,4,frozen_hybrid_50_50,4,110,1,1,3,,4,1,2,village,0,1,4,0,0
1,mixed_wolf_deception_strategy,0,,seed_110_base_1_regime_mixed_wolf_deception_strategy_policy_frozen_ml_epsilon_010,0,0,3636ee12b35a57bbe8811b59ccf2c37a2bfec25ced6170ee3f51615da6f64f83,seed_110_base_1_regime_mixed_wolf_deception_strategy,3,frozen_ml_epsilon_010,3,110,1,2,2,3,3,0,2,wolf,1,1,3,3,1
1,baseline_speech_enabled,0,,seed_111_base_1_regime_baseline_speech_enabled_policy_existing_rule,0,0,3636ee12b35a57bbe8811b59ccf2c37a2bfec25ced6170ee3f51615da6f64f83,seed_111_base_1_regime_baseline_speech_enabled,2,existing_rule,2,111,1,1,1,2,2,0,2,wolf,0,1,2,3,1
1,baseline_speech_enabled,0,,seed_111_base_1_regime_baseline_speech_enabled_policy_frozen_ml,1,1,3636ee12b35a57bbe8811b59ccf2c37a2bfec25ced6170ee3f51615da6f64f83,seed_111_base_1_regime_baseline_speech_enabled,2,frozen_ml,2,111,0,1,1,2,2,0,2,wolf,0,1,2,3,1
1,baseline_speech_enabled,0,,seed_111_base_1_regime_baseline_speech_enabled_policy_frozen_hybrid_50_50,0,0,3636ee12b35a57bbe8811b59ccf2c37a2bfec25ced6170ee3f51615da6f64f83,seed_111_base_1_regime_baseline_speech_enabled,2,frozen_hybrid_50_50,2,111,0,0,1,2,2,0,2,wolf,0,1,2,3,1
1,baseline_speech_enabled,0,,seed_111_base_1_regime_baseline_speech_enabled_policy_frozen_ml_epsilon_010,1,1,3636ee12b35a57bbe8811b59ccf2c37a2bfec25ced6170ee3f51615da6f64f83,seed_111_base_1_regime_baseline_speech_enabled,2,frozen_ml_epsilon_010,2,111,0,1,1,2,2,0,2,wolf,0,1,2,3,1
1,speech_disabled,0,1,seed_111_base_1_regime_speech_disabled_policy_existing_rule,1,0,3636ee12b35a57bbe8811b59ccf2c37a2bfec25ced6170ee3f51615da6f64f83,seed_111_base_1_regime_speech_disabled,4,existing_rule,4,111,1,3,3,4,4,0,2,wolf,1,1,4,2,1
1,speech_disabled,0,1,seed_111_base_1_regime_speech_disabled_policy_frozen_ml,0,0,3636ee12b35a57bbe8811b59ccf2c37a2bfec25ced6170ee3f51615da6f64f83,seed_111_base_1_regime_speech_disabled,4,frozen_ml,4,111,0,1,3,,4,1,1,village,1,1,4,0,0
1,speech_disabled,0,1,seed_111_base_1_regime_speech_disabled_policy_frozen_hybrid_50_50,0,0,3636ee12b35a57bbe8811b59ccf2c37a2bfec25ced6170ee3f51615da6f64f83,seed_111_base_1_regime_speech_disabled,4,frozen_hybrid_50_50,4,111,0,0,3,4,4,0,2,wolf,0,1,4,1,1
1,speech_disabled,0,1,seed_111_base_1_regime_speech_disabled_policy_frozen_ml_epsilon_010,0,0,3636ee12b35a57bbe8811b59ccf2c37a2bfec25ced6170ee3f51615da6f64f83,seed_111_base_1_regime_speech_disabled,4,frozen_ml_epsilon_010,4,111,0,1,3,,4,1,1,village,1,1,4,0,0
1,herding_enabled,0,1,seed_111_base_1_regime_herding_enabled_policy_existing_rule,0,0,3636ee12b35a57bbe8811b59ccf2c37a2bfec25ced6170ee3f51615da6f64f83,seed_111_base_1_regime_herding_enabled,2,existing_rule,2,111,1,1,1,,2,1,0,village,0,1,2,0,0
1,herding_enabled,0,1,seed_111_base_1_regime_herding_enabled_policy_frozen_ml,1,1,3636ee12b35a57bbe8811b59ccf2c37a2bfec25ced6170ee3f51615da6f64f83,seed_111_base_1_regime_herding_enabled,2,frozen_ml,2,111,0,2,2,,2,1,0,village,1,0,2,0,0
1,herding_enabled,0,1,seed_111_base_1_regime_herding_enabled_policy_frozen_hybrid_50_50,1,1,3636ee12b35a57bbe8811b59ccf2c37a2bfec25ced6170ee3f51615da6f64f83,seed_111_base_1_regime_herding_enabled,2,frozen_hybrid_50_50,2,111,0,1,2,,2,1,0,village,0,0,2,0,0
1,herding_enabled,0,1,seed_111_base_1_regime_herding_enabled_policy_frozen_ml_epsilon_010,1,1,3636ee12b35a57bbe8811b59ccf2c37a2bfec25ced6170ee3f51615da6f64f83,seed_111_base_1_regime_herding_enabled,2,frozen_ml_epsilon_010,2,111,0,2,2,,2,1,0,village,1,0,2,0,0
1,deception_enabled,0,1,seed_111_base_1_regime_deception_enabled_policy_existing_rule,0,1,3636ee12b35a57bbe8811b59ccf2c37a2bfec25ced6170ee3f51615da6f64f83,seed_111_base_1_regime_deception_enabled,3,existing_rule,3,111,1,2,2,3,3,0,2,wolf,1,1,3,2,1
1,deception_enabled,0,1,seed_111_base_1_regime_deception_enabled_policy_frozen_ml,0,1,3636ee12b35a57bbe8811b59ccf2c37a2bfec25ced6170ee3f51615da6f64f83,seed_111_base_1_regime_deception_enabled,3,frozen_ml,3,111,0,1,2,,3,1,2,village,1,1,3,0,0
1,deception_enabled,0,1,seed_111_base_1_regime_deception_enabled_policy_frozen_hybrid_50_50,0,1,3636ee12b35a57bbe8811b59ccf2c37a2bfec25ced6170ee3f51615da6f64f83,seed_111_base_1_regime_deception_enabled,3,frozen_hybrid_50_50,3,111,0,0,2,,3,1,2,village,0,1,3,0,0
1,deception_enabled,0,1,seed_111_base_1_regime_deception_enabled_policy_frozen_ml_epsilon_010,0,1,3636ee12b35a57bbe8811b59ccf2c37a2bfec25ced6170ee3f51615da6f64f83,seed_111_base_1_regime_deception_enabled,3,frozen_ml_epsilon_010,3,111,0,1,2,,3,1,2,village,1,1,3,0,0
1,heterogeneous_risk_preference,0,1,seed_111_base_1_regime_heterogeneous_risk_preference_policy_existing_rule,1,1,3636ee12b35a57bbe8811b59ccf2c37a2bfec25ced6170ee3f51615da6f64f83,seed_111_base_1_regime_heterogeneous_risk_preference,3,existing_rule,3,111,1,2,2,,3,1,1,village,0,1,3,0,0
1,heterogeneous_risk_preference,0,1,seed_111_base_1_regime_heterogeneous_risk_preference_policy_frozen_ml,1,1,3636ee12b35a57bbe8811b59ccf2c37a2bfec25ced6170ee3f51615da6f64f83,seed_111_base_1_regime_heterogeneous_risk_preference,4,frozen_ml,4,111,0,2,3,4,4,0,2,wolf,1,1,4,1,1
1,heterogeneous_risk_preference,0,1,seed_111_base_1_regime_heterogeneous_risk_preference_policy_frozen_hybrid_50_50,1,1,3636ee12b35a57bbe8811b59ccf2c37a2bfec25ced6170ee3f51615da6f64f83,seed_111_base_1_regime_heterogeneous_risk_preference,3,frozen_hybrid_50_50,3,111,0,2,2,,3,1,0,village,1,1,3,0,0
1,heterogeneous_risk_preference,0,1,seed_111_base_1_regime_heterogeneous_risk_preference_policy_frozen_ml_epsilon_010,1,1,3636ee12b35a57bbe8811b59ccf2c37a2bfec25ced6170ee3f51615da6f64f83,seed_111_base_1_regime_heterogeneous_risk_preference,4,frozen_ml_epsilon_010,4,111,0,2,3,4,4,0,2,wolf,1,1,4,1,1
1,strong_village_information,0,,seed_111_base_1_regime_strong_village_information_policy_existing_rule,1,0,3636ee12b35a57bbe8811b59ccf2c37a2bfec25ced6170ee3f51615da6f64f83,seed_111_base_1_regime_strong_village_information,3,existing_rule,3,111,1,2,2,3,3,0,2,wolf,0,1,3,3,1
1,strong_village_information,0,,seed_111_base_1_regime_strong_village_information_policy_frozen_ml,0,0,3636ee12b35a57bbe8811b59ccf2c37a2bfec25ced6170ee3f51615da6f64f83,seed_111_base_1_regime_strong_village_information,3,frozen_ml,3,111,1,1,2,3,3,0,2,wolf,0,1,3,3,1
1,strong_village_information,0,,seed_111_base_1_regime_strong_village_information_policy_frozen_hybrid_50_50,1,0,3636ee12b35a57bbe8811b59ccf2c37a2bfec25ced6170ee3f51615da6f64f83,seed_111_base_1_regime_strong_village_information,3,frozen_hybrid_50_50,3,111,1,2,2,3,3,0,2,wolf,0,1,3,3,1
1,strong_village_information,0,,seed_111_base_1_regime_strong_village_information_policy_frozen_ml_epsilon_010,0,0,3636ee12b35a57bbe8811b59ccf2c37a2bfec25ced6170ee3f51615da6f64f83,seed_111_base_1_regime_strong_village_information,3,frozen_ml_epsilon_010,3,111,1,1,2,3,3,0,2,wolf,0,1,3,3,1
1,weak_village_information,0,1,seed_111_base_1_regime_weak_village_information_policy_existing_rule,1,1,3636ee12b35a57bbe8811b59ccf2c37a2bfec25ced6170ee3f51615da6f64f83,seed_111_base_1_regime_weak_village_information,3,existing_rule,3,111,1,2,3,3,3,0,2,wolf,0,0,3,1,1
1,weak_village_information,0,1,seed_111_base_1_regime_weak_village_information_policy_frozen_ml,1,0,3636ee12b35a57bbe8811b59ccf2c37a2bfec25ced6170ee3f51615da6f64f83,seed_111_base_1_regime_weak_village_information,4,frozen_ml,4,111,1,2,4,4,4,0,2,wolf,0,0,4,1,1
1,weak_village_information,0,1,seed_111_base_1_regime_weak_village_information_policy_frozen_hybrid_50_50,0,0,3636ee12b35a57bbe8811b59ccf2c37a2bfec25ced6170ee3f51615da6f64f83,seed_111_base_1_regime_weak_village_information,3,frozen_hybrid_50_50,3,111,1,1,3,,3,1,1,village,0,0,3,0,0
1,weak_village_information,0,1,seed_111_base_1_regime_weak_village_information_policy_frozen_ml_epsilon_010,1,0,3636ee12b35a57bbe8811b59ccf2c37a2bfec25ced6170ee3f51615da6f64f83,seed_111_base_1_regime_weak_village_information,4,frozen_ml_epsilon_010,4,111,1,2,4,4,4,0,2,wolf,0,0,4,1,1
1,mixed_seer_strategy,0,2,seed_111_base_1_regime_mixed_seer_strategy_policy_existing_rule,1,1,3636ee12b35a57bbe8811b59ccf2c37a2bfec25ced6170ee3f51615da6f64f83,seed_111_base_1_regime_mixed_seer_strategy,4,existing_rule,4,111,1,2,3,4,4,0,2,wolf,0,1,4,1,1
1,mixed_seer_strategy,0,2,seed_111_base_1_regime_mixed_seer_strategy_policy_frozen_ml,1,1,3636ee12b35a57bbe8811b59ccf2c37a2bfec25ced6170ee3f51615da6f64f83,seed_111_base_1_regime_mixed_seer_strategy,4,frozen_ml,4,111,1,2,3,,4,1,2,village,0,1,4,0,0
1,mixed_seer_strategy,0,2,seed_111_base_1_regime_mixed_seer_strategy_policy_frozen_hybrid_50_50,1,1,3636ee12b35a57bbe8811b59ccf2c37a2bfec25ced6170ee3f51615da6f64f83,seed_111_base_1_regime_mixed_seer_strategy,4,frozen_hybrid_50_50,4,111,1,2,3,4,4,0,3,wolf,0,1,4,1,1
1,mixed_seer_strategy,0,2,seed_111_base_1_regime_mixed_seer_strategy_policy_frozen_ml_epsilon_010,1,1,3636ee12b35a57bbe8811b59ccf2c37a2bfec25ced6170ee3f51615da6f64f83,seed_111_base_1_regime_mixed_seer_strategy,4,frozen_ml_epsilon_010,4,111,1,2,3,,4,1,2,village,0,1,4,0,0
1,mixed_voting_strategy,0,,seed_111_base_1_regime_mixed_voting_strategy_policy_existing_rule,0,0,3636ee12b35a57bbe8811b59ccf2c37a2bfec25ced6170ee3f51615da6f64f83,seed_111_base_1_regime_mixed_voting_strategy,2,existing_rule,2,111,1,1,1,2,2,0,2,wolf,0,1,2,3,1
1,mixed_voting_strategy,0,,seed_111_base_1_regime_mixed_voting_strategy_policy_frozen_ml,0,0,3636ee12b35a57bbe8811b59ccf2c37a2bfec25ced6170ee3f51615da6f64f83,seed_111_base_1_regime_mixed_voting_strategy,3,frozen_ml,3,111,0,1,2,3,3,0,2,wolf,1,1,3,3,1
1,mixed_voting_strategy,0,,seed_111_base_1_regime_mixed_voting_strategy_policy_frozen_hybrid_50_50,0,0,3636ee12b35a57bbe8811b59ccf2c37a2bfec25ced6170ee3f51615da6f64f83,seed_111_base_1_regime_mixed_voting_strategy,3,frozen_hybrid_50_50,3,111,0,1,2,3,3,0,2,wolf,1,1,3,3,1
1,mixed_voting_strategy,0,,seed_111_base_1_regime_mixed_voting_strategy_policy_frozen_ml_epsilon_010,0,0,3636ee12b35a57bbe8811b59ccf2c37a2bfec25ced6170ee3f51615da6f64f83,seed_111_base_1_regime_mixed_voting_strategy,3,frozen_ml_epsilon_010,3,111,0,1,2,3,3,0,2,wolf,1,1,3,3,1
1,mixed_wolf_deception_strategy,0,2,seed_111_base_1_regime_mixed_wolf_deception_strategy_policy_existing_rule,1,1,3636ee12b35a57bbe8811b59ccf2c37a2bfec25ced6170ee3f51615da6f64f83,seed_111_base_1_regime_mixed_wolf_deception_strategy,4,existing_rule,4,111,1,3,3,4,4,0,2,wolf,1,1,4,1,1
1,mixed_wolf_deception_strategy,0,2,seed_111_base_1_regime_mixed_wolf_deception_strategy_policy_frozen_ml,1,1,3636ee12b35a57bbe8811b59ccf2c37a2bfec25ced6170ee3f51615da6f64f83,seed_111_base_1_regime_mixed_wolf_deception_strategy,4,frozen_ml,4,111,1,2,3,4,4,0,3,wolf,0,1,4,1,1
1,mixed_wolf_deception_strategy,0,2,seed_111_base_1_regime_mixed_wolf_deception_strategy_policy_frozen_hybrid_50_50,1,1,3636ee12b35a57bbe8811b59ccf2c37a2bfec25ced6170ee3f51615da6f64f83,seed_111_base_1_regime_mixed_wolf_deception_strategy,4,frozen_hybrid_50_50,4,111,1,2,3,4,4,0,3,wolf,0,1,4,1,1
1,mixed_wolf_deception_strategy,0,2,seed_111_base_1_regime_mixed_wolf_deception_strategy_policy_frozen_ml_epsilon_010,1,1,3636ee12b35a57bbe8811b59ccf2c37a2bfec25ced6170ee3f51615da6f64f83,seed_111_base_1_regime_mixed_wolf_deception_strategy,4,frozen_ml_epsilon_010,4,111,1,2,3,4,4,0,3,wolf,0,1,4,1,1
1,baseline_speech_enabled,0,2,seed_112_base_1_regime_baseline_speech_enabled_policy_existing_rule,0,0,3636ee12b35a57bbe8811b59ccf2c37a2bfec25ced6170ee3f51615da6f64f83,seed_112_base_1_regime_baseline_speech_enabled,3,existing_rule,3,112,1,2,2,3,3,0,3,wolf,1,1,3,2,1
1,baseline_speech_enabled,0,2,seed_112_base_1_regime_baseline_speech_enabled_policy_frozen_ml,1,1,3636ee12b35a57bbe8811b59ccf2c37a2bfec25ced6170ee3f51615da6f64f83,seed_112_base_1_regime_baseline_speech_enabled,3,frozen_ml,3,112,0,1,2,3,3,0,2,wolf,0,1,3,2,1
1,baseline_speech_enabled,0,2,seed_112_base_1_regime_baseline_speech_enabled_policy_frozen_hybrid_50_50,1,1,3636ee12b35a57bbe8811b59ccf2c37a2bfec25ced6170ee3f51615da6f64f83,seed_112_base_1_regime_baseline_speech_enabled,3,frozen_hybrid_50_50,3,112,0,1,2,3,3,0,2,wolf,0,1,3,2,1
1,baseline_speech_enabled,0,2,seed_112_base_1_regime_baseline_speech_enabled_policy_frozen_ml_epsilon_010,1,1,3636ee12b35a57bbe8811b59ccf2c37a2bfec25ced6170ee3f51615da6f64f83,seed_112_base_1_regime_baseline_speech_enabled,3,frozen_ml_epsilon_010,3,112,0,1,2,3,3,0,2,wolf,0,1,3,2,1
1,speech_disabled,0,1,seed_112_base_1_regime_speech_disabled_policy_existing_rule,1,1,3636ee12b35a57bbe8811b59ccf2c37a2bfec25ced6170ee3f51615da6f64f83,seed_112_base_1_regime_speech_disabled,4,existing_rule,4,112,1,3,3,,4,1,1,village,1,1,4,0,0
1,speech_disabled,0,1,seed_112_base_1_regime_speech_disabled_policy_frozen_ml,0,0,3636ee12b35a57bbe8811b59ccf2c37a2bfec25ced6170ee3f51615da6f64f83,seed_112_base_1_regime_speech_disabled,3,frozen_ml,3,112,0,0,2,,3,1,0,village,0,1,3,0,0
1,speech_disabled,0,1,seed_112_base_1_regime_speech_disabled_policy_frozen_hybrid_50_50,0,0,3636ee12b35a57bbe8811b59ccf2c37a2bfec25ced6170ee3f51615da6f64f83,seed_112_base_1_regime_speech_disabled,3,frozen_hybrid_50_50,3,112,1,1,2,,3,1,0,village,0,1,3,0,0
1,speech_disabled,0,1,seed_112_base_1_regime_speech_disabled_policy_frozen_ml_epsilon_010,0,0,3636ee12b35a57bbe8811b59ccf2c37a2bfec25ced6170ee3f51615da6f64f83,seed_112_base_1_regime_speech_disabled,3,frozen_ml_epsilon_010,3,112,0,0,2,,3,1,0,village,0,1,3,0,0
1,herding_enabled,0,1,seed_112_base_1_regime_herding_enabled_policy_existing_rule,1,1,3636ee12b35a57bbe8811b59ccf2c37a2bfec25ced6170ee3f51615da6f64f83,seed_112_base_1_regime_herding_enabled,4,existing_rule,4,112,1,2,3,4,4,0,2,wolf,0,1,4,1,1
1,herding_enabled,0,1,seed_112_base_1_regime_herding_enabled_policy_frozen_ml,0,0,3636ee12b35a57bbe8811b59ccf2c37a2bfec25ced6170ee3f51615da6f64f83,seed_112_base_1_regime_herding_enabled,4,frozen_ml,4,112,0,1,3,4,4,0,2,wolf,1,1,4,2,1
1,herding_enabled,0,1,seed_112_base_1_regime_herding_enabled_policy_frozen_hybrid_50_50,0,0,3636ee12b35a57bbe8811b59ccf2c37a2bfec25ced6170ee3f51615da6f64f83,seed_112_base_1_regime_herding_enabled,4,frozen_hybrid_50_50,4,112,1,2,3,,4,1,1,village,1,1,4,0,0
1,herding_enabled,0,1,seed_112_base_1_regime_herding_enabled_policy_frozen_ml_epsilon_010,0,0,3636ee12b35a57bbe8811b59ccf2c37a2bfec25ced6170ee3f51615da6f64f83,seed_112_base_1_regime_herding_enabled,4,frozen_ml_epsilon_010,4,112,0,1,3,4,4,0,2,wolf,1,1,4,2,1
1,deception_enabled,0,2,seed_112_base_1_regime_deception_enabled_policy_existing_rule,0,1,3636ee12b35a57bbe8811b59ccf2c37a2bfec25ced6170ee3f51615da6f64f83,seed_112_base_1_regime_deception_enabled,3,existing_rule,3,112,1,2,2,,3,1,1,village,1,1,3,0,0
1,deception_enabled,0,2,seed_112_base_1_regime_deception_enabled_policy_frozen_ml,0,1,3636ee12b35a57bbe8811b59ccf2c37a2bfec25ced6170ee3f51615da6f64f83,seed_112_base_1_regime_deception_enabled,4,frozen_ml,4,112,0,1,3,4,4,0,2,wolf,1,1,4,1,1
1,deception_enabled,0,2,seed_112_base_1_regime_deception_enabled_policy_frozen_hybrid_50_50,1,1,3636ee12b35a57bbe8811b59ccf2c37a2bfec25ced6170ee3f51615da6f64f83,seed_112_base_1_regime_deception_enabled,3,frozen_hybrid_50_50,3,112,1,2,2,,3,1,1,village,0,1,3,0,0
1,deception_enabled,0,2,seed_112_base_1_regime_deception_enabled_policy_frozen_ml_epsilon_010,0,1,3636ee12b35a57bbe8811b59ccf2c37a2bfec25ced6170ee3f51615da6f64f83,seed_112_base_1_regime_deception_enabled,4,frozen_ml_epsilon_010,4,112,0,1,3,4,4,0,2,wolf,1,1,4,1,1
1,heterogeneous_risk_preference,0,2,seed_112_base_1_regime_heterogeneous_risk_preference_policy_existing_rule,1,1,3636ee12b35a57bbe8811b59ccf2c37a2bfec25ced6170ee3f51615da6f64f83,seed_112_base_1_regime_heterogeneous_risk_preference,3,existing_rule,3,112,1,2,2,3,3,0,2,wolf,0,1,3,2,1
1,heterogeneous_risk_preference,0,,seed_112_base_1_regime_heterogeneous_risk_preference_policy_frozen_ml,0,0,3636ee12b35a57bbe8811b59ccf2c37a2bfec25ced6170ee3f51615da6f64f83,seed_112_base_1_regime_heterogeneous_risk_preference,3,frozen_ml,3,112,0,0,2,3,3,0,2,wolf,0,1,3,3,1
1,heterogeneous_risk_preference,0,2,seed_112_base_1_regime_heterogeneous_risk_preference_policy_frozen_hybrid_50_50,0,0,3636ee12b35a57bbe8811b59ccf2c37a2bfec25ced6170ee3f51615da6f64f83,seed_112_base_1_regime_heterogeneous_risk_preference,4,frozen_hybrid_50_50,4,112,1,1,3,4,4,0,2,wolf,0,1,4,2,1
1,heterogeneous_risk_preference,0,,seed_112_base_1_regime_heterogeneous_risk_preference_policy_frozen_ml_epsilon_010,0,0,3636ee12b35a57bbe8811b59ccf2c37a2bfec25ced6170ee3f51615da6f64f83,seed_112_base_1_regime_heterogeneous_risk_preference,3,frozen_ml_epsilon_010,3,112,0,0,2,3,3,0,2,wolf,0,1,3,3,1
1,strong_village_information,0,1,seed_112_base_1_regime_strong_village_information_policy_existing_rule,1,1,3636ee12b35a57bbe8811b59ccf2c37a2bfec25ced6170ee3f51615da6f64f83,seed_112_base_1_regime_strong_village_information,4,existing_rule,4,112,1,3,3,4,4,0,2,wolf,1,1,4,1,1
1,strong_village_information,0,1,seed_112_base_1_regime_strong_village_information_policy_frozen_ml,0,0,3636ee12b35a57bbe8811b59ccf2c37a2bfec25ced6170ee3f51615da6f64f83,seed_112_base_1_regime_strong_village_information,4,frozen_ml,4,112,0,0,3,,4,1,1,village,0,1,4,0,0
1,strong_village_information,0,1,seed_112_base_1_regime_strong_village_information_policy_frozen_hybrid_50_50,1,1,3636ee12b35a57bbe8811b59ccf2c37a2bfec25ced6170ee3f51615da6f64f83,seed_112_base_1_regime_strong_village_information,4,frozen_hybrid_50_50,4,112,0,1,3,,4,1,1,village,0,1,4,0,0
1,strong_village_information,0,1,seed_112_base_1_regime_strong_village_information_policy_frozen_ml_epsilon_010,0,0,3636ee12b35a57bbe8811b59ccf2c37a2bfec25ced6170ee3f51615da6f64f83,seed_112_base_1_regime_strong_village_information,4,frozen_ml_epsilon_010,4,112,0,0,3,,4,1,1,village,0,1,4,0,0
1,weak_village_information,0,2,seed_112_base_1_regime_weak_village_information_policy_existing_rule,0,0,3636ee12b35a57bbe8811b59ccf2c37a2bfec25ced6170ee3f51615da6f64f83,seed_112_base_1_regime_weak_village_information,3,existing_rule,3,112,1,2,2,3,3,0,3,wolf,1,1,3,2,1
1,weak_village_information,0,2,seed_112_base_1_regime_weak_village_information_policy_frozen_ml,0,0,3636ee12b35a57bbe8811b59ccf2c37a2bfec25ced6170ee3f51615da6f64f83,seed_112_base_1_regime_weak_village_information,4,frozen_ml,4,112,1,2,3,4,4,0,3,wolf,1,1,4,1,1
1,weak_village_information,0,2,seed_112_base_1_regime_weak_village_information_policy_frozen_hybrid_50_50,0,0,3636ee12b35a57bbe8811b59ccf2c37a2bfec25ced6170ee3f51615da6f64f83,seed_112_base_1_regime_weak_village_information,3,frozen_hybrid_50_50,3,112,1,1,2,3,3,0,3,wolf,0,1,3,2,1
1,weak_village_information,0,2,seed_112_base_1_regime_weak_village_information_policy_frozen_ml_epsilon_010,0,0,3636ee12b35a57bbe8811b59ccf2c37a2bfec25ced6170ee3f51615da6f64f83,seed_112_base_1_regime_weak_village_information,4,frozen_ml_epsilon_010,4,112,1,2,3,4,4,0,3,wolf,1,1,4,1,1
1,mixed_seer_strategy,0,2,seed_112_base_1_regime_mixed_seer_strategy_policy_existing_rule,0,1,3636ee12b35a57bbe8811b59ccf2c37a2bfec25ced6170ee3f51615da6f64f83,seed_112_base_1_regime_mixed_seer_strategy,3,existing_rule,3,112,1,2,2,3,3,0,3,wolf,1,1,3,2,1
1,mixed_seer_strategy,0,2,seed_112_base_1_regime_mixed_seer_strategy_policy_frozen_ml,0,1,3636ee12b35a57bbe8811b59ccf2c37a2bfec25ced6170ee3f51615da6f64f83,seed_112_base_1_regime_mixed_seer_strategy,3,frozen_ml,3,112,1,1,2,3,3,0,2,wolf,0,1,3,2,1
1,mixed_seer_strategy,0,2,seed_112_base_1_regime_mixed_seer_strategy_policy_frozen_hybrid_50_50,0,1,3636ee12b35a57bbe8811b59ccf2c37a2bfec25ced6170ee3f51615da6f64f83,seed_112_base_1_regime_mixed_seer_strategy,3,frozen_hybrid_50_50,3,112,1,2,2,3,3,0,3,wolf,1,1,3,2,1
1,mixed_seer_strategy,0,2,seed_112_base_1_regime_mixed_seer_strategy_policy_frozen_ml_epsilon_010,0,1,3636ee12b35a57bbe8811b59ccf2c37a2bfec25ced6170ee3f51615da6f64f83,seed_112_base_1_regime_mixed_seer_strategy,3,frozen_ml_epsilon_010,3,112,1,1,2,3,3,0,2,wolf,0,1,3,2,1
1,mixed_voting_strategy,0,2,seed_112_base_1_regime_mixed_voting_strategy_policy_existing_rule,1,1,3636ee12b35a57bbe8811b59ccf2c37a2bfec25ced6170ee3f51615da6f64f83,seed_112_base_1_regime_mixed_voting_strategy,4,existing_rule,4,112,1,3,3,,4,1,2,village,1,1,4,0,0
1,mixed_voting_strategy,0,2,seed_112_base_1_regime_mixed_voting_strategy_policy_frozen_ml,0,0,3636ee12b35a57bbe8811b59ccf2c37a2bfec25ced6170ee3f51615da6f64f83,seed_112_base_1_regime_mixed_voting_strategy,3,frozen_ml,3,112,0,0,2,3,3,0,3,wolf,0,1,3,2,1
1,mixed_voting_strategy,0,2,seed_112_base_1_regime_mixed_voting_strategy_policy_frozen_hybrid_50_50,0,0,3636ee12b35a57bbe8811b59ccf2c37a2bfec25ced6170ee3f51615da6f64f83,seed_112_base_1_regime_mixed_voting_strategy,4,frozen_hybrid_50_50,4,112,0,1,3,4,4,0,3,wolf,1,1,4,1,1
1,mixed_voting_strategy,0,2,seed_112_base_1_regime_mixed_voting_strategy_policy_frozen_ml_epsilon_010,0,0,3636ee12b35a57bbe8811b59ccf2c37a2bfec25ced6170ee3f51615da6f64f83,seed_112_base_1_regime_mixed_voting_strategy,3,frozen_ml_epsilon_010,3,112,0,0,2,3,3,0,3,wolf,0,1,3,2,1
1,mixed_wolf_deception_strategy,0,,seed_112_base_1_regime_mixed_wolf_deception_strategy_policy_existing_rule,1,0,3636ee12b35a57bbe8811b59ccf2c37a2bfec25ced6170ee3f51615da6f64f83,seed_112_base_1_regime_mixed_wolf_deception_strategy,3,existing_rule,3,112,1,2,2,3,3,0,2,wolf,0,1,3,3,1
1,mixed_wolf_deception_strategy,0,1,seed_112_base_1_regime_mixed_wolf_deception_strategy_policy_frozen_ml,1,1,3636ee12b35a57bbe8811b59ccf2c37a2bfec25ced6170ee3f51615da6f64f83,seed_112_base_1_regime_mixed_wolf_deception_strategy,4,frozen_ml,4,112,0,1,3,4,4,0,3,wolf,0,1,4,1,1
1,mixed_wolf_deception_strategy,0,1,seed_112_base_1_regime_mixed_wolf_deception_strategy_policy_frozen_hybrid_50_50,1,1,3636ee12b35a57bbe8811b59ccf2c37a2bfec25ced6170ee3f51615da6f64f83,seed_112_base_1_regime_mixed_wolf_deception_strategy,4,frozen_hybrid_50_50,4,112,0,1,3,4,4,0,3,wolf,0,1,4,1,1
1,mixed_wolf_deception_strategy,0,1,seed_112_base_1_regime_mixed_wolf_deception_strategy_policy_frozen_ml_epsilon_010,1,1,3636ee12b35a57bbe8811b59ccf2c37a2bfec25ced6170ee3f51615da6f64f83,seed_112_base_1_regime_mixed_wolf_deception_strategy,4,frozen_ml_epsilon_010,4,112,0,1,3,4,4,0,3,wolf,0,1,4,1,1
1,baseline_speech_enabled,0,2,seed_113_base_1_regime_baseline_speech_enabled_policy_existing_rule,0,0,3636ee12b35a57bbe8811b59ccf2c37a2bfec25ced6170ee3f51615da6f64f83,seed_113_base_1_regime_baseline_speech_enabled,3,existing_rule,3,113,1,2,2,,3,1,1,village,1,1,3,0,0
1,baseline_speech_enabled,0,2,seed_113_base_1_regime_baseline_speech_enabled_policy_frozen_ml,1,1,3636ee12b35a57bbe8811b59ccf2c37a2bfec25ced6170ee3f51615da6f64f83,seed_113_base_1_regime_baseline_speech_enabled,4,frozen_ml,4,113,1,2,3,,4,1,2,village,0,1,4,0,0
1,baseline_speech_enabled,0,2,seed_113_base_1_regime_baseline_speech_enabled_policy_frozen_hybrid_50_50,1,1,3636ee12b35a57bbe8811b59ccf2c37a2bfec25ced6170ee3f51615da6f64f83,seed_113_base_1_regime_baseline_speech_enabled,4,frozen_hybrid_50_50,4,113,1,2,3,,4,1,2,village,0,1,4,0,0
1,baseline_speech_enabled,0,2,seed_113_base_1_regime_baseline_speech_enabled_policy_frozen_ml_epsilon_010,1,1,3636ee12b35a57bbe8811b59ccf2c37a2bfec25ced6170ee3f51615da6f64f83,seed_113_base_1_regime_baseline_speech_enabled,4,frozen_ml_epsilon_010,4,113,1,2,3,,4,1,2,village,0,1,4,0,0
1,speech_disabled,0,1,seed_113_base_1_regime_speech_disabled_policy_existing_rule,1,1,3636ee12b35a57bbe8811b59ccf2c37a2bfec25ced6170ee3f51615da6f64f83,seed_113_base_1_regime_speech_disabled,4,existing_rule,4,113,1,3,3,4,4,0,2,wolf,1,1,4,1,1
1,speech_disabled,0,1,seed_113_base_1_regime_speech_disabled_policy_frozen_ml,1,1,3636ee12b35a57bbe8811b59ccf2c37a2bfec25ced6170ee3f51615da6f64f83,seed_113_base_1_regime_speech_disabled,4,frozen_ml,4,113,1,2,3,4,4,0,2,wolf,0,1,4,1,1
1,speech_disabled,0,1,seed_113_base_1_regime_speech_disabled_policy_frozen_hybrid_50_50,1,0,3636ee12b35a57bbe8811b59ccf2c37a2bfec25ced6170ee3f51615da6f64f83,seed_113_base_1_regime_speech_disabled,5,frozen_hybrid_50_50,5,113,1,2,4,5,5,0,2,wolf,0,1,5,1,1
1,speech_disabled,0,1,seed_113_base_1_regime_speech_disabled_policy_frozen_ml_epsilon_010,1,1,3636ee12b35a57bbe8811b59ccf2c37a2bfec25ced6170ee3f51615da6f64f83,seed_113_base_1_regime_speech_disabled,4,frozen_ml_epsilon_010,4,113,1,2,3,4,4,0,2,wolf,0,1,4,1,1
1,herding_enabled,0,1,seed_113_base_1_regime_herding_enabled_policy_existing_rule,1,1,3636ee12b35a57bbe8811b59ccf2c37a2bfec25ced6170ee3f51615da6f64f83,seed_113_base_1_regime_herding_enabled,3,existing_rule,3,113,1,2,2,3,3,0,2,wolf,0,1,3,2,1
1,herding_enabled,0,1,seed_113_base_1_regime_herding_enabled_policy_frozen_ml,0,0,3636ee12b35a57bbe8811b59ccf2c37a2bfec25ced6170ee3f51615da6f64f83,seed_113_base_1_regime_herding_enabled,3,frozen_ml,3,113,0,0,2,3,3,0,3,wolf,0,1,3,2,1
1,herding_enabled,0,1,seed_113_base_1_regime_herding_enabled_policy_frozen_hybrid_50_50,0,0,3636ee12b35a57bbe8811b59ccf2c37a2bfec25ced6170ee3f51615da6f64f83,seed_113_base_1_regime_herding_enabled,3,frozen_hybrid_50_50,3,113,0,0,2,3,3,0,3,wolf,0,1,3,2,1
1,herding_enabled,0,1,seed_113_base_1_regime_herding_enabled_policy_frozen_ml_epsilon_010,0,0,3636ee12b35a57bbe8811b59ccf2c37a2bfec25ced6170ee3f51615da6f64f83,seed_113_base_1_regime_herding_enabled,3,frozen_ml_epsilon_010,3,113,0,0,2,3,3,0,3,wolf,0,1,3,2,1
1,deception_enabled,0,1,seed_113_base_1_regime_deception_enabled_policy_existing_rule,0,0,3636ee12b35a57bbe8811b59ccf2c37a2bfec25ced6170ee3f51615da6f64f83,seed_113_base_1_regime_deception_enabled,2,existing_rule,2,113,1,1,1,,2,1,0,village,0,1,2,0,0
1,deception_enabled,0,1,seed_113_base_1_regime_deception_enabled_policy_frozen_ml,0,0,3636ee12b35a57bbe8811b59ccf2c37a2bfec25ced6170ee3f51615da6f64f83,seed_113_base_1_regime_deception_enabled,2,frozen_ml,2,113,0,0,1,,2,1,0,village,0,1,2,0,0
1,deception_enabled,0,1,seed_113_base_1_regime_deception_enabled_policy_frozen_hybrid_50_50,1,1,3636ee12b35a57bbe8811b59ccf2c37a2bfec25ced6170ee3f51615da6f64f83,seed_113_base_1_regime_deception_enabled,2,frozen_hybrid_50_50,2,113,0,1,1,,2,1,0,village,0,1,2,0,0
1,deception_enabled,0,1,seed_113_base_1_regime_deception_enabled_policy_frozen_ml_epsilon_010,0,0,3636ee12b35a57bbe8811b59ccf2c37a2bfec25ced6170ee3f51615da6f64f83,seed_113_base_1_regime_deception_enabled,2,frozen_ml_epsilon_010,2,113,0,0,1,,2,1,0,village,0,1,2,0,0
1,heterogeneous_risk_preference,0,,seed_113_base_1_regime_heterogeneous_risk_preference_policy_existing_rule,1,0,3636ee12b35a57bbe8811b59ccf2c37a2bfec25ced6170ee3f51615da6f64f83,seed_113_base_1_regime_heterogeneous_risk_preference,3,existing_rule,3,113,1,2,2,3,3,0,2,wolf,0,1,3,3,1
1,heterogeneous_risk_preference,0,,seed_113_base_1_regime_heterogeneous_risk_preference_policy_frozen_ml,0,0,3636ee12b35a57bbe8811b59ccf2c37a2bfec25ced6170ee3f51615da6f64f83,seed_113_base_1_regime_heterogeneous_risk_preference,3,frozen_ml,3,113,1,1,2,3,3,0,2,wolf,0,1,3,3,1
1,heterogeneous_risk_preference,0,2,seed_113_base_1_regime_heterogeneous_risk_preference_policy_frozen_hybrid_50_50,0,0,3636ee12b35a57bbe8811b59ccf2c37a2bfec25ced6170ee3f51615da6f64f83,seed_113_base_1_regime_heterogeneous_risk_preference,4,frozen_hybrid_50_50,4,113,0,1,3,4,4,0,2,wolf,1,1,4,2,1
1,heterogeneous_risk_preference,0,,seed_113_base_1_regime_heterogeneous_risk_preference_policy_frozen_ml_epsilon_010,0,0,3636ee12b35a57bbe8811b59ccf2c37a2bfec25ced6170ee3f51615da6f64f83,seed_113_base_1_regime_heterogeneous_risk_preference,3,frozen_ml_epsilon_010,3,113,1,1,2,3,3,0,2,wolf,0,1,3,3,1
1,strong_village_information,0,1,seed_113_base_1_regime_strong_village_information_policy_existing_rule,0,0,3636ee12b35a57bbe8811b59ccf2c37a2bfec25ced6170ee3f51615da6f64f83,seed_113_base_1_regime_strong_village_information,2,existing_rule,2,113,1,1,1,,2,1,0,village,0,1,2,0,0
1,strong_village_information,0,1,seed_113_base_1_regime_strong_village_information_policy_frozen_ml,0,1,3636ee12b35a57bbe8811b59ccf2c37a2bfec25ced6170ee3f51615da6f64f83,seed_113_base_1_regime_strong_village_information,3,frozen_ml,3,113,1,1,2,,3,1,1,village,0,1,3,0,0
1,strong_village_information,0,1,seed_113_base_1_regime_strong_village_information_policy_frozen_hybrid_50_50,1,1,3636ee12b35a57bbe8811b59ccf2c37a2bfec25ced6170ee3f51615da6f64f83,seed_113_base_1_regime_strong_village_information,3,frozen_hybrid_50_50,3,113,1,2,2,,3,1,1,village,0,1,3,0,0
1,strong_village_information,0,1,seed_113_base_1_regime_strong_village_information_policy_frozen_ml_epsilon_010,0,1,3636ee12b35a57bbe8811b59ccf2c37a2bfec25ced6170ee3f51615da6f64f83,seed_113_base_1_regime_strong_village_information,3,frozen_ml_epsilon_010,3,113,0,0,2,,3,1,1,village,0,1,3,0,0
1,weak_village_information,0,,seed_113_base_1_regime_weak_village_information_policy_existing_rule,0,1,3636ee12b35a57bbe8811b59ccf2c37a2bfec25ced6170ee3f51615da6f64f83,seed_113_base_1_regime_weak_village_information,2,existing_rule,2,113,1,1,1,2,2,0,2,wolf,0,1,2,3,1
1,weak_village_information,0,2,seed_113_base_1_regime_weak_village_information_policy_frozen_ml,0,1,3636ee12b35a57bbe8811b59ccf2c37a2bfec25ced6170ee3f51615da6f64f83,seed_113_base_1_regime_weak_village_information,3,frozen_ml,3,113,0,1,2,3,3,0,2,wolf,1,1,3,2,1
1,weak_village_information,0,2,seed_113_base_1_regime_weak_village_information_policy_frozen_hybrid_50_50,0,1,3636ee12b35a57bbe8811b59ccf2c37a2bfec25ced6170ee3f51615da6f64f83,seed_113_base_1_regime_weak_village_information,4,frozen_hybrid_50_50,4,113,0,1,3,4,4,0,2,wolf,1,1,4,1,1
1,weak_village_information,0,2,seed_113_base_1_regime_weak_village_information_policy_frozen_ml_epsilon_010,0,1,3636ee12b35a57bbe8811b59ccf2c37a2bfec25ced6170ee3f51615da6f64f83,seed_113_base_1_regime_weak_village_information,3,frozen_ml_epsilon_010,3,113,0,1,2,3,3,0,2,wolf,1,1,3,2,1
1,mixed_seer_strategy,0,2,seed_113_base_1_regime_mixed_seer_strategy_policy_existing_rule,0,1,3636ee12b35a57bbe8811b59ccf2c37a2bfec25ced6170ee3f51615da6f64f83,seed_113_base_1_regime_mixed_seer_strategy,3,existing_rule,3,113,1,2,2,3,3,0,2,wolf,1,1,3,2,1
1,mixed_seer_strategy,0,2,seed_113_base_1_regime_mixed_seer_strategy_policy_frozen_ml,1,1,3636ee12b35a57bbe8811b59ccf2c37a2bfec25ced6170ee3f51615da6f64f83,seed_113_base_1_regime_mixed_seer_strategy,4,frozen_ml,4,113,0,1,3,,4,1,1,village,0,1,4,0,0
1,mixed_seer_strategy,0,2,seed_113_base_1_regime_mixed_seer_strategy_policy_frozen_hybrid_50_50,0,1,3636ee12b35a57bbe8811b59ccf2c37a2bfec25ced6170ee3f51615da6f64f83,seed_113_base_1_regime_mixed_seer_strategy,4,frozen_hybrid_50_50,4,113,1,1,3,4,4,0,2,wolf,0,1,4,1,1
1,mixed_seer_strategy,0,2,seed_113_base_1_regime_mixed_seer_strategy_policy_frozen_ml_epsilon_010,1,1,3636ee12b35a57bbe8811b59ccf2c37a2bfec25ced6170ee3f51615da6f64f83,seed_113_base_1_regime_mixed_seer_strategy,4,frozen_ml_epsilon_010,4,113,0,1,3,,4,1,1,village,0,1,4,0,0
1,mixed_voting_strategy,0,,seed_113_base_1_regime_mixed_voting_strategy_policy_existing_rule,0,0,3636ee12b35a57bbe8811b59ccf2c37a2bfec25ced6170ee3f51615da6f64f83,seed_113_base_1_regime_mixed_voting_strategy,2,existing_rule,2,113,1,2,2,2,2,0,2,wolf,1,0,2,3,1
1,mixed_voting_strategy,0,2,seed_113_base_1_regime_mixed_voting_strategy_policy_frozen_ml,1,1,3636ee12b35a57bbe8811b59ccf2c37a2bfec25ced6170ee3f51615da6f64f83,seed_113_base_1_regime_mixed_voting_strategy,3,frozen_ml,3,113,0,1,2,3,3,0,3,wolf,0,1,3,2,1
1,mixed_voting_strategy,0,2,seed_113_base_1_regime_mixed_voting_strategy_policy_frozen_hybrid_50_50,1,1,3636ee12b35a57bbe8811b59ccf2c37a2bfec25ced6170ee3f51615da6f64f83,seed_113_base_1_regime_mixed_voting_strategy,3,frozen_hybrid_50_50,3,113,0,2,2,3,3,0,2,wolf,1,1,3,2,1
1,mixed_voting_strategy,0,2,seed_113_base_1_regime_mixed_voting_strategy_policy_frozen_ml_epsilon_010,1,1,3636ee12b35a57bbe8811b59ccf2c37a2bfec25ced6170ee3f51615da6f64f83,seed_113_base_1_regime_mixed_voting_strategy,3,frozen_ml_epsilon_010,3,113,0,1,2,3,3,0,3,wolf,0,1,3,2,1
1,mixed_wolf_deception_strategy,0,2,seed_113_base_1_regime_mixed_wolf_deception_strategy_policy_existing_rule,0,0,3636ee12b35a57bbe8811b59ccf2c37a2bfec25ced6170ee3f51615da6f64f83,seed_113_base_1_regime_mixed_wolf_deception_strategy,3,existing_rule,3,113,1,2,2,3,3,0,3,wolf,1,1,3,2,1
1,mixed_wolf_deception_strategy,0,2,seed_113_base_1_regime_mixed_wolf_deception_strategy_policy_frozen_ml,0,1,3636ee12b35a57bbe8811b59ccf2c37a2bfec25ced6170ee3f51615da6f64f83,seed_113_base_1_regime_mixed_wolf_deception_strategy,4,frozen_ml,4,113,0,1,3,4,4,0,3,wolf,1,1,4,1,1
1,mixed_wolf_deception_strategy,0,2,seed_113_base_1_regime_mixed_wolf_deception_strategy_policy_frozen_hybrid_50_50,1,1,3636ee12b35a57bbe8811b59ccf2c37a2bfec25ced6170ee3f51615da6f64f83,seed_113_base_1_regime_mixed_wolf_deception_strategy,3,frozen_hybrid_50_50,3,113,0,1,2,3,3,0,2,wolf,0,1,3,2,1
1,mixed_wolf_deception_strategy,0,2,seed_113_base_1_regime_mixed_wolf_deception_strategy_policy_frozen_ml_epsilon_010,0,1,3636ee12b35a57bbe8811b59ccf2c37a2bfec25ced6170ee3f51615da6f64f83,seed_113_base_1_regime_mixed_wolf_deception_strategy,4,frozen_ml_epsilon_010,4,113,0,1,3,4,4,0,3,wolf,1,1,4,1,1
1,baseline_speech_enabled,0,1,seed_114_base_1_regime_baseline_speech_enabled_policy_existing_rule,0,1,3636ee12b35a57bbe8811b59ccf2c37a2bfec25ced6170ee3f51615da6f64f83,seed_114_base_1_regime_baseline_speech_enabled,4,existing_rule,4,114,1,1,3,4,4,0,3,wolf,0,1,4,1,1
1,baseline_speech_enabled,0,1,seed_114_base_1_regime_baseline_speech_enabled_policy_frozen_ml,0,1,3636ee12b35a57bbe8811b59ccf2c37a2bfec25ced6170ee3f51615da6f64f83,seed_114_base_1_regime_baseline_speech_enabled,3,frozen_ml,3,114,0,0,2,,3,1,2,village,0,1,3,0,0
1,baseline_speech_enabled,0,1,seed_114_base_1_regime_baseline_speech_enabled_policy_frozen_hybrid_50_50,0,1,3636ee12b35a57bbe8811b59ccf2c37a2bfec25ced6170ee3f51615da6f64f83,seed_114_base_1_regime_baseline_speech_enabled,3,frozen_hybrid_50_50,3,114,0,0,2,,3,1,2,village,0,1,3,0,0
1,baseline_speech_enabled,0,1,seed_114_base_1_regime_baseline_speech_enabled_policy_frozen_ml_epsilon_010,0,1,3636ee12b35a57bbe8811b59ccf2c37a2bfec25ced6170ee3f51615da6f64f83,seed_114_base_1_regime_baseline_speech_enabled,2,frozen_ml_epsilon_010,2,114,0,0,1,,2,1,1,village,0,1,2,0,0
1,speech_disabled,0,1,seed_114_base_1_regime_speech_disabled_policy_existing_rule,1,1,3636ee12b35a57bbe8811b59ccf2c37a2bfec25ced6170ee3f51615da6f64f83,seed_114_base_1_regime_speech_disabled,4,existing_rule,4,114,1,3,3,4,4,0,2,wolf,1,1,4,1,1
1,speech_disabled,0,1,seed_114_base_1_regime_speech_disabled_policy_frozen_ml,0,1,3636ee12b35a57bbe8811b59ccf2c37a2bfec25ced6170ee3f51615da6f64f83,seed_114_base_1_regime_speech_disabled,4,frozen_ml,4,114,0,1,3,,4,1,2,village,1,1,4,0,0
1,speech_disabled,0,1,seed_114_base_1_regime_speech_disabled_policy_frozen_hybrid_50_50,1,1,3636ee12b35a57bbe8811b59ccf2c37a2bfec25ced6170ee3f51615da6f64f83,seed_114_base_1_regime_speech_disabled,4,frozen_hybrid_50_50,4,114,0,1,3,4,4,0,2,wolf,0,1,4,1,1
1,speech_disabled,0,1,seed_114_base_1_regime_speech_disabled_policy_frozen_ml_epsilon_010,0,1,3636ee12b35a57bbe8811b59ccf2c37a2bfec25ced6170ee3f51615da6f64f83,seed_114_base_1_regime_speech_disabled,4,frozen_ml_epsilon_010,4,114,0,1,3,,4,1,2,village,1,1,4,0,0
1,herding_enabled,0,2,seed_114_base_1_regime_herding_enabled_policy_existing_rule,1,0,3636ee12b35a57bbe8811b59ccf2c37a2bfec25ced6170ee3f51615da6f64f83,seed_114_base_1_regime_herding_enabled,4,existing_rule,4,114,1,3,3,4,4,0,2,wolf,1,1,4,2,1
1,herding_enabled,0,2,seed_114_base_1_regime_herding_enabled_policy_frozen_ml,0,1,3636ee12b35a57bbe8811b59ccf2c37a2bfec25ced6170ee3f51615da6f64f83,seed_114_base_1_regime_herding_enabled,4,frozen_ml,4,114,1,2,3,4,4,0,3,wolf,1,1,4,1,1
1,herding_enabled,0,,seed_114_base_1_regime_herding_enabled_policy_frozen_hybrid_50_50,0,0,3636ee12b35a57bbe8811b59ccf2c37a2bfec25ced6170ee3f51615da6f64f83,seed_114_base_1_regime_herding_enabled,3,frozen_hybrid_50_50,3,114,0,1,2,3,3,0,2,wolf,1,1,3,3,1
1,herding_enabled,0,2,seed_114_base_1_regime_herding_enabled_policy_frozen_ml_epsilon_010,0,1,3636ee12b35a57bbe8811b59ccf2c37a2bfec25ced6170ee3f51615da6f64f83,seed_114_base_1_regime_herding_enabled,4,frozen_ml_epsilon_010,4,114,1,2,3,,4,1,2,village,1,1,4,0,0
1,deception_enabled,0,1,seed_114_base_1_regime_deception_enabled_policy_existing_rule,1,1,3636ee12b35a57bbe8811b59ccf2c37a2bfec25ced6170ee3f51615da6f64f83,seed_114_base_1_regime_deception_enabled,4,existing_rule,4,114,1,3,3,,4,1,2,village,1,1,4,0,0
1,deception_enabled,0,1,seed_114_base_1_regime_deception_enabled_policy_frozen_ml,0,0,3636ee12b35a57bbe8811b59ccf2c37a2bfec25ced6170ee3f51615da6f64f83,seed_114_base_1_regime_deception_enabled,4,frozen_ml,4,114,0,1,4,,4,1,1,village,1,0,4,0,0
1,deception_enabled,0,1,seed_114_base_1_regime_deception_enabled_policy_frozen_hybrid_50_50,0,0,3636ee12b35a57bbe8811b59ccf2c37a2bfec25ced6170ee3f51615da6f64f83,seed_114_base_1_regime_deception_enabled,3,frozen_hybrid_50_50,3,114,0,1,3,3,3,0,2,wolf,1,0,3,2,1
1,deception_enabled,0,1,seed_114_base_1_regime_deception_enabled_policy_frozen_ml_epsilon_010,1,1,3636ee12b35a57bbe8811b59ccf2c37a2bfec25ced6170ee3f51615da6f64f83,seed_114_base_1_regime_deception_enabled,4,frozen_ml_epsilon_010,4,114,0,2,4,,4,1,1,village,1,0,4,0,0
1,heterogeneous_risk_preference,0,,seed_114_base_1_regime_heterogeneous_risk_preference_policy_existing_rule,0,0,3636ee12b35a57bbe8811b59ccf2c37a2bfec25ced6170ee3f51615da6f64f83,seed_114_base_1_regime_heterogeneous_risk_preference,2,existing_rule,2,114,1,2,2,2,2,0,2,wolf,1,0,2,3,1
1,heterogeneous_risk_preference,0,,seed_114_base_1_regime_heterogeneous_risk_preference_policy_frozen_ml,0,0,3636ee12b35a57bbe8811b59ccf2c37a2bfec25ced6170ee3f51615da6f64f83,seed_114_base_1_regime_heterogeneous_risk_preference,2,frozen_ml,2,114,0,1,2,2,2,0,2,wolf,1,0,2,3,1
1,heterogeneous_risk_preference,0,,seed_114_base_1_regime_heterogeneous_risk_preference_policy_frozen_hybrid_50_50,0,0,3636ee12b35a57bbe8811b59ccf2c37a2bfec25ced6170ee3f51615da6f64f83,seed_114_base_1_regime_heterogeneous_risk_preference,2,frozen_hybrid_50_50,2,114,0,1,2,2,2,0,2,wolf,1,0,2,3,1
1,heterogeneous_risk_preference,0,,seed_114_base_1_regime_heterogeneous_risk_preference_policy_frozen_ml_epsilon_010,0,0,3636ee12b35a57bbe8811b59ccf2c37a2bfec25ced6170ee3f51615da6f64f83,seed_114_base_1_regime_heterogeneous_risk_preference,2,frozen_ml_epsilon_010,2,114,0,1,2,2,2,0,2,wolf,1,0,2,3,1
1,strong_village_information,0,,seed_114_base_1_regime_strong_village_information_policy_existing_rule,0,0,3636ee12b35a57bbe8811b59ccf2c37a2bfec25ced6170ee3f51615da6f64f83,seed_114_base_1_regime_strong_village_information,3,existing_rule,3,114,1,2,2,3,3,0,2,wolf,1,1,3,3,1
1,strong_village_information,0,,seed_114_base_1_regime_strong_village_information_policy_frozen_ml,1,0,3636ee12b35a57bbe8811b59ccf2c37a2bfec25ced6170ee3f51615da6f64f83,seed_114_base_1_regime_strong_village_information,3,frozen_ml,3,114,0,2,2,3,3,0,2,wolf,1,1,3,3,1
1,strong_village_information,0,,seed_114_base_1_regime_strong_village_information_policy_frozen_hybrid_50_50,1,1,3636ee12b35a57bbe8811b59ccf2c37a2bfec25ced6170ee3f51615da6f64f83,seed_114_base_1_regime_strong_village_information,2,frozen_hybrid_50_50,2,114,0,1,1,2,2,0,2,wolf,0,1,2,3,1
1,strong_village_information,0,,seed_114_base_1_regime_strong_village_information_policy_frozen_ml_epsilon_010,0,0,3636ee12b35a57bbe8811b59ccf2c37a2bfec25ced6170ee3f51615da6f64f83,seed_114_base_1_regime_strong_village_information,3,frozen_ml_epsilon_010,3,114,0,1,2,3,3,0,2,wolf,1,1,3,3,1
1,weak_village_information,0,2,seed_114_base_1_regime_weak_village_information_policy_existing_rule,1,1,3636ee12b35a57bbe8811b59ccf2c37a2bfec25ced6170ee3f51615da6f64f83,seed_114_base_1_regime_weak_village_information,3,existing_rule,3,114,1,3,3,3,3,0,1,wolf,1,0,3,2,1
1,weak_village_information,0,,seed_114_base_1_regime_weak_village_information_policy_frozen_ml,1,1,3636ee12b35a57bbe8811b59ccf2c37a2bfec25ced6170ee3f51615da6f64f83,seed_114_base_1_regime_weak_village_information,2,frozen_ml,2,114,1,2,2,2,2,0,1,wolf,0,0,2,3,1
1,weak_village_information,0,2,seed_114_base_1_regime_weak_village_information_policy_frozen_hybrid_50_50,0,0,3636ee12b35a57bbe8811b59ccf2c37a2bfec25ced6170ee3f51615da6f64f83,seed_114_base_1_regime_weak_village_information,3,frozen_hybrid_50_50,3,114,0,1,3,3,3,0,2,wolf,1,0,3,2,1
1,weak_village_information,0,,seed_114_base_1_regime_weak_village_information_policy_frozen_ml_epsilon_010,1,1,3636ee12b35a57bbe8811b59ccf2c37a2bfec25ced6170ee3f51615da6f64f83,seed_114_base_1_regime_weak_village_information,2,frozen_ml_epsilon_010,2,114,1,2,2,2,2,0,1,wolf,0,0,2,3,1
1,mixed_seer_strategy,0,1,seed_114_base_1_regime_mixed_seer_strategy_policy_existing_rule,0,0,3636ee12b35a57bbe8811b59ccf2c37a2bfec25ced6170ee3f51615da6f64f83,seed_114_base_1_regime_mixed_seer_strategy,3,existing_rule,3,114,1,2,2,,3,1,0,village,1,1,3,0,0
1,mixed_seer_strategy,0,1,seed_114_base_1_regime_mixed_seer_strategy_policy_frozen_ml,0,0,3636ee12b35a57bbe8811b59ccf2c37a2bfec25ced6170ee3f51615da6f64f83,seed_114_base_1_regime_mixed_seer_strategy,3,frozen_ml,3,114,0,0,2,,3,1,0,village,0,1,3,0,0
1,mixed_seer_strategy,0,1,seed_114_base_1_regime_mixed_seer_strategy_policy_frozen_hybrid_50_50,0,0,3636ee12b35a57bbe8811b59ccf2c37a2bfec25ced6170ee3f51615da6f64f83,seed_114_base_1_regime_mixed_seer_strategy,3,frozen_hybrid_50_50,3,114,1,1,2,,3,1,0,village,0,1,3,0,0
1,mixed_seer_strategy,0,1,seed_114_base_1_regime_mixed_seer_strategy_policy_frozen_ml_epsilon_010,0,0,3636ee12b35a57bbe8811b59ccf2c37a2bfec25ced6170ee3f51615da6f64f83,seed_114_base_1_regime_mixed_seer_strategy,3,frozen_ml_epsilon_010,3,114,0,0,2,,3,1,0,village,0,1,3,0,0
1,mixed_voting_strategy,0,1,seed_114_base_1_regime_mixed_voting_strategy_policy_existing_rule,0,0,3636ee12b35a57bbe8811b59ccf2c37a2bfec25ced6170ee3f51615da6f64f83,seed_114_base_1_regime_mixed_voting_strategy,2,existing_rule,2,114,1,2,2,,2,1,0,village,1,0,2,0,0
1,mixed_voting_strategy,0,1,seed_114_base_1_regime_mixed_voting_strategy_policy_frozen_ml,0,1,3636ee12b35a57bbe8811b59ccf2c37a2bfec25ced6170ee3f51615da6f64f83,seed_114_base_1_regime_mixed_voting_strategy,3,frozen_ml,3,114,1,1,3,3,3,0,2,wolf,0,0,3,1,1
1,mixed_voting_strategy,0,1,seed_114_base_1_regime_mixed_voting_strategy_policy_frozen_hybrid_50_50,0,0,3636ee12b35a57bbe8811b59ccf2c37a2bfec25ced6170ee3f51615da6f64f83,seed_114_base_1_regime_mixed_voting_strategy,2,frozen_hybrid_50_50,2,114,0,1,2,,2,1,0,village,1,0,2,0,0
1,mixed_voting_strategy,0,1,seed_114_base_1_regime_mixed_voting_strategy_policy_frozen_ml_epsilon_010,1,1,3636ee12b35a57bbe8811b59ccf2c37a2bfec25ced6170ee3f51615da6f64f83,seed_114_base_1_regime_mixed_voting_strategy,4,frozen_ml_epsilon_010,4,114,1,3,4,4,4,0,2,wolf,1,0,4,1,1
1,mixed_wolf_deception_strategy,0,1,seed_114_base_1_regime_mixed_wolf_deception_strategy_policy_existing_rule,1,1,3636ee12b35a57bbe8811b59ccf2c37a2bfec25ced6170ee3f51615da6f64f83,seed_114_base_1_regime_mixed_wolf_deception_strategy,3,existing_rule,3,114,1,2,2,3,3,0,2,wolf,0,1,3,2,1
1,mixed_wolf_deception_strategy,0,1,seed_114_base_1_regime_mixed_wolf_deception_strategy_policy_frozen_ml,1,1,3636ee12b35a57bbe8811b59ccf2c37a2bfec25ced6170ee3f51615da6f64f83,seed_114_base_1_regime_mixed_wolf_deception_strategy,3,frozen_ml,3,114,0,1,2,3,3,0,2,wolf,0,1,3,2,1
1,mixed_wolf_deception_strategy,0,1,seed_114_base_1_regime_mixed_wolf_deception_strategy_policy_frozen_hybrid_50_50,1,1,3636ee12b35a57bbe8811b59ccf2c37a2bfec25ced6170ee3f51615da6f64f83,seed_114_base_1_regime_mixed_wolf_deception_strategy,4,frozen_hybrid_50_50,4,114,0,2,3,,4,1,1,village,1,1,4,0,0
1,mixed_wolf_deception_strategy,0,1,seed_114_base_1_regime_mixed_wolf_deception_strategy_policy_frozen_ml_epsilon_010,1,1,3636ee12b35a57bbe8811b59ccf2c37a2bfec25ced6170ee3f51615da6f64f83,seed_114_base_1_regime_mixed_wolf_deception_strategy,3,frozen_ml_epsilon_010,3,114,0,1,2,3,3,0,2,wolf,0,1,3,2,1
1,baseline_speech_enabled,0,1,seed_115_base_1_regime_baseline_speech_enabled_policy_existing_rule,0,1,3636ee12b35a57bbe8811b59ccf2c37a2bfec25ced6170ee3f51615da6f64f83,seed_115_base_1_regime_baseline_speech_enabled,3,existing_rule,3,115,1,2,2,,3,1,1,village,1,1,3,0,0
1,baseline_speech_enabled,0,1,seed_115_base_1_regime_baseline_speech_enabled_policy_frozen_ml,0,1,3636ee12b35a57bbe8811b59ccf2c37a2bfec25ced6170ee3f51615da6f64f83,seed_115_base_1_regime_baseline_speech_enabled,4,frozen_ml,4,115,1,1,3,4,4,0,2,wolf,0,1,4,1,1
1,baseline_speech_enabled,0,1,seed_115_base_1_regime_baseline_speech_enabled_policy_frozen_hybrid_50_50,0,1,3636ee12b35a57bbe8811b59ccf2c37a2bfec25ced6170ee3f51615da6f64f83,seed_115_base_1_regime_baseline_speech_enabled,4,frozen_hybrid_50_50,4,115,1,1,3,4,4,0,2,wolf,0,1,4,1,1
1,baseline_speech_enabled,0,1,seed_115_base_1_regime_baseline_speech_enabled_policy_frozen_ml_epsilon_010,0,1,3636ee12b35a57bbe8811b59ccf2c37a2bfec25ced6170ee3f51615da6f64f83,seed_115_base_1_regime_baseline_speech_enabled,4,frozen_ml_epsilon_010,4,115,1,1,3,4,4,0,2,wolf,0,1,4,1,1
1,speech_disabled,0,1,seed_115_base_1_regime_speech_disabled_policy_existing_rule,0,1,3636ee12b35a57bbe8811b59ccf2c37a2bfec25ced6170ee3f51615da6f64f83,seed_115_base_1_regime_speech_disabled,4,existing_rule,4,115,1,2,3,4,4,0,2,wolf,1,1,4,1,1
1,speech_disabled,0,1,seed_115_base_1_regime_speech_disabled_policy_frozen_ml,1,1,3636ee12b35a57bbe8811b59ccf2c37a2bfec25ced6170ee3f51615da6f64f83,seed_115_base_1_regime_speech_disabled,4,frozen_ml,4,115,1,3,3,4,4,0,2,wolf,1,1,4,1,1
1,speech_disabled,0,1,seed_115_base_1_regime_speech_disabled_policy_frozen_hybrid_50_50,0,1,3636ee12b35a57bbe8811b59ccf2c37a2bfec25ced6170ee3f51615da6f64f83,seed_115_base_1_regime_speech_disabled,4,frozen_hybrid_50_50,4,115,1,2,3,4,4,0,2,wolf,1,1,4,1,1
1,speech_disabled,0,1,seed_115_base_1_regime_speech_disabled_policy_frozen_ml_epsilon_010,0,1,3636ee12b35a57bbe8811b59ccf2c37a2bfec25ced6170ee3f51615da6f64f83,seed_115_base_1_regime_speech_disabled,4,frozen_ml_epsilon_010,4,115,1,2,3,4,4,0,2,wolf,1,1,4,1,1
1,herding_enabled,0,2,seed_115_base_1_regime_herding_enabled_policy_existing_rule,0,0,3636ee12b35a57bbe8811b59ccf2c37a2bfec25ced6170ee3f51615da6f64f83,seed_115_base_1_regime_herding_enabled,3,existing_rule,3,115,1,2,2,3,3,0,3,wolf,1,1,3,2,1
1,herding_enabled,0,2,seed_115_base_1_regime_herding_enabled_policy_frozen_ml,0,1,3636ee12b35a57bbe8811b59ccf2c37a2bfec25ced6170ee3f51615da6f64f83,seed_115_base_1_regime_herding_enabled,3,frozen_ml,3,115,1,1,2,3,3,0,2,wolf,0,1,3,2,1
1,herding_enabled,0,2,seed_115_base_1_regime_herding_enabled_policy_frozen_hybrid_50_50,0,1,3636ee12b35a57bbe8811b59ccf2c37a2bfec25ced6170ee3f51615da6f64f83,seed_115_base_1_regime_herding_enabled,3,frozen_hybrid_50_50,3,115,0,0,2,3,3,0,2,wolf,0,1,3,2,1
1,herding_enabled,0,2,seed_115_base_1_regime_herding_enabled_policy_frozen_ml_epsilon_010,0,1,3636ee12b35a57bbe8811b59ccf2c37a2bfec25ced6170ee3f51615da6f64f83,seed_115_base_1_regime_herding_enabled,3,frozen_ml_epsilon_010,3,115,1,1,2,3,3,0,2,wolf,0,1,3,2,1
1,deception_enabled,0,2,seed_115_base_1_regime_deception_enabled_policy_existing_rule,0,1,3636ee12b35a57bbe8811b59ccf2c37a2bfec25ced6170ee3f51615da6f64f83,seed_115_base_1_regime_deception_enabled,3,existing_rule,3,115,1,2,2,,3,1,2,village,1,1,3,0,0
1,deception_enabled,0,2,seed_115_base_1_regime_deception_enabled_policy_frozen_ml,1,1,3636ee12b35a57bbe8811b59ccf2c37a2bfec25ced6170ee3f51615da6f64f83,seed_115_base_1_regime_deception_enabled,4,frozen_ml,4,115,0,1,3,,4,1,2,village,0,1,4,0,0
1,deception_enabled,0,2,seed_115_base_1_regime_deception_enabled_policy_frozen_hybrid_50_50,0,1,3636ee12b35a57bbe8811b59ccf2c37a2bfec25ced6170ee3f51615da6f64f83,seed_115_base_1_regime_deception_enabled,4,frozen_hybrid_50_50,4,115,1,1,3,4,4,0,3,wolf,0,1,4,1,1
1,deception_enabled,0,,seed_115_base_1_regime_deception_enabled_policy_frozen_ml_epsilon_010,0,0,3636ee12b35a57bbe8811b59ccf2c37a2bfec25ced6170ee3f51615da6f64f83,seed_115_base_1_regime_deception_enabled,3,frozen_ml_epsilon_010,3,115,0,1,2,3,3,0,2,wolf,1,1,3,3,1
1,heterogeneous_risk_preference,0,,seed_115_base_1_regime_heterogeneous_risk_preference_policy_existing_rule,1,0,3636ee12b35a57bbe8811b59ccf2c37a2bfec25ced6170ee3f51615da6f64f83,seed_115_base_1_regime_heterogeneous_risk_preference,3,existing_rule,3,115,0,2,2,3,3,0,2,wolf,1,1,3,3,1
1,heterogeneous_risk_preference,0,,seed_115_base_1_regime_heterogeneous_risk_preference_policy_frozen_ml,0,0,3636ee12b35a57bbe8811b59ccf2c37a2bfec25ced6170ee3f51615da6f64f83,seed_115_base_1_regime_heterogeneous_risk_preference,3,frozen_ml,3,115,0,0,2,3,3,0,2,wolf,0,1,3,3,1
1,heterogeneous_risk_preference,0,,seed_115_base_1_regime_heterogeneous_risk_preference_policy_frozen_hybrid_50_50,0,1,3636ee12b35a57bbe8811b59ccf2c37a2bfec25ced6170ee3f51615da6f64f83,seed_115_base_1_regime_heterogeneous_risk_preference,2,frozen_hybrid_50_50,2,115,1,1,1,2,2,0,2,wolf,0,1,2,3,1
1,heterogeneous_risk_preference,0,,seed_115_base_1_regime_heterogeneous_risk_preference_policy_frozen_ml_epsilon_010,0,0,3636ee12b35a57bbe8811b59ccf2c37a2bfec25ced6170ee3f51615da6f64f83,seed_115_base_1_regime_heterogeneous_risk_preference,3,frozen_ml_epsilon_010,3,115,0,0,2,3,3,0,2,wolf,0,1,3,3,1
1,strong_village_information,0,2,seed_115_base_1_regime_strong_village_information_policy_existing_rule,1,1,3636ee12b35a57bbe8811b59ccf2c37a2bfec25ced6170ee3f51615da6f64f83,seed_115_base_1_regime_strong_village_information,4,existing_rule,4,115,1,3,3,,4,1,2,village,1,1,4,0,0
1,strong_village_information,0,2,seed_115_base_1_regime_strong_village_information_policy_frozen_ml,1,1,3636ee12b35a57bbe8811b59ccf2c37a2bfec25ced6170ee3f51615da6f64f83,seed_115_base_1_regime_strong_village_information,4,frozen_ml,4,115,0,1,3,4,4,0,2,wolf,0,1,4,1,1
1,strong_village_information,0,2,seed_115_base_1_regime_strong_village_information_policy_frozen_hybrid_50_50,0,0,3636ee12b35a57bbe8811b59ccf2c37a2bfec25ced6170ee3f51615da6f64f83,seed_115_base_1_regime_strong_village_information,4,frozen_hybrid_50_50,4,115,0,0,3,,4,1,2,village,0,1,4,0,0
1,strong_village_information,0,2,seed_115_base_1_regime_strong_village_information_policy_frozen_ml_epsilon_010,1,1,3636ee12b35a57bbe8811b59ccf2c37a2bfec25ced6170ee3f51615da6f64f83,seed_115_base_1_regime_strong_village_information,4,frozen_ml_epsilon_010,4,115,0,1,3,4,4,0,2,wolf,0,1,4,1,1
1,weak_village_information,0,1,seed_115_base_1_regime_weak_village_information_policy_existing_rule,0,1,3636ee12b35a57bbe8811b59ccf2c37a2bfec25ced6170ee3f51615da6f64f83,seed_115_base_1_regime_weak_village_information,3,existing_rule,3,115,1,2,3,3,3,0,3,wolf,1,0,3,1,1
1,weak_village_information,0,1,seed_115_base_1_regime_weak_village_information_policy_frozen_ml,0,1,3636ee12b35a57bbe8811b59ccf2c37a2bfec25ced6170ee3f51615da6f64f83,seed_115_base_1_regime_weak_village_information,2,frozen_ml,2,115,1,1,2,,2,1,1,village,0,0,2,0,0
1,weak_village_information,0,1,seed_115_base_1_regime_weak_village_information_policy_frozen_hybrid_50_50,0,1,3636ee12b35a57bbe8811b59ccf2c37a2bfec25ced6170ee3f51615da6f64f83,seed_115_base_1_regime_weak_village_information,2,frozen_hybrid_50_50,2,115,1,1,2,,2,1,1,village,0,0,2,0,0
1,weak_village_information,0,1,seed_115_base_1_regime_weak_village_information_policy_frozen_ml_epsilon_010,0,1,3636ee12b35a57bbe8811b59ccf2c37a2bfec25ced6170ee3f51615da6f64f83,seed_115_base_1_regime_weak_village_information,2,frozen_ml_epsilon_010,2,115,1,1,2,,2,1,1,village,0,0,2,0,0
1,mixed_seer_strategy,0,2,seed_115_base_1_regime_mixed_seer_strategy_policy_existing_rule,0,1,3636ee12b35a57bbe8811b59ccf2c37a2bfec25ced6170ee3f51615da6f64f83,seed_115_base_1_regime_mixed_seer_strategy,4,existing_rule,4,115,1,2,3,,4,1,1,village,1,1,4,0,0
1,mixed_seer_strategy,0,2,seed_115_base_1_regime_mixed_seer_strategy_policy_frozen_ml,0,1,3636ee12b35a57bbe8811b59ccf2c37a2bfec25ced6170ee3f51615da6f64f83,seed_115_base_1_regime_mixed_seer_strategy,4,frozen_ml,4,115,0,1,3,,4,1,1,village,1,1,4,0,0
1,mixed_seer_strategy,0,2,seed_115_base_1_regime_mixed_seer_strategy_policy_frozen_hybrid_50_50,0,1,3636ee12b35a57bbe8811b59ccf2c37a2bfec25ced6170ee3f51615da6f64f83,seed_115_base_1_regime_mixed_seer_strategy,3,frozen_hybrid_50_50,3,115,1,1,2,,3,1,1,village,0,1,3,0,0
1,mixed_seer_strategy,0,2,seed_115_base_1_regime_mixed_seer_strategy_policy_frozen_ml_epsilon_010,0,1,3636ee12b35a57bbe8811b59ccf2c37a2bfec25ced6170ee3f51615da6f64f83,seed_115_base_1_regime_mixed_seer_strategy,4,frozen_ml_epsilon_010,4,115,0,1,3,,4,1,1,village,1,1,4,0,0
1,mixed_voting_strategy,0,1,seed_115_base_1_regime_mixed_voting_strategy_policy_existing_rule,1,1,3636ee12b35a57bbe8811b59ccf2c37a2bfec25ced6170ee3f51615da6f64f83,seed_115_base_1_regime_mixed_voting_strategy,3,existing_rule,3,115,1,2,3,3,3,0,3,wolf,0,0,3,1,1
1,mixed_voting_strategy,0,1,seed_115_base_1_regime_mixed_voting_strategy_policy_frozen_ml,0,1,3636ee12b35a57bbe8811b59ccf2c37a2bfec25ced6170ee3f51615da6f64f83,seed_115_base_1_regime_mixed_voting_strategy,3,frozen_ml,3,115,1,1,3,3,3,0,3,wolf,0,0,3,1,1
1,mixed_voting_strategy,0,1,seed_115_base_1_regime_mixed_voting_strategy_policy_frozen_hybrid_50_50,0,1,3636ee12b35a57bbe8811b59ccf2c37a2bfec25ced6170ee3f51615da6f64f83,seed_115_base_1_regime_mixed_voting_strategy,3,frozen_hybrid_50_50,3,115,1,1,3,3,3,0,3,wolf,0,0,3,1,1
1,mixed_voting_strategy,0,2,seed_115_base_1_regime_mixed_voting_strategy_policy_frozen_ml_epsilon_010,0,0,3636ee12b35a57bbe8811b59ccf2c37a2bfec25ced6170ee3f51615da6f64f83,seed_115_base_1_regime_mixed_voting_strategy,4,frozen_ml_epsilon_010,4,115,0,1,4,4,4,0,2,wolf,1,0,4,1,1
1,mixed_wolf_deception_strategy,0,,seed_115_base_1_regime_mixed_wolf_deception_strategy_policy_existing_rule,0,1,3636ee12b35a57bbe8811b59ccf2c37a2bfec25ced6170ee3f51615da6f64f83,seed_115_base_1_regime_mixed_wolf_deception_strategy,2,existing_rule,2,115,1,1,1,2,2,0,2,wolf,0,1,2,3,1
1,mixed_wolf_deception_strategy,0,1,seed_115_base_1_regime_mixed_wolf_deception_strategy_policy_frozen_ml,1,1,3636ee12b35a57bbe8811b59ccf2c37a2bfec25ced6170ee3f51615da6f64f83,seed_115_base_1_regime_mixed_wolf_deception_strategy,4,frozen_ml,4,115,0,1,3,,4,1,2,village,0,1,4,0,0
1,mixed_wolf_deception_strategy,0,2,seed_115_base_1_regime_mixed_wolf_deception_strategy_policy_frozen_hybrid_50_50,1,1,3636ee12b35a57bbe8811b59ccf2c37a2bfec25ced6170ee3f51615da6f64f83,seed_115_base_1_regime_mixed_wolf_deception_strategy,2,frozen_hybrid_50_50,2,115,0,1,2,,2,1,1,village,0,0,2,0,0
1,mixed_wolf_deception_strategy,0,1,seed_115_base_1_regime_mixed_wolf_deception_strategy_policy_frozen_ml_epsilon_010,1,1,3636ee12b35a57bbe8811b59ccf2c37a2bfec25ced6170ee3f51615da6f64f83,seed_115_base_1_regime_mixed_wolf_deception_strategy,4,frozen_ml_epsilon_010,4,115,0,1,3,,4,1,2,village,0,1,4,0,0
1,baseline_speech_enabled,0,1,seed_116_base_1_regime_baseline_speech_enabled_policy_existing_rule,1,1,3636ee12b35a57bbe8811b59ccf2c37a2bfec25ced6170ee3f51615da6f64f83,seed_116_base_1_regime_baseline_speech_enabled,4,existing_rule,4,116,1,3,3,4,4,0,2,wolf,1,1,4,1,1
1,baseline_speech_enabled,0,1,seed_116_base_1_regime_baseline_speech_enabled_policy_frozen_ml,0,0,3636ee12b35a57bbe8811b59ccf2c37a2bfec25ced6170ee3f51615da6f64f83,seed_116_base_1_regime_baseline_speech_enabled,3,frozen_ml,3,116,0,1,2,,3,1,0,village,1,1,3,0,0
1,baseline_speech_enabled,0,1,seed_116_base_1_regime_baseline_speech_enabled_policy_frozen_hybrid_50_50,1,1,3636ee12b35a57bbe8811b59ccf2c37a2bfec25ced6170ee3f51615da6f64f83,seed_116_base_1_regime_baseline_speech_enabled,4,frozen_hybrid_50_50,4,116,1,3,3,4,4,0,2,wolf,1,1,4,1,1
1,baseline_speech_enabled,0,1,seed_116_base_1_regime_baseline_speech_enabled_policy_frozen_ml_epsilon_010,0,0,3636ee12b35a57bbe8811b59ccf2c37a2bfec25ced6170ee3f51615da6f64f83,seed_116_base_1_regime_baseline_speech_enabled,3,frozen_ml_epsilon_010,3,116,0,1,2,,3,1,0,village,1,1,3,0,0
1,speech_disabled,0,2,seed_116_base_1_regime_speech_disabled_policy_existing_rule,1,1,3636ee12b35a57bbe8811b59ccf2c37a2bfec25ced6170ee3f51615da6f64f83,seed_116_base_1_regime_speech_disabled,4,existing_rule,4,116,1,3,3,4,4,0,2,wolf,1,1,4,1,1
1,speech_disabled,0,2,seed_116_base_1_regime_speech_disabled_policy_frozen_ml,1,1,3636ee12b35a57bbe8811b59ccf2c37a2bfec25ced6170ee3f51615da6f64f83,seed_116_base_1_regime_speech_disabled,4,frozen_ml,4,116,0,2,3,4,4,0,2,wolf,1,1,4,1,1
1,speech_disabled,0,2,seed_116_base_1_regime_speech_disabled_policy_frozen_hybrid_50_50,1,1,3636ee12b35a57bbe8811b59ccf2c37a2bfec25ced6170ee3f51615da6f64f83,seed_116_base_1_regime_speech_disabled,4,frozen_hybrid_50_50,4,116,0,1,3,4,4,0,2,wolf,0,1,4,1,1
1,speech_disabled,0,2,seed_116_base_1_regime_speech_disabled_policy_frozen_ml_epsilon_010,1,1,3636ee12b35a57bbe8811b59ccf2c37a2bfec25ced6170ee3f51615da6f64f83,seed_116_base_1_regime_speech_disabled,4,frozen_ml_epsilon_010,4,116,0,2,3,4,4,0,2,wolf,1,1,4,1,1
1,herding_enabled,0,,seed_116_base_1_regime_herding_enabled_policy_existing_rule,1,0,3636ee12b35a57bbe8811b59ccf2c37a2bfec25ced6170ee3f51615da6f64f83,seed_116_base_1_regime_herding_enabled,3,existing_rule,3,116,1,2,2,3,3,0,2,wolf,0,1,3,3,1
1,herding_enabled,0,,seed_116_base_1_regime_herding_enabled_policy_frozen_ml,1,0,3636ee12b35a57bbe8811b59ccf2c37a2bfec25ced6170ee3f51615da6f64f83,seed_116_base_1_regime_herding_enabled,3,frozen_ml,3,116,0,1,2,3,3,0,2,wolf,0,1,3,3,1
1,herding_enabled,0,,seed_116_base_1_regime_herding_enabled_policy_frozen_hybrid_50_50,0,0,3636ee12b35a57bbe8811b59ccf2c37a2bfec25ced6170ee3f51615da6f64f83,seed_116_base_1_regime_herding_enabled,3,frozen_hybrid_50_50,3,116,0,0,2,3,3,0,2,wolf,0,1,3,3,1
1,herding_enabled,0,,seed_116_base_1_regime_herding_enabled_policy_frozen_ml_epsilon_010,0,0,3636ee12b35a57bbe8811b59ccf2c37a2bfec25ced6170ee3f51615da6f64f83,seed_116_base_1_regime_herding_enabled,3,frozen_ml_epsilon_010,3,116,0,0,2,3,3,0,2,wolf,0,1,3,3,1
1,deception_enabled,0,,seed_116_base_1_regime_deception_enabled_policy_existing_rule,1,0,3636ee12b35a57bbe8811b59ccf2c37a2bfec25ced6170ee3f51615da6f64f83,seed_116_base_1_regime_deception_enabled,3,existing_rule,3,116,0,2,2,3,3,0,2,wolf,1,1,3,3,1
1,deception_enabled,0,2,seed_116_base_1_regime_deception_enabled_policy_frozen_ml,0,0,3636ee12b35a57bbe8811b59ccf2c37a2bfec25ced6170ee3f51615da6f64f83,seed_116_base_1_regime_deception_enabled,3,frozen_ml,3,116,0,0,2,3,3,0,2,wolf,0,1,3,2,1
1,deception_enabled,0,2,seed_116_base_1_regime_deception_enabled_policy_frozen_hybrid_50_50,1,1,3636ee12b35a57bbe8811b59ccf2c37a2bfec25ced6170ee3f51615da6f64f83,seed_116_base_1_regime_deception_enabled,3,frozen_hybrid_50_50,3,116,0,1,2,,3,1,1,village,0,1,3,0,0
1,deception_enabled,0,2,seed_116_base_1_regime_deception_enabled_policy_frozen_ml_epsilon_010,0,0,3636ee12b35a57bbe8811b59ccf2c37a2bfec25ced6170ee3f51615da6f64f83,seed_116_base_1_regime_deception_enabled,3,frozen_ml_epsilon_010,3,116,0,0,2,3,3,0,2,wolf,0,1,3,2,1
1,heterogeneous_risk_preference,0,1,seed_116_base_1_regime_heterogeneous_risk_preference_policy_existing_rule,1,1,3636ee12b35a57bbe8811b59ccf2c37a2bfec25ced6170ee3f51615da6f64f83,seed_116_base_1_regime_heterogeneous_risk_preference,4,existing_rule,4,116,1,3,3,,4,1,1,village,1,1,4,0,0
1,heterogeneous_risk_preference,0,1,seed_116_base_1_regime_heterogeneous_risk_preference_policy_frozen_ml,1,1,3636ee12b35a57bbe8811b59ccf2c37a2bfec25ced6170ee3f51615da6f64f83,seed_116_base_1_regime_heterogeneous_risk_preference,4,frozen_ml,4,116,0,2,3,4,4,0,3,wolf,1,1,4,1,1
1,heterogeneous_risk_preference,0,1,seed_116_base_1_regime_heterogeneous_risk_preference_policy_frozen_hybrid_50_50,1,1,3636ee12b35a57bbe8811b59ccf2c37a2bfec25ced6170ee3f51615da6f64f83,seed_116_base_1_regime_heterogeneous_risk_preference,4,frozen_hybrid_50_50,4,116,0,1,3,4,4,0,2,wolf,0,1,4,1,1
1,heterogeneous_risk_preference,0,1,seed_116_base_1_regime_heterogeneous_risk_preference_policy_frozen_ml_epsilon_010,1,1,3636ee12b35a57bbe8811b59ccf2c37a2bfec25ced6170ee3f51615da6f64f83,seed_116_base_1_regime_heterogeneous_risk_preference,4,frozen_ml_epsilon_010,4,116,0,2,3,4,4,0,3,wolf,1,1,4,1,1
1,strong_village_information,0,2,seed_116_base_1_regime_strong_village_information_policy_existing_rule,1,1,3636ee12b35a57bbe8811b59ccf2c37a2bfec25ced6170ee3f51615da6f64f83,seed_116_base_1_regime_strong_village_information,4,existing_rule,4,116,1,3,3,,4,1,1,village,1,1,4,0,0
1,strong_village_information,0,2,seed_116_base_1_regime_strong_village_information_policy_frozen_ml,1,1,3636ee12b35a57bbe8811b59ccf2c37a2bfec25ced6170ee3f51615da6f64f83,seed_116_base_1_regime_strong_village_information,4,frozen_ml,4,116,0,2,3,,4,1,1,village,1,1,4,0,0
1,strong_village_information,0,2,seed_116_base_1_regime_strong_village_information_policy_frozen_hybrid_50_50,1,1,3636ee12b35a57bbe8811b59ccf2c37a2bfec25ced6170ee3f51615da6f64f83,seed_116_base_1_regime_strong_village_information,3,frozen_hybrid_50_50,3,116,0,1,2,,3,1,1,village,0,1,3,0,0
1,strong_village_information,0,2,seed_116_base_1_regime_strong_village_information_policy_frozen_ml_epsilon_010,1,1,3636ee12b35a57bbe8811b59ccf2c37a2bfec25ced6170ee3f51615da6f64f83,seed_116_base_1_regime_strong_village_information,4,frozen_ml_epsilon_010,4,116,0,2,3,,4,1,1,village,1,1,4,0,0
1,weak_village_information,0,1,seed_116_base_1_regime_weak_village_information_policy_existing_rule,0,1,3636ee12b35a57bbe8811b59ccf2c37a2bfec25ced6170ee3f51615da6f64f83,seed_116_base_1_regime_weak_village_information,3,existing_rule,3,116,1,2,3,3,3,0,3,wolf,1,0,3,1,1
1,weak_village_information,0,1,seed_116_base_1_regime_weak_village_information_policy_frozen_ml,1,1,3636ee12b35a57bbe8811b59ccf2c37a2bfec25ced6170ee3f51615da6f64f83,seed_116_base_1_regime_weak_village_information,4,frozen_ml,4,116,0,1,3,4,4,0,2,wolf,0,1,4,1,1
1,weak_village_information,0,1,seed_116_base_1_regime_weak_village_information_policy_frozen_hybrid_50_50,0,0,3636ee12b35a57bbe8811b59ccf2c37a2bfec25ced6170ee3f51615da6f64f83,seed_116_base_1_regime_weak_village_information,4,frozen_hybrid_50_50,4,116,0,1,3,,4,1,2,village,1,1,4,0,0
1,weak_village_information,0,1,seed_116_base_1_regime_weak_village_information_policy_frozen_ml_epsilon_010,1,0,3636ee12b35a57bbe8811b59ccf2c37a2bfec25ced6170ee3f51615da6f64f83,seed_116_base_1_regime_weak_village_information,3,frozen_ml_epsilon_010,3,116,0,2,3,3,3,0,2,wolf,1,0,3,2,1
1,mixed_seer_strategy,0,1,seed_116_base_1_regime_mixed_seer_strategy_policy_existing_rule,1,1,3636ee12b35a57bbe8811b59ccf2c37a2bfec25ced6170ee3f51615da6f64f83,seed_116_base_1_regime_mixed_seer_strategy,4,existing_rule,4,116,1,3,3,4,4,0,2,wolf,1,1,4,1,1
1,mixed_seer_strategy,0,1,seed_116_base_1_regime_mixed_seer_strategy_policy_frozen_ml,1,1,3636ee12b35a57bbe8811b59ccf2c37a2bfec25ced6170ee3f51615da6f64f83,seed_116_base_1_regime_mixed_seer_strategy,4,frozen_ml,4,116,0,1,3,,4,1,2,village,0,1,4,0,0
1,mixed_seer_strategy,0,1,seed_116_base_1_regime_mixed_seer_strategy_policy_frozen_hybrid_50_50,0,1,3636ee12b35a57bbe8811b59ccf2c37a2bfec25ced6170ee3f51615da6f64f83,seed_116_base_1_regime_mixed_seer_strategy,4,frozen_hybrid_50_50,4,116,0,0,3,,4,1,2,village,0,1,4,0,0
1,mixed_seer_strategy,0,1,seed_116_base_1_regime_mixed_seer_strategy_policy_frozen_ml_epsilon_010,1,1,3636ee12b35a57bbe8811b59ccf2c37a2bfec25ced6170ee3f51615da6f64f83,seed_116_base_1_regime_mixed_seer_strategy,4,frozen_ml_epsilon_010,4,116,0,1,3,,4,1,2,village,0,1,4,0,0
1,mixed_voting_strategy,0,2,seed_116_base_1_regime_mixed_voting_strategy_policy_existing_rule,1,1,3636ee12b35a57bbe8811b59ccf2c37a2bfec25ced6170ee3f51615da6f64f83,seed_116_base_1_regime_mixed_voting_strategy,4,existing_rule,4,116,1,3,3,4,4,0,2,wolf,1,1,4,1,1
1,mixed_voting_strategy,0,2,seed_116_base_1_regime_mixed_voting_strategy_policy_frozen_ml,0,0,3636ee12b35a57bbe8811b59ccf2c37a2bfec25ced6170ee3f51615da6f64f83,seed_116_base_1_regime_mixed_voting_strategy,4,frozen_ml,4,116,1,1,3,4,4,0,3,wolf,0,1,4,1,1
1,mixed_voting_strategy,0,2,seed_116_base_1_regime_mixed_voting_strategy_policy_frozen_hybrid_50_50,0,0,3636ee12b35a57bbe8811b59ccf2c37a2bfec25ced6170ee3f51615da6f64f83,seed_116_base_1_regime_mixed_voting_strategy,4,frozen_hybrid_50_50,4,116,1,2,3,4,4,0,3,wolf,1,1,4,1,1
1,mixed_voting_strategy,0,2,seed_116_base_1_regime_mixed_voting_strategy_policy_frozen_ml_epsilon_010,0,0,3636ee12b35a57bbe8811b59ccf2c37a2bfec25ced6170ee3f51615da6f64f83,seed_116_base_1_regime_mixed_voting_strategy,4,frozen_ml_epsilon_010,4,116,1,1,3,4,4,0,3,wolf,0,1,4,1,1
1,mixed_wolf_deception_strategy,0,1,seed_116_base_1_regime_mixed_wolf_deception_strategy_policy_existing_rule,1,1,3636ee12b35a57bbe8811b59ccf2c37a2bfec25ced6170ee3f51615da6f64f83,seed_116_base_1_regime_mixed_wolf_deception_strategy,4,existing_rule,4,116,1,3,3,4,4,0,2,wolf,1,1,4,1,1
1,mixed_wolf_deception_strategy,0,1,seed_116_base_1_regime_mixed_wolf_deception_strategy_policy_frozen_ml,1,1,3636ee12b35a57bbe8811b59ccf2c37a2bfec25ced6170ee3f51615da6f64f83,seed_116_base_1_regime_mixed_wolf_deception_strategy,4,frozen_ml,4,116,1,2,3,4,4,0,2,wolf,0,1,4,1,1
1,mixed_wolf_deception_strategy,0,1,seed_116_base_1_regime_mixed_wolf_deception_strategy_policy_frozen_hybrid_50_50,0,0,3636ee12b35a57bbe8811b59ccf2c37a2bfec25ced6170ee3f51615da6f64f83,seed_116_base_1_regime_mixed_wolf_deception_strategy,4,frozen_hybrid_50_50,4,116,1,1,3,4,4,0,3,wolf,0,1,4,1,1
1,mixed_wolf_deception_strategy,0,1,seed_116_base_1_regime_mixed_wolf_deception_strategy_policy_frozen_ml_epsilon_010,1,1,3636ee12b35a57bbe8811b59ccf2c37a2bfec25ced6170ee3f51615da6f64f83,seed_116_base_1_regime_mixed_wolf_deception_strategy,4,frozen_ml_epsilon_010,4,116,1,2,3,4,4,0,2,wolf,0,1,4,1,1
1,baseline_speech_enabled,0,,seed_117_base_1_regime_baseline_speech_enabled_policy_existing_rule,0,1,3636ee12b35a57bbe8811b59ccf2c37a2bfec25ced6170ee3f51615da6f64f83,seed_117_base_1_regime_baseline_speech_enabled,2,existing_rule,2,117,1,2,2,2,2,0,1,wolf,1,0,2,3,1
1,baseline_speech_enabled,0,2,seed_117_base_1_regime_baseline_speech_enabled_policy_frozen_ml,0,1,3636ee12b35a57bbe8811b59ccf2c37a2bfec25ced6170ee3f51615da6f64f83,seed_117_base_1_regime_baseline_speech_enabled,3,frozen_ml,3,117,1,1,2,,3,1,1,village,0,1,3,0,0
1,baseline_speech_enabled,0,,seed_117_base_1_regime_baseline_speech_enabled_policy_frozen_hybrid_50_50,0,1,3636ee12b35a57bbe8811b59ccf2c37a2bfec25ced6170ee3f51615da6f64f83,seed_117_base_1_regime_baseline_speech_enabled,2,frozen_hybrid_50_50,2,117,0,1,2,2,2,0,1,wolf,1,0,2,3,1
1,baseline_speech_enabled,0,,seed_117_base_1_regime_baseline_speech_enabled_policy_frozen_ml_epsilon_010,0,1,3636ee12b35a57bbe8811b59ccf2c37a2bfec25ced6170ee3f51615da6f64f83,seed_117_base_1_regime_baseline_speech_enabled,2,frozen_ml_epsilon_010,2,117,1,1,2,2,2,0,1,wolf,0,0,2,3,1
1,speech_disabled,0,1,seed_117_base_1_regime_speech_disabled_policy_existing_rule,1,1,3636ee12b35a57bbe8811b59ccf2c37a2bfec25ced6170ee3f51615da6f64f83,seed_117_base_1_regime_speech_disabled,4,existing_rule,4,117,1,3,3,4,4,0,2,wolf,1,1,4,1,1
1,speech_disabled,0,1,seed_117_base_1_regime_speech_disabled_policy_frozen_ml,0,1,3636ee12b35a57bbe8811b59ccf2c37a2bfec25ced6170ee3f51615da6f64f83,seed_117_base_1_regime_speech_disabled,4,frozen_ml,4,117,1,2,3,4,4,0,2,wolf,1,1,4,1,1
1,speech_disabled,0,1,seed_117_base_1_regime_speech_disabled_policy_frozen_hybrid_50_50,1,1,3636ee12b35a57bbe8811b59ccf2c37a2bfec25ced6170ee3f51615da6f64f83,seed_117_base_1_regime_speech_disabled,4,frozen_hybrid_50_50,4,117,0,1,3,,4,1,2,village,0,1,4,0,0
1,speech_disabled,0,1,seed_117_base_1_regime_speech_disabled_policy_frozen_ml_epsilon_010,0,1,3636ee12b35a57bbe8811b59ccf2c37a2bfec25ced6170ee3f51615da6f64f83,seed_117_base_1_regime_speech_disabled,4,frozen_ml_epsilon_010,4,117,1,2,3,4,4,0,2,wolf,1,1,4,1,1
1,herding_enabled,0,1,seed_117_base_1_regime_herding_enabled_policy_existing_rule,1,1,3636ee12b35a57bbe8811b59ccf2c37a2bfec25ced6170ee3f51615da6f64f83,seed_117_base_1_regime_herding_enabled,4,existing_rule,4,117,1,3,3,,4,1,1,village,1,1,4,0,0
1,herding_enabled,0,1,seed_117_base_1_regime_herding_enabled_policy_frozen_ml,0,1,3636ee12b35a57bbe8811b59ccf2c37a2bfec25ced6170ee3f51615da6f64f83,seed_117_base_1_regime_herding_enabled,3,frozen_ml,3,117,0,0,2,,3,1,2,village,0,1,3,0,0
1,herding_enabled,0,1,seed_117_base_1_regime_herding_enabled_policy_frozen_hybrid_50_50,0,1,3636ee12b35a57bbe8811b59ccf2c37a2bfec25ced6170ee3f51615da6f64f83,seed_117_base_1_regime_herding_enabled,3,frozen_hybrid_50_50,3,117,0,0,2,,3,1,2,village,0,1,3,0,0
1,herding_enabled,0,1,seed_117_base_1_regime_herding_enabled_policy_frozen_ml_epsilon_010,1,0,3636ee12b35a57bbe8811b59ccf2c37a2bfec25ced6170ee3f51615da6f64f83,seed_117_base_1_regime_herding_enabled,4,frozen_ml_epsilon_010,4,117,0,2,3,4,4,0,2,wolf,1,1,4,2,1
1,deception_enabled,0,,seed_117_base_1_regime_deception_enabled_policy_existing_rule,0,1,3636ee12b35a57bbe8811b59ccf2c37a2bfec25ced6170ee3f51615da6f64f83,seed_117_base_1_regime_deception_enabled,2,existing_rule,2,117,1,1,1,2,2,0,2,wolf,0,1,2,3,1
1,deception_enabled,0,,seed_117_base_1_regime_deception_enabled_policy_frozen_ml,0,1,3636ee12b35a57bbe8811b59ccf2c37a2bfec25ced6170ee3f51615da6f64f83,seed_117_base_1_regime_deception_enabled,2,frozen_ml,2,117,0,0,1,2,2,0,2,wolf,0,1,2,3,1
1,deception_enabled,0,,seed_117_base_1_regime_deception_enabled_policy_frozen_hybrid_50_50,0,1,3636ee12b35a57bbe8811b59ccf2c37a2bfec25ced6170ee3f51615da6f64f83,seed_117_base_1_regime_deception_enabled,2,frozen_hybrid_50_50,2,117,0,0,1,2,2,0,2,wolf,0,1,2,3,1
1,deception_enabled,0,,seed_117_base_1_regime_deception_enabled_policy_frozen_ml_epsilon_010,0,1,3636ee12b35a57bbe8811b59ccf2c37a2bfec25ced6170ee3f51615da6f64f83,seed_117_base_1_regime_deception_enabled,2,frozen_ml_epsilon_010,2,117,0,0,1,2,2,0,2,wolf,0,1,2,3,1
1,heterogeneous_risk_preference,0,2,seed_117_base_1_regime_heterogeneous_risk_preference_policy_existing_rule,1,1,3636ee12b35a57bbe8811b59ccf2c37a2bfec25ced6170ee3f51615da6f64f83,seed_117_base_1_regime_heterogeneous_risk_preference,4,existing_rule,4,117,1,3,3,,4,1,1,village,1,1,4,0,0
1,heterogeneous_risk_preference,0,2,seed_117_base_1_regime_heterogeneous_risk_preference_policy_frozen_ml,0,0,3636ee12b35a57bbe8811b59ccf2c37a2bfec25ced6170ee3f51615da6f64f83,seed_117_base_1_regime_heterogeneous_risk_preference,3,frozen_ml,3,117,0,0,2,,3,1,1,village,0,1,3,0,0
1,heterogeneous_risk_preference,0,2,seed_117_base_1_regime_heterogeneous_risk_preference_policy_frozen_hybrid_50_50,0,0,3636ee12b35a57bbe8811b59ccf2c37a2bfec25ced6170ee3f51615da6f64f83,seed_117_base_1_regime_heterogeneous_risk_preference,3,frozen_hybrid_50_50,3,117,0,0,2,,3,1,1,village,0,1,3,0,0
1,heterogeneous_risk_preference,0,2,seed_117_base_1_regime_heterogeneous_risk_preference_policy_frozen_ml_epsilon_010,0,0,3636ee12b35a57bbe8811b59ccf2c37a2bfec25ced6170ee3f51615da6f64f83,seed_117_base_1_regime_heterogeneous_risk_preference,3,frozen_ml_epsilon_010,3,117,0,0,2,,3,1,1,village,0,1,3,0,0
1,strong_village_information,0,2,seed_117_base_1_regime_strong_village_information_policy_existing_rule,1,1,3636ee12b35a57bbe8811b59ccf2c37a2bfec25ced6170ee3f51615da6f64f83,seed_117_base_1_regime_strong_village_information,4,existing_rule,4,117,1,3,3,,4,1,2,village,1,1,4,0,0
1,strong_village_information,0,2,seed_117_base_1_regime_strong_village_information_policy_frozen_ml,0,1,3636ee12b35a57bbe8811b59ccf2c37a2bfec25ced6170ee3f51615da6f64f83,seed_117_base_1_regime_strong_village_information,3,frozen_ml,3,117,0,0,2,,3,1,2,village,0,1,3,0,0
1,strong_village_information,0,2,seed_117_base_1_regime_strong_village_information_policy_frozen_hybrid_50_50,0,0,3636ee12b35a57bbe8811b59ccf2c37a2bfec25ced6170ee3f51615da6f64f83,seed_117_base_1_regime_strong_village_information,3,frozen_hybrid_50_50,3,117,0,0,2,,3,1,1,village,0,1,3,0,0
1,strong_village_information,0,2,seed_117_base_1_regime_strong_village_information_policy_frozen_ml_epsilon_010,0,1,3636ee12b35a57bbe8811b59ccf2c37a2bfec25ced6170ee3f51615da6f64f83,seed_117_base_1_regime_strong_village_information,3,frozen_ml_epsilon_010,3,117,0,0,2,,3,1,2,village,0,1,3,0,0
1,weak_village_information,0,1,seed_117_base_1_regime_weak_village_information_policy_existing_rule,1,1,3636ee12b35a57bbe8811b59ccf2c37a2bfec25ced6170ee3f51615da6f64f83,seed_117_base_1_regime_weak_village_information,3,existing_rule,3,117,1,3,3,,3,1,1,village,1,0,3,0,0
1,weak_village_information,0,1,seed_117_base_1_regime_weak_village_information_policy_frozen_ml,1,0,3636ee12b35a57bbe8811b59ccf2c37a2bfec25ced6170ee3f51615da6f64f83,seed_117_base_1_regime_weak_village_information,4,frozen_ml,4,117,0,1,4,4,4,0,2,wolf,0,0,4,1,1
1,weak_village_information,0,1,seed_117_base_1_regime_weak_village_information_policy_frozen_hybrid_50_50,1,0,3636ee12b35a57bbe8811b59ccf2c37a2bfec25ced6170ee3f51615da6f64f83,seed_117_base_1_regime_weak_village_information,4,frozen_hybrid_50_50,4,117,0,1,4,4,4,0,2,wolf,0,0,4,1,1
1,weak_village_information,0,1,seed_117_base_1_regime_weak_village_information_policy_frozen_ml_epsilon_010,1,0,3636ee12b35a57bbe8811b59ccf2c37a2bfec25ced6170ee3f51615da6f64f83,seed_117_base_1_regime_weak_village_information,4,frozen_ml_epsilon_010,4,117,0,1,4,4,4,0,2,wolf,0,0,4,1,1
1,mixed_seer_strategy,0,2,seed_117_base_1_regime_mixed_seer_strategy_policy_existing_rule,1,1,3636ee12b35a57bbe8811b59ccf2c37a2bfec25ced6170ee3f51615da6f64f83,seed_117_base_1_regime_mixed_seer_strategy,4,existing_rule,4,117,1,3,3,4,4,0,2,wolf,1,1,4,1,1
1,mixed_seer_strategy,0,2,seed_117_base_1_regime_mixed_seer_strategy_policy_frozen_ml,0,0,3636ee12b35a57bbe8811b59ccf2c37a2bfec25ced6170ee3f51615da6f64f83,seed_117_base_1_regime_mixed_seer_strategy,4,frozen_ml,4,117,1,2,3,,4,1,1,village,1,1,4,0,0
1,mixed_seer_strategy,0,2,seed_117_base_1_regime_mixed_seer_strategy_policy_frozen_hybrid_50_50,1,1,3636ee12b35a57bbe8811b59ccf2c37a2bfec25ced6170ee3f51615da6f64f83,seed_117_base_1_regime_mixed_seer_strategy,4,frozen_hybrid_50_50,4,117,1,3,3,4,4,0,2,wolf,1,1,4,1,1
1,mixed_seer_strategy,0,2,seed_117_base_1_regime_mixed_seer_strategy_policy_frozen_ml_epsilon_010,0,0,3636ee12b35a57bbe8811b59ccf2c37a2bfec25ced6170ee3f51615da6f64f83,seed_117_base_1_regime_mixed_seer_strategy,4,frozen_ml_epsilon_010,4,117,1,2,3,,4,1,1,village,1,1,4,0,0
1,mixed_voting_strategy,0,,seed_117_base_1_regime_mixed_voting_strategy_policy_existing_rule,0,0,3636ee12b35a57bbe8811b59ccf2c37a2bfec25ced6170ee3f51615da6f64f83,seed_117_base_1_regime_mixed_voting_strategy,2,existing_rule,2,117,1,1,1,2,2,0,2,wolf,0,1,2,3,1
1,mixed_voting_strategy,0,2,seed_117_base_1_regime_mixed_voting_strategy_policy_frozen_ml,0,0,3636ee12b35a57bbe8811b59ccf2c37a2bfec25ced6170ee3f51615da6f64f83,seed_117_base_1_regime_mixed_voting_strategy,4,frozen_ml,4,117,1,1,3,4,4,0,2,wolf,0,1,4,1,1
1,mixed_voting_strategy,0,2,seed_117_base_1_regime_mixed_voting_strategy_policy_frozen_hybrid_50_50,0,0,3636ee12b35a57bbe8811b59ccf2c37a2bfec25ced6170ee3f51615da6f64f83,seed_117_base_1_regime_mixed_voting_strategy,4,frozen_hybrid_50_50,4,117,1,2,3,,4,1,1,village,1,1,4,0,0
1,mixed_voting_strategy,0,2,seed_117_base_1_regime_mixed_voting_strategy_policy_frozen_ml_epsilon_010,1,1,3636ee12b35a57bbe8811b59ccf2c37a2bfec25ced6170ee3f51615da6f64f83,seed_117_base_1_regime_mixed_voting_strategy,4,frozen_ml_epsilon_010,4,117,0,1,3,,4,1,1,village,0,1,4,0,0
1,mixed_wolf_deception_strategy,0,,seed_117_base_1_regime_mixed_wolf_deception_strategy_policy_existing_rule,1,0,3636ee12b35a57bbe8811b59ccf2c37a2bfec25ced6170ee3f51615da6f64f83,seed_117_base_1_regime_mixed_wolf_deception_strategy,3,existing_rule,3,117,0,2,2,3,3,0,2,wolf,1,1,3,3,1
1,mixed_wolf_deception_strategy,0,,seed_117_base_1_regime_mixed_wolf_deception_strategy_policy_frozen_ml,0,0,3636ee12b35a57bbe8811b59ccf2c37a2bfec25ced6170ee3f51615da6f64f83,seed_117_base_1_regime_mixed_wolf_deception_strategy,2,frozen_ml,2,117,0,0,1,2,2,0,2,wolf,0,1,2,3,1
1,mixed_wolf_deception_strategy,0,,seed_117_base_1_regime_mixed_wolf_deception_strategy_policy_frozen_hybrid_50_50,0,1,3636ee12b35a57bbe8811b59ccf2c37a2bfec25ced6170ee3f51615da6f64f83,seed_117_base_1_regime_mixed_wolf_deception_strategy,2,frozen_hybrid_50_50,2,117,0,0,1,2,2,0,1,wolf,0,1,2,3,1
1,mixed_wolf_deception_strategy,0,,seed_117_base_1_regime_mixed_wolf_deception_strategy_policy_frozen_ml_epsilon_010,0,0,3636ee12b35a57bbe8811b59ccf2c37a2bfec25ced6170ee3f51615da6f64f83,seed_117_base_1_regime_mixed_wolf_deception_strategy,2,frozen_ml_epsilon_010,2,117,0,0,1,2,2,0,2,wolf,0,1,2,3,1
1,baseline_speech_enabled,0,1,seed_118_base_1_regime_baseline_speech_enabled_policy_existing_rule,0,1,3636ee12b35a57bbe8811b59ccf2c37a2bfec25ced6170ee3f51615da6f64f83,seed_118_base_1_regime_baseline_speech_enabled,4,existing_rule,4,118,1,1,3,4,4,0,2,wolf,0,1,4,1,1
1,baseline_speech_enabled,0,1,seed_118_base_1_regime_baseline_speech_enabled_policy_frozen_ml,0,1,3636ee12b35a57bbe8811b59ccf2c37a2bfec25ced6170ee3f51615da6f64f83,seed_118_base_1_regime_baseline_speech_enabled,4,frozen_ml,4,118,0,1,3,4,4,0,2,wolf,1,1,4,1,1
1,baseline_speech_enabled,0,1,seed_118_base_1_regime_baseline_speech_enabled_policy_frozen_hybrid_50_50,0,1,3636ee12b35a57bbe8811b59ccf2c37a2bfec25ced6170ee3f51615da6f64f83,seed_118_base_1_regime_baseline_speech_enabled,4,frozen_hybrid_50_50,4,118,0,1,3,,4,1,1,village,1,1,4,0,0
1,baseline_speech_enabled,0,1,seed_118_base_1_regime_baseline_speech_enabled_policy_frozen_ml_epsilon_010,0,1,3636ee12b35a57bbe8811b59ccf2c37a2bfec25ced6170ee3f51615da6f64f83,seed_118_base_1_regime_baseline_speech_enabled,4,frozen_ml_epsilon_010,4,118,0,1,3,4,4,0,2,wolf,1,1,4,1,1
1,speech_disabled,0,1,seed_118_base_1_regime_speech_disabled_policy_existing_rule,1,1,3636ee12b35a57bbe8811b59ccf2c37a2bfec25ced6170ee3f51615da6f64f83,seed_118_base_1_regime_speech_disabled,4,existing_rule,4,118,1,3,3,,4,1,1,village,1,1,4,0,0
1,speech_disabled,0,1,seed_118_base_1_regime_speech_disabled_policy_frozen_ml,1,1,3636ee12b35a57bbe8811b59ccf2c37a2bfec25ced6170ee3f51615da6f64f83,seed_118_base_1_regime_speech_disabled,4,frozen_ml,4,118,0,2,3,,4,1,1,village,1,1,4,0,0
1,speech_disabled,0,1,seed_118_base_1_regime_speech_disabled_policy_frozen_hybrid_50_50,1,1,3636ee12b35a57bbe8811b59ccf2c37a2bfec25ced6170ee3f51615da6f64f83,seed_118_base_1_regime_speech_disabled,4,frozen_hybrid_50_50,4,118,0,2,3,4,4,0,2,wolf,1,1,4,1,1
1,speech_disabled,0,1,seed_118_base_1_regime_speech_disabled_policy_frozen_ml_epsilon_010,1,1,3636ee12b35a57bbe8811b59ccf2c37a2bfec25ced6170ee3f51615da6f64f83,seed_118_base_1_regime_speech_disabled,4,frozen_ml_epsilon_010,4,118,0,2,3,,4,1,1,village,1,1,4,0,0
1,herding_enabled,0,1,seed_118_base_1_regime_herding_enabled_policy_existing_rule,1,1,3636ee12b35a57bbe8811b59ccf2c37a2bfec25ced6170ee3f51615da6f64f83,seed_118_base_1_regime_herding_enabled,4,existing_rule,4,118,1,3,3,,4,1,1,village,1,1,4,0,0
1,herding_enabled,0,1,seed_118_base_1_regime_herding_enabled_policy_frozen_ml,0,0,3636ee12b35a57bbe8811b59ccf2c37a2bfec25ced6170ee3f51615da6f64f83,seed_118_base_1_regime_herding_enabled,3,frozen_ml,3,118,0,1,2,,3,1,0,village,1,1,3,0,0
1,herding_enabled,0,1,seed_118_base_1_regime_herding_enabled_policy_frozen_hybrid_50_50,0,1,3636ee12b35a57bbe8811b59ccf2c37a2bfec25ced6170ee3f51615da6f64f83,seed_118_base_1_regime_herding_enabled,4,frozen_hybrid_50_50,4,118,0,1,3,,4,1,1,village,1,1,4,0,0
1,herding_enabled,0,1,seed_118_base_1_regime_herding_enabled_policy_frozen_ml_epsilon_010,0,0,3636ee12b35a57bbe8811b59ccf2c37a2bfec25ced6170ee3f51615da6f64f83,seed_118_base_1_regime_herding_enabled,3,frozen_ml_epsilon_010,3,118,0,1,2,,3,1,0,village,1,1,3,0,0
1,deception_enabled,0,,seed_118_base_1_regime_deception_enabled_policy_existing_rule,0,0,3636ee12b35a57bbe8811b59ccf2c37a2bfec25ced6170ee3f51615da6f64f83,seed_118_base_1_regime_deception_enabled,2,existing_rule,2,118,1,2,2,2,2,0,2,wolf,1,0,2,3,1
1,deception_enabled,0,,seed_118_base_1_regime_deception_enabled_policy_frozen_ml,1,1,3636ee12b35a57bbe8811b59ccf2c37a2bfec25ced6170ee3f51615da6f64f83,seed_118_base_1_regime_deception_enabled,2,frozen_ml,2,118,1,2,2,2,2,0,1,wolf,0,0,2,3,1
1,deception_enabled,0,,seed_118_base_1_regime_deception_enabled_policy_frozen_hybrid_50_50,1,1,3636ee12b35a57bbe8811b59ccf2c37a2bfec25ced6170ee3f51615da6f64f83,seed_118_base_1_regime_deception_enabled,2,frozen_hybrid_50_50,2,118,0,1,1,2,2,0,2,wolf,0,1,2,3,1
1,deception_enabled,0,,seed_118_base_1_regime_deception_enabled_policy_frozen_ml_epsilon_010,1,1,3636ee12b35a57bbe8811b59ccf2c37a2bfec25ced6170ee3f51615da6f64f83,seed_118_base_1_regime_deception_enabled,2,frozen_ml_epsilon_010,2,118,1,2,2,2,2,0,1,wolf,0,0,2,3,1
1,heterogeneous_risk_preference,0,1,seed_118_base_1_regime_heterogeneous_risk_preference_policy_existing_rule,0,1,3636ee12b35a57bbe8811b59ccf2c37a2bfec25ced6170ee3f51615da6f64f83,seed_118_base_1_regime_heterogeneous_risk_preference,3,existing_rule,3,118,1,2,2,3,3,0,2,wolf,1,1,3,2,1
1,heterogeneous_risk_preference,0,1,seed_118_base_1_regime_heterogeneous_risk_preference_policy_frozen_ml,0,0,3636ee12b35a57bbe8811b59ccf2c37a2bfec25ced6170ee3f51615da6f64f83,seed_118_base_1_regime_heterogeneous_risk_preference,4,frozen_ml,4,118,0,0,3,4,4,0,3,wolf,0,1,4,1,1
1,heterogeneous_risk_preference,0,1,seed_118_base_1_regime_heterogeneous_risk_preference_policy_frozen_hybrid_50_50,0,0,3636ee12b35a57bbe8811b59ccf2c37a2bfec25ced6170ee3f51615da6f64f83,seed_118_base_1_regime_heterogeneous_risk_preference,4,frozen_hybrid_50_50,4,118,0,0,3,4,4,0,3,wolf,0,1,4,1,1
1,heterogeneous_risk_preference,0,1,seed_118_base_1_regime_heterogeneous_risk_preference_policy_frozen_ml_epsilon_010,0,0,3636ee12b35a57bbe8811b59ccf2c37a2bfec25ced6170ee3f51615da6f64f83,seed_118_base_1_regime_heterogeneous_risk_preference,4,frozen_ml_epsilon_010,4,118,0,1,3,,4,1,2,village,1,1,4,0,0
1,strong_village_information,0,1,seed_118_base_1_regime_strong_village_information_policy_existing_rule,1,1,3636ee12b35a57bbe8811b59ccf2c37a2bfec25ced6170ee3f51615da6f64f83,seed_118_base_1_regime_strong_village_information,4,existing_rule,4,118,1,3,3,,4,1,2,village,1,1,4,0,0
1,strong_village_information,0,1,seed_118_base_1_regime_strong_village_information_policy_frozen_ml,1,1,3636ee12b35a57bbe8811b59ccf2c37a2bfec25ced6170ee3f51615da6f64f83,seed_118_base_1_regime_strong_village_information,3,frozen_ml,3,118,0,1,2,,3,1,1,village,0,1,3,0,0
1,strong_village_information,0,1,seed_118_base_1_regime_strong_village_information_policy_frozen_hybrid_50_50,1,1,3636ee12b35a57bbe8811b59ccf2c37a2bfec25ced6170ee3f51615da6f64f83,seed_118_base_1_regime_strong_village_information,3,frozen_hybrid_50_50,3,118,0,1,2,,3,1,1,village,0,1,3,0,0
1,strong_village_information,0,1,seed_118_base_1_regime_strong_village_information_policy_frozen_ml_epsilon_010,1,1,3636ee12b35a57bbe8811b59ccf2c37a2bfec25ced6170ee3f51615da6f64f83,seed_118_base_1_regime_strong_village_information,3,frozen_ml_epsilon_010,3,118,0,1,2,,3,1,1,village,0,1,3,0,0
1,weak_village_information,0,2,seed_118_base_1_regime_weak_village_information_policy_existing_rule,1,1,3636ee12b35a57bbe8811b59ccf2c37a2bfec25ced6170ee3f51615da6f64f83,seed_118_base_1_regime_weak_village_information,3,existing_rule,3,118,0,2,2,3,3,0,2,wolf,1,1,3,2,1
1,weak_village_information,0,2,seed_118_base_1_regime_weak_village_information_policy_frozen_ml,0,1,3636ee12b35a57bbe8811b59ccf2c37a2bfec25ced6170ee3f51615da6f64f83,seed_118_base_1_regime_weak_village_information,4,frozen_ml,4,118,0,0,3,4,4,0,2,wolf,0,1,4,1,1
1,weak_village_information,0,2,seed_118_base_1_regime_weak_village_information_policy_frozen_hybrid_50_50,0,1,3636ee12b35a57bbe8811b59ccf2c37a2bfec25ced6170ee3f51615da6f64f83,seed_118_base_1_regime_weak_village_information,4,frozen_hybrid_50_50,4,118,0,0,3,4,4,0,2,wolf,0,1,4,1,1
1,weak_village_information,0,2,seed_118_base_1_regime_weak_village_information_policy_frozen_ml_epsilon_010,0,1,3636ee12b35a57bbe8811b59ccf2c37a2bfec25ced6170ee3f51615da6f64f83,seed_118_base_1_regime_weak_village_information,4,frozen_ml_epsilon_010,4,118,0,0,3,4,4,0,2,wolf,0,1,4,1,1
1,mixed_seer_strategy,0,1,seed_118_base_1_regime_mixed_seer_strategy_policy_existing_rule,0,0,3636ee12b35a57bbe8811b59ccf2c37a2bfec25ced6170ee3f51615da6f64f83,seed_118_base_1_regime_mixed_seer_strategy,3,existing_rule,3,118,1,2,2,3,3,0,3,wolf,1,1,3,2,1
1,mixed_seer_strategy,0,1,seed_118_base_1_regime_mixed_seer_strategy_policy_frozen_ml,0,0,3636ee12b35a57bbe8811b59ccf2c37a2bfec25ced6170ee3f51615da6f64f83,seed_118_base_1_regime_mixed_seer_strategy,3,frozen_ml,3,118,0,1,3,,3,1,1,village,1,0,3,0,0
1,mixed_seer_strategy,0,1,seed_118_base_1_regime_mixed_seer_strategy_policy_frozen_hybrid_50_50,0,0,3636ee12b35a57bbe8811b59ccf2c37a2bfec25ced6170ee3f51615da6f64f83,seed_118_base_1_regime_mixed_seer_strategy,3,frozen_hybrid_50_50,3,118,0,1,3,,3,1,1,village,1,0,3,0,0
1,mixed_seer_strategy,0,1,seed_118_base_1_regime_mixed_seer_strategy_policy_frozen_ml_epsilon_010,0,0,3636ee12b35a57bbe8811b59ccf2c37a2bfec25ced6170ee3f51615da6f64f83,seed_118_base_1_regime_mixed_seer_strategy,3,frozen_ml_epsilon_010,3,118,0,1,3,,3,1,1,village,1,0,3,0,0
1,mixed_voting_strategy,0,2,seed_118_base_1_regime_mixed_voting_strategy_policy_existing_rule,1,0,3636ee12b35a57bbe8811b59ccf2c37a2bfec25ced6170ee3f51615da6f64f83,seed_118_base_1_regime_mixed_voting_strategy,4,existing_rule,4,118,1,3,3,4,4,0,2,wolf,1,1,4,2,1
1,mixed_voting_strategy,0,1,seed_118_base_1_regime_mixed_voting_strategy_policy_frozen_ml,1,1,3636ee12b35a57bbe8811b59ccf2c37a2bfec25ced6170ee3f51615da6f64f83,seed_118_base_1_regime_mixed_voting_strategy,3,frozen_ml,3,118,0,1,2,3,3,0,3,wolf,0,1,3,2,1
1,mixed_voting_strategy,0,1,seed_118_base_1_regime_mixed_voting_strategy_policy_frozen_hybrid_50_50,1,1,3636ee12b35a57bbe8811b59ccf2c37a2bfec25ced6170ee3f51615da6f64f83,seed_118_base_1_regime_mixed_voting_strategy,3,frozen_hybrid_50_50,3,118,0,1,2,3,3,0,3,wolf,0,1,3,2,1
1,mixed_voting_strategy,0,1,seed_118_base_1_regime_mixed_voting_strategy_policy_frozen_ml_epsilon_010,1,1,3636ee12b35a57bbe8811b59ccf2c37a2bfec25ced6170ee3f51615da6f64f83,seed_118_base_1_regime_mixed_voting_strategy,3,frozen_ml_epsilon_010,3,118,0,1,2,3,3,0,3,wolf,0,1,3,2,1
1,mixed_wolf_deception_strategy,0,,seed_118_base_1_regime_mixed_wolf_deception_strategy_policy_existing_rule,0,0,3636ee12b35a57bbe8811b59ccf2c37a2bfec25ced6170ee3f51615da6f64f83,seed_118_base_1_regime_mixed_wolf_deception_strategy,3,existing_rule,3,118,1,2,2,3,3,0,2,wolf,1,1,3,3,1
1,mixed_wolf_deception_strategy,0,2,seed_118_base_1_regime_mixed_wolf_deception_strategy_policy_frozen_ml,1,1,3636ee12b35a57bbe8811b59ccf2c37a2bfec25ced6170ee3f51615da6f64f83,seed_118_base_1_regime_mixed_wolf_deception_strategy,3,frozen_ml,3,118,0,2,3,,3,1,1,village,1,0,3,0,0
1,mixed_wolf_deception_strategy,0,2,seed_118_base_1_regime_mixed_wolf_deception_strategy_policy_frozen_hybrid_50_50,0,1,3636ee12b35a57bbe8811b59ccf2c37a2bfec25ced6170ee3f51615da6f64f83,seed_118_base_1_regime_mixed_wolf_deception_strategy,3,frozen_hybrid_50_50,3,118,0,1,2,3,3,0,2,wolf,1,1,3,2,1
1,mixed_wolf_deception_strategy,0,2,seed_118_base_1_regime_mixed_wolf_deception_strategy_policy_frozen_ml_epsilon_010,1,1,3636ee12b35a57bbe8811b59ccf2c37a2bfec25ced6170ee3f51615da6f64f83,seed_118_base_1_regime_mixed_wolf_deception_strategy,3,frozen_ml_epsilon_010,3,118,0,2,3,,3,1,1,village,1,0,3,0,0
1,baseline_speech_enabled,0,1,seed_119_base_1_regime_baseline_speech_enabled_policy_existing_rule,1,0,3636ee12b35a57bbe8811b59ccf2c37a2bfec25ced6170ee3f51615da6f64f83,seed_119_base_1_regime_baseline_speech_enabled,4,existing_rule,4,119,1,3,3,4,4,0,2,wolf,1,1,4,2,1
1,baseline_speech_enabled,0,,seed_119_base_1_regime_baseline_speech_enabled_policy_frozen_ml,0,0,3636ee12b35a57bbe8811b59ccf2c37a2bfec25ced6170ee3f51615da6f64f83,seed_119_base_1_regime_baseline_speech_enabled,2,frozen_ml,2,119,0,1,2,2,2,0,2,wolf,1,0,2,3,1
1,baseline_speech_enabled,0,1,seed_119_base_1_regime_baseline_speech_enabled_policy_frozen_hybrid_50_50,1,1,3636ee12b35a57bbe8811b59ccf2c37a2bfec25ced6170ee3f51615da6f64f83,seed_119_base_1_regime_baseline_speech_enabled,4,frozen_hybrid_50_50,4,119,0,1,3,,4,1,2,village,0,1,4,0,0
1,baseline_speech_enabled,0,,seed_119_base_1_regime_baseline_speech_enabled_policy_frozen_ml_epsilon_010,0,0,3636ee12b35a57bbe8811b59ccf2c37a2bfec25ced6170ee3f51615da6f64f83,seed_119_base_1_regime_baseline_speech_enabled,2,frozen_ml_epsilon_010,2,119,0,1,2,2,2,0,2,wolf,1,0,2,3,1
1,speech_disabled,0,1,seed_119_base_1_regime_speech_disabled_policy_existing_rule,0,1,3636ee12b35a57bbe8811b59ccf2c37a2bfec25ced6170ee3f51615da6f64f83,seed_119_base_1_regime_speech_disabled,4,existing_rule,4,119,1,2,3,4,4,0,2,wolf,1,1,4,1,1
1,speech_disabled,0,1,seed_119_base_1_regime_speech_disabled_policy_frozen_ml,0,1,3636ee12b35a57bbe8811b59ccf2c37a2bfec25ced6170ee3f51615da6f64f83,seed_119_base_1_regime_speech_disabled,3,frozen_ml,3,119,0,0,2,3,3,0,1,wolf,0,1,3,2,1
1,speech_disabled,0,1,seed_119_base_1_regime_speech_disabled_policy_frozen_hybrid_50_50,0,1,3636ee12b35a57bbe8811b59ccf2c37a2bfec25ced6170ee3f51615da6f64f83,seed_119_base_1_regime_speech_disabled,4,frozen_hybrid_50_50,4,119,1,2,3,4,4,0,2,wolf,1,1,4,1,1
1,speech_disabled,0,1,seed_119_base_1_regime_speech_disabled_policy_frozen_ml_epsilon_010,0,1,3636ee12b35a57bbe8811b59ccf2c37a2bfec25ced6170ee3f51615da6f64f83,seed_119_base_1_regime_speech_disabled,3,frozen_ml_epsilon_010,3,119,0,0,2,3,3,0,1,wolf,0,1,3,2,1
1,herding_enabled,0,1,seed_119_base_1_regime_herding_enabled_policy_existing_rule,1,1,3636ee12b35a57bbe8811b59ccf2c37a2bfec25ced6170ee3f51615da6f64f83,seed_119_base_1_regime_herding_enabled,4,existing_rule,4,119,1,2,3,4,4,0,3,wolf,0,1,4,1,1
1,herding_enabled,0,1,seed_119_base_1_regime_herding_enabled_policy_frozen_ml,0,0,3636ee12b35a57bbe8811b59ccf2c37a2bfec25ced6170ee3f51615da6f64f83,seed_119_base_1_regime_herding_enabled,2,frozen_ml,2,119,0,0,1,,2,1,0,village,0,1,2,0,0
1,herding_enabled,0,1,seed_119_base_1_regime_herding_enabled_policy_frozen_hybrid_50_50,0,0,3636ee12b35a57bbe8811b59ccf2c37a2bfec25ced6170ee3f51615da6f64f83,seed_119_base_1_regime_herding_enabled,2,frozen_hybrid_50_50,2,119,0,0,1,,2,1,0,village,0,1,2,0,0
1,herding_enabled,0,1,seed_119_base_1_regime_herding_enabled_policy_frozen_ml_epsilon_010,0,0,3636ee12b35a57bbe8811b59ccf2c37a2bfec25ced6170ee3f51615da6f64f83,seed_119_base_1_regime_herding_enabled,2,frozen_ml_epsilon_010,2,119,0,0,1,,2,1,0,village,0,1,2,0,0
1,deception_enabled,0,2,seed_119_base_1_regime_deception_enabled_policy_existing_rule,0,0,3636ee12b35a57bbe8811b59ccf2c37a2bfec25ced6170ee3f51615da6f64f83,seed_119_base_1_regime_deception_enabled,3,existing_rule,3,119,1,2,2,3,3,0,2,wolf,1,1,3,2,1
1,deception_enabled,0,,seed_119_base_1_regime_deception_enabled_policy_frozen_ml,0,0,3636ee12b35a57bbe8811b59ccf2c37a2bfec25ced6170ee3f51615da6f64f83,seed_119_base_1_regime_deception_enabled,3,frozen_ml,3,119,0,1,2,3,3,0,2,wolf,1,1,3,3,1
1,deception_enabled,0,2,seed_119_base_1_regime_deception_enabled_policy_frozen_hybrid_50_50,0,1,3636ee12b35a57bbe8811b59ccf2c37a2bfec25ced6170ee3f51615da6f64f83,seed_119_base_1_regime_deception_enabled,3,frozen_hybrid_50_50,3,119,0,0,2,,3,1,1,village,0,1,3,0,0
1,deception_enabled,0,,seed_119_base_1_regime_deception_enabled_policy_frozen_ml_epsilon_010,0,0,3636ee12b35a57bbe8811b59ccf2c37a2bfec25ced6170ee3f51615da6f64f83,seed_119_base_1_regime_deception_enabled,3,frozen_ml_epsilon_010,3,119,0,1,2,3,3,0,2,wolf,1,1,3,3,1
1,heterogeneous_risk_preference,0,,seed_119_base_1_regime_heterogeneous_risk_preference_policy_existing_rule,0,0,3636ee12b35a57bbe8811b59ccf2c37a2bfec25ced6170ee3f51615da6f64f83,seed_119_base_1_regime_heterogeneous_risk_preference,2,existing_rule,2,119,1,1,1,2,2,0,2,wolf,0,1,2,3,1
1,heterogeneous_risk_preference,0,,seed_119_base_1_regime_heterogeneous_risk_preference_policy_frozen_ml,0,0,3636ee12b35a57bbe8811b59ccf2c37a2bfec25ced6170ee3f51615da6f64f83,seed_119_base_1_regime_heterogeneous_risk_preference,2,frozen_ml,2,119,0,0,1,2,2,0,2,wolf,0,1,2,3,1
1,heterogeneous_risk_preference,0,,seed_119_base_1_regime_heterogeneous_risk_preference_policy_frozen_hybrid_50_50,0,0,3636ee12b35a57bbe8811b59ccf2c37a2bfec25ced6170ee3f51615da6f64f83,seed_119_base_1_regime_heterogeneous_risk_preference,2,frozen_hybrid_50_50,2,119,0,0,1,2,2,0,2,wolf,0,1,2,3,1
1,heterogeneous_risk_preference,0,,seed_119_base_1_regime_heterogeneous_risk_preference_policy_frozen_ml_epsilon_010,0,0,3636ee12b35a57bbe8811b59ccf2c37a2bfec25ced6170ee3f51615da6f64f83,seed_119_base_1_regime_heterogeneous_risk_preference,2,frozen_ml_epsilon_010,2,119,0,0,1,2,2,0,2,wolf,0,1,2,3,1
1,strong_village_information,0,2,seed_119_base_1_regime_strong_village_information_policy_existing_rule,1,1,3636ee12b35a57bbe8811b59ccf2c37a2bfec25ced6170ee3f51615da6f64f83,seed_119_base_1_regime_strong_village_information,4,existing_rule,4,119,1,2,3,4,4,0,3,wolf,0,1,4,1,1
1,strong_village_information,0,2,seed_119_base_1_regime_strong_village_information_policy_frozen_ml,0,0,3636ee12b35a57bbe8811b59ccf2c37a2bfec25ced6170ee3f51615da6f64f83,seed_119_base_1_regime_strong_village_information,4,frozen_ml,4,119,1,1,3,,4,1,1,village,0,1,4,0,0
1,strong_village_information,0,2,seed_119_base_1_regime_strong_village_information_policy_frozen_hybrid_50_50,0,0,3636ee12b35a57bbe8811b59ccf2c37a2bfec25ced6170ee3f51615da6f64f83,seed_119_base_1_regime_strong_village_information,4,frozen_hybrid_50_50,4,119,1,1,3,,4,1,1,village,0,1,4,0,0
1,strong_village_information,0,2,seed_119_base_1_regime_strong_village_information_policy_frozen_ml_epsilon_010,0,0,3636ee12b35a57bbe8811b59ccf2c37a2bfec25ced6170ee3f51615da6f64f83,seed_119_base_1_regime_strong_village_information,4,frozen_ml_epsilon_010,4,119,1,1,3,,4,1,1,village,0,1,4,0,0
1,weak_village_information,0,1,seed_119_base_1_regime_weak_village_information_policy_existing_rule,0,1,3636ee12b35a57bbe8811b59ccf2c37a2bfec25ced6170ee3f51615da6f64f83,seed_119_base_1_regime_weak_village_information,3,existing_rule,3,119,1,2,2,3,3,0,2,wolf,1,1,3,2,1
1,weak_village_information,0,1,seed_119_base_1_regime_weak_village_information_policy_frozen_ml,0,0,3636ee12b35a57bbe8811b59ccf2c37a2bfec25ced6170ee3f51615da6f64f83,seed_119_base_1_regime_weak_village_information,3,frozen_ml,3,119,0,0,2,,3,1,1,village,0,1,3,0,0
1,weak_village_information,0,1,seed_119_base_1_regime_weak_village_information_policy_frozen_hybrid_50_50,1,1,3636ee12b35a57bbe8811b59ccf2c37a2bfec25ced6170ee3f51615da6f64f83,seed_119_base_1_regime_weak_village_information,4,frozen_hybrid_50_50,4,119,0,1,3,4,4,0,2,wolf,0,1,4,1,1
1,weak_village_information,0,1,seed_119_base_1_regime_weak_village_information_policy_frozen_ml_epsilon_010,0,0,3636ee12b35a57bbe8811b59ccf2c37a2bfec25ced6170ee3f51615da6f64f83,seed_119_base_1_regime_weak_village_information,3,frozen_ml_epsilon_010,3,119,0,0,2,,3,1,1,village,0,1,3,0,0
1,mixed_seer_strategy,0,1,seed_119_base_1_regime_mixed_seer_strategy_policy_existing_rule,1,1,3636ee12b35a57bbe8811b59ccf2c37a2bfec25ced6170ee3f51615da6f64f83,seed_119_base_1_regime_mixed_seer_strategy,4,existing_rule,4,119,1,2,3,4,4,0,3,wolf,0,1,4,1,1
1,mixed_seer_strategy,0,1,seed_119_base_1_regime_mixed_seer_strategy_policy_frozen_ml,1,1,3636ee12b35a57bbe8811b59ccf2c37a2bfec25ced6170ee3f51615da6f64f83,seed_119_base_1_regime_mixed_seer_strategy,4,frozen_ml,4,119,0,2,4,4,4,0,1,wolf,1,0,4,1,1
1,mixed_seer_strategy,0,1,seed_119_base_1_regime_mixed_seer_strategy_policy_frozen_hybrid_50_50,1,1,3636ee12b35a57bbe8811b59ccf2c37a2bfec25ced6170ee3f51615da6f64f83,seed_119_base_1_regime_mixed_seer_strategy,4,frozen_hybrid_50_50,4,119,1,3,4,,4,1,1,village,1,0,4,0,0
1,mixed_seer_strategy,0,1,seed_119_base_1_regime_mixed_seer_strategy_policy_frozen_ml_epsilon_010,1,1,3636ee12b35a57bbe8811b59ccf2c37a2bfec25ced6170ee3f51615da6f64f83,seed_119_base_1_regime_mixed_seer_strategy,4,frozen_ml_epsilon_010,4,119,0,2,4,4,4,0,1,wolf,1,0,4,1,1
1,mixed_voting_strategy,0,,seed_119_base_1_regime_mixed_voting_strategy_policy_existing_rule,0,0,3636ee12b35a57bbe8811b59ccf2c37a2bfec25ced6170ee3f51615da6f64f83,seed_119_base_1_regime_mixed_voting_strategy,3,existing_rule,3,119,1,2,2,3,3,0,2,wolf,1,1,3,3,1
1,mixed_voting_strategy,0,1,seed_119_base_1_regime_mixed_voting_strategy_policy_frozen_ml,1,1,3636ee12b35a57bbe8811b59ccf2c37a2bfec25ced6170ee3f51615da6f64f83,seed_119_base_1_regime_mixed_voting_strategy,4,frozen_ml,4,119,0,2,4,4,4,0,2,wolf,1,0,4,1,1
1,mixed_voting_strategy,0,1,seed_119_base_1_regime_mixed_voting_strategy_policy_frozen_hybrid_50_50,0,0,3636ee12b35a57bbe8811b59ccf2c37a2bfec25ced6170ee3f51615da6f64f83,seed_119_base_1_regime_mixed_voting_strategy,3,frozen_hybrid_50_50,3,119,0,1,3,3,3,0,2,wolf,1,0,3,2,1
1,mixed_voting_strategy,0,1,seed_119_base_1_regime_mixed_voting_strategy_policy_frozen_ml_epsilon_010,1,1,3636ee12b35a57bbe8811b59ccf2c37a2bfec25ced6170ee3f51615da6f64f83,seed_119_base_1_regime_mixed_voting_strategy,4,frozen_ml_epsilon_010,4,119,0,2,4,4,4,0,2,wolf,1,0,4,1,1
1,mixed_wolf_deception_strategy,0,1,seed_119_base_1_regime_mixed_wolf_deception_strategy_policy_existing_rule,0,0,3636ee12b35a57bbe8811b59ccf2c37a2bfec25ced6170ee3f51615da6f64f83,seed_119_base_1_regime_mixed_wolf_deception_strategy,3,existing_rule,3,119,1,2,2,,3,1,1,village,1,1,3,0,0
1,mixed_wolf_deception_strategy,0,1,seed_119_base_1_regime_mixed_wolf_deception_strategy_policy_frozen_ml,1,1,3636ee12b35a57bbe8811b59ccf2c37a2bfec25ced6170ee3f51615da6f64f83,seed_119_base_1_regime_mixed_wolf_deception_strategy,4,frozen_ml,4,119,1,2,3,4,4,0,2,wolf,0,1,4,1,1
1,mixed_wolf_deception_strategy,0,1,seed_119_base_1_regime_mixed_wolf_deception_strategy_policy_frozen_hybrid_50_50,1,1,3636ee12b35a57bbe8811b59ccf2c37a2bfec25ced6170ee3f51615da6f64f83,seed_119_base_1_regime_mixed_wolf_deception_strategy,4,frozen_hybrid_50_50,4,119,1,2,3,4,4,0,2,wolf,0,1,4,1,1
1,mixed_wolf_deception_strategy,0,1,seed_119_base_1_regime_mixed_wolf_deception_strategy_policy_frozen_ml_epsilon_010,1,1,3636ee12b35a57bbe8811b59ccf2c37a2bfec25ced6170ee3f51615da6f64f83,seed_119_base_1_regime_mixed_wolf_deception_strategy,4,frozen_ml_epsilon_010,4,119,1,2,3,4,4,0,2,wolf,0,1,4,1,1
