action_legal,action_selected_by_existing_policy,actor_known_teammate_count,actor_p_wolf,actor_previous_speeches_made,actor_previous_votes_made,actor_risk_aggressive,actor_risk_conservative,actor_role_if_self_known,actor_suspicion_score,actor_team,actor_team_is_village,actor_team_is_wolf,actor_team_win_label,actor_uid,alive_count,base_configuration_id,base_game_index,behavioral_regime_id,candidate_alive,candidate_checked_by_actor_status,candidate_conflict_with_actor,candidate_current_vote_count,candidate_defense_count,candidate_distance_from_actor,candidate_is_special_label,candidate_is_wolf_label,candidate_known_village_to_actor,candidate_known_wolf_to_actor,candidate_made_accusations,candidate_p_wolf,candidate_physical_seat_numeric,candidate_public_influence_proxy,candidate_public_role_known,candidate_ranking_margin,candidate_received_accusations,candidate_role_claim_count,candidate_search_coverage_bonus,candidate_seat_is_edge,candidate_side_is_left,candidate_special_role_claim_count,candidate_speech_count,candidate_support_from_actor,candidate_survival_proxy,candidate_suspicion_score,candidate_trust_from_actor,candidate_uid,candidate_uncertainty_proxy,candidate_vote_made_count,candidate_vote_received_count,candidate_vote_switch_count,candidate_was_previously_targeted_by_actor,candidate_wrong_accusation_count,current_vote_total,dead_count,decision_id,decision_type,decision_type_is_day_vote,decision_type_is_seer_check,decision_type_is_wolf_kill,distribution_shift_category,eventual_winner_label,existing_policy_name,feature_vector_novelty_score,fraction_features_outside_training_minmax,full_rollout_best_action,full_rollout_count,full_rollout_existing_policy_regret,full_rollout_mean_team_win_rate,full_rollout_policy_values,full_rollout_policy_values_json,full_rollout_team_win_standard_error,full_rollout_value_rank_within_decision,full_rollout_value_variance_across_policies,full_rollout_worst_case_team_win_rate,game_family_id,game_id,hybrid_score,maximum_absolute_z_score,missing_feature_count,ml_predicted_wolf_value,normalized_existing_rule_score,normalized_ml_value,number_of_previous_eliminations,number_of_public_check_results,observation_id,observation_safe_rule_proxy_score,phase,phase_is_day,phase_is_night,prediction_extremity,public_information_entropy_proxy,public_revealed_role_count,round,round_number,seed,selected_candidate_uid,split_group_id,split_level,split_name,standardized_feature_distance,surrogate_rollout_value,true_candidate_role_label
1,1,2,0.3,0,0,0,0,werewolf,0.0,wolf,0,1,,2,10,regime_baseline_rule_policy_seed_60_base_1,1,baseline_rule_policy,1,0,0,0,0,1,1,0,0,0,0,0.15,3,0.0,0,0.021610167987621942,0,0,0.0,0,1,0,0,0,1.4625,0.0,0.5,3,0.15,0,0,0,0,0,0,0,8c92dc1ca5b8d7fbd48d3d97b39480b0af13286fe62f8a0dd2a19c55a0ad81a5,wolf_kill,0,0,1,mild_shift,,seer_first,2.3847019724578,0.0,1,7,0.2857142857142857,0.5714285714285714,"{'baseline_rule_policy': 0.0, 'randomized_legal_policy': 1.0, 'mixed_rule_policy': 0.0, 'seat_order_neutral_policy': 0.0, 'speech_and_herding_policy': 1.0, 'deception_enabled_policy': 1.0, 'risk_heterogeneous_policy': 1.0}","{""baseline_rule_policy"": 0.0, ""deception_enabled_policy"": 1.0, ""mixed_rule_policy"": 0.0, ""randomized_legal_policy"": 1.0, ""risk_heterogeneous_policy"": 1.0, ""seat_order_neutral_policy"": 0.0, ""speech_and_herding_policy"": 1.0}",0.20203050891044216,4,0.28571428571428575,0.0,regime_baseline_rule_policy_seed_60_base_1,baseline_rule_policy_seed_60_game_1_wolf_kill,0.7577939531208775,3.147870853305598,0,0.7286638336305591,1.0,0.515587906241755,0,0,3da507750d3f8a44b9c2b2e3da7394c13ccfb6b4f30f316ba21c5542e28fb259,0.664,night,0,1,0.2286638336305591,0.28500000000000003,0,1,1,60,3,regime_baseline_rule_policy_seed_60_base_1,A_in_distribution,train,0.8107665458050008,0.3333333333333333,hunter
1,0,2,0.3,0,0,0,0,werewolf,0.0,wolf,0,1,,2,10,regime_baseline_rule_policy_seed_60_base_1,1,baseline_rule_policy,1,0,0,0,0,1,0,0,0,0,0,0.3,1,0.0,0,0.021610167987621942,0,0,0.0,1,1,0,0,0,1.425,0.0,0.5,1,0.3,0,0,0,0,0,0,0,8c92dc1ca5b8d7fbd48d3d97b39480b0af13286fe62f8a0dd2a19c55a0ad81a5,wolf_kill,0,0,1,in_distribution,,seer_first,1.011596341857945,0.0,1,7,0.2857142857142857,0.8571428571428571,"{'baseline_rule_policy': 1.0, 'randomized_legal_policy': 1.0, 'mixed_rule_policy': 1.0, 'seat_order_neutral_policy': 0.0, 'speech_and_herding_policy': 1.0, 'deception_enabled_policy': 1.0, 'risk_heterogeneous_policy': 1.0}","{""baseline_rule_policy"": 1.0, ""deception_enabled_policy"": 1.0, ""mixed_rule_policy"": 1.0, ""randomized_legal_policy"": 1.0, ""risk_heterogeneous_policy"": 1.0, ""seat_order_neutral_policy"": 0.0, ""speech_and_herding_policy"": 1.0}",0.14285714285714285,1,0.14285714285714285,0.0,regime_baseline_rule_policy_seed_60_base_1,baseline_rule_policy_seed_60_game_1_wolf_kill,0.0,1.3232578740557186,0,0.7035508911567379,0.0,0.0,0,0,3da507750d3f8a44b9c2b2e3da7394c13ccfb6b4f30f316ba21c5542e28fb259,0.628,night,0,1,0.20355089115673786,0.28500000000000003,0,1,1,60,3,regime_baseline_rule_policy_seed_60_base_1,A_in_distribution,train,0.3499674048300858,1.0,villager
1,0,2,0.3,0,0,0,0,werewolf,0.0,wolf,0,1,,2,10,regime_baseline_rule_policy_seed_60_base_1,1,baseline_rule_policy,1,0,0,0,0,2,1,0,0,0,0,0.3,4,0.0,0,0.021610167987621942,0,0,0.0,0,1,0,0,0,1.425,0.0,0.5,4,0.3,0,0,0,0,0,0,0,8c92dc1ca5b8d7fbd48d3d97b39480b0af13286fe62f8a0dd2a19c55a0ad81a5,wolf_kill,0,0,1,in_distribution,,seer_first,0.6997458238835813,0.0,1,7,0.2857142857142857,0.8571428571428571,"{'baseline_rule_policy': 1.0, 'randomized_legal_policy': 1.0, 'mixed_rule_policy': 1.0, 'seat_order_neutral_policy': 0.0, 'speech_and_herding_policy': 1.0, 'deception_enabled_policy': 1.0, 'risk_heterogeneous_policy': 1.0}","{""baseline_rule_policy"": 1.0, ""deception_enabled_policy"": 1.0, ""mixed_rule_policy"": 1.0, ""randomized_legal_policy"": 1.0, ""risk_heterogeneous_policy"": 1.0, ""seat_order_neutral_policy"": 0.0, ""speech_and_herding_policy"": 1.0}",0.14285714285714285,1,0.14285714285714285,0.0,regime_baseline_rule_policy_seed_60_base_1,baseline_rule_policy_seed_60_game_1_wolf_kill,0.2781633658045962,0.9198662110077998,0,0.730648115584263,0.0,0.5563267316091924,0,0,3da507750d3f8a44b9c2b2e3da7394c13ccfb6b4f30f316ba21c5542e28fb259,0.628,night,0,1,0.230648115584263,0.28500000000000003,0,1,1,60,3,regime_baseline_rule_policy_seed_60_base_1,A_in_distribution,train,0.23981271837968146,1.0,witch
1,0,2,0.3,0,0,0,0,werewolf,0.0,wolf,0,1,,2,10,regime_baseline_rule_policy_seed_60_base_1,1,baseline_rule_policy,1,0,0,0,0,4,1,0,0,0,0,0.3,8,0.0,0,0.021610167987621942,0,0,0.0,0,0,0,0,0,1.425,0.0,0.5,8,0.3,0,0,0,0,0,0,0,8c92dc1ca5b8d7fbd48d3d97b39480b0af13286fe62f8a0dd2a19c55a0ad81a5,wolf_kill,0,0,1,in_distribution,,seer_first,0.8808179639637161,0.0,1,7,0.2857142857142857,0.7142857142857143,"{'baseline_rule_policy': 0.0, 'randomized_legal_policy': 1.0, 'mixed_rule_policy': 1.0, 'seat_order_neutral_policy': 0.0, 'speech_and_herding_policy': 1.0, 'deception_enabled_policy': 1.0, 'risk_heterogeneous_policy': 1.0}","{""baseline_rule_policy"": 0.0, ""deception_enabled_policy"": 1.0, ""mixed_rule_policy"": 1.0, ""randomized_legal_policy"": 1.0, ""risk_heterogeneous_policy"": 1.0, ""seat_order_neutral_policy"": 0.0, ""speech_and_herding_policy"": 1.0}",0.18442777839082938,3,0.2380952380952381,0.0,regime_baseline_rule_policy_seed_60_base_1,baseline_rule_policy_seed_60_game_1_wolf_kill,0.5,1.143543749793731,0,0.752258283571885,0.0,1.0,0,0,3da507750d3f8a44b9c2b2e3da7394c13ccfb6b4f30f316ba21c5542e28fb259,0.628,night,0,1,0.25225828357188496,0.28500000000000003,0,1,1,60,3,regime_baseline_rule_policy_seed_60_base_1,A_in_distribution,train,0.30904608906685066,1.0,seer
1,1,2,0.3,0,0,0,0,werewolf,0.0,wolf,0,1,,3,10,regime_baseline_rule_policy_seed_60_base_2,2,baseline_rule_policy,1,0,0,0,0,1,1,0,0,0,0,0.3,2,0.0,0,0.004553000504926574,0,0,0.0,0,1,0,0,0,1.425,0.0,0.5,2,0.3,0,0,0,0,0,0,0,de22ec6de9207b340b0b136603ed0efe35c771135e8c3a457e4a0d5b6ebaee46,wolf_kill,0,0,1,in_distribution,,seer_first,1.1357552836308566,0.0,1,7,0.1428571428571429,0.5714285714285714,"{'baseline_rule_policy': 1.0, 'randomized_legal_policy': 1.0, 'mixed_rule_policy': 0.0, 'seat_order_neutral_policy': 1.0, 'speech_and_herding_policy': 0.0, 'deception_enabled_policy': 0.0, 'risk_heterogeneous_policy': 1.0}","{""baseline_rule_policy"": 1.0, ""deception_enabled_policy"": 0.0, ""mixed_rule_policy"": 0.0, ""randomized_legal_policy"": 1.0, ""risk_heterogeneous_policy"": 1.0, ""seat_order_neutral_policy"": 1.0, ""speech_and_herding_policy"": 0.0}",0.20203050891044216,3,0.28571428571428575,0.0,regime_baseline_rule_policy_seed_60_base_2,baseline_rule_policy_seed_60_game_2_wolf_kill,0.5341599172383578,1.5275252316519494,0,0.6285159064035797,0.5,0.5683198344767154,0,0,2a7bb59ffbe9339e34398fc939cf9ce911c498f9f7ab7ac99237b13f59dfb033,0.628,night,0,1,0.12851590640357968,0.315,0,1,1,60,2,regime_baseline_rule_policy_seed_60_base_2,A_in_distribution,train,0.371992667804882,0.3333333333333333,seer
1,0,2,0.3,0,0,0,0,werewolf,0.0,wolf,0,1,,3,10,regime_baseline_rule_policy_seed_60_base_2,2,baseline_rule_policy,1,0,0,0,0,2,0,0,0,0,0,0.3,1,0.0,0,0.004553000504926574,0,0,0.0,1,1,0,0,0,1.425,0.0,0.5,1,0.3,0,0,0,0,0,0,0,de22ec6de9207b340b0b136603ed0efe35c771135e8c3a457e4a0d5b6ebaee46,wolf_kill,0,0,1,in_distribution,,seer_first,1.1262292982757063,0.0,1,7,0.1428571428571429,0.7142857142857143,"{'baseline_rule_policy': 0.0, 'randomized_legal_policy': 1.0, 'mixed_rule_policy': 1.0, 'seat_order_neutral_policy': 1.0, 'speech_and_herding_policy': 1.0, 'deception_enabled_policy': 0.0, 'risk_heterogeneous_policy': 1.0}","{""baseline_rule_policy"": 0.0, ""deception_enabled_policy"": 0.0, ""mixed_rule_policy"": 1.0, ""randomized_legal_policy"": 1.0, ""risk_heterogeneous_policy"": 1.0, ""seat_order_neutral_policy"": 1.0, ""speech_and_herding_policy"": 1.0}",0.18442777839082938,1,0.2380952380952381,0.0,regime_baseline_rule_policy_seed_60_base_2,baseline_rule_policy_seed_60_game_2_wolf_kill,0.25,1.5275252316519494,0,0.6225217452166842,0.5,0.0,0,0,2a7bb59ffbe9339e34398fc939cf9ce911c498f9f7ab7ac99237b13f59dfb033,0.628,night,0,1,0.12252174521668424,0.315,0,1,1,60,2,regime_baseline_rule_policy_seed_60_base_2,A_in_distribution,train,0.3624666824497315,0.6666666666666666,villager
1,0,2,0.3,0,0,0,0,werewolf,0.0,wolf,0,1,,3,10,regime_baseline_rule_policy_seed_60_base_2,2,baseline_rule_policy,1,0,0,0,0,1,0,0,0,0,0,0.3,4,0.0,0,0.004553000504926574,0,0,0.0,0,1,0,0,0,1.425,0.0,0.5,4,0.3,0,0,0,0,0,0,0,de22ec6de9207b340b0b136603ed0efe35c771135e8c3a457e4a0d5b6ebaee46,wolf_kill,0,0,1,in_distribution,,seer_first,1.11285472647031,0.0,1,7,0.1428571428571429,0.7142857142857143,"{'baseline_rule_policy': 1.0, 'randomized_legal_policy': 1.0, 'mixed_rule_policy': 1.0, 'seat_order_neutral_policy': 1.0, 'speech_and_herding_policy': 0.0, 'deception_enabled_policy': 1.0, 'risk_heterogeneous_policy': 0.0}","{""baseline_rule_policy"": 1.0, ""deception_enabled_policy"": 1.0, ""mixed_rule_policy"": 1.0, ""randomized_legal_policy"": 1.0, ""risk_heterogeneous_policy"": 0.0, ""seat_order_neutral_policy"": 1.0, ""speech_and_herding_policy"": 0.0}",0.18442777839082938,1,0.2380952380952381,0.0,regime_baseline_rule_policy_seed_60_base_2,baseline_rule_policy_seed_60_game_2_wolf_kill,0.526077574164618,1.5275252316519494,0,0.6283454148450847,0.5,0.5521551483292358,0,0,2a7bb59ffbe9339e34398fc939cf9ce911c498f9f7ab7ac99237b13f59dfb033,0.628,night,0,1,0.12834541484508466,0.315,0,1,1,60,2,regime_baseline_rule_policy_seed_60_base_2,A_in_distribution,train,0.3490921106443352,0.6666666666666666,villager
1,0,2,0.3,0,0,0,0,werewolf,0.0,wolf,0,1,,3,10,regime_baseline_rule_policy_seed_60_base_2,2,baseline_rule_policy,1,0,0,0,0,3,1,0,0,0,0,0.3,10,0.0,0,0.004553000504926574,0,0,0.0,1,0,0,0,0,1.425,0.0,0.5,10,0.3,0,0,0,0,0,0,0,de22ec6de9207b340b0b136603ed0efe35c771135e8c3a457e4a0d5b6ebaee46,wolf_kill,0,0,1,in_distribution,,seer_first,1.1886846461822262,0.0,1,7,0.1428571428571429,0.5714285714285714,"{'baseline_rule_policy': 1.0, 'randomized_legal_policy': 0.0, 'mixed_rule_policy': 1.0, 'seat_order_neutral_policy': 1.0, 'speech_and_herding_policy': 1.0, 'deception_enabled_policy': 0.0, 'risk_heterogeneous_policy': 0.0}","{""baseline_rule_policy"": 1.0, ""deception_enabled_policy"": 0.0, ""mixed_rule_policy"": 1.0, ""randomized_legal_policy"": 0.0, ""risk_heterogeneous_policy"": 0.0, ""seat_order_neutral_policy"": 1.0, ""speech_and_herding_policy"": 1.0}",0.20203050891044216,3,0.28571428571428575,0.0,regime_baseline_rule_policy_seed_60_base_2,baseline_rule_policy_seed_60_game_2_wolf_kill,0.75,1.5958918549960293,0,0.6330689069085063,0.5,1.0,0,0,2a7bb59ffbe9339e34398fc939cf9ce911c498f9f7ab7ac99237b13f59dfb033,0.628,night,0,1,0.13306890690850626,0.315,0,1,1,60,2,regime_baseline_rule_policy_seed_60_base_2,A_in_distribution,train,0.39073871868421156,1.0,witch
1,1,2,0.3,0,0,0,0,werewolf,0.0,wolf,0,1,,2,10,regime_baseline_rule_policy_seed_60_base_3,3,baseline_rule_policy,1,0,0,0,0,5,1,0,0,0,0,0.3,7,0.0,0,0.018700466319409248,0,0,0.0,0,0,0,0,0,1.425,0.0,0.5,7,0.3,0,0,0,0,0,0,0,2a9d3e4c993d0804eeb68acce125ec77eaebaffc50b4f2a31e360626c56f81af,wolf_kill,0,0,1,in_distribution,,seer_first,1.227390550950416,0.0,1,7,0.1428571428571428,0.7142857142857143,"{'baseline_rule_policy': 1.0, 'randomized_legal_policy': 0.0, 'mixed_rule_policy': 1.0, 'seat_order_neutral_policy': 0.0, 'speech_and_herding_policy': 1.0, 'deception_enabled_policy': 1.0, 'risk_heterogeneous_policy': 1.0}","{""baseline_rule_policy"": 1.0, ""deception_enabled_policy"": 1.0, ""mixed_rule_policy"": 1.0, ""randomized_legal_policy"": 0.0, ""risk_heterogeneous_policy"": 1.0, ""seat_order_neutral_policy"": 0.0, ""speech_and_herding_policy"": 1.0}",0.18442777839082938,4,0.2380952380952381,0.0,regime_baseline_rule_policy_seed_60_base_3,baseline_rule_policy_seed_60_game_3_wolf_kill,0.5,1.7451661817256576,0,0.7629803067506948,0.0,1.0,0,0,bb80be8ffb8617d9d9d2640f863a34f5761a2d516742e72ac5d60236b7a2dd61,0.628,night,0,1,0.26298030675069484,0.28500000000000003,0,1,1,60,7,regime_baseline_rule_policy_seed_60_base_3,A_in_distribution,train,0.35480746008758707,0.6666666666666666,witch
1,0,2,0.3,0,0,0,0,werewolf,0.0,wolf,0,1,,2,10,regime_baseline_rule_policy_seed_60_base_3,3,baseline_rule_policy,1,0,0,0,0,1,1,0,0,0,0,0.3,1,0.0,0,0.018700466319409248,0,0,0.0,1,1,0,0,0,1.425,0.0,0.5,1,0.3,0,0,0,0,0,0,0,2a9d3e4c993d0804eeb68acce125ec77eaebaffc50b4f2a31e360626c56f81af,wolf_kill,0,0,1,in_distribution,,seer_first,1.011596341857945,0.0,1,7,0.1428571428571428,0.8571428571428571,"{'baseline_rule_policy': 1.0, 'randomized_legal_policy': 1.0, 'mixed_rule_policy': 1.0, 'seat_order_neutral_policy': 0.0, 'speech_and_herding_policy': 1.0, 'deception_enabled_policy': 1.0, 'risk_heterogeneous_policy': 1.0}","{""baseline_rule_policy"": 1.0, ""deception_enabled_policy"": 1.0, ""mixed_rule_policy"": 1.0, ""randomized_legal_policy"": 1.0, ""risk_heterogeneous_policy"": 1.0, ""seat_order_neutral_policy"": 0.0, ""speech_and_herding_policy"": 1.0}",0.14285714285714285,1,0.14285714285714285,0.0,regime_baseline_rule_policy_seed_60_base_3,baseline_rule_policy_seed_60_game_3_wolf_kill,0.0,1.3232578740557186,0,0.7035508911567379,0.0,0.0,0,0,bb80be8ffb8617d9d9d2640f863a34f5761a2d516742e72ac5d60236b7a2dd61,0.628,night,0,1,0.20355089115673786,0.28500000000000003,0,1,1,60,7,regime_baseline_rule_policy_seed_60_base_3,A_in_distribution,train,0.3499674048300858,0.6666666666666666,seer
1,0,2,0.3,0,0,0,0,werewolf,0.0,wolf,0,1,,2,10,regime_baseline_rule_policy_seed_60_base_3,3,baseline_rule_policy,1,0,0,0,0,4,0,0,0,0,0,0.15,6,0.0,0,0.018700466319409248,0,0,0.0,1,0,0,0,0,1.4625,0.0,0.5,6,0.15,0,0,0,0,0,0,0,2a9d3e4c993d0804eeb68acce125ec77eaebaffc50b4f2a31e360626c56f81af,wolf_kill,0,0,1,mild_shift,,seer_first,2.381551338360621,0.0,1,7,0.1428571428571428,0.8571428571428571,"{'baseline_rule_policy': 1.0, 'randomized_legal_policy': 1.0, 'mixed_rule_policy': 1.0, 'seat_order_neutral_policy': 0.0, 'speech_and_herding_policy': 1.0, 'deception_enabled_policy': 1.0, 'risk_heterogeneous_policy': 1.0}","{""baseline_rule_policy"": 1.0, ""deception_enabled_policy"": 1.0, ""mixed_rule_policy"": 1.0, ""randomized_legal_policy"": 1.0, ""risk_heterogeneous_policy"": 1.0, ""seat_order_neutral_policy"": 0.0, ""speech_and_herding_policy"": 1.0}",0.14285714285714285,1,0.14285714285714285,0.0,regime_baseline_rule_policy_seed_60_base_3,baseline_rule_policy_seed_60_game_3_wolf_kill,0.8426665807453204,3.147870853305598,0,0.7442798404312856,1.0,0.6853331614906409,0,0,bb80be8ffb8617d9d9d2640f863a34f5761a2d516742e72ac5d60236b7a2dd61,0.664,night,0,1,0.2442798404312856,0.28500000000000003,0,1,1,60,7,regime_baseline_rule_policy_seed_60_base_3,A_in_distribution,train,0.8076159117078219,0.0,villager
1,0,2,0.3,0,0,0,0,werewolf,0.0,wolf,0,1,,2,10,regime_baseline_rule_policy_seed_60_base_3,3,baseline_rule_policy,1,0,0,0,0,1,0,0,0,0,0,0.3,3,0.0,0,0.018700466319409248,0,0,0.0,0,1,0,0,0,1.425,0.0,0.5,3,0.3,0,0,0,0,0,0,0,2a9d3e4c993d0804eeb68acce125ec77eaebaffc50b4f2a31e360626c56f81af,wolf_kill,0,0,1,in_distribution,,seer_first,0.9640958436641636,0.0,1,7,0.1428571428571428,0.8571428571428571,"{'baseline_rule_policy': 1.0, 'randomized_legal_policy': 0.0, 'mixed_rule_policy': 1.0, 'seat_order_neutral_policy': 1.0, 'speech_and_herding_policy': 1.0, 'deception_enabled_policy': 1.0, 'risk_heterogeneous_policy': 1.0}","{""baseline_rule_policy"": 1.0, ""deception_enabled_policy"": 1.0, ""mixed_rule_policy"": 1.0, ""randomized_legal_policy"": 0.0, ""risk_heterogeneous_policy"": 1.0, ""seat_order_neutral_policy"": 1.0, ""speech_and_herding_policy"": 1.0}",0.14285714285714285,1,0.14285714285714285,0.0,regime_baseline_rule_policy_seed_60_base_3,baseline_rule_policy_seed_60_game_3_wolf_kill,0.13920457270063355,1.3232578740557186,0,0.7200965839639482,0.0,0.2784091454012671,0,0,bb80be8ffb8617d9d9d2640f863a34f5761a2d516742e72ac5d60236b7a2dd61,0.628,night,0,1,0.22009658396394816,0.28500000000000003,0,1,1,60,7,regime_baseline_rule_policy_seed_60_base_3,A_in_distribution,train,0.30246690663630427,0.3333333333333333,villager
1,1,2,0.3,0,0,0,0,werewolf,0.0,wolf,0,1,,2,10,regime_baseline_rule_policy_seed_61_base_1,1,baseline_rule_policy,1,0,0,0,0,1,0,0,0,0,0,0.3,1,0.0,0,0.03849684391182229,0,0,0.0,1,1,0,0,0,1.425,0.0,0.5,1,0.3,0,0,0,0,0,0,0,f07b219ae2acee53467b107bf1ade0f86d5dbc8d4579688e31107acba38e4f6b,wolf_kill,0,0,1,in_distribution,,seer_first,1.011596341857945,0.0,1,7,0.0,0.8571428571428571,"{'baseline_rule_policy': 1.0, 'randomized_legal_policy': 1.0, 'mixed_rule_policy': 1.0, 'seat_order_neutral_policy': 0.0, 'speech_and_herding_policy': 1.0, 'deception_enabled_policy': 1.0, 'risk_heterogeneous_policy': 1.0}","{""baseline_rule_policy"": 1.0, ""deception_enabled_policy"": 1.0, ""mixed_rule_policy"": 1.0, ""randomized_legal_policy"": 1.0, ""risk_heterogeneous_policy"": 1.0, ""seat_order_neutral_policy"": 0.0, ""speech_and_herding_policy"": 1.0}",0.14285714285714285,1,0.14285714285714285,0.0,regime_baseline_rule_policy_seed_61_base_1,baseline_rule_policy_seed_61_game_1_wolf_kill,0.25,1.3232578740557186,0,0.7035508911567379,0.5,0.0,0,0,8dee43a0f43ff20b498da0690d925163b6699d72b522dde584d145bb7a6402f1,0.628,night,0,1,0.20355089115673786,0.28500000000000003,0,1,1,61,1,regime_baseline_rule_policy_seed_61_base_1,A_in_distribution,train,0.3499674048300858,0.6666666666666666,villager
1,0,2,0.3,0,0,0,0,werewolf,0.0,wolf,0,1,,2,10,regime_baseline_rule_policy_seed_61_base_1,1,baseline_rule_policy,1,0,0,0,0,1,1,0,0,0,0,0.3,3,0.0,0,0.03849684391182229,0,0,0.0,0,1,0,0,0,1.425,0.0,0.5,3,0.3,0,0,0,0,0,0,0,f07b219ae2acee53467b107bf1ade0f86d5dbc8d4579688e31107acba38e4f6b,wolf_kill,0,0,1,in_distribution,,seer_first,0.9640958436641636,0.0,1,7,0.0,0.7142857142857143,"{'baseline_rule_policy': 1.0, 'randomized_legal_policy': 0.0, 'mixed_rule_policy': 1.0, 'seat_order_neutral_policy': 0.0, 'speech_and_herding_policy': 1.0, 'deception_enabled_policy': 1.0, 'risk_heterogeneous_policy': 1.0}","{""baseline_rule_policy"": 1.0, ""deception_enabled_policy"": 1.0, ""mixed_rule_policy"": 1.0, ""randomized_legal_policy"": 0.0, ""risk_heterogeneous_policy"": 1.0, ""seat_order_neutral_policy"": 0.0, ""speech_and_herding_policy"": 1.0}",0.18442777839082938,2,0.2380952380952381,0.0,regime_baseline_rule_policy_seed_61_base_1,baseline_rule_policy_seed_61_game_1_wolf_kill,0.3892045727006336,1.3232578740557186,0,0.7200965839639482,0.5,0.2784091454012671,0,0,8dee43a0f43ff20b498da0690d925163b6699d72b522dde584d145bb7a6402f1,0.628,night,0,1,0.22009658396394816,0.28500000000000003,0,1,1,61,1,regime_baseline_rule_policy_seed_61_base_1,A_in_distribution,train,0.30246690663630427,0.6666666666666666,witch
1,0,2,0.3,0,0,0,0,werewolf,0.0,wolf,0,1,,2,10,regime_baseline_rule_policy_seed_61_base_1,1,baseline_rule_policy,1,0,0,0,0,3,1,0,0,0,0,0.3,5,0.0,0,0.03849684391182229,0,0,0.0,1,1,0,0,0,1.425,0.0,0.5,5,0.3,0,0,0,0,0,0,0,f07b219ae2acee53467b107bf1ade0f86d5dbc8d4579688e31107acba38e4f6b,wolf_kill,0,0,1,in_distribution,,seer_first,0.7815346225469999,0.0,1,7,0.0,0.7142857142857143,"{'baseline_rule_policy': 0.0, 'randomized_legal_policy': 1.0, 'mixed_rule_policy': 1.0, 'seat_order_neutral_policy': 0.0, 'speech_and_herding_policy': 1.0, 'deception_enabled_policy': 1.0, 'risk_heterogeneous_policy': 1.0}","{""baseline_rule_policy"": 0.0, ""deception_enabled_policy"": 1.0, ""mixed_rule_policy"": 1.0, ""randomized_legal_policy"": 1.0, ""risk_heterogeneous_policy"": 1.0, ""seat_order_neutral_policy"": 0.0, ""speech_and_herding_policy"": 1.0}",0.18442777839082938,2,0.2380952380952381,0.0,regime_baseline_rule_policy_seed_61_base_1,baseline_rule_policy_seed_61_game_1_wolf_kill,0.4261128851169723,1.0871146130092182,0,0.7244834628388725,0.5,0.3522257702339446,0,0,8dee43a0f43ff20b498da0690d925163b6699d72b522dde584d145bb7a6402f1,0.628,night,0,1,0.22448346283887255,0.28500000000000003,0,1,1,61,1,regime_baseline_rule_policy_seed_61_base_1,A_in_distribution,train,0.23797731604239084,1.0,hunter
1,0,2,0.3,0,0,0,0,werewolf,0.0,wolf,0,1,,2,10,regime_baseline_rule_policy_seed_61_base_1,1,baseline_rule_policy,1,0,0,0,0,5,0,0,0,0,0,0.3,7,0.0,0,0.03849684391182229,0,0,0.0,0,0,0,0,0,1.425,0.0,0.5,7,0.3,0,0,0,0,0,0,0,f07b219ae2acee53467b107bf1ade0f86d5dbc8d4579688e31107acba38e4f6b,wolf_kill,0,0,1,in_distribution,,seer_first,1.227390550950416,0.0,1,7,0.0,0.7142857142857143,"{'baseline_rule_policy': 1.0, 'randomized_legal_policy': 0.0, 'mixed_rule_policy': 1.0, 'seat_order_neutral_policy': 0.0, 'speech_and_herding_policy': 1.0, 'deception_enabled_policy': 1.0, 'risk_heterogeneous_policy': 1.0}","{""baseline_rule_policy"": 1.0, ""deception_enabled_policy"": 1.0, ""mixed_rule_policy"": 1.0, ""randomized_legal_policy"": 0.0, ""risk_heterogeneous_policy"": 1.0, ""seat_order_neutral_policy"": 0.0, ""speech_and_herding_policy"": 1.0}",0.18442777839082938,2,0.2380952380952381,0.0,regime_baseline_rule_policy_seed_61_base_1,baseline_rule_policy_seed_61_game_1_wolf_kill,0.75,1.7451661817256576,0,0.7629803067506948,0.5,1.0,0,0,8dee43a0f43ff20b498da0690d925163b6699d72b522dde584d145bb7a6402f1,0.628,night,0,1,0.26298030675069484,0.28500000000000003,0,1,1,61,1,regime_baseline_rule_policy_seed_61_base_1,A_in_distribution,train,0.35480746008758707,1.0,villager
1,1,2,0.55,0,0,0,0,werewolf,0.25,wolf,0,1,,2,10,regime_baseline_rule_policy_seed_61_base_2,2,baseline_rule_policy,1,0,0,0,0,2,1,0,0,0,0,0.3,10,0.0,0,0.0165456928072103,0,0,0.0,1,0,0,0,0,1.425,0.0,0.5,10,0.3,0,0,0,0,0,0,0,9b3188470699439c7d9f6c4594b1f7b33249ccf349071e9353282d5c5b62b621,wolf_kill,0,0,1,mild_shift,,seer_first,2.206858867166357,0.0,10,7,0.0,1.0,"{'baseline_rule_policy': 1.0, 'randomized_legal_policy': 1.0, 'mixed_rule_policy': 1.0, 'seat_order_neutral_policy': 1.0, 'speech_and_herding_policy': 1.0, 'deception_enabled_policy': 1.0, 'risk_heterogeneous_policy': 1.0}","{""baseline_rule_policy"": 1.0, ""deception_enabled_policy"": 1.0, ""mixed_rule_policy"": 1.0, ""randomized_legal_policy"": 1.0, ""risk_heterogeneous_policy"": 1.0, ""seat_order_neutral_policy"": 1.0, ""speech_and_herding_policy"": 1.0}",0.0,1,0.0,1.0,regime_baseline_rule_policy_seed_61_base_2,baseline_rule_policy_seed_61_game_2_wolf_kill,0.35827064608515197,2.9999999999999996,0,0.6043700980028706,0.5,0.21654129217030396,0,0,5299c038ad97372ba37a7c9bb0df0ea6d64b27ff9f65923ca9659f5841e2d7ab,0.628,night,0,1,0.10437009800287056,0.315,0,1,1,61,10,regime_baseline_rule_policy_seed_61_base_2,A_in_distribution,train,0.7068588671663572,1.0,hunter
1,0,2,0.55,0,0,0,0,werewolf,0.25,wolf,0,1,,2,10,regime_baseline_rule_policy_seed_61_base_2,2,baseline_rule_policy,1,0,0,0,0,1,0,0,0,0,0,0.3,1,0.0,0,0.0165456928072103,0,0,0.0,1,1,0,0,0,1.425,0.0,0.5,1,0.3,0,0,0,0,0,0,0,9b3188470699439c7d9f6c4594b1f7b33249ccf349071e9353282d5c5b62b621,wolf_kill,0,0,1,mild_shift,,seer_first,2.207804749174434,0.0,10,7,0.0,0.42857142857142855,"{'baseline_rule_policy': 0.0, 'randomized_legal_policy': 0.0, 'mixed_rule_policy': 1.0, 'seat_order_neutral_policy': 1.0, 'speech_and_herding_policy': 0.0, 'deception_enabled_policy': 1.0, 'risk_heterogeneous_policy': 0.0}","{""baseline_rule_policy"": 0.0, ""deception_enabled_policy"": 1.0, ""mixed_rule_policy"": 1.0, ""randomized_legal_policy"": 0.0, ""risk_heterogeneous_policy"": 0.0, ""seat_order_neutral_policy"": 1.0, ""speech_and_herding_policy"": 0.0}",0.20203050891044214,2,0.2857142857142857,0.0,regime_baseline_rule_policy_seed_61_base_2,baseline_rule_policy_seed_61_game_2_wolf_kill,0.25,2.9999999999999996,0,0.5938229363110485,0.5,0.0,0,0,5299c038ad97372ba37a7c9bb0df0ea6d64b27ff9f65923ca9659f5841e2d7ab,0.628,night,0,1,0.09382293631104854,0.315,0,1,1,61,10,regime_baseline_rule_policy_seed_61_base_2,A_in_distribution,train,0.7078047491744341,0.3333333333333333,villager
1,0,2,0.55,0,0,0,0,werewolf,0.25,wolf,0,1,,2,10,regime_baseline_rule_policy_seed_61_base_2,2,baseline_rule_policy,1,0,0,0,0,4,0,0,0,0,0,0.3,6,0.0,0,0.0165456928072103,0,0,0.0,1,0,0,0,0,1.425,0.0,0.5,6,0.3,0,0,0,0,0,0,0,9b3188470699439c7d9f6c4594b1f7b33249ccf349071e9353282d5c5b62b621,wolf_kill,0,0,1,mild_shift,,seer_first,2.181834053980583,0.0,10,7,0.0,0.2857142857142857,"{'baseline_rule_policy': 0.0, 'randomized_legal_policy': 1.0, 'mixed_rule_policy': 0.0, 'seat_order_neutral_policy': 1.0, 'speech_and_herding_policy': 0.0, 'deception_enabled_policy': 0.0, 'risk_heterogeneous_policy': 0.0}","{""baseline_rule_policy"": 0.0, ""deception_enabled_policy"": 0.0, ""mixed_rule_policy"": 0.0, ""randomized_legal_policy"": 1.0, ""risk_heterogeneous_policy"": 0.0, ""seat_order_neutral_policy"": 1.0, ""speech_and_herding_policy"": 0.0}",0.18442777839082938,4,0.2380952380952381,0.0,regime_baseline_rule_policy_seed_61_base_2,baseline_rule_policy_seed_61_game_2_wolf_kill,0.5801521392668016,2.9999999999999996,0,0.6259846359189853,0.5,0.6603042785336032,0,0,5299c038ad97372ba37a7c9bb0df0ea6d64b27ff9f65923ca9659f5841e2d7ab,0.628,night,0,1,0.12598463591898534,0.315,0,1,1,61,10,regime_baseline_rule_policy_seed_61_base_2,A_in_distribution,train,0.6818340539805833,0.3333333333333333,villager
1,0,2,0.55,0,0,0,0,werewolf,0.25,wolf,0,1,,2,10,regime_baseline_rule_policy_seed_61_base_2,2,baseline_rule_policy,1,0,0,0,0,4,1,0,0,0,0,0.3,8,0.0,0,0.0165456928072103,0,0,0.0,0,0,0,0,0,1.425,0.0,0.5,8,0.3,0,0,0,0,0,0,0,9b3188470699439c7d9f6c4594b1f7b33249ccf349071e9353282d5c5b62b621,wolf_kill,0,0,1,mild_shift,,seer_first,2.1884910047908352,0.0,10,7,0.0,0.42857142857142855,"{'baseline_rule_policy': 1.0, 'randomized_legal_policy': 0.0, 'mixed_rule_policy': 1.0, 'seat_order_neutral_policy': 1.0, 'speech_and_herding_policy': 0.0, 'deception_enabled_policy': 0.0, 'risk_heterogeneous_policy': 0.0}","{""baseline_rule_policy"": 1.0, ""deception_enabled_policy"": 0.0, ""mixed_rule_policy"": 1.0, ""randomized_legal_policy"": 0.0, ""risk_heterogeneous_policy"": 0.0, ""seat_order_neutral_policy"": 1.0, ""speech_and_herding_policy"": 0.0}",0.20203050891044214,2,0.2857142857142857,0.0,regime_baseline_rule_policy_seed_61_base_2,baseline_rule_policy_seed_61_game_2_wolf_kill,0.75,2.9999999999999996,0,0.6425303287261956,0.5,1.0,0,0,5299c038ad97372ba37a7c9bb0df0ea6d64b27ff9f65923ca9659f5841e2d7ab,0.628,night,0,1,0.14253032872619564,0.315,0,1,1,61,10,regime_baseline_rule_policy_seed_61_base_2,A_in_distribution,train,0.6884910047908356,1.0,witch
1,1,2,0.55,0,0,0,0,werewolf,0.25,wolf,0,1,,6,10,regime_baseline_rule_policy_seed_61_base_3,3,baseline_rule_policy,1,0,0,0,0,1,1,0,0,0,0,0.3,5,0.0,0,0.004561740361912148,0,0,0.0,1,1,0,0,0,1.425,0.0,0.5,5,0.3,0,0,0,0,0,0,0,b6ace2ef0da5f2f23c3576a7253dbf821f23a01e6c0c20698659a3c33b1bd14d,wolf_kill,0,0,1,mild_shift,,seer_first,2.1840768060539184,0.0,5,7,0.0,1.0,"{'baseline_rule_policy': 1.0, 'randomized_legal_policy': 1.0, 'mixed_rule_policy': 1.0, 'seat_order_neutral_policy': 1.0, 'speech_and_herding_policy': 1.0, 'deception_enabled_policy': 1.0, 'risk_heterogeneous_policy': 1.0}","{""baseline_rule_policy"": 1.0, ""deception_enabled_policy"": 1.0, ""mixed_rule_policy"": 1.0, ""randomized_legal_policy"": 1.0, ""risk_heterogeneous_policy"": 1.0, ""seat_order_neutral_policy"": 1.0, ""speech_and_herding_policy"": 1.0}",0.0,1,0.0,1.0,regime_baseline_rule_policy_seed_61_base_3,baseline_rule_policy_seed_61_game_3_wolf_kill,0.25,2.9999999999999996,0,0.5934819531940585,0.5,0.0,0,0,80cb69ca5a9ac261e588f59e2daaf2e6a9b3129e362ca2e01d434872a35dc95e,0.628,night,0,1,0.0934819531940585,0.315,0,1,1,61,5,regime_baseline_rule_policy_seed_61_base_3,A_in_distribution,train,0.6840768060539187,1.0,hunter
1,0,2,0.55,0,0,0,0,werewolf,0.25,wolf,0,1,,6,10,regime_baseline_rule_policy_seed_61_base_3,3,baseline_rule_policy,1,0,0,0,0,5,1,0,0,0,0,0.3,1,0.0,0,0.004561740361912148,0,0,0.0,1,1,0,0,0,1.425,0.0,0.5,1,0.3,0,0,0,0,0,0,0,b6ace2ef0da5f2f23c3576a7253dbf821f23a01e6c0c20698659a3c33b1bd14d,wolf_kill,0,0,1,mild_shift,,seer_first,2.225178318577183,0.0,5,7,0.0,0.5714285714285714,"{'baseline_rule_policy': 0.0, 'randomized_legal_policy': 0.0, 'mixed_rule_policy': 1.0, 'seat_order_neutral_policy': 1.0, 'speech_and_herding_policy': 1.0, 'deception_enabled_policy': 0.0, 'risk_heterogeneous_policy': 1.0}","{""baseline_rule_policy"": 0.0, ""deception_enabled_policy"": 0.0, ""mixed_rule_policy"": 1.0, ""randomized_legal_policy"": 0.0, ""risk_heterogeneous_policy"": 1.0, ""seat_order_neutral_policy"": 1.0, ""speech_and_herding_policy"": 1.0}",0.20203050891044216,3,0.28571428571428575,0.0,regime_baseline_rule_policy_seed_61_base_3,baseline_rule_policy_seed_61_game_3_wolf_kill,0.75,2.9999999999999996,0,0.6363700459092979,0.5,1.0,0,0,80cb69ca5a9ac261e588f59e2daaf2e6a9b3129e362ca2e01d434872a35dc95e,0.628,night,0,1,0.1363700459092979,0.315,0,1,1,61,5,regime_baseline_rule_policy_seed_61_base_3,A_in_distribution,train,0.7251783185771834,1.0,seer
1,0,2,0.55,0,0,0,0,werewolf,0.25,wolf,0,1,,6,10,regime_baseline_rule_policy_seed_61_base_3,3,baseline_rule_policy,1,0,0,0,0,3,0,0,0,0,0,0.3,9,0.0,0,0.004561740361912148,0,0,0.0,0,0,0,0,0,1.425,0.0,0.5,9,0.3,0,0,0,0,0,0,0,b6ace2ef0da5f2f23c3576a7253dbf821f23a01e6c0c20698659a3c33b1bd14d,wolf_kill,0,0,1,mild_shift,,seer_first,2.185773347762229,0.0,5,7,0.0,0.42857142857142855,"{'baseline_rule_policy': 1.0, 'randomized_legal_policy': 0.0, 'mixed_rule_policy': 0.0, 'seat_order_neutral_policy': 1.0, 'speech_and_herding_policy': 0.0, 'deception_enabled_policy': 0.0, 'risk_heterogeneous_policy': 1.0}","{""baseline_rule_policy"": 1.0, ""deception_enabled_policy"": 0.0, ""mixed_rule_policy"": 0.0, ""randomized_legal_policy"": 0.0, ""risk_heterogeneous_policy"": 1.0, ""seat_order_neutral_policy"": 1.0, ""speech_and_herding_policy"": 0.0}",0.20203050891044214,4,0.2857142857142857,0.0,regime_baseline_rule_policy_seed_61_base_3,baseline_rule_policy_seed_61_game_3_wolf_kill,0.6968181017957553,2.9999999999999996,0,0.6318083055473858,0.5,0.8936362035915105,0,0,80cb69ca5a9ac261e588f59e2daaf2e6a9b3129e362ca2e01d434872a35dc95e,0.628,night,0,1,0.13180830554738576,0.315,0,1,1,61,5,regime_baseline_rule_policy_seed_61_base_3,A_in_distribution,train,0.685773347762229,1.0,villager
1,0,2,0.55,0,0,0,0,werewolf,0.25,wolf,0,1,,6,10,regime_baseline_rule_policy_seed_61_base_3,3,baseline_rule_policy,1,0,0,0,0,2,1,0,0,0,0,0.3,4,0.0,0,0.004561740361912148,0,0,0.0,0,1,0,0,0,1.425,0.0,0.5,4,0.3,0,0,0,0,0,0,0,b6ace2ef0da5f2f23c3576a7253dbf821f23a01e6c0c20698659a3c33b1bd14d,wolf_kill,0,0,1,mild_shift,,seer_first,2.1603184977017005,0.0,5,7,0.0,0.8571428571428571,"{'baseline_rule_policy': 0.0, 'randomized_legal_policy': 1.0, 'mixed_rule_policy': 1.0, 'seat_order_neutral_policy': 1.0, 'speech_and_herding_policy': 1.0, 'deception_enabled_policy': 1.0, 'risk_heterogeneous_policy': 1.0}","{""baseline_rule_policy"": 0.0, ""deception_enabled_policy"": 1.0, ""mixed_rule_policy"": 1.0, ""randomized_legal_policy"": 1.0, ""risk_heterogeneous_policy"": 1.0, ""seat_order_neutral_policy"": 1.0, ""speech_and_herding_policy"": 1.0}",0.14285714285714285,2,0.14285714285714285,0.0,regime_baseline_rule_policy_seed_61_base_3,baseline_rule_policy_seed_61_game_3_wolf_kill,0.5698814147168358,2.9999999999999996,0,0.6209201607385737,0.5,0.6397628294336716,0,0,80cb69ca5a9ac261e588f59e2daaf2e6a9b3129e362ca2e01d434872a35dc95e,0.628,night,0,1,0.1209201607385737,0.315,0,1,1,61,5,regime_baseline_rule_policy_seed_61_base_3,A_in_distribution,train,0.6603184977017008,0.6666666666666666,witch
1,1,2,0.3,0,0,0,0,werewolf,0.0,wolf,0,1,,1,10,regime_baseline_rule_policy_seed_62_base_1,1,baseline_rule_policy,1,0,0,0,0,3,1,0,0,0,0,0.3,8,0.0,0,0.01072202317880988,0,0,0.0,0,0,0,0,0,1.425,0.0,0.5,8,0.3,0,0,0,0,0,0,0,7b953c20c289263be6dc2b5fa40ebe853dd0e694b19c92f187b41d9aa2c919aa,wolf_kill,0,0,1,in_distribution,,seer_first,0.8510013501405396,0.0,3,7,0.1428571428571429,0.8571428571428571,"{'baseline_rule_policy': 1.0, 'randomized_legal_policy': 1.0, 'mixed_rule_policy': 1.0, 'seat_order_neutral_policy': 0.0, 'speech_and_herding_policy': 1.0, 'deception_enabled_policy': 1.0, 'risk_heterogeneous_policy': 1.0}","{""baseline_rule_policy"": 1.0, ""deception_enabled_policy"": 1.0, ""mixed_rule_policy"": 1.0, ""randomized_legal_policy"": 1.0, ""risk_heterogeneous_policy"": 1.0, ""seat_order_neutral_policy"": 0.0, ""speech_and_herding_policy"": 1.0}",0.14285714285714285,3,0.14285714285714285,0.0,regime_baseline_rule_policy_seed_62_base_1,baseline_rule_policy_seed_62_game_1_wolf_kill,0.39032806056492425,1.143543749793731,0,0.7416215061723227,0.0,0.7806561211298485,0,0,49ba4178b23991276b5ee785ee9a5fe184c578b53f3e827ae10d7a0add8c61e1,0.628,night,0,1,0.2416215061723227,0.28500000000000003,0,1,1,62,8,regime_baseline_rule_policy_seed_62_base_1,A_in_distribution,train,0.2792294752436741,1.0,seer
1,0,2,0.3,0,0,0,0,werewolf,0.0,wolf,0,1,,1,10,regime_baseline_rule_policy_seed_62_base_1,1,baseline_rule_policy,1,0,0,0,0,1,0,0,0,0,0,0.3,10,0.0,0,0.01072202317880988,0,0,0.0,1,0,0,0,0,1.425,0.0,0.5,10,0.3,0,0,0,0,0,0,0,7b953c20c289263be6dc2b5fa40ebe853dd0e694b19c92f187b41d9aa2c919aa,wolf_kill,0,0,1,in_distribution,,seer_first,1.1837751705171962,0.0,3,7,0.1428571428571429,0.8571428571428571,"{'baseline_rule_policy': 0.0, 'randomized_legal_policy': 1.0, 'mixed_rule_policy': 1.0, 'seat_order_neutral_policy': 1.0, 'speech_and_herding_policy': 1.0, 'deception_enabled_policy': 1.0, 'risk_heterogeneous_policy': 1.0}","{""baseline_rule_policy"": 0.0, ""deception_enabled_policy"": 1.0, ""mixed_rule_policy"": 1.0, ""randomized_legal_policy"": 1.0, ""risk_heterogeneous_policy"": 1.0, ""seat_order_neutral_policy"": 1.0, ""speech_and_herding_policy"": 1.0}",0.14285714285714285,3,0.14285714285714285,0.0,regime_baseline_rule_policy_seed_62_base_1,baseline_rule_policy_seed_62_game_1_wolf_kill,0.0,1.5958918549960293,0,0.7034612754489976,0.0,0.0,0,0,49ba4178b23991276b5ee785ee9a5fe184c578b53f3e827ae10d7a0add8c61e1,0.628,night,0,1,0.2034612754489976,0.28500000000000003,0,1,1,62,8,regime_baseline_rule_policy_seed_62_base_1,A_in_distribution,train,0.3858292430191816,0.3333333333333333,villager
1,0,2,0.3,0,0,0,0,werewolf,0.0,wolf,0,1,,1,10,regime_baseline_rule_policy_seed_62_base_1,1,baseline_rule_policy,1,0,0,0,0,4,0,0,0,0,0,0.3,7,0.0,0,0.01072202317880988,0,0,0.0,0,0,0,0,0,1.425,0.0,0.5,7,0.3,0,0,0,0,0,0,0,7b953c20c289263be6dc2b5fa40ebe853dd0e694b19c92f187b41d9aa2c919aa,wolf_kill,0,0,1,in_distribution,,seer_first,0.8645434465292623,0.0,3,7,0.1428571428571429,1.0,"{'baseline_rule_policy': 1.0, 'randomized_legal_policy': 1.0, 'mixed_rule_policy': 1.0, 'seat_order_neutral_policy': 1.0, 'speech_and_herding_policy': 1.0, 'deception_enabled_policy': 1.0, 'risk_heterogeneous_policy': 1.0}","{""baseline_rule_policy"": 1.0, ""deception_enabled_policy"": 1.0, ""mixed_rule_policy"": 1.0, ""randomized_legal_policy"": 1.0, ""risk_heterogeneous_policy"": 1.0, ""seat_order_neutral_policy"": 1.0, ""speech_and_herding_policy"": 1.0}",0.0,1,0.0,1.0,regime_baseline_rule_policy_seed_62_base_1,baseline_rule_policy_seed_62_game_1_wolf_kill,0.5,1.143543749793731,0,0.7523435293511326,0.0,1.0,0,0,49ba4178b23991276b5ee785ee9a5fe184c578b53f3e827ae10d7a0add8c61e1,0.628,night,0,1,0.2523435293511326,0.28500000000000003,0,1,1,62,8,regime_baseline_rule_policy_seed_62_base_1,A_in_distribution,train,0.29277157163239675,1.0,villager
1,0,2,0.3,0,0,0,0,werewolf,0.0,wolf,0,1,,1,10,regime_baseline_rule_policy_seed_62_base_1,1,baseline_rule_policy,1,0,0,0,0,2,1,0,0,0,0,0.15,3,0.0,0,0.01072202317880988,0,0,0.0,0,1,0,0,0,1.4625,0.0,0.5,3,0.15,0,0,0,0,0,0,0,7b953c20c289263be6dc2b5fa40ebe853dd0e694b19c92f187b41d9aa2c919aa,wolf_kill,0,0,1,mild_shift,,seer_first,2.3674196839693162,0.0,3,7,0.1428571428571429,1.0,"{'baseline_rule_policy': 1.0, 'randomized_legal_policy': 1.0, 'mixed_rule_policy': 1.0, 'seat_order_neutral_policy': 1.0, 'speech_and_herding_policy': 1.0, 'deception_enabled_policy': 1.0, 'risk_heterogeneous_policy': 1.0}","{""baseline_rule_policy"": 1.0, ""deception_enabled_policy"": 1.0, ""mixed_rule_policy"": 1.0, ""randomized_legal_policy"": 1.0, ""risk_heterogeneous_policy"": 1.0, ""seat_order_neutral_policy"": 1.0, ""speech_and_herding_policy"": 1.0}",0.0,1,0.0,1.0,regime_baseline_rule_policy_seed_62_base_1,baseline_rule_policy_seed_62_game_1_wolf_kill,0.8665884111325577,3.147870853305598,0,0.7393006110301215,1.0,0.7331768222651153,0,0,49ba4178b23991276b5ee785ee9a5fe184c578b53f3e827ae10d7a0add8c61e1,0.664,night,0,1,0.23930061103012146,0.28500000000000003,0,1,1,62,8,regime_baseline_rule_policy_seed_62_base_1,A_in_distribution,train,0.7934842573165173,0.6666666666666666,witch
1,1,2,0.3,0,0,0,0,werewolf,0.0,wolf,0,1,,3,10,regime_baseline_rule_policy_seed_62_base_2,2,baseline_rule_policy,1,0,0,0,0,4,0,0,0,0,0,0.3,9,0.0,0,0.00017049155849502284,0,0,0.0,0,0,0,0,0,1.425,0.0,0.5,9,0.3,0,0,0,0,0,0,0,4dff1e1f3e6724a2452ba16152d874c2509d83e42145b1107eb9b5d59fefceef,wolf_kill,0,0,1,in_distribution,,seer_first,1.145790269201135,0.0,1,7,0.1428571428571428,0.7142857142857143,"{'baseline_rule_policy': 0.0, 'randomized_legal_policy': 1.0, 'mixed_rule_policy': 1.0, 'seat_order_neutral_policy': 1.0, 'speech_and_herding_policy': 1.0, 'deception_enabled_policy': 1.0, 'risk_heterogeneous_policy': 0.0}","{""baseline_rule_policy"": 0.0, ""deception_enabled_policy"": 1.0, ""mixed_rule_policy"": 1.0, ""randomized_legal_policy"": 1.0, ""risk_heterogeneous_policy"": 0.0, ""seat_order_neutral_policy"": 1.0, ""speech_and_herding_policy"": 1.0}",0.18442777839082938,2,0.2380952380952381,0.0,regime_baseline_rule_policy_seed_62_base_2,baseline_rule_policy_seed_62_game_2_wolf_kill,0.7477658535943957,1.5275252316519494,0,0.6605071144530215,0.5,0.9955317071887915,0,0,e2ded9700616d7a8b6ef14a1487194b09f96a12867e089253af480e38b57d423,0.628,night,0,1,0.16050711445302146,0.315,0,1,1,62,9,regime_baseline_rule_policy_seed_62_base_2,A_in_distribution,train,0.38202765337516026,0.6666666666666666,villager
1,0,2,0.3,0,0,0,0,werewolf,0.0,wolf,0,1,,3,10,regime_baseline_rule_policy_seed_62_base_2,2,baseline_rule_policy,1,0,0,0,0,2,1,0,0,0,0,0.3,1,0.0,0,0.00017049155849502284,0,0,0.0,1,1,0,0,0,1.425,0.0,0.5,1,0.3,0,0,0,0,0,0,0,4dff1e1f3e6724a2452ba16152d874c2509d83e42145b1107eb9b5d59fefceef,wolf_kill,0,0,1,in_distribution,,seer_first,1.1262292982757063,0.0,1,7,0.1428571428571428,0.8571428571428571,"{'baseline_rule_policy': 1.0, 'randomized_legal_policy': 1.0, 'mixed_rule_policy': 1.0, 'seat_order_neutral_policy': 1.0, 'speech_and_herding_policy': 1.0, 'deception_enabled_policy': 0.0, 'risk_heterogeneous_policy': 1.0}","{""baseline_rule_policy"": 1.0, ""deception_enabled_policy"": 0.0, ""mixed_rule_policy"": 1.0, ""randomized_legal_policy"": 1.0, ""risk_heterogeneous_policy"": 1.0, ""seat_order_neutral_policy"": 1.0, ""speech_and_herding_policy"": 1.0}",0.14285714285714285,1,0.14285714285714285,0.0,regime_baseline_rule_policy_seed_62_base_2,baseline_rule_policy_seed_62_game_2_wolf_kill,0.25,1.5275252316519494,0,0.6225217452166842,0.5,0.0,0,0,e2ded9700616d7a8b6ef14a1487194b09f96a12867e089253af480e38b57d423,0.628,night,0,1,0.12252174521668424,0.315,0,1,1,62,9,regime_baseline_rule_policy_seed_62_base_2,A_in_distribution,train,0.3624666824497315,1.0,hunter
1,0,2,0.3,0,0,0,0,werewolf,0.0,wolf,0,1,,3,10,regime_baseline_rule_policy_seed_62_base_2,2,baseline_rule_policy,1,0,0,0,0,1,0,0,0,0,0,0.3,4,0.0,0,0.00017049155849502284,0,0,0.0,0,1,0,0,0,1.425,0.0,0.5,4,0.3,0,0,0,0,0,0,0,4dff1e1f3e6724a2452ba16152d874c2509d83e42145b1107eb9b5d59fefceef,wolf_kill,0,0,1,in_distribution,,seer_first,1.11285472647031,0.0,1,7,0.1428571428571428,0.7142857142857143,"{'baseline_rule_policy': 0.0, 'randomized_legal_policy': 1.0, 'mixed_rule_policy': 1.0, 'seat_order_neutral_policy': 1.0, 'speech_and_herding_policy': 1.0, 'deception_enabled_policy': 1.0, 'risk_heterogeneous_policy': 0.0}","{""baseline_rule_policy"": 0.0, ""deception_enabled_policy"": 1.0, ""mixed_rule_policy"": 1.0, ""randomized_legal_policy"": 1.0, ""risk_heterogeneous_policy"": 0.0, ""seat_order_neutral_policy"": 1.0, ""speech_and_herding_policy"": 1.0}",0.18442777839082938,2,0.2380952380952381,0.0,regime_baseline_rule_policy_seed_62_base_2,baseline_rule_policy_seed_62_game_2_wolf_kill,0.32631422155189804,1.5275252316519494,0,0.6283454148450847,0.5,0.15262844310379614,0,0,e2ded9700616d7a8b6ef14a1487194b09f96a12867e089253af480e38b57d423,0.628,night,0,1,0.12834541484508466,0.315,0,1,1,62,9,regime_baseline_rule_policy_seed_62_base_2,A_in_distribution,train,0.3490921106443352,1.0,villager
1,0,2,0.3,0,0,0,0,werewolf,0.0,wolf,0,1,,3,10,regime_baseline_rule_policy_seed_62_base_2,2,baseline_rule_policy,1,0,0,0,0,4,0,0,0,0,0,0.3,7,0.0,0,0.00017049155849502284,0,0,0.0,0,0,0,0,0,1.425,0.0,0.5,7,0.3,0,0,0,0,0,0,0,4dff1e1f3e6724a2452ba16152d874c2509d83e42145b1107eb9b5d59fefceef,wolf_kill,0,0,1,in_distribution,,seer_first,1.1135414456401023,0.0,1,7,0.1428571428571428,0.5714285714285714,"{'baseline_rule_policy': 1.0, 'randomized_legal_policy': 0.0, 'mixed_rule_policy': 1.0, 'seat_order_neutral_policy': 1.0, 'speech_and_herding_policy': 1.0, 'deception_enabled_policy': 0.0, 'risk_heterogeneous_policy': 0.0}","{""baseline_rule_policy"": 1.0, ""deception_enabled_policy"": 0.0, ""mixed_rule_policy"": 1.0, ""randomized_legal_policy"": 0.0, ""risk_heterogeneous_policy"": 0.0, ""seat_order_neutral_policy"": 1.0, ""speech_and_herding_policy"": 1.0}",0.20203050891044216,4,0.28571428571428575,0.0,regime_baseline_rule_policy_seed_62_base_2,baseline_rule_policy_seed_62_game_2_wolf_kill,0.75,1.5275252316519494,0,0.6606776060115165,0.5,1.0,0,0,e2ded9700616d7a8b6ef14a1487194b09f96a12867e089253af480e38b57d423,0.628,night,0,1,0.16067760601151648,0.315,0,1,1,62,9,regime_baseline_rule_policy_seed_62_base_2,A_in_distribution,train,0.34977882981412767,0.6666666666666666,villager
1,1,2,0.3,0,0,0,0,werewolf,0.0,wolf,0,1,,2,10,regime_baseline_rule_policy_seed_62_base_3,3,baseline_rule_policy,1,0,0,0,0,3,1,0,0,0,0,0.3,9,0.0,0,0.01072202317880977,0,0,0.0,0,0,0,0,0,1.425,0.0,0.5,9,0.3,0,0,0,0,0,0,0,66f9b279e60b9d2c484d30a711e7b5f9d33ede77cba36030d707adaeb1a122e6,wolf_kill,0,0,1,in_distribution,,seer_first,0.9394162938328261,0.0,8,7,0.1428571428571429,0.5714285714285714,"{'baseline_rule_policy': 0.0, 'randomized_legal_policy': 1.0, 'mixed_rule_policy': 1.0, 'seat_order_neutral_policy': 1.0, 'speech_and_herding_policy': 0.0, 'deception_enabled_policy': 0.0, 'risk_heterogeneous_policy': 1.0}","{""baseline_rule_policy"": 0.0, ""deception_enabled_policy"": 0.0, ""mixed_rule_policy"": 1.0, ""randomized_legal_policy"": 1.0, ""risk_heterogeneous_policy"": 1.0, ""seat_order_neutral_policy"": 1.0, ""speech_and_herding_policy"": 0.0}",0.20203050891044216,2,0.28571428571428575,0.0,regime_baseline_rule_policy_seed_62_base_3,baseline_rule_policy_seed_62_game_3_wolf_kill,0.389934333915652,1.2729457797860402,0,0.7415362603930752,0.0,0.779868667831304,0,0,b38574947412ea00e41973cb84c330a69dc657f8ed2f7c3c01865d8b251616e4,0.628,night,0,1,0.2415362603930752,0.28500000000000003,0,1,1,62,9,regime_baseline_rule_policy_seed_62_base_3,A_in_distribution,train,0.30294340393980607,0.3333333333333333,hunter
1,0,2,0.3,0,0,0,0,werewolf,0.0,wolf,0,1,,2,10,regime_baseline_rule_policy_seed_62_base_3,3,baseline_rule_policy,1,0,0,0,0,1,0,0,0,0,0,0.3,1,0.0,0,0.01072202317880977,0,0,0.0,1,1,0,0,0,1.425,0.0,0.5,1,0.3,0,0,0,0,0,0,0,66f9b279e60b9d2c484d30a711e7b5f9d33ede77cba36030d707adaeb1a122e6,wolf_kill,0,0,1,in_distribution,,seer_first,1.011596341857945,0.0,8,7,0.1428571428571429,0.5714285714285714,"{'baseline_rule_policy': 0.0, 'randomized_legal_policy': 1.0, 'mixed_rule_policy': 1.0, 'seat_order_neutral_policy': 0.0, 'speech_and_herding_policy': 1.0, 'deception_enabled_policy': 1.0, 'risk_heterogeneous_policy': 0.0}","{""baseline_rule_policy"": 0.0, ""deception_enabled_policy"": 1.0, ""mixed_rule_policy"": 1.0, ""randomized_legal_policy"": 1.0, ""risk_heterogeneous_policy"": 0.0, ""seat_order_neutral_policy"": 0.0, ""speech_and_herding_policy"": 1.0}",0.20203050891044216,2,0.28571428571428575,0.0,regime_baseline_rule_policy_seed_62_base_3,baseline_rule_policy_seed_62_game_3_wolf_kill,0.0,1.3232578740557186,0,0.7035508911567379,0.0,0.0,0,0,b38574947412ea00e41973cb84c330a69dc657f8ed2f7c3c01865d8b251616e4,0.628,night,0,1,0.20355089115673786,0.28500000000000003,0,1,1,62,9,regime_baseline_rule_policy_seed_62_base_3,A_in_distribution,train,0.3499674048300858,0.6666666666666666,villager
1,0,2,0.3,0,0,0,0,werewolf,0.0,wolf,0,1,,2,10,regime_baseline_rule_policy_seed_62_base_3,3,baseline_rule_policy,1,0,0,0,0,3,1,0,0,0,0,0.15,5,0.0,0,0.01072202317880977,0,0,0.0,1,1,0,0,0,1.4625,0.0,0.5,5,0.15,0,0,0,0,0,0,0,66f9b279e60b9d2c484d30a711e7b5f9d33ede77cba36030d707adaeb1a122e6,wolf_kill,0,0,1,mild_shift,,seer_first,2.3629153789565174,0.0,8,7,0.1428571428571429,0.5714285714285714,"{'baseline_rule_policy': 0.0, 'randomized_legal_policy': 1.0, 'mixed_rule_policy': 1.0, 'seat_order_neutral_policy': 0.0, 'speech_and_herding_policy': 1.0, 'deception_enabled_policy': 0.0, 'risk_heterogeneous_policy': 1.0}","{""baseline_rule_policy"": 0.0, ""deception_enabled_policy"": 0.0, ""mixed_rule_policy"": 1.0, ""randomized_legal_policy"": 1.0, ""risk_heterogeneous_policy"": 1.0, ""seat_order_neutral_policy"": 0.0, ""speech_and_herding_policy"": 1.0}",0.20203050891044216,2,0.28571428571428575,0.0,regime_baseline_rule_policy_seed_62_base_3,baseline_rule_policy_seed_62_game_3_wolf_kill,0.8028269415175233,3.147870853305598,0,0.7330507125054835,1.0,0.6056538830350467,0,0,b38574947412ea00e41973cb84c330a69dc657f8ed2f7c3c01865d8b251616e4,0.664,night,0,1,0.23305071250548348,0.28500000000000003,0,1,1,62,9,regime_baseline_rule_policy_seed_62_base_3,A_in_distribution,train,0.7889799523037183,0.3333333333333333,witch
1,0,2,0.3,0,0,0,0,werewolf,0.0,wolf,0,1,,2,10,regime_baseline_rule_policy_seed_62_base_3,3,baseline_rule_policy,1,0,0,0,0,4,0,0,0,0,0,0.3,8,0.0,0,0.01072202317880977,0,0,0.0,0,0,0,0,0,1.425,0.0,0.5,8,0.3,0,0,0,0,0,0,0,66f9b279e60b9d2c484d30a711e7b5f9d33ede77cba36030d707adaeb1a122e6,wolf_kill,0,0,1,in_distribution,,seer_first,0.8808179639637161,0.0,8,7,0.1428571428571429,0.7142857142857143,"{'baseline_rule_policy': 1.0, 'randomized_legal_policy': 1.0, 'mixed_rule_policy': 0.0, 'seat_order_neutral_policy': 0.0, 'speech_and_herding_policy': 1.0, 'deception_enabled_policy': 1.0, 'risk_heterogeneous_policy': 1.0}","{""baseline_rule_policy"": 1.0, ""deception_enabled_policy"": 1.0, ""mixed_rule_policy"": 0.0, ""randomized_legal_policy"": 1.0, ""risk_heterogeneous_policy"": 1.0, ""seat_order_neutral_policy"": 0.0, ""speech_and_herding_policy"": 1.0}",0.18442777839082938,1,0.2380952380952381,0.0,regime_baseline_rule_policy_seed_62_base_3,baseline_rule_policy_seed_62_game_3_wolf_kill,0.5,1.143543749793731,0,0.752258283571885,0.0,1.0,0,0,b38574947412ea00e41973cb84c330a69dc657f8ed2f7c3c01865d8b251616e4,0.628,night,0,1,0.25225828357188496,0.28500000000000003,0,1,1,62,9,regime_baseline_rule_policy_seed_62_base_3,A_in_distribution,train,0.30904608906685066,0.3333333333333333,villager
1,1,2,0.55,0,0,0,0,werewolf,0.25,wolf,0,1,,4,10,regime_baseline_rule_policy_seed_63_base_1,1,baseline_rule_policy,1,0,0,0,0,1,0,0,0,0,0,0.3,5,0.0,0,0.010547161691822016,0,0,0.0,1,1,0,0,0,1.425,0.0,0.5,5,0.3,0,0,0,0,0,0,0,1966d54e119785aa2eb256cd730e48b6690bbc5874ae61199e427e6ed27c56dc,wolf_kill,0,0,1,mild_shift,,seer_first,2.1840768060539184,0.0,3,7,0.1428571428571429,0.5714285714285714,"{'baseline_rule_policy': 1.0, 'randomized_legal_policy': 0.0, 'mixed_rule_policy': 0.0, 'seat_order_neutral_policy': 0.0, 'speech_and_herding_policy': 1.0, 'deception_enabled_policy': 1.0, 'risk_heterogeneous_policy': 1.0}","{""baseline_rule_policy"": 1.0, ""deception_enabled_policy"": 1.0, ""mixed_rule_policy"": 0.0, ""randomized_legal_policy"": 0.0, ""risk_heterogeneous_policy"": 1.0, ""seat_order_neutral_policy"": 0.0, ""speech_and_herding_policy"": 1.0}",0.20203050891044216,2,0.28571428571428575,0.0,regime_baseline_rule_policy_seed_63_base_1,baseline_rule_policy_seed_63_game_1_wolf_kill,0.25,2.9999999999999996,0,0.5934819531940585,0.5,0.0,0,0,e3bbbcfdfe0f3639629f441cc073f9c0c455a3e05e692cae1102b91847d938a8,0.628,night,0,1,0.0934819531940585,0.315,0,1,1,63,5,regime_baseline_rule_policy_seed_63_base_1,A_in_distribution,train,0.6840768060539187,0.3333333333333333,villager
1,0,2,0.55,0,0,0,0,werewolf,0.25,wolf,0,1,,4,10,regime_baseline_rule_policy_seed_63_base_1,1,baseline_rule_policy,1,0,0,0,0,3,1,0,0,0,0,0.3,1,0.0,0,0.010547161691822016,0,0,0.0,1,1,0,0,0,1.425,0.0,0.5,1,0.3,0,0,0,0,0,0,0,1966d54e119785aa2eb256cd730e48b6690bbc5874ae61199e427e6ed27c56dc,wolf_kill,0,0,1,mild_shift,,seer_first,2.1842295432339,0.0,3,7,0.1428571428571429,0.5714285714285714,"{'baseline_rule_policy': 0.0, 'randomized_legal_policy': 1.0, 'mixed_rule_policy': 1.0, 'seat_order_neutral_policy': 0.0, 'speech_and_herding_policy': 1.0, 'deception_enabled_policy': 0.0, 'risk_heterogeneous_policy': 1.0}","{""baseline_rule_policy"": 0.0, ""deception_enabled_policy"": 0.0, ""mixed_rule_policy"": 1.0, ""randomized_legal_policy"": 1.0, ""risk_heterogeneous_policy"": 1.0, ""seat_order_neutral_policy"": 0.0, ""speech_and_herding_policy"": 1.0}",0.20203050891044216,2,0.28571428571428575,0.0,regime_baseline_rule_policy_seed_63_base_1,baseline_rule_policy_seed_63_game_1_wolf_kill,0.5860291616986062,2.9999999999999996,0,0.6150964911101733,0.5,0.6720583233972123,0,0,e3bbbcfdfe0f3639629f441cc073f9c0c455a3e05e692cae1102b91847d938a8,0.628,night,0,1,0.11509649111017328,0.315,0,1,1,63,5,regime_baseline_rule_policy_seed_63_base_1,A_in_distribution,train,0.6842295432339001,1.0,witch
1,0,2,0.55,0,0,0,0,werewolf,0.25,wolf,0,1,,4,10,regime_baseline_rule_policy_seed_63_base_1,1,baseline_rule_policy,1,0,0,0,0,4,0,0,0,0,0,0.3,10,0.0,0,0.010547161691822016,0,0,0.0,1,0,0,0,0,1.425,0.0,0.5,10,0.3,0,0,0,0,0,0,0,1966d54e119785aa2eb256cd730e48b6690bbc5874ae61199e427e6ed27c56dc,wolf_kill,0,0,1,mild_shift,,seer_first,2.215609861224661,0.0,3,7,0.1428571428571429,0.2857142857142857,"{'baseline_rule_policy': 1.0, 'randomized_legal_policy': 0.0, 'mixed_rule_policy': 0.0, 'seat_order_neutral_policy': 0.0, 'speech_and_herding_policy': 0.0, 'deception_enabled_policy': 0.0, 'risk_heterogeneous_policy': 1.0}","{""baseline_rule_policy"": 1.0, ""deception_enabled_policy"": 0.0, ""mixed_rule_policy"": 0.0, ""randomized_legal_policy"": 0.0, ""risk_heterogeneous_policy"": 1.0, ""seat_order_neutral_policy"": 0.0, ""speech_and_herding_policy"": 0.0}",0.18442777839082938,4,0.2380952380952381,0.0,regime_baseline_rule_policy_seed_63_base_1,baseline_rule_policy_seed_63_game_1_wolf_kill,0.75,2.9999999999999996,0,0.6256436528019953,0.5,1.0,0,0,e3bbbcfdfe0f3639629f441cc073f9c0c455a3e05e692cae1102b91847d938a8,0.628,night,0,1,0.1256436528019953,0.315,0,1,1,63,5,regime_baseline_rule_policy_seed_63_base_1,A_in_distribution,train,0.7156098612246615,1.0,villager
1,0,2,0.55,0,0,0,0,werewolf,0.25,wolf,0,1,,4,10,regime_baseline_rule_policy_seed_63_base_1,1,baseline_rule_policy,1,0,0,0,0,1,0,0,0,0,0,0.3,3,0.0,0,0.010547161691822016,0,0,0.0,0,1,0,0,0,1.425,0.0,0.5,3,0.3,0,0,0,0,0,0,0,1966d54e119785aa2eb256cd730e48b6690bbc5874ae61199e427e6ed27c56dc,wolf_kill,0,0,1,mild_shift,,seer_first,2.1855629862532786,0.0,3,7,0.1428571428571429,0.7142857142857143,"{'baseline_rule_policy': 0.0, 'randomized_legal_policy': 1.0, 'mixed_rule_policy': 1.0, 'seat_order_neutral_policy': 0.0, 'speech_and_herding_policy': 1.0, 'deception_enabled_policy': 1.0, 'risk_heterogeneous_policy': 1.0}","{""baseline_rule_policy"": 0.0, ""deception_enabled_policy"": 1.0, ""mixed_rule_policy"": 1.0, ""randomized_legal_policy"": 1.0, ""risk_heterogeneous_policy"": 1.0, ""seat_order_neutral_policy"": 0.0, ""speech_and_herding_policy"": 1.0}",0.18442777839082938,1,0.2380952380952381,0.0,regime_baseline_rule_policy_seed_63_base_1,baseline_rule_policy_seed_63_game_1_wolf_kill,0.5125277291010001,2.9999999999999996,0,0.6103686291182588,0.5,0.5250554582020002,0,0,e3bbbcfdfe0f3639629f441cc073f9c0c455a3e05e692cae1102b91847d938a8,0.628,night,0,1,0.11036862911825884,0.315,0,1,1,63,5,regime_baseline_rule_policy_seed_63_base_1,A_in_distribution,train,0.6855629862532788,0.6666666666666666,villager
1,1,2,0.3,0,0,0,0,werewolf,0.0,wolf,0,1,,5,10,regime_baseline_rule_policy_seed_63_base_2,2,baseline_rule_policy,1,0,0,0,0,3,0,0,0,0,0,0.3,2,0.0,0,0.010717653250317039,0,0,0.0,0,1,0,0,0,1.425,0.0,0.5,2,0.3,0,0,0,0,0,0,0,faf38a46353037caa4c319b4a39d722a8ffd87e59102121ab4a216fb4d7ea9d1,wolf_kill,0,0,1,in_distribution,,seer_first,1.08866421597713,0.0,4,7,0.1428571428571429,0.5714285714285714,"{'baseline_rule_policy': 0.0, 'randomized_legal_policy': 0.0, 'mixed_rule_policy': 1.0, 'seat_order_neutral_policy': 1.0, 'speech_and_herding_policy': 1.0, 'deception_enabled_policy': 0.0, 'risk_heterogeneous_policy': 1.0}","{""baseline_rule_policy"": 0.0, ""deception_enabled_policy"": 0.0, ""mixed_rule_policy"": 1.0, ""randomized_legal_policy"": 0.0, ""risk_heterogeneous_policy"": 1.0, ""seat_order_neutral_policy"": 1.0, ""speech_and_herding_policy"": 1.0}",0.20203050891044216,2,0.28571428571428575,0.0,regime_baseline_rule_policy_seed_63_base_2,baseline_rule_policy_seed_63_game_2_wolf_kill,0.5833786245601249,1.5275252316519494,0,0.6497894612027044,0.5,0.6667572491202499,0,0,4f5bdd7afa701ea627a622494867c76606fa08b914cc330d86643d7b2b9ea822,0.628,night,0,1,0.14978946120270442,0.315,0,1,1,63,2,regime_baseline_rule_policy_seed_63_base_2,A_in_distribution,train,0.3249016001511552,0.3333333333333333,villager
1,0,2,0.3,0,0,0,0,werewolf,0.0,wolf,0,1,,5,10,regime_baseline_rule_policy_seed_63_base_2,2,baseline_rule_policy,1,0,0,0,0,4,1,0,0,0,0,0.3,1,0.0,0,0.010717653250317039,0,0,0.0,1,1,0,0,0,1.425,0.0,0.5,1,0.3,0,0,0,0,0,0,0,faf38a46353037caa4c319b4a39d722a8ffd87e59102121ab4a216fb4d7ea9d1,wolf_kill,0,0,1,in_distribution,,seer_first,1.1430120209361054,0.0,4,7,0.1428571428571429,0.5714285714285714,"{'baseline_rule_policy': 0.0, 'randomized_legal_policy': 0.0, 'mixed_rule_policy': 1.0, 'seat_order_neutral_policy': 0.0, 'speech_and_herding_policy': 1.0, 'deception_enabled_policy': 1.0, 'risk_heterogeneous_policy': 1.0}","{""baseline_rule_policy"": 0.0, ""deception_enabled_policy"": 1.0, ""mixed_rule_policy"": 1.0, ""randomized_legal_policy"": 0.0, ""risk_heterogeneous_policy"": 1.0, ""seat_order_neutral_policy"": 0.0, ""speech_and_herding_policy"": 1.0}",0.20203050891044216,2,0.28571428571428575,0.0,regime_baseline_rule_policy_seed_63_base_2,baseline_rule_policy_seed_63_game_2_wolf_kill,0.4901907448776668,1.5275252316519494,0,0.6437953000158089,0.5,0.4803814897553336,0,0,4f5bdd7afa701ea627a622494867c76606fa08b914cc330d86643d7b2b9ea822,0.628,night,0,1,0.14379530001580887,0.315,0,1,1,63,2,regime_baseline_rule_policy_seed_63_base_2,A_in_distribution,train,0.3792494051101308,0.3333333333333333,seer
1,0,2,0.3,0,0,0,0,werewolf,0.0,wolf,0,1,,5,10,regime_baseline_rule_policy_seed_63_base_2,2,baseline_rule_policy,1,0,0,0,0,1,0,0,0,0,0,0.3,4,0.0,0,0.010717653250317039,0,0,0.0,0,1,0,0,0,1.425,0.0,0.5,4,0.3,0,0,0,0,0,0,0,faf38a46353037caa4c319b4a39d722a8ffd87e59102121ab4a216fb4d7ea9d1,wolf_kill,0,0,1,in_distribution,,seer_first,1.11285472647031,0.0,4,7,0.1428571428571429,0.7142857142857143,"{'baseline_rule_policy': 1.0, 'randomized_legal_policy': 1.0, 'mixed_rule_policy': 0.0, 'seat_order_neutral_policy': 1.0, 'speech_and_herding_policy': 1.0, 'deception_enabled_policy': 0.0, 'risk_heterogeneous_policy': 1.0}","{""baseline_rule_policy"": 1.0, ""deception_enabled_policy"": 0.0, ""mixed_rule_policy"": 0.0, ""randomized_legal_policy"": 1.0, ""risk_heterogeneous_policy"": 1.0, ""seat_order_neutral_policy"": 1.0, ""speech_and_herding_policy"": 1.0}",0.18442777839082938,1,0.2380952380952381,0.0,regime_baseline_rule_policy_seed_63_base_2,baseline_rule_policy_seed_63_game_2_wolf_kill,0.25,1.5275252316519494,0,0.6283454148450847,0.5,0.0,0,0,4f5bdd7afa701ea627a622494867c76606fa08b914cc330d86643d7b2b9ea822,0.628,night,0,1,0.12834541484508466,0.315,0,1,1,63,2,regime_baseline_rule_policy_seed_63_base_2,A_in_distribution,train,0.3490921106443352,0.0,villager
1,0,2,0.3,0,0,0,0,werewolf,0.0,wolf,0,1,,5,10,regime_baseline_rule_policy_seed_63_base_2,2,baseline_rule_policy,1,0,0,0,0,4,0,0,0,0,0,0.3,9,0.0,0,0.010717653250317039,0,0,0.0,0,0,0,0,0,1.425,0.0,0.5,9,0.3,0,0,0,0,0,0,0,faf38a46353037caa4c319b4a39d722a8ffd87e59102121ab4a216fb4d7ea9d1,wolf_kill,0,0,1,in_distribution,,seer_first,1.145790269201135,0.0,4,7,0.1428571428571429,0.5714285714285714,"{'baseline_rule_policy': 0.0, 'randomized_legal_policy': 0.0, 'mixed_rule_policy': 1.0, 'seat_order_neutral_policy': 1.0, 'speech_and_herding_policy': 1.0, 'deception_enabled_policy': 0.0, 'risk_heterogeneous_policy': 1.0}","{""baseline_rule_policy"": 0.0, ""deception_enabled_policy"": 0.0, ""mixed_rule_policy"": 1.0, ""randomized_legal_policy"": 0.0, ""risk_heterogeneous_policy"": 1.0, ""seat_order_neutral_policy"": 1.0, ""speech_and_herding_policy"": 1.0}",0.20203050891044216,2,0.28571428571428575,0.0,regime_baseline_rule_policy_seed_63_base_2,baseline_rule_policy_seed_63_game_2_wolf_kill,0.75,1.5275252316519494,0,0.6605071144530215,0.5,1.0,0,0,4f5bdd7afa701ea627a622494867c76606fa08b914cc330d86643d7b2b9ea822,0.628,night,0,1,0.16050711445302146,0.315,0,1,1,63,2,regime_baseline_rule_policy_seed_63_base_2,A_in_distribution,train,0.38202765337516026,0.3333333333333333,villager
1,1,2,0.3,0,0,0,0,werewolf,0.0,wolf,0,1,,2,10,regime_baseline_rule_policy_seed_63_base_3,3,baseline_rule_policy,1,0,0,0,0,3,1,0,0,0,0,0.3,5,0.0,0,0.0165456928072103,0,0,0.0,1,1,0,0,0,1.425,0.0,0.5,5,0.3,0,0,0,0,0,0,0,530d741327a63547b111d27fd22a6864bc5dd3e37af04f08c7e2eb1df0fcc172,wolf_kill,0,0,1,in_distribution,,seer_first,0.7815346225469999,0.0,1,7,0.2857142857142857,0.5714285714285714,"{'baseline_rule_policy': 0.0, 'randomized_legal_policy': 0.0, 'mixed_rule_policy': 1.0, 'seat_order_neutral_policy': 1.0, 'speech_and_herding_policy': 0.0, 'deception_enabled_policy': 1.0, 'risk_heterogeneous_policy': 1.0}","{""baseline_rule_policy"": 0.0, ""deception_enabled_policy"": 1.0, ""mixed_rule_policy"": 1.0, ""randomized_legal_policy"": 0.0, ""risk_heterogeneous_policy"": 1.0, ""seat_order_neutral_policy"": 1.0, ""speech_and_herding_policy"": 0.0}",0.20203050891044216,4,0.28571428571428575,0.0,regime_baseline_rule_policy_seed_63_base_3,baseline_rule_policy_seed_63_game_3_wolf_kill,0.4648808491298443,1.0871146130092182,0,0.7244834628388725,0.5,0.42976169825968863,0,0,ecce31f9b9faec312b44a21e84943762ecc1ad4291cc62c58472a7bae3c98136,0.628,night,0,1,0.22448346283887255,0.28500000000000003,0,1,1,63,5,regime_baseline_rule_policy_seed_63_base_3,A_in_distribution,train,0.23797731604239084,0.3333333333333333,seer
1,0,2,0.3,0,0,0,0,werewolf,0.0,wolf,0,1,,2,10,regime_baseline_rule_policy_seed_63_base_3,3,baseline_rule_policy,1,0,0,0,0,1,0,0,0,0,0,0.3,1,0.0,0,0.0165456928072103,0,0,0.0,1,1,0,0,0,1.425,0.0,0.5,1,0.3,0,0,0,0,0,0,0,530d741327a63547b111d27fd22a6864bc5dd3e37af04f08c7e2eb1df0fcc172,wolf_kill,0,0,1,in_distribution,,seer_first,1.011596341857945,0.0,1,7,0.2857142857142857,0.8571428571428571,"{'baseline_rule_policy': 0.0, 'randomized_legal_policy': 1.0, 'mixed_rule_policy': 1.0, 'seat_order_neutral_policy': 1.0, 'speech_and_herding_policy': 1.0, 'deception_enabled_policy': 1.0, 'risk_heterogeneous_policy': 1.0}","{""baseline_rule_policy"": 0.0, ""deception_enabled_policy"": 1.0, ""mixed_rule_policy"": 1.0, ""randomized_legal_policy"": 1.0, ""risk_heterogeneous_policy"": 1.0, ""seat_order_neutral_policy"": 1.0, ""speech_and_herding_policy"": 1.0}",0.14285714285714285,1,0.14285714285714285,0.0,regime_baseline_rule_policy_seed_63_base_3,baseline_rule_policy_seed_63_game_3_wolf_kill,0.25,1.3232578740557186,0,0.7035508911567379,0.5,0.0,0,0,ecce31f9b9faec312b44a21e84943762ecc1ad4291cc62c58472a7bae3c98136,0.628,night,0,1,0.20355089115673786,0.28500000000000003,0,1,1,63,5,regime_baseline_rule_policy_seed_63_base_3,A_in_distribution,train,0.3499674048300858,0.6666666666666666,villager
1,0,2,0.3,0,0,0,0,werewolf,0.0,wolf,0,1,,2,10,regime_baseline_rule_policy_seed_63_base_3,3,baseline_rule_policy,1,0,0,0,0,4,0,0,0,0,0,0.3,8,0.0,0,0.0165456928072103,0,0,0.0,0,0,0,0,0,1.425,0.0,0.5,8,0.3,0,0,0,0,0,0,0,530d741327a63547b111d27fd22a6864bc5dd3e37af04f08c7e2eb1df0fcc172,wolf_kill,0,0,1,in_distribution,,seer_first,0.8808179639637161,0.0,1,7,0.2857142857142857,0.7142857142857143,"{'baseline_rule_policy': 1.0, 'randomized_legal_policy': 0.0, 'mixed_rule_policy': 0.0, 'seat_order_neutral_policy': 1.0, 'speech_and_herding_policy': 1.0, 'deception_enabled_policy': 1.0, 'risk_heterogeneous_policy': 1.0}","{""baseline_rule_policy"": 1.0, ""deception_enabled_policy"": 1.0, ""mixed_rule_policy"": 0.0, ""randomized_legal_policy"": 0.0, ""risk_heterogeneous_policy"": 1.0, ""seat_order_neutral_policy"": 1.0, ""speech_and_herding_policy"": 1.0}",0.18442777839082938,3,0.2380952380952381,0.0,regime_baseline_rule_policy_seed_63_base_3,baseline_rule_policy_seed_63_game_3_wolf_kill,0.75,1.143543749793731,0,0.752258283571885,0.5,1.0,0,0,ecce31f9b9faec312b44a21e84943762ecc1ad4291cc62c58472a7bae3c98136,0.628,night,0,1,0.25225828357188496,0.28500000000000003,0,1,1,63,5,regime_baseline_rule_policy_seed_63_base_3,A_in_distribution,train,0.30904608906685066,0.6666666666666666,villager
1,0,2,0.3,0,0,0,0,werewolf,0.0,wolf,0,1,,2,10,regime_baseline_rule_policy_seed_63_base_3,3,baseline_rule_policy,1,0,0,0,0,4,0,0,0,0,0,0.3,6,0.0,0,0.0165456928072103,0,0,0.0,1,0,0,0,0,1.425,0.0,0.5,6,0.3,0,0,0,0,0,0,0,530d741327a63547b111d27fd22a6864bc5dd3e37af04f08c7e2eb1df0fcc172,wolf_kill,0,0,1,in_distribution,,seer_first,0.8656890378139339,0.0,1,7,0.2857142857142857,0.8571428571428571,"{'baseline_rule_policy': 0.0, 'randomized_legal_policy': 1.0, 'mixed_rule_policy': 1.0, 'seat_order_neutral_policy': 1.0, 'speech_and_herding_policy': 1.0, 'deception_enabled_policy': 1.0, 'risk_heterogeneous_policy': 1.0}","{""baseline_rule_policy"": 0.0, ""deception_enabled_policy"": 1.0, ""mixed_rule_policy"": 1.0, ""randomized_legal_policy"": 1.0, ""risk_heterogeneous_policy"": 1.0, ""seat_order_neutral_policy"": 1.0, ""speech_and_herding_policy"": 1.0}",0.14285714285714285,1,0.14285714285714285,0.0,regime_baseline_rule_policy_seed_63_base_3,baseline_rule_policy_seed_63_game_3_wolf_kill,0.5801521392668016,1.143543749793731,0,0.7357125907646747,0.5,0.6603042785336032,0,0,ecce31f9b9faec312b44a21e84943762ecc1ad4291cc62c58472a7bae3c98136,0.628,night,0,1,0.23571259076467466,0.28500000000000003,0,1,1,63,5,regime_baseline_rule_policy_seed_63_base_3,A_in_distribution,train,0.2939171629170684,1.0,villager
1,1,2,0.3,0,0,0,0,werewolf,0.0,wolf,0,1,,3,10,regime_baseline_rule_policy_seed_64_base_1,1,baseline_rule_policy,1,0,0,0,0,5,0,0,0,0,0,0.3,8,0.0,0,0.04271323122825166,0,0,0.0,0,0,0,0,0,1.425,0.0,0.5,8,0.3,0,0,0,0,0,0,0,9f76a33e48e6e024cc98e362189d75d4dcf1d8b04a293b369476b8068aa5724e,wolf_kill,0,0,1,in_distribution,,seer_first,1.28768869474605,0.0,8,7,0.0,0.8571428571428571,"{'baseline_rule_policy': 1.0, 'randomized_legal_policy': 1.0, 'mixed_rule_policy': 1.0, 'seat_order_neutral_policy': 1.0, 'speech_and_herding_policy': 0.0, 'deception_enabled_policy': 1.0, 'risk_heterogeneous_policy': 1.0}","{""baseline_rule_policy"": 1.0, ""deception_enabled_policy"": 1.0, ""mixed_rule_policy"": 1.0, ""randomized_legal_policy"": 1.0, ""risk_heterogeneous_policy"": 1.0, ""seat_order_neutral_policy"": 1.0, ""speech_and_herding_policy"": 0.0}",0.14285714285714285,1,0.14285714285714285,0.0,regime_baseline_rule_policy_seed_64_base_1,baseline_rule_policy_seed_64_game_1_wolf_kill,0.75,1.7451661817256576,0,0.6712291376318313,0.5,1.0,0,0,b814d13bd7f7b1900eeba38a283a2194e5af25418c7f10063f43e8b4d1231688,0.628,night,0,1,0.17122913763183134,0.315,0,1,1,64,8,regime_baseline_rule_policy_seed_64_base_1,A_in_distribution,train,0.4151056038832212,0.6666666666666666,villager
1,0,2,0.3,0,0,0,0,werewolf,0.0,wolf,0,1,,3,10,regime_baseline_rule_policy_seed_64_base_1,1,baseline_rule_policy,1,0,0,0,0,2,1,0,0,0,0,0.3,1,0.0,0,0.04271323122825166,0,0,0.0,1,1,0,0,0,1.425,0.0,0.5,1,0.3,0,0,0,0,0,0,0,9f76a33e48e6e024cc98e362189d75d4dcf1d8b04a293b369476b8068aa5724e,wolf_kill,0,0,1,in_distribution,,seer_first,1.1262292982757063,0.0,8,7,0.0,0.7142857142857143,"{'baseline_rule_policy': 0.0, 'randomized_legal_policy': 1.0, 'mixed_rule_policy': 0.0, 'seat_order_neutral_policy': 1.0, 'speech_and_herding_policy': 1.0, 'deception_enabled_policy': 1.0, 'risk_heterogeneous_policy': 1.0}","{""baseline_rule_policy"": 0.0, ""deception_enabled_policy"": 1.0, ""mixed_rule_policy"": 0.0, ""randomized_legal_policy"": 1.0, ""risk_heterogeneous_policy"": 1.0, ""seat_order_neutral_policy"": 1.0, ""speech_and_herding_policy"": 1.0}",0.18442777839082938,2,0.2380952380952381,0.0,regime_baseline_rule_policy_seed_64_base_1,baseline_rule_policy_seed_64_game_1_wolf_kill,0.2534759878720818,1.5275252316519494,0,0.6225217452166842,0.5,0.006951975744163617,0,0,b814d13bd7f7b1900eeba38a283a2194e5af25418c7f10063f43e8b4d1231688,0.628,night,0,1,0.12252174521668424,0.315,0,1,1,64,8,regime_baseline_rule_policy_seed_64_base_1,A_in_distribution,train,0.3624666824497315,0.6666666666666666,witch
1,0,2,0.3,0,0,0,0,werewolf,0.0,wolf,0,1,,3,10,regime_baseline_rule_policy_seed_64_base_1,1,baseline_rule_policy,1,0,0,0,0,2,1,0,0,0,0,0.3,5,0.0,0,0.04271323122825166,0,0,0.0,1,1,0,0,0,1.425,0.0,0.5,5,0.3,0,0,0,0,0,0,0,9f76a33e48e6e024cc98e362189d75d4dcf1d8b04a293b369476b8068aa5724e,wolf_kill,0,0,1,in_distribution,,seer_first,1.0773795948197171,0.0,8,7,0.0,0.7142857142857143,"{'baseline_rule_policy': 0.0, 'randomized_legal_policy': 1.0, 'mixed_rule_policy': 1.0, 'seat_order_neutral_policy': 1.0, 'speech_and_herding_policy': 1.0, 'deception_enabled_policy': 1.0, 'risk_heterogeneous_policy': 0.0}","{""baseline_rule_policy"": 0.0, ""deception_enabled_policy"": 1.0, ""mixed_rule_policy"": 1.0, ""randomized_legal_policy"": 1.0, ""risk_heterogeneous_policy"": 0.0, ""seat_order_neutral_policy"": 1.0, ""speech_and_herding_policy"": 1.0}",0.18442777839082938,2,0.2380952380952381,0.0,regime_baseline_rule_policy_seed_64_base_1,baseline_rule_policy_seed_64_game_1_wolf_kill,0.25,1.5275252316519494,0,0.6221807620996942,0.5,0.0,0,0,b814d13bd7f7b1900eeba38a283a2194e5af25418c7f10063f43e8b4d1231688,0.628,night,0,1,0.1221807620996942,0.315,0,1,1,64,8,regime_baseline_rule_policy_seed_64_base_1,A_in_distribution,train,0.3136169789937424,0.3333333333333333,seer
1,0,2,0.3,0,0,0,0,werewolf,0.0,wolf,0,1,,3,10,regime_baseline_rule_policy_seed_64_base_1,1,baseline_rule_policy,1,0,0,0,0,1,0,0,0,0,0,0.3,2,0.0,0,0.04271323122825166,0,0,0.0,0,1,0,0,0,1.425,0.0,0.5,2,0.3,0,0,0,0,0,0,0,9f76a33e48e6e024cc98e362189d75d4dcf1d8b04a293b369476b8068aa5724e,wolf_kill,0,0,1,in_distribution,,seer_first,1.1357552836308566,0.0,8,7,0.0,0.42857142857142855,"{'baseline_rule_policy': 0.0, 'randomized_legal_policy': 1.0, 'mixed_rule_policy': 0.0, 'seat_order_neutral_policy': 0.0, 'speech_and_herding_policy': 0.0, 'deception_enabled_policy': 1.0, 'risk_heterogeneous_policy': 1.0}","{""baseline_rule_policy"": 0.0, ""deception_enabled_policy"": 1.0, ""mixed_rule_policy"": 0.0, ""randomized_legal_policy"": 1.0, ""risk_heterogeneous_policy"": 1.0, ""seat_order_neutral_policy"": 0.0, ""speech_and_herding_policy"": 0.0}",0.20203050891044214,4,0.2857142857142857,0.0,regime_baseline_rule_policy_seed_64_base_1,baseline_rule_policy_seed_64_game_1_wolf_kill,0.31458057208984036,1.5275252316519494,0,0.6285159064035797,0.5,0.12916114417968066,0,0,b814d13bd7f7b1900eeba38a283a2194e5af25418c7f10063f43e8b4d1231688,0.628,night,0,1,0.12851590640357968,0.315,0,1,1,64,8,regime_baseline_rule_policy_seed_64_base_1,A_in_distribution,train,0.371992667804882,1.0,villager
1,1,2,0.3,0,0,0,0,werewolf,0.0,wolf,0,1,,1,10,regime_baseline_rule_policy_seed_64_base_2,2,baseline_rule_policy,1,0,0,0,0,4,1,0,0,0,0,0.3,7,0.0,0,0.01072202317880988,0,0,0.0,0,0,0,0,0,1.425,0.0,0.5,7,0.3,0,0,0,0,0,0,0,25add8f6ee27c5e9ac67fa4de8c40443bdc496b7f19628e87fb1b2a29223d72b,wolf_kill,0,0,1,in_distribution,,seer_first,1.1135414456401023,0.0,10,7,0.28571428571428575,0.42857142857142855,"{'baseline_rule_policy': 0.0, 'randomized_legal_policy': 1.0, 'mixed_rule_policy': 1.0, 'seat_order_neutral_policy': 0.0, 'speech_and_herding_policy': 1.0, 'deception_enabled_policy': 0.0, 'risk_heterogeneous_policy': 0.0}","{""baseline_rule_policy"": 0.0, ""deception_enabled_policy"": 0.0, ""mixed_rule_policy"": 1.0, ""randomized_legal_policy"": 1.0, ""risk_heterogeneous_policy"": 0.0, ""seat_order_neutral_policy"": 0.0, ""speech_and_herding_policy"": 1.0}",0.20203050891044214,3,0.2857142857142857,0.0,regime_baseline_rule_policy_seed_64_base_2,baseline_rule_policy_seed_64_game_2_wolf_kill,0.75,1.5275252316519494,0,0.6606776060115165,0.5,1.0,0,0,25d49665a4fbacc8b8fbe9f6594fed5d62da3ce85bc221f20011fa956faf0472,0.628,night,0,1,0.16067760601151648,0.315,0,1,1,64,7,regime_baseline_rule_policy_seed_64_base_2,A_in_distribution,train,0.34977882981412767,1.0,hunter
1,0,2,0.3,0,0,0,0,werewolf,0.0,wolf,0,1,,1,10,regime_baseline_rule_policy_seed_64_base_2,2,baseline_rule_policy,1,0,0,0,0,1,0,0,0,0,0,0.3,10,0.0,0,0.01072202317880988,0,0,0.0,1,0,0,0,0,1.425,0.0,0.5,10,0.3,0,0,0,0,0,0,0,25add8f6ee27c5e9ac67fa4de8c40443bdc496b7f19628e87fb1b2a29223d72b,wolf_kill,0,0,1,in_distribution,,seer_first,1.2286363515833334,0.0,10,7,0.28571428571428575,0.7142857142857143,"{'baseline_rule_policy': 0.0, 'randomized_legal_policy': 1.0, 'mixed_rule_policy': 1.0, 'seat_order_neutral_policy': 1.0, 'speech_and_herding_policy': 1.0, 'deception_enabled_policy': 0.0, 'risk_heterogeneous_policy': 1.0}","{""baseline_rule_policy"": 0.0, ""deception_enabled_policy"": 0.0, ""mixed_rule_policy"": 1.0, ""randomized_legal_policy"": 1.0, ""risk_heterogeneous_policy"": 1.0, ""seat_order_neutral_policy"": 1.0, ""speech_and_herding_policy"": 1.0}",0.18442777839082938,1,0.2380952380952381,0.0,regime_baseline_rule_policy_seed_64_base_2,baseline_rule_policy_seed_64_game_2_wolf_kill,0.25,1.5958918549960293,0,0.6117953521093815,0.5,0.0,0,0,25d49665a4fbacc8b8fbe9f6594fed5d62da3ce85bc221f20011fa956faf0472,0.628,night,0,1,0.11179535210938152,0.315,0,1,1,64,7,regime_baseline_rule_policy_seed_64_base_2,A_in_distribution,train,0.43069042408531866,0.3333333333333333,villager
1,0,2,0.3,0,0,0,0,werewolf,0.0,wolf,0,1,,1,10,regime_baseline_rule_policy_seed_64_base_2,2,baseline_rule_policy,1,0,0,0,0,2,1,0,0,0,0,0.3,3,0.0,0,0.01072202317880988,0,0,0.0,0,1,0,0,0,1.425,0.0,0.5,3,0.3,0,0,0,0,0,0,0,25add8f6ee27c5e9ac67fa4de8c40443bdc496b7f19628e87fb1b2a29223d72b,wolf_kill,0,0,1,in_distribution,,seer_first,1.080608226577874,0.0,10,7,0.28571428571428575,0.42857142857142855,"{'baseline_rule_policy': 1.0, 'randomized_legal_policy': 1.0, 'mixed_rule_policy': 1.0, 'seat_order_neutral_policy': 0.0, 'speech_and_herding_policy': 0.0, 'deception_enabled_policy': 0.0, 'risk_heterogeneous_policy': 0.0}","{""baseline_rule_policy"": 1.0, ""deception_enabled_policy"": 0.0, ""mixed_rule_policy"": 1.0, ""randomized_legal_policy"": 1.0, ""risk_heterogeneous_policy"": 0.0, ""seat_order_neutral_policy"": 0.0, ""speech_and_herding_policy"": 0.0}",0.20203050891044214,3,0.2857142857142857,0.0,regime_baseline_rule_policy_seed_64_base_2,baseline_rule_policy_seed_64_game_2_wolf_kill,0.5289569193056572,1.5275252316519494,0,0.6390674380238945,0.5,0.5579138386113145,0,0,25d49665a4fbacc8b8fbe9f6594fed5d62da3ce85bc221f20011fa956faf0472,0.628,night,0,1,0.13906743802389454,0.315,0,1,1,64,7,regime_baseline_rule_policy_seed_64_base_2,A_in_distribution,train,0.3168456107518994,0.6666666666666666,witch
1,0,2,0.3,0,0,0,0,werewolf,0.0,wolf,0,1,,1,10,regime_baseline_rule_policy_seed_64_base_2,2,baseline_rule_policy,1,0,0,0,0,3,0,0,0,0,0,0.3,8,0.0,0,0.01072202317880988,0,0,0.0,0,0,0,0,0,1.425,0.0,0.5,8,0.3,0,0,0,0,0,0,0,25add8f6ee27c5e9ac67fa4de8c40443bdc496b7f19628e87fb1b2a29223d72b,wolf_kill,0,0,1,in_distribution,,seer_first,1.1022875580014286,0.0,10,7,0.28571428571428575,0.5714285714285714,"{'baseline_rule_policy': 0.0, 'randomized_legal_policy': 0.0, 'mixed_rule_policy': 1.0, 'seat_order_neutral_policy': 1.0, 'speech_and_herding_policy': 1.0, 'deception_enabled_policy': 0.0, 'risk_heterogeneous_policy': 1.0}","{""baseline_rule_policy"": 0.0, ""deception_enabled_policy"": 0.0, ""mixed_rule_policy"": 1.0, ""randomized_legal_policy"": 0.0, ""risk_heterogeneous_policy"": 1.0, ""seat_order_neutral_policy"": 1.0, ""speech_and_herding_policy"": 1.0}",0.20203050891044216,2,0.28571428571428575,0.0,regime_baseline_rule_policy_seed_64_base_2,baseline_rule_policy_seed_64_game_2_wolf_kill,0.6403280605649242,1.5275252316519494,0,0.6499555828327066,0.5,0.7806561211298485,0,0,25d49665a4fbacc8b8fbe9f6594fed5d62da3ce85bc221f20011fa956faf0472,0.628,night,0,1,0.1499555828327066,0.315,0,1,1,64,7,regime_baseline_rule_policy_seed_64_base_2,A_in_distribution,train,0.3385249421754539,1.0,villager
1,1,2,0.3,0,0,0,0,werewolf,0.0,wolf,0,1,,1,10,regime_baseline_rule_policy_seed_64_base_3,3,baseline_rule_policy,1,0,0,0,0,2,0,0,0,0,0,0.3,3,0.0,0,0.005994161186895441,0,0,0.0,0,1,0,0,0,1.425,0.0,0.5,3,0.3,0,0,0,0,0,0,0,0b08e5dfb739aa48f472d89cd7ad98cb0777a9a0515f7a919e530a8c9880a823,wolf_kill,0,0,1,in_distribution,,seer_first,1.080608226577874,0.0,6,7,0.42857142857142855,0.42857142857142855,"{'baseline_rule_policy': 0.0, 'randomized_legal_policy': 1.0, 'mixed_rule_policy': 0.0, 'seat_order_neutral_policy': 0.0, 'speech_and_herding_policy': 1.0, 'deception_enabled_policy': 0.0, 'risk_heterogeneous_policy': 1.0}","{""baseline_rule_policy"": 0.0, ""deception_enabled_policy"": 0.0, ""mixed_rule_policy"": 0.0, ""randomized_legal_policy"": 1.0, ""risk_heterogeneous_policy"": 1.0, ""seat_order_neutral_policy"": 0.0, ""speech_and_herding_policy"": 1.0}",0.20203050891044214,3,0.2857142857142857,0.0,regime_baseline_rule_policy_seed_64_base_3,baseline_rule_policy_seed_64_game_3_wolf_kill,0.41403877514158133,1.5275252316519494,0,0.6390674380238945,0.5,0.32807755028316266,0,0,6ee4eb1d775feb5846914bbbab8d6d567a69a6de00d63976d97a3593ec64c3da,0.628,night,0,1,0.13906743802389454,0.315,0,1,1,64,3,regime_baseline_rule_policy_seed_64_base_3,A_in_distribution,train,0.3168456107518994,0.3333333333333333,villager
1,0,2,0.3,0,0,0,0,werewolf,0.0,wolf,0,1,,1,10,regime_baseline_rule_policy_seed_64_base_3,3,baseline_rule_policy,1,0,0,0,0,1,1,0,0,0,0,0.3,2,0.0,0,0.005994161186895441,0,0,0.0,0,1,0,0,0,1.425,0.0,0.5,2,0.3,0,0,0,0,0,0,0,0b08e5dfb739aa48f472d89cd7ad98cb0777a9a0515f7a919e530a8c9880a823,wolf_kill,0,0,1,in_distribution,,seer_first,1.1357552836308566,0.0,6,7,0.42857142857142855,0.5714285714285714,"{'baseline_rule_policy': 1.0, 'randomized_legal_policy': 1.0, 'mixed_rule_policy': 1.0, 'seat_order_neutral_policy': 1.0, 'speech_and_herding_policy': 0.0, 'deception_enabled_policy': 0.0, 'risk_heterogeneous_policy': 0.0}","{""baseline_rule_policy"": 1.0, ""deception_enabled_policy"": 0.0, ""mixed_rule_policy"": 1.0, ""randomized_legal_policy"": 1.0, ""risk_heterogeneous_policy"": 0.0, ""seat_order_neutral_policy"": 1.0, ""speech_and_herding_policy"": 0.0}",0.20203050891044216,2,0.28571428571428575,0.0,regime_baseline_rule_policy_seed_64_base_3,baseline_rule_policy_seed_64_game_3_wolf_kill,0.25,1.5275252316519494,0,0.6285159064035797,0.5,0.0,0,0,6ee4eb1d775feb5846914bbbab8d6d567a69a6de00d63976d97a3593ec64c3da,0.628,night,0,1,0.12851590640357968,0.315,0,1,1,64,3,regime_baseline_rule_policy_seed_64_base_3,A_in_distribution,train,0.371992667804882,0.6666666666666666,hunter
1,0,2,0.3,0,0,0,0,werewolf,0.0,wolf,0,1,,1,10,regime_baseline_rule_policy_seed_64_base_3,3,baseline_rule_policy,1,0,0,0,0,5,0,0,0,0,0,0.3,6,0.0,0,0.005994161186895441,0,0,0.0,1,0,0,0,0,1.425,0.0,0.5,6,0.3,0,0,0,0,0,0,0,0b08e5dfb739aa48f472d89cd7ad98cb0777a9a0515f7a919e530a8c9880a823,wolf_kill,0,0,1,in_distribution,,seer_first,1.2765515003516854,0.0,6,7,0.42857142857142855,0.8571428571428571,"{'baseline_rule_policy': 1.0, 'randomized_legal_policy': 1.0, 'mixed_rule_policy': 1.0, 'seat_order_neutral_policy': 1.0, 'speech_and_herding_policy': 1.0, 'deception_enabled_policy': 0.0, 'risk_heterogeneous_policy': 1.0}","{""baseline_rule_policy"": 1.0, ""deception_enabled_policy"": 0.0, ""mixed_rule_policy"": 1.0, ""randomized_legal_policy"": 1.0, ""risk_heterogeneous_policy"": 1.0, ""seat_order_neutral_policy"": 1.0, ""speech_and_herding_policy"": 1.0}",0.14285714285714285,1,0.14285714285714285,0.0,regime_baseline_rule_policy_seed_64_base_3,baseline_rule_policy_seed_64_game_3_wolf_kill,0.6568121203175435,1.7451661817256576,0,0.654683444824621,0.5,0.8136242406350871,0,0,6ee4eb1d775feb5846914bbbab8d6d567a69a6de00d63976d97a3593ec64c3da,0.628,night,0,1,0.15468344482462104,0.315,0,1,1,64,3,regime_baseline_rule_policy_seed_64_base_3,A_in_distribution,train,0.40396840948885654,0.6666666666666666,villager
1,0,2,0.3,0,0,0,0,werewolf,0.0,wolf,0,1,,1,10,regime_baseline_rule_policy_seed_64_base_3,3,baseline_rule_policy,1,0,0,0,0,4,0,0,0,0,0,0.3,7,0.0,0,0.005994161186895441,0,0,0.0,0,0,0,0,0,1.425,0.0,0.5,7,0.3,0,0,0,0,0,0,0,0b08e5dfb739aa48f472d89cd7ad98cb0777a9a0515f7a919e530a8c9880a823,wolf_kill,0,0,1,in_distribution,,seer_first,1.1135414456401023,0.0,6,7,0.42857142857142855,0.42857142857142855,"{'baseline_rule_policy': 0.0, 'randomized_legal_policy': 0.0, 'mixed_rule_policy': 1.0, 'seat_order_neutral_policy': 1.0, 'speech_and_herding_policy': 0.0, 'deception_enabled_policy': 0.0, 'risk_heterogeneous_policy': 1.0}","{""baseline_rule_policy"": 0.0, ""deception_enabled_policy"": 0.0, ""mixed_rule_policy"": 1.0, ""randomized_legal_policy"": 0.0, ""risk_heterogeneous_policy"": 1.0, ""seat_order_neutral_policy"": 1.0, ""speech_and_herding_policy"": 0.0}",0.20203050891044214,3,0.2857142857142857,0.0,regime_baseline_rule_policy_seed_64_base_3,baseline_rule_policy_seed_64_game_3_wolf_kill,0.75,1.5275252316519494,0,0.6606776060115165,0.5,1.0,0,0,6ee4eb1d775feb5846914bbbab8d6d567a69a6de00d63976d97a3593ec64c3da,0.628,night,0,1,0.16067760601151648,0.315,0,1,1,64,3,regime_baseline_rule_policy_seed_64_base_3,A_in_distribution,train,0.34977882981412767,1.0,villager
1,1,2,0.3,0,0,0,0,werewolf,0.0,wolf,0,1,,7,10,regime_randomized_legal_policy_seed_60_base_1,1,randomized_legal_policy,1,0,0,0,0,4,0,0,0,0,0,0.3,1,0.0,0,0.02726771598602018,0,0,0.0,1,1,0,0,0,1.425,0.0,0.5,1,0.3,0,0,0,0,0,0,0,05d447473d8a45825e882cf87b583a744f4c65233d04261dc553837895ae86c8,wolf_kill,0,0,1,in_distribution,,threat_based,0.9827256358156051,0.0,1,7,0.0,1.0,"{'baseline_rule_policy': 1.0, 'randomized_legal_policy': 1.0, 'mixed_rule_policy': 1.0, 'seat_order_neutral_policy': 1.0, 'speech_and_herding_policy': 1.0, 'deception_enabled_policy': 1.0, 'risk_heterogeneous_policy': 1.0}","{""baseline_rule_policy"": 1.0, ""deception_enabled_policy"": 1.0, ""mixed_rule_policy"": 1.0, ""randomized_legal_policy"": 1.0, ""risk_heterogeneous_policy"": 1.0, ""seat_order_neutral_policy"": 1.0, ""speech_and_herding_policy"": 1.0}",0.0,1,0.0,1.0,regime_randomized_legal_policy_seed_60_base_1,randomized_legal_policy_seed_60_game_1_wolf_kill,0.5186301381039522,1.3106228218938725,0,0.735461223355425,0.5,0.5372602762079045,0,0,7bbc1f4e451c462228c0e71392c0245724c90a454a42c4feee207c310fd4d251,0.628,night,0,1,0.23546122335542496,0.28500000000000003,0,1,1,60,1,regime_randomized_legal_policy_seed_60_base_1,A_in_distribution,train,0.32741422486866884,0.6666666666666666,villager
1,0,2,0.3,0,0,0,0,werewolf,0.0,wolf,0,1,,7,10,regime_randomized_legal_policy_seed_60_base_1,1,randomized_legal_policy,1,0,0,0,0,2,0,0,0,0,0,0.3,5,0.0,0,0.02726771598602018,0,0,0.0,1,1,0,0,0,1.425,0.0,0.5,5,0.3,0,0,0,0,0,0,0,05d447473d8a45825e882cf87b583a744f4c65233d04261dc553837895ae86c8,wolf_kill,0,0,1,in_distribution,,threat_based,0.7920036244147859,0.0,1,7,0.0,1.0,"{'baseline_rule_policy': 1.0, 'randomized_legal_policy': 1.0, 'mixed_rule_policy': 1.0, 'seat_order_neutral_policy': 1.0, 'speech_and_herding_policy': 1.0, 'deception_enabled_policy': 1.0, 'risk_heterogeneous_policy': 1.0}","{""baseline_rule_policy"": 1.0, ""deception_enabled_policy"": 1.0, ""mixed_rule_policy"": 1.0, ""randomized_legal_policy"": 1.0, ""risk_heterogeneous_policy"": 1.0, ""seat_order_neutral_policy"": 1.0, ""speech_and_herding_policy"": 1.0}",0.0,1,0.0,1.0,regime_randomized_legal_policy_seed_60_base_1,randomized_legal_policy_seed_60_game_1_wolf_kill,0.3352281745818776,1.0871146130092182,0,0.7138466854393102,0.5,0.17045634916375518,0,0,7bbc1f4e451c462228c0e71392c0245724c90a454a42c4feee207c310fd4d251,0.628,night,0,1,0.21384668543931018,0.28500000000000003,0,1,1,60,1,regime_randomized_legal_policy_seed_60_base_1,A_in_distribution,train,0.24844631791017674,1.0,villager
1,0,2,0.3,0,0,0,0,werewolf,0.0,wolf,0,1,,7,10,regime_randomized_legal_policy_seed_60_base_1,1,randomized_legal_policy,1,0,0,0,0,1,1,0,0,0,0,0.3,6,0.0,0,0.02726771598602018,0,0,0.0,1,0,0,0,0,1.425,0.0,0.5,6,0.3,0,0,0,0,0,0,0,05d447473d8a45825e882cf87b583a744f4c65233d04261dc553837895ae86c8,wolf_kill,0,0,1,in_distribution,,threat_based,0.9804775036772524,0.0,1,7,0.0,1.0,"{'baseline_rule_policy': 1.0, 'randomized_legal_policy': 1.0, 'mixed_rule_policy': 1.0, 'seat_order_neutral_policy': 1.0, 'speech_and_herding_policy': 1.0, 'deception_enabled_policy': 1.0, 'risk_heterogeneous_policy': 1.0}","{""baseline_rule_policy"": 1.0, ""deception_enabled_policy"": 1.0, ""mixed_rule_policy"": 1.0, ""randomized_legal_policy"": 1.0, ""risk_heterogeneous_policy"": 1.0, ""seat_order_neutral_policy"": 1.0, ""speech_and_herding_policy"": 1.0}",0.0,1,0.0,1.0,regime_randomized_legal_policy_seed_60_base_1,randomized_legal_policy_seed_60_game_1_wolf_kill,0.25,1.3232578740557186,0,0.7038022585659877,0.5,0.0,0,0,7bbc1f4e451c462228c0e71392c0245724c90a454a42c4feee207c310fd4d251,0.628,night,0,1,0.20380225856598766,0.28500000000000003,0,1,1,60,1,regime_randomized_legal_policy_seed_60_base_1,A_in_distribution,train,0.31884856664939304,0.6666666666666666,witch
1,0,2,0.3,0,0,0,0,werewolf,0.0,wolf,0,1,,7,10,regime_randomized_legal_policy_seed_60_base_1,1,randomized_legal_policy,1,0,0,0,0,5,1,0,0,0,0,0.3,2,0.0,0,0.02726771598602018,0,0,0.0,0,1,0,0,0,1.425,0.0,0.5,2,0.3,0,0,0,0,0,0,0,05d447473d8a45825e882cf87b583a744f4c65233d04261dc553837895ae86c8,wolf_kill,0,0,1,in_distribution,,threat_based,1.2284546112899397,0.0,1,7,0.0,0.8571428571428571,"{'baseline_rule_policy': 0.0, 'randomized_legal_policy': 1.0, 'mixed_rule_policy': 1.0, 'seat_order_neutral_policy': 1.0, 'speech_and_herding_policy': 1.0, 'deception_enabled_policy': 1.0, 'risk_heterogeneous_policy': 1.0}","{""baseline_rule_policy"": 0.0, ""deception_enabled_policy"": 1.0, ""mixed_rule_policy"": 1.0, ""randomized_legal_policy"": 1.0, ""risk_heterogeneous_policy"": 1.0, ""seat_order_neutral_policy"": 1.0, ""speech_and_herding_policy"": 1.0}",0.14285714285714285,4,0.14285714285714285,0.0,regime_randomized_legal_policy_seed_60_base_1,randomized_legal_policy_seed_60_game_1_wolf_kill,0.75,1.7451661817256576,0,0.7627289393414451,0.5,1.0,0,0,7bbc1f4e451c462228c0e71392c0245724c90a454a42c4feee207c310fd4d251,0.628,night,0,1,0.26272893934144514,0.28500000000000003,0,1,1,60,1,regime_randomized_legal_policy_seed_60_base_1,A_in_distribution,train,0.35587152042711084,1.0,seer
1,1,2,0.3,0,0,0,0,werewolf,0.0,wolf,0,1,,1,10,regime_randomized_legal_policy_seed_60_base_2,2,randomized_legal_policy,1,0,0,0,0,1,0,0,0,0,0,0.3,2,0.0,0,0.008656039446086727,0,0,0.0,0,1,0,0,0,1.425,0.0,0.5,2,0.3,0,0,0,0,0,0,0,2be1691202b33746748eb7d413b4e93cd2587e85544ec3f50ecdf91668ac2e58,wolf_kill,0,0,1,in_distribution,,threat_based,0.9806093569137144,0.0,3,7,0.1428571428571429,0.5714285714285714,"{'baseline_rule_policy': 1.0, 'randomized_legal_policy': 0.0, 'mixed_rule_policy': 0.0, 'seat_order_neutral_policy': 0.0, 'speech_and_herding_policy': 1.0, 'deception_enabled_policy': 1.0, 'risk_heterogeneous_policy': 1.0}","{""baseline_rule_policy"": 1.0, ""deception_enabled_policy"": 1.0, ""mixed_rule_policy"": 0.0, ""randomized_legal_policy"": 0.0, ""risk_heterogeneous_policy"": 1.0, ""seat_order_neutral_policy"": 0.0, ""speech_and_herding_policy"": 1.0}",0.20203050891044216,4,0.28571428571428575,0.0,regime_randomized_legal_policy_seed_60_base_2,randomized_legal_policy_seed_60_game_2_wolf_kill,0.0,1.3232578740557186,0,0.7201818297431957,0.0,0.0,0,0,1f046ee5a975aa4db4dd4f33068d7e34bbb58ea4cb19db0dc55595f5e72665d6,0.628,night,0,1,0.22018182974319567,0.28500000000000003,0,1,1,60,2,regime_randomized_legal_policy_seed_60_base_2,A_in_distribution,train,0.3189804198858551,0.6666666666666666,villager
1,0,2,0.3,0,0,0,0,werewolf,0.0,wolf,0,1,,1,10,regime_randomized_legal_policy_seed_60_base_2,2,randomized_legal_policy,1,0,0,0,0,2,0,0,0,0,0,0.3,3,0.0,0,0.008656039446086727,0,0,0.0,0,1,0,0,0,1.425,0.0,0.5,3,0.3,0,0,0,0,0,0,0,2be1691202b33746748eb7d413b4e93cd2587e85544ec3f50ecdf91668ac2e58,wolf_kill,0,0,1,in_distribution,,threat_based,0.7124427180391601,0.0,3,7,0.1428571428571429,0.7142857142857143,"{'baseline_rule_policy': 0.0, 'randomized_legal_policy': 1.0, 'mixed_rule_policy': 1.0, 'seat_order_neutral_policy': 1.0, 'speech_and_herding_policy': 1.0, 'deception_enabled_policy': 1.0, 'risk_heterogeneous_policy': 0.0}","{""baseline_rule_policy"": 0.0, ""deception_enabled_policy"": 1.0, ""mixed_rule_policy"": 1.0, ""randomized_legal_policy"": 1.0, ""risk_heterogeneous_policy"": 0.0, ""seat_order_neutral_policy"": 1.0, ""speech_and_herding_policy"": 1.0}",0.18442777839082938,1,0.2380952380952381,0.0,regime_randomized_legal_policy_seed_60_base_2,randomized_legal_policy_seed_60_game_2_wolf_kill,0.16403877514158074,0.9198662110077998,0,0.7307333613635105,0.0,0.3280775502831615,0,0,1f046ee5a975aa4db4dd4f33068d7e34bbb58ea4cb19db0dc55595f5e72665d6,0.628,night,0,1,0.23073336136351053,0.28500000000000003,0,1,1,60,2,regime_randomized_legal_policy_seed_60_base_2,A_in_distribution,train,0.25250961253526033,0.6666666666666666,villager
1,0,2,0.3,0,0,0,0,werewolf,0.0,wolf,0,1,,1,10,regime_randomized_legal_policy_seed_60_base_2,2,randomized_legal_policy,1,0,0,0,0,4,0,0,0,0,0,0.3,7,0.0,0,0.008656039446086727,0,0,0.0,0,0,0,0,0,1.425,0.0,0.5,7,0.3,0,0,0,0,0,0,0,2be1691202b33746748eb7d413b4e93cd2587e85544ec3f50ecdf91668ac2e58,wolf_kill,0,0,1,in_distribution,,threat_based,0.8645434465292623,0.0,3,7,0.1428571428571429,0.7142857142857143,"{'baseline_rule_policy': 0.0, 'randomized_legal_policy': 1.0, 'mixed_rule_policy': 1.0, 'seat_order_neutral_policy': 0.0, 'speech_and_herding_policy': 1.0, 'deception_enabled_policy': 1.0, 'risk_heterogeneous_policy': 1.0}","{""baseline_rule_policy"": 0.0, ""deception_enabled_policy"": 1.0, ""mixed_rule_policy"": 1.0, ""randomized_legal_policy"": 1.0, ""risk_heterogeneous_policy"": 1.0, ""seat_order_neutral_policy"": 0.0, ""speech_and_herding_policy"": 1.0}",0.18442777839082938,1,0.2380952380952381,0.0,regime_randomized_legal_policy_seed_60_base_2,randomized_legal_policy_seed_60_game_2_wolf_kill,0.5,1.143543749793731,0,0.7523435293511326,0.0,1.0,0,0,1f046ee5a975aa4db4dd4f33068d7e34bbb58ea4cb19db0dc55595f5e72665d6,0.628,night,0,1,0.2523435293511326,0.28500000000000003,0,1,1,60,2,regime_randomized_legal_policy_seed_60_base_2,A_in_distribution,train,0.29277157163239675,0.6666666666666666,villager
1,0,2,0.3,0,0,0,0,werewolf,0.0,wolf,0,1,,1,10,regime_randomized_legal_policy_seed_60_base_2,2,randomized_legal_policy,1,0,0,0,0,4,1,0,0,0,0,0.15,5,0.0,0,0.008656039446086727,0,0,0.0,1,1,0,0,0,1.4625,0.0,0.5,5,0.15,0,0,0,0,0,0,0,2be1691202b33746748eb7d413b4e93cd2587e85544ec3f50ecdf91668ac2e58,wolf_kill,0,0,1,mild_shift,,threat_based,2.373954020474115,0.0,3,7,0.1428571428571429,0.7142857142857143,"{'baseline_rule_policy': 0.0, 'randomized_legal_policy': 1.0, 'mixed_rule_policy': 1.0, 'seat_order_neutral_policy': 0.0, 'speech_and_herding_policy': 1.0, 'deception_enabled_policy': 1.0, 'risk_heterogeneous_policy': 1.0}","{""baseline_rule_policy"": 0.0, ""deception_enabled_policy"": 1.0, ""mixed_rule_policy"": 1.0, ""randomized_legal_policy"": 1.0, ""risk_heterogeneous_policy"": 1.0, ""seat_order_neutral_policy"": 0.0, ""speech_and_herding_policy"": 1.0}",0.18442777839082938,1,0.2380952380952381,0.0,regime_randomized_legal_policy_seed_60_base_2,randomized_legal_policy_seed_60_game_2_wolf_kill,0.8654293841493598,3.147870853305598,0,0.7436874899050459,1.0,0.7308587682987195,0,0,1f046ee5a975aa4db4dd4f33068d7e34bbb58ea4cb19db0dc55595f5e72665d6,0.664,night,0,1,0.24368748990504585,0.28500000000000003,0,1,1,60,2,regime_randomized_legal_policy_seed_60_base_2,A_in_distribution,train,0.800018593821316,0.6666666666666666,witch
1,1,2,0.3,0,0,0,0,werewolf,0.0,wolf,0,1,,6,10,regime_randomized_legal_policy_seed_60_base_3,3,randomized_legal_policy,1,0,0,0,0,4,1,0,0,0,0,0.3,2,0.0,0,0.0059941611868955524,0,0,0.0,0,1,0,0,0,1.425,0.0,0.5,2,0.3,0,0,0,0,0,0,0,80b85d78f66efedb41e8269efbf3ad226376be34d5c2a29451ec1ddc52c6369d,wolf_kill,0,0,1,in_distribution,,threat_based,1.1146207568223598,0.0,1,7,0.5714285714285714,0.2857142857142857,"{'baseline_rule_policy': 0.0, 'randomized_legal_policy': 1.0, 'mixed_rule_policy': 0.0, 'seat_order_neutral_policy': 0.0, 'speech_and_herding_policy': 0.0, 'deception_enabled_policy': 1.0, 'risk_heterogeneous_policy': 0.0}","{""baseline_rule_policy"": 0.0, ""deception_enabled_policy"": 1.0, ""mixed_rule_policy"": 0.0, ""randomized_legal_policy"": 1.0, ""risk_heterogeneous_policy"": 0.0, ""seat_order_neutral_policy"": 0.0, ""speech_and_herding_policy"": 0.0}",0.18442777839082938,4,0.2380952380952381,0.0,regime_randomized_legal_policy_seed_60_base_3,randomized_legal_policy_seed_60_game_3_wolf_kill,0.75,1.5275252316519494,0,0.6604262386022668,0.5,1.0,0,0,758636a5b3af4d4460b8baf5ec4109371a6771a4eb0d738f93eae257ffcc0fd1,0.628,night,0,1,0.1604262386022668,0.315,0,1,1,60,2,regime_randomized_legal_policy_seed_60_base_3,A_in_distribution,train,0.35085814099638524,0.6666666666666666,hunter
1,0,2,0.3,0,0,0,0,werewolf,0.0,wolf,0,1,,6,10,regime_randomized_legal_policy_seed_60_base_3,3,randomized_legal_policy,1,0,0,0,0,5,0,0,0,0,0,0.3,1,0.0,0,0.0059941611868955524,0,0,0.0,1,1,0,0,0,1.425,0.0,0.5,1,0.3,0,0,0,0,0,0,0,80b85d78f66efedb41e8269efbf3ad226376be34d5c2a29451ec1ddc52c6369d,wolf_kill,0,0,1,in_distribution,,threat_based,1.3015390930985933,0.0,1,7,0.5714285714285714,0.8571428571428571,"{'baseline_rule_policy': 1.0, 'randomized_legal_policy': 1.0, 'mixed_rule_policy': 1.0, 'seat_order_neutral_policy': 0.0, 'speech_and_herding_policy': 1.0, 'deception_enabled_policy': 1.0, 'risk_heterogeneous_policy': 1.0}","{""baseline_rule_policy"": 1.0, ""deception_enabled_policy"": 1.0, ""mixed_rule_policy"": 1.0, ""randomized_legal_policy"": 1.0, ""risk_heterogeneous_policy"": 1.0, ""seat_order_neutral_policy"": 0.0, ""speech_and_herding_policy"": 1.0}",0.14285714285714285,1,0.14285714285714285,0.0,regime_randomized_legal_policy_seed_60_base_3,randomized_legal_policy_seed_60_game_3_wolf_kill,0.6102371705663275,1.7451661817256576,0,0.6544320774153712,0.5,0.7204743411326551,0,0,758636a5b3af4d4460b8baf5ec4109371a6771a4eb0d738f93eae257ffcc0fd1,0.628,night,0,1,0.15443207741537124,0.315,0,1,1,60,2,regime_randomized_legal_policy_seed_60_base_3,A_in_distribution,train,0.4289560022357645,0.3333333333333333,villager
1,0,2,0.3,0,0,0,0,werewolf,0.0,wolf,0,1,,6,10,regime_randomized_legal_policy_seed_60_base_3,3,randomized_legal_policy,1,0,0,0,0,2,1,0,0,0,0,0.3,4,0.0,0,0.0059941611868955524,0,0,0.0,0,1,0,0,0,1.425,0.0,0.5,4,0.3,0,0,0,0,0,0,0,80b85d78f66efedb41e8269efbf3ad226376be34d5c2a29451ec1ddc52c6369d,wolf_kill,0,0,1,in_distribution,,threat_based,1.0705853277080797,0.0,1,7,0.5714285714285714,0.5714285714285714,"{'baseline_rule_policy': 1.0, 'randomized_legal_policy': 0.0, 'mixed_rule_policy': 1.0, 'seat_order_neutral_policy': 0.0, 'speech_and_herding_policy': 1.0, 'deception_enabled_policy': 0.0, 'risk_heterogeneous_policy': 1.0}","{""baseline_rule_policy"": 1.0, ""deception_enabled_policy"": 0.0, ""mixed_rule_policy"": 1.0, ""randomized_legal_policy"": 0.0, ""risk_heterogeneous_policy"": 1.0, ""seat_order_neutral_policy"": 0.0, ""speech_and_herding_policy"": 1.0}",0.20203050891044216,2,0.28571428571428575,0.0,regime_randomized_legal_policy_seed_60_base_3,randomized_legal_policy_seed_60_game_3_wolf_kill,0.25,1.5275252316519494,0,0.638982192244647,0.5,0.0,0,0,758636a5b3af4d4460b8baf5ec4109371a6771a4eb0d738f93eae257ffcc0fd1,0.628,night,0,1,0.13898219224464703,0.315,0,1,1,60,2,regime_randomized_legal_policy_seed_60_base_3,A_in_distribution,train,0.3068227118821051,1.0,seer
1,0,2,0.3,0,0,0,0,werewolf,0.0,wolf,0,1,,6,10,regime_randomized_legal_policy_seed_60_base_3,3,randomized_legal_policy,1,0,0,0,0,2,0,0,0,0,0,0.3,8,0.0,0,0.0059941611868955524,0,0,0.0,0,0,0,0,0,1.425,0.0,0.5,8,0.3,0,0,0,0,0,0,0,80b85d78f66efedb41e8269efbf3ad226376be34d5c2a29451ec1ddc52c6369d,wolf_kill,0,0,1,in_distribution,,threat_based,1.1097272186501352,0.0,1,7,0.5714285714285714,0.5714285714285714,"{'baseline_rule_policy': 0.0, 'randomized_legal_policy': 1.0, 'mixed_rule_policy': 1.0, 'seat_order_neutral_policy': 1.0, 'speech_and_herding_policy': 1.0, 'deception_enabled_policy': 0.0, 'risk_heterogeneous_policy': 0.0}","{""baseline_rule_policy"": 0.0, ""deception_enabled_policy"": 0.0, ""mixed_rule_policy"": 1.0, ""randomized_legal_policy"": 1.0, ""risk_heterogeneous_policy"": 0.0, ""seat_order_neutral_policy"": 1.0, ""speech_and_herding_policy"": 1.0}",0.20203050891044216,2,0.28571428571428575,0.0,regime_randomized_legal_policy_seed_60_base_3,randomized_legal_policy_seed_60_game_3_wolf_kill,0.25784863973159605,1.5275252316519494,0,0.6393188054331442,0.5,0.015697279463192073,0,0,758636a5b3af4d4460b8baf5ec4109371a6771a4eb0d738f93eae257ffcc0fd1,0.628,night,0,1,0.13931880543314423,0.315,0,1,1,60,2,regime_randomized_legal_policy_seed_60_base_3,A_in_distribution,train,0.3459646028241604,1.0,villager
1,1,2,0.3,0,0,0,0,werewolf,0.0,wolf,0,1,,4,10,regime_randomized_legal_policy_seed_61_base_1,1,randomized_legal_policy,1,0,0,0,0,1,0,0,0,0,0,0.3,5,0.0,0,0.03798536923633722,0,0,0.0,1,1,0,0,0,1.425,0.0,0.5,5,0.3,0,0,0,0,0,0,0,a413772f327dda97d8f8724215ad8037e1b47e0aa2f5fad836fa1594d90afb27,wolf_kill,0,0,1,in_distribution,,threat_based,1.1188411067270556,0.0,1,7,0.4285714285714286,0.2857142857142857,"{'baseline_rule_policy': 1.0, 'randomized_legal_policy': 0.0, 'mixed_rule_policy': 0.0, 'seat_order_neutral_policy': 0.0, 'speech_and_herding_policy': 1.0, 'deception_enabled_policy': 0.0, 'risk_heterogeneous_policy': 0.0}","{""baseline_rule_policy"": 1.0, ""deception_enabled_policy"": 0.0, ""mixed_rule_policy"": 0.0, ""randomized_legal_policy"": 0.0, ""risk_heterogeneous_policy"": 0.0, ""seat_order_neutral_policy"": 0.0, ""speech_and_herding_policy"": 1.0}",0.18442777839082938,3,0.2380952380952381,0.0,regime_randomized_legal_policy_seed_61_base_1,randomized_legal_policy_seed_61_game_1_wolf_kill,0.25,1.5275252316519494,0,0.6115439847001318,0.5,0.0,0,0,00568324c7af7cf78be04068df46433a5f2dd0d24db7ee99c6cc301765a3ccf6,0.628,night,0,1,0.11154398470013183,0.315,0,1,1,61,5,regime_randomized_legal_policy_seed_61_base_1,A_in_distribution,train,0.3550784909010809,0.6666666666666666,villager
1,0,2,0.3,0,0,0,0,werewolf,0.0,wolf,0,1,,4,10,regime_randomized_legal_policy_seed_61_base_1,1,randomized_legal_policy,1,0,0,0,0,3,0,0,0,0,0,0.3,1,0.0,0,0.03798536923633722,0,0,0.0,1,1,0,0,0,1.425,0.0,0.5,1,0.3,0,0,0,0,0,0,0,a413772f327dda97d8f8724215ad8037e1b47e0aa2f5fad836fa1594d90afb27,wolf_kill,0,0,1,in_distribution,,threat_based,1.1191352736849185,0.0,1,7,0.4285714285714286,0.7142857142857143,"{'baseline_rule_policy': 0.0, 'randomized_legal_policy': 1.0, 'mixed_rule_policy': 1.0, 'seat_order_neutral_policy': 1.0, 'speech_and_herding_policy': 1.0, 'deception_enabled_policy': 1.0, 'risk_heterogeneous_policy': 0.0}","{""baseline_rule_policy"": 0.0, ""deception_enabled_policy"": 1.0, ""mixed_rule_policy"": 1.0, ""randomized_legal_policy"": 1.0, ""risk_heterogeneous_policy"": 0.0, ""seat_order_neutral_policy"": 1.0, ""speech_and_herding_policy"": 1.0}",0.18442777839082938,1,0.2380952380952381,0.0,regime_randomized_legal_policy_seed_61_base_1,randomized_legal_policy_seed_61_game_1_wolf_kill,0.4313302985592448,1.5275252316519494,0,0.6331585226162466,0.5,0.36266059711848964,0,0,00568324c7af7cf78be04068df46433a5f2dd0d24db7ee99c6cc301765a3ccf6,0.628,night,0,1,0.1331585226162466,0.315,0,1,1,61,5,regime_randomized_legal_policy_seed_61_base_1,A_in_distribution,train,0.35537265785894373,0.6666666666666666,villager
1,0,2,0.3,0,0,0,0,werewolf,0.0,wolf,0,1,,4,10,regime_randomized_legal_policy_seed_61_base_1,1,randomized_legal_policy,1,0,0,0,0,1,1,0,0,0,0,0.3,3,0.0,0,0.03798536923633722,0,0,0.0,0,1,0,0,0,1.425,0.0,0.5,3,0.3,0,0,0,0,0,0,0,a413772f327dda97d8f8724215ad8037e1b47e0aa2f5fad836fa1594d90afb27,wolf_kill,0,0,1,in_distribution,,threat_based,1.1216959423550528,0.0,1,7,0.4285714285714286,0.2857142857142857,"{'baseline_rule_policy': 1.0, 'randomized_legal_policy': 0.0, 'mixed_rule_policy': 0.0, 'seat_order_neutral_policy': 1.0, 'speech_and_herding_policy': 0.0, 'deception_enabled_policy': 0.0, 'risk_heterogeneous_policy': 0.0}","{""baseline_rule_policy"": 1.0, ""deception_enabled_policy"": 0.0, ""mixed_rule_policy"": 0.0, ""randomized_legal_policy"": 0.0, ""risk_heterogeneous_policy"": 0.0, ""seat_order_neutral_policy"": 1.0, ""speech_and_herding_policy"": 0.0}",0.18442777839082938,3,0.2380952380952381,0.0,regime_randomized_legal_policy_seed_61_base_1,randomized_legal_policy_seed_61_game_1_wolf_kill,0.39166696502567966,1.5275252316519494,0,0.6284306606243322,0.5,0.2833339300513593,0,0,00568324c7af7cf78be04068df46433a5f2dd0d24db7ee99c6cc301765a3ccf6,0.628,night,0,1,0.12843066062433217,0.315,0,1,1,61,5,regime_randomized_legal_policy_seed_61_base_1,A_in_distribution,train,0.3579333265290781,0.6666666666666666,hunter
1,0,2,0.3,0,0,0,0,werewolf,0.0,wolf,0,1,,4,10,regime_randomized_legal_policy_seed_61_base_1,1,randomized_legal_policy,1,0,0,0,0,5,1,0,0,0,0,0.3,9,0.0,0,0.03798536923633722,0,0,0.0,0,0,0,0,0,1.425,0.0,0.5,9,0.3,0,0,0,0,0,0,0,a413772f327dda97d8f8724215ad8037e1b47e0aa2f5fad836fa1594d90afb27,wolf_kill,0,0,1,in_distribution,,threat_based,1.3039973564139724,0.0,1,7,0.4285714285714286,0.42857142857142855,"{'baseline_rule_policy': 0.0, 'randomized_legal_policy': 0.0, 'mixed_rule_policy': 1.0, 'seat_order_neutral_policy': 1.0, 'speech_and_herding_policy': 0.0, 'deception_enabled_policy': 0.0, 'risk_heterogeneous_policy': 1.0}","{""baseline_rule_policy"": 0.0, ""deception_enabled_policy"": 0.0, ""mixed_rule_policy"": 1.0, ""randomized_legal_policy"": 0.0, ""risk_heterogeneous_policy"": 1.0, ""seat_order_neutral_policy"": 1.0, ""speech_and_herding_policy"": 0.0}",0.20203050891044214,2,0.2857142857142857,0.0,regime_randomized_legal_policy_seed_61_base_1,randomized_legal_policy_seed_61_game_1_wolf_kill,0.75,1.7451661817256576,0,0.6711438918525838,0.5,1.0,0,0,00568324c7af7cf78be04068df46433a5f2dd0d24db7ee99c6cc301765a3ccf6,0.628,night,0,1,0.17114389185258383,0.315,0,1,1,61,5,regime_randomized_legal_policy_seed_61_base_1,A_in_distribution,train,0.43141426555114365,0.6666666666666666,witch
1,1,2,0.3,0,0,0,0,werewolf,0.0,wolf,0,1,,4,10,regime_randomized_legal_policy_seed_61_base_2,2,randomized_legal_policy,1,0,0,0,0,4,0,0,0,0,0,0.3,8,0.0,0,0.010551531620314858,0,0,0.0,0,0,0,0,0,1.425,0.0,0.5,8,0.3,0,0,0,0,0,0,0,ea4574c09183ca0e0b5855fbfeb1d556efd535a7b327dd313611d5328ab11f0d,wolf_kill,0,0,1,in_distribution,,threat_based,0.8808179639637161,0.0,10,7,0.1428571428571429,0.8571428571428571,"{'baseline_rule_policy': 1.0, 'randomized_legal_policy': 1.0, 'mixed_rule_policy': 1.0, 'seat_order_neutral_policy': 1.0, 'speech_and_herding_policy': 1.0, 'deception_enabled_policy': 1.0, 'risk_heterogeneous_policy': 0.0}","{""baseline_rule_policy"": 1.0, ""deception_enabled_policy"": 1.0, ""mixed_rule_policy"": 1.0, ""randomized_legal_policy"": 1.0, ""risk_heterogeneous_policy"": 0.0, ""seat_order_neutral_policy"": 1.0, ""speech_and_herding_policy"": 1.0}",0.14285714285714285,2,0.14285714285714285,0.0,regime_randomized_legal_policy_seed_61_base_2,randomized_legal_policy_seed_61_game_2_wolf_kill,0.3206627110324674,1.143543749793731,0,0.752258283571885,0.0,0.6413254220649348,0,0,a86cc10d0aa84b595bb811b1978c918d666aef9966eae4f41813d84175967569,0.628,night,0,1,0.25225828357188496,0.28500000000000003,0,1,1,61,8,regime_randomized_legal_policy_seed_61_base_2,A_in_distribution,train,0.30904608906685066,1.0,villager
1,0,2,0.3,0,0,0,0,werewolf,0.0,wolf,0,1,,4,10,regime_randomized_legal_policy_seed_61_base_2,2,randomized_legal_policy,1,0,0,0,0,4,0,0,0,0,0,0.3,10,0.0,0,0.010551531620314858,0,0,0.0,1,0,0,0,0,1.425,0.0,0.5,10,0.3,0,0,0,0,0,0,0,ea4574c09183ca0e0b5855fbfeb1d556efd535a7b327dd313611d5328ab11f0d,wolf_kill,0,0,1,in_distribution,,threat_based,1.1634416114282093,0.0,10,7,0.1428571428571429,1.0,"{'baseline_rule_policy': 1.0, 'randomized_legal_policy': 1.0, 'mixed_rule_policy': 1.0, 'seat_order_neutral_policy': 1.0, 'speech_and_herding_policy': 1.0, 'deception_enabled_policy': 1.0, 'risk_heterogeneous_policy': 1.0}","{""baseline_rule_policy"": 1.0, ""deception_enabled_policy"": 1.0, ""mixed_rule_policy"": 1.0, ""randomized_legal_policy"": 1.0, ""risk_heterogeneous_policy"": 1.0, ""seat_order_neutral_policy"": 1.0, ""speech_and_herding_policy"": 1.0}",0.0,1,0.0,1.0,regime_randomized_legal_policy_seed_61_base_2,randomized_legal_policy_seed_61_game_2_wolf_kill,0.03365123356233447,1.5958918549960293,0,0.7353716076476846,0.0,0.06730246712466895,0,0,a86cc10d0aa84b595bb811b1978c918d666aef9966eae4f41813d84175967569,0.628,night,0,1,0.2353716076476846,0.28500000000000003,0,1,1,61,8,regime_randomized_legal_policy_seed_61_base_2,A_in_distribution,train,0.36549568393019466,0.6666666666666666,villager
1,0,2,0.3,0,0,0,0,werewolf,0.0,wolf,0,1,,4,10,regime_randomized_legal_policy_seed_61_base_2,2,randomized_legal_policy,1,0,0,0,0,3,0,0,0,0,0,0.15,1,0.0,0,0.010551531620314858,0,0,0.0,1,1,0,0,0,1.4625,0.0,0.5,1,0.15,0,0,0,0,0,0,0,ea4574c09183ca0e0b5855fbfeb1d556efd535a7b327dd313611d5328ab11f0d,wolf_kill,0,0,1,mild_shift,,threat_based,2.383574760869048,0.0,10,7,0.1428571428571429,0.7142857142857143,"{'baseline_rule_policy': 0.0, 'randomized_legal_policy': 1.0, 'mixed_rule_policy': 1.0, 'seat_order_neutral_policy': 1.0, 'speech_and_herding_policy': 1.0, 'deception_enabled_policy': 1.0, 'risk_heterogeneous_policy': 0.0}","{""baseline_rule_policy"": 0.0, ""deception_enabled_policy"": 1.0, ""mixed_rule_policy"": 1.0, ""randomized_legal_policy"": 1.0, ""risk_heterogeneous_policy"": 0.0, ""seat_order_neutral_policy"": 1.0, ""speech_and_herding_policy"": 1.0}",0.18442777839082938,3,0.2380952380952381,0.0,regime_randomized_legal_policy_seed_61_base_2,randomized_legal_policy_seed_61_game_2_wolf_kill,0.5,3.147870853305598,0,0.7333916956224735,1.0,0.0,0,0,a86cc10d0aa84b595bb811b1978c918d666aef9966eae4f41813d84175967569,0.664,night,0,1,0.23339169562247353,0.28500000000000003,0,1,1,61,8,regime_randomized_legal_policy_seed_61_base_2,A_in_distribution,train,0.8096393342162489,0.6666666666666666,villager
1,0,2,0.3,0,0,0,0,werewolf,0.0,wolf,0,1,,4,10,regime_randomized_legal_policy_seed_61_base_2,2,randomized_legal_policy,1,0,0,0,0,5,1,0,0,0,0,0.3,9,0.0,0,0.010551531620314858,0,0,0.0,0,0,0,0,0,1.425,0.0,0.5,9,0.3,0,0,0,0,0,0,0,ea4574c09183ca0e0b5855fbfeb1d556efd535a7b327dd313611d5328ab11f0d,wolf_kill,0,0,1,in_distribution,,threat_based,1.2592201711991513,0.0,10,7,0.1428571428571429,0.7142857142857143,"{'baseline_rule_policy': 0.0, 'randomized_legal_policy': 0.0, 'mixed_rule_policy': 1.0, 'seat_order_neutral_policy': 1.0, 'speech_and_herding_policy': 1.0, 'deception_enabled_policy': 1.0, 'risk_heterogeneous_policy': 1.0}","{""baseline_rule_policy"": 0.0, ""deception_enabled_policy"": 1.0, ""mixed_rule_policy"": 1.0, ""randomized_legal_policy"": 0.0, ""risk_heterogeneous_policy"": 1.0, ""seat_order_neutral_policy"": 1.0, ""speech_and_herding_policy"": 1.0}",0.18442777839082938,3,0.2380952380952381,0.0,regime_randomized_legal_policy_seed_61_base_2,randomized_legal_policy_seed_61_game_2_wolf_kill,0.5,1.7451661817256576,0,0.7628098151921998,0.0,1.0,0,0,a86cc10d0aa84b595bb811b1978c918d666aef9966eae4f41813d84175967569,0.628,night,0,1,0.2628098151921998,0.28500000000000003,0,1,1,61,8,regime_randomized_legal_policy_seed_61_base_2,A_in_distribution,train,0.38663708033632244,0.6666666666666666,hunter
1,1,2,0.3,0,0,0,0,werewolf,0.0,wolf,0,1,,3,10,regime_randomized_legal_policy_seed_61_base_3,3,randomized_legal_policy,1,0,0,0,0,1,0,0,0,0,0,0.3,2,0.0,0,0.05128048089486259,0,0,0.0,0,1,0,0,0,1.425,0.0,0.5,2,0.3,0,0,0,0,0,0,0,7ae1695209a489d253f9b63ebf9a9fb8865dfbec12b499ffbcc68246c75ea7cb,wolf_kill,0,0,1,in_distribution,,threat_based,0.9806093569137144,0.0,1,7,0.0,0.7142857142857143,"{'baseline_rule_policy': 0.0, 'randomized_legal_policy': 1.0, 'mixed_rule_policy': 0.0, 'seat_order_neutral_policy': 1.0, 'speech_and_herding_policy': 1.0, 'deception_enabled_policy': 1.0, 'risk_heterogeneous_policy': 1.0}","{""baseline_rule_policy"": 0.0, ""deception_enabled_policy"": 1.0, ""mixed_rule_policy"": 0.0, ""randomized_legal_policy"": 1.0, ""risk_heterogeneous_policy"": 1.0, ""seat_order_neutral_policy"": 1.0, ""speech_and_herding_policy"": 1.0}",0.18442777839082938,1,0.2380952380952381,0.0,regime_randomized_legal_policy_seed_61_base_3,randomized_legal_policy_seed_61_game_3_wolf_kill,0.05232822911698807,1.3232578740557186,0,0.7201818297431957,0.0,0.10465645823397614,0,0,4e5e2418be59214adc246e11d3cf2b550ee2299269f8bec86877ad44b552ae08,0.628,night,0,1,0.22018182974319567,0.28500000000000003,0,1,1,61,2,regime_randomized_legal_policy_seed_61_base_3,A_in_distribution,train,0.3189804198858551,1.0,villager
1,0,2,0.3,0,0,0,0,werewolf,0.0,wolf,0,1,,3,10,regime_randomized_legal_policy_seed_61_base_3,3,randomized_legal_policy,1,0,0,0,0,2,0,0,0,0,0,0.3,1,0.0,0,0.05128048089486259,0,0,0.0,1,1,0,0,0,1.425,0.0,0.5,1,0.3,0,0,0,0,0,0,0,7ae1695209a489d253f9b63ebf9a9fb8865dfbec12b499ffbcc68246c75ea7cb,wolf_kill,0,0,1,in_distribution,,threat_based,0.9631296353198243,0.0,1,7,0.0,0.7142857142857143,"{'baseline_rule_policy': 1.0, 'randomized_legal_policy': 1.0, 'mixed_rule_policy': 1.0, 'seat_order_neutral_policy': 1.0, 'speech_and_herding_policy': 0.0, 'deception_enabled_policy': 1.0, 'risk_heterogeneous_policy': 0.0}","{""baseline_rule_policy"": 1.0, ""deception_enabled_policy"": 1.0, ""mixed_rule_policy"": 1.0, ""randomized_legal_policy"": 1.0, ""risk_heterogeneous_policy"": 0.0, ""seat_order_neutral_policy"": 1.0, ""speech_and_herding_policy"": 0.0}",0.18442777839082938,1,0.2380952380952381,0.0,regime_randomized_legal_policy_seed_61_base_3,randomized_legal_policy_seed_61_game_3_wolf_kill,0.0,1.3106228218938725,0,0.7141876685563002,0.0,0.0,0,0,4e5e2418be59214adc246e11d3cf2b550ee2299269f8bec86877ad44b552ae08,0.628,night,0,1,0.21418766855630023,0.28500000000000003,0,1,1,61,2,regime_randomized_legal_policy_seed_61_base_3,A_in_distribution,train,0.3078182243728881,0.6666666666666666,villager
1,0,2,0.3,0,0,0,0,werewolf,0.0,wolf,0,1,,3,10,regime_randomized_legal_policy_seed_61_base_3,3,randomized_legal_policy,1,0,0,0,0,1,1,0,0,0,0,0.3,4,0.0,0,0.05128048089486259,0,0,0.0,0,1,0,0,0,1.425,0.0,0.5,4,0.3,0,0,0,0,0,0,0,7ae1695209a489d253f9b63ebf9a9fb8865dfbec12b499ffbcc68246c75ea7cb,wolf_kill,0,0,1,in_distribution,,threat_based,0.9535797292584678,0.0,1,7,0.0,0.7142857142857143,"{'baseline_rule_policy': 1.0, 'randomized_legal_policy': 1.0, 'mixed_rule_policy': 0.0, 'seat_order_neutral_policy': 1.0, 'speech_and_herding_policy': 1.0, 'deception_enabled_policy': 1.0, 'risk_heterogeneous_policy': 0.0}","{""baseline_rule_policy"": 1.0, ""deception_enabled_policy"": 1.0, ""mixed_rule_policy"": 0.0, ""randomized_legal_policy"": 1.0, ""risk_heterogeneous_policy"": 0.0, ""seat_order_neutral_policy"": 1.0, ""speech_and_herding_policy"": 1.0}",0.18442777839082938,1,0.2380952380952381,0.0,regime_randomized_legal_policy_seed_61_base_3,randomized_legal_policy_seed_61_game_3_wolf_kill,0.05083986051006032,1.3232578740557186,0,0.7200113381847006,0.0,0.10167972102012064,0,0,4e5e2418be59214adc246e11d3cf2b550ee2299269f8bec86877ad44b552ae08,0.628,night,0,1,0.22001133818470064,0.28500000000000003,0,1,1,61,2,regime_randomized_legal_policy_seed_61_base_3,A_in_distribution,train,0.2919507922306085,1.0,witch
1,0,2,0.3,0,0,0,0,werewolf,0.0,wolf,0,1,,3,10,regime_randomized_legal_policy_seed_61_base_3,3,randomized_legal_policy,1,0,0,0,0,5,1,0,0,0,0,0.15,8,0.0,0,0.05128048089486259,0,0,0.0,0,0,0,0,0,1.4625,0.0,0.5,8,0.15,0,0,0,0,0,0,0,7ae1695209a489d253f9b63ebf9a9fb8865dfbec12b499ffbcc68246c75ea7cb,wolf_kill,0,0,1,mild_shift,,threat_based,2.411514550038557,0.0,1,7,0.0,0.5714285714285714,"{'baseline_rule_policy': 0.0, 'randomized_legal_policy': 1.0, 'mixed_rule_policy': 1.0, 'seat_order_neutral_policy': 1.0, 'speech_and_herding_policy': 0.0, 'deception_enabled_policy': 1.0, 'risk_heterogeneous_policy': 0.0}","{""baseline_rule_policy"": 0.0, ""deception_enabled_policy"": 1.0, ""mixed_rule_policy"": 1.0, ""randomized_legal_policy"": 1.0, ""risk_heterogeneous_policy"": 0.0, ""seat_order_neutral_policy"": 1.0, ""speech_and_herding_policy"": 0.0}",0.20203050891044216,4,0.28571428571428575,0.0,regime_randomized_legal_policy_seed_61_base_3,randomized_legal_policy_seed_61_game_3_wolf_kill,1.0,3.147870853305598,0,0.7714623106380583,1.0,1.0,0,0,4e5e2418be59214adc246e11d3cf2b550ee2299269f8bec86877ad44b552ae08,0.664,night,0,1,0.27146231063805826,0.28500000000000003,0,1,1,61,2,regime_randomized_legal_policy_seed_61_base_3,A_in_distribution,train,0.8375791233857579,1.0,hunter
1,1,2,0.3,0,0,0,0,werewolf,0.0,wolf,0,1,,1,10,regime_randomized_legal_policy_seed_62_base_1,1,randomized_legal_policy,1,0,0,0,0,2,1,0,0,0,0,0.15,9,0.0,0,0.0018181603237016342,0,0,0.0,0,0,0,0,0,1.4625,0.0,0.5,9,0.15,0,0,0,0,0,0,0,5bd945a5966617e01c6b4233a899c0093a9ac44a960d46073318fd6d61799184,wolf_kill,0,0,1,mild_shift,,threat_based,2.388013578987978,0.0,3,7,0.1428571428571429,0.8571428571428571,"{'baseline_rule_policy': 1.0, 'randomized_legal_policy': 1.0, 'mixed_rule_policy': 1.0, 'seat_order_neutral_policy': 1.0, 'speech_and_herding_policy': 0.0, 'deception_enabled_policy': 1.0, 'risk_heterogeneous_policy': 1.0}","{""baseline_rule_policy"": 1.0, ""deception_enabled_policy"": 1.0, ""mixed_rule_policy"": 1.0, ""randomized_legal_policy"": 1.0, ""risk_heterogeneous_policy"": 1.0, ""seat_order_neutral_policy"": 1.0, ""speech_and_herding_policy"": 0.0}",0.14285714285714285,2,0.14285714285714285,0.0,regime_randomized_legal_policy_seed_62_base_1,randomized_legal_policy_seed_62_game_1_wolf_kill,0.9759652772235828,3.147870853305598,0,0.7394667326601237,1.0,0.9519305544471657,0,0,c77c7637e45db1c744fdd5f0311f8d7c7cc960bcc2a205bf09b93cda9ee30ec7,0.664,night,0,1,0.23946673266012375,0.28500000000000003,0,1,1,62,9,regime_randomized_legal_policy_seed_62_base_1,A_in_distribution,train,0.814078152335179,0.6666666666666666,witch
1,0,2,0.3,0,0,0,0,werewolf,0.0,wolf,0,1,,1,10,regime_randomized_legal_policy_seed_62_base_1,1,randomized_legal_policy,1,0,0,0,0,1,0,0,0,0,0,0.3,10,0.0,0,0.0018181603237016342,0,0,0.0,1,0,0,0,0,1.425,0.0,0.5,10,0.3,0,0,0,0,0,0,0,5bd945a5966617e01c6b4233a899c0093a9ac44a960d46073318fd6d61799184,wolf_kill,0,0,1,in_distribution,,threat_based,1.1837751705171962,0.0,3,7,0.1428571428571429,0.7142857142857143,"{'baseline_rule_policy': 0.0, 'randomized_legal_policy': 1.0, 'mixed_rule_policy': 1.0, 'seat_order_neutral_policy': 1.0, 'speech_and_herding_policy': 0.0, 'deception_enabled_policy': 1.0, 'risk_heterogeneous_policy': 1.0}","{""baseline_rule_policy"": 0.0, ""deception_enabled_policy"": 1.0, ""mixed_rule_policy"": 1.0, ""randomized_legal_policy"": 1.0, ""risk_heterogeneous_policy"": 1.0, ""seat_order_neutral_policy"": 1.0, ""speech_and_herding_policy"": 0.0}",0.18442777839082938,4,0.2380952380952381,0.0,regime_randomized_legal_policy_seed_62_base_1,randomized_legal_policy_seed_62_game_1_wolf_kill,0.0,1.5958918549960293,0,0.7034612754489976,0.0,0.0,0,0,c77c7637e45db1c744fdd5f0311f8d7c7cc960bcc2a205bf09b93cda9ee30ec7,0.628,night,0,1,0.2034612754489976,0.28500000000000003,0,1,1,62,9,regime_randomized_legal_policy_seed_62_base_1,A_in_distribution,train,0.3858292430191816,0.6666666666666666,villager
1,0,2,0.3,0,0,0,0,werewolf,0.0,wolf,0,1,,1,10,regime_randomized_legal_policy_seed_62_base_1,1,randomized_legal_policy,1,0,0,0,0,2,1,0,0,0,0,0.3,3,0.0,0,0.0018181603237016342,0,0,0.0,0,1,0,0,0,1.425,0.0,0.5,3,0.3,0,0,0,0,0,0,0,5bd945a5966617e01c6b4233a899c0093a9ac44a960d46073318fd6d61799184,wolf_kill,0,0,1,in_distribution,,threat_based,0.7124427180391601,0.0,3,7,0.1428571428571429,1.0,"{'baseline_rule_policy': 1.0, 'randomized_legal_policy': 1.0, 'mixed_rule_policy': 1.0, 'seat_order_neutral_policy': 1.0, 'speech_and_herding_policy': 1.0, 'deception_enabled_policy': 1.0, 'risk_heterogeneous_policy': 1.0}","{""baseline_rule_policy"": 1.0, ""deception_enabled_policy"": 1.0, ""mixed_rule_policy"": 1.0, ""randomized_legal_policy"": 1.0, ""risk_heterogeneous_policy"": 1.0, ""seat_order_neutral_policy"": 1.0, ""speech_and_herding_policy"": 1.0}",0.0,1,0.0,1.0,regime_randomized_legal_policy_seed_62_base_1,randomized_legal_policy_seed_62_game_1_wolf_kill,0.3605166254840766,0.9198662110077998,0,0.7307333613635105,0.0,0.7210332509681532,0,0,c77c7637e45db1c744fdd5f0311f8d7c7cc960bcc2a205bf09b93cda9ee30ec7,0.628,night,0,1,0.23073336136351053,0.28500000000000003,0,1,1,62,9,regime_randomized_legal_policy_seed_62_base_1,A_in_distribution,train,0.25250961253526033,1.0,seer
1,0,2,0.3,0,0,0,0,werewolf,0.0,wolf,0,1,,1,10,regime_randomized_legal_policy_seed_62_base_1,1,randomized_legal_policy,1,0,0,0,0,3,0,0,0,0,0,0.3,4,0.0,0,0.0018181603237016342,0,0,0.0,0,1,0,0,0,1.425,0.0,0.5,4,0.3,0,0,0,0,0,0,0,5bd945a5966617e01c6b4233a899c0093a9ac44a960d46073318fd6d61799184,wolf_kill,0,0,1,in_distribution,,threat_based,0.6888823792836343,0.0,3,7,0.1428571428571429,0.8571428571428571,"{'baseline_rule_policy': 1.0, 'randomized_legal_policy': 1.0, 'mixed_rule_policy': 0.0, 'seat_order_neutral_policy': 1.0, 'speech_and_herding_policy': 1.0, 'deception_enabled_policy': 1.0, 'risk_heterogeneous_policy': 1.0}","{""baseline_rule_policy"": 1.0, ""deception_enabled_policy"": 1.0, ""mixed_rule_policy"": 0.0, ""randomized_legal_policy"": 1.0, ""risk_heterogeneous_policy"": 1.0, ""seat_order_neutral_policy"": 1.0, ""speech_and_herding_policy"": 1.0}",0.14285714285714285,2,0.14285714285714285,0.0,regime_randomized_legal_policy_seed_62_base_1,randomized_legal_policy_seed_62_game_1_wolf_kill,0.5,0.9198662110077998,0,0.7412848929838254,0.0,1.0,0,0,c77c7637e45db1c744fdd5f0311f8d7c7cc960bcc2a205bf09b93cda9ee30ec7,0.628,night,0,1,0.24128489298382538,0.28500000000000003,0,1,1,62,9,regime_randomized_legal_policy_seed_62_base_1,A_in_distribution,train,0.22894927377973437,0.3333333333333333,villager
1,1,2,0.55,0,0,0,0,werewolf,0.25,wolf,0,1,,1,10,regime_randomized_legal_policy_seed_62_base_2,2,randomized_legal_policy,1,0,0,0,0,1,0,0,0,0,0,0.3,2,0.0,0,0.005994161186895441,0,0,0.0,0,1,0,0,0,1.425,0.0,0.5,2,0.3,0,0,0,0,0,0,0,cac1c191fd152d26b26f4f5e29bc66762092ff4d7f0845b6d26bd25b00c0a595,wolf_kill,0,0,1,mild_shift,,threat_based,2.1930071332828653,0.0,6,7,0.2857142857142857,0.2857142857142857,"{'baseline_rule_policy': 0.0, 'randomized_legal_policy': 1.0, 'mixed_rule_policy': 0.0, 'seat_order_neutral_policy': 0.0, 'speech_and_herding_policy': 0.0, 'deception_enabled_policy': 0.0, 'risk_heterogeneous_policy': 1.0}","{""baseline_rule_policy"": 0.0, ""deception_enabled_policy"": 0.0, ""mixed_rule_policy"": 0.0, ""randomized_legal_policy"": 1.0, ""risk_heterogeneous_policy"": 1.0, ""seat_order_neutral_policy"": 0.0, ""speech_and_herding_policy"": 0.0}",0.18442777839082938,4,0.2380952380952381,0.0,regime_randomized_legal_policy_seed_62_base_2,randomized_legal_policy_seed_62_game_2_wolf_kill,0.4210288802115555,2.9999999999999996,0,0.6104538748975064,0.5,0.342057760423111,0,0,190139b92616112e241108662bcfebeea85b07a5ab44bd291765e969fb1768fc,0.628,night,0,1,0.11045387489750635,0.315,0,1,1,62,2,regime_randomized_legal_policy_seed_62_base_2,A_in_distribution,train,0.6930071332828653,1.0,villager
1,0,2,0.55,0,0,0,0,werewolf,0.25,wolf,0,1,,1,10,regime_randomized_legal_policy_seed_62_base_2,2,randomized_legal_policy,1,0,0,0,0,1,1,0,0,0,0,0.3,10,0.0,0,0.005994161186895441,0,0,0.0,1,0,0,0,0,1.425,0.0,0.5,10,0.3,0,0,0,0,0,0,0,cac1c191fd152d26b26f4f5e29bc66762092ff4d7f0845b6d26bd25b00c0a595,wolf_kill,0,0,1,mild_shift,,threat_based,2.2262056067527523,0.0,6,7,0.2857142857142857,0.42857142857142855,"{'baseline_rule_policy': 1.0, 'randomized_legal_policy': 1.0, 'mixed_rule_policy': 0.0, 'seat_order_neutral_policy': 0.0, 'speech_and_herding_policy': 0.0, 'deception_enabled_policy': 0.0, 'risk_heterogeneous_policy': 1.0}","{""baseline_rule_policy"": 1.0, ""deception_enabled_policy"": 0.0, ""mixed_rule_policy"": 0.0, ""randomized_legal_policy"": 1.0, ""risk_heterogeneous_policy"": 1.0, ""seat_order_neutral_policy"": 0.0, ""speech_and_herding_policy"": 0.0}",0.20203050891044214,2,0.2857142857142857,0.0,regime_randomized_legal_policy_seed_62_base_2,randomized_legal_policy_seed_62_game_2_wolf_kill,0.25,2.9999999999999996,0,0.5937333206033082,0.5,0.0,0,0,190139b92616112e241108662bcfebeea85b07a5ab44bd291765e969fb1768fc,0.628,night,0,1,0.09373332060330819,0.315,0,1,1,62,2,regime_randomized_legal_policy_seed_62_base_2,A_in_distribution,train,0.7262056067527524,1.0,hunter
1,0,2,0.55,0,0,0,0,werewolf,0.25,wolf,0,1,,1,10,regime_randomized_legal_policy_seed_62_base_2,2,randomized_legal_policy,1,0,0,0,0,4,0,0,0,0,0,0.3,7,0.0,0,0.005994161186895441,0,0,0.0,0,0,0,0,0,1.425,0.0,0.5,7,0.3,0,0,0,0,0,0,0,cac1c191fd152d26b26f4f5e29bc66762092ff4d7f0845b6d26bd25b00c0a595,wolf_kill,0,0,1,mild_shift,,threat_based,2.1813410098228947,0.0,6,7,0.2857142857142857,0.42857142857142855,"{'baseline_rule_policy': 1.0, 'randomized_legal_policy': 0.0, 'mixed_rule_policy': 0.0, 'seat_order_neutral_policy': 0.0, 'speech_and_herding_policy': 0.0, 'deception_enabled_policy': 1.0, 'risk_heterogeneous_policy': 1.0}","{""baseline_rule_policy"": 1.0, ""deception_enabled_policy"": 1.0, ""mixed_rule_policy"": 0.0, ""randomized_legal_policy"": 0.0, ""risk_heterogeneous_policy"": 1.0, ""seat_order_neutral_policy"": 0.0, ""speech_and_herding_policy"": 0.0}",0.20203050891044214,2,0.2857142857142857,0.0,regime_randomized_legal_policy_seed_62_base_2,randomized_legal_policy_seed_62_game_2_wolf_kill,0.75,2.9999999999999996,0,0.6426155745054432,0.5,1.0,0,0,190139b92616112e241108662bcfebeea85b07a5ab44bd291765e969fb1768fc,0.628,night,0,1,0.14261557450544315,0.315,0,1,1,62,2,regime_randomized_legal_policy_seed_62_base_2,A_in_distribution,train,0.6813410098228949,0.3333333333333333,villager
1,0,2,0.55,0,0,0,0,werewolf,0.25,wolf,0,1,,1,10,regime_randomized_legal_policy_seed_62_base_2,2,randomized_legal_policy,1,0,0,0,0,5,1,0,0,0,0,0.3,6,0.0,0,0.005994161186895441,0,0,0.0,1,0,0,0,0,1.425,0.0,0.5,6,0.3,0,0,0,0,0,0,0,cac1c191fd152d26b26f4f5e29bc66762092ff4d7f0845b6d26bd25b00c0a595,wolf_kill,0,0,1,mild_shift,,threat_based,2.2106833456225763,0.0,6,7,0.2857142857142857,0.5714285714285714,"{'baseline_rule_policy': 1.0, 'randomized_legal_policy': 1.0, 'mixed_rule_policy': 0.0, 'seat_order_neutral_policy': 0.0, 'speech_and_herding_policy': 1.0, 'deception_enabled_policy': 0.0, 'risk_heterogeneous_policy': 1.0}","{""baseline_rule_policy"": 1.0, ""deception_enabled_policy"": 0.0, ""mixed_rule_policy"": 0.0, ""randomized_legal_policy"": 1.0, ""risk_heterogeneous_policy"": 1.0, ""seat_order_neutral_policy"": 0.0, ""speech_and_herding_policy"": 1.0}",0.20203050891044216,1,0.28571428571428575,0.0,regime_randomized_legal_policy_seed_62_base_2,randomized_legal_policy_seed_62_game_2_wolf_kill,0.688687757740303,2.9999999999999996,0,0.6366214133185477,0.5,0.8773755154806059,0,0,190139b92616112e241108662bcfebeea85b07a5ab44bd291765e969fb1768fc,0.628,night,0,1,0.1366214133185477,0.315,0,1,1,62,2,regime_randomized_legal_policy_seed_62_base_2,A_in_distribution,train,0.7106833456225763,1.0,seer
1,1,2,0.3,0,0,0,0,werewolf,0.0,wolf,0,1,,3,10,regime_randomized_legal_policy_seed_62_base_3,3,randomized_legal_policy,1,0,0,0,0,2,1,0,0,0,0,0.3,1,0.0,0,0.013120250171537506,0,0,0.0,1,1,0,0,0,1.425,0.0,0.5,1,0.3,0,0,0,0,0,0,0,ff0b5835699d553403f2eee565a630d902516c1fefc9ea555fb75b9f8e8c7bf3,wolf_kill,0,0,1,in_distribution,,threat_based,0.9631296353198243,0.0,1,7,0.0,0.8571428571428571,"{'baseline_rule_policy': 1.0, 'randomized_legal_policy': 1.0, 'mixed_rule_policy': 0.0, 'seat_order_neutral_policy': 1.0, 'speech_and_herding_policy': 1.0, 'deception_enabled_policy': 1.0, 'risk_heterogeneous_policy': 1.0}","{""baseline_rule_policy"": 1.0, ""deception_enabled_policy"": 1.0, ""mixed_rule_policy"": 0.0, ""randomized_legal_policy"": 1.0, ""risk_heterogeneous_policy"": 1.0, ""seat_order_neutral_policy"": 1.0, ""speech_and_herding_policy"": 1.0}",0.14285714285714285,1,0.14285714285714285,0.0,regime_randomized_legal_policy_seed_62_base_3,randomized_legal_policy_seed_62_game_3_wolf_kill,0.008763202345261933,1.3106228218938725,0,0.7141876685563002,0.0,0.017526404690523866,0,0,15fd9d22b848f25295580b0d722bbf3d7f77fd98159b30a7827fcacb81584d0a,0.628,night,0,1,0.21418766855630023,0.28500000000000003,0,1,1,62,1,regime_randomized_legal_policy_seed_62_base_3,A_in_distribution,train,0.3078182243728881,0.6666666666666666,witch
1,0,2,0.3,0,0,0,0,werewolf,0.0,wolf,0,1,,3,10,regime_randomized_legal_policy_seed_62_base_3,3,randomized_legal_policy,1,0,0,0,0,2,0,0,0,0,0,0.3,5,0.0,0,0.013120250171537506,0,0,0.0,1,1,0,0,0,1.425,0.0,0.5,5,0.3,0,0,0,0,0,0,0,ff0b5835699d553403f2eee565a630d902516c1fefc9ea555fb75b9f8e8c7bf3,wolf_kill,0,0,1,in_distribution,,threat_based,0.7920036244147859,0.0,1,7,0.0,0.8571428571428571,"{'baseline_rule_policy': 0.0, 'randomized_legal_policy': 1.0, 'mixed_rule_policy': 1.0, 'seat_order_neutral_policy': 1.0, 'speech_and_herding_policy': 1.0, 'deception_enabled_policy': 1.0, 'risk_heterogeneous_policy': 1.0}","{""baseline_rule_policy"": 0.0, ""deception_enabled_policy"": 1.0, ""mixed_rule_policy"": 1.0, ""randomized_legal_policy"": 1.0, ""risk_heterogeneous_policy"": 1.0, ""seat_order_neutral_policy"": 1.0, ""speech_and_herding_policy"": 1.0}",0.14285714285714285,1,0.14285714285714285,0.0,regime_randomized_legal_policy_seed_62_base_3,randomized_legal_policy_seed_62_game_3_wolf_kill,0.0,1.0871146130092182,0,0.7138466854393102,0.0,0.0,0,0,15fd9d22b848f25295580b0d722bbf3d7f77fd98159b30a7827fcacb81584d0a,0.628,night,0,1,0.21384668543931018,0.28500000000000003,0,1,1,62,1,regime_randomized_legal_policy_seed_62_base_3,A_in_distribution,train,0.24844631791017674,0.3333333333333333,villager
1,0,2,0.3,0,0,0,0,werewolf,0.0,wolf,0,1,,3,10,regime_randomized_legal_policy_seed_62_base_3,3,randomized_legal_policy,1,0,0,0,0,1,1,0,0,0,0,0.3,2,0.0,0,0.013120250171537506,0,0,0.0,0,1,0,0,0,1.425,0.0,0.5,2,0.3,0,0,0,0,0,0,0,ff0b5835699d553403f2eee565a630d902516c1fefc9ea555fb75b9f8e8c7bf3,wolf_kill,0,0,1,in_distribution,,threat_based,0.9806093569137144,0.0,1,7,0.0,0.8571428571428571,"{'baseline_rule_policy': 1.0, 'randomized_legal_policy': 1.0, 'mixed_rule_policy': 1.0, 'seat_order_neutral_policy': 1.0, 'speech_and_herding_policy': 1.0, 'deception_enabled_policy': 0.0, 'risk_heterogeneous_policy': 1.0}","{""baseline_rule_policy"": 1.0, ""deception_enabled_policy"": 0.0, ""mixed_rule_policy"": 1.0, ""randomized_legal_policy"": 1.0, ""risk_heterogeneous_policy"": 1.0, ""seat_order_neutral_policy"": 1.0, ""speech_and_herding_policy"": 1.0}",0.14285714285714285,1,0.14285714285714285,0.0,regime_randomized_legal_policy_seed_62_base_3,randomized_legal_policy_seed_62_game_3_wolf_kill,0.1628120239835885,1.3232578740557186,0,0.7201818297431957,0.0,0.325624047967177,0,0,15fd9d22b848f25295580b0d722bbf3d7f77fd98159b30a7827fcacb81584d0a,0.628,night,0,1,0.22018182974319567,0.28500000000000003,0,1,1,62,1,regime_randomized_legal_policy_seed_62_base_3,A_in_distribution,train,0.3189804198858551,0.6666666666666666,seer
1,0,2,0.3,0,0,0,0,werewolf,0.0,wolf,0,1,,3,10,regime_randomized_legal_policy_seed_62_base_3,3,randomized_legal_policy,1,0,0,0,0,3,0,0,0,0,0,0.15,10,0.0,0,0.013120250171537506,0,0,0.0,1,0,0,0,0,1.4625,0.0,0.5,10,0.15,0,0,0,0,0,0,0,ff0b5835699d553403f2eee565a630d902516c1fefc9ea555fb75b9f8e8c7bf3,wolf_kill,0,0,1,mild_shift,,threat_based,2.399709531257309,0.0,1,7,0.0,0.7142857142857143,"{'baseline_rule_policy': 0.0, 'randomized_legal_policy': 1.0, 'mixed_rule_policy': 1.0, 'seat_order_neutral_policy': 1.0, 'speech_and_herding_policy': 1.0, 'deception_enabled_policy': 1.0, 'risk_heterogeneous_policy': 0.0}","{""baseline_rule_policy"": 0.0, ""deception_enabled_policy"": 1.0, ""mixed_rule_policy"": 1.0, ""randomized_legal_policy"": 1.0, ""risk_heterogeneous_policy"": 0.0, ""seat_order_neutral_policy"": 1.0, ""speech_and_herding_policy"": 1.0}",0.18442777839082938,4,0.2380952380952381,0.0,regime_randomized_legal_policy_seed_62_base_3,randomized_legal_policy_seed_62_game_3_wolf_kill,1.0,3.147870853305598,0,0.7333020799147332,1.0,1.0,0,0,15fd9d22b848f25295580b0d722bbf3d7f77fd98159b30a7827fcacb81584d0a,0.664,night,0,1,0.23330207991473317,0.28500000000000003,0,1,1,62,1,regime_randomized_legal_policy_seed_62_base_3,A_in_distribution,train,0.8257741046045101,0.3333333333333333,villager
1,1,2,0.3,0,0,0,0,werewolf,0.0,wolf,0,1,,1,10,regime_randomized_legal_policy_seed_63_base_1,1,randomized_legal_policy,1,0,0,0,0,1,1,0,0,0,0,0.15,2,0.0,0,0.006164652745390464,0,0,0.0,0,1,0,0,0,1.4625,0.0,0.5,2,0.15,0,0,0,0,0,0,0,39540f0a91a4e945bac1b78bf05510cc22c1ffec4d2e914a29f29c4b3bdea621,wolf_kill,0,0,1,mild_shift,,threat_based,2.3910062133396037,0.0,2,7,0.0,0.7142857142857143,"{'baseline_rule_policy': 1.0, 'randomized_legal_policy': 0.0, 'mixed_rule_policy': 1.0, 'seat_order_neutral_policy': 1.0, 'speech_and_herding_policy': 1.0, 'deception_enabled_policy': 1.0, 'risk_heterogeneous_policy': 0.0}","{""baseline_rule_policy"": 1.0, ""deception_enabled_policy"": 1.0, ""mixed_rule_policy"": 1.0, ""randomized_legal_policy"": 0.0, ""risk_heterogeneous_policy"": 0.0, ""seat_order_neutral_policy"": 1.0, ""speech_and_herding_policy"": 1.0}",0.18442777839082938,1,0.2380952380952381,0.0,regime_randomized_legal_policy_seed_63_base_1,randomized_legal_policy_seed_63_game_1_wolf_kill,0.5,3.147870853305598,0,0.7287490794098066,1.0,0.0,0,0,be4ae99c81e5d6bb35a433ae2277e9ec32b5c5cbd81c9c0b16c6e241c9c465f7,0.664,night,0,1,0.2287490794098066,0.28500000000000003,0,1,1,63,2,regime_randomized_legal_policy_seed_63_base_1,A_in_distribution,train,0.8170707866868049,1.0,witch
1,0,2,0.3,0,0,0,0,werewolf,0.0,wolf,0,1,,1,10,regime_randomized_legal_policy_seed_63_base_1,1,randomized_legal_policy,1,0,0,0,0,2,1,0,0,0,0,0.3,3,0.0,0,0.006164652745390464,0,0,0.0,0,1,0,0,0,1.425,0.0,0.5,3,0.3,0,0,0,0,0,0,0,39540f0a91a4e945bac1b78bf05510cc22c1ffec4d2e914a29f29c4b3bdea621,wolf_kill,0,0,1,in_distribution,,threat_based,0.7124427180391601,0.0,2,7,0.0,0.5714285714285714,"{'baseline_rule_policy': 0.0, 'randomized_legal_policy': 1.0, 'mixed_rule_policy': 1.0, 'seat_order_neutral_policy': 1.0, 'speech_and_herding_policy': 1.0, 'deception_enabled_policy': 0.0, 'risk_heterogeneous_policy': 0.0}","{""baseline_rule_policy"": 0.0, ""deception_enabled_policy"": 0.0, ""mixed_rule_policy"": 1.0, ""randomized_legal_policy"": 1.0, ""risk_heterogeneous_policy"": 0.0, ""seat_order_neutral_policy"": 1.0, ""speech_and_herding_policy"": 1.0}",0.20203050891044216,3,0.28571428571428575,0.0,regime_randomized_legal_policy_seed_63_base_1,randomized_legal_policy_seed_63_game_1_wolf_kill,0.07914452229157538,0.9198662110077998,0,0.7307333613635105,0.0,0.15828904458315077,0,0,be4ae99c81e5d6bb35a433ae2277e9ec32b5c5cbd81c9c0b16c6e241c9c465f7,0.628,night,0,1,0.23073336136351053,0.28500000000000003,0,1,1,63,2,regime_randomized_legal_policy_seed_63_base_1,A_in_distribution,train,0.25250961253526033,1.0,hunter
1,0,2,0.3,0,0,0,0,werewolf,0.0,wolf,0,1,,1,10,regime_randomized_legal_policy_seed_63_base_1,1,randomized_legal_policy,1,0,0,0,0,3,0,0,0,0,0,0.3,4,0.0,0,0.006164652745390464,0,0,0.0,0,1,0,0,0,1.425,0.0,0.5,4,0.3,0,0,0,0,0,0,0,39540f0a91a4e945bac1b78bf05510cc22c1ffec4d2e914a29f29c4b3bdea621,wolf_kill,0,0,1,in_distribution,,threat_based,0.6888823792836343,0.0,2,7,0.0,0.7142857142857143,"{'baseline_rule_policy': 1.0, 'randomized_legal_policy': 1.0, 'mixed_rule_policy': 1.0, 'seat_order_neutral_policy': 1.0, 'speech_and_herding_policy': 0.0, 'deception_enabled_policy': 0.0, 'risk_heterogeneous_policy': 1.0}","{""baseline_rule_policy"": 1.0, ""deception_enabled_policy"": 0.0, ""mixed_rule_policy"": 1.0, ""randomized_legal_policy"": 1.0, ""risk_heterogeneous_policy"": 1.0, ""seat_order_neutral_policy"": 1.0, ""speech_and_herding_policy"": 0.0}",0.18442777839082938,1,0.2380952380952381,0.0,regime_randomized_legal_policy_seed_63_base_1,randomized_legal_policy_seed_63_game_1_wolf_kill,0.5,0.9198662110077998,0,0.7412848929838254,0.0,1.0,0,0,be4ae99c81e5d6bb35a433ae2277e9ec32b5c5cbd81c9c0b16c6e241c9c465f7,0.628,night,0,1,0.24128489298382538,0.28500000000000003,0,1,1,63,2,regime_randomized_legal_policy_seed_63_base_1,A_in_distribution,train,0.22894927377973437,0.3333333333333333,villager
1,0,2,0.3,0,0,0,0,werewolf,0.0,wolf,0,1,,1,10,regime_randomized_legal_policy_seed_63_base_1,1,randomized_legal_policy,1,0,0,0,0,4,0,0,0,0,0,0.3,5,0.0,0,0.006164652745390464,0,0,0.0,1,1,0,0,0,1.425,0.0,0.5,5,0.3,0,0,0,0,0,0,0,39540f0a91a4e945bac1b78bf05510cc22c1ffec4d2e914a29f29c4b3bdea621,wolf_kill,0,0,1,in_distribution,,threat_based,0.815905591377854,0.0,2,7,0.0,0.5714285714285714,"{'baseline_rule_policy': 0.0, 'randomized_legal_policy': 1.0, 'mixed_rule_policy': 0.0, 'seat_order_neutral_policy': 1.0, 'speech_and_herding_policy': 1.0, 'deception_enabled_policy': 0.0, 'risk_heterogeneous_policy': 1.0}","{""baseline_rule_policy"": 0.0, ""deception_enabled_policy"": 0.0, ""mixed_rule_policy"": 0.0, ""randomized_legal_policy"": 1.0, ""risk_heterogeneous_policy"": 1.0, ""seat_order_neutral_policy"": 1.0, ""speech_and_herding_policy"": 1.0}",0.20203050891044216,3,0.28571428571428575,0.0,regime_randomized_legal_policy_seed_63_base_1,randomized_legal_policy_seed_63_game_1_wolf_kill,0.2541183622031891,1.0871146130092182,0,0.7351202402384349,0.0,0.5082367244063782,0,0,be4ae99c81e5d6bb35a433ae2277e9ec32b5c5cbd81c9c0b16c6e241c9c465f7,0.628,night,0,1,0.23512024023843492,0.28500000000000003,0,1,1,63,2,regime_randomized_legal_policy_seed_63_base_1,A_in_distribution,train,0.2723482848732449,0.0,villager
1,1,2,0.3,0,0,0,0,werewolf,0.0,wolf,0,1,,1,10,regime_randomized_legal_policy_seed_63_base_2,2,randomized_legal_policy,1,0,0,0,0,2,0,0,0,0,0,0.3,9,0.0,0,0.01072202317880988,0,0,0.0,0,0,0,0,0,1.425,0.0,0.5,9,0.3,0,0,0,0,0,0,0,7254f23fa35d57f9fe4f2f029972d4dfa182e1d4b1147e0b056cb0f99b96dc37,wolf_kill,0,0,1,in_distribution,,threat_based,0.9477076500388322,0.0,9,7,0.0,0.8571428571428571,"{'baseline_rule_policy': 0.0, 'randomized_legal_policy': 1.0, 'mixed_rule_policy': 1.0, 'seat_order_neutral_policy': 1.0, 'speech_and_herding_policy': 1.0, 'deception_enabled_policy': 1.0, 'risk_heterogeneous_policy': 1.0}","{""baseline_rule_policy"": 0.0, ""deception_enabled_policy"": 1.0, ""mixed_rule_policy"": 1.0, ""randomized_legal_policy"": 1.0, ""risk_heterogeneous_policy"": 1.0, ""seat_order_neutral_policy"": 1.0, ""speech_and_herding_policy"": 1.0}",0.14285714285714285,1,0.14285714285714285,0.0,regime_randomized_legal_policy_seed_63_base_2,randomized_legal_policy_seed_63_game_2_wolf_kill,0.5306561211298485,1.2729457797860402,0,0.7308994829935128,0.5,0.561312242259697,0,0,d6a3bb5cf9701c57898f528bebb3b1733b21e613764b6064e04ac778da072262,0.628,night,0,1,0.23089948299351282,0.28500000000000003,0,1,1,63,9,regime_randomized_legal_policy_seed_63_base_2,A_in_distribution,train,0.3112347601458121,0.6666666666666666,villager
1,0,2,0.3,0,0,0,0,werewolf,0.0,wolf,0,1,,1,10,regime_randomized_legal_policy_seed_63_base_2,2,randomized_legal_policy,1,0,0,0,0,1,1,0,0,0,0,0.3,10,0.0,0,0.01072202317880988,0,0,0.0,1,0,0,0,0,1.425,0.0,0.5,10,0.3,0,0,0,0,0,0,0,7254f23fa35d57f9fe4f2f029972d4dfa182e1d4b1147e0b056cb0f99b96dc37,wolf_kill,0,0,1,in_distribution,,threat_based,1.1837751705171962,0.0,9,7,0.0,0.7142857142857143,"{'baseline_rule_policy': 1.0, 'randomized_legal_policy': 1.0, 'mixed_rule_policy': 0.0, 'seat_order_neutral_policy': 1.0, 'speech_and_herding_policy': 1.0, 'deception_enabled_policy': 0.0, 'risk_heterogeneous_policy': 1.0}","{""baseline_rule_policy"": 1.0, ""deception_enabled_policy"": 0.0, ""mixed_rule_policy"": 0.0, ""randomized_legal_policy"": 1.0, ""risk_heterogeneous_policy"": 1.0, ""seat_order_neutral_policy"": 1.0, ""speech_and_herding_policy"": 1.0}",0.18442777839082938,2,0.2380952380952381,0.0,regime_randomized_legal_policy_seed_63_base_2,randomized_legal_policy_seed_63_game_2_wolf_kill,0.25,1.5958918549960293,0,0.7034612754489976,0.5,0.0,0,0,d6a3bb5cf9701c57898f528bebb3b1733b21e613764b6064e04ac778da072262,0.628,night,0,1,0.2034612754489976,0.28500000000000003,0,1,1,63,9,regime_randomized_legal_policy_seed_63_base_2,A_in_distribution,train,0.3858292430191816,1.0,seer
1,0,2,0.3,0,0,0,0,werewolf,0.0,wolf,0,1,,1,10,regime_randomized_legal_policy_seed_63_base_2,2,randomized_legal_policy,1,0,0,0,0,4,0,0,0,0,0,0.3,7,0.0,0,0.01072202317880988,0,0,0.0,0,0,0,0,0,1.425,0.0,0.5,7,0.3,0,0,0,0,0,0,0,7254f23fa35d57f9fe4f2f029972d4dfa182e1d4b1147e0b056cb0f99b96dc37,wolf_kill,0,0,1,in_distribution,,threat_based,0.8645434465292623,0.0,9,7,0.0,0.7142857142857143,"{'baseline_rule_policy': 1.0, 'randomized_legal_policy': 0.0, 'mixed_rule_policy': 1.0, 'seat_order_neutral_policy': 1.0, 'speech_and_herding_policy': 1.0, 'deception_enabled_policy': 1.0, 'risk_heterogeneous_policy': 0.0}","{""baseline_rule_policy"": 1.0, ""deception_enabled_policy"": 1.0, ""mixed_rule_policy"": 1.0, ""randomized_legal_policy"": 0.0, ""risk_heterogeneous_policy"": 0.0, ""seat_order_neutral_policy"": 1.0, ""speech_and_herding_policy"": 1.0}",0.18442777839082938,2,0.2380952380952381,0.0,regime_randomized_legal_policy_seed_63_base_2,randomized_legal_policy_seed_63_game_2_wolf_kill,0.75,1.143543749793731,0,0.7523435293511326,0.5,1.0,0,0,d6a3bb5cf9701c57898f528bebb3b1733b21e613764b6064e04ac778da072262,0.628,night,0,1,0.2523435293511326,0.28500000000000003,0,1,1,63,9,regime_randomized_legal_policy_seed_63_base_2,A_in_distribution,train,0.29277157163239675,1.0,villager
1,0,2,0.3,0,0,0,0,werewolf,0.0,wolf,0,1,,1,10,regime_randomized_legal_policy_seed_63_base_2,2,randomized_legal_policy,1,0,0,0,0,3,0,0,0,0,0,0.3,8,0.0,0,0.01072202317880988,0,0,0.0,0,0,0,0,0,1.425,0.0,0.5,8,0.3,0,0,0,0,0,0,0,7254f23fa35d57f9fe4f2f029972d4dfa182e1d4b1147e0b056cb0f99b96dc37,wolf_kill,0,0,1,in_distribution,,threat_based,0.8510013501405396,0.0,9,7,0.0,0.7142857142857143,"{'baseline_rule_policy': 0.0, 'randomized_legal_policy': 1.0, 'mixed_rule_policy': 0.0, 'seat_order_neutral_policy': 1.0, 'speech_and_herding_policy': 1.0, 'deception_enabled_policy': 1.0, 'risk_heterogeneous_policy': 1.0}","{""baseline_rule_policy"": 0.0, ""deception_enabled_policy"": 1.0, ""mixed_rule_policy"": 0.0, ""randomized_legal_policy"": 1.0, ""risk_heterogeneous_policy"": 1.0, ""seat_order_neutral_policy"": 1.0, ""speech_and_herding_policy"": 1.0}",0.18442777839082938,2,0.2380952380952381,0.0,regime_randomized_legal_policy_seed_63_base_2,randomized_legal_policy_seed_63_game_2_wolf_kill,0.6403280605649242,1.143543749793731,0,0.7416215061723227,0.5,0.7806561211298485,0,0,d6a3bb5cf9701c57898f528bebb3b1733b21e613764b6064e04ac778da072262,0.628,night,0,1,0.2416215061723227,0.28500000000000003,0,1,1,63,9,regime_randomized_legal_policy_seed_63_base_2,A_in_distribution,train,0.2792294752436741,0.6666666666666666,villager
1,1,2,0.55,0,0,0,0,werewolf,0.25,wolf,0,1,,3,10,regime_randomized_legal_policy_seed_63_base_3,3,randomized_legal_policy,1,0,0,0,0,2,1,0,0,0,0,0.3,1,0.0,0,0.01072202317880988,0,0,0.0,1,1,0,0,0,1.425,0.0,0.5,1,0.3,0,0,0,0,0,0,0,a2e45291c1e8eb677741511b8fd6c3f0011988dcc970a379a07df912cc90fdf1,wolf_kill,0,0,1,mild_shift,,threat_based,2.187940722567327,0.0,1,7,0.0,0.8571428571428571,"{'baseline_rule_policy': 0.0, 'randomized_legal_policy': 1.0, 'mixed_rule_policy': 1.0, 'seat_order_neutral_policy': 1.0, 'speech_and_herding_policy': 1.0, 'deception_enabled_policy': 1.0, 'risk_heterogeneous_policy': 1.0}","{""baseline_rule_policy"": 0.0, ""deception_enabled_policy"": 1.0, ""mixed_rule_policy"": 1.0, ""randomized_legal_policy"": 1.0, ""risk_heterogeneous_policy"": 1.0, ""seat_order_neutral_policy"": 1.0, ""speech_and_herding_policy"": 1.0}",0.14285714285714285,1,0.14285714285714285,0.0,regime_randomized_legal_policy_seed_63_base_3,randomized_legal_policy_seed_63_game_3_wolf_kill,0.25,2.9999999999999996,0,0.6044597137106109,0.5,0.0,0,0,5d67b743a0b856377c51fccbe2ec119a8f6106deb17ec1018df725eb8698c731,0.628,night,0,1,0.10445971371061091,0.315,0,1,1,63,1,regime_randomized_legal_policy_seed_63_base_3,A_in_distribution,train,0.6879407225673272,0.6666666666666666,witch
1,0,2,0.55,0,0,0,0,werewolf,0.25,wolf,0,1,,3,10,regime_randomized_legal_policy_seed_63_base_3,3,randomized_legal_policy,1,0,0,0,0,5,0,0,0,0,0,0.3,8,0.0,0,0.01072202317880988,0,0,0.0,0,0,0,0,0,1.425,0.0,0.5,8,0.3,0,0,0,0,0,0,0,a2e45291c1e8eb677741511b8fd6c3f0011988dcc970a379a07df912cc90fdf1,wolf_kill,0,0,1,mild_shift,,threat_based,2.2170725237070483,0.0,1,7,0.0,0.8571428571428571,"{'baseline_rule_policy': 1.0, 'randomized_legal_policy': 1.0, 'mixed_rule_policy': 1.0, 'seat_order_neutral_policy': 1.0, 'speech_and_herding_policy': 1.0, 'deception_enabled_policy': 0.0, 'risk_heterogeneous_policy': 1.0}","{""baseline_rule_policy"": 1.0, ""deception_enabled_policy"": 0.0, ""mixed_rule_policy"": 1.0, ""randomized_legal_policy"": 1.0, ""risk_heterogeneous_policy"": 1.0, ""seat_order_neutral_policy"": 1.0, ""speech_and_herding_policy"": 1.0}",0.14285714285714285,1,0.14285714285714285,0.0,regime_randomized_legal_policy_seed_63_base_3,randomized_legal_policy_seed_63_game_3_wolf_kill,0.75,2.9999999999999996,0,0.653167106125758,0.5,1.0,0,0,5d67b743a0b856377c51fccbe2ec119a8f6106deb17ec1018df725eb8698c731,0.628,night,0,1,0.153167106125758,0.315,0,1,1,63,1,regime_randomized_legal_policy_seed_63_base_3,A_in_distribution,train,0.7170725237070483,0.6666666666666666,villager
1,0,2,0.55,0,0,0,0,werewolf,0.25,wolf,0,1,,3,10,regime_randomized_legal_policy_seed_63_base_3,3,randomized_legal_policy,1,0,0,0,0,4,0,0,0,0,0,0.3,9,0.0,0,0.01072202317880988,0,0,0.0,0,0,0,0,0,1.425,0.0,0.5,9,0.3,0,0,0,0,0,0,0,a2e45291c1e8eb677741511b8fd6c3f0011988dcc970a379a07df912cc90fdf1,wolf_kill,0,0,1,mild_shift,,threat_based,2.198445037081425,0.0,1,7,0.0,0.8571428571428571,"{'baseline_rule_policy': 1.0, 'randomized_legal_policy': 1.0, 'mixed_rule_policy': 1.0, 'seat_order_neutral_policy': 1.0, 'speech_and_herding_policy': 1.0, 'deception_enabled_policy': 0.0, 'risk_heterogeneous_policy': 1.0}","{""baseline_rule_policy"": 1.0, ""deception_enabled_policy"": 0.0, ""mixed_rule_policy"": 1.0, ""randomized_legal_policy"": 1.0, ""risk_heterogeneous_policy"": 1.0, ""seat_order_neutral_policy"": 1.0, ""speech_and_herding_policy"": 1.0}",0.14285714285714285,1,0.14285714285714285,0.0,regime_randomized_legal_policy_seed_63_base_3,randomized_legal_policy_seed_63_game_3_wolf_kill,0.6399343339156509,2.9999999999999996,0,0.6424450829469481,0.5,0.7798686678313017,0,0,5d67b743a0b856377c51fccbe2ec119a8f6106deb17ec1018df725eb8698c731,0.628,night,0,1,0.14244508294694813,0.315,0,1,1,63,1,regime_randomized_legal_policy_seed_63_base_3,A_in_distribution,train,0.6984450370814251,0.3333333333333333,villager
1,0,2,0.55,0,0,0,0,werewolf,0.25,wolf,0,1,,3,10,regime_randomized_legal_policy_seed_63_base_3,3,randomized_legal_policy,1,0,0,0,0,1,0,0,0,0,0,0.3,2,0.0,0,0.01072202317880988,0,0,0.0,0,1,0,0,0,1.425,0.0,0.5,2,0.3,0,0,0,0,0,0,0,a2e45291c1e8eb677741511b8fd6c3f0011988dcc970a379a07df912cc90fdf1,wolf_kill,0,0,1,mild_shift,,threat_based,2.1930071332828653,0.0,1,7,0.0,0.7142857142857143,"{'baseline_rule_policy': 0.0, 'randomized_legal_policy': 1.0, 'mixed_rule_policy': 1.0, 'seat_order_neutral_policy': 1.0, 'speech_and_herding_policy': 0.0, 'deception_enabled_policy': 1.0, 'risk_heterogeneous_policy': 1.0}","{""baseline_rule_policy"": 0.0, ""deception_enabled_policy"": 1.0, ""mixed_rule_policy"": 1.0, ""randomized_legal_policy"": 1.0, ""risk_heterogeneous_policy"": 1.0, ""seat_order_neutral_policy"": 1.0, ""speech_and_herding_policy"": 0.0}",0.18442777839082938,4,0.2380952380952381,0.0,regime_randomized_legal_policy_seed_63_base_3,randomized_legal_policy_seed_63_game_3_wolf_kill,0.3115323556618006,2.9999999999999996,0,0.6104538748975064,0.5,0.12306471132360122,0,0,5d67b743a0b856377c51fccbe2ec119a8f6106deb17ec1018df725eb8698c731,0.628,night,0,1,0.11045387489750635,0.315,0,1,1,63,1,regime_randomized_legal_policy_seed_63_base_3,A_in_distribution,train,0.6930071332828653,0.6666666666666666,villager
1,1,2,0.3,0,0,0,0,werewolf,0.0,wolf,0,1,,1,10,regime_randomized_legal_policy_seed_64_base_1,1,randomized_legal_policy,1,0,0,0,0,3,1,0,0,0,0,0.3,8,0.0,0,0.006501265933887779,0,0,0.0,0,0,0,0,0,1.425,0.0,0.5,8,0.3,0,0,0,0,0,0,0,4c204d9b4b8d41c680452c9a719064809649e13f105868e7fe81ba7cb7eed999,wolf_kill,0,0,1,in_distribution,,threat_based,1.1022875580014286,0.0,5,7,0.2857142857142857,0.5714285714285714,"{'baseline_rule_policy': 0.0, 'randomized_legal_policy': 1.0, 'mixed_rule_policy': 1.0, 'seat_order_neutral_policy': 1.0, 'speech_and_herding_policy': 0.0, 'deception_enabled_policy': 0.0, 'risk_heterogeneous_policy': 1.0}","{""baseline_rule_policy"": 0.0, ""deception_enabled_policy"": 0.0, ""mixed_rule_policy"": 1.0, ""randomized_legal_policy"": 1.0, ""risk_heterogeneous_policy"": 1.0, ""seat_order_neutral_policy"": 1.0, ""speech_and_herding_policy"": 0.0}",0.20203050891044216,3,0.28571428571428575,0.0,regime_randomized_legal_policy_seed_64_base_1,randomized_legal_policy_seed_64_game_1_wolf_kill,0.75,1.5275252316519494,0,0.6499555828327066,0.5,1.0,0,0,2fcaee9c46dfdc357a2fde1719c3b25da697913e4fcbcb98cabb8e12c67790ae,0.628,night,0,1,0.1499555828327066,0.315,0,1,1,64,8,regime_randomized_legal_policy_seed_64_base_1,A_in_distribution,train,0.3385249421754539,1.0,seer
1,0,2,0.3,0,0,0,0,werewolf,0.0,wolf,0,1,,1,10,regime_randomized_legal_policy_seed_64_base_1,1,randomized_legal_policy,1,0,0,0,0,1,0,0,0,0,0,0.3,10,0.0,0,0.006501265933887779,0,0,0.0,1,0,0,0,0,1.425,0.0,0.5,10,0.3,0,0,0,0,0,0,0,4c204d9b4b8d41c680452c9a719064809649e13f105868e7fe81ba7cb7eed999,wolf_kill,0,0,1,in_distribution,,threat_based,1.2286363515833334,0.0,5,7,0.2857142857142857,0.5714285714285714,"{'baseline_rule_policy': 0.0, 'randomized_legal_policy': 1.0, 'mixed_rule_policy': 1.0, 'seat_order_neutral_policy': 1.0, 'speech_and_herding_policy': 0.0, 'deception_enabled_policy': 0.0, 'risk_heterogeneous_policy': 1.0}","{""baseline_rule_policy"": 0.0, ""deception_enabled_policy"": 0.0, ""mixed_rule_policy"": 1.0, ""randomized_legal_policy"": 1.0, ""risk_heterogeneous_policy"": 1.0, ""seat_order_neutral_policy"": 1.0, ""speech_and_herding_policy"": 0.0}",0.20203050891044216,3,0.28571428571428575,0.0,regime_randomized_legal_policy_seed_64_base_1,randomized_legal_policy_seed_64_game_1_wolf_kill,0.25,1.5958918549960293,0,0.6117953521093815,0.5,0.0,0,0,2fcaee9c46dfdc357a2fde1719c3b25da697913e4fcbcb98cabb8e12c67790ae,0.628,night,0,1,0.11179535210938152,0.315,0,1,1,64,8,regime_randomized_legal_policy_seed_64_base_1,A_in_distribution,train,0.43069042408531866,1.0,villager
1,0,2,0.3,0,0,0,0,werewolf,0.0,wolf,0,1,,1,10,regime_randomized_legal_policy_seed_64_base_1,1,randomized_legal_policy,1,0,0,0,0,2,0,0,0,0,0,0.3,9,0.0,0,0.006501265933887779,0,0,0.0,0,0,0,0,0,1.425,0.0,0.5,9,0.3,0,0,0,0,0,0,0,4c204d9b4b8d41c680452c9a719064809649e13f105868e7fe81ba7cb7eed999,wolf_kill,0,0,1,in_distribution,,threat_based,1.1291351826027622,0.0,5,7,0.2857142857142857,0.7142857142857143,"{'baseline_rule_policy': 1.0, 'randomized_legal_policy': 1.0, 'mixed_rule_policy': 0.0, 'seat_order_neutral_policy': 1.0, 'speech_and_herding_policy': 1.0, 'deception_enabled_policy': 1.0, 'risk_heterogeneous_policy': 0.0}","{""baseline_rule_policy"": 1.0, ""deception_enabled_policy"": 1.0, ""mixed_rule_policy"": 0.0, ""randomized_legal_policy"": 1.0, ""risk_heterogeneous_policy"": 0.0, ""seat_order_neutral_policy"": 1.0, ""speech_and_herding_policy"": 1.0}",0.18442777839082938,2,0.2380952380952381,0.0,regime_randomized_legal_policy_seed_64_base_1,randomized_legal_policy_seed_64_game_1_wolf_kill,0.6095131243237459,1.5275252316519494,0,0.6392335596538967,0.5,0.719026248647492,0,0,2fcaee9c46dfdc357a2fde1719c3b25da697913e4fcbcb98cabb8e12c67790ae,0.628,night,0,1,0.13923355965389672,0.315,0,1,1,64,8,regime_randomized_legal_policy_seed_64_base_1,A_in_distribution,train,0.3653725667767875,0.3333333333333333,villager
1,0,2,0.3,0,0,0,0,werewolf,0.0,wolf,0,1,,1,10,regime_randomized_legal_policy_seed_64_base_1,1,randomized_legal_policy,1,0,0,0,0,4,1,0,0,0,0,0.3,5,0.0,0,0.006501265933887779,0,0,0.0,1,1,0,0,0,1.425,0.0,0.5,5,0.3,0,0,0,0,0,0,0,4c204d9b4b8d41c680452c9a719064809649e13f105868e7fe81ba7cb7eed999,wolf_kill,0,0,1,in_distribution,,threat_based,1.0966344003067792,0.0,5,7,0.2857142857142857,0.8571428571428571,"{'baseline_rule_policy': 1.0, 'randomized_legal_policy': 1.0, 'mixed_rule_policy': 1.0, 'seat_order_neutral_policy': 1.0, 'speech_and_herding_policy': 0.0, 'deception_enabled_policy': 1.0, 'risk_heterogeneous_policy': 1.0}","{""baseline_rule_policy"": 1.0, ""deception_enabled_policy"": 1.0, ""mixed_rule_policy"": 1.0, ""randomized_legal_policy"": 1.0, ""risk_heterogeneous_policy"": 1.0, ""seat_order_neutral_policy"": 1.0, ""speech_and_herding_policy"": 0.0}",0.14285714285714285,1,0.14285714285714285,0.0,regime_randomized_legal_policy_seed_64_base_1,randomized_legal_policy_seed_64_game_1_wolf_kill,0.6648162129701964,1.5275252316519494,0,0.6434543168988188,0.5,0.829632425940393,0,0,2fcaee9c46dfdc357a2fde1719c3b25da697913e4fcbcb98cabb8e12c67790ae,0.628,night,0,1,0.14345431689881882,0.315,0,1,1,64,8,regime_randomized_legal_policy_seed_64_base_1,A_in_distribution,train,0.33287178448080434,0.6666666666666666,hunter
1,1,2,0.3,0,0,0,0,werewolf,0.0,wolf,0,1,,2,10,regime_randomized_legal_policy_seed_64_base_2,2,randomized_legal_policy,1,0,0,0,0,4,0,0,0,0,0,0.3,6,0.0,0,0.01072202317880988,0,0,0.0,1,0,0,0,0,1.425,0.0,0.5,6,0.3,0,0,0,0,0,0,0,31f4ca81a6916f0e19e8220f829501fdd971280aafa67ee0a3f2efd8a71aaae3,wolf_kill,0,0,1,in_distribution,,threat_based,1.1145008876003213,0.0,6,7,0.0,0.7142857142857143,"{'baseline_rule_policy': 1.0, 'randomized_legal_policy': 1.0, 'mixed_rule_policy': 1.0, 'seat_order_neutral_policy': 0.0, 'speech_and_herding_policy': 1.0, 'deception_enabled_policy': 0.0, 'risk_heterogeneous_policy': 1.0}","{""baseline_rule_policy"": 1.0, ""deception_enabled_policy"": 0.0, ""mixed_rule_policy"": 1.0, ""randomized_legal_policy"": 1.0, ""risk_heterogeneous_policy"": 1.0, ""seat_order_neutral_policy"": 0.0, ""speech_and_herding_policy"": 1.0}",0.18442777839082938,1,0.2380952380952381,0.0,regime_randomized_legal_policy_seed_64_base_2,randomized_legal_policy_seed_64_game_2_wolf_kill,0.5801521392668016,1.5275252316519494,0,0.6440466674250587,0.5,0.6603042785336032,0,0,94a6d57c8586e0e9f8aa9149c66e1efa2bddfcd65446da557fb5f52ce055ec96,0.628,night,0,1,0.14404666742505867,0.315,0,1,1,64,6,regime_randomized_legal_policy_seed_64_base_2,A_in_distribution,train,0.3507382717743465,0.6666666666666666,villager
1,0,2,0.3,0,0,0,0,werewolf,0.0,wolf,0,1,,2,10,regime_randomized_legal_policy_seed_64_base_2,2,randomized_legal_policy,1,0,0,0,0,1,1,0,0,0,0,0.3,1,0.0,0,0.01072202317880988,0,0,0.0,1,1,0,0,0,1.425,0.0,0.5,1,0.3,0,0,0,0,0,0,0,31f4ca81a6916f0e19e8220f829501fdd971280aafa67ee0a3f2efd8a71aaae3,wolf_kill,0,0,1,in_distribution,,threat_based,1.1626450810629692,0.0,6,7,0.0,0.5714285714285714,"{'baseline_rule_policy': 1.0, 'randomized_legal_policy': 1.0, 'mixed_rule_policy': 0.0, 'seat_order_neutral_policy': 1.0, 'speech_and_herding_policy': 0.0, 'deception_enabled_policy': 0.0, 'risk_heterogeneous_policy': 1.0}","{""baseline_rule_policy"": 1.0, ""deception_enabled_policy"": 0.0, ""mixed_rule_policy"": 0.0, ""randomized_legal_policy"": 1.0, ""risk_heterogeneous_policy"": 1.0, ""seat_order_neutral_policy"": 1.0, ""speech_and_herding_policy"": 0.0}",0.20203050891044216,3,0.28571428571428575,0.0,regime_randomized_legal_policy_seed_64_base_2,randomized_legal_policy_seed_64_game_2_wolf_kill,0.25,1.5275252316519494,0,0.6118849678171219,0.5,0.0,0,0,94a6d57c8586e0e9f8aa9149c66e1efa2bddfcd65446da557fb5f52ce055ec96,0.628,night,0,1,0.11188496781712187,0.315,0,1,1,64,6,regime_randomized_legal_policy_seed_64_base_2,A_in_distribution,train,0.39888246523699444,1.0,seer
1,0,2,0.3,0,0,0,0,werewolf,0.0,wolf,0,1,,2,10,regime_randomized_legal_policy_seed_64_base_2,2,randomized_legal_policy,1,0,0,0,0,3,0,0,0,0,0,0.3,9,0.0,0,0.01072202317880988,0,0,0.0,0,0,0,0,0,1.425,0.0,0.5,9,0.3,0,0,0,0,0,0,0,31f4ca81a6916f0e19e8220f829501fdd971280aafa67ee0a3f2efd8a71aaae3,wolf_kill,0,0,1,in_distribution,,threat_based,1.1220986907900694,0.0,6,7,0.0,0.5714285714285714,"{'baseline_rule_policy': 1.0, 'randomized_legal_policy': 1.0, 'mixed_rule_policy': 1.0, 'seat_order_neutral_policy': 1.0, 'speech_and_herding_policy': 0.0, 'deception_enabled_policy': 0.0, 'risk_heterogeneous_policy': 0.0}","{""baseline_rule_policy"": 1.0, ""deception_enabled_policy"": 0.0, ""mixed_rule_policy"": 1.0, ""randomized_legal_policy"": 1.0, ""risk_heterogeneous_policy"": 0.0, ""seat_order_neutral_policy"": 1.0, ""speech_and_herding_policy"": 0.0}",0.20203050891044216,3,0.28571428571428575,0.0,regime_randomized_legal_policy_seed_64_base_2,randomized_legal_policy_seed_64_game_2_wolf_kill,0.6399343339156509,1.5275252316519494,0,0.6498703370534591,0.5,0.7798686678313017,0,0,94a6d57c8586e0e9f8aa9149c66e1efa2bddfcd65446da557fb5f52ce055ec96,0.628,night,0,1,0.1498703370534591,0.315,0,1,1,64,6,regime_randomized_legal_policy_seed_64_base_2,A_in_distribution,train,0.3583360749640948,0.3333333333333333,villager
1,0,2,0.3,0,0,0,0,werewolf,0.0,wolf,0,1,,2,10,regime_randomized_legal_policy_seed_64_base_2,2,randomized_legal_policy,1,0,0,0,0,4,0,0,0,0,0,0.3,8,0.0,0,0.01072202317880988,0,0,0.0,0,0,0,0,0,1.425,0.0,0.5,8,0.3,0,0,0,0,0,0,0,31f4ca81a6916f0e19e8220f829501fdd971280aafa67ee0a3f2efd8a71aaae3,wolf_kill,0,0,1,in_distribution,,threat_based,1.127272618160921,0.0,6,7,0.0,0.7142857142857143,"{'baseline_rule_policy': 1.0, 'randomized_legal_policy': 0.0, 'mixed_rule_policy': 1.0, 'seat_order_neutral_policy': 1.0, 'speech_and_herding_policy': 1.0, 'deception_enabled_policy': 1.0, 'risk_heterogeneous_policy': 0.0}","{""baseline_rule_policy"": 1.0, ""deception_enabled_policy"": 1.0, ""mixed_rule_policy"": 1.0, ""randomized_legal_policy"": 0.0, ""risk_heterogeneous_policy"": 0.0, ""seat_order_neutral_policy"": 1.0, ""speech_and_herding_policy"": 1.0}",0.18442777839082938,1,0.2380952380952381,0.0,regime_randomized_legal_policy_seed_64_base_2,randomized_legal_policy_seed_64_game_2_wolf_kill,0.75,1.5275252316519494,0,0.660592360232269,0.5,1.0,0,0,94a6d57c8586e0e9f8aa9149c66e1efa2bddfcd65446da557fb5f52ce055ec96,0.628,night,0,1,0.16059236023226897,0.315,0,1,1,64,6,regime_randomized_legal_policy_seed_64_base_2,A_in_distribution,train,0.3635100023349463,0.3333333333333333,villager
1,1,2,0.3,0,0,0,0,werewolf,0.0,wolf,0,1,,1,10,regime_randomized_legal_policy_seed_64_base_3,3,randomized_legal_policy,1,0,0,0,0,4,0,0,0,0,0,0.3,5,0.0,0,0.005064475180411643,0,0,0.0,1,1,0,0,0,1.425,0.0,0.5,5,0.3,0,0,0,0,0,0,0,73ab2853dd3c0078cae595b88282cc8f084ec66fc1400b4991b7d8c5036f19d3,wolf_kill,0,0,1,in_distribution,,threat_based,1.0966344003067792,0.0,2,7,0.4285714285714286,0.2857142857142857,"{'baseline_rule_policy': 0.0, 'randomized_legal_policy': 0.0, 'mixed_rule_policy': 1.0, 'seat_order_neutral_policy': 0.0, 'speech_and_herding_policy': 0.0, 'deception_enabled_policy': 1.0, 'risk_heterogeneous_policy': 0.0}","{""baseline_rule_policy"": 0.0, ""deception_enabled_policy"": 1.0, ""mixed_rule_policy"": 1.0, ""randomized_legal_policy"": 0.0, ""risk_heterogeneous_policy"": 0.0, ""seat_order_neutral_policy"": 0.0, ""speech_and_herding_policy"": 0.0}",0.18442777839082938,4,0.2380952380952381,0.0,regime_randomized_legal_policy_seed_64_base_3,randomized_legal_policy_seed_64_game_3_wolf_kill,0.5354378248132645,1.5275252316519494,0,0.6434543168988188,0.5,0.5708756496265289,0,0,800f78f3f8f4fdcbd8156a9c0465d1aec0b6dd6da9051f8bcd796e09db636e4c,0.628,night,0,1,0.14345431689881882,0.315,0,1,1,64,5,regime_randomized_legal_policy_seed_64_base_3,A_in_distribution,train,0.33287178448080434,0.6666666666666666,villager
1,0,2,0.3,0,0,0,0,werewolf,0.0,wolf,0,1,,1,10,regime_randomized_legal_policy_seed_64_base_3,3,randomized_legal_policy,1,0,0,0,0,1,0,0,0,0,0,0.3,2,0.0,0,0.005064475180411643,0,0,0.0,0,1,0,0,0,1.425,0.0,0.5,2,0.3,0,0,0,0,0,0,0,73ab2853dd3c0078cae595b88282cc8f084ec66fc1400b4991b7d8c5036f19d3,wolf_kill,0,0,1,in_distribution,,threat_based,1.1357552836308566,0.0,2,7,0.4285714285714286,0.7142857142857143,"{'baseline_rule_policy': 1.0, 'randomized_legal_policy': 1.0, 'mixed_rule_policy': 0.0, 'seat_order_neutral_policy': 1.0, 'speech_and_herding_policy': 0.0, 'deception_enabled_policy': 1.0, 'risk_heterogeneous_policy': 1.0}","{""baseline_rule_policy"": 1.0, ""deception_enabled_policy"": 1.0, ""mixed_rule_policy"": 0.0, ""randomized_legal_policy"": 1.0, ""risk_heterogeneous_policy"": 1.0, ""seat_order_neutral_policy"": 1.0, ""speech_and_herding_policy"": 0.0}",0.18442777839082938,1,0.2380952380952381,0.0,regime_randomized_legal_policy_seed_64_base_3,randomized_legal_policy_seed_64_game_3_wolf_kill,0.25,1.5275252316519494,0,0.6285159064035797,0.5,0.0,0,0,800f78f3f8f4fdcbd8156a9c0465d1aec0b6dd6da9051f8bcd796e09db636e4c,0.628,night,0,1,0.12851590640357968,0.315,0,1,1,64,5,regime_randomized_legal_policy_seed_64_base_3,A_in_distribution,train,0.371992667804882,0.6666666666666666,villager
1,0,2,0.3,0,0,0,0,werewolf,0.0,wolf,0,1,,1,10,regime_randomized_legal_policy_seed_64_base_3,3,randomized_legal_policy,1,0,0,0,0,3,1,0,0,0,0,0.3,4,0.0,0,0.005064475180411643,0,0,0.0,0,1,0,0,0,1.425,0.0,0.5,4,0.3,0,0,0,0,0,0,0,73ab2853dd3c0078cae595b88282cc8f084ec66fc1400b4991b7d8c5036f19d3,wolf_kill,0,0,1,in_distribution,,threat_based,1.0621714069067747,0.0,2,7,0.4285714285714286,0.42857142857142855,"{'baseline_rule_policy': 0.0, 'randomized_legal_policy': 1.0, 'mixed_rule_policy': 0.0, 'seat_order_neutral_policy': 0.0, 'speech_and_herding_policy': 0.0, 'deception_enabled_policy': 1.0, 'risk_heterogeneous_policy': 1.0}","{""baseline_rule_policy"": 0.0, ""deception_enabled_policy"": 1.0, ""mixed_rule_policy"": 0.0, ""randomized_legal_policy"": 1.0, ""risk_heterogeneous_policy"": 1.0, ""seat_order_neutral_policy"": 0.0, ""speech_and_herding_policy"": 0.0}",0.20203050891044214,3,0.2857142857142857,0.0,regime_randomized_legal_policy_seed_64_base_3,randomized_legal_policy_seed_64_game_3_wolf_kill,0.6532298128520317,1.5275252316519494,0,0.6496189696442094,0.5,0.8064596257040635,0,0,800f78f3f8f4fdcbd8156a9c0465d1aec0b6dd6da9051f8bcd796e09db636e4c,0.628,night,0,1,0.1496189696442094,0.315,0,1,1,64,5,regime_randomized_legal_policy_seed_64_base_3,A_in_distribution,train,0.2984087910808001,1.0,seer
1,0,2,0.3,0,0,0,0,werewolf,0.0,wolf,0,1,,1,10,regime_randomized_legal_policy_seed_64_base_3,3,randomized_legal_policy,1,0,0,0,0,5,1,0,0,0,0,0.3,6,0.0,0,0.005064475180411643,0,0,0.0,1,0,0,0,0,1.425,0.0,0.5,6,0.3,0,0,0,0,0,0,0,73ab2853dd3c0078cae595b88282cc8f084ec66fc1400b4991b7d8c5036f19d3,wolf_kill,0,0,1,in_distribution,,threat_based,1.2765515003516854,0.0,2,7,0.4285714285714286,0.5714285714285714,"{'baseline_rule_policy': 0.0, 'randomized_legal_policy': 1.0, 'mixed_rule_policy': 1.0, 'seat_order_neutral_policy': 0.0, 'speech_and_herding_policy': 0.0, 'deception_enabled_policy': 1.0, 'risk_heterogeneous_policy': 1.0}","{""baseline_rule_policy"": 0.0, ""deception_enabled_policy"": 1.0, ""mixed_rule_policy"": 1.0, ""randomized_legal_policy"": 1.0, ""risk_heterogeneous_policy"": 1.0, ""seat_order_neutral_policy"": 0.0, ""speech_and_herding_policy"": 0.0}",0.20203050891044216,2,0.28571428571428575,0.0,regime_randomized_legal_policy_seed_64_base_3,randomized_legal_policy_seed_64_game_3_wolf_kill,0.75,1.7451661817256576,0,0.654683444824621,0.5,1.0,0,0,800f78f3f8f4fdcbd8156a9c0465d1aec0b6dd6da9051f8bcd796e09db636e4c,0.628,night,0,1,0.15468344482462104,0.315,0,1,1,64,5,regime_randomized_legal_policy_seed_64_base_3,A_in_distribution,train,0.40396840948885654,1.0,witch
1,1,2,0.3,0,0,0,0,werewolf,0.0,wolf,0,1,,4,10,regime_mixed_rule_policy_seed_60_base_1,1,mixed_rule_policy,1,0,0,0,0,2,1,0,0,0,0,0.3,6,0.0,0,0.016882305995707614,0,0,0.0,1,0,0,0,0,1.425,0.0,0.5,6,0.3,0,0,0,0,0,0,0,0702bdcbd9ace7bd0a5cf8b03cf0fe6456c1fb9fab6d355921a80a59b69ff64c,wolf_kill,0,0,1,in_distribution,,threat_based,0.8436896625955466,0.0,1,7,0.1428571428571429,0.8571428571428571,"{'baseline_rule_policy': 1.0, 'randomized_legal_policy': 1.0, 'mixed_rule_policy': 1.0, 'seat_order_neutral_policy': 1.0, 'speech_and_herding_policy': 1.0, 'deception_enabled_policy': 1.0, 'risk_heterogeneous_policy': 0.0}","{""baseline_rule_policy"": 1.0, ""deception_enabled_policy"": 1.0, ""mixed_rule_policy"": 1.0, ""randomized_legal_policy"": 1.0, ""risk_heterogeneous_policy"": 0.0, ""seat_order_neutral_policy"": 1.0, ""speech_and_herding_policy"": 1.0}",0.14285714285714285,3,0.14285714285714285,0.0,regime_mixed_rule_policy_seed_60_base_1,mixed_rule_policy_seed_60_game_1_wolf_kill,0.39584478602353357,1.143543749793731,0,0.71443903596555,0.5,0.29168957204706714,0,0,fb971b66720df9a671555f6fcc85ca0866eb9d862ce54a3611b77a68eb7523f7,0.628,night,0,1,0.21443903596555003,0.28500000000000003,0,1,1,60,6,regime_mixed_rule_policy_seed_60_base_1,A_in_distribution,train,0.27191778769868097,1.0,seer
1,0,2,0.3,0,0,0,0,werewolf,0.0,wolf,0,1,,4,10,regime_mixed_rule_policy_seed_60_base_1,1,mixed_rule_policy,1,0,0,0,0,3,1,0,0,0,0,0.3,1,0.0,0,0.016882305995707614,0,0,0.0,1,1,0,0,0,1.425,0.0,0.5,1,0.3,0,0,0,0,0,0,0,0702bdcbd9ace7bd0a5cf8b03cf0fe6456c1fb9fab6d355921a80a59b69ff64c,wolf_kill,0,0,1,in_distribution,,threat_based,0.9547436893066565,0.0,1,7,0.1428571428571429,1.0,"{'baseline_rule_policy': 1.0, 'randomized_legal_policy': 1.0, 'mixed_rule_policy': 1.0, 'seat_order_neutral_policy': 1.0, 'speech_and_herding_policy': 1.0, 'deception_enabled_policy': 1.0, 'risk_heterogeneous_policy': 1.0}","{""baseline_rule_policy"": 1.0, ""deception_enabled_policy"": 1.0, ""mixed_rule_policy"": 1.0, ""randomized_legal_policy"": 1.0, ""risk_heterogeneous_policy"": 1.0, ""seat_order_neutral_policy"": 1.0, ""speech_and_herding_policy"": 1.0}",0.0,1,0.0,1.0,regime_mixed_rule_policy_seed_60_base_1,mixed_rule_policy_seed_60_game_1_wolf_kill,0.5307312979425431,1.3106228218938725,0,0.7248244459558626,0.5,0.5614625958850863,0,0,fb971b66720df9a671555f6fcc85ca0866eb9d862ce54a3611b77a68eb7523f7,0.628,night,0,1,0.2248244459558626,0.28500000000000003,0,1,1,60,6,regime_mixed_rule_policy_seed_60_base_1,A_in_distribution,train,0.2994322783597203,0.6666666666666666,witch
1,0,2,0.3,0,0,0,0,werewolf,0.0,wolf,0,1,,4,10,regime_mixed_rule_policy_seed_60_base_1,1,mixed_rule_policy,1,0,0,0,0,3,0,0,0,0,0,0.3,7,0.0,0,0.016882305995707614,0,0,0.0,0,0,0,0,0,1.425,0.0,0.5,7,0.3,0,0,0,0,0,0,0,0702bdcbd9ace7bd0a5cf8b03cf0fe6456c1fb9fab6d355921a80a59b69ff64c,wolf_kill,0,0,1,in_distribution,,threat_based,0.8328749346902073,0.0,1,7,0.1428571428571429,1.0,"{'baseline_rule_policy': 1.0, 'randomized_legal_policy': 1.0, 'mixed_rule_policy': 1.0, 'seat_order_neutral_policy': 1.0, 'speech_and_herding_policy': 1.0, 'deception_enabled_policy': 1.0, 'risk_heterogeneous_policy': 1.0}","{""baseline_rule_policy"": 1.0, ""deception_enabled_policy"": 1.0, ""mixed_rule_policy"": 1.0, ""randomized_legal_policy"": 1.0, ""risk_heterogeneous_policy"": 1.0, ""seat_order_neutral_policy"": 1.0, ""speech_and_herding_policy"": 1.0}",0.0,1,0.0,1.0,regime_mixed_rule_policy_seed_60_base_1,mixed_rule_policy_seed_60_game_1_wolf_kill,0.75,1.143543749793731,0,0.7417067519515702,0.5,1.0,0,0,fb971b66720df9a671555f6fcc85ca0866eb9d862ce54a3611b77a68eb7523f7,0.628,night,0,1,0.2417067519515702,0.28500000000000003,0,1,1,60,6,regime_mixed_rule_policy_seed_60_base_1,A_in_distribution,train,0.26110305979334175,0.3333333333333333,villager
1,0,2,0.3,0,0,0,0,werewolf,0.0,wolf,0,1,,4,10,regime_mixed_rule_policy_seed_60_base_1,1,mixed_rule_policy,1,0,0,0,0,1,0,0,0,0,0,0.3,5,0.0,0,0.016882305995707614,0,0,0.0,1,1,0,0,0,1.425,0.0,0.5,5,0.3,0,0,0,0,0,0,0,0702bdcbd9ace7bd0a5cf8b03cf0fe6456c1fb9fab6d355921a80a59b69ff64c,wolf_kill,0,0,1,in_distribution,,threat_based,0.9607120326226323,0.0,1,7,0.1428571428571429,0.5714285714285714,"{'baseline_rule_policy': 0.0, 'randomized_legal_policy': 0.0, 'mixed_rule_policy': 1.0, 'seat_order_neutral_policy': 1.0, 'speech_and_herding_policy': 1.0, 'deception_enabled_policy': 1.0, 'risk_heterogeneous_policy': 0.0}","{""baseline_rule_policy"": 0.0, ""deception_enabled_policy"": 1.0, ""mixed_rule_policy"": 1.0, ""randomized_legal_policy"": 0.0, ""risk_heterogeneous_policy"": 0.0, ""seat_order_neutral_policy"": 1.0, ""speech_and_herding_policy"": 1.0}",0.20203050891044216,4,0.28571428571428575,0.0,regime_mixed_rule_policy_seed_60_base_1,mixed_rule_policy_seed_60_game_1_wolf_kill,0.25,1.3232578740557186,0,0.7032099080397478,0.5,0.0,0,0,fb971b66720df9a671555f6fcc85ca0866eb9d862ce54a3611b77a68eb7523f7,0.628,night,0,1,0.2032099080397478,0.28500000000000003,0,1,1,60,6,regime_mixed_rule_policy_seed_60_base_1,A_in_distribution,train,0.299083095594773,0.6666666666666666,villager
1,1,2,0.3,0,0,0,0,werewolf,0.0,wolf,0,1,,1,10,regime_mixed_rule_policy_seed_60_base_2,2,mixed_rule_policy,1,0,0,0,0,1,1,0,0,0,0,0.3,10,0.0,0,0.01722328911269766,0,0,0.0,1,0,0,0,0,1.425,0.0,0.5,10,0.3,0,0,0,0,0,0,0,6a4f1019ffcb11216af6f3617bf3ce4208d6b612c64a62e26b111a1def50882c,wolf_kill,0,0,1,in_distribution,,threat_based,1.2286363515833334,0.0,10,7,0.0,0.8571428571428571,"{'baseline_rule_policy': 1.0, 'randomized_legal_policy': 1.0, 'mixed_rule_policy': 1.0, 'seat_order_neutral_policy': 1.0, 'speech_and_herding_policy': 1.0, 'deception_enabled_policy': 1.0, 'risk_heterogeneous_policy': 0.0}","{""baseline_rule_policy"": 1.0, ""deception_enabled_policy"": 1.0, ""mixed_rule_policy"": 1.0, ""randomized_legal_policy"": 1.0, ""risk_heterogeneous_policy"": 0.0, ""seat_order_neutral_policy"": 1.0, ""speech_and_herding_policy"": 1.0}",0.14285714285714285,1,0.14285714285714285,0.0,regime_mixed_rule_policy_seed_60_base_2,mixed_rule_policy_seed_60_game_2_wolf_kill,0.25,1.5958918549960293,0,0.6117953521093815,0.5,0.0,0,0,ac7d24f2233c5770c7b743de9f2599cba76ed87a6ea7680058e50a46005cc1d0,0.628,night,0,1,0.11179535210938152,0.315,0,1,1,60,10,regime_mixed_rule_policy_seed_60_base_2,A_in_distribution,train,0.43069042408531866,0.6666666666666666,seer
1,0,2,0.3,0,0,0,0,werewolf,0.0,wolf,0,1,,1,10,regime_mixed_rule_policy_seed_60_base_2,2,mixed_rule_policy,1,0,0,0,0,2,1,0,0,0,0,0.3,3,0.0,0,0.01722328911269766,0,0,0.0,0,1,0,0,0,1.425,0.0,0.5,3,0.3,0,0,0,0,0,0,0,6a4f1019ffcb11216af6f3617bf3ce4208d6b612c64a62e26b111a1def50882c,wolf_kill,0,0,1,in_distribution,,threat_based,1.080608226577874,0.0,10,7,0.0,0.7142857142857143,"{'baseline_rule_policy': 1.0, 'randomized_legal_policy': 1.0, 'mixed_rule_policy': 0.0, 'seat_order_neutral_policy': 1.0, 'speech_and_herding_policy': 1.0, 'deception_enabled_policy': 1.0, 'risk_heterogeneous_policy': 0.0}","{""baseline_rule_policy"": 1.0, ""deception_enabled_policy"": 1.0, ""mixed_rule_policy"": 0.0, ""randomized_legal_policy"": 1.0, ""risk_heterogeneous_policy"": 0.0, ""seat_order_neutral_policy"": 1.0, ""speech_and_herding_policy"": 1.0}",0.18442777839082938,2,0.2380952380952381,0.0,regime_mixed_rule_policy_seed_60_base_2,mixed_rule_policy_seed_60_game_2_wolf_kill,0.5289569193056572,1.5275252316519494,0,0.6390674380238945,0.5,0.5579138386113145,0,0,ac7d24f2233c5770c7b743de9f2599cba76ed87a6ea7680058e50a46005cc1d0,0.628,night,0,1,0.13906743802389454,0.315,0,1,1,60,10,regime_mixed_rule_policy_seed_60_base_2,A_in_distribution,train,0.3168456107518994,0.6666666666666666,witch
1,0,2,0.3,0,0,0,0,werewolf,0.0,wolf,0,1,,1,10,regime_mixed_rule_policy_seed_60_base_2,2,mixed_rule_policy,1,0,0,0,0,4,0,0,0,0,0,0.3,5,0.0,0,0.01722328911269766,0,0,0.0,1,1,0,0,0,1.425,0.0,0.5,5,0.3,0,0,0,0,0,0,0,6a4f1019ffcb11216af6f3617bf3ce4208d6b612c64a62e26b111a1def50882c,wolf_kill,0,0,1,in_distribution,,threat_based,1.0966344003067792,0.0,10,7,0.0,0.42857142857142855,"{'baseline_rule_policy': 0.0, 'randomized_legal_policy': 0.0, 'mixed_rule_policy': 1.0, 'seat_order_neutral_policy': 1.0, 'speech_and_herding_policy': 1.0, 'deception_enabled_policy': 0.0, 'risk_heterogeneous_policy': 0.0}","{""baseline_rule_policy"": 0.0, ""deception_enabled_policy"": 0.0, ""mixed_rule_policy"": 1.0, ""randomized_legal_policy"": 0.0, ""risk_heterogeneous_policy"": 0.0, ""seat_order_neutral_policy"": 1.0, ""speech_and_herding_policy"": 1.0}",0.20203050891044214,4,0.2857142857142857,0.0,regime_mixed_rule_policy_seed_60_base_2,mixed_rule_policy_seed_60_game_2_wolf_kill,0.5738288157990867,1.5275252316519494,0,0.6434543168988188,0.5,0.6476576315981735,0,0,ac7d24f2233c5770c7b743de9f2599cba76ed87a6ea7680058e50a46005cc1d0,0.628,night,0,1,0.14345431689881882,0.315,0,1,1,60,10,regime_mixed_rule_policy_seed_60_base_2,A_in_distribution,train,0.33287178448080434,0.3333333333333333,villager
1,0,2,0.3,0,0,0,0,werewolf,0.0,wolf,0,1,,1,10,regime_mixed_rule_policy_seed_60_base_2,2,mixed_rule_policy,1,0,0,0,0,4,1,0,0,0,0,0.3,7,0.0,0,0.01722328911269766,0,0,0.0,0,0,0,0,0,1.425,0.0,0.5,7,0.3,0,0,0,0,0,0,0,6a4f1019ffcb11216af6f3617bf3ce4208d6b612c64a62e26b111a1def50882c,wolf_kill,0,0,1,in_distribution,,threat_based,1.1135414456401023,0.0,10,7,0.0,0.7142857142857143,"{'baseline_rule_policy': 1.0, 'randomized_legal_policy': 1.0, 'mixed_rule_policy': 1.0, 'seat_order_neutral_policy': 1.0, 'speech_and_herding_policy': 1.0, 'deception_enabled_policy': 0.0, 'risk_heterogeneous_policy': 0.0}","{""baseline_rule_policy"": 1.0, ""deception_enabled_policy"": 0.0, ""mixed_rule_policy"": 1.0, ""randomized_legal_policy"": 1.0, ""risk_heterogeneous_policy"": 0.0, ""seat_order_neutral_policy"": 1.0, ""speech_and_herding_policy"": 1.0}",0.18442777839082938,2,0.2380952380952381,0.0,regime_mixed_rule_policy_seed_60_base_2,mixed_rule_policy_seed_60_game_2_wolf_kill,0.75,1.5275252316519494,0,0.6606776060115165,0.5,1.0,0,0,ac7d24f2233c5770c7b743de9f2599cba76ed87a6ea7680058e50a46005cc1d0,0.628,night,0,1,0.16067760601151648,0.315,0,1,1,60,10,regime_mixed_rule_policy_seed_60_base_2,A_in_distribution,train,0.34977882981412767,0.3333333333333333,hunter
1,1,2,0.3,0,0,0,0,werewolf,0.0,wolf,0,1,,1,10,regime_mixed_rule_policy_seed_60_base_3,3,mixed_rule_policy,1,0,0,0,0,1,1,0,0,0,0,0.3,10,0.0,0,0.0021547735121989486,0,0,0.0,1,0,0,0,0,1.425,0.0,0.5,10,0.3,0,0,0,0,0,0,0,49c7867d6d0686974e0e20e7ec8b6e7986fe55321ba4ba4bee00bb090848d96c,wolf_kill,0,0,1,in_distribution,,threat_based,1.1837751705171962,0.0,7,7,0.2857142857142857,0.7142857142857143,"{'baseline_rule_policy': 0.0, 'randomized_legal_policy': 1.0, 'mixed_rule_policy': 1.0, 'seat_order_neutral_policy': 1.0, 'speech_and_herding_policy': 1.0, 'deception_enabled_policy': 0.0, 'risk_heterogeneous_policy': 1.0}","{""baseline_rule_policy"": 0.0, ""deception_enabled_policy"": 0.0, ""mixed_rule_policy"": 1.0, ""randomized_legal_policy"": 1.0, ""risk_heterogeneous_policy"": 1.0, ""seat_order_neutral_policy"": 1.0, ""speech_and_herding_policy"": 1.0}",0.18442777839082938,4,0.2380952380952381,0.0,regime_mixed_rule_policy_seed_60_base_3,mixed_rule_policy_seed_60_game_3_wolf_kill,0.0,1.5958918549960293,0,0.7034612754489976,0.0,0.0,0,0,772941f0293725ee56dfd3481d80dfa1491479c92f32767e1c98444dfba73031,0.628,night,0,1,0.2034612754489976,0.28500000000000003,0,1,1,60,10,regime_mixed_rule_policy_seed_60_base_3,A_in_distribution,train,0.3858292430191816,1.0,seer
1,0,2,0.3,0,0,0,0,werewolf,0.0,wolf,0,1,,1,10,regime_mixed_rule_policy_seed_60_base_3,3,mixed_rule_policy,1,0,0,0,0,5,0,0,0,0,0,0.3,6,0.0,0,0.0021547735121989486,0,0,0.0,1,0,0,0,0,1.425,0.0,0.5,6,0.3,0,0,0,0,0,0,0,49c7867d6d0686974e0e20e7ec8b6e7986fe55321ba4ba4bee00bb090848d96c,wolf_kill,0,0,1,in_distribution,,threat_based,1.228336431303814,0.0,7,7,0.2857142857142857,0.8571428571428571,"{'baseline_rule_policy': 1.0, 'randomized_legal_policy': 1.0, 'mixed_rule_policy': 1.0, 'seat_order_neutral_policy': 1.0, 'speech_and_herding_policy': 1.0, 'deception_enabled_policy': 1.0, 'risk_heterogeneous_policy': 0.0}","{""baseline_rule_policy"": 1.0, ""deception_enabled_policy"": 1.0, ""mixed_rule_policy"": 1.0, ""randomized_legal_policy"": 1.0, ""risk_heterogeneous_policy"": 0.0, ""seat_order_neutral_policy"": 1.0, ""speech_and_herding_policy"": 1.0}",0.14285714285714285,2,0.14285714285714285,0.0,regime_mixed_rule_policy_seed_60_base_3,mixed_rule_policy_seed_60_game_3_wolf_kill,0.43868775774030183,1.7451661817256576,0,0.746349368164237,0.0,0.8773755154806037,0,0,772941f0293725ee56dfd3481d80dfa1491479c92f32767e1c98444dfba73031,0.628,night,0,1,0.24634936816423703,0.28500000000000003,0,1,1,60,10,regime_mixed_rule_policy_seed_60_base_3,A_in_distribution,train,0.3557533404409853,0.3333333333333333,villager
1,0,2,0.3,0,0,0,0,werewolf,0.0,wolf,0,1,,1,10,regime_mixed_rule_policy_seed_60_base_3,3,mixed_rule_policy,1,0,0,0,0,3,1,0,0,0,0,0.15,8,0.0,0,0.0021547735121989486,0,0,0.0,0,0,0,0,0,1.4625,0.0,0.5,8,0.15,0,0,0,0,0,0,0,49c7867d6d0686974e0e20e7ec8b6e7986fe55321ba4ba4bee00bb090848d96c,wolf_kill,0,0,1,mild_shift,,threat_based,2.3763226536394297,0.0,7,7,0.2857142857142857,0.8571428571428571,"{'baseline_rule_policy': 0.0, 'randomized_legal_policy': 1.0, 'mixed_rule_policy': 1.0, 'seat_order_neutral_policy': 1.0, 'speech_and_herding_policy': 1.0, 'deception_enabled_policy': 1.0, 'risk_heterogeneous_policy': 1.0}","{""baseline_rule_policy"": 0.0, ""deception_enabled_policy"": 1.0, ""mixed_rule_policy"": 1.0, ""randomized_legal_policy"": 1.0, ""risk_heterogeneous_policy"": 1.0, ""seat_order_neutral_policy"": 1.0, ""speech_and_herding_policy"": 1.0}",0.14285714285714285,2,0.14285714285714285,0.0,regime_mixed_rule_policy_seed_60_base_3,mixed_rule_policy_seed_60_game_3_wolf_kill,0.9779595523918259,3.147870853305598,0,0.7501887558389336,1.0,0.9559191047836516,0,0,772941f0293725ee56dfd3481d80dfa1491479c92f32767e1c98444dfba73031,0.664,night,0,1,0.25018875583893363,0.28500000000000003,0,1,1,60,10,regime_mixed_rule_policy_seed_60_base_3,A_in_distribution,train,0.802387226986631,0.6666666666666666,witch
1,0,2,0.3,0,0,0,0,werewolf,0.0,wolf,0,1,,1,10,regime_mixed_rule_policy_seed_60_base_3,3,mixed_rule_policy,1,0,0,0,0,4,0,0,0,0,0,0.3,7,0.0,0,0.0021547735121989486,0,0,0.0,0,0,0,0,0,1.425,0.0,0.5,7,0.3,0,0,0,0,0,0,0,49c7867d6d0686974e0e20e7ec8b6e7986fe55321ba4ba4bee00bb090848d96c,wolf_kill,0,0,1,in_distribution,,threat_based,0.8645434465292623,0.0,7,7,0.2857142857142857,1.0,"{'baseline_rule_policy': 1.0, 'randomized_legal_policy': 1.0, 'mixed_rule_policy': 1.0, 'seat_order_neutral_policy': 1.0, 'speech_and_herding_policy': 1.0, 'deception_enabled_policy': 1.0, 'risk_heterogeneous_policy': 1.0}","{""baseline_rule_policy"": 1.0, ""deception_enabled_policy"": 1.0, ""mixed_rule_policy"": 1.0, ""randomized_legal_policy"": 1.0, ""risk_heterogeneous_policy"": 1.0, ""seat_order_neutral_policy"": 1.0, ""speech_and_herding_policy"": 1.0}",0.0,1,0.0,1.0,regime_mixed_rule_policy_seed_60_base_3,mixed_rule_policy_seed_60_game_3_wolf_kill,0.5,1.143543749793731,0,0.7523435293511326,0.0,1.0,0,0,772941f0293725ee56dfd3481d80dfa1491479c92f32767e1c98444dfba73031,0.628,night,0,1,0.2523435293511326,0.28500000000000003,0,1,1,60,10,regime_mixed_rule_policy_seed_60_base_3,A_in_distribution,train,0.29277157163239675,0.6666666666666666,villager
1,1,2,0.55,0,0,0,0,werewolf,0.25,wolf,0,1,,4,10,regime_mixed_rule_policy_seed_61_base_1,1,mixed_rule_policy,1,0,0,0,0,1,1,0,0,0,0,0.3,3,0.0,0,0.016886675924200345,0,0,0.0,0,1,0,0,0,1.425,0.0,0.5,3,0.3,0,0,0,0,0,0,0,62657064e38c385ef72ba052e66ba4e0c8fd5ca85e7dfd1a9658478b1765bf84,wolf_kill,0,0,1,mild_shift,,threat_based,2.1855629862532786,0.0,10,7,0.0,0.8571428571428571,"{'baseline_rule_policy': 0.0, 'randomized_legal_policy': 1.0, 'mixed_rule_policy': 1.0, 'seat_order_neutral_policy': 1.0, 'speech_and_herding_policy': 1.0, 'deception_enabled_policy': 1.0, 'risk_heterogeneous_policy': 1.0}","{""baseline_rule_policy"": 0.0, ""deception_enabled_policy"": 1.0, ""mixed_rule_policy"": 1.0, ""randomized_legal_policy"": 1.0, ""risk_heterogeneous_policy"": 1.0, ""seat_order_neutral_policy"": 1.0, ""speech_and_herding_policy"": 1.0}",0.14285714285714285,1,0.14285714285714285,0.0,regime_mixed_rule_policy_seed_61_base_1,mixed_rule_policy_seed_61_game_1_wolf_kill,0.25,2.9999999999999996,0,0.6103686291182588,0.5,0.0,0,0,986c74106c53b0bddc4f34270ed8f9e719c47d29e2f4e1ef90ef257136cb4765,0.628,night,0,1,0.11036862911825884,0.315,0,1,1,61,3,regime_mixed_rule_policy_seed_61_base_1,A_in_distribution,train,0.6855629862532788,0.6666666666666666,seer
1,0,2,0.55,0,0,0,0,werewolf,0.25,wolf,0,1,,4,10,regime_mixed_rule_policy_seed_61_base_1,1,mixed_rule_policy,1,0,0,0,0,3,0,0,0,0,0,0.3,1,0.0,0,0.016886675924200345,0,0,0.0,1,1,0,0,0,1.425,0.0,0.5,1,0.3,0,0,0,0,0,0,0,62657064e38c385ef72ba052e66ba4e0c8fd5ca85e7dfd1a9658478b1765bf84,wolf_kill,0,0,1,mild_shift,,threat_based,2.1842295432339,0.0,10,7,0.0,0.42857142857142855,"{'baseline_rule_policy': 0.0, 'randomized_legal_policy': 1.0, 'mixed_rule_policy': 0.0, 'seat_order_neutral_policy': 1.0, 'speech_and_herding_policy': 0.0, 'deception_enabled_policy': 1.0, 'risk_heterogeneous_policy': 0.0}","{""baseline_rule_policy"": 0.0, ""deception_enabled_policy"": 1.0, ""mixed_rule_policy"": 0.0, ""randomized_legal_policy"": 1.0, ""risk_heterogeneous_policy"": 0.0, ""seat_order_neutral_policy"": 1.0, ""speech_and_herding_policy"": 0.0}",0.20203050891044214,3,0.2857142857142857,0.0,regime_mixed_rule_policy_seed_61_base_1,mixed_rule_policy_seed_61_game_1_wolf_kill,0.32350143259760605,2.9999999999999996,0,0.6150964911101733,0.5,0.1470028651952121,0,0,986c74106c53b0bddc4f34270ed8f9e719c47d29e2f4e1ef90ef257136cb4765,0.628,night,0,1,0.11509649111017328,0.315,0,1,1,61,3,regime_mixed_rule_policy_seed_61_base_1,A_in_distribution,train,0.6842295432339001,1.0,villager
1,0,2,0.55,0,0,0,0,werewolf,0.25,wolf,0,1,,4,10,regime_mixed_rule_policy_seed_61_base_1,1,mixed_rule_policy,1,0,0,0,0,4,1,0,0,0,0,0.3,8,0.0,0,0.016886675924200345,0,0,0.0,0,0,0,0,0,1.425,0.0,0.5,8,0.3,0,0,0,0,0,0,0,62657064e38c385ef72ba052e66ba4e0c8fd5ca85e7dfd1a9658478b1765bf84,wolf_kill,0,0,1,mild_shift,,threat_based,2.1884910047908352,0.0,10,7,0.0,0.42857142857142855,"{'baseline_rule_policy': 0.0, 'randomized_legal_policy': 0.0, 'mixed_rule_policy': 0.0, 'seat_order_neutral_policy': 1.0, 'speech_and_herding_policy': 1.0, 'deception_enabled_policy': 1.0, 'risk_heterogeneous_policy': 0.0}","{""baseline_rule_policy"": 0.0, ""deception_enabled_policy"": 1.0, ""mixed_rule_policy"": 0.0, ""randomized_legal_policy"": 0.0, ""risk_heterogeneous_policy"": 0.0, ""seat_order_neutral_policy"": 1.0, ""speech_and_herding_policy"": 1.0}",0.20203050891044214,3,0.2857142857142857,0.0,regime_mixed_rule_policy_seed_61_base_1,mixed_rule_policy_seed_61_game_1_wolf_kill,0.75,2.9999999999999996,0,0.6425303287261956,0.5,1.0,0,0,986c74106c53b0bddc4f34270ed8f9e719c47d29e2f4e1ef90ef257136cb4765,0.628,night,0,1,0.14253032872619564,0.315,0,1,1,61,3,regime_mixed_rule_policy_seed_61_base_1,A_in_distribution,train,0.6884910047908356,1.0,witch
1,0,2,0.55,0,0,0,0,werewolf,0.25,wolf,0,1,,4,10,regime_mixed_rule_policy_seed_61_base_1,1,mixed_rule_policy,1,0,0,0,0,4,1,0,0,0,0,0.3,10,0.0,0,0.016886675924200345,0,0,0.0,1,0,0,0,0,1.425,0.0,0.5,10,0.3,0,0,0,0,0,0,0,62657064e38c385ef72ba052e66ba4e0c8fd5ca85e7dfd1a9658478b1765bf84,wolf_kill,0,0,1,mild_shift,,threat_based,2.215609861224661,0.0,10,7,0.0,0.8571428571428571,"{'baseline_rule_policy': 1.0, 'randomized_legal_policy': 1.0, 'mixed_rule_policy': 1.0, 'seat_order_neutral_policy': 1.0, 'speech_and_herding_policy': 1.0, 'deception_enabled_policy': 1.0, 'risk_heterogeneous_policy': 0.0}","{""baseline_rule_policy"": 1.0, ""deception_enabled_policy"": 1.0, ""mixed_rule_policy"": 1.0, ""randomized_legal_policy"": 1.0, ""risk_heterogeneous_policy"": 0.0, ""seat_order_neutral_policy"": 1.0, ""speech_and_herding_policy"": 1.0}",0.14285714285714285,1,0.14285714285714285,0.0,regime_mixed_rule_policy_seed_61_base_1,mixed_rule_policy_seed_61_game_1_wolf_kill,0.4874722708989999,2.9999999999999996,0,0.6256436528019953,0.5,0.47494454179799983,0,0,986c74106c53b0bddc4f34270ed8f9e719c47d29e2f4e1ef90ef257136cb4765,0.628,night,0,1,0.1256436528019953,0.315,0,1,1,61,3,regime_mixed_rule_policy_seed_61_base_1,A_in_distribution,train,0.7156098612246615,0.6666666666666666,hunter
1,1,2,0.3,0,0,0,0,werewolf,0.0,wolf,0,1,,3,10,regime_mixed_rule_policy_seed_61_base_2,2,mixed_rule_policy,1,0,0,0,0,2,1,0,0,0,0,0.3,1,0.0,0,0.01072202317880988,0,0,0.0,1,1,0,0,0,1.425,0.0,0.5,1,0.3,0,0,0,0,0,0,0,904572ff75ea9c4ea9a32355435205d93a8eefc9e08866a22eccf1c8e2ad89a5,wolf_kill,0,0,1,in_distribution,,threat_based,1.1262292982757063,0.0,1,7,0.0,0.8571428571428571,"{'baseline_rule_policy': 1.0, 'randomized_legal_policy': 1.0, 'mixed_rule_policy': 1.0, 'seat_order_neutral_policy': 1.0, 'speech_and_herding_policy': 1.0, 'deception_enabled_policy': 1.0, 'risk_heterogeneous_policy': 0.0}","{""baseline_rule_policy"": 1.0, ""deception_enabled_policy"": 1.0, ""mixed_rule_policy"": 1.0, ""randomized_legal_policy"": 1.0, ""risk_heterogeneous_policy"": 0.0, ""seat_order_neutral_policy"": 1.0, ""speech_and_herding_policy"": 1.0}",0.14285714285714285,1,0.14285714285714285,0.0,regime_mixed_rule_policy_seed_61_base_2,mixed_rule_policy_seed_61_game_2_wolf_kill,0.25,1.5275252316519494,0,0.6225217452166842,0.5,0.0,0,0,78476b52a8c017f53c2177746316fc151b214108803d62f86fba1fcf3eb2c888,0.628,night,0,1,0.12252174521668424,0.315,0,1,1,61,1,regime_mixed_rule_policy_seed_61_base_2,A_in_distribution,train,0.3624666824497315,0.3333333333333333,seer
1,0,2,0.3,0,0,0,0,werewolf,0.0,wolf,0,1,,3,10,regime_mixed_rule_policy_seed_61_base_2,2,mixed_rule_policy,1,0,0,0,0,5,0,0,0,0,0,0.3,8,0.0,0,0.01072202317880988,0,0,0.0,0,0,0,0,0,1.425,0.0,0.5,8,0.3,0,0,0,0,0,0,0,904572ff75ea9c4ea9a32355435205d93a8eefc9e08866a22eccf1c8e2ad89a5,wolf_kill,0,0,1,in_distribution,,threat_based,1.28768869474605,0.0,1,7,0.0,0.5714285714285714,"{'baseline_rule_policy': 0.0, 'randomized_legal_policy': 1.0, 'mixed_rule_policy': 1.0, 'seat_order_neutral_policy': 1.0, 'speech_and_herding_policy': 0.0, 'deception_enabled_policy': 1.0, 'risk_heterogeneous_policy': 0.0}","{""baseline_rule_policy"": 0.0, ""deception_enabled_policy"": 1.0, ""mixed_rule_policy"": 1.0, ""randomized_legal_policy"": 1.0, ""risk_heterogeneous_policy"": 0.0, ""seat_order_neutral_policy"": 1.0, ""speech_and_herding_policy"": 0.0}",0.20203050891044216,3,0.28571428571428575,0.0,regime_mixed_rule_policy_seed_61_base_2,mixed_rule_policy_seed_61_game_2_wolf_kill,0.75,1.7451661817256576,0,0.6712291376318313,0.5,1.0,0,0,78476b52a8c017f53c2177746316fc151b214108803d62f86fba1fcf3eb2c888,0.628,night,0,1,0.17122913763183134,0.315,0,1,1,61,1,regime_mixed_rule_policy_seed_61_base_2,A_in_distribution,train,0.4151056038832212,1.0,villager
1,0,2,0.3,0,0,0,0,werewolf,0.0,wolf,0,1,,3,10,regime_mixed_rule_policy_seed_61_base_2,2,mixed_rule_policy,1,0,0,0,0,4,0,0,0,0,0,0.3,9,0.0,0,0.01072202317880988,0,0,0.0,0,0,0,0,0,1.425,0.0,0.5,9,0.3,0,0,0,0,0,0,0,904572ff75ea9c4ea9a32355435205d93a8eefc9e08866a22eccf1c8e2ad89a5,wolf_kill,0,0,1,in_distribution,,threat_based,1.145790269201135,0.0,1,7,0.0,0.7142857142857143,"{'baseline_rule_policy': 1.0, 'randomized_legal_policy': 1.0, 'mixed_rule_policy': 1.0, 'seat_order_neutral_policy': 1.0, 'speech_and_herding_policy': 0.0, 'deception_enabled_policy': 1.0, 'risk_heterogeneous_policy': 0.0}","{""baseline_rule_policy"": 1.0, ""deception_enabled_policy"": 1.0, ""mixed_rule_policy"": 1.0, ""randomized_legal_policy"": 1.0, ""risk_heterogeneous_policy"": 0.0, ""seat_order_neutral_policy"": 1.0, ""speech_and_herding_policy"": 0.0}",0.18442777839082938,2,0.2380952380952381,0.0,regime_mixed_rule_policy_seed_61_base_2,mixed_rule_policy_seed_61_game_2_wolf_kill,0.6399343339156509,1.5275252316519494,0,0.6605071144530215,0.5,0.7798686678313017,0,0,78476b52a8c017f53c2177746316fc151b214108803d62f86fba1fcf3eb2c888,0.628,night,0,1,0.16050711445302146,0.315,0,1,1,61,1,regime_mixed_rule_policy_seed_61_base_2,A_in_distribution,train,0.38202765337516026,0.3333333333333333,villager
1,0,2,0.3,0,0,0,0,werewolf,0.0,wolf,0,1,,3,10,regime_mixed_rule_policy_seed_61_base_2,2,mixed_rule_policy,1,0,0,0,0,1,0,0,0,0,0,0.3,4,0.0,0,0.01072202317880988,0,0,0.0,0,1,0,0,0,1.425,0.0,0.5,4,0.3,0,0,0,0,0,0,0,904572ff75ea9c4ea9a32355435205d93a8eefc9e08866a22eccf1c8e2ad89a5,wolf_kill,0,0,1,in_distribution,,threat_based,1.11285472647031,0.0,1,7,0.0,0.5714285714285714,"{'baseline_rule_policy': 0.0, 'randomized_legal_policy': 0.0, 'mixed_rule_policy': 1.0, 'seat_order_neutral_policy': 1.0, 'speech_and_herding_policy': 1.0, 'deception_enabled_policy': 1.0, 'risk_heterogeneous_policy': 0.0}","{""baseline_rule_policy"": 0.0, ""deception_enabled_policy"": 1.0, ""mixed_rule_policy"": 1.0, ""randomized_legal_policy"": 0.0, ""risk_heterogeneous_policy"": 0.0, ""seat_order_neutral_policy"": 1.0, ""speech_and_herding_policy"": 1.0}",0.20203050891044216,3,0.28571428571428575,0.0,regime_mixed_rule_policy_seed_61_base_2,mixed_rule_policy_seed_61_game_2_wolf_kill,0.30978219464884926,1.5275252316519494,0,0.6283454148450847,0.5,0.11956438929769858,0,0,78476b52a8c017f53c2177746316fc151b214108803d62f86fba1fcf3eb2c888,0.628,night,0,1,0.12834541484508466,0.315,0,1,1,61,1,regime_mixed_rule_policy_seed_61_base_2,A_in_distribution,train,0.3490921106443352,0.6666666666666666,villager
1,1,2,0.55,0,0,0,0,werewolf,0.25,wolf,0,1,,2,10,regime_mixed_rule_policy_seed_61_base_3,3,mixed_rule_policy,1,0,0,0,0,1,1,0,0,0,0,0.3,1,0.0,0,0.0165456928072103,0,0,0.0,1,1,0,0,0,1.425,0.0,0.5,1,0.3,0,0,0,0,0,0,0,129f3b056556a2de4f35b82511344f04978c20d2b5215b8d7449fa0ee9f4d090,wolf_kill,0,0,1,mild_shift,,threat_based,2.207804749174434,0.0,1,7,0.0,0.8571428571428571,"{'baseline_rule_policy': 1.0, 'randomized_legal_policy': 1.0, 'mixed_rule_policy': 1.0, 'seat_order_neutral_policy': 1.0, 'speech_and_herding_policy': 1.0, 'deception_enabled_policy': 1.0, 'risk_heterogeneous_policy': 0.0}","{""baseline_rule_policy"": 1.0, ""deception_enabled_policy"": 1.0, ""mixed_rule_policy"": 1.0, ""randomized_legal_policy"": 1.0, ""risk_heterogeneous_policy"": 0.0, ""seat_order_neutral_policy"": 1.0, ""speech_and_herding_policy"": 1.0}",0.14285714285714285,1,0.14285714285714285,0.0,regime_mixed_rule_policy_seed_61_base_3,mixed_rule_policy_seed_61_game_3_wolf_kill,0.25,2.9999999999999996,0,0.5938229363110485,0.5,0.0,0,0,4c27d0312749e3f05938c15213ee5663dba24d79078302c81a0378b659ab5059,0.628,night,0,1,0.09382293631104854,0.315,0,1,1,61,1,regime_mixed_rule_policy_seed_61_base_3,A_in_distribution,train,0.7078047491744341,1.0,seer
1,0,2,0.55,0,0,0,0,werewolf,0.25,wolf,0,1,,2,10,regime_mixed_rule_policy_seed_61_base_3,3,mixed_rule_policy,1,0,0,0,0,4,0,0,0,0,0,0.3,6,0.0,0,0.0165456928072103,0,0,0.0,1,0,0,0,0,1.425,0.0,0.5,6,0.3,0,0,0,0,0,0,0,129f3b056556a2de4f35b82511344f04978c20d2b5215b8d7449fa0ee9f4d090,wolf_kill,0,0,1,mild_shift,,threat_based,2.181834053980583,0.0,1,7,0.0,0.7142857142857143,"{'baseline_rule_policy': 1.0, 'randomized_legal_policy': 1.0, 'mixed_rule_policy': 1.0, 'seat_order_neutral_policy': 1.0, 'speech_and_herding_policy': 0.0, 'deception_enabled_policy': 0.0, 'risk_heterogeneous_policy': 1.0}","{""baseline_rule_policy"": 1.0, ""deception_enabled_policy"": 0.0, ""mixed_rule_policy"": 1.0, ""randomized_legal_policy"": 1.0, ""risk_heterogeneous_policy"": 1.0, ""seat_order_neutral_policy"": 1.0, ""speech_and_herding_policy"": 0.0}",0.18442777839082938,2,0.2380952380952381,0.0,regime_mixed_rule_policy_seed_61_base_3,mixed_rule_policy_seed_61_game_3_wolf_kill,0.5801521392668016,2.9999999999999996,0,0.6259846359189853,0.5,0.6603042785336032,0,0,4c27d0312749e3f05938c15213ee5663dba24d79078302c81a0378b659ab5059,0.628,night,0,1,0.12598463591898534,0.315,0,1,1,61,1,regime_mixed_rule_policy_seed_61_base_3,A_in_distribution,train,0.6818340539805833,0.3333333333333333,villager
1,0,2,0.55,0,0,0,0,werewolf,0.25,wolf,0,1,,2,10,regime_mixed_rule_policy_seed_61_base_3,3,mixed_rule_policy,1,0,0,0,0,2,0,0,0,0,0,0.3,4,0.0,0,0.0165456928072103,0,0,0.0,0,1,0,0,0,1.425,0.0,0.5,4,0.3,0,0,0,0,0,0,0,129f3b056556a2de4f35b82511344f04978c20d2b5215b8d7449fa0ee9f4d090,wolf_kill,0,0,1,mild_shift,,threat_based,2.1603184977017005,0.0,1,7,0.0,0.7142857142857143,"{'baseline_rule_policy': 1.0, 'randomized_legal_policy': 1.0, 'mixed_rule_policy': 0.0, 'seat_order_neutral_policy': 1.0, 'speech_and_herding_policy': 1.0, 'deception_enabled_policy': 1.0, 'risk_heterogeneous_policy': 0.0}","{""baseline_rule_policy"": 1.0, ""deception_enabled_policy"": 1.0, ""mixed_rule_policy"": 0.0, ""randomized_legal_policy"": 1.0, ""risk_heterogeneous_policy"": 0.0, ""seat_order_neutral_policy"": 1.0, ""speech_and_herding_policy"": 1.0}",0.18442777839082938,2,0.2380952380952381,0.0,regime_mixed_rule_policy_seed_61_base_3,mixed_rule_policy_seed_61_game_3_wolf_kill,0.5281633658045962,2.9999999999999996,0,0.6209201607385737,0.5,0.5563267316091924,0,0,4c27d0312749e3f05938c15213ee5663dba24d79078302c81a0378b659ab5059,0.628,night,0,1,0.1209201607385737,0.315,0,1,1,61,1,regime_mixed_rule_policy_seed_61_base_3,A_in_distribution,train,0.6603184977017008,0.6666666666666666,villager
1,0,2,0.55,0,0,0,0,werewolf,0.25,wolf,0,1,,2,10,regime_mixed_rule_policy_seed_61_base_3,3,mixed_rule_policy,1,0,0,0,0,4,0,0,0,0,0,0.3,8,0.0,0,0.0165456928072103,0,0,0.0,0,0,0,0,0,1.425,0.0,0.5,8,0.3,0,0,0,0,0,0,0,129f3b056556a2de4f35b82511344f04978c20d2b5215b8d7449fa0ee9f4d090,wolf_kill,0,0,1,mild_shift,,threat_based,2.1884910047908352,0.0,1,7,0.0,0.5714285714285714,"{'baseline_rule_policy': 1.0, 'randomized_legal_policy': 0.0, 'mixed_rule_policy': 0.0, 'seat_order_neutral_policy': 1.0, 'speech_and_herding_policy': 0.0, 'deception_enabled_policy': 1.0, 'risk_heterogeneous_policy': 1.0}","{""baseline_rule_policy"": 1.0, ""deception_enabled_policy"": 1.0, ""mixed_rule_policy"": 0.0, ""randomized_legal_policy"": 0.0, ""risk_heterogeneous_policy"": 1.0, ""seat_order_neutral_policy"": 1.0, ""speech_and_herding_policy"": 0.0}",0.20203050891044216,4,0.28571428571428575,0.0,regime_mixed_rule_policy_seed_61_base_3,mixed_rule_policy_seed_61_game_3_wolf_kill,0.75,2.9999999999999996,0,0.6425303287261956,0.5,1.0,0,0,4c27d0312749e3f05938c15213ee5663dba24d79078302c81a0378b659ab5059,0.628,night,0,1,0.14253032872619564,0.315,0,1,1,61,1,regime_mixed_rule_policy_seed_61_base_3,A_in_distribution,train,0.6884910047908356,1.0,villager
1,1,2,0.3,0,0,0,0,werewolf,0.0,wolf,0,1,,1,10,regime_mixed_rule_policy_seed_62_base_1,1,mixed_rule_policy,1,0,0,0,0,2,1,0,0,0,0,0.3,3,0.0,0,0.002661878259191175,0,0,0.0,0,1,0,0,0,1.425,0.0,0.5,3,0.3,0,0,0,0,0,0,0,8b3499116dac793e4c1d8fe03f716b62c05b06ea15e6abf46a955fb92ec23bc5,wolf_kill,0,0,1,in_distribution,,threat_based,0.7124427180391601,0.0,3,7,0.0,1.0,"{'baseline_rule_policy': 1.0, 'randomized_legal_policy': 1.0, 'mixed_rule_policy': 1.0, 'seat_order_neutral_policy': 1.0, 'speech_and_herding_policy': 1.0, 'deception_enabled_policy': 1.0, 'risk_heterogeneous_policy': 1.0}","{""baseline_rule_policy"": 1.0, ""deception_enabled_policy"": 1.0, ""mixed_rule_policy"": 1.0, ""randomized_legal_policy"": 1.0, ""risk_heterogeneous_policy"": 1.0, ""seat_order_neutral_policy"": 1.0, ""speech_and_herding_policy"": 1.0}",0.0,1,0.0,1.0,regime_mixed_rule_policy_seed_62_base_1,mixed_rule_policy_seed_62_game_1_wolf_kill,0.3179447276379153,0.9198662110077998,0,0.7307333613635105,0.0,0.6358894552758306,0,0,fdd095720bceddfd4e55d383343b89584591b39e51b81d03c85ac53b652f8556,0.628,night,0,1,0.23073336136351053,0.28500000000000003,0,1,1,62,3,regime_mixed_rule_policy_seed_62_base_1,A_in_distribution,train,0.25250961253526033,0.0,seer
1,0,2,0.3,0,0,0,0,werewolf,0.0,wolf,0,1,,1,10,regime_mixed_rule_policy_seed_62_base_1,1,mixed_rule_policy,1,0,0,0,0,1,1,0,0,0,0,0.3,10,0.0,0,0.002661878259191175,0,0,0.0,1,0,0,0,0,1.425,0.0,0.5,10,0.3,0,0,0,0,0,0,0,8b3499116dac793e4c1d8fe03f716b62c05b06ea15e6abf46a955fb92ec23bc5,wolf_kill,0,0,1,in_distribution,,threat_based,1.1837751705171962,0.0,3,7,0.0,0.7142857142857143,"{'baseline_rule_policy': 1.0, 'randomized_legal_policy': 1.0, 'mixed_rule_policy': 1.0, 'seat_order_neutral_policy': 1.0, 'speech_and_herding_policy': 1.0, 'deception_enabled_policy': 0.0, 'risk_heterogeneous_policy': 0.0}","{""baseline_rule_policy"": 1.0, ""deception_enabled_policy"": 0.0, ""mixed_rule_policy"": 1.0, ""randomized_legal_policy"": 1.0, ""risk_heterogeneous_policy"": 0.0, ""seat_order_neutral_policy"": 1.0, ""speech_and_herding_policy"": 1.0}",0.18442777839082938,3,0.2380952380952381,0.0,regime_mixed_rule_policy_seed_62_base_1,mixed_rule_policy_seed_62_game_1_wolf_kill,0.0,1.5958918549960293,0,0.7034612754489976,0.0,0.0,0,0,fdd095720bceddfd4e55d383343b89584591b39e51b81d03c85ac53b652f8556,0.628,night,0,1,0.2034612754489976,0.28500000000000003,0,1,1,62,3,regime_mixed_rule_policy_seed_62_base_1,A_in_distribution,train,0.3858292430191816,0.6666666666666666,hunter
1,0,2,0.3,0,0,0,0,werewolf,0.0,wolf,0,1,,1,10,regime_mixed_rule_policy_seed_62_base_1,1,mixed_rule_policy,1,0,0,0,0,4,0,0,0,0,0,0.15,5,0.0,0,0.002661878259191175,0,0,0.0,1,1,0,0,0,1.4625,0.0,0.5,5,0.15,0,0,0,0,0,0,0,8b3499116dac793e4c1d8fe03f716b62c05b06ea15e6abf46a955fb92ec23bc5,wolf_kill,0,0,1,mild_shift,,threat_based,2.373954020474115,0.0,3,7,0.0,0.7142857142857143,"{'baseline_rule_policy': 1.0, 'randomized_legal_policy': 1.0, 'mixed_rule_policy': 1.0, 'seat_order_neutral_policy': 1.0, 'speech_and_herding_policy': 0.0, 'deception_enabled_policy': 1.0, 'risk_heterogeneous_policy': 0.0}","{""baseline_rule_policy"": 1.0, ""deception_enabled_policy"": 1.0, ""mixed_rule_policy"": 1.0, ""randomized_legal_policy"": 1.0, ""risk_heterogeneous_policy"": 0.0, ""seat_order_neutral_policy"": 1.0, ""speech_and_herding_policy"": 0.0}",0.18442777839082938,3,0.2380952380952381,0.0,regime_mixed_rule_policy_seed_62_base_1,mixed_rule_policy_seed_62_game_1_wolf_kill,0.9689671644194459,3.147870853305598,0,0.7436874899050459,1.0,0.9379343288388917,0,0,fdd095720bceddfd4e55d383343b89584591b39e51b81d03c85ac53b652f8556,0.664,night,0,1,0.24368748990504585,0.28500000000000003,0,1,1,62,3,regime_mixed_rule_policy_seed_62_base_1,A_in_distribution,train,0.800018593821316,0.3333333333333333,villager
1,0,2,0.3,0,0,0,0,werewolf,0.0,wolf,0,1,,1,10,regime_mixed_rule_policy_seed_62_base_1,1,mixed_rule_policy,1,0,0,0,0,5,0,0,0,0,0,0.3,6,0.0,0,0.002661878259191175,0,0,0.0,1,0,0,0,0,1.425,0.0,0.5,6,0.3,0,0,0,0,0,0,0,8b3499116dac793e4c1d8fe03f716b62c05b06ea15e6abf46a955fb92ec23bc5,wolf_kill,0,0,1,in_distribution,,threat_based,1.228336431303814,0.0,3,7,0.0,1.0,"{'baseline_rule_policy': 1.0, 'randomized_legal_policy': 1.0, 'mixed_rule_policy': 1.0, 'seat_order_neutral_policy': 1.0, 'speech_and_herding_policy': 1.0, 'deception_enabled_policy': 1.0, 'risk_heterogeneous_policy': 1.0}","{""baseline_rule_policy"": 1.0, ""deception_enabled_policy"": 1.0, ""mixed_rule_policy"": 1.0, ""randomized_legal_policy"": 1.0, ""risk_heterogeneous_policy"": 1.0, ""seat_order_neutral_policy"": 1.0, ""speech_and_herding_policy"": 1.0}",0.0,1,0.0,1.0,regime_mixed_rule_policy_seed_62_base_1,mixed_rule_policy_seed_62_game_1_wolf_kill,0.5,1.7451661817256576,0,0.746349368164237,0.0,1.0,0,0,fdd095720bceddfd4e55d383343b89584591b39e51b81d03c85ac53b652f8556,0.628,night,0,1,0.24634936816423703,0.28500000000000003,0,1,1,62,3,regime_mixed_rule_policy_seed_62_base_1,A_in_distribution,train,0.3557533404409853,0.6666666666666666,villager
1,1,2,0.3,0,0,0,0,werewolf,0.0,wolf,0,1,,2,10,regime_mixed_rule_policy_seed_62_base_2,2,mixed_rule_policy,1,0,0,0,0,4,1,0,0,0,0,0.3,6,0.0,0,0.00582366962840053,0,0,0.0,1,0,0,0,0,1.425,0.0,0.5,6,0.3,0,0,0,0,0,0,0,ec99d6fea6334966949acf17a0999ec53e4c47236d26d76cf3959948a999f028,wolf_kill,0,0,1,in_distribution,,threat_based,0.8656890378139339,0.0,9,7,0.2857142857142857,0.5714285714285714,"{'baseline_rule_policy': 1.0, 'randomized_legal_policy': 0.0, 'mixed_rule_policy': 0.0, 'seat_order_neutral_policy': 1.0, 'speech_and_herding_policy': 0.0, 'deception_enabled_policy': 1.0, 'risk_heterogeneous_policy': 1.0}","{""baseline_rule_policy"": 1.0, ""deception_enabled_policy"": 1.0, ""mixed_rule_policy"": 0.0, ""randomized_legal_policy"": 0.0, ""risk_heterogeneous_policy"": 1.0, ""seat_order_neutral_policy"": 1.0, ""speech_and_herding_policy"": 0.0}",0.20203050891044216,2,0.28571428571428575,0.0,regime_mixed_rule_policy_seed_62_base_2,mixed_rule_policy_seed_62_game_2_wolf_kill,0.6733432536594968,1.143543749793731,0,0.7357125907646747,0.5,0.8466865073189935,0,0,fd3d19cb9cd660a7c4f66cf90cbff617a20f06c9bc100984bc57ad15ba012bda,0.628,night,0,1,0.23571259076467466,0.28500000000000003,0,1,1,62,6,regime_mixed_rule_policy_seed_62_base_2,A_in_distribution,train,0.2939171629170684,0.6666666666666666,seer
1,0,2,0.3,0,0,0,0,werewolf,0.0,wolf,0,1,,2,10,regime_mixed_rule_policy_seed_62_base_2,2,mixed_rule_policy,1,0,0,0,0,1,1,0,0,0,0,0.3,1,0.0,0,0.00582366962840053,0,0,0.0,1,1,0,0,0,1.425,0.0,0.5,1,0.3,0,0,0,0,0,0,0,ec99d6fea6334966949acf17a0999ec53e4c47236d26d76cf3959948a999f028,wolf_kill,0,0,1,in_distribution,,threat_based,1.011596341857945,0.0,9,7,0.2857142857142857,0.5714285714285714,"{'baseline_rule_policy': 1.0, 'randomized_legal_policy': 0.0, 'mixed_rule_policy': 1.0, 'seat_order_neutral_policy': 1.0, 'speech_and_herding_policy': 0.0, 'deception_enabled_policy': 1.0, 'risk_heterogeneous_policy': 0.0}","{""baseline_rule_policy"": 1.0, ""deception_enabled_policy"": 1.0, ""mixed_rule_policy"": 1.0, ""randomized_legal_policy"": 0.0, ""risk_heterogeneous_policy"": 0.0, ""seat_order_neutral_policy"": 1.0, ""speech_and_herding_policy"": 0.0}",0.20203050891044216,2,0.28571428571428575,0.0,regime_mixed_rule_policy_seed_62_base_2,mixed_rule_policy_seed_62_game_2_wolf_kill,0.25,1.3232578740557186,0,0.7035508911567379,0.5,0.0,0,0,fd3d19cb9cd660a7c4f66cf90cbff617a20f06c9bc100984bc57ad15ba012bda,0.628,night,0,1,0.20355089115673786,0.28500000000000003,0,1,1,62,6,regime_mixed_rule_policy_seed_62_base_2,A_in_distribution,train,0.3499674048300858,1.0,hunter
1,0,2,0.3,0,0,0,0,werewolf,0.0,wolf,0,1,,2,10,regime_mixed_rule_policy_seed_62_base_2,2,mixed_rule_policy,1,0,0,0,0,3,0,0,0,0,0,0.3,5,0.0,0,0.00582366962840053,0,0,0.0,1,1,0,0,0,1.425,0.0,0.5,5,0.3,0,0,0,0,0,0,0,ec99d6fea6334966949acf17a0999ec53e4c47236d26d76cf3959948a999f028,wolf_kill,0,0,1,in_distribution,,threat_based,0.7815346225469999,0.0,9,7,0.2857142857142857,0.42857142857142855,"{'baseline_rule_policy': 1.0, 'randomized_legal_policy': 1.0, 'mixed_rule_policy': 0.0, 'seat_order_neutral_policy': 1.0, 'speech_and_herding_policy': 0.0, 'deception_enabled_policy': 0.0, 'risk_heterogeneous_policy': 0.0}","{""baseline_rule_policy"": 1.0, ""deception_enabled_policy"": 0.0, ""mixed_rule_policy"": 0.0, ""randomized_legal_policy"": 1.0, ""risk_heterogeneous_policy"": 0.0, ""seat_order_neutral_policy"": 1.0, ""speech_and_herding_policy"": 0.0}",0.20203050891044214,4,0.2857142857142857,0.0,regime_mixed_rule_policy_seed_62_base_2,mixed_rule_policy_seed_62_game_2_wolf_kill,0.5255346611467226,1.0871146130092182,0,0.7244834628388725,0.5,0.5510693222934452,0,0,fd3d19cb9cd660a7c4f66cf90cbff617a20f06c9bc100984bc57ad15ba012bda,0.628,night,0,1,0.22448346283887255,0.28500000000000003,0,1,1,62,6,regime_mixed_rule_policy_seed_62_base_2,A_in_distribution,train,0.23797731604239084,0.6666666666666666,villager
1,0,2,0.3,0,0,0,0,werewolf,0.0,wolf,0,1,,2,10,regime_mixed_rule_policy_seed_62_base_2,2,mixed_rule_policy,1,0,0,0,0,3,1,0,0,0,0,0.3,9,0.0,0,0.00582366962840053,0,0,0.0,0,0,0,0,0,1.425,0.0,0.5,9,0.3,0,0,0,0,0,0,0,ec99d6fea6334966949acf17a0999ec53e4c47236d26d76cf3959948a999f028,wolf_kill,0,0,1,in_distribution,,threat_based,0.9394162938328261,0.0,9,7,0.2857142857142857,0.8571428571428571,"{'baseline_rule_policy': 1.0, 'randomized_legal_policy': 1.0, 'mixed_rule_policy': 1.0, 'seat_order_neutral_policy': 1.0, 'speech_and_herding_policy': 0.0, 'deception_enabled_policy': 1.0, 'risk_heterogeneous_policy': 1.0}","{""baseline_rule_policy"": 1.0, ""deception_enabled_policy"": 1.0, ""mixed_rule_policy"": 1.0, ""randomized_legal_policy"": 1.0, ""risk_heterogeneous_policy"": 1.0, ""seat_order_neutral_policy"": 1.0, ""speech_and_herding_policy"": 0.0}",0.14285714285714285,1,0.14285714285714285,0.0,regime_mixed_rule_policy_seed_62_base_2,mixed_rule_policy_seed_62_game_2_wolf_kill,0.75,1.2729457797860402,0,0.7415362603930752,0.5,1.0,0,0,fd3d19cb9cd660a7c4f66cf90cbff617a20f06c9bc100984bc57ad15ba012bda,0.628,night,0,1,0.2415362603930752,0.28500000000000003,0,1,1,62,6,regime_mixed_rule_policy_seed_62_base_2,A_in_distribution,train,0.30294340393980607,1.0,witch
1,1,2,0.55,0,0,0,0,werewolf,0.25,wolf,0,1,,1,10,regime_mixed_rule_policy_seed_62_base_3,3,mixed_rule_policy,1,0,0,0,0,1,1,0,0,0,0,0.3,10,0.0,0,0.0156160068007265,0,0,0.0,1,0,0,0,0,1.425,0.0,0.5,10,0.3,0,0,0,0,0,0,0,7ef549bf98a6c7b6ff4bb48121ff4e49ead88744efece60f0a84e18982118d1e,wolf_kill,0,0,1,mild_shift,,threat_based,2.2262056067527523,0.0,10,7,0.0,0.5714285714285714,"{'baseline_rule_policy': 1.0, 'randomized_legal_policy': 1.0, 'mixed_rule_policy': 1.0, 'seat_order_neutral_policy': 0.0, 'speech_and_herding_policy': 1.0, 'deception_enabled_policy': 0.0, 'risk_heterogeneous_policy': 0.0}","{""baseline_rule_policy"": 1.0, ""deception_enabled_policy"": 0.0, ""mixed_rule_policy"": 1.0, ""randomized_legal_policy"": 1.0, ""risk_heterogeneous_policy"": 0.0, ""seat_order_neutral_policy"": 0.0, ""speech_and_herding_policy"": 1.0}",0.20203050891044216,1,0.28571428571428575,0.0,regime_mixed_rule_policy_seed_62_base_3,mixed_rule_policy_seed_62_game_3_wolf_kill,0.25,2.9999999999999996,0,0.5937333206033082,0.5,0.0,0,0,e206b13b358a68aaaf3d237ea1a5e238eda5ad9b0ecf3f39d9fd1e45080a0fa8,0.628,night,0,1,0.09373332060330819,0.315,0,1,1,62,10,regime_mixed_rule_policy_seed_62_base_3,A_in_distribution,train,0.7262056067527524,0.6666666666666666,seer
1,0,2,0.55,0,0,0,0,werewolf,0.25,wolf,0,1,,1,10,regime_mixed_rule_policy_seed_62_base_3,3,mixed_rule_policy,1,0,0,0,0,1,0,0,0,0,0,0.3,2,0.0,0,0.0156160068007265,0,0,0.0,0,1,0,0,0,1.425,0.0,0.5,2,0.3,0,0,0,0,0,0,0,7ef549bf98a6c7b6ff4bb48121ff4e49ead88744efece60f0a84e18982118d1e,wolf_kill,0,0,1,mild_shift,,threat_based,2.1930071332828653,0.0,10,7,0.0,0.5714285714285714,"{'baseline_rule_policy': 1.0, 'randomized_legal_policy': 1.0, 'mixed_rule_policy': 0.0, 'seat_order_neutral_policy': 0.0, 'speech_and_herding_policy': 1.0, 'deception_enabled_policy': 0.0, 'risk_heterogeneous_policy': 1.0}","{""baseline_rule_policy"": 1.0, ""deception_enabled_policy"": 0.0, ""mixed_rule_policy"": 0.0, ""randomized_legal_policy"": 1.0, ""risk_heterogeneous_policy"": 1.0, ""seat_order_neutral_policy"": 0.0, ""speech_and_herding_policy"": 1.0}",0.20203050891044216,1,0.28571428571428575,0.0,regime_mixed_rule_policy_seed_62_base_3,mixed_rule_policy_seed_62_game_3_wolf_kill,0.44493236042479467,2.9999999999999996,0,0.6104538748975064,0.5,0.3898647208495894,0,0,e206b13b358a68aaaf3d237ea1a5e238eda5ad9b0ecf3f39d9fd1e45080a0fa8,0.628,night,0,1,0.11045387489750635,0.315,0,1,1,62,10,regime_mixed_rule_policy_seed_62_base_3,A_in_distribution,train,0.6930071332828653,0.6666666666666666,villager
1,0,2,0.55,0,0,0,0,werewolf,0.25,wolf,0,1,,1,10,regime_mixed_rule_policy_seed_62_base_3,3,mixed_rule_policy,1,0,0,0,0,2,0,0,0,0,0,0.3,3,0.0,0,0.0156160068007265,0,0,0.0,0,1,0,0,0,1.425,0.0,0.5,3,0.3,0,0,0,0,0,0,0,7ef549bf98a6c7b6ff4bb48121ff4e49ead88744efece60f0a84e18982118d1e,wolf_kill,0,0,1,mild_shift,,threat_based,2.1650349486553964,0.0,10,7,0.0,0.42857142857142855,"{'baseline_rule_policy': 0.0, 'randomized_legal_policy': 0.0, 'mixed_rule_policy': 1.0, 'seat_order_neutral_policy': 0.0, 'speech_and_herding_policy': 1.0, 'deception_enabled_policy': 0.0, 'risk_heterogeneous_policy': 1.0}","{""baseline_rule_policy"": 0.0, ""deception_enabled_policy"": 0.0, ""mixed_rule_policy"": 1.0, ""randomized_legal_policy"": 0.0, ""risk_heterogeneous_policy"": 1.0, ""seat_order_neutral_policy"": 0.0, ""speech_and_herding_policy"": 1.0}",0.20203050891044214,3,0.2857142857142857,0.0,regime_mixed_rule_policy_seed_62_base_3,mixed_rule_policy_seed_62_game_3_wolf_kill,0.5679447276379158,2.9999999999999996,0,0.6210054065178212,0.5,0.6358894552758316,0,0,e206b13b358a68aaaf3d237ea1a5e238eda5ad9b0ecf3f39d9fd1e45080a0fa8,0.628,night,0,1,0.12100540651782121,0.315,0,1,1,62,10,regime_mixed_rule_policy_seed_62_base_3,A_in_distribution,train,0.6650349486553965,0.3333333333333333,villager
1,0,2,0.55,0,0,0,0,werewolf,0.25,wolf,0,1,,1,10,regime_mixed_rule_policy_seed_62_base_3,3,mixed_rule_policy,1,0,0,0,0,5,1,0,0,0,0,0.3,6,0.0,0,0.0156160068007265,0,0,0.0,1,0,0,0,0,1.425,0.0,0.5,6,0.3,0,0,0,0,0,0,0,7ef549bf98a6c7b6ff4bb48121ff4e49ead88744efece60f0a84e18982118d1e,wolf_kill,0,0,1,mild_shift,,threat_based,2.2106833456225763,0.0,10,7,0.0,0.42857142857142855,"{'baseline_rule_policy': 0.0, 'randomized_legal_policy': 0.0, 'mixed_rule_policy': 1.0, 'seat_order_neutral_policy': 0.0, 'speech_and_herding_policy': 1.0, 'deception_enabled_policy': 0.0, 'risk_heterogeneous_policy': 1.0}","{""baseline_rule_policy"": 0.0, ""deception_enabled_policy"": 0.0, ""mixed_rule_policy"": 1.0, ""randomized_legal_policy"": 0.0, ""risk_heterogeneous_policy"": 1.0, ""seat_order_neutral_policy"": 0.0, ""speech_and_herding_policy"": 1.0}",0.20203050891044214,3,0.2857142857142857,0.0,regime_mixed_rule_policy_seed_62_base_3,mixed_rule_policy_seed_62_game_3_wolf_kill,0.75,2.9999999999999996,0,0.6366214133185477,0.5,1.0,0,0,e206b13b358a68aaaf3d237ea1a5e238eda5ad9b0ecf3f39d9fd1e45080a0fa8,0.628,night,0,1,0.1366214133185477,0.315,0,1,1,62,10,regime_mixed_rule_policy_seed_62_base_3,A_in_distribution,train,0.7106833456225763,0.6666666666666666,witch
1,1,2,0.55,0,0,0,0,werewolf,0.25,wolf,0,1,,6,10,regime_mixed_rule_policy_seed_63_base_1,1,mixed_rule_policy,1,0,0,0,0,3,1,0,0,0,0,0.3,3,0.0,0,0.005994161186895441,0,0,0.0,0,1,0,0,0,1.425,0.0,0.5,3,0.3,0,0,0,0,0,0,0,27b0e384abbbcc7ce388fbbc011edab4bdff6ae2a97ff2a316494bb7f505ca1e,wolf_kill,0,0,1,mild_shift,,threat_based,2.161195215500461,0.0,2,7,0.14285714285714285,0.42857142857142855,"{'baseline_rule_policy': 1.0, 'randomized_legal_policy': 1.0, 'mixed_rule_policy': 0.0, 'seat_order_neutral_policy': 1.0, 'speech_and_herding_policy': 0.0, 'deception_enabled_policy': 0.0, 'risk_heterogeneous_policy': 0.0}","{""baseline_rule_policy"": 1.0, ""deception_enabled_policy"": 0.0, ""mixed_rule_policy"": 0.0, ""randomized_legal_policy"": 1.0, ""risk_heterogeneous_policy"": 0.0, ""seat_order_neutral_policy"": 1.0, ""speech_and_herding_policy"": 0.0}",0.20203050891044214,2,0.2857142857142857,0.0,regime_mixed_rule_policy_seed_63_base_1,mixed_rule_policy_seed_63_game_1_wolf_kill,0.5000000000000013,2.9999999999999996,0,0.6316421839173836,0.5,0.5000000000000026,0,0,562eec2fe79e7b107c183fbb9e65c68911551d5dc02f4e749068e8f9a03ce28d,0.628,night,0,1,0.13164218391738358,0.315,0,1,1,63,3,regime_mixed_rule_policy_seed_63_base_1,A_in_distribution,train,0.6611952155004611,1.0,seer
1,0,2,0.55,0,0,0,0,werewolf,0.25,wolf,0,1,,6,10,regime_mixed_rule_policy_seed_63_base_1,1,mixed_rule_policy,1,0,0,0,0,5,1,0,0,0,0,0.3,1,0.0,0,0.005994161186895441,0,0,0.0,1,1,0,0,0,1.425,0.0,0.5,1,0.3,0,0,0,0,0,0,0,27b0e384abbbcc7ce388fbbc011edab4bdff6ae2a97ff2a316494bb7f505ca1e,wolf_kill,0,0,1,mild_shift,,threat_based,2.225178318577183,0.0,2,7,0.14285714285714285,0.42857142857142855,"{'baseline_rule_policy': 1.0, 'randomized_legal_policy': 0.0, 'mixed_rule_policy': 0.0, 'seat_order_neutral_policy': 1.0, 'speech_and_herding_policy': 1.0, 'deception_enabled_policy': 0.0, 'risk_heterogeneous_policy': 0.0}","{""baseline_rule_policy"": 1.0, ""deception_enabled_policy"": 0.0, ""mixed_rule_policy"": 0.0, ""randomized_legal_policy"": 0.0, ""risk_heterogeneous_policy"": 0.0, ""seat_order_neutral_policy"": 1.0, ""speech_and_herding_policy"": 1.0}",0.20203050891044214,2,0.2857142857142857,0.0,regime_mixed_rule_policy_seed_63_base_1,mixed_rule_policy_seed_63_game_1_wolf_kill,0.6102371705663294,2.9999999999999996,0,0.6363700459092979,0.5,0.7204743411326587,0,0,562eec2fe79e7b107c183fbb9e65c68911551d5dc02f4e749068e8f9a03ce28d,0.628,night,0,1,0.1363700459092979,0.315,0,1,1,63,3,regime_mixed_rule_policy_seed_63_base_1,A_in_distribution,train,0.7251783185771834,1.0,hunter
1,0,2,0.55,0,0,0,0,werewolf,0.25,wolf,0,1,,6,10,regime_mixed_rule_policy_seed_63_base_1,1,mixed_rule_policy,1,0,0,0,0,4,0,0,0,0,0,0.3,2,0.0,0,0.005994161186895441,0,0,0.0,0,1,0,0,0,1.425,0.0,0.5,2,0.3,0,0,0,0,0,0,0,27b0e384abbbcc7ce388fbbc011edab4bdff6ae2a97ff2a316494bb7f505ca1e,wolf_kill,0,0,1,mild_shift,,threat_based,2.181895722954603,0.0,2,7,0.14285714285714285,0.5714285714285714,"{'baseline_rule_policy': 0.0, 'randomized_legal_policy': 1.0, 'mixed_rule_policy': 0.0, 'seat_order_neutral_policy': 1.0, 'speech_and_herding_policy': 1.0, 'deception_enabled_policy': 1.0, 'risk_heterogeneous_policy': 0.0}","{""baseline_rule_policy"": 0.0, ""deception_enabled_policy"": 1.0, ""mixed_rule_policy"": 0.0, ""randomized_legal_policy"": 1.0, ""risk_heterogeneous_policy"": 0.0, ""seat_order_neutral_policy"": 1.0, ""speech_and_herding_policy"": 1.0}",0.20203050891044216,1,0.28571428571428575,0.0,regime_mixed_rule_policy_seed_63_base_1,mixed_rule_policy_seed_63_game_1_wolf_kill,0.75,2.9999999999999996,0,0.6423642070961934,0.5,1.0,0,0,562eec2fe79e7b107c183fbb9e65c68911551d5dc02f4e749068e8f9a03ce28d,0.628,night,0,1,0.14236420709619335,0.315,0,1,1,63,3,regime_mixed_rule_policy_seed_63_base_1,A_in_distribution,train,0.6818957229546033,0.6666666666666666,villager
1,0,2,0.55,0,0,0,0,werewolf,0.25,wolf,0,1,,6,10,regime_mixed_rule_policy_seed_63_base_1,1,mixed_rule_policy,1,0,0,0,0,2,0,0,0,0,0,0.3,4,0.0,0,0.005994161186895441,0,0,0.0,0,1,0,0,0,1.425,0.0,0.5,4,0.3,0,0,0,0,0,0,0,27b0e384abbbcc7ce388fbbc011edab4bdff6ae2a97ff2a316494bb7f505ca1e,wolf_kill,0,0,1,mild_shift,,threat_based,2.1603184977017005,0.0,2,7,0.14285714285714285,0.42857142857142855,"{'baseline_rule_policy': 0.0, 'randomized_legal_policy': 1.0, 'mixed_rule_policy': 0.0, 'seat_order_neutral_policy': 1.0, 'speech_and_herding_policy': 1.0, 'deception_enabled_policy': 0.0, 'risk_heterogeneous_policy': 0.0}","{""baseline_rule_policy"": 0.0, ""deception_enabled_policy"": 0.0, ""mixed_rule_policy"": 0.0, ""randomized_legal_policy"": 1.0, ""risk_heterogeneous_policy"": 0.0, ""seat_order_neutral_policy"": 1.0, ""speech_and_herding_policy"": 1.0}",0.20203050891044214,2,0.2857142857142857,0.0,regime_mixed_rule_policy_seed_63_base_1,mixed_rule_policy_seed_63_game_1_wolf_kill,0.25,2.9999999999999996,0,0.6209201607385737,0.5,0.0,0,0,562eec2fe79e7b107c183fbb9e65c68911551d5dc02f4e749068e8f9a03ce28d,0.628,night,0,1,0.1209201607385737,0.315,0,1,1,63,3,regime_mixed_rule_policy_seed_63_base_1,A_in_distribution,train,0.6603184977017008,0.3333333333333333,villager
1,1,2,0.3,0,0,0,0,werewolf,0.0,wolf,0,1,,5,10,regime_mixed_rule_policy_seed_63_base_2,2,mixed_rule_policy,1,0,0,0,0,2,1,0,0,0,0,0.3,7,0.0,0,0.00016612163000229163,0,0,0.0,0,0,0,0,0,1.425,0.0,0.5,7,0.3,0,0,0,0,0,0,0,173c1acb12557c30788bf59b6599150354c9961d5445de5c0ed3cc438f4f9dae,wolf_kill,0,0,1,in_distribution,,threat_based,0.8424509796793183,0.0,1,7,0.1428571428571429,0.8571428571428571,"{'baseline_rule_policy': 1.0, 'randomized_legal_policy': 1.0, 'mixed_rule_policy': 1.0, 'seat_order_neutral_policy': 1.0, 'speech_and_herding_policy': 1.0, 'deception_enabled_policy': 0.0, 'risk_heterogeneous_policy': 1.0}","{""baseline_rule_policy"": 1.0, ""deception_enabled_policy"": 0.0, ""mixed_rule_policy"": 1.0, ""randomized_legal_policy"": 1.0, ""risk_heterogeneous_policy"": 1.0, ""seat_order_neutral_policy"": 1.0, ""speech_and_herding_policy"": 1.0}",0.14285714285714285,2,0.14285714285714285,0.0,regime_mixed_rule_policy_seed_63_base_2,mixed_rule_policy_seed_63_game_2_wolf_kill,0.25,1.143543749793731,0,0.7310699745520078,0.5,0.0,0,0,be22b3a677aabfaf9e174cb6b4ca085bda1d68a9b8dfdb280f3962fb9df9d9f0,0.628,night,0,1,0.23106997455200784,0.28500000000000003,0,1,1,63,7,regime_mixed_rule_policy_seed_63_base_2,A_in_distribution,train,0.2706791047824528,1.0,seer
1,0,2,0.3,0,0,0,0,werewolf,0.0,wolf,0,1,,5,10,regime_mixed_rule_policy_seed_63_base_2,2,mixed_rule_policy,1,0,0,0,0,4,1,0,0,0,0,0.3,1,0.0,0,0.00016612163000229163,0,0,0.0,1,1,0,0,0,1.425,0.0,0.5,1,0.3,0,0,0,0,0,0,0,173c1acb12557c30788bf59b6599150354c9961d5445de5c0ed3cc438f4f9dae,wolf_kill,0,0,1,in_distribution,,threat_based,0.9827256358156051,0.0,1,7,0.1428571428571429,1.0,"{'baseline_rule_policy': 1.0, 'randomized_legal_policy': 1.0, 'mixed_rule_policy': 1.0, 'seat_order_neutral_policy': 1.0, 'speech_and_herding_policy': 1.0, 'deception_enabled_policy': 1.0, 'risk_heterogeneous_policy': 1.0}","{""baseline_rule_policy"": 1.0, ""deception_enabled_policy"": 1.0, ""mixed_rule_policy"": 1.0, ""randomized_legal_policy"": 1.0, ""risk_heterogeneous_policy"": 1.0, ""seat_order_neutral_policy"": 1.0, ""speech_and_herding_policy"": 1.0}",0.0,1,0.0,1.0,regime_mixed_rule_policy_seed_63_base_2,mixed_rule_policy_seed_63_game_2_wolf_kill,0.4580858476963977,1.3106228218938725,0,0.735461223355425,0.5,0.41617169539279547,0,0,be22b3a677aabfaf9e174cb6b4ca085bda1d68a9b8dfdb280f3962fb9df9d9f0,0.628,night,0,1,0.23546122335542496,0.28500000000000003,0,1,1,63,7,regime_mixed_rule_policy_seed_63_base_2,A_in_distribution,train,0.32741422486866884,1.0,witch
1,0,2,0.3,0,0,0,0,werewolf,0.0,wolf,0,1,,5,10,regime_mixed_rule_policy_seed_63_base_2,2,mixed_rule_policy,1,0,0,0,0,3,0,0,0,0,0,0.3,2,0.0,0,0.00016612163000229163,0,0,0.0,0,1,0,0,0,1.425,0.0,0.5,2,0.3,0,0,0,0,0,0,0,173c1acb12557c30788bf59b6599150354c9961d5445de5c0ed3cc438f4f9dae,wolf_kill,0,0,1,in_distribution,,threat_based,0.7563855370111466,0.0,1,7,0.1428571428571429,0.8571428571428571,"{'baseline_rule_policy': 1.0, 'randomized_legal_policy': 0.0, 'mixed_rule_policy': 1.0, 'seat_order_neutral_policy': 1.0, 'speech_and_herding_policy': 1.0, 'deception_enabled_policy': 1.0, 'risk_heterogeneous_policy': 1.0}","{""baseline_rule_policy"": 1.0, ""deception_enabled_policy"": 1.0, ""mixed_rule_policy"": 1.0, ""randomized_legal_policy"": 0.0, ""risk_heterogeneous_policy"": 1.0, ""seat_order_neutral_policy"": 1.0, ""speech_and_herding_policy"": 1.0}",0.14285714285714285,2,0.14285714285714285,0.0,regime_mixed_rule_policy_seed_63_base_2,mixed_rule_policy_seed_63_game_2_wolf_kill,0.7421280797906885,0.9876767466838834,0,0.7414553845423204,0.5,0.984256159581377,0,0,be22b3a677aabfaf9e174cb6b4ca085bda1d68a9b8dfdb280f3962fb9df9d9f0,0.628,night,0,1,0.2414553845423204,0.28500000000000003,0,1,1,63,7,regime_mixed_rule_policy_seed_63_base_2,A_in_distribution,train,0.26254716366920494,0.6666666666666666,villager
1,0,2,0.3,0,0,0,0,werewolf,0.0,wolf,0,1,,5,10,regime_mixed_rule_policy_seed_63_base_2,2,mixed_rule_policy,1,0,0,0,0,3,0,0,0,0,0,0.3,8,0.0,0,0.00016612163000229163,0,0,0.0,0,0,0,0,0,1.425,0.0,0.5,8,0.3,0,0,0,0,0,0,0,173c1acb12557c30788bf59b6599150354c9961d5445de5c0ed3cc438f4f9dae,wolf_kill,0,0,1,in_distribution,,threat_based,0.8510013501405396,0.0,1,7,0.1428571428571429,0.8571428571428571,"{'baseline_rule_policy': 1.0, 'randomized_legal_policy': 1.0, 'mixed_rule_policy': 1.0, 'seat_order_neutral_policy': 1.0, 'speech_and_herding_policy': 1.0, 'deception_enabled_policy': 1.0, 'risk_heterogeneous_policy': 0.0}","{""baseline_rule_policy"": 1.0, ""deception_enabled_policy"": 1.0, ""mixed_rule_policy"": 1.0, ""randomized_legal_policy"": 1.0, ""risk_heterogeneous_policy"": 0.0, ""seat_order_neutral_policy"": 1.0, ""speech_and_herding_policy"": 1.0}",0.14285714285714285,2,0.14285714285714285,0.0,regime_mixed_rule_policy_seed_63_base_2,mixed_rule_policy_seed_63_game_2_wolf_kill,0.75,1.143543749793731,0,0.7416215061723227,0.5,1.0,0,0,be22b3a677aabfaf9e174cb6b4ca085bda1d68a9b8dfdb280f3962fb9df9d9f0,0.628,night,0,1,0.2416215061723227,0.28500000000000003,0,1,1,63,7,regime_mixed_rule_policy_seed_63_base_2,A_in_distribution,train,0.2792294752436741,0.3333333333333333,villager
1,1,2,0.3,0,0,0,0,werewolf,0.0,wolf,0,1,,3,10,regime_mixed_rule_policy_seed_63_base_3,3,mixed_rule_policy,1,0,0,0,0,2,1,0,0,0,0,0.3,1,0.0,0,0.008226266549620775,0,0,0.0,1,1,0,0,0,1.425,0.0,0.5,1,0.3,0,0,0,0,0,0,0,641933d49a313209440ae2aa305701005cf8de8e6e53f822d6af0401762bfcb8,wolf_kill,0,0,1,in_distribution,,threat_based,0.9631296353198243,0.0,1,7,0.0,0.8571428571428571,"{'baseline_rule_policy': 1.0, 'randomized_legal_policy': 1.0, 'mixed_rule_policy': 1.0, 'seat_order_neutral_policy': 1.0, 'speech_and_herding_policy': 1.0, 'deception_enabled_policy': 0.0, 'risk_heterogeneous_policy': 1.0}","{""baseline_rule_policy"": 1.0, ""deception_enabled_policy"": 0.0, ""mixed_rule_policy"": 1.0, ""randomized_legal_policy"": 1.0, ""risk_heterogeneous_policy"": 1.0, ""seat_order_neutral_policy"": 1.0, ""speech_and_herding_policy"": 1.0}",0.14285714285714285,1,0.14285714285714285,0.0,regime_mixed_rule_policy_seed_63_base_3,mixed_rule_policy_seed_63_game_3_wolf_kill,0.008763202345261933,1.3106228218938725,0,0.7141876685563002,0.0,0.017526404690523866,0,0,6deaeca76631984c8989474967e9616d872b7bf42507ad689c408ea5400db0e3,0.628,night,0,1,0.21418766855630023,0.28500000000000003,0,1,1,63,1,regime_mixed_rule_policy_seed_63_base_3,A_in_distribution,train,0.3078182243728881,1.0,seer
1,0,2,0.3,0,0,0,0,werewolf,0.0,wolf,0,1,,3,10,regime_mixed_rule_policy_seed_63_base_3,3,mixed_rule_policy,1,0,0,0,0,3,0,0,0,0,0,0.15,10,0.0,0,0.008226266549620775,0,0,0.0,1,0,0,0,0,1.4625,0.0,0.5,10,0.15,0,0,0,0,0,0,0,641933d49a313209440ae2aa305701005cf8de8e6e53f822d6af0401762bfcb8,wolf_kill,0,0,1,mild_shift,,threat_based,2.399709531257309,0.0,1,7,0.0,0.5714285714285714,"{'baseline_rule_policy': 0.0, 'randomized_legal_policy': 1.0, 'mixed_rule_policy': 1.0, 'seat_order_neutral_policy': 1.0, 'speech_and_herding_policy': 1.0, 'deception_enabled_policy': 0.0, 'risk_heterogeneous_policy': 0.0}","{""baseline_rule_policy"": 0.0, ""deception_enabled_policy"": 0.0, ""mixed_rule_policy"": 1.0, ""randomized_legal_policy"": 1.0, ""risk_heterogeneous_policy"": 0.0, ""seat_order_neutral_policy"": 1.0, ""speech_and_herding_policy"": 1.0}",0.20203050891044216,4,0.28571428571428575,0.0,regime_mixed_rule_policy_seed_63_base_3,mixed_rule_policy_seed_63_game_3_wolf_kill,1.0,3.147870853305598,0,0.7333020799147332,1.0,1.0,0,0,6deaeca76631984c8989474967e9616d872b7bf42507ad689c408ea5400db0e3,0.664,night,0,1,0.23330207991473317,0.28500000000000003,0,1,1,63,1,regime_mixed_rule_policy_seed_63_base_3,A_in_distribution,train,0.8257741046045101,0.3333333333333333,villager
1,0,2,0.3,0,0,0,0,werewolf,0.0,wolf,0,1,,3,10,regime_mixed_rule_policy_seed_63_base_3,3,mixed_rule_policy,1,0,0,0,0,2,0,0,0,0,0,0.3,5,0.0,0,0.008226266549620775,0,0,0.0,1,1,0,0,0,1.425,0.0,0.5,5,0.3,0,0,0,0,0,0,0,641933d49a313209440ae2aa305701005cf8de8e6e53f822d6af0401762bfcb8,wolf_kill,0,0,1,in_distribution,,threat_based,0.7920036244147859,0.0,1,7,0.0,0.8571428571428571,"{'baseline_rule_policy': 1.0, 'randomized_legal_policy': 0.0, 'mixed_rule_policy': 1.0, 'seat_order_neutral_policy': 1.0, 'speech_and_herding_policy': 1.0, 'deception_enabled_policy': 1.0, 'risk_heterogeneous_policy': 1.0}","{""baseline_rule_policy"": 1.0, ""deception_enabled_policy"": 1.0, ""mixed_rule_policy"": 1.0, ""randomized_legal_policy"": 0.0, ""risk_heterogeneous_policy"": 1.0, ""seat_order_neutral_policy"": 1.0, ""speech_and_herding_policy"": 1.0}",0.14285714285714285,1,0.14285714285714285,0.0,regime_mixed_rule_policy_seed_63_base_3,mixed_rule_policy_seed_63_game_3_wolf_kill,0.0,1.0871146130092182,0,0.7138466854393102,0.0,0.0,0,0,6deaeca76631984c8989474967e9616d872b7bf42507ad689c408ea5400db0e3,0.628,night,0,1,0.21384668543931018,0.28500000000000003,0,1,1,63,1,regime_mixed_rule_policy_seed_63_base_3,A_in_distribution,train,0.24844631791017674,0.6666666666666666,villager
1,0,2,0.3,0,0,0,0,werewolf,0.0,wolf,0,1,,3,10,regime_mixed_rule_policy_seed_63_base_3,3,mixed_rule_policy,1,0,0,0,0,3,1,0,0,0,0,0.3,6,0.0,0,0.008226266549620775,0,0,0.0,1,0,0,0,0,1.425,0.0,0.5,6,0.3,0,0,0,0,0,0,0,641933d49a313209440ae2aa305701005cf8de8e6e53f822d6af0401762bfcb8,wolf_kill,0,0,1,in_distribution,,threat_based,0.8341588283350277,0.0,1,7,0.0,0.7142857142857143,"{'baseline_rule_policy': 1.0, 'randomized_legal_policy': 1.0, 'mixed_rule_policy': 1.0, 'seat_order_neutral_policy': 1.0, 'speech_and_herding_policy': 1.0, 'deception_enabled_policy': 0.0, 'risk_heterogeneous_policy': 0.0}","{""baseline_rule_policy"": 1.0, ""deception_enabled_policy"": 0.0, ""mixed_rule_policy"": 1.0, ""randomized_legal_policy"": 1.0, ""risk_heterogeneous_policy"": 0.0, ""seat_order_neutral_policy"": 1.0, ""speech_and_herding_policy"": 1.0}",0.18442777839082938,3,0.2380952380952381,0.0,regime_mixed_rule_policy_seed_63_base_3,mixed_rule_policy_seed_63_game_3_wolf_kill,0.28858648792722763,1.143543749793731,0,0.7250758133651124,0.0,0.5771729758544553,0,0,6deaeca76631984c8989474967e9616d872b7bf42507ad689c408ea5400db0e3,0.628,night,0,1,0.2250758133651124,0.28500000000000003,0,1,1,63,1,regime_mixed_rule_policy_seed_63_base_3,A_in_distribution,train,0.2623869534381622,0.3333333333333333,hunter
1,1,2,0.3,0,0,0,0,werewolf,0.0,wolf,0,1,,1,10,regime_mixed_rule_policy_seed_64_base_1,1,mixed_rule_policy,1,0,0,0,0,4,1,0,0,0,0,0.3,7,0.0,0,0.0059941611868955524,0,0,0.0,0,0,0,0,0,1.425,0.0,0.5,7,0.3,0,0,0,0,0,0,0,df057f75876da4b9e3c0e471cadd4c792be887d4535f178d0519979dc6cdaadc,wolf_kill,0,0,1,in_distribution,,threat_based,0.8645434465292623,0.0,2,7,0.0,0.8571428571428571,"{'baseline_rule_policy': 1.0, 'randomized_legal_policy': 0.0, 'mixed_rule_policy': 1.0, 'seat_order_neutral_policy': 1.0, 'speech_and_herding_policy': 1.0, 'deception_enabled_policy': 1.0, 'risk_heterogeneous_policy': 1.0}","{""baseline_rule_policy"": 1.0, ""deception_enabled_policy"": 1.0, ""mixed_rule_policy"": 1.0, ""randomized_legal_policy"": 0.0, ""risk_heterogeneous_policy"": 1.0, ""seat_order_neutral_policy"": 1.0, ""speech_and_herding_policy"": 1.0}",0.14285714285714285,1,0.14285714285714285,0.0,regime_mixed_rule_policy_seed_64_base_1,mixed_rule_policy_seed_64_game_1_wolf_kill,0.75,1.143543749793731,0,0.7523435293511326,0.5,1.0,0,0,6228cab9de102b1c3aede541cc67f5150df0432a5f485d692c819b5b7545b52f,0.628,night,0,1,0.2523435293511326,0.28500000000000003,0,1,1,64,7,regime_mixed_rule_policy_seed_64_base_1,A_in_distribution,train,0.29277157163239675,0.3333333333333333,seer
1,0,2,0.3,0,0,0,0,werewolf,0.0,wolf,0,1,,1,10,regime_mixed_rule_policy_seed_64_base_1,1,mixed_rule_policy,1,0,0,0,0,1,1,0,0,0,0,0.3,10,0.0,0,0.0059941611868955524,0,0,0.0,1,0,0,0,0,1.425,0.0,0.5,10,0.3,0,0,0,0,0,0,0,df057f75876da4b9e3c0e471cadd4c792be887d4535f178d0519979dc6cdaadc,wolf_kill,0,0,1,in_distribution,,threat_based,1.1837751705171962,0.0,2,7,0.0,0.5714285714285714,"{'baseline_rule_policy': 0.0, 'randomized_legal_policy': 0.0, 'mixed_rule_policy': 0.0, 'seat_order_neutral_policy': 1.0, 'speech_and_herding_policy': 1.0, 'deception_enabled_policy': 1.0, 'risk_heterogeneous_policy': 1.0}","{""baseline_rule_policy"": 0.0, ""deception_enabled_policy"": 1.0, ""mixed_rule_policy"": 0.0, ""randomized_legal_policy"": 0.0, ""risk_heterogeneous_policy"": 1.0, ""seat_order_neutral_policy"": 1.0, ""speech_and_herding_policy"": 1.0}",0.20203050891044216,4,0.28571428571428575,0.0,regime_mixed_rule_policy_seed_64_base_1,mixed_rule_policy_seed_64_game_1_wolf_kill,0.25,1.5958918549960293,0,0.7034612754489976,0.5,0.0,0,0,6228cab9de102b1c3aede541cc67f5150df0432a5f485d692c819b5b7545b52f,0.628,night,0,1,0.2034612754489976,0.28500000000000003,0,1,1,64,7,regime_mixed_rule_policy_seed_64_base_1,A_in_distribution,train,0.3858292430191816,1.0,witch
1,0,2,0.3,0,0,0,0,werewolf,0.0,wolf,0,1,,1,10,regime_mixed_rule_policy_seed_64_base_1,1,mixed_rule_policy,1,0,0,0,0,5,0,0,0,0,0,0.3,6,0.0,0,0.0059941611868955524,0,0,0.0,1,0,0,0,0,1.425,0.0,0.5,6,0.3,0,0,0,0,0,0,0,df057f75876da4b9e3c0e471cadd4c792be887d4535f178d0519979dc6cdaadc,wolf_kill,0,0,1,in_distribution,,threat_based,1.228336431303814,0.0,2,7,0.0,0.7142857142857143,"{'baseline_rule_policy': 0.0, 'randomized_legal_policy': 1.0, 'mixed_rule_policy': 1.0, 'seat_order_neutral_policy': 1.0, 'speech_and_herding_policy': 1.0, 'deception_enabled_policy': 1.0, 'risk_heterogeneous_policy': 0.0}","{""baseline_rule_policy"": 0.0, ""deception_enabled_policy"": 1.0, ""mixed_rule_policy"": 1.0, ""randomized_legal_policy"": 1.0, ""risk_heterogeneous_policy"": 0.0, ""seat_order_neutral_policy"": 1.0, ""speech_and_herding_policy"": 1.0}",0.18442777839082938,3,0.2380952380952381,0.0,regime_mixed_rule_policy_seed_64_base_1,mixed_rule_policy_seed_64_game_1_wolf_kill,0.6886877577403019,1.7451661817256576,0,0.746349368164237,0.5,0.8773755154806037,0,0,6228cab9de102b1c3aede541cc67f5150df0432a5f485d692c819b5b7545b52f,0.628,night,0,1,0.24634936816423703,0.28500000000000003,0,1,1,64,7,regime_mixed_rule_policy_seed_64_base_1,A_in_distribution,train,0.3557533404409853,1.0,villager
1,0,2,0.3,0,0,0,0,werewolf,0.0,wolf,0,1,,1,10,regime_mixed_rule_policy_seed_64_base_1,1,mixed_rule_policy,1,0,0,0,0,1,1,0,0,0,0,0.3,2,0.0,0,0.0059941611868955524,0,0,0.0,0,1,0,0,0,1.425,0.0,0.5,2,0.3,0,0,0,0,0,0,0,df057f75876da4b9e3c0e471cadd4c792be887d4535f178d0519979dc6cdaadc,wolf_kill,0,0,1,in_distribution,,threat_based,0.9806093569137144,0.0,2,7,0.0,0.8571428571428571,"{'baseline_rule_policy': 1.0, 'randomized_legal_policy': 1.0, 'mixed_rule_policy': 1.0, 'seat_order_neutral_policy': 1.0, 'speech_and_herding_policy': 1.0, 'deception_enabled_policy': 1.0, 'risk_heterogeneous_policy': 0.0}","{""baseline_rule_policy"": 1.0, ""deception_enabled_policy"": 1.0, ""mixed_rule_policy"": 1.0, ""randomized_legal_policy"": 1.0, ""risk_heterogeneous_policy"": 0.0, ""seat_order_neutral_policy"": 1.0, ""speech_and_herding_policy"": 1.0}",0.14285714285714285,1,0.14285714285714285,0.0,regime_mixed_rule_policy_seed_64_base_1,mixed_rule_policy_seed_64_game_1_wolf_kill,0.4210288802115544,1.3232578740557186,0,0.7201818297431957,0.5,0.3420577604231087,0,0,6228cab9de102b1c3aede541cc67f5150df0432a5f485d692c819b5b7545b52f,0.628,night,0,1,0.22018182974319567,0.28500000000000003,0,1,1,64,7,regime_mixed_rule_policy_seed_64_base_1,A_in_distribution,train,0.3189804198858551,0.3333333333333333,hunter
1,1,2,0.3,0,0,0,0,werewolf,0.0,wolf,0,1,,5,10,regime_mixed_rule_policy_seed_64_base_2,2,mixed_rule_policy,1,0,0,0,0,5,1,0,0,0,0,0.3,10,0.0,0,0.006164652745390464,0,0,0.0,1,0,0,0,0,1.425,0.0,0.5,10,0.3,0,0,0,0,0,0,0,6f6bdb457c7b72757503eb999aa5474dcb3b391c6b69d180399712701b362413,wolf_kill,0,0,1,in_distribution,,threat_based,1.3312662845590213,0.0,3,7,0.42857142857142855,0.42857142857142855,"{'baseline_rule_policy': 1.0, 'randomized_legal_policy': 1.0, 'mixed_rule_policy': 0.0, 'seat_order_neutral_policy': 1.0, 'speech_and_herding_policy': 0.0, 'deception_enabled_policy': 0.0, 'risk_heterogeneous_policy': 0.0}","{""baseline_rule_policy"": 1.0, ""deception_enabled_policy"": 0.0, ""mixed_rule_policy"": 0.0, ""randomized_legal_policy"": 1.0, ""risk_heterogeneous_policy"": 0.0, ""seat_order_neutral_policy"": 1.0, ""speech_and_herding_policy"": 0.0}",0.20203050891044214,4,0.2857142857142857,0.0,regime_mixed_rule_policy_seed_64_base_2,mixed_rule_policy_seed_64_game_2_wolf_kill,0.6062326076662365,1.7451661817256576,0,0.654342461707631,0.5,0.712465215332473,0,0,6cb48fed7a719fb2d26b28f5a43d9f4240624d8ab4166511f65565dd77d857ba,0.628,night,0,1,0.154342461707631,0.315,0,1,1,64,10,regime_mixed_rule_policy_seed_64_base_2,A_in_distribution,train,0.4586831936961924,1.0,seer
1,0,2,0.3,0,0,0,0,werewolf,0.0,wolf,0,1,,5,10,regime_mixed_rule_policy_seed_64_base_2,2,mixed_rule_policy,1,0,0,0,0,4,0,0,0,0,0,0.3,1,0.0,0,0.006164652745390464,0,0,0.0,1,1,0,0,0,1.425,0.0,0.5,1,0.3,0,0,0,0,0,0,0,6f6bdb457c7b72757503eb999aa5474dcb3b391c6b69d180399712701b362413,wolf_kill,0,0,1,in_distribution,,threat_based,1.1430120209361054,0.0,3,7,0.42857142857142855,0.7142857142857143,"{'baseline_rule_policy': 1.0, 'randomized_legal_policy': 0.0, 'mixed_rule_policy': 1.0, 'seat_order_neutral_policy': 1.0, 'speech_and_herding_policy': 0.0, 'deception_enabled_policy': 1.0, 'risk_heterogeneous_policy': 1.0}","{""baseline_rule_policy"": 1.0, ""deception_enabled_policy"": 1.0, ""mixed_rule_policy"": 1.0, ""randomized_legal_policy"": 0.0, ""risk_heterogeneous_policy"": 1.0, ""seat_order_neutral_policy"": 1.0, ""speech_and_herding_policy"": 0.0}",0.18442777839082938,2,0.2380952380952381,0.0,regime_mixed_rule_policy_seed_64_base_2,mixed_rule_policy_seed_64_game_2_wolf_kill,0.3602596395879203,1.5275252316519494,0,0.6437953000158089,0.5,0.2205192791758406,0,0,6cb48fed7a719fb2d26b28f5a43d9f4240624d8ab4166511f65565dd77d857ba,0.628,night,0,1,0.14379530001580887,0.315,0,1,1,64,10,regime_mixed_rule_policy_seed_64_base_2,A_in_distribution,train,0.3792494051101308,0.6666666666666666,villager
1,0,2,0.3,0,0,0,0,werewolf,0.0,wolf,0,1,,5,10,regime_mixed_rule_policy_seed_64_base_2,2,mixed_rule_policy,1,0,0,0,0,2,0,0,0,0,0,0.3,3,0.0,0,0.006164652745390464,0,0,0.0,0,1,0,0,0,1.425,0.0,0.5,3,0.3,0,0,0,0,0,0,0,6f6bdb457c7b72757503eb999aa5474dcb3b391c6b69d180399712701b362413,wolf_kill,0,0,1,in_distribution,,threat_based,1.080608226577874,0.0,3,7,0.42857142857142855,0.8571428571428571,"{'baseline_rule_policy': 1.0, 'randomized_legal_policy': 1.0, 'mixed_rule_policy': 1.0, 'seat_order_neutral_policy': 1.0, 'speech_and_herding_policy': 1.0, 'deception_enabled_policy': 1.0, 'risk_heterogeneous_policy': 0.0}","{""baseline_rule_policy"": 1.0, ""deception_enabled_policy"": 1.0, ""mixed_rule_policy"": 1.0, ""randomized_legal_policy"": 1.0, ""risk_heterogeneous_policy"": 0.0, ""seat_order_neutral_policy"": 1.0, ""speech_and_herding_policy"": 1.0}",0.14285714285714285,1,0.14285714285714285,0.0,regime_mixed_rule_policy_seed_64_base_2,mixed_rule_policy_seed_64_game_2_wolf_kill,0.25,1.5275252316519494,0,0.6390674380238945,0.5,0.0,0,0,6cb48fed7a719fb2d26b28f5a43d9f4240624d8ab4166511f65565dd77d857ba,0.628,night,0,1,0.13906743802389454,0.315,0,1,1,64,10,regime_mixed_rule_policy_seed_64_base_2,A_in_distribution,train,0.3168456107518994,1.0,villager
1,0,2,0.3,0,0,0,0,werewolf,0.0,wolf,0,1,,5,10,regime_mixed_rule_policy_seed_64_base_2,2,mixed_rule_policy,1,0,0,0,0,4,1,0,0,0,0,0.3,9,0.0,0,0.006164652745390464,0,0,0.0,0,0,0,0,0,1.425,0.0,0.5,9,0.3,0,0,0,0,0,0,0,6f6bdb457c7b72757503eb999aa5474dcb3b391c6b69d180399712701b362413,wolf_kill,0,0,1,in_distribution,,threat_based,1.145790269201135,0.0,3,7,0.42857142857142855,0.5714285714285714,"{'baseline_rule_policy': 0.0, 'randomized_legal_policy': 1.0, 'mixed_rule_policy': 1.0, 'seat_order_neutral_policy': 1.0, 'speech_and_herding_policy': 1.0, 'deception_enabled_policy': 0.0, 'risk_heterogeneous_policy': 0.0}","{""baseline_rule_policy"": 0.0, ""deception_enabled_policy"": 0.0, ""mixed_rule_policy"": 1.0, ""randomized_legal_policy"": 1.0, ""risk_heterogeneous_policy"": 0.0, ""seat_order_neutral_policy"": 1.0, ""speech_and_herding_policy"": 1.0}",0.20203050891044216,3,0.28571428571428575,0.0,regime_mixed_rule_policy_seed_64_base_2,mixed_rule_policy_seed_64_game_2_wolf_kill,0.75,1.5275252316519494,0,0.6605071144530215,0.5,1.0,0,0,6cb48fed7a719fb2d26b28f5a43d9f4240624d8ab4166511f65565dd77d857ba,0.628,night,0,1,0.16050711445302146,0.315,0,1,1,64,10,regime_mixed_rule_policy_seed_64_base_2,A_in_distribution,train,0.38202765337516026,1.0,witch
1,1,2,0.3,0,0,0,0,werewolf,0.0,wolf,0,1,,1,10,regime_mixed_rule_policy_seed_64_base_3,3,mixed_rule_policy,1,0,0,0,0,4,1,0,0,0,0,0.3,5,0.0,0,0.011229127925802218,0,0,0.0,1,1,0,0,0,1.425,0.0,0.5,5,0.3,0,0,0,0,0,0,0,70f8aac442fdd1c22a3a9b57185cf80325d4544e04cf70a04e59c09d47111656,wolf_kill,0,0,1,in_distribution,,threat_based,1.0966344003067792,0.0,3,7,0.0,0.5714285714285714,"{'baseline_rule_policy': 0.0, 'randomized_legal_policy': 0.0, 'mixed_rule_policy': 1.0, 'seat_order_neutral_policy': 1.0, 'speech_and_herding_policy': 1.0, 'deception_enabled_policy': 1.0, 'risk_heterogeneous_policy': 0.0}","{""baseline_rule_policy"": 0.0, ""deception_enabled_policy"": 1.0, ""mixed_rule_policy"": 1.0, ""randomized_legal_policy"": 0.0, ""risk_heterogeneous_policy"": 0.0, ""seat_order_neutral_policy"": 1.0, ""speech_and_herding_policy"": 1.0}",0.20203050891044216,1,0.28571428571428575,0.0,regime_mixed_rule_policy_seed_64_base_3,mixed_rule_policy_seed_64_game_3_wolf_kill,0.6190880473473218,1.5275252316519494,0,0.6434543168988188,0.5,0.7381760946946436,0,0,da40edf49367ecc0bfb53d7ad9fc9cae5308d6fdc429e34783444900e4b9a5e9,0.628,night,0,1,0.14345431689881882,0.315,0,1,1,64,5,regime_mixed_rule_policy_seed_64_base_3,A_in_distribution,train,0.33287178448080434,0.6666666666666666,seer
1,0,2,0.3,0,0,0,0,werewolf,0.0,wolf,0,1,,1,10,regime_mixed_rule_policy_seed_64_base_3,3,mixed_rule_policy,1,0,0,0,0,1,0,0,0,0,0,0.3,10,0.0,0,0.011229127925802218,0,0,0.0,1,0,0,0,0,1.425,0.0,0.5,10,0.3,0,0,0,0,0,0,0,70f8aac442fdd1c22a3a9b57185cf80325d4544e04cf70a04e59c09d47111656,wolf_kill,0,0,1,in_distribution,,threat_based,1.2286363515833334,0.0,3,7,0.0,0.2857142857142857,"{'baseline_rule_policy': 0.0, 'randomized_legal_policy': 0.0, 'mixed_rule_policy': 1.0, 'seat_order_neutral_policy': 0.0, 'speech_and_herding_policy': 0.0, 'deception_enabled_policy': 0.0, 'risk_heterogeneous_policy': 1.0}","{""baseline_rule_policy"": 0.0, ""deception_enabled_policy"": 0.0, ""mixed_rule_policy"": 1.0, ""randomized_legal_policy"": 0.0, ""risk_heterogeneous_policy"": 1.0, ""seat_order_neutral_policy"": 0.0, ""speech_and_herding_policy"": 0.0}",0.18442777839082938,3,0.2380952380952381,0.0,regime_mixed_rule_policy_seed_64_base_3,mixed_rule_policy_seed_64_game_3_wolf_kill,0.25,1.5958918549960293,0,0.6117953521093815,0.5,0.0,0,0,da40edf49367ecc0bfb53d7ad9fc9cae5308d6fdc429e34783444900e4b9a5e9,0.628,night,0,1,0.11179535210938152,0.315,0,1,1,64,5,regime_mixed_rule_policy_seed_64_base_3,A_in_distribution,train,0.43069042408531866,0.3333333333333333,villager
1,0,2,0.3,0,0,0,0,werewolf,0.0,wolf,0,1,,1,10,regime_mixed_rule_policy_seed_64_base_3,3,mixed_rule_policy,1,0,0,0,0,5,0,0,0,0,0,0.3,6,0.0,0,0.011229127925802218,0,0,0.0,1,0,0,0,0,1.425,0.0,0.5,6,0.3,0,0,0,0,0,0,0,70f8aac442fdd1c22a3a9b57185cf80325d4544e04cf70a04e59c09d47111656,wolf_kill,0,0,1,in_distribution,,threat_based,1.2765515003516854,0.0,3,7,0.0,0.2857142857142857,"{'baseline_rule_policy': 0.0, 'randomized_legal_policy': 1.0, 'mixed_rule_policy': 0.0, 'seat_order_neutral_policy': 0.0, 'speech_and_herding_policy': 0.0, 'deception_enabled_policy': 0.0, 'risk_heterogeneous_policy': 1.0}","{""baseline_rule_policy"": 0.0, ""deception_enabled_policy"": 0.0, ""mixed_rule_policy"": 0.0, ""randomized_legal_policy"": 1.0, ""risk_heterogeneous_policy"": 1.0, ""seat_order_neutral_policy"": 0.0, ""speech_and_herding_policy"": 0.0}",0.18442777839082938,3,0.2380952380952381,0.0,regime_mixed_rule_policy_seed_64_base_3,mixed_rule_policy_seed_64_game_3_wolf_kill,0.75,1.7451661817256576,0,0.654683444824621,0.5,1.0,0,0,da40edf49367ecc0bfb53d7ad9fc9cae5308d6fdc429e34783444900e4b9a5e9,0.628,night,0,1,0.15468344482462104,0.315,0,1,1,64,5,regime_mixed_rule_policy_seed_64_base_3,A_in_distribution,train,0.40396840948885654,0.6666666666666666,villager
1,0,2,0.3,0,0,0,0,werewolf,0.0,wolf,0,1,,1,10,regime_mixed_rule_policy_seed_64_base_3,3,mixed_rule_policy,1,0,0,0,0,2,0,0,0,0,0,0.3,3,0.0,0,0.011229127925802218,0,0,0.0,0,1,0,0,0,1.425,0.0,0.5,3,0.3,0,0,0,0,0,0,0,70f8aac442fdd1c22a3a9b57185cf80325d4544e04cf70a04e59c09d47111656,wolf_kill,0,0,1,in_distribution,,threat_based,1.080608226577874,0.0,3,7,0.0,0.5714285714285714,"{'baseline_rule_policy': 0.0, 'randomized_legal_policy': 1.0, 'mixed_rule_policy': 1.0, 'seat_order_neutral_policy': 0.0, 'speech_and_herding_policy': 1.0, 'deception_enabled_policy': 0.0, 'risk_heterogeneous_policy': 1.0}","{""baseline_rule_policy"": 0.0, ""deception_enabled_policy"": 0.0, ""mixed_rule_policy"": 1.0, ""randomized_legal_policy"": 1.0, ""risk_heterogeneous_policy"": 1.0, ""seat_order_neutral_policy"": 0.0, ""speech_and_herding_policy"": 1.0}",0.20203050891044216,1,0.28571428571428575,0.0,regime_mixed_rule_policy_seed_64_base_3,mixed_rule_policy_seed_64_game_3_wolf_kill,0.5679447276379158,1.5275252316519494,0,0.6390674380238945,0.5,0.6358894552758316,0,0,da40edf49367ecc0bfb53d7ad9fc9cae5308d6fdc429e34783444900e4b9a5e9,0.628,night,0,1,0.13906743802389454,0.315,0,1,1,64,5,regime_mixed_rule_policy_seed_64_base_3,A_in_distribution,train,0.3168456107518994,1.0,villager
1,1,2,0.3,0,0,0,0,werewolf,0.0,wolf,0,1,,7,10,regime_seat_order_neutral_policy_seed_60_base_1,1,seat_order_neutral_policy,1,0,0,0,0,1,0,0,0,0,0,0.3,8,0.0,0,0.02726771598602018,0,0,0.0,0,0,0,0,0,1.425,0.0,0.5,8,0.3,0,0,0,0,0,0,0,b4f59b81804487aa30c07ac17d561799ad758f210478e84d7990f3faf4e5eedd,wolf_kill,0,0,1,in_distribution,,random,1.1477113514596613,0.0,9,7,0.2857142857142857,0.5714285714285714,"{'baseline_rule_policy': 0.0, 'randomized_legal_policy': 1.0, 'mixed_rule_policy': 1.0, 'seat_order_neutral_policy': 1.0, 'speech_and_herding_policy': 1.0, 'deception_enabled_policy': 0.0, 'risk_heterogeneous_policy': 0.0}","{""baseline_rule_policy"": 0.0, ""deception_enabled_policy"": 0.0, ""mixed_rule_policy"": 1.0, ""randomized_legal_policy"": 1.0, ""risk_heterogeneous_policy"": 0.0, ""seat_order_neutral_policy"": 1.0, ""speech_and_herding_policy"": 1.0}",0.20203050891044216,2,0.28571428571428575,0.0,regime_seat_order_neutral_policy_seed_60_base_1,seat_order_neutral_policy_seed_60_game_1_wolf_kill,0.25,1.5275252316519494,0,0.628682028033582,0.5,0.0,0,0,804f91b1f1830a2b90455c51ad8a7c79c5d74bac60b965c153ce99195c67322f,0.628,night,0,1,0.12868202803358197,0.315,0,1,1,60,8,regime_seat_order_neutral_policy_seed_60_base_1,A_in_distribution,train,0.38394873563368664,0.6666666666666666,villager
1,0,2,0.3,0,0,0,0,werewolf,0.0,wolf,0,1,,7,10,regime_seat_order_neutral_policy_seed_60_base_1,1,seat_order_neutral_policy,1,0,0,0,0,4,0,0,0,0,0,0.3,1,0.0,0,0.02726771598602018,0,0,0.0,1,1,0,0,0,1.425,0.0,0.5,1,0.3,0,0,0,0,0,0,0,b4f59b81804487aa30c07ac17d561799ad758f210478e84d7990f3faf4e5eedd,wolf_kill,0,0,1,in_distribution,,random,1.1430120209361054,0.0,9,7,0.2857142857142857,0.42857142857142855,"{'baseline_rule_policy': 0.0, 'randomized_legal_policy': 1.0, 'mixed_rule_policy': 0.0, 'seat_order_neutral_policy': 0.0, 'speech_and_herding_policy': 0.0, 'deception_enabled_policy': 1.0, 'risk_heterogeneous_policy': 1.0}","{""baseline_rule_policy"": 0.0, ""deception_enabled_policy"": 1.0, ""mixed_rule_policy"": 0.0, ""randomized_legal_policy"": 1.0, ""risk_heterogeneous_policy"": 1.0, ""seat_order_neutral_policy"": 0.0, ""speech_and_herding_policy"": 0.0}",0.20203050891044214,3,0.2857142857142857,0.0,regime_seat_order_neutral_policy_seed_60_base_1,seat_order_neutral_policy_seed_60_game_1_wolf_kill,0.4283024972606838,1.5275252316519494,0,0.6437953000158089,0.5,0.3566049945213676,0,0,804f91b1f1830a2b90455c51ad8a7c79c5d74bac60b965c153ce99195c67322f,0.628,night,0,1,0.14379530001580887,0.315,0,1,1,60,8,regime_seat_order_neutral_policy_seed_60_base_1,A_in_distribution,train,0.3792494051101308,0.6666666666666666,villager
1,0,2,0.3,0,0,0,0,werewolf,0.0,wolf,0,1,,7,10,regime_seat_order_neutral_policy_seed_60_base_1,1,seat_order_neutral_policy,1,0,0,0,0,5,0,0,0,0,0,0.3,2,0.0,0,0.02726771598602018,0,0,0.0,0,1,0,0,0,1.425,0.0,0.5,2,0.3,0,0,0,0,0,0,0,b4f59b81804487aa30c07ac17d561799ad758f210478e84d7990f3faf4e5eedd,wolf_kill,0,0,1,in_distribution,,random,1.2766555790145717,0.0,9,7,0.2857142857142857,0.2857142857142857,"{'baseline_rule_policy': 0.0, 'randomized_legal_policy': 1.0, 'mixed_rule_policy': 1.0, 'seat_order_neutral_policy': 0.0, 'speech_and_herding_policy': 0.0, 'deception_enabled_policy': 0.0, 'risk_heterogeneous_policy': 0.0}","{""baseline_rule_policy"": 0.0, ""deception_enabled_policy"": 0.0, ""mixed_rule_policy"": 1.0, ""randomized_legal_policy"": 1.0, ""risk_heterogeneous_policy"": 0.0, ""seat_order_neutral_policy"": 0.0, ""speech_and_herding_policy"": 0.0}",0.18442777839082938,4,0.2380952380952381,0.0,regime_seat_order_neutral_policy_seed_60_base_1,seat_order_neutral_policy_seed_60_game_1_wolf_kill,0.75,1.7451661817256576,0,0.671063016001829,0.5,1.0,0,0,804f91b1f1830a2b90455c51ad8a7c79c5d74bac60b965c153ce99195c67322f,0.628,night,0,1,0.17106301600182905,0.315,0,1,1,60,8,regime_seat_order_neutral_policy_seed_60_base_1,A_in_distribution,train,0.40407248815174296,0.6666666666666666,villager
1,0,2,0.3,0,0,0,0,werewolf,0.0,wolf,0,1,,7,10,regime_seat_order_neutral_policy_seed_60_base_1,1,seat_order_neutral_policy,1,0,0,0,0,2,1,0,0,0,0,0.3,9,0.0,0,0.02726771598602018,0,0,0.0,0,0,0,0,0,1.425,0.0,0.5,9,0.3,0,0,0,0,0,0,0,b4f59b81804487aa30c07ac17d561799ad758f210478e84d7990f3faf4e5eedd,wolf_kill,0,0,1,in_distribution,,random,1.1291351826027622,0.0,9,7,0.2857142857142857,0.8571428571428571,"{'baseline_rule_policy': 1.0, 'randomized_legal_policy': 1.0, 'mixed_rule_policy': 0.0, 'seat_order_neutral_policy': 1.0, 'speech_and_herding_policy': 1.0, 'deception_enabled_policy': 1.0, 'risk_heterogeneous_policy': 1.0}","{""baseline_rule_policy"": 1.0, ""deception_enabled_policy"": 1.0, ""mixed_rule_policy"": 0.0, ""randomized_legal_policy"": 1.0, ""risk_heterogeneous_policy"": 1.0, ""seat_order_neutral_policy"": 1.0, ""speech_and_herding_policy"": 1.0}",0.14285714285714285,1,0.14285714285714285,0.0,regime_seat_order_neutral_policy_seed_60_base_1,seat_order_neutral_policy_seed_60_game_1_wolf_kill,0.37448425728324486,1.5275252316519494,0,0.6392335596538967,0.5,0.24896851456648972,0,0,804f91b1f1830a2b90455c51ad8a7c79c5d74bac60b965c153ce99195c67322f,0.628,night,0,1,0.13923355965389672,0.315,0,1,1,60,8,regime_seat_order_neutral_policy_seed_60_base_1,A_in_distribution,train,0.3653725667767875,0.6666666666666666,hunter
1,1,2,0.3,0,0,0,0,werewolf,0.0,wolf,0,1,,7,10,regime_seat_order_neutral_policy_seed_60_base_2,2,seat_order_neutral_policy,1,0,0,0,0,2,1,0,0,0,0,0.3,9,0.0,0,0.00582366962840053,0,0,0.0,0,0,0,0,0,1.425,0.0,0.5,9,0.3,0,0,0,0,0,0,0,0a3ecbadf4ab0f116e13b42703b3a02bc53adb7bbb472ef4abefece69c4412bb,wolf_kill,0,0,1,in_distribution,,random,1.1291351826027622,0.0,9,7,0.0,0.8571428571428571,"{'baseline_rule_policy': 1.0, 'randomized_legal_policy': 1.0, 'mixed_rule_policy': 1.0, 'seat_order_neutral_policy': 1.0, 'speech_and_herding_policy': 1.0, 'deception_enabled_policy': 1.0, 'risk_heterogeneous_policy': 0.0}","{""baseline_rule_policy"": 1.0, ""deception_enabled_policy"": 1.0, ""mixed_rule_policy"": 1.0, ""randomized_legal_policy"": 1.0, ""risk_heterogeneous_policy"": 0.0, ""seat_order_neutral_policy"": 1.0, ""speech_and_herding_policy"": 1.0}",0.14285714285714285,1,0.14285714285714285,0.0,regime_seat_order_neutral_policy_seed_60_base_2,seat_order_neutral_policy_seed_60_game_2_wolf_kill,0.5607491173856092,1.5275252316519494,0,0.6392335596538967,0.5,0.6214982347712183,0,0,e52f34fab9f3025811aec40b8b7a99e8877eb0843151a590dd5c5f62f1796238,0.628,night,0,1,0.13923355965389672,0.315,0,1,1,60,9,regime_seat_order_neutral_policy_seed_60_base_2,A_in_distribution,train,0.3653725667767875,1.0,hunter
1,0,2,0.3,0,0,0,0,werewolf,0.0,wolf,0,1,,7,10,regime_seat_order_neutral_policy_seed_60_base_2,2,seat_order_neutral_policy,1,0,0,0,0,4,0,0,0,0,0,0.3,1,0.0,0,0.00582366962840053,0,0,0.0,1,1,0,0,0,1.425,0.0,0.5,1,0.3,0,0,0,0,0,0,0,0a3ecbadf4ab0f116e13b42703b3a02bc53adb7bbb472ef4abefece69c4412bb,wolf_kill,0,0,1,in_distribution,,random,1.1430120209361054,0.0,9,7,0.0,0.7142857142857143,"{'baseline_rule_policy': 1.0, 'randomized_legal_policy': 1.0, 'mixed_rule_policy': 1.0, 'seat_order_neutral_policy': 1.0, 'speech_and_herding_policy': 1.0, 'deception_enabled_policy': 0.0, 'risk_heterogeneous_policy': 0.0}","{""baseline_rule_policy"": 1.0, ""deception_enabled_policy"": 0.0, ""mixed_rule_policy"": 1.0, ""randomized_legal_policy"": 1.0, ""risk_heterogeneous_policy"": 0.0, ""seat_order_neutral_policy"": 1.0, ""speech_and_herding_policy"": 1.0}",0.18442777839082938,2,0.2380952380952381,0.0,regime_seat_order_neutral_policy_seed_60_base_2,seat_order_neutral_policy_seed_60_game_2_wolf_kill,0.6438766386442641,1.5275252316519494,0,0.6437953000158089,0.5,0.7877532772885283,0,0,e52f34fab9f3025811aec40b8b7a99e8877eb0843151a590dd5c5f62f1796238,0.628,night,0,1,0.14379530001580887,0.315,0,1,1,60,9,regime_seat_order_neutral_policy_seed_60_base_2,A_in_distribution,train,0.3792494051101308,1.0,villager
1,0,2,0.3,0,0,0,0,werewolf,0.0,wolf,0,1,,7,10,regime_seat_order_neutral_policy_seed_60_base_2,2,seat_order_neutral_policy,1,0,0,0,0,2,0,0,0,0,0,0.3,5,0.0,0,0.00582366962840053,0,0,0.0,1,1,0,0,0,1.425,0.0,0.5,5,0.3,0,0,0,0,0,0,0,0a3ecbadf4ab0f116e13b42703b3a02bc53adb7bbb472ef4abefece69c4412bb,wolf_kill,0,0,1,in_distribution,,random,1.0773795948197171,0.0,9,7,0.0,0.42857142857142855,"{'baseline_rule_policy': 0.0, 'randomized_legal_policy': 1.0, 'mixed_rule_policy': 0.0, 'seat_order_neutral_policy': 1.0, 'speech_and_herding_policy': 1.0, 'deception_enabled_policy': 0.0, 'risk_heterogeneous_policy': 0.0}","{""baseline_rule_policy"": 0.0, ""deception_enabled_policy"": 0.0, ""mixed_rule_policy"": 0.0, ""randomized_legal_policy"": 1.0, ""risk_heterogeneous_policy"": 0.0, ""seat_order_neutral_policy"": 1.0, ""speech_and_herding_policy"": 1.0}",0.20203050891044214,4,0.2857142857142857,0.0,regime_seat_order_neutral_policy_seed_60_base_2,seat_order_neutral_policy_seed_60_game_2_wolf_kill,0.25,1.5275252316519494,0,0.6221807620996942,0.5,0.0,0,0,e52f34fab9f3025811aec40b8b7a99e8877eb0843151a590dd5c5f62f1796238,0.628,night,0,1,0.1221807620996942,0.315,0,1,1,60,9,regime_seat_order_neutral_policy_seed_60_base_2,A_in_distribution,train,0.3136169789937424,0.3333333333333333,villager
1,0,2,0.3,0,0,0,0,werewolf,0.0,wolf,0,1,,7,10,regime_seat_order_neutral_policy_seed_60_base_2,2,seat_order_neutral_policy,1,0,0,0,0,3,1,0,0,0,0,0.3,4,0.0,0,0.00582366962840053,0,0,0.0,0,1,0,0,0,1.425,0.0,0.5,4,0.3,0,0,0,0,0,0,0,0a3ecbadf4ab0f116e13b42703b3a02bc53adb7bbb472ef4abefece69c4412bb,wolf_kill,0,0,1,in_distribution,,random,1.0621714069067747,0.0,9,7,0.0,0.7142857142857143,"{'baseline_rule_policy': 1.0, 'randomized_legal_policy': 1.0, 'mixed_rule_policy': 1.0, 'seat_order_neutral_policy': 1.0, 'speech_and_herding_policy': 0.0, 'deception_enabled_policy': 1.0, 'risk_heterogeneous_policy': 0.0}","{""baseline_rule_policy"": 1.0, ""deception_enabled_policy"": 1.0, ""mixed_rule_policy"": 1.0, ""randomized_legal_policy"": 1.0, ""risk_heterogeneous_policy"": 0.0, ""seat_order_neutral_policy"": 1.0, ""speech_and_herding_policy"": 0.0}",0.18442777839082938,2,0.2380952380952381,0.0,regime_seat_order_neutral_policy_seed_60_base_2,seat_order_neutral_policy_seed_60_game_2_wolf_kill,0.75,1.5275252316519494,0,0.6496189696442094,0.5,1.0,0,0,e52f34fab9f3025811aec40b8b7a99e8877eb0843151a590dd5c5f62f1796238,0.628,night,0,1,0.1496189696442094,0.315,0,1,1,60,9,regime_seat_order_neutral_policy_seed_60_base_2,A_in_distribution,train,0.2984087910808001,1.0,seer
1,1,2,0.3,0,0,0,0,werewolf,0.0,wolf,0,1,,3,10,regime_seat_order_neutral_policy_seed_60_base_3,3,seat_order_neutral_policy,1,0,0,0,0,1,1,0,0,0,0,0.3,4,0.0,0,0.019041449436399405,0,0,0.0,0,1,0,0,0,1.425,0.0,0.5,4,0.3,0,0,0,0,0,0,0,f27c65e056a343ad6f7d74a1f885bc7e5449d99ab0d6d2eedc87c1056a7ef426,wolf_kill,0,0,1,in_distribution,,random,0.9535797292584678,0.0,2,7,0.1428571428571428,0.7142857142857143,"{'baseline_rule_policy': 1.0, 'randomized_legal_policy': 1.0, 'mixed_rule_policy': 1.0, 'seat_order_neutral_policy': 1.0, 'speech_and_herding_policy': 0.0, 'deception_enabled_policy': 0.0, 'risk_heterogeneous_policy': 1.0}","{""baseline_rule_policy"": 1.0, ""deception_enabled_policy"": 0.0, ""mixed_rule_policy"": 1.0, ""randomized_legal_policy"": 1.0, ""risk_heterogeneous_policy"": 1.0, ""seat_order_neutral_policy"": 1.0, ""speech_and_herding_policy"": 0.0}",0.18442777839082938,2,0.2380952380952381,0.0,regime_seat_order_neutral_policy_seed_60_base_3,seat_order_neutral_policy_seed_60_game_3_wolf_kill,0.0,1.3232578740557186,0,0.7200113381847006,0.0,0.0,0,0,179d7a2f1aebf2f77bf121b8bcdc3993012e64144a1cb186e325bfaad09ec47d,0.628,night,0,1,0.22001133818470064,0.28500000000000003,0,1,1,60,4,regime_seat_order_neutral_policy_seed_60_base_3,A_in_distribution,train,0.2919507922306085,0.6666666666666666,seer
1,0,2,0.3,0,0,0,0,werewolf,0.0,wolf,0,1,,3,10,regime_seat_order_neutral_policy_seed_60_base_3,3,seat_order_neutral_policy,1,0,0,0,0,1,0,0,0,0,0,0.3,2,0.0,0,0.019041449436399405,0,0,0.0,0,1,0,0,0,1.425,0.0,0.5,2,0.3,0,0,0,0,0,0,0,f27c65e056a343ad6f7d74a1f885bc7e5449d99ab0d6d2eedc87c1056a7ef426,wolf_kill,0,0,1,in_distribution,,random,0.9806093569137144,0.0,2,7,0.1428571428571428,0.8571428571428571,"{'baseline_rule_policy': 1.0, 'randomized_legal_policy': 1.0, 'mixed_rule_policy': 1.0, 'seat_order_neutral_policy': 1.0, 'speech_and_herding_policy': 1.0, 'deception_enabled_policy': 1.0, 'risk_heterogeneous_policy': 0.0}","{""baseline_rule_policy"": 1.0, ""deception_enabled_policy"": 1.0, ""mixed_rule_policy"": 1.0, ""randomized_legal_policy"": 1.0, ""risk_heterogeneous_policy"": 0.0, ""seat_order_neutral_policy"": 1.0, ""speech_and_herding_policy"": 1.0}",0.14285714285714285,1,0.14285714285714285,0.0,regime_seat_order_neutral_policy_seed_60_base_3,seat_order_neutral_policy_seed_60_game_3_wolf_kill,0.0026365605352480924,1.3232578740557186,0,0.7201818297431957,0.0,0.005273121070496185,0,0,179d7a2f1aebf2f77bf121b8bcdc3993012e64144a1cb186e325bfaad09ec47d,0.628,night,0,1,0.22018182974319567,0.28500000000000003,0,1,1,60,4,regime_seat_order_neutral_policy_seed_60_base_3,A_in_distribution,train,0.3189804198858551,0.6666666666666666,villager
1,0,2,0.3,0,0,0,0,werewolf,0.0,wolf,0,1,,3,10,regime_seat_order_neutral_policy_seed_60_base_3,3,seat_order_neutral_policy,1,0,0,0,0,3,1,0,0,0,0,0.15,10,0.0,0,0.019041449436399405,0,0,0.0,1,0,0,0,0,1.4625,0.0,0.5,10,0.15,0,0,0,0,0,0,0,f27c65e056a343ad6f7d74a1f885bc7e5449d99ab0d6d2eedc87c1056a7ef426,wolf_kill,0,0,1,mild_shift,,random,2.399709531257309,0.0,2,7,0.1428571428571428,0.5714285714285714,"{'baseline_rule_policy': 1.0, 'randomized_legal_policy': 1.0, 'mixed_rule_policy': 1.0, 'seat_order_neutral_policy': 1.0, 'speech_and_herding_policy': 0.0, 'deception_enabled_policy': 0.0, 'risk_heterogeneous_policy': 0.0}","{""baseline_rule_policy"": 1.0, ""deception_enabled_policy"": 0.0, ""mixed_rule_policy"": 1.0, ""randomized_legal_policy"": 1.0, ""risk_heterogeneous_policy"": 0.0, ""seat_order_neutral_policy"": 1.0, ""speech_and_herding_policy"": 0.0}",0.20203050891044216,3,0.28571428571428575,0.0,regime_seat_order_neutral_policy_seed_60_base_3,seat_order_neutral_policy_seed_60_game_3_wolf_kill,0.7055341944135123,3.147870853305598,0,0.7333020799147332,1.0,0.4110683888270245,0,0,179d7a2f1aebf2f77bf121b8bcdc3993012e64144a1cb186e325bfaad09ec47d,0.664,night,0,1,0.23330207991473317,0.28500000000000003,0,1,1,60,4,regime_seat_order_neutral_policy_seed_60_base_3,A_in_distribution,train,0.8257741046045101,0.6666666666666666,hunter
1,0,2,0.3,0,0,0,0,werewolf,0.0,wolf,0,1,,3,10,regime_seat_order_neutral_policy_seed_60_base_3,3,seat_order_neutral_policy,1,0,0,0,0,4,0,0,0,0,0,0.3,7,0.0,0,0.019041449436399405,0,0,0.0,0,0,0,0,0,1.425,0.0,0.5,7,0.3,0,0,0,0,0,0,0,f27c65e056a343ad6f7d74a1f885bc7e5449d99ab0d6d2eedc87c1056a7ef426,wolf_kill,0,0,1,in_distribution,,random,0.8645434465292623,0.0,2,7,0.1428571428571428,0.5714285714285714,"{'baseline_rule_policy': 1.0, 'randomized_legal_policy': 0.0, 'mixed_rule_policy': 1.0, 'seat_order_neutral_policy': 0.0, 'speech_and_herding_policy': 1.0, 'deception_enabled_policy': 1.0, 'risk_heterogeneous_policy': 0.0}","{""baseline_rule_policy"": 1.0, ""deception_enabled_policy"": 1.0, ""mixed_rule_policy"": 1.0, ""randomized_legal_policy"": 0.0, ""risk_heterogeneous_policy"": 0.0, ""seat_order_neutral_policy"": 0.0, ""speech_and_herding_policy"": 1.0}",0.20203050891044216,3,0.28571428571428575,0.0,regime_seat_order_neutral_policy_seed_60_base_3,seat_order_neutral_policy_seed_60_game_3_wolf_kill,0.5,1.143543749793731,0,0.7523435293511326,0.0,1.0,0,0,179d7a2f1aebf2f77bf121b8bcdc3993012e64144a1cb186e325bfaad09ec47d,0.628,night,0,1,0.2523435293511326,0.28500000000000003,0,1,1,60,4,regime_seat_order_neutral_policy_seed_60_base_3,A_in_distribution,train,0.29277157163239675,0.3333333333333333,villager
1,1,2,0.3,0,0,0,0,werewolf,0.0,wolf,0,1,,7,10,regime_seat_order_neutral_policy_seed_61_base_1,1,seat_order_neutral_policy,1,0,0,0,0,4,0,0,0,0,0,0.3,1,0.0,0,0.004005509304698784,0,0,0.0,1,1,0,0,0,1.425,0.0,0.5,1,0.3,0,0,0,0,0,0,0,6f336e03b41dd527811441fa684150e6ffe8c17b860eab88d6696fb66abb7f0f,wolf_kill,0,0,1,in_distribution,,random,0.9827256358156051,0.0,1,7,0.0,0.7142857142857143,"{'baseline_rule_policy': 1.0, 'randomized_legal_policy': 1.0, 'mixed_rule_policy': 0.0, 'seat_order_neutral_policy': 1.0, 'speech_and_herding_policy': 0.0, 'deception_enabled_policy': 1.0, 'risk_heterogeneous_policy': 1.0}","{""baseline_rule_policy"": 1.0, ""deception_enabled_policy"": 1.0, ""mixed_rule_policy"": 0.0, ""randomized_legal_policy"": 1.0, ""risk_heterogeneous_policy"": 1.0, ""seat_order_neutral_policy"": 1.0, ""speech_and_herding_policy"": 0.0}",0.18442777839082938,1,0.2380952380952381,0.0,regime_seat_order_neutral_policy_seed_61_base_1,seat_order_neutral_policy_seed_61_game_1_wolf_kill,0.44384454830139547,1.3106228218938725,0,0.735461223355425,0.0,0.8876890966027909,0,0,bcfdf605129b446ab6b03291ac180af50483664f7bcb1a54622f818201816dc8,0.628,night,0,1,0.23546122335542496,0.28500000000000003,0,1,1,61,1,regime_seat_order_neutral_policy_seed_61_base_1,A_in_distribution,train,0.32741422486866884,0.6666666666666666,villager
1,0,2,0.3,0,0,0,0,werewolf,0.0,wolf,0,1,,7,10,regime_seat_order_neutral_policy_seed_61_base_1,1,seat_order_neutral_policy,1,0,0,0,0,3,1,0,0,0,0,0.3,10,0.0,0,0.004005509304698784,0,0,0.0,1,0,0,0,0,1.425,0.0,0.5,10,0.3,0,0,0,0,0,0,0,6f336e03b41dd527811441fa684150e6ffe8c17b860eab88d6696fb66abb7f0f,wolf_kill,0,0,1,in_distribution,,random,1.138602220040722,0.0,1,7,0.0,0.5714285714285714,"{'baseline_rule_policy': 0.0, 'randomized_legal_policy': 1.0, 'mixed_rule_policy': 1.0, 'seat_order_neutral_policy': 1.0, 'speech_and_herding_policy': 0.0, 'deception_enabled_policy': 1.0, 'risk_heterogeneous_policy': 0.0}","{""baseline_rule_policy"": 0.0, ""deception_enabled_policy"": 1.0, ""mixed_rule_policy"": 1.0, ""randomized_legal_policy"": 1.0, ""risk_heterogeneous_policy"": 0.0, ""seat_order_neutral_policy"": 1.0, ""speech_and_herding_policy"": 0.0}",0.20203050891044216,4,0.28571428571428575,0.0,regime_seat_order_neutral_policy_seed_61_base_1,seat_order_neutral_policy_seed_61_game_1_wolf_kill,0.2934653070571464,1.5958918549960293,0,0.7247348302481222,0.0,0.5869306141142928,0,0,bcfdf605129b446ab6b03291ac180af50483664f7bcb1a54622f818201816dc8,0.628,night,0,1,0.22473483024812224,0.28500000000000003,0,1,1,61,1,regime_seat_order_neutral_policy_seed_61_base_1,A_in_distribution,train,0.3406562925427073,0.6666666666666666,hunter
1,0,2,0.3,0,0,0,0,werewolf,0.0,wolf,0,1,,7,10,regime_seat_order_neutral_policy_seed_61_base_1,1,seat_order_neutral_policy,1,0,0,0,0,2,0,0,0,0,0,0.15,9,0.0,0,0.004005509304698784,0,0,0.0,0,0,0,0,0,1.4625,0.0,0.5,9,0.15,0,0,0,0,0,0,0,6f336e03b41dd527811441fa684150e6ffe8c17b860eab88d6696fb66abb7f0f,wolf_kill,0,0,1,mild_shift,,random,2.388013578987978,0.0,1,7,0.0,0.7142857142857143,"{'baseline_rule_policy': 0.0, 'randomized_legal_policy': 1.0, 'mixed_rule_policy': 1.0, 'seat_order_neutral_policy': 1.0, 'speech_and_herding_policy': 0.0, 'deception_enabled_policy': 1.0, 'risk_heterogeneous_policy': 1.0}","{""baseline_rule_policy"": 0.0, ""deception_enabled_policy"": 1.0, ""mixed_rule_policy"": 1.0, ""randomized_legal_policy"": 1.0, ""risk_heterogeneous_policy"": 1.0, ""seat_order_neutral_policy"": 1.0, ""speech_and_herding_policy"": 0.0}",0.18442777839082938,1,0.2380952380952381,0.0,regime_seat_order_neutral_policy_seed_61_base_1,seat_order_neutral_policy_seed_61_game_1_wolf_kill,1.0,3.147870853305598,0,0.7394667326601237,1.0,1.0,0,0,bcfdf605129b446ab6b03291ac180af50483664f7bcb1a54622f818201816dc8,0.664,night,0,1,0.23946673266012375,0.28500000000000003,0,1,1,61,1,regime_seat_order_neutral_policy_seed_61_base_1,A_in_distribution,train,0.814078152335179,0.6666666666666666,villager
1,0,2,0.3,0,0,0,0,werewolf,0.0,wolf,0,1,,7,10,regime_seat_order_neutral_policy_seed_61_base_1,1,seat_order_neutral_policy,1,0,0,0,0,1,1,0,0,0,0,0.3,6,0.0,0,0.004005509304698784,0,0,0.0,1,0,0,0,0,1.425,0.0,0.5,6,0.3,0,0,0,0,0,0,0,6f336e03b41dd527811441fa684150e6ffe8c17b860eab88d6696fb66abb7f0f,wolf_kill,0,0,1,in_distribution,,random,0.9804775036772524,0.0,1,7,0.0,0.7142857142857143,"{'baseline_rule_policy': 1.0, 'randomized_legal_policy': 1.0, 'mixed_rule_policy': 0.0, 'seat_order_neutral_policy': 1.0, 'speech_and_herding_policy': 1.0, 'deception_enabled_policy': 1.0, 'risk_heterogeneous_policy': 0.0}","{""baseline_rule_policy"": 1.0, ""deception_enabled_policy"": 1.0, ""mixed_rule_policy"": 0.0, ""randomized_legal_policy"": 1.0, ""risk_heterogeneous_policy"": 0.0, ""seat_order_neutral_policy"": 1.0, ""speech_and_herding_policy"": 1.0}",0.18442777839082938,1,0.2380952380952381,0.0,regime_seat_order_neutral_policy_seed_61_base_1,seat_order_neutral_policy_seed_61_game_1_wolf_kill,0.0,1.3232578740557186,0,0.7038022585659877,0.0,0.0,0,0,bcfdf605129b446ab6b03291ac180af50483664f7bcb1a54622f818201816dc8,0.628,night,0,1,0.20380225856598766,0.28500000000000003,0,1,1,61,1,regime_seat_order_neutral_policy_seed_61_base_1,A_in_distribution,train,0.31884856664939304,0.6666666666666666,witch
1,1,2,0.3,0,0,0,0,werewolf,0.0,wolf,0,1,,9,10,regime_seat_order_neutral_policy_seed_61_base_2,2,seat_order_neutral_policy,1,0,0,0,0,4,0,0,0,0,0,0.3,3,0.0,0,0.010551531620314858,0,0,0.0,0,1,0,0,0,1.425,0.0,0.5,3,0.3,0,0,0,0,0,0,0,66e82daef914260bb3284a9286237a74013473718c488ec6fe5ac03bf962a283,wolf_kill,0,0,1,in_distribution,,random,0.7650900770311059,0.0,3,7,0.0,0.7142857142857143,"{'baseline_rule_policy': 0.0, 'randomized_legal_policy': 1.0, 'mixed_rule_policy': 1.0, 'seat_order_neutral_policy': 1.0, 'speech_and_herding_policy': 1.0, 'deception_enabled_policy': 0.0, 'risk_heterogeneous_policy': 1.0}","{""baseline_rule_policy"": 0.0, ""deception_enabled_policy"": 0.0, ""mixed_rule_policy"": 1.0, ""randomized_legal_policy"": 1.0, ""risk_heterogeneous_policy"": 1.0, ""seat_order_neutral_policy"": 1.0, ""speech_and_herding_policy"": 1.0}",0.18442777839082938,1,0.2380952380952381,0.0,regime_seat_order_neutral_policy_seed_61_base_2,seat_order_neutral_policy_seed_61_game_2_wolf_kill,0.6409307252331642,0.9780601677803136,0,0.7520069161626353,0.5,0.7818614504663285,0,0,3b85b862590c683c10af9efbc06080bb0eaac642a0100f596582bda844a0259f,0.628,night,0,1,0.25200691616263526,0.28500000000000003,0,1,1,61,3,regime_seat_order_neutral_policy_seed_61_base_2,A_in_distribution,train,0.2760599931409491,0.6666666666666666,villager
1,0,2,0.3,0,0,0,0,werewolf,0.0,wolf,0,1,,9,10,regime_seat_order_neutral_policy_seed_61_base_2,2,seat_order_neutral_policy,1,0,0,0,0,2,1,0,0,0,0,0.3,1,0.0,0,0.010551531620314858,0,0,0.0,1,1,0,0,0,1.425,0.0,0.5,1,0.3,0,0,0,0,0,0,0,66e82daef914260bb3284a9286237a74013473718c488ec6fe5ac03bf962a283,wolf_kill,0,0,1,in_distribution,,random,0.9631296353198243,0.0,3,7,0.0,0.5714285714285714,"{'baseline_rule_policy': 1.0, 'randomized_legal_policy': 1.0, 'mixed_rule_policy': 0.0, 'seat_order_neutral_policy': 1.0, 'speech_and_herding_policy': 1.0, 'deception_enabled_policy': 0.0, 'risk_heterogeneous_policy': 0.0}","{""baseline_rule_policy"": 1.0, ""deception_enabled_policy"": 0.0, ""mixed_rule_policy"": 0.0, ""randomized_legal_policy"": 1.0, ""risk_heterogeneous_policy"": 0.0, ""seat_order_neutral_policy"": 1.0, ""speech_and_herding_policy"": 1.0}",0.20203050891044216,2,0.28571428571428575,0.0,regime_seat_order_neutral_policy_seed_61_base_2,seat_order_neutral_policy_seed_61_game_2_wolf_kill,0.25,1.3106228218938725,0,0.7141876685563002,0.5,0.0,0,0,3b85b862590c683c10af9efbc06080bb0eaac642a0100f596582bda844a0259f,0.628,night,0,1,0.21418766855630023,0.28500000000000003,0,1,1,61,3,regime_seat_order_neutral_policy_seed_61_base_2,A_in_distribution,train,0.3078182243728881,0.6666666666666666,witch
1,0,2,0.3,0,0,0,0,werewolf,0.0,wolf,0,1,,9,10,regime_seat_order_neutral_policy_seed_61_base_2,2,seat_order_neutral_policy,1,0,0,0,0,1,0,0,0,0,0,0.3,8,0.0,0,0.010551531620314858,0,0,0.0,0,0,0,0,0,1.425,0.0,0.5,8,0.3,0,0,0,0,0,0,0,66e82daef914260bb3284a9286237a74013473718c488ec6fe5ac03bf962a283,wolf_kill,0,0,1,in_distribution,,random,0.9944751401978364,0.0,3,7,0.0,0.42857142857142855,"{'baseline_rule_policy': 0.0, 'randomized_legal_policy': 1.0, 'mixed_rule_policy': 0.0, 'seat_order_neutral_policy': 1.0, 'speech_and_herding_policy': 1.0, 'deception_enabled_policy': 0.0, 'risk_heterogeneous_policy': 0.0}","{""baseline_rule_policy"": 0.0, ""deception_enabled_policy"": 0.0, ""mixed_rule_policy"": 0.0, ""randomized_legal_policy"": 1.0, ""risk_heterogeneous_policy"": 0.0, ""seat_order_neutral_policy"": 1.0, ""speech_and_herding_policy"": 1.0}",0.20203050891044214,4,0.2857142857142857,0.0,regime_seat_order_neutral_policy_seed_61_base_2,seat_order_neutral_policy_seed_61_game_2_wolf_kill,0.3136777297718591,1.3232578740557186,0,0.720347951373198,0.5,0.12735545954371816,0,0,3b85b862590c683c10af9efbc06080bb0eaac642a0100f596582bda844a0259f,0.628,night,0,1,0.22034795137319796,0.28500000000000003,0,1,1,61,3,regime_seat_order_neutral_policy_seed_61_base_2,A_in_distribution,train,0.33284620316997715,1.0,villager
1,0,2,0.3,0,0,0,0,werewolf,0.0,wolf,0,1,,9,10,regime_seat_order_neutral_policy_seed_61_base_2,2,seat_order_neutral_policy,1,0,0,0,0,5,1,0,0,0,0,0.3,4,0.0,0,0.010551531620314858,0,0,0.0,0,1,0,0,0,1.425,0.0,0.5,4,0.3,0,0,0,0,0,0,0,66e82daef914260bb3284a9286237a74013473718c488ec6fe5ac03bf962a283,wolf_kill,0,0,1,in_distribution,,random,1.2044434468329674,0.0,3,7,0.0,0.5714285714285714,"{'baseline_rule_policy': 0.0, 'randomized_legal_policy': 1.0, 'mixed_rule_policy': 0.0, 'seat_order_neutral_policy': 1.0, 'speech_and_herding_policy': 0.0, 'deception_enabled_policy': 1.0, 'risk_heterogeneous_policy': 1.0}","{""baseline_rule_policy"": 0.0, ""deception_enabled_policy"": 1.0, ""mixed_rule_policy"": 0.0, ""randomized_legal_policy"": 1.0, ""risk_heterogeneous_policy"": 1.0, ""seat_order_neutral_policy"": 1.0, ""speech_and_herding_policy"": 0.0}",0.20203050891044216,2,0.28571428571428575,0.0,regime_seat_order_neutral_policy_seed_61_base_2,seat_order_neutral_policy_seed_61_game_2_wolf_kill,0.75,1.7451661817256576,0,0.7625584477829501,0.5,1.0,0,0,3b85b862590c683c10af9efbc06080bb0eaac642a0100f596582bda844a0259f,0.628,night,0,1,0.2625584477829501,0.28500000000000003,0,1,1,61,3,regime_seat_order_neutral_policy_seed_61_base_2,A_in_distribution,train,0.3318603559701385,0.6666666666666666,hunter
1,1,2,0.3,0,0,0,0,werewolf,0.0,wolf,0,1,,7,10,regime_seat_order_neutral_policy_seed_61_base_3,3,seat_order_neutral_policy,1,0,0,0,0,3,1,0,0,0,0,0.3,4,0.0,0,0.01072202317880988,0,0,0.0,0,1,0,0,0,1.425,0.0,0.5,4,0.3,0,0,0,0,0,0,0,64d12042891c7bf0db3e66d75019bf8bf4eadc92d7088ef3720413206d833e8a,wolf_kill,0,0,1,in_distribution,,random,0.6888823792836343,0.0,3,7,0.42857142857142855,0.42857142857142855,"{'baseline_rule_policy': 1.0, 'randomized_legal_policy': 0.0, 'mixed_rule_policy': 1.0, 'seat_order_neutral_policy': 0.0, 'speech_and_herding_policy': 0.0, 'deception_enabled_policy': 1.0, 'risk_heterogeneous_policy': 0.0}","{""baseline_rule_policy"": 1.0, ""deception_enabled_policy"": 1.0, ""mixed_rule_policy"": 1.0, ""randomized_legal_policy"": 0.0, ""risk_heterogeneous_policy"": 0.0, ""seat_order_neutral_policy"": 0.0, ""speech_and_herding_policy"": 0.0}",0.20203050891044214,2,0.2857142857142857,0.0,regime_seat_order_neutral_policy_seed_61_base_3,seat_order_neutral_policy_seed_61_game_3_wolf_kill,0.1356382098635691,0.9198662110077998,0,0.7412848929838254,0.0,0.2712764197271382,0,0,ef88d1af83cc0df1739dab12d4f7f57e4adbf56bb76a3ca5f03cbf84b735788b,0.628,night,0,1,0.24128489298382538,0.28500000000000003,0,1,1,61,4,regime_seat_order_neutral_policy_seed_61_base_3,A_in_distribution,train,0.22894927377973437,1.0,seer
1,0,2,0.3,0,0,0,0,werewolf,0.0,wolf,0,1,,7,10,regime_seat_order_neutral_policy_seed_61_base_3,3,seat_order_neutral_policy,1,0,0,0,0,5,0,0,0,0,0,0.3,2,0.0,0,0.01072202317880988,0,0,0.0,0,1,0,0,0,1.425,0.0,0.5,2,0.3,0,0,0,0,0,0,0,64d12042891c7bf0db3e66d75019bf8bf4eadc92d7088ef3720413206d833e8a,wolf_kill,0,0,1,in_distribution,,random,1.2284546112899397,0.0,3,7,0.42857142857142855,0.2857142857142857,"{'baseline_rule_policy': 0.0, 'randomized_legal_policy': 0.0, 'mixed_rule_policy': 1.0, 'seat_order_neutral_policy': 0.0, 'speech_and_herding_policy': 1.0, 'deception_enabled_policy': 0.0, 'risk_heterogeneous_policy': 0.0}","{""baseline_rule_policy"": 0.0, ""deception_enabled_policy"": 0.0, ""mixed_rule_policy"": 1.0, ""randomized_legal_policy"": 0.0, ""risk_heterogeneous_policy"": 0.0, ""seat_order_neutral_policy"": 0.0, ""speech_and_herding_policy"": 1.0}",0.18442777839082938,4,0.2380952380952381,0.0,regime_seat_order_neutral_policy_seed_61_base_3,seat_order_neutral_policy_seed_61_game_3_wolf_kill,0.5,1.7451661817256576,0,0.7627289393414451,0.0,1.0,0,0,ef88d1af83cc0df1739dab12d4f7f57e4adbf56bb76a3ca5f03cbf84b735788b,0.628,night,0,1,0.26272893934144514,0.28500000000000003,0,1,1,61,4,regime_seat_order_neutral_policy_seed_61_base_3,A_in_distribution,train,0.35587152042711084,0.3333333333333333,villager
1,0,2,0.3,0,0,0,0,werewolf,0.0,wolf,0,1,,7,10,regime_seat_order_neutral_policy_seed_61_base_3,3,seat_order_neutral_policy,1,0,0,0,0,3,0,0,0,0,0,0.15,10,0.0,0,0.01072202317880988,0,0,0.0,1,0,0,0,0,1.4625,0.0,0.5,10,0.15,0,0,0,0,0,0,0,64d12042891c7bf0db3e66d75019bf8bf4eadc92d7088ef3720413206d833e8a,wolf_kill,0,0,1,mild_shift,,random,2.399709531257309,0.0,3,7,0.42857142857142855,0.42857142857142855,"{'baseline_rule_policy': 0.0, 'randomized_legal_policy': 0.0, 'mixed_rule_policy': 1.0, 'seat_order_neutral_policy': 0.0, 'speech_and_herding_policy': 0.0, 'deception_enabled_policy': 1.0, 'risk_heterogeneous_policy': 1.0}","{""baseline_rule_policy"": 0.0, ""deception_enabled_policy"": 1.0, ""mixed_rule_policy"": 1.0, ""randomized_legal_policy"": 0.0, ""risk_heterogeneous_policy"": 1.0, ""seat_order_neutral_policy"": 0.0, ""speech_and_herding_policy"": 0.0}",0.20203050891044214,2,0.2857142857142857,0.0,regime_seat_order_neutral_policy_seed_61_base_3,seat_order_neutral_policy_seed_61_game_3_wolf_kill,0.5,3.147870853305598,0,0.7333020799147332,1.0,0.0,0,0,ef88d1af83cc0df1739dab12d4f7f57e4adbf56bb76a3ca5f03cbf84b735788b,0.664,night,0,1,0.23330207991473317,0.28500000000000003,0,1,1,61,4,regime_seat_order_neutral_policy_seed_61_base_3,A_in_distribution,train,0.8257741046045101,1.0,villager
1,0,2,0.3,0,0,0,0,werewolf,0.0,wolf,0,1,,7,10,regime_seat_order_neutral_policy_seed_61_base_3,3,seat_order_neutral_policy,1,0,0,0,0,4,0,0,0,0,0,0.3,3,0.0,0,0.01072202317880988,0,0,0.0,0,1,0,0,0,1.425,0.0,0.5,3,0.3,0,0,0,0,0,0,0,64d12042891c7bf0db3e66d75019bf8bf4eadc92d7088ef3720413206d833e8a,wolf_kill,0,0,1,in_distribution,,random,0.7650900770311059,0.0,3,7,0.42857142857142855,0.8571428571428571,"{'baseline_rule_policy': 1.0, 'randomized_legal_policy': 1.0, 'mixed_rule_policy': 1.0, 'seat_order_neutral_policy': 1.0, 'speech_and_herding_policy': 1.0, 'deception_enabled_policy': 0.0, 'risk_heterogeneous_policy': 1.0}","{""baseline_rule_policy"": 1.0, ""deception_enabled_policy"": 0.0, ""mixed_rule_policy"": 1.0, ""randomized_legal_policy"": 1.0, ""risk_heterogeneous_policy"": 1.0, ""seat_order_neutral_policy"": 1.0, ""speech_and_herding_policy"": 1.0}",0.14285714285714285,1,0.14285714285714285,0.0,regime_seat_order_neutral_policy_seed_61_base_3,seat_order_neutral_policy_seed_61_game_3_wolf_kill,0.31781910493178456,0.9780601677803136,0,0.7520069161626353,0.0,0.6356382098635691,0,0,ef88d1af83cc0df1739dab12d4f7f57e4adbf56bb76a3ca5f03cbf84b735788b,0.628,night,0,1,0.25200691616263526,0.28500000000000003,0,1,1,61,4,regime_seat_order_neutral_policy_seed_61_base_3,A_in_distribution,train,0.2760599931409491,0.3333333333333333,villager
1,1,2,0.3,0,0,0,0,werewolf,0.0,wolf,0,1,,9,10,regime_seat_order_neutral_policy_seed_62_base_1,1,seat_order_neutral_policy,1,0,0,0,0,1,0,0,0,0,0,0.3,8,0.0,0,0.012365322015523761,0,0,0.0,0,0,0,0,0,1.425,0.0,0.5,8,0.3,0,0,0,0,0,0,0,4b5f98eb7a688957987a59a5d0ef9b984f732a5a32057762eba6ce1a17e77c47,wolf_kill,0,0,1,in_distribution,,random,0.9944751401978364,0.0,8,7,0.0,0.7142857142857143,"{'baseline_rule_policy': 1.0, 'randomized_legal_policy': 1.0, 'mixed_rule_policy': 1.0, 'seat_order_neutral_policy': 1.0, 'speech_and_herding_policy': 0.0, 'deception_enabled_policy': 1.0, 'risk_heterogeneous_policy': 0.0}","{""baseline_rule_policy"": 1.0, ""deception_enabled_policy"": 1.0, ""mixed_rule_policy"": 1.0, ""randomized_legal_policy"": 1.0, ""risk_heterogeneous_policy"": 0.0, ""seat_order_neutral_policy"": 1.0, ""speech_and_herding_policy"": 0.0}",0.18442777839082938,1,0.2380952380952381,0.0,regime_seat_order_neutral_policy_seed_62_base_1,seat_order_neutral_policy_seed_62_game_1_wolf_kill,0.2666965903104073,1.3232578740557186,0,0.720347951373198,0.0,0.5333931806208146,0,0,9bfdb800cc6bd923fb376f5fb77f05440058edf91e3c686b1961728a13efe8b1,0.628,night,0,1,0.22034795137319796,0.28500000000000003,0,1,1,62,8,regime_seat_order_neutral_policy_seed_62_base_1,A_in_distribution,train,0.33284620316997715,1.0,villager
1,0,2,0.3,0,0,0,0,werewolf,0.0,wolf,0,1,,9,10,regime_seat_order_neutral_policy_seed_62_base_1,1,seat_order_neutral_policy,1,0,0,0,0,1,0,0,0,0,0,0.3,10,0.0,0,0.012365322015523761,0,0,0.0,1,0,0,0,0,1.425,0.0,0.5,10,0.3,0,0,0,0,0,0,0,4b5f98eb7a688957987a59a5d0ef9b984f732a5a32057762eba6ce1a17e77c47,wolf_kill,0,0,1,in_distribution,,random,1.1837751705171962,0.0,8,7,0.0,0.42857142857142855,"{'baseline_rule_policy': 0.0, 'randomized_legal_policy': 1.0, 'mixed_rule_policy': 0.0, 'seat_order_neutral_policy': 1.0, 'speech_and_herding_policy': 0.0, 'deception_enabled_policy': 0.0, 'risk_heterogeneous_policy': 1.0}","{""baseline_rule_policy"": 0.0, ""deception_enabled_policy"": 0.0, ""mixed_rule_policy"": 0.0, ""randomized_legal_policy"": 1.0, ""risk_heterogeneous_policy"": 1.0, ""seat_order_neutral_policy"": 1.0, ""speech_and_herding_policy"": 0.0}",0.20203050891044214,3,0.2857142857142857,0.0,regime_seat_order_neutral_policy_seed_62_base_1,seat_order_neutral_policy_seed_62_game_1_wolf_kill,0.0,1.5958918549960293,0,0.7034612754489976,0.0,0.0,0,0,9bfdb800cc6bd923fb376f5fb77f05440058edf91e3c686b1961728a13efe8b1,0.628,night,0,1,0.2034612754489976,0.28500000000000003,0,1,1,62,8,regime_seat_order_neutral_policy_seed_62_base_1,A_in_distribution,train,0.3858292430191816,0.3333333333333333,villager
1,0,2,0.3,0,0,0,0,werewolf,0.0,wolf,0,1,,9,10,regime_seat_order_neutral_policy_seed_62_base_1,1,seat_order_neutral_policy,1,0,0,0,0,2,0,0,0,0,0,0.15,1,0.0,0,0.012365322015523761,0,0,0.0,1,1,0,0,0,1.4625,0.0,0.5,1,0.15,0,0,0,0,0,0,0,4b5f98eb7a688957987a59a5d0ef9b984f732a5a32057762eba6ce1a17e77c47,wolf_kill,0,0,1,mild_shift,,random,2.3867135153353836,0.0,8,7,0.0,0.5714285714285714,"{'baseline_rule_policy': 0.0, 'randomized_legal_policy': 1.0, 'mixed_rule_policy': 1.0, 'seat_order_neutral_policy': 1.0, 'speech_and_herding_policy': 1.0, 'deception_enabled_policy': 0.0, 'risk_heterogeneous_policy': 0.0}","{""baseline_rule_policy"": 0.0, ""deception_enabled_policy"": 0.0, ""mixed_rule_policy"": 1.0, ""randomized_legal_policy"": 1.0, ""risk_heterogeneous_policy"": 0.0, ""seat_order_neutral_policy"": 1.0, ""speech_and_herding_policy"": 1.0}",0.20203050891044216,2,0.28571428571428575,0.0,regime_seat_order_neutral_policy_seed_62_base_1,seat_order_neutral_policy_seed_62_game_1_wolf_kill,0.8047105756968824,3.147870853305598,0,0.7227549182229112,1.0,0.6094211513937648,0,0,9bfdb800cc6bd923fb376f5fb77f05440058edf91e3c686b1961728a13efe8b1,0.664,night,0,1,0.22275491822291116,0.28500000000000003,0,1,1,62,8,regime_seat_order_neutral_policy_seed_62_base_1,A_in_distribution,train,0.8127780886825846,0.0,villager
1,0,2,0.3,0,0,0,0,werewolf,0.0,wolf,0,1,,9,10,regime_seat_order_neutral_policy_seed_62_base_1,1,seat_order_neutral_policy,1,0,0,0,0,4,1,0,0,0,0,0.3,5,0.0,0,0.012365322015523761,0,0,0.0,1,1,0,0,0,1.425,0.0,0.5,5,0.3,0,0,0,0,0,0,0,4b5f98eb7a688957987a59a5d0ef9b984f732a5a32057762eba6ce1a17e77c47,wolf_kill,0,0,1,in_distribution,,random,0.815905591377854,0.0,8,7,0.0,0.42857142857142855,"{'baseline_rule_policy': 0.0, 'randomized_legal_policy': 1.0, 'mixed_rule_policy': 0.0, 'seat_order_neutral_policy': 1.0, 'speech_and_herding_policy': 1.0, 'deception_enabled_policy': 0.0, 'risk_heterogeneous_policy': 0.0}","{""baseline_rule_policy"": 0.0, ""deception_enabled_policy"": 0.0, ""mixed_rule_policy"": 0.0, ""randomized_legal_policy"": 1.0, ""risk_heterogeneous_policy"": 0.0, ""seat_order_neutral_policy"": 1.0, ""speech_and_herding_policy"": 1.0}",0.20203050891044214,3,0.2857142857142857,0.0,regime_seat_order_neutral_policy_seed_62_base_1,seat_order_neutral_policy_seed_62_game_1_wolf_kill,0.5,1.0871146130092182,0,0.7351202402384349,0.0,1.0,0,0,9bfdb800cc6bd923fb376f5fb77f05440058edf91e3c686b1961728a13efe8b1,0.628,night,0,1,0.23512024023843492,0.28500000000000003,0,1,1,62,8,regime_seat_order_neutral_policy_seed_62_base_1,A_in_distribution,train,0.2723482848732449,1.0,hunter
1,1,2,0.55,0,0,0,0,werewolf,0.25,wolf,0,1,,5,10,regime_seat_order_neutral_policy_seed_62_base_2,2,seat_order_neutral_policy,1,0,0,0,0,4,0,0,0,0,0,0.3,9,0.0,0,0.006164652745390464,0,0,0.0,0,0,0,0,0,1.425,0.0,0.5,9,0.3,0,0,0,0,0,0,0,dc1db26a9d211048bfb74fbf5a0a8e60b5c91b425448a7138a626b610988846a,wolf_kill,0,0,1,mild_shift,,random,2.198445037081425,0.0,7,7,0.2857142857142857,0.5714285714285714,"{'baseline_rule_policy': 1.0, 'randomized_legal_policy': 0.0, 'mixed_rule_policy': 1.0, 'seat_order_neutral_policy': 0.0, 'speech_and_herding_policy': 1.0, 'deception_enabled_policy': 0.0, 'risk_heterogeneous_policy': 1.0}","{""baseline_rule_policy"": 1.0, ""deception_enabled_policy"": 0.0, ""mixed_rule_policy"": 1.0, ""randomized_legal_policy"": 0.0, ""risk_heterogeneous_policy"": 1.0, ""seat_order_neutral_policy"": 0.0, ""speech_and_herding_policy"": 1.0}",0.20203050891044216,2,0.28571428571428575,0.0,regime_seat_order_neutral_policy_seed_62_base_2,seat_order_neutral_policy_seed_62_game_2_wolf_kill,0.75,2.9999999999999996,0,0.6424450829469481,0.5,1.0,0,0,1fa25c247ea9ce43a3d3ab737f341feab719a79d538b9b5386b2fbf73cec655a,0.628,night,0,1,0.14244508294694813,0.315,0,1,1,62,9,regime_seat_order_neutral_policy_seed_62_base_2,A_in_distribution,train,0.6984450370814251,0.6666666666666666,villager
1,0,2,0.55,0,0,0,0,werewolf,0.25,wolf,0,1,,5,10,regime_seat_order_neutral_policy_seed_62_base_2,2,seat_order_neutral_policy,1,0,0,0,0,5,0,0,0,0,0,0.3,10,0.0,0,0.006164652745390464,0,0,0.0,1,0,0,0,0,1.425,0.0,0.5,10,0.3,0,0,0,0,0,0,0,dc1db26a9d211048bfb74fbf5a0a8e60b5c91b425448a7138a626b610988846a,wolf_kill,0,0,1,mild_shift,,random,2.243149119665549,0.0,7,7,0.2857142857142857,0.2857142857142857,"{'baseline_rule_policy': 1.0, 'randomized_legal_policy': 0.0, 'mixed_rule_policy': 0.0, 'seat_order_neutral_policy': 0.0, 'speech_and_herding_policy': 0.0, 'deception_enabled_policy': 0.0, 'risk_heterogeneous_policy': 1.0}","{""baseline_rule_policy"": 1.0, ""deception_enabled_policy"": 0.0, ""mixed_rule_policy"": 0.0, ""randomized_legal_policy"": 0.0, ""risk_heterogeneous_policy"": 1.0, ""seat_order_neutral_policy"": 0.0, ""speech_and_herding_policy"": 0.0}",0.18442777839082938,3,0.2380952380952381,0.0,regime_seat_order_neutral_policy_seed_62_base_2,seat_order_neutral_policy_seed_62_game_2_wolf_kill,0.6862770990673429,2.9999999999999996,0,0.6362804302015577,0.5,0.8725541981346858,0,0,1fa25c247ea9ce43a3d3ab737f341feab719a79d538b9b5386b2fbf73cec655a,0.628,night,0,1,0.13628043020155767,0.315,0,1,1,62,9,regime_seat_order_neutral_policy_seed_62_base_2,A_in_distribution,train,0.743149119665549,0.3333333333333333,villager
1,0,2,0.55,0,0,0,0,werewolf,0.25,wolf,0,1,,5,10,regime_seat_order_neutral_policy_seed_62_base_2,2,seat_order_neutral_policy,1,0,0,0,0,2,1,0,0,0,0,0.3,7,0.0,0,0.006164652745390464,0,0,0.0,0,0,0,0,0,1.425,0.0,0.5,7,0.3,0,0,0,0,0,0,0,dc1db26a9d211048bfb74fbf5a0a8e60b5c91b425448a7138a626b610988846a,wolf_kill,0,0,1,mild_shift,,random,2.1721439996579663,0.0,7,7,0.2857142857142857,0.8571428571428571,"{'baseline_rule_policy': 1.0, 'randomized_legal_policy': 0.0, 'mixed_rule_policy': 1.0, 'seat_order_neutral_policy': 1.0, 'speech_and_herding_policy': 1.0, 'deception_enabled_policy': 1.0, 'risk_heterogeneous_policy': 1.0}","{""baseline_rule_policy"": 1.0, ""deception_enabled_policy"": 1.0, ""mixed_rule_policy"": 1.0, ""randomized_legal_policy"": 0.0, ""risk_heterogeneous_policy"": 1.0, ""seat_order_neutral_policy"": 1.0, ""speech_and_herding_policy"": 1.0}",0.14285714285714285,1,0.14285714285714285,0.0,regime_seat_order_neutral_policy_seed_62_base_2,seat_order_neutral_policy_seed_62_game_2_wolf_kill,0.5318614504663279,2.9999999999999996,0,0.6213420197063184,0.5,0.563722900932656,0,0,1fa25c247ea9ce43a3d3ab737f341feab719a79d538b9b5386b2fbf73cec655a,0.628,night,0,1,0.12134201970631842,0.315,0,1,1,62,9,regime_seat_order_neutral_policy_seed_62_base_2,A_in_distribution,train,0.6721439996579667,1.0,seer
1,0,2,0.55,0,0,0,0,werewolf,0.25,wolf,0,1,,5,10,regime_seat_order_neutral_policy_seed_62_base_2,2,seat_order_neutral_policy,1,0,0,0,0,1,0,0,0,0,0,0.3,6,0.0,0,0.006164652745390464,0,0,0.0,1,0,0,0,0,1.425,0.0,0.5,6,0.3,0,0,0,0,0,0,0,dc1db26a9d211048bfb74fbf5a0a8e60b5c91b425448a7138a626b610988846a,wolf_kill,0,0,1,mild_shift,,random,2.192946453172791,0.0,7,7,0.2857142857142857,0.14285714285714285,"{'baseline_rule_policy': 0.0, 'randomized_legal_policy': 0.0, 'mixed_rule_policy': 0.0, 'seat_order_neutral_policy': 0.0, 'speech_and_herding_policy': 0.0, 'deception_enabled_policy': 0.0, 'risk_heterogeneous_policy': 1.0}","{""baseline_rule_policy"": 0.0, ""deception_enabled_policy"": 0.0, ""mixed_rule_policy"": 0.0, ""randomized_legal_policy"": 0.0, ""risk_heterogeneous_policy"": 1.0, ""seat_order_neutral_policy"": 0.0, ""speech_and_herding_policy"": 0.0}",0.14285714285714288,4,0.14285714285714288,0.0,regime_seat_order_neutral_policy_seed_62_base_2,seat_order_neutral_policy_seed_62_game_2_wolf_kill,0.25,2.9999999999999996,0,0.5940743037202983,0.5,0.0,0,0,1fa25c247ea9ce43a3d3ab737f341feab719a79d538b9b5386b2fbf73cec655a,0.628,night,0,1,0.09407430372029835,0.315,0,1,1,62,9,regime_seat_order_neutral_policy_seed_62_base_2,A_in_distribution,train,0.6929464531727909,0.6666666666666666,villager
1,1,2,0.3,0,0,0,0,werewolf,0.0,wolf,0,1,,6,10,regime_seat_order_neutral_policy_seed_62_base_3,3,seat_order_neutral_policy,1,0,0,0,0,3,0,0,0,0,0,0.15,3,0.0,0,0.0038393876746964928,0,0,0.0,0,1,0,0,0,1.4625,0.0,0.5,3,0.15,0,0,0,0,0,0,0,9911bc9c991c13d360d5bc407ea675182efccd639e7788e3cf44094c0419f3fd,wolf_kill,0,0,1,mild_shift,,random,2.364204302844162,0.0,3,7,0.0,1.0,"{'baseline_rule_policy': 1.0, 'randomized_legal_policy': 1.0, 'mixed_rule_policy': 1.0, 'seat_order_neutral_policy': 1.0, 'speech_and_herding_policy': 1.0, 'deception_enabled_policy': 1.0, 'risk_heterogeneous_policy': 1.0}","{""baseline_rule_policy"": 1.0, ""deception_enabled_policy"": 1.0, ""mixed_rule_policy"": 1.0, ""randomized_legal_policy"": 1.0, ""risk_heterogeneous_policy"": 1.0, ""seat_order_neutral_policy"": 1.0, ""speech_and_herding_policy"": 1.0}",0.0,1,0.0,1.0,regime_seat_order_neutral_policy_seed_62_base_3,seat_order_neutral_policy_seed_62_game_3_wolf_kill,1.0,3.147870853305598,0,0.7499373884296838,1.0,1.0,0,0,84a1a7ad88969d41f1971e1746046228dde76bf5ad18ba43bafd8008240e2cbf,0.664,night,0,1,0.24993738842968383,0.28500000000000003,0,1,1,62,3,regime_seat_order_neutral_policy_seed_62_base_3,A_in_distribution,train,0.7902688761913633,0.6666666666666666,villager
1,0,2,0.3,0,0,0,0,werewolf,0.0,wolf,0,1,,6,10,regime_seat_order_neutral_policy_seed_62_base_3,3,seat_order_neutral_policy,1,0,0,0,0,5,0,0,0,0,0,0.3,1,0.0,0,0.0038393876746964928,0,0,0.0,1,1,0,0,0,1.425,0.0,0.5,1,0.3,0,0,0,0,0,0,0,9911bc9c991c13d360d5bc407ea675182efccd639e7788e3cf44094c0419f3fd,wolf_kill,0,0,1,in_distribution,,random,1.256475283052319,0.0,3,7,0.0,0.7142857142857143,"{'baseline_rule_policy': 0.0, 'randomized_legal_policy': 1.0, 'mixed_rule_policy': 1.0, 'seat_order_neutral_policy': 1.0, 'speech_and_herding_policy': 1.0, 'deception_enabled_policy': 1.0, 'risk_heterogeneous_policy': 0.0}","{""baseline_rule_policy"": 0.0, ""deception_enabled_policy"": 1.0, ""mixed_rule_policy"": 1.0, ""randomized_legal_policy"": 1.0, ""risk_heterogeneous_policy"": 0.0, ""seat_order_neutral_policy"": 1.0, ""speech_and_herding_policy"": 1.0}",0.18442777839082938,4,0.2380952380952381,0.0,regime_seat_order_neutral_policy_seed_62_base_3,seat_order_neutral_policy_seed_62_game_3_wolf_kill,0.43493487690241367,1.7451661817256576,0,0.7460980007549873,0.0,0.8698697538048273,0,0,84a1a7ad88969d41f1971e1746046228dde76bf5ad18ba43bafd8008240e2cbf,0.628,night,0,1,0.24609800075498733,0.28500000000000003,0,1,1,62,3,regime_seat_order_neutral_policy_seed_62_base_3,A_in_distribution,train,0.38389219218949,0.6666666666666666,villager
1,0,2,0.3,0,0,0,0,werewolf,0.0,wolf,0,1,,6,10,regime_seat_order_neutral_policy_seed_62_base_3,3,seat_order_neutral_policy,1,0,0,0,0,3,1,0,0,0,0,0.3,9,0.0,0,0.0038393876746964928,0,0,0.0,0,0,0,0,0,1.425,0.0,0.5,9,0.3,0,0,0,0,0,0,0,9911bc9c991c13d360d5bc407ea675182efccd639e7788e3cf44094c0419f3fd,wolf_kill,0,0,1,in_distribution,,random,0.9394162938328261,0.0,3,7,0.0,0.8571428571428571,"{'baseline_rule_policy': 1.0, 'randomized_legal_policy': 1.0, 'mixed_rule_policy': 1.0, 'seat_order_neutral_policy': 1.0, 'speech_and_herding_policy': 0.0, 'deception_enabled_policy': 1.0, 'risk_heterogeneous_policy': 1.0}","{""baseline_rule_policy"": 1.0, ""deception_enabled_policy"": 1.0, ""mixed_rule_policy"": 1.0, ""randomized_legal_policy"": 1.0, ""risk_heterogeneous_policy"": 1.0, ""seat_order_neutral_policy"": 1.0, ""speech_and_herding_policy"": 0.0}",0.14285714285714285,2,0.14285714285714285,0.0,regime_seat_order_neutral_policy_seed_62_base_3,seat_order_neutral_policy_seed_62_game_3_wolf_kill,0.3576282271615784,1.2729457797860402,0,0.7415362603930752,0.0,0.7152564543231568,0,0,84a1a7ad88969d41f1971e1746046228dde76bf5ad18ba43bafd8008240e2cbf,0.628,night,0,1,0.2415362603930752,0.28500000000000003,0,1,1,62,3,regime_seat_order_neutral_policy_seed_62_base_3,A_in_distribution,train,0.30294340393980607,0.3333333333333333,hunter
1,0,2,0.3,0,0,0,0,werewolf,0.0,wolf,0,1,,6,10,regime_seat_order_neutral_policy_seed_62_base_3,3,seat_order_neutral_policy,1,0,0,0,0,1,0,0,0,0,0,0.3,7,0.0,0,0.0038393876746964928,0,0,0.0,0,0,0,0,0,1.425,0.0,0.5,7,0.3,0,0,0,0,0,0,0,9911bc9c991c13d360d5bc407ea675182efccd639e7788e3cf44094c0419f3fd,wolf_kill,0,0,1,in_distribution,,random,0.9794217987369568,0.0,3,7,0.0,0.8571428571428571,"{'baseline_rule_policy': 1.0, 'randomized_legal_policy': 0.0, 'mixed_rule_policy': 1.0, 'seat_order_neutral_policy': 1.0, 'speech_and_herding_policy': 1.0, 'deception_enabled_policy': 1.0, 'risk_heterogeneous_policy': 1.0}","{""baseline_rule_policy"": 1.0, ""deception_enabled_policy"": 1.0, ""mixed_rule_policy"": 1.0, ""randomized_legal_policy"": 0.0, ""risk_heterogeneous_policy"": 1.0, ""seat_order_neutral_policy"": 1.0, ""speech_and_herding_policy"": 1.0}",0.14285714285714285,2,0.14285714285714285,0.0,regime_seat_order_neutral_policy_seed_62_base_3,seat_order_neutral_policy_seed_62_game_3_wolf_kill,0.0,1.3232578740557186,0,0.7204331971524455,0.0,0.0,0,0,84a1a7ad88969d41f1971e1746046228dde76bf5ad18ba43bafd8008240e2cbf,0.628,night,0,1,0.22043319715244547,0.28500000000000003,0,1,1,62,3,regime_seat_order_neutral_policy_seed_62_base_3,A_in_distribution,train,0.3177928617090975,0.6666666666666666,villager
1,1,2,0.3,0,0,0,0,werewolf,0.0,wolf,0,1,,10,10,regime_seat_order_neutral_policy_seed_63_base_1,1,seat_order_neutral_policy,1,0,0,0,0,1,0,0,0,0,0,0.3,1,0.0,0,0.004050265686427079,0,0,0.0,1,1,0,0,0,1.425,0.0,0.5,1,0.3,0,0,0,0,0,0,0,0d8ecb911f5210badc255f6ff7dfa916003f1765ca6325fdb8ad96a60fe7cca5,wolf_kill,0,0,1,in_distribution,,random,1.1626450810629692,0.0,3,7,0.1428571428571429,0.5714285714285714,"{'baseline_rule_policy': 1.0, 'randomized_legal_policy': 1.0, 'mixed_rule_policy': 0.0, 'seat_order_neutral_policy': 1.0, 'speech_and_herding_policy': 0.0, 'deception_enabled_policy': 1.0, 'risk_heterogeneous_policy': 0.0}","{""baseline_rule_policy"": 1.0, ""deception_enabled_policy"": 1.0, ""mixed_rule_policy"": 0.0, ""randomized_legal_policy"": 1.0, ""risk_heterogeneous_policy"": 0.0, ""seat_order_neutral_policy"": 1.0, ""speech_and_herding_policy"": 0.0}",0.20203050891044216,3,0.28571428571428575,0.0,regime_seat_order_neutral_policy_seed_63_base_1,seat_order_neutral_policy_seed_63_game_1_wolf_kill,0.25,1.5275252316519494,0,0.6118849678171219,0.5,0.0,0,0,319de20071ac5724574fd526d26d1802b68587b354810a118c62ed96b6a98a99,0.628,night,0,1,0.11188496781712187,0.315,0,1,1,63,1,regime_seat_order_neutral_policy_seed_63_base_1,A_in_distribution,train,0.39888246523699444,0.0,villager
1,0,2,0.3,0,0,0,0,werewolf,0.0,wolf,0,1,,10,10,regime_seat_order_neutral_policy_seed_63_base_1,1,seat_order_neutral_policy,1,0,0,0,0,3,1,0,0,0,0,0.3,7,0.0,0,0.004050265686427079,0,0,0.0,0,0,0,0,0,1.425,0.0,0.5,7,0.3,0,0,0,0,0,0,0,0d8ecb911f5210badc255f6ff7dfa916003f1765ca6325fdb8ad96a60fe7cca5,wolf_kill,0,0,1,in_distribution,,random,1.087498379163117,0.0,3,7,0.1428571428571429,0.5714285714285714,"{'baseline_rule_policy': 0.0, 'randomized_legal_policy': 1.0, 'mixed_rule_policy': 0.0, 'seat_order_neutral_policy': 1.0, 'speech_and_herding_policy': 1.0, 'deception_enabled_policy': 0.0, 'risk_heterogeneous_policy': 1.0}","{""baseline_rule_policy"": 0.0, ""deception_enabled_policy"": 0.0, ""mixed_rule_policy"": 0.0, ""randomized_legal_policy"": 1.0, ""risk_heterogeneous_policy"": 1.0, ""seat_order_neutral_policy"": 1.0, ""speech_and_herding_policy"": 1.0}",0.20203050891044216,3,0.28571428571428575,0.0,regime_seat_order_neutral_policy_seed_63_base_1,seat_order_neutral_policy_seed_63_game_1_wolf_kill,0.702018035957108,1.5275252316519494,0,0.6500408286119541,0.5,0.9040360719142159,0,0,319de20071ac5724574fd526d26d1802b68587b354810a118c62ed96b6a98a99,0.628,night,0,1,0.1500408286119541,0.315,0,1,1,63,1,regime_seat_order_neutral_policy_seed_63_base_1,A_in_distribution,train,0.3237357633371424,1.0,hunter
1,0,2,0.3,0,0,0,0,werewolf,0.0,wolf,0,1,,10,10,regime_seat_order_neutral_policy_seed_63_base_1,1,seat_order_neutral_policy,1,0,0,0,0,5,0,0,0,0,0,0.3,5,0.0,0,0.004050265686427079,0,0,0.0,1,1,0,0,0,1.425,0.0,0.5,5,0.3,0,0,0,0,0,0,0,0d8ecb911f5210badc255f6ff7dfa916003f1765ca6325fdb8ad96a60fe7cca5,wolf_kill,0,0,1,in_distribution,,random,1.2611403781206232,0.0,3,7,0.1428571428571429,0.7142857142857143,"{'baseline_rule_policy': 1.0, 'randomized_legal_policy': 1.0, 'mixed_rule_policy': 1.0, 'seat_order_neutral_policy': 1.0, 'speech_and_herding_policy': 0.0, 'deception_enabled_policy': 1.0, 'risk_heterogeneous_policy': 0.0}","{""baseline_rule_policy"": 1.0, ""deception_enabled_policy"": 1.0, ""mixed_rule_policy"": 1.0, ""randomized_legal_policy"": 1.0, ""risk_heterogeneous_policy"": 0.0, ""seat_order_neutral_policy"": 1.0, ""speech_and_herding_policy"": 0.0}",0.18442777839082938,1,0.2380952380952381,0.0,regime_seat_order_neutral_policy_seed_63_base_1,seat_order_neutral_policy_seed_63_game_1_wolf_kill,0.75,1.7451661817256576,0,0.6540910942983812,0.5,1.0,0,0,319de20071ac5724574fd526d26d1802b68587b354810a118c62ed96b6a98a99,0.628,night,0,1,0.1540910942983812,0.315,0,1,1,63,1,regime_seat_order_neutral_policy_seed_63_base_1,A_in_distribution,train,0.38855728725779437,0.0,villager
1,0,2,0.3,0,0,0,0,werewolf,0.0,wolf,0,1,,10,10,regime_seat_order_neutral_policy_seed_63_base_1,1,seat_order_neutral_policy,1,0,0,0,0,3,1,0,0,0,0,0.3,3,0.0,0,0.004050265686427079,0,0,0.0,0,1,0,0,0,1.425,0.0,0.5,3,0.3,0,0,0,0,0,0,0,0d8ecb911f5210badc255f6ff7dfa916003f1765ca6325fdb8ad96a60fe7cca5,wolf_kill,0,0,1,in_distribution,,random,1.07246760626241,0.0,3,7,0.1428571428571429,0.7142857142857143,"{'baseline_rule_policy': 0.0, 'randomized_legal_policy': 1.0, 'mixed_rule_policy': 1.0, 'seat_order_neutral_policy': 1.0, 'speech_and_herding_policy': 0.0, 'deception_enabled_policy': 1.0, 'risk_heterogeneous_policy': 1.0}","{""baseline_rule_policy"": 0.0, ""deception_enabled_policy"": 1.0, ""mixed_rule_policy"": 1.0, ""randomized_legal_policy"": 1.0, ""risk_heterogeneous_policy"": 1.0, ""seat_order_neutral_policy"": 1.0, ""speech_and_herding_policy"": 0.0}",0.18442777839082938,1,0.2380952380952381,0.0,regime_seat_order_neutral_policy_seed_63_base_1,seat_order_neutral_policy_seed_63_game_1_wolf_kill,0.6980303069641776,1.5275252316519494,0,0.6497042154234569,0.5,0.8960606139283552,0,0,319de20071ac5724574fd526d26d1802b68587b354810a118c62ed96b6a98a99,0.628,night,0,1,0.1497042154234569,0.315,0,1,1,63,1,regime_seat_order_neutral_policy_seed_63_base_1,A_in_distribution,train,0.3087049904364351,0.6666666666666666,seer
1,1,2,0.3,0,0,0,0,werewolf,0.0,wolf,0,1,,5,10,regime_seat_order_neutral_policy_seed_63_base_2,2,seat_order_neutral_policy,1,0,0,0,0,2,1,0,0,0,0,0.3,3,0.0,0,0.006160282816897733,0,0,0.0,0,1,0,0,0,1.425,0.0,0.5,3,0.3,0,0,0,0,0,0,0,09a73ad44f0ee7584b495d4f970ff6ce520155b3dd5cfd3f24ef0fbd10e96b26,wolf_kill,0,0,1,in_distribution,,random,0.7124427180391601,0.0,1,7,0.1428571428571429,0.5714285714285714,"{'baseline_rule_policy': 1.0, 'randomized_legal_policy': 0.0, 'mixed_rule_policy': 1.0, 'seat_order_neutral_policy': 0.0, 'speech_and_herding_policy': 0.0, 'deception_enabled_policy': 1.0, 'risk_heterogeneous_policy': 1.0}","{""baseline_rule_policy"": 1.0, ""deception_enabled_policy"": 1.0, ""mixed_rule_policy"": 1.0, ""randomized_legal_policy"": 0.0, ""risk_heterogeneous_policy"": 1.0, ""seat_order_neutral_policy"": 0.0, ""speech_and_herding_policy"": 0.0}",0.20203050891044216,2,0.28571428571428575,0.0,regime_seat_order_neutral_policy_seed_63_base_2,seat_order_neutral_policy_seed_63_game_2_wolf_kill,0.49807820061721125,0.9198662110077998,0,0.7307333613635105,0.5,0.4961564012344225,0,0,9e50f3e342dfac087245c78557678a58bf2a91c44c186253b83e8f9522c211b8,0.628,night,0,1,0.23073336136351053,0.28500000000000003,0,1,1,63,3,regime_seat_order_neutral_policy_seed_63_base_2,A_in_distribution,train,0.25250961253526033,1.0,witch
1,0,2,0.3,0,0,0,0,werewolf,0.0,wolf,0,1,,5,10,regime_seat_order_neutral_policy_seed_63_base_2,2,seat_order_neutral_policy,1,0,0,0,0,4,1,0,0,0,0,0.3,1,0.0,0,0.006160282816897733,0,0,0.0,1,1,0,0,0,1.425,0.0,0.5,1,0.3,0,0,0,0,0,0,0,09a73ad44f0ee7584b495d4f970ff6ce520155b3dd5cfd3f24ef0fbd10e96b26,wolf_kill,0,0,1,in_distribution,,random,0.9827256358156051,0.0,1,7,0.1428571428571429,0.7142857142857143,"{'baseline_rule_policy': 1.0, 'randomized_legal_policy': 0.0, 'mixed_rule_policy': 1.0, 'seat_order_neutral_policy': 0.0, 'speech_and_herding_policy': 1.0, 'deception_enabled_policy': 1.0, 'risk_heterogeneous_policy': 1.0}","{""baseline_rule_policy"": 1.0, ""deception_enabled_policy"": 1.0, ""mixed_rule_policy"": 1.0, ""randomized_legal_policy"": 0.0, ""risk_heterogeneous_policy"": 1.0, ""seat_order_neutral_policy"": 0.0, ""speech_and_herding_policy"": 1.0}",0.18442777839082938,1,0.2380952380952381,0.0,regime_seat_order_neutral_policy_seed_63_base_2,seat_order_neutral_policy_seed_63_game_2_wolf_kill,0.6074679562781224,1.3106228218938725,0,0.735461223355425,0.5,0.7149359125562448,0,0,9e50f3e342dfac087245c78557678a58bf2a91c44c186253b83e8f9522c211b8,0.628,night,0,1,0.23546122335542496,0.28500000000000003,0,1,1,63,3,regime_seat_order_neutral_policy_seed_63_base_2,A_in_distribution,train,0.32741422486866884,0.6666666666666666,seer
1,0,2,0.3,0,0,0,0,werewolf,0.0,wolf,0,1,,5,10,regime_seat_order_neutral_policy_seed_63_base_2,2,seat_order_neutral_policy,1,0,0,0,0,1,0,0,0,0,0,0.3,4,0.0,0,0.006160282816897733,0,0,0.0,0,1,0,0,0,1.425,0.0,0.5,4,0.3,0,0,0,0,0,0,0,09a73ad44f0ee7584b495d4f970ff6ce520155b3dd5cfd3f24ef0fbd10e96b26,wolf_kill,0,0,1,in_distribution,,random,0.9535797292584678,0.0,1,7,0.1428571428571429,0.5714285714285714,"{'baseline_rule_policy': 0.0, 'randomized_legal_policy': 0.0, 'mixed_rule_policy': 0.0, 'seat_order_neutral_policy': 1.0, 'speech_and_herding_policy': 1.0, 'deception_enabled_policy': 1.0, 'risk_heterogeneous_policy': 1.0}","{""baseline_rule_policy"": 0.0, ""deception_enabled_policy"": 1.0, ""mixed_rule_policy"": 0.0, ""randomized_legal_policy"": 0.0, ""risk_heterogeneous_policy"": 1.0, ""seat_order_neutral_policy"": 1.0, ""speech_and_herding_policy"": 1.0}",0.20203050891044216,2,0.28571428571428575,0.0,regime_seat_order_neutral_policy_seed_63_base_2,seat_order_neutral_policy_seed_63_game_2_wolf_kill,0.25,1.3232578740557186,0,0.7200113381847006,0.5,0.0,0,0,9e50f3e342dfac087245c78557678a58bf2a91c44c186253b83e8f9522c211b8,0.628,night,0,1,0.22001133818470064,0.28500000000000003,0,1,1,63,3,regime_seat_order_neutral_policy_seed_63_base_2,A_in_distribution,train,0.2919507922306085,0.0,villager
1,0,2,0.3,0,0,0,0,werewolf,0.0,wolf,0,1,,5,10,regime_seat_order_neutral_policy_seed_63_base_2,2,seat_order_neutral_policy,1,0,0,0,0,3,0,0,0,0,0,0.3,8,0.0,0,0.006160282816897733,0,0,0.0,0,0,0,0,0,1.425,0.0,0.5,8,0.3,0,0,0,0,0,0,0,09a73ad44f0ee7584b495d4f970ff6ce520155b3dd5cfd3f24ef0fbd10e96b26,wolf_kill,0,0,1,in_distribution,,random,0.8510013501405396,0.0,1,7,0.1428571428571429,0.5714285714285714,"{'baseline_rule_policy': 1.0, 'randomized_legal_policy': 0.0, 'mixed_rule_policy': 1.0, 'seat_order_neutral_policy': 0.0, 'speech_and_herding_policy': 1.0, 'deception_enabled_policy': 0.0, 'risk_heterogeneous_policy': 1.0}","{""baseline_rule_policy"": 1.0, ""deception_enabled_policy"": 0.0, ""mixed_rule_policy"": 1.0, ""randomized_legal_policy"": 0.0, ""risk_heterogeneous_policy"": 1.0, ""seat_order_neutral_policy"": 0.0, ""speech_and_herding_policy"": 1.0}",0.20203050891044216,2,0.28571428571428575,0.0,regime_seat_order_neutral_policy_seed_63_base_2,seat_order_neutral_policy_seed_63_game_2_wolf_kill,0.75,1.143543749793731,0,0.7416215061723227,0.5,1.0,0,0,9e50f3e342dfac087245c78557678a58bf2a91c44c186253b83e8f9522c211b8,0.628,night,0,1,0.2416215061723227,0.28500000000000003,0,1,1,63,3,regime_seat_order_neutral_policy_seed_63_base_2,A_in_distribution,train,0.2792294752436741,0.3333333333333333,villager
1,1,2,0.3,0,0,0,0,werewolf,0.0,wolf,0,1,,7,10,regime_seat_order_neutral_policy_seed_63_base_3,3,seat_order_neutral_policy,1,0,0,0,0,3,1,0,0,0,0,0.3,4,0.0,0,0.02144404635761976,0,0,0.0,0,1,0,0,0,1.425,0.0,0.5,4,0.3,0,0,0,0,0,0,0,d63d8d6b1d566f4758a3f2dc321b41a42800ea8e30695bbfa8e46d17e7467a83,wolf_kill,0,0,1,in_distribution,,random,0.6888823792836343,0.0,10,7,0.2857142857142857,0.5714285714285714,"{'baseline_rule_policy': 0.0, 'randomized_legal_policy': 1.0, 'mixed_rule_policy': 0.0, 'seat_order_neutral_policy': 1.0, 'speech_and_herding_policy': 1.0, 'deception_enabled_policy': 0.0, 'risk_heterogeneous_policy': 1.0}","{""baseline_rule_policy"": 0.0, ""deception_enabled_policy"": 0.0, ""mixed_rule_policy"": 0.0, ""randomized_legal_policy"": 1.0, ""risk_heterogeneous_policy"": 1.0, ""seat_order_neutral_policy"": 1.0, ""speech_and_herding_policy"": 1.0}",0.20203050891044216,4,0.28571428571428575,0.0,regime_seat_order_neutral_policy_seed_63_base_3,seat_order_neutral_policy_seed_63_game_3_wolf_kill,0.16314149190592778,0.9198662110077998,0,0.7412848929838254,0.0,0.32628298381185555,0,0,d9eae573fff5b1fcb1393350f9340b0c5deb34a072061b42381b836c60a3d1b0,0.628,night,0,1,0.24128489298382538,0.28500000000000003,0,1,1,63,4,regime_seat_order_neutral_policy_seed_63_base_3,A_in_distribution,train,0.22894927377973437,0.3333333333333333,seer
1,0,2,0.3,0,0,0,0,werewolf,0.0,wolf,0,1,,7,10,regime_seat_order_neutral_policy_seed_63_base_3,3,seat_order_neutral_policy,1,0,0,0,0,5,1,0,0,0,0,0.3,2,0.0,0,0.02144404635761976,0,0,0.0,0,1,0,0,0,1.425,0.0,0.5,2,0.3,0,0,0,0,0,0,0,d63d8d6b1d566f4758a3f2dc321b41a42800ea8e30695bbfa8e46d17e7467a83,wolf_kill,0,0,1,in_distribution,,random,1.2284546112899397,0.0,10,7,0.2857142857142857,0.8571428571428571,"{'baseline_rule_policy': 1.0, 'randomized_legal_policy': 1.0, 'mixed_rule_policy': 1.0, 'seat_order_neutral_policy': 1.0, 'speech_and_herding_policy': 1.0, 'deception_enabled_policy': 1.0, 'risk_heterogeneous_policy': 0.0}","{""baseline_rule_policy"": 1.0, ""deception_enabled_policy"": 1.0, ""mixed_rule_policy"": 1.0, ""randomized_legal_policy"": 1.0, ""risk_heterogeneous_policy"": 0.0, ""seat_order_neutral_policy"": 1.0, ""speech_and_herding_policy"": 1.0}",0.14285714285714285,1,0.14285714285714285,0.0,regime_seat_order_neutral_policy_seed_63_base_3,seat_order_neutral_policy_seed_63_game_3_wolf_kill,0.5,1.7451661817256576,0,0.7627289393414451,0.0,1.0,0,0,d9eae573fff5b1fcb1393350f9340b0c5deb34a072061b42381b836c60a3d1b0,0.628,night,0,1,0.26272893934144514,0.28500000000000003,0,1,1,63,4,regime_seat_order_neutral_policy_seed_63_base_3,A_in_distribution,train,0.35587152042711084,0.0,hunter
1,0,2,0.3,0,0,0,0,werewolf,0.0,wolf,0,1,,7,10,regime_seat_order_neutral_policy_seed_63_base_3,3,seat_order_neutral_policy,1,0,0,0,0,3,0,0,0,0,0,0.15,10,0.0,0,0.02144404635761976,0,0,0.0,1,0,0,0,0,1.4625,0.0,0.5,10,0.15,0,0,0,0,0,0,0,d63d8d6b1d566f4758a3f2dc321b41a42800ea8e30695bbfa8e46d17e7467a83,wolf_kill,0,0,1,mild_shift,,random,2.399709531257309,0.0,10,7,0.2857142857142857,0.8571428571428571,"{'baseline_rule_policy': 1.0, 'randomized_legal_policy': 1.0, 'mixed_rule_policy': 0.0, 'seat_order_neutral_policy': 1.0, 'speech_and_herding_policy': 1.0, 'deception_enabled_policy': 1.0, 'risk_heterogeneous_policy': 1.0}","{""baseline_rule_policy"": 1.0, ""deception_enabled_policy"": 1.0, ""mixed_rule_policy"": 0.0, ""randomized_legal_policy"": 1.0, ""risk_heterogeneous_policy"": 1.0, ""seat_order_neutral_policy"": 1.0, ""speech_and_herding_policy"": 1.0}",0.14285714285714285,1,0.14285714285714285,0.0,regime_seat_order_neutral_policy_seed_63_base_3,seat_order_neutral_policy_seed_63_game_3_wolf_kill,0.5377417209857,3.147870853305598,0,0.7333020799147332,1.0,0.07548344197139993,0,0,d9eae573fff5b1fcb1393350f9340b0c5deb34a072061b42381b836c60a3d1b0,0.664,night,0,1,0.23330207991473317,0.28500000000000003,0,1,1,63,4,regime_seat_order_neutral_policy_seed_63_base_3,A_in_distribution,train,0.8257741046045101,0.3333333333333333,villager
1,0,2,0.3,0,0,0,0,werewolf,0.0,wolf,0,1,,7,10,regime_seat_order_neutral_policy_seed_63_base_3,3,seat_order_neutral_policy,1,0,0,0,0,2,0,0,0,0,0,0.3,9,0.0,0,0.02144404635761976,0,0,0.0,0,0,0,0,0,1.425,0.0,0.5,9,0.3,0,0,0,0,0,0,0,d63d8d6b1d566f4758a3f2dc321b41a42800ea8e30695bbfa8e46d17e7467a83,wolf_kill,0,0,1,in_distribution,,random,0.9477076500388322,0.0,10,7,0.2857142857142857,0.7142857142857143,"{'baseline_rule_policy': 1.0, 'randomized_legal_policy': 1.0, 'mixed_rule_policy': 1.0, 'seat_order_neutral_policy': 0.0, 'speech_and_herding_policy': 1.0, 'deception_enabled_policy': 1.0, 'risk_heterogeneous_policy': 0.0}","{""baseline_rule_policy"": 1.0, ""deception_enabled_policy"": 1.0, ""mixed_rule_policy"": 1.0, ""randomized_legal_policy"": 1.0, ""risk_heterogeneous_policy"": 0.0, ""seat_order_neutral_policy"": 0.0, ""speech_and_herding_policy"": 1.0}",0.18442777839082938,3,0.2380952380952381,0.0,regime_seat_order_neutral_policy_seed_63_base_3,seat_order_neutral_policy_seed_63_game_3_wolf_kill,0.0,1.2729457797860402,0,0.7308994829935128,0.0,0.0,0,0,d9eae573fff5b1fcb1393350f9340b0c5deb34a072061b42381b836c60a3d1b0,0.628,night,0,1,0.23089948299351282,0.28500000000000003,0,1,1,63,4,regime_seat_order_neutral_policy_seed_63_base_3,A_in_distribution,train,0.3112347601458121,0.3333333333333333,villager
1,1,2,0.3,0,0,0,0,werewolf,0.0,wolf,0,1,,9,10,regime_seat_order_neutral_policy_seed_64_base_1,1,seat_order_neutral_policy,1,0,0,0,0,1,1,0,0,0,0,0.3,8,0.0,0,0.027438207544515203,0,0,0.0,0,0,0,0,0,1.425,0.0,0.5,8,0.3,0,0,0,0,0,0,0,bdeba9af349a05536459d108793f53372cf9d06c750dce53ea8f85bdb6836a83,wolf_kill,0,0,1,in_distribution,,random,1.1477113514596613,0.0,4,7,0.28571428571428575,0.42857142857142855,"{'baseline_rule_policy': 1.0, 'randomized_legal_policy': 0.0, 'mixed_rule_policy': 1.0, 'seat_order_neutral_policy': 0.0, 'speech_and_herding_policy': 0.0, 'deception_enabled_policy': 1.0, 'risk_heterogeneous_policy': 0.0}","{""baseline_rule_policy"": 1.0, ""deception_enabled_policy"": 1.0, ""mixed_rule_policy"": 1.0, ""randomized_legal_policy"": 0.0, ""risk_heterogeneous_policy"": 0.0, ""seat_order_neutral_policy"": 0.0, ""speech_and_herding_policy"": 0.0}",0.20203050891044214,3,0.2857142857142857,0.0,regime_seat_order_neutral_policy_seed_64_base_1,seat_order_neutral_policy_seed_64_game_1_wolf_kill,0.3136777297718592,1.5275252316519494,0,0.628682028033582,0.5,0.12735545954371844,0,0,1dca3aa1ffdea5df596aaa1f78448c4ef02fb848b5eed7935465333bdbd91ecd,0.628,night,0,1,0.12868202803358197,0.315,0,1,1,64,8,regime_seat_order_neutral_policy_seed_64_base_1,A_in_distribution,train,0.38394873563368664,1.0,seer
1,0,2,0.3,0,0,0,0,werewolf,0.0,wolf,0,1,,9,10,regime_seat_order_neutral_policy_seed_64_base_1,1,seat_order_neutral_policy,1,0,0,0,0,2,0,0,0,0,0,0.3,1,0.0,0,0.027438207544515203,0,0,0.0,1,1,0,0,0,1.425,0.0,0.5,1,0.3,0,0,0,0,0,0,0,bdeba9af349a05536459d108793f53372cf9d06c750dce53ea8f85bdb6836a83,wolf_kill,0,0,1,in_distribution,,random,1.1262292982757063,0.0,4,7,0.28571428571428575,0.5714285714285714,"{'baseline_rule_policy': 0.0, 'randomized_legal_policy': 1.0, 'mixed_rule_policy': 1.0, 'seat_order_neutral_policy': 1.0, 'speech_and_herding_policy': 0.0, 'deception_enabled_policy': 0.0, 'risk_heterogeneous_policy': 1.0}","{""baseline_rule_policy"": 0.0, ""deception_enabled_policy"": 0.0, ""mixed_rule_policy"": 1.0, ""randomized_legal_policy"": 1.0, ""risk_heterogeneous_policy"": 1.0, ""seat_order_neutral_policy"": 1.0, ""speech_and_herding_policy"": 0.0}",0.20203050891044216,2,0.28571428571428575,0.0,regime_seat_order_neutral_policy_seed_64_base_1,seat_order_neutral_policy_seed_64_game_1_wolf_kill,0.25,1.5275252316519494,0,0.6225217452166842,0.5,0.0,0,0,1dca3aa1ffdea5df596aaa1f78448c4ef02fb848b5eed7935465333bdbd91ecd,0.628,night,0,1,0.12252174521668424,0.315,0,1,1,64,8,regime_seat_order_neutral_policy_seed_64_base_1,A_in_distribution,train,0.3624666824497315,0.6666666666666666,villager
1,0,2,0.3,0,0,0,0,werewolf,0.0,wolf,0,1,,9,10,regime_seat_order_neutral_policy_seed_64_base_1,1,seat_order_neutral_policy,1,0,0,0,0,5,0,0,0,0,0,0.3,4,0.0,0,0.027438207544515203,0,0,0.0,0,1,0,0,0,1.425,0.0,0.5,4,0.3,0,0,0,0,0,0,0,bdeba9af349a05536459d108793f53372cf9d06c750dce53ea8f85bdb6836a83,wolf_kill,0,0,1,in_distribution,,random,1.2556775080691671,0.0,4,7,0.28571428571428575,0.7142857142857143,"{'baseline_rule_policy': 1.0, 'randomized_legal_policy': 1.0, 'mixed_rule_policy': 0.0, 'seat_order_neutral_policy': 1.0, 'speech_and_herding_policy': 1.0, 'deception_enabled_policy': 0.0, 'risk_heterogeneous_policy': 1.0}","{""baseline_rule_policy"": 1.0, ""deception_enabled_policy"": 0.0, ""mixed_rule_policy"": 0.0, ""randomized_legal_policy"": 1.0, ""risk_heterogeneous_policy"": 1.0, ""seat_order_neutral_policy"": 1.0, ""speech_and_herding_policy"": 1.0}",0.18442777839082938,1,0.2380952380952381,0.0,regime_seat_order_neutral_policy_seed_64_base_1,seat_order_neutral_policy_seed_64_game_1_wolf_kill,0.75,1.7451661817256576,0,0.670892524443334,0.5,1.0,0,0,1dca3aa1ffdea5df596aaa1f78448c4ef02fb848b5eed7935465333bdbd91ecd,0.628,night,0,1,0.17089252444333403,0.315,0,1,1,64,8,regime_seat_order_neutral_policy_seed_64_base_1,A_in_distribution,train,0.3830944172063382,0.3333333333333333,villager
1,0,2,0.3,0,0,0,0,werewolf,0.0,wolf,0,1,,9,10,regime_seat_order_neutral_policy_seed_64_base_1,1,seat_order_neutral_policy,1,0,0,0,0,4,0,0,0,0,0,0.3,5,0.0,0,0.027438207544515203,0,0,0.0,1,1,0,0,0,1.425,0.0,0.5,5,0.3,0,0,0,0,0,0,0,bdeba9af349a05536459d108793f53372cf9d06c750dce53ea8f85bdb6836a83,wolf_kill,0,0,1,in_distribution,,random,1.0966344003067792,0.0,4,7,0.28571428571428575,0.14285714285714285,"{'baseline_rule_policy': 0.0, 'randomized_legal_policy': 1.0, 'mixed_rule_policy': 0.0, 'seat_order_neutral_policy': 0.0, 'speech_and_herding_policy': 0.0, 'deception_enabled_policy': 0.0, 'risk_heterogeneous_policy': 0.0}","{""baseline_rule_policy"": 0.0, ""deception_enabled_policy"": 0.0, ""mixed_rule_policy"": 0.0, ""randomized_legal_policy"": 1.0, ""risk_heterogeneous_policy"": 0.0, ""seat_order_neutral_policy"": 0.0, ""speech_and_herding_policy"": 0.0}",0.14285714285714288,4,0.14285714285714288,0.0,regime_seat_order_neutral_policy_seed_64_base_1,seat_order_neutral_policy_seed_64_game_1_wolf_kill,0.466376209116369,1.5275252316519494,0,0.6434543168988188,0.5,0.43275241823273797,0,0,1dca3aa1ffdea5df596aaa1f78448c4ef02fb848b5eed7935465333bdbd91ecd,0.628,night,0,1,0.14345431689881882,0.315,0,1,1,64,8,regime_seat_order_neutral_policy_seed_64_base_1,A_in_distribution,train,0.33287178448080434,1.0,villager
1,1,2,0.3,0,0,0,0,werewolf,0.0,wolf,0,1,,4,10,regime_seat_order_neutral_policy_seed_64_base_2,2,seat_order_neutral_policy,1,0,0,0,0,5,0,0,0,0,0,0.3,9,0.0,0,0.03199120804944178,0,0,0.0,0,0,0,0,0,1.425,0.0,0.5,9,0.3,0,0,0,0,0,0,0,8ef482af0fc3a4e2fe833d5ebc75da5571f9603198dafd81c153f06d5d042c62,wolf_kill,0,0,1,in_distribution,,random,1.3039973564139724,0.0,2,7,0.14285714285714285,0.42857142857142855,"{'baseline_rule_policy': 0.0, 'randomized_legal_policy': 0.0, 'mixed_rule_policy': 1.0, 'seat_order_neutral_policy': 0.0, 'speech_and_herding_policy': 1.0, 'deception_enabled_policy': 0.0, 'risk_heterogeneous_policy': 1.0}","{""baseline_rule_policy"": 0.0, ""deception_enabled_policy"": 0.0, ""mixed_rule_policy"": 1.0, ""randomized_legal_policy"": 0.0, ""risk_heterogeneous_policy"": 1.0, ""seat_order_neutral_policy"": 0.0, ""speech_and_herding_policy"": 1.0}",0.20203050891044214,3,0.2857142857142857,0.0,regime_seat_order_neutral_policy_seed_64_base_2,seat_order_neutral_policy_seed_64_game_2_wolf_kill,0.75,1.7451661817256576,0,0.6711438918525838,0.5,1.0,0,0,9378424fe058f836273bbf791e09ce9c30b2903e11033c9f2ad56eb45f77fadd,0.628,night,0,1,0.17114389185258383,0.315,0,1,1,64,9,regime_seat_order_neutral_policy_seed_64_base_2,A_in_distribution,train,0.43141426555114365,0.3333333333333333,villager
1,0,2,0.3,0,0,0,0,werewolf,0.0,wolf,0,1,,4,10,regime_seat_order_neutral_policy_seed_64_base_2,2,seat_order_neutral_policy,1,0,0,0,0,2,0,0,0,0,0,0.3,2,0.0,0,0.03199120804944178,0,0,0.0,0,1,0,0,0,1.425,0.0,0.5,2,0.3,0,0,0,0,0,0,0,8ef482af0fc3a4e2fe833d5ebc75da5571f9603198dafd81c153f06d5d042c62,wolf_kill,0,0,1,in_distribution,,random,1.0964087036027075,0.0,2,7,0.14285714285714285,0.5714285714285714,"{'baseline_rule_policy': 1.0, 'randomized_legal_policy': 0.0, 'mixed_rule_policy': 1.0, 'seat_order_neutral_policy': 0.0, 'speech_and_herding_policy': 1.0, 'deception_enabled_policy': 1.0, 'risk_heterogeneous_policy': 0.0}","{""baseline_rule_policy"": 1.0, ""deception_enabled_policy"": 1.0, ""mixed_rule_policy"": 1.0, ""randomized_legal_policy"": 0.0, ""risk_heterogeneous_policy"": 0.0, ""seat_order_neutral_policy"": 0.0, ""speech_and_herding_policy"": 1.0}",0.20203050891044216,1,0.28571428571428575,0.0,regime_seat_order_neutral_policy_seed_64_base_2,seat_order_neutral_policy_seed_64_game_2_wolf_kill,0.48161696403644794,1.5275252316519494,0,0.639152683803142,0.5,0.46323392807289593,0,0,9378424fe058f836273bbf791e09ce9c30b2903e11033c9f2ad56eb45f77fadd,0.628,night,0,1,0.13915268380314205,0.315,0,1,1,64,9,regime_seat_order_neutral_policy_seed_64_base_2,A_in_distribution,train,0.33264608777673277,0.0,villager
1,0,2,0.3,0,0,0,0,werewolf,0.0,wolf,0,1,,4,10,regime_seat_order_neutral_policy_seed_64_base_2,2,seat_order_neutral_policy,1,0,0,0,0,2,0,0,0,0,0,0.3,6,0.0,0,0.03199120804944178,0,0,0.0,1,0,0,0,0,1.425,0.0,0.5,6,0.3,0,0,0,0,0,0,0,8ef482af0fc3a4e2fe833d5ebc75da5571f9603198dafd81c153f06d5d042c62,wolf_kill,0,0,1,in_distribution,,random,1.0962822692255623,0.0,2,7,0.14285714285714285,0.5714285714285714,"{'baseline_rule_policy': 1.0, 'randomized_legal_policy': 0.0, 'mixed_rule_policy': 1.0, 'seat_order_neutral_policy': 0.0, 'speech_and_herding_policy': 1.0, 'deception_enabled_policy': 1.0, 'risk_heterogeneous_policy': 0.0}","{""baseline_rule_policy"": 1.0, ""deception_enabled_policy"": 1.0, ""mixed_rule_policy"": 1.0, ""randomized_legal_policy"": 0.0, ""risk_heterogeneous_policy"": 0.0, ""seat_order_neutral_policy"": 0.0, ""speech_and_herding_policy"": 1.0}",0.20203050891044216,1,0.28571428571428575,0.0,regime_seat_order_neutral_policy_seed_64_base_2,seat_order_neutral_policy_seed_64_game_2_wolf_kill,0.3442042400928483,1.5275252316519494,0,0.6227731126259339,0.5,0.18840848018569656,0,0,9378424fe058f836273bbf791e09ce9c30b2903e11033c9f2ad56eb45f77fadd,0.628,night,0,1,0.12277311262593393,0.315,0,1,1,64,9,regime_seat_order_neutral_policy_seed_64_base_2,A_in_distribution,train,0.3325196533995875,0.3333333333333333,villager
1,0,2,0.3,0,0,0,0,werewolf,0.0,wolf,0,1,,4,10,regime_seat_order_neutral_policy_seed_64_base_2,2,seat_order_neutral_policy,1,0,0,0,0,1,1,0,0,0,0,0.3,5,0.0,0,0.03199120804944178,0,0,0.0,1,1,0,0,0,1.425,0.0,0.5,5,0.3,0,0,0,0,0,0,0,8ef482af0fc3a4e2fe833d5ebc75da5571f9603198dafd81c153f06d5d042c62,wolf_kill,0,0,1,in_distribution,,random,1.1188411067270556,0.0,2,7,0.14285714285714285,0.42857142857142855,"{'baseline_rule_policy': 0.0, 'randomized_legal_policy': 1.0, 'mixed_rule_policy': 0.0, 'seat_order_neutral_policy': 0.0, 'speech_and_herding_policy': 1.0, 'deception_enabled_policy': 1.0, 'risk_heterogeneous_policy': 0.0}","{""baseline_rule_policy"": 0.0, ""deception_enabled_policy"": 1.0, ""mixed_rule_policy"": 0.0, ""randomized_legal_policy"": 1.0, ""risk_heterogeneous_policy"": 0.0, ""seat_order_neutral_policy"": 0.0, ""speech_and_herding_policy"": 1.0}",0.20203050891044214,3,0.2857142857142857,0.0,regime_seat_order_neutral_policy_seed_64_base_2,seat_order_neutral_policy_seed_64_game_2_wolf_kill,0.25,1.5275252316519494,0,0.6115439847001318,0.5,0.0,0,0,9378424fe058f836273bbf791e09ce9c30b2903e11033c9f2ad56eb45f77fadd,0.628,night,0,1,0.11154398470013183,0.315,0,1,1,64,9,regime_seat_order_neutral_policy_seed_64_base_2,A_in_distribution,train,0.3550784909010809,1.0,witch
1,1,2,0.55,0,0,0,0,werewolf,0.25,wolf,0,1,,7,10,regime_seat_order_neutral_policy_seed_64_base_3,3,seat_order_neutral_policy,1,0,0,0,0,4,1,0,0,0,0,0.3,3,0.0,0,0.0165456928072103,0,0,0.0,0,1,0,0,0,1.425,0.0,0.5,3,0.3,0,0,0,0,0,0,0,089ef123dde6595f6b50371589f5f3c6dcc62a4ef0e33340ed611b268b17b07c,wolf_kill,0,0,1,mild_shift,,random,2.174328924430325,0.0,1,7,0.1428571428571429,0.5714285714285714,"{'baseline_rule_policy': 1.0, 'randomized_legal_policy': 1.0, 'mixed_rule_policy': 0.0, 'seat_order_neutral_policy': 1.0, 'speech_and_herding_policy': 0.0, 'deception_enabled_policy': 0.0, 'risk_heterogeneous_policy': 1.0}","{""baseline_rule_policy"": 1.0, ""deception_enabled_policy"": 0.0, ""mixed_rule_policy"": 0.0, ""randomized_legal_policy"": 1.0, ""risk_heterogeneous_policy"": 1.0, ""seat_order_neutral_policy"": 1.0, ""speech_and_herding_policy"": 0.0}",0.20203050891044216,2,0.28571428571428575,0.0,regime_seat_order_neutral_policy_seed_64_base_3,seat_order_neutral_policy_seed_64_game_3_wolf_kill,0.75,2.9999999999999996,0,0.6422789613169458,0.5,1.0,0,0,dcd1e76495740a593e245c923a8d6c05783bbd2b00158fe2a30d6019e5bd654a,0.628,night,0,1,0.14227896131694584,0.315,0,1,1,64,3,regime_seat_order_neutral_policy_seed_64_base_3,A_in_distribution,train,0.6743289244303253,0.6666666666666666,seer
1,0,2,0.55,0,0,0,0,werewolf,0.25,wolf,0,1,,7,10,regime_seat_order_neutral_policy_seed_64_base_3,3,seat_order_neutral_policy,1,0,0,0,0,4,1,0,0,0,0,0.3,1,0.0,0,0.0165456928072103,0,0,0.0,1,1,0,0,0,1.425,0.0,0.5,1,0.3,0,0,0,0,0,0,0,089ef123dde6595f6b50371589f5f3c6dcc62a4ef0e33340ed611b268b17b07c,wolf_kill,0,0,1,mild_shift,,random,2.196929302839771,0.0,1,7,0.1428571428571429,0.7142857142857143,"{'baseline_rule_policy': 1.0, 'randomized_legal_policy': 1.0, 'mixed_rule_policy': 0.0, 'seat_order_neutral_policy': 1.0, 'speech_and_herding_policy': 1.0, 'deception_enabled_policy': 0.0, 'risk_heterogeneous_policy': 1.0}","{""baseline_rule_policy"": 1.0, ""deception_enabled_policy"": 0.0, ""mixed_rule_policy"": 0.0, ""randomized_legal_policy"": 1.0, ""risk_heterogeneous_policy"": 1.0, ""seat_order_neutral_policy"": 1.0, ""speech_and_herding_policy"": 1.0}",0.18442777839082938,1,0.2380952380952381,0.0,regime_seat_order_neutral_policy_seed_64_base_3,seat_order_neutral_policy_seed_64_game_3_wolf_kill,0.5332076419142698,2.9999999999999996,0,0.6257332685097355,0.5,0.5664152838285397,0,0,dcd1e76495740a593e245c923a8d6c05783bbd2b00158fe2a30d6019e5bd654a,0.628,night,0,1,0.12573326850973554,0.315,0,1,1,64,3,regime_seat_order_neutral_policy_seed_64_base_3,A_in_distribution,train,0.6969293028397714,0.0,hunter
1,0,2,0.55,0,0,0,0,werewolf,0.25,wolf,0,1,,7,10,regime_seat_order_neutral_policy_seed_64_base_3,3,seat_order_neutral_policy,1,0,0,0,0,2,0,0,0,0,0,0.3,5,0.0,0,0.0165456928072103,0,0,0.0,1,1,0,0,0,1.425,0.0,0.5,5,0.3,0,0,0,0,0,0,0,089ef123dde6595f6b50371589f5f3c6dcc62a4ef0e33340ed611b268b17b07c,wolf_kill,0,0,1,mild_shift,,random,2.163502789288412,0.0,1,7,0.1428571428571429,0.2857142857142857,"{'baseline_rule_policy': 0.0, 'randomized_legal_policy': 0.0, 'mixed_rule_policy': 1.0, 'seat_order_neutral_policy': 1.0, 'speech_and_herding_policy': 0.0, 'deception_enabled_policy': 0.0, 'risk_heterogeneous_policy': 0.0}","{""baseline_rule_policy"": 0.0, ""deception_enabled_policy"": 0.0, ""mixed_rule_policy"": 1.0, ""randomized_legal_policy"": 0.0, ""risk_heterogeneous_policy"": 0.0, ""seat_order_neutral_policy"": 1.0, ""speech_and_herding_policy"": 0.0}",0.18442777839082938,4,0.2380952380952381,0.0,regime_seat_order_neutral_policy_seed_64_base_3,seat_order_neutral_policy_seed_64_game_3_wolf_kill,0.25,2.9999999999999996,0,0.6041187305936209,0.5,0.0,0,0,dcd1e76495740a593e245c923a8d6c05783bbd2b00158fe2a30d6019e5bd654a,0.628,night,0,1,0.10411873059362087,0.315,0,1,1,64,3,regime_seat_order_neutral_policy_seed_64_base_3,A_in_distribution,train,0.6635027892884123,0.3333333333333333,villager
1,0,2,0.55,0,0,0,0,werewolf,0.25,wolf,0,1,,7,10,regime_seat_order_neutral_policy_seed_64_base_3,3,seat_order_neutral_policy,1,0,0,0,0,1,0,0,0,0,0,0.3,8,0.0,0,0.0165456928072103,0,0,0.0,0,0,0,0,0,1.425,0.0,0.5,8,0.3,0,0,0,0,0,0,0,089ef123dde6595f6b50371589f5f3c6dcc62a4ef0e33340ed611b268b17b07c,wolf_kill,0,0,1,mild_shift,,random,2.199497657948222,0.0,1,7,0.1428571428571429,0.5714285714285714,"{'baseline_rule_policy': 0.0, 'randomized_legal_policy': 1.0, 'mixed_rule_policy': 1.0, 'seat_order_neutral_policy': 1.0, 'speech_and_herding_policy': 0.0, 'deception_enabled_policy': 0.0, 'risk_heterogeneous_policy': 1.0}","{""baseline_rule_policy"": 0.0, ""deception_enabled_policy"": 0.0, ""mixed_rule_policy"": 1.0, ""randomized_legal_policy"": 1.0, ""risk_heterogeneous_policy"": 1.0, ""seat_order_neutral_policy"": 1.0, ""speech_and_herding_policy"": 0.0}",0.20203050891044216,2,0.28571428571428575,0.0,regime_seat_order_neutral_policy_seed_64_base_3,seat_order_neutral_policy_seed_64_game_3_wolf_kill,0.3351837870298038,2.9999999999999996,0,0.6106199965275086,0.5,0.17036757405960756,0,0,dcd1e76495740a593e245c923a8d6c05783bbd2b00158fe2a30d6019e5bd654a,0.628,night,0,1,0.11061999652750865,0.315,0,1,1,64,3,regime_seat_order_neutral_policy_seed_64_base_3,A_in_distribution,train,0.6994976579482224,1.0,villager
1,1,2,0.3,0,0,0,0,werewolf,0.0,wolf,0,1,,1,10,regime_speech_and_herding_policy_seed_60_base_1,1,speech_and_herding_policy,1,0,0,0,0,1,1,0,0,0,0,0.3,2,0.0,0,0.011058636367307195,0,0,0.0,0,1,0,0,0,1.425,0.0,0.5,2,0.3,0,0,0,0,0,0,0,1a5c3856c6b0a0df12202c0406c3c4dbc2eb968212294463289a35fde6f4eef9,wolf_kill,0,0,1,in_distribution,,threat_based,0.9806093569137144,0.0,2,7,0.0,1.0,"{'baseline_rule_policy': 1.0, 'randomized_legal_policy': 1.0, 'mixed_rule_policy': 1.0, 'seat_order_neutral_policy': 1.0, 'speech_and_herding_policy': 1.0, 'deception_enabled_policy': 1.0, 'risk_heterogeneous_policy': 1.0}","{""baseline_rule_policy"": 1.0, ""deception_enabled_policy"": 1.0, ""mixed_rule_policy"": 1.0, ""randomized_legal_policy"": 1.0, ""risk_heterogeneous_policy"": 1.0, ""seat_order_neutral_policy"": 1.0, ""speech_and_herding_policy"": 1.0}",0.0,1,0.0,1.0,regime_speech_and_herding_policy_seed_60_base_1,speech_and_herding_policy_seed_60_game_1_wolf_kill,0.4210288802115544,1.3232578740557186,0,0.7201818297431957,0.5,0.3420577604231087,0,0,7632d877da4ab458eb2861c5d4de1c30d1776441e57a02876cd089a30716c0ab,0.628,night,0,1,0.22018182974319567,0.28500000000000003,0,1,1,60,2,regime_speech_and_herding_policy_seed_60_base_1,A_in_distribution,train,0.3189804198858551,1.0,seer
1,0,2,0.3,0,0,0,0,werewolf,0.0,wolf,0,1,,1,10,regime_speech_and_herding_policy_seed_60_base_1,1,speech_and_herding_policy,1,0,0,0,0,1,1,0,0,0,0,0.3,10,0.0,0,0.011058636367307195,0,0,0.0,1,0,0,0,0,1.425,0.0,0.5,10,0.3,0,0,0,0,0,0,0,1a5c3856c6b0a0df12202c0406c3c4dbc2eb968212294463289a35fde6f4eef9,wolf_kill,0,0,1,in_distribution,,threat_based,1.1837751705171962,0.0,2,7,0.0,0.8571428571428571,"{'baseline_rule_policy': 1.0, 'randomized_legal_policy': 1.0, 'mixed_rule_policy': 1.0, 'seat_order_neutral_policy': 1.0, 'speech_and_herding_policy': 1.0, 'deception_enabled_policy': 1.0, 'risk_heterogeneous_policy': 0.0}","{""baseline_rule_policy"": 1.0, ""deception_enabled_policy"": 1.0, ""mixed_rule_policy"": 1.0, ""randomized_legal_policy"": 1.0, ""risk_heterogeneous_policy"": 0.0, ""seat_order_neutral_policy"": 1.0, ""speech_and_herding_policy"": 1.0}",0.14285714285714285,2,0.14285714285714285,0.0,regime_speech_and_herding_policy_seed_60_base_1,speech_and_herding_policy_seed_60_game_1_wolf_kill,0.25,1.5958918549960293,0,0.7034612754489976,0.5,0.0,0,0,7632d877da4ab458eb2861c5d4de1c30d1776441e57a02876cd089a30716c0ab,0.628,night,0,1,0.2034612754489976,0.28500000000000003,0,1,1,60,2,regime_speech_and_herding_policy_seed_60_base_1,A_in_distribution,train,0.3858292430191816,0.6666666666666666,witch
1,0,2,0.3,0,0,0,0,werewolf,0.0,wolf,0,1,,1,10,regime_speech_and_herding_policy_seed_60_base_1,1,speech_and_herding_policy,1,0,0,0,0,4,0,0,0,0,0,0.3,7,0.0,0,0.011058636367307195,0,0,0.0,0,0,0,0,0,1.425,0.0,0.5,7,0.3,0,0,0,0,0,0,0,1a5c3856c6b0a0df12202c0406c3c4dbc2eb968212294463289a35fde6f4eef9,wolf_kill,0,0,1,in_distribution,,threat_based,0.8645434465292623,0.0,2,7,0.0,0.8571428571428571,"{'baseline_rule_policy': 1.0, 'randomized_legal_policy': 1.0, 'mixed_rule_policy': 1.0, 'seat_order_neutral_policy': 1.0, 'speech_and_herding_policy': 1.0, 'deception_enabled_policy': 1.0, 'risk_heterogeneous_policy': 0.0}","{""baseline_rule_policy"": 1.0, ""deception_enabled_policy"": 1.0, ""mixed_rule_policy"": 1.0, ""randomized_legal_policy"": 1.0, ""risk_heterogeneous_policy"": 0.0, ""seat_order_neutral_policy"": 1.0, ""speech_and_herding_policy"": 1.0}",0.14285714285714285,2,0.14285714285714285,0.0,regime_speech_and_herding_policy_seed_60_base_1,speech_and_herding_policy_seed_60_game_1_wolf_kill,0.75,1.143543749793731,0,0.7523435293511326,0.5,1.0,0,0,7632d877da4ab458eb2861c5d4de1c30d1776441e57a02876cd089a30716c0ab,0.628,night,0,1,0.2523435293511326,0.28500000000000003,0,1,1,60,2,regime_speech_and_herding_policy_seed_60_base_1,A_in_distribution,train,0.29277157163239675,0.6666666666666666,villager
1,0,2,0.3,0,0,0,0,werewolf,0.0,wolf,0,1,,1,10,regime_speech_and_herding_policy_seed_60_base_1,1,speech_and_herding_policy,1,0,0,0,0,3,1,0,0,0,0,0.3,4,0.0,0,0.011058636367307195,0,0,0.0,0,1,0,0,0,1.425,0.0,0.5,4,0.3,0,0,0,0,0,0,0,1a5c3856c6b0a0df12202c0406c3c4dbc2eb968212294463289a35fde6f4eef9,wolf_kill,0,0,1,in_distribution,,threat_based,0.6888823792836343,0.0,2,7,0.0,0.8571428571428571,"{'baseline_rule_policy': 0.0, 'randomized_legal_policy': 1.0, 'mixed_rule_policy': 1.0, 'seat_order_neutral_policy': 1.0, 'speech_and_herding_policy': 1.0, 'deception_enabled_policy': 1.0, 'risk_heterogeneous_policy': 1.0}","{""baseline_rule_policy"": 0.0, ""deception_enabled_policy"": 1.0, ""mixed_rule_policy"": 1.0, ""randomized_legal_policy"": 1.0, ""risk_heterogeneous_policy"": 1.0, ""seat_order_neutral_policy"": 1.0, ""speech_and_herding_policy"": 1.0}",0.14285714285714285,2,0.14285714285714285,0.0,regime_speech_and_herding_policy_seed_60_base_1,speech_and_herding_policy_seed_60_game_1_wolf_kill,0.6368849583997578,0.9198662110077998,0,0.7412848929838254,0.5,0.7737699167995156,0,0,7632d877da4ab458eb2861c5d4de1c30d1776441e57a02876cd089a30716c0ab,0.628,night,0,1,0.24128489298382538,0.28500000000000003,0,1,1,60,2,regime_speech_and_herding_policy_seed_60_base_1,A_in_distribution,train,0.22894927377973437,1.0,hunter
1,1,2,0.3,0,0,0,0,werewolf,0.0,wolf,0,1,,1,10,regime_speech_and_herding_policy_seed_60_base_2,2,speech_and_herding_policy,1,0,0,0,0,4,1,0,0,0,0,0.3,7,0.0,0,0.01722328911269766,0,0,0.0,0,0,0,0,0,1.425,0.0,0.5,7,0.3,0,0,0,0,0,0,0,49309ce8506240aa559a0a09b0a65dd9b5bc7104902b99b342edaeb738631988,wolf_kill,0,0,1,in_distribution,,threat_based,0.8645434465292623,0.0,5,7,0.1428571428571428,0.7142857142857143,"{'baseline_rule_policy': 1.0, 'randomized_legal_policy': 0.0, 'mixed_rule_policy': 0.0, 'seat_order_neutral_policy': 1.0, 'speech_and_herding_policy': 1.0, 'deception_enabled_policy': 1.0, 'risk_heterogeneous_policy': 1.0}","{""baseline_rule_policy"": 1.0, ""deception_enabled_policy"": 1.0, ""mixed_rule_policy"": 0.0, ""randomized_legal_policy"": 0.0, ""risk_heterogeneous_policy"": 1.0, ""seat_order_neutral_policy"": 1.0, ""speech_and_herding_policy"": 1.0}",0.18442777839082938,2,0.2380952380952381,0.0,regime_speech_and_herding_policy_seed_60_base_2,speech_and_herding_policy_seed_60_game_2_wolf_kill,0.75,1.143543749793731,0,0.7523435293511326,0.5,1.0,0,0,aacddc1252e23c4fcf6f1829abb880948fce4a546b40708ffb159735d00fbf58,0.628,night,0,1,0.2523435293511326,0.28500000000000003,0,1,1,60,7,regime_speech_and_herding_policy_seed_60_base_2,A_in_distribution,train,0.29277157163239675,0.3333333333333333,seer
1,0,2,0.3,0,0,0,0,werewolf,0.0,wolf,0,1,,1,10,regime_speech_and_herding_policy_seed_60_base_2,2,speech_and_herding_policy,1,0,0,0,0,1,0,0,0,0,0,0.3,10,0.0,0,0.01722328911269766,0,0,0.0,1,0,0,0,0,1.425,0.0,0.5,10,0.3,0,0,0,0,0,0,0,49309ce8506240aa559a0a09b0a65dd9b5bc7104902b99b342edaeb738631988,wolf_kill,0,0,1,in_distribution,,threat_based,1.1837751705171962,0.0,5,7,0.1428571428571428,0.5714285714285714,"{'baseline_rule_policy': 0.0, 'randomized_legal_policy': 0.0, 'mixed_rule_policy': 1.0, 'seat_order_neutral_policy': 1.0, 'speech_and_herding_policy': 0.0, 'deception_enabled_policy': 1.0, 'risk_heterogeneous_policy': 1.0}","{""baseline_rule_policy"": 0.0, ""deception_enabled_policy"": 1.0, ""mixed_rule_policy"": 1.0, ""randomized_legal_policy"": 0.0, ""risk_heterogeneous_policy"": 1.0, ""seat_order_neutral_policy"": 1.0, ""speech_and_herding_policy"": 0.0}",0.20203050891044216,3,0.28571428571428575,0.0,regime_speech_and_herding_policy_seed_60_base_2,speech_and_herding_policy_seed_60_game_2_wolf_kill,0.25,1.5958918549960293,0,0.7034612754489976,0.5,0.0,0,0,aacddc1252e23c4fcf6f1829abb880948fce4a546b40708ffb159735d00fbf58,0.628,night,0,1,0.2034612754489976,0.28500000000000003,0,1,1,60,7,regime_speech_and_herding_policy_seed_60_base_2,A_in_distribution,train,0.3858292430191816,0.6666666666666666,villager
1,0,2,0.3,0,0,0,0,werewolf,0.0,wolf,0,1,,1,10,regime_speech_and_herding_policy_seed_60_base_2,2,speech_and_herding_policy,1,0,0,0,0,4,0,0,0,0,0,0.3,5,0.0,0,0.01722328911269766,0,0,0.0,1,1,0,0,0,1.425,0.0,0.5,5,0.3,0,0,0,0,0,0,0,49309ce8506240aa559a0a09b0a65dd9b5bc7104902b99b342edaeb738631988,wolf_kill,0,0,1,in_distribution,,threat_based,0.815905591377854,0.0,5,7,0.1428571428571428,0.8571428571428571,"{'baseline_rule_policy': 1.0, 'randomized_legal_policy': 0.0, 'mixed_rule_policy': 1.0, 'seat_order_neutral_policy': 1.0, 'speech_and_herding_policy': 1.0, 'deception_enabled_policy': 1.0, 'risk_heterogeneous_policy': 1.0}","{""baseline_rule_policy"": 1.0, ""deception_enabled_policy"": 1.0, ""mixed_rule_policy"": 1.0, ""randomized_legal_policy"": 0.0, ""risk_heterogeneous_policy"": 1.0, ""seat_order_neutral_policy"": 1.0, ""speech_and_herding_policy"": 1.0}",0.14285714285714285,1,0.14285714285714285,0.0,regime_speech_and_herding_policy_seed_60_base_2,speech_and_herding_policy_seed_60_game_2_wolf_kill,0.5738288157990867,1.0871146130092182,0,0.7351202402384349,0.5,0.6476576315981735,0,0,aacddc1252e23c4fcf6f1829abb880948fce4a546b40708ffb159735d00fbf58,0.628,night,0,1,0.23512024023843492,0.28500000000000003,0,1,1,60,7,regime_speech_and_herding_policy_seed_60_base_2,A_in_distribution,train,0.2723482848732449,0.3333333333333333,villager
1,0,2,0.3,0,0,0,0,werewolf,0.0,wolf,0,1,,1,10,regime_speech_and_herding_policy_seed_60_base_2,2,speech_and_herding_policy,1,0,0,0,0,1,1,0,0,0,0,0.3,2,0.0,0,0.01722328911269766,0,0,0.0,0,1,0,0,0,1.425,0.0,0.5,2,0.3,0,0,0,0,0,0,0,49309ce8506240aa559a0a09b0a65dd9b5bc7104902b99b342edaeb738631988,wolf_kill,0,0,1,in_distribution,,threat_based,0.9806093569137144,0.0,5,7,0.1428571428571428,0.42857142857142855,"{'baseline_rule_policy': 0.0, 'randomized_legal_policy': 0.0, 'mixed_rule_policy': 0.0, 'seat_order_neutral_policy': 1.0, 'speech_and_herding_policy': 1.0, 'deception_enabled_policy': 0.0, 'risk_heterogeneous_policy': 1.0}","{""baseline_rule_policy"": 0.0, ""deception_enabled_policy"": 0.0, ""mixed_rule_policy"": 0.0, ""randomized_legal_policy"": 0.0, ""risk_heterogeneous_policy"": 1.0, ""seat_order_neutral_policy"": 1.0, ""speech_and_herding_policy"": 1.0}",0.20203050891044214,4,0.2857142857142857,0.0,regime_speech_and_herding_policy_seed_60_base_2,speech_and_herding_policy_seed_60_game_2_wolf_kill,0.4210288802115544,1.3232578740557186,0,0.7201818297431957,0.5,0.3420577604231087,0,0,aacddc1252e23c4fcf6f1829abb880948fce4a546b40708ffb159735d00fbf58,0.628,night,0,1,0.22018182974319567,0.28500000000000003,0,1,1,60,7,regime_speech_and_herding_policy_seed_60_base_2,A_in_distribution,train,0.3189804198858551,0.6666666666666666,witch
1,1,2,0.3,0,0,0,0,werewolf,0.0,wolf,0,1,,1,10,regime_speech_and_herding_policy_seed_60_base_3,3,speech_and_herding_policy,1,0,0,0,0,2,1,0,0,0,0,0.3,3,0.0,0,0.0021547735121989486,0,0,0.0,0,1,0,0,0,1.425,0.0,0.5,3,0.3,0,0,0,0,0,0,0,64791f3f30715b376dca0fbd492e59a3025adc820b7fc615c7a1a106aedecbcc,wolf_kill,0,0,1,in_distribution,,threat_based,0.7124427180391601,0.0,10,7,0.0,0.8571428571428571,"{'baseline_rule_policy': 0.0, 'randomized_legal_policy': 1.0, 'mixed_rule_policy': 1.0, 'seat_order_neutral_policy': 1.0, 'speech_and_herding_policy': 1.0, 'deception_enabled_policy': 1.0, 'risk_heterogeneous_policy': 1.0}","{""baseline_rule_policy"": 0.0, ""deception_enabled_policy"": 1.0, ""mixed_rule_policy"": 1.0, ""randomized_legal_policy"": 1.0, ""risk_heterogeneous_policy"": 1.0, ""seat_order_neutral_policy"": 1.0, ""speech_and_herding_policy"": 1.0}",0.14285714285714285,1,0.14285714285714285,0.0,regime_speech_and_herding_policy_seed_60_base_3,speech_and_herding_policy_seed_60_game_3_wolf_kill,0.35733649138870516,0.9198662110077998,0,0.7307333613635105,0.0,0.7146729827774103,0,0,fb22bc5dd796611b9d8713c9ce678779f4dd3657187218d10f3a785ad52306cd,0.628,night,0,1,0.23073336136351053,0.28500000000000003,0,1,1,60,3,regime_speech_and_herding_policy_seed_60_base_3,A_in_distribution,train,0.25250961253526033,0.3333333333333333,seer
1,0,2,0.3,0,0,0,0,werewolf,0.0,wolf,0,1,,1,10,regime_speech_and_herding_policy_seed_60_base_3,3,speech_and_herding_policy,1,0,0,0,0,1,0,0,0,0,0,0.3,10,0.0,0,0.0021547735121989486,0,0,0.0,1,0,0,0,0,1.425,0.0,0.5,10,0.3,0,0,0,0,0,0,0,64791f3f30715b376dca0fbd492e59a3025adc820b7fc615c7a1a106aedecbcc,wolf_kill,0,0,1,in_distribution,,threat_based,1.1837751705171962,0.0,10,7,0.0,0.8571428571428571,"{'baseline_rule_policy': 1.0, 'randomized_legal_policy': 1.0, 'mixed_rule_policy': 1.0, 'seat_order_neutral_policy': 0.0, 'speech_and_herding_policy': 1.0, 'deception_enabled_policy': 1.0, 'risk_heterogeneous_policy': 1.0}","{""baseline_rule_policy"": 1.0, ""deception_enabled_policy"": 1.0, ""mixed_rule_policy"": 1.0, ""randomized_legal_policy"": 1.0, ""risk_heterogeneous_policy"": 1.0, ""seat_order_neutral_policy"": 0.0, ""speech_and_herding_policy"": 1.0}",0.14285714285714285,1,0.14285714285714285,0.0,regime_speech_and_herding_policy_seed_60_base_3,speech_and_herding_policy_seed_60_game_3_wolf_kill,0.0,1.5958918549960293,0,0.7034612754489976,0.0,0.0,0,0,fb22bc5dd796611b9d8713c9ce678779f4dd3657187218d10f3a785ad52306cd,0.628,night,0,1,0.2034612754489976,0.28500000000000003,0,1,1,60,3,regime_speech_and_herding_policy_seed_60_base_3,A_in_distribution,train,0.3858292430191816,0.6666666666666666,villager
1,0,2,0.3,0,0,0,0,werewolf,0.0,wolf,0,1,,1,10,regime_speech_and_herding_policy_seed_60_base_3,3,speech_and_herding_policy,1,0,0,0,0,3,0,0,0,0,0,0.3,8,0.0,0,0.0021547735121989486,0,0,0.0,0,0,0,0,0,1.425,0.0,0.5,8,0.3,0,0,0,0,0,0,0,64791f3f30715b376dca0fbd492e59a3025adc820b7fc615c7a1a106aedecbcc,wolf_kill,0,0,1,in_distribution,,threat_based,0.8510013501405396,0.0,10,7,0.0,0.7142857142857143,"{'baseline_rule_policy': 1.0, 'randomized_legal_policy': 1.0, 'mixed_rule_policy': 1.0, 'seat_order_neutral_policy': 0.0, 'speech_and_herding_policy': 1.0, 'deception_enabled_policy': 1.0, 'risk_heterogeneous_policy': 0.0}","{""baseline_rule_policy"": 1.0, ""deception_enabled_policy"": 1.0, ""mixed_rule_policy"": 1.0, ""randomized_legal_policy"": 1.0, ""risk_heterogeneous_policy"": 0.0, ""seat_order_neutral_policy"": 0.0, ""speech_and_herding_policy"": 1.0}",0.18442777839082938,4,0.2380952380952381,0.0,regime_speech_and_herding_policy_seed_60_base_3,speech_and_herding_policy_seed_60_game_3_wolf_kill,0.5,1.143543749793731,0,0.7416215061723227,0.0,1.0,0,0,fb22bc5dd796611b9d8713c9ce678779f4dd3657187218d10f3a785ad52306cd,0.628,night,0,1,0.2416215061723227,0.28500000000000003,0,1,1,60,3,regime_speech_and_herding_policy_seed_60_base_3,A_in_distribution,train,0.2792294752436741,0.6666666666666666,villager
1,0,2,0.3,0,0,0,0,werewolf,0.0,wolf,0,1,,1,10,regime_speech_and_herding_policy_seed_60_base_3,3,speech_and_herding_policy,1,0,0,0,0,2,1,0,0,0,0,0.15,9,0.0,0,0.0021547735121989486,0,0,0.0,0,0,0,0,0,1.4625,0.0,0.5,9,0.15,0,0,0,0,0,0,0,64791f3f30715b376dca0fbd492e59a3025adc820b7fc615c7a1a106aedecbcc,wolf_kill,0,0,1,mild_shift,,threat_based,2.388013578987978,0.0,10,7,0.0,0.8571428571428571,"{'baseline_rule_policy': 1.0, 'randomized_legal_policy': 1.0, 'mixed_rule_policy': 1.0, 'seat_order_neutral_policy': 1.0, 'speech_and_herding_policy': 1.0, 'deception_enabled_policy': 0.0, 'risk_heterogeneous_policy': 1.0}","{""baseline_rule_policy"": 1.0, ""deception_enabled_policy"": 0.0, ""mixed_rule_policy"": 1.0, ""randomized_legal_policy"": 1.0, ""risk_heterogeneous_policy"": 1.0, ""seat_order_neutral_policy"": 1.0, ""speech_and_herding_policy"": 1.0}",0.14285714285714285,1,0.14285714285714285,0.0,regime_speech_and_herding_policy_seed_60_base_3,speech_and_herding_policy_seed_60_game_3_wolf_kill,0.9717667651458687,3.147870853305598,0,0.7394667326601237,1.0,0.9435335302917374,0,0,fb22bc5dd796611b9d8713c9ce678779f4dd3657187218d10f3a785ad52306cd,0.664,night,0,1,0.23946673266012375,0.28500000000000003,0,1,1,60,3,regime_speech_and_herding_policy_seed_60_base_3,A_in_distribution,train,0.814078152335179,0.3333333333333333,hunter
1,1,2,0.3,0,0,0,0,werewolf,0.0,wolf,0,1,,1,10,regime_speech_and_herding_policy_seed_61_base_1,1,speech_and_herding_policy,1,0,0,0,0,3,1,0,0,0,0,0.3,4,0.0,0,0.010385409990312566,0,0,0.0,0,1,0,0,0,1.425,0.0,0.5,4,0.3,0,0,0,0,0,0,0,e6e86d6e67e4b609c394a3b3db9ea653390b49b79ae6ca6e238b05d275cb83e5,wolf_kill,0,0,1,in_distribution,,threat_based,0.6888823792836343,0.0,4,7,0.0,0.8571428571428571,"{'baseline_rule_policy': 1.0, 'randomized_legal_policy': 1.0, 'mixed_rule_policy': 0.0, 'seat_order_neutral_policy': 1.0, 'speech_and_herding_policy': 1.0, 'deception_enabled_policy': 1.0, 'risk_heterogeneous_policy': 1.0}","{""baseline_rule_policy"": 1.0, ""deception_enabled_policy"": 1.0, ""mixed_rule_policy"": 0.0, ""randomized_legal_policy"": 1.0, ""risk_heterogeneous_policy"": 1.0, ""seat_order_neutral_policy"": 1.0, ""speech_and_herding_policy"": 1.0}",0.14285714285714285,1,0.14285714285714285,0.0,regime_speech_and_herding_policy_seed_61_base_1,speech_and_herding_policy_seed_61_game_1_wolf_kill,0.5,0.9198662110077998,0,0.7412848929838254,0.0,1.0,0,0,c765d9e2b2c284edb87cdfdb9c2b4b3b90a1936f3ffc4dc74a8a6413a60f9af9,0.628,night,0,1,0.24128489298382538,0.28500000000000003,0,1,1,61,4,regime_speech_and_herding_policy_seed_61_base_1,A_in_distribution,train,0.22894927377973437,0.6666666666666666,seer
1,0,2,0.3,0,0,0,0,werewolf,0.0,wolf,0,1,,1,10,regime_speech_and_herding_policy_seed_61_base_1,1,speech_and_herding_policy,1,0,0,0,0,1,1,0,0,0,0,0.3,2,0.0,0,0.010385409990312566,0,0,0.0,0,1,0,0,0,1.425,0.0,0.5,2,0.3,0,0,0,0,0,0,0,e6e86d6e67e4b609c394a3b3db9ea653390b49b79ae6ca6e238b05d275cb83e5,wolf_kill,0,0,1,in_distribution,,threat_based,0.9806093569137144,0.0,4,7,0.0,0.7142857142857143,"{'baseline_rule_policy': 1.0, 'randomized_legal_policy': 1.0, 'mixed_rule_policy': 0.0, 'seat_order_neutral_policy': 1.0, 'speech_and_herding_policy': 1.0, 'deception_enabled_policy': 1.0, 'risk_heterogeneous_policy': 0.0}","{""baseline_rule_policy"": 1.0, ""deception_enabled_policy"": 1.0, ""mixed_rule_policy"": 0.0, ""randomized_legal_policy"": 1.0, ""risk_heterogeneous_policy"": 0.0, ""seat_order_neutral_policy"": 1.0, ""speech_and_herding_policy"": 1.0}",0.18442777839082938,2,0.2380952380952381,0.0,regime_speech_and_herding_policy_seed_61_base_1,speech_and_herding_policy_seed_61_game_1_wolf_kill,0.13934239315545052,1.3232578740557186,0,0.7201818297431957,0.0,0.27868478631090104,0,0,c765d9e2b2c284edb87cdfdb9c2b4b3b90a1936f3ffc4dc74a8a6413a60f9af9,0.628,night,0,1,0.22018182974319567,0.28500000000000003,0,1,1,61,4,regime_speech_and_herding_policy_seed_61_base_1,A_in_distribution,train,0.3189804198858551,0.6666666666666666,hunter
1,0,2,0.3,0,0,0,0,werewolf,0.0,wolf,0,1,,1,10,regime_speech_and_herding_policy_seed_61_base_1,1,speech_and_herding_policy,1,0,0,0,0,1,0,0,0,0,0,0.15,10,0.0,0,0.010385409990312566,0,0,0.0,1,0,0,0,0,1.4625,0.0,0.5,10,0.15,0,0,0,0,0,0,0,e6e86d6e67e4b609c394a3b3db9ea653390b49b79ae6ca6e238b05d275cb83e5,wolf_kill,0,0,1,mild_shift,,threat_based,2.4193467862613582,0.0,4,7,0.0,0.5714285714285714,"{'baseline_rule_policy': 0.0, 'randomized_legal_policy': 1.0, 'mixed_rule_policy': 1.0, 'seat_order_neutral_policy': 0.0, 'speech_and_herding_policy': 0.0, 'deception_enabled_policy': 1.0, 'risk_heterogeneous_policy': 1.0}","{""baseline_rule_policy"": 0.0, ""deception_enabled_policy"": 1.0, ""mixed_rule_policy"": 1.0, ""randomized_legal_policy"": 1.0, ""risk_heterogeneous_policy"": 1.0, ""seat_order_neutral_policy"": 0.0, ""speech_and_herding_policy"": 0.0}",0.20203050891044216,3,0.28571428571428575,0.0,regime_speech_and_herding_policy_seed_61_base_1,speech_and_herding_policy_seed_61_game_1_wolf_kill,0.5,3.147870853305598,0,0.7120285251156085,1.0,0.0,0,0,c765d9e2b2c284edb87cdfdb9c2b4b3b90a1936f3ffc4dc74a8a6413a60f9af9,0.664,night,0,1,0.21202852511560855,0.28500000000000003,0,1,1,61,4,regime_speech_and_herding_policy_seed_61_base_1,A_in_distribution,train,0.8454113596085592,0.3333333333333333,villager
1,0,2,0.3,0,0,0,0,werewolf,0.0,wolf,0,1,,1,10,regime_speech_and_herding_policy_seed_61_base_1,1,speech_and_herding_policy,1,0,0,0,0,2,0,0,0,0,0,0.3,9,0.0,0,0.010385409990312566,0,0,0.0,0,0,0,0,0,1.425,0.0,0.5,9,0.3,0,0,0,0,0,0,0,e6e86d6e67e4b609c394a3b3db9ea653390b49b79ae6ca6e238b05d275cb83e5,wolf_kill,0,0,1,in_distribution,,threat_based,0.9477076500388322,0.0,4,7,0.0,0.5714285714285714,"{'baseline_rule_policy': 1.0, 'randomized_legal_policy': 0.0, 'mixed_rule_policy': 0.0, 'seat_order_neutral_policy': 1.0, 'speech_and_herding_policy': 0.0, 'deception_enabled_policy': 1.0, 'risk_heterogeneous_policy': 1.0}","{""baseline_rule_policy"": 1.0, ""deception_enabled_policy"": 1.0, ""mixed_rule_policy"": 0.0, ""randomized_legal_policy"": 0.0, ""risk_heterogeneous_policy"": 1.0, ""seat_order_neutral_policy"": 1.0, ""speech_and_herding_policy"": 0.0}",0.20203050891044216,3,0.28571428571428575,0.0,regime_speech_and_herding_policy_seed_61_base_1,speech_and_herding_policy_seed_61_game_1_wolf_kill,0.3225102644816868,1.2729457797860402,0,0.7308994829935128,0.0,0.6450205289633736,0,0,c765d9e2b2c284edb87cdfdb9c2b4b3b90a1936f3ffc4dc74a8a6413a60f9af9,0.628,night,0,1,0.23089948299351282,0.28500000000000003,0,1,1,61,4,regime_speech_and_herding_policy_seed_61_base_1,A_in_distribution,train,0.3112347601458121,0.3333333333333333,villager
1,1,2,0.3,0,0,0,0,werewolf,0.0,wolf,0,1,,5,10,regime_speech_and_herding_policy_seed_61_base_2,2,speech_and_herding_policy,1,0,0,0,0,4,1,0,0,0,0,0.3,9,0.0,0,0.010717653250317039,0,0,0.0,0,0,0,0,0,1.425,0.0,0.5,9,0.3,0,0,0,0,0,0,0,4453cf65ab1216ad38533c0e68617c8345a5132111f58e39cea6a44abee40d36,wolf_kill,0,0,1,in_distribution,,threat_based,0.9671012179493056,0.0,9,7,0.0,1.0,"{'baseline_rule_policy': 1.0, 'randomized_legal_policy': 1.0, 'mixed_rule_policy': 1.0, 'seat_order_neutral_policy': 1.0, 'speech_and_herding_policy': 1.0, 'deception_enabled_policy': 1.0, 'risk_heterogeneous_policy': 1.0}","{""baseline_rule_policy"": 1.0, ""deception_enabled_policy"": 1.0, ""mixed_rule_policy"": 1.0, ""randomized_legal_policy"": 1.0, ""risk_heterogeneous_policy"": 1.0, ""seat_order_neutral_policy"": 1.0, ""speech_and_herding_policy"": 1.0}",0.0,1,0.0,1.0,regime_speech_and_herding_policy_seed_61_base_2,speech_and_herding_policy_seed_61_game_2_wolf_kill,0.75,1.2729457797860402,0,0.7521730377926374,0.5,1.0,0,0,6d00ae683f12b6bb477fb02de26e25bf6a00701e96a39048e916f5e23d3b9b2d,0.628,night,0,1,0.25217303779263744,0.28500000000000003,0,1,1,61,9,regime_speech_and_herding_policy_seed_61_base_2,A_in_distribution,train,0.3306283280562855,0.3333333333333333,seer
1,0,2,0.3,0,0,0,0,werewolf,0.0,wolf,0,1,,5,10,regime_speech_and_herding_policy_seed_61_base_2,2,speech_and_herding_policy,1,0,0,0,0,4,0,0,0,0,0,0.3,1,0.0,0,0.010717653250317039,0,0,0.0,1,1,0,0,0,1.425,0.0,0.5,1,0.3,0,0,0,0,0,0,0,4453cf65ab1216ad38533c0e68617c8345a5132111f58e39cea6a44abee40d36,wolf_kill,0,0,1,in_distribution,,threat_based,0.9827256358156051,0.0,9,7,0.0,0.5714285714285714,"{'baseline_rule_policy': 1.0, 'randomized_legal_policy': 1.0, 'mixed_rule_policy': 1.0, 'seat_order_neutral_policy': 1.0, 'speech_and_herding_policy': 0.0, 'deception_enabled_policy': 0.0, 'risk_heterogeneous_policy': 0.0}","{""baseline_rule_policy"": 1.0, ""deception_enabled_policy"": 0.0, ""mixed_rule_policy"": 1.0, ""randomized_legal_policy"": 1.0, ""risk_heterogeneous_policy"": 0.0, ""seat_order_neutral_policy"": 1.0, ""speech_and_herding_policy"": 0.0}",0.20203050891044216,3,0.28571428571428575,0.0,regime_speech_and_herding_policy_seed_61_base_2,speech_and_herding_policy_seed_61_game_2_wolf_kill,0.3602596395879229,1.3106228218938725,0,0.735461223355425,0.5,0.22051927917584577,0,0,6d00ae683f12b6bb477fb02de26e25bf6a00701e96a39048e916f5e23d3b9b2d,0.628,night,0,1,0.23546122335542496,0.28500000000000003,0,1,1,61,9,regime_speech_and_herding_policy_seed_61_base_2,A_in_distribution,train,0.32741422486866884,0.6666666666666666,villager
1,0,2,0.3,0,0,0,0,werewolf,0.0,wolf,0,1,,5,10,regime_speech_and_herding_policy_seed_61_base_2,2,speech_and_herding_policy,1,0,0,0,0,2,1,0,0,0,0,0.3,3,0.0,0,0.010717653250317039,0,0,0.0,0,1,0,0,0,1.425,0.0,0.5,3,0.3,0,0,0,0,0,0,0,4453cf65ab1216ad38533c0e68617c8345a5132111f58e39cea6a44abee40d36,wolf_kill,0,0,1,in_distribution,,threat_based,0.7124427180391601,0.0,9,7,0.0,0.7142857142857143,"{'baseline_rule_policy': 1.0, 'randomized_legal_policy': 1.0, 'mixed_rule_policy': 0.0, 'seat_order_neutral_policy': 0.0, 'speech_and_herding_policy': 1.0, 'deception_enabled_policy': 1.0, 'risk_heterogeneous_policy': 1.0}","{""baseline_rule_policy"": 1.0, ""deception_enabled_policy"": 1.0, ""mixed_rule_policy"": 0.0, ""randomized_legal_policy"": 1.0, ""risk_heterogeneous_policy"": 1.0, ""seat_order_neutral_policy"": 0.0, ""speech_and_herding_policy"": 1.0}",0.18442777839082938,2,0.2380952380952381,0.0,regime_speech_and_herding_policy_seed_61_base_2,speech_and_herding_policy_seed_61_game_2_wolf_kill,0.25,0.9198662110077998,0,0.7307333613635105,0.5,0.0,0,0,6d00ae683f12b6bb477fb02de26e25bf6a00701e96a39048e916f5e23d3b9b2d,0.628,night,0,1,0.23073336136351053,0.28500000000000003,0,1,1,61,9,regime_speech_and_herding_policy_seed_61_base_2,A_in_distribution,train,0.25250961253526033,0.3333333333333333,hunter
1,0,2,0.3,0,0,0,0,werewolf,0.0,wolf,0,1,,5,10,regime_speech_and_herding_policy_seed_61_base_2,2,speech_and_herding_policy,1,0,0,0,0,3,0,0,0,0,0,0.3,2,0.0,0,0.010717653250317039,0,0,0.0,0,1,0,0,0,1.425,0.0,0.5,2,0.3,0,0,0,0,0,0,0,4453cf65ab1216ad38533c0e68617c8345a5132111f58e39cea6a44abee40d36,wolf_kill,0,0,1,in_distribution,,threat_based,0.7563855370111466,0.0,9,7,0.0,0.42857142857142855,"{'baseline_rule_policy': 0.0, 'randomized_legal_policy': 0.0, 'mixed_rule_policy': 0.0, 'seat_order_neutral_policy': 1.0, 'speech_and_herding_policy': 1.0, 'deception_enabled_policy': 0.0, 'risk_heterogeneous_policy': 1.0}","{""baseline_rule_policy"": 0.0, ""deception_enabled_policy"": 0.0, ""mixed_rule_policy"": 0.0, ""randomized_legal_policy"": 0.0, ""risk_heterogeneous_policy"": 1.0, ""seat_order_neutral_policy"": 1.0, ""speech_and_herding_policy"": 1.0}",0.20203050891044214,4,0.2857142857142857,0.0,regime_speech_and_herding_policy_seed_61_base_2,speech_and_herding_policy_seed_61_game_2_wolf_kill,0.5000509560919364,0.9876767466838834,0,0.7414553845423204,0.5,0.5001019121838729,0,0,6d00ae683f12b6bb477fb02de26e25bf6a00701e96a39048e916f5e23d3b9b2d,0.628,night,0,1,0.2414553845423204,0.28500000000000003,0,1,1,61,9,regime_speech_and_herding_policy_seed_61_base_2,A_in_distribution,train,0.26254716366920494,0.6666666666666666,villager
1,1,2,0.3,0,0,0,0,werewolf,0.0,wolf,0,1,,1,10,regime_speech_and_herding_policy_seed_61_base_3,3,speech_and_herding_policy,1,0,0,0,0,2,1,0,0,0,0,0.3,3,0.0,0,0.004386878874924394,0,0,0.0,0,1,0,0,0,1.425,0.0,0.5,3,0.3,0,0,0,0,0,0,0,eb206c58a15387620f13518b7c2fb9e1485a9664a229f20dd233cbc019a05ac6,wolf_kill,0,0,1,in_distribution,,threat_based,0.7124427180391601,0.0,5,7,0.4285714285714286,0.5714285714285714,"{'baseline_rule_policy': 0.0, 'randomized_legal_policy': 1.0, 'mixed_rule_policy': 1.0, 'seat_order_neutral_policy': 0.0, 'speech_and_herding_policy': 1.0, 'deception_enabled_policy': 1.0, 'risk_heterogeneous_policy': 0.0}","{""baseline_rule_policy"": 0.0, ""deception_enabled_policy"": 1.0, ""mixed_rule_policy"": 1.0, ""randomized_legal_policy"": 1.0, ""risk_heterogeneous_policy"": 0.0, ""seat_order_neutral_policy"": 0.0, ""speech_and_herding_policy"": 1.0}",0.20203050891044216,4,0.28571428571428575,0.0,regime_speech_and_herding_policy_seed_61_base_3,speech_and_herding_policy_seed_61_game_3_wolf_kill,0.6807166405455551,0.9198662110077998,0,0.7307333613635105,0.5,0.8614332810911104,0,0,0be7fd114c9253d5ea69f2dbc350d1ae9432985540bd59c64a680e4259d6410f,0.628,night,0,1,0.23073336136351053,0.28500000000000003,0,1,1,61,3,regime_speech_and_herding_policy_seed_61_base_3,A_in_distribution,train,0.25250961253526033,0.6666666666666666,seer
1,0,2,0.3,0,0,0,0,werewolf,0.0,wolf,0,1,,1,10,regime_speech_and_herding_policy_seed_61_base_3,3,speech_and_herding_policy,1,0,0,0,0,1,1,0,0,0,0,0.3,10,0.0,0,0.004386878874924394,0,0,0.0,1,0,0,0,0,1.425,0.0,0.5,10,0.3,0,0,0,0,0,0,0,eb206c58a15387620f13518b7c2fb9e1485a9664a229f20dd233cbc019a05ac6,wolf_kill,0,0,1,in_distribution,,threat_based,1.1837751705171962,0.0,5,7,0.4285714285714286,0.7142857142857143,"{'baseline_rule_policy': 1.0, 'randomized_legal_policy': 1.0, 'mixed_rule_policy': 0.0, 'seat_order_neutral_policy': 1.0, 'speech_and_herding_policy': 1.0, 'deception_enabled_policy': 1.0, 'risk_heterogeneous_policy': 0.0}","{""baseline_rule_policy"": 1.0, ""deception_enabled_policy"": 1.0, ""mixed_rule_policy"": 0.0, ""randomized_legal_policy"": 1.0, ""risk_heterogeneous_policy"": 0.0, ""seat_order_neutral_policy"": 1.0, ""speech_and_herding_policy"": 1.0}",0.18442777839082938,3,0.2380952380952381,0.0,regime_speech_and_herding_policy_seed_61_base_3,speech_and_herding_policy_seed_61_game_3_wolf_kill,0.25,1.5958918549960293,0,0.7034612754489976,0.5,0.0,0,0,0be7fd114c9253d5ea69f2dbc350d1ae9432985540bd59c64a680e4259d6410f,0.628,night,0,1,0.2034612754489976,0.28500000000000003,0,1,1,61,3,regime_speech_and_herding_policy_seed_61_base_3,A_in_distribution,train,0.3858292430191816,0.6666666666666666,hunter
1,0,2,0.3,0,0,0,0,werewolf,0.0,wolf,0,1,,1,10,regime_speech_and_herding_policy_seed_61_base_3,3,speech_and_herding_policy,1,0,0,0,0,1,0,0,0,0,0,0.3,2,0.0,0,0.004386878874924394,0,0,0.0,0,1,0,0,0,1.425,0.0,0.5,2,0.3,0,0,0,0,0,0,0,eb206c58a15387620f13518b7c2fb9e1485a9664a229f20dd233cbc019a05ac6,wolf_kill,0,0,1,in_distribution,,threat_based,0.9806093569137144,0.0,5,7,0.4285714285714286,0.8571428571428571,"{'baseline_rule_policy': 1.0, 'randomized_legal_policy': 0.0, 'mixed_rule_policy': 1.0, 'seat_order_neutral_policy': 1.0, 'speech_and_herding_policy': 1.0, 'deception_enabled_policy': 1.0, 'risk_heterogeneous_policy': 1.0}","{""baseline_rule_policy"": 1.0, ""deception_enabled_policy"": 1.0, ""mixed_rule_policy"": 1.0, ""randomized_legal_policy"": 0.0, ""risk_heterogeneous_policy"": 1.0, ""seat_order_neutral_policy"": 1.0, ""speech_and_herding_policy"": 1.0}",0.14285714285714285,2,0.14285714285714285,0.0,regime_speech_and_herding_policy_seed_61_base_3,speech_and_herding_policy_seed_61_game_3_wolf_kill,0.5140729790977988,1.3232578740557186,0,0.7201818297431957,0.5,0.5281459581955976,0,0,0be7fd114c9253d5ea69f2dbc350d1ae9432985540bd59c64a680e4259d6410f,0.628,night,0,1,0.22018182974319567,0.28500000000000003,0,1,1,61,3,regime_speech_and_herding_policy_seed_61_base_3,A_in_distribution,train,0.3189804198858551,0.3333333333333333,villager
1,0,2,0.3,0,0,0,0,werewolf,0.0,wolf,0,1,,1,10,regime_speech_and_herding_policy_seed_61_base_3,3,speech_and_herding_policy,1,0,0,0,0,4,1,0,0,0,0,0.3,5,0.0,0,0.004386878874924394,0,0,0.0,1,1,0,0,0,1.425,0.0,0.5,5,0.3,0,0,0,0,0,0,0,eb206c58a15387620f13518b7c2fb9e1485a9664a229f20dd233cbc019a05ac6,wolf_kill,0,0,1,in_distribution,,threat_based,0.815905591377854,0.0,5,7,0.4285714285714286,1.0,"{'baseline_rule_policy': 1.0, 'randomized_legal_policy': 1.0, 'mixed_rule_policy': 1.0, 'seat_order_neutral_policy': 1.0, 'speech_and_herding_policy': 1.0, 'deception_enabled_policy': 1.0, 'risk_heterogeneous_policy': 1.0}","{""baseline_rule_policy"": 1.0, ""deception_enabled_policy"": 1.0, ""mixed_rule_policy"": 1.0, ""randomized_legal_policy"": 1.0, ""risk_heterogeneous_policy"": 1.0, ""seat_order_neutral_policy"": 1.0, ""speech_and_herding_policy"": 1.0}",0.0,1,0.0,1.0,regime_speech_and_herding_policy_seed_61_base_3,speech_and_herding_policy_seed_61_game_3_wolf_kill,0.75,1.0871146130092182,0,0.7351202402384349,0.5,1.0,0,0,0be7fd114c9253d5ea69f2dbc350d1ae9432985540bd59c64a680e4259d6410f,0.628,night,0,1,0.23512024023843492,0.28500000000000003,0,1,1,61,3,regime_speech_and_herding_policy_seed_61_base_3,A_in_distribution,train,0.2723482848732449,0.3333333333333333,witch
1,1,2,0.3,0,0,0,0,werewolf,0.0,wolf,0,1,,2,10,regime_speech_and_herding_policy_seed_62_base_1,1,speech_and_herding_policy,1,0,0,0,0,1,1,0,0,0,0,0.3,1,0.0,0,0.01072202317880977,0,0,0.0,1,1,0,0,0,1.425,0.0,0.5,1,0.3,0,0,0,0,0,0,0,d41f338cf1b5d1e9c851aa891c184f91d5ff7eddc09f69f7ba8e951c23c3e3e4,wolf_kill,0,0,1,in_distribution,,threat_based,1.011596341857945,0.0,1,7,0.0,1.0,"{'baseline_rule_policy': 1.0, 'randomized_legal_policy': 1.0, 'mixed_rule_policy': 1.0, 'seat_order_neutral_policy': 1.0, 'speech_and_herding_policy': 1.0, 'deception_enabled_policy': 1.0, 'risk_heterogeneous_policy': 1.0}","{""baseline_rule_policy"": 1.0, ""deception_enabled_policy"": 1.0, ""mixed_rule_policy"": 1.0, ""randomized_legal_policy"": 1.0, ""risk_heterogeneous_policy"": 1.0, ""seat_order_neutral_policy"": 1.0, ""speech_and_herding_policy"": 1.0}",0.0,1,0.0,1.0,regime_speech_and_herding_policy_seed_62_base_1,speech_and_herding_policy_seed_62_game_1_wolf_kill,0.0,1.3232578740557186,0,0.7035508911567379,0.0,0.0,0,0,628ca081f0d46700927cdb46d2e63ccbfbfb1919ca5e56705b5b686422d12aff,0.628,night,0,1,0.20355089115673786,0.28500000000000003,0,1,1,62,1,regime_speech_and_herding_policy_seed_62_base_1,A_in_distribution,train,0.3499674048300858,1.0,seer
1,0,2,0.3,0,0,0,0,werewolf,0.0,wolf,0,1,,2,10,regime_speech_and_herding_policy_seed_62_base_1,1,speech_and_herding_policy,1,0,0,0,0,4,0,0,0,0,0,0.3,8,0.0,0,0.01072202317880977,0,0,0.0,0,0,0,0,0,1.425,0.0,0.5,8,0.3,0,0,0,0,0,0,0,d41f338cf1b5d1e9c851aa891c184f91d5ff7eddc09f69f7ba8e951c23c3e3e4,wolf_kill,0,0,1,in_distribution,,threat_based,0.8808179639637161,0.0,1,7,0.0,0.8571428571428571,"{'baseline_rule_policy': 1.0, 'randomized_legal_policy': 1.0, 'mixed_rule_policy': 0.0, 'seat_order_neutral_policy': 1.0, 'speech_and_herding_policy': 1.0, 'deception_enabled_policy': 1.0, 'risk_heterogeneous_policy': 1.0}","{""baseline_rule_policy"": 1.0, ""deception_enabled_policy"": 1.0, ""mixed_rule_policy"": 0.0, ""randomized_legal_policy"": 1.0, ""risk_heterogeneous_policy"": 1.0, ""seat_order_neutral_policy"": 1.0, ""speech_and_herding_policy"": 1.0}",0.14285714285714285,2,0.14285714285714285,0.0,regime_speech_and_herding_policy_seed_62_base_1,speech_and_herding_policy_seed_62_game_1_wolf_kill,0.5,1.143543749793731,0,0.752258283571885,0.0,1.0,0,0,628ca081f0d46700927cdb46d2e63ccbfbfb1919ca5e56705b5b686422d12aff,0.628,night,0,1,0.25225828357188496,0.28500000000000003,0,1,1,62,1,regime_speech_and_herding_policy_seed_62_base_1,A_in_distribution,train,0.30904608906685066,0.6666666666666666,villager
1,0,2,0.3,0,0,0,0,werewolf,0.0,wolf,0,1,,2,10,regime_speech_and_herding_policy_seed_62_base_1,1,speech_and_herding_policy,1,0,0,0,0,3,1,0,0,0,0,0.3,9,0.0,0,0.01072202317880977,0,0,0.0,0,0,0,0,0,1.425,0.0,0.5,9,0.3,0,0,0,0,0,0,0,d41f338cf1b5d1e9c851aa891c184f91d5ff7eddc09f69f7ba8e951c23c3e3e4,wolf_kill,0,0,1,in_distribution,,threat_based,0.9394162938328261,0.0,1,7,0.0,0.8571428571428571,"{'baseline_rule_policy': 0.0, 'randomized_legal_policy': 1.0, 'mixed_rule_policy': 1.0, 'seat_order_neutral_policy': 1.0, 'speech_and_herding_policy': 1.0, 'deception_enabled_policy': 1.0, 'risk_heterogeneous_policy': 1.0}","{""baseline_rule_policy"": 0.0, ""deception_enabled_policy"": 1.0, ""mixed_rule_policy"": 1.0, ""randomized_legal_policy"": 1.0, ""risk_heterogeneous_policy"": 1.0, ""seat_order_neutral_policy"": 1.0, ""speech_and_herding_policy"": 1.0}",0.14285714285714285,2,0.14285714285714285,0.0,regime_speech_and_herding_policy_seed_62_base_1,speech_and_herding_policy_seed_62_game_1_wolf_kill,0.389934333915652,1.2729457797860402,0,0.7415362603930752,0.0,0.779868667831304,0,0,628ca081f0d46700927cdb46d2e63ccbfbfb1919ca5e56705b5b686422d12aff,0.628,night,0,1,0.2415362603930752,0.28500000000000003,0,1,1,62,1,regime_speech_and_herding_policy_seed_62_base_1,A_in_distribution,train,0.30294340393980607,1.0,witch
1,0,2,0.3,0,0,0,0,werewolf,0.0,wolf,0,1,,2,10,regime_speech_and_herding_policy_seed_62_base_1,1,speech_and_herding_policy,1,0,0,0,0,1,0,0,0,0,0,0.15,3,0.0,0,0.01072202317880977,0,0,0.0,0,1,0,0,0,1.4625,0.0,0.5,3,0.15,0,0,0,0,0,0,0,d41f338cf1b5d1e9c851aa891c184f91d5ff7eddc09f69f7ba8e951c23c3e3e4,wolf_kill,0,0,1,mild_shift,,threat_based,2.3847019724578,0.0,1,7,0.0,0.7142857142857143,"{'baseline_rule_policy': 0.0, 'randomized_legal_policy': 0.0, 'mixed_rule_policy': 1.0, 'seat_order_neutral_policy': 1.0, 'speech_and_herding_policy': 1.0, 'deception_enabled_policy': 1.0, 'risk_heterogeneous_policy': 1.0}","{""baseline_rule_policy"": 0.0, ""deception_enabled_policy"": 1.0, ""mixed_rule_policy"": 1.0, ""randomized_legal_policy"": 0.0, ""risk_heterogeneous_policy"": 1.0, ""seat_order_neutral_policy"": 1.0, ""speech_and_herding_policy"": 1.0}",0.18442777839082938,4,0.2380952380952381,0.0,regime_speech_and_herding_policy_seed_62_base_1,speech_and_herding_policy_seed_62_game_1_wolf_kill,0.7577939531208775,3.147870853305598,0,0.7286638336305591,1.0,0.515587906241755,0,0,628ca081f0d46700927cdb46d2e63ccbfbfb1919ca5e56705b5b686422d12aff,0.664,night,0,1,0.2286638336305591,0.28500000000000003,0,1,1,62,1,regime_speech_and_herding_policy_seed_62_base_1,A_in_distribution,train,0.8107665458050008,0.0,villager
1,1,2,0.3,0,0,0,0,werewolf,0.0,wolf,0,1,,6,10,regime_speech_and_herding_policy_seed_62_base_2,2,speech_and_herding_policy,1,0,0,0,0,3,1,0,0,0,0,0.3,9,0.0,0,0.004561740361912148,0,0,0.0,0,0,0,0,0,1.425,0.0,0.5,9,0.3,0,0,0,0,0,0,0,b2dce8a5533f3b76c89dcc4d18e6560264f25915b229bc149b7f525829031562,wolf_kill,0,0,1,in_distribution,,threat_based,0.9394162938328261,0.0,4,7,0.0,0.7142857142857143,"{'baseline_rule_policy': 1.0, 'randomized_legal_policy': 1.0, 'mixed_rule_policy': 1.0, 'seat_order_neutral_policy': 0.0, 'speech_and_herding_policy': 1.0, 'deception_enabled_policy': 0.0, 'risk_heterogeneous_policy': 1.0}","{""baseline_rule_policy"": 1.0, ""deception_enabled_policy"": 0.0, ""mixed_rule_policy"": 1.0, ""randomized_legal_policy"": 1.0, ""risk_heterogeneous_policy"": 1.0, ""seat_order_neutral_policy"": 0.0, ""speech_and_herding_policy"": 1.0}",0.18442777839082938,1,0.2380952380952381,0.0,regime_speech_and_herding_policy_seed_62_base_2,speech_and_herding_policy_seed_62_game_2_wolf_kill,0.41112847710511313,1.2729457797860402,0,0.7415362603930752,0.0,0.8222569542102263,0,0,6907ee455da3bd4d76a0a28ddcb9810c0d2afb3518cea62947f641cd070d7de3,0.628,night,0,1,0.2415362603930752,0.28500000000000003,0,1,1,62,9,regime_speech_and_herding_policy_seed_62_base_2,A_in_distribution,train,0.30294340393980607,1.0,seer
1,0,2,0.3,0,0,0,0,werewolf,0.0,wolf,0,1,,6,10,regime_speech_and_herding_policy_seed_62_base_2,2,speech_and_herding_policy,1,0,0,0,0,5,0,0,0,0,0,0.3,1,0.0,0,0.004561740361912148,0,0,0.0,1,1,0,0,0,1.425,0.0,0.5,1,0.3,0,0,0,0,0,0,0,b2dce8a5533f3b76c89dcc4d18e6560264f25915b229bc149b7f525829031562,wolf_kill,0,0,1,in_distribution,,threat_based,1.256475283052319,0.0,4,7,0.0,0.42857142857142855,"{'baseline_rule_policy': 0.0, 'randomized_legal_policy': 1.0, 'mixed_rule_policy': 1.0, 'seat_order_neutral_policy': 0.0, 'speech_and_herding_policy': 0.0, 'deception_enabled_policy': 0.0, 'risk_heterogeneous_policy': 1.0}","{""baseline_rule_policy"": 0.0, ""deception_enabled_policy"": 0.0, ""mixed_rule_policy"": 1.0, ""randomized_legal_policy"": 1.0, ""risk_heterogeneous_policy"": 1.0, ""seat_order_neutral_policy"": 0.0, ""speech_and_herding_policy"": 0.0}",0.20203050891044214,3,0.2857142857142857,0.0,regime_speech_and_herding_policy_seed_62_base_2,speech_and_herding_policy_seed_62_game_2_wolf_kill,0.5,1.7451661817256576,0,0.7460980007549873,0.0,1.0,0,0,6907ee455da3bd4d76a0a28ddcb9810c0d2afb3518cea62947f641cd070d7de3,0.628,night,0,1,0.24609800075498733,0.28500000000000003,0,1,1,62,9,regime_speech_and_herding_policy_seed_62_base_2,A_in_distribution,train,0.38389219218949,0.6666666666666666,villager
1,0,2,0.3,0,0,0,0,werewolf,0.0,wolf,0,1,,6,10,regime_speech_and_herding_policy_seed_62_base_2,2,speech_and_herding_policy,1,0,0,0,0,1,1,0,0,0,0,0.3,7,0.0,0,0.004561740361912148,0,0,0.0,0,0,0,0,0,1.425,0.0,0.5,7,0.3,0,0,0,0,0,0,0,b2dce8a5533f3b76c89dcc4d18e6560264f25915b229bc149b7f525829031562,wolf_kill,0,0,1,in_distribution,,threat_based,0.9794217987369568,0.0,4,7,0.0,0.2857142857142857,"{'baseline_rule_policy': 0.0, 'randomized_legal_policy': 1.0, 'mixed_rule_policy': 0.0, 'seat_order_neutral_policy': 0.0, 'speech_and_herding_policy': 1.0, 'deception_enabled_policy': 0.0, 'risk_heterogeneous_policy': 0.0}","{""baseline_rule_policy"": 0.0, ""deception_enabled_policy"": 0.0, ""mixed_rule_policy"": 0.0, ""randomized_legal_policy"": 1.0, ""risk_heterogeneous_policy"": 0.0, ""seat_order_neutral_policy"": 0.0, ""speech_and_herding_policy"": 1.0}",0.18442777839082938,4,0.2380952380952381,0.0,regime_speech_and_herding_policy_seed_62_base_2,speech_and_herding_policy_seed_62_game_2_wolf_kill,0.0,1.3232578740557186,0,0.7204331971524455,0.0,0.0,0,0,6907ee455da3bd4d76a0a28ddcb9810c0d2afb3518cea62947f641cd070d7de3,0.628,night,0,1,0.22043319715244547,0.28500000000000003,0,1,1,62,9,regime_speech_and_herding_policy_seed_62_base_2,A_in_distribution,train,0.3177928617090975,0.6666666666666666,witch
1,0,2,0.3,0,0,0,0,werewolf,0.0,wolf,0,1,,6,10,regime_speech_and_herding_policy_seed_62_base_2,2,speech_and_herding_policy,1,0,0,0,0,2,1,0,0,0,0,0.15,4,0.0,0,0.004561740361912148,0,0,0.0,0,1,0,0,0,1.4625,0.0,0.5,4,0.15,0,0,0,0,0,0,0,b2dce8a5533f3b76c89dcc4d18e6560264f25915b229bc149b7f525829031562,wolf_kill,0,0,1,mild_shift,,threat_based,2.363470924324113,0.0,4,7,0.0,0.7142857142857143,"{'baseline_rule_policy': 1.0, 'randomized_legal_policy': 1.0, 'mixed_rule_policy': 1.0, 'seat_order_neutral_policy': 0.0, 'speech_and_herding_policy': 1.0, 'deception_enabled_policy': 0.0, 'risk_heterogeneous_policy': 1.0}","{""baseline_rule_policy"": 1.0, ""deception_enabled_policy"": 0.0, ""mixed_rule_policy"": 1.0, ""randomized_legal_policy"": 1.0, ""risk_heterogeneous_policy"": 1.0, ""seat_order_neutral_policy"": 0.0, ""speech_and_herding_policy"": 1.0}",0.18442777839082938,1,0.2380952380952381,0.0,regime_speech_and_herding_policy_seed_62_base_2,speech_and_herding_policy_seed_62_game_2_wolf_kill,0.8659129520197901,3.147870853305598,0,0.739215365250874,1.0,0.7318259040395803,0,0,6907ee455da3bd4d76a0a28ddcb9810c0d2afb3518cea62947f641cd070d7de3,0.664,night,0,1,0.23921536525087395,0.28500000000000003,0,1,1,62,9,regime_speech_and_herding_policy_seed_62_base_2,A_in_distribution,train,0.7895354976713144,1.0,hunter
1,1,2,0.3,0,0,0,0,werewolf,0.0,wolf,0,1,,4,10,regime_speech_and_herding_policy_seed_62_base_3,3,speech_and_herding_policy,1,0,0,0,0,2,1,0,0,0,0,0.3,2,0.0,0,0.008315056329096682,0,0,0.0,0,1,0,0,0,1.425,0.0,0.5,2,0.3,0,0,0,0,0,0,0,6b47e2e20969e01ac1164fe765334e81fdf99d63d1c4b5254241210bc1b48e64,wolf_kill,0,0,1,in_distribution,,threat_based,0.7659107590835471,0.0,2,7,0.0,1.0,"{'baseline_rule_policy': 1.0, 'randomized_legal_policy': 1.0, 'mixed_rule_policy': 1.0, 'seat_order_neutral_policy': 1.0, 'speech_and_herding_policy': 1.0, 'deception_enabled_policy': 1.0, 'risk_heterogeneous_policy': 1.0}","{""baseline_rule_policy"": 1.0, ""deception_enabled_policy"": 1.0, ""mixed_rule_policy"": 1.0, ""randomized_legal_policy"": 1.0, ""risk_heterogeneous_policy"": 1.0, ""seat_order_neutral_policy"": 1.0, ""speech_and_herding_policy"": 1.0}",0.0,1,0.0,1.0,regime_speech_and_herding_policy_seed_62_base_3,speech_and_herding_policy_seed_62_game_3_wolf_kill,0.30034732622280524,0.9876767466838834,0,0.730818607142758,0.0,0.6006946524456105,0,0,e8909d59c42021d5b8713d0e7e28967a9195ae5f5017f6ff88231b718255d812,0.628,night,0,1,0.23081860714275804,0.28500000000000003,0,1,1,62,2,regime_speech_and_herding_policy_seed_62_base_3,A_in_distribution,train,0.2720723857416054,1.0,seer
1,0,2,0.3,0,0,0,0,werewolf,0.0,wolf,0,1,,4,10,regime_speech_and_herding_policy_seed_62_base_3,3,speech_and_herding_policy,1,0,0,0,0,3,0,0,0,0,0,0.15,1,0.0,0,0.008315056329096682,0,0,0.0,1,1,0,0,0,1.4625,0.0,0.5,1,0.15,0,0,0,0,0,0,0,6b47e2e20969e01ac1164fe765334e81fdf99d63d1c4b5254241210bc1b48e64,wolf_kill,0,0,1,mild_shift,,threat_based,2.383574760869048,0.0,2,7,0.0,0.8571428571428571,"{'baseline_rule_policy': 1.0, 'randomized_legal_policy': 1.0, 'mixed_rule_policy': 1.0, 'seat_order_neutral_policy': 1.0, 'speech_and_herding_policy': 0.0, 'deception_enabled_policy': 1.0, 'risk_heterogeneous_policy': 1.0}","{""baseline_rule_policy"": 1.0, ""deception_enabled_policy"": 1.0, ""mixed_rule_policy"": 1.0, ""randomized_legal_policy"": 1.0, ""risk_heterogeneous_policy"": 1.0, ""seat_order_neutral_policy"": 1.0, ""speech_and_herding_policy"": 0.0}",0.14285714285714285,2,0.14285714285714285,0.0,regime_speech_and_herding_policy_seed_62_base_3,speech_and_herding_policy_seed_62_game_3_wolf_kill,0.8475292845693474,3.147870853305598,0,0.7333916956224735,1.0,0.6950585691386947,0,0,e8909d59c42021d5b8713d0e7e28967a9195ae5f5017f6ff88231b718255d812,0.664,night,0,1,0.23339169562247353,0.28500000000000003,0,1,1,62,2,regime_speech_and_herding_policy_seed_62_base_3,A_in_distribution,train,0.8096393342162489,0.6666666666666666,villager
1,0,2,0.3,0,0,0,0,werewolf,0.0,wolf,0,1,,4,10,regime_speech_and_herding_policy_seed_62_base_3,3,speech_and_herding_policy,1,0,0,0,0,3,0,0,0,0,0,0.3,7,0.0,0,0.008315056329096682,0,0,0.0,0,0,0,0,0,1.425,0.0,0.5,7,0.3,0,0,0,0,0,0,0,6b47e2e20969e01ac1164fe765334e81fdf99d63d1c4b5254241210bc1b48e64,wolf_kill,0,0,1,in_distribution,,threat_based,0.8328749346902073,0.0,2,7,0.0,0.7142857142857143,"{'baseline_rule_policy': 0.0, 'randomized_legal_policy': 1.0, 'mixed_rule_policy': 1.0, 'seat_order_neutral_policy': 1.0, 'speech_and_herding_policy': 0.0, 'deception_enabled_policy': 1.0, 'risk_heterogeneous_policy': 1.0}","{""baseline_rule_policy"": 0.0, ""deception_enabled_policy"": 1.0, ""mixed_rule_policy"": 1.0, ""randomized_legal_policy"": 1.0, ""risk_heterogeneous_policy"": 1.0, ""seat_order_neutral_policy"": 1.0, ""speech_and_herding_policy"": 0.0}",0.18442777839082938,4,0.2380952380952381,0.0,regime_speech_and_herding_policy_seed_62_base_3,speech_and_herding_policy_seed_62_game_3_wolf_kill,0.5,1.143543749793731,0,0.7417067519515702,0.0,1.0,0,0,e8909d59c42021d5b8713d0e7e28967a9195ae5f5017f6ff88231b718255d812,0.628,night,0,1,0.2417067519515702,0.28500000000000003,0,1,1,62,2,regime_speech_and_herding_policy_seed_62_base_3,A_in_distribution,train,0.26110305979334175,0.6666666666666666,villager
1,0,2,0.3,0,0,0,0,werewolf,0.0,wolf,0,1,,4,10,regime_speech_and_herding_policy_seed_62_base_3,3,speech_and_herding_policy,1,0,0,0,0,2,1,0,0,0,0,0.3,6,0.0,0,0.008315056329096682,0,0,0.0,1,0,0,0,0,1.425,0.0,0.5,6,0.3,0,0,0,0,0,0,0,6b47e2e20969e01ac1164fe765334e81fdf99d63d1c4b5254241210bc1b48e64,wolf_kill,0,0,1,in_distribution,,threat_based,0.8436896625955466,0.0,2,7,0.0,0.8571428571428571,"{'baseline_rule_policy': 1.0, 'randomized_legal_policy': 1.0, 'mixed_rule_policy': 1.0, 'seat_order_neutral_policy': 1.0, 'speech_and_herding_policy': 0.0, 'deception_enabled_policy': 1.0, 'risk_heterogeneous_policy': 1.0}","{""baseline_rule_policy"": 1.0, ""deception_enabled_policy"": 1.0, ""mixed_rule_policy"": 1.0, ""randomized_legal_policy"": 1.0, ""risk_heterogeneous_policy"": 1.0, ""seat_order_neutral_policy"": 1.0, ""speech_and_herding_policy"": 0.0}",0.14285714285714285,2,0.14285714285714285,0.0,regime_speech_and_herding_policy_seed_62_base_3,speech_and_herding_policy_seed_62_game_3_wolf_kill,0.0,1.143543749793731,0,0.71443903596555,0.0,0.0,0,0,e8909d59c42021d5b8713d0e7e28967a9195ae5f5017f6ff88231b718255d812,0.628,night,0,1,0.21443903596555003,0.28500000000000003,0,1,1,62,2,regime_speech_and_herding_policy_seed_62_base_3,A_in_distribution,train,0.27191778769868097,0.6666666666666666,witch
1,1,2,0.55,0,0,0,0,werewolf,0.25,wolf,0,1,,1,10,regime_speech_and_herding_policy_seed_63_base_1,1,speech_and_herding_policy,1,0,0,0,0,4,1,0,0,0,0,0.3,5,0.0,0,0.01722328911269766,0,0,0.0,1,1,0,0,0,1.425,0.0,0.5,5,0.3,0,0,0,0,0,0,0,5669fc9f380ad60f901872c9dfa71e475caf3fa9c5bf0ad976f03d9699864d6c,wolf_kill,0,0,1,mild_shift,,threat_based,2.1728179298917176,0.0,9,7,0.42857142857142855,0.42857142857142855,"{'baseline_rule_policy': 0.0, 'randomized_legal_policy': 1.0, 'mixed_rule_policy': 1.0, 'seat_order_neutral_policy': 0.0, 'speech_and_herding_policy': 1.0, 'deception_enabled_policy': 0.0, 'risk_heterogeneous_policy': 0.0}","{""baseline_rule_policy"": 0.0, ""deception_enabled_policy"": 0.0, ""mixed_rule_policy"": 1.0, ""randomized_legal_policy"": 1.0, ""risk_heterogeneous_policy"": 0.0, ""seat_order_neutral_policy"": 0.0, ""speech_and_herding_policy"": 1.0}",0.20203050891044214,2,0.2857142857142857,0.0,regime_speech_and_herding_policy_seed_63_base_1,speech_and_herding_policy_seed_63_game_1_wolf_kill,0.48223913346222336,2.9999999999999996,0,0.6253922853927455,0.5,0.46447826692444666,0,0,4d5f0d037b5d6fbb4201427c98f564479a4dc535b6dfa07ca0803947fbe3511b,0.628,night,0,1,0.1253922853927455,0.315,0,1,1,63,5,regime_speech_and_herding_policy_seed_63_base_1,A_in_distribution,train,0.672817929891718,1.0,seer
1,0,2,0.55,0,0,0,0,werewolf,0.25,wolf,0,1,,1,10,regime_speech_and_herding_policy_seed_63_base_1,1,speech_and_herding_policy,1,0,0,0,0,1,0,0,0,0,0,0.3,2,0.0,0,0.01722328911269766,0,0,0.0,0,1,0,0,0,1.425,0.0,0.5,2,0.3,0,0,0,0,0,0,0,5669fc9f380ad60f901872c9dfa71e475caf3fa9c5bf0ad976f03d9699864d6c,wolf_kill,0,0,1,mild_shift,,threat_based,2.1930071332828653,0.0,9,7,0.42857142857142855,0.42857142857142855,"{'baseline_rule_policy': 1.0, 'randomized_legal_policy': 1.0, 'mixed_rule_policy': 0.0, 'seat_order_neutral_policy': 0.0, 'speech_and_herding_policy': 0.0, 'deception_enabled_policy': 1.0, 'risk_heterogeneous_policy': 0.0}","{""baseline_rule_policy"": 1.0, ""deception_enabled_policy"": 1.0, ""mixed_rule_policy"": 0.0, ""randomized_legal_policy"": 1.0, ""risk_heterogeneous_policy"": 0.0, ""seat_order_neutral_policy"": 0.0, ""speech_and_herding_policy"": 0.0}",0.20203050891044214,2,0.2857142857142857,0.0,regime_speech_and_herding_policy_seed_63_base_1,speech_and_herding_policy_seed_63_game_1_wolf_kill,0.25,2.9999999999999996,0,0.6104538748975064,0.5,0.0,0,0,4d5f0d037b5d6fbb4201427c98f564479a4dc535b6dfa07ca0803947fbe3511b,0.628,night,0,1,0.11045387489750635,0.315,0,1,1,63,5,regime_speech_and_herding_policy_seed_63_base_1,A_in_distribution,train,0.6930071332828653,0.3333333333333333,villager
1,0,2,0.55,0,0,0,0,werewolf,0.25,wolf,0,1,,1,10,regime_speech_and_herding_policy_seed_63_base_1,1,speech_and_herding_policy,1,0,0,0,0,2,1,0,0,0,0,0.3,9,0.0,0,0.01722328911269766,0,0,0.0,0,0,0,0,0,1.425,0.0,0.5,9,0.3,0,0,0,0,0,0,0,5669fc9f380ad60f901872c9dfa71e475caf3fa9c5bf0ad976f03d9699864d6c,wolf_kill,0,0,1,mild_shift,,threat_based,2.1894762174530746,0.0,9,7,0.42857142857142855,0.8571428571428571,"{'baseline_rule_policy': 1.0, 'randomized_legal_policy': 1.0, 'mixed_rule_policy': 1.0, 'seat_order_neutral_policy': 0.0, 'speech_and_herding_policy': 1.0, 'deception_enabled_policy': 1.0, 'risk_heterogeneous_policy': 1.0}","{""baseline_rule_policy"": 1.0, ""deception_enabled_policy"": 1.0, ""mixed_rule_policy"": 1.0, ""randomized_legal_policy"": 1.0, ""risk_heterogeneous_policy"": 1.0, ""seat_order_neutral_policy"": 0.0, ""speech_and_herding_policy"": 1.0}",0.14285714285714285,1,0.14285714285714285,0.0,regime_speech_and_herding_policy_seed_63_base_1,speech_and_herding_policy_seed_63_game_1_wolf_kill,0.41662137543987504,2.9999999999999996,0,0.6211715281478234,0.5,0.3332427508797501,0,0,4d5f0d037b5d6fbb4201427c98f564479a4dc535b6dfa07ca0803947fbe3511b,0.628,night,0,1,0.12117152814782339,0.315,0,1,1,63,5,regime_speech_and_herding_policy_seed_63_base_1,A_in_distribution,train,0.6894762174530749,0.6666666666666666,witch
1,0,2,0.55,0,0,0,0,werewolf,0.25,wolf,0,1,,1,10,regime_speech_and_herding_policy_seed_63_base_1,1,speech_and_herding_policy,1,0,0,0,0,4,1,0,0,0,0,0.3,7,0.0,0,0.01722328911269766,0,0,0.0,0,0,0,0,0,1.425,0.0,0.5,7,0.3,0,0,0,0,0,0,0,5669fc9f380ad60f901872c9dfa71e475caf3fa9c5bf0ad976f03d9699864d6c,wolf_kill,0,0,1,mild_shift,,threat_based,2.1813410098228947,0.0,9,7,0.42857142857142855,0.2857142857142857,"{'baseline_rule_policy': 1.0, 'randomized_legal_policy': 0.0, 'mixed_rule_policy': 0.0, 'seat_order_neutral_policy': 0.0, 'speech_and_herding_policy': 0.0, 'deception_enabled_policy': 1.0, 'risk_heterogeneous_policy': 0.0}","{""baseline_rule_policy"": 1.0, ""deception_enabled_policy"": 1.0, ""mixed_rule_policy"": 0.0, ""randomized_legal_policy"": 0.0, ""risk_heterogeneous_policy"": 0.0, ""seat_order_neutral_policy"": 0.0, ""speech_and_herding_policy"": 0.0}",0.18442777839082938,4,0.2380952380952381,0.0,regime_speech_and_herding_policy_seed_63_base_1,speech_and_herding_policy_seed_63_game_1_wolf_kill,0.75,2.9999999999999996,0,0.6426155745054432,0.5,1.0,0,0,4d5f0d037b5d6fbb4201427c98f564479a4dc535b6dfa07ca0803947fbe3511b,0.628,night,0,1,0.14261557450544315,0.315,0,1,1,63,5,regime_speech_and_herding_policy_seed_63_base_1,A_in_distribution,train,0.6813410098228949,0.6666666666666666,hunter
1,1,2,0.3,0,0,0,0,werewolf,0.0,wolf,0,1,,2,10,regime_speech_and_herding_policy_seed_63_base_2,2,speech_and_herding_policy,1,0,0,0,0,4,1,0,0,0,0,0.3,8,0.0,0,0.01072202317880977,0,0,0.0,0,0,0,0,0,1.425,0.0,0.5,8,0.3,0,0,0,0,0,0,0,c1cb577411859dbaad70b797ddfa4aa06a2c97d84cca93e598bdaeedf2876478,wolf_kill,0,0,1,in_distribution,,threat_based,0.8808179639637161,0.0,1,7,0.0,1.0,"{'baseline_rule_policy': 1.0, 'randomized_legal_policy': 1.0, 'mixed_rule_policy': 1.0, 'seat_order_neutral_policy': 1.0, 'speech_and_herding_policy': 1.0, 'deception_enabled_policy': 1.0, 'risk_heterogeneous_policy': 1.0}","{""baseline_rule_policy"": 1.0, ""deception_enabled_policy"": 1.0, ""mixed_rule_policy"": 1.0, ""randomized_legal_policy"": 1.0, ""risk_heterogeneous_policy"": 1.0, ""seat_order_neutral_policy"": 1.0, ""speech_and_herding_policy"": 1.0}",0.0,1,0.0,1.0,regime_speech_and_herding_policy_seed_63_base_2,speech_and_herding_policy_seed_63_game_2_wolf_kill,0.75,1.143543749793731,0,0.752258283571885,0.5,1.0,0,0,d12831a6aca4d8221b23efce85f3aaf445f9c00a02c7d57a1e67113fcf654406,0.628,night,0,1,0.25225828357188496,0.28500000000000003,0,1,1,63,8,regime_speech_and_herding_policy_seed_63_base_2,A_in_distribution,train,0.30904608906685066,0.6666666666666666,seer
1,0,2,0.3,0,0,0,0,werewolf,0.0,wolf,0,1,,2,10,regime_speech_and_herding_policy_seed_63_base_2,2,speech_and_herding_policy,1,0,0,0,0,1,1,0,0,0,0,0.3,1,0.0,0,0.01072202317880977,0,0,0.0,1,1,0,0,0,1.425,0.0,0.5,1,0.3,0,0,0,0,0,0,0,c1cb577411859dbaad70b797ddfa4aa06a2c97d84cca93e598bdaeedf2876478,wolf_kill,0,0,1,in_distribution,,threat_based,1.011596341857945,0.0,1,7,0.0,1.0,"{'baseline_rule_policy': 1.0, 'randomized_legal_policy': 1.0, 'mixed_rule_policy': 1.0, 'seat_order_neutral_policy': 1.0, 'speech_and_herding_policy': 1.0, 'deception_enabled_policy': 1.0, 'risk_heterogeneous_policy': 1.0}","{""baseline_rule_policy"": 1.0, ""deception_enabled_policy"": 1.0, ""mixed_rule_policy"": 1.0, ""randomized_legal_policy"": 1.0, ""risk_heterogeneous_policy"": 1.0, ""seat_order_neutral_policy"": 1.0, ""speech_and_herding_policy"": 1.0}",0.0,1,0.0,1.0,regime_speech_and_herding_policy_seed_63_base_2,speech_and_herding_policy_seed_63_game_2_wolf_kill,0.25,1.3232578740557186,0,0.7035508911567379,0.5,0.0,0,0,d12831a6aca4d8221b23efce85f3aaf445f9c00a02c7d57a1e67113fcf654406,0.628,night,0,1,0.20355089115673786,0.28500000000000003,0,1,1,63,8,regime_speech_and_herding_policy_seed_63_base_2,A_in_distribution,train,0.3499674048300858,0.3333333333333333,witch
1,0,2,0.3,0,0,0,0,werewolf,0.0,wolf,0,1,,2,10,regime_speech_and_herding_policy_seed_63_base_2,2,speech_and_herding_policy,1,0,0,0,0,2,0,0,0,0,0,0.3,10,0.0,0,0.01072202317880977,0,0,0.0,1,0,0,0,0,1.425,0.0,0.5,10,0.3,0,0,0,0,0,0,0,c1cb577411859dbaad70b797ddfa4aa06a2c97d84cca93e598bdaeedf2876478,wolf_kill,0,0,1,in_distribution,,threat_based,1.1459963255459513,0.0,1,7,0.0,0.42857142857142855,"{'baseline_rule_policy': 0.0, 'randomized_legal_policy': 0.0, 'mixed_rule_policy': 1.0, 'seat_order_neutral_policy': 1.0, 'speech_and_herding_policy': 0.0, 'deception_enabled_policy': 1.0, 'risk_heterogeneous_policy': 0.0}","{""baseline_rule_policy"": 0.0, ""deception_enabled_policy"": 1.0, ""mixed_rule_policy"": 1.0, ""randomized_legal_policy"": 0.0, ""risk_heterogeneous_policy"": 0.0, ""seat_order_neutral_policy"": 1.0, ""speech_and_herding_policy"": 0.0}",0.20203050891044214,4,0.2857142857142857,0.0,regime_speech_and_herding_policy_seed_63_base_2,speech_and_herding_policy_seed_63_game_2_wolf_kill,0.35827064608515313,1.5958918549960293,0,0.71409805284856,0.5,0.21654129217030627,0,0,d12831a6aca4d8221b23efce85f3aaf445f9c00a02c7d57a1e67113fcf654406,0.628,night,0,1,0.21409805284855998,0.28500000000000003,0,1,1,63,8,regime_speech_and_herding_policy_seed_63_base_2,A_in_distribution,train,0.34805039804793675,0.3333333333333333,villager
1,0,2,0.3,0,0,0,0,werewolf,0.0,wolf,0,1,,2,10,regime_speech_and_herding_policy_seed_63_base_2,2,speech_and_herding_policy,1,0,0,0,0,3,0,0,0,0,0,0.3,9,0.0,0,0.01072202317880977,0,0,0.0,0,0,0,0,0,1.425,0.0,0.5,9,0.3,0,0,0,0,0,0,0,c1cb577411859dbaad70b797ddfa4aa06a2c97d84cca93e598bdaeedf2876478,wolf_kill,0,0,1,in_distribution,,threat_based,0.9394162938328261,0.0,1,7,0.0,1.0,"{'baseline_rule_policy': 1.0, 'randomized_legal_policy': 1.0, 'mixed_rule_policy': 1.0, 'seat_order_neutral_policy': 1.0, 'speech_and_herding_policy': 1.0, 'deception_enabled_policy': 1.0, 'risk_heterogeneous_policy': 1.0}","{""baseline_rule_policy"": 1.0, ""deception_enabled_policy"": 1.0, ""mixed_rule_policy"": 1.0, ""randomized_legal_policy"": 1.0, ""risk_heterogeneous_policy"": 1.0, ""seat_order_neutral_policy"": 1.0, ""speech_and_herding_policy"": 1.0}",0.0,1,0.0,1.0,regime_speech_and_herding_policy_seed_63_base_2,speech_and_herding_policy_seed_63_game_2_wolf_kill,0.639934333915652,1.2729457797860402,0,0.7415362603930752,0.5,0.779868667831304,0,0,d12831a6aca4d8221b23efce85f3aaf445f9c00a02c7d57a1e67113fcf654406,0.628,night,0,1,0.2415362603930752,0.28500000000000003,0,1,1,63,8,regime_speech_and_herding_policy_seed_63_base_2,A_in_distribution,train,0.30294340393980607,0.3333333333333333,villager
1,1,2,0.3,0,0,0,0,werewolf,0.0,wolf,0,1,,2,10,regime_speech_and_herding_policy_seed_63_base_3,3,speech_and_herding_policy,1,0,0,0,0,5,1,0,0,0,0,0.3,7,0.0,0,0.03233219116643182,0,0,0.0,0,0,0,0,0,1.425,0.0,0.5,7,0.3,0,0,0,0,0,0,0,00362a045bb641396e3f9110489ac6933a1ae6e78e2a7ab4ba7182b6ead4d95d,wolf_kill,0,0,1,in_distribution,,threat_based,1.227390550950416,0.0,1,7,0.0,1.0,"{'baseline_rule_policy': 1.0, 'randomized_legal_policy': 1.0, 'mixed_rule_policy': 1.0, 'seat_order_neutral_policy': 1.0, 'speech_and_herding_policy': 1.0, 'deception_enabled_policy': 1.0, 'risk_heterogeneous_policy': 1.0}","{""baseline_rule_policy"": 1.0, ""deception_enabled_policy"": 1.0, ""mixed_rule_policy"": 1.0, ""randomized_legal_policy"": 1.0, ""risk_heterogeneous_policy"": 1.0, ""seat_order_neutral_policy"": 1.0, ""speech_and_herding_policy"": 1.0}",0.0,1,0.0,1.0,regime_speech_and_herding_policy_seed_63_base_3,speech_and_herding_policy_seed_63_game_3_wolf_kill,0.75,1.7451661817256576,0,0.7629803067506948,0.5,1.0,0,0,dba2522a9393c638d20d371a8739a44231117a804f9d73960bb58c0db76233a0,0.628,night,0,1,0.26298030675069484,0.28500000000000003,0,1,1,63,7,regime_speech_and_herding_policy_seed_63_base_3,A_in_distribution,train,0.35480746008758707,1.0,seer
1,0,2,0.3,0,0,0,0,werewolf,0.0,wolf,0,1,,2,10,regime_speech_and_herding_policy_seed_63_base_3,3,speech_and_herding_policy,1,0,0,0,0,1,0,0,0,0,0,0.3,1,0.0,0,0.03233219116643182,0,0,0.0,1,1,0,0,0,1.425,0.0,0.5,1,0.3,0,0,0,0,0,0,0,00362a045bb641396e3f9110489ac6933a1ae6e78e2a7ab4ba7182b6ead4d95d,wolf_kill,0,0,1,in_distribution,,threat_based,1.011596341857945,0.0,1,7,0.0,1.0,"{'baseline_rule_policy': 1.0, 'randomized_legal_policy': 1.0, 'mixed_rule_policy': 1.0, 'seat_order_neutral_policy': 1.0, 'speech_and_herding_policy': 1.0, 'deception_enabled_policy': 1.0, 'risk_heterogeneous_policy': 1.0}","{""baseline_rule_policy"": 1.0, ""deception_enabled_policy"": 1.0, ""mixed_rule_policy"": 1.0, ""randomized_legal_policy"": 1.0, ""risk_heterogeneous_policy"": 1.0, ""seat_order_neutral_policy"": 1.0, ""speech_and_herding_policy"": 1.0}",0.0,1,0.0,1.0,regime_speech_and_herding_policy_seed_63_base_3,speech_and_herding_policy_seed_63_game_3_wolf_kill,0.25,1.3232578740557186,0,0.7035508911567379,0.5,0.0,0,0,dba2522a9393c638d20d371a8739a44231117a804f9d73960bb58c0db76233a0,0.628,night,0,1,0.20355089115673786,0.28500000000000003,0,1,1,63,7,regime_speech_and_herding_policy_seed_63_base_3,A_in_distribution,train,0.3499674048300858,0.6666666666666666,villager
1,0,2,0.3,0,0,0,0,werewolf,0.0,wolf,0,1,,2,10,regime_speech_and_herding_policy_seed_63_base_3,3,speech_and_herding_policy,1,0,0,0,0,1,1,0,0,0,0,0.3,3,0.0,0,0.03233219116643182,0,0,0.0,0,1,0,0,0,1.425,0.0,0.5,3,0.3,0,0,0,0,0,0,0,00362a045bb641396e3f9110489ac6933a1ae6e78e2a7ab4ba7182b6ead4d95d,wolf_kill,0,0,1,in_distribution,,threat_based,0.9640958436641636,0.0,1,7,0.0,0.7142857142857143,"{'baseline_rule_policy': 1.0, 'randomized_legal_policy': 0.0, 'mixed_rule_policy': 1.0, 'seat_order_neutral_policy': 1.0, 'speech_and_herding_policy': 1.0, 'deception_enabled_policy': 1.0, 'risk_heterogeneous_policy': 0.0}","{""baseline_rule_policy"": 1.0, ""deception_enabled_policy"": 1.0, ""mixed_rule_policy"": 1.0, ""randomized_legal_policy"": 0.0, ""risk_heterogeneous_policy"": 0.0, ""seat_order_neutral_policy"": 1.0, ""speech_and_herding_policy"": 1.0}",0.18442777839082938,4,0.2380952380952381,0.0,regime_speech_and_herding_policy_seed_63_base_3,speech_and_herding_policy_seed_63_game_3_wolf_kill,0.3892045727006336,1.3232578740557186,0,0.7200965839639482,0.5,0.2784091454012671,0,0,dba2522a9393c638d20d371a8739a44231117a804f9d73960bb58c0db76233a0,0.628,night,0,1,0.22009658396394816,0.28500000000000003,0,1,1,63,7,regime_speech_and_herding_policy_seed_63_base_3,A_in_distribution,train,0.30246690663630427,1.0,witch
1,0,2,0.3,0,0,0,0,werewolf,0.0,wolf,0,1,,2,10,regime_speech_and_herding_policy_seed_63_base_3,3,speech_and_herding_policy,1,0,0,0,0,2,0,0,0,0,0,0.3,4,0.0,0,0.03233219116643182,0,0,0.0,0,1,0,0,0,1.425,0.0,0.5,4,0.3,0,0,0,0,0,0,0,00362a045bb641396e3f9110489ac6933a1ae6e78e2a7ab4ba7182b6ead4d95d,wolf_kill,0,0,1,in_distribution,,threat_based,0.6997458238835813,0.0,1,7,0.0,1.0,"{'baseline_rule_policy': 1.0, 'randomized_legal_policy': 1.0, 'mixed_rule_policy': 1.0, 'seat_order_neutral_policy': 1.0, 'speech_and_herding_policy': 1.0, 'deception_enabled_policy': 1.0, 'risk_heterogeneous_policy': 1.0}","{""baseline_rule_policy"": 1.0, ""deception_enabled_policy"": 1.0, ""mixed_rule_policy"": 1.0, ""randomized_legal_policy"": 1.0, ""risk_heterogeneous_policy"": 1.0, ""seat_order_neutral_policy"": 1.0, ""speech_and_herding_policy"": 1.0}",0.0,1,0.0,1.0,regime_speech_and_herding_policy_seed_63_base_3,speech_and_herding_policy_seed_63_game_3_wolf_kill,0.4779782171564927,0.9198662110077998,0,0.730648115584263,0.5,0.45595643431298544,0,0,dba2522a9393c638d20d371a8739a44231117a804f9d73960bb58c0db76233a0,0.628,night,0,1,0.230648115584263,0.28500000000000003,0,1,1,63,7,regime_speech_and_herding_policy_seed_63_base_3,A_in_distribution,train,0.23981271837968146,0.6666666666666666,villager
1,1,2,0.3,0,0,0,0,werewolf,0.0,wolf,0,1,,1,10,regime_speech_and_herding_policy_seed_64_base_1,1,speech_and_herding_policy,1,0,0,0,0,3,1,0,0,0,0,0.3,8,0.0,0,0.01072202317880988,0,0,0.0,0,0,0,0,0,1.425,0.0,0.5,8,0.3,0,0,0,0,0,0,0,482cc96623d13191768501924d564bbcf03c694fb04144f25d399162c7a01f42,wolf_kill,0,0,1,in_distribution,,threat_based,0.8510013501405396,0.0,7,7,0.1428571428571428,0.7142857142857143,"{'baseline_rule_policy': 1.0, 'randomized_legal_policy': 0.0, 'mixed_rule_policy': 0.0, 'seat_order_neutral_policy': 1.0, 'speech_and_herding_policy': 1.0, 'deception_enabled_policy': 1.0, 'risk_heterogeneous_policy': 1.0}","{""baseline_rule_policy"": 1.0, ""deception_enabled_policy"": 1.0, ""mixed_rule_policy"": 0.0, ""randomized_legal_policy"": 0.0, ""risk_heterogeneous_policy"": 1.0, ""seat_order_neutral_policy"": 1.0, ""speech_and_herding_policy"": 1.0}",0.18442777839082938,3,0.2380952380952381,0.0,regime_speech_and_herding_policy_seed_64_base_1,speech_and_herding_policy_seed_64_game_1_wolf_kill,0.39032806056492425,1.143543749793731,0,0.7416215061723227,0.0,0.7806561211298485,0,0,1a444d97e6f753b3ff9030d92cdd995a0f506f88348cbde39905b1f98b7eda32,0.628,night,0,1,0.2416215061723227,0.28500000000000003,0,1,1,64,8,regime_speech_and_herding_policy_seed_64_base_1,A_in_distribution,train,0.2792294752436741,1.0,seer
1,0,2,0.3,0,0,0,0,werewolf,0.0,wolf,0,1,,1,10,regime_speech_and_herding_policy_seed_64_base_1,1,speech_and_herding_policy,1,0,0,0,0,1,0,0,0,0,0,0.3,10,0.0,0,0.01072202317880988,0,0,0.0,1,0,0,0,0,1.425,0.0,0.5,10,0.3,0,0,0,0,0,0,0,482cc96623d13191768501924d564bbcf03c694fb04144f25d399162c7a01f42,wolf_kill,0,0,1,in_distribution,,threat_based,1.1837751705171962,0.0,7,7,0.1428571428571428,0.42857142857142855,"{'baseline_rule_policy': 1.0, 'randomized_legal_policy': 0.0, 'mixed_rule_policy': 0.0, 'seat_order_neutral_policy': 1.0, 'speech_and_herding_policy': 0.0, 'deception_enabled_policy': 0.0, 'risk_heterogeneous_policy': 1.0}","{""baseline_rule_policy"": 1.0, ""deception_enabled_policy"": 0.0, ""mixed_rule_policy"": 0.0, ""randomized_legal_policy"": 0.0, ""risk_heterogeneous_policy"": 1.0, ""seat_order_neutral_policy"": 1.0, ""speech_and_herding_policy"": 0.0}",0.20203050891044214,4,0.2857142857142857,0.0,regime_speech_and_herding_policy_seed_64_base_1,speech_and_herding_policy_seed_64_game_1_wolf_kill,0.0,1.5958918549960293,0,0.7034612754489976,0.0,0.0,0,0,1a444d97e6f753b3ff9030d92cdd995a0f506f88348cbde39905b1f98b7eda32,0.628,night,0,1,0.2034612754489976,0.28500000000000003,0,1,1,64,8,regime_speech_and_herding_policy_seed_64_base_1,A_in_distribution,train,0.3858292430191816,0.6666666666666666,villager
1,0,2,0.3,0,0,0,0,werewolf,0.0,wolf,0,1,,1,10,regime_speech_and_herding_policy_seed_64_base_1,1,speech_and_herding_policy,1,0,0,0,0,4,0,0,0,0,0,0.3,7,0.0,0,0.01072202317880988,0,0,0.0,0,0,0,0,0,1.425,0.0,0.5,7,0.3,0,0,0,0,0,0,0,482cc96623d13191768501924d564bbcf03c694fb04144f25d399162c7a01f42,wolf_kill,0,0,1,in_distribution,,threat_based,0.8645434465292623,0.0,7,7,0.1428571428571428,0.8571428571428571,"{'baseline_rule_policy': 1.0, 'randomized_legal_policy': 1.0, 'mixed_rule_policy': 0.0, 'seat_order_neutral_policy': 1.0, 'speech_and_herding_policy': 1.0, 'deception_enabled_policy': 1.0, 'risk_heterogeneous_policy': 1.0}","{""baseline_rule_policy"": 1.0, ""deception_enabled_policy"": 1.0, ""mixed_rule_policy"": 0.0, ""randomized_legal_policy"": 1.0, ""risk_heterogeneous_policy"": 1.0, ""seat_order_neutral_policy"": 1.0, ""speech_and_herding_policy"": 1.0}",0.14285714285714285,1,0.14285714285714285,0.0,regime_speech_and_herding_policy_seed_64_base_1,speech_and_herding_policy_seed_64_game_1_wolf_kill,0.5,1.143543749793731,0,0.7523435293511326,0.0,1.0,0,0,1a444d97e6f753b3ff9030d92cdd995a0f506f88348cbde39905b1f98b7eda32,0.628,night,0,1,0.2523435293511326,0.28500000000000003,0,1,1,64,8,regime_speech_and_herding_policy_seed_64_base_1,A_in_distribution,train,0.29277157163239675,1.0,villager
1,0,2,0.3,0,0,0,0,werewolf,0.0,wolf,0,1,,1,10,regime_speech_and_herding_policy_seed_64_base_1,1,speech_and_herding_policy,1,0,0,0,0,2,0,0,0,0,0,0.15,9,0.0,0,0.01072202317880988,0,0,0.0,0,0,0,0,0,1.4625,0.0,0.5,9,0.15,0,0,0,0,0,0,0,482cc96623d13191768501924d564bbcf03c694fb04144f25d399162c7a01f42,wolf_kill,0,0,1,mild_shift,,threat_based,2.388013578987978,0.0,7,7,0.1428571428571428,0.8571428571428571,"{'baseline_rule_policy': 0.0, 'randomized_legal_policy': 1.0, 'mixed_rule_policy': 1.0, 'seat_order_neutral_policy': 1.0, 'speech_and_herding_policy': 1.0, 'deception_enabled_policy': 1.0, 'risk_heterogeneous_policy': 1.0}","{""baseline_rule_policy"": 0.0, ""deception_enabled_policy"": 1.0, ""mixed_rule_policy"": 1.0, ""randomized_legal_policy"": 1.0, ""risk_heterogeneous_policy"": 1.0, ""seat_order_neutral_policy"": 1.0, ""speech_and_herding_policy"": 1.0}",0.14285714285714285,1,0.14285714285714285,0.0,regime_speech_and_herding_policy_seed_64_base_1,speech_and_herding_policy_seed_64_game_1_wolf_kill,0.86828761295675,3.147870853305598,0,0.7394667326601237,1.0,0.7365752259135001,0,0,1a444d97e6f753b3ff9030d92cdd995a0f506f88348cbde39905b1f98b7eda32,0.664,night,0,1,0.23946673266012375,0.28500000000000003,0,1,1,64,8,regime_speech_and_herding_policy_seed_64_base_1,A_in_distribution,train,0.814078152335179,0.3333333333333333,villager
1,1,2,0.3,0,0,0,0,werewolf,0.0,wolf,0,1,,4,10,regime_speech_and_herding_policy_seed_64_base_2,2,speech_and_herding_policy,1,0,0,0,0,2,1,0,0,0,0,0.3,2,0.0,0,0.01911878128692579,0,0,0.0,0,1,0,0,0,1.425,0.0,0.5,2,0.3,0,0,0,0,0,0,0,6badc8a8cd1c238d191129ee427859acff1feaacc32d78821ebbb9dee42d0e1e,wolf_kill,0,0,1,in_distribution,,threat_based,0.7659107590835471,0.0,2,7,0.0,1.0,"{'baseline_rule_policy': 1.0, 'randomized_legal_policy': 1.0, 'mixed_rule_policy': 1.0, 'seat_order_neutral_policy': 1.0, 'speech_and_herding_policy': 1.0, 'deception_enabled_policy': 1.0, 'risk_heterogeneous_policy': 1.0}","{""baseline_rule_policy"": 1.0, ""deception_enabled_policy"": 1.0, ""mixed_rule_policy"": 1.0, ""randomized_legal_policy"": 1.0, ""risk_heterogeneous_policy"": 1.0, ""seat_order_neutral_policy"": 1.0, ""speech_and_herding_policy"": 1.0}",0.0,1,0.0,1.0,regime_speech_and_herding_policy_seed_64_base_2,speech_and_herding_policy_seed_64_game_2_wolf_kill,0.06438049381702814,0.9876767466838834,0,0.730818607142758,0.0,0.12876098763405627,0,0,510c0792845d3444517d41aad2789ed3d4d4cf7469777a4e0f02c075c5dce3c5,0.628,night,0,1,0.23081860714275804,0.28500000000000003,0,1,1,64,2,regime_speech_and_herding_policy_seed_64_base_2,A_in_distribution,train,0.2720723857416054,0.6666666666666666,seer
1,0,2,0.3,0,0,0,0,werewolf,0.0,wolf,0,1,,4,10,regime_speech_and_herding_policy_seed_64_base_2,2,speech_and_herding_policy,1,0,0,0,0,3,0,0,0,0,0,0.3,1,0.0,0,0.01911878128692579,0,0,0.0,1,1,0,0,0,1.425,0.0,0.5,1,0.3,0,0,0,0,0,0,0,6badc8a8cd1c238d191129ee427859acff1feaacc32d78821ebbb9dee42d0e1e,wolf_kill,0,0,1,in_distribution,,threat_based,0.9547436893066565,0.0,2,7,0.0,0.7142857142857143,"{'baseline_rule_policy': 1.0, 'randomized_legal_policy': 0.0, 'mixed_rule_policy': 1.0, 'seat_order_neutral_policy': 0.0, 'speech_and_herding_policy': 1.0, 'deception_enabled_policy': 1.0, 'risk_heterogeneous_policy': 1.0}","{""baseline_rule_policy"": 1.0, ""deception_enabled_policy"": 1.0, ""mixed_rule_policy"": 1.0, ""randomized_legal_policy"": 0.0, ""risk_heterogeneous_policy"": 1.0, ""seat_order_neutral_policy"": 0.0, ""speech_and_herding_policy"": 1.0}",0.18442777839082938,4,0.2380952380952381,0.0,regime_speech_and_herding_policy_seed_64_base_2,speech_and_herding_policy_seed_64_game_2_wolf_kill,0.0,1.3106228218938725,0,0.7248244459558626,0.0,0.0,0,0,510c0792845d3444517d41aad2789ed3d4d4cf7469777a4e0f02c075c5dce3c5,0.628,night,0,1,0.2248244459558626,0.28500000000000003,0,1,1,64,2,regime_speech_and_herding_policy_seed_64_base_2,A_in_distribution,train,0.2994322783597203,0.6666666666666666,villager
1,0,2,0.3,0,0,0,0,werewolf,0.0,wolf,0,1,,4,10,regime_speech_and_herding_policy_seed_64_base_2,2,speech_and_herding_policy,1,0,0,0,0,4,1,0,0,0,0,0.3,8,0.0,0,0.01911878128692579,0,0,0.0,0,0,0,0,0,1.425,0.0,0.5,8,0.3,0,0,0,0,0,0,0,6badc8a8cd1c238d191129ee427859acff1feaacc32d78821ebbb9dee42d0e1e,wolf_kill,0,0,1,in_distribution,,threat_based,0.8808179639637161,0.0,2,7,0.0,0.8571428571428571,"{'baseline_rule_policy': 1.0, 'randomized_legal_policy': 1.0, 'mixed_rule_policy': 1.0, 'seat_order_neutral_policy': 1.0, 'speech_and_herding_policy': 1.0, 'deception_enabled_policy': 1.0, 'risk_heterogeneous_policy': 0.0}","{""baseline_rule_policy"": 1.0, ""deception_enabled_policy"": 1.0, ""mixed_rule_policy"": 1.0, ""randomized_legal_policy"": 1.0, ""risk_heterogeneous_policy"": 0.0, ""seat_order_neutral_policy"": 1.0, ""speech_and_herding_policy"": 1.0}",0.14285714285714285,2,0.14285714285714285,0.0,regime_speech_and_herding_policy_seed_64_base_2,speech_and_herding_policy_seed_64_game_2_wolf_kill,0.29465407384722875,1.143543749793731,0,0.752258283571885,0.0,0.5893081476944575,0,0,510c0792845d3444517d41aad2789ed3d4d4cf7469777a4e0f02c075c5dce3c5,0.628,night,0,1,0.25225828357188496,0.28500000000000003,0,1,1,64,2,regime_speech_and_herding_policy_seed_64_base_2,A_in_distribution,train,0.30904608906685066,1.0,witch
1,0,2,0.3,0,0,0,0,werewolf,0.0,wolf,0,1,,4,10,regime_speech_and_herding_policy_seed_64_base_2,2,speech_and_herding_policy,1,0,0,0,0,5,0,0,0,0,0,0.15,9,0.0,0,0.01911878128692579,0,0,0.0,0,0,0,0,0,1.4625,0.0,0.5,9,0.15,0,0,0,0,0,0,0,6badc8a8cd1c238d191129ee427859acff1feaacc32d78821ebbb9dee42d0e1e,wolf_kill,0,0,1,mild_shift,,threat_based,2.419715772887821,0.0,2,7,0.0,0.8571428571428571,"{'baseline_rule_policy': 0.0, 'randomized_legal_policy': 1.0, 'mixed_rule_policy': 1.0, 'seat_order_neutral_policy': 1.0, 'speech_and_herding_policy': 1.0, 'deception_enabled_policy': 1.0, 'risk_heterogeneous_policy': 1.0}","{""baseline_rule_policy"": 0.0, ""deception_enabled_policy"": 1.0, ""mixed_rule_policy"": 1.0, ""randomized_legal_policy"": 1.0, ""risk_heterogeneous_policy"": 1.0, ""seat_order_neutral_policy"": 1.0, ""speech_and_herding_policy"": 1.0}",0.14285714285714285,2,0.14285714285714285,0.0,regime_speech_and_herding_policy_seed_64_base_2,speech_and_herding_policy_seed_64_game_2_wolf_kill,1.0,3.147870853305598,0,0.7713770648588107,1.0,1.0,0,0,510c0792845d3444517d41aad2789ed3d4d4cf7469777a4e0f02c075c5dce3c5,0.664,night,0,1,0.27137706485881075,0.28500000000000003,0,1,1,64,2,regime_speech_and_herding_policy_seed_64_base_2,A_in_distribution,train,0.845780346235022,0.3333333333333333,villager
1,1,2,0.3,0,0,0,0,werewolf,0.0,wolf,0,1,,1,10,regime_speech_and_herding_policy_seed_64_base_3,3,speech_and_herding_policy,1,0,0,0,0,2,1,0,0,0,0,0.3,3,0.0,0,0.004220757244922102,0,0,0.0,0,1,0,0,0,1.425,0.0,0.5,3,0.3,0,0,0,0,0,0,0,d772d26f70ebfcf6081dd9b926619d4952c5098ec7e921ede793dc62fb70eae8,wolf_kill,0,0,1,in_distribution,,threat_based,0.7124427180391601,0.0,9,7,0.1428571428571428,0.7142857142857143,"{'baseline_rule_policy': 1.0, 'randomized_legal_policy': 0.0, 'mixed_rule_policy': 1.0, 'seat_order_neutral_policy': 0.0, 'speech_and_herding_policy': 1.0, 'deception_enabled_policy': 1.0, 'risk_heterogeneous_policy': 1.0}","{""baseline_rule_policy"": 1.0, ""deception_enabled_policy"": 1.0, ""mixed_rule_policy"": 1.0, ""randomized_legal_policy"": 0.0, ""risk_heterogeneous_policy"": 1.0, ""seat_order_neutral_policy"": 0.0, ""speech_and_herding_policy"": 1.0}",0.18442777839082938,2,0.2380952380952381,0.0,regime_speech_and_herding_policy_seed_64_base_3,speech_and_herding_policy_seed_64_game_3_wolf_kill,0.6807166405455551,0.9198662110077998,0,0.7307333613635105,0.5,0.8614332810911104,0,0,dc64321a725714906dce787720aeca88347ec71e64dd2d8135d792027969a9b0,0.628,night,0,1,0.23073336136351053,0.28500000000000003,0,1,1,64,3,regime_speech_and_herding_policy_seed_64_base_3,A_in_distribution,train,0.25250961253526033,0.6666666666666666,seer
1,0,2,0.3,0,0,0,0,werewolf,0.0,wolf,0,1,,1,10,regime_speech_and_herding_policy_seed_64_base_3,3,speech_and_herding_policy,1,0,0,0,0,1,0,0,0,0,0,0.3,10,0.0,0,0.004220757244922102,0,0,0.0,1,0,0,0,0,1.425,0.0,0.5,10,0.3,0,0,0,0,0,0,0,d772d26f70ebfcf6081dd9b926619d4952c5098ec7e921ede793dc62fb70eae8,wolf_kill,0,0,1,in_distribution,,threat_based,1.1837751705171962,0.0,9,7,0.1428571428571428,0.7142857142857143,"{'baseline_rule_policy': 1.0, 'randomized_legal_policy': 1.0, 'mixed_rule_policy': 1.0, 'seat_order_neutral_policy': 0.0, 'speech_and_herding_policy': 0.0, 'deception_enabled_policy': 1.0, 'risk_heterogeneous_policy': 1.0}","{""baseline_rule_policy"": 1.0, ""deception_enabled_policy"": 1.0, ""mixed_rule_policy"": 1.0, ""randomized_legal_policy"": 1.0, ""risk_heterogeneous_policy"": 1.0, ""seat_order_neutral_policy"": 0.0, ""speech_and_herding_policy"": 0.0}",0.18442777839082938,2,0.2380952380952381,0.0,regime_speech_and_herding_policy_seed_64_base_3,speech_and_herding_policy_seed_64_game_3_wolf_kill,0.25,1.5958918549960293,0,0.7034612754489976,0.5,0.0,0,0,dc64321a725714906dce787720aeca88347ec71e64dd2d8135d792027969a9b0,0.628,night,0,1,0.2034612754489976,0.28500000000000003,0,1,1,64,3,regime_speech_and_herding_policy_seed_64_base_3,A_in_distribution,train,0.3858292430191816,1.0,villager
1,0,2,0.3,0,0,0,0,werewolf,0.0,wolf,0,1,,1,10,regime_speech_and_herding_policy_seed_64_base_3,3,speech_and_herding_policy,1,0,0,0,0,2,0,0,0,0,0,0.3,9,0.0,0,0.004220757244922102,0,0,0.0,0,0,0,0,0,1.425,0.0,0.5,9,0.3,0,0,0,0,0,0,0,d772d26f70ebfcf6081dd9b926619d4952c5098ec7e921ede793dc62fb70eae8,wolf_kill,0,0,1,in_distribution,,threat_based,0.9477076500388322,0.0,9,7,0.1428571428571428,0.8571428571428571,"{'baseline_rule_policy': 1.0, 'randomized_legal_policy': 1.0, 'mixed_rule_policy': 1.0, 'seat_order_neutral_policy': 0.0, 'speech_and_herding_policy': 1.0, 'deception_enabled_policy': 1.0, 'risk_heterogeneous_policy': 1.0}","{""baseline_rule_policy"": 1.0, ""deception_enabled_policy"": 1.0, ""mixed_rule_policy"": 1.0, ""randomized_legal_policy"": 1.0, ""risk_heterogeneous_policy"": 1.0, ""seat_order_neutral_policy"": 0.0, ""speech_and_herding_policy"": 1.0}",0.14285714285714285,1,0.14285714285714285,0.0,regime_speech_and_herding_policy_seed_64_base_3,speech_and_herding_policy_seed_64_game_3_wolf_kill,0.6833402517581637,1.2729457797860402,0,0.7308994829935128,0.5,0.8666805035163274,0,0,dc64321a725714906dce787720aeca88347ec71e64dd2d8135d792027969a9b0,0.628,night,0,1,0.23089948299351282,0.28500000000000003,0,1,1,64,3,regime_speech_and_herding_policy_seed_64_base_3,A_in_distribution,train,0.3112347601458121,0.6666666666666666,villager
1,0,2,0.3,0,0,0,0,werewolf,0.0,wolf,0,1,,1,10,regime_speech_and_herding_policy_seed_64_base_3,3,speech_and_herding_policy,1,0,0,0,0,4,1,0,0,0,0,0.3,5,0.0,0,0.004220757244922102,0,0,0.0,1,1,0,0,0,1.425,0.0,0.5,5,0.3,0,0,0,0,0,0,0,d772d26f70ebfcf6081dd9b926619d4952c5098ec7e921ede793dc62fb70eae8,wolf_kill,0,0,1,in_distribution,,threat_based,0.815905591377854,0.0,9,7,0.1428571428571428,0.5714285714285714,"{'baseline_rule_policy': 0.0, 'randomized_legal_policy': 1.0, 'mixed_rule_policy': 1.0, 'seat_order_neutral_policy': 0.0, 'speech_and_herding_policy': 1.0, 'deception_enabled_policy': 1.0, 'risk_heterogeneous_policy': 0.0}","{""baseline_rule_policy"": 0.0, ""deception_enabled_policy"": 1.0, ""mixed_rule_policy"": 1.0, ""randomized_legal_policy"": 1.0, ""risk_heterogeneous_policy"": 0.0, ""seat_order_neutral_policy"": 0.0, ""speech_and_herding_policy"": 1.0}",0.20203050891044216,4,0.28571428571428575,0.0,regime_speech_and_herding_policy_seed_64_base_3,speech_and_herding_policy_seed_64_game_3_wolf_kill,0.75,1.0871146130092182,0,0.7351202402384349,0.5,1.0,0,0,dc64321a725714906dce787720aeca88347ec71e64dd2d8135d792027969a9b0,0.628,night,0,1,0.23512024023843492,0.28500000000000003,0,1,1,64,3,regime_speech_and_herding_policy_seed_64_base_3,A_in_distribution,train,0.2723482848732449,0.0,hunter
1,1,2,0.3,0,0,0,0,werewolf,0.0,wolf,0,1,,3,10,regime_deception_enabled_policy_seed_60_base_1,1,deception_enabled_policy,1,0,0,0,0,1,1,0,0,0,0,0.3,4,0.0,0,0.027608699103010226,0,0,0.0,0,1,0,0,0,1.425,0.0,0.5,4,0.3,0,0,0,0,0,0,0,d76dd2c15487c7e442b1c754dc6378802d5c10289b67469bbd5476f89060e89b,wolf_kill,0,0,1,in_distribution,,seer_first,1.11285472647031,0.0,10,7,0.1428571428571429,0.5714285714285714,"{'baseline_rule_policy': 0.0, 'randomized_legal_policy': 0.0, 'mixed_rule_policy': 1.0, 'seat_order_neutral_policy': 1.0, 'speech_and_herding_policy': 1.0, 'deception_enabled_policy': 1.0, 'risk_heterogeneous_policy': 0.0}","{""baseline_rule_policy"": 0.0, ""deception_enabled_policy"": 1.0, ""mixed_rule_policy"": 1.0, ""randomized_legal_policy"": 0.0, ""risk_heterogeneous_policy"": 0.0, ""seat_order_neutral_policy"": 1.0, ""speech_and_herding_policy"": 1.0}",0.20203050891044216,2,0.28571428571428575,0.0,regime_deception_enabled_policy_seed_60_base_1,deception_enabled_policy_seed_60_game_1_wolf_kill,0.32631422155189804,1.5275252316519494,0,0.6283454148450847,0.5,0.15262844310379614,0,0,c123579c4e2a727a02c642dd7d2ecde13b0cb6f3bd9d7d6a414675cdabcf4d6a,0.628,night,0,1,0.12834541484508466,0.315,0,1,1,60,4,regime_deception_enabled_policy_seed_60_base_1,C_out_of_distribution,ood_test,0.3490921106443352,0.6666666666666666,seer
1,0,2,0.3,0,0,0,0,werewolf,0.0,wolf,0,1,,3,10,regime_deception_enabled_policy_seed_60_base_1,1,deception_enabled_policy,1,0,0,0,0,2,0,0,0,0,0,0.3,1,0.0,0,0.027608699103010226,0,0,0.0,1,1,0,0,0,1.425,0.0,0.5,1,0.3,0,0,0,0,0,0,0,d76dd2c15487c7e442b1c754dc6378802d5c10289b67469bbd5476f89060e89b,wolf_kill,0,0,1,in_distribution,,seer_first,1.1262292982757063,0.0,10,7,0.1428571428571429,0.5714285714285714,"{'baseline_rule_policy': 1.0, 'randomized_legal_policy': 1.0, 'mixed_rule_policy': 1.0, 'seat_order_neutral_policy': 0.0, 'speech_and_herding_policy': 0.0, 'deception_enabled_policy': 1.0, 'risk_heterogeneous_policy': 0.0}","{""baseline_rule_policy"": 1.0, ""deception_enabled_policy"": 1.0, ""mixed_rule_policy"": 1.0, ""randomized_legal_policy"": 1.0, ""risk_heterogeneous_policy"": 0.0, ""seat_order_neutral_policy"": 0.0, ""speech_and_herding_policy"": 0.0}",0.20203050891044216,2,0.28571428571428575,0.0,regime_deception_enabled_policy_seed_60_base_1,deception_enabled_policy_seed_60_game_1_wolf_kill,0.25,1.5275252316519494,0,0.6225217452166842,0.5,0.0,0,0,c123579c4e2a727a02c642dd7d2ecde13b0cb6f3bd9d7d6a414675cdabcf4d6a,0.628,night,0,1,0.12252174521668424,0.315,0,1,1,60,4,regime_deception_enabled_policy_seed_60_base_1,C_out_of_distribution,ood_test,0.3624666824497315,1.0,villager
1,0,2,0.3,0,0,0,0,werewolf,0.0,wolf,0,1,,3,10,regime_deception_enabled_policy_seed_60_base_1,1,deception_enabled_policy,1,0,0,0,0,3,0,0,0,0,0,0.3,10,0.0,0,0.027608699103010226,0,0,0.0,1,0,0,0,0,1.425,0.0,0.5,10,0.3,0,0,0,0,0,0,0,d76dd2c15487c7e442b1c754dc6378802d5c10289b67469bbd5476f89060e89b,wolf_kill,0,0,1,in_distribution,,seer_first,1.1886846461822262,0.0,10,7,0.1428571428571429,0.7142857142857143,"{'baseline_rule_policy': 1.0, 'randomized_legal_policy': 1.0, 'mixed_rule_policy': 0.0, 'seat_order_neutral_policy': 1.0, 'speech_and_herding_policy': 0.0, 'deception_enabled_policy': 1.0, 'risk_heterogeneous_policy': 1.0}","{""baseline_rule_policy"": 1.0, ""deception_enabled_policy"": 1.0, ""mixed_rule_policy"": 0.0, ""randomized_legal_policy"": 1.0, ""risk_heterogeneous_policy"": 1.0, ""seat_order_neutral_policy"": 1.0, ""speech_and_herding_policy"": 0.0}",0.18442777839082938,1,0.2380952380952381,0.0,regime_deception_enabled_policy_seed_60_base_1,deception_enabled_policy_seed_60_game_1_wolf_kill,0.38821155481899783,1.5958918549960293,0,0.6330689069085063,0.5,0.2764231096379957,0,0,c123579c4e2a727a02c642dd7d2ecde13b0cb6f3bd9d7d6a414675cdabcf4d6a,0.628,night,0,1,0.13306890690850626,0.315,0,1,1,60,4,regime_deception_enabled_policy_seed_60_base_1,C_out_of_distribution,ood_test,0.39073871868421156,0.6666666666666666,villager
1,0,2,0.3,0,0,0,0,werewolf,0.0,wolf,0,1,,3,10,regime_deception_enabled_policy_seed_60_base_1,1,deception_enabled_policy,1,0,0,0,0,4,0,0,0,0,0,0.3,7,0.0,0,0.027608699103010226,0,0,0.0,0,0,0,0,0,1.425,0.0,0.5,7,0.3,0,0,0,0,0,0,0,d76dd2c15487c7e442b1c754dc6378802d5c10289b67469bbd5476f89060e89b,wolf_kill,0,0,1,in_distribution,,seer_first,1.1135414456401023,0.0,10,7,0.1428571428571429,0.2857142857142857,"{'baseline_rule_policy': 0.0, 'randomized_legal_policy': 0.0, 'mixed_rule_policy': 0.0, 'seat_order_neutral_policy': 1.0, 'speech_and_herding_policy': 1.0, 'deception_enabled_policy': 0.0, 'risk_heterogeneous_policy': 0.0}","{""baseline_rule_policy"": 0.0, ""deception_enabled_policy"": 0.0, ""mixed_rule_policy"": 0.0, ""randomized_legal_policy"": 0.0, ""risk_heterogeneous_policy"": 0.0, ""seat_order_neutral_policy"": 1.0, ""speech_and_herding_policy"": 1.0}",0.18442777839082938,4,0.2380952380952381,0.0,regime_deception_enabled_policy_seed_60_base_1,deception_enabled_policy_seed_60_game_1_wolf_kill,0.75,1.5275252316519494,0,0.6606776060115165,0.5,1.0,0,0,c123579c4e2a727a02c642dd7d2ecde13b0cb6f3bd9d7d6a414675cdabcf4d6a,0.628,night,0,1,0.16067760601151648,0.315,0,1,1,60,4,regime_deception_enabled_policy_seed_60_base_1,C_out_of_distribution,ood_test,0.34977882981412767,0.6666666666666666,villager
1,1,2,0.3,0,0,0,0,werewolf,0.0,wolf,0,1,,3,10,regime_deception_enabled_policy_seed_60_base_2,2,deception_enabled_policy,1,0,0,0,0,4,1,0,0,0,0,0.3,7,0.0,0,0.00017049155849513387,0,0,0.0,0,0,0,0,0,1.425,0.0,0.5,7,0.3,0,0,0,0,0,0,0,09e80d4b40ac55007a3c6b08bded6dd94b78ba259ee821cc741d8c5442f079cb,wolf_kill,0,0,1,in_distribution,,seer_first,0.8645434465292623,0.0,1,7,0.0,0.5714285714285714,"{'baseline_rule_policy': 1.0, 'randomized_legal_policy': 1.0, 'mixed_rule_policy': 0.0, 'seat_order_neutral_policy': 0.0, 'speech_and_herding_policy': 1.0, 'deception_enabled_policy': 0.0, 'risk_heterogeneous_policy': 1.0}","{""baseline_rule_policy"": 1.0, ""deception_enabled_policy"": 0.0, ""mixed_rule_policy"": 0.0, ""randomized_legal_policy"": 1.0, ""risk_heterogeneous_policy"": 1.0, ""seat_order_neutral_policy"": 0.0, ""speech_and_herding_policy"": 1.0}",0.20203050891044216,1,0.28571428571428575,0.0,regime_deception_enabled_policy_seed_60_base_2,deception_enabled_policy_seed_60_game_2_wolf_kill,0.75,1.143543749793731,0,0.7523435293511326,0.5,1.0,0,0,fbcc743eaf57fe625733d75eda16ac69387b7d85be4fe4ad40889ea3ec681ee5,0.628,night,0,1,0.2523435293511326,0.28500000000000003,0,1,1,60,7,regime_deception_enabled_policy_seed_60_base_2,C_out_of_distribution,ood_test,0.29277157163239675,1.0,seer
1,0,2,0.3,0,0,0,0,werewolf,0.0,wolf,0,1,,3,10,regime_deception_enabled_policy_seed_60_base_2,2,deception_enabled_policy,1,0,0,0,0,2,0,0,0,0,0,0.3,1,0.0,0,0.00017049155849513387,0,0,0.0,1,1,0,0,0,1.425,0.0,0.5,1,0.3,0,0,0,0,0,0,0,09e80d4b40ac55007a3c6b08bded6dd94b78ba259ee821cc741d8c5442f079cb,wolf_kill,0,0,1,in_distribution,,seer_first,0.9631296353198243,0.0,1,7,0.0,0.5714285714285714,"{'baseline_rule_policy': 1.0, 'randomized_legal_policy': 1.0, 'mixed_rule_policy': 1.0, 'seat_order_neutral_policy': 0.0, 'speech_and_herding_policy': 0.0, 'deception_enabled_policy': 0.0, 'risk_heterogeneous_policy': 1.0}","{""baseline_rule_policy"": 1.0, ""deception_enabled_policy"": 0.0, ""mixed_rule_policy"": 1.0, ""randomized_legal_policy"": 1.0, ""risk_heterogeneous_policy"": 1.0, ""seat_order_neutral_policy"": 0.0, ""speech_and_herding_policy"": 0.0}",0.20203050891044216,1,0.28571428571428575,0.0,regime_deception_enabled_policy_seed_60_base_2,deception_enabled_policy_seed_60_game_2_wolf_kill,0.25,1.3106228218938725,0,0.7141876685563002,0.5,0.0,0,0,fbcc743eaf57fe625733d75eda16ac69387b7d85be4fe4ad40889ea3ec681ee5,0.628,night,0,1,0.21418766855630023,0.28500000000000003,0,1,1,60,7,regime_deception_enabled_policy_seed_60_base_2,C_out_of_distribution,ood_test,0.3078182243728881,0.6666666666666666,villager
1,0,2,0.3,0,0,0,0,werewolf,0.0,wolf,0,1,,3,10,regime_deception_enabled_policy_seed_60_base_2,2,deception_enabled_policy,1,0,0,0,0,1,0,0,0,0,0,0.3,4,0.0,0,0.00017049155849513387,0,0,0.0,0,1,0,0,0,1.425,0.0,0.5,4,0.3,0,0,0,0,0,0,0,09e80d4b40ac55007a3c6b08bded6dd94b78ba259ee821cc741d8c5442f079cb,wolf_kill,0,0,1,in_distribution,,seer_first,0.9535797292584678,0.0,1,7,0.0,0.2857142857142857,"{'baseline_rule_policy': 0.0, 'randomized_legal_policy': 0.0, 'mixed_rule_policy': 0.0, 'seat_order_neutral_policy': 0.0, 'speech_and_herding_policy': 1.0, 'deception_enabled_policy': 0.0, 'risk_heterogeneous_policy': 1.0}","{""baseline_rule_policy"": 0.0, ""deception_enabled_policy"": 0.0, ""mixed_rule_policy"": 0.0, ""randomized_legal_policy"": 0.0, ""risk_heterogeneous_policy"": 1.0, ""seat_order_neutral_policy"": 0.0, ""speech_and_herding_policy"": 1.0}",0.18442777839082938,4,0.2380952380952381,0.0,regime_deception_enabled_policy_seed_60_base_2,deception_enabled_policy_seed_60_game_2_wolf_kill,0.3263142215518978,1.3232578740557186,0,0.7200113381847006,0.5,0.1526284431037957,0,0,fbcc743eaf57fe625733d75eda16ac69387b7d85be4fe4ad40889ea3ec681ee5,0.628,night,0,1,0.22001133818470064,0.28500000000000003,0,1,1,60,7,regime_deception_enabled_policy_seed_60_base_2,C_out_of_distribution,ood_test,0.2919507922306085,0.3333333333333333,villager
1,0,2,0.3,0,0,0,0,werewolf,0.0,wolf,0,1,,3,10,regime_deception_enabled_policy_seed_60_base_2,2,deception_enabled_policy,1,0,0,0,0,4,0,0,0,0,0,0.3,9,0.0,0,0.00017049155849513387,0,0,0.0,0,0,0,0,0,1.425,0.0,0.5,9,0.3,0,0,0,0,0,0,0,09e80d4b40ac55007a3c6b08bded6dd94b78ba259ee821cc741d8c5442f079cb,wolf_kill,0,0,1,in_distribution,,seer_first,0.9671012179493056,0.0,1,7,0.0,0.5714285714285714,"{'baseline_rule_policy': 1.0, 'randomized_legal_policy': 1.0, 'mixed_rule_policy': 1.0, 'seat_order_neutral_policy': 0.0, 'speech_and_herding_policy': 0.0, 'deception_enabled_policy': 0.0, 'risk_heterogeneous_policy': 1.0}","{""baseline_rule_policy"": 1.0, ""deception_enabled_policy"": 0.0, ""mixed_rule_policy"": 1.0, ""randomized_legal_policy"": 1.0, ""risk_heterogeneous_policy"": 1.0, ""seat_order_neutral_policy"": 0.0, ""speech_and_herding_policy"": 0.0}",0.20203050891044216,1,0.28571428571428575,0.0,regime_deception_enabled_policy_seed_60_base_2,deception_enabled_policy_seed_60_game_2_wolf_kill,0.7477658535943943,1.2729457797860402,0,0.7521730377926374,0.5,0.9955317071887886,0,0,fbcc743eaf57fe625733d75eda16ac69387b7d85be4fe4ad40889ea3ec681ee5,0.628,night,0,1,0.25217303779263744,0.28500000000000003,0,1,1,60,7,regime_deception_enabled_policy_seed_60_base_2,C_out_of_distribution,ood_test,0.3306283280562855,0.6666666666666666,villager
1,1,2,0.3,0,0,0,0,werewolf,0.0,wolf,0,1,,2,10,regime_deception_enabled_policy_seed_60_base_3,3,deception_enabled_policy,1,0,0,0,0,3,1,0,0,0,0,0.3,5,0.0,0,0.017052797554202637,0,0,0.0,1,1,0,0,0,1.425,0.0,0.5,5,0.3,0,0,0,0,0,0,0,83948876e250e3f64b347b58524b5ef3df291bcb3d1d97cee67030329fa269bd,wolf_kill,0,0,1,in_distribution,,seer_first,0.7815346225469999,0.0,9,7,0.28571428571428575,0.42857142857142855,"{'baseline_rule_policy': 0.0, 'randomized_legal_policy': 0.0, 'mixed_rule_policy': 1.0, 'seat_order_neutral_policy': 1.0, 'speech_and_herding_policy': 0.0, 'deception_enabled_policy': 0.0, 'risk_heterogeneous_policy': 1.0}","{""baseline_rule_policy"": 0.0, ""deception_enabled_policy"": 0.0, ""mixed_rule_policy"": 1.0, ""randomized_legal_policy"": 0.0, ""risk_heterogeneous_policy"": 1.0, ""seat_order_neutral_policy"": 1.0, ""speech_and_herding_policy"": 0.0}",0.20203050891044214,3,0.2857142857142857,0.0,regime_deception_enabled_policy_seed_60_base_3,deception_enabled_policy_seed_60_game_3_wolf_kill,0.2755346611467226,1.0871146130092182,0,0.7244834628388725,0.0,0.5510693222934452,0,0,e412d51a0fa19e09b86f0861f9171d18044254daedf5905bed179f4dcb5cdb90,0.628,night,0,1,0.22448346283887255,0.28500000000000003,0,1,1,60,5,regime_deception_enabled_policy_seed_60_base_3,C_out_of_distribution,ood_test,0.23797731604239084,1.0,seer
1,0,2,0.3,0,0,0,0,werewolf,0.0,wolf,0,1,,2,10,regime_deception_enabled_policy_seed_60_base_3,3,deception_enabled_policy,1,0,0,0,0,1,0,0,0,0,0,0.3,1,0.0,0,0.017052797554202637,0,0,0.0,1,1,0,0,0,1.425,0.0,0.5,1,0.3,0,0,0,0,0,0,0,83948876e250e3f64b347b58524b5ef3df291bcb3d1d97cee67030329fa269bd,wolf_kill,0,0,1,in_distribution,,seer_first,1.011596341857945,0.0,9,7,0.28571428571428575,0.5714285714285714,"{'baseline_rule_policy': 0.0, 'randomized_legal_policy': 1.0, 'mixed_rule_policy': 0.0, 'seat_order_neutral_policy': 1.0, 'speech_and_herding_policy': 1.0, 'deception_enabled_policy': 0.0, 'risk_heterogeneous_policy': 1.0}","{""baseline_rule_policy"": 0.0, ""deception_enabled_policy"": 0.0, ""mixed_rule_policy"": 0.0, ""randomized_legal_policy"": 1.0, ""risk_heterogeneous_policy"": 1.0, ""seat_order_neutral_policy"": 1.0, ""speech_and_herding_policy"": 1.0}",0.20203050891044216,2,0.28571428571428575,0.0,regime_deception_enabled_policy_seed_60_base_3,deception_enabled_policy_seed_60_game_3_wolf_kill,0.0,1.3232578740557186,0,0.7035508911567379,0.0,0.0,0,0,e412d51a0fa19e09b86f0861f9171d18044254daedf5905bed179f4dcb5cdb90,0.628,night,0,1,0.20355089115673786,0.28500000000000003,0,1,1,60,5,regime_deception_enabled_policy_seed_60_base_3,C_out_of_distribution,ood_test,0.3499674048300858,0.6666666666666666,villager
1,0,2,0.3,0,0,0,0,werewolf,0.0,wolf,0,1,,2,10,regime_deception_enabled_policy_seed_60_base_3,3,deception_enabled_policy,1,0,0,0,0,2,0,0,0,0,0,0.15,10,0.0,0,0.017052797554202637,0,0,0.0,1,0,0,0,0,1.4625,0.0,0.5,10,0.15,0,0,0,0,0,0,0,83948876e250e3f64b347b58524b5ef3df291bcb3d1d97cee67030329fa269bd,wolf_kill,0,0,1,mild_shift,,seer_first,2.4027871876859557,0.0,9,7,0.28571428571428575,0.42857142857142855,"{'baseline_rule_policy': 1.0, 'randomized_legal_policy': 0.0, 'mixed_rule_policy': 0.0, 'seat_order_neutral_policy': 1.0, 'speech_and_herding_policy': 1.0, 'deception_enabled_policy': 0.0, 'risk_heterogeneous_policy': 0.0}","{""baseline_rule_policy"": 1.0, ""deception_enabled_policy"": 0.0, ""mixed_rule_policy"": 0.0, ""randomized_legal_policy"": 0.0, ""risk_heterogeneous_policy"": 0.0, ""seat_order_neutral_policy"": 1.0, ""speech_and_herding_policy"": 1.0}",0.20203050891044214,3,0.2857142857142857,0.0,regime_deception_enabled_policy_seed_60_base_3,deception_enabled_policy_seed_60_game_3_wolf_kill,0.7516022845468084,3.147870853305598,0,0.7226653025151709,1.0,0.5032045690936169,0,0,e412d51a0fa19e09b86f0861f9171d18044254daedf5905bed179f4dcb5cdb90,0.664,night,0,1,0.22266530251517092,0.28500000000000003,0,1,1,60,5,regime_deception_enabled_policy_seed_60_base_3,C_out_of_distribution,ood_test,0.8288517610331566,1.0,villager
1,0,2,0.3,0,0,0,0,werewolf,0.0,wolf,0,1,,2,10,regime_deception_enabled_policy_seed_60_base_3,3,deception_enabled_policy,1,0,0,0,0,3,0,0,0,0,0,0.3,9,0.0,0,0.017052797554202637,0,0,0.0,0,0,0,0,0,1.425,0.0,0.5,9,0.3,0,0,0,0,0,0,0,83948876e250e3f64b347b58524b5ef3df291bcb3d1d97cee67030329fa269bd,wolf_kill,0,0,1,in_distribution,,seer_first,0.9394162938328261,0.0,9,7,0.28571428571428575,0.7142857142857143,"{'baseline_rule_policy': 1.0, 'randomized_legal_policy': 1.0, 'mixed_rule_policy': 1.0, 'seat_order_neutral_policy': 0.0, 'speech_and_herding_policy': 1.0, 'deception_enabled_policy': 0.0, 'risk_heterogeneous_policy': 1.0}","{""baseline_rule_policy"": 1.0, ""deception_enabled_policy"": 0.0, ""mixed_rule_policy"": 1.0, ""randomized_legal_policy"": 1.0, ""risk_heterogeneous_policy"": 1.0, ""seat_order_neutral_policy"": 0.0, ""speech_and_herding_policy"": 1.0}",0.18442777839082938,1,0.2380952380952381,0.0,regime_deception_enabled_policy_seed_60_base_3,deception_enabled_policy_seed_60_game_3_wolf_kill,0.5,1.2729457797860402,0,0.7415362603930752,0.0,1.0,0,0,e412d51a0fa19e09b86f0861f9171d18044254daedf5905bed179f4dcb5cdb90,0.628,night,0,1,0.2415362603930752,0.28500000000000003,0,1,1,60,5,regime_deception_enabled_policy_seed_60_base_3,C_out_of_distribution,ood_test,0.30294340393980607,0.3333333333333333,villager
1,1,2,0.55,0,0,0,0,werewolf,0.25,wolf,0,1,,5,10,regime_deception_enabled_policy_seed_61_base_1,1,deception_enabled_policy,1,0,0,0,0,5,1,0,0,0,0,0.3,10,0.0,0,0.004386878874924394,0,0,0.0,1,0,0,0,0,1.425,0.0,0.5,10,0.3,0,0,0,0,0,0,0,a3abe37b12551b0bac2dab906e4005fdfabeed9d71f490149b2612ea143f8c6a,wolf_kill,0,0,1,mild_shift,,seer_first,2.243149119665549,0.0,1,7,0.14285714285714285,0.42857142857142855,"{'baseline_rule_policy': 1.0, 'randomized_legal_policy': 1.0, 'mixed_rule_policy': 1.0, 'seat_order_neutral_policy': 0.0, 'speech_and_herding_policy': 0.0, 'deception_enabled_policy': 0.0, 'risk_heterogeneous_policy': 0.0}","{""baseline_rule_policy"": 1.0, ""deception_enabled_policy"": 0.0, ""mixed_rule_policy"": 1.0, ""randomized_legal_policy"": 1.0, ""risk_heterogeneous_policy"": 0.0, ""seat_order_neutral_policy"": 0.0, ""speech_and_herding_policy"": 0.0}",0.20203050891044214,3,0.2857142857142857,0.0,regime_deception_enabled_policy_seed_61_base_1,deception_enabled_policy_seed_61_game_1_wolf_kill,0.75,2.9999999999999996,0,0.6362804302015577,0.5,1.0,0,0,068c27e7c9df28395335024c69529c0a78e1b82b64fa3bb9857e9b718c3aa17d,0.628,night,0,1,0.13628043020155767,0.315,0,1,1,61,10,regime_deception_enabled_policy_seed_61_base_1,C_out_of_distribution,ood_test,0.743149119665549,0.6666666666666666,seer
1,0,2,0.55,0,0,0,0,werewolf,0.25,wolf,0,1,,5,10,regime_deception_enabled_policy_seed_61_base_1,1,deception_enabled_policy,1,0,0,0,0,4,1,0,0,0,0,0.3,1,0.0,0,0.004386878874924394,0,0,0.0,1,1,0,0,0,1.425,0.0,0.5,1,0.3,0,0,0,0,0,0,0,a3abe37b12551b0bac2dab906e4005fdfabeed9d71f490149b2612ea143f8c6a,wolf_kill,0,0,1,mild_shift,,seer_first,2.196929302839771,0.0,1,7,0.14285714285714285,0.5714285714285714,"{'baseline_rule_policy': 1.0, 'randomized_legal_policy': 1.0, 'mixed_rule_policy': 1.0, 'seat_order_neutral_policy': 0.0, 'speech_and_herding_policy': 1.0, 'deception_enabled_policy': 0.0, 'risk_heterogeneous_policy': 0.0}","{""baseline_rule_policy"": 1.0, ""deception_enabled_policy"": 0.0, ""mixed_rule_policy"": 1.0, ""randomized_legal_policy"": 1.0, ""risk_heterogeneous_policy"": 0.0, ""seat_order_neutral_policy"": 0.0, ""speech_and_herding_policy"": 1.0}",0.20203050891044216,1,0.28571428571428575,0.0,regime_deception_enabled_policy_seed_61_base_1,deception_enabled_policy_seed_61_game_1_wolf_kill,0.25,2.9999999999999996,0,0.6257332685097355,0.5,0.0,0,0,068c27e7c9df28395335024c69529c0a78e1b82b64fa3bb9857e9b718c3aa17d,0.628,night,0,1,0.12573326850973554,0.315,0,1,1,61,10,regime_deception_enabled_policy_seed_61_base_1,C_out_of_distribution,ood_test,0.6969293028397714,1.0,witch
1,0,2,0.55,0,0,0,0,werewolf,0.25,wolf,0,1,,5,10,regime_deception_enabled_policy_seed_61_base_1,1,deception_enabled_policy,1,0,0,0,0,3,0,0,0,0,0,0.3,2,0.0,0,0.004386878874924394,0,0,0.0,0,1,0,0,0,1.425,0.0,0.5,2,0.3,0,0,0,0,0,0,0,a3abe37b12551b0bac2dab906e4005fdfabeed9d71f490149b2612ea143f8c6a,wolf_kill,0,0,1,mild_shift,,seer_first,2.168910600649386,0.0,1,7,0.14285714285714285,0.42857142857142855,"{'baseline_rule_policy': 0.0, 'randomized_legal_policy': 0.0, 'mixed_rule_policy': 1.0, 'seat_order_neutral_policy': 0.0, 'speech_and_herding_policy': 1.0, 'deception_enabled_policy': 1.0, 'risk_heterogeneous_policy': 0.0}","{""baseline_rule_policy"": 0.0, ""deception_enabled_policy"": 1.0, ""mixed_rule_policy"": 1.0, ""randomized_legal_policy"": 0.0, ""risk_heterogeneous_policy"": 0.0, ""seat_order_neutral_policy"": 0.0, ""speech_and_herding_policy"": 1.0}",0.20203050891044214,3,0.2857142857142857,0.0,regime_deception_enabled_policy_seed_61_base_1,deception_enabled_policy_seed_61_game_1_wolf_kill,0.53415991723836,2.9999999999999996,0,0.6317274296966311,0.5,0.56831983447672,0,0,068c27e7c9df28395335024c69529c0a78e1b82b64fa3bb9857e9b718c3aa17d,0.628,night,0,1,0.1317274296966311,0.315,0,1,1,61,10,regime_deception_enabled_policy_seed_61_base_1,C_out_of_distribution,ood_test,0.6689106006493865,0.3333333333333333,villager
1,0,2,0.55,0,0,0,0,werewolf,0.25,wolf,0,1,,5,10,regime_deception_enabled_policy_seed_61_base_1,1,deception_enabled_policy,1,0,0,0,0,3,0,0,0,0,0,0.3,8,0.0,0,0.004386878874924394,0,0,0.0,0,0,0,0,0,1.425,0.0,0.5,8,0.3,0,0,0,0,0,0,0,a3abe37b12551b0bac2dab906e4005fdfabeed9d71f490149b2612ea143f8c6a,wolf_kill,0,0,1,mild_shift,,seer_first,2.1756326504508463,0.0,1,7,0.14285714285714285,0.5714285714285714,"{'baseline_rule_policy': 0.0, 'randomized_legal_policy': 1.0, 'mixed_rule_policy': 1.0, 'seat_order_neutral_policy': 0.0, 'speech_and_herding_policy': 0.0, 'deception_enabled_policy': 1.0, 'risk_heterogeneous_policy': 1.0}","{""baseline_rule_policy"": 0.0, ""deception_enabled_policy"": 1.0, ""mixed_rule_policy"": 1.0, ""randomized_legal_policy"": 1.0, ""risk_heterogeneous_policy"": 1.0, ""seat_order_neutral_policy"": 0.0, ""speech_and_herding_policy"": 0.0}",0.20203050891044216,1,0.28571428571428575,0.0,regime_deception_enabled_policy_seed_61_base_1,deception_enabled_policy_seed_61_game_1_wolf_kill,0.542035098962889,2.9999999999999996,0,0.6318935513266333,0.5,0.584070197925778,0,0,068c27e7c9df28395335024c69529c0a78e1b82b64fa3bb9857e9b718c3aa17d,0.628,night,0,1,0.13189355132663327,0.315,0,1,1,61,10,regime_deception_enabled_policy_seed_61_base_1,C_out_of_distribution,ood_test,0.6756326504508468,0.0,villager
1,1,2,0.3,0,0,0,0,werewolf,0.0,wolf,0,1,,2,10,regime_deception_enabled_policy_seed_61_base_2,2,deception_enabled_policy,1,0,0,0,0,2,1,0,0,0,0,0.3,4,0.0,0,0.03233219116643182,0,0,0.0,0,1,0,0,0,1.425,0.0,0.5,4,0.3,0,0,0,0,0,0,0,32e6613e6193918536a77c3d871ecb31524fa9a0186c8f0ff11f901873e133f5,wolf_kill,0,0,1,in_distribution,,seer_first,0.6997458238835813,0.0,4,7,0.0,0.8571428571428571,"{'baseline_rule_policy': 1.0, 'randomized_legal_policy': 1.0, 'mixed_rule_policy': 1.0, 'seat_order_neutral_policy': 0.0, 'speech_and_herding_policy': 1.0, 'deception_enabled_policy': 1.0, 'risk_heterogeneous_policy': 1.0}","{""baseline_rule_policy"": 1.0, ""deception_enabled_policy"": 1.0, ""mixed_rule_policy"": 1.0, ""randomized_legal_policy"": 1.0, ""risk_heterogeneous_policy"": 1.0, ""seat_order_neutral_policy"": 0.0, ""speech_and_herding_policy"": 1.0}",0.14285714285714285,1,0.14285714285714285,0.0,regime_deception_enabled_policy_seed_61_base_2,deception_enabled_policy_seed_61_game_2_wolf_kill,0.4779782171564927,0.9198662110077998,0,0.730648115584263,0.5,0.45595643431298544,0,0,ab42a9cd9653381b53e3c58854f51a7346abea37f51321ed00178138987e576b,0.628,night,0,1,0.230648115584263,0.28500000000000003,0,1,1,61,4,regime_deception_enabled_policy_seed_61_base_2,C_out_of_distribution,ood_test,0.23981271837968146,1.0,seer
1,0,2,0.3,0,0,0,0,werewolf,0.0,wolf,0,1,,2,10,regime_deception_enabled_policy_seed_61_base_2,2,deception_enabled_policy,1,0,0,0,0,1,0,0,0,0,0,0.3,1,0.0,0,0.03233219116643182,0,0,0.0,1,1,0,0,0,1.425,0.0,0.5,1,0.3,0,0,0,0,0,0,0,32e6613e6193918536a77c3d871ecb31524fa9a0186c8f0ff11f901873e133f5,wolf_kill,0,0,1,in_distribution,,seer_first,1.011596341857945,0.0,4,7,0.0,0.7142857142857143,"{'baseline_rule_policy': 0.0, 'randomized_legal_policy': 1.0, 'mixed_rule_policy': 1.0, 'seat_order_neutral_policy': 1.0, 'speech_and_herding_policy': 1.0, 'deception_enabled_policy': 0.0, 'risk_heterogeneous_policy': 1.0}","{""baseline_rule_policy"": 0.0, ""deception_enabled_policy"": 0.0, ""mixed_rule_policy"": 1.0, ""randomized_legal_policy"": 1.0, ""risk_heterogeneous_policy"": 1.0, ""seat_order_neutral_policy"": 1.0, ""speech_and_herding_policy"": 1.0}",0.18442777839082938,2,0.2380952380952381,0.0,regime_deception_enabled_policy_seed_61_base_2,deception_enabled_policy_seed_61_game_2_wolf_kill,0.25,1.3232578740557186,0,0.7035508911567379,0.5,0.0,0,0,ab42a9cd9653381b53e3c58854f51a7346abea37f51321ed00178138987e576b,0.628,night,0,1,0.20355089115673786,0.28500000000000003,0,1,1,61,4,regime_deception_enabled_policy_seed_61_base_2,C_out_of_distribution,ood_test,0.3499674048300858,0.6666666666666666,villager
1,0,2,0.3,0,0,0,0,werewolf,0.0,wolf,0,1,,2,10,regime_deception_enabled_policy_seed_61_base_2,2,deception_enabled_policy,1,0,0,0,0,5,1,0,0,0,0,0.3,7,0.0,0,0.03233219116643182,0,0,0.0,0,0,0,0,0,1.425,0.0,0.5,7,0.3,0,0,0,0,0,0,0,32e6613e6193918536a77c3d871ecb31524fa9a0186c8f0ff11f901873e133f5,wolf_kill,0,0,1,in_distribution,,seer_first,1.227390550950416,0.0,4,7,0.0,0.42857142857142855,"{'baseline_rule_policy': 0.0, 'randomized_legal_policy': 1.0, 'mixed_rule_policy': 1.0, 'seat_order_neutral_policy': 0.0, 'speech_and_herding_policy': 0.0, 'deception_enabled_policy': 0.0, 'risk_heterogeneous_policy': 1.0}","{""baseline_rule_policy"": 0.0, ""deception_enabled_policy"": 0.0, ""mixed_rule_policy"": 1.0, ""randomized_legal_policy"": 1.0, ""risk_heterogeneous_policy"": 1.0, ""seat_order_neutral_policy"": 0.0, ""speech_and_herding_policy"": 0.0}",0.20203050891044214,3,0.2857142857142857,0.0,regime_deception_enabled_policy_seed_61_base_2,deception_enabled_policy_seed_61_game_2_wolf_kill,0.75,1.7451661817256576,0,0.7629803067506948,0.5,1.0,0,0,ab42a9cd9653381b53e3c58854f51a7346abea37f51321ed00178138987e576b,0.628,night,0,1,0.26298030675069484,0.28500000000000003,0,1,1,61,4,regime_deception_enabled_policy_seed_61_base_2,C_out_of_distribution,ood_test,0.35480746008758707,0.6666666666666666,hunter
1,0,2,0.3,0,0,0,0,werewolf,0.0,wolf,0,1,,2,10,regime_deception_enabled_policy_seed_61_base_2,2,deception_enabled_policy,1,0,0,0,0,1,0,0,0,0,0,0.3,3,0.0,0,0.03233219116643182,0,0,0.0,0,1,0,0,0,1.425,0.0,0.5,3,0.3,0,0,0,0,0,0,0,32e6613e6193918536a77c3d871ecb31524fa9a0186c8f0ff11f901873e133f5,wolf_kill,0,0,1,in_distribution,,seer_first,0.9640958436641636,0.0,4,7,0.0,0.42857142857142855,"{'baseline_rule_policy': 0.0, 'randomized_legal_policy': 0.0, 'mixed_rule_policy': 1.0, 'seat_order_neutral_policy': 0.0, 'speech_and_herding_policy': 1.0, 'deception_enabled_policy': 0.0, 'risk_heterogeneous_policy': 1.0}","{""baseline_rule_policy"": 0.0, ""deception_enabled_policy"": 0.0, ""mixed_rule_policy"": 1.0, ""randomized_legal_policy"": 0.0, ""risk_heterogeneous_policy"": 1.0, ""seat_order_neutral_policy"": 0.0, ""speech_and_herding_policy"": 1.0}",0.20203050891044214,3,0.2857142857142857,0.0,regime_deception_enabled_policy_seed_61_base_2,deception_enabled_policy_seed_61_game_2_wolf_kill,0.3892045727006336,1.3232578740557186,0,0.7200965839639482,0.5,0.2784091454012671,0,0,ab42a9cd9653381b53e3c58854f51a7346abea37f51321ed00178138987e576b,0.628,night,0,1,0.22009658396394816,0.28500000000000003,0,1,1,61,4,regime_deception_enabled_policy_seed_61_base_2,C_out_of_distribution,ood_test,0.30246690663630427,1.0,villager
1,1,2,0.3,0,0,0,0,werewolf,0.0,wolf,0,1,,3,10,regime_deception_enabled_policy_seed_61_base_3,3,deception_enabled_policy,1,0,0,0,0,1,1,0,0,0,0,0.3,2,0.0,0,0.04271323122825166,0,0,0.0,0,1,0,0,0,1.425,0.0,0.5,2,0.3,0,0,0,0,0,0,0,5e922155775eedfe1f1044d241cd18f9db16d3bae0906bead06c0dd9e261e836,wolf_kill,0,0,1,in_distribution,,seer_first,0.9806093569137144,0.0,8,7,0.2857142857142857,0.5714285714285714,"{'baseline_rule_policy': 1.0, 'randomized_legal_policy': 0.0, 'mixed_rule_policy': 1.0, 'seat_order_neutral_policy': 1.0, 'speech_and_herding_policy': 1.0, 'deception_enabled_policy': 0.0, 'risk_heterogeneous_policy': 0.0}","{""baseline_rule_policy"": 1.0, ""deception_enabled_policy"": 0.0, ""mixed_rule_policy"": 1.0, ""randomized_legal_policy"": 0.0, ""risk_heterogeneous_policy"": 0.0, ""seat_order_neutral_policy"": 1.0, ""speech_and_herding_policy"": 1.0}",0.20203050891044216,3,0.28571428571428575,0.0,regime_deception_enabled_policy_seed_61_base_3,deception_enabled_policy_seed_61_game_3_wolf_kill,0.3115323556618006,1.3232578740557186,0,0.7201818297431957,0.5,0.12306471132360122,0,0,6fe083c478edfa39d5b8db3f7718166cf5a1b5528f69343f18d2399588d23682,0.628,night,0,1,0.22018182974319567,0.28500000000000003,0,1,1,61,2,regime_deception_enabled_policy_seed_61_base_3,C_out_of_distribution,ood_test,0.3189804198858551,1.0,seer
1,0,2,0.3,0,0,0,0,werewolf,0.0,wolf,0,1,,3,10,regime_deception_enabled_policy_seed_61_base_3,3,deception_enabled_policy,1,0,0,0,0,2,1,0,0,0,0,0.3,1,0.0,0,0.04271323122825166,0,0,0.0,1,1,0,0,0,1.425,0.0,0.5,1,0.3,0,0,0,0,0,0,0,5e922155775eedfe1f1044d241cd18f9db16d3bae0906bead06c0dd9e261e836,wolf_kill,0,0,1,in_distribution,,seer_first,0.9631296353198243,0.0,8,7,0.2857142857142857,0.7142857142857143,"{'baseline_rule_policy': 1.0, 'randomized_legal_policy': 1.0, 'mixed_rule_policy': 0.0, 'seat_order_neutral_policy': 1.0, 'speech_and_herding_policy': 1.0, 'deception_enabled_policy': 1.0, 'risk_heterogeneous_policy': 0.0}","{""baseline_rule_policy"": 1.0, ""deception_enabled_policy"": 1.0, ""mixed_rule_policy"": 0.0, ""randomized_legal_policy"": 1.0, ""risk_heterogeneous_policy"": 0.0, ""seat_order_neutral_policy"": 1.0, ""speech_and_herding_policy"": 1.0}",0.18442777839082938,2,0.2380952380952381,0.0,regime_deception_enabled_policy_seed_61_base_3,deception_enabled_policy_seed_61_game_3_wolf_kill,0.25,1.3106228218938725,0,0.7141876685563002,0.5,0.0,0,0,6fe083c478edfa39d5b8db3f7718166cf5a1b5528f69343f18d2399588d23682,0.628,night,0,1,0.21418766855630023,0.28500000000000003,0,1,1,61,2,regime_deception_enabled_policy_seed_61_base_3,C_out_of_distribution,ood_test,0.3078182243728881,0.6666666666666666,hunter
1,0,2,0.3,0,0,0,0,werewolf,0.0,wolf,0,1,,3,10,regime_deception_enabled_policy_seed_61_base_3,3,deception_enabled_policy,1,0,0,0,0,5,0,0,0,0,0,0.3,8,0.0,0,0.04271323122825166,0,0,0.0,0,0,0,0,0,1.425,0.0,0.5,8,0.3,0,0,0,0,0,0,0,5e922155775eedfe1f1044d241cd18f9db16d3bae0906bead06c0dd9e261e836,wolf_kill,0,0,1,in_distribution,,seer_first,1.2409343169300389,0.0,8,7,0.2857142857142857,0.8571428571428571,"{'baseline_rule_policy': 1.0, 'randomized_legal_policy': 1.0, 'mixed_rule_policy': 1.0, 'seat_order_neutral_policy': 1.0, 'speech_and_herding_policy': 1.0, 'deception_enabled_policy': 1.0, 'risk_heterogeneous_policy': 0.0}","{""baseline_rule_policy"": 1.0, ""deception_enabled_policy"": 1.0, ""mixed_rule_policy"": 1.0, ""randomized_legal_policy"": 1.0, ""risk_heterogeneous_policy"": 0.0, ""seat_order_neutral_policy"": 1.0, ""speech_and_herding_policy"": 1.0}",0.14285714285714285,1,0.14285714285714285,0.0,regime_deception_enabled_policy_seed_61_base_3,deception_enabled_policy_seed_61_game_3_wolf_kill,0.75,1.7451661817256576,0,0.7628950609714473,0.5,1.0,0,0,6fe083c478edfa39d5b8db3f7718166cf5a1b5528f69343f18d2399588d23682,0.628,night,0,1,0.2628950609714473,0.28500000000000003,0,1,1,61,2,regime_deception_enabled_policy_seed_61_base_3,C_out_of_distribution,ood_test,0.36835122606721,0.6666666666666666,villager
1,0,2,0.3,0,0,0,0,werewolf,0.0,wolf,0,1,,3,10,regime_deception_enabled_policy_seed_61_base_3,3,deception_enabled_policy,1,0,0,0,0,1,0,0,0,0,0,0.3,4,0.0,0,0.04271323122825166,0,0,0.0,0,1,0,0,0,1.425,0.0,0.5,4,0.3,0,0,0,0,0,0,0,5e922155775eedfe1f1044d241cd18f9db16d3bae0906bead06c0dd9e261e836,wolf_kill,0,0,1,in_distribution,,seer_first,0.9535797292584678,0.0,8,7,0.2857142857142857,0.5714285714285714,"{'baseline_rule_policy': 0.0, 'randomized_legal_policy': 1.0, 'mixed_rule_policy': 0.0, 'seat_order_neutral_policy': 0.0, 'speech_and_herding_policy': 1.0, 'deception_enabled_policy': 1.0, 'risk_heterogeneous_policy': 1.0}","{""baseline_rule_policy"": 0.0, ""deception_enabled_policy"": 1.0, ""mixed_rule_policy"": 0.0, ""randomized_legal_policy"": 1.0, ""risk_heterogeneous_policy"": 1.0, ""seat_order_neutral_policy"": 0.0, ""speech_and_herding_policy"": 1.0}",0.20203050891044216,3,0.28571428571428575,0.0,regime_deception_enabled_policy_seed_61_base_3,deception_enabled_policy_seed_61_game_3_wolf_kill,0.30978219464884926,1.3232578740557186,0,0.7200113381847006,0.5,0.11956438929769858,0,0,6fe083c478edfa39d5b8db3f7718166cf5a1b5528f69343f18d2399588d23682,0.628,night,0,1,0.22001133818470064,0.28500000000000003,0,1,1,61,2,regime_deception_enabled_policy_seed_61_base_3,C_out_of_distribution,ood_test,0.2919507922306085,0.3333333333333333,villager
1,1,2,0.3,0,0,0,0,werewolf,0.0,wolf,0,1,,4,10,regime_deception_enabled_policy_seed_62_base_1,1,deception_enabled_policy,1,0,0,0,0,4,1,0,0,0,0,0.3,10,0.0,0,0.027438207544515203,0,0,0.0,1,0,0,0,0,1.425,0.0,0.5,10,0.3,0,0,0,0,0,0,0,41901f41fc785ca8ea7452b19818d566c162d0548ac63615283a7f36c1789800,wolf_kill,0,0,1,in_distribution,,seer_first,1.1634416114282093,0.0,3,7,0.1428571428571429,0.8571428571428571,"{'baseline_rule_policy': 1.0, 'randomized_legal_policy': 1.0, 'mixed_rule_policy': 1.0, 'seat_order_neutral_policy': 1.0, 'speech_and_herding_policy': 1.0, 'deception_enabled_policy': 0.0, 'risk_heterogeneous_policy': 1.0}","{""baseline_rule_policy"": 1.0, ""deception_enabled_policy"": 0.0, ""mixed_rule_policy"": 1.0, ""randomized_legal_policy"": 1.0, ""risk_heterogeneous_policy"": 1.0, ""seat_order_neutral_policy"": 1.0, ""speech_and_herding_policy"": 1.0}",0.14285714285714285,2,0.14285714285714285,0.0,regime_deception_enabled_policy_seed_62_base_1,deception_enabled_policy_seed_62_game_1_wolf_kill,0.42880903931277803,1.5958918549960293,0,0.7353716076476846,0.5,0.357618078625556,0,0,5b129ed41865209acd0b19263ab34c244f2a7a684eb0135558879dc0d93f4bc1,0.628,night,0,1,0.2353716076476846,0.28500000000000003,0,1,1,62,10,regime_deception_enabled_policy_seed_62_base_1,C_out_of_distribution,ood_test,0.36549568393019466,1.0,seer
1,0,2,0.3,0,0,0,0,werewolf,0.0,wolf,0,1,,4,10,regime_deception_enabled_policy_seed_62_base_1,1,deception_enabled_policy,1,0,0,0,0,3,0,0,0,0,0,0.3,1,0.0,0,0.027438207544515203,0,0,0.0,1,1,0,0,0,1.425,0.0,0.5,1,0.3,0,0,0,0,0,0,0,41901f41fc785ca8ea7452b19818d566c162d0548ac63615283a7f36c1789800,wolf_kill,0,0,1,in_distribution,,seer_first,0.9547436893066565,0.0,3,7,0.1428571428571429,0.8571428571428571,"{'baseline_rule_policy': 1.0, 'randomized_legal_policy': 0.0, 'mixed_rule_policy': 1.0, 'seat_order_neutral_policy': 1.0, 'speech_and_herding_policy': 1.0, 'deception_enabled_policy': 1.0, 'risk_heterogeneous_policy': 1.0}","{""baseline_rule_policy"": 1.0, ""deception_enabled_policy"": 1.0, ""mixed_rule_policy"": 1.0, ""randomized_legal_policy"": 0.0, ""risk_heterogeneous_policy"": 1.0, ""seat_order_neutral_policy"": 1.0, ""speech_and_herding_policy"": 1.0}",0.14285714285714285,2,0.14285714285714285,0.0,regime_deception_enabled_policy_seed_62_base_1,deception_enabled_policy_seed_62_game_1_wolf_kill,0.30534423240716224,1.3106228218938725,0,0.7248244459558626,0.5,0.11068846481432448,0,0,5b129ed41865209acd0b19263ab34c244f2a7a684eb0135558879dc0d93f4bc1,0.628,night,0,1,0.2248244459558626,0.28500000000000003,0,1,1,62,10,regime_deception_enabled_policy_seed_62_base_1,C_out_of_distribution,ood_test,0.2994322783597203,0.6666666666666666,villager
1,0,2,0.3,0,0,0,0,werewolf,0.0,wolf,0,1,,4,10,regime_deception_enabled_policy_seed_62_base_1,1,deception_enabled_policy,1,0,0,0,0,1,0,0,0,0,0,0.3,3,0.0,0,0.027438207544515203,0,0,0.0,0,1,0,0,0,1.425,0.0,0.5,3,0.3,0,0,0,0,0,0,0,41901f41fc785ca8ea7452b19818d566c162d0548ac63615283a7f36c1789800,wolf_kill,0,0,1,in_distribution,,seer_first,0.9640958436641636,0.0,3,7,0.1428571428571429,1.0,"{'baseline_rule_policy': 1.0, 'randomized_legal_policy': 1.0, 'mixed_rule_policy': 1.0, 'seat_order_neutral_policy': 1.0, 'speech_and_herding_policy': 1.0, 'deception_enabled_policy': 1.0, 'risk_heterogeneous_policy': 1.0}","{""baseline_rule_policy"": 1.0, ""deception_enabled_policy"": 1.0, ""mixed_rule_policy"": 1.0, ""randomized_legal_policy"": 1.0, ""risk_heterogeneous_policy"": 1.0, ""seat_order_neutral_policy"": 1.0, ""speech_and_herding_policy"": 1.0}",0.0,1,0.0,1.0,regime_deception_enabled_policy_seed_62_base_1,deception_enabled_policy_seed_62_game_1_wolf_kill,0.25,1.3232578740557186,0,0.7200965839639482,0.5,0.0,0,0,5b129ed41865209acd0b19263ab34c244f2a7a684eb0135558879dc0d93f4bc1,0.628,night,0,1,0.22009658396394816,0.28500000000000003,0,1,1,62,10,regime_deception_enabled_policy_seed_62_base_1,C_out_of_distribution,ood_test,0.30246690663630427,0.6666666666666666,villager
1,0,2,0.3,0,0,0,0,werewolf,0.0,wolf,0,1,,4,10,regime_deception_enabled_policy_seed_62_base_1,1,deception_enabled_policy,1,0,0,0,0,5,1,0,0,0,0,0.3,9,0.0,0,0.027438207544515203,0,0,0.0,0,0,0,0,0,1.425,0.0,0.5,9,0.3,0,0,0,0,0,0,0,41901f41fc785ca8ea7452b19818d566c162d0548ac63615283a7f36c1789800,wolf_kill,0,0,1,in_distribution,,seer_first,1.2592201711991513,0.0,3,7,0.1428571428571429,0.8571428571428571,"{'baseline_rule_policy': 1.0, 'randomized_legal_policy': 1.0, 'mixed_rule_policy': 0.0, 'seat_order_neutral_policy': 1.0, 'speech_and_herding_policy': 1.0, 'deception_enabled_policy': 1.0, 'risk_heterogeneous_policy': 1.0}","{""baseline_rule_policy"": 1.0, ""deception_enabled_policy"": 1.0, ""mixed_rule_policy"": 0.0, ""randomized_legal_policy"": 1.0, ""risk_heterogeneous_policy"": 1.0, ""seat_order_neutral_policy"": 1.0, ""speech_and_herding_policy"": 1.0}",0.14285714285714285,2,0.14285714285714285,0.0,regime_deception_enabled_policy_seed_62_base_1,deception_enabled_policy_seed_62_game_1_wolf_kill,0.75,1.7451661817256576,0,0.7628098151921998,0.5,1.0,0,0,5b129ed41865209acd0b19263ab34c244f2a7a684eb0135558879dc0d93f4bc1,0.628,night,0,1,0.2628098151921998,0.28500000000000003,0,1,1,62,10,regime_deception_enabled_policy_seed_62_base_1,C_out_of_distribution,ood_test,0.38663708033632244,1.0,witch
1,1,2,0.3,0,0,0,0,werewolf,0.0,wolf,0,1,,1,10,regime_deception_enabled_policy_seed_62_base_2,2,deception_enabled_policy,1,0,0,0,0,3,1,0,0,0,0,0.3,4,0.0,0,0.004727861991914328,0,0,0.0,0,1,0,0,0,1.425,0.0,0.5,4,0.3,0,0,0,0,0,0,0,40adaa7a945745972fbcdcc82130ba7a1026a0195d18f2d9b63c62e9b1b87096,wolf_kill,0,0,1,in_distribution,,seer_first,0.6888823792836343,0.0,4,7,0.0,0.8571428571428571,"{'baseline_rule_policy': 1.0, 'randomized_legal_policy': 1.0, 'mixed_rule_policy': 1.0, 'seat_order_neutral_policy': 0.0, 'speech_and_herding_policy': 1.0, 'deception_enabled_policy': 1.0, 'risk_heterogeneous_policy': 1.0}","{""baseline_rule_policy"": 1.0, ""deception_enabled_policy"": 1.0, ""mixed_rule_policy"": 1.0, ""randomized_legal_policy"": 1.0, ""risk_heterogeneous_policy"": 1.0, ""seat_order_neutral_policy"": 0.0, ""speech_and_herding_policy"": 1.0}",0.14285714285714285,1,0.14285714285714285,0.0,regime_deception_enabled_policy_seed_62_base_2,deception_enabled_policy_seed_62_game_2_wolf_kill,0.6909570948510368,0.9198662110077998,0,0.7412848929838254,0.5,0.8819141897020736,0,0,8fdc58d6fe7b96e3a261f85c8341d59167722409547f06296dba5b5e69c94534,0.628,night,0,1,0.24128489298382538,0.28500000000000003,0,1,1,62,4,regime_deception_enabled_policy_seed_62_base_2,C_out_of_distribution,ood_test,0.22894927377973437,0.6666666666666666,seer
1,0,2,0.3,0,0,0,0,werewolf,0.0,wolf,0,1,,1,10,regime_deception_enabled_policy_seed_62_base_2,2,deception_enabled_policy,1,0,0,0,0,1,1,0,0,0,0,0.3,10,0.0,0,0.004727861991914328,0,0,0.0,1,0,0,0,0,1.425,0.0,0.5,10,0.3,0,0,0,0,0,0,0,40adaa7a945745972fbcdcc82130ba7a1026a0195d18f2d9b63c62e9b1b87096,wolf_kill,0,0,1,in_distribution,,seer_first,1.1837751705171962,0.0,4,7,0.0,0.7142857142857143,"{'baseline_rule_policy': 1.0, 'randomized_legal_policy': 1.0, 'mixed_rule_policy': 1.0, 'seat_order_neutral_policy': 0.0, 'speech_and_herding_policy': 1.0, 'deception_enabled_policy': 0.0, 'risk_heterogeneous_policy': 1.0}","{""baseline_rule_policy"": 1.0, ""deception_enabled_policy"": 0.0, ""mixed_rule_policy"": 1.0, ""randomized_legal_policy"": 1.0, ""risk_heterogeneous_policy"": 1.0, ""seat_order_neutral_policy"": 0.0, ""speech_and_herding_policy"": 1.0}",0.18442777839082938,4,0.2380952380952381,0.0,regime_deception_enabled_policy_seed_62_base_2,deception_enabled_policy_seed_62_game_2_wolf_kill,0.25,1.5958918549960293,0,0.7034612754489976,0.5,0.0,0,0,8fdc58d6fe7b96e3a261f85c8341d59167722409547f06296dba5b5e69c94534,0.628,night,0,1,0.2034612754489976,0.28500000000000003,0,1,1,62,4,regime_deception_enabled_policy_seed_62_base_2,C_out_of_distribution,ood_test,0.3858292430191816,0.6666666666666666,hunter
1,0,2,0.3,0,0,0,0,werewolf,0.0,wolf,0,1,,1,10,regime_deception_enabled_policy_seed_62_base_2,2,deception_enabled_policy,1,0,0,0,0,5,0,0,0,0,0,0.3,6,0.0,0,0.004727861991914328,0,0,0.0,1,0,0,0,0,1.425,0.0,0.5,6,0.3,0,0,0,0,0,0,0,40adaa7a945745972fbcdcc82130ba7a1026a0195d18f2d9b63c62e9b1b87096,wolf_kill,0,0,1,in_distribution,,seer_first,1.228336431303814,0.0,4,7,0.0,0.8571428571428571,"{'baseline_rule_policy': 1.0, 'randomized_legal_policy': 1.0, 'mixed_rule_policy': 1.0, 'seat_order_neutral_policy': 1.0, 'speech_and_herding_policy': 1.0, 'deception_enabled_policy': 1.0, 'risk_heterogeneous_policy': 0.0}","{""baseline_rule_policy"": 1.0, ""deception_enabled_policy"": 1.0, ""mixed_rule_policy"": 1.0, ""randomized_legal_policy"": 1.0, ""risk_heterogeneous_policy"": 0.0, ""seat_order_neutral_policy"": 1.0, ""speech_and_herding_policy"": 1.0}",0.14285714285714285,1,0.14285714285714285,0.0,regime_deception_enabled_policy_seed_62_base_2,deception_enabled_policy_seed_62_game_2_wolf_kill,0.75,1.7451661817256576,0,0.746349368164237,0.5,1.0,0,0,8fdc58d6fe7b96e3a261f85c8341d59167722409547f06296dba5b5e69c94534,0.628,night,0,1,0.24634936816423703,0.28500000000000003,0,1,1,62,4,regime_deception_enabled_policy_seed_62_base_2,C_out_of_distribution,ood_test,0.3557533404409853,0.3333333333333333,villager
1,0,2,0.3,0,0,0,0,werewolf,0.0,wolf,0,1,,1,10,regime_deception_enabled_policy_seed_62_base_2,2,deception_enabled_policy,1,0,0,0,0,3,0,0,0,0,0,0.3,8,0.0,0,0.004727861991914328,0,0,0.0,0,0,0,0,0,1.425,0.0,0.5,8,0.3,0,0,0,0,0,0,0,40adaa7a945745972fbcdcc82130ba7a1026a0195d18f2d9b63c62e9b1b87096,wolf_kill,0,0,1,in_distribution,,seer_first,0.8510013501405396,0.0,4,7,0.0,0.8571428571428571,"{'baseline_rule_policy': 1.0, 'randomized_legal_policy': 1.0, 'mixed_rule_policy': 1.0, 'seat_order_neutral_policy': 0.0, 'speech_and_herding_policy': 1.0, 'deception_enabled_policy': 1.0, 'risk_heterogeneous_policy': 1.0}","{""baseline_rule_policy"": 1.0, ""deception_enabled_policy"": 1.0, ""mixed_rule_policy"": 1.0, ""randomized_legal_policy"": 1.0, ""risk_heterogeneous_policy"": 1.0, ""seat_order_neutral_policy"": 0.0, ""speech_and_herding_policy"": 1.0}",0.14285714285714285,1,0.14285714285714285,0.0,regime_deception_enabled_policy_seed_62_base_2,deception_enabled_policy_seed_62_game_2_wolf_kill,0.6948814147168361,1.143543749793731,0,0.7416215061723227,0.5,0.8897628294336722,0,0,8fdc58d6fe7b96e3a261f85c8341d59167722409547f06296dba5b5e69c94534,0.628,night,0,1,0.2416215061723227,0.28500000000000003,0,1,1,62,4,regime_deception_enabled_policy_seed_62_base_2,C_out_of_distribution,ood_test,0.2792294752436741,1.0,villager
1,1,2,0.3,0,0,0,0,werewolf,0.0,wolf,0,1,,2,10,regime_deception_enabled_policy_seed_62_base_3,3,deception_enabled_policy,1,0,0,0,0,4,1,0,0,0,0,0.3,8,0.0,0,0.01072202317880988,0,0,0.0,0,0,0,0,0,1.425,0.0,0.5,8,0.3,0,0,0,0,0,0,0,9153970560fabda9ae1fe619ec63f101a6cee23b993a10a8d81a12e6c7fd4af1,wolf_kill,0,0,1,in_distribution,,seer_first,1.127272618160921,0.0,1,7,0.42857142857142855,0.42857142857142855,"{'baseline_rule_policy': 0.0, 'randomized_legal_policy': 1.0, 'mixed_rule_policy': 0.0, 'seat_order_neutral_policy': 1.0, 'speech_and_herding_policy': 0.0, 'deception_enabled_policy': 1.0, 'risk_heterogeneous_policy': 0.0}","{""baseline_rule_policy"": 0.0, ""deception_enabled_policy"": 1.0, ""mixed_rule_policy"": 0.0, ""randomized_legal_policy"": 1.0, ""risk_heterogeneous_policy"": 0.0, ""seat_order_neutral_policy"": 1.0, ""speech_and_herding_policy"": 0.0}",0.20203050891044214,4,0.2857142857142857,0.0,regime_deception_enabled_policy_seed_62_base_3,deception_enabled_policy_seed_62_game_3_wolf_kill,0.6597919517493949,1.5275252316519494,0,0.660592360232269,0.5,0.8195839034987896,0,0,3d9e8381c113d5e6a68f00d76aadfeecc6c7b53cfff42b5faf75293e3a1369ab,0.628,night,0,1,0.16059236023226897,0.315,0,1,1,62,8,regime_deception_enabled_policy_seed_62_base_3,C_out_of_distribution,ood_test,0.3635100023349463,1.0,seer
1,0,2,0.3,0,0,0,0,werewolf,0.0,wolf,0,1,,2,10,regime_deception_enabled_policy_seed_62_base_3,3,deception_enabled_policy,1,0,0,0,0,1,1,0,0,0,0,0.3,1,0.0,0,0.01072202317880988,0,0,0.0,1,1,0,0,0,1.425,0.0,0.5,1,0.3,0,0,0,0,0,0,0,9153970560fabda9ae1fe619ec63f101a6cee23b993a10a8d81a12e6c7fd4af1,wolf_kill,0,0,1,in_distribution,,seer_first,1.1626450810629692,0.0,1,7,0.42857142857142855,0.8571428571428571,"{'baseline_rule_policy': 1.0, 'randomized_legal_policy': 1.0, 'mixed_rule_policy': 1.0, 'seat_order_neutral_policy': 1.0, 'speech_and_herding_policy': 1.0, 'deception_enabled_policy': 1.0, 'risk_heterogeneous_policy': 0.0}","{""baseline_rule_policy"": 1.0, ""deception_enabled_policy"": 1.0, ""mixed_rule_policy"": 1.0, ""randomized_legal_policy"": 1.0, ""risk_heterogeneous_policy"": 0.0, ""seat_order_neutral_policy"": 1.0, ""speech_and_herding_policy"": 1.0}",0.14285714285714285,1,0.14285714285714285,0.0,regime_deception_enabled_policy_seed_62_base_3,deception_enabled_policy_seed_62_game_3_wolf_kill,0.25,1.5275252316519494,0,0.6118849678171219,0.5,0.0,0,0,3d9e8381c113d5e6a68f00d76aadfeecc6c7b53cfff42b5faf75293e3a1369ab,0.628,night,0,1,0.11188496781712187,0.315,0,1,1,62,8,regime_deception_enabled_policy_seed_62_base_3,C_out_of_distribution,ood_test,0.39888246523699444,1.0,hunter
1,0,2,0.3,0,0,0,0,werewolf,0.0,wolf,0,1,,2,10,regime_deception_enabled_policy_seed_62_base_3,3,deception_enabled_policy,1,0,0,0,0,3,0,0,0,0,0,0.3,5,0.0,0,0.01072202317880988,0,0,0.0,1,1,0,0,0,1.425,0.0,0.5,5,0.3,0,0,0,0,0,0,0,9153970560fabda9ae1fe619ec63f101a6cee23b993a10a8d81a12e6c7fd4af1,wolf_kill,0,0,1,in_distribution,,seer_first,1.069152922778859,0.0,1,7,0.42857142857142855,0.5714285714285714,"{'baseline_rule_policy': 1.0, 'randomized_legal_policy': 1.0, 'mixed_rule_policy': 1.0, 'seat_order_neutral_policy': 0.0, 'speech_and_herding_policy': 0.0, 'deception_enabled_policy': 1.0, 'risk_heterogeneous_policy': 0.0}","{""baseline_rule_policy"": 1.0, ""deception_enabled_policy"": 1.0, ""mixed_rule_policy"": 1.0, ""randomized_legal_policy"": 1.0, ""risk_heterogeneous_policy"": 0.0, ""seat_order_neutral_policy"": 0.0, ""speech_and_herding_policy"": 0.0}",0.20203050891044216,2,0.28571428571428575,0.0,regime_deception_enabled_policy_seed_62_base_3,deception_enabled_policy_seed_62_game_3_wolf_kill,0.4261128851169713,1.5275252316519494,0,0.6328175394992565,0.5,0.3522257702339427,0,0,3d9e8381c113d5e6a68f00d76aadfeecc6c7b53cfff42b5faf75293e3a1369ab,0.628,night,0,1,0.13281753949925645,0.315,0,1,1,62,8,regime_deception_enabled_policy_seed_62_base_3,C_out_of_distribution,ood_test,0.30539030695288416,0.6666666666666666,villager
1,0,2,0.3,0,0,0,0,werewolf,0.0,wolf,0,1,,2,10,regime_deception_enabled_policy_seed_62_base_3,3,deception_enabled_policy,1,0,0,0,0,5,0,0,0,0,0,0.3,7,0.0,0,0.01072202317880988,0,0,0.0,0,0,0,0,0,1.425,0.0,0.5,7,0.3,0,0,0,0,0,0,0,9153970560fabda9ae1fe619ec63f101a6cee23b993a10a8d81a12e6c7fd4af1,wolf_kill,0,0,1,in_distribution,,seer_first,1.2757187632658569,0.0,1,7,0.42857142857142855,0.5714285714285714,"{'baseline_rule_policy': 0.0, 'randomized_legal_policy': 1.0, 'mixed_rule_policy': 0.0, 'seat_order_neutral_policy': 1.0, 'speech_and_herding_policy': 1.0, 'deception_enabled_policy': 1.0, 'risk_heterogeneous_policy': 0.0}","{""baseline_rule_policy"": 0.0, ""deception_enabled_policy"": 1.0, ""mixed_rule_policy"": 0.0, ""randomized_legal_policy"": 1.0, ""risk_heterogeneous_policy"": 0.0, ""seat_order_neutral_policy"": 1.0, ""speech_and_herding_policy"": 1.0}",0.20203050891044216,2,0.28571428571428575,0.0,regime_deception_enabled_policy_seed_62_base_3,deception_enabled_policy_seed_62_game_3_wolf_kill,0.75,1.7451661817256576,0,0.6713143834110789,0.5,1.0,0,0,3d9e8381c113d5e6a68f00d76aadfeecc6c7b53cfff42b5faf75293e3a1369ab,0.628,night,0,1,0.17131438341107885,0.315,0,1,1,62,8,regime_deception_enabled_policy_seed_62_base_3,C_out_of_distribution,ood_test,0.4031356724030281,0.6666666666666666,villager
1,1,2,0.3,0,0,0,0,werewolf,0.0,wolf,0,1,,1,10,regime_deception_enabled_policy_seed_63_base_1,1,deception_enabled_policy,1,0,0,0,0,1,1,0,0,0,0,0.3,10,0.0,0,0.02144404635761976,0,0,0.0,1,0,0,0,0,1.425,0.0,0.5,10,0.3,0,0,0,0,0,0,0,632abc268ad5e8669975035686c2f39eaa482e1b3cd6fade22461b1456c725a7,wolf_kill,0,0,1,in_distribution,,seer_first,1.2286363515833334,0.0,10,7,0.0,0.7142857142857143,"{'baseline_rule_policy': 1.0, 'randomized_legal_policy': 0.0, 'mixed_rule_policy': 1.0, 'seat_order_neutral_policy': 1.0, 'speech_and_herding_policy': 1.0, 'deception_enabled_policy': 1.0, 'risk_heterogeneous_policy': 0.0}","{""baseline_rule_policy"": 1.0, ""deception_enabled_policy"": 1.0, ""mixed_rule_policy"": 1.0, ""randomized_legal_policy"": 0.0, ""risk_heterogeneous_policy"": 0.0, ""seat_order_neutral_policy"": 1.0, ""speech_and_herding_policy"": 1.0}",0.18442777839082938,1,0.2380952380952381,0.0,regime_deception_enabled_policy_seed_63_base_1,deception_enabled_policy_seed_63_game_1_wolf_kill,0.25,1.5958918549960293,0,0.6117953521093815,0.5,0.0,0,0,06bd22c281872492a66f6d5b62d7ae9ba8e9e403c1257b6cbb64052195decefc,0.628,night,0,1,0.11179535210938152,0.315,0,1,1,63,10,regime_deception_enabled_policy_seed_63_base_1,C_out_of_distribution,ood_test,0.43069042408531866,1.0,seer
1,0,2,0.3,0,0,0,0,werewolf,0.0,wolf,0,1,,1,10,regime_deception_enabled_policy_seed_63_base_1,1,deception_enabled_policy,1,0,0,0,0,4,0,0,0,0,0,0.3,7,0.0,0,0.02144404635761976,0,0,0.0,0,0,0,0,0,1.425,0.0,0.5,7,0.3,0,0,0,0,0,0,0,632abc268ad5e8669975035686c2f39eaa482e1b3cd6fade22461b1456c725a7,wolf_kill,0,0,1,in_distribution,,seer_first,1.1135414456401023,0.0,10,7,0.0,0.42857142857142855,"{'baseline_rule_policy': 0.0, 'randomized_legal_policy': 0.0, 'mixed_rule_policy': 1.0, 'seat_order_neutral_policy': 1.0, 'speech_and_herding_policy': 1.0, 'deception_enabled_policy': 0.0, 'risk_heterogeneous_policy': 0.0}","{""baseline_rule_policy"": 0.0, ""deception_enabled_policy"": 0.0, ""mixed_rule_policy"": 1.0, ""randomized_legal_policy"": 0.0, ""risk_heterogeneous_policy"": 0.0, ""seat_order_neutral_policy"": 1.0, ""speech_and_herding_policy"": 1.0}",0.20203050891044214,3,0.2857142857142857,0.0,regime_deception_enabled_policy_seed_63_base_1,deception_enabled_policy_seed_63_game_1_wolf_kill,0.75,1.5275252316519494,0,0.6606776060115165,0.5,1.0,0,0,06bd22c281872492a66f6d5b62d7ae9ba8e9e403c1257b6cbb64052195decefc,0.628,night,0,1,0.16067760601151648,0.315,0,1,1,63,10,regime_deception_enabled_policy_seed_63_base_1,C_out_of_distribution,ood_test,0.34977882981412767,0.6666666666666666,villager
1,0,2,0.3,0,0,0,0,werewolf,0.0,wolf,0,1,,1,10,regime_deception_enabled_policy_seed_63_base_1,1,deception_enabled_policy,1,0,0,0,0,2,0,0,0,0,0,0.3,3,0.0,0,0.02144404635761976,0,0,0.0,0,1,0,0,0,1.425,0.0,0.5,3,0.3,0,0,0,0,0,0,0,632abc268ad5e8669975035686c2f39eaa482e1b3cd6fade22461b1456c725a7,wolf_kill,0,0,1,in_distribution,,seer_first,1.080608226577874,0.0,10,7,0.0,0.7142857142857143,"{'baseline_rule_policy': 1.0, 'randomized_legal_policy': 1.0, 'mixed_rule_policy': 1.0, 'seat_order_neutral_policy': 1.0, 'speech_and_herding_policy': 1.0, 'deception_enabled_policy': 0.0, 'risk_heterogeneous_policy': 0.0}","{""baseline_rule_policy"": 1.0, ""deception_enabled_policy"": 0.0, ""mixed_rule_policy"": 1.0, ""randomized_legal_policy"": 1.0, ""risk_heterogeneous_policy"": 0.0, ""seat_order_neutral_policy"": 1.0, ""speech_and_herding_policy"": 1.0}",0.18442777839082938,1,0.2380952380952381,0.0,regime_deception_enabled_policy_seed_63_base_1,deception_enabled_policy_seed_63_game_1_wolf_kill,0.5289569193056572,1.5275252316519494,0,0.6390674380238945,0.5,0.5579138386113145,0,0,06bd22c281872492a66f6d5b62d7ae9ba8e9e403c1257b6cbb64052195decefc,0.628,night,0,1,0.13906743802389454,0.315,0,1,1,63,10,regime_deception_enabled_policy_seed_63_base_1,C_out_of_distribution,ood_test,0.3168456107518994,0.3333333333333333,villager
1,0,2,0.3,0,0,0,0,werewolf,0.0,wolf,0,1,,1,10,regime_deception_enabled_policy_seed_63_base_1,1,deception_enabled_policy,1,0,0,0,0,2,0,0,0,0,0,0.3,9,0.0,0,0.02144404635761976,0,0,0.0,0,0,0,0,0,1.425,0.0,0.5,9,0.3,0,0,0,0,0,0,0,632abc268ad5e8669975035686c2f39eaa482e1b3cd6fade22461b1456c725a7,wolf_kill,0,0,1,in_distribution,,seer_first,1.1291351826027622,0.0,10,7,0.0,0.42857142857142855,"{'baseline_rule_policy': 1.0, 'randomized_legal_policy': 0.0, 'mixed_rule_policy': 1.0, 'seat_order_neutral_policy': 1.0, 'speech_and_herding_policy': 0.0, 'deception_enabled_policy': 0.0, 'risk_heterogeneous_policy': 0.0}","{""baseline_rule_policy"": 1.0, ""deception_enabled_policy"": 0.0, ""mixed_rule_policy"": 1.0, ""randomized_legal_policy"": 0.0, ""risk_heterogeneous_policy"": 0.0, ""seat_order_neutral_policy"": 1.0, ""speech_and_herding_policy"": 0.0}",0.20203050891044214,3,0.2857142857142857,0.0,regime_deception_enabled_policy_seed_63_base_1,deception_enabled_policy_seed_63_game_1_wolf_kill,0.5306561211298485,1.5275252316519494,0,0.6392335596538967,0.5,0.561312242259697,0,0,06bd22c281872492a66f6d5b62d7ae9ba8e9e403c1257b6cbb64052195decefc,0.628,night,0,1,0.13923355965389672,0.315,0,1,1,63,10,regime_deception_enabled_policy_seed_63_base_1,C_out_of_distribution,ood_test,0.3653725667767875,0.6666666666666666,villager
1,1,2,0.3,0,0,0,0,werewolf,0.0,wolf,0,1,,1,10,regime_deception_enabled_policy_seed_63_base_2,2,deception_enabled_policy,1,0,0,0,0,2,1,0,0,0,0,0.3,3,0.0,0,0.010385409990312566,0,0,0.0,0,1,0,0,0,1.425,0.0,0.5,3,0.3,0,0,0,0,0,0,0,94a5f9d56e58a478195cab2934d83f8ac39ca5bd665bab38b6deab2fa41cecdc,wolf_kill,0,0,1,in_distribution,,seer_first,0.7124427180391601,0.0,10,7,0.0,0.8571428571428571,"{'baseline_rule_policy': 1.0, 'randomized_legal_policy': 1.0, 'mixed_rule_policy': 0.0, 'seat_order_neutral_policy': 1.0, 'speech_and_herding_policy': 1.0, 'deception_enabled_policy': 1.0, 'risk_heterogeneous_policy': 1.0}","{""baseline_rule_policy"": 1.0, ""deception_enabled_policy"": 1.0, ""mixed_rule_policy"": 0.0, ""randomized_legal_policy"": 1.0, ""risk_heterogeneous_policy"": 1.0, ""seat_order_neutral_policy"": 1.0, ""speech_and_herding_policy"": 1.0}",0.14285714285714285,1,0.14285714285714285,0.0,regime_deception_enabled_policy_seed_63_base_2,deception_enabled_policy_seed_63_game_2_wolf_kill,0.6105166254840766,0.9198662110077998,0,0.7307333613635105,0.5,0.7210332509681532,0,0,935a10fc2e2bf74cab669393dd1783ae0a6fd23b7cdfe263e4b09ff508fcd8af,0.628,night,0,1,0.23073336136351053,0.28500000000000003,0,1,1,63,3,regime_deception_enabled_policy_seed_63_base_2,C_out_of_distribution,ood_test,0.25250961253526033,0.6666666666666666,seer
1,0,2,0.3,0,0,0,0,werewolf,0.0,wolf,0,1,,1,10,regime_deception_enabled_policy_seed_63_base_2,2,deception_enabled_policy,1,0,0,0,0,1,0,0,0,0,0,0.3,10,0.0,0,0.010385409990312566,0,0,0.0,1,0,0,0,0,1.425,0.0,0.5,10,0.3,0,0,0,0,0,0,0,94a5f9d56e58a478195cab2934d83f8ac39ca5bd665bab38b6deab2fa41cecdc,wolf_kill,0,0,1,in_distribution,,seer_first,1.1837751705171962,0.0,10,7,0.0,0.8571428571428571,"{'baseline_rule_policy': 1.0, 'randomized_legal_policy': 1.0, 'mixed_rule_policy': 1.0, 'seat_order_neutral_policy': 1.0, 'speech_and_herding_policy': 0.0, 'deception_enabled_policy': 1.0, 'risk_heterogeneous_policy': 1.0}","{""baseline_rule_policy"": 1.0, ""deception_enabled_policy"": 1.0, ""mixed_rule_policy"": 1.0, ""randomized_legal_policy"": 1.0, ""risk_heterogeneous_policy"": 1.0, ""seat_order_neutral_policy"": 1.0, ""speech_and_herding_policy"": 0.0}",0.14285714285714285,1,0.14285714285714285,0.0,regime_deception_enabled_policy_seed_63_base_2,deception_enabled_policy_seed_63_game_2_wolf_kill,0.25,1.5958918549960293,0,0.7034612754489976,0.5,0.0,0,0,935a10fc2e2bf74cab669393dd1783ae0a6fd23b7cdfe263e4b09ff508fcd8af,0.628,night,0,1,0.2034612754489976,0.28500000000000003,0,1,1,63,3,regime_deception_enabled_policy_seed_63_base_2,C_out_of_distribution,ood_test,0.3858292430191816,0.6666666666666666,villager
1,0,2,0.3,0,0,0,0,werewolf,0.0,wolf,0,1,,1,10,regime_deception_enabled_policy_seed_63_base_2,2,deception_enabled_policy,1,0,0,0,0,2,1,0,0,0,0,0.3,9,0.0,0,0.010385409990312566,0,0,0.0,0,0,0,0,0,1.425,0.0,0.5,9,0.3,0,0,0,0,0,0,0,94a5f9d56e58a478195cab2934d83f8ac39ca5bd665bab38b6deab2fa41cecdc,wolf_kill,0,0,1,in_distribution,,seer_first,0.9477076500388322,0.0,10,7,0.0,0.5714285714285714,"{'baseline_rule_policy': 0.0, 'randomized_legal_policy': 0.0, 'mixed_rule_policy': 1.0, 'seat_order_neutral_policy': 0.0, 'speech_and_herding_policy': 1.0, 'deception_enabled_policy': 1.0, 'risk_heterogeneous_policy': 1.0}","{""baseline_rule_policy"": 0.0, ""deception_enabled_policy"": 1.0, ""mixed_rule_policy"": 1.0, ""randomized_legal_policy"": 0.0, ""risk_heterogeneous_policy"": 1.0, ""seat_order_neutral_policy"": 0.0, ""speech_and_herding_policy"": 1.0}",0.20203050891044216,4,0.28571428571428575,0.0,regime_deception_enabled_policy_seed_63_base_2,deception_enabled_policy_seed_63_game_2_wolf_kill,0.6127126294735064,1.2729457797860402,0,0.7308994829935128,0.5,0.7254252589470127,0,0,935a10fc2e2bf74cab669393dd1783ae0a6fd23b7cdfe263e4b09ff508fcd8af,0.628,night,0,1,0.23089948299351282,0.28500000000000003,0,1,1,63,3,regime_deception_enabled_policy_seed_63_base_2,C_out_of_distribution,ood_test,0.3112347601458121,1.0,hunter
1,0,2,0.3,0,0,0,0,werewolf,0.0,wolf,0,1,,1,10,regime_deception_enabled_policy_seed_63_base_2,2,deception_enabled_policy,1,0,0,0,0,3,0,0,0,0,0,0.3,4,0.0,0,0.010385409990312566,0,0,0.0,0,1,0,0,0,1.425,0.0,0.5,4,0.3,0,0,0,0,0,0,0,94a5f9d56e58a478195cab2934d83f8ac39ca5bd665bab38b6deab2fa41cecdc,wolf_kill,0,0,1,in_distribution,,seer_first,0.6888823792836343,0.0,10,7,0.0,0.8571428571428571,"{'baseline_rule_policy': 1.0, 'randomized_legal_policy': 1.0, 'mixed_rule_policy': 1.0, 'seat_order_neutral_policy': 1.0, 'speech_and_herding_policy': 0.0, 'deception_enabled_policy': 1.0, 'risk_heterogeneous_policy': 1.0}","{""baseline_rule_policy"": 1.0, ""deception_enabled_policy"": 1.0, ""mixed_rule_policy"": 1.0, ""randomized_legal_policy"": 1.0, ""risk_heterogeneous_policy"": 1.0, ""seat_order_neutral_policy"": 1.0, ""speech_and_herding_policy"": 0.0}",0.14285714285714285,1,0.14285714285714285,0.0,regime_deception_enabled_policy_seed_63_base_2,deception_enabled_policy_seed_63_game_2_wolf_kill,0.75,0.9198662110077998,0,0.7412848929838254,0.5,1.0,0,0,935a10fc2e2bf74cab669393dd1783ae0a6fd23b7cdfe263e4b09ff508fcd8af,0.628,night,0,1,0.24128489298382538,0.28500000000000003,0,1,1,63,3,regime_deception_enabled_policy_seed_63_base_2,C_out_of_distribution,ood_test,0.22894927377973437,1.0,villager
1,1,2,0.3,0,0,0,0,werewolf,0.0,wolf,0,1,,1,10,regime_deception_enabled_policy_seed_63_base_3,3,deception_enabled_policy,1,0,0,0,0,1,1,0,0,0,0,0.3,2,0.0,0,0.004727861991914439,0,0,0.0,0,1,0,0,0,1.425,0.0,0.5,2,0.3,0,0,0,0,0,0,0,cbe72c5526d940559f49fa390ad846901a4f1f34f1320cdf95e279cc42e60de7,wolf_kill,0,0,1,in_distribution,,seer_first,1.1357552836308566,0.0,2,7,0.0,0.8571428571428571,"{'baseline_rule_policy': 1.0, 'randomized_legal_policy': 1.0, 'mixed_rule_policy': 1.0, 'seat_order_neutral_policy': 1.0, 'speech_and_herding_policy': 1.0, 'deception_enabled_policy': 1.0, 'risk_heterogeneous_policy': 0.0}","{""baseline_rule_policy"": 1.0, ""deception_enabled_policy"": 1.0, ""mixed_rule_policy"": 1.0, ""randomized_legal_policy"": 1.0, ""risk_heterogeneous_policy"": 0.0, ""seat_order_neutral_policy"": 1.0, ""speech_and_herding_policy"": 1.0}",0.14285714285714285,1,0.14285714285714285,0.0,regime_deception_enabled_policy_seed_63_base_3,deception_enabled_policy_seed_63_game_3_wolf_kill,0.25,1.5275252316519494,0,0.6285159064035797,0.5,0.0,0,0,7e488f8f9de7b4a7653bd4aa39e80c8b2777481c7e5acb704ac3adad2589aaee,0.628,night,0,1,0.12851590640357968,0.315,0,1,1,63,2,regime_deception_enabled_policy_seed_63_base_3,C_out_of_distribution,ood_test,0.371992667804882,0.6666666666666666,seer
1,0,2,0.3,0,0,0,0,werewolf,0.0,wolf,0,1,,1,10,regime_deception_enabled_policy_seed_63_base_3,3,deception_enabled_policy,1,0,0,0,0,4,1,0,0,0,0,0.3,5,0.0,0,0.004727861991914439,0,0,0.0,1,1,0,0,0,1.425,0.0,0.5,5,0.3,0,0,0,0,0,0,0,cbe72c5526d940559f49fa390ad846901a4f1f34f1320cdf95e279cc42e60de7,wolf_kill,0,0,1,in_distribution,,seer_first,1.0966344003067792,0.0,2,7,0.0,0.7142857142857143,"{'baseline_rule_policy': 0.0, 'randomized_legal_policy': 1.0, 'mixed_rule_policy': 1.0, 'seat_order_neutral_policy': 1.0, 'speech_and_herding_policy': 1.0, 'deception_enabled_policy': 1.0, 'risk_heterogeneous_policy': 0.0}","{""baseline_rule_policy"": 0.0, ""deception_enabled_policy"": 1.0, ""mixed_rule_policy"": 1.0, ""randomized_legal_policy"": 1.0, ""risk_heterogeneous_policy"": 0.0, ""seat_order_neutral_policy"": 1.0, ""speech_and_herding_policy"": 1.0}",0.18442777839082938,2,0.2380952380952381,0.0,regime_deception_enabled_policy_seed_63_base_3,deception_enabled_policy_seed_63_game_3_wolf_kill,0.5354378248132645,1.5275252316519494,0,0.6434543168988188,0.5,0.5708756496265289,0,0,7e488f8f9de7b4a7653bd4aa39e80c8b2777481c7e5acb704ac3adad2589aaee,0.628,night,0,1,0.14345431689881882,0.315,0,1,1,63,2,regime_deception_enabled_policy_seed_63_base_3,C_out_of_distribution,ood_test,0.33287178448080434,0.6666666666666666,hunter
1,0,2,0.3,0,0,0,0,werewolf,0.0,wolf,0,1,,1,10,regime_deception_enabled_policy_seed_63_base_3,3,deception_enabled_policy,1,0,0,0,0,3,0,0,0,0,0,0.3,8,0.0,0,0.004727861991914439,0,0,0.0,0,0,0,0,0,1.425,0.0,0.5,8,0.3,0,0,0,0,0,0,0,cbe72c5526d940559f49fa390ad846901a4f1f34f1320cdf95e279cc42e60de7,wolf_kill,0,0,1,in_distribution,,seer_first,1.1022875580014286,0.0,2,7,0.0,0.42857142857142855,"{'baseline_rule_policy': 0.0, 'randomized_legal_policy': 0.0, 'mixed_rule_policy': 1.0, 'seat_order_neutral_policy': 1.0, 'speech_and_herding_policy': 0.0, 'deception_enabled_policy': 1.0, 'risk_heterogeneous_policy': 0.0}","{""baseline_rule_policy"": 0.0, ""deception_enabled_policy"": 1.0, ""mixed_rule_policy"": 1.0, ""randomized_legal_policy"": 0.0, ""risk_heterogeneous_policy"": 0.0, ""seat_order_neutral_policy"": 1.0, ""speech_and_herding_policy"": 0.0}",0.20203050891044214,4,0.2857142857142857,0.0,regime_deception_enabled_policy_seed_63_base_3,deception_enabled_policy_seed_63_game_3_wolf_kill,0.6596616977141274,1.5275252316519494,0,0.6499555828327066,0.5,0.8193233954282548,0,0,7e488f8f9de7b4a7653bd4aa39e80c8b2777481c7e5acb704ac3adad2589aaee,0.628,night,0,1,0.1499555828327066,0.315,0,1,1,63,2,regime_deception_enabled_policy_seed_63_base_3,C_out_of_distribution,ood_test,0.3385249421754539,0.6666666666666666,villager
1,0,2,0.3,0,0,0,0,werewolf,0.0,wolf,0,1,,1,10,regime_deception_enabled_policy_seed_63_base_3,3,deception_enabled_policy,1,0,0,0,0,5,0,0,0,0,0,0.3,6,0.0,0,0.004727861991914439,0,0,0.0,1,0,0,0,0,1.425,0.0,0.5,6,0.3,0,0,0,0,0,0,0,cbe72c5526d940559f49fa390ad846901a4f1f34f1320cdf95e279cc42e60de7,wolf_kill,0,0,1,in_distribution,,seer_first,1.2765515003516854,0.0,2,7,0.0,0.5714285714285714,"{'baseline_rule_policy': 1.0, 'randomized_legal_policy': 0.0, 'mixed_rule_policy': 1.0, 'seat_order_neutral_policy': 0.0, 'speech_and_herding_policy': 1.0, 'deception_enabled_policy': 1.0, 'risk_heterogeneous_policy': 0.0}","{""baseline_rule_policy"": 1.0, ""deception_enabled_policy"": 1.0, ""mixed_rule_policy"": 1.0, ""randomized_legal_policy"": 0.0, ""risk_heterogeneous_policy"": 0.0, ""seat_order_neutral_policy"": 0.0, ""speech_and_herding_policy"": 1.0}",0.20203050891044216,3,0.28571428571428575,0.0,regime_deception_enabled_policy_seed_63_base_3,deception_enabled_policy_seed_63_game_3_wolf_kill,0.75,1.7451661817256576,0,0.654683444824621,0.5,1.0,0,0,7e488f8f9de7b4a7653bd4aa39e80c8b2777481c7e5acb704ac3adad2589aaee,0.628,night,0,1,0.15468344482462104,0.315,0,1,1,63,2,regime_deception_enabled_policy_seed_63_base_3,C_out_of_distribution,ood_test,0.40396840948885654,0.3333333333333333,villager
1,1,2,0.3,0,0,0,0,werewolf,0.0,wolf,0,1,,6,10,regime_deception_enabled_policy_seed_64_base_1,1,deception_enabled_policy,1,0,0,0,0,1,1,0,0,0,0,0.3,7,0.0,0,0.010726393107302723,0,0,0.0,0,0,0,0,0,1.425,0.0,0.5,7,0.3,0,0,0,0,0,0,0,63d0372b31b1ed632e82b49a208c18de73a854481008611135a62eb4bf11bdc0,wolf_kill,0,0,1,in_distribution,,seer_first,0.9794217987369568,0.0,10,7,0.0,1.0,"{'baseline_rule_policy': 1.0, 'randomized_legal_policy': 1.0, 'mixed_rule_policy': 1.0, 'seat_order_neutral_policy': 1.0, 'speech_and_herding_policy': 1.0, 'deception_enabled_policy': 1.0, 'risk_heterogeneous_policy': 1.0}","{""baseline_rule_policy"": 1.0, ""deception_enabled_policy"": 1.0, ""mixed_rule_policy"": 1.0, ""randomized_legal_policy"": 1.0, ""risk_heterogeneous_policy"": 1.0, ""seat_order_neutral_policy"": 1.0, ""speech_and_herding_policy"": 1.0}",0.0,1,0.0,1.0,regime_deception_enabled_policy_seed_64_base_1,deception_enabled_policy_seed_64_game_1_wolf_kill,0.45079336736951314,1.3232578740557186,0,0.7204331971524455,0.5,0.4015867347390263,0,0,db5b084c12f330877a07bc99dd659e177a5080002fa1ffcec819c58e189dfb48,0.628,night,0,1,0.22043319715244547,0.28500000000000003,0,1,1,64,7,regime_deception_enabled_policy_seed_64_base_1,C_out_of_distribution,ood_test,0.3177928617090975,1.0,seer
1,0,2,0.3,0,0,0,0,werewolf,0.0,wolf,0,1,,6,10,regime_deception_enabled_policy_seed_64_base_1,1,deception_enabled_policy,1,0,0,0,0,5,0,0,0,0,0,0.3,1,0.0,0,0.010726393107302723,0,0,0.0,1,1,0,0,0,1.425,0.0,0.5,1,0.3,0,0,0,0,0,0,0,63d0372b31b1ed632e82b49a208c18de73a854481008611135a62eb4bf11bdc0,wolf_kill,0,0,1,in_distribution,,seer_first,1.256475283052319,0.0,10,7,0.0,0.8571428571428571,"{'baseline_rule_policy': 0.0, 'randomized_legal_policy': 1.0, 'mixed_rule_policy': 1.0, 'seat_order_neutral_policy': 1.0, 'speech_and_herding_policy': 1.0, 'deception_enabled_policy': 1.0, 'risk_heterogeneous_policy': 1.0}","{""baseline_rule_policy"": 0.0, ""deception_enabled_policy"": 1.0, ""mixed_rule_policy"": 1.0, ""randomized_legal_policy"": 1.0, ""risk_heterogeneous_policy"": 1.0, ""seat_order_neutral_policy"": 1.0, ""speech_and_herding_policy"": 1.0}",0.14285714285714285,3,0.14285714285714285,0.0,regime_deception_enabled_policy_seed_64_base_1,deception_enabled_policy_seed_64_game_1_wolf_kill,0.75,1.7451661817256576,0,0.7460980007549873,0.5,1.0,0,0,db5b084c12f330877a07bc99dd659e177a5080002fa1ffcec819c58e189dfb48,0.628,night,0,1,0.24609800075498733,0.28500000000000003,0,1,1,64,7,regime_deception_enabled_policy_seed_64_base_1,C_out_of_distribution,ood_test,0.38389219218949,0.6666666666666666,villager
1,0,2,0.3,0,0,0,0,werewolf,0.0,wolf,0,1,,6,10,regime_deception_enabled_policy_seed_64_base_1,1,deception_enabled_policy,1,0,0,0,0,1,0,0,0,0,0,0.3,5,0.0,0,0.010726393107302723,0,0,0.0,1,1,0,0,0,1.425,0.0,0.5,5,0.3,0,0,0,0,0,0,0,63d0372b31b1ed632e82b49a208c18de73a854481008611135a62eb4bf11bdc0,wolf_kill,0,0,1,in_distribution,,seer_first,0.9607120326226323,0.0,10,7,0.0,0.8571428571428571,"{'baseline_rule_policy': 1.0, 'randomized_legal_policy': 1.0, 'mixed_rule_policy': 1.0, 'seat_order_neutral_policy': 0.0, 'speech_and_herding_policy': 1.0, 'deception_enabled_policy': 1.0, 'risk_heterogeneous_policy': 1.0}","{""baseline_rule_policy"": 1.0, ""deception_enabled_policy"": 1.0, ""mixed_rule_policy"": 1.0, ""randomized_legal_policy"": 1.0, ""risk_heterogeneous_policy"": 1.0, ""seat_order_neutral_policy"": 0.0, ""speech_and_herding_policy"": 1.0}",0.14285714285714285,3,0.14285714285714285,0.0,regime_deception_enabled_policy_seed_64_base_1,deception_enabled_policy_seed_64_game_1_wolf_kill,0.25,1.3232578740557186,0,0.7032099080397478,0.5,0.0,0,0,db5b084c12f330877a07bc99dd659e177a5080002fa1ffcec819c58e189dfb48,0.628,night,0,1,0.2032099080397478,0.28500000000000003,0,1,1,64,7,regime_deception_enabled_policy_seed_64_base_1,C_out_of_distribution,ood_test,0.299083095594773,0.6666666666666666,villager
1,0,2,0.3,0,0,0,0,werewolf,0.0,wolf,0,1,,6,10,regime_deception_enabled_policy_seed_64_base_1,1,deception_enabled_policy,1,0,0,0,0,4,0,0,0,0,0,0.3,10,0.0,0,0.010726393107302723,0,0,0.0,1,0,0,0,0,1.425,0.0,0.5,10,0.3,0,0,0,0,0,0,0,63d0372b31b1ed632e82b49a208c18de73a854481008611135a62eb4bf11bdc0,wolf_kill,0,0,1,in_distribution,,seer_first,1.1634416114282093,0.0,10,7,0.0,1.0,"{'baseline_rule_policy': 1.0, 'randomized_legal_policy': 1.0, 'mixed_rule_policy': 1.0, 'seat_order_neutral_policy': 1.0, 'speech_and_herding_policy': 1.0, 'deception_enabled_policy': 1.0, 'risk_heterogeneous_policy': 1.0}","{""baseline_rule_policy"": 1.0, ""deception_enabled_policy"": 1.0, ""mixed_rule_policy"": 1.0, ""randomized_legal_policy"": 1.0, ""risk_heterogeneous_policy"": 1.0, ""seat_order_neutral_policy"": 1.0, ""speech_and_herding_policy"": 1.0}",0.0,1,0.0,1.0,regime_deception_enabled_policy_seed_64_base_1,deception_enabled_policy_seed_64_game_1_wolf_kill,0.6249490542920402,1.5958918549960293,0,0.7353716076476846,0.5,0.7498981085840805,0,0,db5b084c12f330877a07bc99dd659e177a5080002fa1ffcec819c58e189dfb48,0.628,night,0,1,0.2353716076476846,0.28500000000000003,0,1,1,64,7,regime_deception_enabled_policy_seed_64_base_1,C_out_of_distribution,ood_test,0.36549568393019466,0.6666666666666666,villager
1,1,2,0.3,0,0,0,0,werewolf,0.0,wolf,0,1,,1,10,regime_deception_enabled_policy_seed_64_base_2,2,deception_enabled_policy,1,0,0,0,0,2,1,0,0,0,0,0.3,9,0.0,0,0.004727861991914328,0,0,0.0,0,0,0,0,0,1.425,0.0,0.5,9,0.3,0,0,0,0,0,0,0,866728c50b0eb5913246cd10f291a597f7d3eba9df597e7d877bbc894dd92aea,wolf_kill,0,0,1,in_distribution,,seer_first,0.9477076500388322,0.0,6,7,0.0,0.7142857142857143,"{'baseline_rule_policy': 1.0, 'randomized_legal_policy': 0.0, 'mixed_rule_policy': 1.0, 'seat_order_neutral_policy': 1.0, 'speech_and_herding_policy': 1.0, 'deception_enabled_policy': 0.0, 'risk_heterogeneous_policy': 1.0}","{""baseline_rule_policy"": 1.0, ""deception_enabled_policy"": 0.0, ""mixed_rule_policy"": 1.0, ""randomized_legal_policy"": 0.0, ""risk_heterogeneous_policy"": 1.0, ""seat_order_neutral_policy"": 1.0, ""speech_and_herding_policy"": 1.0}",0.18442777839082938,1,0.2380952380952381,0.0,regime_deception_enabled_policy_seed_64_base_2,deception_enabled_policy_seed_64_game_2_wolf_kill,0.5698814147168358,1.2729457797860402,0,0.7308994829935128,0.5,0.6397628294336716,0,0,62f8d80424ed40182bd5fee212e8dfbc3276074237f94e3fce823c54e2a14e52,0.628,night,0,1,0.23089948299351282,0.28500000000000003,0,1,1,64,9,regime_deception_enabled_policy_seed_64_base_2,C_out_of_distribution,ood_test,0.3112347601458121,0.6666666666666666,seer
1,0,2,0.3,0,0,0,0,werewolf,0.0,wolf,0,1,,1,10,regime_deception_enabled_policy_seed_64_base_2,2,deception_enabled_policy,1,0,0,0,0,1,0,0,0,0,0,0.3,10,0.0,0,0.004727861991914328,0,0,0.0,1,0,0,0,0,1.425,0.0,0.5,10,0.3,0,0,0,0,0,0,0,866728c50b0eb5913246cd10f291a597f7d3eba9df597e7d877bbc894dd92aea,wolf_kill,0,0,1,in_distribution,,seer_first,1.1837751705171962,0.0,6,7,0.0,0.5714285714285714,"{'baseline_rule_policy': 1.0, 'randomized_legal_policy': 0.0, 'mixed_rule_policy': 1.0, 'seat_order_neutral_policy': 1.0, 'speech_and_herding_policy': 0.0, 'deception_enabled_policy': 0.0, 'risk_heterogeneous_policy': 1.0}","{""baseline_rule_policy"": 1.0, ""deception_enabled_policy"": 0.0, ""mixed_rule_policy"": 1.0, ""randomized_legal_policy"": 0.0, ""risk_heterogeneous_policy"": 1.0, ""seat_order_neutral_policy"": 1.0, ""speech_and_herding_policy"": 0.0}",0.20203050891044216,4,0.28571428571428575,0.0,regime_deception_enabled_policy_seed_64_base_2,deception_enabled_policy_seed_64_game_2_wolf_kill,0.25,1.5958918549960293,0,0.7034612754489976,0.5,0.0,0,0,62f8d80424ed40182bd5fee212e8dfbc3276074237f94e3fce823c54e2a14e52,0.628,night,0,1,0.2034612754489976,0.28500000000000003,0,1,1,64,9,regime_deception_enabled_policy_seed_64_base_2,C_out_of_distribution,ood_test,0.3858292430191816,0.0,villager
1,0,2,0.3,0,0,0,0,werewolf,0.0,wolf,0,1,,1,10,regime_deception_enabled_policy_seed_64_base_2,2,deception_enabled_policy,1,0,0,0,0,5,0,0,0,0,0,0.3,6,0.0,0,0.004727861991914328,0,0,0.0,1,0,0,0,0,1.425,0.0,0.5,6,0.3,0,0,0,0,0,0,0,866728c50b0eb5913246cd10f291a597f7d3eba9df597e7d877bbc894dd92aea,wolf_kill,0,0,1,in_distribution,,seer_first,1.228336431303814,0.0,6,7,0.0,0.7142857142857143,"{'baseline_rule_policy': 1.0, 'randomized_legal_policy': 0.0, 'mixed_rule_policy': 1.0, 'seat_order_neutral_policy': 1.0, 'speech_and_herding_policy': 0.0, 'deception_enabled_policy': 1.0, 'risk_heterogeneous_policy': 1.0}","{""baseline_rule_policy"": 1.0, ""deception_enabled_policy"": 1.0, ""mixed_rule_policy"": 1.0, ""randomized_legal_policy"": 0.0, ""risk_heterogeneous_policy"": 1.0, ""seat_order_neutral_policy"": 1.0, ""speech_and_herding_policy"": 0.0}",0.18442777839082938,1,0.2380952380952381,0.0,regime_deception_enabled_policy_seed_64_base_2,deception_enabled_policy_seed_64_game_2_wolf_kill,0.75,1.7451661817256576,0,0.746349368164237,0.5,1.0,0,0,62f8d80424ed40182bd5fee212e8dfbc3276074237f94e3fce823c54e2a14e52,0.628,night,0,1,0.24634936816423703,0.28500000000000003,0,1,1,64,9,regime_deception_enabled_policy_seed_64_base_2,C_out_of_distribution,ood_test,0.3557533404409853,0.6666666666666666,villager
1,0,2,0.3,0,0,0,0,werewolf,0.0,wolf,0,1,,1,10,regime_deception_enabled_policy_seed_64_base_2,2,deception_enabled_policy,1,0,0,0,0,3,0,0,0,0,0,0.3,8,0.0,0,0.004727861991914328,0,0,0.0,0,0,0,0,0,1.425,0.0,0.5,8,0.3,0,0,0,0,0,0,0,866728c50b0eb5913246cd10f291a597f7d3eba9df597e7d877bbc894dd92aea,wolf_kill,0,0,1,in_distribution,,seer_first,0.8510013501405396,0.0,6,7,0.0,0.7142857142857143,"{'baseline_rule_policy': 1.0, 'randomized_legal_policy': 0.0, 'mixed_rule_policy': 1.0, 'seat_order_neutral_policy': 1.0, 'speech_and_herding_policy': 0.0, 'deception_enabled_policy': 1.0, 'risk_heterogeneous_policy': 1.0}","{""baseline_rule_policy"": 1.0, ""deception_enabled_policy"": 1.0, ""mixed_rule_policy"": 1.0, ""randomized_legal_policy"": 0.0, ""risk_heterogeneous_policy"": 1.0, ""seat_order_neutral_policy"": 1.0, ""speech_and_herding_policy"": 0.0}",0.18442777839082938,1,0.2380952380952381,0.0,regime_deception_enabled_policy_seed_64_base_2,deception_enabled_policy_seed_64_game_2_wolf_kill,0.6948814147168361,1.143543749793731,0,0.7416215061723227,0.5,0.8897628294336722,0,0,62f8d80424ed40182bd5fee212e8dfbc3276074237f94e3fce823c54e2a14e52,0.628,night,0,1,0.2416215061723227,0.28500000000000003,0,1,1,64,9,regime_deception_enabled_policy_seed_64_base_2,C_out_of_distribution,ood_test,0.2792294752436741,0.0,villager
1,1,2,0.3,0,0,0,0,werewolf,0.0,wolf,0,1,,2,10,regime_deception_enabled_policy_seed_64_base_3,3,deception_enabled_policy,1,0,0,0,0,4,1,0,0,0,0,0.3,6,0.0,0,0.00582366962840053,0,0,0.0,1,0,0,0,0,1.425,0.0,0.5,6,0.3,0,0,0,0,0,0,0,105e067ae73a549893c9611a2e529844402d8dfb146116f1e386d677af76ea56,wolf_kill,0,0,1,in_distribution,,seer_first,0.8656890378139339,0.0,4,7,0.0,0.8571428571428571,"{'baseline_rule_policy': 1.0, 'randomized_legal_policy': 1.0, 'mixed_rule_policy': 1.0, 'seat_order_neutral_policy': 1.0, 'speech_and_herding_policy': 1.0, 'deception_enabled_policy': 0.0, 'risk_heterogeneous_policy': 1.0}","{""baseline_rule_policy"": 1.0, ""deception_enabled_policy"": 0.0, ""mixed_rule_policy"": 1.0, ""randomized_legal_policy"": 1.0, ""risk_heterogeneous_policy"": 1.0, ""seat_order_neutral_policy"": 1.0, ""speech_and_herding_policy"": 1.0}",0.14285714285714285,1,0.14285714285714285,0.0,regime_deception_enabled_policy_seed_64_base_3,deception_enabled_policy_seed_64_game_3_wolf_kill,0.4010190026830683,1.143543749793731,0,0.7357125907646747,0.0,0.8020380053661366,0,0,bf568e20541a260440a5256a963e491a4a58c72cc3bc5e90c18385b6dcbf580f,0.628,night,0,1,0.23571259076467466,0.28500000000000003,0,1,1,64,6,regime_deception_enabled_policy_seed_64_base_3,C_out_of_distribution,ood_test,0.2939171629170684,0.6666666666666666,seer
1,0,2,0.3,0,0,0,0,werewolf,0.0,wolf,0,1,,2,10,regime_deception_enabled_policy_seed_64_base_3,3,deception_enabled_policy,1,0,0,0,0,2,0,0,0,0,0,0.3,4,0.0,0,0.00582366962840053,0,0,0.0,0,1,0,0,0,1.425,0.0,0.5,4,0.3,0,0,0,0,0,0,0,105e067ae73a549893c9611a2e529844402d8dfb146116f1e386d677af76ea56,wolf_kill,0,0,1,in_distribution,,seer_first,0.6997458238835813,0.0,4,7,0.0,0.8571428571428571,"{'baseline_rule_policy': 1.0, 'randomized_legal_policy': 0.0, 'mixed_rule_policy': 1.0, 'seat_order_neutral_policy': 1.0, 'speech_and_herding_policy': 1.0, 'deception_enabled_policy': 1.0, 'risk_heterogeneous_policy': 1.0}","{""baseline_rule_policy"": 1.0, ""deception_enabled_policy"": 1.0, ""mixed_rule_policy"": 1.0, ""randomized_legal_policy"": 0.0, ""risk_heterogeneous_policy"": 1.0, ""seat_order_neutral_policy"": 1.0, ""speech_and_herding_policy"": 1.0}",0.14285714285714285,1,0.14285714285714285,0.0,regime_deception_enabled_policy_seed_64_base_3,deception_enabled_policy_seed_64_game_3_wolf_kill,0.3149415229786314,0.9198662110077998,0,0.730648115584263,0.0,0.6298830459572629,0,0,bf568e20541a260440a5256a963e491a4a58c72cc3bc5e90c18385b6dcbf580f,0.628,night,0,1,0.230648115584263,0.28500000000000003,0,1,1,64,6,regime_deception_enabled_policy_seed_64_base_3,C_out_of_distribution,ood_test,0.23981271837968146,0.6666666666666666,villager
1,0,2,0.3,0,0,0,0,werewolf,0.0,wolf,0,1,,2,10,regime_deception_enabled_policy_seed_64_base_3,3,deception_enabled_policy,1,0,0,0,0,1,0,0,0,0,0,0.15,1,0.0,0,0.00582366962840053,0,0,0.0,1,1,0,0,0,1.4625,0.0,0.5,1,0.15,0,0,0,0,0,0,0,105e067ae73a549893c9611a2e529844402d8dfb146116f1e386d677af76ea56,wolf_kill,0,0,1,mild_shift,,seer_first,2.4035939989763437,0.0,4,7,0.0,0.2857142857142857,"{'baseline_rule_policy': 1.0, 'randomized_legal_policy': 0.0, 'mixed_rule_policy': 0.0, 'seat_order_neutral_policy': 1.0, 'speech_and_herding_policy': 0.0, 'deception_enabled_policy': 0.0, 'risk_heterogeneous_policy': 0.0}","{""baseline_rule_policy"": 1.0, ""deception_enabled_policy"": 0.0, ""mixed_rule_policy"": 0.0, ""randomized_legal_policy"": 0.0, ""risk_heterogeneous_policy"": 0.0, ""seat_order_neutral_policy"": 1.0, ""speech_and_herding_policy"": 0.0}",0.18442777839082938,4,0.2380952380952381,0.0,regime_deception_enabled_policy_seed_64_base_3,deception_enabled_policy_seed_64_game_3_wolf_kill,0.5,3.147870853305598,0,0.7121181408233488,1.0,0.0,0,0,bf568e20541a260440a5256a963e491a4a58c72cc3bc5e90c18385b6dcbf580f,0.664,night,0,1,0.2121181408233488,0.28500000000000003,0,1,1,64,6,regime_deception_enabled_policy_seed_64_base_3,C_out_of_distribution,ood_test,0.8296585723235449,0.6666666666666666,villager
1,0,2,0.3,0,0,0,0,werewolf,0.0,wolf,0,1,,2,10,regime_deception_enabled_policy_seed_64_base_3,3,deception_enabled_policy,1,0,0,0,0,3,0,0,0,0,0,0.3,9,0.0,0,0.00582366962840053,0,0,0.0,0,0,0,0,0,1.425,0.0,0.5,9,0.3,0,0,0,0,0,0,0,105e067ae73a549893c9611a2e529844402d8dfb146116f1e386d677af76ea56,wolf_kill,0,0,1,in_distribution,,seer_first,0.9394162938328261,0.0,4,7,0.0,0.8571428571428571,"{'baseline_rule_policy': 0.0, 'randomized_legal_policy': 1.0, 'mixed_rule_policy': 1.0, 'seat_order_neutral_policy': 1.0, 'speech_and_herding_policy': 1.0, 'deception_enabled_policy': 1.0, 'risk_heterogeneous_policy': 1.0}","{""baseline_rule_policy"": 0.0, ""deception_enabled_policy"": 1.0, ""mixed_rule_policy"": 1.0, ""randomized_legal_policy"": 1.0, ""risk_heterogeneous_policy"": 1.0, ""seat_order_neutral_policy"": 1.0, ""speech_and_herding_policy"": 1.0}",0.14285714285714285,1,0.14285714285714285,0.0,regime_deception_enabled_policy_seed_64_base_3,deception_enabled_policy_seed_64_game_3_wolf_kill,0.5,1.2729457797860402,0,0.7415362603930752,0.0,1.0,0,0,bf568e20541a260440a5256a963e491a4a58c72cc3bc5e90c18385b6dcbf580f,0.628,night,0,1,0.2415362603930752,0.28500000000000003,0,1,1,64,6,regime_deception_enabled_policy_seed_64_base_3,C_out_of_distribution,ood_test,0.30294340393980607,0.6666666666666666,villager
1,1,2,0.3,0,0,0,0,werewolf,0.0,wolf,0,1,,1,10,regime_risk_heterogeneous_policy_seed_60_base_1,1,risk_heterogeneous_policy,1,0,0,0,0,2,0,0,0,0,0,0.15,3,0.0,0,0.0023208951422012403,0,0,0.0,0,1,0,0,0,1.4625,0.0,0.5,3,0.15,0,0,0,0,0,0,0,8c226e0f357073b74999cdd73bb00e0a4e896d8d89d677225a02c6a8615327c7,wolf_kill,0,0,1,mild_shift,,low_suspicion,2.3674196839693162,0.0,8,7,0.1428571428571428,0.7142857142857143,"{'baseline_rule_policy': 1.0, 'randomized_legal_policy': 1.0, 'mixed_rule_policy': 0.0, 'seat_order_neutral_policy': 1.0, 'speech_and_herding_policy': 1.0, 'deception_enabled_policy': 0.0, 'risk_heterogeneous_policy': 1.0}","{""baseline_rule_policy"": 1.0, ""deception_enabled_policy"": 0.0, ""mixed_rule_policy"": 0.0, ""randomized_legal_policy"": 1.0, ""risk_heterogeneous_policy"": 1.0, ""seat_order_neutral_policy"": 1.0, ""speech_and_herding_policy"": 1.0}",0.18442777839082938,3,0.2380952380952381,0.0,regime_risk_heterogeneous_policy_seed_60_base_1,risk_heterogeneous_policy_seed_60_game_1_wolf_kill,0.9695901322108278,3.147870853305598,0,0.7393006110301215,1.0,0.9391802644216557,0,0,d5916277cf151ab7b7b04629d2f5e5de29f6d43c449cc1f7aeb8617bc5ad1a02,0.664,night,0,1,0.23930061103012146,0.28500000000000003,0,1,1,60,3,regime_risk_heterogeneous_policy_seed_60_base_1,C_out_of_distribution,ood_test,0.7934842573165173,1.0,villager
1,0,2,0.3,0,0,0,0,werewolf,0.0,wolf,0,1,,1,10,regime_risk_heterogeneous_policy_seed_60_base_1,1,risk_heterogeneous_policy,1,0,0,0,0,1,0,0,0,0,0,0.3,10,0.0,0,0.0023208951422012403,0,0,0.0,1,0,0,0,0,1.425,0.0,0.5,10,0.3,0,0,0,0,0,0,0,8c226e0f357073b74999cdd73bb00e0a4e896d8d89d677225a02c6a8615327c7,wolf_kill,0,0,1,in_distribution,,low_suspicion,1.1837751705171962,0.0,8,7,0.1428571428571428,0.5714285714285714,"{'baseline_rule_policy': 0.0, 'randomized_legal_policy': 0.0, 'mixed_rule_policy': 1.0, 'seat_order_neutral_policy': 1.0, 'speech_and_herding_policy': 0.0, 'deception_enabled_policy': 1.0, 'risk_heterogeneous_policy': 1.0}","{""baseline_rule_policy"": 0.0, ""deception_enabled_policy"": 1.0, ""mixed_rule_policy"": 1.0, ""randomized_legal_policy"": 0.0, ""risk_heterogeneous_policy"": 1.0, ""seat_order_neutral_policy"": 1.0, ""speech_and_herding_policy"": 0.0}",0.20203050891044216,4,0.28571428571428575,0.0,regime_risk_heterogeneous_policy_seed_60_base_1,risk_heterogeneous_policy_seed_60_game_1_wolf_kill,0.0,1.5958918549960293,0,0.7034612754489976,0.0,0.0,0,0,d5916277cf151ab7b7b04629d2f5e5de29f6d43c449cc1f7aeb8617bc5ad1a02,0.628,night,0,1,0.2034612754489976,0.28500000000000003,0,1,1,60,3,regime_risk_heterogeneous_policy_seed_60_base_1,C_out_of_distribution,ood_test,0.3858292430191816,0.6666666666666666,villager
1,0,2,0.3,0,0,0,0,werewolf,0.0,wolf,0,1,,1,10,regime_risk_heterogeneous_policy_seed_60_base_1,1,risk_heterogeneous_policy,1,0,0,0,0,3,1,0,0,0,0,0.3,8,0.0,0,0.0023208951422012403,0,0,0.0,0,0,0,0,0,1.425,0.0,0.5,8,0.3,0,0,0,0,0,0,0,8c226e0f357073b74999cdd73bb00e0a4e896d8d89d677225a02c6a8615327c7,wolf_kill,0,0,1,in_distribution,,low_suspicion,0.8510013501405396,0.0,8,7,0.1428571428571428,0.8571428571428571,"{'baseline_rule_policy': 1.0, 'randomized_legal_policy': 1.0, 'mixed_rule_policy': 1.0, 'seat_order_neutral_policy': 1.0, 'speech_and_herding_policy': 0.0, 'deception_enabled_policy': 1.0, 'risk_heterogeneous_policy': 1.0}","{""baseline_rule_policy"": 1.0, ""deception_enabled_policy"": 1.0, ""mixed_rule_policy"": 1.0, ""randomized_legal_policy"": 1.0, ""risk_heterogeneous_policy"": 1.0, ""seat_order_neutral_policy"": 1.0, ""speech_and_herding_policy"": 0.0}",0.14285714285714285,1,0.14285714285714285,0.0,regime_risk_heterogeneous_policy_seed_60_base_1,risk_heterogeneous_policy_seed_60_game_1_wolf_kill,0.5,1.143543749793731,0,0.7416215061723227,0.0,1.0,0,0,d5916277cf151ab7b7b04629d2f5e5de29f6d43c449cc1f7aeb8617bc5ad1a02,0.628,night,0,1,0.2416215061723227,0.28500000000000003,0,1,1,60,3,regime_risk_heterogeneous_policy_seed_60_base_1,C_out_of_distribution,ood_test,0.2792294752436741,1.0,seer
1,0,2,0.3,0,0,0,0,werewolf,0.0,wolf,0,1,,1,10,regime_risk_heterogeneous_policy_seed_60_base_1,1,risk_heterogeneous_policy,1,0,0,0,0,2,0,0,0,0,0,0.3,9,0.0,0,0.0023208951422012403,0,0,0.0,0,0,0,0,0,1.425,0.0,0.5,9,0.3,0,0,0,0,0,0,0,8c226e0f357073b74999cdd73bb00e0a4e896d8d89d677225a02c6a8615327c7,wolf_kill,0,0,1,in_distribution,,low_suspicion,0.9477076500388322,0.0,8,7,0.1428571428571428,0.8571428571428571,"{'baseline_rule_policy': 1.0, 'randomized_legal_policy': 0.0, 'mixed_rule_policy': 1.0, 'seat_order_neutral_policy': 1.0, 'speech_and_herding_policy': 1.0, 'deception_enabled_policy': 1.0, 'risk_heterogeneous_policy': 1.0}","{""baseline_rule_policy"": 1.0, ""deception_enabled_policy"": 1.0, ""mixed_rule_policy"": 1.0, ""randomized_legal_policy"": 0.0, ""risk_heterogeneous_policy"": 1.0, ""seat_order_neutral_policy"": 1.0, ""speech_and_herding_policy"": 1.0}",0.14285714285714285,1,0.14285714285714285,0.0,regime_risk_heterogeneous_policy_seed_60_base_1,risk_heterogeneous_policy_seed_60_game_1_wolf_kill,0.359513124323746,1.2729457797860402,0,0.7308994829935128,0.0,0.719026248647492,0,0,d5916277cf151ab7b7b04629d2f5e5de29f6d43c449cc1f7aeb8617bc5ad1a02,0.628,night,0,1,0.23089948299351282,0.28500000000000003,0,1,1,60,3,regime_risk_heterogeneous_policy_seed_60_base_1,C_out_of_distribution,ood_test,0.3112347601458121,0.3333333333333333,villager
1,1,2,0.3,0,0,0,0,werewolf,0.0,wolf,0,1,,5,10,regime_risk_heterogeneous_policy_seed_60_base_2,2,risk_heterogeneous_policy,1,0,0,0,0,4,0,0,0,0,0,0.15,1,0.0,0,0.008144564770601548,0,0,0.0,1,1,0,0,0,1.4625,0.0,0.5,1,0.15,0,0,0,0,0,0,0,c26f943f44856b67575dc2d80878efdd1510bae604e92ac2d53dfefe74994a0c,wolf_kill,0,0,1,mild_shift,,low_suspicion,2.394335473479217,0.0,1,7,0.0,1.0,"{'baseline_rule_policy': 1.0, 'randomized_legal_policy': 1.0, 'mixed_rule_policy': 1.0, 'seat_order_neutral_policy': 1.0, 'speech_and_herding_policy': 1.0, 'deception_enabled_policy': 1.0, 'risk_heterogeneous_policy': 1.0}","{""baseline_rule_policy"": 1.0, ""deception_enabled_policy"": 1.0, ""mixed_rule_policy"": 1.0, ""randomized_legal_policy"": 1.0, ""risk_heterogeneous_policy"": 1.0, ""seat_order_neutral_policy"": 1.0, ""speech_and_herding_policy"": 1.0}",0.0,1,0.0,1.0,regime_risk_heterogeneous_policy_seed_60_base_2,risk_heterogeneous_policy_seed_60_game_2_wolf_kill,0.9158111064074577,3.147870853305598,0,0.7440284730220359,1.0,0.8316222128149154,0,0,75e6ed631e604fe24d09ded7946a6490d5dfe2a0d15f7d85671120a215d206dd,0.664,night,0,1,0.2440284730220359,0.28500000000000003,0,1,1,60,1,regime_risk_heterogeneous_policy_seed_60_base_2,C_out_of_distribution,ood_test,0.8204000468264181,0.6666666666666666,villager
1,0,2,0.3,0,0,0,0,werewolf,0.0,wolf,0,1,,5,10,regime_risk_heterogeneous_policy_seed_60_base_2,2,risk_heterogeneous_policy,1,0,0,0,0,3,0,0,0,0,0,0.3,2,0.0,0,0.008144564770601548,0,0,0.0,0,1,0,0,0,1.425,0.0,0.5,2,0.3,0,0,0,0,0,0,0,c26f943f44856b67575dc2d80878efdd1510bae604e92ac2d53dfefe74994a0c,wolf_kill,0,0,1,in_distribution,,low_suspicion,0.7563855370111466,0.0,1,7,0.0,0.7142857142857143,"{'baseline_rule_policy': 1.0, 'randomized_legal_policy': 0.0, 'mixed_rule_policy': 1.0, 'seat_order_neutral_policy': 1.0, 'speech_and_herding_policy': 0.0, 'deception_enabled_policy': 1.0, 'risk_heterogeneous_policy': 1.0}","{""baseline_rule_policy"": 1.0, ""deception_enabled_policy"": 1.0, ""mixed_rule_policy"": 1.0, ""randomized_legal_policy"": 0.0, ""risk_heterogeneous_policy"": 1.0, ""seat_order_neutral_policy"": 1.0, ""speech_and_herding_policy"": 0.0}",0.18442777839082938,2,0.2380952380952381,0.0,regime_risk_heterogeneous_policy_seed_60_base_2,risk_heterogeneous_policy_seed_60_game_2_wolf_kill,0.38921355597666113,0.9876767466838834,0,0.7414553845423204,0.0,0.7784271119533223,0,0,75e6ed631e604fe24d09ded7946a6490d5dfe2a0d15f7d85671120a215d206dd,0.628,night,0,1,0.2414553845423204,0.28500000000000003,0,1,1,60,1,regime_risk_heterogeneous_policy_seed_60_base_2,C_out_of_distribution,ood_test,0.26254716366920494,0.0,villager
1,0,2,0.3,0,0,0,0,werewolf,0.0,wolf,0,1,,5,10,regime_risk_heterogeneous_policy_seed_60_base_2,2,risk_heterogeneous_policy,1,0,0,0,0,4,1,0,0,0,0,0.3,9,0.0,0,0.008144564770601548,0,0,0.0,0,0,0,0,0,1.425,0.0,0.5,9,0.3,0,0,0,0,0,0,0,c26f943f44856b67575dc2d80878efdd1510bae604e92ac2d53dfefe74994a0c,wolf_kill,0,0,1,in_distribution,,low_suspicion,0.9671012179493056,0.0,1,7,0.0,0.7142857142857143,"{'baseline_rule_policy': 1.0, 'randomized_legal_policy': 1.0, 'mixed_rule_policy': 1.0, 'seat_order_neutral_policy': 1.0, 'speech_and_herding_policy': 1.0, 'deception_enabled_policy': 0.0, 'risk_heterogeneous_policy': 0.0}","{""baseline_rule_policy"": 1.0, ""deception_enabled_policy"": 0.0, ""mixed_rule_policy"": 1.0, ""randomized_legal_policy"": 1.0, ""risk_heterogeneous_policy"": 0.0, ""seat_order_neutral_policy"": 1.0, ""speech_and_herding_policy"": 1.0}",0.18442777839082938,2,0.2380952380952381,0.0,regime_risk_heterogeneous_policy_seed_60_base_2,risk_heterogeneous_policy_seed_60_game_2_wolf_kill,0.5,1.2729457797860402,0,0.7521730377926374,0.0,1.0,0,0,75e6ed631e604fe24d09ded7946a6490d5dfe2a0d15f7d85671120a215d206dd,0.628,night,0,1,0.25217303779263744,0.28500000000000003,0,1,1,60,1,regime_risk_heterogeneous_policy_seed_60_base_2,C_out_of_distribution,ood_test,0.3306283280562855,1.0,hunter
1,0,2,0.3,0,0,0,0,werewolf,0.0,wolf,0,1,,5,10,regime_risk_heterogeneous_policy_seed_60_base_2,2,risk_heterogeneous_policy,1,0,0,0,0,1,1,0,0,0,0,0.3,6,0.0,0,0.008144564770601548,0,0,0.0,1,0,0,0,0,1.425,0.0,0.5,6,0.3,0,0,0,0,0,0,0,c26f943f44856b67575dc2d80878efdd1510bae604e92ac2d53dfefe74994a0c,wolf_kill,0,0,1,in_distribution,,low_suspicion,0.9804775036772524,0.0,1,7,0.0,0.5714285714285714,"{'baseline_rule_policy': 1.0, 'randomized_legal_policy': 0.0, 'mixed_rule_policy': 1.0, 'seat_order_neutral_policy': 1.0, 'speech_and_herding_policy': 0.0, 'deception_enabled_policy': 1.0, 'risk_heterogeneous_policy': 0.0}","{""baseline_rule_policy"": 1.0, ""deception_enabled_policy"": 1.0, ""mixed_rule_policy"": 1.0, ""randomized_legal_policy"": 0.0, ""risk_heterogeneous_policy"": 0.0, ""seat_order_neutral_policy"": 1.0, ""speech_and_herding_policy"": 0.0}",0.20203050891044216,4,0.28571428571428575,0.0,regime_risk_heterogeneous_policy_seed_60_base_2,risk_heterogeneous_policy_seed_60_game_2_wolf_kill,0.0,1.3232578740557186,0,0.7038022585659877,0.0,0.0,0,0,75e6ed631e604fe24d09ded7946a6490d5dfe2a0d15f7d85671120a215d206dd,0.628,night,0,1,0.20380225856598766,0.28500000000000003,0,1,1,60,1,regime_risk_heterogeneous_policy_seed_60_base_2,C_out_of_distribution,ood_test,0.31884856664939304,0.6666666666666666,seer
1,1,2,0.3,0,0,0,0,werewolf,0.0,wolf,0,1,,2,10,regime_risk_heterogeneous_policy_seed_60_base_3,3,risk_heterogeneous_policy,1,0,0,0,0,4,0,0,0,0,0,0.15,6,0.0,0,0.01979637759241304,0,0,0.0,1,0,0,0,0,1.4625,0.0,0.5,6,0.15,0,0,0,0,0,0,0,6a4975564c8dda593a99f001fed5f60a53076e2b02fb9a29463f4fda456a4b01,wolf_kill,0,0,1,mild_shift,,low_suspicion,2.381551338360621,0.0,10,7,0.0,0.7142857142857143,"{'baseline_rule_policy': 1.0, 'randomized_legal_policy': 1.0, 'mixed_rule_policy': 0.0, 'seat_order_neutral_policy': 1.0, 'speech_and_herding_policy': 0.0, 'deception_enabled_policy': 1.0, 'risk_heterogeneous_policy': 1.0}","{""baseline_rule_policy"": 1.0, ""deception_enabled_policy"": 1.0, ""mixed_rule_policy"": 0.0, ""randomized_legal_policy"": 1.0, ""risk_heterogeneous_policy"": 1.0, ""seat_order_neutral_policy"": 1.0, ""speech_and_herding_policy"": 0.0}",0.18442777839082938,1,0.2380952380952381,0.0,regime_risk_heterogeneous_policy_seed_60_base_3,risk_heterogeneous_policy_seed_60_game_3_wolf_kill,1.0,3.147870853305598,0,0.7442798404312856,1.0,1.0,0,0,ef008e050c0353bdbce8a278f556c9e1dc6ec4b5335329148ee7b491b9e5250d,0.664,night,0,1,0.2442798404312856,0.28500000000000003,0,1,1,60,6,regime_risk_heterogeneous_policy_seed_60_base_3,C_out_of_distribution,ood_test,0.8076159117078219,0.6666666666666666,villager
1,0,2,0.3,0,0,0,0,werewolf,0.0,wolf,0,1,,2,10,regime_risk_heterogeneous_policy_seed_60_base_3,3,risk_heterogeneous_policy,1,0,0,0,0,1,1,0,0,0,0,0.3,1,0.0,0,0.01979637759241304,0,0,0.0,1,1,0,0,0,1.425,0.0,0.5,1,0.3,0,0,0,0,0,0,0,6a4975564c8dda593a99f001fed5f60a53076e2b02fb9a29463f4fda456a4b01,wolf_kill,0,0,1,in_distribution,,low_suspicion,1.011596341857945,0.0,10,7,0.0,0.5714285714285714,"{'baseline_rule_policy': 0.0, 'randomized_legal_policy': 1.0, 'mixed_rule_policy': 0.0, 'seat_order_neutral_policy': 1.0, 'speech_and_herding_policy': 1.0, 'deception_enabled_policy': 1.0, 'risk_heterogeneous_policy': 0.0}","{""baseline_rule_policy"": 0.0, ""deception_enabled_policy"": 1.0, ""mixed_rule_policy"": 0.0, ""randomized_legal_policy"": 1.0, ""risk_heterogeneous_policy"": 0.0, ""seat_order_neutral_policy"": 1.0, ""speech_and_herding_policy"": 1.0}",0.20203050891044216,3,0.28571428571428575,0.0,regime_risk_heterogeneous_policy_seed_60_base_3,risk_heterogeneous_policy_seed_60_game_3_wolf_kill,0.0,1.3232578740557186,0,0.7035508911567379,0.0,0.0,0,0,ef008e050c0353bdbce8a278f556c9e1dc6ec4b5335329148ee7b491b9e5250d,0.628,night,0,1,0.20355089115673786,0.28500000000000003,0,1,1,60,6,regime_risk_heterogeneous_policy_seed_60_base_3,C_out_of_distribution,ood_test,0.3499674048300858,1.0,seer
1,0,2,0.3,0,0,0,0,werewolf,0.0,wolf,0,1,,2,10,regime_risk_heterogeneous_policy_seed_60_base_3,3,risk_heterogeneous_policy,1,0,0,0,0,3,0,0,0,0,0,0.3,5,0.0,0,0.01979637759241304,0,0,0.0,1,1,0,0,0,1.425,0.0,0.5,5,0.3,0,0,0,0,0,0,0,6a4975564c8dda593a99f001fed5f60a53076e2b02fb9a29463f4fda456a4b01,wolf_kill,0,0,1,in_distribution,,low_suspicion,0.7815346225469999,0.0,10,7,0.0,0.5714285714285714,"{'baseline_rule_policy': 1.0, 'randomized_legal_policy': 1.0, 'mixed_rule_policy': 0.0, 'seat_order_neutral_policy': 1.0, 'speech_and_herding_policy': 0.0, 'deception_enabled_policy': 0.0, 'risk_heterogeneous_policy': 1.0}","{""baseline_rule_policy"": 1.0, ""deception_enabled_policy"": 0.0, ""mixed_rule_policy"": 0.0, ""randomized_legal_policy"": 1.0, ""risk_heterogeneous_policy"": 1.0, ""seat_order_neutral_policy"": 1.0, ""speech_and_herding_policy"": 0.0}",0.20203050891044216,3,0.28571428571428575,0.0,regime_risk_heterogeneous_policy_seed_60_base_3,risk_heterogeneous_policy_seed_60_game_3_wolf_kill,0.2569741185935263,1.0871146130092182,0,0.7244834628388725,0.0,0.5139482371870526,0,0,ef008e050c0353bdbce8a278f556c9e1dc6ec4b5335329148ee7b491b9e5250d,0.628,night,0,1,0.22448346283887255,0.28500000000000003,0,1,1,60,6,regime_risk_heterogeneous_policy_seed_60_base_3,C_out_of_distribution,ood_test,0.23797731604239084,0.0,villager
1,0,2,0.3,0,0,0,0,werewolf,0.0,wolf,0,1,,2,10,regime_risk_heterogeneous_policy_seed_60_base_3,3,risk_heterogeneous_policy,1,0,0,0,0,2,0,0,0,0,0,0.3,10,0.0,0,0.01979637759241304,0,0,0.0,1,0,0,0,0,1.425,0.0,0.5,10,0.3,0,0,0,0,0,0,0,6a4975564c8dda593a99f001fed5f60a53076e2b02fb9a29463f4fda456a4b01,wolf_kill,0,0,1,in_distribution,,low_suspicion,1.1459963255459513,0.0,10,7,0.0,0.7142857142857143,"{'baseline_rule_policy': 1.0, 'randomized_legal_policy': 1.0, 'mixed_rule_policy': 0.0, 'seat_order_neutral_policy': 1.0, 'speech_and_herding_policy': 0.0, 'deception_enabled_policy': 1.0, 'risk_heterogeneous_policy': 1.0}","{""baseline_rule_policy"": 1.0, ""deception_enabled_policy"": 1.0, ""mixed_rule_policy"": 0.0, ""randomized_legal_policy"": 1.0, ""risk_heterogeneous_policy"": 1.0, ""seat_order_neutral_policy"": 1.0, ""speech_and_herding_policy"": 0.0}",0.18442777839082938,1,0.2380952380952381,0.0,regime_risk_heterogeneous_policy_seed_60_base_3,risk_heterogeneous_policy_seed_60_game_3_wolf_kill,0.1294799139148581,1.5958918549960293,0,0.71409805284856,0.0,0.2589598278297162,0,0,ef008e050c0353bdbce8a278f556c9e1dc6ec4b5335329148ee7b491b9e5250d,0.628,night,0,1,0.21409805284855998,0.28500000000000003,0,1,1,60,6,regime_risk_heterogeneous_policy_seed_60_base_3,C_out_of_distribution,ood_test,0.34805039804793675,0.6666666666666666,villager
1,1,2,0.3,0,0,0,1,werewolf,0.0,wolf,0,1,,2,10,regime_risk_heterogeneous_policy_seed_61_base_1,1,risk_heterogeneous_policy,1,0,0,0,0,5,1,0,0,0,0,0.3,7,0.0,0,0.04288372278674668,0,0,0.0,0,0,0,0,0,1.425,0.0,0.5,7,0.3,0,0,0,0,0,0,0,7e3473f42db2158b873d2acee0f2349697fc0a545501499dcca14f87cf7613a7,wolf_kill,0,0,1,in_distribution,,low_suspicion,1.337365095165043,0.019230769230769232,1,7,0.1428571428571428,0.7142857142857143,"{'baseline_rule_policy': 1.0, 'randomized_legal_policy': 1.0, 'mixed_rule_policy': 1.0, 'seat_order_neutral_policy': 1.0, 'speech_and_herding_policy': 0.0, 'deception_enabled_policy': 0.0, 'risk_heterogeneous_policy': 1.0}","{""baseline_rule_policy"": 1.0, ""deception_enabled_policy"": 0.0, ""mixed_rule_policy"": 1.0, ""randomized_legal_policy"": 1.0, ""risk_heterogeneous_policy"": 1.0, ""seat_order_neutral_policy"": 1.0, ""speech_and_herding_policy"": 0.0}",0.18442777839082938,2,0.2380952380952381,0.0,regime_risk_heterogeneous_policy_seed_61_base_1,risk_heterogeneous_policy_seed_61_game_1_wolf_kill,0.75,1.7451661817256576,0,0.6713143834110789,0.5,1.0,0,0,72fa31142b35fc3231cf8cbd359443f755103b72d65b888e97d401a9be1680af,0.628,night,0,1,0.17131438341107885,0.315,0,1,1,61,7,regime_risk_heterogeneous_policy_seed_61_base_1,C_out_of_distribution,ood_test,0.42632046584067573,0.6666666666666666,hunter
1,0,2,0.3,0,0,0,1,werewolf,0.0,wolf,0,1,,2,10,regime_risk_heterogeneous_policy_seed_61_base_1,1,risk_heterogeneous_policy,1,0,0,0,0,1,1,0,0,0,0,0.3,1,0.0,0,0.04288372278674668,0,0,0.0,1,1,0,0,0,1.425,0.0,0.5,1,0.3,0,0,0,0,0,0,0,7e3473f42db2158b873d2acee0f2349697fc0a545501499dcca14f87cf7613a7,wolf_kill,0,0,1,in_distribution,,low_suspicion,1.2245249834416974,0.019230769230769232,1,7,0.1428571428571428,0.8571428571428571,"{'baseline_rule_policy': 1.0, 'randomized_legal_policy': 1.0, 'mixed_rule_policy': 1.0, 'seat_order_neutral_policy': 1.0, 'speech_and_herding_policy': 1.0, 'deception_enabled_policy': 1.0, 'risk_heterogeneous_policy': 0.0}","{""baseline_rule_policy"": 1.0, ""deception_enabled_policy"": 1.0, ""mixed_rule_policy"": 1.0, ""randomized_legal_policy"": 1.0, ""risk_heterogeneous_policy"": 0.0, ""seat_order_neutral_policy"": 1.0, ""speech_and_herding_policy"": 1.0}",0.14285714285714285,1,0.14285714285714285,0.0,regime_risk_heterogeneous_policy_seed_61_base_1,risk_heterogeneous_policy_seed_61_game_1_wolf_kill,0.25,1.5275252316519494,0,0.6118849678171219,0.5,0.0,0,0,72fa31142b35fc3231cf8cbd359443f755103b72d65b888e97d401a9be1680af,0.628,night,0,1,0.11188496781712187,0.315,0,1,1,61,7,regime_risk_heterogeneous_policy_seed_61_base_1,C_out_of_distribution,ood_test,0.422300829154184,1.0,seer
1,0,2,0.3,0,0,0,1,werewolf,0.0,wolf,0,1,,2,10,regime_risk_heterogeneous_policy_seed_61_base_1,1,risk_heterogeneous_policy,1,0,0,0,0,2,0,0,0,0,0,0.3,10,0.0,0,0.04288372278674668,0,0,0.0,1,0,0,0,0,1.425,0.0,0.5,10,0.3,0,0,0,0,0,0,0,7e3473f42db2158b873d2acee0f2349697fc0a545501499dcca14f87cf7613a7,wolf_kill,0,0,1,in_distribution,,low_suspicion,1.257121009171717,0.019230769230769232,1,7,0.1428571428571428,0.5714285714285714,"{'baseline_rule_policy': 1.0, 'randomized_legal_policy': 1.0, 'mixed_rule_policy': 0.0, 'seat_order_neutral_policy': 1.0, 'speech_and_herding_policy': 1.0, 'deception_enabled_policy': 0.0, 'risk_heterogeneous_policy': 0.0}","{""baseline_rule_policy"": 1.0, ""deception_enabled_policy"": 0.0, ""mixed_rule_policy"": 0.0, ""randomized_legal_policy"": 1.0, ""risk_heterogeneous_policy"": 0.0, ""seat_order_neutral_policy"": 1.0, ""speech_and_herding_policy"": 1.0}",0.20203050891044216,3,0.28571428571428575,0.0,regime_risk_heterogeneous_policy_seed_61_base_1,risk_heterogeneous_policy_seed_61_game_1_wolf_kill,0.3387368787528048,1.5958918549960293,0,0.6224321295089439,0.5,0.17747375750560962,0,0,72fa31142b35fc3231cf8cbd359443f755103b72d65b888e97d401a9be1680af,0.628,night,0,1,0.12243212950894389,0.315,0,1,1,61,7,regime_risk_heterogeneous_policy_seed_61_base_1,C_out_of_distribution,ood_test,0.4207135432121639,0.6666666666666666,villager
1,0,2,0.3,0,0,0,1,werewolf,0.0,wolf,0,1,,2,10,regime_risk_heterogeneous_policy_seed_61_base_1,1,risk_heterogeneous_policy,1,0,0,0,0,1,0,0,0,0,0,0.3,3,0.0,0,0.04288372278674668,0,0,0.0,0,1,0,0,0,1.425,0.0,0.5,3,0.3,0,0,0,0,0,0,0,7e3473f42db2158b873d2acee0f2349697fc0a545501499dcca14f87cf7613a7,wolf_kill,0,0,1,in_distribution,,low_suspicion,1.1860822471694283,0.019230769230769232,1,7,0.1428571428571428,0.5714285714285714,"{'baseline_rule_policy': 1.0, 'randomized_legal_policy': 0.0, 'mixed_rule_policy': 1.0, 'seat_order_neutral_policy': 1.0, 'speech_and_herding_policy': 1.0, 'deception_enabled_policy': 0.0, 'risk_heterogeneous_policy': 0.0}","{""baseline_rule_policy"": 1.0, ""deception_enabled_policy"": 0.0, ""mixed_rule_policy"": 1.0, ""randomized_legal_policy"": 0.0, ""risk_heterogeneous_policy"": 0.0, ""seat_order_neutral_policy"": 1.0, ""speech_and_herding_policy"": 1.0}",0.20203050891044216,3,0.28571428571428575,0.0,regime_risk_heterogeneous_policy_seed_61_base_1,risk_heterogeneous_policy_seed_61_game_1_wolf_kill,0.3892045727006336,1.5275252316519494,0,0.6284306606243322,0.5,0.2784091454012671,0,0,72fa31142b35fc3231cf8cbd359443f755103b72d65b888e97d401a9be1680af,0.628,night,0,1,0.12843066062433217,0.315,0,1,1,61,7,regime_risk_heterogeneous_policy_seed_61_base_1,C_out_of_distribution,ood_test,0.383858092881915,0.3333333333333333,villager
1,1,2,0.3,0,0,0,0,werewolf,0.0,wolf,0,1,,4,10,regime_risk_heterogeneous_policy_seed_61_base_2,2,risk_heterogeneous_policy,1,0,0,0,0,1,0,0,0,0,0,0.15,3,0.0,0,0.010888144808812172,0,0,0.0,0,1,0,0,0,1.4625,0.0,0.5,3,0.15,0,0,0,0,0,0,0,4ebd2a4808122e8a15689c0e5e5f38f3cfdeb68439a45d1e8339dcd87e28004a,wolf_kill,0,0,1,mild_shift,,low_suspicion,2.3847019724578,0.0,7,7,0.1428571428571429,0.8571428571428571,"{'baseline_rule_policy': 0.0, 'randomized_legal_policy': 1.0, 'mixed_rule_policy': 1.0, 'seat_order_neutral_policy': 1.0, 'speech_and_herding_policy': 1.0, 'deception_enabled_policy': 1.0, 'risk_heterogeneous_policy': 1.0}","{""baseline_rule_policy"": 0.0, ""deception_enabled_policy"": 1.0, ""mixed_rule_policy"": 1.0, ""randomized_legal_policy"": 1.0, ""risk_heterogeneous_policy"": 1.0, ""seat_order_neutral_policy"": 1.0, ""speech_and_herding_policy"": 1.0}",0.14285714285714285,2,0.14285714285714285,0.0,regime_risk_heterogeneous_policy_seed_61_base_2,risk_heterogeneous_policy_seed_61_game_2_wolf_kill,0.6137104041258543,3.147870853305598,0,0.7286638336305591,1.0,0.22742080825170866,0,0,6dcb70f3cfa64f07196b3dd02955888530e2f31d0b6595d78544c57ca9b2fea0,0.664,night,0,1,0.2286638336305591,0.28500000000000003,0,1,1,61,3,regime_risk_heterogeneous_policy_seed_61_base_2,C_out_of_distribution,ood_test,0.8107665458050008,0.6666666666666666,villager
1,0,2,0.3,0,0,0,0,werewolf,0.0,wolf,0,1,,4,10,regime_risk_heterogeneous_policy_seed_61_base_2,2,risk_heterogeneous_policy,1,0,0,0,0,3,1,0,0,0,0,0.3,1,0.0,0,0.010888144808812172,0,0,0.0,1,1,0,0,0,1.425,0.0,0.5,1,0.3,0,0,0,0,0,0,0,4ebd2a4808122e8a15689c0e5e5f38f3cfdeb68439a45d1e8339dcd87e28004a,wolf_kill,0,0,1,in_distribution,,low_suspicion,0.9547436893066565,0.0,7,7,0.1428571428571429,0.7142857142857143,"{'baseline_rule_policy': 0.0, 'randomized_legal_policy': 0.0, 'mixed_rule_policy': 1.0, 'seat_order_neutral_policy': 1.0, 'speech_and_herding_policy': 1.0, 'deception_enabled_policy': 1.0, 'risk_heterogeneous_policy': 1.0}","{""baseline_rule_policy"": 0.0, ""deception_enabled_policy"": 1.0, ""mixed_rule_policy"": 1.0, ""randomized_legal_policy"": 0.0, ""risk_heterogeneous_policy"": 1.0, ""seat_order_neutral_policy"": 1.0, ""speech_and_herding_policy"": 1.0}",0.18442777839082938,3,0.2380952380952381,0.0,regime_risk_heterogeneous_policy_seed_61_base_2,risk_heterogeneous_policy_seed_61_game_2_wolf_kill,0.0,1.3106228218938725,0,0.7248244459558626,0.0,0.0,0,0,6dcb70f3cfa64f07196b3dd02955888530e2f31d0b6595d78544c57ca9b2fea0,0.628,night,0,1,0.2248244459558626,0.28500000000000003,0,1,1,61,3,regime_risk_heterogeneous_policy_seed_61_base_2,C_out_of_distribution,ood_test,0.2994322783597203,1.0,witch
1,0,2,0.3,0,0,0,0,werewolf,0.0,wolf,0,1,,4,10,regime_risk_heterogeneous_policy_seed_61_base_2,2,risk_heterogeneous_policy,1,0,0,0,0,2,0,0,0,0,0,0.3,2,0.0,0,0.010888144808812172,0,0,0.0,0,1,0,0,0,1.425,0.0,0.5,2,0.3,0,0,0,0,0,0,0,4ebd2a4808122e8a15689c0e5e5f38f3cfdeb68439a45d1e8339dcd87e28004a,wolf_kill,0,0,1,in_distribution,,low_suspicion,0.7659107590835471,0.0,7,7,0.1428571428571429,0.7142857142857143,"{'baseline_rule_policy': 0.0, 'randomized_legal_policy': 1.0, 'mixed_rule_policy': 1.0, 'seat_order_neutral_policy': 1.0, 'speech_and_herding_policy': 1.0, 'deception_enabled_policy': 1.0, 'risk_heterogeneous_policy': 0.0}","{""baseline_rule_policy"": 0.0, ""deception_enabled_policy"": 1.0, ""mixed_rule_policy"": 1.0, ""randomized_legal_policy"": 1.0, ""risk_heterogeneous_policy"": 0.0, ""seat_order_neutral_policy"": 1.0, ""speech_and_herding_policy"": 1.0}",0.18442777839082938,3,0.2380952380952381,0.0,regime_risk_heterogeneous_policy_seed_61_base_2,risk_heterogeneous_policy_seed_61_game_2_wolf_kill,0.1775279155708787,0.9876767466838834,0,0.730818607142758,0.0,0.3550558311417574,0,0,6dcb70f3cfa64f07196b3dd02955888530e2f31d0b6595d78544c57ca9b2fea0,0.628,night,0,1,0.23081860714275804,0.28500000000000003,0,1,1,61,3,regime_risk_heterogeneous_policy_seed_61_base_2,C_out_of_distribution,ood_test,0.2720723857416054,0.0,villager
1,0,2,0.3,0,0,0,0,werewolf,0.0,wolf,0,1,,4,10,regime_risk_heterogeneous_policy_seed_61_base_2,2,risk_heterogeneous_policy,1,0,0,0,0,3,0,0,0,0,0,0.3,7,0.0,0,0.010888144808812172,0,0,0.0,0,0,0,0,0,1.425,0.0,0.5,7,0.3,0,0,0,0,0,0,0,4ebd2a4808122e8a15689c0e5e5f38f3cfdeb68439a45d1e8339dcd87e28004a,wolf_kill,0,0,1,in_distribution,,low_suspicion,0.8328749346902073,0.0,7,7,0.1428571428571429,1.0,"{'baseline_rule_policy': 1.0, 'randomized_legal_policy': 1.0, 'mixed_rule_policy': 1.0, 'seat_order_neutral_policy': 1.0, 'speech_and_herding_policy': 1.0, 'deception_enabled_policy': 1.0, 'risk_heterogeneous_policy': 1.0}","{""baseline_rule_policy"": 1.0, ""deception_enabled_policy"": 1.0, ""mixed_rule_policy"": 1.0, ""randomized_legal_policy"": 1.0, ""risk_heterogeneous_policy"": 1.0, ""seat_order_neutral_policy"": 1.0, ""speech_and_herding_policy"": 1.0}",0.0,1,0.0,1.0,regime_risk_heterogeneous_policy_seed_61_base_2,risk_heterogeneous_policy_seed_61_game_2_wolf_kill,0.5,1.143543749793731,0,0.7417067519515702,0.0,1.0,0,0,6dcb70f3cfa64f07196b3dd02955888530e2f31d0b6595d78544c57ca9b2fea0,0.628,night,0,1,0.2417067519515702,0.28500000000000003,0,1,1,61,3,regime_risk_heterogeneous_policy_seed_61_base_2,C_out_of_distribution,ood_test,0.26110305979334175,0.6666666666666666,villager
1,1,2,0.3,0,0,1,0,werewolf,0.0,wolf,0,1,,1,10,regime_risk_heterogeneous_policy_seed_61_base_3,3,risk_heterogeneous_policy,1,0,0,0,0,2,0,0,0,0,0,0.15,9,0.0,0,0.01072202317880988,0,0,0.0,0,0,0,0,0,1.4625,0.0,0.5,9,0.15,0,0,0,0,0,0,0,597a351c38ffebe936d5f4dcccbcce1558c7b856af1d4c71e0372ccec352f284,wolf_kill,0,0,1,mild_shift,,low_suspicion,2.4382020313014054,0.019230769230769232,2,7,0.2857142857142857,0.7142857142857143,"{'baseline_rule_policy': 1.0, 'randomized_legal_policy': 0.0, 'mixed_rule_policy': 1.0, 'seat_order_neutral_policy': 0.0, 'speech_and_herding_policy': 1.0, 'deception_enabled_policy': 1.0, 'risk_heterogeneous_policy': 1.0}","{""baseline_rule_policy"": 1.0, ""deception_enabled_policy"": 1.0, ""mixed_rule_policy"": 1.0, ""randomized_legal_policy"": 0.0, ""risk_heterogeneous_policy"": 1.0, ""seat_order_neutral_policy"": 0.0, ""speech_and_herding_policy"": 1.0}",0.18442777839082938,2,0.2380952380952381,0.0,regime_risk_heterogeneous_policy_seed_61_base_3,risk_heterogeneous_policy_seed_61_game_3_wolf_kill,0.7998116261270117,3.147870853305598,0,0.7394667326601237,1.0,0.5996232522540235,0,0,1a290dfc06482147bc37af9fbf0a873f6ba8fea279c8c06358d28aefb44ae60b,0.664,night,0,1,0.23946673266012375,0.28500000000000003,0,1,1,61,9,regime_risk_heterogeneous_policy_seed_61_base_3,C_out_of_distribution,ood_test,0.8258050661870682,0.6666666666666666,villager
1,0,2,0.3,0,0,1,0,werewolf,0.0,wolf,0,1,,1,10,regime_risk_heterogeneous_policy_seed_61_base_3,3,risk_heterogeneous_policy,1,0,0,0,0,1,0,0,0,0,0,0.3,2,0.0,0,0.01072202317880988,0,0,0.0,0,1,0,0,0,1.425,0.0,0.5,2,0.3,0,0,0,0,0,0,0,597a351c38ffebe936d5f4dcccbcce1558c7b856af1d4c71e0372ccec352f284,wolf_kill,0,0,1,in_distribution,,low_suspicion,1.0479112303349443,0.019230769230769232,2,7,0.2857142857142857,1.0,"{'baseline_rule_policy': 1.0, 'randomized_legal_policy': 1.0, 'mixed_rule_policy': 1.0, 'seat_order_neutral_policy': 1.0, 'speech_and_herding_policy': 1.0, 'deception_enabled_policy': 1.0, 'risk_heterogeneous_policy': 1.0}","{""baseline_rule_policy"": 1.0, ""deception_enabled_policy"": 1.0, ""mixed_rule_policy"": 1.0, ""randomized_legal_policy"": 1.0, ""risk_heterogeneous_policy"": 1.0, ""seat_order_neutral_policy"": 1.0, ""speech_and_herding_policy"": 1.0}",0.0,1,0.0,1.0,regime_risk_heterogeneous_policy_seed_61_base_3,risk_heterogeneous_policy_seed_61_game_3_wolf_kill,0.0,1.3232578740557186,0,0.7201818297431957,0.0,0.0,0,0,1a290dfc06482147bc37af9fbf0a873f6ba8fea279c8c06358d28aefb44ae60b,0.628,night,0,1,0.22018182974319567,0.28500000000000003,0,1,1,61,9,regime_risk_heterogeneous_policy_seed_61_base_3,C_out_of_distribution,ood_test,0.34782075484554636,0.3333333333333333,villager
1,0,2,0.3,0,0,1,0,werewolf,0.0,wolf,0,1,,1,10,regime_risk_heterogeneous_policy_seed_61_base_3,3,risk_heterogeneous_policy,1,0,0,0,0,3,0,0,0,0,0,0.3,8,0.0,0,0.01072202317880988,0,0,0.0,0,0,0,0,0,1.425,0.0,0.5,8,0.3,0,0,0,0,0,0,0,597a351c38ffebe936d5f4dcccbcce1558c7b856af1d4c71e0372ccec352f284,wolf_kill,0,0,1,in_distribution,,low_suspicion,0.9220023487506698,0.019230769230769232,2,7,0.2857142857142857,0.7142857142857143,"{'baseline_rule_policy': 1.0, 'randomized_legal_policy': 1.0, 'mixed_rule_policy': 0.0, 'seat_order_neutral_policy': 1.0, 'speech_and_herding_policy': 1.0, 'deception_enabled_policy': 1.0, 'risk_heterogeneous_policy': 0.0}","{""baseline_rule_policy"": 1.0, ""deception_enabled_policy"": 1.0, ""mixed_rule_policy"": 0.0, ""randomized_legal_policy"": 1.0, ""risk_heterogeneous_policy"": 0.0, ""seat_order_neutral_policy"": 1.0, ""speech_and_herding_policy"": 1.0}",0.18442777839082938,2,0.2380952380952381,0.0,regime_risk_heterogeneous_policy_seed_61_base_3,risk_heterogeneous_policy_seed_61_game_3_wolf_kill,0.3333106877199381,1.143543749793731,0,0.7416215061723227,0.0,0.6666213754398762,0,0,1a290dfc06482147bc37af9fbf0a873f6ba8fea279c8c06358d28aefb44ae60b,0.628,night,0,1,0.2416215061723227,0.28500000000000003,0,1,1,61,9,regime_risk_heterogeneous_policy_seed_61_base_3,C_out_of_distribution,ood_test,0.3117689353922658,0.3333333333333333,villager
1,0,2,0.3,0,0,1,0,werewolf,0.0,wolf,0,1,,1,10,regime_risk_heterogeneous_policy_seed_61_base_3,3,risk_heterogeneous_policy,1,0,0,0,0,4,0,0,0,0,0,0.3,7,0.0,0,0.01072202317880988,0,0,0.0,0,0,0,0,0,1.425,0.0,0.5,7,0.3,0,0,0,0,0,0,0,597a351c38ffebe936d5f4dcccbcce1558c7b856af1d4c71e0372ccec352f284,wolf_kill,0,0,1,in_distribution,,low_suspicion,0.9341870557007502,0.019230769230769232,2,7,0.2857142857142857,0.5714285714285714,"{'baseline_rule_policy': 1.0, 'randomized_legal_policy': 0.0, 'mixed_rule_policy': 1.0, 'seat_order_neutral_policy': 1.0, 'speech_and_herding_policy': 0.0, 'deception_enabled_policy': 1.0, 'risk_heterogeneous_policy': 0.0}","{""baseline_rule_policy"": 1.0, ""deception_enabled_policy"": 1.0, ""mixed_rule_policy"": 1.0, ""randomized_legal_policy"": 0.0, ""risk_heterogeneous_policy"": 0.0, ""seat_order_neutral_policy"": 1.0, ""speech_and_herding_policy"": 0.0}",0.20203050891044216,4,0.28571428571428575,0.0,regime_risk_heterogeneous_policy_seed_61_base_3,risk_heterogeneous_policy_seed_61_game_3_wolf_kill,0.5,1.143543749793731,0,0.7523435293511326,0.0,1.0,0,0,1a290dfc06482147bc37af9fbf0a873f6ba8fea279c8c06358d28aefb44ae60b,0.628,night,0,1,0.2523435293511326,0.28500000000000003,0,1,1,61,9,regime_risk_heterogeneous_policy_seed_61_base_3,C_out_of_distribution,ood_test,0.3239536423423463,0.6666666666666666,villager
1,1,2,0.3,0,0,0,1,werewolf,0.0,wolf,0,1,,4,10,regime_risk_heterogeneous_policy_seed_62_base_1,1,risk_heterogeneous_policy,1,0,0,0,0,5,0,0,0,0,0,0.3,9,0.0,0,0.027438207544515203,0,0,0.0,0,0,0,0,0,1.425,0.0,0.5,9,0.3,0,0,0,0,0,0,0,f3314d3fdeaa7855ad6cd153e393fd834daf9157bc3122adee4fae890e3e41a6,wolf_kill,0,0,1,in_distribution,,low_suspicion,1.3217988150872944,0.019230769230769232,1,7,0.1428571428571429,0.8571428571428571,"{'baseline_rule_policy': 1.0, 'randomized_legal_policy': 1.0, 'mixed_rule_policy': 1.0, 'seat_order_neutral_policy': 1.0, 'speech_and_herding_policy': 0.0, 'deception_enabled_policy': 1.0, 'risk_heterogeneous_policy': 1.0}","{""baseline_rule_policy"": 1.0, ""deception_enabled_policy"": 1.0, ""mixed_rule_policy"": 1.0, ""randomized_legal_policy"": 1.0, ""risk_heterogeneous_policy"": 1.0, ""seat_order_neutral_policy"": 1.0, ""speech_and_herding_policy"": 0.0}",0.14285714285714285,3,0.14285714285714285,0.0,regime_risk_heterogeneous_policy_seed_62_base_1,risk_heterogeneous_policy_seed_62_game_1_wolf_kill,0.5,1.7451661817256576,0,0.7628098151921998,0.0,1.0,0,0,97de8312ae7a26dfc6c49f7be25db0834a3024b6e100803ef2f9255ca4e7938d,0.628,night,0,1,0.2628098151921998,0.28500000000000003,0,1,1,62,9,regime_risk_heterogeneous_policy_seed_62_base_1,C_out_of_distribution,ood_test,0.41075418576292694,0.6666666666666666,villager
1,0,2,0.3,0,0,0,1,werewolf,0.0,wolf,0,1,,4,10,regime_risk_heterogeneous_policy_seed_62_base_1,1,risk_heterogeneous_policy,1,0,0,0,0,4,1,0,0,0,0,0.3,10,0.0,0,0.027438207544515203,0,0,0.0,1,0,0,0,0,1.425,0.0,0.5,10,0.3,0,0,0,0,0,0,0,f3314d3fdeaa7855ad6cd153e393fd834daf9157bc3122adee4fae890e3e41a6,wolf_kill,0,0,1,in_distribution,,low_suspicion,1.2273267213082377,0.019230769230769232,1,7,0.1428571428571429,1.0,"{'baseline_rule_policy': 1.0, 'randomized_legal_policy': 1.0, 'mixed_rule_policy': 1.0, 'seat_order_neutral_policy': 1.0, 'speech_and_herding_policy': 1.0, 'deception_enabled_policy': 1.0, 'risk_heterogeneous_policy': 1.0}","{""baseline_rule_policy"": 1.0, ""deception_enabled_policy"": 1.0, ""mixed_rule_policy"": 1.0, ""randomized_legal_policy"": 1.0, ""risk_heterogeneous_policy"": 1.0, ""seat_order_neutral_policy"": 1.0, ""speech_and_herding_policy"": 1.0}",0.0,1,0.0,1.0,regime_risk_heterogeneous_policy_seed_62_base_1,risk_heterogeneous_policy_seed_62_game_1_wolf_kill,0.21637620911636898,1.5958918549960293,0,0.7353716076476846,0.0,0.43275241823273797,0,0,97de8312ae7a26dfc6c49f7be25db0834a3024b6e100803ef2f9255ca4e7938d,0.628,night,0,1,0.2353716076476846,0.28500000000000003,0,1,1,62,9,regime_risk_heterogeneous_policy_seed_62_base_1,C_out_of_distribution,ood_test,0.3909192553486845,1.0,hunter
1,0,2,0.3,0,0,0,1,werewolf,0.0,wolf,0,1,,4,10,regime_risk_heterogeneous_policy_seed_62_base_1,1,risk_heterogeneous_policy,1,0,0,0,0,3,0,0,0,0,0,0.15,1,0.0,0,0.027438207544515203,0,0,0.0,1,1,0,0,0,1.4625,0.0,0.5,1,0.15,0,0,0,0,0,0,0,f3314d3fdeaa7855ad6cd153e393fd834daf9157bc3122adee4fae890e3e41a6,wolf_kill,0,0,1,mild_shift,,low_suspicion,2.4338265851919796,0.019230769230769232,1,7,0.1428571428571429,1.0,"{'baseline_rule_policy': 1.0, 'randomized_legal_policy': 1.0, 'mixed_rule_policy': 1.0, 'seat_order_neutral_policy': 1.0, 'speech_and_herding_policy': 1.0, 'deception_enabled_policy': 1.0, 'risk_heterogeneous_policy': 1.0}","{""baseline_rule_policy"": 1.0, ""deception_enabled_policy"": 1.0, ""mixed_rule_policy"": 1.0, ""randomized_legal_policy"": 1.0, ""risk_heterogeneous_policy"": 1.0, ""seat_order_neutral_policy"": 1.0, ""speech_and_herding_policy"": 1.0}",0.0,1,0.0,1.0,regime_risk_heterogeneous_policy_seed_62_base_1,risk_heterogeneous_policy_seed_62_game_1_wolf_kill,0.6959102164564838,3.147870853305598,0,0.7333916956224735,1.0,0.3918204329129676,0,0,97de8312ae7a26dfc6c49f7be25db0834a3024b6e100803ef2f9255ca4e7938d,0.664,night,0,1,0.23339169562247353,0.28500000000000003,0,1,1,62,9,regime_risk_heterogeneous_policy_seed_62_base_1,C_out_of_distribution,ood_test,0.8214296200776424,1.0,villager
1,0,2,0.3,0,0,0,1,werewolf,0.0,wolf,0,1,,4,10,regime_risk_heterogeneous_policy_seed_62_base_1,1,risk_heterogeneous_policy,1,0,0,0,0,2,1,0,0,0,0,0.3,6,0.0,0,0.027438207544515203,0,0,0.0,1,0,0,0,0,1.425,0.0,0.5,6,0.3,0,0,0,0,0,0,0,f3314d3fdeaa7855ad6cd153e393fd834daf9157bc3122adee4fae890e3e41a6,wolf_kill,0,0,1,in_distribution,,low_suspicion,0.9154711117144788,0.019230769230769232,1,7,0.1428571428571429,0.8571428571428571,"{'baseline_rule_policy': 0.0, 'randomized_legal_policy': 1.0, 'mixed_rule_policy': 1.0, 'seat_order_neutral_policy': 1.0, 'speech_and_herding_policy': 1.0, 'deception_enabled_policy': 1.0, 'risk_heterogeneous_policy': 1.0}","{""baseline_rule_policy"": 0.0, ""deception_enabled_policy"": 1.0, ""mixed_rule_policy"": 1.0, ""randomized_legal_policy"": 1.0, ""risk_heterogeneous_policy"": 1.0, ""seat_order_neutral_policy"": 1.0, ""speech_and_herding_policy"": 1.0}",0.14285714285714285,3,0.14285714285714285,0.0,regime_risk_heterogeneous_policy_seed_62_base_1,risk_heterogeneous_policy_seed_62_game_1_wolf_kill,0.0,1.143543749793731,0,0.71443903596555,0.0,0.0,0,0,97de8312ae7a26dfc6c49f7be25db0834a3024b6e100803ef2f9255ca4e7938d,0.628,night,0,1,0.21443903596555003,0.28500000000000003,0,1,1,62,9,regime_risk_heterogeneous_policy_seed_62_base_1,C_out_of_distribution,ood_test,0.3052376983560749,0.6666666666666666,seer
1,1,2,0.3,0,0,0,1,werewolf,0.0,wolf,0,1,,2,10,regime_risk_heterogeneous_policy_seed_62_base_2,2,risk_heterogeneous_policy,1,0,0,0,0,5,0,0,0,0,0,0.3,7,0.0,0,0.04288372278674668,0,0,0.0,0,0,0,0,0,1.425,0.0,0.5,7,0.3,0,0,0,0,0,0,0,c5fe1002a3f206efeb422ebceb04a1a4083dd82c0e805f7dd3e85ebce492e838,wolf_kill,0,0,1,in_distribution,,low_suspicion,1.2919896423703106,0.019230769230769232,1,7,0.0,1.0,"{'baseline_rule_policy': 1.0, 'randomized_legal_policy': 1.0, 'mixed_rule_policy': 1.0, 'seat_order_neutral_policy': 1.0, 'speech_and_herding_policy': 1.0, 'deception_enabled_policy': 1.0, 'risk_heterogeneous_policy': 1.0}","{""baseline_rule_policy"": 1.0, ""deception_enabled_policy"": 1.0, ""mixed_rule_policy"": 1.0, ""randomized_legal_policy"": 1.0, ""risk_heterogeneous_policy"": 1.0, ""seat_order_neutral_policy"": 1.0, ""speech_and_herding_policy"": 1.0}",0.0,1,0.0,1.0,regime_risk_heterogeneous_policy_seed_62_base_2,risk_heterogeneous_policy_seed_62_game_2_wolf_kill,0.75,1.7451661817256576,0,0.7629803067506948,0.5,1.0,0,0,8deb99c2db1fedc34debb6c53ea76881eacfd1be9c39ff99f8898fb6ee219bc5,0.628,night,0,1,0.26298030675069484,0.28500000000000003,0,1,1,62,7,regime_risk_heterogeneous_policy_seed_62_base_2,C_out_of_distribution,ood_test,0.3809450130459433,0.6666666666666666,villager
1,0,2,0.3,0,0,0,1,werewolf,0.0,wolf,0,1,,2,10,regime_risk_heterogeneous_policy_seed_62_base_2,2,risk_heterogeneous_policy,1,0,0,0,0,1,0,0,0,0,0,0.3,1,0.0,0,0.04288372278674668,0,0,0.0,1,1,0,0,0,1.425,0.0,0.5,1,0.3,0,0,0,0,0,0,0,c5fe1002a3f206efeb422ebceb04a1a4083dd82c0e805f7dd3e85ebce492e838,wolf_kill,0,0,1,in_distribution,,low_suspicion,1.0765316444312052,0.019230769230769232,1,7,0.0,1.0,"{'baseline_rule_policy': 1.0, 'randomized_legal_policy': 1.0, 'mixed_rule_policy': 1.0, 'seat_order_neutral_policy': 1.0, 'speech_and_herding_policy': 1.0, 'deception_enabled_policy': 1.0, 'risk_heterogeneous_policy': 1.0}","{""baseline_rule_policy"": 1.0, ""deception_enabled_policy"": 1.0, ""mixed_rule_policy"": 1.0, ""randomized_legal_policy"": 1.0, ""risk_heterogeneous_policy"": 1.0, ""seat_order_neutral_policy"": 1.0, ""speech_and_herding_policy"": 1.0}",0.0,1,0.0,1.0,regime_risk_heterogeneous_policy_seed_62_base_2,risk_heterogeneous_policy_seed_62_game_2_wolf_kill,0.25,1.3232578740557186,0,0.7035508911567379,0.5,0.0,0,0,8deb99c2db1fedc34debb6c53ea76881eacfd1be9c39ff99f8898fb6ee219bc5,0.628,night,0,1,0.20355089115673786,0.28500000000000003,0,1,1,62,7,regime_risk_heterogeneous_policy_seed_62_base_2,C_out_of_distribution,ood_test,0.37644116894180746,0.6666666666666666,villager
1,0,2,0.3,0,0,0,1,werewolf,0.0,wolf,0,1,,2,10,regime_risk_heterogeneous_policy_seed_62_base_2,2,risk_heterogeneous_policy,1,0,0,0,0,2,0,0,0,0,0,0.3,10,0.0,0,0.04288372278674668,0,0,0.0,1,0,0,0,0,1.425,0.0,0.5,10,0.3,0,0,0,0,0,0,0,c5fe1002a3f206efeb422ebceb04a1a4083dd82c0e805f7dd3e85ebce492e838,wolf_kill,0,0,1,in_distribution,,low_suspicion,1.2110671099193697,0.019230769230769232,1,7,0.0,0.5714285714285714,"{'baseline_rule_policy': 1.0, 'randomized_legal_policy': 1.0, 'mixed_rule_policy': 1.0, 'seat_order_neutral_policy': 1.0, 'speech_and_herding_policy': 0.0, 'deception_enabled_policy': 0.0, 'risk_heterogeneous_policy': 0.0}","{""baseline_rule_policy"": 1.0, ""deception_enabled_policy"": 0.0, ""mixed_rule_policy"": 1.0, ""randomized_legal_policy"": 1.0, ""risk_heterogeneous_policy"": 0.0, ""seat_order_neutral_policy"": 1.0, ""speech_and_herding_policy"": 0.0}",0.20203050891044216,4,0.28571428571428575,0.0,regime_risk_heterogeneous_policy_seed_62_base_2,risk_heterogeneous_policy_seed_62_game_2_wolf_kill,0.3387368787528057,1.5958918549960293,0,0.71409805284856,0.5,0.17747375750561148,0,0,8deb99c2db1fedc34debb6c53ea76881eacfd1be9c39ff99f8898fb6ee219bc5,0.628,night,0,1,0.21409805284855998,0.28500000000000003,0,1,1,62,7,regime_risk_heterogeneous_policy_seed_62_base_2,C_out_of_distribution,ood_test,0.3746596439598165,1.0,villager
1,0,2,0.3,0,0,0,1,werewolf,0.0,wolf,0,1,,2,10,regime_risk_heterogeneous_policy_seed_62_base_2,2,risk_heterogeneous_policy,1,0,0,0,0,1,1,0,0,0,0,0.3,3,0.0,0,0.04288372278674668,0,0,0.0,0,1,0,0,0,1.425,0.0,0.5,3,0.3,0,0,0,0,0,0,0,c5fe1002a3f206efeb422ebceb04a1a4083dd82c0e805f7dd3e85ebce492e838,wolf_kill,0,0,1,in_distribution,,low_suspicion,1.032832115265522,0.019230769230769232,1,7,0.0,0.8571428571428571,"{'baseline_rule_policy': 1.0, 'randomized_legal_policy': 1.0, 'mixed_rule_policy': 0.0, 'seat_order_neutral_policy': 1.0, 'speech_and_herding_policy': 1.0, 'deception_enabled_policy': 1.0, 'risk_heterogeneous_policy': 1.0}","{""baseline_rule_policy"": 1.0, ""deception_enabled_policy"": 1.0, ""mixed_rule_policy"": 0.0, ""randomized_legal_policy"": 1.0, ""risk_heterogeneous_policy"": 1.0, ""seat_order_neutral_policy"": 1.0, ""speech_and_herding_policy"": 1.0}",0.14285714285714285,3,0.14285714285714285,0.0,regime_risk_heterogeneous_policy_seed_62_base_2,risk_heterogeneous_policy_seed_62_game_2_wolf_kill,0.3892045727006336,1.3232578740557186,0,0.7200965839639482,0.5,0.2784091454012671,0,0,8deb99c2db1fedc34debb6c53ea76881eacfd1be9c39ff99f8898fb6ee219bc5,0.628,night,0,1,0.22009658396394816,0.28500000000000003,0,1,1,62,7,regime_risk_heterogeneous_policy_seed_62_base_2,C_out_of_distribution,ood_test,0.33274163977612425,0.6666666666666666,witch
1,1,2,0.3,0,0,1,0,werewolf,0.0,wolf,0,1,,1,10,regime_risk_heterogeneous_policy_seed_62_base_3,3,risk_heterogeneous_policy,1,0,0,0,0,3,1,0,0,0,0,0.15,8,0.0,0,0.003839387674696604,0,0,0.0,0,0,0,0,0,1.4625,0.0,0.5,8,0.15,0,0,0,0,0,0,0,60e9c9eab6d4b773df3ed61240d69bb03175c03e9f8fc9e7fc5bd9a80b033404,wolf_kill,0,0,1,mild_shift,,low_suspicion,2.426679490569762,0.019230769230769232,10,7,0.42857142857142855,0.42857142857142855,"{'baseline_rule_policy': 0.0, 'randomized_legal_policy': 1.0, 'mixed_rule_policy': 1.0, 'seat_order_neutral_policy': 0.0, 'speech_and_herding_policy': 0.0, 'deception_enabled_policy': 0.0, 'risk_heterogeneous_policy': 1.0}","{""baseline_rule_policy"": 0.0, ""deception_enabled_policy"": 0.0, ""mixed_rule_policy"": 1.0, ""randomized_legal_policy"": 1.0, ""risk_heterogeneous_policy"": 1.0, ""seat_order_neutral_policy"": 0.0, ""speech_and_herding_policy"": 0.0}",0.20203050891044214,3,0.2857142857142857,0.0,regime_risk_heterogeneous_policy_seed_62_base_3,risk_heterogeneous_policy_seed_62_game_3_wolf_kill,1.0,3.147870853305598,0,0.7501887558389336,1.0,1.0,0,0,d6ba4d4b6f7bd989ef83b3bf7e4035b75a7ea07b038b87bcf5adf2f479ed8fbc,0.664,night,0,1,0.25018875583893363,0.28500000000000003,0,1,1,62,8,regime_risk_heterogeneous_policy_seed_62_base_3,C_out_of_distribution,ood_test,0.8142825254554248,0.6666666666666666,witch
1,0,2,0.3,0,0,1,0,werewolf,0.0,wolf,0,1,,1,10,regime_risk_heterogeneous_policy_seed_62_base_3,3,risk_heterogeneous_policy,1,0,0,0,0,1,0,0,0,0,0,0.3,10,0.0,0,0.003839387674696604,0,0,0.0,1,0,0,0,0,1.425,0.0,0.5,10,0.3,0,0,0,0,0,0,0,60e9c9eab6d4b773df3ed61240d69bb03175c03e9f8fc9e7fc5bd9a80b033404,wolf_kill,0,0,1,in_distribution,,low_suspicion,1.2464013366448647,0.019230769230769232,10,7,0.42857142857142855,0.8571428571428571,"{'baseline_rule_policy': 1.0, 'randomized_legal_policy': 1.0, 'mixed_rule_policy': 1.0, 'seat_order_neutral_policy': 0.0, 'speech_and_herding_policy': 1.0, 'deception_enabled_policy': 1.0, 'risk_heterogeneous_policy': 1.0}","{""baseline_rule_policy"": 1.0, ""deception_enabled_policy"": 1.0, ""mixed_rule_policy"": 1.0, ""randomized_legal_policy"": 1.0, ""risk_heterogeneous_policy"": 1.0, ""seat_order_neutral_policy"": 0.0, ""speech_and_herding_policy"": 1.0}",0.14285714285714285,1,0.14285714285714285,0.0,regime_risk_heterogeneous_policy_seed_62_base_3,risk_heterogeneous_policy_seed_62_game_3_wolf_kill,0.0,1.5958918549960293,0,0.7034612754489976,0.0,0.0,0,0,d6ba4d4b6f7bd989ef83b3bf7e4035b75a7ea07b038b87bcf5adf2f479ed8fbc,0.628,night,0,1,0.2034612754489976,0.28500000000000003,0,1,1,62,8,regime_risk_heterogeneous_policy_seed_62_base_3,C_out_of_distribution,ood_test,0.40999387068531157,0.3333333333333333,villager
1,0,2,0.3,0,0,1,0,werewolf,0.0,wolf,0,1,,1,10,regime_risk_heterogeneous_policy_seed_62_base_3,3,risk_heterogeneous_policy,1,0,0,0,0,2,1,0,0,0,0,0.3,3,0.0,0,0.003839387674696604,0,0,0.0,0,1,0,0,0,1.425,0.0,0.5,3,0.3,0,0,0,0,0,0,0,60e9c9eab6d4b773df3ed61240d69bb03175c03e9f8fc9e7fc5bd9a80b033404,wolf_kill,0,0,1,in_distribution,,low_suspicion,0.8265446404537874,0.019230769230769232,10,7,0.42857142857142855,0.42857142857142855,"{'baseline_rule_policy': 0.0, 'randomized_legal_policy': 1.0, 'mixed_rule_policy': 1.0, 'seat_order_neutral_policy': 0.0, 'speech_and_herding_policy': 1.0, 'deception_enabled_policy': 0.0, 'risk_heterogeneous_policy': 0.0}","{""baseline_rule_policy"": 0.0, ""deception_enabled_policy"": 0.0, ""mixed_rule_policy"": 1.0, ""randomized_legal_policy"": 1.0, ""risk_heterogeneous_policy"": 0.0, ""seat_order_neutral_policy"": 0.0, ""speech_and_herding_policy"": 1.0}",0.20203050891044214,3,0.2857142857142857,0.0,regime_risk_heterogeneous_policy_seed_62_base_3,risk_heterogeneous_policy_seed_62_game_3_wolf_kill,0.29182063409935827,1.0,0,0.7307333613635105,0.0,0.5836412681987165,0,0,d6ba4d4b6f7bd989ef83b3bf7e4035b75a7ea07b038b87bcf5adf2f479ed8fbc,0.628,night,0,1,0.23073336136351053,0.28500000000000003,0,1,1,62,8,regime_risk_heterogeneous_policy_seed_62_base_3,C_out_of_distribution,ood_test,0.28808310199224896,0.6666666666666666,seer
1,0,2,0.3,0,0,1,0,werewolf,0.0,wolf,0,1,,1,10,regime_risk_heterogeneous_policy_seed_62_base_3,3,risk_heterogeneous_policy,1,0,0,0,0,5,0,0,0,0,0,0.3,6,0.0,0,0.003839387674696604,0,0,0.0,1,0,0,0,0,1.425,0.0,0.5,6,0.3,0,0,0,0,0,0,0,60e9c9eab6d4b773df3ed61240d69bb03175c03e9f8fc9e7fc5bd9a80b033404,wolf_kill,0,0,1,in_distribution,,low_suspicion,1.2928707788553926,0.019230769230769232,10,7,0.42857142857142855,0.5714285714285714,"{'baseline_rule_policy': 0.0, 'randomized_legal_policy': 0.0, 'mixed_rule_policy': 1.0, 'seat_order_neutral_policy': 1.0, 'speech_and_herding_policy': 1.0, 'deception_enabled_policy': 1.0, 'risk_heterogeneous_policy': 0.0}","{""baseline_rule_policy"": 0.0, ""deception_enabled_policy"": 1.0, ""mixed_rule_policy"": 1.0, ""randomized_legal_policy"": 0.0, ""risk_heterogeneous_policy"": 0.0, ""seat_order_neutral_policy"": 1.0, ""speech_and_herding_policy"": 1.0}",0.20203050891044216,2,0.28571428571428575,0.0,regime_risk_heterogeneous_policy_seed_62_base_3,risk_heterogeneous_policy_seed_62_game_3_wolf_kill,0.4589172405332225,1.7451661817256576,0,0.746349368164237,0.0,0.917834481066445,0,0,d6ba4d4b6f7bd989ef83b3bf7e4035b75a7ea07b038b87bcf5adf2f479ed8fbc,0.628,night,0,1,0.24634936816423703,0.28500000000000003,0,1,1,62,8,regime_risk_heterogeneous_policy_seed_62_base_3,C_out_of_distribution,ood_test,0.3818261495310251,1.0,villager
1,1,2,0.3,0,0,0,0,werewolf,0.0,wolf,0,1,,1,10,regime_risk_heterogeneous_policy_seed_63_base_1,1,risk_heterogeneous_policy,1,0,0,0,0,2,0,0,0,0,0,0.3,3,0.0,0,0.006501265933887779,0,0,0.0,0,1,0,0,0,1.425,0.0,0.5,3,0.3,0,0,0,0,0,0,0,e968c7d4bbcf90a1276f4d051c483fa32c7377a5bdac0e0e95849b608ab8102c,wolf_kill,0,0,1,in_distribution,,low_suspicion,1.080608226577874,0.0,9,7,0.5714285714285714,0.42857142857142855,"{'baseline_rule_policy': 0.0, 'randomized_legal_policy': 1.0, 'mixed_rule_policy': 0.0, 'seat_order_neutral_policy': 1.0, 'speech_and_herding_policy': 1.0, 'deception_enabled_policy': 0.0, 'risk_heterogeneous_policy': 0.0}","{""baseline_rule_policy"": 0.0, ""deception_enabled_policy"": 0.0, ""mixed_rule_policy"": 0.0, ""randomized_legal_policy"": 1.0, ""risk_heterogeneous_policy"": 0.0, ""seat_order_neutral_policy"": 1.0, ""speech_and_herding_policy"": 1.0}",0.20203050891044214,3,0.2857142857142857,0.0,regime_risk_heterogeneous_policy_seed_63_base_1,risk_heterogeneous_policy_seed_63_game_1_wolf_kill,0.25,1.5275252316519494,0,0.6390674380238945,0.5,0.0,0,0,51a87e98657a035fd50e8b57f3f64f4a42a59e756d935e1a84bc5b5a27ea403b,0.628,night,0,1,0.13906743802389454,0.315,0,1,1,63,3,regime_risk_heterogeneous_policy_seed_63_base_1,C_out_of_distribution,ood_test,0.3168456107518994,0.3333333333333333,villager
1,0,2,0.3,0,0,0,0,werewolf,0.0,wolf,0,1,,1,10,regime_risk_heterogeneous_policy_seed_63_base_1,1,risk_heterogeneous_policy,1,0,0,0,0,2,0,0,0,0,0,0.3,9,0.0,0,0.006501265933887779,0,0,0.0,0,0,0,0,0,1.425,0.0,0.5,9,0.3,0,0,0,0,0,0,0,e968c7d4bbcf90a1276f4d051c483fa32c7377a5bdac0e0e95849b608ab8102c,wolf_kill,0,0,1,in_distribution,,low_suspicion,1.1291351826027622,0.0,9,7,0.5714285714285714,1.0,"{'baseline_rule_policy': 1.0, 'randomized_legal_policy': 1.0, 'mixed_rule_policy': 1.0, 'seat_order_neutral_policy': 1.0, 'speech_and_herding_policy': 1.0, 'deception_enabled_policy': 1.0, 'risk_heterogeneous_policy': 1.0}","{""baseline_rule_policy"": 1.0, ""deception_enabled_policy"": 1.0, ""mixed_rule_policy"": 1.0, ""randomized_legal_policy"": 1.0, ""risk_heterogeneous_policy"": 1.0, ""seat_order_neutral_policy"": 1.0, ""speech_and_herding_policy"": 1.0}",0.0,1,0.0,1.0,regime_risk_heterogeneous_policy_seed_63_base_1,risk_heterogeneous_policy_seed_63_game_1_wolf_kill,0.25762855531953127,1.5275252316519494,0,0.6392335596538967,0.5,0.01525711063906259,0,0,51a87e98657a035fd50e8b57f3f64f4a42a59e756d935e1a84bc5b5a27ea403b,0.628,night,0,1,0.13923355965389672,0.315,0,1,1,63,3,regime_risk_heterogeneous_policy_seed_63_base_1,C_out_of_distribution,ood_test,0.3653725667767875,0.6666666666666666,villager
1,0,2,0.3,0,0,0,0,werewolf,0.0,wolf,0,1,,1,10,regime_risk_heterogeneous_policy_seed_63_base_1,1,risk_heterogeneous_policy,1,0,0,0,0,3,0,0,0,0,0,0.3,8,0.0,0,0.006501265933887779,0,0,0.0,0,0,0,0,0,1.425,0.0,0.5,8,0.3,0,0,0,0,0,0,0,e968c7d4bbcf90a1276f4d051c483fa32c7377a5bdac0e0e95849b608ab8102c,wolf_kill,0,0,1,in_distribution,,low_suspicion,1.1022875580014286,0.0,9,7,0.5714285714285714,0.2857142857142857,"{'baseline_rule_policy': 0.0, 'randomized_legal_policy': 0.0, 'mixed_rule_policy': 1.0, 'seat_order_neutral_policy': 1.0, 'speech_and_herding_policy': 0.0, 'deception_enabled_policy': 0.0, 'risk_heterogeneous_policy': 0.0}","{""baseline_rule_policy"": 0.0, ""deception_enabled_policy"": 0.0, ""mixed_rule_policy"": 1.0, ""randomized_legal_policy"": 0.0, ""risk_heterogeneous_policy"": 0.0, ""seat_order_neutral_policy"": 1.0, ""speech_and_herding_policy"": 0.0}",0.18442777839082938,4,0.2380952380952381,0.0,regime_risk_heterogeneous_policy_seed_63_base_1,risk_heterogeneous_policy_seed_63_game_1_wolf_kill,0.75,1.5275252316519494,0,0.6499555828327066,0.5,1.0,0,0,51a87e98657a035fd50e8b57f3f64f4a42a59e756d935e1a84bc5b5a27ea403b,0.628,night,0,1,0.1499555828327066,0.315,0,1,1,63,3,regime_risk_heterogeneous_policy_seed_63_base_1,C_out_of_distribution,ood_test,0.3385249421754539,0.3333333333333333,villager
1,0,2,0.3,0,0,0,0,werewolf,0.0,wolf,0,1,,1,10,regime_risk_heterogeneous_policy_seed_63_base_1,1,risk_heterogeneous_policy,1,0,0,0,0,4,1,0,0,0,0,0.3,5,0.0,0,0.006501265933887779,0,0,0.0,1,1,0,0,0,1.425,0.0,0.5,5,0.3,0,0,0,0,0,0,0,e968c7d4bbcf90a1276f4d051c483fa32c7377a5bdac0e0e95849b608ab8102c,wolf_kill,0,0,1,in_distribution,,low_suspicion,1.0966344003067792,0.0,9,7,0.5714285714285714,0.8571428571428571,"{'baseline_rule_policy': 0.0, 'randomized_legal_policy': 1.0, 'mixed_rule_policy': 1.0, 'seat_order_neutral_policy': 1.0, 'speech_and_herding_policy': 1.0, 'deception_enabled_policy': 1.0, 'risk_heterogeneous_policy': 1.0}","{""baseline_rule_policy"": 0.0, ""deception_enabled_policy"": 1.0, ""mixed_rule_policy"": 1.0, ""randomized_legal_policy"": 1.0, ""risk_heterogeneous_policy"": 1.0, ""seat_order_neutral_policy"": 1.0, ""speech_and_herding_policy"": 1.0}",0.14285714285714285,2,0.14285714285714285,0.0,regime_risk_heterogeneous_policy_seed_63_base_1,risk_heterogeneous_policy_seed_63_game_1_wolf_kill,0.45145208168860257,1.5275252316519494,0,0.6434543168988188,0.5,0.40290416337720514,0,0,51a87e98657a035fd50e8b57f3f64f4a42a59e756d935e1a84bc5b5a27ea403b,0.628,night,0,1,0.14345431689881882,0.315,0,1,1,63,3,regime_risk_heterogeneous_policy_seed_63_base_1,C_out_of_distribution,ood_test,0.33287178448080434,1.0,witch
1,1,2,0.55,0,0,1,0,werewolf,0.25,wolf,0,1,,2,10,regime_risk_heterogeneous_policy_seed_63_base_2,2,risk_heterogeneous_policy,1,0,0,0,0,2,0,0,0,0,0,0.3,4,0.0,0,0.021610167987621942,0,0,0.0,0,1,0,0,0,1.425,0.0,0.5,4,0.3,0,0,0,0,0,0,0,a4ca5834f8e90957a85c7395b0d78fa8ba403f158472651dd7087ca93444088c,wolf_kill,0,0,1,mild_shift,,low_suspicion,2.2131846577021643,0.019230769230769232,1,7,0.1428571428571429,0.5714285714285714,"{'baseline_rule_policy': 0.0, 'randomized_legal_policy': 0.0, 'mixed_rule_policy': 1.0, 'seat_order_neutral_policy': 0.0, 'speech_and_herding_policy': 1.0, 'deception_enabled_policy': 1.0, 'risk_heterogeneous_policy': 1.0}","{""baseline_rule_policy"": 0.0, ""deception_enabled_policy"": 1.0, ""mixed_rule_policy"": 1.0, ""randomized_legal_policy"": 0.0, ""risk_heterogeneous_policy"": 1.0, ""seat_order_neutral_policy"": 0.0, ""speech_and_herding_policy"": 1.0}",0.20203050891044216,2,0.28571428571428575,0.0,regime_risk_heterogeneous_policy_seed_63_base_2,risk_heterogeneous_policy_seed_63_game_2_wolf_kill,0.5281633658045962,2.9999999999999996,0,0.6209201607385737,0.5,0.5563267316091924,0,0,76ca7deadd876f41403251e2cc3234f6b7b10c7c148f824d7e3447e1c72483a4,0.628,night,0,1,0.1209201607385737,0.315,0,1,1,63,4,regime_risk_heterogeneous_policy_seed_63_base_2,C_out_of_distribution,ood_test,0.6747231192406262,0.6666666666666666,villager
1,0,2,0.55,0,0,1,0,werewolf,0.25,wolf,0,1,,2,10,regime_risk_heterogeneous_policy_seed_63_base_2,2,risk_heterogeneous_policy,1,0,0,0,0,1,0,0,0,0,0,0.3,1,0.0,0,0.021610167987621942,0,0,0.0,1,1,0,0,0,1.425,0.0,0.5,1,0.3,0,0,0,0,0,0,0,a4ca5834f8e90957a85c7395b0d78fa8ba403f158472651dd7087ca93444088c,wolf_kill,0,0,1,mild_shift,,low_suspicion,2.2597231637991495,0.019230769230769232,1,7,0.1428571428571429,0.7142857142857143,"{'baseline_rule_policy': 1.0, 'randomized_legal_policy': 1.0, 'mixed_rule_policy': 0.0, 'seat_order_neutral_policy': 1.0, 'speech_and_herding_policy': 1.0, 'deception_enabled_policy': 1.0, 'risk_heterogeneous_policy': 0.0}","{""baseline_rule_policy"": 1.0, ""deception_enabled_policy"": 1.0, ""mixed_rule_policy"": 0.0, ""randomized_legal_policy"": 1.0, ""risk_heterogeneous_policy"": 0.0, ""seat_order_neutral_policy"": 1.0, ""speech_and_herding_policy"": 1.0}",0.18442777839082938,1,0.2380952380952381,0.0,regime_risk_heterogeneous_policy_seed_63_base_2,risk_heterogeneous_policy_seed_63_game_2_wolf_kill,0.25,2.9999999999999996,0,0.5938229363110485,0.5,0.0,0,0,76ca7deadd876f41403251e2cc3234f6b7b10c7c148f824d7e3447e1c72483a4,0.628,night,0,1,0.09382293631104854,0.315,0,1,1,63,4,regime_risk_heterogeneous_policy_seed_63_base_2,C_out_of_distribution,ood_test,0.7212616253376114,1.0,villager
1,0,2,0.55,0,0,1,0,werewolf,0.25,wolf,0,1,,2,10,regime_risk_heterogeneous_policy_seed_63_base_2,2,risk_heterogeneous_policy,1,0,0,0,0,4,0,0,0,0,0,0.3,8,0.0,0,0.021610167987621942,0,0,0.0,0,0,0,0,0,1.425,0.0,0.5,8,0.3,0,0,0,0,0,0,0,a4ca5834f8e90957a85c7395b0d78fa8ba403f158472651dd7087ca93444088c,wolf_kill,0,0,1,mild_shift,,low_suspicion,2.2407795810239257,0.019230769230769232,1,7,0.1428571428571429,0.42857142857142855,"{'baseline_rule_policy': 0.0, 'randomized_legal_policy': 1.0, 'mixed_rule_policy': 0.0, 'seat_order_neutral_policy': 0.0, 'speech_and_herding_policy': 1.0, 'deception_enabled_policy': 1.0, 'risk_heterogeneous_policy': 0.0}","{""baseline_rule_policy"": 0.0, ""deception_enabled_policy"": 1.0, ""mixed_rule_policy"": 0.0, ""randomized_legal_policy"": 1.0, ""risk_heterogeneous_policy"": 0.0, ""seat_order_neutral_policy"": 0.0, ""speech_and_herding_policy"": 1.0}",0.20203050891044214,4,0.2857142857142857,0.0,regime_risk_heterogeneous_policy_seed_63_base_2,risk_heterogeneous_policy_seed_63_game_2_wolf_kill,0.75,2.9999999999999996,0,0.6425303287261956,0.5,1.0,0,0,76ca7deadd876f41403251e2cc3234f6b7b10c7c148f824d7e3447e1c72483a4,0.628,night,0,1,0.14253032872619564,0.315,0,1,1,63,4,regime_risk_heterogeneous_policy_seed_63_base_2,C_out_of_distribution,ood_test,0.7023180425623875,0.6666666666666666,villager
1,0,2,0.55,0,0,1,0,werewolf,0.25,wolf,0,1,,2,10,regime_risk_heterogeneous_policy_seed_63_base_2,2,risk_heterogeneous_policy,1,0,0,0,0,2,1,0,0,0,0,0.3,10,0.0,0,0.021610167987621942,0,0,0.0,1,0,0,0,0,1.425,0.0,0.5,10,0.3,0,0,0,0,0,0,0,a4ca5834f8e90957a85c7395b0d78fa8ba403f158472651dd7087ca93444088c,wolf_kill,0,0,1,mild_shift,,low_suspicion,2.258794952459858,0.019230769230769232,1,7,0.1428571428571429,0.5714285714285714,"{'baseline_rule_policy': 0.0, 'randomized_legal_policy': 1.0, 'mixed_rule_policy': 1.0, 'seat_order_neutral_policy': 0.0, 'speech_and_herding_policy': 0.0, 'deception_enabled_policy': 1.0, 'risk_heterogeneous_policy': 1.0}","{""baseline_rule_policy"": 0.0, ""deception_enabled_policy"": 1.0, ""mixed_rule_policy"": 1.0, ""randomized_legal_policy"": 1.0, ""risk_heterogeneous_policy"": 1.0, ""seat_order_neutral_policy"": 0.0, ""speech_and_herding_policy"": 0.0}",0.20203050891044216,2,0.28571428571428575,0.0,regime_risk_heterogeneous_policy_seed_63_base_2,risk_heterogeneous_policy_seed_63_game_2_wolf_kill,0.35827064608515197,2.9999999999999996,0,0.6043700980028706,0.5,0.21654129217030396,0,0,76ca7deadd876f41403251e2cc3234f6b7b10c7c148f824d7e3447e1c72483a4,0.628,night,0,1,0.10437009800287056,0.315,0,1,1,63,4,regime_risk_heterogeneous_policy_seed_63_base_2,C_out_of_distribution,ood_test,0.72033341399832,0.6666666666666666,witch
1,1,2,0.3,0,0,1,0,werewolf,0.0,wolf,0,1,,4,10,regime_risk_heterogeneous_policy_seed_63_base_3,3,risk_heterogeneous_policy,1,0,0,0,0,4,1,0,0,0,0,0.15,8,0.0,0,0.03600108728263329,0,0,0.0,0,0,0,0,0,1.4625,0.0,0.5,8,0.15,0,0,0,0,0,0,0,b1fd563cf2f366feb3f7289160bc127ad36bc8db2b8474fd6b1b95839b7ccf06,wolf_kill,0,0,1,mild_shift,,low_suspicion,2.437379641650471,0.019230769230769232,3,7,0.1428571428571429,0.8571428571428571,"{'baseline_rule_policy': 0.0, 'randomized_legal_policy': 1.0, 'mixed_rule_policy': 1.0, 'seat_order_neutral_policy': 1.0, 'speech_and_herding_policy': 1.0, 'deception_enabled_policy': 1.0, 'risk_heterogeneous_policy': 1.0}","{""baseline_rule_policy"": 0.0, ""deception_enabled_policy"": 1.0, ""mixed_rule_policy"": 1.0, ""randomized_legal_policy"": 1.0, ""risk_heterogeneous_policy"": 1.0, ""seat_order_neutral_policy"": 1.0, ""speech_and_herding_policy"": 1.0}",0.14285714285714285,2,0.14285714285714285,0.0,regime_risk_heterogeneous_policy_seed_63_base_3,risk_heterogeneous_policy_seed_63_game_3_wolf_kill,1.0,3.147870853305598,0,0.7608255332384959,1.0,1.0,0,0,787e208b3d04fa0563d6c081f173f4e0eabbd1c31ef667701e7f2c86f86a28ad,0.664,night,0,1,0.2608255332384959,0.28500000000000003,0,1,1,63,8,regime_risk_heterogeneous_policy_seed_63_base_3,C_out_of_distribution,ood_test,0.8249826765361336,1.0,witch
1,0,2,0.3,0,0,1,0,werewolf,0.0,wolf,0,1,,4,10,regime_risk_heterogeneous_policy_seed_63_base_3,3,risk_heterogeneous_policy,1,0,0,0,0,3,1,0,0,0,0,0.3,1,0.0,0,0.03600108728263329,0,0,0.0,1,1,0,0,0,1.425,0.0,0.5,1,0.3,0,0,0,0,0,0,0,b1fd563cf2f366feb3f7289160bc127ad36bc8db2b8474fd6b1b95839b7ccf06,wolf_kill,0,0,1,in_distribution,,low_suspicion,1.0237584923561351,0.019230769230769232,3,7,0.1428571428571429,0.8571428571428571,"{'baseline_rule_policy': 1.0, 'randomized_legal_policy': 1.0, 'mixed_rule_policy': 1.0, 'seat_order_neutral_policy': 1.0, 'speech_and_herding_policy': 1.0, 'deception_enabled_policy': 0.0, 'risk_heterogeneous_policy': 1.0}","{""baseline_rule_policy"": 1.0, ""deception_enabled_policy"": 0.0, ""mixed_rule_policy"": 1.0, ""randomized_legal_policy"": 1.0, ""risk_heterogeneous_policy"": 1.0, ""seat_order_neutral_policy"": 1.0, ""speech_and_herding_policy"": 1.0}",0.14285714285714285,2,0.14285714285714285,0.0,regime_risk_heterogeneous_policy_seed_63_base_3,risk_heterogeneous_policy_seed_63_game_3_wolf_kill,0.11194432217206537,1.3106228218938725,0,0.7248244459558626,0.0,0.22388864434413075,0,0,787e208b3d04fa0563d6c081f173f4e0eabbd1c31ef667701e7f2c86f86a28ad,0.628,night,0,1,0.2248244459558626,0.28500000000000003,0,1,1,63,8,regime_risk_heterogeneous_policy_seed_63_base_3,C_out_of_distribution,ood_test,0.3299855429476604,1.0,hunter
1,0,2,0.3,0,0,1,0,werewolf,0.0,wolf,0,1,,4,10,regime_risk_heterogeneous_policy_seed_63_base_3,3,risk_heterogeneous_policy,1,0,0,0,0,2,0,0,0,0,0,0.3,6,0.0,0,0.03600108728263329,0,0,0.0,1,0,0,0,0,1.425,0.0,0.5,6,0.3,0,0,0,0,0,0,0,b1fd563cf2f366feb3f7289160bc127ad36bc8db2b8474fd6b1b95839b7ccf06,wolf_kill,0,0,1,in_distribution,,low_suspicion,0.9154711117144788,0.019230769230769232,3,7,0.1428571428571429,0.8571428571428571,"{'baseline_rule_policy': 0.0, 'randomized_legal_policy': 1.0, 'mixed_rule_policy': 1.0, 'seat_order_neutral_policy': 1.0, 'speech_and_herding_policy': 1.0, 'deception_enabled_policy': 1.0, 'risk_heterogeneous_policy': 1.0}","{""baseline_rule_policy"": 0.0, ""deception_enabled_policy"": 1.0, ""mixed_rule_policy"": 1.0, ""randomized_legal_policy"": 1.0, ""risk_heterogeneous_policy"": 1.0, ""seat_order_neutral_policy"": 1.0, ""speech_and_herding_policy"": 1.0}",0.14285714285714285,2,0.14285714285714285,0.0,regime_risk_heterogeneous_policy_seed_63_base_3,risk_heterogeneous_policy_seed_63_game_3_wolf_kill,0.0,1.143543749793731,0,0.71443903596555,0.0,0.0,0,0,787e208b3d04fa0563d6c081f173f4e0eabbd1c31ef667701e7f2c86f86a28ad,0.628,night,0,1,0.21443903596555003,0.28500000000000003,0,1,1,63,8,regime_risk_heterogeneous_policy_seed_63_base_3,C_out_of_distribution,ood_test,0.3052376983560749,0.3333333333333333,villager
1,0,2,0.3,0,0,1,0,werewolf,0.0,wolf,0,1,,4,10,regime_risk_heterogeneous_policy_seed_63_base_3,3,risk_heterogeneous_policy,1,0,0,0,0,1,1,0,0,0,0,0.3,3,0.0,0,0.03600108728263329,0,0,0.0,0,1,0,0,0,1.425,0.0,0.5,3,0.3,0,0,0,0,0,0,0,b1fd563cf2f366feb3f7289160bc127ad36bc8db2b8474fd6b1b95839b7ccf06,wolf_kill,0,0,1,in_distribution,,low_suspicion,1.032832115265522,0.019230769230769232,3,7,0.1428571428571429,1.0,"{'baseline_rule_policy': 1.0, 'randomized_legal_policy': 1.0, 'mixed_rule_policy': 1.0, 'seat_order_neutral_policy': 1.0, 'speech_and_herding_policy': 1.0, 'deception_enabled_policy': 1.0, 'risk_heterogeneous_policy': 1.0}","{""baseline_rule_policy"": 1.0, ""deception_enabled_policy"": 1.0, ""mixed_rule_policy"": 1.0, ""randomized_legal_policy"": 1.0, ""risk_heterogeneous_policy"": 1.0, ""seat_order_neutral_policy"": 1.0, ""speech_and_herding_policy"": 1.0}",0.0,1,0.0,1.0,regime_risk_heterogeneous_policy_seed_63_base_3,risk_heterogeneous_policy_seed_63_game_3_wolf_kill,0.060982703275784915,1.3232578740557186,0,0.7200965839639482,0.0,0.12196540655156983,0,0,787e208b3d04fa0563d6c081f173f4e0eabbd1c31ef667701e7f2c86f86a28ad,0.628,night,0,1,0.22009658396394816,0.28500000000000003,0,1,1,63,8,regime_risk_heterogeneous_policy_seed_63_base_3,C_out_of_distribution,ood_test,0.33274163977612425,1.0,seer
1,1,2,0.3,0,0,0,1,werewolf,0.0,wolf,0,1,,1,10,regime_risk_heterogeneous_policy_seed_64_base_1,1,risk_heterogeneous_policy,1,0,0,0,0,2,0,0,0,0,0,0.3,9,0.0,0,0.01544988517072432,0,0,0.0,0,0,0,0,0,1.425,0.0,0.5,9,0.3,0,0,0,0,0,0,0,3946118eb1bce222189b3a615a92fe81bc8bc5be3eb3415c10d4398dc3dde1f0,wolf_kill,0,0,1,in_distribution,,low_suspicion,1.1930283018906667,0.019230769230769232,6,7,0.5714285714285714,0.2857142857142857,"{'baseline_rule_policy': 1.0, 'randomized_legal_policy': 0.0, 'mixed_rule_policy': 0.0, 'seat_order_neutral_policy': 1.0, 'speech_and_herding_policy': 0.0, 'deception_enabled_policy': 0.0, 'risk_heterogeneous_policy': 0.0}","{""baseline_rule_policy"": 1.0, ""deception_enabled_policy"": 0.0, ""mixed_rule_policy"": 0.0, ""randomized_legal_policy"": 0.0, ""risk_heterogeneous_policy"": 0.0, ""seat_order_neutral_policy"": 1.0, ""speech_and_herding_policy"": 0.0}",0.18442777839082938,4,0.2380952380952381,0.0,regime_risk_heterogeneous_policy_seed_64_base_1,risk_heterogeneous_policy_seed_64_game_1_wolf_kill,0.569881414716835,1.5275252316519494,0,0.6392335596538967,0.5,0.6397628294336699,0,0,94c2f98193e7ca59fe07f20e504fa2c4bbcc0faf7b36a21da75ea5e3a37058d3,0.628,night,0,1,0.13923355965389672,0.315,0,1,1,64,9,regime_risk_heterogeneous_policy_seed_64_base_1,C_out_of_distribution,ood_test,0.39080414760315335,0.3333333333333333,villager
1,0,2,0.3,0,0,0,1,werewolf,0.0,wolf,0,1,,1,10,regime_risk_heterogeneous_policy_seed_64_base_1,1,risk_heterogeneous_policy,1,0,0,0,0,1,1,0,0,0,0,0.3,10,0.0,0,0.01544988517072432,0,0,0.0,1,0,0,0,0,1.425,0.0,0.5,10,0.3,0,0,0,0,0,0,0,3946118eb1bce222189b3a615a92fe81bc8bc5be3eb3415c10d4398dc3dde1f0,wolf_kill,0,0,1,in_distribution,,low_suspicion,1.2888729460014685,0.019230769230769232,6,7,0.5714285714285714,0.42857142857142855,"{'baseline_rule_policy': 0.0, 'randomized_legal_policy': 1.0, 'mixed_rule_policy': 1.0, 'seat_order_neutral_policy': 1.0, 'speech_and_herding_policy': 0.0, 'deception_enabled_policy': 0.0, 'risk_heterogeneous_policy': 0.0}","{""baseline_rule_policy"": 0.0, ""deception_enabled_policy"": 0.0, ""mixed_rule_policy"": 1.0, ""randomized_legal_policy"": 1.0, ""risk_heterogeneous_policy"": 0.0, ""seat_order_neutral_policy"": 1.0, ""speech_and_herding_policy"": 0.0}",0.20203050891044214,2,0.2857142857142857,0.0,regime_risk_heterogeneous_policy_seed_64_base_1,risk_heterogeneous_policy_seed_64_game_1_wolf_kill,0.25,1.5958918549960293,0,0.6117953521093815,0.5,0.0,0,0,94c2f98193e7ca59fe07f20e504fa2c4bbcc0faf7b36a21da75ea5e3a37058d3,0.628,night,0,1,0.11179535210938152,0.315,0,1,1,64,9,regime_risk_heterogeneous_policy_seed_64_base_1,C_out_of_distribution,ood_test,0.45246548004191534,1.0,witch
1,0,2,0.3,0,0,0,1,werewolf,0.0,wolf,0,1,,1,10,regime_risk_heterogeneous_policy_seed_64_base_1,1,risk_heterogeneous_policy,1,0,0,0,0,5,1,0,0,0,0,0.3,6,0.0,0,0.01544988517072432,0,0,0.0,1,0,0,0,0,1.425,0.0,0.5,6,0.3,0,0,0,0,0,0,0,3946118eb1bce222189b3a615a92fe81bc8bc5be3eb3415c10d4398dc3dde1f0,wolf_kill,0,0,1,in_distribution,,low_suspicion,1.3381526310004372,0.019230769230769232,6,7,0.5714285714285714,0.8571428571428571,"{'baseline_rule_policy': 1.0, 'randomized_legal_policy': 1.0, 'mixed_rule_policy': 1.0, 'seat_order_neutral_policy': 1.0, 'speech_and_herding_policy': 1.0, 'deception_enabled_policy': 1.0, 'risk_heterogeneous_policy': 0.0}","{""baseline_rule_policy"": 1.0, ""deception_enabled_policy"": 1.0, ""mixed_rule_policy"": 1.0, ""randomized_legal_policy"": 1.0, ""risk_heterogeneous_policy"": 0.0, ""seat_order_neutral_policy"": 1.0, ""speech_and_herding_policy"": 1.0}",0.14285714285714285,1,0.14285714285714285,0.0,regime_risk_heterogeneous_policy_seed_64_base_1,risk_heterogeneous_policy_seed_64_game_1_wolf_kill,0.75,1.7451661817256576,0,0.654683444824621,0.5,1.0,0,0,94c2f98193e7ca59fe07f20e504fa2c4bbcc0faf7b36a21da75ea5e3a37058d3,0.628,night,0,1,0.15468344482462104,0.315,0,1,1,64,9,regime_risk_heterogeneous_policy_seed_64_base_1,C_out_of_distribution,ood_test,0.4271080016760698,0.3333333333333333,hunter
1,0,2,0.3,0,0,0,1,werewolf,0.0,wolf,0,1,,1,10,regime_risk_heterogeneous_policy_seed_64_base_1,1,risk_heterogeneous_policy,1,0,0,0,0,2,1,0,0,0,0,0.3,3,0.0,0,0.01544988517072432,0,0,0.0,0,1,0,0,0,1.425,0.0,0.5,3,0.3,0,0,0,0,0,0,0,3946118eb1bce222189b3a615a92fe81bc8bc5be3eb3415c10d4398dc3dde1f0,wolf_kill,0,0,1,in_distribution,,low_suspicion,1.1480881597629506,0.019230769230769232,6,7,0.5714285714285714,0.42857142857142855,"{'baseline_rule_policy': 0.0, 'randomized_legal_policy': 1.0, 'mixed_rule_policy': 0.0, 'seat_order_neutral_policy': 1.0, 'speech_and_herding_policy': 1.0, 'deception_enabled_policy': 0.0, 'risk_heterogeneous_policy': 0.0}","{""baseline_rule_policy"": 0.0, ""deception_enabled_policy"": 0.0, ""mixed_rule_policy"": 0.0, ""randomized_legal_policy"": 1.0, ""risk_heterogeneous_policy"": 0.0, ""seat_order_neutral_policy"": 1.0, ""speech_and_herding_policy"": 1.0}",0.20203050891044214,2,0.2857142857142857,0.0,regime_risk_heterogeneous_policy_seed_64_base_1,risk_heterogeneous_policy_seed_64_game_1_wolf_kill,0.5679447276379158,1.5275252316519494,0,0.6390674380238945,0.5,0.6358894552758316,0,0,94c2f98193e7ca59fe07f20e504fa2c4bbcc0faf7b36a21da75ea5e3a37058d3,0.628,night,0,1,0.13906743802389454,0.315,0,1,1,64,9,regime_risk_heterogeneous_policy_seed_64_base_1,C_out_of_distribution,ood_test,0.3458640054754374,0.3333333333333333,seer
1,1,2,0.3,0,0,0,0,werewolf,0.0,wolf,0,1,,3,10,regime_risk_heterogeneous_policy_seed_64_base_2,2,risk_heterogeneous_policy,1,0,0,0,0,2,1,0,0,0,0,0.3,5,0.0,0,0.03781924760633504,0,0,0.0,1,1,0,0,0,1.425,0.0,0.5,5,0.3,0,0,0,0,0,0,0,ba625431734daceb557aa0df807e706e06262f062e0ae5bdffc51c6fe0e35329,wolf_kill,0,0,1,in_distribution,,low_suspicion,1.0773795948197171,0.0,5,7,0.0,0.5714285714285714,"{'baseline_rule_policy': 1.0, 'randomized_legal_policy': 0.0, 'mixed_rule_policy': 1.0, 'seat_order_neutral_policy': 0.0, 'speech_and_herding_policy': 1.0, 'deception_enabled_policy': 0.0, 'risk_heterogeneous_policy': 1.0}","{""baseline_rule_policy"": 1.0, ""deception_enabled_policy"": 0.0, ""mixed_rule_policy"": 1.0, ""randomized_legal_policy"": 0.0, ""risk_heterogeneous_policy"": 1.0, ""seat_order_neutral_policy"": 0.0, ""speech_and_herding_policy"": 1.0}",0.20203050891044216,1,0.28571428571428575,0.0,regime_risk_heterogeneous_policy_seed_64_base_2,risk_heterogeneous_policy_seed_64_game_2_wolf_kill,0.25,1.5275252316519494,0,0.6221807620996942,0.5,0.0,0,0,e6486ac34a9d3e2fb4bf8cda73becd3bc1cd963e5b9f5b2bfdac626c2eefc027,0.628,night,0,1,0.1221807620996942,0.315,0,1,1,64,5,regime_risk_heterogeneous_policy_seed_64_base_2,C_out_of_distribution,ood_test,0.3136169789937424,0.6666666666666666,hunter
1,0,2,0.3,0,0,0,0,werewolf,0.0,wolf,0,1,,3,10,regime_risk_heterogeneous_policy_seed_64_base_2,2,risk_heterogeneous_policy,1,0,0,0,0,2,0,0,0,0,0,0.3,1,0.0,0,0.03781924760633504,0,0,0.0,1,1,0,0,0,1.425,0.0,0.5,1,0.3,0,0,0,0,0,0,0,ba625431734daceb557aa0df807e706e06262f062e0ae5bdffc51c6fe0e35329,wolf_kill,0,0,1,in_distribution,,low_suspicion,1.1262292982757063,0.0,5,7,0.0,0.42857142857142855,"{'baseline_rule_policy': 1.0, 'randomized_legal_policy': 1.0, 'mixed_rule_policy': 0.0, 'seat_order_neutral_policy': 1.0, 'speech_and_herding_policy': 0.0, 'deception_enabled_policy': 0.0, 'risk_heterogeneous_policy': 0.0}","{""baseline_rule_policy"": 1.0, ""deception_enabled_policy"": 0.0, ""mixed_rule_policy"": 0.0, ""randomized_legal_policy"": 1.0, ""risk_heterogeneous_policy"": 0.0, ""seat_order_neutral_policy"": 1.0, ""speech_and_herding_policy"": 0.0}",0.20203050891044214,3,0.2857142857142857,0.0,regime_risk_heterogeneous_policy_seed_64_base_2,risk_heterogeneous_policy_seed_64_game_2_wolf_kill,0.2534759878720818,1.5275252316519494,0,0.6225217452166842,0.5,0.006951975744163617,0,0,e6486ac34a9d3e2fb4bf8cda73becd3bc1cd963e5b9f5b2bfdac626c2eefc027,0.628,night,0,1,0.12252174521668424,0.315,0,1,1,64,5,regime_risk_heterogeneous_policy_seed_64_base_2,C_out_of_distribution,ood_test,0.3624666824497315,0.3333333333333333,villager
1,0,2,0.3,0,0,0,0,werewolf,0.0,wolf,0,1,,3,10,regime_risk_heterogeneous_policy_seed_64_base_2,2,risk_heterogeneous_policy,1,0,0,0,0,5,0,0,0,0,0,0.3,8,0.0,0,0.03781924760633504,0,0,0.0,0,0,0,0,0,1.425,0.0,0.5,8,0.3,0,0,0,0,0,0,0,ba625431734daceb557aa0df807e706e06262f062e0ae5bdffc51c6fe0e35329,wolf_kill,0,0,1,in_distribution,,low_suspicion,1.28768869474605,0.0,5,7,0.0,0.5714285714285714,"{'baseline_rule_policy': 1.0, 'randomized_legal_policy': 1.0, 'mixed_rule_policy': 1.0, 'seat_order_neutral_policy': 0.0, 'speech_and_herding_policy': 0.0, 'deception_enabled_policy': 0.0, 'risk_heterogeneous_policy': 1.0}","{""baseline_rule_policy"": 1.0, ""deception_enabled_policy"": 0.0, ""mixed_rule_policy"": 1.0, ""randomized_legal_policy"": 1.0, ""risk_heterogeneous_policy"": 1.0, ""seat_order_neutral_policy"": 0.0, ""speech_and_herding_policy"": 0.0}",0.20203050891044216,1,0.28571428571428575,0.0,regime_risk_heterogeneous_policy_seed_64_base_2,risk_heterogeneous_policy_seed_64_game_2_wolf_kill,0.75,1.7451661817256576,0,0.6712291376318313,0.5,1.0,0,0,e6486ac34a9d3e2fb4bf8cda73becd3bc1cd963e5b9f5b2bfdac626c2eefc027,0.628,night,0,1,0.17122913763183134,0.315,0,1,1,64,5,regime_risk_heterogeneous_policy_seed_64_base_2,C_out_of_distribution,ood_test,0.4151056038832212,1.0,villager
1,0,2,0.3,0,0,0,0,werewolf,0.0,wolf,0,1,,3,10,regime_risk_heterogeneous_policy_seed_64_base_2,2,risk_heterogeneous_policy,1,0,0,0,0,3,1,0,0,0,0,0.3,6,0.0,0,0.03781924760633504,0,0,0.0,1,0,0,0,0,1.425,0.0,0.5,6,0.3,0,0,0,0,0,0,0,ba625431734daceb557aa0df807e706e06262f062e0ae5bdffc51c6fe0e35329,wolf_kill,0,0,1,in_distribution,,low_suspicion,1.0885347666711436,0.0,5,7,0.0,0.2857142857142857,"{'baseline_rule_policy': 0.0, 'randomized_legal_policy': 1.0, 'mixed_rule_policy': 0.0, 'seat_order_neutral_policy': 0.0, 'speech_and_herding_policy': 0.0, 'deception_enabled_policy': 1.0, 'risk_heterogeneous_policy': 0.0}","{""baseline_rule_policy"": 0.0, ""deception_enabled_policy"": 1.0, ""mixed_rule_policy"": 0.0, ""randomized_legal_policy"": 1.0, ""risk_heterogeneous_policy"": 0.0, ""seat_order_neutral_policy"": 0.0, ""speech_and_herding_policy"": 0.0}",0.18442777839082938,4,0.2380952380952381,0.0,regime_risk_heterogeneous_policy_seed_64_base_2,risk_heterogeneous_policy_seed_64_game_2_wolf_kill,0.3644699269239267,1.5275252316519494,0,0.6334098900254963,0.5,0.2289398538478534,0,0,e6486ac34a9d3e2fb4bf8cda73becd3bc1cd963e5b9f5b2bfdac626c2eefc027,0.628,night,0,1,0.1334098900254963,0.315,0,1,1,64,5,regime_risk_heterogeneous_policy_seed_64_base_2,C_out_of_distribution,ood_test,0.3247721508451689,0.6666666666666666,witch
1,1,2,0.3,0,0,1,0,werewolf,0.0,wolf,0,1,,3,10,regime_risk_heterogeneous_policy_seed_64_base_3,3,risk_heterogeneous_policy,1,0,0,0,0,2,1,0,0,0,0,0.15,5,0.0,0,0.04048112586552621,0,0,0.0,1,1,0,0,0,1.4625,0.0,0.5,5,0.15,0,0,0,0,0,0,0,2b654a0cef63a6fb52d5ac9331f7c9245a7ba823332cbf423a39667b17976933,wolf_kill,0,0,1,mild_shift,,low_suspicion,2.416643509589557,0.019230769230769232,2,7,0.1428571428571428,0.7142857142857143,"{'baseline_rule_policy': 1.0, 'randomized_legal_policy': 1.0, 'mixed_rule_policy': 1.0, 'seat_order_neutral_policy': 1.0, 'speech_and_herding_policy': 0.0, 'deception_enabled_policy': 0.0, 'risk_heterogeneous_policy': 1.0}","{""baseline_rule_policy"": 1.0, ""deception_enabled_policy"": 0.0, ""mixed_rule_policy"": 1.0, ""randomized_legal_policy"": 1.0, ""risk_heterogeneous_policy"": 1.0, ""seat_order_neutral_policy"": 1.0, ""speech_and_herding_policy"": 0.0}",0.18442777839082938,3,0.2380952380952381,0.0,regime_risk_heterogeneous_policy_seed_64_base_3,risk_heterogeneous_policy_seed_64_game_3_wolf_kill,0.5844457703617765,3.147870853305598,0,0.7224139351059211,1.0,0.16889154072355286,0,0,e9a92150828914f9de0855852d935d97d00433831a0e85f994ef277b67bc8dfd,0.664,night,0,1,0.2224139351059211,0.28500000000000003,0,1,1,64,5,regime_risk_heterogeneous_policy_seed_64_base_3,C_out_of_distribution,ood_test,0.8042465444752198,0.6666666666666666,hunter
1,0,2,0.3,0,0,1,0,werewolf,0.0,wolf,0,1,,3,10,regime_risk_heterogeneous_policy_seed_64_base_3,3,risk_heterogeneous_policy,1,0,0,0,0,2,0,0,0,0,0,0.3,1,0.0,0,0.04048112586552621,0,0,0.0,1,1,0,0,0,1.425,0.0,0.5,1,0.3,0,0,0,0,0,0,0,2b654a0cef63a6fb52d5ac9331f7c9245a7ba823332cbf423a39667b17976933,wolf_kill,0,0,1,in_distribution,,low_suspicion,1.0313863799571525,0.019230769230769232,2,7,0.1428571428571428,0.7142857142857143,"{'baseline_rule_policy': 1.0, 'randomized_legal_policy': 1.0, 'mixed_rule_policy': 1.0, 'seat_order_neutral_policy': 1.0, 'speech_and_herding_policy': 1.0, 'deception_enabled_policy': 0.0, 'risk_heterogeneous_policy': 0.0}","{""baseline_rule_policy"": 1.0, ""deception_enabled_policy"": 0.0, ""mixed_rule_policy"": 1.0, ""randomized_legal_policy"": 1.0, ""risk_heterogeneous_policy"": 0.0, ""seat_order_neutral_policy"": 1.0, ""speech_and_herding_policy"": 1.0}",0.18442777839082938,3,0.2380952380952381,0.0,regime_risk_heterogeneous_policy_seed_64_base_3,risk_heterogeneous_policy_seed_64_game_3_wolf_kill,0.0,1.3106228218938725,0,0.7141876685563002,0.0,0.0,0,0,e9a92150828914f9de0855852d935d97d00433831a0e85f994ef277b67bc8dfd,0.628,night,0,1,0.21418766855630023,0.28500000000000003,0,1,1,64,5,regime_risk_heterogeneous_policy_seed_64_base_3,C_out_of_distribution,ood_test,0.3376134305486778,1.0,villager
1,0,2,0.3,0,0,1,0,werewolf,0.0,wolf,0,1,,3,10,regime_risk_heterogeneous_policy_seed_64_base_3,3,risk_heterogeneous_policy,1,0,0,0,0,1,0,0,0,0,0,0.3,2,0.0,0,0.04048112586552621,0,0,0.0,0,1,0,0,0,1.425,0.0,0.5,2,0.3,0,0,0,0,0,0,0,2b654a0cef63a6fb52d5ac9331f7c9245a7ba823332cbf423a39667b17976933,wolf_kill,0,0,1,in_distribution,,low_suspicion,1.0479112303349443,0.019230769230769232,2,7,0.1428571428571428,0.8571428571428571,"{'baseline_rule_policy': 1.0, 'randomized_legal_policy': 1.0, 'mixed_rule_policy': 1.0, 'seat_order_neutral_policy': 1.0, 'speech_and_herding_policy': 0.0, 'deception_enabled_policy': 1.0, 'risk_heterogeneous_policy': 1.0}","{""baseline_rule_policy"": 1.0, ""deception_enabled_policy"": 1.0, ""mixed_rule_policy"": 1.0, ""randomized_legal_policy"": 1.0, ""risk_heterogeneous_policy"": 1.0, ""seat_order_neutral_policy"": 1.0, ""speech_and_herding_policy"": 0.0}",0.14285714285714285,1,0.14285714285714285,0.0,regime_risk_heterogeneous_policy_seed_64_base_3,risk_heterogeneous_policy_seed_64_game_3_wolf_kill,0.06153235566180061,1.3232578740557186,0,0.7201818297431957,0.0,0.12306471132360122,0,0,e9a92150828914f9de0855852d935d97d00433831a0e85f994ef277b67bc8dfd,0.628,night,0,1,0.22018182974319567,0.28500000000000003,0,1,1,64,5,regime_risk_heterogeneous_policy_seed_64_base_3,C_out_of_distribution,ood_test,0.34782075484554636,0.0,villager
1,0,2,0.3,0,0,1,0,werewolf,0.0,wolf,0,1,,3,10,regime_risk_heterogeneous_policy_seed_64_base_3,3,risk_heterogeneous_policy,1,0,0,0,0,5,0,0,0,0,0,0.3,8,0.0,0,0.04048112586552621,0,0,0.0,0,0,0,0,0,1.425,0.0,0.5,8,0.3,0,0,0,0,0,0,0,2b654a0cef63a6fb52d5ac9331f7c9245a7ba823332cbf423a39667b17976933,wolf_kill,0,0,1,in_distribution,,low_suspicion,1.3046350191663783,0.019230769230769232,2,7,0.1428571428571428,0.8571428571428571,"{'baseline_rule_policy': 1.0, 'randomized_legal_policy': 1.0, 'mixed_rule_policy': 1.0, 'seat_order_neutral_policy': 1.0, 'speech_and_herding_policy': 1.0, 'deception_enabled_policy': 1.0, 'risk_heterogeneous_policy': 0.0}","{""baseline_rule_policy"": 1.0, ""deception_enabled_policy"": 1.0, ""mixed_rule_policy"": 1.0, ""randomized_legal_policy"": 1.0, ""risk_heterogeneous_policy"": 0.0, ""seat_order_neutral_policy"": 1.0, ""speech_and_herding_policy"": 1.0}",0.14285714285714285,1,0.14285714285714285,0.0,regime_risk_heterogeneous_policy_seed_64_base_3,risk_heterogeneous_policy_seed_64_game_3_wolf_kill,0.5,1.7451661817256576,0,0.7628950609714473,0.0,1.0,0,0,e9a92150828914f9de0855852d935d97d00433831a0e85f994ef277b67bc8dfd,0.628,night,0,1,0.2628950609714473,0.28500000000000003,0,1,1,64,5,regime_risk_heterogeneous_policy_seed_64_base_3,C_out_of_distribution,ood_test,0.39359038984201083,0.3333333333333333,villager
