agrees_with_existing,agrees_with_full_best,base_game_index,behavioral_regime_id,best_full_rollout_value,decision_id,distribution_shift_category,existing_rule_candidate_uid,existing_rule_full_rollout_value,full_rollout_best_candidate_uid,game_id,improvement_over_existing,ml_prediction_margin,policy_name,regret_to_best,seed,selected_candidate_uid,selected_full_rollout_value
1,0,1,baseline_rule_policy,0.8571428571428571,8c92dc1ca5b8d7fbd48d3d97b39480b0af13286fe62f8a0dd2a19c55a0ad81a5,mild_shift,3,0.5714285714285714,1,baseline_rule_policy_seed_60_game_1_wolf_kill,0.0,0.021610167987621942,existing_rule,0.2857142857142857,60,3,0.5714285714285714
0,0,1,baseline_rule_policy,0.8571428571428571,8c92dc1ca5b8d7fbd48d3d97b39480b0af13286fe62f8a0dd2a19c55a0ad81a5,in_distribution,3,0.5714285714285714,1,baseline_rule_policy_seed_60_game_1_wolf_kill,0.1428571428571429,0.021610167987621942,frozen_ml,0.1428571428571428,60,8,0.7142857142857143
1,0,1,baseline_rule_policy,0.8571428571428571,8c92dc1ca5b8d7fbd48d3d97b39480b0af13286fe62f8a0dd2a19c55a0ad81a5,mild_shift,3,0.5714285714285714,1,baseline_rule_policy_seed_60_game_1_wolf_kill,0.0,0.021610167987621942,frozen_hybrid_50_50,0.2857142857142857,60,3,0.5714285714285714
0,0,1,baseline_rule_policy,0.8571428571428571,8c92dc1ca5b8d7fbd48d3d97b39480b0af13286fe62f8a0dd2a19c55a0ad81a5,in_distribution,3,0.5714285714285714,1,baseline_rule_policy_seed_60_game_1_wolf_kill,0.1428571428571429,0.021610167987621942,frozen_ml_epsilon_010,0.1428571428571428,60,8,0.7142857142857143
1,0,2,baseline_rule_policy,0.7142857142857143,de22ec6de9207b340b0b136603ed0efe35c771135e8c3a457e4a0d5b6ebaee46,in_distribution,2,0.5714285714285714,1,baseline_rule_policy_seed_60_game_2_wolf_kill,0.0,0.004553000504926574,existing_rule,0.1428571428571429,60,2,0.5714285714285714
0,0,2,baseline_rule_policy,0.7142857142857143,de22ec6de9207b340b0b136603ed0efe35c771135e8c3a457e4a0d5b6ebaee46,in_distribution,2,0.5714285714285714,1,baseline_rule_policy_seed_60_game_2_wolf_kill,0.0,0.004553000504926574,frozen_ml,0.1428571428571429,60,10,0.5714285714285714
0,0,2,baseline_rule_policy,0.7142857142857143,de22ec6de9207b340b0b136603ed0efe35c771135e8c3a457e4a0d5b6ebaee46,in_distribution,2,0.5714285714285714,1,baseline_rule_policy_seed_60_game_2_wolf_kill,0.0,0.004553000504926574,frozen_hybrid_50_50,0.1428571428571429,60,10,0.5714285714285714
0,0,2,baseline_rule_policy,0.7142857142857143,de22ec6de9207b340b0b136603ed0efe35c771135e8c3a457e4a0d5b6ebaee46,in_distribution,2,0.5714285714285714,1,baseline_rule_policy_seed_60_game_2_wolf_kill,0.0,0.004553000504926574,frozen_ml_epsilon_010,0.1428571428571429,60,10,0.5714285714285714
1,0,3,baseline_rule_policy,0.8571428571428571,2a9d3e4c993d0804eeb68acce125ec77eaebaffc50b4f2a31e360626c56f81af,in_distribution,7,0.7142857142857143,1,baseline_rule_policy_seed_60_game_3_wolf_kill,0.0,0.018700466319409248,existing_rule,0.1428571428571428,60,7,0.7142857142857143
1,0,3,baseline_rule_policy,0.8571428571428571,2a9d3e4c993d0804eeb68acce125ec77eaebaffc50b4f2a31e360626c56f81af,in_distribution,7,0.7142857142857143,1,baseline_rule_policy_seed_60_game_3_wolf_kill,0.0,0.018700466319409248,frozen_ml,0.1428571428571428,60,7,0.7142857142857143
0,0,3,baseline_rule_policy,0.8571428571428571,2a9d3e4c993d0804eeb68acce125ec77eaebaffc50b4f2a31e360626c56f81af,mild_shift,7,0.7142857142857143,1,baseline_rule_policy_seed_60_game_3_wolf_kill,0.1428571428571428,0.018700466319409248,frozen_hybrid_50_50,0.0,60,6,0.8571428571428571
1,0,3,baseline_rule_policy,0.8571428571428571,2a9d3e4c993d0804eeb68acce125ec77eaebaffc50b4f2a31e360626c56f81af,in_distribution,7,0.7142857142857143,1,baseline_rule_policy_seed_60_game_3_wolf_kill,0.0,0.018700466319409248,frozen_ml_epsilon_010,0.1428571428571428,60,7,0.7142857142857143
1,1,1,baseline_rule_policy,0.8571428571428571,f07b219ae2acee53467b107bf1ade0f86d5dbc8d4579688e31107acba38e4f6b,in_distribution,1,0.8571428571428571,1,baseline_rule_policy_seed_61_game_1_wolf_kill,0.0,0.03849684391182229,existing_rule,0.0,61,1,0.8571428571428571
0,0,1,baseline_rule_policy,0.8571428571428571,f07b219ae2acee53467b107bf1ade0f86d5dbc8d4579688e31107acba38e4f6b,in_distribution,1,0.8571428571428571,1,baseline_rule_policy_seed_61_game_1_wolf_kill,-0.1428571428571428,0.03849684391182229,frozen_ml,0.1428571428571428,61,7,0.7142857142857143
0,0,1,baseline_rule_policy,0.8571428571428571,f07b219ae2acee53467b107bf1ade0f86d5dbc8d4579688e31107acba38e4f6b,in_distribution,1,0.8571428571428571,1,baseline_rule_policy_seed_61_game_1_wolf_kill,-0.1428571428571428,0.03849684391182229,frozen_hybrid_50_50,0.1428571428571428,61,7,0.7142857142857143
0,0,1,baseline_rule_policy,0.8571428571428571,f07b219ae2acee53467b107bf1ade0f86d5dbc8d4579688e31107acba38e4f6b,in_distribution,1,0.8571428571428571,1,baseline_rule_policy_seed_61_game_1_wolf_kill,-0.1428571428571428,0.03849684391182229,frozen_ml_epsilon_010,0.1428571428571428,61,7,0.7142857142857143
1,1,2,baseline_rule_policy,1.0,9b3188470699439c7d9f6c4594b1f7b33249ccf349071e9353282d5c5b62b621,mild_shift,10,1.0,10,baseline_rule_policy_seed_61_game_2_wolf_kill,0.0,0.0165456928072103,existing_rule,0.0,61,10,1.0
0,0,2,baseline_rule_policy,1.0,9b3188470699439c7d9f6c4594b1f7b33249ccf349071e9353282d5c5b62b621,mild_shift,10,1.0,10,baseline_rule_policy_seed_61_game_2_wolf_kill,-0.5714285714285714,0.0165456928072103,frozen_ml,0.5714285714285714,61,8,0.42857142857142855
0,0,2,baseline_rule_policy,1.0,9b3188470699439c7d9f6c4594b1f7b33249ccf349071e9353282d5c5b62b621,mild_shift,10,1.0,10,baseline_rule_policy_seed_61_game_2_wolf_kill,-0.5714285714285714,0.0165456928072103,frozen_hybrid_50_50,0.5714285714285714,61,8,0.42857142857142855
0,0,2,baseline_rule_policy,1.0,9b3188470699439c7d9f6c4594b1f7b33249ccf349071e9353282d5c5b62b621,mild_shift,10,1.0,10,baseline_rule_policy_seed_61_game_2_wolf_kill,-0.5714285714285714,0.0165456928072103,frozen_ml_epsilon_010,0.5714285714285714,61,8,0.42857142857142855
1,1,3,baseline_rule_policy,1.0,b6ace2ef0da5f2f23c3576a7253dbf821f23a01e6c0c20698659a3c33b1bd14d,mild_shift,5,1.0,5,baseline_rule_policy_seed_61_game_3_wolf_kill,0.0,0.004561740361912148,existing_rule,0.0,61,5,1.0
0,0,3,baseline_rule_policy,1.0,b6ace2ef0da5f2f23c3576a7253dbf821f23a01e6c0c20698659a3c33b1bd14d,mild_shift,5,1.0,5,baseline_rule_policy_seed_61_game_3_wolf_kill,-0.4285714285714286,0.004561740361912148,frozen_ml,0.4285714285714286,61,1,0.5714285714285714
0,0,3,baseline_rule_policy,1.0,b6ace2ef0da5f2f23c3576a7253dbf821f23a01e6c0c20698659a3c33b1bd14d,mild_shift,5,1.0,5,baseline_rule_policy_seed_61_game_3_wolf_kill,-0.4285714285714286,0.004561740361912148,frozen_hybrid_50_50,0.4285714285714286,61,1,0.5714285714285714
1,1,3,baseline_rule_policy,1.0,b6ace2ef0da5f2f23c3576a7253dbf821f23a01e6c0c20698659a3c33b1bd14d,mild_shift,5,1.0,5,baseline_rule_policy_seed_61_game_3_wolf_kill,0.0,0.004561740361912148,frozen_ml_epsilon_010,0.0,61,5,1.0
1,0,1,baseline_rule_policy,1.0,7b953c20c289263be6dc2b5fa40ebe853dd0e694b19c92f187b41d9aa2c919aa,in_distribution,8,0.8571428571428571,3,baseline_rule_policy_seed_62_game_1_wolf_kill,0.0,0.01072202317880988,existing_rule,0.1428571428571429,62,8,0.8571428571428571
0,0,1,baseline_rule_policy,1.0,7b953c20c289263be6dc2b5fa40ebe853dd0e694b19c92f187b41d9aa2c919aa,in_distribution,8,0.8571428571428571,3,baseline_rule_policy_seed_62_game_1_wolf_kill,0.1428571428571429,0.01072202317880988,frozen_ml,0.0,62,7,1.0
0,1,1,baseline_rule_policy,1.0,7b953c20c289263be6dc2b5fa40ebe853dd0e694b19c92f187b41d9aa2c919aa,mild_shift,8,0.8571428571428571,3,baseline_rule_policy_seed_62_game_1_wolf_kill,0.1428571428571429,0.01072202317880988,frozen_hybrid_50_50,0.0,62,3,1.0
0,0,1,baseline_rule_policy,1.0,7b953c20c289263be6dc2b5fa40ebe853dd0e694b19c92f187b41d9aa2c919aa,in_distribution,8,0.8571428571428571,3,baseline_rule_policy_seed_62_game_1_wolf_kill,0.1428571428571429,0.01072202317880988,frozen_ml_epsilon_010,0.0,62,7,1.0
1,0,2,baseline_rule_policy,0.8571428571428571,4dff1e1f3e6724a2452ba16152d874c2509d83e42145b1107eb9b5d59fefceef,in_distribution,9,0.7142857142857143,1,baseline_rule_policy_seed_62_game_2_wolf_kill,0.0,0.00017049155849502284,existing_rule,0.1428571428571428,62,9,0.7142857142857143
0,0,2,baseline_rule_policy,0.8571428571428571,4dff1e1f3e6724a2452ba16152d874c2509d83e42145b1107eb9b5d59fefceef,in_distribution,9,0.7142857142857143,1,baseline_rule_policy_seed_62_game_2_wolf_kill,-0.1428571428571429,0.00017049155849502284,frozen_ml,0.2857142857142857,62,7,0.5714285714285714
0,0,2,baseline_rule_policy,0.8571428571428571,4dff1e1f3e6724a2452ba16152d874c2509d83e42145b1107eb9b5d59fefceef,in_distribution,9,0.7142857142857143,1,baseline_rule_policy_seed_62_game_2_wolf_kill,-0.1428571428571429,0.00017049155849502284,frozen_hybrid_50_50,0.2857142857142857,62,7,0.5714285714285714
0,0,2,baseline_rule_policy,0.8571428571428571,4dff1e1f3e6724a2452ba16152d874c2509d83e42145b1107eb9b5d59fefceef,in_distribution,9,0.7142857142857143,1,baseline_rule_policy_seed_62_game_2_wolf_kill,-0.1428571428571429,0.00017049155849502284,frozen_ml_epsilon_010,0.2857142857142857,62,7,0.5714285714285714
1,0,3,baseline_rule_policy,0.7142857142857143,66f9b279e60b9d2c484d30a711e7b5f9d33ede77cba36030d707adaeb1a122e6,in_distribution,9,0.5714285714285714,8,baseline_rule_policy_seed_62_game_3_wolf_kill,0.0,0.01072202317880977,existing_rule,0.1428571428571429,62,9,0.5714285714285714
0,1,3,baseline_rule_policy,0.7142857142857143,66f9b279e60b9d2c484d30a711e7b5f9d33ede77cba36030d707adaeb1a122e6,in_distribution,9,0.5714285714285714,8,baseline_rule_policy_seed_62_game_3_wolf_kill,0.1428571428571429,0.01072202317880977,frozen_ml,0.0,62,8,0.7142857142857143
0,0,3,baseline_rule_policy,0.7142857142857143,66f9b279e60b9d2c484d30a711e7b5f9d33ede77cba36030d707adaeb1a122e6,mild_shift,9,0.5714285714285714,8,baseline_rule_policy_seed_62_game_3_wolf_kill,0.0,0.01072202317880977,frozen_hybrid_50_50,0.1428571428571429,62,5,0.5714285714285714
0,1,3,baseline_rule_policy,0.7142857142857143,66f9b279e60b9d2c484d30a711e7b5f9d33ede77cba36030d707adaeb1a122e6,in_distribution,9,0.5714285714285714,8,baseline_rule_policy_seed_62_game_3_wolf_kill,0.1428571428571429,0.01072202317880977,frozen_ml_epsilon_010,0.0,62,8,0.7142857142857143
1,0,1,baseline_rule_policy,0.7142857142857143,1966d54e119785aa2eb256cd730e48b6690bbc5874ae61199e427e6ed27c56dc,mild_shift,5,0.5714285714285714,3,baseline_rule_policy_seed_63_game_1_wolf_kill,0.0,0.010547161691822016,existing_rule,0.1428571428571429,63,5,0.5714285714285714
0,0,1,baseline_rule_policy,0.7142857142857143,1966d54e119785aa2eb256cd730e48b6690bbc5874ae61199e427e6ed27c56dc,mild_shift,5,0.5714285714285714,3,baseline_rule_policy_seed_63_game_1_wolf_kill,-0.2857142857142857,0.010547161691822016,frozen_ml,0.4285714285714286,63,10,0.2857142857142857
0,0,1,baseline_rule_policy,0.7142857142857143,1966d54e119785aa2eb256cd730e48b6690bbc5874ae61199e427e6ed27c56dc,mild_shift,5,0.5714285714285714,3,baseline_rule_policy_seed_63_game_1_wolf_kill,-0.2857142857142857,0.010547161691822016,frozen_hybrid_50_50,0.4285714285714286,63,10,0.2857142857142857
0,0,1,baseline_rule_policy,0.7142857142857143,1966d54e119785aa2eb256cd730e48b6690bbc5874ae61199e427e6ed27c56dc,mild_shift,5,0.5714285714285714,3,baseline_rule_policy_seed_63_game_1_wolf_kill,-0.2857142857142857,0.010547161691822016,frozen_ml_epsilon_010,0.4285714285714286,63,10,0.2857142857142857
1,0,2,baseline_rule_policy,0.7142857142857143,faf38a46353037caa4c319b4a39d722a8ffd87e59102121ab4a216fb4d7ea9d1,in_distribution,2,0.5714285714285714,4,baseline_rule_policy_seed_63_game_2_wolf_kill,0.0,0.010717653250317039,existing_rule,0.1428571428571429,63,2,0.5714285714285714
0,0,2,baseline_rule_policy,0.7142857142857143,faf38a46353037caa4c319b4a39d722a8ffd87e59102121ab4a216fb4d7ea9d1,in_distribution,2,0.5714285714285714,4,baseline_rule_policy_seed_63_game_2_wolf_kill,0.0,0.010717653250317039,frozen_ml,0.1428571428571429,63,9,0.5714285714285714
0,0,2,baseline_rule_policy,0.7142857142857143,faf38a46353037caa4c319b4a39d722a8ffd87e59102121ab4a216fb4d7ea9d1,in_distribution,2,0.5714285714285714,4,baseline_rule_policy_seed_63_game_2_wolf_kill,0.0,0.010717653250317039,frozen_hybrid_50_50,0.1428571428571429,63,9,0.5714285714285714
0,0,2,baseline_rule_policy,0.7142857142857143,faf38a46353037caa4c319b4a39d722a8ffd87e59102121ab4a216fb4d7ea9d1,in_distribution,2,0.5714285714285714,4,baseline_rule_policy_seed_63_game_2_wolf_kill,0.0,0.010717653250317039,frozen_ml_epsilon_010,0.1428571428571429,63,9,0.5714285714285714
1,0,3,baseline_rule_policy,0.8571428571428571,530d741327a63547b111d27fd22a6864bc5dd3e37af04f08c7e2eb1df0fcc172,in_distribution,5,0.5714285714285714,1,baseline_rule_policy_seed_63_game_3_wolf_kill,0.0,0.0165456928072103,existing_rule,0.2857142857142857,63,5,0.5714285714285714
0,0,3,baseline_rule_policy,0.8571428571428571,530d741327a63547b111d27fd22a6864bc5dd3e37af04f08c7e2eb1df0fcc172,in_distribution,5,0.5714285714285714,1,baseline_rule_policy_seed_63_game_3_wolf_kill,0.1428571428571429,0.0165456928072103,frozen_ml,0.1428571428571428,63,8,0.7142857142857143
0,0,3,baseline_rule_policy,0.8571428571428571,530d741327a63547b111d27fd22a6864bc5dd3e37af04f08c7e2eb1df0fcc172,in_distribution,5,0.5714285714285714,1,baseline_rule_policy_seed_63_game_3_wolf_kill,0.1428571428571429,0.0165456928072103,frozen_hybrid_50_50,0.1428571428571428,63,8,0.7142857142857143
0,0,3,baseline_rule_policy,0.8571428571428571,530d741327a63547b111d27fd22a6864bc5dd3e37af04f08c7e2eb1df0fcc172,in_distribution,5,0.5714285714285714,1,baseline_rule_policy_seed_63_game_3_wolf_kill,0.1428571428571429,0.0165456928072103,frozen_ml_epsilon_010,0.1428571428571428,63,8,0.7142857142857143
1,1,1,baseline_rule_policy,0.8571428571428571,9f76a33e48e6e024cc98e362189d75d4dcf1d8b04a293b369476b8068aa5724e,in_distribution,8,0.8571428571428571,8,baseline_rule_policy_seed_64_game_1_wolf_kill,0.0,0.04271323122825166,existing_rule,0.0,64,8,0.8571428571428571
1,1,1,baseline_rule_policy,0.8571428571428571,9f76a33e48e6e024cc98e362189d75d4dcf1d8b04a293b369476b8068aa5724e,in_distribution,8,0.8571428571428571,8,baseline_rule_policy_seed_64_game_1_wolf_kill,0.0,0.04271323122825166,frozen_ml,0.0,64,8,0.8571428571428571
1,1,1,baseline_rule_policy,0.8571428571428571,9f76a33e48e6e024cc98e362189d75d4dcf1d8b04a293b369476b8068aa5724e,in_distribution,8,0.8571428571428571,8,baseline_rule_policy_seed_64_game_1_wolf_kill,0.0,0.04271323122825166,frozen_hybrid_50_50,0.0,64,8,0.8571428571428571
1,1,1,baseline_rule_policy,0.8571428571428571,9f76a33e48e6e024cc98e362189d75d4dcf1d8b04a293b369476b8068aa5724e,in_distribution,8,0.8571428571428571,8,baseline_rule_policy_seed_64_game_1_wolf_kill,0.0,0.04271323122825166,frozen_ml_epsilon_010,0.0,64,8,0.8571428571428571
1,0,2,baseline_rule_policy,0.7142857142857143,25add8f6ee27c5e9ac67fa4de8c40443bdc496b7f19628e87fb1b2a29223d72b,in_distribution,7,0.42857142857142855,10,baseline_rule_policy_seed_64_game_2_wolf_kill,0.0,0.01072202317880988,existing_rule,0.28571428571428575,64,7,0.42857142857142855
1,0,2,baseline_rule_policy,0.7142857142857143,25add8f6ee27c5e9ac67fa4de8c40443bdc496b7f19628e87fb1b2a29223d72b,in_distribution,7,0.42857142857142855,10,baseline_rule_policy_seed_64_game_2_wolf_kill,0.0,0.01072202317880988,frozen_ml,0.28571428571428575,64,7,0.42857142857142855
1,0,2,baseline_rule_policy,0.7142857142857143,25add8f6ee27c5e9ac67fa4de8c40443bdc496b7f19628e87fb1b2a29223d72b,in_distribution,7,0.42857142857142855,10,baseline_rule_policy_seed_64_game_2_wolf_kill,0.0,0.01072202317880988,frozen_hybrid_50_50,0.28571428571428575,64,7,0.42857142857142855
1,0,2,baseline_rule_policy,0.7142857142857143,25add8f6ee27c5e9ac67fa4de8c40443bdc496b7f19628e87fb1b2a29223d72b,in_distribution,7,0.42857142857142855,10,baseline_rule_policy_seed_64_game_2_wolf_kill,0.0,0.01072202317880988,frozen_ml_epsilon_010,0.28571428571428575,64,7,0.42857142857142855
1,0,3,baseline_rule_policy,0.8571428571428571,0b08e5dfb739aa48f472d89cd7ad98cb0777a9a0515f7a919e530a8c9880a823,in_distribution,3,0.42857142857142855,6,baseline_rule_policy_seed_64_game_3_wolf_kill,0.0,0.005994161186895441,existing_rule,0.42857142857142855,64,3,0.42857142857142855
0,0,3,baseline_rule_policy,0.8571428571428571,0b08e5dfb739aa48f472d89cd7ad98cb0777a9a0515f7a919e530a8c9880a823,in_distribution,3,0.42857142857142855,6,baseline_rule_policy_seed_64_game_3_wolf_kill,0.0,0.005994161186895441,frozen_ml,0.42857142857142855,64,7,0.42857142857142855
0,0,3,baseline_rule_policy,0.8571428571428571,0b08e5dfb739aa48f472d89cd7ad98cb0777a9a0515f7a919e530a8c9880a823,in_distribution,3,0.42857142857142855,6,baseline_rule_policy_seed_64_game_3_wolf_kill,0.0,0.005994161186895441,frozen_hybrid_50_50,0.42857142857142855,64,7,0.42857142857142855
0,0,3,baseline_rule_policy,0.8571428571428571,0b08e5dfb739aa48f472d89cd7ad98cb0777a9a0515f7a919e530a8c9880a823,in_distribution,3,0.42857142857142855,6,baseline_rule_policy_seed_64_game_3_wolf_kill,0.0,0.005994161186895441,frozen_ml_epsilon_010,0.42857142857142855,64,7,0.42857142857142855
1,1,1,randomized_legal_policy,1.0,05d447473d8a45825e882cf87b583a744f4c65233d04261dc553837895ae86c8,in_distribution,1,1.0,1,randomized_legal_policy_seed_60_game_1_wolf_kill,0.0,0.02726771598602018,existing_rule,0.0,60,1,1.0
0,0,1,randomized_legal_policy,1.0,05d447473d8a45825e882cf87b583a744f4c65233d04261dc553837895ae86c8,in_distribution,1,1.0,1,randomized_legal_policy_seed_60_game_1_wolf_kill,-0.1428571428571429,0.02726771598602018,frozen_ml,0.1428571428571429,60,2,0.8571428571428571
0,0,1,randomized_legal_policy,1.0,05d447473d8a45825e882cf87b583a744f4c65233d04261dc553837895ae86c8,in_distribution,1,1.0,1,randomized_legal_policy_seed_60_game_1_wolf_kill,-0.1428571428571429,0.02726771598602018,frozen_hybrid_50_50,0.1428571428571429,60,2,0.8571428571428571
0,0,1,randomized_legal_policy,1.0,05d447473d8a45825e882cf87b583a744f4c65233d04261dc553837895ae86c8,in_distribution,1,1.0,1,randomized_legal_policy_seed_60_game_1_wolf_kill,-0.1428571428571429,0.02726771598602018,frozen_ml_epsilon_010,0.1428571428571429,60,2,0.8571428571428571
1,0,2,randomized_legal_policy,0.7142857142857143,2be1691202b33746748eb7d413b4e93cd2587e85544ec3f50ecdf91668ac2e58,in_distribution,2,0.5714285714285714,3,randomized_legal_policy_seed_60_game_2_wolf_kill,0.0,0.008656039446086727,existing_rule,0.1428571428571429,60,2,0.5714285714285714
0,0,2,randomized_legal_policy,0.7142857142857143,2be1691202b33746748eb7d413b4e93cd2587e85544ec3f50ecdf91668ac2e58,in_distribution,2,0.5714285714285714,3,randomized_legal_policy_seed_60_game_2_wolf_kill,0.1428571428571429,0.008656039446086727,frozen_ml,0.0,60,7,0.7142857142857143
0,0,2,randomized_legal_policy,0.7142857142857143,2be1691202b33746748eb7d413b4e93cd2587e85544ec3f50ecdf91668ac2e58,mild_shift,2,0.5714285714285714,3,randomized_legal_policy_seed_60_game_2_wolf_kill,0.1428571428571429,0.008656039446086727,frozen_hybrid_50_50,0.0,60,5,0.7142857142857143
0,0,2,randomized_legal_policy,0.7142857142857143,2be1691202b33746748eb7d413b4e93cd2587e85544ec3f50ecdf91668ac2e58,in_distribution,2,0.5714285714285714,3,randomized_legal_policy_seed_60_game_2_wolf_kill,0.1428571428571429,0.008656039446086727,frozen_ml_epsilon_010,0.0,60,7,0.7142857142857143
1,0,3,randomized_legal_policy,0.8571428571428571,80b85d78f66efedb41e8269efbf3ad226376be34d5c2a29451ec1ddc52c6369d,in_distribution,2,0.2857142857142857,1,randomized_legal_policy_seed_60_game_3_wolf_kill,0.0,0.0059941611868955524,existing_rule,0.5714285714285714,60,2,0.2857142857142857
1,0,3,randomized_legal_policy,0.8571428571428571,80b85d78f66efedb41e8269efbf3ad226376be34d5c2a29451ec1ddc52c6369d,in_distribution,2,0.2857142857142857,1,randomized_legal_policy_seed_60_game_3_wolf_kill,0.0,0.0059941611868955524,frozen_ml,0.5714285714285714,60,2,0.2857142857142857
1,0,3,randomized_legal_policy,0.8571428571428571,80b85d78f66efedb41e8269efbf3ad226376be34d5c2a29451ec1ddc52c6369d,in_distribution,2,0.2857142857142857,1,randomized_legal_policy_seed_60_game_3_wolf_kill,0.0,0.0059941611868955524,frozen_hybrid_50_50,0.5714285714285714,60,2,0.2857142857142857
0,1,3,randomized_legal_policy,0.8571428571428571,80b85d78f66efedb41e8269efbf3ad226376be34d5c2a29451ec1ddc52c6369d,in_distribution,2,0.2857142857142857,1,randomized_legal_policy_seed_60_game_3_wolf_kill,0.5714285714285714,0.0059941611868955524,frozen_ml_epsilon_010,0.0,60,1,0.8571428571428571
1,0,1,randomized_legal_policy,0.7142857142857143,a413772f327dda97d8f8724215ad8037e1b47e0aa2f5fad836fa1594d90afb27,in_distribution,5,0.2857142857142857,1,randomized_legal_policy_seed_61_game_1_wolf_kill,0.0,0.03798536923633722,existing_rule,0.4285714285714286,61,5,0.2857142857142857
0,0,1,randomized_legal_policy,0.7142857142857143,a413772f327dda97d8f8724215ad8037e1b47e0aa2f5fad836fa1594d90afb27,in_distribution,5,0.2857142857142857,1,randomized_legal_policy_seed_61_game_1_wolf_kill,0.14285714285714285,0.03798536923633722,frozen_ml,0.28571428571428575,61,9,0.42857142857142855
0,0,1,randomized_legal_policy,0.7142857142857143,a413772f327dda97d8f8724215ad8037e1b47e0aa2f5fad836fa1594d90afb27,in_distribution,5,0.2857142857142857,1,randomized_legal_policy_seed_61_game_1_wolf_kill,0.14285714285714285,0.03798536923633722,frozen_hybrid_50_50,0.28571428571428575,61,9,0.42857142857142855
0,0,1,randomized_legal_policy,0.7142857142857143,a413772f327dda97d8f8724215ad8037e1b47e0aa2f5fad836fa1594d90afb27,in_distribution,5,0.2857142857142857,1,randomized_legal_policy_seed_61_game_1_wolf_kill,0.14285714285714285,0.03798536923633722,frozen_ml_epsilon_010,0.28571428571428575,61,9,0.42857142857142855
1,0,2,randomized_legal_policy,1.0,ea4574c09183ca0e0b5855fbfeb1d556efd535a7b327dd313611d5328ab11f0d,in_distribution,8,0.8571428571428571,10,randomized_legal_policy_seed_61_game_2_wolf_kill,0.0,0.010551531620314858,existing_rule,0.1428571428571429,61,8,0.8571428571428571
0,0,2,randomized_legal_policy,1.0,ea4574c09183ca0e0b5855fbfeb1d556efd535a7b327dd313611d5328ab11f0d,in_distribution,8,0.8571428571428571,10,randomized_legal_policy_seed_61_game_2_wolf_kill,-0.1428571428571428,0.010551531620314858,frozen_ml,0.2857142857142857,61,9,0.7142857142857143
0,0,2,randomized_legal_policy,1.0,ea4574c09183ca0e0b5855fbfeb1d556efd535a7b327dd313611d5328ab11f0d,mild_shift,8,0.8571428571428571,10,randomized_legal_policy_seed_61_game_2_wolf_kill,-0.1428571428571428,0.010551531620314858,frozen_hybrid_50_50,0.2857142857142857,61,1,0.7142857142857143
0,0,2,randomized_legal_policy,1.0,ea4574c09183ca0e0b5855fbfeb1d556efd535a7b327dd313611d5328ab11f0d,in_distribution,8,0.8571428571428571,10,randomized_legal_policy_seed_61_game_2_wolf_kill,-0.1428571428571428,0.010551531620314858,frozen_ml_epsilon_010,0.2857142857142857,61,9,0.7142857142857143
1,0,3,randomized_legal_policy,0.7142857142857143,7ae1695209a489d253f9b63ebf9a9fb8865dfbec12b499ffbcc68246c75ea7cb,in_distribution,2,0.7142857142857143,1,randomized_legal_policy_seed_61_game_3_wolf_kill,0.0,0.05128048089486259,existing_rule,0.0,61,2,0.7142857142857143
0,0,3,randomized_legal_policy,0.7142857142857143,7ae1695209a489d253f9b63ebf9a9fb8865dfbec12b499ffbcc68246c75ea7cb,mild_shift,2,0.7142857142857143,1,randomized_legal_policy_seed_61_game_3_wolf_kill,-0.1428571428571429,0.05128048089486259,frozen_ml,0.1428571428571429,61,8,0.5714285714285714
0,0,3,randomized_legal_policy,0.7142857142857143,7ae1695209a489d253f9b63ebf9a9fb8865dfbec12b499ffbcc68246c75ea7cb,mild_shift,2,0.7142857142857143,1,randomized_legal_policy_seed_61_game_3_wolf_kill,-0.1428571428571429,0.05128048089486259,frozen_hybrid_50_50,0.1428571428571429,61,8,0.5714285714285714
0,0,3,randomized_legal_policy,0.7142857142857143,7ae1695209a489d253f9b63ebf9a9fb8865dfbec12b499ffbcc68246c75ea7cb,mild_shift,2,0.7142857142857143,1,randomized_legal_policy_seed_61_game_3_wolf_kill,-0.1428571428571429,0.05128048089486259,frozen_ml_epsilon_010,0.1428571428571429,61,8,0.5714285714285714
1,0,1,randomized_legal_policy,1.0,5bd945a5966617e01c6b4233a899c0093a9ac44a960d46073318fd6d61799184,mild_shift,9,0.8571428571428571,3,randomized_legal_policy_seed_62_game_1_wolf_kill,0.0,0.0018181603237016342,existing_rule,0.1428571428571429,62,9,0.8571428571428571
0,0,1,randomized_legal_policy,1.0,5bd945a5966617e01c6b4233a899c0093a9ac44a960d46073318fd6d61799184,in_distribution,9,0.8571428571428571,3,randomized_legal_policy_seed_62_game_1_wolf_kill,0.0,0.0018181603237016342,frozen_ml,0.1428571428571429,62,4,0.8571428571428571
1,0,1,randomized_legal_policy,1.0,5bd945a5966617e01c6b4233a899c0093a9ac44a960d46073318fd6d61799184,mild_shift,9,0.8571428571428571,3,randomized_legal_policy_seed_62_game_1_wolf_kill,0.0,0.0018181603237016342,frozen_hybrid_50_50,0.1428571428571429,62,9,0.8571428571428571
0,0,1,randomized_legal_policy,1.0,5bd945a5966617e01c6b4233a899c0093a9ac44a960d46073318fd6d61799184,in_distribution,9,0.8571428571428571,3,randomized_legal_policy_seed_62_game_1_wolf_kill,0.0,0.0018181603237016342,frozen_ml_epsilon_010,0.1428571428571429,62,4,0.8571428571428571
1,0,2,randomized_legal_policy,0.5714285714285714,cac1c191fd152d26b26f4f5e29bc66762092ff4d7f0845b6d26bd25b00c0a595,mild_shift,2,0.2857142857142857,6,randomized_legal_policy_seed_62_game_2_wolf_kill,0.0,0.005994161186895441,existing_rule,0.2857142857142857,62,2,0.2857142857142857
0,0,2,randomized_legal_policy,0.5714285714285714,cac1c191fd152d26b26f4f5e29bc66762092ff4d7f0845b6d26bd25b00c0a595,mild_shift,2,0.2857142857142857,6,randomized_legal_policy_seed_62_game_2_wolf_kill,0.14285714285714285,0.005994161186895441,frozen_ml,0.14285714285714285,62,7,0.42857142857142855
0,0,2,randomized_legal_policy,0.5714285714285714,cac1c191fd152d26b26f4f5e29bc66762092ff4d7f0845b6d26bd25b00c0a595,mild_shift,2,0.2857142857142857,6,randomized_legal_policy_seed_62_game_2_wolf_kill,0.14285714285714285,0.005994161186895441,frozen_hybrid_50_50,0.14285714285714285,62,7,0.42857142857142855
0,0,2,randomized_legal_policy,0.5714285714285714,cac1c191fd152d26b26f4f5e29bc66762092ff4d7f0845b6d26bd25b00c0a595,mild_shift,2,0.2857142857142857,6,randomized_legal_policy_seed_62_game_2_wolf_kill,0.14285714285714285,0.005994161186895441,frozen_ml_epsilon_010,0.14285714285714285,62,7,0.42857142857142855
1,1,3,randomized_legal_policy,0.8571428571428571,ff0b5835699d553403f2eee565a630d902516c1fefc9ea555fb75b9f8e8c7bf3,in_distribution,1,0.8571428571428571,1,randomized_legal_policy_seed_62_game_3_wolf_kill,0.0,0.013120250171537506,existing_rule,0.0,62,1,0.8571428571428571
0,0,3,randomized_legal_policy,0.8571428571428571,ff0b5835699d553403f2eee565a630d902516c1fefc9ea555fb75b9f8e8c7bf3,mild_shift,1,0.8571428571428571,1,randomized_legal_policy_seed_62_game_3_wolf_kill,-0.1428571428571428,0.013120250171537506,frozen_ml,0.1428571428571428,62,10,0.7142857142857143
0,0,3,randomized_legal_policy,0.8571428571428571,ff0b5835699d553403f2eee565a630d902516c1fefc9ea555fb75b9f8e8c7bf3,mild_shift,1,0.8571428571428571,1,randomized_legal_policy_seed_62_game_3_wolf_kill,-0.1428571428571428,0.013120250171537506,frozen_hybrid_50_50,0.1428571428571428,62,10,0.7142857142857143
0,0,3,randomized_legal_policy,0.8571428571428571,ff0b5835699d553403f2eee565a630d902516c1fefc9ea555fb75b9f8e8c7bf3,mild_shift,1,0.8571428571428571,1,randomized_legal_policy_seed_62_game_3_wolf_kill,-0.1428571428571428,0.013120250171537506,frozen_ml_epsilon_010,0.1428571428571428,62,10,0.7142857142857143
1,1,1,randomized_legal_policy,0.7142857142857143,39540f0a91a4e945bac1b78bf05510cc22c1ffec4d2e914a29f29c4b3bdea621,mild_shift,2,0.7142857142857143,2,randomized_legal_policy_seed_63_game_1_wolf_kill,0.0,0.006164652745390464,existing_rule,0.0,63,2,0.7142857142857143
0,0,1,randomized_legal_policy,0.7142857142857143,39540f0a91a4e945bac1b78bf05510cc22c1ffec4d2e914a29f29c4b3bdea621,in_distribution,2,0.7142857142857143,2,randomized_legal_policy_seed_63_game_1_wolf_kill,0.0,0.006164652745390464,frozen_ml,0.0,63,4,0.7142857142857143
1,1,1,randomized_legal_policy,0.7142857142857143,39540f0a91a4e945bac1b78bf05510cc22c1ffec4d2e914a29f29c4b3bdea621,mild_shift,2,0.7142857142857143,2,randomized_legal_policy_seed_63_game_1_wolf_kill,0.0,0.006164652745390464,frozen_hybrid_50_50,0.0,63,2,0.7142857142857143
0,0,1,randomized_legal_policy,0.7142857142857143,39540f0a91a4e945bac1b78bf05510cc22c1ffec4d2e914a29f29c4b3bdea621,in_distribution,2,0.7142857142857143,2,randomized_legal_policy_seed_63_game_1_wolf_kill,-0.1428571428571429,0.006164652745390464,frozen_ml_epsilon_010,0.1428571428571429,63,5,0.5714285714285714
1,1,2,randomized_legal_policy,0.8571428571428571,7254f23fa35d57f9fe4f2f029972d4dfa182e1d4b1147e0b056cb0f99b96dc37,in_distribution,9,0.8571428571428571,9,randomized_legal_policy_seed_63_game_2_wolf_kill,0.0,0.01072202317880988,existing_rule,0.0,63,9,0.8571428571428571
0,0,2,randomized_legal_policy,0.8571428571428571,7254f23fa35d57f9fe4f2f029972d4dfa182e1d4b1147e0b056cb0f99b96dc37,in_distribution,9,0.8571428571428571,9,randomized_legal_policy_seed_63_game_2_wolf_kill,-0.1428571428571428,0.01072202317880988,frozen_ml,0.1428571428571428,63,7,0.7142857142857143
0,0,2,randomized_legal_policy,0.8571428571428571,7254f23fa35d57f9fe4f2f029972d4dfa182e1d4b1147e0b056cb0f99b96dc37,in_distribution,9,0.8571428571428571,9,randomized_legal_policy_seed_63_game_2_wolf_kill,-0.1428571428571428,0.01072202317880988,frozen_hybrid_50_50,0.1428571428571428,63,7,0.7142857142857143
0,0,2,randomized_legal_policy,0.8571428571428571,7254f23fa35d57f9fe4f2f029972d4dfa182e1d4b1147e0b056cb0f99b96dc37,in_distribution,9,0.8571428571428571,9,randomized_legal_policy_seed_63_game_2_wolf_kill,-0.1428571428571428,0.01072202317880988,frozen_ml_epsilon_010,0.1428571428571428,63,7,0.7142857142857143
1,1,3,randomized_legal_policy,0.8571428571428571,a2e45291c1e8eb677741511b8fd6c3f0011988dcc970a379a07df912cc90fdf1,mild_shift,1,0.8571428571428571,1,randomized_legal_policy_seed_63_game_3_wolf_kill,0.0,0.01072202317880988,existing_rule,0.0,63,1,0.8571428571428571
0,0,3,randomized_legal_policy,0.8571428571428571,a2e45291c1e8eb677741511b8fd6c3f0011988dcc970a379a07df912cc90fdf1,mild_shift,1,0.8571428571428571,1,randomized_legal_policy_seed_63_game_3_wolf_kill,0.0,0.01072202317880988,frozen_ml,0.0,63,8,0.8571428571428571
0,0,3,randomized_legal_policy,0.8571428571428571,a2e45291c1e8eb677741511b8fd6c3f0011988dcc970a379a07df912cc90fdf1,mild_shift,1,0.8571428571428571,1,randomized_legal_policy_seed_63_game_3_wolf_kill,0.0,0.01072202317880988,frozen_hybrid_50_50,0.0,63,8,0.8571428571428571
1,1,3,randomized_legal_policy,0.8571428571428571,a2e45291c1e8eb677741511b8fd6c3f0011988dcc970a379a07df912cc90fdf1,mild_shift,1,0.8571428571428571,1,randomized_legal_policy_seed_63_game_3_wolf_kill,0.0,0.01072202317880988,frozen_ml_epsilon_010,0.0,63,1,0.8571428571428571
1,0,1,randomized_legal_policy,0.8571428571428571,4c204d9b4b8d41c680452c9a719064809649e13f105868e7fe81ba7cb7eed999,in_distribution,8,0.5714285714285714,5,randomized_legal_policy_seed_64_game_1_wolf_kill,0.0,0.006501265933887779,existing_rule,0.2857142857142857,64,8,0.5714285714285714
1,0,1,randomized_legal_policy,0.8571428571428571,4c204d9b4b8d41c680452c9a719064809649e13f105868e7fe81ba7cb7eed999,in_distribution,8,0.5714285714285714,5,randomized_legal_policy_seed_64_game_1_wolf_kill,0.0,0.006501265933887779,frozen_ml,0.2857142857142857,64,8,0.5714285714285714
1,0,1,randomized_legal_policy,0.8571428571428571,4c204d9b4b8d41c680452c9a719064809649e13f105868e7fe81ba7cb7eed999,in_distribution,8,0.5714285714285714,5,randomized_legal_policy_seed_64_game_1_wolf_kill,0.0,0.006501265933887779,frozen_hybrid_50_50,0.2857142857142857,64,8,0.5714285714285714
1,0,1,randomized_legal_policy,0.8571428571428571,4c204d9b4b8d41c680452c9a719064809649e13f105868e7fe81ba7cb7eed999,in_distribution,8,0.5714285714285714,5,randomized_legal_policy_seed_64_game_1_wolf_kill,0.0,0.006501265933887779,frozen_ml_epsilon_010,0.2857142857142857,64,8,0.5714285714285714
1,1,2,randomized_legal_policy,0.7142857142857143,31f4ca81a6916f0e19e8220f829501fdd971280aafa67ee0a3f2efd8a71aaae3,in_distribution,6,0.7142857142857143,6,randomized_legal_policy_seed_64_game_2_wolf_kill,0.0,0.01072202317880988,existing_rule,0.0,64,6,0.7142857142857143
0,0,2,randomized_legal_policy,0.7142857142857143,31f4ca81a6916f0e19e8220f829501fdd971280aafa67ee0a3f2efd8a71aaae3,in_distribution,6,0.7142857142857143,6,randomized_legal_policy_seed_64_game_2_wolf_kill,0.0,0.01072202317880988,frozen_ml,0.0,64,8,0.7142857142857143
0,0,2,randomized_legal_policy,0.7142857142857143,31f4ca81a6916f0e19e8220f829501fdd971280aafa67ee0a3f2efd8a71aaae3,in_distribution,6,0.7142857142857143,6,randomized_legal_policy_seed_64_game_2_wolf_kill,0.0,0.01072202317880988,frozen_hybrid_50_50,0.0,64,8,0.7142857142857143
1,1,2,randomized_legal_policy,0.7142857142857143,31f4ca81a6916f0e19e8220f829501fdd971280aafa67ee0a3f2efd8a71aaae3,in_distribution,6,0.7142857142857143,6,randomized_legal_policy_seed_64_game_2_wolf_kill,0.0,0.01072202317880988,frozen_ml_epsilon_010,0.0,64,6,0.7142857142857143
1,0,3,randomized_legal_policy,0.7142857142857143,73ab2853dd3c0078cae595b88282cc8f084ec66fc1400b4991b7d8c5036f19d3,in_distribution,5,0.2857142857142857,2,randomized_legal_policy_seed_64_game_3_wolf_kill,0.0,0.005064475180411643,existing_rule,0.4285714285714286,64,5,0.2857142857142857
0,0,3,randomized_legal_policy,0.7142857142857143,73ab2853dd3c0078cae595b88282cc8f084ec66fc1400b4991b7d8c5036f19d3,in_distribution,5,0.2857142857142857,2,randomized_legal_policy_seed_64_game_3_wolf_kill,0.2857142857142857,0.005064475180411643,frozen_ml,0.1428571428571429,64,6,0.5714285714285714
0,0,3,randomized_legal_policy,0.7142857142857143,73ab2853dd3c0078cae595b88282cc8f084ec66fc1400b4991b7d8c5036f19d3,in_distribution,5,0.2857142857142857,2,randomized_legal_policy_seed_64_game_3_wolf_kill,0.2857142857142857,0.005064475180411643,frozen_hybrid_50_50,0.1428571428571429,64,6,0.5714285714285714
1,0,3,randomized_legal_policy,0.7142857142857143,73ab2853dd3c0078cae595b88282cc8f084ec66fc1400b4991b7d8c5036f19d3,in_distribution,5,0.2857142857142857,2,randomized_legal_policy_seed_64_game_3_wolf_kill,0.0,0.005064475180411643,frozen_ml_epsilon_010,0.4285714285714286,64,5,0.2857142857142857
1,0,1,mixed_rule_policy,1.0,0702bdcbd9ace7bd0a5cf8b03cf0fe6456c1fb9fab6d355921a80a59b69ff64c,in_distribution,6,0.8571428571428571,1,mixed_rule_policy_seed_60_game_1_wolf_kill,0.0,0.016882305995707614,existing_rule,0.1428571428571429,60,6,0.8571428571428571
0,0,1,mixed_rule_policy,1.0,0702bdcbd9ace7bd0a5cf8b03cf0fe6456c1fb9fab6d355921a80a59b69ff64c,in_distribution,6,0.8571428571428571,1,mixed_rule_policy_seed_60_game_1_wolf_kill,0.1428571428571429,0.016882305995707614,frozen_ml,0.0,60,7,1.0
0,0,1,mixed_rule_policy,1.0,0702bdcbd9ace7bd0a5cf8b03cf0fe6456c1fb9fab6d355921a80a59b69ff64c,in_distribution,6,0.8571428571428571,1,mixed_rule_policy_seed_60_game_1_wolf_kill,0.1428571428571429,0.016882305995707614,frozen_hybrid_50_50,0.0,60,7,1.0
0,0,1,mixed_rule_policy,1.0,0702bdcbd9ace7bd0a5cf8b03cf0fe6456c1fb9fab6d355921a80a59b69ff64c,in_distribution,6,0.8571428571428571,1,mixed_rule_policy_seed_60_game_1_wolf_kill,0.1428571428571429,0.016882305995707614,frozen_ml_epsilon_010,0.0,60,7,1.0
1,1,2,mixed_rule_policy,0.8571428571428571,6a4f1019ffcb11216af6f3617bf3ce4208d6b612c64a62e26b111a1def50882c,in_distribution,10,0.8571428571428571,10,mixed_rule_policy_seed_60_game_2_wolf_kill,0.0,0.01722328911269766,existing_rule,0.0,60,10,0.8571428571428571
0,0,2,mixed_rule_policy,0.8571428571428571,6a4f1019ffcb11216af6f3617bf3ce4208d6b612c64a62e26b111a1def50882c,in_distribution,10,0.8571428571428571,10,mixed_rule_policy_seed_60_game_2_wolf_kill,-0.1428571428571428,0.01722328911269766,frozen_ml,0.1428571428571428,60,7,0.7142857142857143
0,0,2,mixed_rule_policy,0.8571428571428571,6a4f1019ffcb11216af6f3617bf3ce4208d6b612c64a62e26b111a1def50882c,in_distribution,10,0.8571428571428571,10,mixed_rule_policy_seed_60_game_2_wolf_kill,-0.1428571428571428,0.01722328911269766,frozen_hybrid_50_50,0.1428571428571428,60,7,0.7142857142857143
0,0,2,mixed_rule_policy,0.8571428571428571,6a4f1019ffcb11216af6f3617bf3ce4208d6b612c64a62e26b111a1def50882c,in_distribution,10,0.8571428571428571,10,mixed_rule_policy_seed_60_game_2_wolf_kill,-0.1428571428571428,0.01722328911269766,frozen_ml_epsilon_010,0.1428571428571428,60,7,0.7142857142857143
1,0,3,mixed_rule_policy,1.0,49c7867d6d0686974e0e20e7ec8b6e7986fe55321ba4ba4bee00bb090848d96c,in_distribution,10,0.7142857142857143,7,mixed_rule_policy_seed_60_game_3_wolf_kill,0.0,0.0021547735121989486,existing_rule,0.2857142857142857,60,10,0.7142857142857143
0,1,3,mixed_rule_policy,1.0,49c7867d6d0686974e0e20e7ec8b6e7986fe55321ba4ba4bee00bb090848d96c,in_distribution,10,0.7142857142857143,7,mixed_rule_policy_seed_60_game_3_wolf_kill,0.2857142857142857,0.0021547735121989486,frozen_ml,0.0,60,7,1.0
0,0,3,mixed_rule_policy,1.0,49c7867d6d0686974e0e20e7ec8b6e7986fe55321ba4ba4bee00bb090848d96c,mild_shift,10,0.7142857142857143,7,mixed_rule_policy_seed_60_game_3_wolf_kill,0.1428571428571428,0.0021547735121989486,frozen_hybrid_50_50,0.1428571428571429,60,8,0.8571428571428571
0,1,3,mixed_rule_policy,1.0,49c7867d6d0686974e0e20e7ec8b6e7986fe55321ba4ba4bee00bb090848d96c,in_distribution,10,0.7142857142857143,7,mixed_rule_policy_seed_60_game_3_wolf_kill,0.2857142857142857,0.0021547735121989486,frozen_ml_epsilon_010,0.0,60,7,1.0
1,0,1,mixed_rule_policy,0.8571428571428571,62657064e38c385ef72ba052e66ba4e0c8fd5ca85e7dfd1a9658478b1765bf84,mild_shift,3,0.8571428571428571,10,mixed_rule_policy_seed_61_game_1_wolf_kill,0.0,0.016886675924200345,existing_rule,0.0,61,3,0.8571428571428571
0,0,1,mixed_rule_policy,0.8571428571428571,62657064e38c385ef72ba052e66ba4e0c8fd5ca85e7dfd1a9658478b1765bf84,mild_shift,3,0.8571428571428571,10,mixed_rule_policy_seed_61_game_1_wolf_kill,-0.42857142857142855,0.016886675924200345,frozen_ml,0.42857142857142855,61,8,0.42857142857142855
0,0,1,mixed_rule_policy,0.8571428571428571,62657064e38c385ef72ba052e66ba4e0c8fd5ca85e7dfd1a9658478b1765bf84,mild_shift,3,0.8571428571428571,10,mixed_rule_policy_seed_61_game_1_wolf_kill,-0.42857142857142855,0.016886675924200345,frozen_hybrid_50_50,0.42857142857142855,61,8,0.42857142857142855
0,0,1,mixed_rule_policy,0.8571428571428571,62657064e38c385ef72ba052e66ba4e0c8fd5ca85e7dfd1a9658478b1765bf84,mild_shift,3,0.8571428571428571,10,mixed_rule_policy_seed_61_game_1_wolf_kill,-0.42857142857142855,0.016886675924200345,frozen_ml_epsilon_010,0.42857142857142855,61,8,0.42857142857142855
1,1,2,mixed_rule_policy,0.8571428571428571,904572ff75ea9c4ea9a32355435205d93a8eefc9e08866a22eccf1c8e2ad89a5,in_distribution,1,0.8571428571428571,1,mixed_rule_policy_seed_61_game_2_wolf_kill,0.0,0.01072202317880988,existing_rule,0.0,61,1,0.8571428571428571
0,0,2,mixed_rule_policy,0.8571428571428571,904572ff75ea9c4ea9a32355435205d93a8eefc9e08866a22eccf1c8e2ad89a5,in_distribution,1,0.8571428571428571,1,mixed_rule_policy_seed_61_game_2_wolf_kill,-0.2857142857142857,0.01072202317880988,frozen_ml,0.2857142857142857,61,8,0.5714285714285714
0,0,2,mixed_rule_policy,0.8571428571428571,904572ff75ea9c4ea9a32355435205d93a8eefc9e08866a22eccf1c8e2ad89a5,in_distribution,1,0.8571428571428571,1,mixed_rule_policy_seed_61_game_2_wolf_kill,-0.2857142857142857,0.01072202317880988,frozen_hybrid_50_50,0.2857142857142857,61,8,0.5714285714285714
0,0,2,mixed_rule_policy,0.8571428571428571,904572ff75ea9c4ea9a32355435205d93a8eefc9e08866a22eccf1c8e2ad89a5,in_distribution,1,0.8571428571428571,1,mixed_rule_policy_seed_61_game_2_wolf_kill,-0.2857142857142857,0.01072202317880988,frozen_ml_epsilon_010,0.2857142857142857,61,8,0.5714285714285714
1,1,3,mixed_rule_policy,0.8571428571428571,129f3b056556a2de4f35b82511344f04978c20d2b5215b8d7449fa0ee9f4d090,mild_shift,1,0.8571428571428571,1,mixed_rule_policy_seed_61_game_3_wolf_kill,0.0,0.0165456928072103,existing_rule,0.0,61,1,0.8571428571428571
0,0,3,mixed_rule_policy,0.8571428571428571,129f3b056556a2de4f35b82511344f04978c20d2b5215b8d7449fa0ee9f4d090,mild_shift,1,0.8571428571428571,1,mixed_rule_policy_seed_61_game_3_wolf_kill,-0.2857142857142857,0.0165456928072103,frozen_ml,0.2857142857142857,61,8,0.5714285714285714
0,0,3,mixed_rule_policy,0.8571428571428571,129f3b056556a2de4f35b82511344f04978c20d2b5215b8d7449fa0ee9f4d090,mild_shift,1,0.8571428571428571,1,mixed_rule_policy_seed_61_game_3_wolf_kill,-0.2857142857142857,0.0165456928072103,frozen_hybrid_50_50,0.2857142857142857,61,8,0.5714285714285714
0,0,3,mixed_rule_policy,0.8571428571428571,129f3b056556a2de4f35b82511344f04978c20d2b5215b8d7449fa0ee9f4d090,mild_shift,1,0.8571428571428571,1,mixed_rule_policy_seed_61_game_3_wolf_kill,-0.2857142857142857,0.0165456928072103,frozen_ml_epsilon_010,0.2857142857142857,61,8,0.5714285714285714
1,1,1,mixed_rule_policy,1.0,8b3499116dac793e4c1d8fe03f716b62c05b06ea15e6abf46a955fb92ec23bc5,in_distribution,3,1.0,3,mixed_rule_policy_seed_62_game_1_wolf_kill,0.0,0.002661878259191175,existing_rule,0.0,62,3,1.0
0,0,1,mixed_rule_policy,1.0,8b3499116dac793e4c1d8fe03f716b62c05b06ea15e6abf46a955fb92ec23bc5,in_distribution,3,1.0,3,mixed_rule_policy_seed_62_game_1_wolf_kill,0.0,0.002661878259191175,frozen_ml,0.0,62,6,1.0
0,0,1,mixed_rule_policy,1.0,8b3499116dac793e4c1d8fe03f716b62c05b06ea15e6abf46a955fb92ec23bc5,mild_shift,3,1.0,3,mixed_rule_policy_seed_62_game_1_wolf_kill,-0.2857142857142857,0.002661878259191175,frozen_hybrid_50_50,0.2857142857142857,62,5,0.7142857142857143
0,0,1,mixed_rule_policy,1.0,8b3499116dac793e4c1d8fe03f716b62c05b06ea15e6abf46a955fb92ec23bc5,in_distribution,3,1.0,3,mixed_rule_policy_seed_62_game_1_wolf_kill,0.0,0.002661878259191175,frozen_ml_epsilon_010,0.0,62,6,1.0
1,0,2,mixed_rule_policy,0.8571428571428571,ec99d6fea6334966949acf17a0999ec53e4c47236d26d76cf3959948a999f028,in_distribution,6,0.5714285714285714,9,mixed_rule_policy_seed_62_game_2_wolf_kill,0.0,0.00582366962840053,existing_rule,0.2857142857142857,62,6,0.5714285714285714
0,1,2,mixed_rule_policy,0.8571428571428571,ec99d6fea6334966949acf17a0999ec53e4c47236d26d76cf3959948a999f028,in_distribution,6,0.5714285714285714,9,mixed_rule_policy_seed_62_game_2_wolf_kill,0.2857142857142857,0.00582366962840053,frozen_ml,0.0,62,9,0.8571428571428571
0,1,2,mixed_rule_policy,0.8571428571428571,ec99d6fea6334966949acf17a0999ec53e4c47236d26d76cf3959948a999f028,in_distribution,6,0.5714285714285714,9,mixed_rule_policy_seed_62_game_2_wolf_kill,0.2857142857142857,0.00582366962840053,frozen_hybrid_50_50,0.0,62,9,0.8571428571428571
0,1,2,mixed_rule_policy,0.8571428571428571,ec99d6fea6334966949acf17a0999ec53e4c47236d26d76cf3959948a999f028,in_distribution,6,0.5714285714285714,9,mixed_rule_policy_seed_62_game_2_wolf_kill,0.2857142857142857,0.00582366962840053,frozen_ml_epsilon_010,0.0,62,9,0.8571428571428571
1,1,3,mixed_rule_policy,0.5714285714285714,7ef549bf98a6c7b6ff4bb48121ff4e49ead88744efece60f0a84e18982118d1e,mild_shift,10,0.5714285714285714,10,mixed_rule_policy_seed_62_game_3_wolf_kill,0.0,0.0156160068007265,existing_rule,0.0,62,10,0.5714285714285714
0,0,3,mixed_rule_policy,0.5714285714285714,7ef549bf98a6c7b6ff4bb48121ff4e49ead88744efece60f0a84e18982118d1e,mild_shift,10,0.5714285714285714,10,mixed_rule_policy_seed_62_game_3_wolf_kill,-0.14285714285714285,0.0156160068007265,frozen_ml,0.14285714285714285,62,6,0.42857142857142855
0,0,3,mixed_rule_policy,0.5714285714285714,7ef549bf98a6c7b6ff4bb48121ff4e49ead88744efece60f0a84e18982118d1e,mild_shift,10,0.5714285714285714,10,mixed_rule_policy_seed_62_game_3_wolf_kill,-0.14285714285714285,0.0156160068007265,frozen_hybrid_50_50,0.14285714285714285,62,6,0.42857142857142855
0,0,3,mixed_rule_policy,0.5714285714285714,7ef549bf98a6c7b6ff4bb48121ff4e49ead88744efece60f0a84e18982118d1e,mild_shift,10,0.5714285714285714,10,mixed_rule_policy_seed_62_game_3_wolf_kill,-0.14285714285714285,0.0156160068007265,frozen_ml_epsilon_010,0.14285714285714285,62,6,0.42857142857142855
1,0,1,mixed_rule_policy,0.5714285714285714,27b0e384abbbcc7ce388fbbc011edab4bdff6ae2a97ff2a316494bb7f505ca1e,mild_shift,3,0.42857142857142855,2,mixed_rule_policy_seed_63_game_1_wolf_kill,0.0,0.005994161186895441,existing_rule,0.14285714285714285,63,3,0.42857142857142855
0,1,1,mixed_rule_policy,0.5714285714285714,27b0e384abbbcc7ce388fbbc011edab4bdff6ae2a97ff2a316494bb7f505ca1e,mild_shift,3,0.42857142857142855,2,mixed_rule_policy_seed_63_game_1_wolf_kill,0.14285714285714285,0.005994161186895441,frozen_ml,0.0,63,2,0.5714285714285714
0,1,1,mixed_rule_policy,0.5714285714285714,27b0e384abbbcc7ce388fbbc011edab4bdff6ae2a97ff2a316494bb7f505ca1e,mild_shift,3,0.42857142857142855,2,mixed_rule_policy_seed_63_game_1_wolf_kill,0.14285714285714285,0.005994161186895441,frozen_hybrid_50_50,0.0,63,2,0.5714285714285714
0,1,1,mixed_rule_policy,0.5714285714285714,27b0e384abbbcc7ce388fbbc011edab4bdff6ae2a97ff2a316494bb7f505ca1e,mild_shift,3,0.42857142857142855,2,mixed_rule_policy_seed_63_game_1_wolf_kill,0.14285714285714285,0.005994161186895441,frozen_ml_epsilon_010,0.0,63,2,0.5714285714285714
1,0,2,mixed_rule_policy,1.0,173c1acb12557c30788bf59b6599150354c9961d5445de5c0ed3cc438f4f9dae,in_distribution,7,0.8571428571428571,1,mixed_rule_policy_seed_63_game_2_wolf_kill,0.0,0.00016612163000229163,existing_rule,0.1428571428571429,63,7,0.8571428571428571
0,0,2,mixed_rule_policy,1.0,173c1acb12557c30788bf59b6599150354c9961d5445de5c0ed3cc438f4f9dae,in_distribution,7,0.8571428571428571,1,mixed_rule_policy_seed_63_game_2_wolf_kill,0.0,0.00016612163000229163,frozen_ml,0.1428571428571429,63,8,0.8571428571428571
0,0,2,mixed_rule_policy,1.0,173c1acb12557c30788bf59b6599150354c9961d5445de5c0ed3cc438f4f9dae,in_distribution,7,0.8571428571428571,1,mixed_rule_policy_seed_63_game_2_wolf_kill,0.0,0.00016612163000229163,frozen_hybrid_50_50,0.1428571428571429,63,8,0.8571428571428571
0,0,2,mixed_rule_policy,1.0,173c1acb12557c30788bf59b6599150354c9961d5445de5c0ed3cc438f4f9dae,in_distribution,7,0.8571428571428571,1,mixed_rule_policy_seed_63_game_2_wolf_kill,0.0,0.00016612163000229163,frozen_ml_epsilon_010,0.1428571428571429,63,8,0.8571428571428571
1,1,3,mixed_rule_policy,0.8571428571428571,641933d49a313209440ae2aa305701005cf8de8e6e53f822d6af0401762bfcb8,in_distribution,1,0.8571428571428571,1,mixed_rule_policy_seed_63_game_3_wolf_kill,0.0,0.008226266549620775,existing_rule,0.0,63,1,0.8571428571428571
0,0,3,mixed_rule_policy,0.8571428571428571,641933d49a313209440ae2aa305701005cf8de8e6e53f822d6af0401762bfcb8,mild_shift,1,0.8571428571428571,1,mixed_rule_policy_seed_63_game_3_wolf_kill,-0.2857142857142857,0.008226266549620775,frozen_ml,0.2857142857142857,63,10,0.5714285714285714
0,0,3,mixed_rule_policy,0.8571428571428571,641933d49a313209440ae2aa305701005cf8de8e6e53f822d6af0401762bfcb8,mild_shift,1,0.8571428571428571,1,mixed_rule_policy_seed_63_game_3_wolf_kill,-0.2857142857142857,0.008226266549620775,frozen_hybrid_50_50,0.2857142857142857,63,10,0.5714285714285714
0,0,3,mixed_rule_policy,0.8571428571428571,641933d49a313209440ae2aa305701005cf8de8e6e53f822d6af0401762bfcb8,mild_shift,1,0.8571428571428571,1,mixed_rule_policy_seed_63_game_3_wolf_kill,-0.2857142857142857,0.008226266549620775,frozen_ml_epsilon_010,0.2857142857142857,63,10,0.5714285714285714
1,0,1,mixed_rule_policy,0.8571428571428571,df057f75876da4b9e3c0e471cadd4c792be887d4535f178d0519979dc6cdaadc,in_distribution,7,0.8571428571428571,2,mixed_rule_policy_seed_64_game_1_wolf_kill,0.0,0.0059941611868955524,existing_rule,0.0,64,7,0.8571428571428571
1,0,1,mixed_rule_policy,0.8571428571428571,df057f75876da4b9e3c0e471cadd4c792be887d4535f178d0519979dc6cdaadc,in_distribution,7,0.8571428571428571,2,mixed_rule_policy_seed_64_game_1_wolf_kill,0.0,0.0059941611868955524,frozen_ml,0.0,64,7,0.8571428571428571
1,0,1,mixed_rule_policy,0.8571428571428571,df057f75876da4b9e3c0e471cadd4c792be887d4535f178d0519979dc6cdaadc,in_distribution,7,0.8571428571428571,2,mixed_rule_policy_seed_64_game_1_wolf_kill,0.0,0.0059941611868955524,frozen_hybrid_50_50,0.0,64,7,0.8571428571428571
1,0,1,mixed_rule_policy,0.8571428571428571,df057f75876da4b9e3c0e471cadd4c792be887d4535f178d0519979dc6cdaadc,in_distribution,7,0.8571428571428571,2,mixed_rule_policy_seed_64_game_1_wolf_kill,0.0,0.0059941611868955524,frozen_ml_epsilon_010,0.0,64,7,0.8571428571428571
1,0,2,mixed_rule_policy,0.8571428571428571,6f6bdb457c7b72757503eb999aa5474dcb3b391c6b69d180399712701b362413,in_distribution,10,0.42857142857142855,3,mixed_rule_policy_seed_64_game_2_wolf_kill,0.0,0.006164652745390464,existing_rule,0.42857142857142855,64,10,0.42857142857142855
0,0,2,mixed_rule_policy,0.8571428571428571,6f6bdb457c7b72757503eb999aa5474dcb3b391c6b69d180399712701b362413,in_distribution,10,0.42857142857142855,3,mixed_rule_policy_seed_64_game_2_wolf_kill,0.14285714285714285,0.006164652745390464,frozen_ml,0.2857142857142857,64,9,0.5714285714285714
0,0,2,mixed_rule_policy,0.8571428571428571,6f6bdb457c7b72757503eb999aa5474dcb3b391c6b69d180399712701b362413,in_distribution,10,0.42857142857142855,3,mixed_rule_policy_seed_64_game_2_wolf_kill,0.14285714285714285,0.006164652745390464,frozen_hybrid_50_50,0.2857142857142857,64,9,0.5714285714285714
0,0,2,mixed_rule_policy,0.8571428571428571,6f6bdb457c7b72757503eb999aa5474dcb3b391c6b69d180399712701b362413,in_distribution,10,0.42857142857142855,3,mixed_rule_policy_seed_64_game_2_wolf_kill,0.14285714285714285,0.006164652745390464,frozen_ml_epsilon_010,0.2857142857142857,64,9,0.5714285714285714
1,0,3,mixed_rule_policy,0.5714285714285714,70f8aac442fdd1c22a3a9b57185cf80325d4544e04cf70a04e59c09d47111656,in_distribution,5,0.5714285714285714,3,mixed_rule_policy_seed_64_game_3_wolf_kill,0.0,0.011229127925802218,existing_rule,0.0,64,5,0.5714285714285714
0,0,3,mixed_rule_policy,0.5714285714285714,70f8aac442fdd1c22a3a9b57185cf80325d4544e04cf70a04e59c09d47111656,in_distribution,5,0.5714285714285714,3,mixed_rule_policy_seed_64_game_3_wolf_kill,-0.2857142857142857,0.011229127925802218,frozen_ml,0.2857142857142857,64,6,0.2857142857142857
0,0,3,mixed_rule_policy,0.5714285714285714,70f8aac442fdd1c22a3a9b57185cf80325d4544e04cf70a04e59c09d47111656,in_distribution,5,0.5714285714285714,3,mixed_rule_policy_seed_64_game_3_wolf_kill,-0.2857142857142857,0.011229127925802218,frozen_hybrid_50_50,0.2857142857142857,64,6,0.2857142857142857
1,0,3,mixed_rule_policy,0.5714285714285714,70f8aac442fdd1c22a3a9b57185cf80325d4544e04cf70a04e59c09d47111656,in_distribution,5,0.5714285714285714,3,mixed_rule_policy_seed_64_game_3_wolf_kill,0.0,0.011229127925802218,frozen_ml_epsilon_010,0.0,64,5,0.5714285714285714
1,0,1,seat_order_neutral_policy,0.8571428571428571,b4f59b81804487aa30c07ac17d561799ad758f210478e84d7990f3faf4e5eedd,in_distribution,8,0.5714285714285714,9,seat_order_neutral_policy_seed_60_game_1_wolf_kill,0.0,0.02726771598602018,existing_rule,0.2857142857142857,60,8,0.5714285714285714
0,0,1,seat_order_neutral_policy,0.8571428571428571,b4f59b81804487aa30c07ac17d561799ad758f210478e84d7990f3faf4e5eedd,in_distribution,8,0.5714285714285714,9,seat_order_neutral_policy_seed_60_game_1_wolf_kill,-0.2857142857142857,0.02726771598602018,frozen_ml,0.5714285714285714,60,2,0.2857142857142857
0,0,1,seat_order_neutral_policy,0.8571428571428571,b4f59b81804487aa30c07ac17d561799ad758f210478e84d7990f3faf4e5eedd,in_distribution,8,0.5714285714285714,9,seat_order_neutral_policy_seed_60_game_1_wolf_kill,-0.2857142857142857,0.02726771598602018,frozen_hybrid_50_50,0.5714285714285714,60,2,0.2857142857142857
0,0,1,seat_order_neutral_policy,0.8571428571428571,b4f59b81804487aa30c07ac17d561799ad758f210478e84d7990f3faf4e5eedd,in_distribution,8,0.5714285714285714,9,seat_order_neutral_policy_seed_60_game_1_wolf_kill,-0.2857142857142857,0.02726771598602018,frozen_ml_epsilon_010,0.5714285714285714,60,2,0.2857142857142857
1,1,2,seat_order_neutral_policy,0.8571428571428571,0a3ecbadf4ab0f116e13b42703b3a02bc53adb7bbb472ef4abefece69c4412bb,in_distribution,9,0.8571428571428571,9,seat_order_neutral_policy_seed_60_game_2_wolf_kill,0.0,0.00582366962840053,existing_rule,0.0,60,9,0.8571428571428571
0,0,2,seat_order_neutral_policy,0.8571428571428571,0a3ecbadf4ab0f116e13b42703b3a02bc53adb7bbb472ef4abefece69c4412bb,in_distribution,9,0.8571428571428571,9,seat_order_neutral_policy_seed_60_game_2_wolf_kill,-0.1428571428571428,0.00582366962840053,frozen_ml,0.1428571428571428,60,4,0.7142857142857143
0,0,2,seat_order_neutral_policy,0.8571428571428571,0a3ecbadf4ab0f116e13b42703b3a02bc53adb7bbb472ef4abefece69c4412bb,in_distribution,9,0.8571428571428571,9,seat_order_neutral_policy_seed_60_game_2_wolf_kill,-0.1428571428571428,0.00582366962840053,frozen_hybrid_50_50,0.1428571428571428,60,4,0.7142857142857143
0,0,2,seat_order_neutral_policy,0.8571428571428571,0a3ecbadf4ab0f116e13b42703b3a02bc53adb7bbb472ef4abefece69c4412bb,in_distribution,9,0.8571428571428571,9,seat_order_neutral_policy_seed_60_game_2_wolf_kill,-0.1428571428571428,0.00582366962840053,frozen_ml_epsilon_010,0.1428571428571428,60,4,0.7142857142857143
1,0,3,seat_order_neutral_policy,0.8571428571428571,f27c65e056a343ad6f7d74a1f885bc7e5449d99ab0d6d2eedc87c1056a7ef426,in_distribution,4,0.7142857142857143,2,seat_order_neutral_policy_seed_60_game_3_wolf_kill,0.0,0.019041449436399405,existing_rule,0.1428571428571428,60,4,0.7142857142857143
0,0,3,seat_order_neutral_policy,0.8571428571428571,f27c65e056a343ad6f7d74a1f885bc7e5449d99ab0d6d2eedc87c1056a7ef426,in_distribution,4,0.7142857142857143,2,seat_order_neutral_policy_seed_60_game_3_wolf_kill,-0.1428571428571429,0.019041449436399405,frozen_ml,0.2857142857142857,60,7,0.5714285714285714
0,0,3,seat_order_neutral_policy,0.8571428571428571,f27c65e056a343ad6f7d74a1f885bc7e5449d99ab0d6d2eedc87c1056a7ef426,mild_shift,4,0.7142857142857143,2,seat_order_neutral_policy_seed_60_game_3_wolf_kill,-0.1428571428571429,0.019041449436399405,frozen_hybrid_50_50,0.2857142857142857,60,10,0.5714285714285714
0,0,3,seat_order_neutral_policy,0.8571428571428571,f27c65e056a343ad6f7d74a1f885bc7e5449d99ab0d6d2eedc87c1056a7ef426,in_distribution,4,0.7142857142857143,2,seat_order_neutral_policy_seed_60_game_3_wolf_kill,-0.1428571428571429,0.019041449436399405,frozen_ml_epsilon_010,0.2857142857142857,60,7,0.5714285714285714
1,1,1,seat_order_neutral_policy,0.7142857142857143,6f336e03b41dd527811441fa684150e6ffe8c17b860eab88d6696fb66abb7f0f,in_distribution,1,0.7142857142857143,1,seat_order_neutral_policy_seed_61_game_1_wolf_kill,0.0,0.004005509304698784,existing_rule,0.0,61,1,0.7142857142857143
0,0,1,seat_order_neutral_policy,0.7142857142857143,6f336e03b41dd527811441fa684150e6ffe8c17b860eab88d6696fb66abb7f0f,mild_shift,1,0.7142857142857143,1,seat_order_neutral_policy_seed_61_game_1_wolf_kill,0.0,0.004005509304698784,frozen_ml,0.0,61,9,0.7142857142857143
0,0,1,seat_order_neutral_policy,0.7142857142857143,6f336e03b41dd527811441fa684150e6ffe8c17b860eab88d6696fb66abb7f0f,mild_shift,1,0.7142857142857143,1,seat_order_neutral_policy_seed_61_game_1_wolf_kill,0.0,0.004005509304698784,frozen_hybrid_50_50,0.0,61,9,0.7142857142857143
0,0,1,seat_order_neutral_policy,0.7142857142857143,6f336e03b41dd527811441fa684150e6ffe8c17b860eab88d6696fb66abb7f0f,mild_shift,1,0.7142857142857143,1,seat_order_neutral_policy_seed_61_game_1_wolf_kill,0.0,0.004005509304698784,frozen_ml_epsilon_010,0.0,61,9,0.7142857142857143
1,1,2,seat_order_neutral_policy,0.7142857142857143,66e82daef914260bb3284a9286237a74013473718c488ec6fe5ac03bf962a283,in_distribution,3,0.7142857142857143,3,seat_order_neutral_policy_seed_61_game_2_wolf_kill,0.0,0.010551531620314858,existing_rule,0.0,61,3,0.7142857142857143
0,0,2,seat_order_neutral_policy,0.7142857142857143,66e82daef914260bb3284a9286237a74013473718c488ec6fe5ac03bf962a283,in_distribution,3,0.7142857142857143,3,seat_order_neutral_policy_seed_61_game_2_wolf_kill,-0.1428571428571429,0.010551531620314858,frozen_ml,0.1428571428571429,61,4,0.5714285714285714
0,0,2,seat_order_neutral_policy,0.7142857142857143,66e82daef914260bb3284a9286237a74013473718c488ec6fe5ac03bf962a283,in_distribution,3,0.7142857142857143,3,seat_order_neutral_policy_seed_61_game_2_wolf_kill,-0.1428571428571429,0.010551531620314858,frozen_hybrid_50_50,0.1428571428571429,61,4,0.5714285714285714
0,0,2,seat_order_neutral_policy,0.7142857142857143,66e82daef914260bb3284a9286237a74013473718c488ec6fe5ac03bf962a283,in_distribution,3,0.7142857142857143,3,seat_order_neutral_policy_seed_61_game_2_wolf_kill,-0.1428571428571429,0.010551531620314858,frozen_ml_epsilon_010,0.1428571428571429,61,4,0.5714285714285714
1,0,3,seat_order_neutral_policy,0.8571428571428571,64d12042891c7bf0db3e66d75019bf8bf4eadc92d7088ef3720413206d833e8a,in_distribution,4,0.42857142857142855,3,seat_order_neutral_policy_seed_61_game_3_wolf_kill,0.0,0.01072202317880988,existing_rule,0.42857142857142855,61,4,0.42857142857142855
0,0,3,seat_order_neutral_policy,0.8571428571428571,64d12042891c7bf0db3e66d75019bf8bf4eadc92d7088ef3720413206d833e8a,in_distribution,4,0.42857142857142855,3,seat_order_neutral_policy_seed_61_game_3_wolf_kill,-0.14285714285714285,0.01072202317880988,frozen_ml,0.5714285714285714,61,2,0.2857142857142857
0,0,3,seat_order_neutral_policy,0.8571428571428571,64d12042891c7bf0db3e66d75019bf8bf4eadc92d7088ef3720413206d833e8a,mild_shift,4,0.42857142857142855,3,seat_order_neutral_policy_seed_61_game_3_wolf_kill,0.0,0.01072202317880988,frozen_hybrid_50_50,0.42857142857142855,61,10,0.42857142857142855
0,0,3,seat_order_neutral_policy,0.8571428571428571,64d12042891c7bf0db3e66d75019bf8bf4eadc92d7088ef3720413206d833e8a,in_distribution,4,0.42857142857142855,3,seat_order_neutral_policy_seed_61_game_3_wolf_kill,-0.14285714285714285,0.01072202317880988,frozen_ml_epsilon_010,0.5714285714285714,61,2,0.2857142857142857
1,1,1,seat_order_neutral_policy,0.7142857142857143,4b5f98eb7a688957987a59a5d0ef9b984f732a5a32057762eba6ce1a17e77c47,in_distribution,8,0.7142857142857143,8,seat_order_neutral_policy_seed_62_game_1_wolf_kill,0.0,0.012365322015523761,existing_rule,0.0,62,8,0.7142857142857143
0,0,1,seat_order_neutral_policy,0.7142857142857143,4b5f98eb7a688957987a59a5d0ef9b984f732a5a32057762eba6ce1a17e77c47,in_distribution,8,0.7142857142857143,8,seat_order_neutral_policy_seed_62_game_1_wolf_kill,-0.28571428571428575,0.012365322015523761,frozen_ml,0.28571428571428575,62,5,0.42857142857142855
0,0,1,seat_order_neutral_policy,0.7142857142857143,4b5f98eb7a688957987a59a5d0ef9b984f732a5a32057762eba6ce1a17e77c47,mild_shift,8,0.7142857142857143,8,seat_order_neutral_policy_seed_62_game_1_wolf_kill,-0.1428571428571429,0.012365322015523761,frozen_hybrid_50_50,0.1428571428571429,62,1,0.5714285714285714
0,0,1,seat_order_neutral_policy,0.7142857142857143,4b5f98eb7a688957987a59a5d0ef9b984f732a5a32057762eba6ce1a17e77c47,in_distribution,8,0.7142857142857143,8,seat_order_neutral_policy_seed_62_game_1_wolf_kill,-0.28571428571428575,0.012365322015523761,frozen_ml_epsilon_010,0.28571428571428575,62,5,0.42857142857142855
1,0,2,seat_order_neutral_policy,0.8571428571428571,dc1db26a9d211048bfb74fbf5a0a8e60b5c91b425448a7138a626b610988846a,mild_shift,9,0.5714285714285714,7,seat_order_neutral_policy_seed_62_game_2_wolf_kill,0.0,0.006164652745390464,existing_rule,0.2857142857142857,62,9,0.5714285714285714
1,0,2,seat_order_neutral_policy,0.8571428571428571,dc1db26a9d211048bfb74fbf5a0a8e60b5c91b425448a7138a626b610988846a,mild_shift,9,0.5714285714285714,7,seat_order_neutral_policy_seed_62_game_2_wolf_kill,0.0,0.006164652745390464,frozen_ml,0.2857142857142857,62,9,0.5714285714285714
1,0,2,seat_order_neutral_policy,0.8571428571428571,dc1db26a9d211048bfb74fbf5a0a8e60b5c91b425448a7138a626b610988846a,mild_shift,9,0.5714285714285714,7,seat_order_neutral_policy_seed_62_game_2_wolf_kill,0.0,0.006164652745390464,frozen_hybrid_50_50,0.2857142857142857,62,9,0.5714285714285714
1,0,2,seat_order_neutral_policy,0.8571428571428571,dc1db26a9d211048bfb74fbf5a0a8e60b5c91b425448a7138a626b610988846a,mild_shift,9,0.5714285714285714,7,seat_order_neutral_policy_seed_62_game_2_wolf_kill,0.0,0.006164652745390464,frozen_ml_epsilon_010,0.2857142857142857,62,9,0.5714285714285714
1,1,3,seat_order_neutral_policy,1.0,9911bc9c991c13d360d5bc407ea675182efccd639e7788e3cf44094c0419f3fd,mild_shift,3,1.0,3,seat_order_neutral_policy_seed_62_game_3_wolf_kill,0.0,0.0038393876746964928,existing_rule,0.0,62,3,1.0
1,1,3,seat_order_neutral_policy,1.0,9911bc9c991c13d360d5bc407ea675182efccd639e7788e3cf44094c0419f3fd,mild_shift,3,1.0,3,seat_order_neutral_policy_seed_62_game_3_wolf_kill,0.0,0.0038393876746964928,frozen_ml,0.0,62,3,1.0
1,1,3,seat_order_neutral_policy,1.0,9911bc9c991c13d360d5bc407ea675182efccd639e7788e3cf44094c0419f3fd,mild_shift,3,1.0,3,seat_order_neutral_policy_seed_62_game_3_wolf_kill,0.0,0.0038393876746964928,frozen_hybrid_50_50,0.0,62,3,1.0
1,1,3,seat_order_neutral_policy,1.0,9911bc9c991c13d360d5bc407ea675182efccd639e7788e3cf44094c0419f3fd,mild_shift,3,1.0,3,seat_order_neutral_policy_seed_62_game_3_wolf_kill,0.0,0.0038393876746964928,frozen_ml_epsilon_010,0.0,62,3,1.0
1,0,1,seat_order_neutral_policy,0.7142857142857143,0d8ecb911f5210badc255f6ff7dfa916003f1765ca6325fdb8ad96a60fe7cca5,in_distribution,1,0.5714285714285714,3,seat_order_neutral_policy_seed_63_game_1_wolf_kill,0.0,0.004050265686427079,existing_rule,0.1428571428571429,63,1,0.5714285714285714
0,0,1,seat_order_neutral_policy,0.7142857142857143,0d8ecb911f5210badc255f6ff7dfa916003f1765ca6325fdb8ad96a60fe7cca5,in_distribution,1,0.5714285714285714,3,seat_order_neutral_policy_seed_63_game_1_wolf_kill,0.1428571428571429,0.004050265686427079,frozen_ml,0.0,63,5,0.7142857142857143
0,0,1,seat_order_neutral_policy,0.7142857142857143,0d8ecb911f5210badc255f6ff7dfa916003f1765ca6325fdb8ad96a60fe7cca5,in_distribution,1,0.5714285714285714,3,seat_order_neutral_policy_seed_63_game_1_wolf_kill,0.1428571428571429,0.004050265686427079,frozen_hybrid_50_50,0.0,63,5,0.7142857142857143
0,0,1,seat_order_neutral_policy,0.7142857142857143,0d8ecb911f5210badc255f6ff7dfa916003f1765ca6325fdb8ad96a60fe7cca5,in_distribution,1,0.5714285714285714,3,seat_order_neutral_policy_seed_63_game_1_wolf_kill,0.1428571428571429,0.004050265686427079,frozen_ml_epsilon_010,0.0,63,5,0.7142857142857143
1,0,2,seat_order_neutral_policy,0.7142857142857143,09a73ad44f0ee7584b495d4f970ff6ce520155b3dd5cfd3f24ef0fbd10e96b26,in_distribution,3,0.5714285714285714,1,seat_order_neutral_policy_seed_63_game_2_wolf_kill,0.0,0.006160282816897733,existing_rule,0.1428571428571429,63,3,0.5714285714285714
0,0,2,seat_order_neutral_policy,0.7142857142857143,09a73ad44f0ee7584b495d4f970ff6ce520155b3dd5cfd3f24ef0fbd10e96b26,in_distribution,3,0.5714285714285714,1,seat_order_neutral_policy_seed_63_game_2_wolf_kill,0.0,0.006160282816897733,frozen_ml,0.1428571428571429,63,8,0.5714285714285714
0,0,2,seat_order_neutral_policy,0.7142857142857143,09a73ad44f0ee7584b495d4f970ff6ce520155b3dd5cfd3f24ef0fbd10e96b26,in_distribution,3,0.5714285714285714,1,seat_order_neutral_policy_seed_63_game_2_wolf_kill,0.0,0.006160282816897733,frozen_hybrid_50_50,0.1428571428571429,63,8,0.5714285714285714
0,0,2,seat_order_neutral_policy,0.7142857142857143,09a73ad44f0ee7584b495d4f970ff6ce520155b3dd5cfd3f24ef0fbd10e96b26,in_distribution,3,0.5714285714285714,1,seat_order_neutral_policy_seed_63_game_2_wolf_kill,0.0,0.006160282816897733,frozen_ml_epsilon_010,0.1428571428571429,63,8,0.5714285714285714
1,0,3,seat_order_neutral_policy,0.8571428571428571,d63d8d6b1d566f4758a3f2dc321b41a42800ea8e30695bbfa8e46d17e7467a83,in_distribution,4,0.5714285714285714,10,seat_order_neutral_policy_seed_63_game_3_wolf_kill,0.0,0.02144404635761976,existing_rule,0.2857142857142857,63,4,0.5714285714285714
0,0,3,seat_order_neutral_policy,0.8571428571428571,d63d8d6b1d566f4758a3f2dc321b41a42800ea8e30695bbfa8e46d17e7467a83,in_distribution,4,0.5714285714285714,10,seat_order_neutral_policy_seed_63_game_3_wolf_kill,0.2857142857142857,0.02144404635761976,frozen_ml,0.0,63,2,0.8571428571428571
0,1,3,seat_order_neutral_policy,0.8571428571428571,d63d8d6b1d566f4758a3f2dc321b41a42800ea8e30695bbfa8e46d17e7467a83,mild_shift,4,0.5714285714285714,10,seat_order_neutral_policy_seed_63_game_3_wolf_kill,0.2857142857142857,0.02144404635761976,frozen_hybrid_50_50,0.0,63,10,0.8571428571428571
0,0,3,seat_order_neutral_policy,0.8571428571428571,d63d8d6b1d566f4758a3f2dc321b41a42800ea8e30695bbfa8e46d17e7467a83,in_distribution,4,0.5714285714285714,10,seat_order_neutral_policy_seed_63_game_3_wolf_kill,0.2857142857142857,0.02144404635761976,frozen_ml_epsilon_010,0.0,63,2,0.8571428571428571
1,0,1,seat_order_neutral_policy,0.7142857142857143,bdeba9af349a05536459d108793f53372cf9d06c750dce53ea8f85bdb6836a83,in_distribution,8,0.42857142857142855,4,seat_order_neutral_policy_seed_64_game_1_wolf_kill,0.0,0.027438207544515203,existing_rule,0.28571428571428575,64,8,0.42857142857142855
0,1,1,seat_order_neutral_policy,0.7142857142857143,bdeba9af349a05536459d108793f53372cf9d06c750dce53ea8f85bdb6836a83,in_distribution,8,0.42857142857142855,4,seat_order_neutral_policy_seed_64_game_1_wolf_kill,0.28571428571428575,0.027438207544515203,frozen_ml,0.0,64,4,0.7142857142857143
0,1,1,seat_order_neutral_policy,0.7142857142857143,bdeba9af349a05536459d108793f53372cf9d06c750dce53ea8f85bdb6836a83,in_distribution,8,0.42857142857142855,4,seat_order_neutral_policy_seed_64_game_1_wolf_kill,0.28571428571428575,0.027438207544515203,frozen_hybrid_50_50,0.0,64,4,0.7142857142857143
0,1,1,seat_order_neutral_policy,0.7142857142857143,bdeba9af349a05536459d108793f53372cf9d06c750dce53ea8f85bdb6836a83,in_distribution,8,0.42857142857142855,4,seat_order_neutral_policy_seed_64_game_1_wolf_kill,0.28571428571428575,0.027438207544515203,frozen_ml_epsilon_010,0.0,64,4,0.7142857142857143
1,0,2,seat_order_neutral_policy,0.5714285714285714,8ef482af0fc3a4e2fe833d5ebc75da5571f9603198dafd81c153f06d5d042c62,in_distribution,9,0.42857142857142855,2,seat_order_neutral_policy_seed_64_game_2_wolf_kill,0.0,0.03199120804944178,existing_rule,0.14285714285714285,64,9,0.42857142857142855
1,0,2,seat_order_neutral_policy,0.5714285714285714,8ef482af0fc3a4e2fe833d5ebc75da5571f9603198dafd81c153f06d5d042c62,in_distribution,9,0.42857142857142855,2,seat_order_neutral_policy_seed_64_game_2_wolf_kill,0.0,0.03199120804944178,frozen_ml,0.14285714285714285,64,9,0.42857142857142855
1,0,2,seat_order_neutral_policy,0.5714285714285714,8ef482af0fc3a4e2fe833d5ebc75da5571f9603198dafd81c153f06d5d042c62,in_distribution,9,0.42857142857142855,2,seat_order_neutral_policy_seed_64_game_2_wolf_kill,0.0,0.03199120804944178,frozen_hybrid_50_50,0.14285714285714285,64,9,0.42857142857142855
1,0,2,seat_order_neutral_policy,0.5714285714285714,8ef482af0fc3a4e2fe833d5ebc75da5571f9603198dafd81c153f06d5d042c62,in_distribution,9,0.42857142857142855,2,seat_order_neutral_policy_seed_64_game_2_wolf_kill,0.0,0.03199120804944178,frozen_ml_epsilon_010,0.14285714285714285,64,9,0.42857142857142855
1,0,3,seat_order_neutral_policy,0.7142857142857143,089ef123dde6595f6b50371589f5f3c6dcc62a4ef0e33340ed611b268b17b07c,mild_shift,3,0.5714285714285714,1,seat_order_neutral_policy_seed_64_game_3_wolf_kill,0.0,0.0165456928072103,existing_rule,0.1428571428571429,64,3,0.5714285714285714
1,0,3,seat_order_neutral_policy,0.7142857142857143,089ef123dde6595f6b50371589f5f3c6dcc62a4ef0e33340ed611b268b17b07c,mild_shift,3,0.5714285714285714,1,seat_order_neutral_policy_seed_64_game_3_wolf_kill,0.0,0.0165456928072103,frozen_ml,0.1428571428571429,64,3,0.5714285714285714
1,0,3,seat_order_neutral_policy,0.7142857142857143,089ef123dde6595f6b50371589f5f3c6dcc62a4ef0e33340ed611b268b17b07c,mild_shift,3,0.5714285714285714,1,seat_order_neutral_policy_seed_64_game_3_wolf_kill,0.0,0.0165456928072103,frozen_hybrid_50_50,0.1428571428571429,64,3,0.5714285714285714
1,0,3,seat_order_neutral_policy,0.7142857142857143,089ef123dde6595f6b50371589f5f3c6dcc62a4ef0e33340ed611b268b17b07c,mild_shift,3,0.5714285714285714,1,seat_order_neutral_policy_seed_64_game_3_wolf_kill,0.0,0.0165456928072103,frozen_ml_epsilon_010,0.1428571428571429,64,3,0.5714285714285714
1,1,1,speech_and_herding_policy,1.0,1a5c3856c6b0a0df12202c0406c3c4dbc2eb968212294463289a35fde6f4eef9,in_distribution,2,1.0,2,speech_and_herding_policy_seed_60_game_1_wolf_kill,0.0,0.011058636367307195,existing_rule,0.0,60,2,1.0
0,0,1,speech_and_herding_policy,1.0,1a5c3856c6b0a0df12202c0406c3c4dbc2eb968212294463289a35fde6f4eef9,in_distribution,2,1.0,2,speech_and_herding_policy_seed_60_game_1_wolf_kill,-0.1428571428571429,0.011058636367307195,frozen_ml,0.1428571428571429,60,7,0.8571428571428571
0,0,1,speech_and_herding_policy,1.0,1a5c3856c6b0a0df12202c0406c3c4dbc2eb968212294463289a35fde6f4eef9,in_distribution,2,1.0,2,speech_and_herding_policy_seed_60_game_1_wolf_kill,-0.1428571428571429,0.011058636367307195,frozen_hybrid_50_50,0.1428571428571429,60,7,0.8571428571428571
0,0,1,speech_and_herding_policy,1.0,1a5c3856c6b0a0df12202c0406c3c4dbc2eb968212294463289a35fde6f4eef9,in_distribution,2,1.0,2,speech_and_herding_policy_seed_60_game_1_wolf_kill,-0.1428571428571429,0.011058636367307195,frozen_ml_epsilon_010,0.1428571428571429,60,7,0.8571428571428571
1,0,2,speech_and_herding_policy,0.8571428571428571,49309ce8506240aa559a0a09b0a65dd9b5bc7104902b99b342edaeb738631988,in_distribution,7,0.7142857142857143,5,speech_and_herding_policy_seed_60_game_2_wolf_kill,0.0,0.01722328911269766,existing_rule,0.1428571428571428,60,7,0.7142857142857143
1,0,2,speech_and_herding_policy,0.8571428571428571,49309ce8506240aa559a0a09b0a65dd9b5bc7104902b99b342edaeb738631988,in_distribution,7,0.7142857142857143,5,speech_and_herding_policy_seed_60_game_2_wolf_kill,0.0,0.01722328911269766,frozen_ml,0.1428571428571428,60,7,0.7142857142857143
1,0,2,speech_and_herding_policy,0.8571428571428571,49309ce8506240aa559a0a09b0a65dd9b5bc7104902b99b342edaeb738631988,in_distribution,7,0.7142857142857143,5,speech_and_herding_policy_seed_60_game_2_wolf_kill,0.0,0.01722328911269766,frozen_hybrid_50_50,0.1428571428571428,60,7,0.7142857142857143
1,0,2,speech_and_herding_policy,0.8571428571428571,49309ce8506240aa559a0a09b0a65dd9b5bc7104902b99b342edaeb738631988,in_distribution,7,0.7142857142857143,5,speech_and_herding_policy_seed_60_game_2_wolf_kill,0.0,0.01722328911269766,frozen_ml_epsilon_010,0.1428571428571428,60,7,0.7142857142857143
1,0,3,speech_and_herding_policy,0.8571428571428571,64791f3f30715b376dca0fbd492e59a3025adc820b7fc615c7a1a106aedecbcc,in_distribution,3,0.8571428571428571,10,speech_and_herding_policy_seed_60_game_3_wolf_kill,0.0,0.0021547735121989486,existing_rule,0.0,60,3,0.8571428571428571
0,0,3,speech_and_herding_policy,0.8571428571428571,64791f3f30715b376dca0fbd492e59a3025adc820b7fc615c7a1a106aedecbcc,in_distribution,3,0.8571428571428571,10,speech_and_herding_policy_seed_60_game_3_wolf_kill,-0.1428571428571428,0.0021547735121989486,frozen_ml,0.1428571428571428,60,8,0.7142857142857143
0,0,3,speech_and_herding_policy,0.8571428571428571,64791f3f30715b376dca0fbd492e59a3025adc820b7fc615c7a1a106aedecbcc,mild_shift,3,0.8571428571428571,10,speech_and_herding_policy_seed_60_game_3_wolf_kill,0.0,0.0021547735121989486,frozen_hybrid_50_50,0.0,60,9,0.8571428571428571
0,0,3,speech_and_herding_policy,0.8571428571428571,64791f3f30715b376dca0fbd492e59a3025adc820b7fc615c7a1a106aedecbcc,in_distribution,3,0.8571428571428571,10,speech_and_herding_policy_seed_60_game_3_wolf_kill,-0.1428571428571428,0.0021547735121989486,frozen_ml_epsilon_010,0.1428571428571428,60,8,0.7142857142857143
1,1,1,speech_and_herding_policy,0.8571428571428571,e6e86d6e67e4b609c394a3b3db9ea653390b49b79ae6ca6e238b05d275cb83e5,in_distribution,4,0.8571428571428571,4,speech_and_herding_policy_seed_61_game_1_wolf_kill,0.0,0.010385409990312566,existing_rule,0.0,61,4,0.8571428571428571
1,1,1,speech_and_herding_policy,0.8571428571428571,e6e86d6e67e4b609c394a3b3db9ea653390b49b79ae6ca6e238b05d275cb83e5,in_distribution,4,0.8571428571428571,4,speech_and_herding_policy_seed_61_game_1_wolf_kill,0.0,0.010385409990312566,frozen_ml,0.0,61,4,0.8571428571428571
0,0,1,speech_and_herding_policy,0.8571428571428571,e6e86d6e67e4b609c394a3b3db9ea653390b49b79ae6ca6e238b05d275cb83e5,mild_shift,4,0.8571428571428571,4,speech_and_herding_policy_seed_61_game_1_wolf_kill,-0.2857142857142857,0.010385409990312566,frozen_hybrid_50_50,0.2857142857142857,61,10,0.5714285714285714
1,1,1,speech_and_herding_policy,0.8571428571428571,e6e86d6e67e4b609c394a3b3db9ea653390b49b79ae6ca6e238b05d275cb83e5,in_distribution,4,0.8571428571428571,4,speech_and_herding_policy_seed_61_game_1_wolf_kill,0.0,0.010385409990312566,frozen_ml_epsilon_010,0.0,61,4,0.8571428571428571
1,1,2,speech_and_herding_policy,1.0,4453cf65ab1216ad38533c0e68617c8345a5132111f58e39cea6a44abee40d36,in_distribution,9,1.0,9,speech_and_herding_policy_seed_61_game_2_wolf_kill,0.0,0.010717653250317039,existing_rule,0.0,61,9,1.0
1,1,2,speech_and_herding_policy,1.0,4453cf65ab1216ad38533c0e68617c8345a5132111f58e39cea6a44abee40d36,in_distribution,9,1.0,9,speech_and_herding_policy_seed_61_game_2_wolf_kill,0.0,0.010717653250317039,frozen_ml,0.0,61,9,1.0
1,1,2,speech_and_herding_policy,1.0,4453cf65ab1216ad38533c0e68617c8345a5132111f58e39cea6a44abee40d36,in_distribution,9,1.0,9,speech_and_herding_policy_seed_61_game_2_wolf_kill,0.0,0.010717653250317039,frozen_hybrid_50_50,0.0,61,9,1.0
1,1,2,speech_and_herding_policy,1.0,4453cf65ab1216ad38533c0e68617c8345a5132111f58e39cea6a44abee40d36,in_distribution,9,1.0,9,speech_and_herding_policy_seed_61_game_2_wolf_kill,0.0,0.010717653250317039,frozen_ml_epsilon_010,0.0,61,9,1.0
1,0,3,speech_and_herding_policy,1.0,eb206c58a15387620f13518b7c2fb9e1485a9664a229f20dd233cbc019a05ac6,in_distribution,3,0.5714285714285714,5,speech_and_herding_policy_seed_61_game_3_wolf_kill,0.0,0.004386878874924394,existing_rule,0.4285714285714286,61,3,0.5714285714285714
0,1,3,speech_and_herding_policy,1.0,eb206c58a15387620f13518b7c2fb9e1485a9664a229f20dd233cbc019a05ac6,in_distribution,3,0.5714285714285714,5,speech_and_herding_policy_seed_61_game_3_wolf_kill,0.4285714285714286,0.004386878874924394,frozen_ml,0.0,61,5,1.0
0,1,3,speech_and_herding_policy,1.0,eb206c58a15387620f13518b7c2fb9e1485a9664a229f20dd233cbc019a05ac6,in_distribution,3,0.5714285714285714,5,speech_and_herding_policy_seed_61_game_3_wolf_kill,0.4285714285714286,0.004386878874924394,frozen_hybrid_50_50,0.0,61,5,1.0
0,1,3,speech_and_herding_policy,1.0,eb206c58a15387620f13518b7c2fb9e1485a9664a229f20dd233cbc019a05ac6,in_distribution,3,0.5714285714285714,5,speech_and_herding_policy_seed_61_game_3_wolf_kill,0.4285714285714286,0.004386878874924394,frozen_ml_epsilon_010,0.0,61,5,1.0
1,1,1,speech_and_herding_policy,1.0,d41f338cf1b5d1e9c851aa891c184f91d5ff7eddc09f69f7ba8e951c23c3e3e4,in_distribution,1,1.0,1,speech_and_herding_policy_seed_62_game_1_wolf_kill,0.0,0.01072202317880977,existing_rule,0.0,62,1,1.0
0,0,1,speech_and_herding_policy,1.0,d41f338cf1b5d1e9c851aa891c184f91d5ff7eddc09f69f7ba8e951c23c3e3e4,in_distribution,1,1.0,1,speech_and_herding_policy_seed_62_game_1_wolf_kill,-0.1428571428571429,0.01072202317880977,frozen_ml,0.1428571428571429,62,8,0.8571428571428571
0,0,1,speech_and_herding_policy,1.0,d41f338cf1b5d1e9c851aa891c184f91d5ff7eddc09f69f7ba8e951c23c3e3e4,mild_shift,1,1.0,1,speech_and_herding_policy_seed_62_game_1_wolf_kill,-0.2857142857142857,0.01072202317880977,frozen_hybrid_50_50,0.2857142857142857,62,3,0.7142857142857143
0,0,1,speech_and_herding_policy,1.0,d41f338cf1b5d1e9c851aa891c184f91d5ff7eddc09f69f7ba8e951c23c3e3e4,in_distribution,1,1.0,1,speech_and_herding_policy_seed_62_game_1_wolf_kill,-0.1428571428571429,0.01072202317880977,frozen_ml_epsilon_010,0.1428571428571429,62,8,0.8571428571428571
1,0,2,speech_and_herding_policy,0.7142857142857143,b2dce8a5533f3b76c89dcc4d18e6560264f25915b229bc149b7f525829031562,in_distribution,9,0.7142857142857143,4,speech_and_herding_policy_seed_62_game_2_wolf_kill,0.0,0.004561740361912148,existing_rule,0.0,62,9,0.7142857142857143
0,0,2,speech_and_herding_policy,0.7142857142857143,b2dce8a5533f3b76c89dcc4d18e6560264f25915b229bc149b7f525829031562,in_distribution,9,0.7142857142857143,4,speech_and_herding_policy_seed_62_game_2_wolf_kill,-0.28571428571428575,0.004561740361912148,frozen_ml,0.28571428571428575,62,1,0.42857142857142855
0,1,2,speech_and_herding_policy,0.7142857142857143,b2dce8a5533f3b76c89dcc4d18e6560264f25915b229bc149b7f525829031562,mild_shift,9,0.7142857142857143,4,speech_and_herding_policy_seed_62_game_2_wolf_kill,0.0,0.004561740361912148,frozen_hybrid_50_50,0.0,62,4,0.7142857142857143
0,0,2,speech_and_herding_policy,0.7142857142857143,b2dce8a5533f3b76c89dcc4d18e6560264f25915b229bc149b7f525829031562,in_distribution,9,0.7142857142857143,4,speech_and_herding_policy_seed_62_game_2_wolf_kill,-0.28571428571428575,0.004561740361912148,frozen_ml_epsilon_010,0.28571428571428575,62,1,0.42857142857142855
1,1,3,speech_and_herding_policy,1.0,6b47e2e20969e01ac1164fe765334e81fdf99d63d1c4b5254241210bc1b48e64,in_distribution,2,1.0,2,speech_and_herding_policy_seed_62_game_3_wolf_kill,0.0,0.008315056329096682,existing_rule,0.0,62,2,1.0
0,0,3,speech_and_herding_policy,1.0,6b47e2e20969e01ac1164fe765334e81fdf99d63d1c4b5254241210bc1b48e64,in_distribution,2,1.0,2,speech_and_herding_policy_seed_62_game_3_wolf_kill,-0.2857142857142857,0.008315056329096682,frozen_ml,0.2857142857142857,62,7,0.7142857142857143
0,0,3,speech_and_herding_policy,1.0,6b47e2e20969e01ac1164fe765334e81fdf99d63d1c4b5254241210bc1b48e64,mild_shift,2,1.0,2,speech_and_herding_policy_seed_62_game_3_wolf_kill,-0.1428571428571429,0.008315056329096682,frozen_hybrid_50_50,0.1428571428571429,62,1,0.8571428571428571
0,0,3,speech_and_herding_policy,1.0,6b47e2e20969e01ac1164fe765334e81fdf99d63d1c4b5254241210bc1b48e64,in_distribution,2,1.0,2,speech_and_herding_policy_seed_62_game_3_wolf_kill,-0.2857142857142857,0.008315056329096682,frozen_ml_epsilon_010,0.2857142857142857,62,7,0.7142857142857143
1,0,1,speech_and_herding_policy,0.8571428571428571,5669fc9f380ad60f901872c9dfa71e475caf3fa9c5bf0ad976f03d9699864d6c,mild_shift,5,0.42857142857142855,9,speech_and_herding_policy_seed_63_game_1_wolf_kill,0.0,0.01722328911269766,existing_rule,0.42857142857142855,63,5,0.42857142857142855
0,0,1,speech_and_herding_policy,0.8571428571428571,5669fc9f380ad60f901872c9dfa71e475caf3fa9c5bf0ad976f03d9699864d6c,mild_shift,5,0.42857142857142855,9,speech_and_herding_policy_seed_63_game_1_wolf_kill,-0.14285714285714285,0.01722328911269766,frozen_ml,0.5714285714285714,63,7,0.2857142857142857
0,0,1,speech_and_herding_policy,0.8571428571428571,5669fc9f380ad60f901872c9dfa71e475caf3fa9c5bf0ad976f03d9699864d6c,mild_shift,5,0.42857142857142855,9,speech_and_herding_policy_seed_63_game_1_wolf_kill,-0.14285714285714285,0.01722328911269766,frozen_hybrid_50_50,0.5714285714285714,63,7,0.2857142857142857
0,0,1,speech_and_herding_policy,0.8571428571428571,5669fc9f380ad60f901872c9dfa71e475caf3fa9c5bf0ad976f03d9699864d6c,mild_shift,5,0.42857142857142855,9,speech_and_herding_policy_seed_63_game_1_wolf_kill,-0.14285714285714285,0.01722328911269766,frozen_ml_epsilon_010,0.5714285714285714,63,7,0.2857142857142857
1,0,2,speech_and_herding_policy,1.0,c1cb577411859dbaad70b797ddfa4aa06a2c97d84cca93e598bdaeedf2876478,in_distribution,8,1.0,1,speech_and_herding_policy_seed_63_game_2_wolf_kill,0.0,0.01072202317880977,existing_rule,0.0,63,8,1.0
1,0,2,speech_and_herding_policy,1.0,c1cb577411859dbaad70b797ddfa4aa06a2c97d84cca93e598bdaeedf2876478,in_distribution,8,1.0,1,speech_and_herding_policy_seed_63_game_2_wolf_kill,0.0,0.01072202317880977,frozen_ml,0.0,63,8,1.0
1,0,2,speech_and_herding_policy,1.0,c1cb577411859dbaad70b797ddfa4aa06a2c97d84cca93e598bdaeedf2876478,in_distribution,8,1.0,1,speech_and_herding_policy_seed_63_game_2_wolf_kill,0.0,0.01072202317880977,frozen_hybrid_50_50,0.0,63,8,1.0
0,0,2,speech_and_herding_policy,1.0,c1cb577411859dbaad70b797ddfa4aa06a2c97d84cca93e598bdaeedf2876478,in_distribution,8,1.0,1,speech_and_herding_policy_seed_63_game_2_wolf_kill,-0.5714285714285714,0.01072202317880977,frozen_ml_epsilon_010,0.5714285714285714,63,10,0.42857142857142855
1,0,3,speech_and_herding_policy,1.0,00362a045bb641396e3f9110489ac6933a1ae6e78e2a7ab4ba7182b6ead4d95d,in_distribution,7,1.0,1,speech_and_herding_policy_seed_63_game_3_wolf_kill,0.0,0.03233219116643182,existing_rule,0.0,63,7,1.0
1,0,3,speech_and_herding_policy,1.0,00362a045bb641396e3f9110489ac6933a1ae6e78e2a7ab4ba7182b6ead4d95d,in_distribution,7,1.0,1,speech_and_herding_policy_seed_63_game_3_wolf_kill,0.0,0.03233219116643182,frozen_ml,0.0,63,7,1.0
1,0,3,speech_and_herding_policy,1.0,00362a045bb641396e3f9110489ac6933a1ae6e78e2a7ab4ba7182b6ead4d95d,in_distribution,7,1.0,1,speech_and_herding_policy_seed_63_game_3_wolf_kill,0.0,0.03233219116643182,frozen_hybrid_50_50,0.0,63,7,1.0
1,0,3,speech_and_herding_policy,1.0,00362a045bb641396e3f9110489ac6933a1ae6e78e2a7ab4ba7182b6ead4d95d,in_distribution,7,1.0,1,speech_and_herding_policy_seed_63_game_3_wolf_kill,0.0,0.03233219116643182,frozen_ml_epsilon_010,0.0,63,7,1.0
1,0,1,speech_and_herding_policy,0.8571428571428571,482cc96623d13191768501924d564bbcf03c694fb04144f25d399162c7a01f42,in_distribution,8,0.7142857142857143,7,speech_and_herding_policy_seed_64_game_1_wolf_kill,0.0,0.01072202317880988,existing_rule,0.1428571428571428,64,8,0.7142857142857143
0,1,1,speech_and_herding_policy,0.8571428571428571,482cc96623d13191768501924d564bbcf03c694fb04144f25d399162c7a01f42,in_distribution,8,0.7142857142857143,7,speech_and_herding_policy_seed_64_game_1_wolf_kill,0.1428571428571428,0.01072202317880988,frozen_ml,0.0,64,7,0.8571428571428571
0,0,1,speech_and_herding_policy,0.8571428571428571,482cc96623d13191768501924d564bbcf03c694fb04144f25d399162c7a01f42,mild_shift,8,0.7142857142857143,7,speech_and_herding_policy_seed_64_game_1_wolf_kill,0.1428571428571428,0.01072202317880988,frozen_hybrid_50_50,0.0,64,9,0.8571428571428571
0,1,1,speech_and_herding_policy,0.8571428571428571,482cc96623d13191768501924d564bbcf03c694fb04144f25d399162c7a01f42,in_distribution,8,0.7142857142857143,7,speech_and_herding_policy_seed_64_game_1_wolf_kill,0.1428571428571428,0.01072202317880988,frozen_ml_epsilon_010,0.0,64,7,0.8571428571428571
1,1,2,speech_and_herding_policy,1.0,6badc8a8cd1c238d191129ee427859acff1feaacc32d78821ebbb9dee42d0e1e,in_distribution,2,1.0,2,speech_and_herding_policy_seed_64_game_2_wolf_kill,0.0,0.01911878128692579,existing_rule,0.0,64,2,1.0
0,0,2,speech_and_herding_policy,1.0,6badc8a8cd1c238d191129ee427859acff1feaacc32d78821ebbb9dee42d0e1e,mild_shift,2,1.0,2,speech_and_herding_policy_seed_64_game_2_wolf_kill,-0.1428571428571429,0.01911878128692579,frozen_ml,0.1428571428571429,64,9,0.8571428571428571
0,0,2,speech_and_herding_policy,1.0,6badc8a8cd1c238d191129ee427859acff1feaacc32d78821ebbb9dee42d0e1e,mild_shift,2,1.0,2,speech_and_herding_policy_seed_64_game_2_wolf_kill,-0.1428571428571429,0.01911878128692579,frozen_hybrid_50_50,0.1428571428571429,64,9,0.8571428571428571
0,0,2,speech_and_herding_policy,1.0,6badc8a8cd1c238d191129ee427859acff1feaacc32d78821ebbb9dee42d0e1e,mild_shift,2,1.0,2,speech_and_herding_policy_seed_64_game_2_wolf_kill,-0.1428571428571429,0.01911878128692579,frozen_ml_epsilon_010,0.1428571428571429,64,9,0.8571428571428571
1,0,3,speech_and_herding_policy,0.8571428571428571,d772d26f70ebfcf6081dd9b926619d4952c5098ec7e921ede793dc62fb70eae8,in_distribution,3,0.7142857142857143,9,speech_and_herding_policy_seed_64_game_3_wolf_kill,0.0,0.004220757244922102,existing_rule,0.1428571428571428,64,3,0.7142857142857143
0,0,3,speech_and_herding_policy,0.8571428571428571,d772d26f70ebfcf6081dd9b926619d4952c5098ec7e921ede793dc62fb70eae8,in_distribution,3,0.7142857142857143,9,speech_and_herding_policy_seed_64_game_3_wolf_kill,-0.1428571428571429,0.004220757244922102,frozen_ml,0.2857142857142857,64,5,0.5714285714285714
0,0,3,speech_and_herding_policy,0.8571428571428571,d772d26f70ebfcf6081dd9b926619d4952c5098ec7e921ede793dc62fb70eae8,in_distribution,3,0.7142857142857143,9,speech_and_herding_policy_seed_64_game_3_wolf_kill,-0.1428571428571429,0.004220757244922102,frozen_hybrid_50_50,0.2857142857142857,64,5,0.5714285714285714
0,0,3,speech_and_herding_policy,0.8571428571428571,d772d26f70ebfcf6081dd9b926619d4952c5098ec7e921ede793dc62fb70eae8,in_distribution,3,0.7142857142857143,9,speech_and_herding_policy_seed_64_game_3_wolf_kill,-0.1428571428571429,0.004220757244922102,frozen_ml_epsilon_010,0.2857142857142857,64,5,0.5714285714285714
1,0,1,deception_enabled_policy,0.7142857142857143,d76dd2c15487c7e442b1c754dc6378802d5c10289b67469bbd5476f89060e89b,in_distribution,4,0.5714285714285714,10,deception_enabled_policy_seed_60_game_1_wolf_kill,0.0,0.027608699103010226,existing_rule,0.1428571428571429,60,4,0.5714285714285714
0,0,1,deception_enabled_policy,0.7142857142857143,d76dd2c15487c7e442b1c754dc6378802d5c10289b67469bbd5476f89060e89b,in_distribution,4,0.5714285714285714,10,deception_enabled_policy_seed_60_game_1_wolf_kill,-0.2857142857142857,0.027608699103010226,frozen_ml,0.4285714285714286,60,7,0.2857142857142857
0,0,1,deception_enabled_policy,0.7142857142857143,d76dd2c15487c7e442b1c754dc6378802d5c10289b67469bbd5476f89060e89b,in_distribution,4,0.5714285714285714,10,deception_enabled_policy_seed_60_game_1_wolf_kill,-0.2857142857142857,0.027608699103010226,frozen_hybrid_50_50,0.4285714285714286,60,7,0.2857142857142857
0,0,1,deception_enabled_policy,0.7142857142857143,d76dd2c15487c7e442b1c754dc6378802d5c10289b67469bbd5476f89060e89b,in_distribution,4,0.5714285714285714,10,deception_enabled_policy_seed_60_game_1_wolf_kill,-0.2857142857142857,0.027608699103010226,frozen_ml_epsilon_010,0.4285714285714286,60,7,0.2857142857142857
1,0,2,deception_enabled_policy,0.5714285714285714,09e80d4b40ac55007a3c6b08bded6dd94b78ba259ee821cc741d8c5442f079cb,in_distribution,7,0.5714285714285714,1,deception_enabled_policy_seed_60_game_2_wolf_kill,0.0,0.00017049155849513387,existing_rule,0.0,60,7,0.5714285714285714
1,0,2,deception_enabled_policy,0.5714285714285714,09e80d4b40ac55007a3c6b08bded6dd94b78ba259ee821cc741d8c5442f079cb,in_distribution,7,0.5714285714285714,1,deception_enabled_policy_seed_60_game_2_wolf_kill,0.0,0.00017049155849513387,frozen_ml,0.0,60,7,0.5714285714285714
1,0,2,deception_enabled_policy,0.5714285714285714,09e80d4b40ac55007a3c6b08bded6dd94b78ba259ee821cc741d8c5442f079cb,in_distribution,7,0.5714285714285714,1,deception_enabled_policy_seed_60_game_2_wolf_kill,0.0,0.00017049155849513387,frozen_hybrid_50_50,0.0,60,7,0.5714285714285714
1,0,2,deception_enabled_policy,0.5714285714285714,09e80d4b40ac55007a3c6b08bded6dd94b78ba259ee821cc741d8c5442f079cb,in_distribution,7,0.5714285714285714,1,deception_enabled_policy_seed_60_game_2_wolf_kill,0.0,0.00017049155849513387,frozen_ml_epsilon_010,0.0,60,7,0.5714285714285714
1,0,3,deception_enabled_policy,0.7142857142857143,83948876e250e3f64b347b58524b5ef3df291bcb3d1d97cee67030329fa269bd,in_distribution,5,0.42857142857142855,9,deception_enabled_policy_seed_60_game_3_wolf_kill,0.0,0.017052797554202637,existing_rule,0.28571428571428575,60,5,0.42857142857142855
0,1,3,deception_enabled_policy,0.7142857142857143,83948876e250e3f64b347b58524b5ef3df291bcb3d1d97cee67030329fa269bd,in_distribution,5,0.42857142857142855,9,deception_enabled_policy_seed_60_game_3_wolf_kill,0.28571428571428575,0.017052797554202637,frozen_ml,0.0,60,9,0.7142857142857143
0,0,3,deception_enabled_policy,0.7142857142857143,83948876e250e3f64b347b58524b5ef3df291bcb3d1d97cee67030329fa269bd,mild_shift,5,0.42857142857142855,9,deception_enabled_policy_seed_60_game_3_wolf_kill,0.0,0.017052797554202637,frozen_hybrid_50_50,0.28571428571428575,60,10,0.42857142857142855
0,1,3,deception_enabled_policy,0.7142857142857143,83948876e250e3f64b347b58524b5ef3df291bcb3d1d97cee67030329fa269bd,in_distribution,5,0.42857142857142855,9,deception_enabled_policy_seed_60_game_3_wolf_kill,0.28571428571428575,0.017052797554202637,frozen_ml_epsilon_010,0.0,60,9,0.7142857142857143
1,0,1,deception_enabled_policy,0.5714285714285714,a3abe37b12551b0bac2dab906e4005fdfabeed9d71f490149b2612ea143f8c6a,mild_shift,10,0.42857142857142855,1,deception_enabled_policy_seed_61_game_1_wolf_kill,0.0,0.004386878874924394,existing_rule,0.14285714285714285,61,10,0.42857142857142855
1,0,1,deception_enabled_policy,0.5714285714285714,a3abe37b12551b0bac2dab906e4005fdfabeed9d71f490149b2612ea143f8c6a,mild_shift,10,0.42857142857142855,1,deception_enabled_policy_seed_61_game_1_wolf_kill,0.0,0.004386878874924394,frozen_ml,0.14285714285714285,61,10,0.42857142857142855
1,0,1,deception_enabled_policy,0.5714285714285714,a3abe37b12551b0bac2dab906e4005fdfabeed9d71f490149b2612ea143f8c6a,mild_shift,10,0.42857142857142855,1,deception_enabled_policy_seed_61_game_1_wolf_kill,0.0,0.004386878874924394,frozen_hybrid_50_50,0.14285714285714285,61,10,0.42857142857142855
1,0,1,deception_enabled_policy,0.5714285714285714,a3abe37b12551b0bac2dab906e4005fdfabeed9d71f490149b2612ea143f8c6a,mild_shift,10,0.42857142857142855,1,deception_enabled_policy_seed_61_game_1_wolf_kill,0.0,0.004386878874924394,frozen_ml_epsilon_010,0.14285714285714285,61,10,0.42857142857142855
1,1,2,deception_enabled_policy,0.8571428571428571,32e6613e6193918536a77c3d871ecb31524fa9a0186c8f0ff11f901873e133f5,in_distribution,4,0.8571428571428571,4,deception_enabled_policy_seed_61_game_2_wolf_kill,0.0,0.03233219116643182,existing_rule,0.0,61,4,0.8571428571428571
0,0,2,deception_enabled_policy,0.8571428571428571,32e6613e6193918536a77c3d871ecb31524fa9a0186c8f0ff11f901873e133f5,in_distribution,4,0.8571428571428571,4,deception_enabled_policy_seed_61_game_2_wolf_kill,-0.42857142857142855,0.03233219116643182,frozen_ml,0.42857142857142855,61,7,0.42857142857142855
0,0,2,deception_enabled_policy,0.8571428571428571,32e6613e6193918536a77c3d871ecb31524fa9a0186c8f0ff11f901873e133f5,in_distribution,4,0.8571428571428571,4,deception_enabled_policy_seed_61_game_2_wolf_kill,-0.42857142857142855,0.03233219116643182,frozen_hybrid_50_50,0.42857142857142855,61,7,0.42857142857142855
0,0,2,deception_enabled_policy,0.8571428571428571,32e6613e6193918536a77c3d871ecb31524fa9a0186c8f0ff11f901873e133f5,in_distribution,4,0.8571428571428571,4,deception_enabled_policy_seed_61_game_2_wolf_kill,-0.42857142857142855,0.03233219116643182,frozen_ml_epsilon_010,0.42857142857142855,61,7,0.42857142857142855
1,0,3,deception_enabled_policy,0.8571428571428571,5e922155775eedfe1f1044d241cd18f9db16d3bae0906bead06c0dd9e261e836,in_distribution,2,0.5714285714285714,8,deception_enabled_policy_seed_61_game_3_wolf_kill,0.0,0.04271323122825166,existing_rule,0.2857142857142857,61,2,0.5714285714285714
0,1,3,deception_enabled_policy,0.8571428571428571,5e922155775eedfe1f1044d241cd18f9db16d3bae0906bead06c0dd9e261e836,in_distribution,2,0.5714285714285714,8,deception_enabled_policy_seed_61_game_3_wolf_kill,0.2857142857142857,0.04271323122825166,frozen_ml,0.0,61,8,0.8571428571428571
0,1,3,deception_enabled_policy,0.8571428571428571,5e922155775eedfe1f1044d241cd18f9db16d3bae0906bead06c0dd9e261e836,in_distribution,2,0.5714285714285714,8,deception_enabled_policy_seed_61_game_3_wolf_kill,0.2857142857142857,0.04271323122825166,frozen_hybrid_50_50,0.0,61,8,0.8571428571428571
0,1,3,deception_enabled_policy,0.8571428571428571,5e922155775eedfe1f1044d241cd18f9db16d3bae0906bead06c0dd9e261e836,in_distribution,2,0.5714285714285714,8,deception_enabled_policy_seed_61_game_3_wolf_kill,0.2857142857142857,0.04271323122825166,frozen_ml_epsilon_010,0.0,61,8,0.8571428571428571
1,0,1,deception_enabled_policy,1.0,41901f41fc785ca8ea7452b19818d566c162d0548ac63615283a7f36c1789800,in_distribution,10,0.8571428571428571,3,deception_enabled_policy_seed_62_game_1_wolf_kill,0.0,0.027438207544515203,existing_rule,0.1428571428571429,62,10,0.8571428571428571
0,0,1,deception_enabled_policy,1.0,41901f41fc785ca8ea7452b19818d566c162d0548ac63615283a7f36c1789800,in_distribution,10,0.8571428571428571,3,deception_enabled_policy_seed_62_game_1_wolf_kill,0.0,0.027438207544515203,frozen_ml,0.1428571428571429,62,9,0.8571428571428571
0,0,1,deception_enabled_policy,1.0,41901f41fc785ca8ea7452b19818d566c162d0548ac63615283a7f36c1789800,in_distribution,10,0.8571428571428571,3,deception_enabled_policy_seed_62_game_1_wolf_kill,0.0,0.027438207544515203,frozen_hybrid_50_50,0.1428571428571429,62,9,0.8571428571428571
0,0,1,deception_enabled_policy,1.0,41901f41fc785ca8ea7452b19818d566c162d0548ac63615283a7f36c1789800,in_distribution,10,0.8571428571428571,3,deception_enabled_policy_seed_62_game_1_wolf_kill,0.0,0.027438207544515203,frozen_ml_epsilon_010,0.1428571428571429,62,9,0.8571428571428571
1,1,2,deception_enabled_policy,0.8571428571428571,40adaa7a945745972fbcdcc82130ba7a1026a0195d18f2d9b63c62e9b1b87096,in_distribution,4,0.8571428571428571,4,deception_enabled_policy_seed_62_game_2_wolf_kill,0.0,0.004727861991914328,existing_rule,0.0,62,4,0.8571428571428571
0,0,2,deception_enabled_policy,0.8571428571428571,40adaa7a945745972fbcdcc82130ba7a1026a0195d18f2d9b63c62e9b1b87096,in_distribution,4,0.8571428571428571,4,deception_enabled_policy_seed_62_game_2_wolf_kill,0.0,0.004727861991914328,frozen_ml,0.0,62,6,0.8571428571428571
0,0,2,deception_enabled_policy,0.8571428571428571,40adaa7a945745972fbcdcc82130ba7a1026a0195d18f2d9b63c62e9b1b87096,in_distribution,4,0.8571428571428571,4,deception_enabled_policy_seed_62_game_2_wolf_kill,0.0,0.004727861991914328,frozen_hybrid_50_50,0.0,62,6,0.8571428571428571
0,0,2,deception_enabled_policy,0.8571428571428571,40adaa7a945745972fbcdcc82130ba7a1026a0195d18f2d9b63c62e9b1b87096,in_distribution,4,0.8571428571428571,4,deception_enabled_policy_seed_62_game_2_wolf_kill,0.0,0.004727861991914328,frozen_ml_epsilon_010,0.0,62,6,0.8571428571428571
1,0,3,deception_enabled_policy,0.8571428571428571,9153970560fabda9ae1fe619ec63f101a6cee23b993a10a8d81a12e6c7fd4af1,in_distribution,8,0.42857142857142855,1,deception_enabled_policy_seed_62_game_3_wolf_kill,0.0,0.01072202317880988,existing_rule,0.42857142857142855,62,8,0.42857142857142855
0,0,3,deception_enabled_policy,0.8571428571428571,9153970560fabda9ae1fe619ec63f101a6cee23b993a10a8d81a12e6c7fd4af1,in_distribution,8,0.42857142857142855,1,deception_enabled_policy_seed_62_game_3_wolf_kill,0.14285714285714285,0.01072202317880988,frozen_ml,0.2857142857142857,62,7,0.5714285714285714
0,0,3,deception_enabled_policy,0.8571428571428571,9153970560fabda9ae1fe619ec63f101a6cee23b993a10a8d81a12e6c7fd4af1,in_distribution,8,0.42857142857142855,1,deception_enabled_policy_seed_62_game_3_wolf_kill,0.14285714285714285,0.01072202317880988,frozen_hybrid_50_50,0.2857142857142857,62,7,0.5714285714285714
0,0,3,deception_enabled_policy,0.8571428571428571,9153970560fabda9ae1fe619ec63f101a6cee23b993a10a8d81a12e6c7fd4af1,in_distribution,8,0.42857142857142855,1,deception_enabled_policy_seed_62_game_3_wolf_kill,0.14285714285714285,0.01072202317880988,frozen_ml_epsilon_010,0.2857142857142857,62,7,0.5714285714285714
1,1,1,deception_enabled_policy,0.7142857142857143,632abc268ad5e8669975035686c2f39eaa482e1b3cd6fade22461b1456c725a7,in_distribution,10,0.7142857142857143,10,deception_enabled_policy_seed_63_game_1_wolf_kill,0.0,0.02144404635761976,existing_rule,0.0,63,10,0.7142857142857143
0,0,1,deception_enabled_policy,0.7142857142857143,632abc268ad5e8669975035686c2f39eaa482e1b3cd6fade22461b1456c725a7,in_distribution,10,0.7142857142857143,10,deception_enabled_policy_seed_63_game_1_wolf_kill,-0.28571428571428575,0.02144404635761976,frozen_ml,0.28571428571428575,63,7,0.42857142857142855
0,0,1,deception_enabled_policy,0.7142857142857143,632abc268ad5e8669975035686c2f39eaa482e1b3cd6fade22461b1456c725a7,in_distribution,10,0.7142857142857143,10,deception_enabled_policy_seed_63_game_1_wolf_kill,-0.28571428571428575,0.02144404635761976,frozen_hybrid_50_50,0.28571428571428575,63,7,0.42857142857142855
0,0,1,deception_enabled_policy,0.7142857142857143,632abc268ad5e8669975035686c2f39eaa482e1b3cd6fade22461b1456c725a7,in_distribution,10,0.7142857142857143,10,deception_enabled_policy_seed_63_game_1_wolf_kill,-0.28571428571428575,0.02144404635761976,frozen_ml_epsilon_010,0.28571428571428575,63,7,0.42857142857142855
1,0,2,deception_enabled_policy,0.8571428571428571,94a5f9d56e58a478195cab2934d83f8ac39ca5bd665bab38b6deab2fa41cecdc,in_distribution,3,0.8571428571428571,10,deception_enabled_policy_seed_63_game_2_wolf_kill,0.0,0.010385409990312566,existing_rule,0.0,63,3,0.8571428571428571
0,0,2,deception_enabled_policy,0.8571428571428571,94a5f9d56e58a478195cab2934d83f8ac39ca5bd665bab38b6deab2fa41cecdc,in_distribution,3,0.8571428571428571,10,deception_enabled_policy_seed_63_game_2_wolf_kill,0.0,0.010385409990312566,frozen_ml,0.0,63,4,0.8571428571428571
0,0,2,deception_enabled_policy,0.8571428571428571,94a5f9d56e58a478195cab2934d83f8ac39ca5bd665bab38b6deab2fa41cecdc,in_distribution,3,0.8571428571428571,10,deception_enabled_policy_seed_63_game_2_wolf_kill,0.0,0.010385409990312566,frozen_hybrid_50_50,0.0,63,4,0.8571428571428571
0,0,2,deception_enabled_policy,0.8571428571428571,94a5f9d56e58a478195cab2934d83f8ac39ca5bd665bab38b6deab2fa41cecdc,in_distribution,3,0.8571428571428571,10,deception_enabled_policy_seed_63_game_2_wolf_kill,0.0,0.010385409990312566,frozen_ml_epsilon_010,0.0,63,4,0.8571428571428571
1,1,3,deception_enabled_policy,0.8571428571428571,cbe72c5526d940559f49fa390ad846901a4f1f34f1320cdf95e279cc42e60de7,in_distribution,2,0.8571428571428571,2,deception_enabled_policy_seed_63_game_3_wolf_kill,0.0,0.004727861991914439,existing_rule,0.0,63,2,0.8571428571428571
0,0,3,deception_enabled_policy,0.8571428571428571,cbe72c5526d940559f49fa390ad846901a4f1f34f1320cdf95e279cc42e60de7,in_distribution,2,0.8571428571428571,2,deception_enabled_policy_seed_63_game_3_wolf_kill,-0.2857142857142857,0.004727861991914439,frozen_ml,0.2857142857142857,63,6,0.5714285714285714
0,0,3,deception_enabled_policy,0.8571428571428571,cbe72c5526d940559f49fa390ad846901a4f1f34f1320cdf95e279cc42e60de7,in_distribution,2,0.8571428571428571,2,deception_enabled_policy_seed_63_game_3_wolf_kill,-0.2857142857142857,0.004727861991914439,frozen_hybrid_50_50,0.2857142857142857,63,6,0.5714285714285714
0,0,3,deception_enabled_policy,0.8571428571428571,cbe72c5526d940559f49fa390ad846901a4f1f34f1320cdf95e279cc42e60de7,in_distribution,2,0.8571428571428571,2,deception_enabled_policy_seed_63_game_3_wolf_kill,-0.2857142857142857,0.004727861991914439,frozen_ml_epsilon_010,0.2857142857142857,63,6,0.5714285714285714
1,0,1,deception_enabled_policy,1.0,63d0372b31b1ed632e82b49a208c18de73a854481008611135a62eb4bf11bdc0,in_distribution,7,1.0,10,deception_enabled_policy_seed_64_game_1_wolf_kill,0.0,0.010726393107302723,existing_rule,0.0,64,7,1.0
0,0,1,deception_enabled_policy,1.0,63d0372b31b1ed632e82b49a208c18de73a854481008611135a62eb4bf11bdc0,in_distribution,7,1.0,10,deception_enabled_policy_seed_64_game_1_wolf_kill,-0.1428571428571429,0.010726393107302723,frozen_ml,0.1428571428571429,64,1,0.8571428571428571
0,0,1,deception_enabled_policy,1.0,63d0372b31b1ed632e82b49a208c18de73a854481008611135a62eb4bf11bdc0,in_distribution,7,1.0,10,deception_enabled_policy_seed_64_game_1_wolf_kill,-0.1428571428571429,0.010726393107302723,frozen_hybrid_50_50,0.1428571428571429,64,1,0.8571428571428571
0,0,1,deception_enabled_policy,1.0,63d0372b31b1ed632e82b49a208c18de73a854481008611135a62eb4bf11bdc0,in_distribution,7,1.0,10,deception_enabled_policy_seed_64_game_1_wolf_kill,-0.1428571428571429,0.010726393107302723,frozen_ml_epsilon_010,0.1428571428571429,64,1,0.8571428571428571
1,0,2,deception_enabled_policy,0.7142857142857143,866728c50b0eb5913246cd10f291a597f7d3eba9df597e7d877bbc894dd92aea,in_distribution,9,0.7142857142857143,6,deception_enabled_policy_seed_64_game_2_wolf_kill,0.0,0.004727861991914328,existing_rule,0.0,64,9,0.7142857142857143
0,1,2,deception_enabled_policy,0.7142857142857143,866728c50b0eb5913246cd10f291a597f7d3eba9df597e7d877bbc894dd92aea,in_distribution,9,0.7142857142857143,6,deception_enabled_policy_seed_64_game_2_wolf_kill,0.0,0.004727861991914328,frozen_ml,0.0,64,6,0.7142857142857143
0,1,2,deception_enabled_policy,0.7142857142857143,866728c50b0eb5913246cd10f291a597f7d3eba9df597e7d877bbc894dd92aea,in_distribution,9,0.7142857142857143,6,deception_enabled_policy_seed_64_game_2_wolf_kill,0.0,0.004727861991914328,frozen_hybrid_50_50,0.0,64,6,0.7142857142857143
0,1,2,deception_enabled_policy,0.7142857142857143,866728c50b0eb5913246cd10f291a597f7d3eba9df597e7d877bbc894dd92aea,in_distribution,9,0.7142857142857143,6,deception_enabled_policy_seed_64_game_2_wolf_kill,0.0,0.004727861991914328,frozen_ml_epsilon_010,0.0,64,6,0.7142857142857143
1,0,3,deception_enabled_policy,0.8571428571428571,105e067ae73a549893c9611a2e529844402d8dfb146116f1e386d677af76ea56,in_distribution,6,0.8571428571428571,4,deception_enabled_policy_seed_64_game_3_wolf_kill,0.0,0.00582366962840053,existing_rule,0.0,64,6,0.8571428571428571
0,0,3,deception_enabled_policy,0.8571428571428571,105e067ae73a549893c9611a2e529844402d8dfb146116f1e386d677af76ea56,in_distribution,6,0.8571428571428571,4,deception_enabled_policy_seed_64_game_3_wolf_kill,0.0,0.00582366962840053,frozen_ml,0.0,64,9,0.8571428571428571
0,0,3,deception_enabled_policy,0.8571428571428571,105e067ae73a549893c9611a2e529844402d8dfb146116f1e386d677af76ea56,mild_shift,6,0.8571428571428571,4,deception_enabled_policy_seed_64_game_3_wolf_kill,-0.5714285714285714,0.00582366962840053,frozen_hybrid_50_50,0.5714285714285714,64,1,0.2857142857142857
0,0,3,deception_enabled_policy,0.8571428571428571,105e067ae73a549893c9611a2e529844402d8dfb146116f1e386d677af76ea56,in_distribution,6,0.8571428571428571,4,deception_enabled_policy_seed_64_game_3_wolf_kill,0.0,0.00582366962840053,frozen_ml_epsilon_010,0.0,64,9,0.8571428571428571
1,0,1,risk_heterogeneous_policy,0.8571428571428571,8c226e0f357073b74999cdd73bb00e0a4e896d8d89d677225a02c6a8615327c7,mild_shift,3,0.7142857142857143,8,risk_heterogeneous_policy_seed_60_game_1_wolf_kill,0.0,0.0023208951422012403,existing_rule,0.1428571428571428,60,3,0.7142857142857143
0,1,1,risk_heterogeneous_policy,0.8571428571428571,8c226e0f357073b74999cdd73bb00e0a4e896d8d89d677225a02c6a8615327c7,in_distribution,3,0.7142857142857143,8,risk_heterogeneous_policy_seed_60_game_1_wolf_kill,0.1428571428571428,0.0023208951422012403,frozen_ml,0.0,60,8,0.8571428571428571
1,0,1,risk_heterogeneous_policy,0.8571428571428571,8c226e0f357073b74999cdd73bb00e0a4e896d8d89d677225a02c6a8615327c7,mild_shift,3,0.7142857142857143,8,risk_heterogeneous_policy_seed_60_game_1_wolf_kill,0.0,0.0023208951422012403,frozen_hybrid_50_50,0.1428571428571428,60,3,0.7142857142857143
0,1,1,risk_heterogeneous_policy,0.8571428571428571,8c226e0f357073b74999cdd73bb00e0a4e896d8d89d677225a02c6a8615327c7,in_distribution,3,0.7142857142857143,8,risk_heterogeneous_policy_seed_60_game_1_wolf_kill,0.1428571428571428,0.0023208951422012403,frozen_ml_epsilon_010,0.0,60,8,0.8571428571428571
1,1,2,risk_heterogeneous_policy,1.0,c26f943f44856b67575dc2d80878efdd1510bae604e92ac2d53dfefe74994a0c,mild_shift,1,1.0,1,risk_heterogeneous_policy_seed_60_game_2_wolf_kill,0.0,0.008144564770601548,existing_rule,0.0,60,1,1.0
0,0,2,risk_heterogeneous_policy,1.0,c26f943f44856b67575dc2d80878efdd1510bae604e92ac2d53dfefe74994a0c,in_distribution,1,1.0,1,risk_heterogeneous_policy_seed_60_game_2_wolf_kill,-0.2857142857142857,0.008144564770601548,frozen_ml,0.2857142857142857,60,9,0.7142857142857143
1,1,2,risk_heterogeneous_policy,1.0,c26f943f44856b67575dc2d80878efdd1510bae604e92ac2d53dfefe74994a0c,mild_shift,1,1.0,1,risk_heterogeneous_policy_seed_60_game_2_wolf_kill,0.0,0.008144564770601548,frozen_hybrid_50_50,0.0,60,1,1.0
0,0,2,risk_heterogeneous_policy,1.0,c26f943f44856b67575dc2d80878efdd1510bae604e92ac2d53dfefe74994a0c,in_distribution,1,1.0,1,risk_heterogeneous_policy_seed_60_game_2_wolf_kill,-0.2857142857142857,0.008144564770601548,frozen_ml_epsilon_010,0.2857142857142857,60,9,0.7142857142857143
1,0,3,risk_heterogeneous_policy,0.7142857142857143,6a4975564c8dda593a99f001fed5f60a53076e2b02fb9a29463f4fda456a4b01,mild_shift,6,0.7142857142857143,10,risk_heterogeneous_policy_seed_60_game_3_wolf_kill,0.0,0.01979637759241304,existing_rule,0.0,60,6,0.7142857142857143
1,0,3,risk_heterogeneous_policy,0.7142857142857143,6a4975564c8dda593a99f001fed5f60a53076e2b02fb9a29463f4fda456a4b01,mild_shift,6,0.7142857142857143,10,risk_heterogeneous_policy_seed_60_game_3_wolf_kill,0.0,0.01979637759241304,frozen_ml,0.0,60,6,0.7142857142857143
1,0,3,risk_heterogeneous_policy,0.7142857142857143,6a4975564c8dda593a99f001fed5f60a53076e2b02fb9a29463f4fda456a4b01,mild_shift,6,0.7142857142857143,10,risk_heterogeneous_policy_seed_60_game_3_wolf_kill,0.0,0.01979637759241304,frozen_hybrid_50_50,0.0,60,6,0.7142857142857143
1,0,3,risk_heterogeneous_policy,0.7142857142857143,6a4975564c8dda593a99f001fed5f60a53076e2b02fb9a29463f4fda456a4b01,mild_shift,6,0.7142857142857143,10,risk_heterogeneous_policy_seed_60_game_3_wolf_kill,0.0,0.01979637759241304,frozen_ml_epsilon_010,0.0,60,6,0.7142857142857143
1,0,1,risk_heterogeneous_policy,0.8571428571428571,7e3473f42db2158b873d2acee0f2349697fc0a545501499dcca14f87cf7613a7,in_distribution,7,0.7142857142857143,1,risk_heterogeneous_policy_seed_61_game_1_wolf_kill,0.0,0.04288372278674668,existing_rule,0.1428571428571428,61,7,0.7142857142857143
1,0,1,risk_heterogeneous_policy,0.8571428571428571,7e3473f42db2158b873d2acee0f2349697fc0a545501499dcca14f87cf7613a7,in_distribution,7,0.7142857142857143,1,risk_heterogeneous_policy_seed_61_game_1_wolf_kill,0.0,0.04288372278674668,frozen_ml,0.1428571428571428,61,7,0.7142857142857143
1,0,1,risk_heterogeneous_policy,0.8571428571428571,7e3473f42db2158b873d2acee0f2349697fc0a545501499dcca14f87cf7613a7,in_distribution,7,0.7142857142857143,1,risk_heterogeneous_policy_seed_61_game_1_wolf_kill,0.0,0.04288372278674668,frozen_hybrid_50_50,0.1428571428571428,61,7,0.7142857142857143
1,0,1,risk_heterogeneous_policy,0.8571428571428571,7e3473f42db2158b873d2acee0f2349697fc0a545501499dcca14f87cf7613a7,in_distribution,7,0.7142857142857143,1,risk_heterogeneous_policy_seed_61_game_1_wolf_kill,0.0,0.04288372278674668,frozen_ml_epsilon_010,0.1428571428571428,61,7,0.7142857142857143
1,0,2,risk_heterogeneous_policy,1.0,4ebd2a4808122e8a15689c0e5e5f38f3cfdeb68439a45d1e8339dcd87e28004a,mild_shift,3,0.8571428571428571,7,risk_heterogeneous_policy_seed_61_game_2_wolf_kill,0.0,0.010888144808812172,existing_rule,0.1428571428571429,61,3,0.8571428571428571
0,1,2,risk_heterogeneous_policy,1.0,4ebd2a4808122e8a15689c0e5e5f38f3cfdeb68439a45d1e8339dcd87e28004a,in_distribution,3,0.8571428571428571,7,risk_heterogeneous_policy_seed_61_game_2_wolf_kill,0.1428571428571429,0.010888144808812172,frozen_ml,0.0,61,7,1.0
1,0,2,risk_heterogeneous_policy,1.0,4ebd2a4808122e8a15689c0e5e5f38f3cfdeb68439a45d1e8339dcd87e28004a,mild_shift,3,0.8571428571428571,7,risk_heterogeneous_policy_seed_61_game_2_wolf_kill,0.0,0.010888144808812172,frozen_hybrid_50_50,0.1428571428571429,61,3,0.8571428571428571
0,1,2,risk_heterogeneous_policy,1.0,4ebd2a4808122e8a15689c0e5e5f38f3cfdeb68439a45d1e8339dcd87e28004a,in_distribution,3,0.8571428571428571,7,risk_heterogeneous_policy_seed_61_game_2_wolf_kill,0.1428571428571429,0.010888144808812172,frozen_ml_epsilon_010,0.0,61,7,1.0
1,0,3,risk_heterogeneous_policy,1.0,597a351c38ffebe936d5f4dcccbcce1558c7b856af1d4c71e0372ccec352f284,mild_shift,9,0.7142857142857143,2,risk_heterogeneous_policy_seed_61_game_3_wolf_kill,0.0,0.01072202317880988,existing_rule,0.2857142857142857,61,9,0.7142857142857143
0,0,3,risk_heterogeneous_policy,1.0,597a351c38ffebe936d5f4dcccbcce1558c7b856af1d4c71e0372ccec352f284,in_distribution,9,0.7142857142857143,2,risk_heterogeneous_policy_seed_61_game_3_wolf_kill,-0.1428571428571429,0.01072202317880988,frozen_ml,0.4285714285714286,61,7,0.5714285714285714
1,0,3,risk_heterogeneous_policy,1.0,597a351c38ffebe936d5f4dcccbcce1558c7b856af1d4c71e0372ccec352f284,mild_shift,9,0.7142857142857143,2,risk_heterogeneous_policy_seed_61_game_3_wolf_kill,0.0,0.01072202317880988,frozen_hybrid_50_50,0.2857142857142857,61,9,0.7142857142857143
0,0,3,risk_heterogeneous_policy,1.0,597a351c38ffebe936d5f4dcccbcce1558c7b856af1d4c71e0372ccec352f284,in_distribution,9,0.7142857142857143,2,risk_heterogeneous_policy_seed_61_game_3_wolf_kill,-0.1428571428571429,0.01072202317880988,frozen_ml_epsilon_010,0.4285714285714286,61,7,0.5714285714285714
1,0,1,risk_heterogeneous_policy,1.0,f3314d3fdeaa7855ad6cd153e393fd834daf9157bc3122adee4fae890e3e41a6,in_distribution,9,0.8571428571428571,1,risk_heterogeneous_policy_seed_62_game_1_wolf_kill,0.0,0.027438207544515203,existing_rule,0.1428571428571429,62,9,0.8571428571428571
1,0,1,risk_heterogeneous_policy,1.0,f3314d3fdeaa7855ad6cd153e393fd834daf9157bc3122adee4fae890e3e41a6,in_distribution,9,0.8571428571428571,1,risk_heterogeneous_policy_seed_62_game_1_wolf_kill,0.0,0.027438207544515203,frozen_ml,0.1428571428571429,62,9,0.8571428571428571
0,1,1,risk_heterogeneous_policy,1.0,f3314d3fdeaa7855ad6cd153e393fd834daf9157bc3122adee4fae890e3e41a6,mild_shift,9,0.8571428571428571,1,risk_heterogeneous_policy_seed_62_game_1_wolf_kill,0.1428571428571429,0.027438207544515203,frozen_hybrid_50_50,0.0,62,1,1.0
1,0,1,risk_heterogeneous_policy,1.0,f3314d3fdeaa7855ad6cd153e393fd834daf9157bc3122adee4fae890e3e41a6,in_distribution,9,0.8571428571428571,1,risk_heterogeneous_policy_seed_62_game_1_wolf_kill,0.0,0.027438207544515203,frozen_ml_epsilon_010,0.1428571428571429,62,9,0.8571428571428571
1,0,2,risk_heterogeneous_policy,1.0,c5fe1002a3f206efeb422ebceb04a1a4083dd82c0e805f7dd3e85ebce492e838,in_distribution,7,1.0,1,risk_heterogeneous_policy_seed_62_game_2_wolf_kill,0.0,0.04288372278674668,existing_rule,0.0,62,7,1.0
1,0,2,risk_heterogeneous_policy,1.0,c5fe1002a3f206efeb422ebceb04a1a4083dd82c0e805f7dd3e85ebce492e838,in_distribution,7,1.0,1,risk_heterogeneous_policy_seed_62_game_2_wolf_kill,0.0,0.04288372278674668,frozen_ml,0.0,62,7,1.0
1,0,2,risk_heterogeneous_policy,1.0,c5fe1002a3f206efeb422ebceb04a1a4083dd82c0e805f7dd3e85ebce492e838,in_distribution,7,1.0,1,risk_heterogeneous_policy_seed_62_game_2_wolf_kill,0.0,0.04288372278674668,frozen_hybrid_50_50,0.0,62,7,1.0
1,0,2,risk_heterogeneous_policy,1.0,c5fe1002a3f206efeb422ebceb04a1a4083dd82c0e805f7dd3e85ebce492e838,in_distribution,7,1.0,1,risk_heterogeneous_policy_seed_62_game_2_wolf_kill,0.0,0.04288372278674668,frozen_ml_epsilon_010,0.0,62,7,1.0
1,0,3,risk_heterogeneous_policy,0.8571428571428571,60e9c9eab6d4b773df3ed61240d69bb03175c03e9f8fc9e7fc5bd9a80b033404,mild_shift,8,0.42857142857142855,10,risk_heterogeneous_policy_seed_62_game_3_wolf_kill,0.0,0.003839387674696604,existing_rule,0.42857142857142855,62,8,0.42857142857142855
1,0,3,risk_heterogeneous_policy,0.8571428571428571,60e9c9eab6d4b773df3ed61240d69bb03175c03e9f8fc9e7fc5bd9a80b033404,mild_shift,8,0.42857142857142855,10,risk_heterogeneous_policy_seed_62_game_3_wolf_kill,0.0,0.003839387674696604,frozen_ml,0.42857142857142855,62,8,0.42857142857142855
1,0,3,risk_heterogeneous_policy,0.8571428571428571,60e9c9eab6d4b773df3ed61240d69bb03175c03e9f8fc9e7fc5bd9a80b033404,mild_shift,8,0.42857142857142855,10,risk_heterogeneous_policy_seed_62_game_3_wolf_kill,0.0,0.003839387674696604,frozen_hybrid_50_50,0.42857142857142855,62,8,0.42857142857142855
1,0,3,risk_heterogeneous_policy,0.8571428571428571,60e9c9eab6d4b773df3ed61240d69bb03175c03e9f8fc9e7fc5bd9a80b033404,mild_shift,8,0.42857142857142855,10,risk_heterogeneous_policy_seed_62_game_3_wolf_kill,0.0,0.003839387674696604,frozen_ml_epsilon_010,0.42857142857142855,62,8,0.42857142857142855
1,0,1,risk_heterogeneous_policy,1.0,e968c7d4bbcf90a1276f4d051c483fa32c7377a5bdac0e0e95849b608ab8102c,in_distribution,3,0.42857142857142855,9,risk_heterogeneous_policy_seed_63_game_1_wolf_kill,0.0,0.006501265933887779,existing_rule,0.5714285714285714,63,3,0.42857142857142855
0,0,1,risk_heterogeneous_policy,1.0,e968c7d4bbcf90a1276f4d051c483fa32c7377a5bdac0e0e95849b608ab8102c,in_distribution,3,0.42857142857142855,9,risk_heterogeneous_policy_seed_63_game_1_wolf_kill,-0.14285714285714285,0.006501265933887779,frozen_ml,0.7142857142857143,63,8,0.2857142857142857
0,0,1,risk_heterogeneous_policy,1.0,e968c7d4bbcf90a1276f4d051c483fa32c7377a5bdac0e0e95849b608ab8102c,in_distribution,3,0.42857142857142855,9,risk_heterogeneous_policy_seed_63_game_1_wolf_kill,-0.14285714285714285,0.006501265933887779,frozen_hybrid_50_50,0.7142857142857143,63,8,0.2857142857142857
0,0,1,risk_heterogeneous_policy,1.0,e968c7d4bbcf90a1276f4d051c483fa32c7377a5bdac0e0e95849b608ab8102c,in_distribution,3,0.42857142857142855,9,risk_heterogeneous_policy_seed_63_game_1_wolf_kill,-0.14285714285714285,0.006501265933887779,frozen_ml_epsilon_010,0.7142857142857143,63,8,0.2857142857142857
1,0,2,risk_heterogeneous_policy,0.7142857142857143,a4ca5834f8e90957a85c7395b0d78fa8ba403f158472651dd7087ca93444088c,mild_shift,4,0.5714285714285714,1,risk_heterogeneous_policy_seed_63_game_2_wolf_kill,0.0,0.021610167987621942,existing_rule,0.1428571428571429,63,4,0.5714285714285714
0,0,2,risk_heterogeneous_policy,0.7142857142857143,a4ca5834f8e90957a85c7395b0d78fa8ba403f158472651dd7087ca93444088c,mild_shift,4,0.5714285714285714,1,risk_heterogeneous_policy_seed_63_game_2_wolf_kill,-0.14285714285714285,0.021610167987621942,frozen_ml,0.28571428571428575,63,8,0.42857142857142855
0,0,2,risk_heterogeneous_policy,0.7142857142857143,a4ca5834f8e90957a85c7395b0d78fa8ba403f158472651dd7087ca93444088c,mild_shift,4,0.5714285714285714,1,risk_heterogeneous_policy_seed_63_game_2_wolf_kill,-0.14285714285714285,0.021610167987621942,frozen_hybrid_50_50,0.28571428571428575,63,8,0.42857142857142855
0,0,2,risk_heterogeneous_policy,0.7142857142857143,a4ca5834f8e90957a85c7395b0d78fa8ba403f158472651dd7087ca93444088c,mild_shift,4,0.5714285714285714,1,risk_heterogeneous_policy_seed_63_game_2_wolf_kill,-0.14285714285714285,0.021610167987621942,frozen_ml_epsilon_010,0.28571428571428575,63,8,0.42857142857142855
1,0,3,risk_heterogeneous_policy,1.0,b1fd563cf2f366feb3f7289160bc127ad36bc8db2b8474fd6b1b95839b7ccf06,mild_shift,8,0.8571428571428571,3,risk_heterogeneous_policy_seed_63_game_3_wolf_kill,0.0,0.03600108728263329,existing_rule,0.1428571428571429,63,8,0.8571428571428571
1,0,3,risk_heterogeneous_policy,1.0,b1fd563cf2f366feb3f7289160bc127ad36bc8db2b8474fd6b1b95839b7ccf06,mild_shift,8,0.8571428571428571,3,risk_heterogeneous_policy_seed_63_game_3_wolf_kill,0.0,0.03600108728263329,frozen_ml,0.1428571428571429,63,8,0.8571428571428571
1,0,3,risk_heterogeneous_policy,1.0,b1fd563cf2f366feb3f7289160bc127ad36bc8db2b8474fd6b1b95839b7ccf06,mild_shift,8,0.8571428571428571,3,risk_heterogeneous_policy_seed_63_game_3_wolf_kill,0.0,0.03600108728263329,frozen_hybrid_50_50,0.1428571428571429,63,8,0.8571428571428571
1,0,3,risk_heterogeneous_policy,1.0,b1fd563cf2f366feb3f7289160bc127ad36bc8db2b8474fd6b1b95839b7ccf06,mild_shift,8,0.8571428571428571,3,risk_heterogeneous_policy_seed_63_game_3_wolf_kill,0.0,0.03600108728263329,frozen_ml_epsilon_010,0.1428571428571429,63,8,0.8571428571428571
1,0,1,risk_heterogeneous_policy,0.8571428571428571,3946118eb1bce222189b3a615a92fe81bc8bc5be3eb3415c10d4398dc3dde1f0,in_distribution,9,0.2857142857142857,6,risk_heterogeneous_policy_seed_64_game_1_wolf_kill,0.0,0.01544988517072432,existing_rule,0.5714285714285714,64,9,0.2857142857142857
0,1,1,risk_heterogeneous_policy,0.8571428571428571,3946118eb1bce222189b3a615a92fe81bc8bc5be3eb3415c10d4398dc3dde1f0,in_distribution,9,0.2857142857142857,6,risk_heterogeneous_policy_seed_64_game_1_wolf_kill,0.5714285714285714,0.01544988517072432,frozen_ml,0.0,64,6,0.8571428571428571
0,1,1,risk_heterogeneous_policy,0.8571428571428571,3946118eb1bce222189b3a615a92fe81bc8bc5be3eb3415c10d4398dc3dde1f0,in_distribution,9,0.2857142857142857,6,risk_heterogeneous_policy_seed_64_game_1_wolf_kill,0.5714285714285714,0.01544988517072432,frozen_hybrid_50_50,0.0,64,6,0.8571428571428571
0,1,1,risk_heterogeneous_policy,0.8571428571428571,3946118eb1bce222189b3a615a92fe81bc8bc5be3eb3415c10d4398dc3dde1f0,in_distribution,9,0.2857142857142857,6,risk_heterogeneous_policy_seed_64_game_1_wolf_kill,0.5714285714285714,0.01544988517072432,frozen_ml_epsilon_010,0.0,64,6,0.8571428571428571
1,1,2,risk_heterogeneous_policy,0.5714285714285714,ba625431734daceb557aa0df807e706e06262f062e0ae5bdffc51c6fe0e35329,in_distribution,5,0.5714285714285714,5,risk_heterogeneous_policy_seed_64_game_2_wolf_kill,0.0,0.03781924760633504,existing_rule,0.0,64,5,0.5714285714285714
0,0,2,risk_heterogeneous_policy,0.5714285714285714,ba625431734daceb557aa0df807e706e06262f062e0ae5bdffc51c6fe0e35329,in_distribution,5,0.5714285714285714,5,risk_heterogeneous_policy_seed_64_game_2_wolf_kill,0.0,0.03781924760633504,frozen_ml,0.0,64,8,0.5714285714285714
0,0,2,risk_heterogeneous_policy,0.5714285714285714,ba625431734daceb557aa0df807e706e06262f062e0ae5bdffc51c6fe0e35329,in_distribution,5,0.5714285714285714,5,risk_heterogeneous_policy_seed_64_game_2_wolf_kill,0.0,0.03781924760633504,frozen_hybrid_50_50,0.0,64,8,0.5714285714285714
0,0,2,risk_heterogeneous_policy,0.5714285714285714,ba625431734daceb557aa0df807e706e06262f062e0ae5bdffc51c6fe0e35329,in_distribution,5,0.5714285714285714,5,risk_heterogeneous_policy_seed_64_game_2_wolf_kill,0.0,0.03781924760633504,frozen_ml_epsilon_010,0.0,64,8,0.5714285714285714
1,0,3,risk_heterogeneous_policy,0.8571428571428571,2b654a0cef63a6fb52d5ac9331f7c9245a7ba823332cbf423a39667b17976933,mild_shift,5,0.7142857142857143,2,risk_heterogeneous_policy_seed_64_game_3_wolf_kill,0.0,0.04048112586552621,existing_rule,0.1428571428571428,64,5,0.7142857142857143
0,0,3,risk_heterogeneous_policy,0.8571428571428571,2b654a0cef63a6fb52d5ac9331f7c9245a7ba823332cbf423a39667b17976933,in_distribution,5,0.7142857142857143,2,risk_heterogeneous_policy_seed_64_game_3_wolf_kill,0.1428571428571428,0.04048112586552621,frozen_ml,0.0,64,8,0.8571428571428571
1,0,3,risk_heterogeneous_policy,0.8571428571428571,2b654a0cef63a6fb52d5ac9331f7c9245a7ba823332cbf423a39667b17976933,mild_shift,5,0.7142857142857143,2,risk_heterogeneous_policy_seed_64_game_3_wolf_kill,0.0,0.04048112586552621,frozen_hybrid_50_50,0.1428571428571428,64,5,0.7142857142857143
0,0,3,risk_heterogeneous_policy,0.8571428571428571,2b654a0cef63a6fb52d5ac9331f7c9245a7ba823332cbf423a39667b17976933,in_distribution,5,0.7142857142857143,2,risk_heterogeneous_policy_seed_64_game_3_wolf_kill,0.1428571428571428,0.04048112586552621,frozen_ml_epsilon_010,0.0,64,8,0.8571428571428571
