avg_ml_advantage_over_existing,avg_top_two_margin,base_game_index,behavioral_regime_id,draw,first_wolf_death_round,game_id,hunter_kills,hunter_retaliations,in_distribution_decisions,manifest_hash,matched_set_id,mild_shift_decisions,night_kill_attempts,policy_name,round_number,seed,seer_kills,special_role_kills,split,stage2b_policy_name,strong_shift_decision_rate,strong_shift_decisions,successful_night_kills,time_to_parity,total_ml_existing_disagreements,total_ml_interventions,total_rounds,total_selective_qualified_decisions,total_shadow_only_decisions,village_win,vote_control_proxy,winner,witch_kills,witch_saves,wolf_kill_decisions,wolf_survival_count,wolf_win
0.0,0.005371453757409161,1,baseline_speech_enabled,0,2,stage2b_seed_220_base_1_regime_baseline_speech_enabled_policy_existing_rule,1,1,1,3636ee12b35a57bbe8811b59ccf2c37a2bfec25ced6170ee3f51615da6f64f83,stage2b_seed_220_base_1_regime_baseline_speech_enabled,1,4,existing_rule,4,220,1,2,final_test,existing_rule,0.5,2,3,4,4,0,4,0,0,0,3,wolf,0,1,4,1,1
0.0,0.005371453757409161,1,baseline_speech_enabled,0,2,stage2b_seed_220_base_1_regime_baseline_speech_enabled_policy_ml_first_kill_only,1,1,1,3636ee12b35a57bbe8811b59ccf2c37a2bfec25ced6170ee3f51615da6f64f83,stage2b_seed_220_base_1_regime_baseline_speech_enabled,1,4,ml_first_kill_only,4,220,1,2,final_test,ml_first_kill_only,0.5,2,3,4,4,1,4,0,0,0,3,wolf,0,1,4,1,1
0.0,0.007708346563739199,1,baseline_speech_enabled,0,2,stage2b_seed_220_base_1_regime_baseline_speech_enabled_policy_ml_single_random_kill,1,1,1,3636ee12b35a57bbe8811b59ccf2c37a2bfec25ced6170ee3f51615da6f64f83,stage2b_seed_220_base_1_regime_baseline_speech_enabled,0,4,ml_single_random_kill,4,220,1,2,final_test,ml_single_random_kill,0.75,3,3,,4,1,4,0,0,1,1,village,0,1,4,0,0
0.0,0.007708346563739199,1,baseline_speech_enabled,0,2,stage2b_seed_220_base_1_regime_baseline_speech_enabled_policy_ml_first_two_kills,1,1,1,3636ee12b35a57bbe8811b59ccf2c37a2bfec25ced6170ee3f51615da6f64f83,stage2b_seed_220_base_1_regime_baseline_speech_enabled,0,4,ml_first_two_kills,4,220,1,2,final_test,ml_first_two_kills,0.75,3,3,,4,2,4,0,0,1,1,village,0,1,4,0,0
0.0,0.00814060814790539,1,baseline_speech_enabled,0,2,stage2b_seed_220_base_1_regime_baseline_speech_enabled_policy_continuous_frozen_ml,1,1,1,3636ee12b35a57bbe8811b59ccf2c37a2bfec25ced6170ee3f51615da6f64f83,stage2b_seed_220_base_1_regime_baseline_speech_enabled,0,4,continuous_frozen_ml,4,220,1,2,final_test,continuous_frozen_ml,0.75,3,3,,3,4,4,0,0,1,1,village,0,1,4,0,0
0.0,0.005371453757409161,1,baseline_speech_enabled,0,2,stage2b_seed_220_base_1_regime_baseline_speech_enabled_policy_existing_with_ml_shadow,1,1,1,3636ee12b35a57bbe8811b59ccf2c37a2bfec25ced6170ee3f51615da6f64f83,stage2b_seed_220_base_1_regime_baseline_speech_enabled,1,4,existing_with_ml_shadow,4,220,1,2,final_test,existing_with_ml_shadow,0.5,2,3,4,4,0,4,0,4,0,3,wolf,0,1,4,1,1
0.008429555498058378,0.005371453757409161,1,baseline_speech_enabled,0,2,stage2b_seed_220_base_1_regime_baseline_speech_enabled_policy_selective_ml_override,1,1,1,3636ee12b35a57bbe8811b59ccf2c37a2bfec25ced6170ee3f51615da6f64f83,stage2b_seed_220_base_1_regime_baseline_speech_enabled,1,4,selective_ml_override,4,220,1,2,final_test,selective_ml_override,0.5,2,3,4,4,0,4,0,0,0,3,wolf,0,1,4,1,1
0.008429555498058378,0.005371453757409161,1,baseline_speech_enabled,0,2,stage2b_seed_220_base_1_regime_baseline_speech_enabled_policy_high_confidence_shadow,1,1,1,3636ee12b35a57bbe8811b59ccf2c37a2bfec25ced6170ee3f51615da6f64f83,stage2b_seed_220_base_1_regime_baseline_speech_enabled,1,4,high_confidence_shadow,4,220,1,2,final_test,high_confidence_shadow,0.5,2,3,4,4,0,4,0,4,0,3,wolf,0,1,4,1,1
0.0,0.027244583616657825,1,speech_disabled,0,1,stage2b_seed_220_base_1_regime_speech_disabled_policy_existing_rule,1,1,1,3636ee12b35a57bbe8811b59ccf2c37a2bfec25ced6170ee3f51615da6f64f83,stage2b_seed_220_base_1_regime_speech_disabled,2,4,existing_rule,4,220,1,3,final_test,existing_rule,0.25,1,3,,3,0,4,0,0,1,1,village,1,1,4,0,0
0.0,0.0072291666127161465,1,speech_disabled,0,1,stage2b_seed_220_base_1_regime_speech_disabled_policy_ml_first_kill_only,0,1,0,3636ee12b35a57bbe8811b59ccf2c37a2bfec25ced6170ee3f51615da6f64f83,stage2b_seed_220_base_1_regime_speech_disabled,2,3,ml_first_kill_only,3,220,1,1,final_test,ml_first_kill_only,0.3333333333333333,1,2,,3,1,3,0,0,1,1,village,0,1,3,0,0
0.0,0.027244583616657825,1,speech_disabled,0,1,stage2b_seed_220_base_1_regime_speech_disabled_policy_ml_single_random_kill,1,1,1,3636ee12b35a57bbe8811b59ccf2c37a2bfec25ced6170ee3f51615da6f64f83,stage2b_seed_220_base_1_regime_speech_disabled,1,4,ml_single_random_kill,4,220,1,3,final_test,ml_single_random_kill,0.5,2,3,,3,1,4,0,0,1,1,village,1,1,4,0,0
0.0,0.0072291666127161465,1,speech_disabled,0,1,stage2b_seed_220_base_1_regime_speech_disabled_policy_ml_first_two_kills,0,1,0,3636ee12b35a57bbe8811b59ccf2c37a2bfec25ced6170ee3f51615da6f64f83,stage2b_seed_220_base_1_regime_speech_disabled,2,3,ml_first_two_kills,3,220,1,1,final_test,ml_first_two_kills,0.3333333333333333,1,2,,3,2,3,0,0,1,1,village,0,1,3,0,0
0.0,0.0072291666127161465,1,speech_disabled,0,1,stage2b_seed_220_base_1_regime_speech_disabled_policy_continuous_frozen_ml,0,1,0,3636ee12b35a57bbe8811b59ccf2c37a2bfec25ced6170ee3f51615da6f64f83,stage2b_seed_220_base_1_regime_speech_disabled,2,3,continuous_frozen_ml,3,220,0,0,final_test,continuous_frozen_ml,0.3333333333333333,1,2,,3,3,3,0,0,1,1,village,0,1,3,0,0
0.0,0.027244583616657825,1,speech_disabled,0,1,stage2b_seed_220_base_1_regime_speech_disabled_policy_existing_with_ml_shadow,1,1,1,3636ee12b35a57bbe8811b59ccf2c37a2bfec25ced6170ee3f51615da6f64f83,stage2b_seed_220_base_1_regime_speech_disabled,2,4,existing_with_ml_shadow,4,220,1,3,final_test,existing_with_ml_shadow,0.25,1,3,,3,0,4,0,4,1,1,village,1,1,4,0,0
0.027994369020126447,0.027244583616657825,1,speech_disabled,0,1,stage2b_seed_220_base_1_regime_speech_disabled_policy_selective_ml_override,1,1,1,3636ee12b35a57bbe8811b59ccf2c37a2bfec25ced6170ee3f51615da6f64f83,stage2b_seed_220_base_1_regime_speech_disabled,2,4,selective_ml_override,4,220,1,3,final_test,selective_ml_override,0.25,1,3,,3,0,4,0,0,1,1,village,1,1,4,0,0
0.027994369020126447,0.027244583616657825,1,speech_disabled,0,1,stage2b_seed_220_base_1_regime_speech_disabled_policy_high_confidence_shadow,1,1,1,3636ee12b35a57bbe8811b59ccf2c37a2bfec25ced6170ee3f51615da6f64f83,stage2b_seed_220_base_1_regime_speech_disabled,2,4,high_confidence_shadow,4,220,1,3,final_test,high_confidence_shadow,0.25,1,3,,3,0,4,0,4,1,1,village,1,1,4,0,0
0.0,0.00792820970694704,1,herding_enabled,0,1,stage2b_seed_220_base_1_regime_herding_enabled_policy_existing_rule,0,1,1,3636ee12b35a57bbe8811b59ccf2c37a2bfec25ced6170ee3f51615da6f64f83,stage2b_seed_220_base_1_regime_herding_enabled,0,3,existing_rule,3,220,1,2,final_test,existing_rule,0.6666666666666666,2,2,3,3,0,3,0,0,0,2,wolf,1,1,3,2,1
0.0,0.00792820970694704,1,herding_enabled,0,1,stage2b_seed_220_base_1_regime_herding_enabled_policy_ml_first_kill_only,0,1,1,3636ee12b35a57bbe8811b59ccf2c37a2bfec25ced6170ee3f51615da6f64f83,stage2b_seed_220_base_1_regime_herding_enabled,0,3,ml_first_kill_only,3,220,1,2,final_test,ml_first_kill_only,0.6666666666666666,2,2,3,3,1,3,0,0,0,2,wolf,1,1,3,2,1
0.0,0.008689743010645809,1,herding_enabled,0,1,stage2b_seed_220_base_1_regime_herding_enabled_policy_ml_single_random_kill,0,1,1,3636ee12b35a57bbe8811b59ccf2c37a2bfec25ced6170ee3f51615da6f64f83,stage2b_seed_220_base_1_regime_herding_enabled,1,3,ml_single_random_kill,3,220,1,1,final_test,ml_single_random_kill,0.3333333333333333,1,2,,3,1,3,0,0,1,1,village,0,1,3,0,0
0.0,0.008689743010645809,1,herding_enabled,0,1,stage2b_seed_220_base_1_regime_herding_enabled_policy_ml_first_two_kills,0,1,1,3636ee12b35a57bbe8811b59ccf2c37a2bfec25ced6170ee3f51615da6f64f83,stage2b_seed_220_base_1_regime_herding_enabled,1,3,ml_first_two_kills,3,220,1,1,final_test,ml_first_two_kills,0.3333333333333333,1,2,,3,2,3,0,0,1,1,village,0,1,3,0,0
0.0,0.008052291464353545,1,herding_enabled,0,1,stage2b_seed_220_base_1_regime_herding_enabled_policy_continuous_frozen_ml,0,1,1,3636ee12b35a57bbe8811b59ccf2c37a2bfec25ced6170ee3f51615da6f64f83,stage2b_seed_220_base_1_regime_herding_enabled,1,4,continuous_frozen_ml,4,220,0,0,final_test,continuous_frozen_ml,0.5,2,3,4,4,4,4,0,0,0,2,wolf,0,1,4,1,1
0.0,0.00792820970694704,1,herding_enabled,0,1,stage2b_seed_220_base_1_regime_herding_enabled_policy_existing_with_ml_shadow,0,1,1,3636ee12b35a57bbe8811b59ccf2c37a2bfec25ced6170ee3f51615da6f64f83,stage2b_seed_220_base_1_regime_herding_enabled,0,3,existing_with_ml_shadow,3,220,1,2,final_test,existing_with_ml_shadow,0.6666666666666666,2,2,3,3,0,3,0,3,0,2,wolf,1,1,3,2,1
0.027179179767002903,0.00792820970694704,1,herding_enabled,0,1,stage2b_seed_220_base_1_regime_herding_enabled_policy_selective_ml_override,0,1,1,3636ee12b35a57bbe8811b59ccf2c37a2bfec25ced6170ee3f51615da6f64f83,stage2b_seed_220_base_1_regime_herding_enabled,0,3,selective_ml_override,3,220,1,2,final_test,selective_ml_override,0.6666666666666666,2,2,3,3,1,3,1,0,0,2,wolf,1,1,3,2,1
0.027179179767002903,0.00792820970694704,1,herding_enabled,0,1,stage2b_seed_220_base_1_regime_herding_enabled_policy_high_confidence_shadow,0,1,1,3636ee12b35a57bbe8811b59ccf2c37a2bfec25ced6170ee3f51615da6f64f83,stage2b_seed_220_base_1_regime_herding_enabled,0,3,high_confidence_shadow,3,220,1,2,final_test,high_confidence_shadow,0.6666666666666666,2,2,3,3,0,3,1,3,0,2,wolf,1,1,3,2,1
0.0,0.010224530794304854,1,deception_enabled,0,2,stage2b_seed_220_base_1_regime_deception_enabled_policy_existing_rule,1,1,1,3636ee12b35a57bbe8811b59ccf2c37a2bfec25ced6170ee3f51615da6f64f83,stage2b_seed_220_base_1_regime_deception_enabled,1,3,existing_rule,3,220,1,2,final_test,existing_rule,0.3333333333333333,1,2,,3,0,3,0,0,1,2,village,0,1,3,0,0
0.0,0.010224530794304854,1,deception_enabled,0,2,stage2b_seed_220_base_1_regime_deception_enabled_policy_ml_first_kill_only,1,1,1,3636ee12b35a57bbe8811b59ccf2c37a2bfec25ced6170ee3f51615da6f64f83,stage2b_seed_220_base_1_regime_deception_enabled,1,3,ml_first_kill_only,3,220,1,2,final_test,ml_first_kill_only,0.3333333333333333,1,2,,3,1,3,0,0,1,2,village,0,1,3,0,0
0.0,0.010224530794304854,1,deception_enabled,0,2,stage2b_seed_220_base_1_regime_deception_enabled_policy_ml_single_random_kill,1,1,1,3636ee12b35a57bbe8811b59ccf2c37a2bfec25ced6170ee3f51615da6f64f83,stage2b_seed_220_base_1_regime_deception_enabled,1,3,ml_single_random_kill,3,220,1,2,final_test,ml_single_random_kill,0.3333333333333333,1,2,,3,1,3,0,0,1,2,village,0,1,3,0,0
0.0,0.019763704803495596,1,deception_enabled,0,2,stage2b_seed_220_base_1_regime_deception_enabled_policy_ml_first_two_kills,1,1,1,3636ee12b35a57bbe8811b59ccf2c37a2bfec25ced6170ee3f51615da6f64f83,stage2b_seed_220_base_1_regime_deception_enabled,1,4,ml_first_two_kills,4,220,1,2,final_test,ml_first_two_kills,0.5,2,3,,4,2,4,0,0,1,2,village,0,1,4,0,0
0.0,0.022627799995489334,1,deception_enabled,0,2,stage2b_seed_220_base_1_regime_deception_enabled_policy_continuous_frozen_ml,1,1,1,3636ee12b35a57bbe8811b59ccf2c37a2bfec25ced6170ee3f51615da6f64f83,stage2b_seed_220_base_1_regime_deception_enabled,1,4,continuous_frozen_ml,4,220,0,1,final_test,continuous_frozen_ml,0.5,2,3,4,4,4,4,0,0,0,2,wolf,0,1,4,1,1
0.0,0.010224530794304854,1,deception_enabled,0,2,stage2b_seed_220_base_1_regime_deception_enabled_policy_existing_with_ml_shadow,1,1,1,3636ee12b35a57bbe8811b59ccf2c37a2bfec25ced6170ee3f51615da6f64f83,stage2b_seed_220_base_1_regime_deception_enabled,1,3,existing_with_ml_shadow,3,220,1,2,final_test,existing_with_ml_shadow,0.3333333333333333,1,2,,3,0,3,0,3,1,2,village,0,1,3,0,0
0.027707079281057017,0.010224530794304854,1,deception_enabled,0,2,stage2b_seed_220_base_1_regime_deception_enabled_policy_selective_ml_override,1,1,1,3636ee12b35a57bbe8811b59ccf2c37a2bfec25ced6170ee3f51615da6f64f83,stage2b_seed_220_base_1_regime_deception_enabled,1,3,selective_ml_override,3,220,1,2,final_test,selective_ml_override,0.3333333333333333,1,2,,3,1,3,1,0,1,2,village,0,1,3,0,0
0.027707079281057017,0.010224530794304854,1,deception_enabled,0,2,stage2b_seed_220_base_1_regime_deception_enabled_policy_high_confidence_shadow,1,1,1,3636ee12b35a57bbe8811b59ccf2c37a2bfec25ced6170ee3f51615da6f64f83,stage2b_seed_220_base_1_regime_deception_enabled,1,3,high_confidence_shadow,3,220,1,2,final_test,high_confidence_shadow,0.3333333333333333,1,2,,3,0,3,1,3,1,2,village,0,1,3,0,0
0.0,0.010607106468290032,1,heterogeneous_risk_preference,0,,stage2b_seed_220_base_1_regime_heterogeneous_risk_preference_policy_existing_rule,1,0,1,3636ee12b35a57bbe8811b59ccf2c37a2bfec25ced6170ee3f51615da6f64f83,stage2b_seed_220_base_1_regime_heterogeneous_risk_preference,0,3,existing_rule,3,220,0,2,final_test,existing_rule,0.6666666666666666,2,2,3,2,0,3,0,0,0,2,wolf,1,1,3,3,1
0.0,0.010607106468290032,1,heterogeneous_risk_preference,0,,stage2b_seed_220_base_1_regime_heterogeneous_risk_preference_policy_ml_first_kill_only,1,0,1,3636ee12b35a57bbe8811b59ccf2c37a2bfec25ced6170ee3f51615da6f64f83,stage2b_seed_220_base_1_regime_heterogeneous_risk_preference,0,3,ml_first_kill_only,3,220,0,2,final_test,ml_first_kill_only,0.6666666666666666,2,2,3,2,1,3,0,0,0,2,wolf,1,1,3,3,1
0.0,0.010607106468290032,1,heterogeneous_risk_preference,0,,stage2b_seed_220_base_1_regime_heterogeneous_risk_preference_policy_ml_single_random_kill,1,0,1,3636ee12b35a57bbe8811b59ccf2c37a2bfec25ced6170ee3f51615da6f64f83,stage2b_seed_220_base_1_regime_heterogeneous_risk_preference,0,3,ml_single_random_kill,3,220,0,2,final_test,ml_single_random_kill,0.6666666666666666,2,2,3,2,1,3,0,0,0,2,wolf,1,1,3,3,1
0.0,0.009068174583732139,1,heterogeneous_risk_preference,0,,stage2b_seed_220_base_1_regime_heterogeneous_risk_preference_policy_ml_first_two_kills,1,0,1,3636ee12b35a57bbe8811b59ccf2c37a2bfec25ced6170ee3f51615da6f64f83,stage2b_seed_220_base_1_regime_heterogeneous_risk_preference,0,3,ml_first_two_kills,3,220,0,1,final_test,ml_first_two_kills,0.6666666666666666,2,2,3,2,2,3,0,0,0,2,wolf,0,1,3,3,1
0.0,0.009068174583732139,1,heterogeneous_risk_preference,0,,stage2b_seed_220_base_1_regime_heterogeneous_risk_preference_policy_continuous_frozen_ml,1,0,1,3636ee12b35a57bbe8811b59ccf2c37a2bfec25ced6170ee3f51615da6f64f83,stage2b_seed_220_base_1_regime_heterogeneous_risk_preference,0,3,continuous_frozen_ml,3,220,0,1,final_test,continuous_frozen_ml,0.6666666666666666,2,2,3,2,3,3,0,0,0,2,wolf,0,1,3,3,1
0.0,0.010607106468290032,1,heterogeneous_risk_preference,0,,stage2b_seed_220_base_1_regime_heterogeneous_risk_preference_policy_existing_with_ml_shadow,1,0,1,3636ee12b35a57bbe8811b59ccf2c37a2bfec25ced6170ee3f51615da6f64f83,stage2b_seed_220_base_1_regime_heterogeneous_risk_preference,0,3,existing_with_ml_shadow,3,220,0,2,final_test,existing_with_ml_shadow,0.6666666666666666,2,2,3,2,0,3,0,3,0,2,wolf,1,1,3,3,1
0.03384586184081798,0.010607106468290032,1,heterogeneous_risk_preference,0,,stage2b_seed_220_base_1_regime_heterogeneous_risk_preference_policy_selective_ml_override,1,0,1,3636ee12b35a57bbe8811b59ccf2c37a2bfec25ced6170ee3f51615da6f64f83,stage2b_seed_220_base_1_regime_heterogeneous_risk_preference,0,3,selective_ml_override,3,220,0,2,final_test,selective_ml_override,0.6666666666666666,2,2,3,2,0,3,0,0,0,2,wolf,1,1,3,3,1
0.03384586184081798,0.010607106468290032,1,heterogeneous_risk_preference,0,,stage2b_seed_220_base_1_regime_heterogeneous_risk_preference_policy_high_confidence_shadow,1,0,1,3636ee12b35a57bbe8811b59ccf2c37a2bfec25ced6170ee3f51615da6f64f83,stage2b_seed_220_base_1_regime_heterogeneous_risk_preference,0,3,high_confidence_shadow,3,220,0,2,final_test,high_confidence_shadow,0.6666666666666666,2,2,3,2,0,3,0,3,0,2,wolf,1,1,3,3,1
0.0,0.008002913979352821,1,strong_village_information,0,1,stage2b_seed_220_base_1_regime_strong_village_information_policy_existing_rule,1,0,0,3636ee12b35a57bbe8811b59ccf2c37a2bfec25ced6170ee3f51615da6f64f83,stage2b_seed_220_base_1_regime_strong_village_information,1,4,existing_rule,4,220,1,3,final_test,existing_rule,0.75,3,3,4,4,0,4,0,0,0,2,wolf,1,1,4,2,1
0.0,0.008002913979352821,1,strong_village_information,0,1,stage2b_seed_220_base_1_regime_strong_village_information_policy_ml_first_kill_only,1,0,0,3636ee12b35a57bbe8811b59ccf2c37a2bfec25ced6170ee3f51615da6f64f83,stage2b_seed_220_base_1_regime_strong_village_information,1,4,ml_first_kill_only,4,220,1,3,final_test,ml_first_kill_only,0.75,3,3,4,4,1,4,0,0,0,2,wolf,1,1,4,2,1
0.0,0.008002913979352821,1,strong_village_information,0,1,stage2b_seed_220_base_1_regime_strong_village_information_policy_ml_single_random_kill,1,0,0,3636ee12b35a57bbe8811b59ccf2c37a2bfec25ced6170ee3f51615da6f64f83,stage2b_seed_220_base_1_regime_strong_village_information,1,4,ml_single_random_kill,4,220,1,3,final_test,ml_single_random_kill,0.75,3,3,4,4,1,4,0,0,0,2,wolf,1,1,4,2,1
0.0,0.010842506527916851,1,strong_village_information,0,1,stage2b_seed_220_base_1_regime_strong_village_information_policy_ml_first_two_kills,0,0,0,3636ee12b35a57bbe8811b59ccf2c37a2bfec25ced6170ee3f51615da6f64f83,stage2b_seed_220_base_1_regime_strong_village_information,2,3,ml_first_two_kills,3,220,1,1,final_test,ml_first_two_kills,0.3333333333333333,1,2,,3,2,3,0,0,1,1,village,0,1,3,0,0
0.0,0.010842506527916851,1,strong_village_information,0,1,stage2b_seed_220_base_1_regime_strong_village_information_policy_continuous_frozen_ml,1,1,0,3636ee12b35a57bbe8811b59ccf2c37a2bfec25ced6170ee3f51615da6f64f83,stage2b_seed_220_base_1_regime_strong_village_information,2,3,continuous_frozen_ml,3,220,0,1,final_test,continuous_frozen_ml,0.3333333333333333,1,2,,3,3,3,0,0,1,1,village,0,1,3,0,0
0.0,0.008002913979352821,1,strong_village_information,0,1,stage2b_seed_220_base_1_regime_strong_village_information_policy_existing_with_ml_shadow,1,0,0,3636ee12b35a57bbe8811b59ccf2c37a2bfec25ced6170ee3f51615da6f64f83,stage2b_seed_220_base_1_regime_strong_village_information,1,4,existing_with_ml_shadow,4,220,1,3,final_test,existing_with_ml_shadow,0.75,3,3,4,4,0,4,0,4,0,2,wolf,1,1,4,2,1
0.015381272131972296,0.008002913979352821,1,strong_village_information,0,1,stage2b_seed_220_base_1_regime_strong_village_information_policy_selective_ml_override,1,0,0,3636ee12b35a57bbe8811b59ccf2c37a2bfec25ced6170ee3f51615da6f64f83,stage2b_seed_220_base_1_regime_strong_village_information,1,4,selective_ml_override,4,220,1,3,final_test,selective_ml_override,0.75,3,3,4,4,0,4,0,0,0,2,wolf,1,1,4,2,1
0.015381272131972296,0.008002913979352821,1,strong_village_information,0,1,stage2b_seed_220_base_1_regime_strong_village_information_policy_high_confidence_shadow,1,0,0,3636ee12b35a57bbe8811b59ccf2c37a2bfec25ced6170ee3f51615da6f64f83,stage2b_seed_220_base_1_regime_strong_village_information,1,4,high_confidence_shadow,4,220,1,3,final_test,high_confidence_shadow,0.75,3,3,4,4,0,4,0,4,0,2,wolf,1,1,4,2,1
0.0,0.016803225333432384,1,weak_village_information,0,1,stage2b_seed_220_base_1_regime_weak_village_information_policy_existing_rule,1,0,1,3636ee12b35a57bbe8811b59ccf2c37a2bfec25ced6170ee3f51615da6f64f83,stage2b_seed_220_base_1_regime_weak_village_information,0,4,existing_rule,4,220,1,3,final_test,existing_rule,0.75,3,3,4,3,0,4,0,0,0,2,wolf,1,1,4,2,1
0.0,0.016803225333432384,1,weak_village_information,0,1,stage2b_seed_220_base_1_regime_weak_village_information_policy_ml_first_kill_only,1,0,1,3636ee12b35a57bbe8811b59ccf2c37a2bfec25ced6170ee3f51615da6f64f83,stage2b_seed_220_base_1_regime_weak_village_information,0,4,ml_first_kill_only,4,220,1,3,final_test,ml_first_kill_only,0.75,3,3,4,3,1,4,0,0,0,2,wolf,1,1,4,2,1
0.0,0.016803225333432384,1,weak_village_information,0,1,stage2b_seed_220_base_1_regime_weak_village_information_policy_ml_single_random_kill,1,0,1,3636ee12b35a57bbe8811b59ccf2c37a2bfec25ced6170ee3f51615da6f64f83,stage2b_seed_220_base_1_regime_weak_village_information,0,4,ml_single_random_kill,4,220,1,3,final_test,ml_single_random_kill,0.75,3,3,4,3,1,4,0,0,0,2,wolf,1,1,4,2,1
0.0,0.016803225333432384,1,weak_village_information,0,1,stage2b_seed_220_base_1_regime_weak_village_information_policy_ml_first_two_kills,1,0,1,3636ee12b35a57bbe8811b59ccf2c37a2bfec25ced6170ee3f51615da6f64f83,stage2b_seed_220_base_1_regime_weak_village_information,1,4,ml_first_two_kills,4,220,1,3,final_test,ml_first_two_kills,0.5,2,3,4,3,2,4,0,0,0,2,wolf,1,1,4,2,1
0.0,0.016127536205140996,1,weak_village_information,0,1,stage2b_seed_220_base_1_regime_weak_village_information_policy_continuous_frozen_ml,0,1,1,3636ee12b35a57bbe8811b59ccf2c37a2bfec25ced6170ee3f51615da6f64f83,stage2b_seed_220_base_1_regime_weak_village_information,1,3,continuous_frozen_ml,3,220,1,1,final_test,continuous_frozen_ml,0.3333333333333333,1,2,3,2,3,3,0,0,0,1,wolf,0,1,3,2,1
0.0,0.016803225333432384,1,weak_village_information,0,1,stage2b_seed_220_base_1_regime_weak_village_information_policy_existing_with_ml_shadow,1,0,1,3636ee12b35a57bbe8811b59ccf2c37a2bfec25ced6170ee3f51615da6f64f83,stage2b_seed_220_base_1_regime_weak_village_information,0,4,existing_with_ml_shadow,4,220,1,3,final_test,existing_with_ml_shadow,0.75,3,3,4,3,0,4,0,4,0,2,wolf,1,1,4,2,1
0.033893753888404834,0.016803225333432384,1,weak_village_information,0,1,stage2b_seed_220_base_1_regime_weak_village_information_policy_selective_ml_override,1,0,1,3636ee12b35a57bbe8811b59ccf2c37a2bfec25ced6170ee3f51615da6f64f83,stage2b_seed_220_base_1_regime_weak_village_information,0,4,selective_ml_override,4,220,1,3,final_test,selective_ml_override,0.75,3,3,4,3,0,4,0,0,0,2,wolf,1,1,4,2,1
0.033893753888404834,0.016803225333432384,1,weak_village_information,0,1,stage2b_seed_220_base_1_regime_weak_village_information_policy_high_confidence_shadow,1,0,1,3636ee12b35a57bbe8811b59ccf2c37a2bfec25ced6170ee3f51615da6f64f83,stage2b_seed_220_base_1_regime_weak_village_information,0,4,high_confidence_shadow,4,220,1,3,final_test,high_confidence_shadow,0.75,3,3,4,3,0,4,0,4,0,2,wolf,1,1,4,2,1
0.0,0.027436976875571267,1,mixed_seer_strategy,0,1,stage2b_seed_220_base_1_regime_mixed_seer_strategy_policy_existing_rule,1,1,1,3636ee12b35a57bbe8811b59ccf2c37a2bfec25ced6170ee3f51615da6f64f83,stage2b_seed_220_base_1_regime_mixed_seer_strategy,0,3,existing_rule,3,220,1,2,final_test,existing_rule,0.6666666666666666,2,2,,3,0,3,0,0,1,1,village,0,1,3,0,0
0.0,0.027436976875571267,1,mixed_seer_strategy,0,1,stage2b_seed_220_base_1_regime_mixed_seer_strategy_policy_ml_first_kill_only,1,1,1,3636ee12b35a57bbe8811b59ccf2c37a2bfec25ced6170ee3f51615da6f64f83,stage2b_seed_220_base_1_regime_mixed_seer_strategy,0,3,ml_first_kill_only,3,220,1,2,final_test,ml_first_kill_only,0.6666666666666666,2,2,,3,1,3,0,0,1,1,village,0,1,3,0,0
0.0,0.01768282836085718,1,mixed_seer_strategy,0,1,stage2b_seed_220_base_1_regime_mixed_seer_strategy_policy_ml_single_random_kill,0,0,1,3636ee12b35a57bbe8811b59ccf2c37a2bfec25ced6170ee3f51615da6f64f83,stage2b_seed_220_base_1_regime_mixed_seer_strategy,0,3,ml_single_random_kill,3,220,0,1,final_test,ml_single_random_kill,0.6666666666666666,2,2,,2,1,3,0,0,1,1,village,1,1,3,0,0
0.0,0.01768282836085718,1,mixed_seer_strategy,0,1,stage2b_seed_220_base_1_regime_mixed_seer_strategy_policy_ml_first_two_kills,0,0,1,3636ee12b35a57bbe8811b59ccf2c37a2bfec25ced6170ee3f51615da6f64f83,stage2b_seed_220_base_1_regime_mixed_seer_strategy,0,3,ml_first_two_kills,3,220,0,1,final_test,ml_first_two_kills,0.6666666666666666,2,2,,2,2,3,0,0,1,1,village,1,1,3,0,0
0.0,0.01768282836085718,1,mixed_seer_strategy,0,1,stage2b_seed_220_base_1_regime_mixed_seer_strategy_policy_continuous_frozen_ml,0,0,1,3636ee12b35a57bbe8811b59ccf2c37a2bfec25ced6170ee3f51615da6f64f83,stage2b_seed_220_base_1_regime_mixed_seer_strategy,0,3,continuous_frozen_ml,3,220,0,1,final_test,continuous_frozen_ml,0.6666666666666666,2,2,,2,3,3,0,0,1,1,village,1,1,3,0,0
0.0,0.027436976875571267,1,mixed_seer_strategy,0,1,stage2b_seed_220_base_1_regime_mixed_seer_strategy_policy_existing_with_ml_shadow,1,1,1,3636ee12b35a57bbe8811b59ccf2c37a2bfec25ced6170ee3f51615da6f64f83,stage2b_seed_220_base_1_regime_mixed_seer_strategy,0,3,existing_with_ml_shadow,3,220,1,2,final_test,existing_with_ml_shadow,0.6666666666666666,2,2,,3,0,3,0,3,1,1,village,0,1,3,0,0
0.05093287643758574,0.027436976875571267,1,mixed_seer_strategy,0,1,stage2b_seed_220_base_1_regime_mixed_seer_strategy_policy_selective_ml_override,1,1,1,3636ee12b35a57bbe8811b59ccf2c37a2bfec25ced6170ee3f51615da6f64f83,stage2b_seed_220_base_1_regime_mixed_seer_strategy,0,3,selective_ml_override,3,220,1,2,final_test,selective_ml_override,0.6666666666666666,2,2,,3,1,3,1,0,1,1,village,0,1,3,0,0
0.05093287643758574,0.027436976875571267,1,mixed_seer_strategy,0,1,stage2b_seed_220_base_1_regime_mixed_seer_strategy_policy_high_confidence_shadow,1,1,1,3636ee12b35a57bbe8811b59ccf2c37a2bfec25ced6170ee3f51615da6f64f83,stage2b_seed_220_base_1_regime_mixed_seer_strategy,0,3,high_confidence_shadow,3,220,1,2,final_test,high_confidence_shadow,0.6666666666666666,2,2,,3,0,3,1,3,1,1,village,0,1,3,0,0
0.0,0.01507042185838281,1,mixed_voting_strategy,0,,stage2b_seed_220_base_1_regime_mixed_voting_strategy_policy_existing_rule,0,1,1,3636ee12b35a57bbe8811b59ccf2c37a2bfec25ced6170ee3f51615da6f64f83,stage2b_seed_220_base_1_regime_mixed_voting_strategy,0,2,existing_rule,2,220,1,1,final_test,existing_rule,0.5,1,1,2,2,0,2,0,0,0,2,wolf,0,1,2,3,1
0.0,0.008761664181863804,1,mixed_voting_strategy,0,,stage2b_seed_220_base_1_regime_mixed_voting_strategy_policy_ml_first_kill_only,0,1,0,3636ee12b35a57bbe8811b59ccf2c37a2bfec25ced6170ee3f51615da6f64f83,stage2b_seed_220_base_1_regime_mixed_voting_strategy,1,2,ml_first_kill_only,2,220,0,0,final_test,ml_first_kill_only,0.5,1,1,2,2,1,2,0,0,0,2,wolf,0,1,2,3,1
0.0,0.01507042185838281,1,mixed_voting_strategy,0,,stage2b_seed_220_base_1_regime_mixed_voting_strategy_policy_ml_single_random_kill,0,1,1,3636ee12b35a57bbe8811b59ccf2c37a2bfec25ced6170ee3f51615da6f64f83,stage2b_seed_220_base_1_regime_mixed_voting_strategy,1,2,ml_single_random_kill,2,220,1,1,final_test,ml_single_random_kill,0.0,0,1,2,2,1,2,0,0,0,2,wolf,0,1,2,3,1
0.0,0.008761664181863804,1,mixed_voting_strategy,0,,stage2b_seed_220_base_1_regime_mixed_voting_strategy_policy_ml_first_two_kills,0,1,0,3636ee12b35a57bbe8811b59ccf2c37a2bfec25ced6170ee3f51615da6f64f83,stage2b_seed_220_base_1_regime_mixed_voting_strategy,2,2,ml_first_two_kills,2,220,0,0,final_test,ml_first_two_kills,0.0,0,1,2,2,2,2,0,0,0,2,wolf,0,1,2,3,1
0.0,0.008761664181863804,1,mixed_voting_strategy,0,,stage2b_seed_220_base_1_regime_mixed_voting_strategy_policy_continuous_frozen_ml,0,1,0,3636ee12b35a57bbe8811b59ccf2c37a2bfec25ced6170ee3f51615da6f64f83,stage2b_seed_220_base_1_regime_mixed_voting_strategy,2,2,continuous_frozen_ml,2,220,0,0,final_test,continuous_frozen_ml,0.0,0,1,2,2,2,2,0,0,0,2,wolf,0,1,2,3,1
0.0,0.01507042185838281,1,mixed_voting_strategy,0,,stage2b_seed_220_base_1_regime_mixed_voting_strategy_policy_existing_with_ml_shadow,0,1,1,3636ee12b35a57bbe8811b59ccf2c37a2bfec25ced6170ee3f51615da6f64f83,stage2b_seed_220_base_1_regime_mixed_voting_strategy,0,2,existing_with_ml_shadow,2,220,1,1,final_test,existing_with_ml_shadow,0.5,1,1,2,2,0,2,0,2,0,2,wolf,0,1,2,3,1
0.030309289225316338,0.01507042185838281,1,mixed_voting_strategy,0,,stage2b_seed_220_base_1_regime_mixed_voting_strategy_policy_selective_ml_override,0,1,1,3636ee12b35a57bbe8811b59ccf2c37a2bfec25ced6170ee3f51615da6f64f83,stage2b_seed_220_base_1_regime_mixed_voting_strategy,0,2,selective_ml_override,2,220,1,1,final_test,selective_ml_override,0.5,1,1,2,2,0,2,0,0,0,2,wolf,0,1,2,3,1
0.030309289225316338,0.01507042185838281,1,mixed_voting_strategy,0,,stage2b_seed_220_base_1_regime_mixed_voting_strategy_policy_high_confidence_shadow,0,1,1,3636ee12b35a57bbe8811b59ccf2c37a2bfec25ced6170ee3f51615da6f64f83,stage2b_seed_220_base_1_regime_mixed_voting_strategy,0,2,high_confidence_shadow,2,220,1,1,final_test,high_confidence_shadow,0.5,1,1,2,2,0,2,0,2,0,2,wolf,0,1,2,3,1
0.0,0.006636046195775153,1,mixed_wolf_deception_strategy,0,2,stage2b_seed_220_base_1_regime_mixed_wolf_deception_strategy_policy_existing_rule,1,1,1,3636ee12b35a57bbe8811b59ccf2c37a2bfec25ced6170ee3f51615da6f64f83,stage2b_seed_220_base_1_regime_mixed_wolf_deception_strategy,0,4,existing_rule,4,220,1,3,final_test,existing_rule,0.75,3,3,4,3,0,4,0,0,0,2,wolf,1,1,4,1,1
0.0,0.006636046195775153,1,mixed_wolf_deception_strategy,0,2,stage2b_seed_220_base_1_regime_mixed_wolf_deception_strategy_policy_ml_first_kill_only,1,1,1,3636ee12b35a57bbe8811b59ccf2c37a2bfec25ced6170ee3f51615da6f64f83,stage2b_seed_220_base_1_regime_mixed_wolf_deception_strategy,0,4,ml_first_kill_only,4,220,1,3,final_test,ml_first_kill_only,0.75,3,3,4,3,1,4,0,0,0,2,wolf,1,1,4,1,1
0.0,0.006636046195775153,1,mixed_wolf_deception_strategy,0,2,stage2b_seed_220_base_1_regime_mixed_wolf_deception_strategy_policy_ml_single_random_kill,1,1,1,3636ee12b35a57bbe8811b59ccf2c37a2bfec25ced6170ee3f51615da6f64f83,stage2b_seed_220_base_1_regime_mixed_wolf_deception_strategy,0,4,ml_single_random_kill,4,220,1,3,final_test,ml_single_random_kill,0.75,3,3,4,3,1,4,0,0,0,2,wolf,1,1,4,1,1
0.0,0.004418501360058021,1,mixed_wolf_deception_strategy,0,2,stage2b_seed_220_base_1_regime_mixed_wolf_deception_strategy_policy_ml_first_two_kills,0,0,1,3636ee12b35a57bbe8811b59ccf2c37a2bfec25ced6170ee3f51615da6f64f83,stage2b_seed_220_base_1_regime_mixed_wolf_deception_strategy,1,3,ml_first_two_kills,3,220,1,1,final_test,ml_first_two_kills,0.3333333333333333,1,2,3,3,2,3,0,0,0,3,wolf,0,1,3,2,1
0.0,0.004418501360058021,1,mixed_wolf_deception_strategy,0,2,stage2b_seed_220_base_1_regime_mixed_wolf_deception_strategy_policy_continuous_frozen_ml,1,1,1,3636ee12b35a57bbe8811b59ccf2c37a2bfec25ced6170ee3f51615da6f64f83,stage2b_seed_220_base_1_regime_mixed_wolf_deception_strategy,1,3,continuous_frozen_ml,3,220,0,1,final_test,continuous_frozen_ml,0.3333333333333333,1,2,3,3,3,3,0,0,0,2,wolf,0,1,3,2,1
0.0,0.006636046195775153,1,mixed_wolf_deception_strategy,0,2,stage2b_seed_220_base_1_regime_mixed_wolf_deception_strategy_policy_existing_with_ml_shadow,1,1,1,3636ee12b35a57bbe8811b59ccf2c37a2bfec25ced6170ee3f51615da6f64f83,stage2b_seed_220_base_1_regime_mixed_wolf_deception_strategy,0,4,existing_with_ml_shadow,4,220,1,3,final_test,existing_with_ml_shadow,0.75,3,3,4,3,0,4,0,4,0,2,wolf,1,1,4,1,1
0.015284918310296158,0.006636046195775153,1,mixed_wolf_deception_strategy,0,2,stage2b_seed_220_base_1_regime_mixed_wolf_deception_strategy_policy_selective_ml_override,1,1,1,3636ee12b35a57bbe8811b59ccf2c37a2bfec25ced6170ee3f51615da6f64f83,stage2b_seed_220_base_1_regime_mixed_wolf_deception_strategy,0,4,selective_ml_override,4,220,1,3,final_test,selective_ml_override,0.75,3,3,4,3,0,4,0,0,0,2,wolf,1,1,4,1,1
0.015284918310296158,0.006636046195775153,1,mixed_wolf_deception_strategy,0,2,stage2b_seed_220_base_1_regime_mixed_wolf_deception_strategy_policy_high_confidence_shadow,1,1,1,3636ee12b35a57bbe8811b59ccf2c37a2bfec25ced6170ee3f51615da6f64f83,stage2b_seed_220_base_1_regime_mixed_wolf_deception_strategy,0,4,high_confidence_shadow,4,220,1,3,final_test,high_confidence_shadow,0.75,3,3,4,3,0,4,0,4,0,2,wolf,1,1,4,1,1
0.0,0.007051222521504363,1,baseline_speech_enabled,0,1,stage2b_seed_221_base_1_regime_baseline_speech_enabled_policy_existing_rule,1,1,0,3636ee12b35a57bbe8811b59ccf2c37a2bfec25ced6170ee3f51615da6f64f83,stage2b_seed_221_base_1_regime_baseline_speech_enabled,2,4,existing_rule,4,221,1,3,final_test,existing_rule,0.5,2,3,,0,0,4,0,0,1,1,village,1,1,4,0,0
0.0,0.007051222521504363,1,baseline_speech_enabled,0,1,stage2b_seed_221_base_1_regime_baseline_speech_enabled_policy_ml_first_kill_only,1,1,0,3636ee12b35a57bbe8811b59ccf2c37a2bfec25ced6170ee3f51615da6f64f83,stage2b_seed_221_base_1_regime_baseline_speech_enabled,2,4,ml_first_kill_only,4,221,1,3,final_test,ml_first_kill_only,0.5,2,3,,0,1,4,0,0,1,1,village,1,1,4,0,0
0.0,0.007051222521504363,1,baseline_speech_enabled,0,1,stage2b_seed_221_base_1_regime_baseline_speech_enabled_policy_ml_single_random_kill,1,1,0,3636ee12b35a57bbe8811b59ccf2c37a2bfec25ced6170ee3f51615da6f64f83,stage2b_seed_221_base_1_regime_baseline_speech_enabled,2,4,ml_single_random_kill,4,221,1,3,final_test,ml_single_random_kill,0.5,2,3,,0,1,4,0,0,1,1,village,1,1,4,0,0
0.0,0.007051222521504363,1,baseline_speech_enabled,0,1,stage2b_seed_221_base_1_regime_baseline_speech_enabled_policy_ml_first_two_kills,1,1,0,3636ee12b35a57bbe8811b59ccf2c37a2bfec25ced6170ee3f51615da6f64f83,stage2b_seed_221_base_1_regime_baseline_speech_enabled,2,4,ml_first_two_kills,4,221,1,3,final_test,ml_first_two_kills,0.5,2,3,,0,2,4,0,0,1,1,village,1,1,4,0,0
0.0,0.007051222521504363,1,baseline_speech_enabled,0,1,stage2b_seed_221_base_1_regime_baseline_speech_enabled_policy_continuous_frozen_ml,1,1,0,3636ee12b35a57bbe8811b59ccf2c37a2bfec25ced6170ee3f51615da6f64f83,stage2b_seed_221_base_1_regime_baseline_speech_enabled,2,4,continuous_frozen_ml,4,221,1,3,final_test,continuous_frozen_ml,0.5,2,3,,0,4,4,0,0,1,1,village,1,1,4,0,0
0.0,0.007051222521504363,1,baseline_speech_enabled,0,1,stage2b_seed_221_base_1_regime_baseline_speech_enabled_policy_existing_with_ml_shadow,1,1,0,3636ee12b35a57bbe8811b59ccf2c37a2bfec25ced6170ee3f51615da6f64f83,stage2b_seed_221_base_1_regime_baseline_speech_enabled,2,4,existing_with_ml_shadow,4,221,1,3,final_test,existing_with_ml_shadow,0.5,2,3,,0,0,4,0,4,1,1,village,1,1,4,0,0
0.0,0.007051222521504363,1,baseline_speech_enabled,0,1,stage2b_seed_221_base_1_regime_baseline_speech_enabled_policy_selective_ml_override,1,1,0,3636ee12b35a57bbe8811b59ccf2c37a2bfec25ced6170ee3f51615da6f64f83,stage2b_seed_221_base_1_regime_baseline_speech_enabled,2,4,selective_ml_override,4,221,1,3,final_test,selective_ml_override,0.5,2,3,,0,0,4,0,0,1,1,village,1,1,4,0,0
0.0,0.007051222521504363,1,baseline_speech_enabled,0,1,stage2b_seed_221_base_1_regime_baseline_speech_enabled_policy_high_confidence_shadow,1,1,0,3636ee12b35a57bbe8811b59ccf2c37a2bfec25ced6170ee3f51615da6f64f83,stage2b_seed_221_base_1_regime_baseline_speech_enabled,2,4,high_confidence_shadow,4,221,1,3,final_test,high_confidence_shadow,0.5,2,3,,0,0,4,0,4,1,1,village,1,1,4,0,0
0.0,0.010722023178809825,1,speech_disabled,0,,stage2b_seed_221_base_1_regime_speech_disabled_policy_existing_rule,1,1,1,3636ee12b35a57bbe8811b59ccf2c37a2bfec25ced6170ee3f51615da6f64f83,stage2b_seed_221_base_1_regime_speech_disabled,0,2,existing_rule,2,221,1,2,final_test,existing_rule,0.5,1,2,2,2,0,2,0,0,0,1,wolf,0,0,2,3,1
0.0,0.007460973499380741,1,speech_disabled,0,2,stage2b_seed_221_base_1_regime_speech_disabled_policy_ml_first_kill_only,1,1,1,3636ee12b35a57bbe8811b59ccf2c37a2bfec25ced6170ee3f51615da6f64f83,stage2b_seed_221_base_1_regime_speech_disabled,0,4,ml_first_kill_only,4,221,1,2,final_test,ml_first_kill_only,0.75,3,4,4,3,1,4,0,0,0,2,wolf,0,0,4,1,1
0.0,0.010722023178809825,1,speech_disabled,0,,stage2b_seed_221_base_1_regime_speech_disabled_policy_ml_single_random_kill,0,0,1,3636ee12b35a57bbe8811b59ccf2c37a2bfec25ced6170ee3f51615da6f64f83,stage2b_seed_221_base_1_regime_speech_disabled,0,2,ml_single_random_kill,2,221,1,1,final_test,ml_single_random_kill,0.5,1,2,2,2,1,2,0,0,0,2,wolf,0,0,2,3,1
0.0,0.008763391973411416,1,speech_disabled,0,2,stage2b_seed_221_base_1_regime_speech_disabled_policy_ml_first_two_kills,1,1,1,3636ee12b35a57bbe8811b59ccf2c37a2bfec25ced6170ee3f51615da6f64f83,stage2b_seed_221_base_1_regime_speech_disabled,0,4,ml_first_two_kills,4,221,1,2,final_test,ml_first_two_kills,0.75,3,4,4,4,2,4,0,0,0,2,wolf,0,0,4,1,1
0.0,0.01854863092631892,1,speech_disabled,0,2,stage2b_seed_221_base_1_regime_speech_disabled_policy_continuous_frozen_ml,1,1,1,3636ee12b35a57bbe8811b59ccf2c37a2bfec25ced6170ee3f51615da6f64f83,stage2b_seed_221_base_1_regime_speech_disabled,0,4,continuous_frozen_ml,4,221,0,1,final_test,continuous_frozen_ml,0.75,3,4,4,4,4,4,0,0,0,2,wolf,0,0,4,1,1
0.0,0.010722023178809825,1,speech_disabled,0,,stage2b_seed_221_base_1_regime_speech_disabled_policy_existing_with_ml_shadow,1,1,1,3636ee12b35a57bbe8811b59ccf2c37a2bfec25ced6170ee3f51615da6f64f83,stage2b_seed_221_base_1_regime_speech_disabled,0,2,existing_with_ml_shadow,2,221,1,2,final_test,existing_with_ml_shadow,0.5,1,2,2,2,0,2,0,2,0,1,wolf,0,0,2,3,1
0.0123787037798829,0.007460973499380741,1,speech_disabled,0,2,stage2b_seed_221_base_1_regime_speech_disabled_policy_selective_ml_override,1,1,1,3636ee12b35a57bbe8811b59ccf2c37a2bfec25ced6170ee3f51615da6f64f83,stage2b_seed_221_base_1_regime_speech_disabled,0,4,selective_ml_override,4,221,1,2,final_test,selective_ml_override,0.75,3,4,4,3,1,4,1,0,0,2,wolf,0,0,4,1,1
0.019248421955911144,0.010722023178809825,1,speech_disabled,0,,stage2b_seed_221_base_1_regime_speech_disabled_policy_high_confidence_shadow,1,1,1,3636ee12b35a57bbe8811b59ccf2c37a2bfec25ced6170ee3f51615da6f64f83,stage2b_seed_221_base_1_regime_speech_disabled,0,2,high_confidence_shadow,2,221,1,2,final_test,high_confidence_shadow,0.5,1,2,2,2,0,2,1,2,0,1,wolf,0,0,2,3,1
0.0,0.0054308141120780196,1,herding_enabled,0,2,stage2b_seed_221_base_1_regime_herding_enabled_policy_existing_rule,0,1,1,3636ee12b35a57bbe8811b59ccf2c37a2bfec25ced6170ee3f51615da6f64f83,stage2b_seed_221_base_1_regime_herding_enabled,0,3,existing_rule,3,221,1,1,final_test,existing_rule,0.6666666666666666,2,2,3,3,0,3,0,0,0,2,wolf,0,1,3,2,1
0.0,0.0054308141120780196,1,herding_enabled,0,2,stage2b_seed_221_base_1_regime_herding_enabled_policy_ml_first_kill_only,0,1,1,3636ee12b35a57bbe8811b59ccf2c37a2bfec25ced6170ee3f51615da6f64f83,stage2b_seed_221_base_1_regime_herding_enabled,0,3,ml_first_kill_only,3,221,1,1,final_test,ml_first_kill_only,0.6666666666666666,2,2,3,3,1,3,0,0,0,2,wolf,0,1,3,2,1
0.0,0.005923333513612988,1,herding_enabled,0,2,stage2b_seed_221_base_1_regime_herding_enabled_policy_ml_single_random_kill,0,1,1,3636ee12b35a57bbe8811b59ccf2c37a2bfec25ced6170ee3f51615da6f64f83,stage2b_seed_221_base_1_regime_herding_enabled,1,4,ml_single_random_kill,4,221,1,1,final_test,ml_single_random_kill,0.5,2,3,4,4,1,4,0,0,0,2,wolf,0,1,4,1,1
0.0,0.005923333513612988,1,herding_enabled,0,2,stage2b_seed_221_base_1_regime_herding_enabled_policy_ml_first_two_kills,0,1,1,3636ee12b35a57bbe8811b59ccf2c37a2bfec25ced6170ee3f51615da6f64f83,stage2b_seed_221_base_1_regime_herding_enabled,1,4,ml_first_two_kills,4,221,1,1,final_test,ml_first_two_kills,0.5,2,3,4,4,2,4,0,0,0,2,wolf,0,1,4,1,1
0.0,0.004271412605407809,1,herding_enabled,0,2,stage2b_seed_221_base_1_regime_herding_enabled_policy_continuous_frozen_ml,0,1,1,3636ee12b35a57bbe8811b59ccf2c37a2bfec25ced6170ee3f51615da6f64f83,stage2b_seed_221_base_1_regime_herding_enabled,1,4,continuous_frozen_ml,4,221,0,0,final_test,continuous_frozen_ml,0.5,2,3,,4,4,4,0,0,1,1,village,0,1,4,0,0
0.0,0.0054308141120780196,1,herding_enabled,0,2,stage2b_seed_221_base_1_regime_herding_enabled_policy_existing_with_ml_shadow,0,1,1,3636ee12b35a57bbe8811b59ccf2c37a2bfec25ced6170ee3f51615da6f64f83,stage2b_seed_221_base_1_regime_herding_enabled,0,3,existing_with_ml_shadow,3,221,1,1,final_test,existing_with_ml_shadow,0.6666666666666666,2,2,3,3,0,3,0,3,0,2,wolf,0,1,3,2,1
0.01838981651570108,0.0054308141120780196,1,herding_enabled,0,2,stage2b_seed_221_base_1_regime_herding_enabled_policy_selective_ml_override,0,1,1,3636ee12b35a57bbe8811b59ccf2c37a2bfec25ced6170ee3f51615da6f64f83,stage2b_seed_221_base_1_regime_herding_enabled,0,3,selective_ml_override,3,221,1,1,final_test,selective_ml_override,0.6666666666666666,2,2,3,3,0,3,0,0,0,2,wolf,0,1,3,2,1
0.01838981651570108,0.0054308141120780196,1,herding_enabled,0,2,stage2b_seed_221_base_1_regime_herding_enabled_policy_high_confidence_shadow,0,1,1,3636ee12b35a57bbe8811b59ccf2c37a2bfec25ced6170ee3f51615da6f64f83,stage2b_seed_221_base_1_regime_herding_enabled,0,3,high_confidence_shadow,3,221,1,1,final_test,high_confidence_shadow,0.6666666666666666,2,2,3,3,0,3,0,3,0,2,wolf,0,1,3,2,1
0.0,0.012264128118799844,1,deception_enabled,0,,stage2b_seed_221_base_1_regime_deception_enabled_policy_existing_rule,0,0,1,3636ee12b35a57bbe8811b59ccf2c37a2bfec25ced6170ee3f51615da6f64f83,stage2b_seed_221_base_1_regime_deception_enabled,0,2,existing_rule,2,221,1,1,final_test,existing_rule,0.5,1,1,2,2,0,2,0,0,0,2,wolf,0,1,2,3,1
0.0,0.012264128118799844,1,deception_enabled,0,,stage2b_seed_221_base_1_regime_deception_enabled_policy_ml_first_kill_only,0,0,1,3636ee12b35a57bbe8811b59ccf2c37a2bfec25ced6170ee3f51615da6f64f83,stage2b_seed_221_base_1_regime_deception_enabled,0,2,ml_first_kill_only,2,221,1,1,final_test,ml_first_kill_only,0.5,1,1,2,2,1,2,0,0,0,2,wolf,0,1,2,3,1
0.0,0.012264128118799844,1,deception_enabled,0,,stage2b_seed_221_base_1_regime_deception_enabled_policy_ml_single_random_kill,0,0,1,3636ee12b35a57bbe8811b59ccf2c37a2bfec25ced6170ee3f51615da6f64f83,stage2b_seed_221_base_1_regime_deception_enabled,0,2,ml_single_random_kill,2,221,1,1,final_test,ml_single_random_kill,0.5,1,1,2,2,1,2,0,0,0,2,wolf,0,1,2,3,1
0.0,0.012264128118799844,1,deception_enabled,0,,stage2b_seed_221_base_1_regime_deception_enabled_policy_ml_first_two_kills,0,0,1,3636ee12b35a57bbe8811b59ccf2c37a2bfec25ced6170ee3f51615da6f64f83,stage2b_seed_221_base_1_regime_deception_enabled,1,2,ml_first_two_kills,2,221,0,0,final_test,ml_first_two_kills,0.0,0,1,2,2,2,2,0,0,0,2,wolf,0,1,2,3,1
0.0,0.012264128118799844,1,deception_enabled,0,,stage2b_seed_221_base_1_regime_deception_enabled_policy_continuous_frozen_ml,0,0,1,3636ee12b35a57bbe8811b59ccf2c37a2bfec25ced6170ee3f51615da6f64f83,stage2b_seed_221_base_1_regime_deception_enabled,1,2,continuous_frozen_ml,2,221,0,0,final_test,continuous_frozen_ml,0.0,0,1,2,2,2,2,0,0,0,2,wolf,0,1,2,3,1
0.0,0.012264128118799844,1,deception_enabled,0,,stage2b_seed_221_base_1_regime_deception_enabled_policy_existing_with_ml_shadow,0,0,1,3636ee12b35a57bbe8811b59ccf2c37a2bfec25ced6170ee3f51615da6f64f83,stage2b_seed_221_base_1_regime_deception_enabled,0,2,existing_with_ml_shadow,2,221,1,1,final_test,existing_with_ml_shadow,0.5,1,1,2,2,0,2,0,2,0,2,wolf,0,1,2,3,1
0.0280006917908302,0.012264128118799844,1,deception_enabled,0,,stage2b_seed_221_base_1_regime_deception_enabled_policy_selective_ml_override,0,0,1,3636ee12b35a57bbe8811b59ccf2c37a2bfec25ced6170ee3f51615da6f64f83,stage2b_seed_221_base_1_regime_deception_enabled,0,2,selective_ml_override,2,221,1,1,final_test,selective_ml_override,0.5,1,1,2,2,1,2,1,0,0,2,wolf,0,1,2,3,1
0.0280006917908302,0.012264128118799844,1,deception_enabled,0,,stage2b_seed_221_base_1_regime_deception_enabled_policy_high_confidence_shadow,0,0,1,3636ee12b35a57bbe8811b59ccf2c37a2bfec25ced6170ee3f51615da6f64f83,stage2b_seed_221_base_1_regime_deception_enabled,0,2,high_confidence_shadow,2,221,1,1,final_test,high_confidence_shadow,0.5,1,1,2,2,0,2,1,2,0,2,wolf,0,1,2,3,1
0.0,0.014803224633921438,1,heterogeneous_risk_preference,0,2,stage2b_seed_221_base_1_regime_heterogeneous_risk_preference_policy_existing_rule,0,1,1,3636ee12b35a57bbe8811b59ccf2c37a2bfec25ced6170ee3f51615da6f64f83,stage2b_seed_221_base_1_regime_heterogeneous_risk_preference,0,3,existing_rule,3,221,1,2,final_test,existing_rule,0.6666666666666666,2,2,3,3,0,3,0,0,0,2,wolf,1,1,3,2,1
0.0,0.019972963919353104,1,heterogeneous_risk_preference,0,2,stage2b_seed_221_base_1_regime_heterogeneous_risk_preference_policy_ml_first_kill_only,0,1,1,3636ee12b35a57bbe8811b59ccf2c37a2bfec25ced6170ee3f51615da6f64f83,stage2b_seed_221_base_1_regime_heterogeneous_risk_preference,1,4,ml_first_kill_only,4,221,1,2,final_test,ml_first_kill_only,0.5,2,3,4,4,1,4,0,0,0,2,wolf,1,1,4,1,1
0.0,0.019972963919353104,1,heterogeneous_risk_preference,0,2,stage2b_seed_221_base_1_regime_heterogeneous_risk_preference_policy_ml_single_random_kill,0,1,1,3636ee12b35a57bbe8811b59ccf2c37a2bfec25ced6170ee3f51615da6f64f83,stage2b_seed_221_base_1_regime_heterogeneous_risk_preference,1,4,ml_single_random_kill,4,221,1,2,final_test,ml_single_random_kill,0.5,2,3,4,4,1,4,0,0,0,2,wolf,1,1,4,1,1
0.0,0.019972963919353104,1,heterogeneous_risk_preference,0,2,stage2b_seed_221_base_1_regime_heterogeneous_risk_preference_policy_ml_first_two_kills,0,1,1,3636ee12b35a57bbe8811b59ccf2c37a2bfec25ced6170ee3f51615da6f64f83,stage2b_seed_221_base_1_regime_heterogeneous_risk_preference,0,4,ml_first_two_kills,4,221,1,2,final_test,ml_first_two_kills,0.75,3,3,4,4,2,4,0,0,0,2,wolf,1,1,4,1,1
0.0,0.012756443297115505,1,heterogeneous_risk_preference,0,2,stage2b_seed_221_base_1_regime_heterogeneous_risk_preference_policy_continuous_frozen_ml,0,1,1,3636ee12b35a57bbe8811b59ccf2c37a2bfec25ced6170ee3f51615da6f64f83,stage2b_seed_221_base_1_regime_heterogeneous_risk_preference,0,4,continuous_frozen_ml,4,221,0,0,final_test,continuous_frozen_ml,0.75,3,3,4,4,4,4,0,0,0,2,wolf,0,1,4,1,1
0.0,0.014803224633921438,1,heterogeneous_risk_preference,0,2,stage2b_seed_221_base_1_regime_heterogeneous_risk_preference_policy_existing_with_ml_shadow,0,1,1,3636ee12b35a57bbe8811b59ccf2c37a2bfec25ced6170ee3f51615da6f64f83,stage2b_seed_221_base_1_regime_heterogeneous_risk_preference,0,3,existing_with_ml_shadow,3,221,1,2,final_test,existing_with_ml_shadow,0.6666666666666666,2,2,3,3,0,3,0,3,0,2,wolf,1,1,3,2,1
0.031630382580555505,0.014803224633921438,1,heterogeneous_risk_preference,0,2,stage2b_seed_221_base_1_regime_heterogeneous_risk_preference_policy_selective_ml_override,0,1,1,3636ee12b35a57bbe8811b59ccf2c37a2bfec25ced6170ee3f51615da6f64f83,stage2b_seed_221_base_1_regime_heterogeneous_risk_preference,0,3,selective_ml_override,3,221,1,2,final_test,selective_ml_override,0.6666666666666666,2,2,3,3,0,3,0,0,0,2,wolf,1,1,3,2,1
0.031630382580555505,0.014803224633921438,1,heterogeneous_risk_preference,0,2,stage2b_seed_221_base_1_regime_heterogeneous_risk_preference_policy_high_confidence_shadow,0,1,1,3636ee12b35a57bbe8811b59ccf2c37a2bfec25ced6170ee3f51615da6f64f83,stage2b_seed_221_base_1_regime_heterogeneous_risk_preference,0,3,high_confidence_shadow,3,221,1,2,final_test,high_confidence_shadow,0.6666666666666666,2,2,3,3,0,3,0,3,0,2,wolf,1,1,3,2,1
0.0,0.012579610325702123,1,strong_village_information,0,1,stage2b_seed_221_base_1_regime_strong_village_information_policy_existing_rule,1,1,1,3636ee12b35a57bbe8811b59ccf2c37a2bfec25ced6170ee3f51615da6f64f83,stage2b_seed_221_base_1_regime_strong_village_information,1,4,existing_rule,4,221,1,3,final_test,existing_rule,0.5,2,3,,4,0,4,0,0,1,1,village,1,1,4,0,0
0.0,0.012579610325702123,1,strong_village_information,0,1,stage2b_seed_221_base_1_regime_strong_village_information_policy_ml_first_kill_only,1,1,1,3636ee12b35a57bbe8811b59ccf2c37a2bfec25ced6170ee3f51615da6f64f83,stage2b_seed_221_base_1_regime_strong_village_information,1,4,ml_first_kill_only,4,221,1,3,final_test,ml_first_kill_only,0.5,2,3,,4,1,4,0,0,1,1,village,1,1,4,0,0
0.0,0.012579610325702123,1,strong_village_information,0,1,stage2b_seed_221_base_1_regime_strong_village_information_policy_ml_single_random_kill,1,1,1,3636ee12b35a57bbe8811b59ccf2c37a2bfec25ced6170ee3f51615da6f64f83,stage2b_seed_221_base_1_regime_strong_village_information,1,4,ml_single_random_kill,4,221,1,3,final_test,ml_single_random_kill,0.5,2,3,,4,1,4,0,0,1,1,village,1,1,4,0,0
0.0,0.00721850938701063,1,strong_village_information,0,1,stage2b_seed_221_base_1_regime_strong_village_information_policy_ml_first_two_kills,0,0,1,3636ee12b35a57bbe8811b59ccf2c37a2bfec25ced6170ee3f51615da6f64f83,stage2b_seed_221_base_1_regime_strong_village_information,0,3,ml_first_two_kills,3,221,1,1,final_test,ml_first_two_kills,0.6666666666666666,2,2,3,3,2,3,0,0,0,2,wolf,0,1,3,2,1
0.0,0.00721850938701063,1,strong_village_information,0,1,stage2b_seed_221_base_1_regime_strong_village_information_policy_continuous_frozen_ml,1,1,1,3636ee12b35a57bbe8811b59ccf2c37a2bfec25ced6170ee3f51615da6f64f83,stage2b_seed_221_base_1_regime_strong_village_information,0,3,continuous_frozen_ml,3,221,0,1,final_test,continuous_frozen_ml,0.6666666666666666,2,2,3,3,3,3,0,0,0,2,wolf,0,1,3,2,1
0.0,0.012579610325702123,1,strong_village_information,0,1,stage2b_seed_221_base_1_regime_strong_village_information_policy_existing_with_ml_shadow,1,1,1,3636ee12b35a57bbe8811b59ccf2c37a2bfec25ced6170ee3f51615da6f64f83,stage2b_seed_221_base_1_regime_strong_village_information,1,4,existing_with_ml_shadow,4,221,1,3,final_test,existing_with_ml_shadow,0.5,2,3,,4,0,4,0,4,1,1,village,1,1,4,0,0
0.025857316406061398,0.012579610325702123,1,strong_village_information,0,1,stage2b_seed_221_base_1_regime_strong_village_information_policy_selective_ml_override,1,1,1,3636ee12b35a57bbe8811b59ccf2c37a2bfec25ced6170ee3f51615da6f64f83,stage2b_seed_221_base_1_regime_strong_village_information,1,4,selective_ml_override,4,221,1,3,final_test,selective_ml_override,0.5,2,3,,4,0,4,0,0,1,1,village,1,1,4,0,0
0.025857316406061398,0.012579610325702123,1,strong_village_information,0,1,stage2b_seed_221_base_1_regime_strong_village_information_policy_high_confidence_shadow,1,1,1,3636ee12b35a57bbe8811b59ccf2c37a2bfec25ced6170ee3f51615da6f64f83,stage2b_seed_221_base_1_regime_strong_village_information,1,4,high_confidence_shadow,4,221,1,3,final_test,high_confidence_shadow,0.5,2,3,,4,0,4,0,4,1,1,village,1,1,4,0,0
0.0,0.02372864626871596,1,weak_village_information,0,1,stage2b_seed_221_base_1_regime_weak_village_information_policy_existing_rule,1,1,1,3636ee12b35a57bbe8811b59ccf2c37a2bfec25ced6170ee3f51615da6f64f83,stage2b_seed_221_base_1_regime_weak_village_information,0,3,existing_rule,3,221,1,3,final_test,existing_rule,0.6666666666666666,2,3,3,3,0,3,0,0,0,1,wolf,1,0,3,2,1
0.0,0.019385575573847357,1,weak_village_information,0,1,stage2b_seed_221_base_1_regime_weak_village_information_policy_ml_first_kill_only,1,0,1,3636ee12b35a57bbe8811b59ccf2c37a2bfec25ced6170ee3f51615da6f64f83,stage2b_seed_221_base_1_regime_weak_village_information,0,5,ml_first_kill_only,5,221,1,3,final_test,ml_first_kill_only,0.8,4,4,5,5,1,5,0,0,0,2,wolf,1,1,5,1,1
0.0,0.019385575573847357,1,weak_village_information,0,1,stage2b_seed_221_base_1_regime_weak_village_information_policy_ml_single_random_kill,1,0,1,3636ee12b35a57bbe8811b59ccf2c37a2bfec25ced6170ee3f51615da6f64f83,stage2b_seed_221_base_1_regime_weak_village_information,0,5,ml_single_random_kill,5,221,1,3,final_test,ml_single_random_kill,0.8,4,4,5,5,1,5,0,0,0,2,wolf,1,1,5,1,1
0.0,0.017800780064510913,1,weak_village_information,0,1,stage2b_seed_221_base_1_regime_weak_village_information_policy_ml_first_two_kills,0,1,1,3636ee12b35a57bbe8811b59ccf2c37a2bfec25ced6170ee3f51615da6f64f83,stage2b_seed_221_base_1_regime_weak_village_information,0,4,ml_first_two_kills,4,221,0,1,final_test,ml_first_two_kills,0.75,3,4,4,4,2,4,0,0,0,1,wolf,1,0,4,1,1
0.0,0.018205587430411896,1,weak_village_information,0,1,stage2b_seed_221_base_1_regime_weak_village_information_policy_continuous_frozen_ml,0,0,1,3636ee12b35a57bbe8811b59ccf2c37a2bfec25ced6170ee3f51615da6f64f83,stage2b_seed_221_base_1_regime_weak_village_information,0,3,continuous_frozen_ml,3,221,0,0,final_test,continuous_frozen_ml,0.6666666666666666,2,3,,3,3,3,0,0,1,0,village,0,0,3,0,0
0.0,0.02372864626871596,1,weak_village_information,0,1,stage2b_seed_221_base_1_regime_weak_village_information_policy_existing_with_ml_shadow,1,1,1,3636ee12b35a57bbe8811b59ccf2c37a2bfec25ced6170ee3f51615da6f64f83,stage2b_seed_221_base_1_regime_weak_village_information,0,3,existing_with_ml_shadow,3,221,1,3,final_test,existing_with_ml_shadow,0.6666666666666666,2,3,3,3,0,3,0,3,0,1,wolf,1,0,3,2,1
0.03500987827708825,0.019385575573847357,1,weak_village_information,0,1,stage2b_seed_221_base_1_regime_weak_village_information_policy_selective_ml_override,1,0,1,3636ee12b35a57bbe8811b59ccf2c37a2bfec25ced6170ee3f51615da6f64f83,stage2b_seed_221_base_1_regime_weak_village_information,0,5,selective_ml_override,5,221,1,3,final_test,selective_ml_override,0.8,4,4,5,5,1,5,1,0,0,2,wolf,1,1,5,1,1
0.04671619510143491,0.02372864626871596,1,weak_village_information,0,1,stage2b_seed_221_base_1_regime_weak_village_information_policy_high_confidence_shadow,1,1,1,3636ee12b35a57bbe8811b59ccf2c37a2bfec25ced6170ee3f51615da6f64f83,stage2b_seed_221_base_1_regime_weak_village_information,0,3,high_confidence_shadow,3,221,1,3,final_test,high_confidence_shadow,0.6666666666666666,2,3,3,3,0,3,1,3,0,1,wolf,1,0,3,2,1
0.0,0.01412833960419052,1,mixed_seer_strategy,0,1,stage2b_seed_221_base_1_regime_mixed_seer_strategy_policy_existing_rule,0,1,1,3636ee12b35a57bbe8811b59ccf2c37a2bfec25ced6170ee3f51615da6f64f83,stage2b_seed_221_base_1_regime_mixed_seer_strategy,1,4,existing_rule,4,221,1,2,final_test,existing_rule,0.5,2,3,4,3,0,4,0,0,0,2,wolf,1,1,4,1,1
0.0,0.01412833960419052,1,mixed_seer_strategy,0,1,stage2b_seed_221_base_1_regime_mixed_seer_strategy_policy_ml_first_kill_only,0,1,1,3636ee12b35a57bbe8811b59ccf2c37a2bfec25ced6170ee3f51615da6f64f83,stage2b_seed_221_base_1_regime_mixed_seer_strategy,1,4,ml_first_kill_only,4,221,1,2,final_test,ml_first_kill_only,0.5,2,3,4,3,1,4,0,0,0,2,wolf,1,1,4,1,1
0.0,0.01141430336874194,1,mixed_seer_strategy,0,1,stage2b_seed_221_base_1_regime_mixed_seer_strategy_policy_ml_single_random_kill,0,1,1,3636ee12b35a57bbe8811b59ccf2c37a2bfec25ced6170ee3f51615da6f64f83,stage2b_seed_221_base_1_regime_mixed_seer_strategy,1,4,ml_single_random_kill,4,221,1,2,final_test,ml_single_random_kill,0.5,2,3,4,3,1,4,0,0,0,2,wolf,1,1,4,1,1
0.0,0.0040346697197372605,1,mixed_seer_strategy,0,1,stage2b_seed_221_base_1_regime_mixed_seer_strategy_policy_ml_first_two_kills,0,1,1,3636ee12b35a57bbe8811b59ccf2c37a2bfec25ced6170ee3f51615da6f64f83,stage2b_seed_221_base_1_regime_mixed_seer_strategy,0,4,ml_first_two_kills,4,221,1,2,final_test,ml_first_two_kills,0.75,3,3,4,3,2,4,0,0,0,2,wolf,1,1,4,1,1
0.0,0.009173632297821699,1,mixed_seer_strategy,0,1,stage2b_seed_221_base_1_regime_mixed_seer_strategy_policy_continuous_frozen_ml,0,1,1,3636ee12b35a57bbe8811b59ccf2c37a2bfec25ced6170ee3f51615da6f64f83,stage2b_seed_221_base_1_regime_mixed_seer_strategy,0,4,continuous_frozen_ml,4,221,0,1,final_test,continuous_frozen_ml,0.75,3,3,,4,4,4,0,0,1,1,village,1,1,4,0,0
0.0,0.01412833960419052,1,mixed_seer_strategy,0,1,stage2b_seed_221_base_1_regime_mixed_seer_strategy_policy_existing_with_ml_shadow,0,1,1,3636ee12b35a57bbe8811b59ccf2c37a2bfec25ced6170ee3f51615da6f64f83,stage2b_seed_221_base_1_regime_mixed_seer_strategy,1,4,existing_with_ml_shadow,4,221,1,2,final_test,existing_with_ml_shadow,0.5,2,3,4,3,0,4,0,4,0,2,wolf,1,1,4,1,1
0.02428037496505328,0.01412833960419052,1,mixed_seer_strategy,0,1,stage2b_seed_221_base_1_regime_mixed_seer_strategy_policy_selective_ml_override,0,1,1,3636ee12b35a57bbe8811b59ccf2c37a2bfec25ced6170ee3f51615da6f64f83,stage2b_seed_221_base_1_regime_mixed_seer_strategy,1,4,selective_ml_override,4,221,1,2,final_test,selective_ml_override,0.5,2,3,4,3,0,4,0,0,0,2,wolf,1,1,4,1,1
0.02428037496505328,0.01412833960419052,1,mixed_seer_strategy,0,1,stage2b_seed_221_base_1_regime_mixed_seer_strategy_policy_high_confidence_shadow,0,1,1,3636ee12b35a57bbe8811b59ccf2c37a2bfec25ced6170ee3f51615da6f64f83,stage2b_seed_221_base_1_regime_mixed_seer_strategy,1,4,high_confidence_shadow,4,221,1,2,final_test,high_confidence_shadow,0.5,2,3,4,3,0,4,0,4,0,2,wolf,1,1,4,1,1
0.0,0.01772713850337483,1,mixed_voting_strategy,0,2,stage2b_seed_221_base_1_regime_mixed_voting_strategy_policy_existing_rule,1,1,1,3636ee12b35a57bbe8811b59ccf2c37a2bfec25ced6170ee3f51615da6f64f83,stage2b_seed_221_base_1_regime_mixed_voting_strategy,0,4,existing_rule,4,221,1,3,final_test,existing_rule,0.75,3,3,4,4,0,4,0,0,0,2,wolf,1,1,4,1,1
0.0,0.01772713850337483,1,mixed_voting_strategy,0,2,stage2b_seed_221_base_1_regime_mixed_voting_strategy_policy_ml_first_kill_only,1,1,1,3636ee12b35a57bbe8811b59ccf2c37a2bfec25ced6170ee3f51615da6f64f83,stage2b_seed_221_base_1_regime_mixed_voting_strategy,0,4,ml_first_kill_only,4,221,1,3,final_test,ml_first_kill_only,0.75,3,3,4,4,1,4,0,0,0,2,wolf,1,1,4,1,1
0.0,0.01772713850337483,1,mixed_voting_strategy,0,2,stage2b_seed_221_base_1_regime_mixed_voting_strategy_policy_ml_single_random_kill,1,1,1,3636ee12b35a57bbe8811b59ccf2c37a2bfec25ced6170ee3f51615da6f64f83,stage2b_seed_221_base_1_regime_mixed_voting_strategy,0,4,ml_single_random_kill,4,221,1,3,final_test,ml_single_random_kill,0.75,3,3,4,4,1,4,0,0,0,2,wolf,1,1,4,1,1
0.0,0.01189625299339954,1,mixed_voting_strategy,0,2,stage2b_seed_221_base_1_regime_mixed_voting_strategy_policy_ml_first_two_kills,1,1,1,3636ee12b35a57bbe8811b59ccf2c37a2bfec25ced6170ee3f51615da6f64f83,stage2b_seed_221_base_1_regime_mixed_voting_strategy,0,4,ml_first_two_kills,4,221,0,2,final_test,ml_first_two_kills,0.75,3,3,4,4,2,4,0,0,0,1,wolf,1,1,4,1,1
0.0,0.013143902302377275,1,mixed_voting_strategy,0,2,stage2b_seed_221_base_1_regime_mixed_voting_strategy_policy_continuous_frozen_ml,0,0,1,3636ee12b35a57bbe8811b59ccf2c37a2bfec25ced6170ee3f51615da6f64f83,stage2b_seed_221_base_1_regime_mixed_voting_strategy,0,3,continuous_frozen_ml,3,221,0,0,final_test,continuous_frozen_ml,0.6666666666666666,2,2,3,3,3,3,0,0,0,2,wolf,0,1,3,2,1
0.0,0.01772713850337483,1,mixed_voting_strategy,0,2,stage2b_seed_221_base_1_regime_mixed_voting_strategy_policy_existing_with_ml_shadow,1,1,1,3636ee12b35a57bbe8811b59ccf2c37a2bfec25ced6170ee3f51615da6f64f83,stage2b_seed_221_base_1_regime_mixed_voting_strategy,0,4,existing_with_ml_shadow,4,221,1,3,final_test,existing_with_ml_shadow,0.75,3,3,4,4,0,4,0,4,0,2,wolf,1,1,4,1,1
0.04562912280952387,0.01772713850337483,1,mixed_voting_strategy,0,2,stage2b_seed_221_base_1_regime_mixed_voting_strategy_policy_selective_ml_override,1,1,1,3636ee12b35a57bbe8811b59ccf2c37a2bfec25ced6170ee3f51615da6f64f83,stage2b_seed_221_base_1_regime_mixed_voting_strategy,0,4,selective_ml_override,4,221,1,3,final_test,selective_ml_override,0.75,3,3,4,4,1,4,1,0,0,2,wolf,1,1,4,1,1
0.04562912280952387,0.01772713850337483,1,mixed_voting_strategy,0,2,stage2b_seed_221_base_1_regime_mixed_voting_strategy_policy_high_confidence_shadow,1,1,1,3636ee12b35a57bbe8811b59ccf2c37a2bfec25ced6170ee3f51615da6f64f83,stage2b_seed_221_base_1_regime_mixed_voting_strategy,0,4,high_confidence_shadow,4,221,1,3,final_test,high_confidence_shadow,0.75,3,3,4,4,0,4,1,4,0,2,wolf,1,1,4,1,1
0.0,0.01054518550945068,1,mixed_wolf_deception_strategy,0,1,stage2b_seed_221_base_1_regime_mixed_wolf_deception_strategy_policy_existing_rule,1,1,1,3636ee12b35a57bbe8811b59ccf2c37a2bfec25ced6170ee3f51615da6f64f83,stage2b_seed_221_base_1_regime_mixed_wolf_deception_strategy,1,3,existing_rule,3,221,1,2,final_test,existing_rule,0.3333333333333333,1,2,3,3,0,3,0,0,0,2,wolf,0,1,3,2,1
0.0,0.01054518550945068,1,mixed_wolf_deception_strategy,0,1,stage2b_seed_221_base_1_regime_mixed_wolf_deception_strategy_policy_ml_first_kill_only,1,1,1,3636ee12b35a57bbe8811b59ccf2c37a2bfec25ced6170ee3f51615da6f64f83,stage2b_seed_221_base_1_regime_mixed_wolf_deception_strategy,1,3,ml_first_kill_only,3,221,1,2,final_test,ml_first_kill_only,0.3333333333333333,1,2,3,3,1,3,0,0,0,2,wolf,0,1,3,2,1
0.0,0.01054518550945068,1,mixed_wolf_deception_strategy,0,1,stage2b_seed_221_base_1_regime_mixed_wolf_deception_strategy_policy_ml_single_random_kill,1,1,1,3636ee12b35a57bbe8811b59ccf2c37a2bfec25ced6170ee3f51615da6f64f83,stage2b_seed_221_base_1_regime_mixed_wolf_deception_strategy,1,3,ml_single_random_kill,3,221,1,2,final_test,ml_single_random_kill,0.3333333333333333,1,2,3,3,1,3,0,0,0,2,wolf,0,1,3,2,1
0.0,0.01616790930196388,1,mixed_wolf_deception_strategy,0,1,stage2b_seed_221_base_1_regime_mixed_wolf_deception_strategy_policy_ml_first_two_kills,1,1,1,3636ee12b35a57bbe8811b59ccf2c37a2bfec25ced6170ee3f51615da6f64f83,stage2b_seed_221_base_1_regime_mixed_wolf_deception_strategy,1,4,ml_first_two_kills,4,221,1,2,final_test,ml_first_two_kills,0.5,2,3,,4,2,4,0,0,1,1,village,0,1,4,0,0
0.0,0.013622323342882658,1,mixed_wolf_deception_strategy,0,1,stage2b_seed_221_base_1_regime_mixed_wolf_deception_strategy_policy_continuous_frozen_ml,0,0,1,3636ee12b35a57bbe8811b59ccf2c37a2bfec25ced6170ee3f51615da6f64f83,stage2b_seed_221_base_1_regime_mixed_wolf_deception_strategy,1,4,continuous_frozen_ml,4,221,0,0,final_test,continuous_frozen_ml,0.5,2,3,,4,4,4,0,0,1,1,village,0,1,4,0,0
0.0,0.01054518550945068,1,mixed_wolf_deception_strategy,0,1,stage2b_seed_221_base_1_regime_mixed_wolf_deception_strategy_policy_existing_with_ml_shadow,1,1,1,3636ee12b35a57bbe8811b59ccf2c37a2bfec25ced6170ee3f51615da6f64f83,stage2b_seed_221_base_1_regime_mixed_wolf_deception_strategy,1,3,existing_with_ml_shadow,3,221,1,2,final_test,existing_with_ml_shadow,0.3333333333333333,1,2,3,3,0,3,0,3,0,2,wolf,0,1,3,2,1
0.03962778128120973,0.01054518550945068,1,mixed_wolf_deception_strategy,0,1,stage2b_seed_221_base_1_regime_mixed_wolf_deception_strategy_policy_selective_ml_override,1,1,1,3636ee12b35a57bbe8811b59ccf2c37a2bfec25ced6170ee3f51615da6f64f83,stage2b_seed_221_base_1_regime_mixed_wolf_deception_strategy,1,3,selective_ml_override,3,221,1,2,final_test,selective_ml_override,0.3333333333333333,1,2,3,3,1,3,1,0,0,2,wolf,0,1,3,2,1
0.03962778128120973,0.01054518550945068,1,mixed_wolf_deception_strategy,0,1,stage2b_seed_221_base_1_regime_mixed_wolf_deception_strategy_policy_high_confidence_shadow,1,1,1,3636ee12b35a57bbe8811b59ccf2c37a2bfec25ced6170ee3f51615da6f64f83,stage2b_seed_221_base_1_regime_mixed_wolf_deception_strategy,1,3,high_confidence_shadow,3,221,1,2,final_test,high_confidence_shadow,0.3333333333333333,1,2,3,3,0,3,1,3,0,2,wolf,0,1,3,2,1
0.0,0.00846303512164176,1,baseline_speech_enabled,0,2,stage2b_seed_222_base_1_regime_baseline_speech_enabled_policy_existing_rule,1,1,1,3636ee12b35a57bbe8811b59ccf2c37a2bfec25ced6170ee3f51615da6f64f83,stage2b_seed_222_base_1_regime_baseline_speech_enabled,0,4,existing_rule,4,222,1,3,final_test,existing_rule,0.75,3,3,4,1,0,4,0,0,0,2,wolf,1,1,4,1,1
0.0,0.00846303512164176,1,baseline_speech_enabled,0,2,stage2b_seed_222_base_1_regime_baseline_speech_enabled_policy_ml_first_kill_only,1,1,1,3636ee12b35a57bbe8811b59ccf2c37a2bfec25ced6170ee3f51615da6f64f83,stage2b_seed_222_base_1_regime_baseline_speech_enabled,0,4,ml_first_kill_only,4,222,1,3,final_test,ml_first_kill_only,0.75,3,3,4,1,1,4,0,0,0,2,wolf,1,1,4,1,1
0.0,0.016317979852135178,1,baseline_speech_enabled,0,2,stage2b_seed_222_base_1_regime_baseline_speech_enabled_policy_ml_single_random_kill,1,1,1,3636ee12b35a57bbe8811b59ccf2c37a2bfec25ced6170ee3f51615da6f64f83,stage2b_seed_222_base_1_regime_baseline_speech_enabled,0,4,ml_single_random_kill,4,222,1,2,final_test,ml_single_random_kill,0.75,3,3,4,1,1,4,0,0,0,2,wolf,0,1,4,1,1
0.0,0.00846303512164176,1,baseline_speech_enabled,0,2,stage2b_seed_222_base_1_regime_baseline_speech_enabled_policy_ml_first_two_kills,1,1,1,3636ee12b35a57bbe8811b59ccf2c37a2bfec25ced6170ee3f51615da6f64f83,stage2b_seed_222_base_1_regime_baseline_speech_enabled,0,4,ml_first_two_kills,4,222,1,3,final_test,ml_first_two_kills,0.75,3,3,4,1,2,4,0,0,0,2,wolf,1,1,4,1,1
0.0,0.016317979852135178,1,baseline_speech_enabled,0,2,stage2b_seed_222_base_1_regime_baseline_speech_enabled_policy_continuous_frozen_ml,1,1,1,3636ee12b35a57bbe8811b59ccf2c37a2bfec25ced6170ee3f51615da6f64f83,stage2b_seed_222_base_1_regime_baseline_speech_enabled,0,4,continuous_frozen_ml,4,222,1,2,final_test,continuous_frozen_ml,0.75,3,3,4,1,4,4,0,0,0,2,wolf,0,1,4,1,1
0.0,0.00846303512164176,1,baseline_speech_enabled,0,2,stage2b_seed_222_base_1_regime_baseline_speech_enabled_policy_existing_with_ml_shadow,1,1,1,3636ee12b35a57bbe8811b59ccf2c37a2bfec25ced6170ee3f51615da6f64f83,stage2b_seed_222_base_1_regime_baseline_speech_enabled,0,4,existing_with_ml_shadow,4,222,1,3,final_test,existing_with_ml_shadow,0.75,3,3,4,1,0,4,0,4,0,2,wolf,1,1,4,1,1
0.009964966531565977,0.00846303512164176,1,baseline_speech_enabled,0,2,stage2b_seed_222_base_1_regime_baseline_speech_enabled_policy_selective_ml_override,1,1,1,3636ee12b35a57bbe8811b59ccf2c37a2bfec25ced6170ee3f51615da6f64f83,stage2b_seed_222_base_1_regime_baseline_speech_enabled,0,4,selective_ml_override,4,222,1,3,final_test,selective_ml_override,0.75,3,3,4,1,0,4,0,0,0,2,wolf,1,1,4,1,1
0.009964966531565977,0.00846303512164176,1,baseline_speech_enabled,0,2,stage2b_seed_222_base_1_regime_baseline_speech_enabled_policy_high_confidence_shadow,1,1,1,3636ee12b35a57bbe8811b59ccf2c37a2bfec25ced6170ee3f51615da6f64f83,stage2b_seed_222_base_1_regime_baseline_speech_enabled,0,4,high_confidence_shadow,4,222,1,3,final_test,high_confidence_shadow,0.75,3,3,4,1,0,4,0,4,0,2,wolf,1,1,4,1,1
0.0,0.02040207354843787,1,speech_disabled,0,1,stage2b_seed_222_base_1_regime_speech_disabled_policy_existing_rule,1,1,0,3636ee12b35a57bbe8811b59ccf2c37a2bfec25ced6170ee3f51615da6f64f83,stage2b_seed_222_base_1_regime_speech_disabled,3,4,existing_rule,4,222,1,3,final_test,existing_rule,0.25,1,3,4,3,0,4,0,0,0,2,wolf,1,1,4,1,1
0.0,0.02040207354843787,1,speech_disabled,0,1,stage2b_seed_222_base_1_regime_speech_disabled_policy_ml_first_kill_only,1,1,0,3636ee12b35a57bbe8811b59ccf2c37a2bfec25ced6170ee3f51615da6f64f83,stage2b_seed_222_base_1_regime_speech_disabled,3,4,ml_first_kill_only,4,222,1,3,final_test,ml_first_kill_only,0.25,1,3,4,3,1,4,0,0,0,2,wolf,1,1,4,1,1
0.0,0.01491439947874403,1,speech_disabled,0,1,stage2b_seed_222_base_1_regime_speech_disabled_policy_ml_single_random_kill,1,1,0,3636ee12b35a57bbe8811b59ccf2c37a2bfec25ced6170ee3f51615da6f64f83,stage2b_seed_222_base_1_regime_speech_disabled,3,3,ml_single_random_kill,3,222,1,2,final_test,ml_single_random_kill,0.0,0,2,,3,1,3,0,0,1,1,village,0,1,3,0,0
0.0,0.012058649589873719,1,speech_disabled,0,1,stage2b_seed_222_base_1_regime_speech_disabled_policy_ml_first_two_kills,1,1,0,3636ee12b35a57bbe8811b59ccf2c37a2bfec25ced6170ee3f51615da6f64f83,stage2b_seed_222_base_1_regime_speech_disabled,2,3,ml_first_two_kills,3,222,1,2,final_test,ml_first_two_kills,0.3333333333333333,1,2,,3,2,3,0,0,1,1,village,0,1,3,0,0
0.0,0.01590353907853409,1,speech_disabled,0,1,stage2b_seed_222_base_1_regime_speech_disabled_policy_continuous_frozen_ml,1,1,0,3636ee12b35a57bbe8811b59ccf2c37a2bfec25ced6170ee3f51615da6f64f83,stage2b_seed_222_base_1_regime_speech_disabled,2,4,continuous_frozen_ml,4,222,0,2,final_test,continuous_frozen_ml,0.5,2,3,,4,4,4,0,0,1,1,village,1,1,4,0,0
0.0,0.02040207354843787,1,speech_disabled,0,1,stage2b_seed_222_base_1_regime_speech_disabled_policy_existing_with_ml_shadow,1,1,0,3636ee12b35a57bbe8811b59ccf2c37a2bfec25ced6170ee3f51615da6f64f83,stage2b_seed_222_base_1_regime_speech_disabled,3,4,existing_with_ml_shadow,4,222,1,3,final_test,existing_with_ml_shadow,0.25,1,3,4,3,0,4,0,4,0,2,wolf,1,1,4,1,1
0.020725857289889266,0.02040207354843787,1,speech_disabled,0,1,stage2b_seed_222_base_1_regime_speech_disabled_policy_selective_ml_override,1,1,0,3636ee12b35a57bbe8811b59ccf2c37a2bfec25ced6170ee3f51615da6f64f83,stage2b_seed_222_base_1_regime_speech_disabled,3,4,selective_ml_override,4,222,1,3,final_test,selective_ml_override,0.25,1,3,4,3,0,4,0,0,0,2,wolf,1,1,4,1,1
0.020725857289889266,0.02040207354843787,1,speech_disabled,0,1,stage2b_seed_222_base_1_regime_speech_disabled_policy_high_confidence_shadow,1,1,0,3636ee12b35a57bbe8811b59ccf2c37a2bfec25ced6170ee3f51615da6f64f83,stage2b_seed_222_base_1_regime_speech_disabled,3,4,high_confidence_shadow,4,222,1,3,final_test,high_confidence_shadow,0.25,1,3,4,3,0,4,0,4,0,2,wolf,1,1,4,1,1
0.0,0.011880448034995513,1,herding_enabled,0,,stage2b_seed_222_base_1_regime_herding_enabled_policy_existing_rule,1,0,1,3636ee12b35a57bbe8811b59ccf2c37a2bfec25ced6170ee3f51615da6f64f83,stage2b_seed_222_base_1_regime_herding_enabled,2,3,existing_rule,3,222,1,2,final_test,existing_rule,0.0,0,2,3,3,0,3,0,0,0,2,wolf,0,1,3,3,1
0.0,0.011880448034995513,1,herding_enabled,0,,stage2b_seed_222_base_1_regime_herding_enabled_policy_ml_first_kill_only,1,0,1,3636ee12b35a57bbe8811b59ccf2c37a2bfec25ced6170ee3f51615da6f64f83,stage2b_seed_222_base_1_regime_herding_enabled,2,3,ml_first_kill_only,3,222,1,2,final_test,ml_first_kill_only,0.0,0,2,3,3,1,3,0,0,0,2,wolf,0,1,3,3,1
0.0,0.011880448034995513,1,herding_enabled,0,,stage2b_seed_222_base_1_regime_herding_enabled_policy_ml_single_random_kill,0,0,1,3636ee12b35a57bbe8811b59ccf2c37a2bfec25ced6170ee3f51615da6f64f83,stage2b_seed_222_base_1_regime_herding_enabled,1,3,ml_single_random_kill,3,222,1,1,final_test,ml_single_random_kill,0.3333333333333333,1,2,3,3,1,3,0,0,0,2,wolf,0,1,3,3,1
0.0,0.007289848802513377,1,herding_enabled,0,2,stage2b_seed_222_base_1_regime_herding_enabled_policy_ml_first_two_kills,0,0,1,3636ee12b35a57bbe8811b59ccf2c37a2bfec25ced6170ee3f51615da6f64f83,stage2b_seed_222_base_1_regime_herding_enabled,1,4,ml_first_two_kills,4,222,1,2,final_test,ml_first_two_kills,0.5,2,3,4,3,2,4,0,0,0,3,wolf,1,1,4,1,1
0.0,0.007260066624402234,1,herding_enabled,0,2,stage2b_seed_222_base_1_regime_herding_enabled_policy_continuous_frozen_ml,0,0,1,3636ee12b35a57bbe8811b59ccf2c37a2bfec25ced6170ee3f51615da6f64f83,stage2b_seed_222_base_1_regime_herding_enabled,1,4,continuous_frozen_ml,4,222,1,2,final_test,continuous_frozen_ml,0.5,2,3,,3,4,4,0,0,1,1,village,1,1,4,0,0
0.0,0.011880448034995513,1,herding_enabled,0,,stage2b_seed_222_base_1_regime_herding_enabled_policy_existing_with_ml_shadow,1,0,1,3636ee12b35a57bbe8811b59ccf2c37a2bfec25ced6170ee3f51615da6f64f83,stage2b_seed_222_base_1_regime_herding_enabled,2,3,existing_with_ml_shadow,3,222,1,2,final_test,existing_with_ml_shadow,0.0,0,2,3,3,0,3,0,3,0,2,wolf,0,1,3,3,1
0.014726771513397333,0.011880448034995513,1,herding_enabled,0,,stage2b_seed_222_base_1_regime_herding_enabled_policy_selective_ml_override,1,0,1,3636ee12b35a57bbe8811b59ccf2c37a2bfec25ced6170ee3f51615da6f64f83,stage2b_seed_222_base_1_regime_herding_enabled,2,3,selective_ml_override,3,222,1,2,final_test,selective_ml_override,0.0,0,2,3,3,0,3,0,0,0,2,wolf,0,1,3,3,1
0.014726771513397333,0.011880448034995513,1,herding_enabled,0,,stage2b_seed_222_base_1_regime_herding_enabled_policy_high_confidence_shadow,1,0,1,3636ee12b35a57bbe8811b59ccf2c37a2bfec25ced6170ee3f51615da6f64f83,stage2b_seed_222_base_1_regime_herding_enabled,2,3,high_confidence_shadow,3,222,1,2,final_test,high_confidence_shadow,0.0,0,2,3,3,0,3,0,3,0,2,wolf,0,1,3,3,1
0.0,0.019744519314969827,1,deception_enabled,0,1,stage2b_seed_222_base_1_regime_deception_enabled_policy_existing_rule,1,1,0,3636ee12b35a57bbe8811b59ccf2c37a2bfec25ced6170ee3f51615da6f64f83,stage2b_seed_222_base_1_regime_deception_enabled,1,3,existing_rule,3,222,1,2,final_test,existing_rule,0.6666666666666666,2,2,,2,0,3,0,0,1,1,village,0,1,3,0,0
0.0,0.019744519314969827,1,deception_enabled,0,1,stage2b_seed_222_base_1_regime_deception_enabled_policy_ml_first_kill_only,1,1,0,3636ee12b35a57bbe8811b59ccf2c37a2bfec25ced6170ee3f51615da6f64f83,stage2b_seed_222_base_1_regime_deception_enabled,1,3,ml_first_kill_only,3,222,1,2,final_test,ml_first_kill_only,0.6666666666666666,2,2,,2,1,3,0,0,1,1,village,0,1,3,0,0
0.0,0.019744519314969827,1,deception_enabled,0,1,stage2b_seed_222_base_1_regime_deception_enabled_policy_ml_single_random_kill,1,1,0,3636ee12b35a57bbe8811b59ccf2c37a2bfec25ced6170ee3f51615da6f64f83,stage2b_seed_222_base_1_regime_deception_enabled,1,3,ml_single_random_kill,3,222,1,2,final_test,ml_single_random_kill,0.6666666666666666,2,2,,2,1,3,0,0,1,1,village,0,1,3,0,0
0.0,0.01577236772610055,1,deception_enabled,0,1,stage2b_seed_222_base_1_regime_deception_enabled_policy_ml_first_two_kills,1,1,0,3636ee12b35a57bbe8811b59ccf2c37a2bfec25ced6170ee3f51615da6f64f83,stage2b_seed_222_base_1_regime_deception_enabled,2,4,ml_first_two_kills,4,222,1,2,final_test,ml_first_two_kills,0.5,2,3,,3,2,4,0,0,1,1,village,0,1,4,0,0
0.0,0.013940354712054487,1,deception_enabled,0,1,stage2b_seed_222_base_1_regime_deception_enabled_policy_continuous_frozen_ml,1,1,0,3636ee12b35a57bbe8811b59ccf2c37a2bfec25ced6170ee3f51615da6f64f83,stage2b_seed_222_base_1_regime_deception_enabled,2,4,continuous_frozen_ml,4,222,0,1,final_test,continuous_frozen_ml,0.5,2,3,4,3,4,4,0,0,0,1,wolf,0,1,4,1,1
0.0,0.019744519314969827,1,deception_enabled,0,1,stage2b_seed_222_base_1_regime_deception_enabled_policy_existing_with_ml_shadow,1,1,0,3636ee12b35a57bbe8811b59ccf2c37a2bfec25ced6170ee3f51615da6f64f83,stage2b_seed_222_base_1_regime_deception_enabled,1,3,existing_with_ml_shadow,3,222,1,2,final_test,existing_with_ml_shadow,0.6666666666666666,2,2,,2,0,3,0,3,1,1,village,0,1,3,0,0
0.028744535337064597,0.019744519314969827,1,deception_enabled,0,1,stage2b_seed_222_base_1_regime_deception_enabled_policy_selective_ml_override,1,1,0,3636ee12b35a57bbe8811b59ccf2c37a2bfec25ced6170ee3f51615da6f64f83,stage2b_seed_222_base_1_regime_deception_enabled,1,3,selective_ml_override,3,222,1,2,final_test,selective_ml_override,0.6666666666666666,2,2,,2,0,3,0,0,1,1,village,0,1,3,0,0
0.028744535337064597,0.019744519314969827,1,deception_enabled,0,1,stage2b_seed_222_base_1_regime_deception_enabled_policy_high_confidence_shadow,1,1,0,3636ee12b35a57bbe8811b59ccf2c37a2bfec25ced6170ee3f51615da6f64f83,stage2b_seed_222_base_1_regime_deception_enabled,1,3,high_confidence_shadow,3,222,1,2,final_test,high_confidence_shadow,0.6666666666666666,2,2,,2,0,3,0,3,1,1,village,0,1,3,0,0
0.0,0.016489382429097737,1,heterogeneous_risk_preference,0,2,stage2b_seed_222_base_1_regime_heterogeneous_risk_preference_policy_existing_rule,0,0,1,3636ee12b35a57bbe8811b59ccf2c37a2bfec25ced6170ee3f51615da6f64f83,stage2b_seed_222_base_1_regime_heterogeneous_risk_preference,0,3,existing_rule,3,222,1,2,final_test,existing_rule,0.6666666666666666,2,2,3,3,0,3,0,0,0,3,wolf,1,1,3,2,1
0.0,0.016489382429097737,1,heterogeneous_risk_preference,0,2,stage2b_seed_222_base_1_regime_heterogeneous_risk_preference_policy_ml_first_kill_only,0,0,0,3636ee12b35a57bbe8811b59ccf2c37a2bfec25ced6170ee3f51615da6f64f83,stage2b_seed_222_base_1_regime_heterogeneous_risk_preference,1,3,ml_first_kill_only,3,222,1,2,final_test,ml_first_kill_only,0.6666666666666666,2,2,3,3,1,3,0,0,0,3,wolf,1,1,3,2,1
0.0,0.014752661710332043,1,heterogeneous_risk_preference,0,2,stage2b_seed_222_base_1_regime_heterogeneous_risk_preference_policy_ml_single_random_kill,0,0,1,3636ee12b35a57bbe8811b59ccf2c37a2bfec25ced6170ee3f51615da6f64f83,stage2b_seed_222_base_1_regime_heterogeneous_risk_preference,1,4,ml_single_random_kill,4,222,1,2,final_test,ml_single_random_kill,0.5,2,3,,3,1,4,0,0,1,2,village,1,1,4,0,0
0.0,0.014752661710332043,1,heterogeneous_risk_preference,0,2,stage2b_seed_222_base_1_regime_heterogeneous_risk_preference_policy_ml_first_two_kills,0,0,0,3636ee12b35a57bbe8811b59ccf2c37a2bfec25ced6170ee3f51615da6f64f83,stage2b_seed_222_base_1_regime_heterogeneous_risk_preference,2,4,ml_first_two_kills,4,222,1,2,final_test,ml_first_two_kills,0.5,2,3,,3,2,4,0,0,1,2,village,1,1,4,0,0
0.0,0.016038182815497792,1,heterogeneous_risk_preference,0,2,stage2b_seed_222_base_1_regime_heterogeneous_risk_preference_policy_continuous_frozen_ml,0,0,0,3636ee12b35a57bbe8811b59ccf2c37a2bfec25ced6170ee3f51615da6f64f83,stage2b_seed_222_base_1_regime_heterogeneous_risk_preference,2,4,continuous_frozen_ml,4,222,1,1,final_test,continuous_frozen_ml,0.5,2,3,,3,4,4,0,0,1,2,village,0,1,4,0,0
0.0,0.016489382429097737,1,heterogeneous_risk_preference,0,2,stage2b_seed_222_base_1_regime_heterogeneous_risk_preference_policy_existing_with_ml_shadow,0,0,1,3636ee12b35a57bbe8811b59ccf2c37a2bfec25ced6170ee3f51615da6f64f83,stage2b_seed_222_base_1_regime_heterogeneous_risk_preference,0,3,existing_with_ml_shadow,3,222,1,2,final_test,existing_with_ml_shadow,0.6666666666666666,2,2,3,3,0,3,0,3,0,3,wolf,1,1,3,2,1
0.031970478451636065,0.016489382429097737,1,heterogeneous_risk_preference,0,2,stage2b_seed_222_base_1_regime_heterogeneous_risk_preference_policy_selective_ml_override,0,0,1,3636ee12b35a57bbe8811b59ccf2c37a2bfec25ced6170ee3f51615da6f64f83,stage2b_seed_222_base_1_regime_heterogeneous_risk_preference,0,3,selective_ml_override,3,222,1,2,final_test,selective_ml_override,0.6666666666666666,2,2,3,3,0,3,0,0,0,3,wolf,1,1,3,2,1
0.031970478451636065,0.016489382429097737,1,heterogeneous_risk_preference,0,2,stage2b_seed_222_base_1_regime_heterogeneous_risk_preference_policy_high_confidence_shadow,0,0,1,3636ee12b35a57bbe8811b59ccf2c37a2bfec25ced6170ee3f51615da6f64f83,stage2b_seed_222_base_1_regime_heterogeneous_risk_preference,0,3,high_confidence_shadow,3,222,1,2,final_test,high_confidence_shadow,0.6666666666666666,2,2,3,3,0,3,0,3,0,3,wolf,1,1,3,2,1
0.0,0.01553307102451637,1,strong_village_information,0,1,stage2b_seed_222_base_1_regime_strong_village_information_policy_existing_rule,1,1,1,3636ee12b35a57bbe8811b59ccf2c37a2bfec25ced6170ee3f51615da6f64f83,stage2b_seed_222_base_1_regime_strong_village_information,0,4,existing_rule,4,222,1,3,final_test,existing_rule,0.75,3,3,,3,0,4,0,0,1,1,village,1,1,4,0,0
0.0,0.01553307102451637,1,strong_village_information,0,1,stage2b_seed_222_base_1_regime_strong_village_information_policy_ml_first_kill_only,1,1,1,3636ee12b35a57bbe8811b59ccf2c37a2bfec25ced6170ee3f51615da6f64f83,stage2b_seed_222_base_1_regime_strong_village_information,0,4,ml_first_kill_only,4,222,1,3,final_test,ml_first_kill_only,0.75,3,3,,3,1,4,0,0,1,1,village,1,1,4,0,0
0.0,0.019555676285140395,1,strong_village_information,0,1,stage2b_seed_222_base_1_regime_strong_village_information_policy_ml_single_random_kill,1,1,1,3636ee12b35a57bbe8811b59ccf2c37a2bfec25ced6170ee3f51615da6f64f83,stage2b_seed_222_base_1_regime_strong_village_information,0,3,ml_single_random_kill,3,222,1,2,final_test,ml_single_random_kill,0.6666666666666666,2,2,,3,1,3,0,0,1,1,village,0,1,3,0,0
0.0,0.015019392973401574,1,strong_village_information,0,1,stage2b_seed_222_base_1_regime_strong_village_information_policy_ml_first_two_kills,0,1,1,3636ee12b35a57bbe8811b59ccf2c37a2bfec25ced6170ee3f51615da6f64f83,stage2b_seed_222_base_1_regime_strong_village_information,0,4,ml_first_two_kills,4,222,0,1,final_test,ml_first_two_kills,0.75,3,3,4,4,2,4,0,0,0,3,wolf,1,1,4,1,1
0.0,0.01864048774557377,1,strong_village_information,0,1,stage2b_seed_222_base_1_regime_strong_village_information_policy_continuous_frozen_ml,0,1,1,3636ee12b35a57bbe8811b59ccf2c37a2bfec25ced6170ee3f51615da6f64f83,stage2b_seed_222_base_1_regime_strong_village_information,0,3,continuous_frozen_ml,3,222,0,0,final_test,continuous_frozen_ml,0.6666666666666666,2,2,,3,3,3,0,0,1,1,village,0,1,3,0,0
0.0,0.01553307102451637,1,strong_village_information,0,1,stage2b_seed_222_base_1_regime_strong_village_information_policy_existing_with_ml_shadow,1,1,1,3636ee12b35a57bbe8811b59ccf2c37a2bfec25ced6170ee3f51615da6f64f83,stage2b_seed_222_base_1_regime_strong_village_information,0,4,existing_with_ml_shadow,4,222,1,3,final_test,existing_with_ml_shadow,0.75,3,3,,3,0,4,0,4,1,1,village,1,1,4,0,0
0.0319501301576563,0.01553307102451637,1,strong_village_information,0,1,stage2b_seed_222_base_1_regime_strong_village_information_policy_selective_ml_override,1,1,1,3636ee12b35a57bbe8811b59ccf2c37a2bfec25ced6170ee3f51615da6f64f83,stage2b_seed_222_base_1_regime_strong_village_information,0,4,selective_ml_override,4,222,1,3,final_test,selective_ml_override,0.75,3,3,,3,1,4,1,0,1,1,village,1,1,4,0,0
0.0319501301576563,0.01553307102451637,1,strong_village_information,0,1,stage2b_seed_222_base_1_regime_strong_village_information_policy_high_confidence_shadow,1,1,1,3636ee12b35a57bbe8811b59ccf2c37a2bfec25ced6170ee3f51615da6f64f83,stage2b_seed_222_base_1_regime_strong_village_information,0,4,high_confidence_shadow,4,222,1,3,final_test,high_confidence_shadow,0.75,3,3,,3,0,4,1,4,1,1,village,1,1,4,0,0
0.0,0.0020629466271199957,1,weak_village_information,0,1,stage2b_seed_222_base_1_regime_weak_village_information_policy_existing_rule,0,1,1,3636ee12b35a57bbe8811b59ccf2c37a2bfec25ced6170ee3f51615da6f64f83,stage2b_seed_222_base_1_regime_weak_village_information,1,3,existing_rule,3,222,1,2,final_test,existing_rule,0.3333333333333333,1,2,3,3,0,3,0,0,0,2,wolf,1,1,3,2,1
0.0,0.0018994043859986338,1,weak_village_information,0,1,stage2b_seed_222_base_1_regime_weak_village_information_policy_ml_first_kill_only,1,1,1,3636ee12b35a57bbe8811b59ccf2c37a2bfec25ced6170ee3f51615da6f64f83,stage2b_seed_222_base_1_regime_weak_village_information,0,3,ml_first_kill_only,3,222,1,3,final_test,ml_first_kill_only,0.6666666666666666,2,3,,3,1,3,0,0,1,0,village,1,0,3,0,0
0.0,0.0018994043859986338,1,weak_village_information,0,1,stage2b_seed_222_base_1_regime_weak_village_information_policy_ml_single_random_kill,1,1,1,3636ee12b35a57bbe8811b59ccf2c37a2bfec25ced6170ee3f51615da6f64f83,stage2b_seed_222_base_1_regime_weak_village_information,0,3,ml_single_random_kill,3,222,1,3,final_test,ml_single_random_kill,0.6666666666666666,2,3,,3,1,3,0,0,1,0,village,1,0,3,0,0
0.0,0.0012674807591351496,1,weak_village_information,0,1,stage2b_seed_222_base_1_regime_weak_village_information_policy_ml_first_two_kills,1,1,1,3636ee12b35a57bbe8811b59ccf2c37a2bfec25ced6170ee3f51615da6f64f83,stage2b_seed_222_base_1_regime_weak_village_information,1,3,ml_first_two_kills,3,222,0,2,final_test,ml_first_two_kills,0.3333333333333333,1,3,,3,2,3,0,0,1,1,village,1,0,3,0,0
0.0,0.0012674807591351496,1,weak_village_information,0,1,stage2b_seed_222_base_1_regime_weak_village_information_policy_continuous_frozen_ml,0,0,1,3636ee12b35a57bbe8811b59ccf2c37a2bfec25ced6170ee3f51615da6f64f83,stage2b_seed_222_base_1_regime_weak_village_information,1,3,continuous_frozen_ml,3,222,0,1,final_test,continuous_frozen_ml,0.3333333333333333,1,3,3,3,3,3,0,0,0,2,wolf,1,0,3,2,1
0.0,0.0020629466271199957,1,weak_village_information,0,1,stage2b_seed_222_base_1_regime_weak_village_information_policy_existing_with_ml_shadow,0,1,1,3636ee12b35a57bbe8811b59ccf2c37a2bfec25ced6170ee3f51615da6f64f83,stage2b_seed_222_base_1_regime_weak_village_information,1,3,existing_with_ml_shadow,3,222,1,2,final_test,existing_with_ml_shadow,0.3333333333333333,1,2,3,3,0,3,0,3,0,2,wolf,1,1,3,2,1
0.014007935177997033,0.0020629466271199957,1,weak_village_information,0,1,stage2b_seed_222_base_1_regime_weak_village_information_policy_selective_ml_override,0,1,1,3636ee12b35a57bbe8811b59ccf2c37a2bfec25ced6170ee3f51615da6f64f83,stage2b_seed_222_base_1_regime_weak_village_information,1,3,selective_ml_override,3,222,1,2,final_test,selective_ml_override,0.3333333333333333,1,2,3,3,0,3,0,0,0,2,wolf,1,1,3,2,1
0.014007935177997033,0.0020629466271199957,1,weak_village_information,0,1,stage2b_seed_222_base_1_regime_weak_village_information_policy_high_confidence_shadow,0,1,1,3636ee12b35a57bbe8811b59ccf2c37a2bfec25ced6170ee3f51615da6f64f83,stage2b_seed_222_base_1_regime_weak_village_information,1,3,high_confidence_shadow,3,222,1,2,final_test,high_confidence_shadow,0.3333333333333333,1,2,3,3,0,3,0,3,0,2,wolf,1,1,3,2,1
0.0,0.0032520895373704395,1,mixed_seer_strategy,0,1,stage2b_seed_222_base_1_regime_mixed_seer_strategy_policy_existing_rule,1,1,1,3636ee12b35a57bbe8811b59ccf2c37a2bfec25ced6170ee3f51615da6f64f83,stage2b_seed_222_base_1_regime_mixed_seer_strategy,0,4,existing_rule,4,222,1,3,final_test,existing_rule,0.75,3,3,,4,0,4,0,0,1,2,village,1,1,4,0,0
0.0,0.0032520895373704395,1,mixed_seer_strategy,0,1,stage2b_seed_222_base_1_regime_mixed_seer_strategy_policy_ml_first_kill_only,1,1,1,3636ee12b35a57bbe8811b59ccf2c37a2bfec25ced6170ee3f51615da6f64f83,stage2b_seed_222_base_1_regime_mixed_seer_strategy,0,4,ml_first_kill_only,4,222,1,3,final_test,ml_first_kill_only,0.75,3,3,,4,1,4,0,0,1,2,village,1,1,4,0,0
0.0,0.0032520895373704395,1,mixed_seer_strategy,0,1,stage2b_seed_222_base_1_regime_mixed_seer_strategy_policy_ml_single_random_kill,1,1,1,3636ee12b35a57bbe8811b59ccf2c37a2bfec25ced6170ee3f51615da6f64f83,stage2b_seed_222_base_1_regime_mixed_seer_strategy,0,4,ml_single_random_kill,4,222,1,3,final_test,ml_single_random_kill,0.75,3,3,,4,1,4,0,0,1,2,village,1,1,4,0,0
0.0,0.005772288814298504,1,mixed_seer_strategy,0,1,stage2b_seed_222_base_1_regime_mixed_seer_strategy_policy_ml_first_two_kills,1,1,1,3636ee12b35a57bbe8811b59ccf2c37a2bfec25ced6170ee3f51615da6f64f83,stage2b_seed_222_base_1_regime_mixed_seer_strategy,0,4,ml_first_two_kills,4,222,0,2,final_test,ml_first_two_kills,0.75,3,3,4,4,2,4,0,0,0,3,wolf,1,1,4,1,1
0.0,0.008957806817823738,1,mixed_seer_strategy,0,1,stage2b_seed_222_base_1_regime_mixed_seer_strategy_policy_continuous_frozen_ml,1,1,1,3636ee12b35a57bbe8811b59ccf2c37a2bfec25ced6170ee3f51615da6f64f83,stage2b_seed_222_base_1_regime_mixed_seer_strategy,0,4,continuous_frozen_ml,4,222,0,2,final_test,continuous_frozen_ml,0.75,3,3,4,3,4,4,0,0,0,2,wolf,1,1,4,1,1
0.0,0.0032520895373704395,1,mixed_seer_strategy,0,1,stage2b_seed_222_base_1_regime_mixed_seer_strategy_policy_existing_with_ml_shadow,1,1,1,3636ee12b35a57bbe8811b59ccf2c37a2bfec25ced6170ee3f51615da6f64f83,stage2b_seed_222_base_1_regime_mixed_seer_strategy,0,4,existing_with_ml_shadow,4,222,1,3,final_test,existing_with_ml_shadow,0.75,3,3,,4,0,4,0,4,1,2,village,1,1,4,0,0
0.028623476057441782,0.0032520895373704395,1,mixed_seer_strategy,0,1,stage2b_seed_222_base_1_regime_mixed_seer_strategy_policy_selective_ml_override,1,1,1,3636ee12b35a57bbe8811b59ccf2c37a2bfec25ced6170ee3f51615da6f64f83,stage2b_seed_222_base_1_regime_mixed_seer_strategy,0,4,selective_ml_override,4,222,1,3,final_test,selective_ml_override,0.75,3,3,,4,0,4,0,0,1,2,village,1,1,4,0,0
0.028623476057441782,0.0032520895373704395,1,mixed_seer_strategy,0,1,stage2b_seed_222_base_1_regime_mixed_seer_strategy_policy_high_confidence_shadow,1,1,1,3636ee12b35a57bbe8811b59ccf2c37a2bfec25ced6170ee3f51615da6f64f83,stage2b_seed_222_base_1_regime_mixed_seer_strategy,0,4,high_confidence_shadow,4,222,1,3,final_test,high_confidence_shadow,0.75,3,3,,4,0,4,0,4,1,2,village,1,1,4,0,0
0.0,0.005559457291759773,1,mixed_voting_strategy,0,,stage2b_seed_222_base_1_regime_mixed_voting_strategy_policy_existing_rule,0,0,1,3636ee12b35a57bbe8811b59ccf2c37a2bfec25ced6170ee3f51615da6f64f83,stage2b_seed_222_base_1_regime_mixed_voting_strategy,1,2,existing_rule,2,222,1,2,final_test,existing_rule,0.0,0,2,2,2,0,2,0,0,0,2,wolf,1,0,2,3,1
0.0,0.003611927301867379,1,mixed_voting_strategy,0,2,stage2b_seed_222_base_1_regime_mixed_voting_strategy_policy_ml_first_kill_only,0,0,1,3636ee12b35a57bbe8811b59ccf2c37a2bfec25ced6170ee3f51615da6f64f83,stage2b_seed_222_base_1_regime_mixed_voting_strategy,0,4,ml_first_kill_only,4,222,1,2,final_test,ml_first_kill_only,0.75,3,3,4,2,1,4,0,0,0,2,wolf,1,1,4,2,1
0.0,0.005559457291759773,1,mixed_voting_strategy,0,,stage2b_seed_222_base_1_regime_mixed_voting_strategy_policy_ml_single_random_kill,0,0,1,3636ee12b35a57bbe8811b59ccf2c37a2bfec25ced6170ee3f51615da6f64f83,stage2b_seed_222_base_1_regime_mixed_voting_strategy,1,2,ml_single_random_kill,2,222,1,2,final_test,ml_single_random_kill,0.0,0,2,2,2,0,2,0,0,0,2,wolf,1,0,2,3,1
0.0,0.003898223637098963,1,mixed_voting_strategy,0,,stage2b_seed_222_base_1_regime_mixed_voting_strategy_policy_ml_first_two_kills,0,0,1,3636ee12b35a57bbe8811b59ccf2c37a2bfec25ced6170ee3f51615da6f64f83,stage2b_seed_222_base_1_regime_mixed_voting_strategy,1,2,ml_first_two_kills,2,222,0,1,final_test,ml_first_two_kills,0.0,0,2,2,2,2,2,0,0,0,2,wolf,1,0,2,3,1
0.0,0.003898223637098963,1,mixed_voting_strategy,0,,stage2b_seed_222_base_1_regime_mixed_voting_strategy_policy_continuous_frozen_ml,0,0,1,3636ee12b35a57bbe8811b59ccf2c37a2bfec25ced6170ee3f51615da6f64f83,stage2b_seed_222_base_1_regime_mixed_voting_strategy,1,2,continuous_frozen_ml,2,222,0,1,final_test,continuous_frozen_ml,0.0,0,2,2,2,2,2,0,0,0,2,wolf,1,0,2,3,1
0.0,0.005559457291759773,1,mixed_voting_strategy,0,,stage2b_seed_222_base_1_regime_mixed_voting_strategy_policy_existing_with_ml_shadow,0,0,1,3636ee12b35a57bbe8811b59ccf2c37a2bfec25ced6170ee3f51615da6f64f83,stage2b_seed_222_base_1_regime_mixed_voting_strategy,1,2,existing_with_ml_shadow,2,222,1,2,final_test,existing_with_ml_shadow,0.0,0,2,2,2,0,2,0,2,0,2,wolf,1,0,2,3,1
0.005559457291759773,0.005559457291759773,1,mixed_voting_strategy,0,,stage2b_seed_222_base_1_regime_mixed_voting_strategy_policy_selective_ml_override,0,0,1,3636ee12b35a57bbe8811b59ccf2c37a2bfec25ced6170ee3f51615da6f64f83,stage2b_seed_222_base_1_regime_mixed_voting_strategy,1,2,selective_ml_override,2,222,1,2,final_test,selective_ml_override,0.0,0,2,2,2,0,2,0,0,0,2,wolf,1,0,2,3,1
0.005559457291759773,0.005559457291759773,1,mixed_voting_strategy,0,,stage2b_seed_222_base_1_regime_mixed_voting_strategy_policy_high_confidence_shadow,0,0,1,3636ee12b35a57bbe8811b59ccf2c37a2bfec25ced6170ee3f51615da6f64f83,stage2b_seed_222_base_1_regime_mixed_voting_strategy,1,2,high_confidence_shadow,2,222,1,2,final_test,high_confidence_shadow,0.0,0,2,2,2,0,2,0,2,0,2,wolf,1,0,2,3,1
0.0,0.013185320815556595,1,mixed_wolf_deception_strategy,0,2,stage2b_seed_222_base_1_regime_mixed_wolf_deception_strategy_policy_existing_rule,1,1,1,3636ee12b35a57bbe8811b59ccf2c37a2bfec25ced6170ee3f51615da6f64f83,stage2b_seed_222_base_1_regime_mixed_wolf_deception_strategy,0,4,existing_rule,4,222,1,3,final_test,existing_rule,0.75,3,3,,4,0,4,0,0,1,2,village,1,1,4,0,0
0.0,0.013185320815556595,1,mixed_wolf_deception_strategy,0,2,stage2b_seed_222_base_1_regime_mixed_wolf_deception_strategy_policy_ml_first_kill_only,1,1,0,3636ee12b35a57bbe8811b59ccf2c37a2bfec25ced6170ee3f51615da6f64f83,stage2b_seed_222_base_1_regime_mixed_wolf_deception_strategy,1,4,ml_first_kill_only,4,222,1,3,final_test,ml_first_kill_only,0.75,3,3,,4,1,4,0,0,1,2,village,1,1,4,0,0
0.0,0.02246750052407706,1,mixed_wolf_deception_strategy,0,2,stage2b_seed_222_base_1_regime_mixed_wolf_deception_strategy_policy_ml_single_random_kill,0,0,1,3636ee12b35a57bbe8811b59ccf2c37a2bfec25ced6170ee3f51615da6f64f83,stage2b_seed_222_base_1_regime_mixed_wolf_deception_strategy,0,4,ml_single_random_kill,4,222,1,2,final_test,ml_single_random_kill,0.75,3,3,4,4,1,4,0,0,0,3,wolf,1,1,4,1,1
0.0,0.016496891161587073,1,mixed_wolf_deception_strategy,0,2,stage2b_seed_222_base_1_regime_mixed_wolf_deception_strategy_policy_ml_first_two_kills,0,0,0,3636ee12b35a57bbe8811b59ccf2c37a2bfec25ced6170ee3f51615da6f64f83,stage2b_seed_222_base_1_regime_mixed_wolf_deception_strategy,2,3,ml_first_two_kills,3,222,1,1,final_test,ml_first_two_kills,0.3333333333333333,1,2,3,3,2,3,0,0,0,3,wolf,0,1,3,2,1
0.0,0.016496891161587073,1,mixed_wolf_deception_strategy,0,2,stage2b_seed_222_base_1_regime_mixed_wolf_deception_strategy_policy_continuous_frozen_ml,0,0,0,3636ee12b35a57bbe8811b59ccf2c37a2bfec25ced6170ee3f51615da6f64f83,stage2b_seed_222_base_1_regime_mixed_wolf_deception_strategy,2,3,continuous_frozen_ml,3,222,0,1,final_test,continuous_frozen_ml,0.3333333333333333,1,2,3,3,3,3,0,0,0,3,wolf,1,1,3,2,1
0.0,0.013185320815556595,1,mixed_wolf_deception_strategy,0,2,stage2b_seed_222_base_1_regime_mixed_wolf_deception_strategy_policy_existing_with_ml_shadow,1,1,1,3636ee12b35a57bbe8811b59ccf2c37a2bfec25ced6170ee3f51615da6f64f83,stage2b_seed_222_base_1_regime_mixed_wolf_deception_strategy,0,4,existing_with_ml_shadow,4,222,1,3,final_test,existing_with_ml_shadow,0.75,3,3,,4,0,4,0,4,1,2,village,1,1,4,0,0
0.03411765379206949,0.013185320815556595,1,mixed_wolf_deception_strategy,0,2,stage2b_seed_222_base_1_regime_mixed_wolf_deception_strategy_policy_selective_ml_override,1,1,1,3636ee12b35a57bbe8811b59ccf2c37a2bfec25ced6170ee3f51615da6f64f83,stage2b_seed_222_base_1_regime_mixed_wolf_deception_strategy,0,4,selective_ml_override,4,222,1,3,final_test,selective_ml_override,0.75,3,3,,4,0,4,0,0,1,2,village,1,1,4,0,0
0.03411765379206949,0.013185320815556595,1,mixed_wolf_deception_strategy,0,2,stage2b_seed_222_base_1_regime_mixed_wolf_deception_strategy_policy_high_confidence_shadow,1,1,1,3636ee12b35a57bbe8811b59ccf2c37a2bfec25ced6170ee3f51615da6f64f83,stage2b_seed_222_base_1_regime_mixed_wolf_deception_strategy,0,4,high_confidence_shadow,4,222,1,3,final_test,high_confidence_shadow,0.75,3,3,,4,0,4,0,4,1,2,village,1,1,4,0,0
0.0,0.011163114867595664,1,baseline_speech_enabled,0,1,stage2b_seed_223_base_1_regime_baseline_speech_enabled_policy_existing_rule,1,0,1,3636ee12b35a57bbe8811b59ccf2c37a2bfec25ced6170ee3f51615da6f64f83,stage2b_seed_223_base_1_regime_baseline_speech_enabled,0,4,existing_rule,4,223,1,3,final_test,existing_rule,0.75,3,3,4,4,0,4,0,0,0,2,wolf,1,1,4,2,1
0.0,0.011163114867595664,1,baseline_speech_enabled,0,1,stage2b_seed_223_base_1_regime_baseline_speech_enabled_policy_ml_first_kill_only,1,0,1,3636ee12b35a57bbe8811b59ccf2c37a2bfec25ced6170ee3f51615da6f64f83,stage2b_seed_223_base_1_regime_baseline_speech_enabled,0,4,ml_first_kill_only,4,223,1,3,final_test,ml_first_kill_only,0.75,3,3,4,4,1,4,0,0,0,2,wolf,1,1,4,2,1
0.0,0.015194644225877685,1,baseline_speech_enabled,0,1,stage2b_seed_223_base_1_regime_baseline_speech_enabled_policy_ml_single_random_kill,0,0,1,3636ee12b35a57bbe8811b59ccf2c37a2bfec25ced6170ee3f51615da6f64f83,stage2b_seed_223_base_1_regime_baseline_speech_enabled,0,4,ml_single_random_kill,4,223,1,2,final_test,ml_single_random_kill,0.75,3,3,,4,1,4,0,0,1,1,village,1,1,4,0,0
0.0,0.007533234666670607,1,baseline_speech_enabled,0,1,stage2b_seed_223_base_1_regime_baseline_speech_enabled_policy_ml_first_two_kills,0,0,1,3636ee12b35a57bbe8811b59ccf2c37a2bfec25ced6170ee3f51615da6f64f83,stage2b_seed_223_base_1_regime_baseline_speech_enabled,0,4,ml_first_two_kills,4,223,1,2,final_test,ml_first_two_kills,0.75,3,3,4,4,2,4,0,0,0,2,wolf,1,1,4,1,1
0.0,0.007307221722533841,1,baseline_speech_enabled,0,1,stage2b_seed_223_base_1_regime_baseline_speech_enabled_policy_continuous_frozen_ml,0,0,1,3636ee12b35a57bbe8811b59ccf2c37a2bfec25ced6170ee3f51615da6f64f83,stage2b_seed_223_base_1_regime_baseline_speech_enabled,0,3,continuous_frozen_ml,3,223,0,0,final_test,continuous_frozen_ml,0.6666666666666666,2,2,,3,3,3,0,0,1,0,village,0,1,3,0,0
0.0,0.011163114867595664,1,baseline_speech_enabled,0,1,stage2b_seed_223_base_1_regime_baseline_speech_enabled_policy_existing_with_ml_shadow,1,0,1,3636ee12b35a57bbe8811b59ccf2c37a2bfec25ced6170ee3f51615da6f64f83,stage2b_seed_223_base_1_regime_baseline_speech_enabled,0,4,existing_with_ml_shadow,4,223,1,3,final_test,existing_with_ml_shadow,0.75,3,3,4,4,0,4,0,4,0,2,wolf,1,1,4,2,1
0.04787794468539916,0.011163114867595664,1,baseline_speech_enabled,0,1,stage2b_seed_223_base_1_regime_baseline_speech_enabled_policy_selective_ml_override,1,0,1,3636ee12b35a57bbe8811b59ccf2c37a2bfec25ced6170ee3f51615da6f64f83,stage2b_seed_223_base_1_regime_baseline_speech_enabled,0,4,selective_ml_override,4,223,1,3,final_test,selective_ml_override,0.75,3,3,4,4,1,4,1,0,0,2,wolf,1,1,4,2,1
0.04787794468539916,0.011163114867595664,1,baseline_speech_enabled,0,1,stage2b_seed_223_base_1_regime_baseline_speech_enabled_policy_high_confidence_shadow,1,0,1,3636ee12b35a57bbe8811b59ccf2c37a2bfec25ced6170ee3f51615da6f64f83,stage2b_seed_223_base_1_regime_baseline_speech_enabled,0,4,high_confidence_shadow,4,223,1,3,final_test,high_confidence_shadow,0.75,3,3,4,4,0,4,1,4,0,2,wolf,1,1,4,2,1
0.0,0.002593166051386634,1,speech_disabled,0,2,stage2b_seed_223_base_1_regime_speech_disabled_policy_existing_rule,0,0,1,3636ee12b35a57bbe8811b59ccf2c37a2bfec25ced6170ee3f51615da6f64f83,stage2b_seed_223_base_1_regime_speech_disabled,0,3,existing_rule,3,223,1,2,final_test,existing_rule,0.6666666666666666,2,2,,3,0,3,0,0,1,1,village,1,1,3,0,0
0.0,0.002593166051386634,1,speech_disabled,0,2,stage2b_seed_223_base_1_regime_speech_disabled_policy_ml_first_kill_only,0,0,1,3636ee12b35a57bbe8811b59ccf2c37a2bfec25ced6170ee3f51615da6f64f83,stage2b_seed_223_base_1_regime_speech_disabled,0,3,ml_first_kill_only,3,223,1,2,final_test,ml_first_kill_only,0.6666666666666666,2,2,,3,1,3,0,0,1,1,village,1,1,3,0,0
0.0,0.002593166051386634,1,speech_disabled,0,2,stage2b_seed_223_base_1_regime_speech_disabled_policy_ml_single_random_kill,0,0,1,3636ee12b35a57bbe8811b59ccf2c37a2bfec25ced6170ee3f51615da6f64f83,stage2b_seed_223_base_1_regime_speech_disabled,0,3,ml_single_random_kill,3,223,1,2,final_test,ml_single_random_kill,0.6666666666666666,2,2,,3,1,3,0,0,1,1,village,1,1,3,0,0
0.0,0.009397711900176353,1,speech_disabled,0,2,stage2b_seed_223_base_1_regime_speech_disabled_policy_ml_first_two_kills,1,1,1,3636ee12b35a57bbe8811b59ccf2c37a2bfec25ced6170ee3f51615da6f64f83,stage2b_seed_223_base_1_regime_speech_disabled,1,3,ml_first_two_kills,3,223,1,2,final_test,ml_first_two_kills,0.3333333333333333,1,2,,3,2,3,0,0,1,2,village,0,1,3,0,0
0.0,0.009397711900176353,1,speech_disabled,0,2,stage2b_seed_223_base_1_regime_speech_disabled_policy_continuous_frozen_ml,1,1,1,3636ee12b35a57bbe8811b59ccf2c37a2bfec25ced6170ee3f51615da6f64f83,stage2b_seed_223_base_1_regime_speech_disabled,1,3,continuous_frozen_ml,3,223,0,1,final_test,continuous_frozen_ml,0.3333333333333333,1,2,,3,3,3,0,0,1,2,village,0,1,3,0,0
0.0,0.002593166051386634,1,speech_disabled,0,2,stage2b_seed_223_base_1_regime_speech_disabled_policy_existing_with_ml_shadow,0,0,1,3636ee12b35a57bbe8811b59ccf2c37a2bfec25ced6170ee3f51615da6f64f83,stage2b_seed_223_base_1_regime_speech_disabled,0,3,existing_with_ml_shadow,3,223,1,2,final_test,existing_with_ml_shadow,0.6666666666666666,2,2,,3,0,3,0,3,1,1,village,1,1,3,0,0
0.036416213297670606,0.002593166051386634,1,speech_disabled,0,2,stage2b_seed_223_base_1_regime_speech_disabled_policy_selective_ml_override,0,0,1,3636ee12b35a57bbe8811b59ccf2c37a2bfec25ced6170ee3f51615da6f64f83,stage2b_seed_223_base_1_regime_speech_disabled,0,3,selective_ml_override,3,223,1,2,final_test,selective_ml_override,0.6666666666666666,2,2,,3,0,3,0,0,1,1,village,1,1,3,0,0
0.036416213297670606,0.002593166051386634,1,speech_disabled,0,2,stage2b_seed_223_base_1_regime_speech_disabled_policy_high_confidence_shadow,0,0,1,3636ee12b35a57bbe8811b59ccf2c37a2bfec25ced6170ee3f51615da6f64f83,stage2b_seed_223_base_1_regime_speech_disabled,0,3,high_confidence_shadow,3,223,1,2,final_test,high_confidence_shadow,0.6666666666666666,2,2,,3,0,3,0,3,1,1,village,1,1,3,0,0
0.0,0.0037391488482486634,1,herding_enabled,0,2,stage2b_seed_223_base_1_regime_herding_enabled_policy_existing_rule,1,1,1,3636ee12b35a57bbe8811b59ccf2c37a2bfec25ced6170ee3f51615da6f64f83,stage2b_seed_223_base_1_regime_herding_enabled,0,4,existing_rule,4,223,1,3,final_test,existing_rule,0.75,3,3,4,2,0,4,0,0,0,2,wolf,1,1,4,1,1
0.0,0.004695243749836579,1,herding_enabled,0,,stage2b_seed_223_base_1_regime_herding_enabled_policy_ml_first_kill_only,0,0,1,3636ee12b35a57bbe8811b59ccf2c37a2bfec25ced6170ee3f51615da6f64f83,stage2b_seed_223_base_1_regime_herding_enabled,0,3,ml_first_kill_only,3,223,0,1,final_test,ml_first_kill_only,0.6666666666666666,2,2,3,2,1,3,0,0,0,2,wolf,1,1,3,3,1
0.0,0.0037391488482486634,1,herding_enabled,0,2,stage2b_seed_223_base_1_regime_herding_enabled_policy_ml_single_random_kill,1,1,1,3636ee12b35a57bbe8811b59ccf2c37a2bfec25ced6170ee3f51615da6f64f83,stage2b_seed_223_base_1_regime_herding_enabled,0,4,ml_single_random_kill,4,223,1,3,final_test,ml_single_random_kill,0.75,3,3,4,2,1,4,0,0,0,2,wolf,1,1,4,1,1
0.0,0.004695243749836579,1,herding_enabled,0,,stage2b_seed_223_base_1_regime_herding_enabled_policy_ml_first_two_kills,0,0,1,3636ee12b35a57bbe8811b59ccf2c37a2bfec25ced6170ee3f51615da6f64f83,stage2b_seed_223_base_1_regime_herding_enabled,0,3,ml_first_two_kills,3,223,0,1,final_test,ml_first_two_kills,0.6666666666666666,2,2,3,2,2,3,0,0,0,2,wolf,1,1,3,3,1
0.0,0.004695243749836579,1,herding_enabled,0,,stage2b_seed_223_base_1_regime_herding_enabled_policy_continuous_frozen_ml,0,0,1,3636ee12b35a57bbe8811b59ccf2c37a2bfec25ced6170ee3f51615da6f64f83,stage2b_seed_223_base_1_regime_herding_enabled,0,3,continuous_frozen_ml,3,223,0,0,final_test,continuous_frozen_ml,0.6666666666666666,2,2,3,2,3,3,0,0,0,2,wolf,0,1,3,3,1
0.0,0.0037391488482486634,1,herding_enabled,0,2,stage2b_seed_223_base_1_regime_herding_enabled_policy_existing_with_ml_shadow,1,1,1,3636ee12b35a57bbe8811b59ccf2c37a2bfec25ced6170ee3f51615da6f64f83,stage2b_seed_223_base_1_regime_herding_enabled,0,4,existing_with_ml_shadow,4,223,1,3,final_test,existing_with_ml_shadow,0.75,3,3,4,2,0,4,0,4,0,2,wolf,1,1,4,1,1
0.003087582350965734,0.0037391488482486634,1,herding_enabled,0,2,stage2b_seed_223_base_1_regime_herding_enabled_policy_selective_ml_override,1,1,1,3636ee12b35a57bbe8811b59ccf2c37a2bfec25ced6170ee3f51615da6f64f83,stage2b_seed_223_base_1_regime_herding_enabled,0,4,selective_ml_override,4,223,1,3,final_test,selective_ml_override,0.75,3,3,4,2,0,4,0,0,0,2,wolf,1,1,4,1,1
0.003087582350965734,0.0037391488482486634,1,herding_enabled,0,2,stage2b_seed_223_base_1_regime_herding_enabled_policy_high_confidence_shadow,1,1,1,3636ee12b35a57bbe8811b59ccf2c37a2bfec25ced6170ee3f51615da6f64f83,stage2b_seed_223_base_1_regime_herding_enabled,0,4,high_confidence_shadow,4,223,1,3,final_test,high_confidence_shadow,0.75,3,3,4,2,0,4,0,4,0,2,wolf,1,1,4,1,1
0.0,0.006595040975887367,1,deception_enabled,0,2,stage2b_seed_223_base_1_regime_deception_enabled_policy_existing_rule,1,1,1,3636ee12b35a57bbe8811b59ccf2c37a2bfec25ced6170ee3f51615da6f64f83,stage2b_seed_223_base_1_regime_deception_enabled,1,3,existing_rule,3,223,1,2,final_test,existing_rule,0.3333333333333333,1,2,3,3,0,3,0,0,0,2,wolf,0,1,3,2,1
0.0,0.006595040975887367,1,deception_enabled,0,2,stage2b_seed_223_base_1_regime_deception_enabled_policy_ml_first_kill_only,1,1,1,3636ee12b35a57bbe8811b59ccf2c37a2bfec25ced6170ee3f51615da6f64f83,stage2b_seed_223_base_1_regime_deception_enabled,1,3,ml_first_kill_only,3,223,1,2,final_test,ml_first_kill_only,0.3333333333333333,1,2,3,3,1,3,0,0,0,2,wolf,0,1,3,2,1
0.0,0.013657938945163706,1,deception_enabled,0,2,stage2b_seed_223_base_1_regime_deception_enabled_policy_ml_single_random_kill,1,1,1,3636ee12b35a57bbe8811b59ccf2c37a2bfec25ced6170ee3f51615da6f64f83,stage2b_seed_223_base_1_regime_deception_enabled,0,4,ml_single_random_kill,4,223,1,2,final_test,ml_single_random_kill,0.75,3,3,,4,1,4,0,0,1,2,village,0,1,4,0,0
0.0,0.013657938945163706,1,deception_enabled,0,2,stage2b_seed_223_base_1_regime_deception_enabled_policy_ml_first_two_kills,1,1,1,3636ee12b35a57bbe8811b59ccf2c37a2bfec25ced6170ee3f51615da6f64f83,stage2b_seed_223_base_1_regime_deception_enabled,0,4,ml_first_two_kills,4,223,1,2,final_test,ml_first_two_kills,0.75,3,3,,4,2,4,0,0,1,2,village,0,1,4,0,0
0.0,0.010086913347742421,1,deception_enabled,0,2,stage2b_seed_223_base_1_regime_deception_enabled_policy_continuous_frozen_ml,1,1,1,3636ee12b35a57bbe8811b59ccf2c37a2bfec25ced6170ee3f51615da6f64f83,stage2b_seed_223_base_1_regime_deception_enabled,0,4,continuous_frozen_ml,4,223,0,1,final_test,continuous_frozen_ml,0.75,3,3,,4,4,4,0,0,1,2,village,0,1,4,0,0
0.0,0.006595040975887367,1,deception_enabled,0,2,stage2b_seed_223_base_1_regime_deception_enabled_policy_existing_with_ml_shadow,1,1,1,3636ee12b35a57bbe8811b59ccf2c37a2bfec25ced6170ee3f51615da6f64f83,stage2b_seed_223_base_1_regime_deception_enabled,1,3,existing_with_ml_shadow,3,223,1,2,final_test,existing_with_ml_shadow,0.3333333333333333,1,2,3,3,0,3,0,3,0,2,wolf,0,1,3,2,1
0.02499446941222816,0.006595040975887367,1,deception_enabled,0,2,stage2b_seed_223_base_1_regime_deception_enabled_policy_selective_ml_override,1,1,1,3636ee12b35a57bbe8811b59ccf2c37a2bfec25ced6170ee3f51615da6f64f83,stage2b_seed_223_base_1_regime_deception_enabled,1,3,selective_ml_override,3,223,1,2,final_test,selective_ml_override,0.3333333333333333,1,2,3,3,1,3,1,0,0,2,wolf,0,1,3,2,1
0.02499446941222816,0.006595040975887367,1,deception_enabled,0,2,stage2b_seed_223_base_1_regime_deception_enabled_policy_high_confidence_shadow,1,1,1,3636ee12b35a57bbe8811b59ccf2c37a2bfec25ced6170ee3f51615da6f64f83,stage2b_seed_223_base_1_regime_deception_enabled,1,3,high_confidence_shadow,3,223,1,2,final_test,high_confidence_shadow,0.3333333333333333,1,2,3,3,0,3,1,3,0,2,wolf,0,1,3,2,1
0.0,0.01540436040471417,1,heterogeneous_risk_preference,0,2,stage2b_seed_223_base_1_regime_heterogeneous_risk_preference_policy_existing_rule,1,1,1,3636ee12b35a57bbe8811b59ccf2c37a2bfec25ced6170ee3f51615da6f64f83,stage2b_seed_223_base_1_regime_heterogeneous_risk_preference,0,4,existing_rule,4,223,1,3,final_test,existing_rule,0.75,3,4,4,3,0,4,0,0,0,2,wolf,1,0,4,1,1
0.0,0.016323022471696258,1,heterogeneous_risk_preference,0,,stage2b_seed_223_base_1_regime_heterogeneous_risk_preference_policy_ml_first_kill_only,0,0,1,3636ee12b35a57bbe8811b59ccf2c37a2bfec25ced6170ee3f51615da6f64f83,stage2b_seed_223_base_1_regime_heterogeneous_risk_preference,1,2,ml_first_kill_only,2,223,0,1,final_test,ml_first_kill_only,0.0,0,2,2,2,1,2,0,0,0,2,wolf,1,0,2,3,1
0.0,0.012615307199312975,1,heterogeneous_risk_preference,0,,stage2b_seed_223_base_1_regime_heterogeneous_risk_preference_policy_ml_single_random_kill,0,0,1,3636ee12b35a57bbe8811b59ccf2c37a2bfec25ced6170ee3f51615da6f64f83,stage2b_seed_223_base_1_regime_heterogeneous_risk_preference,1,2,ml_single_random_kill,2,223,1,1,final_test,ml_single_random_kill,0.0,0,2,2,2,1,2,0,0,0,2,wolf,0,0,2,3,1
0.0,0.016323022471696258,1,heterogeneous_risk_preference,0,,stage2b_seed_223_base_1_regime_heterogeneous_risk_preference_policy_ml_first_two_kills,0,0,1,3636ee12b35a57bbe8811b59ccf2c37a2bfec25ced6170ee3f51615da6f64f83,stage2b_seed_223_base_1_regime_heterogeneous_risk_preference,1,2,ml_first_two_kills,2,223,0,0,final_test,ml_first_two_kills,0.0,0,2,2,2,2,2,0,0,0,2,wolf,0,0,2,3,1
0.0,0.016323022471696258,1,heterogeneous_risk_preference,0,,stage2b_seed_223_base_1_regime_heterogeneous_risk_preference_policy_continuous_frozen_ml,0,0,1,3636ee12b35a57bbe8811b59ccf2c37a2bfec25ced6170ee3f51615da6f64f83,stage2b_seed_223_base_1_regime_heterogeneous_risk_preference,1,2,continuous_frozen_ml,2,223,0,0,final_test,continuous_frozen_ml,0.0,0,2,2,2,2,2,0,0,0,2,wolf,0,0,2,3,1
0.0,0.01540436040471417,1,heterogeneous_risk_preference,0,2,stage2b_seed_223_base_1_regime_heterogeneous_risk_preference_policy_existing_with_ml_shadow,1,1,1,3636ee12b35a57bbe8811b59ccf2c37a2bfec25ced6170ee3f51615da6f64f83,stage2b_seed_223_base_1_regime_heterogeneous_risk_preference,0,4,existing_with_ml_shadow,4,223,1,3,final_test,existing_with_ml_shadow,0.75,3,4,4,3,0,4,0,4,0,2,wolf,1,0,4,1,1
0.041719206744115,0.016323022471696258,1,heterogeneous_risk_preference,0,,stage2b_seed_223_base_1_regime_heterogeneous_risk_preference_policy_selective_ml_override,0,0,1,3636ee12b35a57bbe8811b59ccf2c37a2bfec25ced6170ee3f51615da6f64f83,stage2b_seed_223_base_1_regime_heterogeneous_risk_preference,1,2,selective_ml_override,2,223,0,1,final_test,selective_ml_override,0.0,0,2,2,2,1,2,1,0,0,2,wolf,1,0,2,3,1
0.029273736822498744,0.01540436040471417,1,heterogeneous_risk_preference,0,2,stage2b_seed_223_base_1_regime_heterogeneous_risk_preference_policy_high_confidence_shadow,1,1,1,3636ee12b35a57bbe8811b59ccf2c37a2bfec25ced6170ee3f51615da6f64f83,stage2b_seed_223_base_1_regime_heterogeneous_risk_preference,0,4,high_confidence_shadow,4,223,1,3,final_test,high_confidence_shadow,0.75,3,4,4,3,0,4,1,4,0,2,wolf,1,0,4,1,1
0.0,0.00979583174078602,1,strong_village_information,0,1,stage2b_seed_223_base_1_regime_strong_village_information_policy_existing_rule,0,1,1,3636ee12b35a57bbe8811b59ccf2c37a2bfec25ced6170ee3f51615da6f64f83,stage2b_seed_223_base_1_regime_strong_village_information,1,4,existing_rule,4,223,1,2,final_test,existing_rule,0.5,2,3,4,4,0,4,0,0,0,2,wolf,1,1,4,1,1
0.0,0.00979583174078602,1,strong_village_information,0,1,stage2b_seed_223_base_1_regime_strong_village_information_policy_ml_first_kill_only,0,1,1,3636ee12b35a57bbe8811b59ccf2c37a2bfec25ced6170ee3f51615da6f64f83,stage2b_seed_223_base_1_regime_strong_village_information,1,4,ml_first_kill_only,4,223,1,2,final_test,ml_first_kill_only,0.5,2,3,4,4,1,4,0,0,0,2,wolf,1,1,4,1,1
0.0,0.010431386929260295,1,strong_village_information,0,1,stage2b_seed_223_base_1_regime_strong_village_information_policy_ml_single_random_kill,0,0,1,3636ee12b35a57bbe8811b59ccf2c37a2bfec25ced6170ee3f51615da6f64f83,stage2b_seed_223_base_1_regime_strong_village_information,1,4,ml_single_random_kill,4,223,1,2,final_test,ml_single_random_kill,0.5,2,3,4,4,1,4,0,0,0,3,wolf,1,1,4,1,1
0.0,0.004866209549888867,1,strong_village_information,0,1,stage2b_seed_223_base_1_regime_strong_village_information_policy_ml_first_two_kills,1,1,1,3636ee12b35a57bbe8811b59ccf2c37a2bfec25ced6170ee3f51615da6f64f83,stage2b_seed_223_base_1_regime_strong_village_information,0,4,ml_first_two_kills,4,223,1,2,final_test,ml_first_two_kills,0.75,3,3,4,3,2,4,0,0,0,2,wolf,0,1,4,1,1
0.0,0.00885560082004333,1,strong_village_information,0,1,stage2b_seed_223_base_1_regime_strong_village_information_policy_continuous_frozen_ml,1,1,1,3636ee12b35a57bbe8811b59ccf2c37a2bfec25ced6170ee3f51615da6f64f83,stage2b_seed_223_base_1_regime_strong_village_information,0,4,continuous_frozen_ml,4,223,0,1,final_test,continuous_frozen_ml,0.75,3,3,4,4,4,4,0,0,0,2,wolf,0,1,4,1,1
0.0,0.00979583174078602,1,strong_village_information,0,1,stage2b_seed_223_base_1_regime_strong_village_information_policy_existing_with_ml_shadow,0,1,1,3636ee12b35a57bbe8811b59ccf2c37a2bfec25ced6170ee3f51615da6f64f83,stage2b_seed_223_base_1_regime_strong_village_information,1,4,existing_with_ml_shadow,4,223,1,2,final_test,existing_with_ml_shadow,0.5,2,3,4,4,0,4,0,4,0,2,wolf,1,1,4,1,1
0.02898850716998072,0.00979583174078602,1,strong_village_information,0,1,stage2b_seed_223_base_1_regime_strong_village_information_policy_selective_ml_override,0,1,1,3636ee12b35a57bbe8811b59ccf2c37a2bfec25ced6170ee3f51615da6f64f83,stage2b_seed_223_base_1_regime_strong_village_information,1,4,selective_ml_override,4,223,1,2,final_test,selective_ml_override,0.5,2,3,4,4,0,4,0,0,0,2,wolf,1,1,4,1,1
0.02898850716998072,0.00979583174078602,1,strong_village_information,0,1,stage2b_seed_223_base_1_regime_strong_village_information_policy_high_confidence_shadow,0,1,1,3636ee12b35a57bbe8811b59ccf2c37a2bfec25ced6170ee3f51615da6f64f83,stage2b_seed_223_base_1_regime_strong_village_information,1,4,high_confidence_shadow,4,223,1,2,final_test,high_confidence_shadow,0.5,2,3,4,4,0,4,0,4,0,2,wolf,1,1,4,1,1
0.0,0.020157502117762016,1,weak_village_information,0,,stage2b_seed_223_base_1_regime_weak_village_information_policy_existing_rule,0,0,1,3636ee12b35a57bbe8811b59ccf2c37a2bfec25ced6170ee3f51615da6f64f83,stage2b_seed_223_base_1_regime_weak_village_information,1,2,existing_rule,2,223,1,2,final_test,existing_rule,0.0,0,2,2,2,0,2,0,0,0,2,wolf,1,0,2,3,1
0.0,0.00204919515315255,1,weak_village_information,0,,stage2b_seed_223_base_1_regime_weak_village_information_policy_ml_first_kill_only,1,1,1,3636ee12b35a57bbe8811b59ccf2c37a2bfec25ced6170ee3f51615da6f64f83,stage2b_seed_223_base_1_regime_weak_village_information,1,2,ml_first_kill_only,2,223,0,2,final_test,ml_first_kill_only,0.0,0,2,2,1,1,2,0,0,0,1,wolf,1,0,2,3,1
0.0,0.00204919515315255,1,weak_village_information,0,,stage2b_seed_223_base_1_regime_weak_village_information_policy_ml_single_random_kill,1,1,1,3636ee12b35a57bbe8811b59ccf2c37a2bfec25ced6170ee3f51615da6f64f83,stage2b_seed_223_base_1_regime_weak_village_information,1,2,ml_single_random_kill,2,223,0,2,final_test,ml_single_random_kill,0.0,0,2,2,1,1,2,0,0,0,1,wolf,1,0,2,3,1
0.0,0.00204919515315255,1,weak_village_information,0,,stage2b_seed_223_base_1_regime_weak_village_information_policy_ml_first_two_kills,1,1,1,3636ee12b35a57bbe8811b59ccf2c37a2bfec25ced6170ee3f51615da6f64f83,stage2b_seed_223_base_1_regime_weak_village_information,1,2,ml_first_two_kills,2,223,0,2,final_test,ml_first_two_kills,0.0,0,2,2,1,2,2,0,0,0,1,wolf,1,0,2,3,1
0.0,0.00204919515315255,1,weak_village_information,0,,stage2b_seed_223_base_1_regime_weak_village_information_policy_continuous_frozen_ml,1,1,1,3636ee12b35a57bbe8811b59ccf2c37a2bfec25ced6170ee3f51615da6f64f83,stage2b_seed_223_base_1_regime_weak_village_information,1,2,continuous_frozen_ml,2,223,0,2,final_test,continuous_frozen_ml,0.0,0,2,2,1,2,2,0,0,0,1,wolf,1,0,2,3,1
0.0,0.020157502117762016,1,weak_village_information,0,,stage2b_seed_223_base_1_regime_weak_village_information_policy_existing_with_ml_shadow,0,0,1,3636ee12b35a57bbe8811b59ccf2c37a2bfec25ced6170ee3f51615da6f64f83,stage2b_seed_223_base_1_regime_weak_village_information,1,2,existing_with_ml_shadow,2,223,1,2,final_test,existing_with_ml_shadow,0.0,0,2,2,2,0,2,0,2,0,2,wolf,1,0,2,3,1
0.04343381156923609,0.020157502117762016,1,weak_village_information,0,,stage2b_seed_223_base_1_regime_weak_village_information_policy_selective_ml_override,0,0,1,3636ee12b35a57bbe8811b59ccf2c37a2bfec25ced6170ee3f51615da6f64f83,stage2b_seed_223_base_1_regime_weak_village_information,1,2,selective_ml_override,2,223,1,2,final_test,selective_ml_override,0.0,0,2,2,2,0,2,0,0,0,2,wolf,1,0,2,3,1
0.04343381156923609,0.020157502117762016,1,weak_village_information,0,,stage2b_seed_223_base_1_regime_weak_village_information_policy_high_confidence_shadow,0,0,1,3636ee12b35a57bbe8811b59ccf2c37a2bfec25ced6170ee3f51615da6f64f83,stage2b_seed_223_base_1_regime_weak_village_information,1,2,high_confidence_shadow,2,223,1,2,final_test,high_confidence_shadow,0.0,0,2,2,2,0,2,0,2,0,2,wolf,1,0,2,3,1
0.0,0.018477211380800718,1,mixed_seer_strategy,0,1,stage2b_seed_223_base_1_regime_mixed_seer_strategy_policy_existing_rule,1,1,1,3636ee12b35a57bbe8811b59ccf2c37a2bfec25ced6170ee3f51615da6f64f83,stage2b_seed_223_base_1_regime_mixed_seer_strategy,1,4,existing_rule,4,223,1,3,final_test,existing_rule,0.5,2,3,,3,0,4,0,0,1,1,village,1,1,4,0,0
0.0,0.018477211380800718,1,mixed_seer_strategy,0,1,stage2b_seed_223_base_1_regime_mixed_seer_strategy_policy_ml_first_kill_only,1,1,1,3636ee12b35a57bbe8811b59ccf2c37a2bfec25ced6170ee3f51615da6f64f83,stage2b_seed_223_base_1_regime_mixed_seer_strategy,1,4,ml_first_kill_only,4,223,1,3,final_test,ml_first_kill_only,0.5,2,3,,3,1,4,0,0,1,1,village,1,1,4,0,0
0.0,0.015202921404367409,1,mixed_seer_strategy,0,1,stage2b_seed_223_base_1_regime_mixed_seer_strategy_policy_ml_single_random_kill,0,0,1,3636ee12b35a57bbe8811b59ccf2c37a2bfec25ced6170ee3f51615da6f64f83,stage2b_seed_223_base_1_regime_mixed_seer_strategy,0,3,ml_single_random_kill,3,223,1,2,final_test,ml_single_random_kill,0.6666666666666666,2,2,,3,1,3,0,0,1,0,village,1,1,3,0,0
0.0,0.015202921404367409,1,mixed_seer_strategy,0,1,stage2b_seed_223_base_1_regime_mixed_seer_strategy_policy_ml_first_two_kills,0,0,1,3636ee12b35a57bbe8811b59ccf2c37a2bfec25ced6170ee3f51615da6f64f83,stage2b_seed_223_base_1_regime_mixed_seer_strategy,0,3,ml_first_two_kills,3,223,1,2,final_test,ml_first_two_kills,0.6666666666666666,2,2,,3,2,3,0,0,1,0,village,1,1,3,0,0
0.0,0.015202921404367409,1,mixed_seer_strategy,0,1,stage2b_seed_223_base_1_regime_mixed_seer_strategy_policy_continuous_frozen_ml,0,0,1,3636ee12b35a57bbe8811b59ccf2c37a2bfec25ced6170ee3f51615da6f64f83,stage2b_seed_223_base_1_regime_mixed_seer_strategy,0,3,continuous_frozen_ml,3,223,0,1,final_test,continuous_frozen_ml,0.6666666666666666,2,2,,3,3,3,0,0,1,0,village,1,1,3,0,0
0.0,0.018477211380800718,1,mixed_seer_strategy,0,1,stage2b_seed_223_base_1_regime_mixed_seer_strategy_policy_existing_with_ml_shadow,1,1,1,3636ee12b35a57bbe8811b59ccf2c37a2bfec25ced6170ee3f51615da6f64f83,stage2b_seed_223_base_1_regime_mixed_seer_strategy,1,4,existing_with_ml_shadow,4,223,1,3,final_test,existing_with_ml_shadow,0.5,2,3,,3,0,4,0,4,1,1,village,1,1,4,0,0
0.016023947944347583,0.018477211380800718,1,mixed_seer_strategy,0,1,stage2b_seed_223_base_1_regime_mixed_seer_strategy_policy_selective_ml_override,1,1,1,3636ee12b35a57bbe8811b59ccf2c37a2bfec25ced6170ee3f51615da6f64f83,stage2b_seed_223_base_1_regime_mixed_seer_strategy,1,4,selective_ml_override,4,223,1,3,final_test,selective_ml_override,0.5,2,3,,3,1,4,1,0,1,1,village,1,1,4,0,0
0.016023947944347583,0.018477211380800718,1,mixed_seer_strategy,0,1,stage2b_seed_223_base_1_regime_mixed_seer_strategy_policy_high_confidence_shadow,1,1,1,3636ee12b35a57bbe8811b59ccf2c37a2bfec25ced6170ee3f51615da6f64f83,stage2b_seed_223_base_1_regime_mixed_seer_strategy,1,4,high_confidence_shadow,4,223,1,3,final_test,high_confidence_shadow,0.5,2,3,,3,0,4,1,4,1,1,village,1,1,4,0,0
0.0,0.012925638942188159,1,mixed_voting_strategy,0,2,stage2b_seed_223_base_1_regime_mixed_voting_strategy_policy_existing_rule,0,1,1,3636ee12b35a57bbe8811b59ccf2c37a2bfec25ced6170ee3f51615da6f64f83,stage2b_seed_223_base_1_regime_mixed_voting_strategy,0,3,existing_rule,3,223,1,2,final_test,existing_rule,0.6666666666666666,2,2,3,3,0,3,0,0,0,2,wolf,1,1,3,2,1
0.0,0.012925638942188159,1,mixed_voting_strategy,0,2,stage2b_seed_223_base_1_regime_mixed_voting_strategy_policy_ml_first_kill_only,0,1,1,3636ee12b35a57bbe8811b59ccf2c37a2bfec25ced6170ee3f51615da6f64f83,stage2b_seed_223_base_1_regime_mixed_voting_strategy,0,3,ml_first_kill_only,3,223,1,2,final_test,ml_first_kill_only,0.6666666666666666,2,2,3,3,1,3,0,0,0,2,wolf,1,1,3,2,1
0.0,0.012925638942188159,1,mixed_voting_strategy,0,2,stage2b_seed_223_base_1_regime_mixed_voting_strategy_policy_ml_single_random_kill,0,1,1,3636ee12b35a57bbe8811b59ccf2c37a2bfec25ced6170ee3f51615da6f64f83,stage2b_seed_223_base_1_regime_mixed_voting_strategy,0,3,ml_single_random_kill,3,223,1,2,final_test,ml_single_random_kill,0.6666666666666666,2,2,3,3,1,3,0,0,0,2,wolf,1,1,3,2,1
0.0,0.008906348902989228,1,mixed_voting_strategy,0,2,stage2b_seed_223_base_1_regime_mixed_voting_strategy_policy_ml_first_two_kills,0,1,1,3636ee12b35a57bbe8811b59ccf2c37a2bfec25ced6170ee3f51615da6f64f83,stage2b_seed_223_base_1_regime_mixed_voting_strategy,0,3,ml_first_two_kills,3,223,1,1,final_test,ml_first_two_kills,0.6666666666666666,2,2,3,2,2,3,0,0,0,2,wolf,0,1,3,2,1
0.0,0.008906348902989228,1,mixed_voting_strategy,0,2,stage2b_seed_223_base_1_regime_mixed_voting_strategy_policy_continuous_frozen_ml,0,1,1,3636ee12b35a57bbe8811b59ccf2c37a2bfec25ced6170ee3f51615da6f64f83,stage2b_seed_223_base_1_regime_mixed_voting_strategy,0,3,continuous_frozen_ml,3,223,1,1,final_test,continuous_frozen_ml,0.6666666666666666,2,2,3,2,3,3,0,0,0,2,wolf,0,1,3,2,1
0.0,0.012925638942188159,1,mixed_voting_strategy,0,2,stage2b_seed_223_base_1_regime_mixed_voting_strategy_policy_existing_with_ml_shadow,0,1,1,3636ee12b35a57bbe8811b59ccf2c37a2bfec25ced6170ee3f51615da6f64f83,stage2b_seed_223_base_1_regime_mixed_voting_strategy,0,3,existing_with_ml_shadow,3,223,1,2,final_test,existing_with_ml_shadow,0.6666666666666666,2,2,3,3,0,3,0,3,0,2,wolf,1,1,3,2,1
0.012925638942188159,0.012925638942188159,1,mixed_voting_strategy,0,2,stage2b_seed_223_base_1_regime_mixed_voting_strategy_policy_selective_ml_override,0,1,1,3636ee12b35a57bbe8811b59ccf2c37a2bfec25ced6170ee3f51615da6f64f83,stage2b_seed_223_base_1_regime_mixed_voting_strategy,0,3,selective_ml_override,3,223,1,2,final_test,selective_ml_override,0.6666666666666666,2,2,3,3,0,3,0,0,0,2,wolf,1,1,3,2,1
0.012925638942188159,0.012925638942188159,1,mixed_voting_strategy,0,2,stage2b_seed_223_base_1_regime_mixed_voting_strategy_policy_high_confidence_shadow,0,1,1,3636ee12b35a57bbe8811b59ccf2c37a2bfec25ced6170ee3f51615da6f64f83,stage2b_seed_223_base_1_regime_mixed_voting_strategy,0,3,high_confidence_shadow,3,223,1,2,final_test,high_confidence_shadow,0.6666666666666666,2,2,3,3,0,3,0,3,0,2,wolf,1,1,3,2,1
0.0,0.014774858563413725,1,mixed_wolf_deception_strategy,0,,stage2b_seed_223_base_1_regime_mixed_wolf_deception_strategy_policy_existing_rule,1,0,1,3636ee12b35a57bbe8811b59ccf2c37a2bfec25ced6170ee3f51615da6f64f83,stage2b_seed_223_base_1_regime_mixed_wolf_deception_strategy,0,3,existing_rule,3,223,1,2,final_test,existing_rule,0.6666666666666666,2,2,3,2,0,3,0,0,0,2,wolf,0,1,3,3,1
0.0,0.014774858563413725,1,mixed_wolf_deception_strategy,0,,stage2b_seed_223_base_1_regime_mixed_wolf_deception_strategy_policy_ml_first_kill_only,1,0,1,3636ee12b35a57bbe8811b59ccf2c37a2bfec25ced6170ee3f51615da6f64f83,stage2b_seed_223_base_1_regime_mixed_wolf_deception_strategy,0,3,ml_first_kill_only,3,223,1,2,final_test,ml_first_kill_only,0.6666666666666666,2,2,3,2,1,3,0,0,0,2,wolf,0,1,3,3,1
0.0,0.014774858563413725,1,mixed_wolf_deception_strategy,0,,stage2b_seed_223_base_1_regime_mixed_wolf_deception_strategy_policy_ml_single_random_kill,1,0,1,3636ee12b35a57bbe8811b59ccf2c37a2bfec25ced6170ee3f51615da6f64f83,stage2b_seed_223_base_1_regime_mixed_wolf_deception_strategy,0,3,ml_single_random_kill,3,223,1,2,final_test,ml_single_random_kill,0.6666666666666666,2,2,3,2,1,3,0,0,0,2,wolf,0,1,3,3,1
0.0,0.012391893933923093,1,mixed_wolf_deception_strategy,0,,stage2b_seed_223_base_1_regime_mixed_wolf_deception_strategy_policy_ml_first_two_kills,1,1,1,3636ee12b35a57bbe8811b59ccf2c37a2bfec25ced6170ee3f51615da6f64f83,stage2b_seed_223_base_1_regime_mixed_wolf_deception_strategy,1,2,ml_first_two_kills,2,223,0,1,final_test,ml_first_two_kills,0.0,0,1,2,2,2,2,0,0,0,2,wolf,0,1,2,3,1
0.0,0.012391893933923093,1,mixed_wolf_deception_strategy,0,,stage2b_seed_223_base_1_regime_mixed_wolf_deception_strategy_policy_continuous_frozen_ml,1,1,1,3636ee12b35a57bbe8811b59ccf2c37a2bfec25ced6170ee3f51615da6f64f83,stage2b_seed_223_base_1_regime_mixed_wolf_deception_strategy,1,2,continuous_frozen_ml,2,223,0,1,final_test,continuous_frozen_ml,0.0,0,1,2,2,2,2,0,0,0,2,wolf,0,1,2,3,1
0.0,0.014774858563413725,1,mixed_wolf_deception_strategy,0,,stage2b_seed_223_base_1_regime_mixed_wolf_deception_strategy_policy_existing_with_ml_shadow,1,0,1,3636ee12b35a57bbe8811b59ccf2c37a2bfec25ced6170ee3f51615da6f64f83,stage2b_seed_223_base_1_regime_mixed_wolf_deception_strategy,0,3,existing_with_ml_shadow,3,223,1,2,final_test,existing_with_ml_shadow,0.6666666666666666,2,2,3,2,0,3,0,3,0,2,wolf,0,1,3,3,1
0.03297064278961374,0.014774858563413725,1,mixed_wolf_deception_strategy,0,,stage2b_seed_223_base_1_regime_mixed_wolf_deception_strategy_policy_selective_ml_override,1,0,1,3636ee12b35a57bbe8811b59ccf2c37a2bfec25ced6170ee3f51615da6f64f83,stage2b_seed_223_base_1_regime_mixed_wolf_deception_strategy,0,3,selective_ml_override,3,223,1,2,final_test,selective_ml_override,0.6666666666666666,2,2,3,2,0,3,0,0,0,2,wolf,0,1,3,3,1
0.03297064278961374,0.014774858563413725,1,mixed_wolf_deception_strategy,0,,stage2b_seed_223_base_1_regime_mixed_wolf_deception_strategy_policy_high_confidence_shadow,1,0,1,3636ee12b35a57bbe8811b59ccf2c37a2bfec25ced6170ee3f51615da6f64f83,stage2b_seed_223_base_1_regime_mixed_wolf_deception_strategy,0,3,high_confidence_shadow,3,223,1,2,final_test,high_confidence_shadow,0.6666666666666666,2,2,3,2,0,3,0,3,0,2,wolf,0,1,3,3,1
0.0,0.01743175474503707,1,baseline_speech_enabled,0,1,stage2b_seed_224_base_1_regime_baseline_speech_enabled_policy_existing_rule,0,0,1,3636ee12b35a57bbe8811b59ccf2c37a2bfec25ced6170ee3f51615da6f64f83,stage2b_seed_224_base_1_regime_baseline_speech_enabled,0,3,existing_rule,3,224,1,2,final_test,existing_rule,0.6666666666666666,2,2,,3,0,3,0,0,1,0,village,1,1,3,0,0
0.0,0.01743175474503707,1,baseline_speech_enabled,0,1,stage2b_seed_224_base_1_regime_baseline_speech_enabled_policy_ml_first_kill_only,0,0,1,3636ee12b35a57bbe8811b59ccf2c37a2bfec25ced6170ee3f51615da6f64f83,stage2b_seed_224_base_1_regime_baseline_speech_enabled,0,3,ml_first_kill_only,3,224,1,2,final_test,ml_first_kill_only,0.6666666666666666,2,2,,3,1,3,0,0,1,0,village,1,1,3,0,0
0.0,0.01743175474503707,1,baseline_speech_enabled,0,1,stage2b_seed_224_base_1_regime_baseline_speech_enabled_policy_ml_single_random_kill,0,0,1,3636ee12b35a57bbe8811b59ccf2c37a2bfec25ced6170ee3f51615da6f64f83,stage2b_seed_224_base_1_regime_baseline_speech_enabled,0,3,ml_single_random_kill,3,224,1,1,final_test,ml_single_random_kill,0.6666666666666666,2,2,,3,1,3,0,0,1,0,village,0,1,3,0,0
0.0,0.013391307870251631,1,baseline_speech_enabled,0,1,stage2b_seed_224_base_1_regime_baseline_speech_enabled_policy_ml_first_two_kills,0,0,1,3636ee12b35a57bbe8811b59ccf2c37a2bfec25ced6170ee3f51615da6f64f83,stage2b_seed_224_base_1_regime_baseline_speech_enabled,1,3,ml_first_two_kills,3,224,1,1,final_test,ml_first_two_kills,0.3333333333333333,1,2,,2,2,3,0,0,1,0,village,0,1,3,0,0
0.0,0.013391307870251631,1,baseline_speech_enabled,0,1,stage2b_seed_224_base_1_regime_baseline_speech_enabled_policy_continuous_frozen_ml,0,0,1,3636ee12b35a57bbe8811b59ccf2c37a2bfec25ced6170ee3f51615da6f64f83,stage2b_seed_224_base_1_regime_baseline_speech_enabled,1,3,continuous_frozen_ml,3,224,1,1,final_test,continuous_frozen_ml,0.3333333333333333,1,2,,2,3,3,0,0,1,0,village,0,1,3,0,0
0.0,0.01743175474503707,1,baseline_speech_enabled,0,1,stage2b_seed_224_base_1_regime_baseline_speech_enabled_policy_existing_with_ml_shadow,0,0,1,3636ee12b35a57bbe8811b59ccf2c37a2bfec25ced6170ee3f51615da6f64f83,stage2b_seed_224_base_1_regime_baseline_speech_enabled,0,3,existing_with_ml_shadow,3,224,1,2,final_test,existing_with_ml_shadow,0.6666666666666666,2,2,,3,0,3,0,3,1,0,village,1,1,3,0,0
0.01911290516748036,0.01743175474503707,1,baseline_speech_enabled,0,1,stage2b_seed_224_base_1_regime_baseline_speech_enabled_policy_selective_ml_override,0,0,1,3636ee12b35a57bbe8811b59ccf2c37a2bfec25ced6170ee3f51615da6f64f83,stage2b_seed_224_base_1_regime_baseline_speech_enabled,0,3,selective_ml_override,3,224,1,2,final_test,selective_ml_override,0.6666666666666666,2,2,,3,0,3,0,0,1,0,village,1,1,3,0,0
0.01911290516748036,0.01743175474503707,1,baseline_speech_enabled,0,1,stage2b_seed_224_base_1_regime_baseline_speech_enabled_policy_high_confidence_shadow,0,0,1,3636ee12b35a57bbe8811b59ccf2c37a2bfec25ced6170ee3f51615da6f64f83,stage2b_seed_224_base_1_regime_baseline_speech_enabled,0,3,high_confidence_shadow,3,224,1,2,final_test,high_confidence_shadow,0.6666666666666666,2,2,,3,0,3,0,3,1,0,village,1,1,3,0,0
0.0,0.010643714899481543,1,speech_disabled,0,1,stage2b_seed_224_base_1_regime_speech_disabled_policy_existing_rule,1,1,1,3636ee12b35a57bbe8811b59ccf2c37a2bfec25ced6170ee3f51615da6f64f83,stage2b_seed_224_base_1_regime_speech_disabled,0,4,existing_rule,4,224,1,3,final_test,existing_rule,0.75,3,4,4,3,0,4,0,0,0,1,wolf,1,0,4,1,1
0.0,0.006809945621211695,1,speech_disabled,0,,stage2b_seed_224_base_1_regime_speech_disabled_policy_ml_first_kill_only,1,0,1,3636ee12b35a57bbe8811b59ccf2c37a2bfec25ced6170ee3f51615da6f64f83,stage2b_seed_224_base_1_regime_speech_disabled,0,3,ml_first_kill_only,3,224,0,1,final_test,ml_first_kill_only,0.6666666666666666,2,2,3,2,1,3,0,0,0,2,wolf,0,1,3,3,1
0.0,0.006809945621211695,1,speech_disabled,0,,stage2b_seed_224_base_1_regime_speech_disabled_policy_ml_single_random_kill,1,0,1,3636ee12b35a57bbe8811b59ccf2c37a2bfec25ced6170ee3f51615da6f64f83,stage2b_seed_224_base_1_regime_speech_disabled,0,3,ml_single_random_kill,3,224,0,1,final_test,ml_single_random_kill,0.6666666666666666,2,2,3,2,1,3,0,0,0,2,wolf,0,1,3,3,1
0.0,0.006809945621211695,1,speech_disabled,0,,stage2b_seed_224_base_1_regime_speech_disabled_policy_ml_first_two_kills,1,0,1,3636ee12b35a57bbe8811b59ccf2c37a2bfec25ced6170ee3f51615da6f64f83,stage2b_seed_224_base_1_regime_speech_disabled,0,3,ml_first_two_kills,3,224,0,1,final_test,ml_first_two_kills,0.6666666666666666,2,2,3,2,2,3,0,0,0,2,wolf,0,1,3,3,1
0.0,0.006809945621211695,1,speech_disabled,0,,stage2b_seed_224_base_1_regime_speech_disabled_policy_continuous_frozen_ml,1,0,1,3636ee12b35a57bbe8811b59ccf2c37a2bfec25ced6170ee3f51615da6f64f83,stage2b_seed_224_base_1_regime_speech_disabled,0,3,continuous_frozen_ml,3,224,0,1,final_test,continuous_frozen_ml,0.6666666666666666,2,2,3,2,3,3,0,0,0,2,wolf,0,1,3,3,1
0.0,0.010643714899481543,1,speech_disabled,0,1,stage2b_seed_224_base_1_regime_speech_disabled_policy_existing_with_ml_shadow,1,1,1,3636ee12b35a57bbe8811b59ccf2c37a2bfec25ced6170ee3f51615da6f64f83,stage2b_seed_224_base_1_regime_speech_disabled,0,4,existing_with_ml_shadow,4,224,1,3,final_test,existing_with_ml_shadow,0.75,3,4,4,3,0,4,0,4,0,1,wolf,1,0,4,1,1
0.011528482328807627,0.010643714899481543,1,speech_disabled,0,1,stage2b_seed_224_base_1_regime_speech_disabled_policy_selective_ml_override,1,1,1,3636ee12b35a57bbe8811b59ccf2c37a2bfec25ced6170ee3f51615da6f64f83,stage2b_seed_224_base_1_regime_speech_disabled,0,4,selective_ml_override,4,224,1,3,final_test,selective_ml_override,0.75,3,4,4,3,0,4,0,0,0,1,wolf,1,0,4,1,1
0.011528482328807627,0.010643714899481543,1,speech_disabled,0,1,stage2b_seed_224_base_1_regime_speech_disabled_policy_high_confidence_shadow,1,1,1,3636ee12b35a57bbe8811b59ccf2c37a2bfec25ced6170ee3f51615da6f64f83,stage2b_seed_224_base_1_regime_speech_disabled,0,4,high_confidence_shadow,4,224,1,3,final_test,high_confidence_shadow,0.75,3,4,4,3,0,4,0,4,0,1,wolf,1,0,4,1,1
0.0,0.013361104853981565,1,herding_enabled,0,1,stage2b_seed_224_base_1_regime_herding_enabled_policy_existing_rule,0,1,1,3636ee12b35a57bbe8811b59ccf2c37a2bfec25ced6170ee3f51615da6f64f83,stage2b_seed_224_base_1_regime_herding_enabled,0,4,existing_rule,4,224,1,2,final_test,existing_rule,0.75,3,3,4,4,0,4,0,0,0,2,wolf,1,1,4,1,1
0.0,0.013361104853981565,1,herding_enabled,0,1,stage2b_seed_224_base_1_regime_herding_enabled_policy_ml_first_kill_only,0,1,1,3636ee12b35a57bbe8811b59ccf2c37a2bfec25ced6170ee3f51615da6f64f83,stage2b_seed_224_base_1_regime_herding_enabled,0,4,ml_first_kill_only,4,224,1,2,final_test,ml_first_kill_only,0.75,3,3,4,4,1,4,0,0,0,2,wolf,1,1,4,1,1
0.0,0.016530196316299095,1,herding_enabled,0,1,stage2b_seed_224_base_1_regime_herding_enabled_policy_ml_single_random_kill,0,1,1,3636ee12b35a57bbe8811b59ccf2c37a2bfec25ced6170ee3f51615da6f64f83,stage2b_seed_224_base_1_regime_herding_enabled,0,4,ml_single_random_kill,4,224,0,1,final_test,ml_single_random_kill,0.75,3,3,4,4,1,4,0,0,0,2,wolf,1,1,4,1,1
0.0,0.016530196316299095,1,herding_enabled,0,1,stage2b_seed_224_base_1_regime_herding_enabled_policy_ml_first_two_kills,0,1,1,3636ee12b35a57bbe8811b59ccf2c37a2bfec25ced6170ee3f51615da6f64f83,stage2b_seed_224_base_1_regime_herding_enabled,0,4,ml_first_two_kills,4,224,0,1,final_test,ml_first_two_kills,0.75,3,3,4,4,2,4,0,0,0,2,wolf,1,1,4,1,1
0.0,0.013671074066162775,1,herding_enabled,0,1,stage2b_seed_224_base_1_regime_herding_enabled_policy_continuous_frozen_ml,0,1,1,3636ee12b35a57bbe8811b59ccf2c37a2bfec25ced6170ee3f51615da6f64f83,stage2b_seed_224_base_1_regime_herding_enabled,0,4,continuous_frozen_ml,4,224,0,1,final_test,continuous_frozen_ml,0.75,3,3,4,3,4,4,0,0,0,2,wolf,1,1,4,1,1
0.0,0.013361104853981565,1,herding_enabled,0,1,stage2b_seed_224_base_1_regime_herding_enabled_policy_existing_with_ml_shadow,0,1,1,3636ee12b35a57bbe8811b59ccf2c37a2bfec25ced6170ee3f51615da6f64f83,stage2b_seed_224_base_1_regime_herding_enabled,0,4,existing_with_ml_shadow,4,224,1,2,final_test,existing_with_ml_shadow,0.75,3,3,4,4,0,4,0,4,0,2,wolf,1,1,4,1,1
0.033539102094202106,0.013361104853981565,1,herding_enabled,0,1,stage2b_seed_224_base_1_regime_herding_enabled_policy_selective_ml_override,0,1,1,3636ee12b35a57bbe8811b59ccf2c37a2bfec25ced6170ee3f51615da6f64f83,stage2b_seed_224_base_1_regime_herding_enabled,0,4,selective_ml_override,4,224,1,2,final_test,selective_ml_override,0.75,3,3,4,4,0,4,0,0,0,2,wolf,1,1,4,1,1
0.033539102094202106,0.013361104853981565,1,herding_enabled,0,1,stage2b_seed_224_base_1_regime_herding_enabled_policy_high_confidence_shadow,0,1,1,3636ee12b35a57bbe8811b59ccf2c37a2bfec25ced6170ee3f51615da6f64f83,stage2b_seed_224_base_1_regime_herding_enabled,0,4,high_confidence_shadow,4,224,1,2,final_test,high_confidence_shadow,0.75,3,3,4,4,0,4,0,4,0,2,wolf,1,1,4,1,1
0.0,0.011513393913100328,1,deception_enabled,0,1,stage2b_seed_224_base_1_regime_deception_enabled_policy_existing_rule,1,0,1,3636ee12b35a57bbe8811b59ccf2c37a2bfec25ced6170ee3f51615da6f64f83,stage2b_seed_224_base_1_regime_deception_enabled,0,4,existing_rule,4,224,1,3,final_test,existing_rule,0.75,3,3,4,3,0,4,0,0,0,2,wolf,1,1,4,2,1
0.0,0.011513393913100328,1,deception_enabled,0,1,stage2b_seed_224_base_1_regime_deception_enabled_policy_ml_first_kill_only,1,0,1,3636ee12b35a57bbe8811b59ccf2c37a2bfec25ced6170ee3f51615da6f64f83,stage2b_seed_224_base_1_regime_deception_enabled,0,4,ml_first_kill_only,4,224,1,3,final_test,ml_first_kill_only,0.75,3,3,4,3,1,4,0,0,0,2,wolf,1,1,4,2,1
0.0,0.011513393913100328,1,deception_enabled,0,1,stage2b_seed_224_base_1_regime_deception_enabled_policy_ml_single_random_kill,1,0,1,3636ee12b35a57bbe8811b59ccf2c37a2bfec25ced6170ee3f51615da6f64f83,stage2b_seed_224_base_1_regime_deception_enabled,0,4,ml_single_random_kill,4,224,1,3,final_test,ml_single_random_kill,0.75,3,3,4,3,1,4,0,0,0,2,wolf,1,1,4,2,1
0.0,0.02094031429993956,1,deception_enabled,0,1,stage2b_seed_224_base_1_regime_deception_enabled_policy_ml_first_two_kills,0,0,1,3636ee12b35a57bbe8811b59ccf2c37a2bfec25ced6170ee3f51615da6f64f83,stage2b_seed_224_base_1_regime_deception_enabled,0,4,ml_first_two_kills,4,224,1,2,final_test,ml_first_two_kills,0.75,3,3,4,3,2,4,0,0,0,3,wolf,1,1,4,1,1
0.0,0.015957608520032807,1,deception_enabled,0,1,stage2b_seed_224_base_1_regime_deception_enabled_policy_continuous_frozen_ml,1,1,1,3636ee12b35a57bbe8811b59ccf2c37a2bfec25ced6170ee3f51615da6f64f83,stage2b_seed_224_base_1_regime_deception_enabled,0,4,continuous_frozen_ml,4,224,0,2,final_test,continuous_frozen_ml,0.75,3,3,,4,4,4,0,0,1,1,village,1,1,4,0,0
0.0,0.011513393913100328,1,deception_enabled,0,1,stage2b_seed_224_base_1_regime_deception_enabled_policy_existing_with_ml_shadow,1,0,1,3636ee12b35a57bbe8811b59ccf2c37a2bfec25ced6170ee3f51615da6f64f83,stage2b_seed_224_base_1_regime_deception_enabled,0,4,existing_with_ml_shadow,4,224,1,3,final_test,existing_with_ml_shadow,0.75,3,3,4,3,0,4,0,4,0,2,wolf,1,1,4,2,1
0.01988309780264519,0.011513393913100328,1,deception_enabled,0,1,stage2b_seed_224_base_1_regime_deception_enabled_policy_selective_ml_override,1,0,1,3636ee12b35a57bbe8811b59ccf2c37a2bfec25ced6170ee3f51615da6f64f83,stage2b_seed_224_base_1_regime_deception_enabled,0,4,selective_ml_override,4,224,1,3,final_test,selective_ml_override,0.75,3,3,4,3,1,4,1,0,0,2,wolf,1,1,4,2,1
0.01988309780264519,0.011513393913100328,1,deception_enabled,0,1,stage2b_seed_224_base_1_regime_deception_enabled_policy_high_confidence_shadow,1,0,1,3636ee12b35a57bbe8811b59ccf2c37a2bfec25ced6170ee3f51615da6f64f83,stage2b_seed_224_base_1_regime_deception_enabled,0,4,high_confidence_shadow,4,224,1,3,final_test,high_confidence_shadow,0.75,3,3,4,3,0,4,1,4,0,2,wolf,1,1,4,2,1
0.0,0.021277792408293528,1,heterogeneous_risk_preference,0,1,stage2b_seed_224_base_1_regime_heterogeneous_risk_preference_policy_existing_rule,1,1,0,3636ee12b35a57bbe8811b59ccf2c37a2bfec25ced6170ee3f51615da6f64f83,stage2b_seed_224_base_1_regime_heterogeneous_risk_preference,1,4,existing_rule,4,224,1,2,final_test,existing_rule,0.75,3,3,,2,0,4,0,0,1,2,village,0,1,4,0,0
0.0,0.021277792408293528,1,heterogeneous_risk_preference,0,1,stage2b_seed_224_base_1_regime_heterogeneous_risk_preference_policy_ml_first_kill_only,1,1,0,3636ee12b35a57bbe8811b59ccf2c37a2bfec25ced6170ee3f51615da6f64f83,stage2b_seed_224_base_1_regime_heterogeneous_risk_preference,1,4,ml_first_kill_only,4,224,1,2,final_test,ml_first_kill_only,0.75,3,3,,2,1,4,0,0,1,2,village,0,1,4,0,0
0.0,0.021277792408293528,1,heterogeneous_risk_preference,0,1,stage2b_seed_224_base_1_regime_heterogeneous_risk_preference_policy_ml_single_random_kill,1,1,0,3636ee12b35a57bbe8811b59ccf2c37a2bfec25ced6170ee3f51615da6f64f83,stage2b_seed_224_base_1_regime_heterogeneous_risk_preference,1,4,ml_single_random_kill,4,224,1,2,final_test,ml_single_random_kill,0.75,3,3,,2,1,4,0,0,1,2,village,0,1,4,0,0
0.0,0.021277792408293528,1,heterogeneous_risk_preference,0,1,stage2b_seed_224_base_1_regime_heterogeneous_risk_preference_policy_ml_first_two_kills,1,1,0,3636ee12b35a57bbe8811b59ccf2c37a2bfec25ced6170ee3f51615da6f64f83,stage2b_seed_224_base_1_regime_heterogeneous_risk_preference,2,4,ml_first_two_kills,4,224,1,2,final_test,ml_first_two_kills,0.5,2,3,,2,2,4,0,0,1,2,village,0,1,4,0,0
0.0,0.018748802360002287,1,heterogeneous_risk_preference,0,1,stage2b_seed_224_base_1_regime_heterogeneous_risk_preference_policy_continuous_frozen_ml,0,0,0,3636ee12b35a57bbe8811b59ccf2c37a2bfec25ced6170ee3f51615da6f64f83,stage2b_seed_224_base_1_regime_heterogeneous_risk_preference,2,4,continuous_frozen_ml,4,224,1,1,final_test,continuous_frozen_ml,0.5,2,3,,3,4,4,0,0,1,1,village,0,1,4,0,0
0.0,0.021277792408293528,1,heterogeneous_risk_preference,0,1,stage2b_seed_224_base_1_regime_heterogeneous_risk_preference_policy_existing_with_ml_shadow,1,1,0,3636ee12b35a57bbe8811b59ccf2c37a2bfec25ced6170ee3f51615da6f64f83,stage2b_seed_224_base_1_regime_heterogeneous_risk_preference,1,4,existing_with_ml_shadow,4,224,1,2,final_test,existing_with_ml_shadow,0.75,3,3,,2,0,4,0,4,1,2,village,0,1,4,0,0
0.009089843419273241,0.021277792408293528,1,heterogeneous_risk_preference,0,1,stage2b_seed_224_base_1_regime_heterogeneous_risk_preference_policy_selective_ml_override,1,1,0,3636ee12b35a57bbe8811b59ccf2c37a2bfec25ced6170ee3f51615da6f64f83,stage2b_seed_224_base_1_regime_heterogeneous_risk_preference,1,4,selective_ml_override,4,224,1,2,final_test,selective_ml_override,0.75,3,3,,2,0,4,0,0,1,2,village,0,1,4,0,0
0.009089843419273241,0.021277792408293528,1,heterogeneous_risk_preference,0,1,stage2b_seed_224_base_1_regime_heterogeneous_risk_preference_policy_high_confidence_shadow,1,1,0,3636ee12b35a57bbe8811b59ccf2c37a2bfec25ced6170ee3f51615da6f64f83,stage2b_seed_224_base_1_regime_heterogeneous_risk_preference,1,4,high_confidence_shadow,4,224,1,2,final_test,high_confidence_shadow,0.75,3,3,,2,0,4,0,4,1,2,village,0,1,4,0,0
0.0,0.007977844785331728,1,strong_village_information,0,1,stage2b_seed_224_base_1_regime_strong_village_information_policy_existing_rule,1,0,1,3636ee12b35a57bbe8811b59ccf2c37a2bfec25ced6170ee3f51615da6f64f83,stage2b_seed_224_base_1_regime_strong_village_information,0,4,existing_rule,4,224,1,3,final_test,existing_rule,0.75,3,3,4,4,0,4,0,0,0,2,wolf,1,1,4,2,1
0.0,0.007977844785331728,1,strong_village_information,0,1,stage2b_seed_224_base_1_regime_strong_village_information_policy_ml_first_kill_only,1,0,1,3636ee12b35a57bbe8811b59ccf2c37a2bfec25ced6170ee3f51615da6f64f83,stage2b_seed_224_base_1_regime_strong_village_information,0,4,ml_first_kill_only,4,224,1,3,final_test,ml_first_kill_only,0.75,3,3,4,4,1,4,0,0,0,2,wolf,1,1,4,2,1
0.0,0.011579729118979726,1,strong_village_information,0,1,stage2b_seed_224_base_1_regime_strong_village_information_policy_ml_single_random_kill,0,1,1,3636ee12b35a57bbe8811b59ccf2c37a2bfec25ced6170ee3f51615da6f64f83,stage2b_seed_224_base_1_regime_strong_village_information,0,4,ml_single_random_kill,4,224,1,2,final_test,ml_single_random_kill,0.75,3,3,4,4,1,4,0,0,0,2,wolf,1,1,4,1,1
0.0,0.011579729118979726,1,strong_village_information,0,1,stage2b_seed_224_base_1_regime_strong_village_information_policy_ml_first_two_kills,0,1,1,3636ee12b35a57bbe8811b59ccf2c37a2bfec25ced6170ee3f51615da6f64f83,stage2b_seed_224_base_1_regime_strong_village_information,0,4,ml_first_two_kills,4,224,1,2,final_test,ml_first_two_kills,0.75,3,3,4,4,2,4,0,0,0,2,wolf,1,1,4,1,1
0.0,0.010791839643525397,1,strong_village_information,0,1,stage2b_seed_224_base_1_regime_strong_village_information_policy_continuous_frozen_ml,1,1,1,3636ee12b35a57bbe8811b59ccf2c37a2bfec25ced6170ee3f51615da6f64f83,stage2b_seed_224_base_1_regime_strong_village_information,0,4,continuous_frozen_ml,4,224,0,1,final_test,continuous_frozen_ml,0.75,3,3,4,4,4,4,0,0,0,1,wolf,0,1,4,1,1
0.0,0.007977844785331728,1,strong_village_information,0,1,stage2b_seed_224_base_1_regime_strong_village_information_policy_existing_with_ml_shadow,1,0,1,3636ee12b35a57bbe8811b59ccf2c37a2bfec25ced6170ee3f51615da6f64f83,stage2b_seed_224_base_1_regime_strong_village_information,0,4,existing_with_ml_shadow,4,224,1,3,final_test,existing_with_ml_shadow,0.75,3,3,4,4,0,4,0,4,0,2,wolf,1,1,4,2,1
0.013912455931508277,0.007977844785331728,1,strong_village_information,0,1,stage2b_seed_224_base_1_regime_strong_village_information_policy_selective_ml_override,1,0,1,3636ee12b35a57bbe8811b59ccf2c37a2bfec25ced6170ee3f51615da6f64f83,stage2b_seed_224_base_1_regime_strong_village_information,0,4,selective_ml_override,4,224,1,3,final_test,selective_ml_override,0.75,3,3,4,4,0,4,0,0,0,2,wolf,1,1,4,2,1
0.013912455931508277,0.007977844785331728,1,strong_village_information,0,1,stage2b_seed_224_base_1_regime_strong_village_information_policy_high_confidence_shadow,1,0,1,3636ee12b35a57bbe8811b59ccf2c37a2bfec25ced6170ee3f51615da6f64f83,stage2b_seed_224_base_1_regime_strong_village_information,0,4,high_confidence_shadow,4,224,1,3,final_test,high_confidence_shadow,0.75,3,3,4,4,0,4,0,4,0,2,wolf,1,1,4,2,1
0.0,0.005612239645473527,1,weak_village_information,0,,stage2b_seed_224_base_1_regime_weak_village_information_policy_existing_rule,0,0,1,3636ee12b35a57bbe8811b59ccf2c37a2bfec25ced6170ee3f51615da6f64f83,stage2b_seed_224_base_1_regime_weak_village_information,1,2,existing_rule,2,224,1,2,final_test,existing_rule,0.0,0,2,2,2,0,2,0,0,0,2,wolf,1,0,2,3,1
0.0,0.002982873078945477,1,weak_village_information,0,2,stage2b_seed_224_base_1_regime_weak_village_information_policy_ml_first_kill_only,0,0,1,3636ee12b35a57bbe8811b59ccf2c37a2bfec25ced6170ee3f51615da6f64f83,stage2b_seed_224_base_1_regime_weak_village_information,1,3,ml_first_kill_only,3,224,1,2,final_test,ml_first_kill_only,0.3333333333333333,1,3,3,3,1,3,0,0,0,2,wolf,1,0,3,2,1
0.0,0.002982873078945477,1,weak_village_information,0,2,stage2b_seed_224_base_1_regime_weak_village_information_policy_ml_single_random_kill,0,0,1,3636ee12b35a57bbe8811b59ccf2c37a2bfec25ced6170ee3f51615da6f64f83,stage2b_seed_224_base_1_regime_weak_village_information,1,3,ml_single_random_kill,3,224,1,2,final_test,ml_single_random_kill,0.3333333333333333,1,3,3,3,1,3,0,0,0,2,wolf,1,0,3,2,1
0.0,0.004964885267951247,1,weak_village_information,0,2,stage2b_seed_224_base_1_regime_weak_village_information_policy_ml_first_two_kills,0,1,1,3636ee12b35a57bbe8811b59ccf2c37a2bfec25ced6170ee3f51615da6f64f83,stage2b_seed_224_base_1_regime_weak_village_information,1,3,ml_first_two_kills,3,224,1,1,final_test,ml_first_two_kills,0.3333333333333333,1,3,3,3,2,3,0,0,0,3,wolf,0,0,3,1,1
0.0,0.004964885267951247,1,weak_village_information,0,2,stage2b_seed_224_base_1_regime_weak_village_information_policy_continuous_frozen_ml,0,1,1,3636ee12b35a57bbe8811b59ccf2c37a2bfec25ced6170ee3f51615da6f64f83,stage2b_seed_224_base_1_regime_weak_village_information,1,3,continuous_frozen_ml,3,224,0,1,final_test,continuous_frozen_ml,0.3333333333333333,1,3,,3,3,3,0,0,1,2,village,1,0,3,0,0
0.0,0.005612239645473527,1,weak_village_information,0,,stage2b_seed_224_base_1_regime_weak_village_information_policy_existing_with_ml_shadow,0,0,1,3636ee12b35a57bbe8811b59ccf2c37a2bfec25ced6170ee3f51615da6f64f83,stage2b_seed_224_base_1_regime_weak_village_information,1,2,existing_with_ml_shadow,2,224,1,2,final_test,existing_with_ml_shadow,0.0,0,2,2,2,0,2,0,2,0,2,wolf,1,0,2,3,1
0.017494710395384028,0.005612239645473527,1,weak_village_information,0,,stage2b_seed_224_base_1_regime_weak_village_information_policy_selective_ml_override,0,0,1,3636ee12b35a57bbe8811b59ccf2c37a2bfec25ced6170ee3f51615da6f64f83,stage2b_seed_224_base_1_regime_weak_village_information,1,2,selective_ml_override,2,224,1,2,final_test,selective_ml_override,0.0,0,2,2,2,0,2,0,0,0,2,wolf,1,0,2,3,1
0.017494710395384028,0.005612239645473527,1,weak_village_information,0,,stage2b_seed_224_base_1_regime_weak_village_information_policy_high_confidence_shadow,0,0,1,3636ee12b35a57bbe8811b59ccf2c37a2bfec25ced6170ee3f51615da6f64f83,stage2b_seed_224_base_1_regime_weak_village_information,1,2,high_confidence_shadow,2,224,1,2,final_test,high_confidence_shadow,0.0,0,2,2,2,0,2,0,2,0,2,wolf,1,0,2,3,1
0.0,0.009988694880435772,1,mixed_seer_strategy,0,2,stage2b_seed_224_base_1_regime_mixed_seer_strategy_policy_existing_rule,1,1,1,3636ee12b35a57bbe8811b59ccf2c37a2bfec25ced6170ee3f51615da6f64f83,stage2b_seed_224_base_1_regime_mixed_seer_strategy,1,4,existing_rule,4,224,1,3,final_test,existing_rule,0.5,2,3,4,2,0,4,0,0,0,1,wolf,1,1,4,1,1
0.0,0.009988694880435772,1,mixed_seer_strategy,0,2,stage2b_seed_224_base_1_regime_mixed_seer_strategy_policy_ml_first_kill_only,1,1,1,3636ee12b35a57bbe8811b59ccf2c37a2bfec25ced6170ee3f51615da6f64f83,stage2b_seed_224_base_1_regime_mixed_seer_strategy,1,4,ml_first_kill_only,4,224,1,3,final_test,ml_first_kill_only,0.5,2,3,4,2,1,4,0,0,0,1,wolf,1,1,4,1,1
0.0,0.009988694880435772,1,mixed_seer_strategy,0,2,stage2b_seed_224_base_1_regime_mixed_seer_strategy_policy_ml_single_random_kill,1,1,1,3636ee12b35a57bbe8811b59ccf2c37a2bfec25ced6170ee3f51615da6f64f83,stage2b_seed_224_base_1_regime_mixed_seer_strategy,1,4,ml_single_random_kill,4,224,1,3,final_test,ml_single_random_kill,0.5,2,3,4,2,1,4,0,0,0,1,wolf,1,1,4,1,1
0.0,0.007034354413543238,1,mixed_seer_strategy,0,,stage2b_seed_224_base_1_regime_mixed_seer_strategy_policy_ml_first_two_kills,0,0,1,3636ee12b35a57bbe8811b59ccf2c37a2bfec25ced6170ee3f51615da6f64f83,stage2b_seed_224_base_1_regime_mixed_seer_strategy,1,3,ml_first_two_kills,3,224,1,2,final_test,ml_first_two_kills,0.3333333333333333,1,2,3,1,2,3,0,0,0,2,wolf,1,1,3,3,1
0.0,0.007034354413543238,1,mixed_seer_strategy,0,,stage2b_seed_224_base_1_regime_mixed_seer_strategy_policy_continuous_frozen_ml,0,0,1,3636ee12b35a57bbe8811b59ccf2c37a2bfec25ced6170ee3f51615da6f64f83,stage2b_seed_224_base_1_regime_mixed_seer_strategy,1,3,continuous_frozen_ml,3,224,1,2,final_test,continuous_frozen_ml,0.3333333333333333,1,2,3,1,3,3,0,0,0,2,wolf,1,1,3,3,1
0.0,0.009988694880435772,1,mixed_seer_strategy,0,2,stage2b_seed_224_base_1_regime_mixed_seer_strategy_policy_existing_with_ml_shadow,1,1,1,3636ee12b35a57bbe8811b59ccf2c37a2bfec25ced6170ee3f51615da6f64f83,stage2b_seed_224_base_1_regime_mixed_seer_strategy,1,4,existing_with_ml_shadow,4,224,1,3,final_test,existing_with_ml_shadow,0.5,2,3,4,2,0,4,0,4,0,1,wolf,1,1,4,1,1
0.00260074810325589,0.009988694880435772,1,mixed_seer_strategy,0,2,stage2b_seed_224_base_1_regime_mixed_seer_strategy_policy_selective_ml_override,1,1,1,3636ee12b35a57bbe8811b59ccf2c37a2bfec25ced6170ee3f51615da6f64f83,stage2b_seed_224_base_1_regime_mixed_seer_strategy,1,4,selective_ml_override,4,224,1,3,final_test,selective_ml_override,0.5,2,3,4,2,0,4,0,0,0,1,wolf,1,1,4,1,1
0.00260074810325589,0.009988694880435772,1,mixed_seer_strategy,0,2,stage2b_seed_224_base_1_regime_mixed_seer_strategy_policy_high_confidence_shadow,1,1,1,3636ee12b35a57bbe8811b59ccf2c37a2bfec25ced6170ee3f51615da6f64f83,stage2b_seed_224_base_1_regime_mixed_seer_strategy,1,4,high_confidence_shadow,4,224,1,3,final_test,high_confidence_shadow,0.5,2,3,4,2,0,4,0,4,0,1,wolf,1,1,4,1,1
0.0,0.007772420657694308,1,mixed_voting_strategy,0,,stage2b_seed_224_base_1_regime_mixed_voting_strategy_policy_existing_rule,1,0,1,3636ee12b35a57bbe8811b59ccf2c37a2bfec25ced6170ee3f51615da6f64f83,stage2b_seed_224_base_1_regime_mixed_voting_strategy,1,3,existing_rule,3,224,1,2,final_test,existing_rule,0.3333333333333333,1,2,3,1,0,3,0,0,0,2,wolf,0,1,3,3,1
0.0,0.007772420657694308,1,mixed_voting_strategy,0,,stage2b_seed_224_base_1_regime_mixed_voting_strategy_policy_ml_first_kill_only,1,0,1,3636ee12b35a57bbe8811b59ccf2c37a2bfec25ced6170ee3f51615da6f64f83,stage2b_seed_224_base_1_regime_mixed_voting_strategy,1,3,ml_first_kill_only,3,224,1,2,final_test,ml_first_kill_only,0.3333333333333333,1,2,3,1,1,3,0,0,0,2,wolf,0,1,3,3,1
0.0,0.007772420657694308,1,mixed_voting_strategy,0,,stage2b_seed_224_base_1_regime_mixed_voting_strategy_policy_ml_single_random_kill,1,0,1,3636ee12b35a57bbe8811b59ccf2c37a2bfec25ced6170ee3f51615da6f64f83,stage2b_seed_224_base_1_regime_mixed_voting_strategy,1,3,ml_single_random_kill,3,224,1,2,final_test,ml_single_random_kill,0.3333333333333333,1,2,3,1,1,3,0,0,0,2,wolf,0,1,3,3,1
0.0,0.007772420657694308,1,mixed_voting_strategy,0,,stage2b_seed_224_base_1_regime_mixed_voting_strategy_policy_ml_first_two_kills,1,0,1,3636ee12b35a57bbe8811b59ccf2c37a2bfec25ced6170ee3f51615da6f64f83,stage2b_seed_224_base_1_regime_mixed_voting_strategy,1,3,ml_first_two_kills,3,224,1,2,final_test,ml_first_two_kills,0.3333333333333333,1,2,3,1,2,3,0,0,0,2,wolf,0,1,3,3,1
0.0,0.007772420657694308,1,mixed_voting_strategy,0,,stage2b_seed_224_base_1_regime_mixed_voting_strategy_policy_continuous_frozen_ml,0,0,1,3636ee12b35a57bbe8811b59ccf2c37a2bfec25ced6170ee3f51615da6f64f83,stage2b_seed_224_base_1_regime_mixed_voting_strategy,1,3,continuous_frozen_ml,3,224,1,1,final_test,continuous_frozen_ml,0.3333333333333333,1,2,3,1,3,3,0,0,0,2,wolf,0,1,3,3,1
0.0,0.007772420657694308,1,mixed_voting_strategy,0,,stage2b_seed_224_base_1_regime_mixed_voting_strategy_policy_existing_with_ml_shadow,1,0,1,3636ee12b35a57bbe8811b59ccf2c37a2bfec25ced6170ee3f51615da6f64f83,stage2b_seed_224_base_1_regime_mixed_voting_strategy,1,3,existing_with_ml_shadow,3,224,1,2,final_test,existing_with_ml_shadow,0.3333333333333333,1,2,3,1,0,3,0,3,0,2,wolf,0,1,3,3,1
0.005574371679196277,0.007772420657694308,1,mixed_voting_strategy,0,,stage2b_seed_224_base_1_regime_mixed_voting_strategy_policy_selective_ml_override,1,0,1,3636ee12b35a57bbe8811b59ccf2c37a2bfec25ced6170ee3f51615da6f64f83,stage2b_seed_224_base_1_regime_mixed_voting_strategy,1,3,selective_ml_override,3,224,1,2,final_test,selective_ml_override,0.3333333333333333,1,2,3,1,0,3,0,0,0,2,wolf,0,1,3,3,1
0.005574371679196277,0.007772420657694308,1,mixed_voting_strategy,0,,stage2b_seed_224_base_1_regime_mixed_voting_strategy_policy_high_confidence_shadow,1,0,1,3636ee12b35a57bbe8811b59ccf2c37a2bfec25ced6170ee3f51615da6f64f83,stage2b_seed_224_base_1_regime_mixed_voting_strategy,1,3,high_confidence_shadow,3,224,1,2,final_test,high_confidence_shadow,0.3333333333333333,1,2,3,1,0,3,0,3,0,2,wolf,0,1,3,3,1
0.0,0.010111766463403365,1,mixed_wolf_deception_strategy,0,1,stage2b_seed_224_base_1_regime_mixed_wolf_deception_strategy_policy_existing_rule,0,1,1,3636ee12b35a57bbe8811b59ccf2c37a2bfec25ced6170ee3f51615da6f64f83,stage2b_seed_224_base_1_regime_mixed_wolf_deception_strategy,0,4,existing_rule,4,224,1,1,final_test,existing_rule,0.75,3,3,4,3,0,4,0,0,0,2,wolf,0,1,4,1,1
0.0,0.011147497084987376,1,mixed_wolf_deception_strategy,0,1,stage2b_seed_224_base_1_regime_mixed_wolf_deception_strategy_policy_ml_first_kill_only,1,1,1,3636ee12b35a57bbe8811b59ccf2c37a2bfec25ced6170ee3f51615da6f64f83,stage2b_seed_224_base_1_regime_mixed_wolf_deception_strategy,0,3,ml_first_kill_only,3,224,1,3,final_test,ml_first_kill_only,0.6666666666666666,2,3,,2,1,3,0,0,1,0,village,1,0,3,0,0
0.0,0.011147497084987376,1,mixed_wolf_deception_strategy,0,1,stage2b_seed_224_base_1_regime_mixed_wolf_deception_strategy_policy_ml_single_random_kill,1,1,1,3636ee12b35a57bbe8811b59ccf2c37a2bfec25ced6170ee3f51615da6f64f83,stage2b_seed_224_base_1_regime_mixed_wolf_deception_strategy,0,3,ml_single_random_kill,3,224,1,3,final_test,ml_single_random_kill,0.6666666666666666,2,3,,2,1,3,0,0,1,0,village,1,0,3,0,0
0.0,0.01952513638601147,1,mixed_wolf_deception_strategy,0,1,stage2b_seed_224_base_1_regime_mixed_wolf_deception_strategy_policy_ml_first_two_kills,1,1,1,3636ee12b35a57bbe8811b59ccf2c37a2bfec25ced6170ee3f51615da6f64f83,stage2b_seed_224_base_1_regime_mixed_wolf_deception_strategy,0,4,ml_first_two_kills,4,224,1,3,final_test,ml_first_two_kills,0.75,3,4,4,3,2,4,0,0,0,1,wolf,1,0,4,1,1
0.0,0.017701204829489253,1,mixed_wolf_deception_strategy,0,1,stage2b_seed_224_base_1_regime_mixed_wolf_deception_strategy_policy_continuous_frozen_ml,1,1,1,3636ee12b35a57bbe8811b59ccf2c37a2bfec25ced6170ee3f51615da6f64f83,stage2b_seed_224_base_1_regime_mixed_wolf_deception_strategy,0,4,continuous_frozen_ml,4,224,0,2,final_test,continuous_frozen_ml,0.75,3,4,4,3,4,4,0,0,0,1,wolf,1,0,4,1,1
0.0,0.010111766463403365,1,mixed_wolf_deception_strategy,0,1,stage2b_seed_224_base_1_regime_mixed_wolf_deception_strategy_policy_existing_with_ml_shadow,0,1,1,3636ee12b35a57bbe8811b59ccf2c37a2bfec25ced6170ee3f51615da6f64f83,stage2b_seed_224_base_1_regime_mixed_wolf_deception_strategy,0,4,existing_with_ml_shadow,4,224,1,1,final_test,existing_with_ml_shadow,0.75,3,3,4,3,0,4,0,4,0,2,wolf,0,1,4,1,1
0.02131315630075244,0.011147497084987376,1,mixed_wolf_deception_strategy,0,1,stage2b_seed_224_base_1_regime_mixed_wolf_deception_strategy_policy_selective_ml_override,1,1,1,3636ee12b35a57bbe8811b59ccf2c37a2bfec25ced6170ee3f51615da6f64f83,stage2b_seed_224_base_1_regime_mixed_wolf_deception_strategy,0,3,selective_ml_override,3,224,1,3,final_test,selective_ml_override,0.6666666666666666,2,3,,2,1,3,1,0,1,0,village,1,0,3,0,0
0.026807613813991965,0.010111766463403365,1,mixed_wolf_deception_strategy,0,1,stage2b_seed_224_base_1_regime_mixed_wolf_deception_strategy_policy_high_confidence_shadow,0,1,1,3636ee12b35a57bbe8811b59ccf2c37a2bfec25ced6170ee3f51615da6f64f83,stage2b_seed_224_base_1_regime_mixed_wolf_deception_strategy,0,4,high_confidence_shadow,4,224,1,1,final_test,high_confidence_shadow,0.75,3,3,4,3,0,4,1,4,0,2,wolf,0,1,4,1,1
0.0,0.010297497384412907,1,baseline_speech_enabled,0,2,stage2b_seed_225_base_1_regime_baseline_speech_enabled_policy_existing_rule,1,1,1,3636ee12b35a57bbe8811b59ccf2c37a2bfec25ced6170ee3f51615da6f64f83,stage2b_seed_225_base_1_regime_baseline_speech_enabled,0,4,existing_rule,4,225,1,2,final_test,existing_rule,0.75,3,3,4,3,0,4,0,0,0,3,wolf,0,1,4,1,1
0.0,0.010297497384412907,1,baseline_speech_enabled,0,2,stage2b_seed_225_base_1_regime_baseline_speech_enabled_policy_ml_first_kill_only,1,1,0,3636ee12b35a57bbe8811b59ccf2c37a2bfec25ced6170ee3f51615da6f64f83,stage2b_seed_225_base_1_regime_baseline_speech_enabled,1,4,ml_first_kill_only,4,225,1,2,final_test,ml_first_kill_only,0.75,3,3,4,3,1,4,0,0,0,3,wolf,0,1,4,1,1
0.0,0.015389007703415114,1,baseline_speech_enabled,0,2,stage2b_seed_225_base_1_regime_baseline_speech_enabled_policy_ml_single_random_kill,1,1,1,3636ee12b35a57bbe8811b59ccf2c37a2bfec25ced6170ee3f51615da6f64f83,stage2b_seed_225_base_1_regime_baseline_speech_enabled,1,4,ml_single_random_kill,4,225,1,2,final_test,ml_single_random_kill,0.5,2,3,,2,1,4,0,0,1,2,village,0,1,4,0,0
0.0,0.015389007703415114,1,baseline_speech_enabled,0,2,stage2b_seed_225_base_1_regime_baseline_speech_enabled_policy_ml_first_two_kills,1,1,0,3636ee12b35a57bbe8811b59ccf2c37a2bfec25ced6170ee3f51615da6f64f83,stage2b_seed_225_base_1_regime_baseline_speech_enabled,2,4,ml_first_two_kills,4,225,1,2,final_test,ml_first_two_kills,0.5,2,3,,2,2,4,0,0,1,2,village,0,1,4,0,0
0.0,0.015389007703415114,1,baseline_speech_enabled,0,2,stage2b_seed_225_base_1_regime_baseline_speech_enabled_policy_continuous_frozen_ml,1,1,0,3636ee12b35a57bbe8811b59ccf2c37a2bfec25ced6170ee3f51615da6f64f83,stage2b_seed_225_base_1_regime_baseline_speech_enabled,2,4,continuous_frozen_ml,4,225,1,2,final_test,continuous_frozen_ml,0.5,2,3,,2,4,4,0,0,1,2,village,0,1,4,0,0
0.0,0.010297497384412907,1,baseline_speech_enabled,0,2,stage2b_seed_225_base_1_regime_baseline_speech_enabled_policy_existing_with_ml_shadow,1,1,1,3636ee12b35a57bbe8811b59ccf2c37a2bfec25ced6170ee3f51615da6f64f83,stage2b_seed_225_base_1_regime_baseline_speech_enabled,0,4,existing_with_ml_shadow,4,225,1,2,final_test,existing_with_ml_shadow,0.75,3,3,4,3,0,4,0,4,0,3,wolf,0,1,4,1,1
0.010618964075351678,0.010297497384412907,1,baseline_speech_enabled,0,2,stage2b_seed_225_base_1_regime_baseline_speech_enabled_policy_selective_ml_override,1,1,1,3636ee12b35a57bbe8811b59ccf2c37a2bfec25ced6170ee3f51615da6f64f83,stage2b_seed_225_base_1_regime_baseline_speech_enabled,0,4,selective_ml_override,4,225,1,2,final_test,selective_ml_override,0.75,3,3,4,3,0,4,0,0,0,3,wolf,0,1,4,1,1
0.010618964075351678,0.010297497384412907,1,baseline_speech_enabled,0,2,stage2b_seed_225_base_1_regime_baseline_speech_enabled_policy_high_confidence_shadow,1,1,1,3636ee12b35a57bbe8811b59ccf2c37a2bfec25ced6170ee3f51615da6f64f83,stage2b_seed_225_base_1_regime_baseline_speech_enabled,0,4,high_confidence_shadow,4,225,1,2,final_test,high_confidence_shadow,0.75,3,3,4,3,0,4,0,4,0,3,wolf,0,1,4,1,1
0.0,0.006926186049089196,1,speech_disabled,0,1,stage2b_seed_225_base_1_regime_speech_disabled_policy_existing_rule,0,0,1,3636ee12b35a57bbe8811b59ccf2c37a2bfec25ced6170ee3f51615da6f64f83,stage2b_seed_225_base_1_regime_speech_disabled,1,3,existing_rule,3,225,1,2,final_test,existing_rule,0.3333333333333333,1,2,,3,0,3,0,0,1,1,village,1,1,3,0,0
0.0,0.006926186049089196,1,speech_disabled,0,1,stage2b_seed_225_base_1_regime_speech_disabled_policy_ml_first_kill_only,0,0,1,3636ee12b35a57bbe8811b59ccf2c37a2bfec25ced6170ee3f51615da6f64f83,stage2b_seed_225_base_1_regime_speech_disabled,1,3,ml_first_kill_only,3,225,1,2,final_test,ml_first_kill_only,0.3333333333333333,1,2,,3,1,3,0,0,1,1,village,1,1,3,0,0
0.0,0.006926186049089196,1,speech_disabled,0,1,stage2b_seed_225_base_1_regime_speech_disabled_policy_ml_single_random_kill,0,0,1,3636ee12b35a57bbe8811b59ccf2c37a2bfec25ced6170ee3f51615da6f64f83,stage2b_seed_225_base_1_regime_speech_disabled,1,3,ml_single_random_kill,3,225,1,2,final_test,ml_single_random_kill,0.3333333333333333,1,2,,3,1,3,0,0,1,1,village,1,1,3,0,0
0.0,0.00741020674255749,1,speech_disabled,0,1,stage2b_seed_225_base_1_regime_speech_disabled_policy_ml_first_two_kills,1,1,1,3636ee12b35a57bbe8811b59ccf2c37a2bfec25ced6170ee3f51615da6f64f83,stage2b_seed_225_base_1_regime_speech_disabled,1,4,ml_first_two_kills,4,225,1,2,final_test,ml_first_two_kills,0.5,2,3,4,3,2,4,0,0,0,2,wolf,0,1,4,1,1
0.0,0.006775398589004472,1,speech_disabled,0,1,stage2b_seed_225_base_1_regime_speech_disabled_policy_continuous_frozen_ml,1,1,1,3636ee12b35a57bbe8811b59ccf2c37a2bfec25ced6170ee3f51615da6f64f83,stage2b_seed_225_base_1_regime_speech_disabled,1,4,continuous_frozen_ml,4,225,0,1,final_test,continuous_frozen_ml,0.5,2,3,4,4,4,4,0,0,0,2,wolf,0,1,4,1,1
0.0,0.006926186049089196,1,speech_disabled,0,1,stage2b_seed_225_base_1_regime_speech_disabled_policy_existing_with_ml_shadow,0,0,1,3636ee12b35a57bbe8811b59ccf2c37a2bfec25ced6170ee3f51615da6f64f83,stage2b_seed_225_base_1_regime_speech_disabled,1,3,existing_with_ml_shadow,3,225,1,2,final_test,existing_with_ml_shadow,0.3333333333333333,1,2,,3,0,3,0,3,1,1,village,1,1,3,0,0
0.018886000491754967,0.006926186049089196,1,speech_disabled,0,1,stage2b_seed_225_base_1_regime_speech_disabled_policy_selective_ml_override,0,0,1,3636ee12b35a57bbe8811b59ccf2c37a2bfec25ced6170ee3f51615da6f64f83,stage2b_seed_225_base_1_regime_speech_disabled,1,3,selective_ml_override,3,225,1,2,final_test,selective_ml_override,0.3333333333333333,1,2,,3,0,3,0,0,1,1,village,1,1,3,0,0
0.018886000491754967,0.006926186049089196,1,speech_disabled,0,1,stage2b_seed_225_base_1_regime_speech_disabled_policy_high_confidence_shadow,0,0,1,3636ee12b35a57bbe8811b59ccf2c37a2bfec25ced6170ee3f51615da6f64f83,stage2b_seed_225_base_1_regime_speech_disabled,1,3,high_confidence_shadow,3,225,1,2,final_test,high_confidence_shadow,0.3333333333333333,1,2,,3,0,3,0,3,1,1,village,1,1,3,0,0
0.0,0.007362635912171234,1,herding_enabled,0,1,stage2b_seed_225_base_1_regime_herding_enabled_policy_existing_rule,0,1,1,3636ee12b35a57bbe8811b59ccf2c37a2bfec25ced6170ee3f51615da6f64f83,stage2b_seed_225_base_1_regime_herding_enabled,1,3,existing_rule,3,225,1,2,final_test,existing_rule,0.3333333333333333,1,2,3,3,0,3,0,0,0,2,wolf,1,1,3,2,1
0.0,0.007362635912171234,1,herding_enabled,0,1,stage2b_seed_225_base_1_regime_herding_enabled_policy_ml_first_kill_only,0,1,1,3636ee12b35a57bbe8811b59ccf2c37a2bfec25ced6170ee3f51615da6f64f83,stage2b_seed_225_base_1_regime_herding_enabled,1,3,ml_first_kill_only,3,225,1,2,final_test,ml_first_kill_only,0.3333333333333333,1,2,3,3,1,3,0,0,0,2,wolf,1,1,3,2,1
0.0,0.01884018302038143,1,herding_enabled,0,1,stage2b_seed_225_base_1_regime_herding_enabled_policy_ml_single_random_kill,1,1,1,3636ee12b35a57bbe8811b59ccf2c37a2bfec25ced6170ee3f51615da6f64f83,stage2b_seed_225_base_1_regime_herding_enabled,0,4,ml_single_random_kill,4,225,1,2,final_test,ml_single_random_kill,0.75,3,3,,4,1,4,0,0,1,1,village,0,1,4,0,0
0.0,0.01884018302038143,1,herding_enabled,0,1,stage2b_seed_225_base_1_regime_herding_enabled_policy_ml_first_two_kills,1,1,1,3636ee12b35a57bbe8811b59ccf2c37a2bfec25ced6170ee3f51615da6f64f83,stage2b_seed_225_base_1_regime_herding_enabled,0,4,ml_first_two_kills,4,225,1,2,final_test,ml_first_two_kills,0.75,3,3,,4,2,4,0,0,1,1,village,0,1,4,0,0
0.0,0.013773776459065468,1,herding_enabled,0,1,stage2b_seed_225_base_1_regime_herding_enabled_policy_continuous_frozen_ml,1,1,1,3636ee12b35a57bbe8811b59ccf2c37a2bfec25ced6170ee3f51615da6f64f83,stage2b_seed_225_base_1_regime_herding_enabled,0,4,continuous_frozen_ml,4,225,0,1,final_test,continuous_frozen_ml,0.75,3,3,,4,4,4,0,0,1,1,village,0,1,4,0,0
0.0,0.007362635912171234,1,herding_enabled,0,1,stage2b_seed_225_base_1_regime_herding_enabled_policy_existing_with_ml_shadow,0,1,1,3636ee12b35a57bbe8811b59ccf2c37a2bfec25ced6170ee3f51615da6f64f83,stage2b_seed_225_base_1_regime_herding_enabled,1,3,existing_with_ml_shadow,3,225,1,2,final_test,existing_with_ml_shadow,0.3333333333333333,1,2,3,3,0,3,0,3,0,2,wolf,1,1,3,2,1
0.04495283911267034,0.007362635912171234,1,herding_enabled,0,1,stage2b_seed_225_base_1_regime_herding_enabled_policy_selective_ml_override,0,1,1,3636ee12b35a57bbe8811b59ccf2c37a2bfec25ced6170ee3f51615da6f64f83,stage2b_seed_225_base_1_regime_herding_enabled,1,3,selective_ml_override,3,225,1,2,final_test,selective_ml_override,0.3333333333333333,1,2,3,3,1,3,1,0,0,2,wolf,1,1,3,2,1
0.04495283911267034,0.007362635912171234,1,herding_enabled,0,1,stage2b_seed_225_base_1_regime_herding_enabled_policy_high_confidence_shadow,0,1,1,3636ee12b35a57bbe8811b59ccf2c37a2bfec25ced6170ee3f51615da6f64f83,stage2b_seed_225_base_1_regime_herding_enabled,1,3,high_confidence_shadow,3,225,1,2,final_test,high_confidence_shadow,0.3333333333333333,1,2,3,3,0,3,1,3,0,2,wolf,1,1,3,2,1
0.0,0.012295459842013245,1,deception_enabled,0,,stage2b_seed_225_base_1_regime_deception_enabled_policy_existing_rule,0,1,1,3636ee12b35a57bbe8811b59ccf2c37a2bfec25ced6170ee3f51615da6f64f83,stage2b_seed_225_base_1_regime_deception_enabled,0,2,existing_rule,2,225,1,1,final_test,existing_rule,0.5,1,1,2,2,0,2,0,0,0,1,wolf,0,1,2,3,1
0.0,0.012295459842013245,1,deception_enabled,0,,stage2b_seed_225_base_1_regime_deception_enabled_policy_ml_first_kill_only,0,1,0,3636ee12b35a57bbe8811b59ccf2c37a2bfec25ced6170ee3f51615da6f64f83,stage2b_seed_225_base_1_regime_deception_enabled,1,2,ml_first_kill_only,2,225,1,1,final_test,ml_first_kill_only,0.5,1,1,2,2,1,2,0,0,0,1,wolf,0,1,2,3,1
0.0,0.012295459842013245,1,deception_enabled,0,,stage2b_seed_225_base_1_regime_deception_enabled_policy_ml_single_random_kill,0,1,0,3636ee12b35a57bbe8811b59ccf2c37a2bfec25ced6170ee3f51615da6f64f83,stage2b_seed_225_base_1_regime_deception_enabled,1,2,ml_single_random_kill,2,225,1,1,final_test,ml_single_random_kill,0.5,1,1,2,2,1,2,0,0,0,1,wolf,0,1,2,3,1
0.0,0.012295459842013245,1,deception_enabled,0,,stage2b_seed_225_base_1_regime_deception_enabled_policy_ml_first_two_kills,0,1,0,3636ee12b35a57bbe8811b59ccf2c37a2bfec25ced6170ee3f51615da6f64f83,stage2b_seed_225_base_1_regime_deception_enabled,1,2,ml_first_two_kills,2,225,0,0,final_test,ml_first_two_kills,0.5,1,1,2,2,2,2,0,0,0,1,wolf,0,1,2,3,1
0.0,0.012295459842013245,1,deception_enabled,0,,stage2b_seed_225_base_1_regime_deception_enabled_policy_continuous_frozen_ml,0,1,0,3636ee12b35a57bbe8811b59ccf2c37a2bfec25ced6170ee3f51615da6f64f83,stage2b_seed_225_base_1_regime_deception_enabled,1,2,continuous_frozen_ml,2,225,0,0,final_test,continuous_frozen_ml,0.5,1,1,2,2,2,2,0,0,0,1,wolf,0,1,2,3,1
0.0,0.012295459842013245,1,deception_enabled,0,,stage2b_seed_225_base_1_regime_deception_enabled_policy_existing_with_ml_shadow,0,1,1,3636ee12b35a57bbe8811b59ccf2c37a2bfec25ced6170ee3f51615da6f64f83,stage2b_seed_225_base_1_regime_deception_enabled,0,2,existing_with_ml_shadow,2,225,1,1,final_test,existing_with_ml_shadow,0.5,1,1,2,2,0,2,0,2,0,1,wolf,0,1,2,3,1
0.017656471431418186,0.012295459842013245,1,deception_enabled,0,,stage2b_seed_225_base_1_regime_deception_enabled_policy_selective_ml_override,0,1,1,3636ee12b35a57bbe8811b59ccf2c37a2bfec25ced6170ee3f51615da6f64f83,stage2b_seed_225_base_1_regime_deception_enabled,0,2,selective_ml_override,2,225,1,1,final_test,selective_ml_override,0.5,1,1,2,2,0,2,0,0,0,1,wolf,0,1,2,3,1
0.017656471431418186,0.012295459842013245,1,deception_enabled,0,,stage2b_seed_225_base_1_regime_deception_enabled_policy_high_confidence_shadow,0,1,1,3636ee12b35a57bbe8811b59ccf2c37a2bfec25ced6170ee3f51615da6f64f83,stage2b_seed_225_base_1_regime_deception_enabled,0,2,high_confidence_shadow,2,225,1,1,final_test,high_confidence_shadow,0.5,1,1,2,2,0,2,0,2,0,1,wolf,0,1,2,3,1
0.0,0.012865576716572624,1,heterogeneous_risk_preference,0,1,stage2b_seed_225_base_1_regime_heterogeneous_risk_preference_policy_existing_rule,0,1,1,3636ee12b35a57bbe8811b59ccf2c37a2bfec25ced6170ee3f51615da6f64f83,stage2b_seed_225_base_1_regime_heterogeneous_risk_preference,1,3,existing_rule,3,225,1,2,final_test,existing_rule,0.3333333333333333,1,2,,2,0,3,0,0,1,1,village,1,1,3,0,0
0.0,0.004762245866384546,1,heterogeneous_risk_preference,0,2,stage2b_seed_225_base_1_regime_heterogeneous_risk_preference_policy_ml_first_kill_only,0,1,1,3636ee12b35a57bbe8811b59ccf2c37a2bfec25ced6170ee3f51615da6f64f83,stage2b_seed_225_base_1_regime_heterogeneous_risk_preference,1,4,ml_first_kill_only,4,225,1,2,final_test,ml_first_kill_only,0.5,2,3,,3,1,4,0,0,1,1,village,1,1,4,0,0
0.0,0.012865576716572624,1,heterogeneous_risk_preference,0,1,stage2b_seed_225_base_1_regime_heterogeneous_risk_preference_policy_ml_single_random_kill,0,1,1,3636ee12b35a57bbe8811b59ccf2c37a2bfec25ced6170ee3f51615da6f64f83,stage2b_seed_225_base_1_regime_heterogeneous_risk_preference,1,3,ml_single_random_kill,3,225,1,2,final_test,ml_single_random_kill,0.3333333333333333,1,2,,2,1,3,0,0,1,1,village,1,1,3,0,0
0.0,0.004762245866384546,1,heterogeneous_risk_preference,0,2,stage2b_seed_225_base_1_regime_heterogeneous_risk_preference_policy_ml_first_two_kills,0,1,1,3636ee12b35a57bbe8811b59ccf2c37a2bfec25ced6170ee3f51615da6f64f83,stage2b_seed_225_base_1_regime_heterogeneous_risk_preference,0,4,ml_first_two_kills,4,225,1,2,final_test,ml_first_two_kills,0.75,3,3,,3,2,4,0,0,1,1,village,1,1,4,0,0
0.0,0.005140632836379638,1,heterogeneous_risk_preference,0,2,stage2b_seed_225_base_1_regime_heterogeneous_risk_preference_policy_continuous_frozen_ml,0,1,1,3636ee12b35a57bbe8811b59ccf2c37a2bfec25ced6170ee3f51615da6f64f83,stage2b_seed_225_base_1_regime_heterogeneous_risk_preference,0,4,continuous_frozen_ml,4,225,0,1,final_test,continuous_frozen_ml,0.75,3,3,,4,4,4,0,0,1,1,village,1,1,4,0,0
0.0,0.012865576716572624,1,heterogeneous_risk_preference,0,1,stage2b_seed_225_base_1_regime_heterogeneous_risk_preference_policy_existing_with_ml_shadow,0,1,1,3636ee12b35a57bbe8811b59ccf2c37a2bfec25ced6170ee3f51615da6f64f83,stage2b_seed_225_base_1_regime_heterogeneous_risk_preference,1,3,existing_with_ml_shadow,3,225,1,2,final_test,existing_with_ml_shadow,0.3333333333333333,1,2,,2,0,3,0,3,1,1,village,1,1,3,0,0
0.02340833453624132,0.012865576716572624,1,heterogeneous_risk_preference,0,1,stage2b_seed_225_base_1_regime_heterogeneous_risk_preference_policy_selective_ml_override,0,1,1,3636ee12b35a57bbe8811b59ccf2c37a2bfec25ced6170ee3f51615da6f64f83,stage2b_seed_225_base_1_regime_heterogeneous_risk_preference,1,3,selective_ml_override,3,225,1,2,final_test,selective_ml_override,0.3333333333333333,1,2,,2,0,3,0,0,1,1,village,1,1,3,0,0
0.02340833453624132,0.012865576716572624,1,heterogeneous_risk_preference,0,1,stage2b_seed_225_base_1_regime_heterogeneous_risk_preference_policy_high_confidence_shadow,0,1,1,3636ee12b35a57bbe8811b59ccf2c37a2bfec25ced6170ee3f51615da6f64f83,stage2b_seed_225_base_1_regime_heterogeneous_risk_preference,1,3,high_confidence_shadow,3,225,1,2,final_test,high_confidence_shadow,0.3333333333333333,1,2,,2,0,3,0,3,1,1,village,1,1,3,0,0
0.0,0.006480702618559449,1,strong_village_information,0,1,stage2b_seed_225_base_1_regime_strong_village_information_policy_existing_rule,0,0,0,3636ee12b35a57bbe8811b59ccf2c37a2bfec25ced6170ee3f51615da6f64f83,stage2b_seed_225_base_1_regime_strong_village_information,1,3,existing_rule,3,225,1,2,final_test,existing_rule,0.6666666666666666,2,2,,3,0,3,0,0,1,1,village,1,1,3,0,0
0.0,0.006480702618559449,1,strong_village_information,0,1,stage2b_seed_225_base_1_regime_strong_village_information_policy_ml_first_kill_only,0,0,0,3636ee12b35a57bbe8811b59ccf2c37a2bfec25ced6170ee3f51615da6f64f83,stage2b_seed_225_base_1_regime_strong_village_information,1,3,ml_first_kill_only,3,225,1,2,final_test,ml_first_kill_only,0.6666666666666666,2,2,,3,1,3,0,0,1,1,village,1,1,3,0,0
0.0,0.007976898813584654,1,strong_village_information,0,1,stage2b_seed_225_base_1_regime_strong_village_information_policy_ml_single_random_kill,0,0,0,3636ee12b35a57bbe8811b59ccf2c37a2bfec25ced6170ee3f51615da6f64f83,stage2b_seed_225_base_1_regime_strong_village_information,1,2,ml_single_random_kill,2,225,0,0,final_test,ml_single_random_kill,0.5,1,1,,2,1,2,0,0,1,0,village,0,1,2,0,0
0.0,0.007976898813584654,1,strong_village_information,0,1,stage2b_seed_225_base_1_regime_strong_village_information_policy_ml_first_two_kills,0,0,0,3636ee12b35a57bbe8811b59ccf2c37a2bfec25ced6170ee3f51615da6f64f83,stage2b_seed_225_base_1_regime_strong_village_information,1,2,ml_first_two_kills,2,225,0,0,final_test,ml_first_two_kills,0.5,1,1,,2,2,2,0,0,1,0,village,0,1,2,0,0
0.0,0.007976898813584654,1,strong_village_information,0,1,stage2b_seed_225_base_1_regime_strong_village_information_policy_continuous_frozen_ml,0,0,0,3636ee12b35a57bbe8811b59ccf2c37a2bfec25ced6170ee3f51615da6f64f83,stage2b_seed_225_base_1_regime_strong_village_information,1,2,continuous_frozen_ml,2,225,0,0,final_test,continuous_frozen_ml,0.5,1,1,,2,2,2,0,0,1,0,village,0,1,2,0,0
0.0,0.006480702618559449,1,strong_village_information,0,1,stage2b_seed_225_base_1_regime_strong_village_information_policy_existing_with_ml_shadow,0,0,0,3636ee12b35a57bbe8811b59ccf2c37a2bfec25ced6170ee3f51615da6f64f83,stage2b_seed_225_base_1_regime_strong_village_information,1,3,existing_with_ml_shadow,3,225,1,2,final_test,existing_with_ml_shadow,0.6666666666666666,2,2,,3,0,3,0,3,1,1,village,1,1,3,0,0
0.025488210388109223,0.006480702618559449,1,strong_village_information,0,1,stage2b_seed_225_base_1_regime_strong_village_information_policy_selective_ml_override,0,0,0,3636ee12b35a57bbe8811b59ccf2c37a2bfec25ced6170ee3f51615da6f64f83,stage2b_seed_225_base_1_regime_strong_village_information,1,3,selective_ml_override,3,225,1,2,final_test,selective_ml_override,0.6666666666666666,2,2,,3,0,3,0,0,1,1,village,1,1,3,0,0
0.025488210388109223,0.006480702618559449,1,strong_village_information,0,1,stage2b_seed_225_base_1_regime_strong_village_information_policy_high_confidence_shadow,0,0,0,3636ee12b35a57bbe8811b59ccf2c37a2bfec25ced6170ee3f51615da6f64f83,stage2b_seed_225_base_1_regime_strong_village_information,1,3,high_confidence_shadow,3,225,1,2,final_test,high_confidence_shadow,0.6666666666666666,2,2,,3,0,3,0,3,1,1,village,1,1,3,0,0
0.0,0.0035240336220245063,1,weak_village_information,0,1,stage2b_seed_225_base_1_regime_weak_village_information_policy_existing_rule,0,1,1,3636ee12b35a57bbe8811b59ccf2c37a2bfec25ced6170ee3f51615da6f64f83,stage2b_seed_225_base_1_regime_weak_village_information,0,3,existing_rule,3,225,1,2,final_test,existing_rule,0.6666666666666666,2,3,,1,0,3,0,0,1,2,village,1,0,3,0,0
0.0,0.004446446560610069,1,weak_village_information,0,1,stage2b_seed_225_base_1_regime_weak_village_information_policy_ml_first_kill_only,1,1,1,3636ee12b35a57bbe8811b59ccf2c37a2bfec25ced6170ee3f51615da6f64f83,stage2b_seed_225_base_1_regime_weak_village_information,0,3,ml_first_kill_only,3,225,1,2,final_test,ml_first_kill_only,0.6666666666666666,2,2,3,3,1,3,0,0,0,3,wolf,0,1,3,2,1
0.0,0.0035240336220245063,1,weak_village_information,0,1,stage2b_seed_225_base_1_regime_weak_village_information_policy_ml_single_random_kill,0,1,1,3636ee12b35a57bbe8811b59ccf2c37a2bfec25ced6170ee3f51615da6f64f83,stage2b_seed_225_base_1_regime_weak_village_information,0,3,ml_single_random_kill,3,225,1,2,final_test,ml_single_random_kill,0.6666666666666666,2,3,,1,1,3,0,0,1,2,village,1,0,3,0,0
0.0,0.004446446560610069,1,weak_village_information,0,1,stage2b_seed_225_base_1_regime_weak_village_information_policy_ml_first_two_kills,1,1,1,3636ee12b35a57bbe8811b59ccf2c37a2bfec25ced6170ee3f51615da6f64f83,stage2b_seed_225_base_1_regime_weak_village_information,0,3,ml_first_two_kills,3,225,1,2,final_test,ml_first_two_kills,0.6666666666666666,2,2,3,3,2,3,0,0,0,3,wolf,0,1,3,2,1
0.0,0.004446446560610069,1,weak_village_information,0,1,stage2b_seed_225_base_1_regime_weak_village_information_policy_continuous_frozen_ml,1,1,1,3636ee12b35a57bbe8811b59ccf2c37a2bfec25ced6170ee3f51615da6f64f83,stage2b_seed_225_base_1_regime_weak_village_information,0,3,continuous_frozen_ml,3,225,0,1,final_test,continuous_frozen_ml,0.6666666666666666,2,2,3,3,3,3,0,0,0,3,wolf,0,1,3,2,1
0.0,0.0035240336220245063,1,weak_village_information,0,1,stage2b_seed_225_base_1_regime_weak_village_information_policy_existing_with_ml_shadow,0,1,1,3636ee12b35a57bbe8811b59ccf2c37a2bfec25ced6170ee3f51615da6f64f83,stage2b_seed_225_base_1_regime_weak_village_information,0,3,existing_with_ml_shadow,3,225,1,2,final_test,existing_with_ml_shadow,0.6666666666666666,2,3,,1,0,3,0,3,1,2,village,1,0,3,0,0
0.010720566535978934,0.0035240336220245063,1,weak_village_information,0,1,stage2b_seed_225_base_1_regime_weak_village_information_policy_selective_ml_override,0,1,1,3636ee12b35a57bbe8811b59ccf2c37a2bfec25ced6170ee3f51615da6f64f83,stage2b_seed_225_base_1_regime_weak_village_information,0,3,selective_ml_override,3,225,1,2,final_test,selective_ml_override,0.6666666666666666,2,3,,1,0,3,0,0,1,2,village,1,0,3,0,0
0.010720566535978934,0.0035240336220245063,1,weak_village_information,0,1,stage2b_seed_225_base_1_regime_weak_village_information_policy_high_confidence_shadow,0,1,1,3636ee12b35a57bbe8811b59ccf2c37a2bfec25ced6170ee3f51615da6f64f83,stage2b_seed_225_base_1_regime_weak_village_information,0,3,high_confidence_shadow,3,225,1,2,final_test,high_confidence_shadow,0.6666666666666666,2,3,,1,0,3,0,3,1,2,village,1,0,3,0,0
0.0,0.004656774098306411,1,mixed_seer_strategy,0,2,stage2b_seed_225_base_1_regime_mixed_seer_strategy_policy_existing_rule,0,0,1,3636ee12b35a57bbe8811b59ccf2c37a2bfec25ced6170ee3f51615da6f64f83,stage2b_seed_225_base_1_regime_mixed_seer_strategy,0,3,existing_rule,3,225,1,2,final_test,existing_rule,0.6666666666666666,2,2,,3,0,3,0,0,1,1,village,1,1,3,0,0
0.0,0.004656774098306411,1,mixed_seer_strategy,0,2,stage2b_seed_225_base_1_regime_mixed_seer_strategy_policy_ml_first_kill_only,0,0,1,3636ee12b35a57bbe8811b59ccf2c37a2bfec25ced6170ee3f51615da6f64f83,stage2b_seed_225_base_1_regime_mixed_seer_strategy,0,3,ml_first_kill_only,3,225,1,2,final_test,ml_first_kill_only,0.6666666666666666,2,2,,3,1,3,0,0,1,1,village,1,1,3,0,0
0.0,0.008665386863700886,1,mixed_seer_strategy,0,2,stage2b_seed_225_base_1_regime_mixed_seer_strategy_policy_ml_single_random_kill,1,1,1,3636ee12b35a57bbe8811b59ccf2c37a2bfec25ced6170ee3f51615da6f64f83,stage2b_seed_225_base_1_regime_mixed_seer_strategy,0,4,ml_single_random_kill,4,225,1,3,final_test,ml_single_random_kill,0.75,3,3,,4,1,4,0,0,1,1,village,1,1,4,0,0
0.0,0.008665386863700886,1,mixed_seer_strategy,0,2,stage2b_seed_225_base_1_regime_mixed_seer_strategy_policy_ml_first_two_kills,1,1,1,3636ee12b35a57bbe8811b59ccf2c37a2bfec25ced6170ee3f51615da6f64f83,stage2b_seed_225_base_1_regime_mixed_seer_strategy,0,4,ml_first_two_kills,4,225,1,3,final_test,ml_first_two_kills,0.75,3,3,,4,2,4,0,0,1,1,village,1,1,4,0,0
0.0,0.009448338291566188,1,mixed_seer_strategy,0,2,stage2b_seed_225_base_1_regime_mixed_seer_strategy_policy_continuous_frozen_ml,1,1,1,3636ee12b35a57bbe8811b59ccf2c37a2bfec25ced6170ee3f51615da6f64f83,stage2b_seed_225_base_1_regime_mixed_seer_strategy,0,4,continuous_frozen_ml,4,225,0,2,final_test,continuous_frozen_ml,0.75,3,3,,4,4,4,0,0,1,2,village,1,1,4,0,0
0.0,0.004656774098306411,1,mixed_seer_strategy,0,2,stage2b_seed_225_base_1_regime_mixed_seer_strategy_policy_existing_with_ml_shadow,0,0,1,3636ee12b35a57bbe8811b59ccf2c37a2bfec25ced6170ee3f51615da6f64f83,stage2b_seed_225_base_1_regime_mixed_seer_strategy,0,3,existing_with_ml_shadow,3,225,1,2,final_test,existing_with_ml_shadow,0.6666666666666666,2,2,,3,0,3,0,3,1,1,village,1,1,3,0,0
0.02010279024680865,0.004656774098306411,1,mixed_seer_strategy,0,2,stage2b_seed_225_base_1_regime_mixed_seer_strategy_policy_selective_ml_override,0,0,1,3636ee12b35a57bbe8811b59ccf2c37a2bfec25ced6170ee3f51615da6f64f83,stage2b_seed_225_base_1_regime_mixed_seer_strategy,0,3,selective_ml_override,3,225,1,2,final_test,selective_ml_override,0.6666666666666666,2,2,,3,0,3,0,0,1,1,village,1,1,3,0,0
0.02010279024680865,0.004656774098306411,1,mixed_seer_strategy,0,2,stage2b_seed_225_base_1_regime_mixed_seer_strategy_policy_high_confidence_shadow,0,0,1,3636ee12b35a57bbe8811b59ccf2c37a2bfec25ced6170ee3f51615da6f64f83,stage2b_seed_225_base_1_regime_mixed_seer_strategy,0,3,high_confidence_shadow,3,225,1,2,final_test,high_confidence_shadow,0.6666666666666666,2,2,,3,0,3,0,3,1,1,village,1,1,3,0,0
0.0,0.0033744048793943326,1,mixed_voting_strategy,0,,stage2b_seed_225_base_1_regime_mixed_voting_strategy_policy_existing_rule,0,1,1,3636ee12b35a57bbe8811b59ccf2c37a2bfec25ced6170ee3f51615da6f64f83,stage2b_seed_225_base_1_regime_mixed_voting_strategy,0,2,existing_rule,2,225,0,1,final_test,existing_rule,0.5,1,1,2,2,0,2,0,0,0,2,wolf,1,1,2,3,1
0.0,0.0033744048793943326,1,mixed_voting_strategy,0,,stage2b_seed_225_base_1_regime_mixed_voting_strategy_policy_ml_first_kill_only,0,1,1,3636ee12b35a57bbe8811b59ccf2c37a2bfec25ced6170ee3f51615da6f64f83,stage2b_seed_225_base_1_regime_mixed_voting_strategy,0,2,ml_first_kill_only,2,225,0,1,final_test,ml_first_kill_only,0.5,1,1,2,2,1,2,0,0,0,2,wolf,1,1,2,3,1
0.0,0.0033744048793943326,1,mixed_voting_strategy,0,,stage2b_seed_225_base_1_regime_mixed_voting_strategy_policy_ml_single_random_kill,0,1,1,3636ee12b35a57bbe8811b59ccf2c37a2bfec25ced6170ee3f51615da6f64f83,stage2b_seed_225_base_1_regime_mixed_voting_strategy,0,2,ml_single_random_kill,2,225,0,1,final_test,ml_single_random_kill,0.5,1,1,2,2,1,2,0,0,0,2,wolf,1,1,2,3,1
0.0,0.0033744048793943326,1,mixed_voting_strategy,0,,stage2b_seed_225_base_1_regime_mixed_voting_strategy_policy_ml_first_two_kills,0,1,1,3636ee12b35a57bbe8811b59ccf2c37a2bfec25ced6170ee3f51615da6f64f83,stage2b_seed_225_base_1_regime_mixed_voting_strategy,0,2,ml_first_two_kills,2,225,0,0,final_test,ml_first_two_kills,0.5,1,1,2,2,2,2,0,0,0,1,wolf,0,1,2,3,1
0.0,0.0033744048793943326,1,mixed_voting_strategy,0,,stage2b_seed_225_base_1_regime_mixed_voting_strategy_policy_continuous_frozen_ml,0,1,1,3636ee12b35a57bbe8811b59ccf2c37a2bfec25ced6170ee3f51615da6f64f83,stage2b_seed_225_base_1_regime_mixed_voting_strategy,0,2,continuous_frozen_ml,2,225,0,0,final_test,continuous_frozen_ml,0.5,1,1,2,2,2,2,0,0,0,1,wolf,0,1,2,3,1
0.0,0.0033744048793943326,1,mixed_voting_strategy,0,,stage2b_seed_225_base_1_regime_mixed_voting_strategy_policy_existing_with_ml_shadow,0,1,1,3636ee12b35a57bbe8811b59ccf2c37a2bfec25ced6170ee3f51615da6f64f83,stage2b_seed_225_base_1_regime_mixed_voting_strategy,0,2,existing_with_ml_shadow,2,225,0,1,final_test,existing_with_ml_shadow,0.5,1,1,2,2,0,2,0,2,0,2,wolf,1,1,2,3,1
0.00354271147364299,0.0033744048793943326,1,mixed_voting_strategy,0,,stage2b_seed_225_base_1_regime_mixed_voting_strategy_policy_selective_ml_override,0,1,1,3636ee12b35a57bbe8811b59ccf2c37a2bfec25ced6170ee3f51615da6f64f83,stage2b_seed_225_base_1_regime_mixed_voting_strategy,0,2,selective_ml_override,2,225,0,1,final_test,selective_ml_override,0.5,1,1,2,2,0,2,0,0,0,2,wolf,1,1,2,3,1
0.00354271147364299,0.0033744048793943326,1,mixed_voting_strategy,0,,stage2b_seed_225_base_1_regime_mixed_voting_strategy_policy_high_confidence_shadow,0,1,1,3636ee12b35a57bbe8811b59ccf2c37a2bfec25ced6170ee3f51615da6f64f83,stage2b_seed_225_base_1_regime_mixed_voting_strategy,0,2,high_confidence_shadow,2,225,0,1,final_test,high_confidence_shadow,0.5,1,1,2,2,0,2,0,2,0,2,wolf,1,1,2,3,1
0.0,0.005553641936581736,1,mixed_wolf_deception_strategy,0,,stage2b_seed_225_base_1_regime_mixed_wolf_deception_strategy_policy_existing_rule,1,0,1,3636ee12b35a57bbe8811b59ccf2c37a2bfec25ced6170ee3f51615da6f64f83,stage2b_seed_225_base_1_regime_mixed_wolf_deception_strategy,0,3,existing_rule,3,225,1,2,final_test,existing_rule,0.6666666666666666,2,2,3,3,0,3,0,0,0,2,wolf,0,1,3,3,1
0.0,0.005553641936581736,1,mixed_wolf_deception_strategy,0,,stage2b_seed_225_base_1_regime_mixed_wolf_deception_strategy_policy_ml_first_kill_only,1,0,0,3636ee12b35a57bbe8811b59ccf2c37a2bfec25ced6170ee3f51615da6f64f83,stage2b_seed_225_base_1_regime_mixed_wolf_deception_strategy,1,3,ml_first_kill_only,3,225,1,2,final_test,ml_first_kill_only,0.6666666666666666,2,2,3,3,1,3,0,0,0,2,wolf,0,1,3,3,1
0.0,0.005553641936581736,1,mixed_wolf_deception_strategy,0,,stage2b_seed_225_base_1_regime_mixed_wolf_deception_strategy_policy_ml_single_random_kill,0,0,1,3636ee12b35a57bbe8811b59ccf2c37a2bfec25ced6170ee3f51615da6f64f83,stage2b_seed_225_base_1_regime_mixed_wolf_deception_strategy,0,3,ml_single_random_kill,3,225,1,1,final_test,ml_single_random_kill,0.6666666666666666,2,2,3,3,1,3,0,0,0,2,wolf,0,1,3,3,1
0.0,0.005068691658546287,1,mixed_wolf_deception_strategy,0,,stage2b_seed_225_base_1_regime_mixed_wolf_deception_strategy_policy_ml_first_two_kills,0,0,0,3636ee12b35a57bbe8811b59ccf2c37a2bfec25ced6170ee3f51615da6f64f83,stage2b_seed_225_base_1_regime_mixed_wolf_deception_strategy,1,2,ml_first_two_kills,2,225,0,0,final_test,ml_first_two_kills,0.5,1,1,2,2,2,2,0,0,0,2,wolf,0,1,2,3,1
0.0,0.005068691658546287,1,mixed_wolf_deception_strategy,0,,stage2b_seed_225_base_1_regime_mixed_wolf_deception_strategy_policy_continuous_frozen_ml,0,0,0,3636ee12b35a57bbe8811b59ccf2c37a2bfec25ced6170ee3f51615da6f64f83,stage2b_seed_225_base_1_regime_mixed_wolf_deception_strategy,1,2,continuous_frozen_ml,2,225,0,0,final_test,continuous_frozen_ml,0.5,1,1,2,2,2,2,0,0,0,2,wolf,0,1,2,3,1
0.0,0.005553641936581736,1,mixed_wolf_deception_strategy,0,,stage2b_seed_225_base_1_regime_mixed_wolf_deception_strategy_policy_existing_with_ml_shadow,1,0,1,3636ee12b35a57bbe8811b59ccf2c37a2bfec25ced6170ee3f51615da6f64f83,stage2b_seed_225_base_1_regime_mixed_wolf_deception_strategy,0,3,existing_with_ml_shadow,3,225,1,2,final_test,existing_with_ml_shadow,0.6666666666666666,2,2,3,3,0,3,0,3,0,2,wolf,0,1,3,3,1
0.022177415002481937,0.005553641936581736,1,mixed_wolf_deception_strategy,0,,stage2b_seed_225_base_1_regime_mixed_wolf_deception_strategy_policy_selective_ml_override,1,0,1,3636ee12b35a57bbe8811b59ccf2c37a2bfec25ced6170ee3f51615da6f64f83,stage2b_seed_225_base_1_regime_mixed_wolf_deception_strategy,0,3,selective_ml_override,3,225,1,2,final_test,selective_ml_override,0.6666666666666666,2,2,3,3,0,3,0,0,0,2,wolf,0,1,3,3,1
0.022177415002481937,0.005553641936581736,1,mixed_wolf_deception_strategy,0,,stage2b_seed_225_base_1_regime_mixed_wolf_deception_strategy_policy_high_confidence_shadow,1,0,1,3636ee12b35a57bbe8811b59ccf2c37a2bfec25ced6170ee3f51615da6f64f83,stage2b_seed_225_base_1_regime_mixed_wolf_deception_strategy,0,3,high_confidence_shadow,3,225,1,2,final_test,high_confidence_shadow,0.6666666666666666,2,2,3,3,0,3,0,3,0,2,wolf,0,1,3,3,1
0.0,0.012724023980707183,1,baseline_speech_enabled,0,1,stage2b_seed_226_base_1_regime_baseline_speech_enabled_policy_existing_rule,1,1,1,3636ee12b35a57bbe8811b59ccf2c37a2bfec25ced6170ee3f51615da6f64f83,stage2b_seed_226_base_1_regime_baseline_speech_enabled,0,4,existing_rule,4,226,1,3,final_test,existing_rule,0.75,3,3,,4,0,4,0,0,1,1,village,1,1,4,0,0
0.0,0.012587093057906803,1,baseline_speech_enabled,0,1,stage2b_seed_226_base_1_regime_baseline_speech_enabled_policy_ml_first_kill_only,0,0,0,3636ee12b35a57bbe8811b59ccf2c37a2bfec25ced6170ee3f51615da6f64f83,stage2b_seed_226_base_1_regime_baseline_speech_enabled,2,3,ml_first_kill_only,3,226,1,1,final_test,ml_first_kill_only,0.3333333333333333,1,2,,1,1,3,0,0,1,0,village,0,1,3,0,0
0.0,0.01083086510871481,1,baseline_speech_enabled,0,1,stage2b_seed_226_base_1_regime_baseline_speech_enabled_policy_ml_single_random_kill,0,0,1,3636ee12b35a57bbe8811b59ccf2c37a2bfec25ced6170ee3f51615da6f64f83,stage2b_seed_226_base_1_regime_baseline_speech_enabled,0,4,ml_single_random_kill,4,226,1,2,final_test,ml_single_random_kill,0.75,3,3,,4,1,4,0,0,1,1,village,1,1,4,0,0
0.0,0.012587093057906803,1,baseline_speech_enabled,0,1,stage2b_seed_226_base_1_regime_baseline_speech_enabled_policy_ml_first_two_kills,0,0,0,3636ee12b35a57bbe8811b59ccf2c37a2bfec25ced6170ee3f51615da6f64f83,stage2b_seed_226_base_1_regime_baseline_speech_enabled,2,3,ml_first_two_kills,3,226,1,1,final_test,ml_first_two_kills,0.3333333333333333,1,2,,1,2,3,0,0,1,0,village,0,1,3,0,0
0.0,0.012587093057906803,1,baseline_speech_enabled,0,1,stage2b_seed_226_base_1_regime_baseline_speech_enabled_policy_continuous_frozen_ml,0,0,0,3636ee12b35a57bbe8811b59ccf2c37a2bfec25ced6170ee3f51615da6f64f83,stage2b_seed_226_base_1_regime_baseline_speech_enabled,2,3,continuous_frozen_ml,3,226,1,1,final_test,continuous_frozen_ml,0.3333333333333333,1,2,,1,3,3,0,0,1,0,village,0,1,3,0,0
0.0,0.012724023980707183,1,baseline_speech_enabled,0,1,stage2b_seed_226_base_1_regime_baseline_speech_enabled_policy_existing_with_ml_shadow,1,1,1,3636ee12b35a57bbe8811b59ccf2c37a2bfec25ced6170ee3f51615da6f64f83,stage2b_seed_226_base_1_regime_baseline_speech_enabled,0,4,existing_with_ml_shadow,4,226,1,3,final_test,existing_with_ml_shadow,0.75,3,3,,4,0,4,0,4,1,1,village,1,1,4,0,0
0.025094665273327044,0.012724023980707183,1,baseline_speech_enabled,0,1,stage2b_seed_226_base_1_regime_baseline_speech_enabled_policy_selective_ml_override,1,1,1,3636ee12b35a57bbe8811b59ccf2c37a2bfec25ced6170ee3f51615da6f64f83,stage2b_seed_226_base_1_regime_baseline_speech_enabled,0,4,selective_ml_override,4,226,1,3,final_test,selective_ml_override,0.75,3,3,,4,0,4,0,0,1,1,village,1,1,4,0,0
0.025094665273327044,0.012724023980707183,1,baseline_speech_enabled,0,1,stage2b_seed_226_base_1_regime_baseline_speech_enabled_policy_high_confidence_shadow,1,1,1,3636ee12b35a57bbe8811b59ccf2c37a2bfec25ced6170ee3f51615da6f64f83,stage2b_seed_226_base_1_regime_baseline_speech_enabled,0,4,high_confidence_shadow,4,226,1,3,final_test,high_confidence_shadow,0.75,3,3,,4,0,4,0,4,1,1,village,1,1,4,0,0
0.0,0.008414256290906233,1,speech_disabled,0,2,stage2b_seed_226_base_1_regime_speech_disabled_policy_existing_rule,0,1,1,3636ee12b35a57bbe8811b59ccf2c37a2bfec25ced6170ee3f51615da6f64f83,stage2b_seed_226_base_1_regime_speech_disabled,0,3,existing_rule,3,226,1,2,final_test,existing_rule,0.6666666666666666,2,2,3,3,0,3,0,0,0,2,wolf,1,1,3,2,1
0.0,0.008414256290906233,1,speech_disabled,0,2,stage2b_seed_226_base_1_regime_speech_disabled_policy_ml_first_kill_only,0,1,1,3636ee12b35a57bbe8811b59ccf2c37a2bfec25ced6170ee3f51615da6f64f83,stage2b_seed_226_base_1_regime_speech_disabled,0,3,ml_first_kill_only,3,226,1,2,final_test,ml_first_kill_only,0.6666666666666666,2,2,3,3,1,3,0,0,0,2,wolf,1,1,3,2,1
0.0,0.006996587227732304,1,speech_disabled,0,2,stage2b_seed_226_base_1_regime_speech_disabled_policy_ml_single_random_kill,0,1,1,3636ee12b35a57bbe8811b59ccf2c37a2bfec25ced6170ee3f51615da6f64f83,stage2b_seed_226_base_1_regime_speech_disabled,1,4,ml_single_random_kill,4,226,1,2,final_test,ml_single_random_kill,0.5,2,3,4,4,1,4,0,0,0,2,wolf,1,1,4,1,1
0.0,0.006996587227732304,1,speech_disabled,0,2,stage2b_seed_226_base_1_regime_speech_disabled_policy_ml_first_two_kills,0,1,1,3636ee12b35a57bbe8811b59ccf2c37a2bfec25ced6170ee3f51615da6f64f83,stage2b_seed_226_base_1_regime_speech_disabled,1,4,ml_first_two_kills,4,226,1,2,final_test,ml_first_two_kills,0.5,2,3,4,4,2,4,0,0,0,2,wolf,1,1,4,1,1
0.0,0.01096361135316301,1,speech_disabled,0,2,stage2b_seed_226_base_1_regime_speech_disabled_policy_continuous_frozen_ml,0,1,1,3636ee12b35a57bbe8811b59ccf2c37a2bfec25ced6170ee3f51615da6f64f83,stage2b_seed_226_base_1_regime_speech_disabled,1,4,continuous_frozen_ml,4,226,0,0,final_test,continuous_frozen_ml,0.5,2,3,4,4,4,4,0,0,0,2,wolf,0,1,4,1,1
0.0,0.008414256290906233,1,speech_disabled,0,2,stage2b_seed_226_base_1_regime_speech_disabled_policy_existing_with_ml_shadow,0,1,1,3636ee12b35a57bbe8811b59ccf2c37a2bfec25ced6170ee3f51615da6f64f83,stage2b_seed_226_base_1_regime_speech_disabled,0,3,existing_with_ml_shadow,3,226,1,2,final_test,existing_with_ml_shadow,0.6666666666666666,2,2,3,3,0,3,0,3,0,2,wolf,1,1,3,2,1
0.008414256290906233,0.008414256290906233,1,speech_disabled,0,2,stage2b_seed_226_base_1_regime_speech_disabled_policy_selective_ml_override,0,1,1,3636ee12b35a57bbe8811b59ccf2c37a2bfec25ced6170ee3f51615da6f64f83,stage2b_seed_226_base_1_regime_speech_disabled,0,3,selective_ml_override,3,226,1,2,final_test,selective_ml_override,0.6666666666666666,2,2,3,3,0,3,0,0,0,2,wolf,1,1,3,2,1
0.008414256290906233,0.008414256290906233,1,speech_disabled,0,2,stage2b_seed_226_base_1_regime_speech_disabled_policy_high_confidence_shadow,0,1,1,3636ee12b35a57bbe8811b59ccf2c37a2bfec25ced6170ee3f51615da6f64f83,stage2b_seed_226_base_1_regime_speech_disabled,0,3,high_confidence_shadow,3,226,1,2,final_test,high_confidence_shadow,0.6666666666666666,2,2,3,3,0,3,0,3,0,2,wolf,1,1,3,2,1
0.0,0.006588104918205273,1,herding_enabled,0,1,stage2b_seed_226_base_1_regime_herding_enabled_policy_existing_rule,0,1,0,3636ee12b35a57bbe8811b59ccf2c37a2bfec25ced6170ee3f51615da6f64f83,stage2b_seed_226_base_1_regime_herding_enabled,2,4,existing_rule,4,226,1,2,final_test,existing_rule,0.5,2,3,4,4,0,4,0,0,0,2,wolf,1,1,4,1,1
0.0,0.006588104918205273,1,herding_enabled,0,1,stage2b_seed_226_base_1_regime_herding_enabled_policy_ml_first_kill_only,0,1,0,3636ee12b35a57bbe8811b59ccf2c37a2bfec25ced6170ee3f51615da6f64f83,stage2b_seed_226_base_1_regime_herding_enabled,2,4,ml_first_kill_only,4,226,1,2,final_test,ml_first_kill_only,0.5,2,3,4,4,1,4,0,0,0,2,wolf,1,1,4,1,1
0.0,0.006588104918205273,1,herding_enabled,0,1,stage2b_seed_226_base_1_regime_herding_enabled_policy_ml_single_random_kill,0,1,0,3636ee12b35a57bbe8811b59ccf2c37a2bfec25ced6170ee3f51615da6f64f83,stage2b_seed_226_base_1_regime_herding_enabled,2,4,ml_single_random_kill,4,226,1,2,final_test,ml_single_random_kill,0.5,2,3,4,4,1,4,0,0,0,2,wolf,1,1,4,1,1
0.0,0.006780225500697901,1,herding_enabled,0,1,stage2b_seed_226_base_1_regime_herding_enabled_policy_ml_first_two_kills,0,0,0,3636ee12b35a57bbe8811b59ccf2c37a2bfec25ced6170ee3f51615da6f64f83,stage2b_seed_226_base_1_regime_herding_enabled,1,3,ml_first_two_kills,3,226,1,1,final_test,ml_first_two_kills,0.6666666666666666,2,2,,3,2,3,0,0,1,0,village,0,1,3,0,0
0.0,0.006780225500697901,1,herding_enabled,0,1,stage2b_seed_226_base_1_regime_herding_enabled_policy_continuous_frozen_ml,0,0,0,3636ee12b35a57bbe8811b59ccf2c37a2bfec25ced6170ee3f51615da6f64f83,stage2b_seed_226_base_1_regime_herding_enabled,1,3,continuous_frozen_ml,3,226,0,0,final_test,continuous_frozen_ml,0.6666666666666666,2,2,,3,3,3,0,0,1,0,village,0,1,3,0,0
0.0,0.006588104918205273,1,herding_enabled,0,1,stage2b_seed_226_base_1_regime_herding_enabled_policy_existing_with_ml_shadow,0,1,0,3636ee12b35a57bbe8811b59ccf2c37a2bfec25ced6170ee3f51615da6f64f83,stage2b_seed_226_base_1_regime_herding_enabled,2,4,existing_with_ml_shadow,4,226,1,2,final_test,existing_with_ml_shadow,0.5,2,3,4,4,0,4,0,4,0,2,wolf,1,1,4,1,1
0.0275475086981726,0.006588104918205273,1,herding_enabled,0,1,stage2b_seed_226_base_1_regime_herding_enabled_policy_selective_ml_override,0,1,0,3636ee12b35a57bbe8811b59ccf2c37a2bfec25ced6170ee3f51615da6f64f83,stage2b_seed_226_base_1_regime_herding_enabled,2,4,selective_ml_override,4,226,1,2,final_test,selective_ml_override,0.5,2,3,4,4,0,4,0,0,0,2,wolf,1,1,4,1,1
0.0275475086981726,0.006588104918205273,1,herding_enabled,0,1,stage2b_seed_226_base_1_regime_herding_enabled_policy_high_confidence_shadow,0,1,0,3636ee12b35a57bbe8811b59ccf2c37a2bfec25ced6170ee3f51615da6f64f83,stage2b_seed_226_base_1_regime_herding_enabled,2,4,high_confidence_shadow,4,226,1,2,final_test,high_confidence_shadow,0.5,2,3,4,4,0,4,0,4,0,2,wolf,1,1,4,1,1
0.0,0.016885018017475512,1,deception_enabled,0,,stage2b_seed_226_base_1_regime_deception_enabled_policy_existing_rule,1,0,1,3636ee12b35a57bbe8811b59ccf2c37a2bfec25ced6170ee3f51615da6f64f83,stage2b_seed_226_base_1_regime_deception_enabled,0,3,existing_rule,3,226,1,2,final_test,existing_rule,0.6666666666666666,2,2,3,3,0,3,0,0,0,2,wolf,0,1,3,3,1
0.0,0.016885018017475512,1,deception_enabled,0,,stage2b_seed_226_base_1_regime_deception_enabled_policy_ml_first_kill_only,1,0,1,3636ee12b35a57bbe8811b59ccf2c37a2bfec25ced6170ee3f51615da6f64f83,stage2b_seed_226_base_1_regime_deception_enabled,0,3,ml_first_kill_only,3,226,1,2,final_test,ml_first_kill_only,0.6666666666666666,2,2,3,3,1,3,0,0,0,2,wolf,0,1,3,3,1
0.0,0.014351404781747235,1,deception_enabled,0,,stage2b_seed_226_base_1_regime_deception_enabled_policy_ml_single_random_kill,0,0,1,3636ee12b35a57bbe8811b59ccf2c37a2bfec25ced6170ee3f51615da6f64f83,stage2b_seed_226_base_1_regime_deception_enabled,0,3,ml_single_random_kill,3,226,1,1,final_test,ml_single_random_kill,0.6666666666666666,2,2,3,3,1,3,0,0,0,2,wolf,0,1,3,3,1
0.0,0.014351404781747235,1,deception_enabled,0,,stage2b_seed_226_base_1_regime_deception_enabled_policy_ml_first_two_kills,0,0,1,3636ee12b35a57bbe8811b59ccf2c37a2bfec25ced6170ee3f51615da6f64f83,stage2b_seed_226_base_1_regime_deception_enabled,0,3,ml_first_two_kills,3,226,1,1,final_test,ml_first_two_kills,0.6666666666666666,2,2,3,3,2,3,0,0,0,2,wolf,0,1,3,3,1
0.0,0.014351404781747235,1,deception_enabled,0,,stage2b_seed_226_base_1_regime_deception_enabled_policy_continuous_frozen_ml,0,0,1,3636ee12b35a57bbe8811b59ccf2c37a2bfec25ced6170ee3f51615da6f64f83,stage2b_seed_226_base_1_regime_deception_enabled,0,3,continuous_frozen_ml,3,226,0,0,final_test,continuous_frozen_ml,0.6666666666666666,2,2,3,3,3,3,0,0,0,2,wolf,0,1,3,3,1
0.0,0.016885018017475512,1,deception_enabled,0,,stage2b_seed_226_base_1_regime_deception_enabled_policy_existing_with_ml_shadow,1,0,1,3636ee12b35a57bbe8811b59ccf2c37a2bfec25ced6170ee3f51615da6f64f83,stage2b_seed_226_base_1_regime_deception_enabled,0,3,existing_with_ml_shadow,3,226,1,2,final_test,existing_with_ml_shadow,0.6666666666666666,2,2,3,3,0,3,0,3,0,2,wolf,0,1,3,3,1
0.060768469841095796,0.016885018017475512,1,deception_enabled,0,,stage2b_seed_226_base_1_regime_deception_enabled_policy_selective_ml_override,1,0,1,3636ee12b35a57bbe8811b59ccf2c37a2bfec25ced6170ee3f51615da6f64f83,stage2b_seed_226_base_1_regime_deception_enabled,0,3,selective_ml_override,3,226,1,2,final_test,selective_ml_override,0.6666666666666666,2,2,3,3,1,3,1,0,0,2,wolf,0,1,3,3,1
0.060768469841095796,0.016885018017475512,1,deception_enabled,0,,stage2b_seed_226_base_1_regime_deception_enabled_policy_high_confidence_shadow,1,0,1,3636ee12b35a57bbe8811b59ccf2c37a2bfec25ced6170ee3f51615da6f64f83,stage2b_seed_226_base_1_regime_deception_enabled,0,3,high_confidence_shadow,3,226,1,2,final_test,high_confidence_shadow,0.6666666666666666,2,2,3,3,0,3,1,3,0,2,wolf,0,1,3,3,1
0.0,0.019208090539056324,1,heterogeneous_risk_preference,0,2,stage2b_seed_226_base_1_regime_heterogeneous_risk_preference_policy_existing_rule,1,1,1,3636ee12b35a57bbe8811b59ccf2c37a2bfec25ced6170ee3f51615da6f64f83,stage2b_seed_226_base_1_regime_heterogeneous_risk_preference,1,4,existing_rule,4,226,1,3,final_test,existing_rule,0.5,2,3,4,4,0,4,0,0,0,1,wolf,1,1,4,1,1
0.0,0.019208090539056324,1,heterogeneous_risk_preference,0,2,stage2b_seed_226_base_1_regime_heterogeneous_risk_preference_policy_ml_first_kill_only,1,1,1,3636ee12b35a57bbe8811b59ccf2c37a2bfec25ced6170ee3f51615da6f64f83,stage2b_seed_226_base_1_regime_heterogeneous_risk_preference,1,4,ml_first_kill_only,4,226,1,3,final_test,ml_first_kill_only,0.5,2,3,4,4,1,4,0,0,0,1,wolf,1,1,4,1,1
0.0,0.01669195984337915,1,heterogeneous_risk_preference,0,2,stage2b_seed_226_base_1_regime_heterogeneous_risk_preference_policy_ml_single_random_kill,0,0,1,3636ee12b35a57bbe8811b59ccf2c37a2bfec25ced6170ee3f51615da6f64f83,stage2b_seed_226_base_1_regime_heterogeneous_risk_preference,1,4,ml_single_random_kill,4,226,1,2,final_test,ml_single_random_kill,0.5,2,3,4,4,1,4,0,0,0,2,wolf,1,1,4,1,1
0.0,0.007048353383396461,1,heterogeneous_risk_preference,0,2,stage2b_seed_226_base_1_regime_heterogeneous_risk_preference_policy_ml_first_two_kills,0,0,1,3636ee12b35a57bbe8811b59ccf2c37a2bfec25ced6170ee3f51615da6f64f83,stage2b_seed_226_base_1_regime_heterogeneous_risk_preference,1,4,ml_first_two_kills,4,226,1,2,final_test,ml_first_two_kills,0.5,2,3,,4,2,4,0,0,1,1,village,1,1,4,0,0
0.0,0.008738863533761076,1,heterogeneous_risk_preference,0,2,stage2b_seed_226_base_1_regime_heterogeneous_risk_preference_policy_continuous_frozen_ml,1,1,1,3636ee12b35a57bbe8811b59ccf2c37a2bfec25ced6170ee3f51615da6f64f83,stage2b_seed_226_base_1_regime_heterogeneous_risk_preference,1,3,continuous_frozen_ml,3,226,0,1,final_test,continuous_frozen_ml,0.3333333333333333,1,2,,3,3,3,0,0,1,1,village,0,1,3,0,0
0.0,0.019208090539056324,1,heterogeneous_risk_preference,0,2,stage2b_seed_226_base_1_regime_heterogeneous_risk_preference_policy_existing_with_ml_shadow,1,1,1,3636ee12b35a57bbe8811b59ccf2c37a2bfec25ced6170ee3f51615da6f64f83,stage2b_seed_226_base_1_regime_heterogeneous_risk_preference,1,4,existing_with_ml_shadow,4,226,1,3,final_test,existing_with_ml_shadow,0.5,2,3,4,4,0,4,0,4,0,1,wolf,1,1,4,1,1
0.025777822889373705,0.019208090539056324,1,heterogeneous_risk_preference,0,2,stage2b_seed_226_base_1_regime_heterogeneous_risk_preference_policy_selective_ml_override,1,1,1,3636ee12b35a57bbe8811b59ccf2c37a2bfec25ced6170ee3f51615da6f64f83,stage2b_seed_226_base_1_regime_heterogeneous_risk_preference,1,4,selective_ml_override,4,226,1,3,final_test,selective_ml_override,0.5,2,3,4,4,0,4,0,0,0,1,wolf,1,1,4,1,1
0.025777822889373705,0.019208090539056324,1,heterogeneous_risk_preference,0,2,stage2b_seed_226_base_1_regime_heterogeneous_risk_preference_policy_high_confidence_shadow,1,1,1,3636ee12b35a57bbe8811b59ccf2c37a2bfec25ced6170ee3f51615da6f64f83,stage2b_seed_226_base_1_regime_heterogeneous_risk_preference,1,4,high_confidence_shadow,4,226,1,3,final_test,high_confidence_shadow,0.5,2,3,4,4,0,4,0,4,0,1,wolf,1,1,4,1,1
0.0,0.015610875641807437,1,strong_village_information,0,2,stage2b_seed_226_base_1_regime_strong_village_information_policy_existing_rule,1,1,1,3636ee12b35a57bbe8811b59ccf2c37a2bfec25ced6170ee3f51615da6f64f83,stage2b_seed_226_base_1_regime_strong_village_information,0,4,existing_rule,4,226,1,3,final_test,existing_rule,0.75,3,3,,3,0,4,0,0,1,1,village,1,1,4,0,0
0.0,0.015610875641807437,1,strong_village_information,0,2,stage2b_seed_226_base_1_regime_strong_village_information_policy_ml_first_kill_only,1,1,1,3636ee12b35a57bbe8811b59ccf2c37a2bfec25ced6170ee3f51615da6f64f83,stage2b_seed_226_base_1_regime_strong_village_information,0,4,ml_first_kill_only,4,226,1,3,final_test,ml_first_kill_only,0.75,3,3,,3,1,4,0,0,1,1,village,1,1,4,0,0
0.0,0.018304962025748717,1,strong_village_information,0,2,stage2b_seed_226_base_1_regime_strong_village_information_policy_ml_single_random_kill,1,1,1,3636ee12b35a57bbe8811b59ccf2c37a2bfec25ced6170ee3f51615da6f64f83,stage2b_seed_226_base_1_regime_strong_village_information,0,4,ml_single_random_kill,4,226,1,2,final_test,ml_single_random_kill,0.75,3,3,4,3,1,4,0,0,0,2,wolf,0,1,4,1,1
0.0,0.013905970946190949,1,strong_village_information,0,2,stage2b_seed_226_base_1_regime_strong_village_information_policy_ml_first_two_kills,1,1,1,3636ee12b35a57bbe8811b59ccf2c37a2bfec25ced6170ee3f51615da6f64f83,stage2b_seed_226_base_1_regime_strong_village_information,0,4,ml_first_two_kills,4,226,1,2,final_test,ml_first_two_kills,0.75,3,3,4,3,2,4,0,0,0,2,wolf,0,1,4,1,1
0.0,0.011035942307876273,1,strong_village_information,0,2,stage2b_seed_226_base_1_regime_strong_village_information_policy_continuous_frozen_ml,1,1,1,3636ee12b35a57bbe8811b59ccf2c37a2bfec25ced6170ee3f51615da6f64f83,stage2b_seed_226_base_1_regime_strong_village_information,0,4,continuous_frozen_ml,4,226,0,2,final_test,continuous_frozen_ml,0.75,3,3,4,4,4,4,0,0,0,2,wolf,1,1,4,1,1
0.0,0.015610875641807437,1,strong_village_information,0,2,stage2b_seed_226_base_1_regime_strong_village_information_policy_existing_with_ml_shadow,1,1,1,3636ee12b35a57bbe8811b59ccf2c37a2bfec25ced6170ee3f51615da6f64f83,stage2b_seed_226_base_1_regime_strong_village_information,0,4,existing_with_ml_shadow,4,226,1,3,final_test,existing_with_ml_shadow,0.75,3,3,,3,0,4,0,4,1,1,village,1,1,4,0,0
0.03538933683793541,0.015610875641807437,1,strong_village_information,0,2,stage2b_seed_226_base_1_regime_strong_village_information_policy_selective_ml_override,1,1,1,3636ee12b35a57bbe8811b59ccf2c37a2bfec25ced6170ee3f51615da6f64f83,stage2b_seed_226_base_1_regime_strong_village_information,0,4,selective_ml_override,4,226,1,3,final_test,selective_ml_override,0.75,3,3,,3,1,4,1,0,1,1,village,1,1,4,0,0
0.03538933683793541,0.015610875641807437,1,strong_village_information,0,2,stage2b_seed_226_base_1_regime_strong_village_information_policy_high_confidence_shadow,1,1,1,3636ee12b35a57bbe8811b59ccf2c37a2bfec25ced6170ee3f51615da6f64f83,stage2b_seed_226_base_1_regime_strong_village_information,0,4,high_confidence_shadow,4,226,1,3,final_test,high_confidence_shadow,0.75,3,3,,3,0,4,1,4,1,1,village,1,1,4,0,0
0.0,0.013979818600234714,1,weak_village_information,0,2,stage2b_seed_226_base_1_regime_weak_village_information_policy_existing_rule,1,1,0,3636ee12b35a57bbe8811b59ccf2c37a2bfec25ced6170ee3f51615da6f64f83,stage2b_seed_226_base_1_regime_weak_village_information,1,4,existing_rule,4,226,1,2,final_test,existing_rule,0.75,3,3,4,3,0,4,0,0,0,2,wolf,0,1,4,1,1
0.0,0.013979818600234714,1,weak_village_information,0,2,stage2b_seed_226_base_1_regime_weak_village_information_policy_ml_first_kill_only,1,1,0,3636ee12b35a57bbe8811b59ccf2c37a2bfec25ced6170ee3f51615da6f64f83,stage2b_seed_226_base_1_regime_weak_village_information,1,4,ml_first_kill_only,4,226,1,2,final_test,ml_first_kill_only,0.75,3,3,4,3,1,4,0,0,0,2,wolf,0,1,4,1,1
0.0,0.010170136487076847,1,weak_village_information,0,2,stage2b_seed_226_base_1_regime_weak_village_information_policy_ml_single_random_kill,1,0,0,3636ee12b35a57bbe8811b59ccf2c37a2bfec25ced6170ee3f51615da6f64f83,stage2b_seed_226_base_1_regime_weak_village_information,1,4,ml_single_random_kill,4,226,1,2,final_test,ml_single_random_kill,0.75,3,3,4,3,1,4,0,0,0,2,wolf,0,1,4,2,1
0.0,0.01233414634859853,1,weak_village_information,0,2,stage2b_seed_226_base_1_regime_weak_village_information_policy_ml_first_two_kills,0,1,0,3636ee12b35a57bbe8811b59ccf2c37a2bfec25ced6170ee3f51615da6f64f83,stage2b_seed_226_base_1_regime_weak_village_information,2,4,ml_first_two_kills,4,226,1,1,final_test,ml_first_two_kills,0.5,2,3,4,4,2,4,0,0,0,3,wolf,0,1,4,1,1
0.0,0.01126692588239847,1,weak_village_information,0,2,stage2b_seed_226_base_1_regime_weak_village_information_policy_continuous_frozen_ml,0,1,0,3636ee12b35a57bbe8811b59ccf2c37a2bfec25ced6170ee3f51615da6f64f83,stage2b_seed_226_base_1_regime_weak_village_information,2,4,continuous_frozen_ml,4,226,0,0,final_test,continuous_frozen_ml,0.5,2,3,4,4,4,4,0,0,0,3,wolf,0,1,4,1,1
0.0,0.013979818600234714,1,weak_village_information,0,2,stage2b_seed_226_base_1_regime_weak_village_information_policy_existing_with_ml_shadow,1,1,0,3636ee12b35a57bbe8811b59ccf2c37a2bfec25ced6170ee3f51615da6f64f83,stage2b_seed_226_base_1_regime_weak_village_information,1,4,existing_with_ml_shadow,4,226,1,2,final_test,existing_with_ml_shadow,0.75,3,3,4,3,0,4,0,4,0,2,wolf,0,1,4,1,1
0.019269800529608097,0.013979818600234714,1,weak_village_information,0,2,stage2b_seed_226_base_1_regime_weak_village_information_policy_selective_ml_override,1,1,0,3636ee12b35a57bbe8811b59ccf2c37a2bfec25ced6170ee3f51615da6f64f83,stage2b_seed_226_base_1_regime_weak_village_information,1,4,selective_ml_override,4,226,1,2,final_test,selective_ml_override,0.75,3,3,4,3,0,4,0,0,0,2,wolf,0,1,4,1,1
0.019269800529608097,0.013979818600234714,1,weak_village_information,0,2,stage2b_seed_226_base_1_regime_weak_village_information_policy_high_confidence_shadow,1,1,0,3636ee12b35a57bbe8811b59ccf2c37a2bfec25ced6170ee3f51615da6f64f83,stage2b_seed_226_base_1_regime_weak_village_information,1,4,high_confidence_shadow,4,226,1,2,final_test,high_confidence_shadow,0.75,3,3,4,3,0,4,0,4,0,2,wolf,0,1,4,1,1
0.0,0.005502574403512844,1,mixed_seer_strategy,0,2,stage2b_seed_226_base_1_regime_mixed_seer_strategy_policy_existing_rule,1,1,1,3636ee12b35a57bbe8811b59ccf2c37a2bfec25ced6170ee3f51615da6f64f83,stage2b_seed_226_base_1_regime_mixed_seer_strategy,0,4,existing_rule,4,226,1,3,final_test,existing_rule,0.75,3,3,4,1,0,4,0,0,0,2,wolf,1,1,4,1,1
0.0,0.005502574403512844,1,mixed_seer_strategy,0,2,stage2b_seed_226_base_1_regime_mixed_seer_strategy_policy_ml_first_kill_only,1,1,1,3636ee12b35a57bbe8811b59ccf2c37a2bfec25ced6170ee3f51615da6f64f83,stage2b_seed_226_base_1_regime_mixed_seer_strategy,0,4,ml_first_kill_only,4,226,1,3,final_test,ml_first_kill_only,0.75,3,3,4,1,1,4,0,0,0,2,wolf,1,1,4,1,1
0.0,0.005502574403512844,1,mixed_seer_strategy,0,2,stage2b_seed_226_base_1_regime_mixed_seer_strategy_policy_ml_single_random_kill,1,1,1,3636ee12b35a57bbe8811b59ccf2c37a2bfec25ced6170ee3f51615da6f64f83,stage2b_seed_226_base_1_regime_mixed_seer_strategy,0,4,ml_single_random_kill,4,226,1,3,final_test,ml_single_random_kill,0.75,3,3,4,1,1,4,0,0,0,2,wolf,1,1,4,1,1
0.0,0.005502574403512844,1,mixed_seer_strategy,0,2,stage2b_seed_226_base_1_regime_mixed_seer_strategy_policy_ml_first_two_kills,1,1,1,3636ee12b35a57bbe8811b59ccf2c37a2bfec25ced6170ee3f51615da6f64f83,stage2b_seed_226_base_1_regime_mixed_seer_strategy,0,4,ml_first_two_kills,4,226,1,3,final_test,ml_first_two_kills,0.75,3,3,4,1,2,4,0,0,0,2,wolf,1,1,4,1,1
0.0,0.004554942595860127,1,mixed_seer_strategy,0,2,stage2b_seed_226_base_1_regime_mixed_seer_strategy_policy_continuous_frozen_ml,0,0,1,3636ee12b35a57bbe8811b59ccf2c37a2bfec25ced6170ee3f51615da6f64f83,stage2b_seed_226_base_1_regime_mixed_seer_strategy,0,3,continuous_frozen_ml,3,226,1,1,final_test,continuous_frozen_ml,0.6666666666666666,2,2,3,1,3,3,0,0,0,3,wolf,0,1,3,2,1
0.0,0.005502574403512844,1,mixed_seer_strategy,0,2,stage2b_seed_226_base_1_regime_mixed_seer_strategy_policy_existing_with_ml_shadow,1,1,1,3636ee12b35a57bbe8811b59ccf2c37a2bfec25ced6170ee3f51615da6f64f83,stage2b_seed_226_base_1_regime_mixed_seer_strategy,0,4,existing_with_ml_shadow,4,226,1,3,final_test,existing_with_ml_shadow,0.75,3,3,4,1,0,4,0,4,0,2,wolf,1,1,4,1,1
0.01157246220558597,0.005502574403512844,1,mixed_seer_strategy,0,2,stage2b_seed_226_base_1_regime_mixed_seer_strategy_policy_selective_ml_override,1,1,1,3636ee12b35a57bbe8811b59ccf2c37a2bfec25ced6170ee3f51615da6f64f83,stage2b_seed_226_base_1_regime_mixed_seer_strategy,0,4,selective_ml_override,4,226,1,3,final_test,selective_ml_override,0.75,3,3,4,1,0,4,0,0,0,2,wolf,1,1,4,1,1
0.01157246220558597,0.005502574403512844,1,mixed_seer_strategy,0,2,stage2b_seed_226_base_1_regime_mixed_seer_strategy_policy_high_confidence_shadow,1,1,1,3636ee12b35a57bbe8811b59ccf2c37a2bfec25ced6170ee3f51615da6f64f83,stage2b_seed_226_base_1_regime_mixed_seer_strategy,0,4,high_confidence_shadow,4,226,1,3,final_test,high_confidence_shadow,0.75,3,3,4,1,0,4,0,4,0,2,wolf,1,1,4,1,1
0.0,0.015427654658417556,1,mixed_voting_strategy,0,1,stage2b_seed_226_base_1_regime_mixed_voting_strategy_policy_existing_rule,0,1,1,3636ee12b35a57bbe8811b59ccf2c37a2bfec25ced6170ee3f51615da6f64f83,stage2b_seed_226_base_1_regime_mixed_voting_strategy,0,4,existing_rule,4,226,1,2,final_test,existing_rule,0.75,3,3,4,3,0,4,0,0,0,3,wolf,1,1,4,1,1
0.0,0.015427654658417556,1,mixed_voting_strategy,0,1,stage2b_seed_226_base_1_regime_mixed_voting_strategy_policy_ml_first_kill_only,0,1,1,3636ee12b35a57bbe8811b59ccf2c37a2bfec25ced6170ee3f51615da6f64f83,stage2b_seed_226_base_1_regime_mixed_voting_strategy,0,4,ml_first_kill_only,4,226,1,2,final_test,ml_first_kill_only,0.75,3,3,4,3,1,4,0,0,0,3,wolf,1,1,4,1,1
0.0,0.015427654658417556,1,mixed_voting_strategy,0,1,stage2b_seed_226_base_1_regime_mixed_voting_strategy_policy_ml_single_random_kill,0,1,1,3636ee12b35a57bbe8811b59ccf2c37a2bfec25ced6170ee3f51615da6f64f83,stage2b_seed_226_base_1_regime_mixed_voting_strategy,0,4,ml_single_random_kill,4,226,1,2,final_test,ml_single_random_kill,0.75,3,3,4,3,1,4,0,0,0,3,wolf,1,1,4,1,1
0.0,0.008139455700959383,1,mixed_voting_strategy,0,1,stage2b_seed_226_base_1_regime_mixed_voting_strategy_policy_ml_first_two_kills,0,1,1,3636ee12b35a57bbe8811b59ccf2c37a2bfec25ced6170ee3f51615da6f64f83,stage2b_seed_226_base_1_regime_mixed_voting_strategy,0,3,ml_first_two_kills,3,226,1,1,final_test,ml_first_two_kills,0.6666666666666666,2,2,,3,2,3,0,0,1,1,village,0,1,3,0,0
0.0,0.00963575711310248,1,mixed_voting_strategy,0,1,stage2b_seed_226_base_1_regime_mixed_voting_strategy_policy_continuous_frozen_ml,0,1,1,3636ee12b35a57bbe8811b59ccf2c37a2bfec25ced6170ee3f51615da6f64f83,stage2b_seed_226_base_1_regime_mixed_voting_strategy,0,4,continuous_frozen_ml,4,226,0,0,final_test,continuous_frozen_ml,0.75,3,3,4,4,4,4,0,0,0,2,wolf,0,1,4,1,1
0.0,0.015427654658417556,1,mixed_voting_strategy,0,1,stage2b_seed_226_base_1_regime_mixed_voting_strategy_policy_existing_with_ml_shadow,0,1,1,3636ee12b35a57bbe8811b59ccf2c37a2bfec25ced6170ee3f51615da6f64f83,stage2b_seed_226_base_1_regime_mixed_voting_strategy,0,4,existing_with_ml_shadow,4,226,1,2,final_test,existing_with_ml_shadow,0.75,3,3,4,3,0,4,0,4,0,3,wolf,1,1,4,1,1
0.020420526948776455,0.015427654658417556,1,mixed_voting_strategy,0,1,stage2b_seed_226_base_1_regime_mixed_voting_strategy_policy_selective_ml_override,0,1,1,3636ee12b35a57bbe8811b59ccf2c37a2bfec25ced6170ee3f51615da6f64f83,stage2b_seed_226_base_1_regime_mixed_voting_strategy,0,4,selective_ml_override,4,226,1,2,final_test,selective_ml_override,0.75,3,3,4,3,0,4,0,0,0,3,wolf,1,1,4,1,1
0.020420526948776455,0.015427654658417556,1,mixed_voting_strategy,0,1,stage2b_seed_226_base_1_regime_mixed_voting_strategy_policy_high_confidence_shadow,0,1,1,3636ee12b35a57bbe8811b59ccf2c37a2bfec25ced6170ee3f51615da6f64f83,stage2b_seed_226_base_1_regime_mixed_voting_strategy,0,4,high_confidence_shadow,4,226,1,2,final_test,high_confidence_shadow,0.75,3,3,4,3,0,4,0,4,0,3,wolf,1,1,4,1,1
0.0,0.016131910641118796,1,mixed_wolf_deception_strategy,0,2,stage2b_seed_226_base_1_regime_mixed_wolf_deception_strategy_policy_existing_rule,1,1,1,3636ee12b35a57bbe8811b59ccf2c37a2bfec25ced6170ee3f51615da6f64f83,stage2b_seed_226_base_1_regime_mixed_wolf_deception_strategy,1,4,existing_rule,4,226,1,3,final_test,existing_rule,0.5,2,3,,4,0,4,0,0,1,2,village,1,1,4,0,0
0.0,0.016131910641118796,1,mixed_wolf_deception_strategy,0,2,stage2b_seed_226_base_1_regime_mixed_wolf_deception_strategy_policy_ml_first_kill_only,1,1,1,3636ee12b35a57bbe8811b59ccf2c37a2bfec25ced6170ee3f51615da6f64f83,stage2b_seed_226_base_1_regime_mixed_wolf_deception_strategy,1,4,ml_first_kill_only,4,226,1,3,final_test,ml_first_kill_only,0.5,2,3,,4,1,4,0,0,1,2,village,1,1,4,0,0
0.0,0.005134949879767296,1,mixed_wolf_deception_strategy,0,2,stage2b_seed_226_base_1_regime_mixed_wolf_deception_strategy_policy_ml_single_random_kill,0,0,1,3636ee12b35a57bbe8811b59ccf2c37a2bfec25ced6170ee3f51615da6f64f83,stage2b_seed_226_base_1_regime_mixed_wolf_deception_strategy,0,3,ml_single_random_kill,3,226,1,1,final_test,ml_single_random_kill,0.6666666666666666,2,2,,3,1,3,0,0,1,1,village,0,1,3,0,0
0.0,0.005134949879767296,1,mixed_wolf_deception_strategy,0,2,stage2b_seed_226_base_1_regime_mixed_wolf_deception_strategy_policy_ml_first_two_kills,0,0,1,3636ee12b35a57bbe8811b59ccf2c37a2bfec25ced6170ee3f51615da6f64f83,stage2b_seed_226_base_1_regime_mixed_wolf_deception_strategy,0,3,ml_first_two_kills,3,226,1,1,final_test,ml_first_two_kills,0.6666666666666666,2,2,,3,2,3,0,0,1,1,village,0,1,3,0,0
0.0,0.005134949879767296,1,mixed_wolf_deception_strategy,0,2,stage2b_seed_226_base_1_regime_mixed_wolf_deception_strategy_policy_continuous_frozen_ml,0,0,1,3636ee12b35a57bbe8811b59ccf2c37a2bfec25ced6170ee3f51615da6f64f83,stage2b_seed_226_base_1_regime_mixed_wolf_deception_strategy,0,3,continuous_frozen_ml,3,226,0,0,final_test,continuous_frozen_ml,0.6666666666666666,2,2,,3,3,3,0,0,1,1,village,0,1,3,0,0
0.0,0.016131910641118796,1,mixed_wolf_deception_strategy,0,2,stage2b_seed_226_base_1_regime_mixed_wolf_deception_strategy_policy_existing_with_ml_shadow,1,1,1,3636ee12b35a57bbe8811b59ccf2c37a2bfec25ced6170ee3f51615da6f64f83,stage2b_seed_226_base_1_regime_mixed_wolf_deception_strategy,1,4,existing_with_ml_shadow,4,226,1,3,final_test,existing_with_ml_shadow,0.5,2,3,,4,0,4,0,4,1,2,village,1,1,4,0,0
0.02125110671223046,0.016131910641118796,1,mixed_wolf_deception_strategy,0,2,stage2b_seed_226_base_1_regime_mixed_wolf_deception_strategy_policy_selective_ml_override,1,1,1,3636ee12b35a57bbe8811b59ccf2c37a2bfec25ced6170ee3f51615da6f64f83,stage2b_seed_226_base_1_regime_mixed_wolf_deception_strategy,1,4,selective_ml_override,4,226,1,3,final_test,selective_ml_override,0.5,2,3,,4,0,4,0,0,1,2,village,1,1,4,0,0
0.02125110671223046,0.016131910641118796,1,mixed_wolf_deception_strategy,0,2,stage2b_seed_226_base_1_regime_mixed_wolf_deception_strategy_policy_high_confidence_shadow,1,1,1,3636ee12b35a57bbe8811b59ccf2c37a2bfec25ced6170ee3f51615da6f64f83,stage2b_seed_226_base_1_regime_mixed_wolf_deception_strategy,1,4,high_confidence_shadow,4,226,1,3,final_test,high_confidence_shadow,0.5,2,3,,4,0,4,0,4,1,2,village,1,1,4,0,0
0.0,0.011964072505665474,1,baseline_speech_enabled,0,1,stage2b_seed_227_base_1_regime_baseline_speech_enabled_policy_existing_rule,0,1,1,3636ee12b35a57bbe8811b59ccf2c37a2bfec25ced6170ee3f51615da6f64f83,stage2b_seed_227_base_1_regime_baseline_speech_enabled,0,4,existing_rule,4,227,1,2,final_test,existing_rule,0.75,3,3,4,1,0,4,0,0,0,2,wolf,1,1,4,1,1
0.0,0.011964072505665474,1,baseline_speech_enabled,0,1,stage2b_seed_227_base_1_regime_baseline_speech_enabled_policy_ml_first_kill_only,0,1,1,3636ee12b35a57bbe8811b59ccf2c37a2bfec25ced6170ee3f51615da6f64f83,stage2b_seed_227_base_1_regime_baseline_speech_enabled,0,4,ml_first_kill_only,4,227,1,2,final_test,ml_first_kill_only,0.75,3,3,4,1,1,4,0,0,0,2,wolf,1,1,4,1,1
0.0,0.011964072505665474,1,baseline_speech_enabled,0,1,stage2b_seed_227_base_1_regime_baseline_speech_enabled_policy_ml_single_random_kill,0,1,1,3636ee12b35a57bbe8811b59ccf2c37a2bfec25ced6170ee3f51615da6f64f83,stage2b_seed_227_base_1_regime_baseline_speech_enabled,0,4,ml_single_random_kill,4,227,1,2,final_test,ml_single_random_kill,0.75,3,3,4,1,1,4,0,0,0,2,wolf,1,1,4,1,1
0.0,0.011964072505665474,1,baseline_speech_enabled,0,1,stage2b_seed_227_base_1_regime_baseline_speech_enabled_policy_ml_first_two_kills,0,1,1,3636ee12b35a57bbe8811b59ccf2c37a2bfec25ced6170ee3f51615da6f64f83,stage2b_seed_227_base_1_regime_baseline_speech_enabled,0,4,ml_first_two_kills,4,227,1,2,final_test,ml_first_two_kills,0.75,3,3,4,1,2,4,0,0,0,2,wolf,1,1,4,1,1
0.0,0.01143761193794865,1,baseline_speech_enabled,0,1,stage2b_seed_227_base_1_regime_baseline_speech_enabled_policy_continuous_frozen_ml,0,1,1,3636ee12b35a57bbe8811b59ccf2c37a2bfec25ced6170ee3f51615da6f64f83,stage2b_seed_227_base_1_regime_baseline_speech_enabled,0,4,continuous_frozen_ml,4,227,1,2,final_test,continuous_frozen_ml,0.75,3,3,4,1,4,4,0,0,0,2,wolf,1,1,4,1,1
0.0,0.011964072505665474,1,baseline_speech_enabled,0,1,stage2b_seed_227_base_1_regime_baseline_speech_enabled_policy_existing_with_ml_shadow,0,1,1,3636ee12b35a57bbe8811b59ccf2c37a2bfec25ced6170ee3f51615da6f64f83,stage2b_seed_227_base_1_regime_baseline_speech_enabled,0,4,existing_with_ml_shadow,4,227,1,2,final_test,existing_with_ml_shadow,0.75,3,3,4,1,0,4,0,4,0,2,wolf,1,1,4,1,1
0.0016816520508271537,0.011964072505665474,1,baseline_speech_enabled,0,1,stage2b_seed_227_base_1_regime_baseline_speech_enabled_policy_selective_ml_override,0,1,1,3636ee12b35a57bbe8811b59ccf2c37a2bfec25ced6170ee3f51615da6f64f83,stage2b_seed_227_base_1_regime_baseline_speech_enabled,0,4,selective_ml_override,4,227,1,2,final_test,selective_ml_override,0.75,3,3,4,1,0,4,0,0,0,2,wolf,1,1,4,1,1
0.0016816520508271537,0.011964072505665474,1,baseline_speech_enabled,0,1,stage2b_seed_227_base_1_regime_baseline_speech_enabled_policy_high_confidence_shadow,0,1,1,3636ee12b35a57bbe8811b59ccf2c37a2bfec25ced6170ee3f51615da6f64f83,stage2b_seed_227_base_1_regime_baseline_speech_enabled,0,4,high_confidence_shadow,4,227,1,2,final_test,high_confidence_shadow,0.75,3,3,4,1,0,4,0,4,0,2,wolf,1,1,4,1,1
0.0,0.00944268788165828,1,speech_disabled,0,1,stage2b_seed_227_base_1_regime_speech_disabled_policy_existing_rule,1,1,0,3636ee12b35a57bbe8811b59ccf2c37a2bfec25ced6170ee3f51615da6f64f83,stage2b_seed_227_base_1_regime_speech_disabled,1,4,existing_rule,4,227,1,3,final_test,existing_rule,0.75,3,3,,4,0,4,0,0,1,1,village,1,1,4,0,0
0.0,0.00944268788165828,1,speech_disabled,0,1,stage2b_seed_227_base_1_regime_speech_disabled_policy_ml_first_kill_only,1,1,0,3636ee12b35a57bbe8811b59ccf2c37a2bfec25ced6170ee3f51615da6f64f83,stage2b_seed_227_base_1_regime_speech_disabled,1,4,ml_first_kill_only,4,227,1,3,final_test,ml_first_kill_only,0.75,3,3,,4,1,4,0,0,1,1,village,1,1,4,0,0
0.0,0.012610358998369375,1,speech_disabled,0,1,stage2b_seed_227_base_1_regime_speech_disabled_policy_ml_single_random_kill,0,1,0,3636ee12b35a57bbe8811b59ccf2c37a2bfec25ced6170ee3f51615da6f64f83,stage2b_seed_227_base_1_regime_speech_disabled,2,3,ml_single_random_kill,3,227,1,1,final_test,ml_single_random_kill,0.3333333333333333,1,2,,3,1,3,0,0,1,2,village,0,1,3,0,0
0.0,0.012610358998369375,1,speech_disabled,0,1,stage2b_seed_227_base_1_regime_speech_disabled_policy_ml_first_two_kills,0,1,0,3636ee12b35a57bbe8811b59ccf2c37a2bfec25ced6170ee3f51615da6f64f83,stage2b_seed_227_base_1_regime_speech_disabled,2,3,ml_first_two_kills,3,227,1,1,final_test,ml_first_two_kills,0.3333333333333333,1,2,,3,2,3,0,0,1,2,village,0,1,3,0,0
0.0,0.00991230932970244,1,speech_disabled,0,1,stage2b_seed_227_base_1_regime_speech_disabled_policy_continuous_frozen_ml,0,0,0,3636ee12b35a57bbe8811b59ccf2c37a2bfec25ced6170ee3f51615da6f64f83,stage2b_seed_227_base_1_regime_speech_disabled,3,4,continuous_frozen_ml,4,227,0,1,final_test,continuous_frozen_ml,0.25,1,3,4,3,4,4,0,0,0,3,wolf,1,1,4,1,1
0.0,0.00944268788165828,1,speech_disabled,0,1,stage2b_seed_227_base_1_regime_speech_disabled_policy_existing_with_ml_shadow,1,1,0,3636ee12b35a57bbe8811b59ccf2c37a2bfec25ced6170ee3f51615da6f64f83,stage2b_seed_227_base_1_regime_speech_disabled,1,4,existing_with_ml_shadow,4,227,1,3,final_test,existing_with_ml_shadow,0.75,3,3,,4,0,4,0,4,1,1,village,1,1,4,0,0
0.028089460990097098,0.00944268788165828,1,speech_disabled,0,1,stage2b_seed_227_base_1_regime_speech_disabled_policy_selective_ml_override,1,1,0,3636ee12b35a57bbe8811b59ccf2c37a2bfec25ced6170ee3f51615da6f64f83,stage2b_seed_227_base_1_regime_speech_disabled,1,4,selective_ml_override,4,227,1,3,final_test,selective_ml_override,0.75,3,3,,4,0,4,0,0,1,1,village,1,1,4,0,0
0.028089460990097098,0.00944268788165828,1,speech_disabled,0,1,stage2b_seed_227_base_1_regime_speech_disabled_policy_high_confidence_shadow,1,1,0,3636ee12b35a57bbe8811b59ccf2c37a2bfec25ced6170ee3f51615da6f64f83,stage2b_seed_227_base_1_regime_speech_disabled,1,4,high_confidence_shadow,4,227,1,3,final_test,high_confidence_shadow,0.75,3,3,,4,0,4,0,4,1,1,village,1,1,4,0,0
0.0,0.0050599688617265865,1,herding_enabled,0,1,stage2b_seed_227_base_1_regime_herding_enabled_policy_existing_rule,0,1,1,3636ee12b35a57bbe8811b59ccf2c37a2bfec25ced6170ee3f51615da6f64f83,stage2b_seed_227_base_1_regime_herding_enabled,0,3,existing_rule,3,227,1,2,final_test,existing_rule,0.6666666666666666,2,2,3,3,0,3,0,0,0,3,wolf,1,1,3,2,1
0.0,0.0050599688617265865,1,herding_enabled,0,1,stage2b_seed_227_base_1_regime_herding_enabled_policy_ml_first_kill_only,0,1,0,3636ee12b35a57bbe8811b59ccf2c37a2bfec25ced6170ee3f51615da6f64f83,stage2b_seed_227_base_1_regime_herding_enabled,1,3,ml_first_kill_only,3,227,1,2,final_test,ml_first_kill_only,0.6666666666666666,2,2,3,3,1,3,0,0,0,3,wolf,1,1,3,2,1
0.0,0.0050599688617265865,1,herding_enabled,0,1,stage2b_seed_227_base_1_regime_herding_enabled_policy_ml_single_random_kill,0,1,0,3636ee12b35a57bbe8811b59ccf2c37a2bfec25ced6170ee3f51615da6f64f83,stage2b_seed_227_base_1_regime_herding_enabled,1,3,ml_single_random_kill,3,227,1,2,final_test,ml_single_random_kill,0.6666666666666666,2,2,3,3,1,3,0,0,0,3,wolf,1,1,3,2,1
0.0,0.016049648118193982,1,herding_enabled,0,1,stage2b_seed_227_base_1_regime_herding_enabled_policy_ml_first_two_kills,0,1,0,3636ee12b35a57bbe8811b59ccf2c37a2bfec25ced6170ee3f51615da6f64f83,stage2b_seed_227_base_1_regime_herding_enabled,1,4,ml_first_two_kills,4,227,0,1,final_test,ml_first_two_kills,0.75,3,3,4,4,2,4,0,0,0,3,wolf,1,1,4,1,1
0.0,0.0156954233705692,1,herding_enabled,0,1,stage2b_seed_227_base_1_regime_herding_enabled_policy_continuous_frozen_ml,0,1,0,3636ee12b35a57bbe8811b59ccf2c37a2bfec25ced6170ee3f51615da6f64f83,stage2b_seed_227_base_1_regime_herding_enabled,1,4,continuous_frozen_ml,4,227,0,0,final_test,continuous_frozen_ml,0.75,3,3,4,4,4,4,0,0,0,3,wolf,0,1,4,1,1
0.0,0.0050599688617265865,1,herding_enabled,0,1,stage2b_seed_227_base_1_regime_herding_enabled_policy_existing_with_ml_shadow,0,1,1,3636ee12b35a57bbe8811b59ccf2c37a2bfec25ced6170ee3f51615da6f64f83,stage2b_seed_227_base_1_regime_herding_enabled,0,3,existing_with_ml_shadow,3,227,1,2,final_test,existing_with_ml_shadow,0.6666666666666666,2,2,3,3,0,3,0,3,0,3,wolf,1,1,3,2,1
0.03066706394623279,0.0050599688617265865,1,herding_enabled,0,1,stage2b_seed_227_base_1_regime_herding_enabled_policy_selective_ml_override,0,1,1,3636ee12b35a57bbe8811b59ccf2c37a2bfec25ced6170ee3f51615da6f64f83,stage2b_seed_227_base_1_regime_herding_enabled,0,3,selective_ml_override,3,227,1,2,final_test,selective_ml_override,0.6666666666666666,2,2,3,3,0,3,0,0,0,3,wolf,1,1,3,2,1
0.03066706394623279,0.0050599688617265865,1,herding_enabled,0,1,stage2b_seed_227_base_1_regime_herding_enabled_policy_high_confidence_shadow,0,1,1,3636ee12b35a57bbe8811b59ccf2c37a2bfec25ced6170ee3f51615da6f64f83,stage2b_seed_227_base_1_regime_herding_enabled,0,3,high_confidence_shadow,3,227,1,2,final_test,high_confidence_shadow,0.6666666666666666,2,2,3,3,0,3,0,3,0,3,wolf,1,1,3,2,1
0.0,0.0026750063327149742,1,deception_enabled,0,1,stage2b_seed_227_base_1_regime_deception_enabled_policy_existing_rule,1,1,1,3636ee12b35a57bbe8811b59ccf2c37a2bfec25ced6170ee3f51615da6f64f83,stage2b_seed_227_base_1_regime_deception_enabled,0,4,existing_rule,4,227,1,3,final_test,existing_rule,0.75,3,3,,4,0,4,0,0,1,1,village,1,1,4,0,0
0.0,0.0026750063327149742,1,deception_enabled,0,1,stage2b_seed_227_base_1_regime_deception_enabled_policy_ml_first_kill_only,1,1,1,3636ee12b35a57bbe8811b59ccf2c37a2bfec25ced6170ee3f51615da6f64f83,stage2b_seed_227_base_1_regime_deception_enabled,0,4,ml_first_kill_only,4,227,1,3,final_test,ml_first_kill_only,0.75,3,3,,4,1,4,0,0,1,1,village,1,1,4,0,0
0.0,0.005579010770295767,1,deception_enabled,0,1,stage2b_seed_227_base_1_regime_deception_enabled_policy_ml_single_random_kill,0,0,1,3636ee12b35a57bbe8811b59ccf2c37a2bfec25ced6170ee3f51615da6f64f83,stage2b_seed_227_base_1_regime_deception_enabled,0,4,ml_single_random_kill,4,227,1,2,final_test,ml_single_random_kill,0.75,3,3,4,3,1,4,0,0,0,3,wolf,1,1,4,1,1
0.0,0.009356449642438591,1,deception_enabled,0,1,stage2b_seed_227_base_1_regime_deception_enabled_policy_ml_first_two_kills,0,1,1,3636ee12b35a57bbe8811b59ccf2c37a2bfec25ced6170ee3f51615da6f64f83,stage2b_seed_227_base_1_regime_deception_enabled,0,4,ml_first_two_kills,4,227,1,2,final_test,ml_first_two_kills,0.75,3,3,,3,2,4,0,0,1,2,village,1,1,4,0,0
0.0,0.005364758446005036,1,deception_enabled,0,1,stage2b_seed_227_base_1_regime_deception_enabled_policy_continuous_frozen_ml,0,1,1,3636ee12b35a57bbe8811b59ccf2c37a2bfec25ced6170ee3f51615da6f64f83,stage2b_seed_227_base_1_regime_deception_enabled,0,3,continuous_frozen_ml,3,227,0,0,final_test,continuous_frozen_ml,0.6666666666666666,2,2,,3,3,3,0,0,1,1,village,0,1,3,0,0
0.0,0.0026750063327149742,1,deception_enabled,0,1,stage2b_seed_227_base_1_regime_deception_enabled_policy_existing_with_ml_shadow,1,1,1,3636ee12b35a57bbe8811b59ccf2c37a2bfec25ced6170ee3f51615da6f64f83,stage2b_seed_227_base_1_regime_deception_enabled,0,4,existing_with_ml_shadow,4,227,1,3,final_test,existing_with_ml_shadow,0.75,3,3,,4,0,4,0,4,1,1,village,1,1,4,0,0
0.008041505900201085,0.0026750063327149742,1,deception_enabled,0,1,stage2b_seed_227_base_1_regime_deception_enabled_policy_selective_ml_override,1,1,1,3636ee12b35a57bbe8811b59ccf2c37a2bfec25ced6170ee3f51615da6f64f83,stage2b_seed_227_base_1_regime_deception_enabled,0,4,selective_ml_override,4,227,1,3,final_test,selective_ml_override,0.75,3,3,,4,0,4,0,0,1,1,village,1,1,4,0,0
0.008041505900201085,0.0026750063327149742,1,deception_enabled,0,1,stage2b_seed_227_base_1_regime_deception_enabled_policy_high_confidence_shadow,1,1,1,3636ee12b35a57bbe8811b59ccf2c37a2bfec25ced6170ee3f51615da6f64f83,stage2b_seed_227_base_1_regime_deception_enabled,0,4,high_confidence_shadow,4,227,1,3,final_test,high_confidence_shadow,0.75,3,3,,4,0,4,0,4,1,1,village,1,1,4,0,0
0.0,0.03489832973914875,1,heterogeneous_risk_preference,0,1,stage2b_seed_227_base_1_regime_heterogeneous_risk_preference_policy_existing_rule,1,1,1,3636ee12b35a57bbe8811b59ccf2c37a2bfec25ced6170ee3f51615da6f64f83,stage2b_seed_227_base_1_regime_heterogeneous_risk_preference,0,3,existing_rule,3,227,1,2,final_test,existing_rule,0.6666666666666666,2,2,3,3,0,3,0,0,0,2,wolf,0,1,3,2,1
0.0,0.01216664154226721,1,heterogeneous_risk_preference,0,,stage2b_seed_227_base_1_regime_heterogeneous_risk_preference_policy_ml_first_kill_only,0,0,1,3636ee12b35a57bbe8811b59ccf2c37a2bfec25ced6170ee3f51615da6f64f83,stage2b_seed_227_base_1_regime_heterogeneous_risk_preference,1,3,ml_first_kill_only,3,227,1,1,final_test,ml_first_kill_only,0.3333333333333333,1,2,3,3,1,3,0,0,0,2,wolf,0,1,3,3,1
0.0,0.01216664154226721,1,heterogeneous_risk_preference,0,,stage2b_seed_227_base_1_regime_heterogeneous_risk_preference_policy_ml_single_random_kill,0,0,1,3636ee12b35a57bbe8811b59ccf2c37a2bfec25ced6170ee3f51615da6f64f83,stage2b_seed_227_base_1_regime_heterogeneous_risk_preference,1,3,ml_single_random_kill,3,227,1,1,final_test,ml_single_random_kill,0.3333333333333333,1,2,3,3,1,3,0,0,0,2,wolf,0,1,3,3,1
0.0,0.01216664154226721,1,heterogeneous_risk_preference,0,,stage2b_seed_227_base_1_regime_heterogeneous_risk_preference_policy_ml_first_two_kills,0,0,1,3636ee12b35a57bbe8811b59ccf2c37a2bfec25ced6170ee3f51615da6f64f83,stage2b_seed_227_base_1_regime_heterogeneous_risk_preference,1,3,ml_first_two_kills,3,227,1,1,final_test,ml_first_two_kills,0.3333333333333333,1,2,3,3,2,3,0,0,0,2,wolf,0,1,3,3,1
0.0,0.01216664154226721,1,heterogeneous_risk_preference,0,,stage2b_seed_227_base_1_regime_heterogeneous_risk_preference_policy_continuous_frozen_ml,1,0,1,3636ee12b35a57bbe8811b59ccf2c37a2bfec25ced6170ee3f51615da6f64f83,stage2b_seed_227_base_1_regime_heterogeneous_risk_preference,1,3,continuous_frozen_ml,3,227,0,1,final_test,continuous_frozen_ml,0.3333333333333333,1,2,3,3,3,3,0,0,0,2,wolf,0,1,3,3,1
0.0,0.03489832973914875,1,heterogeneous_risk_preference,0,1,stage2b_seed_227_base_1_regime_heterogeneous_risk_preference_policy_existing_with_ml_shadow,1,1,1,3636ee12b35a57bbe8811b59ccf2c37a2bfec25ced6170ee3f51615da6f64f83,stage2b_seed_227_base_1_regime_heterogeneous_risk_preference,0,3,existing_with_ml_shadow,3,227,1,2,final_test,existing_with_ml_shadow,0.6666666666666666,2,2,3,3,0,3,0,3,0,2,wolf,0,1,3,2,1
0.04968578243987809,0.03489832973914875,1,heterogeneous_risk_preference,0,1,stage2b_seed_227_base_1_regime_heterogeneous_risk_preference_policy_selective_ml_override,1,1,1,3636ee12b35a57bbe8811b59ccf2c37a2bfec25ced6170ee3f51615da6f64f83,stage2b_seed_227_base_1_regime_heterogeneous_risk_preference,0,3,selective_ml_override,3,227,1,2,final_test,selective_ml_override,0.6666666666666666,2,2,3,3,0,3,0,0,0,2,wolf,0,1,3,2,1
0.04968578243987809,0.03489832973914875,1,heterogeneous_risk_preference,0,1,stage2b_seed_227_base_1_regime_heterogeneous_risk_preference_policy_high_confidence_shadow,1,1,1,3636ee12b35a57bbe8811b59ccf2c37a2bfec25ced6170ee3f51615da6f64f83,stage2b_seed_227_base_1_regime_heterogeneous_risk_preference,0,3,high_confidence_shadow,3,227,1,2,final_test,high_confidence_shadow,0.6666666666666666,2,2,3,3,0,3,0,3,0,2,wolf,0,1,3,2,1
0.0,0.011850897819750822,1,strong_village_information,0,1,stage2b_seed_227_base_1_regime_strong_village_information_policy_existing_rule,1,1,1,3636ee12b35a57bbe8811b59ccf2c37a2bfec25ced6170ee3f51615da6f64f83,stage2b_seed_227_base_1_regime_strong_village_information,1,4,existing_rule,4,227,1,3,final_test,existing_rule,0.5,2,3,4,3,0,4,0,0,0,2,wolf,1,1,4,1,1
0.0,0.011850897819750822,1,strong_village_information,0,1,stage2b_seed_227_base_1_regime_strong_village_information_policy_ml_first_kill_only,1,1,1,3636ee12b35a57bbe8811b59ccf2c37a2bfec25ced6170ee3f51615da6f64f83,stage2b_seed_227_base_1_regime_strong_village_information,1,4,ml_first_kill_only,4,227,1,3,final_test,ml_first_kill_only,0.5,2,3,4,3,1,4,0,0,0,2,wolf,1,1,4,1,1
0.0,0.010508897137064988,1,strong_village_information,0,1,stage2b_seed_227_base_1_regime_strong_village_information_policy_ml_single_random_kill,1,1,1,3636ee12b35a57bbe8811b59ccf2c37a2bfec25ced6170ee3f51615da6f64f83,stage2b_seed_227_base_1_regime_strong_village_information,0,4,ml_single_random_kill,4,227,1,2,final_test,ml_single_random_kill,0.75,3,3,,4,1,4,0,0,1,2,village,0,1,4,0,0
0.0,0.024742066233766513,1,strong_village_information,0,1,stage2b_seed_227_base_1_regime_strong_village_information_policy_ml_first_two_kills,1,1,1,3636ee12b35a57bbe8811b59ccf2c37a2bfec25ced6170ee3f51615da6f64f83,stage2b_seed_227_base_1_regime_strong_village_information,1,4,ml_first_two_kills,4,227,0,2,final_test,ml_first_two_kills,0.5,2,3,4,3,2,4,0,0,0,3,wolf,1,1,4,1,1
0.0,0.0193090562510773,1,strong_village_information,0,1,stage2b_seed_227_base_1_regime_strong_village_information_policy_continuous_frozen_ml,1,1,1,3636ee12b35a57bbe8811b59ccf2c37a2bfec25ced6170ee3f51615da6f64f83,stage2b_seed_227_base_1_regime_strong_village_information,1,3,continuous_frozen_ml,3,227,0,1,final_test,continuous_frozen_ml,0.3333333333333333,1,2,,3,3,3,0,0,1,1,village,0,1,3,0,0
0.0,0.011850897819750822,1,strong_village_information,0,1,stage2b_seed_227_base_1_regime_strong_village_information_policy_existing_with_ml_shadow,1,1,1,3636ee12b35a57bbe8811b59ccf2c37a2bfec25ced6170ee3f51615da6f64f83,stage2b_seed_227_base_1_regime_strong_village_information,1,4,existing_with_ml_shadow,4,227,1,3,final_test,existing_with_ml_shadow,0.5,2,3,4,3,0,4,0,4,0,2,wolf,1,1,4,1,1
0.0348273419392674,0.011850897819750822,1,strong_village_information,0,1,stage2b_seed_227_base_1_regime_strong_village_information_policy_selective_ml_override,1,1,1,3636ee12b35a57bbe8811b59ccf2c37a2bfec25ced6170ee3f51615da6f64f83,stage2b_seed_227_base_1_regime_strong_village_information,1,4,selective_ml_override,4,227,1,3,final_test,selective_ml_override,0.5,2,3,4,3,1,4,1,0,0,2,wolf,1,1,4,1,1
0.0348273419392674,0.011850897819750822,1,strong_village_information,0,1,stage2b_seed_227_base_1_regime_strong_village_information_policy_high_confidence_shadow,1,1,1,3636ee12b35a57bbe8811b59ccf2c37a2bfec25ced6170ee3f51615da6f64f83,stage2b_seed_227_base_1_regime_strong_village_information,1,4,high_confidence_shadow,4,227,1,3,final_test,high_confidence_shadow,0.5,2,3,4,3,0,4,1,4,0,2,wolf,1,1,4,1,1
0.0,0.015142658498545828,1,weak_village_information,0,1,stage2b_seed_227_base_1_regime_weak_village_information_policy_existing_rule,1,1,1,3636ee12b35a57bbe8811b59ccf2c37a2bfec25ced6170ee3f51615da6f64f83,stage2b_seed_227_base_1_regime_weak_village_information,0,3,existing_rule,3,227,1,3,final_test,existing_rule,0.6666666666666666,2,3,3,2,0,3,0,0,0,1,wolf,1,0,3,2,1
0.0,0.009133822965779123,1,weak_village_information,0,1,stage2b_seed_227_base_1_regime_weak_village_information_policy_ml_first_kill_only,0,1,1,3636ee12b35a57bbe8811b59ccf2c37a2bfec25ced6170ee3f51615da6f64f83,stage2b_seed_227_base_1_regime_weak_village_information,2,4,ml_first_kill_only,4,227,1,2,final_test,ml_first_kill_only,0.25,1,3,4,2,1,4,0,0,0,1,wolf,1,1,4,1,1
0.0,0.015142658498545828,1,weak_village_information,0,1,stage2b_seed_227_base_1_regime_weak_village_information_policy_ml_single_random_kill,1,1,1,3636ee12b35a57bbe8811b59ccf2c37a2bfec25ced6170ee3f51615da6f64f83,stage2b_seed_227_base_1_regime_weak_village_information,0,3,ml_single_random_kill,3,227,1,3,final_test,ml_single_random_kill,0.6666666666666666,2,3,3,2,1,3,0,0,0,1,wolf,1,0,3,2,1
0.0,0.009133822965779123,1,weak_village_information,0,1,stage2b_seed_227_base_1_regime_weak_village_information_policy_ml_first_two_kills,0,1,1,3636ee12b35a57bbe8811b59ccf2c37a2bfec25ced6170ee3f51615da6f64f83,stage2b_seed_227_base_1_regime_weak_village_information,2,4,ml_first_two_kills,4,227,1,2,final_test,ml_first_two_kills,0.25,1,3,4,2,2,4,0,0,0,1,wolf,1,1,4,1,1
0.0,0.009133822965779123,1,weak_village_information,0,1,stage2b_seed_227_base_1_regime_weak_village_information_policy_continuous_frozen_ml,0,1,1,3636ee12b35a57bbe8811b59ccf2c37a2bfec25ced6170ee3f51615da6f64f83,stage2b_seed_227_base_1_regime_weak_village_information,2,4,continuous_frozen_ml,4,227,1,1,final_test,continuous_frozen_ml,0.25,1,3,4,2,4,4,0,0,0,1,wolf,0,1,4,1,1
0.0,0.015142658498545828,1,weak_village_information,0,1,stage2b_seed_227_base_1_regime_weak_village_information_policy_existing_with_ml_shadow,1,1,1,3636ee12b35a57bbe8811b59ccf2c37a2bfec25ced6170ee3f51615da6f64f83,stage2b_seed_227_base_1_regime_weak_village_information,0,3,existing_with_ml_shadow,3,227,1,3,final_test,existing_with_ml_shadow,0.6666666666666666,2,3,3,2,0,3,0,3,0,1,wolf,1,0,3,2,1
0.02413324781758604,0.015142658498545828,1,weak_village_information,0,1,stage2b_seed_227_base_1_regime_weak_village_information_policy_selective_ml_override,1,1,1,3636ee12b35a57bbe8811b59ccf2c37a2bfec25ced6170ee3f51615da6f64f83,stage2b_seed_227_base_1_regime_weak_village_information,0,3,selective_ml_override,3,227,1,3,final_test,selective_ml_override,0.6666666666666666,2,3,3,2,0,3,0,0,0,1,wolf,1,0,3,2,1
0.02413324781758604,0.015142658498545828,1,weak_village_information,0,1,stage2b_seed_227_base_1_regime_weak_village_information_policy_high_confidence_shadow,1,1,1,3636ee12b35a57bbe8811b59ccf2c37a2bfec25ced6170ee3f51615da6f64f83,stage2b_seed_227_base_1_regime_weak_village_information,0,3,high_confidence_shadow,3,227,1,3,final_test,high_confidence_shadow,0.6666666666666666,2,3,3,2,0,3,0,3,0,1,wolf,1,0,3,2,1
0.0,0.012988330122963817,1,mixed_seer_strategy,0,,stage2b_seed_227_base_1_regime_mixed_seer_strategy_policy_existing_rule,0,0,1,3636ee12b35a57bbe8811b59ccf2c37a2bfec25ced6170ee3f51615da6f64f83,stage2b_seed_227_base_1_regime_mixed_seer_strategy,0,3,existing_rule,3,227,1,2,final_test,existing_rule,0.6666666666666666,2,2,3,2,0,3,0,0,0,2,wolf,1,1,3,3,1
0.0,0.012988330122963817,1,mixed_seer_strategy,0,,stage2b_seed_227_base_1_regime_mixed_seer_strategy_policy_ml_first_kill_only,0,0,1,3636ee12b35a57bbe8811b59ccf2c37a2bfec25ced6170ee3f51615da6f64f83,stage2b_seed_227_base_1_regime_mixed_seer_strategy,0,3,ml_first_kill_only,3,227,1,2,final_test,ml_first_kill_only,0.6666666666666666,2,2,3,2,1,3,0,0,0,2,wolf,1,1,3,3,1
0.0,0.012988330122963817,1,mixed_seer_strategy,0,,stage2b_seed_227_base_1_regime_mixed_seer_strategy_policy_ml_single_random_kill,0,0,1,3636ee12b35a57bbe8811b59ccf2c37a2bfec25ced6170ee3f51615da6f64f83,stage2b_seed_227_base_1_regime_mixed_seer_strategy,0,3,ml_single_random_kill,3,227,1,2,final_test,ml_single_random_kill,0.6666666666666666,2,2,3,2,1,3,0,0,0,2,wolf,1,1,3,3,1
0.0,0.012988330122963817,1,mixed_seer_strategy,0,,stage2b_seed_227_base_1_regime_mixed_seer_strategy_policy_ml_first_two_kills,0,0,1,3636ee12b35a57bbe8811b59ccf2c37a2bfec25ced6170ee3f51615da6f64f83,stage2b_seed_227_base_1_regime_mixed_seer_strategy,1,3,ml_first_two_kills,3,227,1,2,final_test,ml_first_two_kills,0.3333333333333333,1,2,3,2,2,3,0,0,0,2,wolf,1,1,3,3,1
0.0,0.012988330122963817,1,mixed_seer_strategy,0,,stage2b_seed_227_base_1_regime_mixed_seer_strategy_policy_continuous_frozen_ml,0,0,1,3636ee12b35a57bbe8811b59ccf2c37a2bfec25ced6170ee3f51615da6f64f83,stage2b_seed_227_base_1_regime_mixed_seer_strategy,2,3,continuous_frozen_ml,3,227,1,1,final_test,continuous_frozen_ml,0.0,0,2,3,2,3,3,0,0,0,2,wolf,0,1,3,3,1
0.0,0.012988330122963817,1,mixed_seer_strategy,0,,stage2b_seed_227_base_1_regime_mixed_seer_strategy_policy_existing_with_ml_shadow,0,0,1,3636ee12b35a57bbe8811b59ccf2c37a2bfec25ced6170ee3f51615da6f64f83,stage2b_seed_227_base_1_regime_mixed_seer_strategy,0,3,existing_with_ml_shadow,3,227,1,2,final_test,existing_with_ml_shadow,0.6666666666666666,2,2,3,2,0,3,0,3,0,2,wolf,1,1,3,3,1
0.01448984705620678,0.012988330122963817,1,mixed_seer_strategy,0,,stage2b_seed_227_base_1_regime_mixed_seer_strategy_policy_selective_ml_override,0,0,1,3636ee12b35a57bbe8811b59ccf2c37a2bfec25ced6170ee3f51615da6f64f83,stage2b_seed_227_base_1_regime_mixed_seer_strategy,0,3,selective_ml_override,3,227,1,2,final_test,selective_ml_override,0.6666666666666666,2,2,3,2,0,3,0,0,0,2,wolf,1,1,3,3,1
0.01448984705620678,0.012988330122963817,1,mixed_seer_strategy,0,,stage2b_seed_227_base_1_regime_mixed_seer_strategy_policy_high_confidence_shadow,0,0,1,3636ee12b35a57bbe8811b59ccf2c37a2bfec25ced6170ee3f51615da6f64f83,stage2b_seed_227_base_1_regime_mixed_seer_strategy,0,3,high_confidence_shadow,3,227,1,2,final_test,high_confidence_shadow,0.6666666666666666,2,2,3,2,0,3,0,3,0,2,wolf,1,1,3,3,1
0.0,0.003815728894923931,1,mixed_voting_strategy,0,,stage2b_seed_227_base_1_regime_mixed_voting_strategy_policy_existing_rule,0,1,1,3636ee12b35a57bbe8811b59ccf2c37a2bfec25ced6170ee3f51615da6f64f83,stage2b_seed_227_base_1_regime_mixed_voting_strategy,0,2,existing_rule,2,227,1,1,final_test,existing_rule,0.5,1,1,2,2,0,2,0,0,0,1,wolf,0,1,2,3,1
0.0,0.003815728894923931,1,mixed_voting_strategy,0,,stage2b_seed_227_base_1_regime_mixed_voting_strategy_policy_ml_first_kill_only,0,1,1,3636ee12b35a57bbe8811b59ccf2c37a2bfec25ced6170ee3f51615da6f64f83,stage2b_seed_227_base_1_regime_mixed_voting_strategy,0,2,ml_first_kill_only,2,227,1,1,final_test,ml_first_kill_only,0.5,1,1,2,2,1,2,0,0,0,1,wolf,0,1,2,3,1
0.0,0.003815728894923931,1,mixed_voting_strategy,0,,stage2b_seed_227_base_1_regime_mixed_voting_strategy_policy_ml_single_random_kill,0,1,1,3636ee12b35a57bbe8811b59ccf2c37a2bfec25ced6170ee3f51615da6f64f83,stage2b_seed_227_base_1_regime_mixed_voting_strategy,0,2,ml_single_random_kill,2,227,1,1,final_test,ml_single_random_kill,0.5,1,1,2,2,1,2,0,0,0,1,wolf,0,1,2,3,1
0.0,0.003815728894923931,1,mixed_voting_strategy,0,,stage2b_seed_227_base_1_regime_mixed_voting_strategy_policy_ml_first_two_kills,0,1,1,3636ee12b35a57bbe8811b59ccf2c37a2bfec25ced6170ee3f51615da6f64f83,stage2b_seed_227_base_1_regime_mixed_voting_strategy,0,2,ml_first_two_kills,2,227,0,0,final_test,ml_first_two_kills,0.5,1,1,2,2,2,2,0,0,0,1,wolf,0,1,2,3,1
0.0,0.003815728894923931,1,mixed_voting_strategy,0,,stage2b_seed_227_base_1_regime_mixed_voting_strategy_policy_continuous_frozen_ml,0,1,1,3636ee12b35a57bbe8811b59ccf2c37a2bfec25ced6170ee3f51615da6f64f83,stage2b_seed_227_base_1_regime_mixed_voting_strategy,0,2,continuous_frozen_ml,2,227,0,0,final_test,continuous_frozen_ml,0.5,1,1,2,2,2,2,0,0,0,1,wolf,0,1,2,3,1
0.0,0.003815728894923931,1,mixed_voting_strategy,0,,stage2b_seed_227_base_1_regime_mixed_voting_strategy_policy_existing_with_ml_shadow,0,1,1,3636ee12b35a57bbe8811b59ccf2c37a2bfec25ced6170ee3f51615da6f64f83,stage2b_seed_227_base_1_regime_mixed_voting_strategy,0,2,existing_with_ml_shadow,2,227,1,1,final_test,existing_with_ml_shadow,0.5,1,1,2,2,0,2,0,2,0,1,wolf,0,1,2,3,1
0.03860630000983889,0.003815728894923931,1,mixed_voting_strategy,0,,stage2b_seed_227_base_1_regime_mixed_voting_strategy_policy_selective_ml_override,0,1,1,3636ee12b35a57bbe8811b59ccf2c37a2bfec25ced6170ee3f51615da6f64f83,stage2b_seed_227_base_1_regime_mixed_voting_strategy,0,2,selective_ml_override,2,227,1,1,final_test,selective_ml_override,0.5,1,1,2,2,0,2,0,0,0,1,wolf,0,1,2,3,1
0.03860630000983889,0.003815728894923931,1,mixed_voting_strategy,0,,stage2b_seed_227_base_1_regime_mixed_voting_strategy_policy_high_confidence_shadow,0,1,1,3636ee12b35a57bbe8811b59ccf2c37a2bfec25ced6170ee3f51615da6f64f83,stage2b_seed_227_base_1_regime_mixed_voting_strategy,0,2,high_confidence_shadow,2,227,1,1,final_test,high_confidence_shadow,0.5,1,1,2,2,0,2,0,2,0,1,wolf,0,1,2,3,1
0.0,0.01029481580671776,1,mixed_wolf_deception_strategy,0,2,stage2b_seed_227_base_1_regime_mixed_wolf_deception_strategy_policy_existing_rule,1,1,1,3636ee12b35a57bbe8811b59ccf2c37a2bfec25ced6170ee3f51615da6f64f83,stage2b_seed_227_base_1_regime_mixed_wolf_deception_strategy,0,4,existing_rule,4,227,1,3,final_test,existing_rule,0.75,3,3,,4,0,4,0,0,1,1,village,1,1,4,0,0
0.0,0.016465100213421402,1,mixed_wolf_deception_strategy,0,2,stage2b_seed_227_base_1_regime_mixed_wolf_deception_strategy_policy_ml_first_kill_only,1,1,1,3636ee12b35a57bbe8811b59ccf2c37a2bfec25ced6170ee3f51615da6f64f83,stage2b_seed_227_base_1_regime_mixed_wolf_deception_strategy,0,4,ml_first_kill_only,4,227,1,3,final_test,ml_first_kill_only,0.75,3,3,4,3,1,4,0,0,0,2,wolf,1,1,4,1,1
0.0,0.009298861438124714,1,mixed_wolf_deception_strategy,0,2,stage2b_seed_227_base_1_regime_mixed_wolf_deception_strategy_policy_ml_single_random_kill,0,0,1,3636ee12b35a57bbe8811b59ccf2c37a2bfec25ced6170ee3f51615da6f64f83,stage2b_seed_227_base_1_regime_mixed_wolf_deception_strategy,0,3,ml_single_random_kill,3,227,1,1,final_test,ml_single_random_kill,0.6666666666666666,2,2,,3,1,3,0,0,1,1,village,0,1,3,0,0
0.0,0.016465100213421402,1,mixed_wolf_deception_strategy,0,2,stage2b_seed_227_base_1_regime_mixed_wolf_deception_strategy_policy_ml_first_two_kills,1,1,1,3636ee12b35a57bbe8811b59ccf2c37a2bfec25ced6170ee3f51615da6f64f83,stage2b_seed_227_base_1_regime_mixed_wolf_deception_strategy,0,4,ml_first_two_kills,4,227,1,3,final_test,ml_first_two_kills,0.75,3,3,4,3,2,4,0,0,0,2,wolf,1,1,4,1,1
0.0,0.008035797406215572,1,mixed_wolf_deception_strategy,0,2,stage2b_seed_227_base_1_regime_mixed_wolf_deception_strategy_policy_continuous_frozen_ml,1,1,1,3636ee12b35a57bbe8811b59ccf2c37a2bfec25ced6170ee3f51615da6f64f83,stage2b_seed_227_base_1_regime_mixed_wolf_deception_strategy,0,4,continuous_frozen_ml,4,227,1,2,final_test,continuous_frozen_ml,0.75,3,3,4,3,4,4,0,0,0,2,wolf,0,1,4,1,1
0.0,0.01029481580671776,1,mixed_wolf_deception_strategy,0,2,stage2b_seed_227_base_1_regime_mixed_wolf_deception_strategy_policy_existing_with_ml_shadow,1,1,1,3636ee12b35a57bbe8811b59ccf2c37a2bfec25ced6170ee3f51615da6f64f83,stage2b_seed_227_base_1_regime_mixed_wolf_deception_strategy,0,4,existing_with_ml_shadow,4,227,1,3,final_test,existing_with_ml_shadow,0.75,3,3,,4,0,4,0,4,1,1,village,1,1,4,0,0
0.026463416112805282,0.01029481580671776,1,mixed_wolf_deception_strategy,0,2,stage2b_seed_227_base_1_regime_mixed_wolf_deception_strategy_policy_selective_ml_override,1,1,1,3636ee12b35a57bbe8811b59ccf2c37a2bfec25ced6170ee3f51615da6f64f83,stage2b_seed_227_base_1_regime_mixed_wolf_deception_strategy,0,4,selective_ml_override,4,227,1,3,final_test,selective_ml_override,0.75,3,3,,4,0,4,0,0,1,1,village,1,1,4,0,0
0.026463416112805282,0.01029481580671776,1,mixed_wolf_deception_strategy,0,2,stage2b_seed_227_base_1_regime_mixed_wolf_deception_strategy_policy_high_confidence_shadow,1,1,1,3636ee12b35a57bbe8811b59ccf2c37a2bfec25ced6170ee3f51615da6f64f83,stage2b_seed_227_base_1_regime_mixed_wolf_deception_strategy,0,4,high_confidence_shadow,4,227,1,3,final_test,high_confidence_shadow,0.75,3,3,,4,0,4,0,4,1,1,village,1,1,4,0,0
0.0,0.018060258617413172,1,baseline_speech_enabled,0,1,stage2b_seed_228_base_1_regime_baseline_speech_enabled_policy_existing_rule,0,1,1,3636ee12b35a57bbe8811b59ccf2c37a2bfec25ced6170ee3f51615da6f64f83,stage2b_seed_228_base_1_regime_baseline_speech_enabled,1,4,existing_rule,4,228,1,1,final_test,existing_rule,0.5,2,3,4,4,0,4,0,0,0,3,wolf,0,1,4,1,1
0.0,0.018060258617413172,1,baseline_speech_enabled,0,1,stage2b_seed_228_base_1_regime_baseline_speech_enabled_policy_ml_first_kill_only,0,1,0,3636ee12b35a57bbe8811b59ccf2c37a2bfec25ced6170ee3f51615da6f64f83,stage2b_seed_228_base_1_regime_baseline_speech_enabled,2,4,ml_first_kill_only,4,228,1,1,final_test,ml_first_kill_only,0.5,2,3,4,4,1,4,0,0,0,3,wolf,0,1,4,1,1
0.0,0.018060258617413172,1,baseline_speech_enabled,0,1,stage2b_seed_228_base_1_regime_baseline_speech_enabled_policy_ml_single_random_kill,0,1,0,3636ee12b35a57bbe8811b59ccf2c37a2bfec25ced6170ee3f51615da6f64f83,stage2b_seed_228_base_1_regime_baseline_speech_enabled,2,4,ml_single_random_kill,4,228,1,1,final_test,ml_single_random_kill,0.5,2,3,4,4,1,4,0,0,0,3,wolf,0,1,4,1,1
0.0,0.017061855833127765,1,baseline_speech_enabled,0,1,stage2b_seed_228_base_1_regime_baseline_speech_enabled_policy_ml_first_two_kills,0,1,0,3636ee12b35a57bbe8811b59ccf2c37a2bfec25ced6170ee3f51615da6f64f83,stage2b_seed_228_base_1_regime_baseline_speech_enabled,1,3,ml_first_two_kills,3,228,1,1,final_test,ml_first_two_kills,0.6666666666666666,2,2,,3,2,3,0,0,1,2,village,0,1,3,0,0
0.0,0.017061855833127765,1,baseline_speech_enabled,0,1,stage2b_seed_228_base_1_regime_baseline_speech_enabled_policy_continuous_frozen_ml,0,1,0,3636ee12b35a57bbe8811b59ccf2c37a2bfec25ced6170ee3f51615da6f64f83,stage2b_seed_228_base_1_regime_baseline_speech_enabled,1,3,continuous_frozen_ml,3,228,0,0,final_test,continuous_frozen_ml,0.6666666666666666,2,2,,3,3,3,0,0,1,2,village,0,1,3,0,0
0.0,0.018060258617413172,1,baseline_speech_enabled,0,1,stage2b_seed_228_base_1_regime_baseline_speech_enabled_policy_existing_with_ml_shadow,0,1,1,3636ee12b35a57bbe8811b59ccf2c37a2bfec25ced6170ee3f51615da6f64f83,stage2b_seed_228_base_1_regime_baseline_speech_enabled,1,4,existing_with_ml_shadow,4,228,1,1,final_test,existing_with_ml_shadow,0.5,2,3,4,4,0,4,0,4,0,3,wolf,0,1,4,1,1
0.029296592765157448,0.018060258617413172,1,baseline_speech_enabled,0,1,stage2b_seed_228_base_1_regime_baseline_speech_enabled_policy_selective_ml_override,0,1,1,3636ee12b35a57bbe8811b59ccf2c37a2bfec25ced6170ee3f51615da6f64f83,stage2b_seed_228_base_1_regime_baseline_speech_enabled,1,4,selective_ml_override,4,228,1,1,final_test,selective_ml_override,0.5,2,3,4,4,0,4,0,0,0,3,wolf,0,1,4,1,1
0.029296592765157448,0.018060258617413172,1,baseline_speech_enabled,0,1,stage2b_seed_228_base_1_regime_baseline_speech_enabled_policy_high_confidence_shadow,0,1,1,3636ee12b35a57bbe8811b59ccf2c37a2bfec25ced6170ee3f51615da6f64f83,stage2b_seed_228_base_1_regime_baseline_speech_enabled,1,4,high_confidence_shadow,4,228,1,1,final_test,high_confidence_shadow,0.5,2,3,4,4,0,4,0,4,0,3,wolf,0,1,4,1,1
0.0,0.010264323984494755,1,speech_disabled,0,1,stage2b_seed_228_base_1_regime_speech_disabled_policy_existing_rule,1,1,1,3636ee12b35a57bbe8811b59ccf2c37a2bfec25ced6170ee3f51615da6f64f83,stage2b_seed_228_base_1_regime_speech_disabled,0,4,existing_rule,4,228,1,3,final_test,existing_rule,0.75,3,4,4,3,0,4,0,0,0,2,wolf,1,0,4,1,1
0.0,0.01599560402472089,1,speech_disabled,0,,stage2b_seed_228_base_1_regime_speech_disabled_policy_ml_first_kill_only,0,0,1,3636ee12b35a57bbe8811b59ccf2c37a2bfec25ced6170ee3f51615da6f64f83,stage2b_seed_228_base_1_regime_speech_disabled,1,2,ml_first_kill_only,2,228,1,2,final_test,ml_first_kill_only,0.0,0,2,2,2,1,2,0,0,0,2,wolf,1,0,2,3,1
0.0,0.01705702812951429,1,speech_disabled,0,1,stage2b_seed_228_base_1_regime_speech_disabled_policy_ml_single_random_kill,0,1,1,3636ee12b35a57bbe8811b59ccf2c37a2bfec25ced6170ee3f51615da6f64f83,stage2b_seed_228_base_1_regime_speech_disabled,1,4,ml_single_random_kill,4,228,1,2,final_test,ml_single_random_kill,0.5,2,3,4,4,1,4,0,0,0,2,wolf,1,1,4,1,1
0.0,0.01599560402472089,1,speech_disabled,0,,stage2b_seed_228_base_1_regime_speech_disabled_policy_ml_first_two_kills,0,0,1,3636ee12b35a57bbe8811b59ccf2c37a2bfec25ced6170ee3f51615da6f64f83,stage2b_seed_228_base_1_regime_speech_disabled,1,2,ml_first_two_kills,2,228,0,1,final_test,ml_first_two_kills,0.0,0,2,2,2,2,2,0,0,0,2,wolf,1,0,2,3,1
0.0,0.01599560402472089,1,speech_disabled,0,,stage2b_seed_228_base_1_regime_speech_disabled_policy_continuous_frozen_ml,0,0,1,3636ee12b35a57bbe8811b59ccf2c37a2bfec25ced6170ee3f51615da6f64f83,stage2b_seed_228_base_1_regime_speech_disabled,1,2,continuous_frozen_ml,2,228,0,1,final_test,continuous_frozen_ml,0.0,0,2,2,2,2,2,0,0,0,2,wolf,1,0,2,3,1
0.0,0.010264323984494755,1,speech_disabled,0,1,stage2b_seed_228_base_1_regime_speech_disabled_policy_existing_with_ml_shadow,1,1,1,3636ee12b35a57bbe8811b59ccf2c37a2bfec25ced6170ee3f51615da6f64f83,stage2b_seed_228_base_1_regime_speech_disabled,0,4,existing_with_ml_shadow,4,228,1,3,final_test,existing_with_ml_shadow,0.75,3,4,4,3,0,4,0,4,0,2,wolf,1,0,4,1,1
0.018826268798119522,0.010264323984494755,1,speech_disabled,0,1,stage2b_seed_228_base_1_regime_speech_disabled_policy_selective_ml_override,1,1,1,3636ee12b35a57bbe8811b59ccf2c37a2bfec25ced6170ee3f51615da6f64f83,stage2b_seed_228_base_1_regime_speech_disabled,0,4,selective_ml_override,4,228,1,3,final_test,selective_ml_override,0.75,3,4,4,3,0,4,0,0,0,2,wolf,1,0,4,1,1
0.018826268798119522,0.010264323984494755,1,speech_disabled,0,1,stage2b_seed_228_base_1_regime_speech_disabled_policy_high_confidence_shadow,1,1,1,3636ee12b35a57bbe8811b59ccf2c37a2bfec25ced6170ee3f51615da6f64f83,stage2b_seed_228_base_1_regime_speech_disabled,0,4,high_confidence_shadow,4,228,1,3,final_test,high_confidence_shadow,0.75,3,4,4,3,0,4,0,4,0,2,wolf,1,0,4,1,1
0.0,0.02300260113578939,1,herding_enabled,0,,stage2b_seed_228_base_1_regime_herding_enabled_policy_existing_rule,0,0,1,3636ee12b35a57bbe8811b59ccf2c37a2bfec25ced6170ee3f51615da6f64f83,stage2b_seed_228_base_1_regime_herding_enabled,0,2,existing_rule,2,228,1,2,final_test,existing_rule,0.5,1,2,2,2,0,2,0,0,0,2,wolf,1,0,2,3,1
0.0,0.009432765294915435,1,herding_enabled,0,1,stage2b_seed_228_base_1_regime_herding_enabled_policy_ml_first_kill_only,1,1,0,3636ee12b35a57bbe8811b59ccf2c37a2bfec25ced6170ee3f51615da6f64f83,stage2b_seed_228_base_1_regime_herding_enabled,1,4,ml_first_kill_only,4,228,1,2,final_test,ml_first_kill_only,0.75,3,3,4,3,1,4,0,0,0,2,wolf,0,1,4,1,1
0.0,0.02300260113578939,1,herding_enabled,0,,stage2b_seed_228_base_1_regime_herding_enabled_policy_ml_single_random_kill,1,1,1,3636ee12b35a57bbe8811b59ccf2c37a2bfec25ced6170ee3f51615da6f64f83,stage2b_seed_228_base_1_regime_herding_enabled,0,2,ml_single_random_kill,2,228,1,2,final_test,ml_single_random_kill,0.5,1,2,2,2,1,2,0,0,0,1,wolf,0,0,2,3,1
0.0,0.009432765294915435,1,herding_enabled,0,1,stage2b_seed_228_base_1_regime_herding_enabled_policy_ml_first_two_kills,1,1,0,3636ee12b35a57bbe8811b59ccf2c37a2bfec25ced6170ee3f51615da6f64f83,stage2b_seed_228_base_1_regime_herding_enabled,1,4,ml_first_two_kills,4,228,1,2,final_test,ml_first_two_kills,0.75,3,3,4,3,2,4,0,0,0,2,wolf,0,1,4,1,1
0.0,0.011374675219347236,1,herding_enabled,0,1,stage2b_seed_228_base_1_regime_herding_enabled_policy_continuous_frozen_ml,1,1,0,3636ee12b35a57bbe8811b59ccf2c37a2bfec25ced6170ee3f51615da6f64f83,stage2b_seed_228_base_1_regime_herding_enabled,1,4,continuous_frozen_ml,4,228,0,2,final_test,continuous_frozen_ml,0.75,3,3,4,3,4,4,0,0,0,2,wolf,1,1,4,1,1
0.0,0.02300260113578939,1,herding_enabled,0,,stage2b_seed_228_base_1_regime_herding_enabled_policy_existing_with_ml_shadow,0,0,1,3636ee12b35a57bbe8811b59ccf2c37a2bfec25ced6170ee3f51615da6f64f83,stage2b_seed_228_base_1_regime_herding_enabled,0,2,existing_with_ml_shadow,2,228,1,2,final_test,existing_with_ml_shadow,0.5,1,2,2,2,0,2,0,2,0,2,wolf,1,0,2,3,1
0.035265007851085106,0.02300260113578939,1,herding_enabled,0,,stage2b_seed_228_base_1_regime_herding_enabled_policy_selective_ml_override,0,0,1,3636ee12b35a57bbe8811b59ccf2c37a2bfec25ced6170ee3f51615da6f64f83,stage2b_seed_228_base_1_regime_herding_enabled,0,2,selective_ml_override,2,228,1,2,final_test,selective_ml_override,0.5,1,2,2,2,0,2,0,0,0,2,wolf,1,0,2,3,1
0.035265007851085106,0.02300260113578939,1,herding_enabled,0,,stage2b_seed_228_base_1_regime_herding_enabled_policy_high_confidence_shadow,0,0,1,3636ee12b35a57bbe8811b59ccf2c37a2bfec25ced6170ee3f51615da6f64f83,stage2b_seed_228_base_1_regime_herding_enabled,0,2,high_confidence_shadow,2,228,1,2,final_test,high_confidence_shadow,0.5,1,2,2,2,0,2,0,2,0,2,wolf,1,0,2,3,1
0.0,0.00222246252129669,1,deception_enabled,0,1,stage2b_seed_228_base_1_regime_deception_enabled_policy_existing_rule,0,0,1,3636ee12b35a57bbe8811b59ccf2c37a2bfec25ced6170ee3f51615da6f64f83,stage2b_seed_228_base_1_regime_deception_enabled,1,3,existing_rule,3,228,1,2,final_test,existing_rule,0.3333333333333333,1,2,3,2,0,3,0,0,0,3,wolf,1,1,3,2,1
0.0,0.00222246252129669,1,deception_enabled,0,1,stage2b_seed_228_base_1_regime_deception_enabled_policy_ml_first_kill_only,0,0,1,3636ee12b35a57bbe8811b59ccf2c37a2bfec25ced6170ee3f51615da6f64f83,stage2b_seed_228_base_1_regime_deception_enabled,1,3,ml_first_kill_only,3,228,1,2,final_test,ml_first_kill_only,0.3333333333333333,1,2,3,2,1,3,0,0,0,3,wolf,1,1,3,2,1
0.0,0.00222246252129669,1,deception_enabled,0,1,stage2b_seed_228_base_1_regime_deception_enabled_policy_ml_single_random_kill,0,0,1,3636ee12b35a57bbe8811b59ccf2c37a2bfec25ced6170ee3f51615da6f64f83,stage2b_seed_228_base_1_regime_deception_enabled,1,3,ml_single_random_kill,3,228,1,2,final_test,ml_single_random_kill,0.3333333333333333,1,2,3,2,1,3,0,0,0,3,wolf,1,1,3,2,1
0.0,0.00222246252129669,1,deception_enabled,0,1,stage2b_seed_228_base_1_regime_deception_enabled_policy_ml_first_two_kills,0,0,1,3636ee12b35a57bbe8811b59ccf2c37a2bfec25ced6170ee3f51615da6f64f83,stage2b_seed_228_base_1_regime_deception_enabled,1,3,ml_first_two_kills,3,228,1,2,final_test,ml_first_two_kills,0.3333333333333333,1,2,3,2,2,3,0,0,0,3,wolf,1,1,3,2,1
0.0,0.00222246252129669,1,deception_enabled,0,1,stage2b_seed_228_base_1_regime_deception_enabled_policy_continuous_frozen_ml,0,0,1,3636ee12b35a57bbe8811b59ccf2c37a2bfec25ced6170ee3f51615da6f64f83,stage2b_seed_228_base_1_regime_deception_enabled,1,3,continuous_frozen_ml,3,228,1,1,final_test,continuous_frozen_ml,0.3333333333333333,1,2,3,2,3,3,0,0,0,3,wolf,0,1,3,2,1
0.0,0.00222246252129669,1,deception_enabled,0,1,stage2b_seed_228_base_1_regime_deception_enabled_policy_existing_with_ml_shadow,0,0,1,3636ee12b35a57bbe8811b59ccf2c37a2bfec25ced6170ee3f51615da6f64f83,stage2b_seed_228_base_1_regime_deception_enabled,1,3,existing_with_ml_shadow,3,228,1,2,final_test,existing_with_ml_shadow,0.3333333333333333,1,2,3,2,0,3,0,3,0,3,wolf,1,1,3,2,1
0.00022440879233154298,0.00222246252129669,1,deception_enabled,0,1,stage2b_seed_228_base_1_regime_deception_enabled_policy_selective_ml_override,0,0,1,3636ee12b35a57bbe8811b59ccf2c37a2bfec25ced6170ee3f51615da6f64f83,stage2b_seed_228_base_1_regime_deception_enabled,1,3,selective_ml_override,3,228,1,2,final_test,selective_ml_override,0.3333333333333333,1,2,3,2,0,3,0,0,0,3,wolf,1,1,3,2,1
0.00022440879233154298,0.00222246252129669,1,deception_enabled,0,1,stage2b_seed_228_base_1_regime_deception_enabled_policy_high_confidence_shadow,0,0,1,3636ee12b35a57bbe8811b59ccf2c37a2bfec25ced6170ee3f51615da6f64f83,stage2b_seed_228_base_1_regime_deception_enabled,1,3,high_confidence_shadow,3,228,1,2,final_test,high_confidence_shadow,0.3333333333333333,1,2,3,2,0,3,0,3,0,3,wolf,1,1,3,2,1
0.0,0.011309963784981794,1,heterogeneous_risk_preference,0,1,stage2b_seed_228_base_1_regime_heterogeneous_risk_preference_policy_existing_rule,1,0,0,3636ee12b35a57bbe8811b59ccf2c37a2bfec25ced6170ee3f51615da6f64f83,stage2b_seed_228_base_1_regime_heterogeneous_risk_preference,1,4,existing_rule,4,228,1,3,final_test,existing_rule,0.75,3,3,4,2,0,4,0,0,0,2,wolf,1,1,4,2,1
0.0,0.011309963784981794,1,heterogeneous_risk_preference,0,1,stage2b_seed_228_base_1_regime_heterogeneous_risk_preference_policy_ml_first_kill_only,1,0,0,3636ee12b35a57bbe8811b59ccf2c37a2bfec25ced6170ee3f51615da6f64f83,stage2b_seed_228_base_1_regime_heterogeneous_risk_preference,1,4,ml_first_kill_only,4,228,1,3,final_test,ml_first_kill_only,0.75,3,3,4,2,1,4,0,0,0,2,wolf,1,1,4,2,1
0.0,0.016511392553228494,1,heterogeneous_risk_preference,0,1,stage2b_seed_228_base_1_regime_heterogeneous_risk_preference_policy_ml_single_random_kill,0,0,0,3636ee12b35a57bbe8811b59ccf2c37a2bfec25ced6170ee3f51615da6f64f83,stage2b_seed_228_base_1_regime_heterogeneous_risk_preference,1,3,ml_single_random_kill,3,228,1,1,final_test,ml_single_random_kill,0.6666666666666666,2,2,,2,1,3,0,0,1,1,village,0,1,3,0,0
0.0,0.016511392553228494,1,heterogeneous_risk_preference,0,1,stage2b_seed_228_base_1_regime_heterogeneous_risk_preference_policy_ml_first_two_kills,0,0,0,3636ee12b35a57bbe8811b59ccf2c37a2bfec25ced6170ee3f51615da6f64f83,stage2b_seed_228_base_1_regime_heterogeneous_risk_preference,1,3,ml_first_two_kills,3,228,1,1,final_test,ml_first_two_kills,0.6666666666666666,2,2,,2,2,3,0,0,1,1,village,0,1,3,0,0
0.0,0.016511392553228494,1,heterogeneous_risk_preference,0,1,stage2b_seed_228_base_1_regime_heterogeneous_risk_preference_policy_continuous_frozen_ml,1,1,0,3636ee12b35a57bbe8811b59ccf2c37a2bfec25ced6170ee3f51615da6f64f83,stage2b_seed_228_base_1_regime_heterogeneous_risk_preference,1,3,continuous_frozen_ml,3,228,0,1,final_test,continuous_frozen_ml,0.6666666666666666,2,2,,2,3,3,0,0,1,1,village,0,1,3,0,0
0.0,0.011309963784981794,1,heterogeneous_risk_preference,0,1,stage2b_seed_228_base_1_regime_heterogeneous_risk_preference_policy_existing_with_ml_shadow,1,0,0,3636ee12b35a57bbe8811b59ccf2c37a2bfec25ced6170ee3f51615da6f64f83,stage2b_seed_228_base_1_regime_heterogeneous_risk_preference,1,4,existing_with_ml_shadow,4,228,1,3,final_test,existing_with_ml_shadow,0.75,3,3,4,2,0,4,0,4,0,2,wolf,1,1,4,2,1
0.011328336352869645,0.011309963784981794,1,heterogeneous_risk_preference,0,1,stage2b_seed_228_base_1_regime_heterogeneous_risk_preference_policy_selective_ml_override,1,0,0,3636ee12b35a57bbe8811b59ccf2c37a2bfec25ced6170ee3f51615da6f64f83,stage2b_seed_228_base_1_regime_heterogeneous_risk_preference,1,4,selective_ml_override,4,228,1,3,final_test,selective_ml_override,0.75,3,3,4,2,0,4,0,0,0,2,wolf,1,1,4,2,1
0.011328336352869645,0.011309963784981794,1,heterogeneous_risk_preference,0,1,stage2b_seed_228_base_1_regime_heterogeneous_risk_preference_policy_high_confidence_shadow,1,0,0,3636ee12b35a57bbe8811b59ccf2c37a2bfec25ced6170ee3f51615da6f64f83,stage2b_seed_228_base_1_regime_heterogeneous_risk_preference,1,4,high_confidence_shadow,4,228,1,3,final_test,high_confidence_shadow,0.75,3,3,4,2,0,4,0,4,0,2,wolf,1,1,4,2,1
0.0,0.0027224909588410284,1,strong_village_information,0,,stage2b_seed_228_base_1_regime_strong_village_information_policy_existing_rule,0,0,1,3636ee12b35a57bbe8811b59ccf2c37a2bfec25ced6170ee3f51615da6f64f83,stage2b_seed_228_base_1_regime_strong_village_information,0,3,existing_rule,3,228,1,2,final_test,existing_rule,0.6666666666666666,2,2,3,2,0,3,0,0,0,2,wolf,1,1,3,3,1
0.0,0.0027224909588410284,1,strong_village_information,0,,stage2b_seed_228_base_1_regime_strong_village_information_policy_ml_first_kill_only,0,0,1,3636ee12b35a57bbe8811b59ccf2c37a2bfec25ced6170ee3f51615da6f64f83,stage2b_seed_228_base_1_regime_strong_village_information,0,3,ml_first_kill_only,3,228,1,2,final_test,ml_first_kill_only,0.6666666666666666,2,2,3,2,1,3,0,0,0,2,wolf,1,1,3,3,1
0.0,0.0027224909588410284,1,strong_village_information,0,,stage2b_seed_228_base_1_regime_strong_village_information_policy_ml_single_random_kill,0,0,1,3636ee12b35a57bbe8811b59ccf2c37a2bfec25ced6170ee3f51615da6f64f83,stage2b_seed_228_base_1_regime_strong_village_information,0,3,ml_single_random_kill,3,228,1,2,final_test,ml_single_random_kill,0.6666666666666666,2,2,3,2,1,3,0,0,0,2,wolf,1,1,3,3,1
0.0,0.005452264967386118,1,strong_village_information,0,,stage2b_seed_228_base_1_regime_strong_village_information_policy_ml_first_two_kills,0,0,1,3636ee12b35a57bbe8811b59ccf2c37a2bfec25ced6170ee3f51615da6f64f83,stage2b_seed_228_base_1_regime_strong_village_information,0,3,ml_first_two_kills,3,228,1,2,final_test,ml_first_two_kills,0.6666666666666666,2,2,3,3,2,3,0,0,0,2,wolf,1,1,3,3,1
0.0,0.005452264967386118,1,strong_village_information,0,,stage2b_seed_228_base_1_regime_strong_village_information_policy_continuous_frozen_ml,0,0,1,3636ee12b35a57bbe8811b59ccf2c37a2bfec25ced6170ee3f51615da6f64f83,stage2b_seed_228_base_1_regime_strong_village_information,0,3,continuous_frozen_ml,3,228,0,1,final_test,continuous_frozen_ml,0.6666666666666666,2,2,3,3,3,3,0,0,0,2,wolf,1,1,3,3,1
0.0,0.0027224909588410284,1,strong_village_information,0,,stage2b_seed_228_base_1_regime_strong_village_information_policy_existing_with_ml_shadow,0,0,1,3636ee12b35a57bbe8811b59ccf2c37a2bfec25ced6170ee3f51615da6f64f83,stage2b_seed_228_base_1_regime_strong_village_information,0,3,existing_with_ml_shadow,3,228,1,2,final_test,existing_with_ml_shadow,0.6666666666666666,2,2,3,2,0,3,0,3,0,2,wolf,1,1,3,3,1
0.006864166419180788,0.0027224909588410284,1,strong_village_information,0,,stage2b_seed_228_base_1_regime_strong_village_information_policy_selective_ml_override,0,0,1,3636ee12b35a57bbe8811b59ccf2c37a2bfec25ced6170ee3f51615da6f64f83,stage2b_seed_228_base_1_regime_strong_village_information,0,3,selective_ml_override,3,228,1,2,final_test,selective_ml_override,0.6666666666666666,2,2,3,2,0,3,0,0,0,2,wolf,1,1,3,3,1
0.006864166419180788,0.0027224909588410284,1,strong_village_information,0,,stage2b_seed_228_base_1_regime_strong_village_information_policy_high_confidence_shadow,0,0,1,3636ee12b35a57bbe8811b59ccf2c37a2bfec25ced6170ee3f51615da6f64f83,stage2b_seed_228_base_1_regime_strong_village_information,0,3,high_confidence_shadow,3,228,1,2,final_test,high_confidence_shadow,0.6666666666666666,2,2,3,2,0,3,0,3,0,2,wolf,1,1,3,3,1
0.0,0.02043157280096891,1,weak_village_information,0,,stage2b_seed_228_base_1_regime_weak_village_information_policy_existing_rule,0,0,1,3636ee12b35a57bbe8811b59ccf2c37a2bfec25ced6170ee3f51615da6f64f83,stage2b_seed_228_base_1_regime_weak_village_information,1,2,existing_rule,2,228,1,2,final_test,existing_rule,0.0,0,2,2,1,0,2,0,0,0,2,wolf,1,0,2,3,1
0.0,0.007952824222537772,1,weak_village_information,0,2,stage2b_seed_228_base_1_regime_weak_village_information_policy_ml_first_kill_only,1,1,0,3636ee12b35a57bbe8811b59ccf2c37a2bfec25ced6170ee3f51615da6f64f83,stage2b_seed_228_base_1_regime_weak_village_information,1,3,ml_first_kill_only,3,228,1,3,final_test,ml_first_kill_only,0.6666666666666666,2,3,,3,1,3,0,0,1,1,village,1,0,3,0,0
0.0,0.02043157280096891,1,weak_village_information,0,,stage2b_seed_228_base_1_regime_weak_village_information_policy_ml_single_random_kill,0,0,1,3636ee12b35a57bbe8811b59ccf2c37a2bfec25ced6170ee3f51615da6f64f83,stage2b_seed_228_base_1_regime_weak_village_information,1,2,ml_single_random_kill,2,228,1,2,final_test,ml_single_random_kill,0.0,0,2,2,1,1,2,0,0,0,2,wolf,1,0,2,3,1
0.0,0.00981512798120543,1,weak_village_information,0,,stage2b_seed_228_base_1_regime_weak_village_information_policy_ml_first_two_kills,0,0,0,3636ee12b35a57bbe8811b59ccf2c37a2bfec25ced6170ee3f51615da6f64f83,stage2b_seed_228_base_1_regime_weak_village_information,2,2,ml_first_two_kills,2,228,0,1,final_test,ml_first_two_kills,0.0,0,2,2,2,2,2,0,0,0,2,wolf,1,0,2,3,1
0.0,0.00981512798120543,1,weak_village_information,0,,stage2b_seed_228_base_1_regime_weak_village_information_policy_continuous_frozen_ml,0,0,0,3636ee12b35a57bbe8811b59ccf2c37a2bfec25ced6170ee3f51615da6f64f83,stage2b_seed_228_base_1_regime_weak_village_information,2,2,continuous_frozen_ml,2,228,0,1,final_test,continuous_frozen_ml,0.0,0,2,2,2,2,2,0,0,0,2,wolf,1,0,2,3,1
0.0,0.02043157280096891,1,weak_village_information,0,,stage2b_seed_228_base_1_regime_weak_village_information_policy_existing_with_ml_shadow,0,0,1,3636ee12b35a57bbe8811b59ccf2c37a2bfec25ced6170ee3f51615da6f64f83,stage2b_seed_228_base_1_regime_weak_village_information,1,2,existing_with_ml_shadow,2,228,1,2,final_test,existing_with_ml_shadow,0.0,0,2,2,1,0,2,0,2,0,2,wolf,1,0,2,3,1
0.025725486226678806,0.02043157280096891,1,weak_village_information,0,,stage2b_seed_228_base_1_regime_weak_village_information_policy_selective_ml_override,0,0,1,3636ee12b35a57bbe8811b59ccf2c37a2bfec25ced6170ee3f51615da6f64f83,stage2b_seed_228_base_1_regime_weak_village_information,1,2,selective_ml_override,2,228,1,2,final_test,selective_ml_override,0.0,0,2,2,1,0,2,0,0,0,2,wolf,1,0,2,3,1
0.025725486226678806,0.02043157280096891,1,weak_village_information,0,,stage2b_seed_228_base_1_regime_weak_village_information_policy_high_confidence_shadow,0,0,1,3636ee12b35a57bbe8811b59ccf2c37a2bfec25ced6170ee3f51615da6f64f83,stage2b_seed_228_base_1_regime_weak_village_information,1,2,high_confidence_shadow,2,228,1,2,final_test,high_confidence_shadow,0.0,0,2,2,1,0,2,0,2,0,2,wolf,1,0,2,3,1
0.0,0.010437963483438914,1,mixed_seer_strategy,0,1,stage2b_seed_228_base_1_regime_mixed_seer_strategy_policy_existing_rule,0,1,1,3636ee12b35a57bbe8811b59ccf2c37a2bfec25ced6170ee3f51615da6f64f83,stage2b_seed_228_base_1_regime_mixed_seer_strategy,0,3,existing_rule,3,228,1,2,final_test,existing_rule,0.6666666666666666,2,3,3,1,0,3,0,0,0,2,wolf,1,0,3,1,1
0.0,0.007279827137856243,1,mixed_seer_strategy,0,1,stage2b_seed_228_base_1_regime_mixed_seer_strategy_policy_ml_first_kill_only,0,1,1,3636ee12b35a57bbe8811b59ccf2c37a2bfec25ced6170ee3f51615da6f64f83,stage2b_seed_228_base_1_regime_mixed_seer_strategy,0,3,ml_first_kill_only,3,228,1,2,final_test,ml_first_kill_only,0.6666666666666666,2,3,3,2,1,3,0,0,0,1,wolf,1,0,3,2,1
0.0,0.007279827137856243,1,mixed_seer_strategy,0,1,stage2b_seed_228_base_1_regime_mixed_seer_strategy_policy_ml_single_random_kill,0,1,1,3636ee12b35a57bbe8811b59ccf2c37a2bfec25ced6170ee3f51615da6f64f83,stage2b_seed_228_base_1_regime_mixed_seer_strategy,0,3,ml_single_random_kill,3,228,1,2,final_test,ml_single_random_kill,0.6666666666666666,2,3,3,2,1,3,0,0,0,1,wolf,1,0,3,2,1
0.0,0.0048738569122462605,1,mixed_seer_strategy,0,1,stage2b_seed_228_base_1_regime_mixed_seer_strategy_policy_ml_first_two_kills,1,1,1,3636ee12b35a57bbe8811b59ccf2c37a2bfec25ced6170ee3f51615da6f64f83,stage2b_seed_228_base_1_regime_mixed_seer_strategy,1,4,ml_first_two_kills,4,228,1,3,final_test,ml_first_two_kills,0.5,2,4,4,4,2,4,0,0,0,1,wolf,1,0,4,1,1
0.0,0.0054450068900203374,1,mixed_seer_strategy,0,1,stage2b_seed_228_base_1_regime_mixed_seer_strategy_policy_continuous_frozen_ml,1,1,1,3636ee12b35a57bbe8811b59ccf2c37a2bfec25ced6170ee3f51615da6f64f83,stage2b_seed_228_base_1_regime_mixed_seer_strategy,1,4,continuous_frozen_ml,4,228,0,2,final_test,continuous_frozen_ml,0.5,2,4,4,4,4,4,0,0,0,1,wolf,1,0,4,1,1
0.0,0.010437963483438914,1,mixed_seer_strategy,0,1,stage2b_seed_228_base_1_regime_mixed_seer_strategy_policy_existing_with_ml_shadow,0,1,1,3636ee12b35a57bbe8811b59ccf2c37a2bfec25ced6170ee3f51615da6f64f83,stage2b_seed_228_base_1_regime_mixed_seer_strategy,0,3,existing_with_ml_shadow,3,228,1,2,final_test,existing_with_ml_shadow,0.6666666666666666,2,3,3,1,0,3,0,3,0,2,wolf,1,0,3,1,1
0.003572551083439013,0.010437963483438914,1,mixed_seer_strategy,0,1,stage2b_seed_228_base_1_regime_mixed_seer_strategy_policy_selective_ml_override,0,1,1,3636ee12b35a57bbe8811b59ccf2c37a2bfec25ced6170ee3f51615da6f64f83,stage2b_seed_228_base_1_regime_mixed_seer_strategy,0,3,selective_ml_override,3,228,1,2,final_test,selective_ml_override,0.6666666666666666,2,3,3,1,0,3,0,0,0,2,wolf,1,0,3,1,1
0.003572551083439013,0.010437963483438914,1,mixed_seer_strategy,0,1,stage2b_seed_228_base_1_regime_mixed_seer_strategy_policy_high_confidence_shadow,0,1,1,3636ee12b35a57bbe8811b59ccf2c37a2bfec25ced6170ee3f51615da6f64f83,stage2b_seed_228_base_1_regime_mixed_seer_strategy,0,3,high_confidence_shadow,3,228,1,2,final_test,high_confidence_shadow,0.6666666666666666,2,3,3,1,0,3,0,3,0,2,wolf,1,0,3,1,1
0.0,0.021460103209454184,1,mixed_voting_strategy,0,1,stage2b_seed_228_base_1_regime_mixed_voting_strategy_policy_existing_rule,1,1,0,3636ee12b35a57bbe8811b59ccf2c37a2bfec25ced6170ee3f51615da6f64f83,stage2b_seed_228_base_1_regime_mixed_voting_strategy,1,3,existing_rule,3,228,1,3,final_test,existing_rule,0.6666666666666666,2,3,3,3,0,3,0,0,0,2,wolf,1,0,3,1,1
0.0,0.015960646919116417,1,mixed_voting_strategy,0,1,stage2b_seed_228_base_1_regime_mixed_voting_strategy_policy_ml_first_kill_only,1,1,0,3636ee12b35a57bbe8811b59ccf2c37a2bfec25ced6170ee3f51615da6f64f83,stage2b_seed_228_base_1_regime_mixed_voting_strategy,1,4,ml_first_kill_only,4,228,1,3,final_test,ml_first_kill_only,0.75,3,4,4,3,1,4,0,0,0,1,wolf,1,0,4,1,1
0.0,0.015960646919116417,1,mixed_voting_strategy,0,1,stage2b_seed_228_base_1_regime_mixed_voting_strategy_policy_ml_single_random_kill,1,1,0,3636ee12b35a57bbe8811b59ccf2c37a2bfec25ced6170ee3f51615da6f64f83,stage2b_seed_228_base_1_regime_mixed_voting_strategy,1,4,ml_single_random_kill,4,228,1,3,final_test,ml_single_random_kill,0.75,3,4,4,3,1,4,0,0,0,1,wolf,1,0,4,1,1
0.0,0.011996774639047303,1,mixed_voting_strategy,0,1,stage2b_seed_228_base_1_regime_mixed_voting_strategy_policy_ml_first_two_kills,1,1,0,3636ee12b35a57bbe8811b59ccf2c37a2bfec25ced6170ee3f51615da6f64f83,stage2b_seed_228_base_1_regime_mixed_voting_strategy,1,4,ml_first_two_kills,4,228,1,3,final_test,ml_first_two_kills,0.75,3,4,4,4,2,4,0,0,0,1,wolf,1,0,4,1,1
0.0,0.007926640155229592,1,mixed_voting_strategy,0,1,stage2b_seed_228_base_1_regime_mixed_voting_strategy_policy_continuous_frozen_ml,1,1,0,3636ee12b35a57bbe8811b59ccf2c37a2bfec25ced6170ee3f51615da6f64f83,stage2b_seed_228_base_1_regime_mixed_voting_strategy,1,4,continuous_frozen_ml,4,228,0,2,final_test,continuous_frozen_ml,0.75,3,4,4,4,4,4,0,0,0,1,wolf,1,0,4,1,1
0.0,0.021460103209454184,1,mixed_voting_strategy,0,1,stage2b_seed_228_base_1_regime_mixed_voting_strategy_policy_existing_with_ml_shadow,1,1,0,3636ee12b35a57bbe8811b59ccf2c37a2bfec25ced6170ee3f51615da6f64f83,stage2b_seed_228_base_1_regime_mixed_voting_strategy,1,3,existing_with_ml_shadow,3,228,1,3,final_test,existing_with_ml_shadow,0.6666666666666666,2,3,3,3,0,3,0,3,0,2,wolf,1,0,3,1,1
0.034907202504934266,0.021460103209454184,1,mixed_voting_strategy,0,1,stage2b_seed_228_base_1_regime_mixed_voting_strategy_policy_selective_ml_override,1,1,0,3636ee12b35a57bbe8811b59ccf2c37a2bfec25ced6170ee3f51615da6f64f83,stage2b_seed_228_base_1_regime_mixed_voting_strategy,1,3,selective_ml_override,3,228,1,3,final_test,selective_ml_override,0.6666666666666666,2,3,3,3,0,3,0,0,0,2,wolf,1,0,3,1,1
0.034907202504934266,0.021460103209454184,1,mixed_voting_strategy,0,1,stage2b_seed_228_base_1_regime_mixed_voting_strategy_policy_high_confidence_shadow,1,1,0,3636ee12b35a57bbe8811b59ccf2c37a2bfec25ced6170ee3f51615da6f64f83,stage2b_seed_228_base_1_regime_mixed_voting_strategy,1,3,high_confidence_shadow,3,228,1,3,final_test,high_confidence_shadow,0.6666666666666666,2,3,3,3,0,3,0,3,0,2,wolf,1,0,3,1,1
0.0,0.004484767538881385,1,mixed_wolf_deception_strategy,0,,stage2b_seed_228_base_1_regime_mixed_wolf_deception_strategy_policy_existing_rule,0,0,1,3636ee12b35a57bbe8811b59ccf2c37a2bfec25ced6170ee3f51615da6f64f83,stage2b_seed_228_base_1_regime_mixed_wolf_deception_strategy,2,3,existing_rule,3,228,1,2,final_test,existing_rule,0.0,0,2,3,3,0,3,0,0,0,2,wolf,1,1,3,3,1
0.0,0.005931111859350875,1,mixed_wolf_deception_strategy,0,,stage2b_seed_228_base_1_regime_mixed_wolf_deception_strategy_policy_ml_first_kill_only,0,0,1,3636ee12b35a57bbe8811b59ccf2c37a2bfec25ced6170ee3f51615da6f64f83,stage2b_seed_228_base_1_regime_mixed_wolf_deception_strategy,1,3,ml_first_kill_only,3,228,0,1,final_test,ml_first_kill_only,0.3333333333333333,1,2,3,3,1,3,0,0,0,2,wolf,1,1,3,3,1
0.0,0.004484767538881385,1,mixed_wolf_deception_strategy,0,,stage2b_seed_228_base_1_regime_mixed_wolf_deception_strategy_policy_ml_single_random_kill,1,0,1,3636ee12b35a57bbe8811b59ccf2c37a2bfec25ced6170ee3f51615da6f64f83,stage2b_seed_228_base_1_regime_mixed_wolf_deception_strategy,1,3,ml_single_random_kill,3,228,1,2,final_test,ml_single_random_kill,0.3333333333333333,1,2,3,3,1,3,0,0,0,2,wolf,0,1,3,3,1
0.0,0.005931111859350875,1,mixed_wolf_deception_strategy,0,,stage2b_seed_228_base_1_regime_mixed_wolf_deception_strategy_policy_ml_first_two_kills,0,0,1,3636ee12b35a57bbe8811b59ccf2c37a2bfec25ced6170ee3f51615da6f64f83,stage2b_seed_228_base_1_regime_mixed_wolf_deception_strategy,0,3,ml_first_two_kills,3,228,0,1,final_test,ml_first_two_kills,0.6666666666666666,2,2,3,3,2,3,0,0,0,2,wolf,1,1,3,3,1
0.0,0.005931111859350875,1,mixed_wolf_deception_strategy,0,,stage2b_seed_228_base_1_regime_mixed_wolf_deception_strategy_policy_continuous_frozen_ml,0,0,1,3636ee12b35a57bbe8811b59ccf2c37a2bfec25ced6170ee3f51615da6f64f83,stage2b_seed_228_base_1_regime_mixed_wolf_deception_strategy,0,3,continuous_frozen_ml,3,228,0,0,final_test,continuous_frozen_ml,0.6666666666666666,2,2,3,3,3,3,0,0,0,2,wolf,0,1,3,3,1
0.0,0.004484767538881385,1,mixed_wolf_deception_strategy,0,,stage2b_seed_228_base_1_regime_mixed_wolf_deception_strategy_policy_existing_with_ml_shadow,0,0,1,3636ee12b35a57bbe8811b59ccf2c37a2bfec25ced6170ee3f51615da6f64f83,stage2b_seed_228_base_1_regime_mixed_wolf_deception_strategy,2,3,existing_with_ml_shadow,3,228,1,2,final_test,existing_with_ml_shadow,0.0,0,2,3,3,0,3,0,3,0,2,wolf,1,1,3,3,1
0.016274084798912496,0.005931111859350875,1,mixed_wolf_deception_strategy,0,,stage2b_seed_228_base_1_regime_mixed_wolf_deception_strategy_policy_selective_ml_override,0,0,1,3636ee12b35a57bbe8811b59ccf2c37a2bfec25ced6170ee3f51615da6f64f83,stage2b_seed_228_base_1_regime_mixed_wolf_deception_strategy,1,3,selective_ml_override,3,228,0,1,final_test,selective_ml_override,0.3333333333333333,1,2,3,3,1,3,1,0,0,2,wolf,1,1,3,3,1
0.014431702360793238,0.004484767538881385,1,mixed_wolf_deception_strategy,0,,stage2b_seed_228_base_1_regime_mixed_wolf_deception_strategy_policy_high_confidence_shadow,0,0,1,3636ee12b35a57bbe8811b59ccf2c37a2bfec25ced6170ee3f51615da6f64f83,stage2b_seed_228_base_1_regime_mixed_wolf_deception_strategy,2,3,high_confidence_shadow,3,228,1,2,final_test,high_confidence_shadow,0.0,0,2,3,3,0,3,1,3,0,2,wolf,1,1,3,3,1
0.0,0.01201980050100035,1,baseline_speech_enabled,0,1,stage2b_seed_229_base_1_regime_baseline_speech_enabled_policy_existing_rule,1,1,1,3636ee12b35a57bbe8811b59ccf2c37a2bfec25ced6170ee3f51615da6f64f83,stage2b_seed_229_base_1_regime_baseline_speech_enabled,0,4,existing_rule,4,229,1,3,final_test,existing_rule,0.75,3,4,4,3,0,4,0,0,0,2,wolf,1,0,4,1,1
0.0,0.005810325090920054,1,baseline_speech_enabled,0,1,stage2b_seed_229_base_1_regime_baseline_speech_enabled_policy_ml_first_kill_only,0,0,1,3636ee12b35a57bbe8811b59ccf2c37a2bfec25ced6170ee3f51615da6f64f83,stage2b_seed_229_base_1_regime_baseline_speech_enabled,0,3,ml_first_kill_only,3,229,1,1,final_test,ml_first_kill_only,0.6666666666666666,2,2,,3,1,3,0,0,1,0,village,0,1,3,0,0
0.0,0.005810325090920054,1,baseline_speech_enabled,0,1,stage2b_seed_229_base_1_regime_baseline_speech_enabled_policy_ml_single_random_kill,0,0,1,3636ee12b35a57bbe8811b59ccf2c37a2bfec25ced6170ee3f51615da6f64f83,stage2b_seed_229_base_1_regime_baseline_speech_enabled,0,3,ml_single_random_kill,3,229,1,1,final_test,ml_single_random_kill,0.6666666666666666,2,2,,3,1,3,0,0,1,0,village,0,1,3,0,0
0.0,0.005810325090920054,1,baseline_speech_enabled,0,1,stage2b_seed_229_base_1_regime_baseline_speech_enabled_policy_ml_first_two_kills,0,0,1,3636ee12b35a57bbe8811b59ccf2c37a2bfec25ced6170ee3f51615da6f64f83,stage2b_seed_229_base_1_regime_baseline_speech_enabled,0,3,ml_first_two_kills,3,229,1,1,final_test,ml_first_two_kills,0.6666666666666666,2,2,,3,2,3,0,0,1,0,village,0,1,3,0,0
0.0,0.005810325090920054,1,baseline_speech_enabled,0,1,stage2b_seed_229_base_1_regime_baseline_speech_enabled_policy_continuous_frozen_ml,0,0,1,3636ee12b35a57bbe8811b59ccf2c37a2bfec25ced6170ee3f51615da6f64f83,stage2b_seed_229_base_1_regime_baseline_speech_enabled,0,3,continuous_frozen_ml,3,229,0,0,final_test,continuous_frozen_ml,0.6666666666666666,2,2,,3,3,3,0,0,1,0,village,0,1,3,0,0
0.0,0.01201980050100035,1,baseline_speech_enabled,0,1,stage2b_seed_229_base_1_regime_baseline_speech_enabled_policy_existing_with_ml_shadow,1,1,1,3636ee12b35a57bbe8811b59ccf2c37a2bfec25ced6170ee3f51615da6f64f83,stage2b_seed_229_base_1_regime_baseline_speech_enabled,0,4,existing_with_ml_shadow,4,229,1,3,final_test,existing_with_ml_shadow,0.75,3,4,4,3,0,4,0,4,0,2,wolf,1,0,4,1,1
0.019121017067221746,0.01201980050100035,1,baseline_speech_enabled,0,1,stage2b_seed_229_base_1_regime_baseline_speech_enabled_policy_selective_ml_override,1,1,1,3636ee12b35a57bbe8811b59ccf2c37a2bfec25ced6170ee3f51615da6f64f83,stage2b_seed_229_base_1_regime_baseline_speech_enabled,0,4,selective_ml_override,4,229,1,3,final_test,selective_ml_override,0.75,3,4,4,3,0,4,0,0,0,2,wolf,1,0,4,1,1
0.019121017067221746,0.01201980050100035,1,baseline_speech_enabled,0,1,stage2b_seed_229_base_1_regime_baseline_speech_enabled_policy_high_confidence_shadow,1,1,1,3636ee12b35a57bbe8811b59ccf2c37a2bfec25ced6170ee3f51615da6f64f83,stage2b_seed_229_base_1_regime_baseline_speech_enabled,0,4,high_confidence_shadow,4,229,1,3,final_test,high_confidence_shadow,0.75,3,4,4,3,0,4,0,4,0,2,wolf,1,0,4,1,1
0.0,0.007683776223196974,1,speech_disabled,0,2,stage2b_seed_229_base_1_regime_speech_disabled_policy_existing_rule,0,0,1,3636ee12b35a57bbe8811b59ccf2c37a2bfec25ced6170ee3f51615da6f64f83,stage2b_seed_229_base_1_regime_speech_disabled,1,3,existing_rule,3,229,1,2,final_test,existing_rule,0.3333333333333333,1,2,,2,0,3,0,0,1,1,village,1,1,3,0,0
0.0,0.007683776223196974,1,speech_disabled,0,2,stage2b_seed_229_base_1_regime_speech_disabled_policy_ml_first_kill_only,0,0,1,3636ee12b35a57bbe8811b59ccf2c37a2bfec25ced6170ee3f51615da6f64f83,stage2b_seed_229_base_1_regime_speech_disabled,1,3,ml_first_kill_only,3,229,1,2,final_test,ml_first_kill_only,0.3333333333333333,1,2,,2,1,3,0,0,1,1,village,1,1,3,0,0
0.0,0.007683776223196974,1,speech_disabled,0,2,stage2b_seed_229_base_1_regime_speech_disabled_policy_ml_single_random_kill,0,0,1,3636ee12b35a57bbe8811b59ccf2c37a2bfec25ced6170ee3f51615da6f64f83,stage2b_seed_229_base_1_regime_speech_disabled,1,3,ml_single_random_kill,3,229,1,2,final_test,ml_single_random_kill,0.3333333333333333,1,2,,2,1,3,0,0,1,1,village,1,1,3,0,0
0.0,0.010539526112067285,1,speech_disabled,0,2,stage2b_seed_229_base_1_regime_speech_disabled_policy_ml_first_two_kills,0,0,1,3636ee12b35a57bbe8811b59ccf2c37a2bfec25ced6170ee3f51615da6f64f83,stage2b_seed_229_base_1_regime_speech_disabled,0,3,ml_first_two_kills,3,229,1,1,final_test,ml_first_two_kills,0.6666666666666666,2,2,,3,2,3,0,0,1,1,village,0,1,3,0,0
0.0,0.010539526112067285,1,speech_disabled,0,2,stage2b_seed_229_base_1_regime_speech_disabled_policy_continuous_frozen_ml,0,0,1,3636ee12b35a57bbe8811b59ccf2c37a2bfec25ced6170ee3f51615da6f64f83,stage2b_seed_229_base_1_regime_speech_disabled,0,3,continuous_frozen_ml,3,229,0,1,final_test,continuous_frozen_ml,0.6666666666666666,2,2,,3,3,3,0,0,1,1,village,1,1,3,0,0
0.0,0.007683776223196974,1,speech_disabled,0,2,stage2b_seed_229_base_1_regime_speech_disabled_policy_existing_with_ml_shadow,0,0,1,3636ee12b35a57bbe8811b59ccf2c37a2bfec25ced6170ee3f51615da6f64f83,stage2b_seed_229_base_1_regime_speech_disabled,1,3,existing_with_ml_shadow,3,229,1,2,final_test,existing_with_ml_shadow,0.3333333333333333,1,2,,2,0,3,0,3,1,1,village,1,1,3,0,0
0.010044519775443258,0.007683776223196974,1,speech_disabled,0,2,stage2b_seed_229_base_1_regime_speech_disabled_policy_selective_ml_override,0,0,1,3636ee12b35a57bbe8811b59ccf2c37a2bfec25ced6170ee3f51615da6f64f83,stage2b_seed_229_base_1_regime_speech_disabled,1,3,selective_ml_override,3,229,1,2,final_test,selective_ml_override,0.3333333333333333,1,2,,2,0,3,0,0,1,1,village,1,1,3,0,0
0.010044519775443258,0.007683776223196974,1,speech_disabled,0,2,stage2b_seed_229_base_1_regime_speech_disabled_policy_high_confidence_shadow,0,0,1,3636ee12b35a57bbe8811b59ccf2c37a2bfec25ced6170ee3f51615da6f64f83,stage2b_seed_229_base_1_regime_speech_disabled,1,3,high_confidence_shadow,3,229,1,2,final_test,high_confidence_shadow,0.3333333333333333,1,2,,2,0,3,0,3,1,1,village,1,1,3,0,0
0.0,0.00381212420468785,1,herding_enabled,0,1,stage2b_seed_229_base_1_regime_herding_enabled_policy_existing_rule,1,0,0,3636ee12b35a57bbe8811b59ccf2c37a2bfec25ced6170ee3f51615da6f64f83,stage2b_seed_229_base_1_regime_herding_enabled,1,4,existing_rule,4,229,1,3,final_test,existing_rule,0.75,3,3,4,4,0,4,0,0,0,2,wolf,1,1,4,2,1
0.0,0.00381212420468785,1,herding_enabled,0,1,stage2b_seed_229_base_1_regime_herding_enabled_policy_ml_first_kill_only,1,0,0,3636ee12b35a57bbe8811b59ccf2c37a2bfec25ced6170ee3f51615da6f64f83,stage2b_seed_229_base_1_regime_herding_enabled,1,4,ml_first_kill_only,4,229,1,3,final_test,ml_first_kill_only,0.75,3,3,4,4,1,4,0,0,0,2,wolf,1,1,4,2,1
0.0,0.00381212420468785,1,herding_enabled,0,1,stage2b_seed_229_base_1_regime_herding_enabled_policy_ml_single_random_kill,1,0,0,3636ee12b35a57bbe8811b59ccf2c37a2bfec25ced6170ee3f51615da6f64f83,stage2b_seed_229_base_1_regime_herding_enabled,1,4,ml_single_random_kill,4,229,1,3,final_test,ml_single_random_kill,0.75,3,3,4,4,1,4,0,0,0,2,wolf,1,1,4,2,1
0.0,0.007000882679595222,1,herding_enabled,0,1,stage2b_seed_229_base_1_regime_herding_enabled_policy_ml_first_two_kills,1,0,0,3636ee12b35a57bbe8811b59ccf2c37a2bfec25ced6170ee3f51615da6f64f83,stage2b_seed_229_base_1_regime_herding_enabled,1,5,ml_first_two_kills,5,229,1,3,final_test,ml_first_two_kills,0.8,4,4,5,4,2,5,0,0,0,2,wolf,1,1,5,1,1
0.0,0.004958069592423331,1,herding_enabled,0,1,stage2b_seed_229_base_1_regime_herding_enabled_policy_continuous_frozen_ml,0,0,0,3636ee12b35a57bbe8811b59ccf2c37a2bfec25ced6170ee3f51615da6f64f83,stage2b_seed_229_base_1_regime_herding_enabled,1,5,continuous_frozen_ml,5,229,1,1,final_test,continuous_frozen_ml,0.8,4,4,5,4,5,5,0,0,0,2,wolf,0,1,5,1,1
0.0,0.00381212420468785,1,herding_enabled,0,1,stage2b_seed_229_base_1_regime_herding_enabled_policy_existing_with_ml_shadow,1,0,0,3636ee12b35a57bbe8811b59ccf2c37a2bfec25ced6170ee3f51615da6f64f83,stage2b_seed_229_base_1_regime_herding_enabled,1,4,existing_with_ml_shadow,4,229,1,3,final_test,existing_with_ml_shadow,0.75,3,3,4,4,0,4,0,4,0,2,wolf,1,1,4,2,1
0.015284723482968499,0.00381212420468785,1,herding_enabled,0,1,stage2b_seed_229_base_1_regime_herding_enabled_policy_selective_ml_override,1,0,0,3636ee12b35a57bbe8811b59ccf2c37a2bfec25ced6170ee3f51615da6f64f83,stage2b_seed_229_base_1_regime_herding_enabled,1,4,selective_ml_override,4,229,1,3,final_test,selective_ml_override,0.75,3,3,4,4,0,4,0,0,0,2,wolf,1,1,4,2,1
0.015284723482968499,0.00381212420468785,1,herding_enabled,0,1,stage2b_seed_229_base_1_regime_herding_enabled_policy_high_confidence_shadow,1,0,0,3636ee12b35a57bbe8811b59ccf2c37a2bfec25ced6170ee3f51615da6f64f83,stage2b_seed_229_base_1_regime_herding_enabled,1,4,high_confidence_shadow,4,229,1,3,final_test,high_confidence_shadow,0.75,3,3,4,4,0,4,0,4,0,2,wolf,1,1,4,2,1
0.0,0.01378278058913801,1,deception_enabled,0,1,stage2b_seed_229_base_1_regime_deception_enabled_policy_existing_rule,0,1,0,3636ee12b35a57bbe8811b59ccf2c37a2bfec25ced6170ee3f51615da6f64f83,stage2b_seed_229_base_1_regime_deception_enabled,1,4,existing_rule,4,229,1,2,final_test,existing_rule,0.75,3,3,,3,0,4,0,0,1,2,village,1,1,4,0,0
0.0,0.01378278058913801,1,deception_enabled,0,1,stage2b_seed_229_base_1_regime_deception_enabled_policy_ml_first_kill_only,0,1,0,3636ee12b35a57bbe8811b59ccf2c37a2bfec25ced6170ee3f51615da6f64f83,stage2b_seed_229_base_1_regime_deception_enabled,1,4,ml_first_kill_only,4,229,1,2,final_test,ml_first_kill_only,0.75,3,3,,3,1,4,0,0,1,2,village,1,1,4,0,0
0.0,0.01378278058913801,1,deception_enabled,0,1,stage2b_seed_229_base_1_regime_deception_enabled_policy_ml_single_random_kill,0,1,0,3636ee12b35a57bbe8811b59ccf2c37a2bfec25ced6170ee3f51615da6f64f83,stage2b_seed_229_base_1_regime_deception_enabled,1,4,ml_single_random_kill,4,229,1,2,final_test,ml_single_random_kill,0.75,3,3,,3,1,4,0,0,1,2,village,1,1,4,0,0
0.0,0.0141046763859111,1,deception_enabled,0,1,stage2b_seed_229_base_1_regime_deception_enabled_policy_ml_first_two_kills,0,1,0,3636ee12b35a57bbe8811b59ccf2c37a2bfec25ced6170ee3f51615da6f64f83,stage2b_seed_229_base_1_regime_deception_enabled,2,3,ml_first_two_kills,3,229,1,1,final_test,ml_first_two_kills,0.3333333333333333,1,2,,2,2,3,0,0,1,1,village,0,1,3,0,0
0.0,0.0141046763859111,1,deception_enabled,0,1,stage2b_seed_229_base_1_regime_deception_enabled_policy_continuous_frozen_ml,0,1,0,3636ee12b35a57bbe8811b59ccf2c37a2bfec25ced6170ee3f51615da6f64f83,stage2b_seed_229_base_1_regime_deception_enabled,2,3,continuous_frozen_ml,3,229,0,0,final_test,continuous_frozen_ml,0.3333333333333333,1,2,,2,3,3,0,0,1,1,village,0,1,3,0,0
0.0,0.01378278058913801,1,deception_enabled,0,1,stage2b_seed_229_base_1_regime_deception_enabled_policy_existing_with_ml_shadow,0,1,0,3636ee12b35a57bbe8811b59ccf2c37a2bfec25ced6170ee3f51615da6f64f83,stage2b_seed_229_base_1_regime_deception_enabled,1,4,existing_with_ml_shadow,4,229,1,2,final_test,existing_with_ml_shadow,0.75,3,3,,3,0,4,0,4,1,2,village,1,1,4,0,0
0.02157585095814543,0.01378278058913801,1,deception_enabled,0,1,stage2b_seed_229_base_1_regime_deception_enabled_policy_selective_ml_override,0,1,0,3636ee12b35a57bbe8811b59ccf2c37a2bfec25ced6170ee3f51615da6f64f83,stage2b_seed_229_base_1_regime_deception_enabled,1,4,selective_ml_override,4,229,1,2,final_test,selective_ml_override,0.75,3,3,,3,0,4,0,0,1,2,village,1,1,4,0,0
0.02157585095814543,0.01378278058913801,1,deception_enabled,0,1,stage2b_seed_229_base_1_regime_deception_enabled_policy_high_confidence_shadow,0,1,0,3636ee12b35a57bbe8811b59ccf2c37a2bfec25ced6170ee3f51615da6f64f83,stage2b_seed_229_base_1_regime_deception_enabled,1,4,high_confidence_shadow,4,229,1,2,final_test,high_confidence_shadow,0.75,3,3,,3,0,4,0,4,1,2,village,1,1,4,0,0
0.0,0.0082429110049879,1,heterogeneous_risk_preference,0,1,stage2b_seed_229_base_1_regime_heterogeneous_risk_preference_policy_existing_rule,1,1,1,3636ee12b35a57bbe8811b59ccf2c37a2bfec25ced6170ee3f51615da6f64f83,stage2b_seed_229_base_1_regime_heterogeneous_risk_preference,0,3,existing_rule,3,229,1,2,final_test,existing_rule,0.6666666666666666,2,2,,3,0,3,0,0,1,2,village,0,1,3,0,0
0.0,0.0038072889903166818,1,heterogeneous_risk_preference,0,1,stage2b_seed_229_base_1_regime_heterogeneous_risk_preference_policy_ml_first_kill_only,0,0,1,3636ee12b35a57bbe8811b59ccf2c37a2bfec25ced6170ee3f51615da6f64f83,stage2b_seed_229_base_1_regime_heterogeneous_risk_preference,0,3,ml_first_kill_only,3,229,0,1,final_test,ml_first_kill_only,0.6666666666666666,2,2,3,1,1,3,0,0,0,3,wolf,1,1,3,2,1
0.0,0.0082429110049879,1,heterogeneous_risk_preference,0,1,stage2b_seed_229_base_1_regime_heterogeneous_risk_preference_policy_ml_single_random_kill,1,1,1,3636ee12b35a57bbe8811b59ccf2c37a2bfec25ced6170ee3f51615da6f64f83,stage2b_seed_229_base_1_regime_heterogeneous_risk_preference,0,3,ml_single_random_kill,3,229,1,2,final_test,ml_single_random_kill,0.6666666666666666,2,2,,3,1,3,0,0,1,2,village,0,1,3,0,0
0.0,0.0038072889903166818,1,heterogeneous_risk_preference,0,1,stage2b_seed_229_base_1_regime_heterogeneous_risk_preference_policy_ml_first_two_kills,0,0,1,3636ee12b35a57bbe8811b59ccf2c37a2bfec25ced6170ee3f51615da6f64f83,stage2b_seed_229_base_1_regime_heterogeneous_risk_preference,0,3,ml_first_two_kills,3,229,0,1,final_test,ml_first_two_kills,0.6666666666666666,2,2,3,1,2,3,0,0,0,3,wolf,1,1,3,2,1
0.0,0.0038072889903166818,1,heterogeneous_risk_preference,0,1,stage2b_seed_229_base_1_regime_heterogeneous_risk_preference_policy_continuous_frozen_ml,0,0,1,3636ee12b35a57bbe8811b59ccf2c37a2bfec25ced6170ee3f51615da6f64f83,stage2b_seed_229_base_1_regime_heterogeneous_risk_preference,0,3,continuous_frozen_ml,3,229,0,1,final_test,continuous_frozen_ml,0.6666666666666666,2,2,3,1,3,3,0,0,0,3,wolf,1,1,3,2,1
0.0,0.0082429110049879,1,heterogeneous_risk_preference,0,1,stage2b_seed_229_base_1_regime_heterogeneous_risk_preference_policy_existing_with_ml_shadow,1,1,1,3636ee12b35a57bbe8811b59ccf2c37a2bfec25ced6170ee3f51615da6f64f83,stage2b_seed_229_base_1_regime_heterogeneous_risk_preference,0,3,existing_with_ml_shadow,3,229,1,2,final_test,existing_with_ml_shadow,0.6666666666666666,2,2,,3,0,3,0,3,1,2,village,0,1,3,0,0
0.030514521768679304,0.0082429110049879,1,heterogeneous_risk_preference,0,1,stage2b_seed_229_base_1_regime_heterogeneous_risk_preference_policy_selective_ml_override,1,1,1,3636ee12b35a57bbe8811b59ccf2c37a2bfec25ced6170ee3f51615da6f64f83,stage2b_seed_229_base_1_regime_heterogeneous_risk_preference,0,3,selective_ml_override,3,229,1,2,final_test,selective_ml_override,0.6666666666666666,2,2,,3,0,3,0,0,1,2,village,0,1,3,0,0
0.030514521768679304,0.0082429110049879,1,heterogeneous_risk_preference,0,1,stage2b_seed_229_base_1_regime_heterogeneous_risk_preference_policy_high_confidence_shadow,1,1,1,3636ee12b35a57bbe8811b59ccf2c37a2bfec25ced6170ee3f51615da6f64f83,stage2b_seed_229_base_1_regime_heterogeneous_risk_preference,0,3,high_confidence_shadow,3,229,1,2,final_test,high_confidence_shadow,0.6666666666666666,2,2,,3,0,3,0,3,1,2,village,0,1,3,0,0
0.0,0.0067200208066823626,1,strong_village_information,0,1,stage2b_seed_229_base_1_regime_strong_village_information_policy_existing_rule,1,1,1,3636ee12b35a57bbe8811b59ccf2c37a2bfec25ced6170ee3f51615da6f64f83,stage2b_seed_229_base_1_regime_strong_village_information,0,3,existing_rule,3,229,1,2,final_test,existing_rule,0.6666666666666666,2,2,,3,0,3,0,0,1,1,village,0,1,3,0,0
0.0,0.0067200208066823626,1,strong_village_information,0,1,stage2b_seed_229_base_1_regime_strong_village_information_policy_ml_first_kill_only,1,1,1,3636ee12b35a57bbe8811b59ccf2c37a2bfec25ced6170ee3f51615da6f64f83,stage2b_seed_229_base_1_regime_strong_village_information,0,3,ml_first_kill_only,3,229,1,2,final_test,ml_first_kill_only,0.6666666666666666,2,2,,3,1,3,0,0,1,1,village,0,1,3,0,0
0.0,0.0067200208066823626,1,strong_village_information,0,1,stage2b_seed_229_base_1_regime_strong_village_information_policy_ml_single_random_kill,1,1,1,3636ee12b35a57bbe8811b59ccf2c37a2bfec25ced6170ee3f51615da6f64f83,stage2b_seed_229_base_1_regime_strong_village_information,0,3,ml_single_random_kill,3,229,1,2,final_test,ml_single_random_kill,0.6666666666666666,2,2,,3,1,3,0,0,1,1,village,0,1,3,0,0
0.0,0.018572421793471,1,strong_village_information,0,1,stage2b_seed_229_base_1_regime_strong_village_information_policy_ml_first_two_kills,0,0,1,3636ee12b35a57bbe8811b59ccf2c37a2bfec25ced6170ee3f51615da6f64f83,stage2b_seed_229_base_1_regime_strong_village_information,0,3,ml_first_two_kills,3,229,1,1,final_test,ml_first_two_kills,0.6666666666666666,2,2,,3,2,3,0,0,1,1,village,0,1,3,0,0
0.0,0.018572421793471,1,strong_village_information,0,1,stage2b_seed_229_base_1_regime_strong_village_information_policy_continuous_frozen_ml,0,0,1,3636ee12b35a57bbe8811b59ccf2c37a2bfec25ced6170ee3f51615da6f64f83,stage2b_seed_229_base_1_regime_strong_village_information,0,3,continuous_frozen_ml,3,229,0,0,final_test,continuous_frozen_ml,0.6666666666666666,2,2,,3,3,3,0,0,1,1,village,0,1,3,0,0
0.0,0.0067200208066823626,1,strong_village_information,0,1,stage2b_seed_229_base_1_regime_strong_village_information_policy_existing_with_ml_shadow,1,1,1,3636ee12b35a57bbe8811b59ccf2c37a2bfec25ced6170ee3f51615da6f64f83,stage2b_seed_229_base_1_regime_strong_village_information,0,3,existing_with_ml_shadow,3,229,1,2,final_test,existing_with_ml_shadow,0.6666666666666666,2,2,,3,0,3,0,3,1,1,village,0,1,3,0,0
0.02056528641202608,0.0067200208066823626,1,strong_village_information,0,1,stage2b_seed_229_base_1_regime_strong_village_information_policy_selective_ml_override,1,1,1,3636ee12b35a57bbe8811b59ccf2c37a2bfec25ced6170ee3f51615da6f64f83,stage2b_seed_229_base_1_regime_strong_village_information,0,3,selective_ml_override,3,229,1,2,final_test,selective_ml_override,0.6666666666666666,2,2,,3,0,3,0,0,1,1,village,0,1,3,0,0
0.02056528641202608,0.0067200208066823626,1,strong_village_information,0,1,stage2b_seed_229_base_1_regime_strong_village_information_policy_high_confidence_shadow,1,1,1,3636ee12b35a57bbe8811b59ccf2c37a2bfec25ced6170ee3f51615da6f64f83,stage2b_seed_229_base_1_regime_strong_village_information,0,3,high_confidence_shadow,3,229,1,2,final_test,high_confidence_shadow,0.6666666666666666,2,2,,3,0,3,0,3,1,1,village,0,1,3,0,0
0.0,0.011332812789884919,1,weak_village_information,0,1,stage2b_seed_229_base_1_regime_weak_village_information_policy_existing_rule,1,1,1,3636ee12b35a57bbe8811b59ccf2c37a2bfec25ced6170ee3f51615da6f64f83,stage2b_seed_229_base_1_regime_weak_village_information,0,4,existing_rule,4,229,1,3,final_test,existing_rule,0.75,3,3,4,4,0,4,0,0,0,2,wolf,1,1,4,1,1
0.0,0.019813631330169168,1,weak_village_information,0,1,stage2b_seed_229_base_1_regime_weak_village_information_policy_ml_first_kill_only,1,1,1,3636ee12b35a57bbe8811b59ccf2c37a2bfec25ced6170ee3f51615da6f64f83,stage2b_seed_229_base_1_regime_weak_village_information,0,4,ml_first_kill_only,4,229,1,3,final_test,ml_first_kill_only,0.75,3,4,4,3,1,4,0,0,0,1,wolf,1,0,4,1,1
0.0,0.011332812789884919,1,weak_village_information,0,1,stage2b_seed_229_base_1_regime_weak_village_information_policy_ml_single_random_kill,1,1,1,3636ee12b35a57bbe8811b59ccf2c37a2bfec25ced6170ee3f51615da6f64f83,stage2b_seed_229_base_1_regime_weak_village_information,0,4,ml_single_random_kill,4,229,1,3,final_test,ml_single_random_kill,0.75,3,3,4,4,1,4,0,0,0,2,wolf,1,1,4,1,1
0.0,0.010494701100816442,1,weak_village_information,0,1,stage2b_seed_229_base_1_regime_weak_village_information_policy_ml_first_two_kills,1,1,1,3636ee12b35a57bbe8811b59ccf2c37a2bfec25ced6170ee3f51615da6f64f83,stage2b_seed_229_base_1_regime_weak_village_information,0,3,ml_first_two_kills,3,229,1,2,final_test,ml_first_two_kills,0.6666666666666666,2,3,,3,2,3,0,0,1,1,village,0,0,3,0,0
0.0,0.010494701100816442,1,weak_village_information,0,1,stage2b_seed_229_base_1_regime_weak_village_information_policy_continuous_frozen_ml,1,1,1,3636ee12b35a57bbe8811b59ccf2c37a2bfec25ced6170ee3f51615da6f64f83,stage2b_seed_229_base_1_regime_weak_village_information,0,3,continuous_frozen_ml,3,229,0,2,final_test,continuous_frozen_ml,0.6666666666666666,2,3,,3,3,3,0,0,1,1,village,1,0,3,0,0
0.0,0.011332812789884919,1,weak_village_information,0,1,stage2b_seed_229_base_1_regime_weak_village_information_policy_existing_with_ml_shadow,1,1,1,3636ee12b35a57bbe8811b59ccf2c37a2bfec25ced6170ee3f51615da6f64f83,stage2b_seed_229_base_1_regime_weak_village_information,0,4,existing_with_ml_shadow,4,229,1,3,final_test,existing_with_ml_shadow,0.75,3,3,4,4,0,4,0,4,0,2,wolf,1,1,4,1,1
0.025066930973434792,0.019813631330169168,1,weak_village_information,0,1,stage2b_seed_229_base_1_regime_weak_village_information_policy_selective_ml_override,1,1,1,3636ee12b35a57bbe8811b59ccf2c37a2bfec25ced6170ee3f51615da6f64f83,stage2b_seed_229_base_1_regime_weak_village_information,0,4,selective_ml_override,4,229,1,3,final_test,selective_ml_override,0.75,3,4,4,3,1,4,1,0,0,1,wolf,1,0,4,1,1
0.03402271503939931,0.011332812789884919,1,weak_village_information,0,1,stage2b_seed_229_base_1_regime_weak_village_information_policy_high_confidence_shadow,1,1,1,3636ee12b35a57bbe8811b59ccf2c37a2bfec25ced6170ee3f51615da6f64f83,stage2b_seed_229_base_1_regime_weak_village_information,0,4,high_confidence_shadow,4,229,1,3,final_test,high_confidence_shadow,0.75,3,3,4,4,0,4,1,4,0,2,wolf,1,1,4,1,1
0.0,0.019944653696319037,1,mixed_seer_strategy,0,2,stage2b_seed_229_base_1_regime_mixed_seer_strategy_policy_existing_rule,0,1,1,3636ee12b35a57bbe8811b59ccf2c37a2bfec25ced6170ee3f51615da6f64f83,stage2b_seed_229_base_1_regime_mixed_seer_strategy,0,3,existing_rule,3,229,1,1,final_test,existing_rule,0.6666666666666666,2,2,3,3,0,3,0,0,0,2,wolf,0,1,3,2,1
0.0,0.019944653696319037,1,mixed_seer_strategy,0,2,stage2b_seed_229_base_1_regime_mixed_seer_strategy_policy_ml_first_kill_only,0,1,0,3636ee12b35a57bbe8811b59ccf2c37a2bfec25ced6170ee3f51615da6f64f83,stage2b_seed_229_base_1_regime_mixed_seer_strategy,1,3,ml_first_kill_only,3,229,1,1,final_test,ml_first_kill_only,0.6666666666666666,2,2,3,3,1,3,0,0,0,2,wolf,0,1,3,2,1
0.0,0.013653078878454203,1,mixed_seer_strategy,0,2,stage2b_seed_229_base_1_regime_mixed_seer_strategy_policy_ml_single_random_kill,0,1,1,3636ee12b35a57bbe8811b59ccf2c37a2bfec25ced6170ee3f51615da6f64f83,stage2b_seed_229_base_1_regime_mixed_seer_strategy,1,3,ml_single_random_kill,3,229,0,1,final_test,ml_single_random_kill,0.3333333333333333,1,2,3,3,1,3,0,0,0,2,wolf,1,1,3,2,1
0.0,0.013653078878454203,1,mixed_seer_strategy,0,2,stage2b_seed_229_base_1_regime_mixed_seer_strategy_policy_ml_first_two_kills,0,1,0,3636ee12b35a57bbe8811b59ccf2c37a2bfec25ced6170ee3f51615da6f64f83,stage2b_seed_229_base_1_regime_mixed_seer_strategy,2,3,ml_first_two_kills,3,229,0,1,final_test,ml_first_two_kills,0.3333333333333333,1,2,3,3,2,3,0,0,0,2,wolf,1,1,3,2,1
0.0,0.013653078878454203,1,mixed_seer_strategy,0,2,stage2b_seed_229_base_1_regime_mixed_seer_strategy_policy_continuous_frozen_ml,0,1,0,3636ee12b35a57bbe8811b59ccf2c37a2bfec25ced6170ee3f51615da6f64f83,stage2b_seed_229_base_1_regime_mixed_seer_strategy,2,3,continuous_frozen_ml,3,229,0,0,final_test,continuous_frozen_ml,0.3333333333333333,1,2,3,3,3,3,0,0,0,2,wolf,0,1,3,2,1
0.0,0.019944653696319037,1,mixed_seer_strategy,0,2,stage2b_seed_229_base_1_regime_mixed_seer_strategy_policy_existing_with_ml_shadow,0,1,1,3636ee12b35a57bbe8811b59ccf2c37a2bfec25ced6170ee3f51615da6f64f83,stage2b_seed_229_base_1_regime_mixed_seer_strategy,0,3,existing_with_ml_shadow,3,229,1,1,final_test,existing_with_ml_shadow,0.6666666666666666,2,2,3,3,0,3,0,3,0,2,wolf,0,1,3,2,1
0.03469125847275397,0.019944653696319037,1,mixed_seer_strategy,0,2,stage2b_seed_229_base_1_regime_mixed_seer_strategy_policy_selective_ml_override,0,1,1,3636ee12b35a57bbe8811b59ccf2c37a2bfec25ced6170ee3f51615da6f64f83,stage2b_seed_229_base_1_regime_mixed_seer_strategy,0,3,selective_ml_override,3,229,1,1,final_test,selective_ml_override,0.6666666666666666,2,2,3,3,0,3,0,0,0,2,wolf,0,1,3,2,1
0.03469125847275397,0.019944653696319037,1,mixed_seer_strategy,0,2,stage2b_seed_229_base_1_regime_mixed_seer_strategy_policy_high_confidence_shadow,0,1,1,3636ee12b35a57bbe8811b59ccf2c37a2bfec25ced6170ee3f51615da6f64f83,stage2b_seed_229_base_1_regime_mixed_seer_strategy,0,3,high_confidence_shadow,3,229,1,1,final_test,high_confidence_shadow,0.6666666666666666,2,2,3,3,0,3,0,3,0,2,wolf,0,1,3,2,1
0.0,0.0032389150842280917,1,mixed_voting_strategy,0,1,stage2b_seed_229_base_1_regime_mixed_voting_strategy_policy_existing_rule,1,1,1,3636ee12b35a57bbe8811b59ccf2c37a2bfec25ced6170ee3f51615da6f64f83,stage2b_seed_229_base_1_regime_mixed_voting_strategy,0,4,existing_rule,4,229,1,3,final_test,existing_rule,0.75,3,3,4,3,0,4,0,0,0,2,wolf,1,1,4,1,1
0.0,0.0032389150842280917,1,mixed_voting_strategy,0,1,stage2b_seed_229_base_1_regime_mixed_voting_strategy_policy_ml_first_kill_only,1,1,1,3636ee12b35a57bbe8811b59ccf2c37a2bfec25ced6170ee3f51615da6f64f83,stage2b_seed_229_base_1_regime_mixed_voting_strategy,0,4,ml_first_kill_only,4,229,1,3,final_test,ml_first_kill_only,0.75,3,3,4,3,1,4,0,0,0,2,wolf,1,1,4,1,1
0.0,0.0032389150842280917,1,mixed_voting_strategy,0,1,stage2b_seed_229_base_1_regime_mixed_voting_strategy_policy_ml_single_random_kill,1,1,1,3636ee12b35a57bbe8811b59ccf2c37a2bfec25ced6170ee3f51615da6f64f83,stage2b_seed_229_base_1_regime_mixed_voting_strategy,0,4,ml_single_random_kill,4,229,1,3,final_test,ml_single_random_kill,0.75,3,3,4,3,1,4,0,0,0,2,wolf,1,1,4,1,1
0.0,0.0032389150842280917,1,mixed_voting_strategy,0,1,stage2b_seed_229_base_1_regime_mixed_voting_strategy_policy_ml_first_two_kills,1,1,1,3636ee12b35a57bbe8811b59ccf2c37a2bfec25ced6170ee3f51615da6f64f83,stage2b_seed_229_base_1_regime_mixed_voting_strategy,0,4,ml_first_two_kills,4,229,1,3,final_test,ml_first_two_kills,0.75,3,3,4,3,2,4,0,0,0,2,wolf,1,1,4,1,1
0.0,0.002311617407960024,1,mixed_voting_strategy,0,1,stage2b_seed_229_base_1_regime_mixed_voting_strategy_policy_continuous_frozen_ml,1,1,1,3636ee12b35a57bbe8811b59ccf2c37a2bfec25ced6170ee3f51615da6f64f83,stage2b_seed_229_base_1_regime_mixed_voting_strategy,0,3,continuous_frozen_ml,3,229,1,2,final_test,continuous_frozen_ml,0.6666666666666666,2,2,,2,3,3,0,0,1,1,village,0,1,3,0,0
0.0,0.0032389150842280917,1,mixed_voting_strategy,0,1,stage2b_seed_229_base_1_regime_mixed_voting_strategy_policy_existing_with_ml_shadow,1,1,1,3636ee12b35a57bbe8811b59ccf2c37a2bfec25ced6170ee3f51615da6f64f83,stage2b_seed_229_base_1_regime_mixed_voting_strategy,0,4,existing_with_ml_shadow,4,229,1,3,final_test,existing_with_ml_shadow,0.75,3,3,4,3,0,4,0,4,0,2,wolf,1,1,4,1,1
0.00762016229783935,0.0032389150842280917,1,mixed_voting_strategy,0,1,stage2b_seed_229_base_1_regime_mixed_voting_strategy_policy_selective_ml_override,1,1,1,3636ee12b35a57bbe8811b59ccf2c37a2bfec25ced6170ee3f51615da6f64f83,stage2b_seed_229_base_1_regime_mixed_voting_strategy,0,4,selective_ml_override,4,229,1,3,final_test,selective_ml_override,0.75,3,3,4,3,0,4,0,0,0,2,wolf,1,1,4,1,1
0.00762016229783935,0.0032389150842280917,1,mixed_voting_strategy,0,1,stage2b_seed_229_base_1_regime_mixed_voting_strategy_policy_high_confidence_shadow,1,1,1,3636ee12b35a57bbe8811b59ccf2c37a2bfec25ced6170ee3f51615da6f64f83,stage2b_seed_229_base_1_regime_mixed_voting_strategy,0,4,high_confidence_shadow,4,229,1,3,final_test,high_confidence_shadow,0.75,3,3,4,3,0,4,0,4,0,2,wolf,1,1,4,1,1
0.0,0.017654713182364,1,mixed_wolf_deception_strategy,0,2,stage2b_seed_229_base_1_regime_mixed_wolf_deception_strategy_policy_existing_rule,1,1,1,3636ee12b35a57bbe8811b59ccf2c37a2bfec25ced6170ee3f51615da6f64f83,stage2b_seed_229_base_1_regime_mixed_wolf_deception_strategy,0,4,existing_rule,4,229,0,2,final_test,existing_rule,0.75,3,3,,3,0,4,0,0,1,2,village,1,1,4,0,0
0.0,0.017654713182364,1,mixed_wolf_deception_strategy,0,2,stage2b_seed_229_base_1_regime_mixed_wolf_deception_strategy_policy_ml_first_kill_only,1,1,0,3636ee12b35a57bbe8811b59ccf2c37a2bfec25ced6170ee3f51615da6f64f83,stage2b_seed_229_base_1_regime_mixed_wolf_deception_strategy,1,4,ml_first_kill_only,4,229,0,2,final_test,ml_first_kill_only,0.75,3,3,,3,1,4,0,0,1,2,village,1,1,4,0,0
0.0,0.017497414828945623,1,mixed_wolf_deception_strategy,0,2,stage2b_seed_229_base_1_regime_mixed_wolf_deception_strategy_policy_ml_single_random_kill,1,1,1,3636ee12b35a57bbe8811b59ccf2c37a2bfec25ced6170ee3f51615da6f64f83,stage2b_seed_229_base_1_regime_mixed_wolf_deception_strategy,0,4,ml_single_random_kill,4,229,0,1,final_test,ml_single_random_kill,0.75,3,3,4,4,1,4,0,0,0,3,wolf,0,1,4,1,1
0.0,0.017497414828945623,1,mixed_wolf_deception_strategy,0,2,stage2b_seed_229_base_1_regime_mixed_wolf_deception_strategy_policy_ml_first_two_kills,1,1,0,3636ee12b35a57bbe8811b59ccf2c37a2bfec25ced6170ee3f51615da6f64f83,stage2b_seed_229_base_1_regime_mixed_wolf_deception_strategy,1,4,ml_first_two_kills,4,229,0,1,final_test,ml_first_two_kills,0.75,3,3,4,4,2,4,0,0,0,3,wolf,0,1,4,1,1
0.0,0.012126530027352497,1,mixed_wolf_deception_strategy,0,2,stage2b_seed_229_base_1_regime_mixed_wolf_deception_strategy_policy_continuous_frozen_ml,0,0,0,3636ee12b35a57bbe8811b59ccf2c37a2bfec25ced6170ee3f51615da6f64f83,stage2b_seed_229_base_1_regime_mixed_wolf_deception_strategy,1,3,continuous_frozen_ml,3,229,0,0,final_test,continuous_frozen_ml,0.6666666666666666,2,2,3,3,3,3,0,0,0,3,wolf,0,1,3,2,1
0.0,0.017654713182364,1,mixed_wolf_deception_strategy,0,2,stage2b_seed_229_base_1_regime_mixed_wolf_deception_strategy_policy_existing_with_ml_shadow,1,1,1,3636ee12b35a57bbe8811b59ccf2c37a2bfec25ced6170ee3f51615da6f64f83,stage2b_seed_229_base_1_regime_mixed_wolf_deception_strategy,0,4,existing_with_ml_shadow,4,229,0,2,final_test,existing_with_ml_shadow,0.75,3,3,,3,0,4,0,4,1,2,village,1,1,4,0,0
0.02441589121683474,0.017654713182364,1,mixed_wolf_deception_strategy,0,2,stage2b_seed_229_base_1_regime_mixed_wolf_deception_strategy_policy_selective_ml_override,1,1,1,3636ee12b35a57bbe8811b59ccf2c37a2bfec25ced6170ee3f51615da6f64f83,stage2b_seed_229_base_1_regime_mixed_wolf_deception_strategy,0,4,selective_ml_override,4,229,0,2,final_test,selective_ml_override,0.75,3,3,,3,0,4,0,0,1,2,village,1,1,4,0,0
0.02441589121683474,0.017654713182364,1,mixed_wolf_deception_strategy,0,2,stage2b_seed_229_base_1_regime_mixed_wolf_deception_strategy_policy_high_confidence_shadow,1,1,1,3636ee12b35a57bbe8811b59ccf2c37a2bfec25ced6170ee3f51615da6f64f83,stage2b_seed_229_base_1_regime_mixed_wolf_deception_strategy,0,4,high_confidence_shadow,4,229,0,2,final_test,high_confidence_shadow,0.75,3,3,,3,0,4,0,4,1,2,village,1,1,4,0,0
0.0,0.009394011050847084,1,baseline_speech_enabled,0,2,stage2b_seed_230_base_1_regime_baseline_speech_enabled_policy_existing_rule,1,1,1,3636ee12b35a57bbe8811b59ccf2c37a2bfec25ced6170ee3f51615da6f64f83,stage2b_seed_230_base_1_regime_baseline_speech_enabled,0,4,existing_rule,4,230,1,2,final_test,existing_rule,0.75,3,3,4,2,0,4,0,0,0,3,wolf,0,1,4,1,1
0.0,0.009394011050847084,1,baseline_speech_enabled,0,2,stage2b_seed_230_base_1_regime_baseline_speech_enabled_policy_ml_first_kill_only,1,1,1,3636ee12b35a57bbe8811b59ccf2c37a2bfec25ced6170ee3f51615da6f64f83,stage2b_seed_230_base_1_regime_baseline_speech_enabled,0,4,ml_first_kill_only,4,230,1,2,final_test,ml_first_kill_only,0.75,3,3,4,2,1,4,0,0,0,3,wolf,0,1,4,1,1
0.0,0.009394011050847084,1,baseline_speech_enabled,0,2,stage2b_seed_230_base_1_regime_baseline_speech_enabled_policy_ml_single_random_kill,1,1,1,3636ee12b35a57bbe8811b59ccf2c37a2bfec25ced6170ee3f51615da6f64f83,stage2b_seed_230_base_1_regime_baseline_speech_enabled,0,4,ml_single_random_kill,4,230,1,2,final_test,ml_single_random_kill,0.75,3,3,4,2,1,4,0,0,0,3,wolf,0,1,4,1,1
0.0,0.009394011050847084,1,baseline_speech_enabled,0,2,stage2b_seed_230_base_1_regime_baseline_speech_enabled_policy_ml_first_two_kills,1,1,1,3636ee12b35a57bbe8811b59ccf2c37a2bfec25ced6170ee3f51615da6f64f83,stage2b_seed_230_base_1_regime_baseline_speech_enabled,0,4,ml_first_two_kills,4,230,1,2,final_test,ml_first_two_kills,0.75,3,3,4,2,2,4,0,0,0,3,wolf,0,1,4,1,1
0.0,0.013913448718413407,1,baseline_speech_enabled,0,2,stage2b_seed_230_base_1_regime_baseline_speech_enabled_policy_continuous_frozen_ml,1,1,1,3636ee12b35a57bbe8811b59ccf2c37a2bfec25ced6170ee3f51615da6f64f83,stage2b_seed_230_base_1_regime_baseline_speech_enabled,0,4,continuous_frozen_ml,4,230,1,2,final_test,continuous_frozen_ml,0.75,3,3,4,1,4,4,0,0,0,2,wolf,0,1,4,1,1
0.0,0.009394011050847084,1,baseline_speech_enabled,0,2,stage2b_seed_230_base_1_regime_baseline_speech_enabled_policy_existing_with_ml_shadow,1,1,1,3636ee12b35a57bbe8811b59ccf2c37a2bfec25ced6170ee3f51615da6f64f83,stage2b_seed_230_base_1_regime_baseline_speech_enabled,0,4,existing_with_ml_shadow,4,230,1,2,final_test,existing_with_ml_shadow,0.75,3,3,4,2,0,4,0,4,0,3,wolf,0,1,4,1,1
0.008232246046401076,0.009394011050847084,1,baseline_speech_enabled,0,2,stage2b_seed_230_base_1_regime_baseline_speech_enabled_policy_selective_ml_override,1,1,1,3636ee12b35a57bbe8811b59ccf2c37a2bfec25ced6170ee3f51615da6f64f83,stage2b_seed_230_base_1_regime_baseline_speech_enabled,0,4,selective_ml_override,4,230,1,2,final_test,selective_ml_override,0.75,3,3,4,2,0,4,0,0,0,3,wolf,0,1,4,1,1
0.008232246046401076,0.009394011050847084,1,baseline_speech_enabled,0,2,stage2b_seed_230_base_1_regime_baseline_speech_enabled_policy_high_confidence_shadow,1,1,1,3636ee12b35a57bbe8811b59ccf2c37a2bfec25ced6170ee3f51615da6f64f83,stage2b_seed_230_base_1_regime_baseline_speech_enabled,0,4,high_confidence_shadow,4,230,1,2,final_test,high_confidence_shadow,0.75,3,3,4,2,0,4,0,4,0,3,wolf,0,1,4,1,1
0.0,0.017956589563947967,1,speech_disabled,0,,stage2b_seed_230_base_1_regime_speech_disabled_policy_existing_rule,1,0,1,3636ee12b35a57bbe8811b59ccf2c37a2bfec25ced6170ee3f51615da6f64f83,stage2b_seed_230_base_1_regime_speech_disabled,2,3,existing_rule,3,230,1,2,final_test,existing_rule,0.0,0,2,3,2,0,3,0,0,0,2,wolf,0,1,3,3,1
0.0,0.017956589563947967,1,speech_disabled,0,,stage2b_seed_230_base_1_regime_speech_disabled_policy_ml_first_kill_only,1,0,1,3636ee12b35a57bbe8811b59ccf2c37a2bfec25ced6170ee3f51615da6f64f83,stage2b_seed_230_base_1_regime_speech_disabled,2,3,ml_first_kill_only,3,230,1,2,final_test,ml_first_kill_only,0.0,0,2,3,2,1,3,0,0,0,2,wolf,0,1,3,3,1
0.0,0.017956589563947967,1,speech_disabled,0,,stage2b_seed_230_base_1_regime_speech_disabled_policy_ml_single_random_kill,1,0,1,3636ee12b35a57bbe8811b59ccf2c37a2bfec25ced6170ee3f51615da6f64f83,stage2b_seed_230_base_1_regime_speech_disabled,2,3,ml_single_random_kill,3,230,1,2,final_test,ml_single_random_kill,0.0,0,2,3,2,1,3,0,0,0,2,wolf,0,1,3,3,1
0.0,0.020819084394789855,1,speech_disabled,0,2,stage2b_seed_230_base_1_regime_speech_disabled_policy_ml_first_two_kills,1,1,1,3636ee12b35a57bbe8811b59ccf2c37a2bfec25ced6170ee3f51615da6f64f83,stage2b_seed_230_base_1_regime_speech_disabled,1,4,ml_first_two_kills,4,230,1,2,final_test,ml_first_two_kills,0.5,2,3,,4,2,4,0,0,1,1,village,0,1,4,0,0
0.0,0.020898144036863853,1,speech_disabled,0,2,stage2b_seed_230_base_1_regime_speech_disabled_policy_continuous_frozen_ml,1,1,1,3636ee12b35a57bbe8811b59ccf2c37a2bfec25ced6170ee3f51615da6f64f83,stage2b_seed_230_base_1_regime_speech_disabled,1,4,continuous_frozen_ml,4,230,0,1,final_test,continuous_frozen_ml,0.5,2,3,,4,4,4,0,0,1,1,village,0,1,4,0,0
0.0,0.017956589563947967,1,speech_disabled,0,,stage2b_seed_230_base_1_regime_speech_disabled_policy_existing_with_ml_shadow,1,0,1,3636ee12b35a57bbe8811b59ccf2c37a2bfec25ced6170ee3f51615da6f64f83,stage2b_seed_230_base_1_regime_speech_disabled,2,3,existing_with_ml_shadow,3,230,1,2,final_test,existing_with_ml_shadow,0.0,0,2,3,2,0,3,0,3,0,2,wolf,0,1,3,3,1
0.03696698576435772,0.017956589563947967,1,speech_disabled,0,,stage2b_seed_230_base_1_regime_speech_disabled_policy_selective_ml_override,1,0,1,3636ee12b35a57bbe8811b59ccf2c37a2bfec25ced6170ee3f51615da6f64f83,stage2b_seed_230_base_1_regime_speech_disabled,2,3,selective_ml_override,3,230,1,2,final_test,selective_ml_override,0.0,0,2,3,2,1,3,1,0,0,2,wolf,0,1,3,3,1
0.03696698576435772,0.017956589563947967,1,speech_disabled,0,,stage2b_seed_230_base_1_regime_speech_disabled_policy_high_confidence_shadow,1,0,1,3636ee12b35a57bbe8811b59ccf2c37a2bfec25ced6170ee3f51615da6f64f83,stage2b_seed_230_base_1_regime_speech_disabled,2,3,high_confidence_shadow,3,230,1,2,final_test,high_confidence_shadow,0.0,0,2,3,2,0,3,1,3,0,2,wolf,0,1,3,3,1
0.0,0.00946995818081589,1,herding_enabled,0,2,stage2b_seed_230_base_1_regime_herding_enabled_policy_existing_rule,1,1,1,3636ee12b35a57bbe8811b59ccf2c37a2bfec25ced6170ee3f51615da6f64f83,stage2b_seed_230_base_1_regime_herding_enabled,0,4,existing_rule,4,230,1,2,final_test,existing_rule,0.75,3,3,,3,0,4,0,0,1,2,village,0,1,4,0,0
0.0,0.00946995818081589,1,herding_enabled,0,2,stage2b_seed_230_base_1_regime_herding_enabled_policy_ml_first_kill_only,1,1,1,3636ee12b35a57bbe8811b59ccf2c37a2bfec25ced6170ee3f51615da6f64f83,stage2b_seed_230_base_1_regime_herding_enabled,0,4,ml_first_kill_only,4,230,1,2,final_test,ml_first_kill_only,0.75,3,3,,3,1,4,0,0,1,2,village,0,1,4,0,0
0.0,0.007989722661636445,1,herding_enabled,0,2,stage2b_seed_230_base_1_regime_herding_enabled_policy_ml_single_random_kill,1,1,1,3636ee12b35a57bbe8811b59ccf2c37a2bfec25ced6170ee3f51615da6f64f83,stage2b_seed_230_base_1_regime_herding_enabled,0,3,ml_single_random_kill,3,230,1,2,final_test,ml_single_random_kill,0.6666666666666666,2,2,,2,1,3,0,0,1,1,village,0,1,3,0,0
0.0,0.007989722661636445,1,herding_enabled,0,2,stage2b_seed_230_base_1_regime_herding_enabled_policy_ml_first_two_kills,1,1,1,3636ee12b35a57bbe8811b59ccf2c37a2bfec25ced6170ee3f51615da6f64f83,stage2b_seed_230_base_1_regime_herding_enabled,0,3,ml_first_two_kills,3,230,1,2,final_test,ml_first_two_kills,0.6666666666666666,2,2,,2,2,3,0,0,1,1,village,0,1,3,0,0
0.0,0.007989722661636445,1,herding_enabled,0,2,stage2b_seed_230_base_1_regime_herding_enabled_policy_continuous_frozen_ml,1,1,1,3636ee12b35a57bbe8811b59ccf2c37a2bfec25ced6170ee3f51615da6f64f83,stage2b_seed_230_base_1_regime_herding_enabled,0,3,continuous_frozen_ml,3,230,1,2,final_test,continuous_frozen_ml,0.6666666666666666,2,2,,2,3,3,0,0,1,1,village,0,1,3,0,0
0.0,0.00946995818081589,1,herding_enabled,0,2,stage2b_seed_230_base_1_regime_herding_enabled_policy_existing_with_ml_shadow,1,1,1,3636ee12b35a57bbe8811b59ccf2c37a2bfec25ced6170ee3f51615da6f64f83,stage2b_seed_230_base_1_regime_herding_enabled,0,4,existing_with_ml_shadow,4,230,1,2,final_test,existing_with_ml_shadow,0.75,3,3,,3,0,4,0,4,1,2,village,0,1,4,0,0
0.02245442781498011,0.00946995818081589,1,herding_enabled,0,2,stage2b_seed_230_base_1_regime_herding_enabled_policy_selective_ml_override,1,1,1,3636ee12b35a57bbe8811b59ccf2c37a2bfec25ced6170ee3f51615da6f64f83,stage2b_seed_230_base_1_regime_herding_enabled,0,4,selective_ml_override,4,230,1,2,final_test,selective_ml_override,0.75,3,3,,3,0,4,0,0,1,2,village,0,1,4,0,0
0.02245442781498011,0.00946995818081589,1,herding_enabled,0,2,stage2b_seed_230_base_1_regime_herding_enabled_policy_high_confidence_shadow,1,1,1,3636ee12b35a57bbe8811b59ccf2c37a2bfec25ced6170ee3f51615da6f64f83,stage2b_seed_230_base_1_regime_herding_enabled,0,4,high_confidence_shadow,4,230,1,2,final_test,high_confidence_shadow,0.75,3,3,,3,0,4,0,4,1,2,village,0,1,4,0,0
0.0,0.006164652745390464,1,deception_enabled,0,,stage2b_seed_230_base_1_regime_deception_enabled_policy_existing_rule,0,0,1,3636ee12b35a57bbe8811b59ccf2c37a2bfec25ced6170ee3f51615da6f64f83,stage2b_seed_230_base_1_regime_deception_enabled,1,2,existing_rule,2,230,1,1,final_test,existing_rule,0.0,0,1,2,2,0,2,0,0,0,2,wolf,0,1,2,3,1
0.0,0.006164652745390464,1,deception_enabled,0,,stage2b_seed_230_base_1_regime_deception_enabled_policy_ml_first_kill_only,0,0,1,3636ee12b35a57bbe8811b59ccf2c37a2bfec25ced6170ee3f51615da6f64f83,stage2b_seed_230_base_1_regime_deception_enabled,1,2,ml_first_kill_only,2,230,1,1,final_test,ml_first_kill_only,0.0,0,1,2,2,1,2,0,0,0,2,wolf,0,1,2,3,1
0.0,0.006164652745390464,1,deception_enabled,0,,stage2b_seed_230_base_1_regime_deception_enabled_policy_ml_single_random_kill,0,0,1,3636ee12b35a57bbe8811b59ccf2c37a2bfec25ced6170ee3f51615da6f64f83,stage2b_seed_230_base_1_regime_deception_enabled,1,2,ml_single_random_kill,2,230,1,1,final_test,ml_single_random_kill,0.0,0,1,2,2,0,2,0,0,0,2,wolf,0,1,2,3,1
0.0,0.008481395986183693,1,deception_enabled,0,2,stage2b_seed_230_base_1_regime_deception_enabled_policy_ml_first_two_kills,1,1,1,3636ee12b35a57bbe8811b59ccf2c37a2bfec25ced6170ee3f51615da6f64f83,stage2b_seed_230_base_1_regime_deception_enabled,1,4,ml_first_two_kills,4,230,1,2,final_test,ml_first_two_kills,0.5,2,3,4,4,2,4,0,0,0,1,wolf,0,1,4,1,1
0.0,0.007881688509520923,1,deception_enabled,0,2,stage2b_seed_230_base_1_regime_deception_enabled_policy_continuous_frozen_ml,0,0,1,3636ee12b35a57bbe8811b59ccf2c37a2bfec25ced6170ee3f51615da6f64f83,stage2b_seed_230_base_1_regime_deception_enabled,1,4,continuous_frozen_ml,4,230,0,1,final_test,continuous_frozen_ml,0.5,2,3,,4,4,4,0,0,1,1,village,1,1,4,0,0
0.0,0.006164652745390464,1,deception_enabled,0,,stage2b_seed_230_base_1_regime_deception_enabled_policy_existing_with_ml_shadow,0,0,1,3636ee12b35a57bbe8811b59ccf2c37a2bfec25ced6170ee3f51615da6f64f83,stage2b_seed_230_base_1_regime_deception_enabled,1,2,existing_with_ml_shadow,2,230,1,1,final_test,existing_with_ml_shadow,0.0,0,1,2,2,0,2,0,2,0,2,wolf,0,1,2,3,1
0.015112594499445131,0.006164652745390464,1,deception_enabled,0,,stage2b_seed_230_base_1_regime_deception_enabled_policy_selective_ml_override,0,0,1,3636ee12b35a57bbe8811b59ccf2c37a2bfec25ced6170ee3f51615da6f64f83,stage2b_seed_230_base_1_regime_deception_enabled,1,2,selective_ml_override,2,230,1,1,final_test,selective_ml_override,0.0,0,1,2,2,0,2,0,0,0,2,wolf,0,1,2,3,1
0.015112594499445131,0.006164652745390464,1,deception_enabled,0,,stage2b_seed_230_base_1_regime_deception_enabled_policy_high_confidence_shadow,0,0,1,3636ee12b35a57bbe8811b59ccf2c37a2bfec25ced6170ee3f51615da6f64f83,stage2b_seed_230_base_1_regime_deception_enabled,1,2,high_confidence_shadow,2,230,1,1,final_test,high_confidence_shadow,0.0,0,1,2,2,0,2,0,2,0,2,wolf,0,1,2,3,1
0.0,0.011639889633517586,1,heterogeneous_risk_preference,0,1,stage2b_seed_230_base_1_regime_heterogeneous_risk_preference_policy_existing_rule,1,1,1,3636ee12b35a57bbe8811b59ccf2c37a2bfec25ced6170ee3f51615da6f64f83,stage2b_seed_230_base_1_regime_heterogeneous_risk_preference,0,3,existing_rule,3,230,1,2,final_test,existing_rule,0.6666666666666666,2,2,,3,0,3,0,0,1,1,village,0,1,3,0,0
0.0,0.011639889633517586,1,heterogeneous_risk_preference,0,1,stage2b_seed_230_base_1_regime_heterogeneous_risk_preference_policy_ml_first_kill_only,1,1,1,3636ee12b35a57bbe8811b59ccf2c37a2bfec25ced6170ee3f51615da6f64f83,stage2b_seed_230_base_1_regime_heterogeneous_risk_preference,0,3,ml_first_kill_only,3,230,1,2,final_test,ml_first_kill_only,0.6666666666666666,2,2,,3,1,3,0,0,1,1,village,0,1,3,0,0
0.0,0.011639889633517586,1,heterogeneous_risk_preference,0,1,stage2b_seed_230_base_1_regime_heterogeneous_risk_preference_policy_ml_single_random_kill,1,1,1,3636ee12b35a57bbe8811b59ccf2c37a2bfec25ced6170ee3f51615da6f64f83,stage2b_seed_230_base_1_regime_heterogeneous_risk_preference,0,3,ml_single_random_kill,3,230,1,2,final_test,ml_single_random_kill,0.6666666666666666,2,2,,3,1,3,0,0,1,1,village,0,1,3,0,0
0.0,0.015584790799448717,1,heterogeneous_risk_preference,0,1,stage2b_seed_230_base_1_regime_heterogeneous_risk_preference_policy_ml_first_two_kills,1,0,1,3636ee12b35a57bbe8811b59ccf2c37a2bfec25ced6170ee3f51615da6f64f83,stage2b_seed_230_base_1_regime_heterogeneous_risk_preference,0,4,ml_first_two_kills,4,230,1,2,final_test,ml_first_two_kills,0.75,3,3,4,4,2,4,0,0,0,2,wolf,0,1,4,2,1
0.0,0.013914327952660233,1,heterogeneous_risk_preference,0,1,stage2b_seed_230_base_1_regime_heterogeneous_risk_preference_policy_continuous_frozen_ml,0,0,1,3636ee12b35a57bbe8811b59ccf2c37a2bfec25ced6170ee3f51615da6f64f83,stage2b_seed_230_base_1_regime_heterogeneous_risk_preference,0,4,continuous_frozen_ml,4,230,0,0,final_test,continuous_frozen_ml,0.75,3,3,4,4,4,4,0,0,0,2,wolf,0,1,4,2,1
0.0,0.011639889633517586,1,heterogeneous_risk_preference,0,1,stage2b_seed_230_base_1_regime_heterogeneous_risk_preference_policy_existing_with_ml_shadow,1,1,1,3636ee12b35a57bbe8811b59ccf2c37a2bfec25ced6170ee3f51615da6f64f83,stage2b_seed_230_base_1_regime_heterogeneous_risk_preference,0,3,existing_with_ml_shadow,3,230,1,2,final_test,existing_with_ml_shadow,0.6666666666666666,2,2,,3,0,3,0,3,1,1,village,0,1,3,0,0
0.036504749368910516,0.011639889633517586,1,heterogeneous_risk_preference,0,1,stage2b_seed_230_base_1_regime_heterogeneous_risk_preference_policy_selective_ml_override,1,1,1,3636ee12b35a57bbe8811b59ccf2c37a2bfec25ced6170ee3f51615da6f64f83,stage2b_seed_230_base_1_regime_heterogeneous_risk_preference,0,3,selective_ml_override,3,230,1,2,final_test,selective_ml_override,0.6666666666666666,2,2,,3,1,3,1,0,1,1,village,0,1,3,0,0
0.036504749368910516,0.011639889633517586,1,heterogeneous_risk_preference,0,1,stage2b_seed_230_base_1_regime_heterogeneous_risk_preference_policy_high_confidence_shadow,1,1,1,3636ee12b35a57bbe8811b59ccf2c37a2bfec25ced6170ee3f51615da6f64f83,stage2b_seed_230_base_1_regime_heterogeneous_risk_preference,0,3,high_confidence_shadow,3,230,1,2,final_test,high_confidence_shadow,0.6666666666666666,2,2,,3,0,3,1,3,1,1,village,0,1,3,0,0
0.0,0.006064789819198391,1,strong_village_information,0,2,stage2b_seed_230_base_1_regime_strong_village_information_policy_existing_rule,1,1,1,3636ee12b35a57bbe8811b59ccf2c37a2bfec25ced6170ee3f51615da6f64f83,stage2b_seed_230_base_1_regime_strong_village_information,0,4,existing_rule,4,230,1,3,final_test,existing_rule,0.75,3,3,,3,0,4,0,0,1,2,village,1,1,4,0,0
0.0,0.006064789819198391,1,strong_village_information,0,2,stage2b_seed_230_base_1_regime_strong_village_information_policy_ml_first_kill_only,1,1,1,3636ee12b35a57bbe8811b59ccf2c37a2bfec25ced6170ee3f51615da6f64f83,stage2b_seed_230_base_1_regime_strong_village_information,0,4,ml_first_kill_only,4,230,1,3,final_test,ml_first_kill_only,0.75,3,3,,3,1,4,0,0,1,2,village,1,1,4,0,0
0.0,0.004049857973378905,1,strong_village_information,0,2,stage2b_seed_230_base_1_regime_strong_village_information_policy_ml_single_random_kill,0,0,1,3636ee12b35a57bbe8811b59ccf2c37a2bfec25ced6170ee3f51615da6f64f83,stage2b_seed_230_base_1_regime_strong_village_information,0,3,ml_single_random_kill,3,230,0,1,final_test,ml_single_random_kill,0.6666666666666666,2,2,3,3,1,3,0,0,0,3,wolf,1,1,3,2,1
0.0,0.004049857973378905,1,strong_village_information,0,2,stage2b_seed_230_base_1_regime_strong_village_information_policy_ml_first_two_kills,0,0,1,3636ee12b35a57bbe8811b59ccf2c37a2bfec25ced6170ee3f51615da6f64f83,stage2b_seed_230_base_1_regime_strong_village_information,0,3,ml_first_two_kills,3,230,0,1,final_test,ml_first_two_kills,0.6666666666666666,2,2,3,3,2,3,0,0,0,3,wolf,1,1,3,2,1
0.0,0.004049857973378905,1,strong_village_information,0,2,stage2b_seed_230_base_1_regime_strong_village_information_policy_continuous_frozen_ml,0,0,1,3636ee12b35a57bbe8811b59ccf2c37a2bfec25ced6170ee3f51615da6f64f83,stage2b_seed_230_base_1_regime_strong_village_information,0,3,continuous_frozen_ml,3,230,0,0,final_test,continuous_frozen_ml,0.6666666666666666,2,2,3,3,3,3,0,0,0,3,wolf,0,1,3,2,1
0.0,0.006064789819198391,1,strong_village_information,0,2,stage2b_seed_230_base_1_regime_strong_village_information_policy_existing_with_ml_shadow,1,1,1,3636ee12b35a57bbe8811b59ccf2c37a2bfec25ced6170ee3f51615da6f64f83,stage2b_seed_230_base_1_regime_strong_village_information,0,4,existing_with_ml_shadow,4,230,1,3,final_test,existing_with_ml_shadow,0.75,3,3,,3,0,4,0,4,1,2,village,1,1,4,0,0
0.01373318780520727,0.006064789819198391,1,strong_village_information,0,2,stage2b_seed_230_base_1_regime_strong_village_information_policy_selective_ml_override,1,1,1,3636ee12b35a57bbe8811b59ccf2c37a2bfec25ced6170ee3f51615da6f64f83,stage2b_seed_230_base_1_regime_strong_village_information,0,4,selective_ml_override,4,230,1,3,final_test,selective_ml_override,0.75,3,3,,3,0,4,0,0,1,2,village,1,1,4,0,0
0.01373318780520727,0.006064789819198391,1,strong_village_information,0,2,stage2b_seed_230_base_1_regime_strong_village_information_policy_high_confidence_shadow,1,1,1,3636ee12b35a57bbe8811b59ccf2c37a2bfec25ced6170ee3f51615da6f64f83,stage2b_seed_230_base_1_regime_strong_village_information,0,4,high_confidence_shadow,4,230,1,3,final_test,high_confidence_shadow,0.75,3,3,,3,0,4,0,4,1,2,village,1,1,4,0,0
0.0,0.010024869397234598,1,weak_village_information,0,1,stage2b_seed_230_base_1_regime_weak_village_information_policy_existing_rule,1,1,1,3636ee12b35a57bbe8811b59ccf2c37a2bfec25ced6170ee3f51615da6f64f83,stage2b_seed_230_base_1_regime_weak_village_information,0,4,existing_rule,4,230,1,2,final_test,existing_rule,0.75,3,3,4,3,0,4,0,0,0,2,wolf,0,1,4,1,1
0.0,0.010024869397234598,1,weak_village_information,0,1,stage2b_seed_230_base_1_regime_weak_village_information_policy_ml_first_kill_only,1,1,1,3636ee12b35a57bbe8811b59ccf2c37a2bfec25ced6170ee3f51615da6f64f83,stage2b_seed_230_base_1_regime_weak_village_information,0,4,ml_first_kill_only,4,230,1,2,final_test,ml_first_kill_only,0.75,3,3,4,3,1,4,0,0,0,2,wolf,0,1,4,1,1
0.0,0.010024869397234598,1,weak_village_information,0,1,stage2b_seed_230_base_1_regime_weak_village_information_policy_ml_single_random_kill,1,1,1,3636ee12b35a57bbe8811b59ccf2c37a2bfec25ced6170ee3f51615da6f64f83,stage2b_seed_230_base_1_regime_weak_village_information,0,4,ml_single_random_kill,4,230,1,2,final_test,ml_single_random_kill,0.75,3,3,4,3,1,4,0,0,0,2,wolf,0,1,4,1,1
0.0,0.007032897770712254,1,weak_village_information,0,1,stage2b_seed_230_base_1_regime_weak_village_information_policy_ml_first_two_kills,0,0,1,3636ee12b35a57bbe8811b59ccf2c37a2bfec25ced6170ee3f51615da6f64f83,stage2b_seed_230_base_1_regime_weak_village_information,0,3,ml_first_two_kills,3,230,1,1,final_test,ml_first_two_kills,0.6666666666666666,2,2,,2,2,3,0,0,1,1,village,0,1,3,0,0
0.0,0.007032897770712254,1,weak_village_information,0,1,stage2b_seed_230_base_1_regime_weak_village_information_policy_continuous_frozen_ml,0,0,1,3636ee12b35a57bbe8811b59ccf2c37a2bfec25ced6170ee3f51615da6f64f83,stage2b_seed_230_base_1_regime_weak_village_information,0,3,continuous_frozen_ml,3,230,1,1,final_test,continuous_frozen_ml,0.6666666666666666,2,2,,2,3,3,0,0,1,1,village,0,1,3,0,0
0.0,0.010024869397234598,1,weak_village_information,0,1,stage2b_seed_230_base_1_regime_weak_village_information_policy_existing_with_ml_shadow,1,1,1,3636ee12b35a57bbe8811b59ccf2c37a2bfec25ced6170ee3f51615da6f64f83,stage2b_seed_230_base_1_regime_weak_village_information,0,4,existing_with_ml_shadow,4,230,1,2,final_test,existing_with_ml_shadow,0.75,3,3,4,3,0,4,0,4,0,2,wolf,0,1,4,1,1
0.02788869779612413,0.010024869397234598,1,weak_village_information,0,1,stage2b_seed_230_base_1_regime_weak_village_information_policy_selective_ml_override,1,1,1,3636ee12b35a57bbe8811b59ccf2c37a2bfec25ced6170ee3f51615da6f64f83,stage2b_seed_230_base_1_regime_weak_village_information,0,4,selective_ml_override,4,230,1,2,final_test,selective_ml_override,0.75,3,3,4,3,0,4,0,0,0,2,wolf,0,1,4,1,1
0.02788869779612413,0.010024869397234598,1,weak_village_information,0,1,stage2b_seed_230_base_1_regime_weak_village_information_policy_high_confidence_shadow,1,1,1,3636ee12b35a57bbe8811b59ccf2c37a2bfec25ced6170ee3f51615da6f64f83,stage2b_seed_230_base_1_regime_weak_village_information,0,4,high_confidence_shadow,4,230,1,2,final_test,high_confidence_shadow,0.75,3,3,4,3,0,4,0,4,0,2,wolf,0,1,4,1,1
0.0,0.00827284640360515,1,mixed_seer_strategy,0,1,stage2b_seed_230_base_1_regime_mixed_seer_strategy_policy_existing_rule,0,1,0,3636ee12b35a57bbe8811b59ccf2c37a2bfec25ced6170ee3f51615da6f64f83,stage2b_seed_230_base_1_regime_mixed_seer_strategy,1,2,existing_rule,2,230,1,1,final_test,existing_rule,0.5,1,1,,2,0,2,0,0,1,1,village,0,1,2,0,0
0.0,0.008358092182852661,1,mixed_seer_strategy,0,1,stage2b_seed_230_base_1_regime_mixed_seer_strategy_policy_ml_first_kill_only,0,1,0,3636ee12b35a57bbe8811b59ccf2c37a2bfec25ced6170ee3f51615da6f64f83,stage2b_seed_230_base_1_regime_mixed_seer_strategy,1,2,ml_first_kill_only,2,230,0,0,final_test,ml_first_kill_only,0.5,1,1,,2,1,2,0,0,1,1,village,0,1,2,0,0
0.0,0.00827284640360515,1,mixed_seer_strategy,0,1,stage2b_seed_230_base_1_regime_mixed_seer_strategy_policy_ml_single_random_kill,0,1,0,3636ee12b35a57bbe8811b59ccf2c37a2bfec25ced6170ee3f51615da6f64f83,stage2b_seed_230_base_1_regime_mixed_seer_strategy,1,2,ml_single_random_kill,2,230,1,1,final_test,ml_single_random_kill,0.5,1,1,,2,1,2,0,0,1,1,village,0,1,2,0,0
0.0,0.008358092182852661,1,mixed_seer_strategy,0,1,stage2b_seed_230_base_1_regime_mixed_seer_strategy_policy_ml_first_two_kills,0,1,0,3636ee12b35a57bbe8811b59ccf2c37a2bfec25ced6170ee3f51615da6f64f83,stage2b_seed_230_base_1_regime_mixed_seer_strategy,1,2,ml_first_two_kills,2,230,0,0,final_test,ml_first_two_kills,0.5,1,1,,2,2,2,0,0,1,1,village,0,1,2,0,0
0.0,0.008358092182852661,1,mixed_seer_strategy,0,1,stage2b_seed_230_base_1_regime_mixed_seer_strategy_policy_continuous_frozen_ml,0,1,0,3636ee12b35a57bbe8811b59ccf2c37a2bfec25ced6170ee3f51615da6f64f83,stage2b_seed_230_base_1_regime_mixed_seer_strategy,1,2,continuous_frozen_ml,2,230,0,0,final_test,continuous_frozen_ml,0.5,1,1,,2,2,2,0,0,1,1,village,0,1,2,0,0
0.0,0.00827284640360515,1,mixed_seer_strategy,0,1,stage2b_seed_230_base_1_regime_mixed_seer_strategy_policy_existing_with_ml_shadow,0,1,0,3636ee12b35a57bbe8811b59ccf2c37a2bfec25ced6170ee3f51615da6f64f83,stage2b_seed_230_base_1_regime_mixed_seer_strategy,1,2,existing_with_ml_shadow,2,230,1,1,final_test,existing_with_ml_shadow,0.5,1,1,,2,0,2,0,2,1,1,village,0,1,2,0,0
0.025922048421748944,0.00827284640360515,1,mixed_seer_strategy,0,1,stage2b_seed_230_base_1_regime_mixed_seer_strategy_policy_selective_ml_override,0,1,0,3636ee12b35a57bbe8811b59ccf2c37a2bfec25ced6170ee3f51615da6f64f83,stage2b_seed_230_base_1_regime_mixed_seer_strategy,1,2,selective_ml_override,2,230,1,1,final_test,selective_ml_override,0.5,1,1,,2,0,2,0,0,1,1,village,0,1,2,0,0
0.025922048421748944,0.00827284640360515,1,mixed_seer_strategy,0,1,stage2b_seed_230_base_1_regime_mixed_seer_strategy_policy_high_confidence_shadow,0,1,0,3636ee12b35a57bbe8811b59ccf2c37a2bfec25ced6170ee3f51615da6f64f83,stage2b_seed_230_base_1_regime_mixed_seer_strategy,1,2,high_confidence_shadow,2,230,1,1,final_test,high_confidence_shadow,0.5,1,1,,2,0,2,0,2,1,1,village,0,1,2,0,0
0.0,0.006900222961338927,1,mixed_voting_strategy,0,2,stage2b_seed_230_base_1_regime_mixed_voting_strategy_policy_existing_rule,0,0,1,3636ee12b35a57bbe8811b59ccf2c37a2bfec25ced6170ee3f51615da6f64f83,stage2b_seed_230_base_1_regime_mixed_voting_strategy,0,3,existing_rule,3,230,1,2,final_test,existing_rule,0.6666666666666666,2,2,,1,0,3,0,0,1,1,village,1,1,3,0,0
0.0,0.006900222961338927,1,mixed_voting_strategy,0,2,stage2b_seed_230_base_1_regime_mixed_voting_strategy_policy_ml_first_kill_only,0,0,1,3636ee12b35a57bbe8811b59ccf2c37a2bfec25ced6170ee3f51615da6f64f83,stage2b_seed_230_base_1_regime_mixed_voting_strategy,0,3,ml_first_kill_only,3,230,1,2,final_test,ml_first_kill_only,0.6666666666666666,2,2,,1,1,3,0,0,1,1,village,1,1,3,0,0
0.0,0.006900222961338927,1,mixed_voting_strategy,0,2,stage2b_seed_230_base_1_regime_mixed_voting_strategy_policy_ml_single_random_kill,0,0,1,3636ee12b35a57bbe8811b59ccf2c37a2bfec25ced6170ee3f51615da6f64f83,stage2b_seed_230_base_1_regime_mixed_voting_strategy,0,3,ml_single_random_kill,3,230,1,2,final_test,ml_single_random_kill,0.6666666666666666,2,2,,1,1,3,0,0,1,1,village,1,1,3,0,0
0.0,0.006900222961338927,1,mixed_voting_strategy,0,2,stage2b_seed_230_base_1_regime_mixed_voting_strategy_policy_ml_first_two_kills,0,0,1,3636ee12b35a57bbe8811b59ccf2c37a2bfec25ced6170ee3f51615da6f64f83,stage2b_seed_230_base_1_regime_mixed_voting_strategy,0,3,ml_first_two_kills,3,230,1,2,final_test,ml_first_two_kills,0.6666666666666666,2,2,,1,2,3,0,0,1,1,village,1,1,3,0,0
0.0,0.007459038846887173,1,mixed_voting_strategy,0,2,stage2b_seed_230_base_1_regime_mixed_voting_strategy_policy_continuous_frozen_ml,1,1,1,3636ee12b35a57bbe8811b59ccf2c37a2bfec25ced6170ee3f51615da6f64f83,stage2b_seed_230_base_1_regime_mixed_voting_strategy,0,4,continuous_frozen_ml,4,230,1,2,final_test,continuous_frozen_ml,0.75,3,3,4,1,4,4,0,0,0,2,wolf,0,1,4,1,1
0.0,0.006900222961338927,1,mixed_voting_strategy,0,2,stage2b_seed_230_base_1_regime_mixed_voting_strategy_policy_existing_with_ml_shadow,0,0,1,3636ee12b35a57bbe8811b59ccf2c37a2bfec25ced6170ee3f51615da6f64f83,stage2b_seed_230_base_1_regime_mixed_voting_strategy,0,3,existing_with_ml_shadow,3,230,1,2,final_test,existing_with_ml_shadow,0.6666666666666666,2,2,,1,0,3,0,3,1,1,village,1,1,3,0,0
0.00869357807253405,0.006900222961338927,1,mixed_voting_strategy,0,2,stage2b_seed_230_base_1_regime_mixed_voting_strategy_policy_selective_ml_override,0,0,1,3636ee12b35a57bbe8811b59ccf2c37a2bfec25ced6170ee3f51615da6f64f83,stage2b_seed_230_base_1_regime_mixed_voting_strategy,0,3,selective_ml_override,3,230,1,2,final_test,selective_ml_override,0.6666666666666666,2,2,,1,0,3,0,0,1,1,village,1,1,3,0,0
0.00869357807253405,0.006900222961338927,1,mixed_voting_strategy,0,2,stage2b_seed_230_base_1_regime_mixed_voting_strategy_policy_high_confidence_shadow,0,0,1,3636ee12b35a57bbe8811b59ccf2c37a2bfec25ced6170ee3f51615da6f64f83,stage2b_seed_230_base_1_regime_mixed_voting_strategy,0,3,high_confidence_shadow,3,230,1,2,final_test,high_confidence_shadow,0.6666666666666666,2,2,,1,0,3,0,3,1,1,village,1,1,3,0,0
0.0,0.0045921879619504336,1,mixed_wolf_deception_strategy,0,1,stage2b_seed_230_base_1_regime_mixed_wolf_deception_strategy_policy_existing_rule,0,1,1,3636ee12b35a57bbe8811b59ccf2c37a2bfec25ced6170ee3f51615da6f64f83,stage2b_seed_230_base_1_regime_mixed_wolf_deception_strategy,1,4,existing_rule,4,230,1,2,final_test,existing_rule,0.5,2,3,4,4,0,4,0,0,0,2,wolf,1,1,4,1,1
0.0,0.0045921879619504336,1,mixed_wolf_deception_strategy,0,1,stage2b_seed_230_base_1_regime_mixed_wolf_deception_strategy_policy_ml_first_kill_only,0,1,1,3636ee12b35a57bbe8811b59ccf2c37a2bfec25ced6170ee3f51615da6f64f83,stage2b_seed_230_base_1_regime_mixed_wolf_deception_strategy,1,4,ml_first_kill_only,4,230,1,2,final_test,ml_first_kill_only,0.5,2,3,4,4,1,4,0,0,0,2,wolf,1,1,4,1,1
0.0,0.0026001641869010475,1,mixed_wolf_deception_strategy,0,1,stage2b_seed_230_base_1_regime_mixed_wolf_deception_strategy_policy_ml_single_random_kill,0,1,1,3636ee12b35a57bbe8811b59ccf2c37a2bfec25ced6170ee3f51615da6f64f83,stage2b_seed_230_base_1_regime_mixed_wolf_deception_strategy,1,3,ml_single_random_kill,3,230,1,1,final_test,ml_single_random_kill,0.3333333333333333,1,2,3,3,1,3,0,0,0,2,wolf,0,1,3,2,1
0.0,0.0026001641869010475,1,mixed_wolf_deception_strategy,0,1,stage2b_seed_230_base_1_regime_mixed_wolf_deception_strategy_policy_ml_first_two_kills,0,1,1,3636ee12b35a57bbe8811b59ccf2c37a2bfec25ced6170ee3f51615da6f64f83,stage2b_seed_230_base_1_regime_mixed_wolf_deception_strategy,1,3,ml_first_two_kills,3,230,1,1,final_test,ml_first_two_kills,0.3333333333333333,1,2,3,3,2,3,0,0,0,2,wolf,0,1,3,2,1
0.0,0.0026001641869010475,1,mixed_wolf_deception_strategy,0,1,stage2b_seed_230_base_1_regime_mixed_wolf_deception_strategy_policy_continuous_frozen_ml,0,1,1,3636ee12b35a57bbe8811b59ccf2c37a2bfec25ced6170ee3f51615da6f64f83,stage2b_seed_230_base_1_regime_mixed_wolf_deception_strategy,1,3,continuous_frozen_ml,3,230,0,1,final_test,continuous_frozen_ml,0.3333333333333333,1,2,3,3,3,3,0,0,0,2,wolf,1,1,3,2,1
0.0,0.0045921879619504336,1,mixed_wolf_deception_strategy,0,1,stage2b_seed_230_base_1_regime_mixed_wolf_deception_strategy_policy_existing_with_ml_shadow,0,1,1,3636ee12b35a57bbe8811b59ccf2c37a2bfec25ced6170ee3f51615da6f64f83,stage2b_seed_230_base_1_regime_mixed_wolf_deception_strategy,1,4,existing_with_ml_shadow,4,230,1,2,final_test,existing_with_ml_shadow,0.5,2,3,4,4,0,4,0,4,0,2,wolf,1,1,4,1,1
0.033156125350633475,0.0045921879619504336,1,mixed_wolf_deception_strategy,0,1,stage2b_seed_230_base_1_regime_mixed_wolf_deception_strategy_policy_selective_ml_override,0,1,1,3636ee12b35a57bbe8811b59ccf2c37a2bfec25ced6170ee3f51615da6f64f83,stage2b_seed_230_base_1_regime_mixed_wolf_deception_strategy,1,4,selective_ml_override,4,230,1,2,final_test,selective_ml_override,0.5,2,3,4,4,0,4,0,0,0,2,wolf,1,1,4,1,1
0.033156125350633475,0.0045921879619504336,1,mixed_wolf_deception_strategy,0,1,stage2b_seed_230_base_1_regime_mixed_wolf_deception_strategy_policy_high_confidence_shadow,0,1,1,3636ee12b35a57bbe8811b59ccf2c37a2bfec25ced6170ee3f51615da6f64f83,stage2b_seed_230_base_1_regime_mixed_wolf_deception_strategy,1,4,high_confidence_shadow,4,230,1,2,final_test,high_confidence_shadow,0.5,2,3,4,4,0,4,0,4,0,2,wolf,1,1,4,1,1
0.0,0.0027986348910929437,1,baseline_speech_enabled,0,,stage2b_seed_231_base_1_regime_baseline_speech_enabled_policy_existing_rule,1,1,1,3636ee12b35a57bbe8811b59ccf2c37a2bfec25ced6170ee3f51615da6f64f83,stage2b_seed_231_base_1_regime_baseline_speech_enabled,0,2,existing_rule,2,231,1,2,final_test,existing_rule,0.5,1,2,2,1,0,2,0,0,0,1,wolf,0,0,2,3,1
0.0,0.007404454588604281,1,baseline_speech_enabled,0,,stage2b_seed_231_base_1_regime_baseline_speech_enabled_policy_ml_first_kill_only,0,0,1,3636ee12b35a57bbe8811b59ccf2c37a2bfec25ced6170ee3f51615da6f64f83,stage2b_seed_231_base_1_regime_baseline_speech_enabled,0,2,ml_first_kill_only,2,231,1,1,final_test,ml_first_kill_only,0.5,1,2,2,2,1,2,0,0,0,2,wolf,0,0,2,3,1
0.0,0.0027986348910929437,1,baseline_speech_enabled,0,,stage2b_seed_231_base_1_regime_baseline_speech_enabled_policy_ml_single_random_kill,1,1,1,3636ee12b35a57bbe8811b59ccf2c37a2bfec25ced6170ee3f51615da6f64f83,stage2b_seed_231_base_1_regime_baseline_speech_enabled,0,2,ml_single_random_kill,2,231,1,2,final_test,ml_single_random_kill,0.5,1,2,2,1,1,2,0,0,0,1,wolf,0,0,2,3,1
0.0,0.007404454588604281,1,baseline_speech_enabled,0,,stage2b_seed_231_base_1_regime_baseline_speech_enabled_policy_ml_first_two_kills,1,1,1,3636ee12b35a57bbe8811b59ccf2c37a2bfec25ced6170ee3f51615da6f64f83,stage2b_seed_231_base_1_regime_baseline_speech_enabled,0,2,ml_first_two_kills,2,231,0,1,final_test,ml_first_two_kills,0.5,1,2,2,2,2,2,0,0,0,1,wolf,0,0,2,3,1
0.0,0.007404454588604281,1,baseline_speech_enabled,0,,stage2b_seed_231_base_1_regime_baseline_speech_enabled_policy_continuous_frozen_ml,1,1,1,3636ee12b35a57bbe8811b59ccf2c37a2bfec25ced6170ee3f51615da6f64f83,stage2b_seed_231_base_1_regime_baseline_speech_enabled,0,2,continuous_frozen_ml,2,231,0,1,final_test,continuous_frozen_ml,0.5,1,2,2,2,2,2,0,0,0,1,wolf,0,0,2,3,1
0.0,0.0027986348910929437,1,baseline_speech_enabled,0,,stage2b_seed_231_base_1_regime_baseline_speech_enabled_policy_existing_with_ml_shadow,1,1,1,3636ee12b35a57bbe8811b59ccf2c37a2bfec25ced6170ee3f51615da6f64f83,stage2b_seed_231_base_1_regime_baseline_speech_enabled,0,2,existing_with_ml_shadow,2,231,1,2,final_test,existing_with_ml_shadow,0.5,1,2,2,1,0,2,0,2,0,1,wolf,0,0,2,3,1
0.010805083993811027,0.0027986348910929437,1,baseline_speech_enabled,0,,stage2b_seed_231_base_1_regime_baseline_speech_enabled_policy_selective_ml_override,1,1,1,3636ee12b35a57bbe8811b59ccf2c37a2bfec25ced6170ee3f51615da6f64f83,stage2b_seed_231_base_1_regime_baseline_speech_enabled,0,2,selective_ml_override,2,231,1,2,final_test,selective_ml_override,0.5,1,2,2,1,0,2,0,0,0,1,wolf,0,0,2,3,1
0.010805083993811027,0.0027986348910929437,1,baseline_speech_enabled,0,,stage2b_seed_231_base_1_regime_baseline_speech_enabled_policy_high_confidence_shadow,1,1,1,3636ee12b35a57bbe8811b59ccf2c37a2bfec25ced6170ee3f51615da6f64f83,stage2b_seed_231_base_1_regime_baseline_speech_enabled,0,2,high_confidence_shadow,2,231,1,2,final_test,high_confidence_shadow,0.5,1,2,2,1,0,2,0,2,0,1,wolf,0,0,2,3,1
0.0,0.014711244749109564,1,speech_disabled,0,1,stage2b_seed_231_base_1_regime_speech_disabled_policy_existing_rule,1,1,1,3636ee12b35a57bbe8811b59ccf2c37a2bfec25ced6170ee3f51615da6f64f83,stage2b_seed_231_base_1_regime_speech_disabled,1,4,existing_rule,4,231,1,3,final_test,existing_rule,0.5,2,3,4,4,0,4,0,0,0,2,wolf,1,1,4,1,1
0.0,0.014711244749109564,1,speech_disabled,0,1,stage2b_seed_231_base_1_regime_speech_disabled_policy_ml_first_kill_only,1,1,1,3636ee12b35a57bbe8811b59ccf2c37a2bfec25ced6170ee3f51615da6f64f83,stage2b_seed_231_base_1_regime_speech_disabled,1,4,ml_first_kill_only,4,231,1,3,final_test,ml_first_kill_only,0.5,2,3,4,4,1,4,0,0,0,2,wolf,1,1,4,1,1
0.0,0.009807496499406376,1,speech_disabled,0,1,stage2b_seed_231_base_1_regime_speech_disabled_policy_ml_single_random_kill,0,0,1,3636ee12b35a57bbe8811b59ccf2c37a2bfec25ced6170ee3f51615da6f64f83,stage2b_seed_231_base_1_regime_speech_disabled,2,3,ml_single_random_kill,3,231,1,1,final_test,ml_single_random_kill,0.0,0,2,,2,1,3,0,0,1,0,village,0,1,3,0,0
0.0,0.009807496499406376,1,speech_disabled,0,1,stage2b_seed_231_base_1_regime_speech_disabled_policy_ml_first_two_kills,0,0,1,3636ee12b35a57bbe8811b59ccf2c37a2bfec25ced6170ee3f51615da6f64f83,stage2b_seed_231_base_1_regime_speech_disabled,2,3,ml_first_two_kills,3,231,1,1,final_test,ml_first_two_kills,0.0,0,2,,2,2,3,0,0,1,0,village,0,1,3,0,0
0.0,0.009807496499406376,1,speech_disabled,0,1,stage2b_seed_231_base_1_regime_speech_disabled_policy_continuous_frozen_ml,0,0,1,3636ee12b35a57bbe8811b59ccf2c37a2bfec25ced6170ee3f51615da6f64f83,stage2b_seed_231_base_1_regime_speech_disabled,2,3,continuous_frozen_ml,3,231,1,1,final_test,continuous_frozen_ml,0.0,0,2,,2,3,3,0,0,1,0,village,0,1,3,0,0
0.0,0.014711244749109564,1,speech_disabled,0,1,stage2b_seed_231_base_1_regime_speech_disabled_policy_existing_with_ml_shadow,1,1,1,3636ee12b35a57bbe8811b59ccf2c37a2bfec25ced6170ee3f51615da6f64f83,stage2b_seed_231_base_1_regime_speech_disabled,1,4,existing_with_ml_shadow,4,231,1,3,final_test,existing_with_ml_shadow,0.5,2,3,4,4,0,4,0,4,0,2,wolf,1,1,4,1,1
0.033010078941202003,0.014711244749109564,1,speech_disabled,0,1,stage2b_seed_231_base_1_regime_speech_disabled_policy_selective_ml_override,1,1,1,3636ee12b35a57bbe8811b59ccf2c37a2bfec25ced6170ee3f51615da6f64f83,stage2b_seed_231_base_1_regime_speech_disabled,1,4,selective_ml_override,4,231,1,3,final_test,selective_ml_override,0.5,2,3,4,4,0,4,0,0,0,2,wolf,1,1,4,1,1
0.033010078941202003,0.014711244749109564,1,speech_disabled,0,1,stage2b_seed_231_base_1_regime_speech_disabled_policy_high_confidence_shadow,1,1,1,3636ee12b35a57bbe8811b59ccf2c37a2bfec25ced6170ee3f51615da6f64f83,stage2b_seed_231_base_1_regime_speech_disabled,1,4,high_confidence_shadow,4,231,1,3,final_test,high_confidence_shadow,0.5,2,3,4,4,0,4,0,4,0,2,wolf,1,1,4,1,1
0.0,0.007847165389363142,1,herding_enabled,0,2,stage2b_seed_231_base_1_regime_herding_enabled_policy_existing_rule,1,0,1,3636ee12b35a57bbe8811b59ccf2c37a2bfec25ced6170ee3f51615da6f64f83,stage2b_seed_231_base_1_regime_herding_enabled,1,4,existing_rule,4,231,1,3,final_test,existing_rule,0.5,2,3,4,3,0,4,0,0,0,2,wolf,1,1,4,2,1
0.0,0.010204295409211611,1,herding_enabled,0,2,stage2b_seed_231_base_1_regime_herding_enabled_policy_ml_first_kill_only,1,1,0,3636ee12b35a57bbe8811b59ccf2c37a2bfec25ced6170ee3f51615da6f64f83,stage2b_seed_231_base_1_regime_herding_enabled,1,4,ml_first_kill_only,4,231,1,3,final_test,ml_first_kill_only,0.75,3,3,4,1,1,4,0,0,0,2,wolf,1,1,4,1,1
0.0,0.007847165389363142,1,herding_enabled,0,2,stage2b_seed_231_base_1_regime_herding_enabled_policy_ml_single_random_kill,1,0,1,3636ee12b35a57bbe8811b59ccf2c37a2bfec25ced6170ee3f51615da6f64f83,stage2b_seed_231_base_1_regime_herding_enabled,1,4,ml_single_random_kill,4,231,1,3,final_test,ml_single_random_kill,0.5,2,3,4,3,1,4,0,0,0,2,wolf,1,1,4,2,1
0.0,0.010204295409211611,1,herding_enabled,0,2,stage2b_seed_231_base_1_regime_herding_enabled_policy_ml_first_two_kills,1,1,0,3636ee12b35a57bbe8811b59ccf2c37a2bfec25ced6170ee3f51615da6f64f83,stage2b_seed_231_base_1_regime_herding_enabled,1,4,ml_first_two_kills,4,231,1,3,final_test,ml_first_two_kills,0.75,3,3,4,1,2,4,0,0,0,2,wolf,1,1,4,1,1
0.0,0.010204295409211611,1,herding_enabled,0,2,stage2b_seed_231_base_1_regime_herding_enabled_policy_continuous_frozen_ml,1,1,0,3636ee12b35a57bbe8811b59ccf2c37a2bfec25ced6170ee3f51615da6f64f83,stage2b_seed_231_base_1_regime_herding_enabled,1,4,continuous_frozen_ml,4,231,1,3,final_test,continuous_frozen_ml,0.75,3,3,4,1,4,4,0,0,0,2,wolf,1,1,4,1,1
0.0,0.007847165389363142,1,herding_enabled,0,2,stage2b_seed_231_base_1_regime_herding_enabled_policy_existing_with_ml_shadow,1,0,1,3636ee12b35a57bbe8811b59ccf2c37a2bfec25ced6170ee3f51615da6f64f83,stage2b_seed_231_base_1_regime_herding_enabled,1,4,existing_with_ml_shadow,4,231,1,3,final_test,existing_with_ml_shadow,0.5,2,3,4,3,0,4,0,4,0,2,wolf,1,1,4,2,1
0.007056861228066397,0.007847165389363142,1,herding_enabled,0,2,stage2b_seed_231_base_1_regime_herding_enabled_policy_selective_ml_override,1,0,1,3636ee12b35a57bbe8811b59ccf2c37a2bfec25ced6170ee3f51615da6f64f83,stage2b_seed_231_base_1_regime_herding_enabled,1,4,selective_ml_override,4,231,1,3,final_test,selective_ml_override,0.5,2,3,4,3,0,4,0,0,0,2,wolf,1,1,4,2,1
0.007056861228066397,0.007847165389363142,1,herding_enabled,0,2,stage2b_seed_231_base_1_regime_herding_enabled_policy_high_confidence_shadow,1,0,1,3636ee12b35a57bbe8811b59ccf2c37a2bfec25ced6170ee3f51615da6f64f83,stage2b_seed_231_base_1_regime_herding_enabled,1,4,high_confidence_shadow,4,231,1,3,final_test,high_confidence_shadow,0.5,2,3,4,3,0,4,0,4,0,2,wolf,1,1,4,2,1
0.0,0.00646060033541096,1,deception_enabled,0,1,stage2b_seed_231_base_1_regime_deception_enabled_policy_existing_rule,0,0,1,3636ee12b35a57bbe8811b59ccf2c37a2bfec25ced6170ee3f51615da6f64f83,stage2b_seed_231_base_1_regime_deception_enabled,0,2,existing_rule,2,231,1,1,final_test,existing_rule,0.5,1,1,,2,0,2,0,0,1,0,village,0,1,2,0,0
0.0,0.00646060033541096,1,deception_enabled,0,1,stage2b_seed_231_base_1_regime_deception_enabled_policy_ml_first_kill_only,0,0,1,3636ee12b35a57bbe8811b59ccf2c37a2bfec25ced6170ee3f51615da6f64f83,stage2b_seed_231_base_1_regime_deception_enabled,0,2,ml_first_kill_only,2,231,1,1,final_test,ml_first_kill_only,0.5,1,1,,2,1,2,0,0,1,0,village,0,1,2,0,0
0.0,0.00646060033541096,1,deception_enabled,0,1,stage2b_seed_231_base_1_regime_deception_enabled_policy_ml_single_random_kill,0,0,1,3636ee12b35a57bbe8811b59ccf2c37a2bfec25ced6170ee3f51615da6f64f83,stage2b_seed_231_base_1_regime_deception_enabled,0,2,ml_single_random_kill,2,231,1,1,final_test,ml_single_random_kill,0.5,1,1,,2,0,2,0,0,1,0,village,0,1,2,0,0
0.0,0.011558540604463069,1,deception_enabled,0,1,stage2b_seed_231_base_1_regime_deception_enabled_policy_ml_first_two_kills,1,1,1,3636ee12b35a57bbe8811b59ccf2c37a2bfec25ced6170ee3f51615da6f64f83,stage2b_seed_231_base_1_regime_deception_enabled,0,4,ml_first_two_kills,4,231,1,3,final_test,ml_first_two_kills,0.75,3,3,,4,2,4,0,0,1,1,village,1,1,4,0,0
0.0,0.007614233286836247,1,deception_enabled,0,1,stage2b_seed_231_base_1_regime_deception_enabled_policy_continuous_frozen_ml,0,1,1,3636ee12b35a57bbe8811b59ccf2c37a2bfec25ced6170ee3f51615da6f64f83,stage2b_seed_231_base_1_regime_deception_enabled,0,4,continuous_frozen_ml,4,231,0,1,final_test,continuous_frozen_ml,0.75,3,3,4,4,4,4,0,0,0,2,wolf,1,1,4,1,1
0.0,0.00646060033541096,1,deception_enabled,0,1,stage2b_seed_231_base_1_regime_deception_enabled_policy_existing_with_ml_shadow,0,0,1,3636ee12b35a57bbe8811b59ccf2c37a2bfec25ced6170ee3f51615da6f64f83,stage2b_seed_231_base_1_regime_deception_enabled,0,2,existing_with_ml_shadow,2,231,1,1,final_test,existing_with_ml_shadow,0.5,1,1,,2,0,2,0,2,1,0,village,0,1,2,0,0
0.026483981131293965,0.00646060033541096,1,deception_enabled,0,1,stage2b_seed_231_base_1_regime_deception_enabled_policy_selective_ml_override,0,0,1,3636ee12b35a57bbe8811b59ccf2c37a2bfec25ced6170ee3f51615da6f64f83,stage2b_seed_231_base_1_regime_deception_enabled,0,2,selective_ml_override,2,231,1,1,final_test,selective_ml_override,0.5,1,1,,2,0,2,0,0,1,0,village,0,1,2,0,0
0.026483981131293965,0.00646060033541096,1,deception_enabled,0,1,stage2b_seed_231_base_1_regime_deception_enabled_policy_high_confidence_shadow,0,0,1,3636ee12b35a57bbe8811b59ccf2c37a2bfec25ced6170ee3f51615da6f64f83,stage2b_seed_231_base_1_regime_deception_enabled,0,2,high_confidence_shadow,2,231,1,1,final_test,high_confidence_shadow,0.5,1,1,,2,0,2,0,2,1,0,village,0,1,2,0,0
0.0,0.0086831079823875,1,heterogeneous_risk_preference,0,1,stage2b_seed_231_base_1_regime_heterogeneous_risk_preference_policy_existing_rule,1,0,1,3636ee12b35a57bbe8811b59ccf2c37a2bfec25ced6170ee3f51615da6f64f83,stage2b_seed_231_base_1_regime_heterogeneous_risk_preference,0,4,existing_rule,4,231,1,3,final_test,existing_rule,0.75,3,3,4,4,0,4,0,0,0,2,wolf,1,1,4,2,1
0.0,0.0086831079823875,1,heterogeneous_risk_preference,0,1,stage2b_seed_231_base_1_regime_heterogeneous_risk_preference_policy_ml_first_kill_only,1,0,1,3636ee12b35a57bbe8811b59ccf2c37a2bfec25ced6170ee3f51615da6f64f83,stage2b_seed_231_base_1_regime_heterogeneous_risk_preference,0,4,ml_first_kill_only,4,231,1,3,final_test,ml_first_kill_only,0.75,3,3,4,4,1,4,0,0,0,2,wolf,1,1,4,2,1
0.0,0.009673031599492121,1,heterogeneous_risk_preference,0,1,stage2b_seed_231_base_1_regime_heterogeneous_risk_preference_policy_ml_single_random_kill,0,0,1,3636ee12b35a57bbe8811b59ccf2c37a2bfec25ced6170ee3f51615da6f64f83,stage2b_seed_231_base_1_regime_heterogeneous_risk_preference,0,4,ml_single_random_kill,4,231,1,2,final_test,ml_single_random_kill,0.75,3,3,4,4,1,4,0,0,0,2,wolf,1,1,4,2,1
0.0,0.009906181496046135,1,heterogeneous_risk_preference,0,1,stage2b_seed_231_base_1_regime_heterogeneous_risk_preference_policy_ml_first_two_kills,0,0,1,3636ee12b35a57bbe8811b59ccf2c37a2bfec25ced6170ee3f51615da6f64f83,stage2b_seed_231_base_1_regime_heterogeneous_risk_preference,0,4,ml_first_two_kills,4,231,1,2,final_test,ml_first_two_kills,0.75,3,3,,3,2,4,0,0,1,2,village,1,1,4,0,0
0.0,0.009906181496046135,1,heterogeneous_risk_preference,0,1,stage2b_seed_231_base_1_regime_heterogeneous_risk_preference_policy_continuous_frozen_ml,1,1,1,3636ee12b35a57bbe8811b59ccf2c37a2bfec25ced6170ee3f51615da6f64f83,stage2b_seed_231_base_1_regime_heterogeneous_risk_preference,0,4,continuous_frozen_ml,4,231,1,2,final_test,continuous_frozen_ml,0.75,3,3,,3,4,4,0,0,1,2,village,0,1,4,0,0
0.0,0.0086831079823875,1,heterogeneous_risk_preference,0,1,stage2b_seed_231_base_1_regime_heterogeneous_risk_preference_policy_existing_with_ml_shadow,1,0,1,3636ee12b35a57bbe8811b59ccf2c37a2bfec25ced6170ee3f51615da6f64f83,stage2b_seed_231_base_1_regime_heterogeneous_risk_preference,0,4,existing_with_ml_shadow,4,231,1,3,final_test,existing_with_ml_shadow,0.75,3,3,4,4,0,4,0,4,0,2,wolf,1,1,4,2,1
0.015195361247737349,0.0086831079823875,1,heterogeneous_risk_preference,0,1,stage2b_seed_231_base_1_regime_heterogeneous_risk_preference_policy_selective_ml_override,1,0,1,3636ee12b35a57bbe8811b59ccf2c37a2bfec25ced6170ee3f51615da6f64f83,stage2b_seed_231_base_1_regime_heterogeneous_risk_preference,0,4,selective_ml_override,4,231,1,3,final_test,selective_ml_override,0.75,3,3,4,4,0,4,0,0,0,2,wolf,1,1,4,2,1
0.015195361247737349,0.0086831079823875,1,heterogeneous_risk_preference,0,1,stage2b_seed_231_base_1_regime_heterogeneous_risk_preference_policy_high_confidence_shadow,1,0,1,3636ee12b35a57bbe8811b59ccf2c37a2bfec25ced6170ee3f51615da6f64f83,stage2b_seed_231_base_1_regime_heterogeneous_risk_preference,0,4,high_confidence_shadow,4,231,1,3,final_test,high_confidence_shadow,0.75,3,3,4,4,0,4,0,4,0,2,wolf,1,1,4,2,1
0.0,0.011200310248593304,1,strong_village_information,0,1,stage2b_seed_231_base_1_regime_strong_village_information_policy_existing_rule,1,1,0,3636ee12b35a57bbe8811b59ccf2c37a2bfec25ced6170ee3f51615da6f64f83,stage2b_seed_231_base_1_regime_strong_village_information,2,4,existing_rule,4,231,1,3,final_test,existing_rule,0.5,2,3,4,2,0,4,0,0,0,2,wolf,1,1,4,1,1
0.0,0.011200310248593304,1,strong_village_information,0,1,stage2b_seed_231_base_1_regime_strong_village_information_policy_ml_first_kill_only,1,1,0,3636ee12b35a57bbe8811b59ccf2c37a2bfec25ced6170ee3f51615da6f64f83,stage2b_seed_231_base_1_regime_strong_village_information,2,4,ml_first_kill_only,4,231,1,3,final_test,ml_first_kill_only,0.5,2,3,4,2,1,4,0,0,0,2,wolf,1,1,4,1,1
0.0,0.008584747703108167,1,strong_village_information,0,1,stage2b_seed_231_base_1_regime_strong_village_information_policy_ml_single_random_kill,1,1,0,3636ee12b35a57bbe8811b59ccf2c37a2bfec25ced6170ee3f51615da6f64f83,stage2b_seed_231_base_1_regime_strong_village_information,2,3,ml_single_random_kill,3,231,0,2,final_test,ml_single_random_kill,0.3333333333333333,1,2,3,2,1,3,0,0,0,2,wolf,1,1,3,2,1
0.0,0.008584747703108167,1,strong_village_information,0,1,stage2b_seed_231_base_1_regime_strong_village_information_policy_ml_first_two_kills,1,1,0,3636ee12b35a57bbe8811b59ccf2c37a2bfec25ced6170ee3f51615da6f64f83,stage2b_seed_231_base_1_regime_strong_village_information,2,3,ml_first_two_kills,3,231,0,2,final_test,ml_first_two_kills,0.3333333333333333,1,2,3,2,2,3,0,0,0,2,wolf,1,1,3,2,1
0.0,0.008584747703108167,1,strong_village_information,0,1,stage2b_seed_231_base_1_regime_strong_village_information_policy_continuous_frozen_ml,1,1,0,3636ee12b35a57bbe8811b59ccf2c37a2bfec25ced6170ee3f51615da6f64f83,stage2b_seed_231_base_1_regime_strong_village_information,2,3,continuous_frozen_ml,3,231,0,2,final_test,continuous_frozen_ml,0.3333333333333333,1,2,3,2,3,3,0,0,0,2,wolf,1,1,3,2,1
0.0,0.011200310248593304,1,strong_village_information,0,1,stage2b_seed_231_base_1_regime_strong_village_information_policy_existing_with_ml_shadow,1,1,0,3636ee12b35a57bbe8811b59ccf2c37a2bfec25ced6170ee3f51615da6f64f83,stage2b_seed_231_base_1_regime_strong_village_information,2,4,existing_with_ml_shadow,4,231,1,3,final_test,existing_with_ml_shadow,0.5,2,3,4,2,0,4,0,4,0,2,wolf,1,1,4,1,1
0.01590353907853409,0.011200310248593304,1,strong_village_information,0,1,stage2b_seed_231_base_1_regime_strong_village_information_policy_selective_ml_override,1,1,0,3636ee12b35a57bbe8811b59ccf2c37a2bfec25ced6170ee3f51615da6f64f83,stage2b_seed_231_base_1_regime_strong_village_information,2,4,selective_ml_override,4,231,1,3,final_test,selective_ml_override,0.5,2,3,4,2,0,4,0,0,0,2,wolf,1,1,4,1,1
0.01590353907853409,0.011200310248593304,1,strong_village_information,0,1,stage2b_seed_231_base_1_regime_strong_village_information_policy_high_confidence_shadow,1,1,0,3636ee12b35a57bbe8811b59ccf2c37a2bfec25ced6170ee3f51615da6f64f83,stage2b_seed_231_base_1_regime_strong_village_information,2,4,high_confidence_shadow,4,231,1,3,final_test,high_confidence_shadow,0.5,2,3,4,2,0,4,0,4,0,2,wolf,1,1,4,1,1
0.0,0.01221391273027661,1,weak_village_information,0,1,stage2b_seed_231_base_1_regime_weak_village_information_policy_existing_rule,0,1,1,3636ee12b35a57bbe8811b59ccf2c37a2bfec25ced6170ee3f51615da6f64f83,stage2b_seed_231_base_1_regime_weak_village_information,1,3,existing_rule,3,231,1,1,final_test,existing_rule,0.3333333333333333,1,2,3,3,0,3,0,0,0,2,wolf,0,1,3,2,1
0.0,0.01221391273027661,1,weak_village_information,0,1,stage2b_seed_231_base_1_regime_weak_village_information_policy_ml_first_kill_only,0,1,1,3636ee12b35a57bbe8811b59ccf2c37a2bfec25ced6170ee3f51615da6f64f83,stage2b_seed_231_base_1_regime_weak_village_information,1,3,ml_first_kill_only,3,231,1,1,final_test,ml_first_kill_only,0.3333333333333333,1,2,3,3,1,3,0,0,0,2,wolf,0,1,3,2,1
0.0,0.01221391273027661,1,weak_village_information,0,1,stage2b_seed_231_base_1_regime_weak_village_information_policy_ml_single_random_kill,0,1,1,3636ee12b35a57bbe8811b59ccf2c37a2bfec25ced6170ee3f51615da6f64f83,stage2b_seed_231_base_1_regime_weak_village_information,1,3,ml_single_random_kill,3,231,1,1,final_test,ml_single_random_kill,0.3333333333333333,1,2,3,3,1,3,0,0,0,2,wolf,0,1,3,2,1
0.0,0.010690846122879108,1,weak_village_information,0,1,stage2b_seed_231_base_1_regime_weak_village_information_policy_ml_first_two_kills,1,1,1,3636ee12b35a57bbe8811b59ccf2c37a2bfec25ced6170ee3f51615da6f64f83,stage2b_seed_231_base_1_regime_weak_village_information,0,3,ml_first_two_kills,3,231,1,2,final_test,ml_first_two_kills,0.6666666666666666,2,2,3,3,2,3,0,0,0,2,wolf,0,1,3,2,1
0.0,0.010690846122879108,1,weak_village_information,0,1,stage2b_seed_231_base_1_regime_weak_village_information_policy_continuous_frozen_ml,1,1,1,3636ee12b35a57bbe8811b59ccf2c37a2bfec25ced6170ee3f51615da6f64f83,stage2b_seed_231_base_1_regime_weak_village_information,0,3,continuous_frozen_ml,3,231,0,1,final_test,continuous_frozen_ml,0.6666666666666666,2,2,3,3,3,3,0,0,0,2,wolf,0,1,3,2,1
0.0,0.01221391273027661,1,weak_village_information,0,1,stage2b_seed_231_base_1_regime_weak_village_information_policy_existing_with_ml_shadow,0,1,1,3636ee12b35a57bbe8811b59ccf2c37a2bfec25ced6170ee3f51615da6f64f83,stage2b_seed_231_base_1_regime_weak_village_information,1,3,existing_with_ml_shadow,3,231,1,1,final_test,existing_with_ml_shadow,0.3333333333333333,1,2,3,3,0,3,0,3,0,2,wolf,0,1,3,2,1
0.0354560175673286,0.01221391273027661,1,weak_village_information,0,1,stage2b_seed_231_base_1_regime_weak_village_information_policy_selective_ml_override,0,1,1,3636ee12b35a57bbe8811b59ccf2c37a2bfec25ced6170ee3f51615da6f64f83,stage2b_seed_231_base_1_regime_weak_village_information,1,3,selective_ml_override,3,231,1,1,final_test,selective_ml_override,0.3333333333333333,1,2,3,3,1,3,1,0,0,2,wolf,0,1,3,2,1
0.0354560175673286,0.01221391273027661,1,weak_village_information,0,1,stage2b_seed_231_base_1_regime_weak_village_information_policy_high_confidence_shadow,0,1,1,3636ee12b35a57bbe8811b59ccf2c37a2bfec25ced6170ee3f51615da6f64f83,stage2b_seed_231_base_1_regime_weak_village_information,1,3,high_confidence_shadow,3,231,1,1,final_test,high_confidence_shadow,0.3333333333333333,1,2,3,3,0,3,1,3,0,2,wolf,0,1,3,2,1
0.0,0.011206966982592659,1,mixed_seer_strategy,0,1,stage2b_seed_231_base_1_regime_mixed_seer_strategy_policy_existing_rule,1,1,1,3636ee12b35a57bbe8811b59ccf2c37a2bfec25ced6170ee3f51615da6f64f83,stage2b_seed_231_base_1_regime_mixed_seer_strategy,1,4,existing_rule,4,231,1,3,final_test,existing_rule,0.5,2,3,4,3,0,4,0,0,0,2,wolf,1,1,4,1,1
0.0,0.011206966982592659,1,mixed_seer_strategy,0,1,stage2b_seed_231_base_1_regime_mixed_seer_strategy_policy_ml_first_kill_only,1,1,1,3636ee12b35a57bbe8811b59ccf2c37a2bfec25ced6170ee3f51615da6f64f83,stage2b_seed_231_base_1_regime_mixed_seer_strategy,1,4,ml_first_kill_only,4,231,1,3,final_test,ml_first_kill_only,0.5,2,3,4,3,1,4,0,0,0,2,wolf,1,1,4,1,1
0.0,0.016531785412984168,1,mixed_seer_strategy,0,1,stage2b_seed_231_base_1_regime_mixed_seer_strategy_policy_ml_single_random_kill,1,1,1,3636ee12b35a57bbe8811b59ccf2c37a2bfec25ced6170ee3f51615da6f64f83,stage2b_seed_231_base_1_regime_mixed_seer_strategy,0,4,ml_single_random_kill,4,231,1,3,final_test,ml_single_random_kill,0.75,3,3,4,4,1,4,0,0,0,2,wolf,1,1,4,1,1
0.0,0.016531785412984168,1,mixed_seer_strategy,0,1,stage2b_seed_231_base_1_regime_mixed_seer_strategy_policy_ml_first_two_kills,1,1,1,3636ee12b35a57bbe8811b59ccf2c37a2bfec25ced6170ee3f51615da6f64f83,stage2b_seed_231_base_1_regime_mixed_seer_strategy,0,4,ml_first_two_kills,4,231,1,3,final_test,ml_first_two_kills,0.75,3,3,4,4,2,4,0,0,0,2,wolf,1,1,4,1,1
0.0,0.016444177640310986,1,mixed_seer_strategy,0,1,stage2b_seed_231_base_1_regime_mixed_seer_strategy_policy_continuous_frozen_ml,1,0,1,3636ee12b35a57bbe8811b59ccf2c37a2bfec25ced6170ee3f51615da6f64f83,stage2b_seed_231_base_1_regime_mixed_seer_strategy,0,5,continuous_frozen_ml,5,231,1,3,final_test,continuous_frozen_ml,0.8,4,4,5,3,5,5,0,0,0,2,wolf,1,1,5,1,1
0.0,0.011206966982592659,1,mixed_seer_strategy,0,1,stage2b_seed_231_base_1_regime_mixed_seer_strategy_policy_existing_with_ml_shadow,1,1,1,3636ee12b35a57bbe8811b59ccf2c37a2bfec25ced6170ee3f51615da6f64f83,stage2b_seed_231_base_1_regime_mixed_seer_strategy,1,4,existing_with_ml_shadow,4,231,1,3,final_test,existing_with_ml_shadow,0.5,2,3,4,3,0,4,0,4,0,2,wolf,1,1,4,1,1
0.01862937435942172,0.011206966982592659,1,mixed_seer_strategy,0,1,stage2b_seed_231_base_1_regime_mixed_seer_strategy_policy_selective_ml_override,1,1,1,3636ee12b35a57bbe8811b59ccf2c37a2bfec25ced6170ee3f51615da6f64f83,stage2b_seed_231_base_1_regime_mixed_seer_strategy,1,4,selective_ml_override,4,231,1,3,final_test,selective_ml_override,0.5,2,3,4,3,1,4,1,0,0,2,wolf,1,1,4,1,1
0.01862937435942172,0.011206966982592659,1,mixed_seer_strategy,0,1,stage2b_seed_231_base_1_regime_mixed_seer_strategy_policy_high_confidence_shadow,1,1,1,3636ee12b35a57bbe8811b59ccf2c37a2bfec25ced6170ee3f51615da6f64f83,stage2b_seed_231_base_1_regime_mixed_seer_strategy,1,4,high_confidence_shadow,4,231,1,3,final_test,high_confidence_shadow,0.5,2,3,4,3,0,4,1,4,0,2,wolf,1,1,4,1,1
0.0,0.012803547542253102,1,mixed_voting_strategy,0,1,stage2b_seed_231_base_1_regime_mixed_voting_strategy_policy_existing_rule,0,1,1,3636ee12b35a57bbe8811b59ccf2c37a2bfec25ced6170ee3f51615da6f64f83,stage2b_seed_231_base_1_regime_mixed_voting_strategy,1,3,existing_rule,3,231,1,2,final_test,existing_rule,0.3333333333333333,1,3,3,2,0,3,0,0,0,1,wolf,1,0,3,2,1
0.0,0.006206765591548757,1,mixed_voting_strategy,0,,stage2b_seed_231_base_1_regime_mixed_voting_strategy_policy_ml_first_kill_only,0,0,1,3636ee12b35a57bbe8811b59ccf2c37a2bfec25ced6170ee3f51615da6f64f83,stage2b_seed_231_base_1_regime_mixed_voting_strategy,1,3,ml_first_kill_only,3,231,0,1,final_test,ml_first_kill_only,0.3333333333333333,1,2,3,3,1,3,0,0,0,2,wolf,1,1,3,3,1
0.0,0.012803547542253102,1,mixed_voting_strategy,0,1,stage2b_seed_231_base_1_regime_mixed_voting_strategy_policy_ml_single_random_kill,0,1,1,3636ee12b35a57bbe8811b59ccf2c37a2bfec25ced6170ee3f51615da6f64f83,stage2b_seed_231_base_1_regime_mixed_voting_strategy,1,3,ml_single_random_kill,3,231,1,2,final_test,ml_single_random_kill,0.3333333333333333,1,3,3,2,1,3,0,0,0,1,wolf,1,0,3,2,1
0.0,0.006206765591548757,1,mixed_voting_strategy,0,,stage2b_seed_231_base_1_regime_mixed_voting_strategy_policy_ml_first_two_kills,0,0,1,3636ee12b35a57bbe8811b59ccf2c37a2bfec25ced6170ee3f51615da6f64f83,stage2b_seed_231_base_1_regime_mixed_voting_strategy,1,3,ml_first_two_kills,3,231,0,1,final_test,ml_first_two_kills,0.3333333333333333,1,2,3,3,2,3,0,0,0,2,wolf,1,1,3,3,1
0.0,0.006206765591548757,1,mixed_voting_strategy,0,,stage2b_seed_231_base_1_regime_mixed_voting_strategy_policy_continuous_frozen_ml,0,0,1,3636ee12b35a57bbe8811b59ccf2c37a2bfec25ced6170ee3f51615da6f64f83,stage2b_seed_231_base_1_regime_mixed_voting_strategy,1,3,continuous_frozen_ml,3,231,0,0,final_test,continuous_frozen_ml,0.3333333333333333,1,2,3,3,3,3,0,0,0,2,wolf,0,1,3,3,1
0.0,0.012803547542253102,1,mixed_voting_strategy,0,1,stage2b_seed_231_base_1_regime_mixed_voting_strategy_policy_existing_with_ml_shadow,0,1,1,3636ee12b35a57bbe8811b59ccf2c37a2bfec25ced6170ee3f51615da6f64f83,stage2b_seed_231_base_1_regime_mixed_voting_strategy,1,3,existing_with_ml_shadow,3,231,1,2,final_test,existing_with_ml_shadow,0.3333333333333333,1,3,3,2,0,3,0,3,0,1,wolf,1,0,3,2,1
0.009122695171855414,0.012803547542253102,1,mixed_voting_strategy,0,1,stage2b_seed_231_base_1_regime_mixed_voting_strategy_policy_selective_ml_override,0,1,1,3636ee12b35a57bbe8811b59ccf2c37a2bfec25ced6170ee3f51615da6f64f83,stage2b_seed_231_base_1_regime_mixed_voting_strategy,1,3,selective_ml_override,3,231,1,2,final_test,selective_ml_override,0.3333333333333333,1,3,3,2,0,3,0,0,0,1,wolf,1,0,3,2,1
0.009122695171855414,0.012803547542253102,1,mixed_voting_strategy,0,1,stage2b_seed_231_base_1_regime_mixed_voting_strategy_policy_high_confidence_shadow,0,1,1,3636ee12b35a57bbe8811b59ccf2c37a2bfec25ced6170ee3f51615da6f64f83,stage2b_seed_231_base_1_regime_mixed_voting_strategy,1,3,high_confidence_shadow,3,231,1,2,final_test,high_confidence_shadow,0.3333333333333333,1,3,3,2,0,3,0,3,0,1,wolf,1,0,3,2,1
0.0,0.00553638776983903,1,mixed_wolf_deception_strategy,0,1,stage2b_seed_231_base_1_regime_mixed_wolf_deception_strategy_policy_existing_rule,1,1,1,3636ee12b35a57bbe8811b59ccf2c37a2bfec25ced6170ee3f51615da6f64f83,stage2b_seed_231_base_1_regime_mixed_wolf_deception_strategy,0,4,existing_rule,4,231,1,3,final_test,existing_rule,0.75,3,3,4,4,0,4,0,0,0,2,wolf,1,1,4,1,1
0.0,0.00553638776983903,1,mixed_wolf_deception_strategy,0,1,stage2b_seed_231_base_1_regime_mixed_wolf_deception_strategy_policy_ml_first_kill_only,1,1,1,3636ee12b35a57bbe8811b59ccf2c37a2bfec25ced6170ee3f51615da6f64f83,stage2b_seed_231_base_1_regime_mixed_wolf_deception_strategy,0,4,ml_first_kill_only,4,231,1,3,final_test,ml_first_kill_only,0.75,3,3,4,4,1,4,0,0,0,2,wolf,1,1,4,1,1
0.0,0.015513911977617784,1,mixed_wolf_deception_strategy,0,1,stage2b_seed_231_base_1_regime_mixed_wolf_deception_strategy_policy_ml_single_random_kill,0,0,1,3636ee12b35a57bbe8811b59ccf2c37a2bfec25ced6170ee3f51615da6f64f83,stage2b_seed_231_base_1_regime_mixed_wolf_deception_strategy,0,4,ml_single_random_kill,4,231,1,2,final_test,ml_single_random_kill,0.75,3,3,4,4,1,4,0,0,0,3,wolf,1,1,4,1,1
0.0,0.007024680507559999,1,mixed_wolf_deception_strategy,0,1,stage2b_seed_231_base_1_regime_mixed_wolf_deception_strategy_policy_ml_first_two_kills,1,1,1,3636ee12b35a57bbe8811b59ccf2c37a2bfec25ced6170ee3f51615da6f64f83,stage2b_seed_231_base_1_regime_mixed_wolf_deception_strategy,0,4,ml_first_two_kills,4,231,1,2,final_test,ml_first_two_kills,0.75,3,3,,3,2,4,0,0,1,2,village,0,1,4,0,0
0.0,0.010636281004440029,1,mixed_wolf_deception_strategy,0,1,stage2b_seed_231_base_1_regime_mixed_wolf_deception_strategy_policy_continuous_frozen_ml,1,1,1,3636ee12b35a57bbe8811b59ccf2c37a2bfec25ced6170ee3f51615da6f64f83,stage2b_seed_231_base_1_regime_mixed_wolf_deception_strategy,0,4,continuous_frozen_ml,4,231,0,1,final_test,continuous_frozen_ml,0.75,3,3,4,3,4,4,0,0,0,2,wolf,0,1,4,1,1
0.0,0.00553638776983903,1,mixed_wolf_deception_strategy,0,1,stage2b_seed_231_base_1_regime_mixed_wolf_deception_strategy_policy_existing_with_ml_shadow,1,1,1,3636ee12b35a57bbe8811b59ccf2c37a2bfec25ced6170ee3f51615da6f64f83,stage2b_seed_231_base_1_regime_mixed_wolf_deception_strategy,0,4,existing_with_ml_shadow,4,231,1,3,final_test,existing_with_ml_shadow,0.75,3,3,4,4,0,4,0,4,0,2,wolf,1,1,4,1,1
0.02641072662516064,0.00553638776983903,1,mixed_wolf_deception_strategy,0,1,stage2b_seed_231_base_1_regime_mixed_wolf_deception_strategy_policy_selective_ml_override,1,1,1,3636ee12b35a57bbe8811b59ccf2c37a2bfec25ced6170ee3f51615da6f64f83,stage2b_seed_231_base_1_regime_mixed_wolf_deception_strategy,0,4,selective_ml_override,4,231,1,3,final_test,selective_ml_override,0.75,3,3,4,4,0,4,0,0,0,2,wolf,1,1,4,1,1
0.02641072662516064,0.00553638776983903,1,mixed_wolf_deception_strategy,0,1,stage2b_seed_231_base_1_regime_mixed_wolf_deception_strategy_policy_high_confidence_shadow,1,1,1,3636ee12b35a57bbe8811b59ccf2c37a2bfec25ced6170ee3f51615da6f64f83,stage2b_seed_231_base_1_regime_mixed_wolf_deception_strategy,0,4,high_confidence_shadow,4,231,1,3,final_test,high_confidence_shadow,0.75,3,3,4,4,0,4,0,4,0,2,wolf,1,1,4,1,1
0.0,0.010386263864028855,1,baseline_speech_enabled,0,2,stage2b_seed_232_base_1_regime_baseline_speech_enabled_policy_existing_rule,0,1,1,3636ee12b35a57bbe8811b59ccf2c37a2bfec25ced6170ee3f51615da6f64f83,stage2b_seed_232_base_1_regime_baseline_speech_enabled,0,3,existing_rule,3,232,1,2,final_test,existing_rule,0.6666666666666666,2,2,3,3,0,3,0,0,0,3,wolf,1,1,3,2,1
0.0,0.024207091070287807,1,baseline_speech_enabled,0,2,stage2b_seed_232_base_1_regime_baseline_speech_enabled_policy_ml_first_kill_only,0,0,0,3636ee12b35a57bbe8811b59ccf2c37a2bfec25ced6170ee3f51615da6f64f83,stage2b_seed_232_base_1_regime_baseline_speech_enabled,3,3,ml_first_kill_only,3,232,1,1,final_test,ml_first_kill_only,0.0,0,2,,3,1,3,0,0,1,1,village,0,1,3,0,0
0.0,0.010386263864028855,1,baseline_speech_enabled,0,2,stage2b_seed_232_base_1_regime_baseline_speech_enabled_policy_ml_single_random_kill,0,1,1,3636ee12b35a57bbe8811b59ccf2c37a2bfec25ced6170ee3f51615da6f64f83,stage2b_seed_232_base_1_regime_baseline_speech_enabled,1,3,ml_single_random_kill,3,232,1,2,final_test,ml_single_random_kill,0.3333333333333333,1,2,3,3,1,3,0,0,0,3,wolf,1,1,3,2,1
0.0,0.024207091070287807,1,baseline_speech_enabled,0,2,stage2b_seed_232_base_1_regime_baseline_speech_enabled_policy_ml_first_two_kills,0,0,0,3636ee12b35a57bbe8811b59ccf2c37a2bfec25ced6170ee3f51615da6f64f83,stage2b_seed_232_base_1_regime_baseline_speech_enabled,3,3,ml_first_two_kills,3,232,1,1,final_test,ml_first_two_kills,0.0,0,2,,3,2,3,0,0,1,1,village,0,1,3,0,0
0.0,0.024207091070287807,1,baseline_speech_enabled,0,2,stage2b_seed_232_base_1_regime_baseline_speech_enabled_policy_continuous_frozen_ml,0,0,0,3636ee12b35a57bbe8811b59ccf2c37a2bfec25ced6170ee3f51615da6f64f83,stage2b_seed_232_base_1_regime_baseline_speech_enabled,2,3,continuous_frozen_ml,3,232,0,0,final_test,continuous_frozen_ml,0.3333333333333333,1,2,,3,3,3,0,0,1,1,village,0,1,3,0,0
0.0,0.010386263864028855,1,baseline_speech_enabled,0,2,stage2b_seed_232_base_1_regime_baseline_speech_enabled_policy_existing_with_ml_shadow,0,1,1,3636ee12b35a57bbe8811b59ccf2c37a2bfec25ced6170ee3f51615da6f64f83,stage2b_seed_232_base_1_regime_baseline_speech_enabled,0,3,existing_with_ml_shadow,3,232,1,2,final_test,existing_with_ml_shadow,0.6666666666666666,2,2,3,3,0,3,0,3,0,3,wolf,1,1,3,2,1
0.03805908593584376,0.010386263864028855,1,baseline_speech_enabled,0,2,stage2b_seed_232_base_1_regime_baseline_speech_enabled_policy_selective_ml_override,0,1,1,3636ee12b35a57bbe8811b59ccf2c37a2bfec25ced6170ee3f51615da6f64f83,stage2b_seed_232_base_1_regime_baseline_speech_enabled,0,3,selective_ml_override,3,232,1,2,final_test,selective_ml_override,0.6666666666666666,2,2,3,3,0,3,0,0,0,3,wolf,1,1,3,2,1
0.03805908593584376,0.010386263864028855,1,baseline_speech_enabled,0,2,stage2b_seed_232_base_1_regime_baseline_speech_enabled_policy_high_confidence_shadow,0,1,1,3636ee12b35a57bbe8811b59ccf2c37a2bfec25ced6170ee3f51615da6f64f83,stage2b_seed_232_base_1_regime_baseline_speech_enabled,0,3,high_confidence_shadow,3,232,1,2,final_test,high_confidence_shadow,0.6666666666666666,2,2,3,3,0,3,0,3,0,3,wolf,1,1,3,2,1
0.0,0.012619970921977605,1,speech_disabled,0,,stage2b_seed_232_base_1_regime_speech_disabled_policy_existing_rule,1,0,1,3636ee12b35a57bbe8811b59ccf2c37a2bfec25ced6170ee3f51615da6f64f83,stage2b_seed_232_base_1_regime_speech_disabled,2,3,existing_rule,3,232,1,2,final_test,existing_rule,0.0,0,2,3,3,0,3,0,0,0,2,wolf,0,1,3,3,1
0.0,0.012619970921977605,1,speech_disabled,0,,stage2b_seed_232_base_1_regime_speech_disabled_policy_ml_first_kill_only,1,0,1,3636ee12b35a57bbe8811b59ccf2c37a2bfec25ced6170ee3f51615da6f64f83,stage2b_seed_232_base_1_regime_speech_disabled,2,3,ml_first_kill_only,3,232,1,2,final_test,ml_first_kill_only,0.0,0,2,3,3,1,3,0,0,0,2,wolf,0,1,3,3,1
0.0,0.012619970921977605,1,speech_disabled,0,,stage2b_seed_232_base_1_regime_speech_disabled_policy_ml_single_random_kill,1,0,1,3636ee12b35a57bbe8811b59ccf2c37a2bfec25ced6170ee3f51615da6f64f83,stage2b_seed_232_base_1_regime_speech_disabled,2,3,ml_single_random_kill,3,232,1,2,final_test,ml_single_random_kill,0.0,0,2,3,3,1,3,0,0,0,2,wolf,0,1,3,3,1
0.0,0.012619970921977605,1,speech_disabled,0,,stage2b_seed_232_base_1_regime_speech_disabled_policy_ml_first_two_kills,1,0,1,3636ee12b35a57bbe8811b59ccf2c37a2bfec25ced6170ee3f51615da6f64f83,stage2b_seed_232_base_1_regime_speech_disabled,2,3,ml_first_two_kills,3,232,0,2,final_test,ml_first_two_kills,0.0,0,2,3,3,2,3,0,0,0,2,wolf,1,1,3,3,1
0.0,0.012619970921977605,1,speech_disabled,0,,stage2b_seed_232_base_1_regime_speech_disabled_policy_continuous_frozen_ml,0,0,1,3636ee12b35a57bbe8811b59ccf2c37a2bfec25ced6170ee3f51615da6f64f83,stage2b_seed_232_base_1_regime_speech_disabled,2,3,continuous_frozen_ml,3,232,0,1,final_test,continuous_frozen_ml,0.0,0,2,3,3,3,3,0,0,0,2,wolf,1,1,3,3,1
0.0,0.012619970921977605,1,speech_disabled,0,,stage2b_seed_232_base_1_regime_speech_disabled_policy_existing_with_ml_shadow,1,0,1,3636ee12b35a57bbe8811b59ccf2c37a2bfec25ced6170ee3f51615da6f64f83,stage2b_seed_232_base_1_regime_speech_disabled,2,3,existing_with_ml_shadow,3,232,1,2,final_test,existing_with_ml_shadow,0.0,0,2,3,3,0,3,0,3,0,2,wolf,0,1,3,3,1
0.04129567037907359,0.012619970921977605,1,speech_disabled,0,,stage2b_seed_232_base_1_regime_speech_disabled_policy_selective_ml_override,1,0,1,3636ee12b35a57bbe8811b59ccf2c37a2bfec25ced6170ee3f51615da6f64f83,stage2b_seed_232_base_1_regime_speech_disabled,2,3,selective_ml_override,3,232,1,2,final_test,selective_ml_override,0.0,0,2,3,3,1,3,1,0,0,2,wolf,0,1,3,3,1
0.04129567037907359,0.012619970921977605,1,speech_disabled,0,,stage2b_seed_232_base_1_regime_speech_disabled_policy_high_confidence_shadow,1,0,1,3636ee12b35a57bbe8811b59ccf2c37a2bfec25ced6170ee3f51615da6f64f83,stage2b_seed_232_base_1_regime_speech_disabled,2,3,high_confidence_shadow,3,232,1,2,final_test,high_confidence_shadow,0.0,0,2,3,3,0,3,1,3,0,2,wolf,0,1,3,3,1
0.0,0.0038122713619549073,1,herding_enabled,0,1,stage2b_seed_232_base_1_regime_herding_enabled_policy_existing_rule,0,1,1,3636ee12b35a57bbe8811b59ccf2c37a2bfec25ced6170ee3f51615da6f64f83,stage2b_seed_232_base_1_regime_herding_enabled,0,3,existing_rule,3,232,1,2,final_test,existing_rule,0.6666666666666666,2,2,3,3,0,3,0,0,0,3,wolf,1,1,3,2,1
0.0,0.0038122713619549073,1,herding_enabled,0,1,stage2b_seed_232_base_1_regime_herding_enabled_policy_ml_first_kill_only,0,1,1,3636ee12b35a57bbe8811b59ccf2c37a2bfec25ced6170ee3f51615da6f64f83,stage2b_seed_232_base_1_regime_herding_enabled,0,3,ml_first_kill_only,3,232,1,2,final_test,ml_first_kill_only,0.6666666666666666,2,2,3,3,1,3,0,0,0,3,wolf,1,1,3,2,1
0.0,0.0028702512790275136,1,herding_enabled,0,1,stage2b_seed_232_base_1_regime_herding_enabled_policy_ml_single_random_kill,0,1,1,3636ee12b35a57bbe8811b59ccf2c37a2bfec25ced6170ee3f51615da6f64f83,stage2b_seed_232_base_1_regime_herding_enabled,1,3,ml_single_random_kill,3,232,1,1,final_test,ml_single_random_kill,0.3333333333333333,1,2,3,2,1,3,0,0,0,2,wolf,0,1,3,2,1
0.0,0.0028702512790275136,1,herding_enabled,0,1,stage2b_seed_232_base_1_regime_herding_enabled_policy_ml_first_two_kills,0,1,1,3636ee12b35a57bbe8811b59ccf2c37a2bfec25ced6170ee3f51615da6f64f83,stage2b_seed_232_base_1_regime_herding_enabled,1,3,ml_first_two_kills,3,232,1,1,final_test,ml_first_two_kills,0.3333333333333333,1,2,3,2,2,3,0,0,0,2,wolf,0,1,3,2,1
0.0,0.0028702512790275136,1,herding_enabled,0,1,stage2b_seed_232_base_1_regime_herding_enabled_policy_continuous_frozen_ml,0,1,1,3636ee12b35a57bbe8811b59ccf2c37a2bfec25ced6170ee3f51615da6f64f83,stage2b_seed_232_base_1_regime_herding_enabled,1,3,continuous_frozen_ml,3,232,1,1,final_test,continuous_frozen_ml,0.3333333333333333,1,2,3,2,3,3,0,0,0,2,wolf,0,1,3,2,1
0.0,0.0038122713619549073,1,herding_enabled,0,1,stage2b_seed_232_base_1_regime_herding_enabled_policy_existing_with_ml_shadow,0,1,1,3636ee12b35a57bbe8811b59ccf2c37a2bfec25ced6170ee3f51615da6f64f83,stage2b_seed_232_base_1_regime_herding_enabled,0,3,existing_with_ml_shadow,3,232,1,2,final_test,existing_with_ml_shadow,0.6666666666666666,2,2,3,3,0,3,0,3,0,3,wolf,1,1,3,2,1
0.015019301591574885,0.0038122713619549073,1,herding_enabled,0,1,stage2b_seed_232_base_1_regime_herding_enabled_policy_selective_ml_override,0,1,1,3636ee12b35a57bbe8811b59ccf2c37a2bfec25ced6170ee3f51615da6f64f83,stage2b_seed_232_base_1_regime_herding_enabled,0,3,selective_ml_override,3,232,1,2,final_test,selective_ml_override,0.6666666666666666,2,2,3,3,0,3,0,0,0,3,wolf,1,1,3,2,1
0.015019301591574885,0.0038122713619549073,1,herding_enabled,0,1,stage2b_seed_232_base_1_regime_herding_enabled_policy_high_confidence_shadow,0,1,1,3636ee12b35a57bbe8811b59ccf2c37a2bfec25ced6170ee3f51615da6f64f83,stage2b_seed_232_base_1_regime_herding_enabled,0,3,high_confidence_shadow,3,232,1,2,final_test,high_confidence_shadow,0.6666666666666666,2,2,3,3,0,3,0,3,0,3,wolf,1,1,3,2,1
0.0,0.007616372131257432,1,deception_enabled,0,2,stage2b_seed_232_base_1_regime_deception_enabled_policy_existing_rule,1,1,1,3636ee12b35a57bbe8811b59ccf2c37a2bfec25ced6170ee3f51615da6f64f83,stage2b_seed_232_base_1_regime_deception_enabled,0,3,existing_rule,3,232,1,2,final_test,existing_rule,0.6666666666666666,2,2,3,3,0,3,0,0,0,2,wolf,0,1,3,2,1
0.0,0.007616372131257432,1,deception_enabled,0,2,stage2b_seed_232_base_1_regime_deception_enabled_policy_ml_first_kill_only,1,1,1,3636ee12b35a57bbe8811b59ccf2c37a2bfec25ced6170ee3f51615da6f64f83,stage2b_seed_232_base_1_regime_deception_enabled,0,3,ml_first_kill_only,3,232,1,2,final_test,ml_first_kill_only,0.6666666666666666,2,2,3,3,1,3,0,0,0,2,wolf,0,1,3,2,1
0.0,0.009197592830702206,1,deception_enabled,0,,stage2b_seed_232_base_1_regime_deception_enabled_policy_ml_single_random_kill,1,0,1,3636ee12b35a57bbe8811b59ccf2c37a2bfec25ced6170ee3f51615da6f64f83,stage2b_seed_232_base_1_regime_deception_enabled,2,3,ml_single_random_kill,3,232,0,1,final_test,ml_single_random_kill,0.0,0,2,3,3,1,3,0,0,0,2,wolf,0,1,3,3,1
0.0,0.009197592830702206,1,deception_enabled,0,,stage2b_seed_232_base_1_regime_deception_enabled_policy_ml_first_two_kills,1,0,1,3636ee12b35a57bbe8811b59ccf2c37a2bfec25ced6170ee3f51615da6f64f83,stage2b_seed_232_base_1_regime_deception_enabled,2,3,ml_first_two_kills,3,232,0,1,final_test,ml_first_two_kills,0.0,0,2,3,3,2,3,0,0,0,2,wolf,0,1,3,3,1
0.0,0.009197592830702206,1,deception_enabled,0,,stage2b_seed_232_base_1_regime_deception_enabled_policy_continuous_frozen_ml,0,0,1,3636ee12b35a57bbe8811b59ccf2c37a2bfec25ced6170ee3f51615da6f64f83,stage2b_seed_232_base_1_regime_deception_enabled,1,3,continuous_frozen_ml,3,232,0,0,final_test,continuous_frozen_ml,0.3333333333333333,1,2,3,3,3,3,0,0,0,2,wolf,0,1,3,3,1
0.0,0.007616372131257432,1,deception_enabled,0,2,stage2b_seed_232_base_1_regime_deception_enabled_policy_existing_with_ml_shadow,1,1,1,3636ee12b35a57bbe8811b59ccf2c37a2bfec25ced6170ee3f51615da6f64f83,stage2b_seed_232_base_1_regime_deception_enabled,0,3,existing_with_ml_shadow,3,232,1,2,final_test,existing_with_ml_shadow,0.6666666666666666,2,2,3,3,0,3,0,3,0,2,wolf,0,1,3,2,1
0.037725438916229447,0.007616372131257432,1,deception_enabled,0,2,stage2b_seed_232_base_1_regime_deception_enabled_policy_selective_ml_override,1,1,1,3636ee12b35a57bbe8811b59ccf2c37a2bfec25ced6170ee3f51615da6f64f83,stage2b_seed_232_base_1_regime_deception_enabled,0,3,selective_ml_override,3,232,1,2,final_test,selective_ml_override,0.6666666666666666,2,2,3,3,0,3,0,0,0,2,wolf,0,1,3,2,1
0.037725438916229447,0.007616372131257432,1,deception_enabled,0,2,stage2b_seed_232_base_1_regime_deception_enabled_policy_high_confidence_shadow,1,1,1,3636ee12b35a57bbe8811b59ccf2c37a2bfec25ced6170ee3f51615da6f64f83,stage2b_seed_232_base_1_regime_deception_enabled,0,3,high_confidence_shadow,3,232,1,2,final_test,high_confidence_shadow,0.6666666666666666,2,2,3,3,0,3,0,3,0,2,wolf,0,1,3,2,1
0.0,0.0061402657912375536,1,heterogeneous_risk_preference,0,,stage2b_seed_232_base_1_regime_heterogeneous_risk_preference_policy_existing_rule,0,1,1,3636ee12b35a57bbe8811b59ccf2c37a2bfec25ced6170ee3f51615da6f64f83,stage2b_seed_232_base_1_regime_heterogeneous_risk_preference,0,2,existing_rule,2,232,1,1,final_test,existing_rule,0.5,1,1,2,2,0,2,0,0,0,2,wolf,0,1,2,3,1
0.0,0.0061402657912375536,1,heterogeneous_risk_preference,0,,stage2b_seed_232_base_1_regime_heterogeneous_risk_preference_policy_ml_first_kill_only,0,1,1,3636ee12b35a57bbe8811b59ccf2c37a2bfec25ced6170ee3f51615da6f64f83,stage2b_seed_232_base_1_regime_heterogeneous_risk_preference,0,2,ml_first_kill_only,2,232,1,1,final_test,ml_first_kill_only,0.5,1,1,2,2,1,2,0,0,0,2,wolf,0,1,2,3,1
0.0,0.0061402657912375536,1,heterogeneous_risk_preference,0,,stage2b_seed_232_base_1_regime_heterogeneous_risk_preference_policy_ml_single_random_kill,0,1,1,3636ee12b35a57bbe8811b59ccf2c37a2bfec25ced6170ee3f51615da6f64f83,stage2b_seed_232_base_1_regime_heterogeneous_risk_preference,0,2,ml_single_random_kill,2,232,1,1,final_test,ml_single_random_kill,0.5,1,1,2,2,1,2,0,0,0,2,wolf,0,1,2,3,1
0.0,0.0071475575934724644,1,heterogeneous_risk_preference,0,2,stage2b_seed_232_base_1_regime_heterogeneous_risk_preference_policy_ml_first_two_kills,0,1,1,3636ee12b35a57bbe8811b59ccf2c37a2bfec25ced6170ee3f51615da6f64f83,stage2b_seed_232_base_1_regime_heterogeneous_risk_preference,0,4,ml_first_two_kills,4,232,1,1,final_test,ml_first_two_kills,0.75,3,3,,4,2,4,0,0,1,1,village,0,1,4,0,0
0.0,0.00579570002711464,1,heterogeneous_risk_preference,0,2,stage2b_seed_232_base_1_regime_heterogeneous_risk_preference_policy_continuous_frozen_ml,0,1,1,3636ee12b35a57bbe8811b59ccf2c37a2bfec25ced6170ee3f51615da6f64f83,stage2b_seed_232_base_1_regime_heterogeneous_risk_preference,0,3,continuous_frozen_ml,3,232,0,0,final_test,continuous_frozen_ml,0.6666666666666666,2,2,3,3,3,3,0,0,0,2,wolf,0,1,3,2,1
0.0,0.0061402657912375536,1,heterogeneous_risk_preference,0,,stage2b_seed_232_base_1_regime_heterogeneous_risk_preference_policy_existing_with_ml_shadow,0,1,1,3636ee12b35a57bbe8811b59ccf2c37a2bfec25ced6170ee3f51615da6f64f83,stage2b_seed_232_base_1_regime_heterogeneous_risk_preference,0,2,existing_with_ml_shadow,2,232,1,1,final_test,existing_with_ml_shadow,0.5,1,1,2,2,0,2,0,2,0,2,wolf,0,1,2,3,1
0.019089045706759566,0.0061402657912375536,1,heterogeneous_risk_preference,0,,stage2b_seed_232_base_1_regime_heterogeneous_risk_preference_policy_selective_ml_override,0,1,1,3636ee12b35a57bbe8811b59ccf2c37a2bfec25ced6170ee3f51615da6f64f83,stage2b_seed_232_base_1_regime_heterogeneous_risk_preference,0,2,selective_ml_override,2,232,1,1,final_test,selective_ml_override,0.5,1,1,2,2,0,2,0,0,0,2,wolf,0,1,2,3,1
0.019089045706759566,0.0061402657912375536,1,heterogeneous_risk_preference,0,,stage2b_seed_232_base_1_regime_heterogeneous_risk_preference_policy_high_confidence_shadow,0,1,1,3636ee12b35a57bbe8811b59ccf2c37a2bfec25ced6170ee3f51615da6f64f83,stage2b_seed_232_base_1_regime_heterogeneous_risk_preference,0,2,high_confidence_shadow,2,232,1,1,final_test,high_confidence_shadow,0.5,1,1,2,2,0,2,0,2,0,2,wolf,0,1,2,3,1
0.0,0.00424898304878199,1,strong_village_information,0,1,stage2b_seed_232_base_1_regime_strong_village_information_policy_existing_rule,1,1,0,3636ee12b35a57bbe8811b59ccf2c37a2bfec25ced6170ee3f51615da6f64f83,stage2b_seed_232_base_1_regime_strong_village_information,2,4,existing_rule,4,232,1,3,final_test,existing_rule,0.5,2,3,4,4,0,4,0,0,0,2,wolf,1,1,4,1,1
0.0,0.00424898304878199,1,strong_village_information,0,1,stage2b_seed_232_base_1_regime_strong_village_information_policy_ml_first_kill_only,1,1,0,3636ee12b35a57bbe8811b59ccf2c37a2bfec25ced6170ee3f51615da6f64f83,stage2b_seed_232_base_1_regime_strong_village_information,2,4,ml_first_kill_only,4,232,1,3,final_test,ml_first_kill_only,0.5,2,3,4,4,1,4,0,0,0,2,wolf,1,1,4,1,1
0.0,0.007113561102051247,1,strong_village_information,0,1,stage2b_seed_232_base_1_regime_strong_village_information_policy_ml_single_random_kill,1,1,0,3636ee12b35a57bbe8811b59ccf2c37a2bfec25ced6170ee3f51615da6f64f83,stage2b_seed_232_base_1_regime_strong_village_information,2,4,ml_single_random_kill,4,232,1,2,final_test,ml_single_random_kill,0.5,2,3,4,4,1,4,0,0,0,2,wolf,0,1,4,1,1
0.0,0.007113561102051247,1,strong_village_information,0,1,stage2b_seed_232_base_1_regime_strong_village_information_policy_ml_first_two_kills,1,1,0,3636ee12b35a57bbe8811b59ccf2c37a2bfec25ced6170ee3f51615da6f64f83,stage2b_seed_232_base_1_regime_strong_village_information,2,4,ml_first_two_kills,4,232,1,2,final_test,ml_first_two_kills,0.5,2,3,4,4,2,4,0,0,0,2,wolf,0,1,4,1,1
0.0,0.015250483398110526,1,strong_village_information,0,1,stage2b_seed_232_base_1_regime_strong_village_information_policy_continuous_frozen_ml,1,1,0,3636ee12b35a57bbe8811b59ccf2c37a2bfec25ced6170ee3f51615da6f64f83,stage2b_seed_232_base_1_regime_strong_village_information,2,4,continuous_frozen_ml,4,232,0,1,final_test,continuous_frozen_ml,0.5,2,3,4,4,4,4,0,0,0,3,wolf,0,1,4,1,1
0.0,0.00424898304878199,1,strong_village_information,0,1,stage2b_seed_232_base_1_regime_strong_village_information_policy_existing_with_ml_shadow,1,1,0,3636ee12b35a57bbe8811b59ccf2c37a2bfec25ced6170ee3f51615da6f64f83,stage2b_seed_232_base_1_regime_strong_village_information,2,4,existing_with_ml_shadow,4,232,1,3,final_test,existing_with_ml_shadow,0.5,2,3,4,4,0,4,0,4,0,2,wolf,1,1,4,1,1
0.016184699710922207,0.00424898304878199,1,strong_village_information,0,1,stage2b_seed_232_base_1_regime_strong_village_information_policy_selective_ml_override,1,1,0,3636ee12b35a57bbe8811b59ccf2c37a2bfec25ced6170ee3f51615da6f64f83,stage2b_seed_232_base_1_regime_strong_village_information,2,4,selective_ml_override,4,232,1,3,final_test,selective_ml_override,0.5,2,3,4,4,0,4,0,0,0,2,wolf,1,1,4,1,1
0.016184699710922207,0.00424898304878199,1,strong_village_information,0,1,stage2b_seed_232_base_1_regime_strong_village_information_policy_high_confidence_shadow,1,1,0,3636ee12b35a57bbe8811b59ccf2c37a2bfec25ced6170ee3f51615da6f64f83,stage2b_seed_232_base_1_regime_strong_village_information,2,4,high_confidence_shadow,4,232,1,3,final_test,high_confidence_shadow,0.5,2,3,4,4,0,4,0,4,0,2,wolf,1,1,4,1,1
0.0,0.006903241348746314,1,weak_village_information,0,1,stage2b_seed_232_base_1_regime_weak_village_information_policy_existing_rule,0,1,0,3636ee12b35a57bbe8811b59ccf2c37a2bfec25ced6170ee3f51615da6f64f83,stage2b_seed_232_base_1_regime_weak_village_information,2,2,existing_rule,2,232,1,1,final_test,existing_rule,0.0,0,1,,2,0,2,0,0,1,1,village,0,1,2,0,0
0.0,0.006903241348746314,1,weak_village_information,0,1,stage2b_seed_232_base_1_regime_weak_village_information_policy_ml_first_kill_only,0,1,0,3636ee12b35a57bbe8811b59ccf2c37a2bfec25ced6170ee3f51615da6f64f83,stage2b_seed_232_base_1_regime_weak_village_information,2,2,ml_first_kill_only,2,232,1,1,final_test,ml_first_kill_only,0.0,0,1,,2,1,2,0,0,1,1,village,0,1,2,0,0
0.0,0.005880464869779001,1,weak_village_information,0,1,stage2b_seed_232_base_1_regime_weak_village_information_policy_ml_single_random_kill,1,1,0,3636ee12b35a57bbe8811b59ccf2c37a2bfec25ced6170ee3f51615da6f64f83,stage2b_seed_232_base_1_regime_weak_village_information,2,4,ml_single_random_kill,4,232,1,3,final_test,ml_single_random_kill,0.5,2,3,,4,1,4,0,0,1,1,village,1,1,4,0,0
0.0,0.005880464869779001,1,weak_village_information,0,1,stage2b_seed_232_base_1_regime_weak_village_information_policy_ml_first_two_kills,1,1,0,3636ee12b35a57bbe8811b59ccf2c37a2bfec25ced6170ee3f51615da6f64f83,stage2b_seed_232_base_1_regime_weak_village_information,2,4,ml_first_two_kills,4,232,1,3,final_test,ml_first_two_kills,0.5,2,3,,4,2,4,0,0,1,1,village,1,1,4,0,0
0.0,0.0054655339989342685,1,weak_village_information,0,1,stage2b_seed_232_base_1_regime_weak_village_information_policy_continuous_frozen_ml,0,0,0,3636ee12b35a57bbe8811b59ccf2c37a2bfec25ced6170ee3f51615da6f64f83,stage2b_seed_232_base_1_regime_weak_village_information,2,5,continuous_frozen_ml,5,232,0,1,final_test,continuous_frozen_ml,0.6,3,4,5,5,5,5,0,0,0,2,wolf,1,1,5,1,1
0.0,0.006903241348746314,1,weak_village_information,0,1,stage2b_seed_232_base_1_regime_weak_village_information_policy_existing_with_ml_shadow,0,1,0,3636ee12b35a57bbe8811b59ccf2c37a2bfec25ced6170ee3f51615da6f64f83,stage2b_seed_232_base_1_regime_weak_village_information,2,2,existing_with_ml_shadow,2,232,1,1,final_test,existing_with_ml_shadow,0.0,0,1,,2,0,2,0,2,1,1,village,0,1,2,0,0
0.02110306324062966,0.006903241348746314,1,weak_village_information,0,1,stage2b_seed_232_base_1_regime_weak_village_information_policy_selective_ml_override,0,1,0,3636ee12b35a57bbe8811b59ccf2c37a2bfec25ced6170ee3f51615da6f64f83,stage2b_seed_232_base_1_regime_weak_village_information,2,2,selective_ml_override,2,232,1,1,final_test,selective_ml_override,0.0,0,1,,2,0,2,0,0,1,1,village,0,1,2,0,0
0.02110306324062966,0.006903241348746314,1,weak_village_information,0,1,stage2b_seed_232_base_1_regime_weak_village_information_policy_high_confidence_shadow,0,1,0,3636ee12b35a57bbe8811b59ccf2c37a2bfec25ced6170ee3f51615da6f64f83,stage2b_seed_232_base_1_regime_weak_village_information,2,2,high_confidence_shadow,2,232,1,1,final_test,high_confidence_shadow,0.0,0,1,,2,0,2,0,2,1,1,village,0,1,2,0,0
0.0,0.009951814306655002,1,mixed_seer_strategy,0,,stage2b_seed_232_base_1_regime_mixed_seer_strategy_policy_existing_rule,1,0,1,3636ee12b35a57bbe8811b59ccf2c37a2bfec25ced6170ee3f51615da6f64f83,stage2b_seed_232_base_1_regime_mixed_seer_strategy,0,3,existing_rule,3,232,1,2,final_test,existing_rule,0.6666666666666666,2,2,3,3,0,3,0,0,0,2,wolf,0,1,3,3,1
0.0,0.009951814306655002,1,mixed_seer_strategy,0,,stage2b_seed_232_base_1_regime_mixed_seer_strategy_policy_ml_first_kill_only,1,0,1,3636ee12b35a57bbe8811b59ccf2c37a2bfec25ced6170ee3f51615da6f64f83,stage2b_seed_232_base_1_regime_mixed_seer_strategy,0,3,ml_first_kill_only,3,232,1,2,final_test,ml_first_kill_only,0.6666666666666666,2,2,3,3,1,3,0,0,0,2,wolf,0,1,3,3,1
0.0,0.009951814306655002,1,mixed_seer_strategy,0,,stage2b_seed_232_base_1_regime_mixed_seer_strategy_policy_ml_single_random_kill,0,0,1,3636ee12b35a57bbe8811b59ccf2c37a2bfec25ced6170ee3f51615da6f64f83,stage2b_seed_232_base_1_regime_mixed_seer_strategy,0,3,ml_single_random_kill,3,232,1,1,final_test,ml_single_random_kill,0.6666666666666666,2,2,3,3,1,3,0,0,0,2,wolf,0,1,3,3,1
0.0,0.005870897329822489,1,mixed_seer_strategy,0,,stage2b_seed_232_base_1_regime_mixed_seer_strategy_policy_ml_first_two_kills,0,0,1,3636ee12b35a57bbe8811b59ccf2c37a2bfec25ced6170ee3f51615da6f64f83,stage2b_seed_232_base_1_regime_mixed_seer_strategy,1,3,ml_first_two_kills,3,232,1,1,final_test,ml_first_two_kills,0.3333333333333333,1,2,3,3,2,3,0,0,0,2,wolf,0,1,3,3,1
0.0,0.005870897329822489,1,mixed_seer_strategy,0,,stage2b_seed_232_base_1_regime_mixed_seer_strategy_policy_continuous_frozen_ml,1,0,1,3636ee12b35a57bbe8811b59ccf2c37a2bfec25ced6170ee3f51615da6f64f83,stage2b_seed_232_base_1_regime_mixed_seer_strategy,1,3,continuous_frozen_ml,3,232,0,1,final_test,continuous_frozen_ml,0.3333333333333333,1,2,3,3,3,3,0,0,0,2,wolf,0,1,3,3,1
0.0,0.009951814306655002,1,mixed_seer_strategy,0,,stage2b_seed_232_base_1_regime_mixed_seer_strategy_policy_existing_with_ml_shadow,1,0,1,3636ee12b35a57bbe8811b59ccf2c37a2bfec25ced6170ee3f51615da6f64f83,stage2b_seed_232_base_1_regime_mixed_seer_strategy,0,3,existing_with_ml_shadow,3,232,1,2,final_test,existing_with_ml_shadow,0.6666666666666666,2,2,3,3,0,3,0,3,0,2,wolf,0,1,3,3,1
0.03697117882820622,0.009951814306655002,1,mixed_seer_strategy,0,,stage2b_seed_232_base_1_regime_mixed_seer_strategy_policy_selective_ml_override,1,0,1,3636ee12b35a57bbe8811b59ccf2c37a2bfec25ced6170ee3f51615da6f64f83,stage2b_seed_232_base_1_regime_mixed_seer_strategy,0,3,selective_ml_override,3,232,1,2,final_test,selective_ml_override,0.6666666666666666,2,2,3,3,0,3,0,0,0,2,wolf,0,1,3,3,1
0.03697117882820622,0.009951814306655002,1,mixed_seer_strategy,0,,stage2b_seed_232_base_1_regime_mixed_seer_strategy_policy_high_confidence_shadow,1,0,1,3636ee12b35a57bbe8811b59ccf2c37a2bfec25ced6170ee3f51615da6f64f83,stage2b_seed_232_base_1_regime_mixed_seer_strategy,0,3,high_confidence_shadow,3,232,1,2,final_test,high_confidence_shadow,0.6666666666666666,2,2,3,3,0,3,0,3,0,2,wolf,0,1,3,3,1
0.0,0.010196019563239136,1,mixed_voting_strategy,0,1,stage2b_seed_232_base_1_regime_mixed_voting_strategy_policy_existing_rule,1,0,1,3636ee12b35a57bbe8811b59ccf2c37a2bfec25ced6170ee3f51615da6f64f83,stage2b_seed_232_base_1_regime_mixed_voting_strategy,0,4,existing_rule,4,232,1,3,final_test,existing_rule,0.75,3,3,4,1,0,4,0,0,0,2,wolf,1,1,4,2,1
0.0,0.010196019563239136,1,mixed_voting_strategy,0,1,stage2b_seed_232_base_1_regime_mixed_voting_strategy_policy_ml_first_kill_only,1,0,1,3636ee12b35a57bbe8811b59ccf2c37a2bfec25ced6170ee3f51615da6f64f83,stage2b_seed_232_base_1_regime_mixed_voting_strategy,0,4,ml_first_kill_only,4,232,1,3,final_test,ml_first_kill_only,0.75,3,3,4,1,1,4,0,0,0,2,wolf,1,1,4,2,1
0.0,0.010196019563239136,1,mixed_voting_strategy,0,1,stage2b_seed_232_base_1_regime_mixed_voting_strategy_policy_ml_single_random_kill,1,0,1,3636ee12b35a57bbe8811b59ccf2c37a2bfec25ced6170ee3f51615da6f64f83,stage2b_seed_232_base_1_regime_mixed_voting_strategy,0,4,ml_single_random_kill,4,232,1,3,final_test,ml_single_random_kill,0.75,3,3,4,1,1,4,0,0,0,2,wolf,1,1,4,2,1
0.0,0.010196019563239136,1,mixed_voting_strategy,0,1,stage2b_seed_232_base_1_regime_mixed_voting_strategy_policy_ml_first_two_kills,1,0,1,3636ee12b35a57bbe8811b59ccf2c37a2bfec25ced6170ee3f51615da6f64f83,stage2b_seed_232_base_1_regime_mixed_voting_strategy,0,4,ml_first_two_kills,4,232,1,3,final_test,ml_first_two_kills,0.75,3,3,4,1,2,4,0,0,0,2,wolf,1,1,4,2,1
0.0,0.010196019563239136,1,mixed_voting_strategy,0,1,stage2b_seed_232_base_1_regime_mixed_voting_strategy_policy_continuous_frozen_ml,0,0,1,3636ee12b35a57bbe8811b59ccf2c37a2bfec25ced6170ee3f51615da6f64f83,stage2b_seed_232_base_1_regime_mixed_voting_strategy,0,4,continuous_frozen_ml,4,232,1,2,final_test,continuous_frozen_ml,0.75,3,3,4,1,4,4,0,0,0,2,wolf,1,1,4,2,1
0.0,0.010196019563239136,1,mixed_voting_strategy,0,1,stage2b_seed_232_base_1_regime_mixed_voting_strategy_policy_existing_with_ml_shadow,1,0,1,3636ee12b35a57bbe8811b59ccf2c37a2bfec25ced6170ee3f51615da6f64f83,stage2b_seed_232_base_1_regime_mixed_voting_strategy,0,4,existing_with_ml_shadow,4,232,1,3,final_test,existing_with_ml_shadow,0.75,3,3,4,1,0,4,0,4,0,2,wolf,1,1,4,2,1
0.004900851223579347,0.010196019563239136,1,mixed_voting_strategy,0,1,stage2b_seed_232_base_1_regime_mixed_voting_strategy_policy_selective_ml_override,1,0,1,3636ee12b35a57bbe8811b59ccf2c37a2bfec25ced6170ee3f51615da6f64f83,stage2b_seed_232_base_1_regime_mixed_voting_strategy,0,4,selective_ml_override,4,232,1,3,final_test,selective_ml_override,0.75,3,3,4,1,0,4,0,0,0,2,wolf,1,1,4,2,1
0.004900851223579347,0.010196019563239136,1,mixed_voting_strategy,0,1,stage2b_seed_232_base_1_regime_mixed_voting_strategy_policy_high_confidence_shadow,1,0,1,3636ee12b35a57bbe8811b59ccf2c37a2bfec25ced6170ee3f51615da6f64f83,stage2b_seed_232_base_1_regime_mixed_voting_strategy,0,4,high_confidence_shadow,4,232,1,3,final_test,high_confidence_shadow,0.75,3,3,4,1,0,4,0,4,0,2,wolf,1,1,4,2,1
0.0,0.01195300390509993,1,mixed_wolf_deception_strategy,0,1,stage2b_seed_232_base_1_regime_mixed_wolf_deception_strategy_policy_existing_rule,1,0,1,3636ee12b35a57bbe8811b59ccf2c37a2bfec25ced6170ee3f51615da6f64f83,stage2b_seed_232_base_1_regime_mixed_wolf_deception_strategy,0,4,existing_rule,4,232,1,3,final_test,existing_rule,0.75,3,3,4,3,0,4,0,0,0,2,wolf,1,1,4,2,1
0.0,0.01195300390509993,1,mixed_wolf_deception_strategy,0,1,stage2b_seed_232_base_1_regime_mixed_wolf_deception_strategy_policy_ml_first_kill_only,1,0,1,3636ee12b35a57bbe8811b59ccf2c37a2bfec25ced6170ee3f51615da6f64f83,stage2b_seed_232_base_1_regime_mixed_wolf_deception_strategy,0,4,ml_first_kill_only,4,232,1,3,final_test,ml_first_kill_only,0.75,3,3,4,3,1,4,0,0,0,2,wolf,1,1,4,2,1
0.0,0.009573444330852027,1,mixed_wolf_deception_strategy,0,1,stage2b_seed_232_base_1_regime_mixed_wolf_deception_strategy_policy_ml_single_random_kill,1,1,1,3636ee12b35a57bbe8811b59ccf2c37a2bfec25ced6170ee3f51615da6f64f83,stage2b_seed_232_base_1_regime_mixed_wolf_deception_strategy,0,4,ml_single_random_kill,4,232,1,2,final_test,ml_single_random_kill,0.75,3,3,,4,1,4,0,0,1,2,village,0,1,4,0,0
0.0,0.009726147474282881,1,mixed_wolf_deception_strategy,0,1,stage2b_seed_232_base_1_regime_mixed_wolf_deception_strategy_policy_ml_first_two_kills,1,1,1,3636ee12b35a57bbe8811b59ccf2c37a2bfec25ced6170ee3f51615da6f64f83,stage2b_seed_232_base_1_regime_mixed_wolf_deception_strategy,0,4,ml_first_two_kills,4,232,1,2,final_test,ml_first_two_kills,0.75,3,3,,3,2,4,0,0,1,2,village,0,1,4,0,0
0.0,0.010357959780789905,1,mixed_wolf_deception_strategy,0,1,stage2b_seed_232_base_1_regime_mixed_wolf_deception_strategy_policy_continuous_frozen_ml,1,1,1,3636ee12b35a57bbe8811b59ccf2c37a2bfec25ced6170ee3f51615da6f64f83,stage2b_seed_232_base_1_regime_mixed_wolf_deception_strategy,0,3,continuous_frozen_ml,3,232,0,1,final_test,continuous_frozen_ml,0.6666666666666666,2,2,,3,3,3,0,0,1,1,village,0,1,3,0,0
0.0,0.01195300390509993,1,mixed_wolf_deception_strategy,0,1,stage2b_seed_232_base_1_regime_mixed_wolf_deception_strategy_policy_existing_with_ml_shadow,1,0,1,3636ee12b35a57bbe8811b59ccf2c37a2bfec25ced6170ee3f51615da6f64f83,stage2b_seed_232_base_1_regime_mixed_wolf_deception_strategy,0,4,existing_with_ml_shadow,4,232,1,3,final_test,existing_with_ml_shadow,0.75,3,3,4,3,0,4,0,4,0,2,wolf,1,1,4,2,1
0.037296410480788605,0.01195300390509993,1,mixed_wolf_deception_strategy,0,1,stage2b_seed_232_base_1_regime_mixed_wolf_deception_strategy_policy_selective_ml_override,1,0,1,3636ee12b35a57bbe8811b59ccf2c37a2bfec25ced6170ee3f51615da6f64f83,stage2b_seed_232_base_1_regime_mixed_wolf_deception_strategy,0,4,selective_ml_override,4,232,1,3,final_test,selective_ml_override,0.75,3,3,4,3,1,4,1,0,0,2,wolf,1,1,4,2,1
0.037296410480788605,0.01195300390509993,1,mixed_wolf_deception_strategy,0,1,stage2b_seed_232_base_1_regime_mixed_wolf_deception_strategy_policy_high_confidence_shadow,1,0,1,3636ee12b35a57bbe8811b59ccf2c37a2bfec25ced6170ee3f51615da6f64f83,stage2b_seed_232_base_1_regime_mixed_wolf_deception_strategy,0,4,high_confidence_shadow,4,232,1,3,final_test,high_confidence_shadow,0.75,3,3,4,3,0,4,1,4,0,2,wolf,1,1,4,2,1
0.0,0.01247159814048815,1,baseline_speech_enabled,0,2,stage2b_seed_233_base_1_regime_baseline_speech_enabled_policy_existing_rule,0,1,1,3636ee12b35a57bbe8811b59ccf2c37a2bfec25ced6170ee3f51615da6f64f83,stage2b_seed_233_base_1_regime_baseline_speech_enabled,1,3,existing_rule,3,233,1,2,final_test,existing_rule,0.3333333333333333,1,2,3,3,0,3,0,0,0,2,wolf,1,1,3,2,1
0.0,0.01247159814048815,1,baseline_speech_enabled,0,2,stage2b_seed_233_base_1_regime_baseline_speech_enabled_policy_ml_first_kill_only,0,1,1,3636ee12b35a57bbe8811b59ccf2c37a2bfec25ced6170ee3f51615da6f64f83,stage2b_seed_233_base_1_regime_baseline_speech_enabled,1,3,ml_first_kill_only,3,233,1,2,final_test,ml_first_kill_only,0.3333333333333333,1,2,3,3,1,3,0,0,0,2,wolf,1,1,3,2,1
0.0,0.01207191076816013,1,baseline_speech_enabled,0,2,stage2b_seed_233_base_1_regime_baseline_speech_enabled_policy_ml_single_random_kill,1,1,1,3636ee12b35a57bbe8811b59ccf2c37a2bfec25ced6170ee3f51615da6f64f83,stage2b_seed_233_base_1_regime_baseline_speech_enabled,0,3,ml_single_random_kill,3,233,1,2,final_test,ml_single_random_kill,0.6666666666666666,2,2,3,3,1,3,0,0,0,2,wolf,0,1,3,2,1
0.0,0.01207191076816013,1,baseline_speech_enabled,0,2,stage2b_seed_233_base_1_regime_baseline_speech_enabled_policy_ml_first_two_kills,1,1,1,3636ee12b35a57bbe8811b59ccf2c37a2bfec25ced6170ee3f51615da6f64f83,stage2b_seed_233_base_1_regime_baseline_speech_enabled,0,3,ml_first_two_kills,3,233,1,2,final_test,ml_first_two_kills,0.6666666666666666,2,2,3,3,2,3,0,0,0,2,wolf,0,1,3,2,1
0.0,0.01207191076816013,1,baseline_speech_enabled,0,2,stage2b_seed_233_base_1_regime_baseline_speech_enabled_policy_continuous_frozen_ml,1,1,1,3636ee12b35a57bbe8811b59ccf2c37a2bfec25ced6170ee3f51615da6f64f83,stage2b_seed_233_base_1_regime_baseline_speech_enabled,0,3,continuous_frozen_ml,3,233,0,2,final_test,continuous_frozen_ml,0.6666666666666666,2,2,3,3,3,3,0,0,0,3,wolf,1,1,3,2,1
0.0,0.01247159814048815,1,baseline_speech_enabled,0,2,stage2b_seed_233_base_1_regime_baseline_speech_enabled_policy_existing_with_ml_shadow,0,1,1,3636ee12b35a57bbe8811b59ccf2c37a2bfec25ced6170ee3f51615da6f64f83,stage2b_seed_233_base_1_regime_baseline_speech_enabled,1,3,existing_with_ml_shadow,3,233,1,2,final_test,existing_with_ml_shadow,0.3333333333333333,1,2,3,3,0,3,0,3,0,2,wolf,1,1,3,2,1
0.019335764559668938,0.01247159814048815,1,baseline_speech_enabled,0,2,stage2b_seed_233_base_1_regime_baseline_speech_enabled_policy_selective_ml_override,0,1,1,3636ee12b35a57bbe8811b59ccf2c37a2bfec25ced6170ee3f51615da6f64f83,stage2b_seed_233_base_1_regime_baseline_speech_enabled,1,3,selective_ml_override,3,233,1,2,final_test,selective_ml_override,0.3333333333333333,1,2,3,3,1,3,1,0,0,2,wolf,1,1,3,2,1
0.019335764559668938,0.01247159814048815,1,baseline_speech_enabled,0,2,stage2b_seed_233_base_1_regime_baseline_speech_enabled_policy_high_confidence_shadow,0,1,1,3636ee12b35a57bbe8811b59ccf2c37a2bfec25ced6170ee3f51615da6f64f83,stage2b_seed_233_base_1_regime_baseline_speech_enabled,1,3,high_confidence_shadow,3,233,1,2,final_test,high_confidence_shadow,0.3333333333333333,1,2,3,3,0,3,1,3,0,2,wolf,1,1,3,2,1
0.0,0.016314363787712505,1,speech_disabled,0,1,stage2b_seed_233_base_1_regime_speech_disabled_policy_existing_rule,1,1,0,3636ee12b35a57bbe8811b59ccf2c37a2bfec25ced6170ee3f51615da6f64f83,stage2b_seed_233_base_1_regime_speech_disabled,2,4,existing_rule,4,233,1,2,final_test,existing_rule,0.5,2,3,4,4,0,4,0,0,0,2,wolf,0,1,4,1,1
0.0,0.016314363787712505,1,speech_disabled,0,1,stage2b_seed_233_base_1_regime_speech_disabled_policy_ml_first_kill_only,1,1,0,3636ee12b35a57bbe8811b59ccf2c37a2bfec25ced6170ee3f51615da6f64f83,stage2b_seed_233_base_1_regime_speech_disabled,2,4,ml_first_kill_only,4,233,1,2,final_test,ml_first_kill_only,0.5,2,3,4,4,1,4,0,0,0,2,wolf,0,1,4,1,1
0.0,0.009146069181505031,1,speech_disabled,0,1,stage2b_seed_233_base_1_regime_speech_disabled_policy_ml_single_random_kill,0,0,0,3636ee12b35a57bbe8811b59ccf2c37a2bfec25ced6170ee3f51615da6f64f83,stage2b_seed_233_base_1_regime_speech_disabled,3,3,ml_single_random_kill,3,233,1,2,final_test,ml_single_random_kill,0.0,0,2,,3,1,3,0,0,1,0,village,1,1,3,0,0
0.0,0.009146069181505031,1,speech_disabled,0,1,stage2b_seed_233_base_1_regime_speech_disabled_policy_ml_first_two_kills,0,0,0,3636ee12b35a57bbe8811b59ccf2c37a2bfec25ced6170ee3f51615da6f64f83,stage2b_seed_233_base_1_regime_speech_disabled,3,3,ml_first_two_kills,3,233,1,2,final_test,ml_first_two_kills,0.0,0,2,,3,2,3,0,0,1,0,village,1,1,3,0,0
0.0,0.009146069181505031,1,speech_disabled,0,1,stage2b_seed_233_base_1_regime_speech_disabled_policy_continuous_frozen_ml,0,0,0,3636ee12b35a57bbe8811b59ccf2c37a2bfec25ced6170ee3f51615da6f64f83,stage2b_seed_233_base_1_regime_speech_disabled,3,3,continuous_frozen_ml,3,233,0,1,final_test,continuous_frozen_ml,0.0,0,2,,3,3,3,0,0,1,0,village,1,1,3,0,0
0.0,0.016314363787712505,1,speech_disabled,0,1,stage2b_seed_233_base_1_regime_speech_disabled_policy_existing_with_ml_shadow,1,1,0,3636ee12b35a57bbe8811b59ccf2c37a2bfec25ced6170ee3f51615da6f64f83,stage2b_seed_233_base_1_regime_speech_disabled,2,4,existing_with_ml_shadow,4,233,1,2,final_test,existing_with_ml_shadow,0.5,2,3,4,4,0,4,0,4,0,2,wolf,0,1,4,1,1
0.03117281016832496,0.016314363787712505,1,speech_disabled,0,1,stage2b_seed_233_base_1_regime_speech_disabled_policy_selective_ml_override,1,1,0,3636ee12b35a57bbe8811b59ccf2c37a2bfec25ced6170ee3f51615da6f64f83,stage2b_seed_233_base_1_regime_speech_disabled,2,4,selective_ml_override,4,233,1,2,final_test,selective_ml_override,0.5,2,3,4,4,0,4,0,0,0,2,wolf,0,1,4,1,1
0.03117281016832496,0.016314363787712505,1,speech_disabled,0,1,stage2b_seed_233_base_1_regime_speech_disabled_policy_high_confidence_shadow,1,1,0,3636ee12b35a57bbe8811b59ccf2c37a2bfec25ced6170ee3f51615da6f64f83,stage2b_seed_233_base_1_regime_speech_disabled,2,4,high_confidence_shadow,4,233,1,2,final_test,high_confidence_shadow,0.5,2,3,4,4,0,4,0,4,0,2,wolf,0,1,4,1,1
0.0,0.01439252226832069,1,herding_enabled,0,2,stage2b_seed_233_base_1_regime_herding_enabled_policy_existing_rule,1,1,1,3636ee12b35a57bbe8811b59ccf2c37a2bfec25ced6170ee3f51615da6f64f83,stage2b_seed_233_base_1_regime_herding_enabled,1,4,existing_rule,4,233,1,3,final_test,existing_rule,0.5,2,3,,4,0,4,0,0,1,2,village,1,1,4,0,0
0.0,0.01439252226832069,1,herding_enabled,0,2,stage2b_seed_233_base_1_regime_herding_enabled_policy_ml_first_kill_only,1,1,1,3636ee12b35a57bbe8811b59ccf2c37a2bfec25ced6170ee3f51615da6f64f83,stage2b_seed_233_base_1_regime_herding_enabled,1,4,ml_first_kill_only,4,233,1,3,final_test,ml_first_kill_only,0.5,2,3,,4,1,4,0,0,1,2,village,1,1,4,0,0
0.0,0.01439252226832069,1,herding_enabled,0,2,stage2b_seed_233_base_1_regime_herding_enabled_policy_ml_single_random_kill,1,1,1,3636ee12b35a57bbe8811b59ccf2c37a2bfec25ced6170ee3f51615da6f64f83,stage2b_seed_233_base_1_regime_herding_enabled,1,4,ml_single_random_kill,4,233,1,3,final_test,ml_single_random_kill,0.5,2,3,,4,1,4,0,0,1,2,village,1,1,4,0,0
0.0,0.014069596659652276,1,herding_enabled,0,2,stage2b_seed_233_base_1_regime_herding_enabled_policy_ml_first_two_kills,0,1,1,3636ee12b35a57bbe8811b59ccf2c37a2bfec25ced6170ee3f51615da6f64f83,stage2b_seed_233_base_1_regime_herding_enabled,0,3,ml_first_two_kills,3,233,1,1,final_test,ml_first_two_kills,0.6666666666666666,2,2,,3,2,3,0,0,1,2,village,0,1,3,0,0
0.0,0.011631681005999706,1,herding_enabled,0,2,stage2b_seed_233_base_1_regime_herding_enabled_policy_continuous_frozen_ml,0,1,1,3636ee12b35a57bbe8811b59ccf2c37a2bfec25ced6170ee3f51615da6f64f83,stage2b_seed_233_base_1_regime_herding_enabled,0,4,continuous_frozen_ml,4,233,1,2,final_test,continuous_frozen_ml,0.75,3,3,4,3,4,4,0,0,0,2,wolf,1,1,4,1,1
0.0,0.01439252226832069,1,herding_enabled,0,2,stage2b_seed_233_base_1_regime_herding_enabled_policy_existing_with_ml_shadow,1,1,1,3636ee12b35a57bbe8811b59ccf2c37a2bfec25ced6170ee3f51615da6f64f83,stage2b_seed_233_base_1_regime_herding_enabled,1,4,existing_with_ml_shadow,4,233,1,3,final_test,existing_with_ml_shadow,0.5,2,3,,4,0,4,0,4,1,2,village,1,1,4,0,0
0.014560828862569347,0.01439252226832069,1,herding_enabled,0,2,stage2b_seed_233_base_1_regime_herding_enabled_policy_selective_ml_override,1,1,1,3636ee12b35a57bbe8811b59ccf2c37a2bfec25ced6170ee3f51615da6f64f83,stage2b_seed_233_base_1_regime_herding_enabled,1,4,selective_ml_override,4,233,1,3,final_test,selective_ml_override,0.5,2,3,,4,0,4,0,0,1,2,village,1,1,4,0,0
0.014560828862569347,0.01439252226832069,1,herding_enabled,0,2,stage2b_seed_233_base_1_regime_herding_enabled_policy_high_confidence_shadow,1,1,1,3636ee12b35a57bbe8811b59ccf2c37a2bfec25ced6170ee3f51615da6f64f83,stage2b_seed_233_base_1_regime_herding_enabled,1,4,high_confidence_shadow,4,233,1,3,final_test,high_confidence_shadow,0.5,2,3,,4,0,4,0,4,1,2,village,1,1,4,0,0
0.0,0.01801526342256976,1,deception_enabled,0,2,stage2b_seed_233_base_1_regime_deception_enabled_policy_existing_rule,1,1,1,3636ee12b35a57bbe8811b59ccf2c37a2bfec25ced6170ee3f51615da6f64f83,stage2b_seed_233_base_1_regime_deception_enabled,1,4,existing_rule,4,233,1,3,final_test,existing_rule,0.5,2,3,,4,0,4,0,0,1,1,village,1,1,4,0,0
0.0,0.01801526342256976,1,deception_enabled,0,2,stage2b_seed_233_base_1_regime_deception_enabled_policy_ml_first_kill_only,1,1,1,3636ee12b35a57bbe8811b59ccf2c37a2bfec25ced6170ee3f51615da6f64f83,stage2b_seed_233_base_1_regime_deception_enabled,1,4,ml_first_kill_only,4,233,1,3,final_test,ml_first_kill_only,0.5,2,3,,4,1,4,0,0,1,1,village,1,1,4,0,0
0.0,0.016213595772910965,1,deception_enabled,0,2,stage2b_seed_233_base_1_regime_deception_enabled_policy_ml_single_random_kill,0,0,1,3636ee12b35a57bbe8811b59ccf2c37a2bfec25ced6170ee3f51615da6f64f83,stage2b_seed_233_base_1_regime_deception_enabled,1,3,ml_single_random_kill,3,233,1,1,final_test,ml_single_random_kill,0.3333333333333333,1,2,3,3,1,3,0,0,0,2,wolf,0,1,3,2,1
0.0,0.013081412679565826,1,deception_enabled,0,2,stage2b_seed_233_base_1_regime_deception_enabled_policy_ml_first_two_kills,0,0,1,3636ee12b35a57bbe8811b59ccf2c37a2bfec25ced6170ee3f51615da6f64f83,stage2b_seed_233_base_1_regime_deception_enabled,0,3,ml_first_two_kills,3,233,1,1,final_test,ml_first_two_kills,0.6666666666666666,2,2,3,3,2,3,0,0,0,2,wolf,0,1,3,2,1
0.0,0.013081412679565826,1,deception_enabled,0,2,stage2b_seed_233_base_1_regime_deception_enabled_policy_continuous_frozen_ml,0,0,1,3636ee12b35a57bbe8811b59ccf2c37a2bfec25ced6170ee3f51615da6f64f83,stage2b_seed_233_base_1_regime_deception_enabled,0,3,continuous_frozen_ml,3,233,0,1,final_test,continuous_frozen_ml,0.6666666666666666,2,2,3,3,3,3,0,0,0,2,wolf,1,1,3,2,1
0.0,0.01801526342256976,1,deception_enabled,0,2,stage2b_seed_233_base_1_regime_deception_enabled_policy_existing_with_ml_shadow,1,1,1,3636ee12b35a57bbe8811b59ccf2c37a2bfec25ced6170ee3f51615da6f64f83,stage2b_seed_233_base_1_regime_deception_enabled,1,4,existing_with_ml_shadow,4,233,1,3,final_test,existing_with_ml_shadow,0.5,2,3,,4,0,4,0,4,1,1,village,1,1,4,0,0
0.04258072857612702,0.01801526342256976,1,deception_enabled,0,2,stage2b_seed_233_base_1_regime_deception_enabled_policy_selective_ml_override,1,1,1,3636ee12b35a57bbe8811b59ccf2c37a2bfec25ced6170ee3f51615da6f64f83,stage2b_seed_233_base_1_regime_deception_enabled,1,4,selective_ml_override,4,233,1,3,final_test,selective_ml_override,0.5,2,3,,4,0,4,0,0,1,1,village,1,1,4,0,0
0.04258072857612702,0.01801526342256976,1,deception_enabled,0,2,stage2b_seed_233_base_1_regime_deception_enabled_policy_high_confidence_shadow,1,1,1,3636ee12b35a57bbe8811b59ccf2c37a2bfec25ced6170ee3f51615da6f64f83,stage2b_seed_233_base_1_regime_deception_enabled,1,4,high_confidence_shadow,4,233,1,3,final_test,high_confidence_shadow,0.5,2,3,,4,0,4,0,4,1,1,village,1,1,4,0,0
0.0,0.009223770134377307,1,heterogeneous_risk_preference,0,1,stage2b_seed_233_base_1_regime_heterogeneous_risk_preference_policy_existing_rule,1,0,1,3636ee12b35a57bbe8811b59ccf2c37a2bfec25ced6170ee3f51615da6f64f83,stage2b_seed_233_base_1_regime_heterogeneous_risk_preference,0,4,existing_rule,4,233,1,3,final_test,existing_rule,0.75,3,3,4,4,0,4,0,0,0,2,wolf,1,1,4,2,1
0.0,0.009223770134377307,1,heterogeneous_risk_preference,0,1,stage2b_seed_233_base_1_regime_heterogeneous_risk_preference_policy_ml_first_kill_only,1,0,1,3636ee12b35a57bbe8811b59ccf2c37a2bfec25ced6170ee3f51615da6f64f83,stage2b_seed_233_base_1_regime_heterogeneous_risk_preference,0,4,ml_first_kill_only,4,233,1,3,final_test,ml_first_kill_only,0.75,3,3,4,4,1,4,0,0,0,2,wolf,1,1,4,2,1
0.0,0.009860612632302423,1,heterogeneous_risk_preference,0,1,stage2b_seed_233_base_1_regime_heterogeneous_risk_preference_policy_ml_single_random_kill,1,0,1,3636ee12b35a57bbe8811b59ccf2c37a2bfec25ced6170ee3f51615da6f64f83,stage2b_seed_233_base_1_regime_heterogeneous_risk_preference,0,4,ml_single_random_kill,4,233,1,2,final_test,ml_single_random_kill,0.75,3,3,4,3,1,4,0,0,0,2,wolf,0,1,4,2,1
0.0,0.005905531124709706,1,heterogeneous_risk_preference,0,1,stage2b_seed_233_base_1_regime_heterogeneous_risk_preference_policy_ml_first_two_kills,0,1,1,3636ee12b35a57bbe8811b59ccf2c37a2bfec25ced6170ee3f51615da6f64f83,stage2b_seed_233_base_1_regime_heterogeneous_risk_preference,0,4,ml_first_two_kills,4,233,1,1,final_test,ml_first_two_kills,0.75,3,3,4,4,2,4,0,0,0,2,wolf,0,1,4,1,1
0.0,0.00917741773405295,1,heterogeneous_risk_preference,0,1,stage2b_seed_233_base_1_regime_heterogeneous_risk_preference_policy_continuous_frozen_ml,0,1,1,3636ee12b35a57bbe8811b59ccf2c37a2bfec25ced6170ee3f51615da6f64f83,stage2b_seed_233_base_1_regime_heterogeneous_risk_preference,0,4,continuous_frozen_ml,4,233,0,0,final_test,continuous_frozen_ml,0.75,3,3,4,4,4,4,0,0,0,2,wolf,0,1,4,1,1
0.0,0.009223770134377307,1,heterogeneous_risk_preference,0,1,stage2b_seed_233_base_1_regime_heterogeneous_risk_preference_policy_existing_with_ml_shadow,1,0,1,3636ee12b35a57bbe8811b59ccf2c37a2bfec25ced6170ee3f51615da6f64f83,stage2b_seed_233_base_1_regime_heterogeneous_risk_preference,0,4,existing_with_ml_shadow,4,233,1,3,final_test,existing_with_ml_shadow,0.75,3,3,4,4,0,4,0,4,0,2,wolf,1,1,4,2,1
0.02194142712330921,0.009223770134377307,1,heterogeneous_risk_preference,0,1,stage2b_seed_233_base_1_regime_heterogeneous_risk_preference_policy_selective_ml_override,1,0,1,3636ee12b35a57bbe8811b59ccf2c37a2bfec25ced6170ee3f51615da6f64f83,stage2b_seed_233_base_1_regime_heterogeneous_risk_preference,0,4,selective_ml_override,4,233,1,3,final_test,selective_ml_override,0.75,3,3,4,4,0,4,0,0,0,2,wolf,1,1,4,2,1
0.02194142712330921,0.009223770134377307,1,heterogeneous_risk_preference,0,1,stage2b_seed_233_base_1_regime_heterogeneous_risk_preference_policy_high_confidence_shadow,1,0,1,3636ee12b35a57bbe8811b59ccf2c37a2bfec25ced6170ee3f51615da6f64f83,stage2b_seed_233_base_1_regime_heterogeneous_risk_preference,0,4,high_confidence_shadow,4,233,1,3,final_test,high_confidence_shadow,0.75,3,3,4,4,0,4,0,4,0,2,wolf,1,1,4,2,1
0.0,0.015959874864215722,1,strong_village_information,0,2,stage2b_seed_233_base_1_regime_strong_village_information_policy_existing_rule,0,1,1,3636ee12b35a57bbe8811b59ccf2c37a2bfec25ced6170ee3f51615da6f64f83,stage2b_seed_233_base_1_regime_strong_village_information,0,3,existing_rule,3,233,1,1,final_test,existing_rule,0.6666666666666666,2,2,3,2,0,3,0,0,0,2,wolf,0,1,3,2,1
0.0,0.015959874864215722,1,strong_village_information,0,2,stage2b_seed_233_base_1_regime_strong_village_information_policy_ml_first_kill_only,0,1,0,3636ee12b35a57bbe8811b59ccf2c37a2bfec25ced6170ee3f51615da6f64f83,stage2b_seed_233_base_1_regime_strong_village_information,1,3,ml_first_kill_only,3,233,1,1,final_test,ml_first_kill_only,0.6666666666666666,2,2,3,2,1,3,0,0,0,2,wolf,0,1,3,2,1
0.0,0.015959874864215722,1,strong_village_information,0,2,stage2b_seed_233_base_1_regime_strong_village_information_policy_ml_single_random_kill,0,1,0,3636ee12b35a57bbe8811b59ccf2c37a2bfec25ced6170ee3f51615da6f64f83,stage2b_seed_233_base_1_regime_strong_village_information,1,3,ml_single_random_kill,3,233,1,1,final_test,ml_single_random_kill,0.6666666666666666,2,2,3,2,1,3,0,0,0,2,wolf,0,1,3,2,1
0.0,0.011460305998729972,1,strong_village_information,0,2,stage2b_seed_233_base_1_regime_strong_village_information_policy_ml_first_two_kills,0,1,0,3636ee12b35a57bbe8811b59ccf2c37a2bfec25ced6170ee3f51615da6f64f83,stage2b_seed_233_base_1_regime_strong_village_information,2,3,ml_first_two_kills,3,233,1,1,final_test,ml_first_two_kills,0.3333333333333333,1,2,3,3,2,3,0,0,0,2,wolf,0,1,3,2,1
0.0,0.011460305998729972,1,strong_village_information,0,2,stage2b_seed_233_base_1_regime_strong_village_information_policy_continuous_frozen_ml,0,1,0,3636ee12b35a57bbe8811b59ccf2c37a2bfec25ced6170ee3f51615da6f64f83,stage2b_seed_233_base_1_regime_strong_village_information,2,3,continuous_frozen_ml,3,233,0,1,final_test,continuous_frozen_ml,0.3333333333333333,1,2,3,3,3,3,0,0,0,2,wolf,1,1,3,2,1
0.0,0.015959874864215722,1,strong_village_information,0,2,stage2b_seed_233_base_1_regime_strong_village_information_policy_existing_with_ml_shadow,0,1,1,3636ee12b35a57bbe8811b59ccf2c37a2bfec25ced6170ee3f51615da6f64f83,stage2b_seed_233_base_1_regime_strong_village_information,0,3,existing_with_ml_shadow,3,233,1,1,final_test,existing_with_ml_shadow,0.6666666666666666,2,2,3,2,0,3,0,3,0,2,wolf,0,1,3,2,1
0.027579009607730926,0.015959874864215722,1,strong_village_information,0,2,stage2b_seed_233_base_1_regime_strong_village_information_policy_selective_ml_override,0,1,1,3636ee12b35a57bbe8811b59ccf2c37a2bfec25ced6170ee3f51615da6f64f83,stage2b_seed_233_base_1_regime_strong_village_information,0,3,selective_ml_override,3,233,1,1,final_test,selective_ml_override,0.6666666666666666,2,2,3,2,0,3,0,0,0,2,wolf,0,1,3,2,1
0.027579009607730926,0.015959874864215722,1,strong_village_information,0,2,stage2b_seed_233_base_1_regime_strong_village_information_policy_high_confidence_shadow,0,1,1,3636ee12b35a57bbe8811b59ccf2c37a2bfec25ced6170ee3f51615da6f64f83,stage2b_seed_233_base_1_regime_strong_village_information,0,3,high_confidence_shadow,3,233,1,1,final_test,high_confidence_shadow,0.6666666666666666,2,2,3,2,0,3,0,3,0,2,wolf,0,1,3,2,1
0.0,0.005946579452591291,1,weak_village_information,0,2,stage2b_seed_233_base_1_regime_weak_village_information_policy_existing_rule,1,1,1,3636ee12b35a57bbe8811b59ccf2c37a2bfec25ced6170ee3f51615da6f64f83,stage2b_seed_233_base_1_regime_weak_village_information,1,4,existing_rule,4,233,1,3,final_test,existing_rule,0.5,2,3,,4,0,4,0,0,1,1,village,1,1,4,0,0
0.0,0.0037740029758028446,1,weak_village_information,0,2,stage2b_seed_233_base_1_regime_weak_village_information_policy_ml_first_kill_only,0,1,1,3636ee12b35a57bbe8811b59ccf2c37a2bfec25ced6170ee3f51615da6f64f83,stage2b_seed_233_base_1_regime_weak_village_information,1,3,ml_first_kill_only,3,233,1,1,final_test,ml_first_kill_only,0.3333333333333333,1,2,3,3,1,3,0,0,0,2,wolf,0,1,3,2,1
0.0,0.0037740029758028446,1,weak_village_information,0,2,stage2b_seed_233_base_1_regime_weak_village_information_policy_ml_single_random_kill,0,1,1,3636ee12b35a57bbe8811b59ccf2c37a2bfec25ced6170ee3f51615da6f64f83,stage2b_seed_233_base_1_regime_weak_village_information,1,3,ml_single_random_kill,3,233,1,1,final_test,ml_single_random_kill,0.3333333333333333,1,2,3,3,1,3,0,0,0,2,wolf,0,1,3,2,1
0.0,0.0037740029758028446,1,weak_village_information,0,2,stage2b_seed_233_base_1_regime_weak_village_information_policy_ml_first_two_kills,0,1,1,3636ee12b35a57bbe8811b59ccf2c37a2bfec25ced6170ee3f51615da6f64f83,stage2b_seed_233_base_1_regime_weak_village_information,1,3,ml_first_two_kills,3,233,1,1,final_test,ml_first_two_kills,0.3333333333333333,1,2,3,3,2,3,0,0,0,2,wolf,0,1,3,2,1
0.0,0.0037740029758028446,1,weak_village_information,0,2,stage2b_seed_233_base_1_regime_weak_village_information_policy_continuous_frozen_ml,0,1,1,3636ee12b35a57bbe8811b59ccf2c37a2bfec25ced6170ee3f51615da6f64f83,stage2b_seed_233_base_1_regime_weak_village_information,1,3,continuous_frozen_ml,3,233,0,0,final_test,continuous_frozen_ml,0.3333333333333333,1,2,3,3,3,3,0,0,0,2,wolf,0,1,3,2,1
0.0,0.005946579452591291,1,weak_village_information,0,2,stage2b_seed_233_base_1_regime_weak_village_information_policy_existing_with_ml_shadow,1,1,1,3636ee12b35a57bbe8811b59ccf2c37a2bfec25ced6170ee3f51615da6f64f83,stage2b_seed_233_base_1_regime_weak_village_information,1,4,existing_with_ml_shadow,4,233,1,3,final_test,existing_with_ml_shadow,0.5,2,3,,4,0,4,0,4,1,1,village,1,1,4,0,0
0.011287328138787897,0.005946579452591291,1,weak_village_information,0,2,stage2b_seed_233_base_1_regime_weak_village_information_policy_selective_ml_override,1,1,1,3636ee12b35a57bbe8811b59ccf2c37a2bfec25ced6170ee3f51615da6f64f83,stage2b_seed_233_base_1_regime_weak_village_information,1,4,selective_ml_override,4,233,1,3,final_test,selective_ml_override,0.5,2,3,,4,0,4,0,0,1,1,village,1,1,4,0,0
0.011287328138787897,0.005946579452591291,1,weak_village_information,0,2,stage2b_seed_233_base_1_regime_weak_village_information_policy_high_confidence_shadow,1,1,1,3636ee12b35a57bbe8811b59ccf2c37a2bfec25ced6170ee3f51615da6f64f83,stage2b_seed_233_base_1_regime_weak_village_information,1,4,high_confidence_shadow,4,233,1,3,final_test,high_confidence_shadow,0.5,2,3,,4,0,4,0,4,1,1,village,1,1,4,0,0
0.0,0.001762767058587661,1,mixed_seer_strategy,0,2,stage2b_seed_233_base_1_regime_mixed_seer_strategy_policy_existing_rule,1,1,1,3636ee12b35a57bbe8811b59ccf2c37a2bfec25ced6170ee3f51615da6f64f83,stage2b_seed_233_base_1_regime_mixed_seer_strategy,0,4,existing_rule,4,233,1,3,final_test,existing_rule,0.75,3,3,4,4,0,4,0,0,0,2,wolf,1,1,4,1,1
0.0,0.013642774470932687,1,mixed_seer_strategy,0,,stage2b_seed_233_base_1_regime_mixed_seer_strategy_policy_ml_first_kill_only,0,0,1,3636ee12b35a57bbe8811b59ccf2c37a2bfec25ced6170ee3f51615da6f64f83,stage2b_seed_233_base_1_regime_mixed_seer_strategy,1,3,ml_first_kill_only,3,233,1,1,final_test,ml_first_kill_only,0.3333333333333333,1,2,3,3,1,3,0,0,0,2,wolf,0,1,3,3,1
0.0,0.013642774470932687,1,mixed_seer_strategy,0,,stage2b_seed_233_base_1_regime_mixed_seer_strategy_policy_ml_single_random_kill,0,0,1,3636ee12b35a57bbe8811b59ccf2c37a2bfec25ced6170ee3f51615da6f64f83,stage2b_seed_233_base_1_regime_mixed_seer_strategy,1,3,ml_single_random_kill,3,233,1,1,final_test,ml_single_random_kill,0.3333333333333333,1,2,3,3,1,3,0,0,0,2,wolf,0,1,3,3,1
0.0,0.013642774470932687,1,mixed_seer_strategy,0,,stage2b_seed_233_base_1_regime_mixed_seer_strategy_policy_ml_first_two_kills,0,0,1,3636ee12b35a57bbe8811b59ccf2c37a2bfec25ced6170ee3f51615da6f64f83,stage2b_seed_233_base_1_regime_mixed_seer_strategy,0,3,ml_first_two_kills,3,233,1,1,final_test,ml_first_two_kills,0.6666666666666666,2,2,3,3,2,3,0,0,0,2,wolf,0,1,3,3,1
0.0,0.013642774470932687,1,mixed_seer_strategy,0,,stage2b_seed_233_base_1_regime_mixed_seer_strategy_policy_continuous_frozen_ml,1,0,1,3636ee12b35a57bbe8811b59ccf2c37a2bfec25ced6170ee3f51615da6f64f83,stage2b_seed_233_base_1_regime_mixed_seer_strategy,0,3,continuous_frozen_ml,3,233,0,1,final_test,continuous_frozen_ml,0.6666666666666666,2,2,3,3,3,3,0,0,0,2,wolf,0,1,3,3,1
0.0,0.001762767058587661,1,mixed_seer_strategy,0,2,stage2b_seed_233_base_1_regime_mixed_seer_strategy_policy_existing_with_ml_shadow,1,1,1,3636ee12b35a57bbe8811b59ccf2c37a2bfec25ced6170ee3f51615da6f64f83,stage2b_seed_233_base_1_regime_mixed_seer_strategy,0,4,existing_with_ml_shadow,4,233,1,3,final_test,existing_with_ml_shadow,0.75,3,3,4,4,0,4,0,4,0,2,wolf,1,1,4,1,1
0.010602173337233983,0.001762767058587661,1,mixed_seer_strategy,0,2,stage2b_seed_233_base_1_regime_mixed_seer_strategy_policy_selective_ml_override,1,1,1,3636ee12b35a57bbe8811b59ccf2c37a2bfec25ced6170ee3f51615da6f64f83,stage2b_seed_233_base_1_regime_mixed_seer_strategy,0,4,selective_ml_override,4,233,1,3,final_test,selective_ml_override,0.75,3,3,4,4,0,4,0,0,0,2,wolf,1,1,4,1,1
0.010602173337233983,0.001762767058587661,1,mixed_seer_strategy,0,2,stage2b_seed_233_base_1_regime_mixed_seer_strategy_policy_high_confidence_shadow,1,1,1,3636ee12b35a57bbe8811b59ccf2c37a2bfec25ced6170ee3f51615da6f64f83,stage2b_seed_233_base_1_regime_mixed_seer_strategy,0,4,high_confidence_shadow,4,233,1,3,final_test,high_confidence_shadow,0.75,3,3,4,4,0,4,0,4,0,2,wolf,1,1,4,1,1
0.0,0.023428119607371692,1,mixed_voting_strategy,0,2,stage2b_seed_233_base_1_regime_mixed_voting_strategy_policy_existing_rule,1,1,1,3636ee12b35a57bbe8811b59ccf2c37a2bfec25ced6170ee3f51615da6f64f83,stage2b_seed_233_base_1_regime_mixed_voting_strategy,0,4,existing_rule,4,233,1,2,final_test,existing_rule,0.75,3,3,4,3,0,4,0,0,0,3,wolf,0,1,4,1,1
0.0,0.023428119607371692,1,mixed_voting_strategy,0,2,stage2b_seed_233_base_1_regime_mixed_voting_strategy_policy_ml_first_kill_only,1,1,1,3636ee12b35a57bbe8811b59ccf2c37a2bfec25ced6170ee3f51615da6f64f83,stage2b_seed_233_base_1_regime_mixed_voting_strategy,0,4,ml_first_kill_only,4,233,1,2,final_test,ml_first_kill_only,0.75,3,3,4,3,1,4,0,0,0,3,wolf,0,1,4,1,1
0.0,0.023428119607371692,1,mixed_voting_strategy,0,2,stage2b_seed_233_base_1_regime_mixed_voting_strategy_policy_ml_single_random_kill,1,1,1,3636ee12b35a57bbe8811b59ccf2c37a2bfec25ced6170ee3f51615da6f64f83,stage2b_seed_233_base_1_regime_mixed_voting_strategy,0,4,ml_single_random_kill,4,233,1,2,final_test,ml_single_random_kill,0.75,3,3,4,3,1,4,0,0,0,3,wolf,0,1,4,1,1
0.0,0.015086843962046334,1,mixed_voting_strategy,0,2,stage2b_seed_233_base_1_regime_mixed_voting_strategy_policy_ml_first_two_kills,1,1,1,3636ee12b35a57bbe8811b59ccf2c37a2bfec25ced6170ee3f51615da6f64f83,stage2b_seed_233_base_1_regime_mixed_voting_strategy,0,4,ml_first_two_kills,4,233,1,2,final_test,ml_first_two_kills,0.75,3,3,,3,2,4,0,0,1,2,village,0,1,4,0,0
0.0,0.011707539926883129,1,mixed_voting_strategy,0,2,stage2b_seed_233_base_1_regime_mixed_voting_strategy_policy_continuous_frozen_ml,1,1,1,3636ee12b35a57bbe8811b59ccf2c37a2bfec25ced6170ee3f51615da6f64f83,stage2b_seed_233_base_1_regime_mixed_voting_strategy,0,4,continuous_frozen_ml,4,233,0,1,final_test,continuous_frozen_ml,0.75,3,3,,4,4,4,0,0,1,2,village,0,1,4,0,0
0.0,0.023428119607371692,1,mixed_voting_strategy,0,2,stage2b_seed_233_base_1_regime_mixed_voting_strategy_policy_existing_with_ml_shadow,1,1,1,3636ee12b35a57bbe8811b59ccf2c37a2bfec25ced6170ee3f51615da6f64f83,stage2b_seed_233_base_1_regime_mixed_voting_strategy,0,4,existing_with_ml_shadow,4,233,1,2,final_test,existing_with_ml_shadow,0.75,3,3,4,3,0,4,0,4,0,3,wolf,0,1,4,1,1
0.029423795779043874,0.023428119607371692,1,mixed_voting_strategy,0,2,stage2b_seed_233_base_1_regime_mixed_voting_strategy_policy_selective_ml_override,1,1,1,3636ee12b35a57bbe8811b59ccf2c37a2bfec25ced6170ee3f51615da6f64f83,stage2b_seed_233_base_1_regime_mixed_voting_strategy,0,4,selective_ml_override,4,233,1,2,final_test,selective_ml_override,0.75,3,3,4,3,1,4,1,0,0,3,wolf,0,1,4,1,1
0.029423795779043874,0.023428119607371692,1,mixed_voting_strategy,0,2,stage2b_seed_233_base_1_regime_mixed_voting_strategy_policy_high_confidence_shadow,1,1,1,3636ee12b35a57bbe8811b59ccf2c37a2bfec25ced6170ee3f51615da6f64f83,stage2b_seed_233_base_1_regime_mixed_voting_strategy,0,4,high_confidence_shadow,4,233,1,2,final_test,high_confidence_shadow,0.75,3,3,4,3,0,4,1,4,0,3,wolf,0,1,4,1,1
0.0,0.008233401157639514,1,mixed_wolf_deception_strategy,0,1,stage2b_seed_233_base_1_regime_mixed_wolf_deception_strategy_policy_existing_rule,1,1,1,3636ee12b35a57bbe8811b59ccf2c37a2bfec25ced6170ee3f51615da6f64f83,stage2b_seed_233_base_1_regime_mixed_wolf_deception_strategy,0,4,existing_rule,4,233,1,3,final_test,existing_rule,0.75,3,3,,4,0,4,0,0,1,1,village,1,1,4,0,0
0.0,0.008233401157639514,1,mixed_wolf_deception_strategy,0,1,stage2b_seed_233_base_1_regime_mixed_wolf_deception_strategy_policy_ml_first_kill_only,1,1,1,3636ee12b35a57bbe8811b59ccf2c37a2bfec25ced6170ee3f51615da6f64f83,stage2b_seed_233_base_1_regime_mixed_wolf_deception_strategy,0,4,ml_first_kill_only,4,233,1,3,final_test,ml_first_kill_only,0.75,3,3,,4,1,4,0,0,1,1,village,1,1,4,0,0
0.0,0.00492004285408838,1,mixed_wolf_deception_strategy,0,1,stage2b_seed_233_base_1_regime_mixed_wolf_deception_strategy_policy_ml_single_random_kill,1,0,1,3636ee12b35a57bbe8811b59ccf2c37a2bfec25ced6170ee3f51615da6f64f83,stage2b_seed_233_base_1_regime_mixed_wolf_deception_strategy,0,5,ml_single_random_kill,5,233,1,3,final_test,ml_single_random_kill,0.8,4,4,5,4,1,5,0,0,0,2,wolf,1,1,5,1,1
0.0,0.0066647106545704715,1,mixed_wolf_deception_strategy,0,1,stage2b_seed_233_base_1_regime_mixed_wolf_deception_strategy_policy_ml_first_two_kills,0,0,1,3636ee12b35a57bbe8811b59ccf2c37a2bfec25ced6170ee3f51615da6f64f83,stage2b_seed_233_base_1_regime_mixed_wolf_deception_strategy,0,4,ml_first_two_kills,4,233,1,2,final_test,ml_first_two_kills,0.75,3,3,4,3,2,4,0,0,0,3,wolf,1,1,4,1,1
0.0,0.005394986498438547,1,mixed_wolf_deception_strategy,0,1,stage2b_seed_233_base_1_regime_mixed_wolf_deception_strategy_policy_continuous_frozen_ml,1,0,1,3636ee12b35a57bbe8811b59ccf2c37a2bfec25ced6170ee3f51615da6f64f83,stage2b_seed_233_base_1_regime_mixed_wolf_deception_strategy,0,5,continuous_frozen_ml,5,233,1,3,final_test,continuous_frozen_ml,0.8,4,4,5,3,5,5,0,0,0,2,wolf,1,1,5,1,1
0.0,0.008233401157639514,1,mixed_wolf_deception_strategy,0,1,stage2b_seed_233_base_1_regime_mixed_wolf_deception_strategy_policy_existing_with_ml_shadow,1,1,1,3636ee12b35a57bbe8811b59ccf2c37a2bfec25ced6170ee3f51615da6f64f83,stage2b_seed_233_base_1_regime_mixed_wolf_deception_strategy,0,4,existing_with_ml_shadow,4,233,1,3,final_test,existing_with_ml_shadow,0.75,3,3,,4,0,4,0,4,1,1,village,1,1,4,0,0
0.015619545590257994,0.008233401157639514,1,mixed_wolf_deception_strategy,0,1,stage2b_seed_233_base_1_regime_mixed_wolf_deception_strategy_policy_selective_ml_override,1,1,1,3636ee12b35a57bbe8811b59ccf2c37a2bfec25ced6170ee3f51615da6f64f83,stage2b_seed_233_base_1_regime_mixed_wolf_deception_strategy,0,4,selective_ml_override,4,233,1,3,final_test,selective_ml_override,0.75,3,3,,4,0,4,0,0,1,1,village,1,1,4,0,0
0.015619545590257994,0.008233401157639514,1,mixed_wolf_deception_strategy,0,1,stage2b_seed_233_base_1_regime_mixed_wolf_deception_strategy_policy_high_confidence_shadow,1,1,1,3636ee12b35a57bbe8811b59ccf2c37a2bfec25ced6170ee3f51615da6f64f83,stage2b_seed_233_base_1_regime_mixed_wolf_deception_strategy,0,4,high_confidence_shadow,4,233,1,3,final_test,high_confidence_shadow,0.75,3,3,,4,0,4,0,4,1,1,village,1,1,4,0,0
0.0,0.0052032169494708735,1,baseline_speech_enabled,0,1,stage2b_seed_234_base_1_regime_baseline_speech_enabled_policy_existing_rule,1,1,1,3636ee12b35a57bbe8811b59ccf2c37a2bfec25ced6170ee3f51615da6f64f83,stage2b_seed_234_base_1_regime_baseline_speech_enabled,0,4,existing_rule,4,234,1,3,final_test,existing_rule,0.75,3,3,4,4,0,4,0,0,0,2,wolf,1,1,4,1,1
0.0,0.0052032169494708735,1,baseline_speech_enabled,0,1,stage2b_seed_234_base_1_regime_baseline_speech_enabled_policy_ml_first_kill_only,1,1,1,3636ee12b35a57bbe8811b59ccf2c37a2bfec25ced6170ee3f51615da6f64f83,stage2b_seed_234_base_1_regime_baseline_speech_enabled,0,4,ml_first_kill_only,4,234,1,3,final_test,ml_first_kill_only,0.75,3,3,4,4,1,4,0,0,0,2,wolf,1,1,4,1,1
0.0,0.006869516301225287,1,baseline_speech_enabled,0,1,stage2b_seed_234_base_1_regime_baseline_speech_enabled_policy_ml_single_random_kill,0,0,1,3636ee12b35a57bbe8811b59ccf2c37a2bfec25ced6170ee3f51615da6f64f83,stage2b_seed_234_base_1_regime_baseline_speech_enabled,0,4,ml_single_random_kill,4,234,1,2,final_test,ml_single_random_kill,0.75,3,3,,4,1,4,0,0,1,2,village,1,1,4,0,0
0.0,0.006869516301225287,1,baseline_speech_enabled,0,1,stage2b_seed_234_base_1_regime_baseline_speech_enabled_policy_ml_first_two_kills,0,0,1,3636ee12b35a57bbe8811b59ccf2c37a2bfec25ced6170ee3f51615da6f64f83,stage2b_seed_234_base_1_regime_baseline_speech_enabled,0,4,ml_first_two_kills,4,234,1,2,final_test,ml_first_two_kills,0.75,3,3,,4,2,4,0,0,1,2,village,1,1,4,0,0
0.0,0.006869516301225259,1,baseline_speech_enabled,0,1,stage2b_seed_234_base_1_regime_baseline_speech_enabled_policy_continuous_frozen_ml,1,1,1,3636ee12b35a57bbe8811b59ccf2c37a2bfec25ced6170ee3f51615da6f64f83,stage2b_seed_234_base_1_regime_baseline_speech_enabled,0,4,continuous_frozen_ml,4,234,0,1,final_test,continuous_frozen_ml,0.75,3,3,,4,4,4,0,0,1,2,village,0,1,4,0,0
0.0,0.0052032169494708735,1,baseline_speech_enabled,0,1,stage2b_seed_234_base_1_regime_baseline_speech_enabled_policy_existing_with_ml_shadow,1,1,1,3636ee12b35a57bbe8811b59ccf2c37a2bfec25ced6170ee3f51615da6f64f83,stage2b_seed_234_base_1_regime_baseline_speech_enabled,0,4,existing_with_ml_shadow,4,234,1,3,final_test,existing_with_ml_shadow,0.75,3,3,4,4,0,4,0,4,0,2,wolf,1,1,4,1,1
0.021769831268512146,0.0052032169494708735,1,baseline_speech_enabled,0,1,stage2b_seed_234_base_1_regime_baseline_speech_enabled_policy_selective_ml_override,1,1,1,3636ee12b35a57bbe8811b59ccf2c37a2bfec25ced6170ee3f51615da6f64f83,stage2b_seed_234_base_1_regime_baseline_speech_enabled,0,4,selective_ml_override,4,234,1,3,final_test,selective_ml_override,0.75,3,3,4,4,0,4,0,0,0,2,wolf,1,1,4,1,1
0.021769831268512146,0.0052032169494708735,1,baseline_speech_enabled,0,1,stage2b_seed_234_base_1_regime_baseline_speech_enabled_policy_high_confidence_shadow,1,1,1,3636ee12b35a57bbe8811b59ccf2c37a2bfec25ced6170ee3f51615da6f64f83,stage2b_seed_234_base_1_regime_baseline_speech_enabled,0,4,high_confidence_shadow,4,234,1,3,final_test,high_confidence_shadow,0.75,3,3,4,4,0,4,0,4,0,2,wolf,1,1,4,1,1
0.0,0.007847411366439109,1,speech_disabled,0,2,stage2b_seed_234_base_1_regime_speech_disabled_policy_existing_rule,0,0,1,3636ee12b35a57bbe8811b59ccf2c37a2bfec25ced6170ee3f51615da6f64f83,stage2b_seed_234_base_1_regime_speech_disabled,0,3,existing_rule,3,234,1,2,final_test,existing_rule,0.6666666666666666,2,2,3,3,0,3,0,0,0,3,wolf,1,1,3,2,1
0.0,0.007847411366439109,1,speech_disabled,0,2,stage2b_seed_234_base_1_regime_speech_disabled_policy_ml_first_kill_only,0,0,1,3636ee12b35a57bbe8811b59ccf2c37a2bfec25ced6170ee3f51615da6f64f83,stage2b_seed_234_base_1_regime_speech_disabled,0,3,ml_first_kill_only,3,234,1,2,final_test,ml_first_kill_only,0.6666666666666666,2,2,3,3,1,3,0,0,0,3,wolf,1,1,3,2,1
0.0,0.007847411366439109,1,speech_disabled,0,2,stage2b_seed_234_base_1_regime_speech_disabled_policy_ml_single_random_kill,0,0,1,3636ee12b35a57bbe8811b59ccf2c37a2bfec25ced6170ee3f51615da6f64f83,stage2b_seed_234_base_1_regime_speech_disabled,0,3,ml_single_random_kill,3,234,1,1,final_test,ml_single_random_kill,0.6666666666666666,2,2,3,3,1,3,0,0,0,3,wolf,0,1,3,2,1
0.0,0.010669135788902606,1,speech_disabled,0,2,stage2b_seed_234_base_1_regime_speech_disabled_policy_ml_first_two_kills,0,0,1,3636ee12b35a57bbe8811b59ccf2c37a2bfec25ced6170ee3f51615da6f64f83,stage2b_seed_234_base_1_regime_speech_disabled,0,3,ml_first_two_kills,3,234,0,1,final_test,ml_first_two_kills,0.6666666666666666,2,2,3,3,2,3,0,0,0,3,wolf,1,1,3,2,1
0.0,0.010669135788902606,1,speech_disabled,0,2,stage2b_seed_234_base_1_regime_speech_disabled_policy_continuous_frozen_ml,0,0,1,3636ee12b35a57bbe8811b59ccf2c37a2bfec25ced6170ee3f51615da6f64f83,stage2b_seed_234_base_1_regime_speech_disabled,0,3,continuous_frozen_ml,3,234,0,0,final_test,continuous_frozen_ml,0.6666666666666666,2,2,3,3,3,3,0,0,0,3,wolf,0,1,3,2,1
0.0,0.007847411366439109,1,speech_disabled,0,2,stage2b_seed_234_base_1_regime_speech_disabled_policy_existing_with_ml_shadow,0,0,1,3636ee12b35a57bbe8811b59ccf2c37a2bfec25ced6170ee3f51615da6f64f83,stage2b_seed_234_base_1_regime_speech_disabled,0,3,existing_with_ml_shadow,3,234,1,2,final_test,existing_with_ml_shadow,0.6666666666666666,2,2,3,3,0,3,0,3,0,3,wolf,1,1,3,2,1
0.024920527486973116,0.007847411366439109,1,speech_disabled,0,2,stage2b_seed_234_base_1_regime_speech_disabled_policy_selective_ml_override,0,0,1,3636ee12b35a57bbe8811b59ccf2c37a2bfec25ced6170ee3f51615da6f64f83,stage2b_seed_234_base_1_regime_speech_disabled,0,3,selective_ml_override,3,234,1,2,final_test,selective_ml_override,0.6666666666666666,2,2,3,3,0,3,0,0,0,3,wolf,1,1,3,2,1
0.024920527486973116,0.007847411366439109,1,speech_disabled,0,2,stage2b_seed_234_base_1_regime_speech_disabled_policy_high_confidence_shadow,0,0,1,3636ee12b35a57bbe8811b59ccf2c37a2bfec25ced6170ee3f51615da6f64f83,stage2b_seed_234_base_1_regime_speech_disabled,0,3,high_confidence_shadow,3,234,1,2,final_test,high_confidence_shadow,0.6666666666666666,2,2,3,3,0,3,0,3,0,3,wolf,1,1,3,2,1
0.0,0.005775654128089169,1,herding_enabled,0,1,stage2b_seed_234_base_1_regime_herding_enabled_policy_existing_rule,1,1,0,3636ee12b35a57bbe8811b59ccf2c37a2bfec25ced6170ee3f51615da6f64f83,stage2b_seed_234_base_1_regime_herding_enabled,2,4,existing_rule,4,234,1,2,final_test,existing_rule,0.5,2,3,4,3,0,4,0,0,0,2,wolf,0,1,4,1,1
0.0,0.005775654128089169,1,herding_enabled,0,1,stage2b_seed_234_base_1_regime_herding_enabled_policy_ml_first_kill_only,1,1,0,3636ee12b35a57bbe8811b59ccf2c37a2bfec25ced6170ee3f51615da6f64f83,stage2b_seed_234_base_1_regime_herding_enabled,2,4,ml_first_kill_only,4,234,1,2,final_test,ml_first_kill_only,0.5,2,3,4,3,1,4,0,0,0,2,wolf,0,1,4,1,1
0.0,0.005775654128089169,1,herding_enabled,0,1,stage2b_seed_234_base_1_regime_herding_enabled_policy_ml_single_random_kill,1,1,0,3636ee12b35a57bbe8811b59ccf2c37a2bfec25ced6170ee3f51615da6f64f83,stage2b_seed_234_base_1_regime_herding_enabled,2,4,ml_single_random_kill,4,234,1,2,final_test,ml_single_random_kill,0.5,2,3,4,3,1,4,0,0,0,2,wolf,0,1,4,1,1
0.0,0.009554034752761148,1,herding_enabled,0,1,stage2b_seed_234_base_1_regime_herding_enabled_policy_ml_first_two_kills,1,0,0,3636ee12b35a57bbe8811b59ccf2c37a2bfec25ced6170ee3f51615da6f64f83,stage2b_seed_234_base_1_regime_herding_enabled,1,4,ml_first_two_kills,4,234,1,2,final_test,ml_first_two_kills,0.75,3,3,4,2,2,4,0,0,0,2,wolf,0,1,4,2,1
0.0,0.009554034752761148,1,herding_enabled,0,1,stage2b_seed_234_base_1_regime_herding_enabled_policy_continuous_frozen_ml,0,0,0,3636ee12b35a57bbe8811b59ccf2c37a2bfec25ced6170ee3f51615da6f64f83,stage2b_seed_234_base_1_regime_herding_enabled,1,4,continuous_frozen_ml,4,234,1,1,final_test,continuous_frozen_ml,0.75,3,3,4,2,4,4,0,0,0,2,wolf,0,1,4,2,1
0.0,0.005775654128089169,1,herding_enabled,0,1,stage2b_seed_234_base_1_regime_herding_enabled_policy_existing_with_ml_shadow,1,1,0,3636ee12b35a57bbe8811b59ccf2c37a2bfec25ced6170ee3f51615da6f64f83,stage2b_seed_234_base_1_regime_herding_enabled,2,4,existing_with_ml_shadow,4,234,1,2,final_test,existing_with_ml_shadow,0.5,2,3,4,3,0,4,0,4,0,2,wolf,0,1,4,1,1
0.01872486043298366,0.005775654128089169,1,herding_enabled,0,1,stage2b_seed_234_base_1_regime_herding_enabled_policy_selective_ml_override,1,1,0,3636ee12b35a57bbe8811b59ccf2c37a2bfec25ced6170ee3f51615da6f64f83,stage2b_seed_234_base_1_regime_herding_enabled,2,4,selective_ml_override,4,234,1,2,final_test,selective_ml_override,0.5,2,3,4,3,0,4,0,0,0,2,wolf,0,1,4,1,1
0.01872486043298366,0.005775654128089169,1,herding_enabled,0,1,stage2b_seed_234_base_1_regime_herding_enabled_policy_high_confidence_shadow,1,1,0,3636ee12b35a57bbe8811b59ccf2c37a2bfec25ced6170ee3f51615da6f64f83,stage2b_seed_234_base_1_regime_herding_enabled,2,4,high_confidence_shadow,4,234,1,2,final_test,high_confidence_shadow,0.5,2,3,4,3,0,4,0,4,0,2,wolf,0,1,4,1,1
0.0,0.018654114028804625,1,deception_enabled,0,1,stage2b_seed_234_base_1_regime_deception_enabled_policy_existing_rule,1,1,0,3636ee12b35a57bbe8811b59ccf2c37a2bfec25ced6170ee3f51615da6f64f83,stage2b_seed_234_base_1_regime_deception_enabled,1,4,existing_rule,4,234,1,3,final_test,existing_rule,0.75,3,3,,1,0,4,0,0,1,1,village,1,1,4,0,0
0.0,0.018654114028804625,1,deception_enabled,0,1,stage2b_seed_234_base_1_regime_deception_enabled_policy_ml_first_kill_only,1,1,0,3636ee12b35a57bbe8811b59ccf2c37a2bfec25ced6170ee3f51615da6f64f83,stage2b_seed_234_base_1_regime_deception_enabled,1,4,ml_first_kill_only,4,234,1,3,final_test,ml_first_kill_only,0.75,3,3,,1,1,4,0,0,1,1,village,1,1,4,0,0
0.0,0.018654114028804625,1,deception_enabled,0,1,stage2b_seed_234_base_1_regime_deception_enabled_policy_ml_single_random_kill,1,1,0,3636ee12b35a57bbe8811b59ccf2c37a2bfec25ced6170ee3f51615da6f64f83,stage2b_seed_234_base_1_regime_deception_enabled,1,4,ml_single_random_kill,4,234,1,3,final_test,ml_single_random_kill,0.75,3,3,,1,1,4,0,0,1,1,village,1,1,4,0,0
0.0,0.016468454153025502,1,deception_enabled,0,1,stage2b_seed_234_base_1_regime_deception_enabled_policy_ml_first_two_kills,1,1,0,3636ee12b35a57bbe8811b59ccf2c37a2bfec25ced6170ee3f51615da6f64f83,stage2b_seed_234_base_1_regime_deception_enabled,2,4,ml_first_two_kills,4,234,1,3,final_test,ml_first_two_kills,0.5,2,3,,2,2,4,0,0,1,1,village,1,1,4,0,0
0.0,0.017309437517508092,1,deception_enabled,0,1,stage2b_seed_234_base_1_regime_deception_enabled_policy_continuous_frozen_ml,1,1,0,3636ee12b35a57bbe8811b59ccf2c37a2bfec25ced6170ee3f51615da6f64f83,stage2b_seed_234_base_1_regime_deception_enabled,2,3,continuous_frozen_ml,3,234,0,2,final_test,continuous_frozen_ml,0.3333333333333333,1,2,3,2,3,3,0,0,0,2,wolf,1,1,3,2,1
0.0,0.018654114028804625,1,deception_enabled,0,1,stage2b_seed_234_base_1_regime_deception_enabled_policy_existing_with_ml_shadow,1,1,0,3636ee12b35a57bbe8811b59ccf2c37a2bfec25ced6170ee3f51615da6f64f83,stage2b_seed_234_base_1_regime_deception_enabled,1,4,existing_with_ml_shadow,4,234,1,3,final_test,existing_with_ml_shadow,0.75,3,3,,1,0,4,0,4,1,1,village,1,1,4,0,0
0.006675083255703873,0.018654114028804625,1,deception_enabled,0,1,stage2b_seed_234_base_1_regime_deception_enabled_policy_selective_ml_override,1,1,0,3636ee12b35a57bbe8811b59ccf2c37a2bfec25ced6170ee3f51615da6f64f83,stage2b_seed_234_base_1_regime_deception_enabled,1,4,selective_ml_override,4,234,1,3,final_test,selective_ml_override,0.75,3,3,,1,0,4,0,0,1,1,village,1,1,4,0,0
0.006675083255703873,0.018654114028804625,1,deception_enabled,0,1,stage2b_seed_234_base_1_regime_deception_enabled_policy_high_confidence_shadow,1,1,0,3636ee12b35a57bbe8811b59ccf2c37a2bfec25ced6170ee3f51615da6f64f83,stage2b_seed_234_base_1_regime_deception_enabled,1,4,high_confidence_shadow,4,234,1,3,final_test,high_confidence_shadow,0.75,3,3,,1,0,4,0,4,1,1,village,1,1,4,0,0
0.0,0.00733685848236935,1,heterogeneous_risk_preference,0,2,stage2b_seed_234_base_1_regime_heterogeneous_risk_preference_policy_existing_rule,0,0,1,3636ee12b35a57bbe8811b59ccf2c37a2bfec25ced6170ee3f51615da6f64f83,stage2b_seed_234_base_1_regime_heterogeneous_risk_preference,0,3,existing_rule,3,234,1,2,final_test,existing_rule,0.6666666666666666,2,2,3,2,0,3,0,0,0,3,wolf,1,1,3,2,1
0.0,0.00733685848236935,1,heterogeneous_risk_preference,0,2,stage2b_seed_234_base_1_regime_heterogeneous_risk_preference_policy_ml_first_kill_only,0,0,1,3636ee12b35a57bbe8811b59ccf2c37a2bfec25ced6170ee3f51615da6f64f83,stage2b_seed_234_base_1_regime_heterogeneous_risk_preference,0,3,ml_first_kill_only,3,234,1,2,final_test,ml_first_kill_only,0.6666666666666666,2,2,3,2,1,3,0,0,0,3,wolf,1,1,3,2,1
0.0,0.009367903240675685,1,heterogeneous_risk_preference,0,2,stage2b_seed_234_base_1_regime_heterogeneous_risk_preference_policy_ml_single_random_kill,1,1,1,3636ee12b35a57bbe8811b59ccf2c37a2bfec25ced6170ee3f51615da6f64f83,stage2b_seed_234_base_1_regime_heterogeneous_risk_preference,0,4,ml_single_random_kill,4,234,1,3,final_test,ml_single_random_kill,0.75,3,3,4,4,1,4,0,0,0,2,wolf,1,1,4,1,1
0.0,0.009367903240675685,1,heterogeneous_risk_preference,0,2,stage2b_seed_234_base_1_regime_heterogeneous_risk_preference_policy_ml_first_two_kills,1,1,1,3636ee12b35a57bbe8811b59ccf2c37a2bfec25ced6170ee3f51615da6f64f83,stage2b_seed_234_base_1_regime_heterogeneous_risk_preference,0,4,ml_first_two_kills,4,234,1,3,final_test,ml_first_two_kills,0.75,3,3,4,4,2,4,0,0,0,2,wolf,1,1,4,1,1
0.0,0.006796095475433028,1,heterogeneous_risk_preference,0,2,stage2b_seed_234_base_1_regime_heterogeneous_risk_preference_policy_continuous_frozen_ml,1,1,1,3636ee12b35a57bbe8811b59ccf2c37a2bfec25ced6170ee3f51615da6f64f83,stage2b_seed_234_base_1_regime_heterogeneous_risk_preference,0,4,continuous_frozen_ml,4,234,0,2,final_test,continuous_frozen_ml,0.75,3,3,4,3,4,4,0,0,0,2,wolf,1,1,4,1,1
0.0,0.00733685848236935,1,heterogeneous_risk_preference,0,2,stage2b_seed_234_base_1_regime_heterogeneous_risk_preference_policy_existing_with_ml_shadow,0,0,1,3636ee12b35a57bbe8811b59ccf2c37a2bfec25ced6170ee3f51615da6f64f83,stage2b_seed_234_base_1_regime_heterogeneous_risk_preference,0,3,existing_with_ml_shadow,3,234,1,2,final_test,existing_with_ml_shadow,0.6666666666666666,2,2,3,2,0,3,0,3,0,3,wolf,1,1,3,2,1
0.03115998513686689,0.00733685848236935,1,heterogeneous_risk_preference,0,2,stage2b_seed_234_base_1_regime_heterogeneous_risk_preference_policy_selective_ml_override,0,0,1,3636ee12b35a57bbe8811b59ccf2c37a2bfec25ced6170ee3f51615da6f64f83,stage2b_seed_234_base_1_regime_heterogeneous_risk_preference,0,3,selective_ml_override,3,234,1,2,final_test,selective_ml_override,0.6666666666666666,2,2,3,2,0,3,0,0,0,3,wolf,1,1,3,2,1
0.03115998513686689,0.00733685848236935,1,heterogeneous_risk_preference,0,2,stage2b_seed_234_base_1_regime_heterogeneous_risk_preference_policy_high_confidence_shadow,0,0,1,3636ee12b35a57bbe8811b59ccf2c37a2bfec25ced6170ee3f51615da6f64f83,stage2b_seed_234_base_1_regime_heterogeneous_risk_preference,0,3,high_confidence_shadow,3,234,1,2,final_test,high_confidence_shadow,0.6666666666666666,2,2,3,2,0,3,0,3,0,3,wolf,1,1,3,2,1
0.0,0.015271154595962413,1,strong_village_information,0,1,stage2b_seed_234_base_1_regime_strong_village_information_policy_existing_rule,1,1,1,3636ee12b35a57bbe8811b59ccf2c37a2bfec25ced6170ee3f51615da6f64f83,stage2b_seed_234_base_1_regime_strong_village_information,0,4,existing_rule,4,234,1,3,final_test,existing_rule,0.75,3,3,4,4,0,4,0,0,0,2,wolf,1,1,4,1,1
0.0,0.015271154595962413,1,strong_village_information,0,1,stage2b_seed_234_base_1_regime_strong_village_information_policy_ml_first_kill_only,1,1,1,3636ee12b35a57bbe8811b59ccf2c37a2bfec25ced6170ee3f51615da6f64f83,stage2b_seed_234_base_1_regime_strong_village_information,0,4,ml_first_kill_only,4,234,1,3,final_test,ml_first_kill_only,0.75,3,3,4,4,1,4,0,0,0,2,wolf,1,1,4,1,1
0.0,0.01988368684105757,1,strong_village_information,0,1,stage2b_seed_234_base_1_regime_strong_village_information_policy_ml_single_random_kill,1,0,1,3636ee12b35a57bbe8811b59ccf2c37a2bfec25ced6170ee3f51615da6f64f83,stage2b_seed_234_base_1_regime_strong_village_information,0,4,ml_single_random_kill,4,234,0,2,final_test,ml_single_random_kill,0.75,3,3,4,4,1,4,0,0,0,2,wolf,1,1,4,2,1
0.0,0.01988368684105757,1,strong_village_information,0,1,stage2b_seed_234_base_1_regime_strong_village_information_policy_ml_first_two_kills,1,0,1,3636ee12b35a57bbe8811b59ccf2c37a2bfec25ced6170ee3f51615da6f64f83,stage2b_seed_234_base_1_regime_strong_village_information,0,4,ml_first_two_kills,4,234,0,2,final_test,ml_first_two_kills,0.75,3,3,4,4,2,4,0,0,0,2,wolf,1,1,4,2,1
0.0,0.017183565158143427,1,strong_village_information,0,1,stage2b_seed_234_base_1_regime_strong_village_information_policy_continuous_frozen_ml,0,0,1,3636ee12b35a57bbe8811b59ccf2c37a2bfec25ced6170ee3f51615da6f64f83,stage2b_seed_234_base_1_regime_strong_village_information,0,4,continuous_frozen_ml,4,234,0,1,final_test,continuous_frozen_ml,0.75,3,3,,3,4,4,0,0,1,1,village,1,1,4,0,0
0.0,0.015271154595962413,1,strong_village_information,0,1,stage2b_seed_234_base_1_regime_strong_village_information_policy_existing_with_ml_shadow,1,1,1,3636ee12b35a57bbe8811b59ccf2c37a2bfec25ced6170ee3f51615da6f64f83,stage2b_seed_234_base_1_regime_strong_village_information,0,4,existing_with_ml_shadow,4,234,1,3,final_test,existing_with_ml_shadow,0.75,3,3,4,4,0,4,0,4,0,2,wolf,1,1,4,1,1
0.03611382365861647,0.015271154595962413,1,strong_village_information,0,1,stage2b_seed_234_base_1_regime_strong_village_information_policy_selective_ml_override,1,1,1,3636ee12b35a57bbe8811b59ccf2c37a2bfec25ced6170ee3f51615da6f64f83,stage2b_seed_234_base_1_regime_strong_village_information,0,4,selective_ml_override,4,234,1,3,final_test,selective_ml_override,0.75,3,3,4,4,1,4,1,0,0,2,wolf,1,1,4,1,1
0.03611382365861647,0.015271154595962413,1,strong_village_information,0,1,stage2b_seed_234_base_1_regime_strong_village_information_policy_high_confidence_shadow,1,1,1,3636ee12b35a57bbe8811b59ccf2c37a2bfec25ced6170ee3f51615da6f64f83,stage2b_seed_234_base_1_regime_strong_village_information,0,4,high_confidence_shadow,4,234,1,3,final_test,high_confidence_shadow,0.75,3,3,4,4,0,4,1,4,0,2,wolf,1,1,4,1,1
0.0,0.026278558265490956,1,weak_village_information,0,2,stage2b_seed_234_base_1_regime_weak_village_information_policy_existing_rule,0,1,1,3636ee12b35a57bbe8811b59ccf2c37a2bfec25ced6170ee3f51615da6f64f83,stage2b_seed_234_base_1_regime_weak_village_information,0,4,existing_rule,4,234,1,2,final_test,existing_rule,0.75,3,3,4,3,0,4,0,0,0,2,wolf,1,1,4,1,1
0.0,0.026278558265490956,1,weak_village_information,0,2,stage2b_seed_234_base_1_regime_weak_village_information_policy_ml_first_kill_only,0,1,0,3636ee12b35a57bbe8811b59ccf2c37a2bfec25ced6170ee3f51615da6f64f83,stage2b_seed_234_base_1_regime_weak_village_information,1,4,ml_first_kill_only,4,234,1,2,final_test,ml_first_kill_only,0.75,3,3,4,3,1,4,0,0,0,2,wolf,1,1,4,1,1
0.0,0.026278558265490956,1,weak_village_information,0,2,stage2b_seed_234_base_1_regime_weak_village_information_policy_ml_single_random_kill,0,1,0,3636ee12b35a57bbe8811b59ccf2c37a2bfec25ced6170ee3f51615da6f64f83,stage2b_seed_234_base_1_regime_weak_village_information,1,4,ml_single_random_kill,4,234,1,2,final_test,ml_single_random_kill,0.75,3,3,4,3,1,4,0,0,0,2,wolf,1,1,4,1,1
0.0,0.017528785885415482,1,weak_village_information,0,2,stage2b_seed_234_base_1_regime_weak_village_information_policy_ml_first_two_kills,0,0,0,3636ee12b35a57bbe8811b59ccf2c37a2bfec25ced6170ee3f51615da6f64f83,stage2b_seed_234_base_1_regime_weak_village_information,2,4,ml_first_two_kills,4,234,1,2,final_test,ml_first_two_kills,0.5,2,3,4,2,2,4,0,0,0,3,wolf,1,1,4,1,1
0.0,0.017528785885415482,1,weak_village_information,0,2,stage2b_seed_234_base_1_regime_weak_village_information_policy_continuous_frozen_ml,0,0,0,3636ee12b35a57bbe8811b59ccf2c37a2bfec25ced6170ee3f51615da6f64f83,stage2b_seed_234_base_1_regime_weak_village_information,2,4,continuous_frozen_ml,4,234,1,2,final_test,continuous_frozen_ml,0.5,2,3,4,2,4,4,0,0,0,3,wolf,1,1,4,1,1
0.0,0.026278558265490956,1,weak_village_information,0,2,stage2b_seed_234_base_1_regime_weak_village_information_policy_existing_with_ml_shadow,0,1,1,3636ee12b35a57bbe8811b59ccf2c37a2bfec25ced6170ee3f51615da6f64f83,stage2b_seed_234_base_1_regime_weak_village_information,0,4,existing_with_ml_shadow,4,234,1,2,final_test,existing_with_ml_shadow,0.75,3,3,4,3,0,4,0,4,0,2,wolf,1,1,4,1,1
0.014512534870882637,0.026278558265490956,1,weak_village_information,0,2,stage2b_seed_234_base_1_regime_weak_village_information_policy_selective_ml_override,0,1,1,3636ee12b35a57bbe8811b59ccf2c37a2bfec25ced6170ee3f51615da6f64f83,stage2b_seed_234_base_1_regime_weak_village_information,0,4,selective_ml_override,4,234,1,2,final_test,selective_ml_override,0.75,3,3,4,3,0,4,0,0,0,2,wolf,1,1,4,1,1
0.014512534870882637,0.026278558265490956,1,weak_village_information,0,2,stage2b_seed_234_base_1_regime_weak_village_information_policy_high_confidence_shadow,0,1,1,3636ee12b35a57bbe8811b59ccf2c37a2bfec25ced6170ee3f51615da6f64f83,stage2b_seed_234_base_1_regime_weak_village_information,0,4,high_confidence_shadow,4,234,1,2,final_test,high_confidence_shadow,0.75,3,3,4,3,0,4,0,4,0,2,wolf,1,1,4,1,1
0.0,0.015198341560516915,1,mixed_seer_strategy,0,2,stage2b_seed_234_base_1_regime_mixed_seer_strategy_policy_existing_rule,0,0,1,3636ee12b35a57bbe8811b59ccf2c37a2bfec25ced6170ee3f51615da6f64f83,stage2b_seed_234_base_1_regime_mixed_seer_strategy,0,3,existing_rule,3,234,1,2,final_test,existing_rule,0.6666666666666666,2,2,3,3,0,3,0,0,0,3,wolf,1,1,3,2,1
0.0,0.015198341560516915,1,mixed_seer_strategy,0,2,stage2b_seed_234_base_1_regime_mixed_seer_strategy_policy_ml_first_kill_only,0,0,0,3636ee12b35a57bbe8811b59ccf2c37a2bfec25ced6170ee3f51615da6f64f83,stage2b_seed_234_base_1_regime_mixed_seer_strategy,1,3,ml_first_kill_only,3,234,1,2,final_test,ml_first_kill_only,0.6666666666666666,2,2,3,3,1,3,0,0,0,3,wolf,1,1,3,2,1
0.0,0.015198341560516915,1,mixed_seer_strategy,0,2,stage2b_seed_234_base_1_regime_mixed_seer_strategy_policy_ml_single_random_kill,0,0,0,3636ee12b35a57bbe8811b59ccf2c37a2bfec25ced6170ee3f51615da6f64f83,stage2b_seed_234_base_1_regime_mixed_seer_strategy,1,3,ml_single_random_kill,3,234,1,2,final_test,ml_single_random_kill,0.6666666666666666,2,2,3,3,1,3,0,0,0,3,wolf,1,1,3,2,1
0.0,0.013340755559107334,1,mixed_seer_strategy,0,2,stage2b_seed_234_base_1_regime_mixed_seer_strategy_policy_ml_first_two_kills,1,1,0,3636ee12b35a57bbe8811b59ccf2c37a2bfec25ced6170ee3f51615da6f64f83,stage2b_seed_234_base_1_regime_mixed_seer_strategy,2,3,ml_first_two_kills,3,234,1,2,final_test,ml_first_two_kills,0.3333333333333333,1,2,3,3,2,3,0,0,0,2,wolf,0,1,3,2,1
0.0,0.013340755559107334,1,mixed_seer_strategy,0,2,stage2b_seed_234_base_1_regime_mixed_seer_strategy_policy_continuous_frozen_ml,1,1,0,3636ee12b35a57bbe8811b59ccf2c37a2bfec25ced6170ee3f51615da6f64f83,stage2b_seed_234_base_1_regime_mixed_seer_strategy,2,3,continuous_frozen_ml,3,234,0,2,final_test,continuous_frozen_ml,0.3333333333333333,1,2,3,3,3,3,0,0,0,2,wolf,1,1,3,2,1
0.0,0.015198341560516915,1,mixed_seer_strategy,0,2,stage2b_seed_234_base_1_regime_mixed_seer_strategy_policy_existing_with_ml_shadow,0,0,1,3636ee12b35a57bbe8811b59ccf2c37a2bfec25ced6170ee3f51615da6f64f83,stage2b_seed_234_base_1_regime_mixed_seer_strategy,0,3,existing_with_ml_shadow,3,234,1,2,final_test,existing_with_ml_shadow,0.6666666666666666,2,2,3,3,0,3,0,3,0,3,wolf,1,1,3,2,1
0.03295608289358017,0.015198341560516915,1,mixed_seer_strategy,0,2,stage2b_seed_234_base_1_regime_mixed_seer_strategy_policy_selective_ml_override,0,0,1,3636ee12b35a57bbe8811b59ccf2c37a2bfec25ced6170ee3f51615da6f64f83,stage2b_seed_234_base_1_regime_mixed_seer_strategy,0,3,selective_ml_override,3,234,1,2,final_test,selective_ml_override,0.6666666666666666,2,2,3,3,0,3,0,0,0,3,wolf,1,1,3,2,1
0.03295608289358017,0.015198341560516915,1,mixed_seer_strategy,0,2,stage2b_seed_234_base_1_regime_mixed_seer_strategy_policy_high_confidence_shadow,0,0,1,3636ee12b35a57bbe8811b59ccf2c37a2bfec25ced6170ee3f51615da6f64f83,stage2b_seed_234_base_1_regime_mixed_seer_strategy,0,3,high_confidence_shadow,3,234,1,2,final_test,high_confidence_shadow,0.6666666666666666,2,2,3,3,0,3,0,3,0,3,wolf,1,1,3,2,1
0.0,0.01590750080848498,1,mixed_voting_strategy,0,1,stage2b_seed_234_base_1_regime_mixed_voting_strategy_policy_existing_rule,1,1,1,3636ee12b35a57bbe8811b59ccf2c37a2bfec25ced6170ee3f51615da6f64f83,stage2b_seed_234_base_1_regime_mixed_voting_strategy,0,4,existing_rule,4,234,1,3,final_test,existing_rule,0.75,3,3,,4,0,4,0,0,1,1,village,1,1,4,0,0
0.0,0.01590750080848498,1,mixed_voting_strategy,0,1,stage2b_seed_234_base_1_regime_mixed_voting_strategy_policy_ml_first_kill_only,1,1,0,3636ee12b35a57bbe8811b59ccf2c37a2bfec25ced6170ee3f51615da6f64f83,stage2b_seed_234_base_1_regime_mixed_voting_strategy,1,4,ml_first_kill_only,4,234,1,3,final_test,ml_first_kill_only,0.75,3,3,,4,1,4,0,0,1,1,village,1,1,4,0,0
0.0,0.008401587148415018,1,mixed_voting_strategy,0,1,stage2b_seed_234_base_1_regime_mixed_voting_strategy_policy_ml_single_random_kill,0,0,1,3636ee12b35a57bbe8811b59ccf2c37a2bfec25ced6170ee3f51615da6f64f83,stage2b_seed_234_base_1_regime_mixed_voting_strategy,0,4,ml_single_random_kill,4,234,1,2,final_test,ml_single_random_kill,0.75,3,3,4,4,1,4,0,0,0,3,wolf,1,1,4,1,1
0.0,0.008401587148415018,1,mixed_voting_strategy,0,1,stage2b_seed_234_base_1_regime_mixed_voting_strategy_policy_ml_first_two_kills,0,0,0,3636ee12b35a57bbe8811b59ccf2c37a2bfec25ced6170ee3f51615da6f64f83,stage2b_seed_234_base_1_regime_mixed_voting_strategy,1,4,ml_first_two_kills,4,234,1,2,final_test,ml_first_two_kills,0.75,3,3,4,4,2,4,0,0,0,3,wolf,1,1,4,1,1
0.0,0.012323766698876637,1,mixed_voting_strategy,0,1,stage2b_seed_234_base_1_regime_mixed_voting_strategy_policy_continuous_frozen_ml,0,1,0,3636ee12b35a57bbe8811b59ccf2c37a2bfec25ced6170ee3f51615da6f64f83,stage2b_seed_234_base_1_regime_mixed_voting_strategy,1,4,continuous_frozen_ml,4,234,0,1,final_test,continuous_frozen_ml,0.75,3,3,4,4,4,4,0,0,0,3,wolf,1,1,4,1,1
0.0,0.01590750080848498,1,mixed_voting_strategy,0,1,stage2b_seed_234_base_1_regime_mixed_voting_strategy_policy_existing_with_ml_shadow,1,1,1,3636ee12b35a57bbe8811b59ccf2c37a2bfec25ced6170ee3f51615da6f64f83,stage2b_seed_234_base_1_regime_mixed_voting_strategy,0,4,existing_with_ml_shadow,4,234,1,3,final_test,existing_with_ml_shadow,0.75,3,3,,4,0,4,0,4,1,1,village,1,1,4,0,0
0.01837614263370073,0.01590750080848498,1,mixed_voting_strategy,0,1,stage2b_seed_234_base_1_regime_mixed_voting_strategy_policy_selective_ml_override,1,1,1,3636ee12b35a57bbe8811b59ccf2c37a2bfec25ced6170ee3f51615da6f64f83,stage2b_seed_234_base_1_regime_mixed_voting_strategy,0,4,selective_ml_override,4,234,1,3,final_test,selective_ml_override,0.75,3,3,,4,0,4,0,0,1,1,village,1,1,4,0,0
0.01837614263370073,0.01590750080848498,1,mixed_voting_strategy,0,1,stage2b_seed_234_base_1_regime_mixed_voting_strategy_policy_high_confidence_shadow,1,1,1,3636ee12b35a57bbe8811b59ccf2c37a2bfec25ced6170ee3f51615da6f64f83,stage2b_seed_234_base_1_regime_mixed_voting_strategy,0,4,high_confidence_shadow,4,234,1,3,final_test,high_confidence_shadow,0.75,3,3,,4,0,4,0,4,1,1,village,1,1,4,0,0
0.0,0.0016883343636834858,1,mixed_wolf_deception_strategy,0,1,stage2b_seed_234_base_1_regime_mixed_wolf_deception_strategy_policy_existing_rule,0,0,1,3636ee12b35a57bbe8811b59ccf2c37a2bfec25ced6170ee3f51615da6f64f83,stage2b_seed_234_base_1_regime_mixed_wolf_deception_strategy,0,2,existing_rule,2,234,1,1,final_test,existing_rule,0.5,1,1,,2,0,2,0,0,1,0,village,0,1,2,0,0
0.0,0.0016883343636834858,1,mixed_wolf_deception_strategy,0,1,stage2b_seed_234_base_1_regime_mixed_wolf_deception_strategy_policy_ml_first_kill_only,0,0,1,3636ee12b35a57bbe8811b59ccf2c37a2bfec25ced6170ee3f51615da6f64f83,stage2b_seed_234_base_1_regime_mixed_wolf_deception_strategy,0,2,ml_first_kill_only,2,234,1,1,final_test,ml_first_kill_only,0.5,1,1,,2,1,2,0,0,1,0,village,0,1,2,0,0
0.0,0.0016883343636834858,1,mixed_wolf_deception_strategy,0,1,stage2b_seed_234_base_1_regime_mixed_wolf_deception_strategy_policy_ml_single_random_kill,0,0,1,3636ee12b35a57bbe8811b59ccf2c37a2bfec25ced6170ee3f51615da6f64f83,stage2b_seed_234_base_1_regime_mixed_wolf_deception_strategy,0,2,ml_single_random_kill,2,234,1,1,final_test,ml_single_random_kill,0.5,1,1,,2,0,2,0,0,1,0,village,0,1,2,0,0
0.0,0.004220293462513874,1,mixed_wolf_deception_strategy,0,1,stage2b_seed_234_base_1_regime_mixed_wolf_deception_strategy_policy_ml_first_two_kills,1,1,1,3636ee12b35a57bbe8811b59ccf2c37a2bfec25ced6170ee3f51615da6f64f83,stage2b_seed_234_base_1_regime_mixed_wolf_deception_strategy,0,4,ml_first_two_kills,4,234,1,3,final_test,ml_first_two_kills,0.75,3,3,4,3,2,4,0,0,0,2,wolf,1,1,4,1,1
0.0,0.004938129925847273,1,mixed_wolf_deception_strategy,0,1,stage2b_seed_234_base_1_regime_mixed_wolf_deception_strategy_policy_continuous_frozen_ml,1,1,1,3636ee12b35a57bbe8811b59ccf2c37a2bfec25ced6170ee3f51615da6f64f83,stage2b_seed_234_base_1_regime_mixed_wolf_deception_strategy,0,4,continuous_frozen_ml,4,234,0,2,final_test,continuous_frozen_ml,0.75,3,3,4,3,4,4,0,0,0,2,wolf,1,1,4,1,1
0.0,0.0016883343636834858,1,mixed_wolf_deception_strategy,0,1,stage2b_seed_234_base_1_regime_mixed_wolf_deception_strategy_policy_existing_with_ml_shadow,0,0,1,3636ee12b35a57bbe8811b59ccf2c37a2bfec25ced6170ee3f51615da6f64f83,stage2b_seed_234_base_1_regime_mixed_wolf_deception_strategy,0,2,existing_with_ml_shadow,2,234,1,1,final_test,existing_with_ml_shadow,0.5,1,1,,2,0,2,0,2,1,0,village,0,1,2,0,0
0.02361871207612748,0.0016883343636834858,1,mixed_wolf_deception_strategy,0,1,stage2b_seed_234_base_1_regime_mixed_wolf_deception_strategy_policy_selective_ml_override,0,0,1,3636ee12b35a57bbe8811b59ccf2c37a2bfec25ced6170ee3f51615da6f64f83,stage2b_seed_234_base_1_regime_mixed_wolf_deception_strategy,0,2,selective_ml_override,2,234,1,1,final_test,selective_ml_override,0.5,1,1,,2,0,2,0,0,1,0,village,0,1,2,0,0
0.02361871207612748,0.0016883343636834858,1,mixed_wolf_deception_strategy,0,1,stage2b_seed_234_base_1_regime_mixed_wolf_deception_strategy_policy_high_confidence_shadow,0,0,1,3636ee12b35a57bbe8811b59ccf2c37a2bfec25ced6170ee3f51615da6f64f83,stage2b_seed_234_base_1_regime_mixed_wolf_deception_strategy,0,2,high_confidence_shadow,2,234,1,1,final_test,high_confidence_shadow,0.5,1,1,,2,0,2,0,2,1,0,village,0,1,2,0,0
0.0,0.005183965367888843,1,baseline_speech_enabled,0,2,stage2b_seed_235_base_1_regime_baseline_speech_enabled_policy_existing_rule,1,1,1,3636ee12b35a57bbe8811b59ccf2c37a2bfec25ced6170ee3f51615da6f64f83,stage2b_seed_235_base_1_regime_baseline_speech_enabled,0,4,existing_rule,4,235,1,3,final_test,existing_rule,0.75,3,3,,3,0,4,0,0,1,1,village,1,1,4,0,0
0.0,0.005183965367888843,1,baseline_speech_enabled,0,2,stage2b_seed_235_base_1_regime_baseline_speech_enabled_policy_ml_first_kill_only,1,1,1,3636ee12b35a57bbe8811b59ccf2c37a2bfec25ced6170ee3f51615da6f64f83,stage2b_seed_235_base_1_regime_baseline_speech_enabled,0,4,ml_first_kill_only,4,235,1,3,final_test,ml_first_kill_only,0.75,3,3,,3,1,4,0,0,1,1,village,1,1,4,0,0
0.0,0.005183965367888843,1,baseline_speech_enabled,0,2,stage2b_seed_235_base_1_regime_baseline_speech_enabled_policy_ml_single_random_kill,1,1,1,3636ee12b35a57bbe8811b59ccf2c37a2bfec25ced6170ee3f51615da6f64f83,stage2b_seed_235_base_1_regime_baseline_speech_enabled,0,4,ml_single_random_kill,4,235,1,3,final_test,ml_single_random_kill,0.75,3,3,,3,1,4,0,0,1,1,village,1,1,4,0,0
0.0,0.010840480635941748,1,baseline_speech_enabled,0,,stage2b_seed_235_base_1_regime_baseline_speech_enabled_policy_ml_first_two_kills,0,0,1,3636ee12b35a57bbe8811b59ccf2c37a2bfec25ced6170ee3f51615da6f64f83,stage2b_seed_235_base_1_regime_baseline_speech_enabled,1,3,ml_first_two_kills,3,235,1,2,final_test,ml_first_two_kills,0.3333333333333333,1,2,3,3,2,3,0,0,0,2,wolf,1,1,3,3,1
0.0,0.010840480635941748,1,baseline_speech_enabled,0,,stage2b_seed_235_base_1_regime_baseline_speech_enabled_policy_continuous_frozen_ml,0,0,1,3636ee12b35a57bbe8811b59ccf2c37a2bfec25ced6170ee3f51615da6f64f83,stage2b_seed_235_base_1_regime_baseline_speech_enabled,1,3,continuous_frozen_ml,3,235,0,1,final_test,continuous_frozen_ml,0.3333333333333333,1,2,3,3,3,3,0,0,0,2,wolf,1,1,3,3,1
0.0,0.005183965367888843,1,baseline_speech_enabled,0,2,stage2b_seed_235_base_1_regime_baseline_speech_enabled_policy_existing_with_ml_shadow,1,1,1,3636ee12b35a57bbe8811b59ccf2c37a2bfec25ced6170ee3f51615da6f64f83,stage2b_seed_235_base_1_regime_baseline_speech_enabled,0,4,existing_with_ml_shadow,4,235,1,3,final_test,existing_with_ml_shadow,0.75,3,3,,3,0,4,0,4,1,1,village,1,1,4,0,0
0.013572642019594072,0.005183965367888843,1,baseline_speech_enabled,0,2,stage2b_seed_235_base_1_regime_baseline_speech_enabled_policy_selective_ml_override,1,1,1,3636ee12b35a57bbe8811b59ccf2c37a2bfec25ced6170ee3f51615da6f64f83,stage2b_seed_235_base_1_regime_baseline_speech_enabled,0,4,selective_ml_override,4,235,1,3,final_test,selective_ml_override,0.75,3,3,,3,0,4,0,0,1,1,village,1,1,4,0,0
0.013572642019594072,0.005183965367888843,1,baseline_speech_enabled,0,2,stage2b_seed_235_base_1_regime_baseline_speech_enabled_policy_high_confidence_shadow,1,1,1,3636ee12b35a57bbe8811b59ccf2c37a2bfec25ced6170ee3f51615da6f64f83,stage2b_seed_235_base_1_regime_baseline_speech_enabled,0,4,high_confidence_shadow,4,235,1,3,final_test,high_confidence_shadow,0.75,3,3,,3,0,4,0,4,1,1,village,1,1,4,0,0
0.0,0.00680463875091053,1,speech_disabled,0,,stage2b_seed_235_base_1_regime_speech_disabled_policy_existing_rule,1,0,1,3636ee12b35a57bbe8811b59ccf2c37a2bfec25ced6170ee3f51615da6f64f83,stage2b_seed_235_base_1_regime_speech_disabled,2,3,existing_rule,3,235,1,2,final_test,existing_rule,0.0,0,2,3,1,0,3,0,0,0,2,wolf,0,1,3,3,1
0.0,0.00680463875091053,1,speech_disabled,0,,stage2b_seed_235_base_1_regime_speech_disabled_policy_ml_first_kill_only,1,0,1,3636ee12b35a57bbe8811b59ccf2c37a2bfec25ced6170ee3f51615da6f64f83,stage2b_seed_235_base_1_regime_speech_disabled,2,3,ml_first_kill_only,3,235,1,2,final_test,ml_first_kill_only,0.0,0,2,3,1,1,3,0,0,0,2,wolf,0,1,3,3,1
0.0,0.00680463875091053,1,speech_disabled,0,,stage2b_seed_235_base_1_regime_speech_disabled_policy_ml_single_random_kill,1,0,1,3636ee12b35a57bbe8811b59ccf2c37a2bfec25ced6170ee3f51615da6f64f83,stage2b_seed_235_base_1_regime_speech_disabled,2,3,ml_single_random_kill,3,235,1,2,final_test,ml_single_random_kill,0.0,0,2,3,1,1,3,0,0,0,2,wolf,0,1,3,3,1
0.0,0.00680463875091053,1,speech_disabled,0,,stage2b_seed_235_base_1_regime_speech_disabled_policy_ml_first_two_kills,1,0,1,3636ee12b35a57bbe8811b59ccf2c37a2bfec25ced6170ee3f51615da6f64f83,stage2b_seed_235_base_1_regime_speech_disabled,2,3,ml_first_two_kills,3,235,1,2,final_test,ml_first_two_kills,0.0,0,2,3,1,2,3,0,0,0,2,wolf,0,1,3,3,1
0.0,0.00680463875091053,1,speech_disabled,0,,stage2b_seed_235_base_1_regime_speech_disabled_policy_continuous_frozen_ml,0,0,1,3636ee12b35a57bbe8811b59ccf2c37a2bfec25ced6170ee3f51615da6f64f83,stage2b_seed_235_base_1_regime_speech_disabled,1,3,continuous_frozen_ml,3,235,1,1,final_test,continuous_frozen_ml,0.3333333333333333,1,2,3,1,3,3,0,0,0,2,wolf,0,1,3,3,1
0.0,0.00680463875091053,1,speech_disabled,0,,stage2b_seed_235_base_1_regime_speech_disabled_policy_existing_with_ml_shadow,1,0,1,3636ee12b35a57bbe8811b59ccf2c37a2bfec25ced6170ee3f51615da6f64f83,stage2b_seed_235_base_1_regime_speech_disabled,2,3,existing_with_ml_shadow,3,235,1,2,final_test,existing_with_ml_shadow,0.0,0,2,3,1,0,3,0,3,0,2,wolf,0,1,3,3,1
0.007578270464977536,0.00680463875091053,1,speech_disabled,0,,stage2b_seed_235_base_1_regime_speech_disabled_policy_selective_ml_override,1,0,1,3636ee12b35a57bbe8811b59ccf2c37a2bfec25ced6170ee3f51615da6f64f83,stage2b_seed_235_base_1_regime_speech_disabled,2,3,selective_ml_override,3,235,1,2,final_test,selective_ml_override,0.0,0,2,3,1,0,3,0,0,0,2,wolf,0,1,3,3,1
0.007578270464977536,0.00680463875091053,1,speech_disabled,0,,stage2b_seed_235_base_1_regime_speech_disabled_policy_high_confidence_shadow,1,0,1,3636ee12b35a57bbe8811b59ccf2c37a2bfec25ced6170ee3f51615da6f64f83,stage2b_seed_235_base_1_regime_speech_disabled,2,3,high_confidence_shadow,3,235,1,2,final_test,high_confidence_shadow,0.0,0,2,3,1,0,3,0,3,0,2,wolf,0,1,3,3,1
0.0,0.006180140788444126,1,herding_enabled,0,1,stage2b_seed_235_base_1_regime_herding_enabled_policy_existing_rule,0,1,1,3636ee12b35a57bbe8811b59ccf2c37a2bfec25ced6170ee3f51615da6f64f83,stage2b_seed_235_base_1_regime_herding_enabled,0,3,existing_rule,3,235,1,2,final_test,existing_rule,0.6666666666666666,2,2,3,3,0,3,0,0,0,2,wolf,1,1,3,2,1
0.0,0.006180140788444126,1,herding_enabled,0,1,stage2b_seed_235_base_1_regime_herding_enabled_policy_ml_first_kill_only,0,1,1,3636ee12b35a57bbe8811b59ccf2c37a2bfec25ced6170ee3f51615da6f64f83,stage2b_seed_235_base_1_regime_herding_enabled,0,3,ml_first_kill_only,3,235,1,2,final_test,ml_first_kill_only,0.6666666666666666,2,2,3,3,1,3,0,0,0,2,wolf,1,1,3,2,1
0.0,0.006180140788444126,1,herding_enabled,0,1,stage2b_seed_235_base_1_regime_herding_enabled_policy_ml_single_random_kill,0,1,1,3636ee12b35a57bbe8811b59ccf2c37a2bfec25ced6170ee3f51615da6f64f83,stage2b_seed_235_base_1_regime_herding_enabled,0,3,ml_single_random_kill,3,235,1,2,final_test,ml_single_random_kill,0.6666666666666666,2,2,3,3,1,3,0,0,0,2,wolf,1,1,3,2,1
0.0,0.008065111831604447,1,herding_enabled,0,1,stage2b_seed_235_base_1_regime_herding_enabled_policy_ml_first_two_kills,1,1,1,3636ee12b35a57bbe8811b59ccf2c37a2bfec25ced6170ee3f51615da6f64f83,stage2b_seed_235_base_1_regime_herding_enabled,0,3,ml_first_two_kills,3,235,1,2,final_test,ml_first_two_kills,0.6666666666666666,2,2,,3,2,3,0,0,1,1,village,0,1,3,0,0
0.0,0.008065111831604447,1,herding_enabled,0,1,stage2b_seed_235_base_1_regime_herding_enabled_policy_continuous_frozen_ml,1,1,1,3636ee12b35a57bbe8811b59ccf2c37a2bfec25ced6170ee3f51615da6f64f83,stage2b_seed_235_base_1_regime_herding_enabled,0,3,continuous_frozen_ml,3,235,0,2,final_test,continuous_frozen_ml,0.6666666666666666,2,2,,3,3,3,0,0,1,1,village,1,1,3,0,0
0.0,0.006180140788444126,1,herding_enabled,0,1,stage2b_seed_235_base_1_regime_herding_enabled_policy_existing_with_ml_shadow,0,1,1,3636ee12b35a57bbe8811b59ccf2c37a2bfec25ced6170ee3f51615da6f64f83,stage2b_seed_235_base_1_regime_herding_enabled,0,3,existing_with_ml_shadow,3,235,1,2,final_test,existing_with_ml_shadow,0.6666666666666666,2,2,3,3,0,3,0,3,0,2,wolf,1,1,3,2,1
0.011543343774256106,0.006180140788444126,1,herding_enabled,0,1,stage2b_seed_235_base_1_regime_herding_enabled_policy_selective_ml_override,0,1,1,3636ee12b35a57bbe8811b59ccf2c37a2bfec25ced6170ee3f51615da6f64f83,stage2b_seed_235_base_1_regime_herding_enabled,0,3,selective_ml_override,3,235,1,2,final_test,selective_ml_override,0.6666666666666666,2,2,3,3,0,3,0,0,0,2,wolf,1,1,3,2,1
0.011543343774256106,0.006180140788444126,1,herding_enabled,0,1,stage2b_seed_235_base_1_regime_herding_enabled_policy_high_confidence_shadow,0,1,1,3636ee12b35a57bbe8811b59ccf2c37a2bfec25ced6170ee3f51615da6f64f83,stage2b_seed_235_base_1_regime_herding_enabled,0,3,high_confidence_shadow,3,235,1,2,final_test,high_confidence_shadow,0.6666666666666666,2,2,3,3,0,3,0,3,0,2,wolf,1,1,3,2,1
0.0,0.012229215110928948,1,deception_enabled,0,1,stage2b_seed_235_base_1_regime_deception_enabled_policy_existing_rule,0,0,1,3636ee12b35a57bbe8811b59ccf2c37a2bfec25ced6170ee3f51615da6f64f83,stage2b_seed_235_base_1_regime_deception_enabled,1,2,existing_rule,2,235,1,1,final_test,existing_rule,0.0,0,1,,2,0,2,0,0,1,0,village,0,1,2,0,0
0.0,0.012229215110928948,1,deception_enabled,0,1,stage2b_seed_235_base_1_regime_deception_enabled_policy_ml_first_kill_only,0,0,0,3636ee12b35a57bbe8811b59ccf2c37a2bfec25ced6170ee3f51615da6f64f83,stage2b_seed_235_base_1_regime_deception_enabled,2,2,ml_first_kill_only,2,235,1,1,final_test,ml_first_kill_only,0.0,0,1,,2,1,2,0,0,1,0,village,0,1,2,0,0
0.0,0.012229215110928948,1,deception_enabled,0,1,stage2b_seed_235_base_1_regime_deception_enabled_policy_ml_single_random_kill,0,0,1,3636ee12b35a57bbe8811b59ccf2c37a2bfec25ced6170ee3f51615da6f64f83,stage2b_seed_235_base_1_regime_deception_enabled,1,2,ml_single_random_kill,2,235,1,1,final_test,ml_single_random_kill,0.0,0,1,,2,0,2,0,0,1,0,village,0,1,2,0,0
0.0,0.012229215110928948,1,deception_enabled,0,1,stage2b_seed_235_base_1_regime_deception_enabled_policy_ml_first_two_kills,0,0,0,3636ee12b35a57bbe8811b59ccf2c37a2bfec25ced6170ee3f51615da6f64f83,stage2b_seed_235_base_1_regime_deception_enabled,1,2,ml_first_two_kills,2,235,0,0,final_test,ml_first_two_kills,0.5,1,1,,2,2,2,0,0,1,0,village,0,1,2,0,0
0.0,0.012229215110928948,1,deception_enabled,0,1,stage2b_seed_235_base_1_regime_deception_enabled_policy_continuous_frozen_ml,0,0,0,3636ee12b35a57bbe8811b59ccf2c37a2bfec25ced6170ee3f51615da6f64f83,stage2b_seed_235_base_1_regime_deception_enabled,1,2,continuous_frozen_ml,2,235,0,0,final_test,continuous_frozen_ml,0.5,1,1,,2,2,2,0,0,1,0,village,0,1,2,0,0
0.0,0.012229215110928948,1,deception_enabled,0,1,stage2b_seed_235_base_1_regime_deception_enabled_policy_existing_with_ml_shadow,0,0,1,3636ee12b35a57bbe8811b59ccf2c37a2bfec25ced6170ee3f51615da6f64f83,stage2b_seed_235_base_1_regime_deception_enabled,1,2,existing_with_ml_shadow,2,235,1,1,final_test,existing_with_ml_shadow,0.0,0,1,,2,0,2,0,2,1,0,village,0,1,2,0,0
0.037930314383454844,0.012229215110928948,1,deception_enabled,0,1,stage2b_seed_235_base_1_regime_deception_enabled_policy_selective_ml_override,0,0,1,3636ee12b35a57bbe8811b59ccf2c37a2bfec25ced6170ee3f51615da6f64f83,stage2b_seed_235_base_1_regime_deception_enabled,1,2,selective_ml_override,2,235,1,1,final_test,selective_ml_override,0.0,0,1,,2,0,2,0,0,1,0,village,0,1,2,0,0
0.037930314383454844,0.012229215110928948,1,deception_enabled,0,1,stage2b_seed_235_base_1_regime_deception_enabled_policy_high_confidence_shadow,0,0,1,3636ee12b35a57bbe8811b59ccf2c37a2bfec25ced6170ee3f51615da6f64f83,stage2b_seed_235_base_1_regime_deception_enabled,1,2,high_confidence_shadow,2,235,1,1,final_test,high_confidence_shadow,0.0,0,1,,2,0,2,0,2,1,0,village,0,1,2,0,0
0.0,0.0018994198441667869,1,heterogeneous_risk_preference,0,1,stage2b_seed_235_base_1_regime_heterogeneous_risk_preference_policy_existing_rule,0,0,1,3636ee12b35a57bbe8811b59ccf2c37a2bfec25ced6170ee3f51615da6f64f83,stage2b_seed_235_base_1_regime_heterogeneous_risk_preference,0,3,existing_rule,3,235,1,2,final_test,existing_rule,0.6666666666666666,2,2,,3,0,3,0,0,1,1,village,1,1,3,0,0
0.0,0.009750514718203984,1,heterogeneous_risk_preference,0,1,stage2b_seed_235_base_1_regime_heterogeneous_risk_preference_policy_ml_first_kill_only,1,1,1,3636ee12b35a57bbe8811b59ccf2c37a2bfec25ced6170ee3f51615da6f64f83,stage2b_seed_235_base_1_regime_heterogeneous_risk_preference,0,3,ml_first_kill_only,3,235,1,2,final_test,ml_first_kill_only,0.6666666666666666,2,2,,3,1,3,0,0,1,1,village,0,1,3,0,0
0.0,0.0018994198441667869,1,heterogeneous_risk_preference,0,1,stage2b_seed_235_base_1_regime_heterogeneous_risk_preference_policy_ml_single_random_kill,0,0,1,3636ee12b35a57bbe8811b59ccf2c37a2bfec25ced6170ee3f51615da6f64f83,stage2b_seed_235_base_1_regime_heterogeneous_risk_preference,0,3,ml_single_random_kill,3,235,1,2,final_test,ml_single_random_kill,0.6666666666666666,2,2,,3,1,3,0,0,1,1,village,1,1,3,0,0
0.0,0.009750514718203984,1,heterogeneous_risk_preference,0,1,stage2b_seed_235_base_1_regime_heterogeneous_risk_preference_policy_ml_first_two_kills,1,1,1,3636ee12b35a57bbe8811b59ccf2c37a2bfec25ced6170ee3f51615da6f64f83,stage2b_seed_235_base_1_regime_heterogeneous_risk_preference,0,3,ml_first_two_kills,3,235,1,2,final_test,ml_first_two_kills,0.6666666666666666,2,2,,3,2,3,0,0,1,1,village,0,1,3,0,0
0.0,0.009750514718203984,1,heterogeneous_risk_preference,0,1,stage2b_seed_235_base_1_regime_heterogeneous_risk_preference_policy_continuous_frozen_ml,1,1,1,3636ee12b35a57bbe8811b59ccf2c37a2bfec25ced6170ee3f51615da6f64f83,stage2b_seed_235_base_1_regime_heterogeneous_risk_preference,0,3,continuous_frozen_ml,3,235,0,1,final_test,continuous_frozen_ml,0.6666666666666666,2,2,,3,3,3,0,0,1,1,village,0,1,3,0,0
0.0,0.0018994198441667869,1,heterogeneous_risk_preference,0,1,stage2b_seed_235_base_1_regime_heterogeneous_risk_preference_policy_existing_with_ml_shadow,0,0,1,3636ee12b35a57bbe8811b59ccf2c37a2bfec25ced6170ee3f51615da6f64f83,stage2b_seed_235_base_1_regime_heterogeneous_risk_preference,0,3,existing_with_ml_shadow,3,235,1,2,final_test,existing_with_ml_shadow,0.6666666666666666,2,2,,3,0,3,0,3,1,1,village,1,1,3,0,0
0.018723983236337987,0.0018994198441667869,1,heterogeneous_risk_preference,0,1,stage2b_seed_235_base_1_regime_heterogeneous_risk_preference_policy_selective_ml_override,0,0,1,3636ee12b35a57bbe8811b59ccf2c37a2bfec25ced6170ee3f51615da6f64f83,stage2b_seed_235_base_1_regime_heterogeneous_risk_preference,0,3,selective_ml_override,3,235,1,2,final_test,selective_ml_override,0.6666666666666666,2,2,,3,0,3,0,0,1,1,village,1,1,3,0,0
0.018723983236337987,0.0018994198441667869,1,heterogeneous_risk_preference,0,1,stage2b_seed_235_base_1_regime_heterogeneous_risk_preference_policy_high_confidence_shadow,0,0,1,3636ee12b35a57bbe8811b59ccf2c37a2bfec25ced6170ee3f51615da6f64f83,stage2b_seed_235_base_1_regime_heterogeneous_risk_preference,0,3,high_confidence_shadow,3,235,1,2,final_test,high_confidence_shadow,0.6666666666666666,2,2,,3,0,3,0,3,1,1,village,1,1,3,0,0
0.0,0.022985180250658654,1,strong_village_information,0,2,stage2b_seed_235_base_1_regime_strong_village_information_policy_existing_rule,0,0,1,3636ee12b35a57bbe8811b59ccf2c37a2bfec25ced6170ee3f51615da6f64f83,stage2b_seed_235_base_1_regime_strong_village_information,1,3,existing_rule,3,235,1,2,final_test,existing_rule,0.3333333333333333,1,2,3,3,0,3,0,0,0,3,wolf,1,1,3,2,1
0.0,0.022985180250658654,1,strong_village_information,0,2,stage2b_seed_235_base_1_regime_strong_village_information_policy_ml_first_kill_only,0,0,1,3636ee12b35a57bbe8811b59ccf2c37a2bfec25ced6170ee3f51615da6f64f83,stage2b_seed_235_base_1_regime_strong_village_information,1,3,ml_first_kill_only,3,235,1,2,final_test,ml_first_kill_only,0.3333333333333333,1,2,3,3,1,3,0,0,0,3,wolf,1,1,3,2,1
0.0,0.022985180250658654,1,strong_village_information,0,2,stage2b_seed_235_base_1_regime_strong_village_information_policy_ml_single_random_kill,0,0,1,3636ee12b35a57bbe8811b59ccf2c37a2bfec25ced6170ee3f51615da6f64f83,stage2b_seed_235_base_1_regime_strong_village_information,1,3,ml_single_random_kill,3,235,1,1,final_test,ml_single_random_kill,0.3333333333333333,1,2,3,3,1,3,0,0,0,3,wolf,0,1,3,2,1
0.0,0.018637323510126563,1,strong_village_information,0,2,stage2b_seed_235_base_1_regime_strong_village_information_policy_ml_first_two_kills,0,0,1,3636ee12b35a57bbe8811b59ccf2c37a2bfec25ced6170ee3f51615da6f64f83,stage2b_seed_235_base_1_regime_strong_village_information,0,4,ml_first_two_kills,4,235,1,2,final_test,ml_first_two_kills,0.75,3,3,4,3,2,4,0,0,0,3,wolf,1,1,4,1,1
0.0,0.018637323510126563,1,strong_village_information,0,2,stage2b_seed_235_base_1_regime_strong_village_information_policy_continuous_frozen_ml,1,1,1,3636ee12b35a57bbe8811b59ccf2c37a2bfec25ced6170ee3f51615da6f64f83,stage2b_seed_235_base_1_regime_strong_village_information,0,4,continuous_frozen_ml,4,235,1,2,final_test,continuous_frozen_ml,0.75,3,3,4,3,4,4,0,0,0,2,wolf,0,1,4,1,1
0.0,0.022985180250658654,1,strong_village_information,0,2,stage2b_seed_235_base_1_regime_strong_village_information_policy_existing_with_ml_shadow,0,0,1,3636ee12b35a57bbe8811b59ccf2c37a2bfec25ced6170ee3f51615da6f64f83,stage2b_seed_235_base_1_regime_strong_village_information,1,3,existing_with_ml_shadow,3,235,1,2,final_test,existing_with_ml_shadow,0.3333333333333333,1,2,3,3,0,3,0,3,0,3,wolf,1,1,3,2,1
0.022985180250658654,0.022985180250658654,1,strong_village_information,0,2,stage2b_seed_235_base_1_regime_strong_village_information_policy_selective_ml_override,0,0,1,3636ee12b35a57bbe8811b59ccf2c37a2bfec25ced6170ee3f51615da6f64f83,stage2b_seed_235_base_1_regime_strong_village_information,1,3,selective_ml_override,3,235,1,2,final_test,selective_ml_override,0.3333333333333333,1,2,3,3,0,3,0,0,0,3,wolf,1,1,3,2,1
0.022985180250658654,0.022985180250658654,1,strong_village_information,0,2,stage2b_seed_235_base_1_regime_strong_village_information_policy_high_confidence_shadow,0,0,1,3636ee12b35a57bbe8811b59ccf2c37a2bfec25ced6170ee3f51615da6f64f83,stage2b_seed_235_base_1_regime_strong_village_information,1,3,high_confidence_shadow,3,235,1,2,final_test,high_confidence_shadow,0.3333333333333333,1,2,3,3,0,3,0,3,0,3,wolf,1,1,3,2,1
0.0,0.00843742326771361,1,weak_village_information,0,1,stage2b_seed_235_base_1_regime_weak_village_information_policy_existing_rule,1,0,1,3636ee12b35a57bbe8811b59ccf2c37a2bfec25ced6170ee3f51615da6f64f83,stage2b_seed_235_base_1_regime_weak_village_information,0,3,existing_rule,3,235,1,3,final_test,existing_rule,0.6666666666666666,2,3,3,3,0,3,0,0,0,2,wolf,1,0,3,2,1
0.0,0.01011011517648211,1,weak_village_information,0,1,stage2b_seed_235_base_1_regime_weak_village_information_policy_ml_first_kill_only,1,0,1,3636ee12b35a57bbe8811b59ccf2c37a2bfec25ced6170ee3f51615da6f64f83,stage2b_seed_235_base_1_regime_weak_village_information,0,4,ml_first_kill_only,4,235,1,3,final_test,ml_first_kill_only,0.75,3,4,4,3,1,4,0,0,0,2,wolf,1,0,4,1,1
0.0,0.009538965198708033,1,weak_village_information,0,1,stage2b_seed_235_base_1_regime_weak_village_information_policy_ml_single_random_kill,1,0,1,3636ee12b35a57bbe8811b59ccf2c37a2bfec25ced6170ee3f51615da6f64f83,stage2b_seed_235_base_1_regime_weak_village_information,0,4,ml_single_random_kill,4,235,1,3,final_test,ml_single_random_kill,0.75,3,4,4,3,1,4,0,0,0,2,wolf,1,0,4,1,1
0.0,0.01557437015381439,1,weak_village_information,0,1,stage2b_seed_235_base_1_regime_weak_village_information_policy_ml_first_two_kills,1,1,1,3636ee12b35a57bbe8811b59ccf2c37a2bfec25ced6170ee3f51615da6f64f83,stage2b_seed_235_base_1_regime_weak_village_information,0,3,ml_first_two_kills,3,235,1,2,final_test,ml_first_two_kills,0.6666666666666666,2,3,3,3,2,3,0,0,0,3,wolf,0,0,3,1,1
0.0,0.01557437015381439,1,weak_village_information,0,1,stage2b_seed_235_base_1_regime_weak_village_information_policy_continuous_frozen_ml,1,1,1,3636ee12b35a57bbe8811b59ccf2c37a2bfec25ced6170ee3f51615da6f64f83,stage2b_seed_235_base_1_regime_weak_village_information,0,3,continuous_frozen_ml,3,235,0,1,final_test,continuous_frozen_ml,0.6666666666666666,2,3,3,3,3,3,0,0,0,3,wolf,0,0,3,1,1
0.0,0.00843742326771361,1,weak_village_information,0,1,stage2b_seed_235_base_1_regime_weak_village_information_policy_existing_with_ml_shadow,1,0,1,3636ee12b35a57bbe8811b59ccf2c37a2bfec25ced6170ee3f51615da6f64f83,stage2b_seed_235_base_1_regime_weak_village_information,0,3,existing_with_ml_shadow,3,235,1,3,final_test,existing_with_ml_shadow,0.6666666666666666,2,3,3,3,0,3,0,3,0,2,wolf,1,0,3,2,1
0.020136077055839946,0.01011011517648211,1,weak_village_information,0,1,stage2b_seed_235_base_1_regime_weak_village_information_policy_selective_ml_override,1,0,1,3636ee12b35a57bbe8811b59ccf2c37a2bfec25ced6170ee3f51615da6f64f83,stage2b_seed_235_base_1_regime_weak_village_information,0,4,selective_ml_override,4,235,1,3,final_test,selective_ml_override,0.75,3,4,4,3,1,4,1,0,0,2,wolf,1,0,4,1,1
0.021156043532657726,0.00843742326771361,1,weak_village_information,0,1,stage2b_seed_235_base_1_regime_weak_village_information_policy_high_confidence_shadow,1,0,1,3636ee12b35a57bbe8811b59ccf2c37a2bfec25ced6170ee3f51615da6f64f83,stage2b_seed_235_base_1_regime_weak_village_information,0,3,high_confidence_shadow,3,235,1,3,final_test,high_confidence_shadow,0.6666666666666666,2,3,3,3,0,3,1,3,0,2,wolf,1,0,3,2,1
0.0,0.012294142296721655,1,mixed_seer_strategy,0,1,stage2b_seed_235_base_1_regime_mixed_seer_strategy_policy_existing_rule,0,1,1,3636ee12b35a57bbe8811b59ccf2c37a2bfec25ced6170ee3f51615da6f64f83,stage2b_seed_235_base_1_regime_mixed_seer_strategy,1,4,existing_rule,4,235,1,2,final_test,existing_rule,0.5,2,3,,3,0,4,0,0,1,1,village,1,1,4,0,0
0.0,0.012294142296721655,1,mixed_seer_strategy,0,1,stage2b_seed_235_base_1_regime_mixed_seer_strategy_policy_ml_first_kill_only,0,1,1,3636ee12b35a57bbe8811b59ccf2c37a2bfec25ced6170ee3f51615da6f64f83,stage2b_seed_235_base_1_regime_mixed_seer_strategy,1,4,ml_first_kill_only,4,235,1,2,final_test,ml_first_kill_only,0.5,2,3,,3,1,4,0,0,1,1,village,1,1,4,0,0
0.0,0.007986673132075276,1,mixed_seer_strategy,0,1,stage2b_seed_235_base_1_regime_mixed_seer_strategy_policy_ml_single_random_kill,0,0,1,3636ee12b35a57bbe8811b59ccf2c37a2bfec25ced6170ee3f51615da6f64f83,stage2b_seed_235_base_1_regime_mixed_seer_strategy,1,3,ml_single_random_kill,3,235,1,1,final_test,ml_single_random_kill,0.3333333333333333,1,2,,3,1,3,0,0,1,0,village,0,1,3,0,0
0.0,0.006128076749478878,1,mixed_seer_strategy,0,1,stage2b_seed_235_base_1_regime_mixed_seer_strategy_policy_ml_first_two_kills,0,0,1,3636ee12b35a57bbe8811b59ccf2c37a2bfec25ced6170ee3f51615da6f64f83,stage2b_seed_235_base_1_regime_mixed_seer_strategy,1,4,ml_first_two_kills,4,235,1,2,final_test,ml_first_two_kills,0.5,2,3,,3,2,4,0,0,1,1,village,1,1,4,0,0
0.0,0.0057132030096038065,1,mixed_seer_strategy,0,1,stage2b_seed_235_base_1_regime_mixed_seer_strategy_policy_continuous_frozen_ml,1,0,1,3636ee12b35a57bbe8811b59ccf2c37a2bfec25ced6170ee3f51615da6f64f83,stage2b_seed_235_base_1_regime_mixed_seer_strategy,1,5,continuous_frozen_ml,5,235,1,3,final_test,continuous_frozen_ml,0.6,3,4,5,3,5,5,0,0,0,2,wolf,1,1,5,1,1
0.0,0.012294142296721655,1,mixed_seer_strategy,0,1,stage2b_seed_235_base_1_regime_mixed_seer_strategy_policy_existing_with_ml_shadow,0,1,1,3636ee12b35a57bbe8811b59ccf2c37a2bfec25ced6170ee3f51615da6f64f83,stage2b_seed_235_base_1_regime_mixed_seer_strategy,1,4,existing_with_ml_shadow,4,235,1,2,final_test,existing_with_ml_shadow,0.5,2,3,,3,0,4,0,4,1,1,village,1,1,4,0,0
0.009066115070403447,0.012294142296721655,1,mixed_seer_strategy,0,1,stage2b_seed_235_base_1_regime_mixed_seer_strategy_policy_selective_ml_override,0,1,1,3636ee12b35a57bbe8811b59ccf2c37a2bfec25ced6170ee3f51615da6f64f83,stage2b_seed_235_base_1_regime_mixed_seer_strategy,1,4,selective_ml_override,4,235,1,2,final_test,selective_ml_override,0.5,2,3,,3,0,4,0,0,1,1,village,1,1,4,0,0
0.009066115070403447,0.012294142296721655,1,mixed_seer_strategy,0,1,stage2b_seed_235_base_1_regime_mixed_seer_strategy_policy_high_confidence_shadow,0,1,1,3636ee12b35a57bbe8811b59ccf2c37a2bfec25ced6170ee3f51615da6f64f83,stage2b_seed_235_base_1_regime_mixed_seer_strategy,1,4,high_confidence_shadow,4,235,1,2,final_test,high_confidence_shadow,0.5,2,3,,3,0,4,0,4,1,1,village,1,1,4,0,0
0.0,0.014163183044077432,1,mixed_voting_strategy,0,2,stage2b_seed_235_base_1_regime_mixed_voting_strategy_policy_existing_rule,1,1,1,3636ee12b35a57bbe8811b59ccf2c37a2bfec25ced6170ee3f51615da6f64f83,stage2b_seed_235_base_1_regime_mixed_voting_strategy,0,4,existing_rule,4,235,0,2,final_test,existing_rule,0.75,3,3,4,2,0,4,0,0,0,2,wolf,1,1,4,1,1
0.0,0.014163183044077432,1,mixed_voting_strategy,0,2,stage2b_seed_235_base_1_regime_mixed_voting_strategy_policy_ml_first_kill_only,1,1,1,3636ee12b35a57bbe8811b59ccf2c37a2bfec25ced6170ee3f51615da6f64f83,stage2b_seed_235_base_1_regime_mixed_voting_strategy,0,4,ml_first_kill_only,4,235,0,2,final_test,ml_first_kill_only,0.75,3,3,4,2,1,4,0,0,0,2,wolf,1,1,4,1,1
0.0,0.014163183044077432,1,mixed_voting_strategy,0,2,stage2b_seed_235_base_1_regime_mixed_voting_strategy_policy_ml_single_random_kill,1,1,1,3636ee12b35a57bbe8811b59ccf2c37a2bfec25ced6170ee3f51615da6f64f83,stage2b_seed_235_base_1_regime_mixed_voting_strategy,0,4,ml_single_random_kill,4,235,0,2,final_test,ml_single_random_kill,0.75,3,3,4,2,1,4,0,0,0,2,wolf,1,1,4,1,1
0.0,0.008969039790436728,1,mixed_voting_strategy,0,,stage2b_seed_235_base_1_regime_mixed_voting_strategy_policy_ml_first_two_kills,1,1,1,3636ee12b35a57bbe8811b59ccf2c37a2bfec25ced6170ee3f51615da6f64f83,stage2b_seed_235_base_1_regime_mixed_voting_strategy,0,2,ml_first_two_kills,2,235,0,1,final_test,ml_first_two_kills,0.5,1,1,2,2,2,2,0,0,0,2,wolf,0,1,2,3,1
0.0,0.008969039790436728,1,mixed_voting_strategy,0,,stage2b_seed_235_base_1_regime_mixed_voting_strategy_policy_continuous_frozen_ml,1,1,1,3636ee12b35a57bbe8811b59ccf2c37a2bfec25ced6170ee3f51615da6f64f83,stage2b_seed_235_base_1_regime_mixed_voting_strategy,0,2,continuous_frozen_ml,2,235,0,1,final_test,continuous_frozen_ml,0.5,1,1,2,2,2,2,0,0,0,2,wolf,0,1,2,3,1
0.0,0.014163183044077432,1,mixed_voting_strategy,0,2,stage2b_seed_235_base_1_regime_mixed_voting_strategy_policy_existing_with_ml_shadow,1,1,1,3636ee12b35a57bbe8811b59ccf2c37a2bfec25ced6170ee3f51615da6f64f83,stage2b_seed_235_base_1_regime_mixed_voting_strategy,0,4,existing_with_ml_shadow,4,235,0,2,final_test,existing_with_ml_shadow,0.75,3,3,4,2,0,4,0,4,0,2,wolf,1,1,4,1,1
0.010337501326569992,0.014163183044077432,1,mixed_voting_strategy,0,2,stage2b_seed_235_base_1_regime_mixed_voting_strategy_policy_selective_ml_override,1,1,1,3636ee12b35a57bbe8811b59ccf2c37a2bfec25ced6170ee3f51615da6f64f83,stage2b_seed_235_base_1_regime_mixed_voting_strategy,0,4,selective_ml_override,4,235,0,2,final_test,selective_ml_override,0.75,3,3,4,2,0,4,0,0,0,2,wolf,1,1,4,1,1
0.010337501326569992,0.014163183044077432,1,mixed_voting_strategy,0,2,stage2b_seed_235_base_1_regime_mixed_voting_strategy_policy_high_confidence_shadow,1,1,1,3636ee12b35a57bbe8811b59ccf2c37a2bfec25ced6170ee3f51615da6f64f83,stage2b_seed_235_base_1_regime_mixed_voting_strategy,0,4,high_confidence_shadow,4,235,0,2,final_test,high_confidence_shadow,0.75,3,3,4,2,0,4,0,4,0,2,wolf,1,1,4,1,1
0.0,0.002376902850612502,1,mixed_wolf_deception_strategy,0,2,stage2b_seed_235_base_1_regime_mixed_wolf_deception_strategy_policy_existing_rule,1,1,1,3636ee12b35a57bbe8811b59ccf2c37a2bfec25ced6170ee3f51615da6f64f83,stage2b_seed_235_base_1_regime_mixed_wolf_deception_strategy,1,3,existing_rule,3,235,1,2,final_test,existing_rule,0.3333333333333333,1,3,,3,0,3,0,0,1,1,village,0,0,3,0,0
0.0,0.014503725348698288,1,mixed_wolf_deception_strategy,0,2,stage2b_seed_235_base_1_regime_mixed_wolf_deception_strategy_policy_ml_first_kill_only,1,1,1,3636ee12b35a57bbe8811b59ccf2c37a2bfec25ced6170ee3f51615da6f64f83,stage2b_seed_235_base_1_regime_mixed_wolf_deception_strategy,1,4,ml_first_kill_only,4,235,1,2,final_test,ml_first_kill_only,0.5,2,4,4,3,1,4,0,0,0,2,wolf,0,0,4,1,1
0.0,0.014503725348698288,1,mixed_wolf_deception_strategy,0,2,stage2b_seed_235_base_1_regime_mixed_wolf_deception_strategy_policy_ml_single_random_kill,1,1,1,3636ee12b35a57bbe8811b59ccf2c37a2bfec25ced6170ee3f51615da6f64f83,stage2b_seed_235_base_1_regime_mixed_wolf_deception_strategy,1,4,ml_single_random_kill,4,235,1,2,final_test,ml_single_random_kill,0.5,2,4,4,3,1,4,0,0,0,2,wolf,0,0,4,1,1
0.0,0.004964082790546276,1,mixed_wolf_deception_strategy,0,2,stage2b_seed_235_base_1_regime_mixed_wolf_deception_strategy_policy_ml_first_two_kills,1,1,1,3636ee12b35a57bbe8811b59ccf2c37a2bfec25ced6170ee3f51615da6f64f83,stage2b_seed_235_base_1_regime_mixed_wolf_deception_strategy,0,4,ml_first_two_kills,4,235,1,2,final_test,ml_first_two_kills,0.75,3,4,,4,2,4,0,0,1,1,village,0,0,4,0,0
0.0,0.0074515425421699255,1,mixed_wolf_deception_strategy,0,2,stage2b_seed_235_base_1_regime_mixed_wolf_deception_strategy_policy_continuous_frozen_ml,1,1,1,3636ee12b35a57bbe8811b59ccf2c37a2bfec25ced6170ee3f51615da6f64f83,stage2b_seed_235_base_1_regime_mixed_wolf_deception_strategy,0,4,continuous_frozen_ml,4,235,0,1,final_test,continuous_frozen_ml,0.75,3,4,,4,4,4,0,0,1,1,village,0,0,4,0,0
0.0,0.002376902850612502,1,mixed_wolf_deception_strategy,0,2,stage2b_seed_235_base_1_regime_mixed_wolf_deception_strategy_policy_existing_with_ml_shadow,1,1,1,3636ee12b35a57bbe8811b59ccf2c37a2bfec25ced6170ee3f51615da6f64f83,stage2b_seed_235_base_1_regime_mixed_wolf_deception_strategy,1,3,existing_with_ml_shadow,3,235,1,2,final_test,existing_with_ml_shadow,0.3333333333333333,1,3,,3,0,3,0,3,1,1,village,0,0,3,0,0
0.014603130713319423,0.002376902850612502,1,mixed_wolf_deception_strategy,0,2,stage2b_seed_235_base_1_regime_mixed_wolf_deception_strategy_policy_selective_ml_override,1,1,1,3636ee12b35a57bbe8811b59ccf2c37a2bfec25ced6170ee3f51615da6f64f83,stage2b_seed_235_base_1_regime_mixed_wolf_deception_strategy,1,3,selective_ml_override,3,235,1,2,final_test,selective_ml_override,0.3333333333333333,1,3,,3,0,3,0,0,1,1,village,0,0,3,0,0
0.014603130713319423,0.002376902850612502,1,mixed_wolf_deception_strategy,0,2,stage2b_seed_235_base_1_regime_mixed_wolf_deception_strategy_policy_high_confidence_shadow,1,1,1,3636ee12b35a57bbe8811b59ccf2c37a2bfec25ced6170ee3f51615da6f64f83,stage2b_seed_235_base_1_regime_mixed_wolf_deception_strategy,1,3,high_confidence_shadow,3,235,1,2,final_test,high_confidence_shadow,0.3333333333333333,1,3,,3,0,3,0,3,1,1,village,0,0,3,0,0
0.0,0.004033899792613482,1,baseline_speech_enabled,0,1,stage2b_seed_236_base_1_regime_baseline_speech_enabled_policy_existing_rule,1,1,1,3636ee12b35a57bbe8811b59ccf2c37a2bfec25ced6170ee3f51615da6f64f83,stage2b_seed_236_base_1_regime_baseline_speech_enabled,0,3,existing_rule,3,236,1,3,final_test,existing_rule,0.6666666666666666,2,3,3,2,0,3,0,0,0,1,wolf,1,0,3,2,1
0.0,0.010151726635872993,1,baseline_speech_enabled,0,,stage2b_seed_236_base_1_regime_baseline_speech_enabled_policy_ml_first_kill_only,0,1,1,3636ee12b35a57bbe8811b59ccf2c37a2bfec25ced6170ee3f51615da6f64f83,stage2b_seed_236_base_1_regime_baseline_speech_enabled,0,2,ml_first_kill_only,2,236,1,1,final_test,ml_first_kill_only,0.5,1,2,2,2,1,2,0,0,0,1,wolf,0,0,2,3,1
0.0,0.004033899792613482,1,baseline_speech_enabled,0,1,stage2b_seed_236_base_1_regime_baseline_speech_enabled_policy_ml_single_random_kill,1,1,1,3636ee12b35a57bbe8811b59ccf2c37a2bfec25ced6170ee3f51615da6f64f83,stage2b_seed_236_base_1_regime_baseline_speech_enabled,0,3,ml_single_random_kill,3,236,1,3,final_test,ml_single_random_kill,0.6666666666666666,2,3,3,2,1,3,0,0,0,1,wolf,1,0,3,2,1
0.0,0.010151726635872993,1,baseline_speech_enabled,0,,stage2b_seed_236_base_1_regime_baseline_speech_enabled_policy_ml_first_two_kills,0,1,1,3636ee12b35a57bbe8811b59ccf2c37a2bfec25ced6170ee3f51615da6f64f83,stage2b_seed_236_base_1_regime_baseline_speech_enabled,1,2,ml_first_two_kills,2,236,0,1,final_test,ml_first_two_kills,0.0,0,2,2,2,2,2,0,0,0,1,wolf,1,0,2,3,1
0.0,0.010151726635872993,1,baseline_speech_enabled,0,,stage2b_seed_236_base_1_regime_baseline_speech_enabled_policy_continuous_frozen_ml,0,1,1,3636ee12b35a57bbe8811b59ccf2c37a2bfec25ced6170ee3f51615da6f64f83,stage2b_seed_236_base_1_regime_baseline_speech_enabled,1,2,continuous_frozen_ml,2,236,0,1,final_test,continuous_frozen_ml,0.0,0,2,2,2,2,2,0,0,0,1,wolf,1,0,2,3,1
0.0,0.004033899792613482,1,baseline_speech_enabled,0,1,stage2b_seed_236_base_1_regime_baseline_speech_enabled_policy_existing_with_ml_shadow,1,1,1,3636ee12b35a57bbe8811b59ccf2c37a2bfec25ced6170ee3f51615da6f64f83,stage2b_seed_236_base_1_regime_baseline_speech_enabled,0,3,existing_with_ml_shadow,3,236,1,3,final_test,existing_with_ml_shadow,0.6666666666666666,2,3,3,2,0,3,0,3,0,1,wolf,1,0,3,2,1
0.007368471572353578,0.004033899792613482,1,baseline_speech_enabled,0,1,stage2b_seed_236_base_1_regime_baseline_speech_enabled_policy_selective_ml_override,1,1,1,3636ee12b35a57bbe8811b59ccf2c37a2bfec25ced6170ee3f51615da6f64f83,stage2b_seed_236_base_1_regime_baseline_speech_enabled,0,3,selective_ml_override,3,236,1,3,final_test,selective_ml_override,0.6666666666666666,2,3,3,2,0,3,0,0,0,1,wolf,1,0,3,2,1
0.007368471572353578,0.004033899792613482,1,baseline_speech_enabled,0,1,stage2b_seed_236_base_1_regime_baseline_speech_enabled_policy_high_confidence_shadow,1,1,1,3636ee12b35a57bbe8811b59ccf2c37a2bfec25ced6170ee3f51615da6f64f83,stage2b_seed_236_base_1_regime_baseline_speech_enabled,0,3,high_confidence_shadow,3,236,1,3,final_test,high_confidence_shadow,0.6666666666666666,2,3,3,2,0,3,0,3,0,1,wolf,1,0,3,2,1
0.0,0.014267963440206782,1,speech_disabled,0,1,stage2b_seed_236_base_1_regime_speech_disabled_policy_existing_rule,1,1,0,3636ee12b35a57bbe8811b59ccf2c37a2bfec25ced6170ee3f51615da6f64f83,stage2b_seed_236_base_1_regime_speech_disabled,2,4,existing_rule,4,236,1,3,final_test,existing_rule,0.5,2,3,,2,0,4,0,0,1,1,village,1,1,4,0,0
0.0,0.014267963440206782,1,speech_disabled,0,1,stage2b_seed_236_base_1_regime_speech_disabled_policy_ml_first_kill_only,1,1,0,3636ee12b35a57bbe8811b59ccf2c37a2bfec25ced6170ee3f51615da6f64f83,stage2b_seed_236_base_1_regime_speech_disabled,2,4,ml_first_kill_only,4,236,1,3,final_test,ml_first_kill_only,0.5,2,3,,2,1,4,0,0,1,1,village,1,1,4,0,0
0.0,0.013495165264673056,1,speech_disabled,0,1,stage2b_seed_236_base_1_regime_speech_disabled_policy_ml_single_random_kill,0,1,0,3636ee12b35a57bbe8811b59ccf2c37a2bfec25ced6170ee3f51615da6f64f83,stage2b_seed_236_base_1_regime_speech_disabled,3,3,ml_single_random_kill,3,236,1,1,final_test,ml_single_random_kill,0.0,0,2,,1,1,3,0,0,1,2,village,0,1,3,0,0
0.0,0.014267963440206782,1,speech_disabled,0,1,stage2b_seed_236_base_1_regime_speech_disabled_policy_ml_first_two_kills,1,1,0,3636ee12b35a57bbe8811b59ccf2c37a2bfec25ced6170ee3f51615da6f64f83,stage2b_seed_236_base_1_regime_speech_disabled,2,4,ml_first_two_kills,4,236,1,3,final_test,ml_first_two_kills,0.5,2,3,,2,2,4,0,0,1,1,village,1,1,4,0,0
0.0,0.013495165264673056,1,speech_disabled,0,1,stage2b_seed_236_base_1_regime_speech_disabled_policy_continuous_frozen_ml,0,1,0,3636ee12b35a57bbe8811b59ccf2c37a2bfec25ced6170ee3f51615da6f64f83,stage2b_seed_236_base_1_regime_speech_disabled,3,3,continuous_frozen_ml,3,236,1,1,final_test,continuous_frozen_ml,0.0,0,2,,1,3,3,0,0,1,2,village,0,1,3,0,0
0.0,0.014267963440206782,1,speech_disabled,0,1,stage2b_seed_236_base_1_regime_speech_disabled_policy_existing_with_ml_shadow,1,1,0,3636ee12b35a57bbe8811b59ccf2c37a2bfec25ced6170ee3f51615da6f64f83,stage2b_seed_236_base_1_regime_speech_disabled,2,4,existing_with_ml_shadow,4,236,1,3,final_test,existing_with_ml_shadow,0.5,2,3,,2,0,4,0,4,1,1,village,1,1,4,0,0
0.019821367122164757,0.014267963440206782,1,speech_disabled,0,1,stage2b_seed_236_base_1_regime_speech_disabled_policy_selective_ml_override,1,1,0,3636ee12b35a57bbe8811b59ccf2c37a2bfec25ced6170ee3f51615da6f64f83,stage2b_seed_236_base_1_regime_speech_disabled,2,4,selective_ml_override,4,236,1,3,final_test,selective_ml_override,0.5,2,3,,2,0,4,0,0,1,1,village,1,1,4,0,0
0.019821367122164757,0.014267963440206782,1,speech_disabled,0,1,stage2b_seed_236_base_1_regime_speech_disabled_policy_high_confidence_shadow,1,1,0,3636ee12b35a57bbe8811b59ccf2c37a2bfec25ced6170ee3f51615da6f64f83,stage2b_seed_236_base_1_regime_speech_disabled,2,4,high_confidence_shadow,4,236,1,3,final_test,high_confidence_shadow,0.5,2,3,,2,0,4,0,4,1,1,village,1,1,4,0,0
0.0,0.006725555163048458,1,herding_enabled,0,1,stage2b_seed_236_base_1_regime_herding_enabled_policy_existing_rule,1,1,1,3636ee12b35a57bbe8811b59ccf2c37a2bfec25ced6170ee3f51615da6f64f83,stage2b_seed_236_base_1_regime_herding_enabled,0,4,existing_rule,4,236,1,3,final_test,existing_rule,0.75,3,3,,4,0,4,0,0,1,1,village,1,1,4,0,0
0.0,0.006725555163048458,1,herding_enabled,0,1,stage2b_seed_236_base_1_regime_herding_enabled_policy_ml_first_kill_only,1,1,1,3636ee12b35a57bbe8811b59ccf2c37a2bfec25ced6170ee3f51615da6f64f83,stage2b_seed_236_base_1_regime_herding_enabled,0,4,ml_first_kill_only,4,236,1,3,final_test,ml_first_kill_only,0.75,3,3,,4,1,4,0,0,1,1,village,1,1,4,0,0
0.0,0.006725555163048458,1,herding_enabled,0,1,stage2b_seed_236_base_1_regime_herding_enabled_policy_ml_single_random_kill,1,1,1,3636ee12b35a57bbe8811b59ccf2c37a2bfec25ced6170ee3f51615da6f64f83,stage2b_seed_236_base_1_regime_herding_enabled,0,4,ml_single_random_kill,4,236,1,3,final_test,ml_single_random_kill,0.75,3,3,,4,1,4,0,0,1,1,village,1,1,4,0,0
0.0,0.005073294244237236,1,herding_enabled,0,1,stage2b_seed_236_base_1_regime_herding_enabled_policy_ml_first_two_kills,1,0,1,3636ee12b35a57bbe8811b59ccf2c37a2bfec25ced6170ee3f51615da6f64f83,stage2b_seed_236_base_1_regime_herding_enabled,1,5,ml_first_two_kills,5,236,1,3,final_test,ml_first_two_kills,0.6,3,4,5,4,2,5,0,0,0,2,wolf,1,1,5,1,1
0.0,0.006243185868447632,1,herding_enabled,0,1,stage2b_seed_236_base_1_regime_herding_enabled_policy_continuous_frozen_ml,0,0,1,3636ee12b35a57bbe8811b59ccf2c37a2bfec25ced6170ee3f51615da6f64f83,stage2b_seed_236_base_1_regime_herding_enabled,1,4,continuous_frozen_ml,4,236,1,1,final_test,continuous_frozen_ml,0.5,2,3,,3,4,4,0,0,1,1,village,0,1,4,0,0
0.0,0.006725555163048458,1,herding_enabled,0,1,stage2b_seed_236_base_1_regime_herding_enabled_policy_existing_with_ml_shadow,1,1,1,3636ee12b35a57bbe8811b59ccf2c37a2bfec25ced6170ee3f51615da6f64f83,stage2b_seed_236_base_1_regime_herding_enabled,0,4,existing_with_ml_shadow,4,236,1,3,final_test,existing_with_ml_shadow,0.75,3,3,,4,0,4,0,4,1,1,village,1,1,4,0,0
0.008030045032822702,0.006725555163048458,1,herding_enabled,0,1,stage2b_seed_236_base_1_regime_herding_enabled_policy_selective_ml_override,1,1,1,3636ee12b35a57bbe8811b59ccf2c37a2bfec25ced6170ee3f51615da6f64f83,stage2b_seed_236_base_1_regime_herding_enabled,0,4,selective_ml_override,4,236,1,3,final_test,selective_ml_override,0.75,3,3,,4,0,4,0,0,1,1,village,1,1,4,0,0
0.008030045032822702,0.006725555163048458,1,herding_enabled,0,1,stage2b_seed_236_base_1_regime_herding_enabled_policy_high_confidence_shadow,1,1,1,3636ee12b35a57bbe8811b59ccf2c37a2bfec25ced6170ee3f51615da6f64f83,stage2b_seed_236_base_1_regime_herding_enabled,0,4,high_confidence_shadow,4,236,1,3,final_test,high_confidence_shadow,0.75,3,3,,4,0,4,0,4,1,1,village,1,1,4,0,0
0.0,0.0053229349242200075,1,deception_enabled,0,1,stage2b_seed_236_base_1_regime_deception_enabled_policy_existing_rule,1,0,1,3636ee12b35a57bbe8811b59ccf2c37a2bfec25ced6170ee3f51615da6f64f83,stage2b_seed_236_base_1_regime_deception_enabled,0,4,existing_rule,4,236,1,3,final_test,existing_rule,0.75,3,3,4,2,0,4,0,0,0,2,wolf,1,1,4,2,1
0.0,0.0053229349242200075,1,deception_enabled,0,1,stage2b_seed_236_base_1_regime_deception_enabled_policy_ml_first_kill_only,1,0,1,3636ee12b35a57bbe8811b59ccf2c37a2bfec25ced6170ee3f51615da6f64f83,stage2b_seed_236_base_1_regime_deception_enabled,0,4,ml_first_kill_only,4,236,1,3,final_test,ml_first_kill_only,0.75,3,3,4,2,1,4,0,0,0,2,wolf,1,1,4,2,1
0.0,0.0053229349242200075,1,deception_enabled,0,1,stage2b_seed_236_base_1_regime_deception_enabled_policy_ml_single_random_kill,1,0,1,3636ee12b35a57bbe8811b59ccf2c37a2bfec25ced6170ee3f51615da6f64f83,stage2b_seed_236_base_1_regime_deception_enabled,0,4,ml_single_random_kill,4,236,1,3,final_test,ml_single_random_kill,0.75,3,3,4,2,1,4,0,0,0,2,wolf,1,1,4,2,1
0.0,0.0053229349242200075,1,deception_enabled,0,1,stage2b_seed_236_base_1_regime_deception_enabled_policy_ml_first_two_kills,1,0,1,3636ee12b35a57bbe8811b59ccf2c37a2bfec25ced6170ee3f51615da6f64f83,stage2b_seed_236_base_1_regime_deception_enabled,0,4,ml_first_two_kills,4,236,1,3,final_test,ml_first_two_kills,0.75,3,3,4,2,2,4,0,0,0,2,wolf,1,1,4,2,1
0.0,0.006870042099747138,1,deception_enabled,0,1,stage2b_seed_236_base_1_regime_deception_enabled_policy_continuous_frozen_ml,1,1,1,3636ee12b35a57bbe8811b59ccf2c37a2bfec25ced6170ee3f51615da6f64f83,stage2b_seed_236_base_1_regime_deception_enabled,0,3,continuous_frozen_ml,3,236,1,2,final_test,continuous_frozen_ml,0.6666666666666666,2,2,,1,3,3,0,0,1,1,village,0,1,3,0,0
0.0,0.0053229349242200075,1,deception_enabled,0,1,stage2b_seed_236_base_1_regime_deception_enabled_policy_existing_with_ml_shadow,1,0,1,3636ee12b35a57bbe8811b59ccf2c37a2bfec25ced6170ee3f51615da6f64f83,stage2b_seed_236_base_1_regime_deception_enabled,0,4,existing_with_ml_shadow,4,236,1,3,final_test,existing_with_ml_shadow,0.75,3,3,4,2,0,4,0,4,0,2,wolf,1,1,4,2,1
0.0025688690591507968,0.0053229349242200075,1,deception_enabled,0,1,stage2b_seed_236_base_1_regime_deception_enabled_policy_selective_ml_override,1,0,1,3636ee12b35a57bbe8811b59ccf2c37a2bfec25ced6170ee3f51615da6f64f83,stage2b_seed_236_base_1_regime_deception_enabled,0,4,selective_ml_override,4,236,1,3,final_test,selective_ml_override,0.75,3,3,4,2,0,4,0,0,0,2,wolf,1,1,4,2,1
0.0025688690591507968,0.0053229349242200075,1,deception_enabled,0,1,stage2b_seed_236_base_1_regime_deception_enabled_policy_high_confidence_shadow,1,0,1,3636ee12b35a57bbe8811b59ccf2c37a2bfec25ced6170ee3f51615da6f64f83,stage2b_seed_236_base_1_regime_deception_enabled,0,4,high_confidence_shadow,4,236,1,3,final_test,high_confidence_shadow,0.75,3,3,4,2,0,4,0,4,0,2,wolf,1,1,4,2,1
0.0,0.019773506895371967,1,heterogeneous_risk_preference,0,1,stage2b_seed_236_base_1_regime_heterogeneous_risk_preference_policy_existing_rule,1,1,1,3636ee12b35a57bbe8811b59ccf2c37a2bfec25ced6170ee3f51615da6f64f83,stage2b_seed_236_base_1_regime_heterogeneous_risk_preference,0,4,existing_rule,4,236,1,3,final_test,existing_rule,0.75,3,3,,4,0,4,0,0,1,1,village,1,1,4,0,0
0.0,0.02886039296633877,1,heterogeneous_risk_preference,0,1,stage2b_seed_236_base_1_regime_heterogeneous_risk_preference_policy_ml_first_kill_only,0,0,1,3636ee12b35a57bbe8811b59ccf2c37a2bfec25ced6170ee3f51615da6f64f83,stage2b_seed_236_base_1_regime_heterogeneous_risk_preference,0,4,ml_first_kill_only,4,236,1,2,final_test,ml_first_kill_only,0.75,3,3,4,4,1,4,0,0,0,2,wolf,1,1,4,2,1
0.0,0.015930346173567183,1,heterogeneous_risk_preference,0,1,stage2b_seed_236_base_1_regime_heterogeneous_risk_preference_policy_ml_single_random_kill,1,1,1,3636ee12b35a57bbe8811b59ccf2c37a2bfec25ced6170ee3f51615da6f64f83,stage2b_seed_236_base_1_regime_heterogeneous_risk_preference,0,3,ml_single_random_kill,3,236,1,2,final_test,ml_single_random_kill,0.6666666666666666,2,2,,3,1,3,0,0,1,1,village,0,1,3,0,0
0.0,0.02886039296633877,1,heterogeneous_risk_preference,0,1,stage2b_seed_236_base_1_regime_heterogeneous_risk_preference_policy_ml_first_two_kills,0,0,1,3636ee12b35a57bbe8811b59ccf2c37a2bfec25ced6170ee3f51615da6f64f83,stage2b_seed_236_base_1_regime_heterogeneous_risk_preference,0,4,ml_first_two_kills,4,236,1,2,final_test,ml_first_two_kills,0.75,3,3,4,4,2,4,0,0,0,2,wolf,1,1,4,2,1
0.0,0.0213459831638316,1,heterogeneous_risk_preference,0,1,stage2b_seed_236_base_1_regime_heterogeneous_risk_preference_policy_continuous_frozen_ml,1,1,1,3636ee12b35a57bbe8811b59ccf2c37a2bfec25ced6170ee3f51615da6f64f83,stage2b_seed_236_base_1_regime_heterogeneous_risk_preference,0,4,continuous_frozen_ml,4,236,0,1,final_test,continuous_frozen_ml,0.75,3,3,,4,4,4,0,0,1,1,village,0,1,4,0,0
0.0,0.019773506895371967,1,heterogeneous_risk_preference,0,1,stage2b_seed_236_base_1_regime_heterogeneous_risk_preference_policy_existing_with_ml_shadow,1,1,1,3636ee12b35a57bbe8811b59ccf2c37a2bfec25ced6170ee3f51615da6f64f83,stage2b_seed_236_base_1_regime_heterogeneous_risk_preference,0,4,existing_with_ml_shadow,4,236,1,3,final_test,existing_with_ml_shadow,0.75,3,3,,4,0,4,0,4,1,1,village,1,1,4,0,0
0.037640185682661365,0.019773506895371967,1,heterogeneous_risk_preference,0,1,stage2b_seed_236_base_1_regime_heterogeneous_risk_preference_policy_selective_ml_override,1,1,1,3636ee12b35a57bbe8811b59ccf2c37a2bfec25ced6170ee3f51615da6f64f83,stage2b_seed_236_base_1_regime_heterogeneous_risk_preference,0,4,selective_ml_override,4,236,1,3,final_test,selective_ml_override,0.75,3,3,,4,0,4,0,0,1,1,village,1,1,4,0,0
0.037640185682661365,0.019773506895371967,1,heterogeneous_risk_preference,0,1,stage2b_seed_236_base_1_regime_heterogeneous_risk_preference_policy_high_confidence_shadow,1,1,1,3636ee12b35a57bbe8811b59ccf2c37a2bfec25ced6170ee3f51615da6f64f83,stage2b_seed_236_base_1_regime_heterogeneous_risk_preference,0,4,high_confidence_shadow,4,236,1,3,final_test,high_confidence_shadow,0.75,3,3,,4,0,4,0,4,1,1,village,1,1,4,0,0
0.0,0.00988884863089042,1,strong_village_information,0,1,stage2b_seed_236_base_1_regime_strong_village_information_policy_existing_rule,0,1,1,3636ee12b35a57bbe8811b59ccf2c37a2bfec25ced6170ee3f51615da6f64f83,stage2b_seed_236_base_1_regime_strong_village_information,0,3,existing_rule,3,236,1,2,final_test,existing_rule,0.6666666666666666,2,2,3,3,0,3,0,0,0,2,wolf,1,1,3,2,1
0.0,0.00988884863089042,1,strong_village_information,0,1,stage2b_seed_236_base_1_regime_strong_village_information_policy_ml_first_kill_only,0,1,1,3636ee12b35a57bbe8811b59ccf2c37a2bfec25ced6170ee3f51615da6f64f83,stage2b_seed_236_base_1_regime_strong_village_information,0,3,ml_first_kill_only,3,236,1,2,final_test,ml_first_kill_only,0.6666666666666666,2,2,3,3,1,3,0,0,0,2,wolf,1,1,3,2,1
0.0,0.00988884863089042,1,strong_village_information,0,1,stage2b_seed_236_base_1_regime_strong_village_information_policy_ml_single_random_kill,0,1,1,3636ee12b35a57bbe8811b59ccf2c37a2bfec25ced6170ee3f51615da6f64f83,stage2b_seed_236_base_1_regime_strong_village_information,0,3,ml_single_random_kill,3,236,1,1,final_test,ml_single_random_kill,0.6666666666666666,2,2,3,3,1,3,0,0,0,1,wolf,0,1,3,2,1
0.0,0.017556320359332023,1,strong_village_information,0,1,stage2b_seed_236_base_1_regime_strong_village_information_policy_ml_first_two_kills,0,1,1,3636ee12b35a57bbe8811b59ccf2c37a2bfec25ced6170ee3f51615da6f64f83,stage2b_seed_236_base_1_regime_strong_village_information,1,4,ml_first_two_kills,4,236,1,2,final_test,ml_first_two_kills,0.5,2,3,4,4,2,4,0,0,0,2,wolf,1,1,4,1,1
0.0,0.016521573431910557,1,strong_village_information,0,1,stage2b_seed_236_base_1_regime_strong_village_information_policy_continuous_frozen_ml,0,1,1,3636ee12b35a57bbe8811b59ccf2c37a2bfec25ced6170ee3f51615da6f64f83,stage2b_seed_236_base_1_regime_strong_village_information,1,3,continuous_frozen_ml,3,236,0,0,final_test,continuous_frozen_ml,0.3333333333333333,1,2,,3,3,3,0,0,1,1,village,0,1,3,0,0
0.0,0.00988884863089042,1,strong_village_information,0,1,stage2b_seed_236_base_1_regime_strong_village_information_policy_existing_with_ml_shadow,0,1,1,3636ee12b35a57bbe8811b59ccf2c37a2bfec25ced6170ee3f51615da6f64f83,stage2b_seed_236_base_1_regime_strong_village_information,0,3,existing_with_ml_shadow,3,236,1,2,final_test,existing_with_ml_shadow,0.6666666666666666,2,2,3,3,0,3,0,3,0,2,wolf,1,1,3,2,1
0.03034472617400578,0.00988884863089042,1,strong_village_information,0,1,stage2b_seed_236_base_1_regime_strong_village_information_policy_selective_ml_override,0,1,1,3636ee12b35a57bbe8811b59ccf2c37a2bfec25ced6170ee3f51615da6f64f83,stage2b_seed_236_base_1_regime_strong_village_information,0,3,selective_ml_override,3,236,1,2,final_test,selective_ml_override,0.6666666666666666,2,2,3,3,1,3,1,0,0,2,wolf,1,1,3,2,1
0.03034472617400578,0.00988884863089042,1,strong_village_information,0,1,stage2b_seed_236_base_1_regime_strong_village_information_policy_high_confidence_shadow,0,1,1,3636ee12b35a57bbe8811b59ccf2c37a2bfec25ced6170ee3f51615da6f64f83,stage2b_seed_236_base_1_regime_strong_village_information,0,3,high_confidence_shadow,3,236,1,2,final_test,high_confidence_shadow,0.6666666666666666,2,2,3,3,0,3,1,3,0,2,wolf,1,1,3,2,1
0.0,0.01800164905128802,1,weak_village_information,0,1,stage2b_seed_236_base_1_regime_weak_village_information_policy_existing_rule,1,1,0,3636ee12b35a57bbe8811b59ccf2c37a2bfec25ced6170ee3f51615da6f64f83,stage2b_seed_236_base_1_regime_weak_village_information,1,3,existing_rule,3,236,1,3,final_test,existing_rule,0.6666666666666666,2,3,,1,0,3,0,0,1,1,village,1,0,3,0,0
0.0,0.01800164905128802,1,weak_village_information,0,1,stage2b_seed_236_base_1_regime_weak_village_information_policy_ml_first_kill_only,1,1,0,3636ee12b35a57bbe8811b59ccf2c37a2bfec25ced6170ee3f51615da6f64f83,stage2b_seed_236_base_1_regime_weak_village_information,1,3,ml_first_kill_only,3,236,1,3,final_test,ml_first_kill_only,0.6666666666666666,2,3,,1,1,3,0,0,1,1,village,1,0,3,0,0
0.0,0.01800164905128802,1,weak_village_information,0,1,stage2b_seed_236_base_1_regime_weak_village_information_policy_ml_single_random_kill,1,1,0,3636ee12b35a57bbe8811b59ccf2c37a2bfec25ced6170ee3f51615da6f64f83,stage2b_seed_236_base_1_regime_weak_village_information,1,3,ml_single_random_kill,3,236,1,3,final_test,ml_single_random_kill,0.6666666666666666,2,3,,1,1,3,0,0,1,1,village,1,0,3,0,0
0.0,0.01800164905128802,1,weak_village_information,0,1,stage2b_seed_236_base_1_regime_weak_village_information_policy_ml_first_two_kills,1,1,0,3636ee12b35a57bbe8811b59ccf2c37a2bfec25ced6170ee3f51615da6f64f83,stage2b_seed_236_base_1_regime_weak_village_information,1,3,ml_first_two_kills,3,236,1,3,final_test,ml_first_two_kills,0.6666666666666666,2,3,,1,2,3,0,0,1,1,village,1,0,3,0,0
0.0,0.01800164905128802,1,weak_village_information,0,1,stage2b_seed_236_base_1_regime_weak_village_information_policy_continuous_frozen_ml,0,0,0,3636ee12b35a57bbe8811b59ccf2c37a2bfec25ced6170ee3f51615da6f64f83,stage2b_seed_236_base_1_regime_weak_village_information,1,3,continuous_frozen_ml,3,236,1,2,final_test,continuous_frozen_ml,0.6666666666666666,2,3,,1,3,3,0,0,1,1,village,1,0,3,0,0
0.0,0.01800164905128802,1,weak_village_information,0,1,stage2b_seed_236_base_1_regime_weak_village_information_policy_existing_with_ml_shadow,1,1,0,3636ee12b35a57bbe8811b59ccf2c37a2bfec25ced6170ee3f51615da6f64f83,stage2b_seed_236_base_1_regime_weak_village_information,1,3,existing_with_ml_shadow,3,236,1,3,final_test,existing_with_ml_shadow,0.6666666666666666,2,3,,1,0,3,0,3,1,1,village,1,0,3,0,0
0.011842396078319495,0.01800164905128802,1,weak_village_information,0,1,stage2b_seed_236_base_1_regime_weak_village_information_policy_selective_ml_override,1,1,0,3636ee12b35a57bbe8811b59ccf2c37a2bfec25ced6170ee3f51615da6f64f83,stage2b_seed_236_base_1_regime_weak_village_information,1,3,selective_ml_override,3,236,1,3,final_test,selective_ml_override,0.6666666666666666,2,3,,1,0,3,0,0,1,1,village,1,0,3,0,0
0.011842396078319495,0.01800164905128802,1,weak_village_information,0,1,stage2b_seed_236_base_1_regime_weak_village_information_policy_high_confidence_shadow,1,1,0,3636ee12b35a57bbe8811b59ccf2c37a2bfec25ced6170ee3f51615da6f64f83,stage2b_seed_236_base_1_regime_weak_village_information,1,3,high_confidence_shadow,3,236,1,3,final_test,high_confidence_shadow,0.6666666666666666,2,3,,1,0,3,0,3,1,1,village,1,0,3,0,0
0.0,0.0135294300904448,1,mixed_seer_strategy,0,1,stage2b_seed_236_base_1_regime_mixed_seer_strategy_policy_existing_rule,0,1,1,3636ee12b35a57bbe8811b59ccf2c37a2bfec25ced6170ee3f51615da6f64f83,stage2b_seed_236_base_1_regime_mixed_seer_strategy,1,4,existing_rule,4,236,1,1,final_test,existing_rule,0.5,2,3,,4,0,4,0,0,1,1,village,0,1,4,0,0
0.0,0.0135294300904448,1,mixed_seer_strategy,0,1,stage2b_seed_236_base_1_regime_mixed_seer_strategy_policy_ml_first_kill_only,0,1,1,3636ee12b35a57bbe8811b59ccf2c37a2bfec25ced6170ee3f51615da6f64f83,stage2b_seed_236_base_1_regime_mixed_seer_strategy,1,4,ml_first_kill_only,4,236,1,1,final_test,ml_first_kill_only,0.5,2,3,,4,1,4,0,0,1,1,village,0,1,4,0,0
0.0,0.005944740728817344,1,mixed_seer_strategy,0,1,stage2b_seed_236_base_1_regime_mixed_seer_strategy_policy_ml_single_random_kill,0,1,1,3636ee12b35a57bbe8811b59ccf2c37a2bfec25ced6170ee3f51615da6f64f83,stage2b_seed_236_base_1_regime_mixed_seer_strategy,0,3,ml_single_random_kill,3,236,1,2,final_test,ml_single_random_kill,0.6666666666666666,2,2,,3,1,3,0,0,1,1,village,1,1,3,0,0
0.0,0.005944740728817344,1,mixed_seer_strategy,0,1,stage2b_seed_236_base_1_regime_mixed_seer_strategy_policy_ml_first_two_kills,0,1,1,3636ee12b35a57bbe8811b59ccf2c37a2bfec25ced6170ee3f51615da6f64f83,stage2b_seed_236_base_1_regime_mixed_seer_strategy,0,3,ml_first_two_kills,3,236,1,2,final_test,ml_first_two_kills,0.6666666666666666,2,2,,3,2,3,0,0,1,1,village,1,1,3,0,0
0.0,0.005944740728817344,1,mixed_seer_strategy,0,1,stage2b_seed_236_base_1_regime_mixed_seer_strategy_policy_continuous_frozen_ml,0,1,1,3636ee12b35a57bbe8811b59ccf2c37a2bfec25ced6170ee3f51615da6f64f83,stage2b_seed_236_base_1_regime_mixed_seer_strategy,0,3,continuous_frozen_ml,3,236,0,1,final_test,continuous_frozen_ml,0.6666666666666666,2,2,,3,3,3,0,0,1,1,village,1,1,3,0,0
0.0,0.0135294300904448,1,mixed_seer_strategy,0,1,stage2b_seed_236_base_1_regime_mixed_seer_strategy_policy_existing_with_ml_shadow,0,1,1,3636ee12b35a57bbe8811b59ccf2c37a2bfec25ced6170ee3f51615da6f64f83,stage2b_seed_236_base_1_regime_mixed_seer_strategy,1,4,existing_with_ml_shadow,4,236,1,1,final_test,existing_with_ml_shadow,0.5,2,3,,4,0,4,0,4,1,1,village,0,1,4,0,0
0.026258327209184723,0.0135294300904448,1,mixed_seer_strategy,0,1,stage2b_seed_236_base_1_regime_mixed_seer_strategy_policy_selective_ml_override,0,1,1,3636ee12b35a57bbe8811b59ccf2c37a2bfec25ced6170ee3f51615da6f64f83,stage2b_seed_236_base_1_regime_mixed_seer_strategy,1,4,selective_ml_override,4,236,1,1,final_test,selective_ml_override,0.5,2,3,,4,0,4,0,0,1,1,village,0,1,4,0,0
0.026258327209184723,0.0135294300904448,1,mixed_seer_strategy,0,1,stage2b_seed_236_base_1_regime_mixed_seer_strategy_policy_high_confidence_shadow,0,1,1,3636ee12b35a57bbe8811b59ccf2c37a2bfec25ced6170ee3f51615da6f64f83,stage2b_seed_236_base_1_regime_mixed_seer_strategy,1,4,high_confidence_shadow,4,236,1,1,final_test,high_confidence_shadow,0.5,2,3,,4,0,4,0,4,1,1,village,0,1,4,0,0
0.0,0.005314571088601783,1,mixed_voting_strategy,0,,stage2b_seed_236_base_1_regime_mixed_voting_strategy_policy_existing_rule,0,1,1,3636ee12b35a57bbe8811b59ccf2c37a2bfec25ced6170ee3f51615da6f64f83,stage2b_seed_236_base_1_regime_mixed_voting_strategy,0,2,existing_rule,2,236,1,1,final_test,existing_rule,0.5,1,1,2,2,0,2,0,0,0,2,wolf,0,1,2,3,1
0.0,0.005314571088601783,1,mixed_voting_strategy,0,,stage2b_seed_236_base_1_regime_mixed_voting_strategy_policy_ml_first_kill_only,0,1,0,3636ee12b35a57bbe8811b59ccf2c37a2bfec25ced6170ee3f51615da6f64f83,stage2b_seed_236_base_1_regime_mixed_voting_strategy,1,2,ml_first_kill_only,2,236,1,1,final_test,ml_first_kill_only,0.5,1,1,2,2,1,2,0,0,0,2,wolf,0,1,2,3,1
0.0,0.005314571088601783,1,mixed_voting_strategy,0,,stage2b_seed_236_base_1_regime_mixed_voting_strategy_policy_ml_single_random_kill,0,1,1,3636ee12b35a57bbe8811b59ccf2c37a2bfec25ced6170ee3f51615da6f64f83,stage2b_seed_236_base_1_regime_mixed_voting_strategy,1,2,ml_single_random_kill,2,236,0,0,final_test,ml_single_random_kill,0.0,0,1,2,2,1,2,0,0,0,2,wolf,0,1,2,3,1
0.0,0.005314571088601783,1,mixed_voting_strategy,0,,stage2b_seed_236_base_1_regime_mixed_voting_strategy_policy_ml_first_two_kills,0,1,0,3636ee12b35a57bbe8811b59ccf2c37a2bfec25ced6170ee3f51615da6f64f83,stage2b_seed_236_base_1_regime_mixed_voting_strategy,2,2,ml_first_two_kills,2,236,0,0,final_test,ml_first_two_kills,0.0,0,1,2,2,2,2,0,0,0,2,wolf,0,1,2,3,1
0.0,0.005314571088601783,1,mixed_voting_strategy,0,,stage2b_seed_236_base_1_regime_mixed_voting_strategy_policy_continuous_frozen_ml,0,1,0,3636ee12b35a57bbe8811b59ccf2c37a2bfec25ced6170ee3f51615da6f64f83,stage2b_seed_236_base_1_regime_mixed_voting_strategy,2,2,continuous_frozen_ml,2,236,0,0,final_test,continuous_frozen_ml,0.0,0,1,2,2,2,2,0,0,0,2,wolf,0,1,2,3,1
0.0,0.005314571088601783,1,mixed_voting_strategy,0,,stage2b_seed_236_base_1_regime_mixed_voting_strategy_policy_existing_with_ml_shadow,0,1,1,3636ee12b35a57bbe8811b59ccf2c37a2bfec25ced6170ee3f51615da6f64f83,stage2b_seed_236_base_1_regime_mixed_voting_strategy,0,2,existing_with_ml_shadow,2,236,1,1,final_test,existing_with_ml_shadow,0.5,1,1,2,2,0,2,0,2,0,2,wolf,0,1,2,3,1
0.00759107134106507,0.005314571088601783,1,mixed_voting_strategy,0,,stage2b_seed_236_base_1_regime_mixed_voting_strategy_policy_selective_ml_override,0,1,1,3636ee12b35a57bbe8811b59ccf2c37a2bfec25ced6170ee3f51615da6f64f83,stage2b_seed_236_base_1_regime_mixed_voting_strategy,0,2,selective_ml_override,2,236,1,1,final_test,selective_ml_override,0.5,1,1,2,2,0,2,0,0,0,2,wolf,0,1,2,3,1
0.00759107134106507,0.005314571088601783,1,mixed_voting_strategy,0,,stage2b_seed_236_base_1_regime_mixed_voting_strategy_policy_high_confidence_shadow,0,1,1,3636ee12b35a57bbe8811b59ccf2c37a2bfec25ced6170ee3f51615da6f64f83,stage2b_seed_236_base_1_regime_mixed_voting_strategy,0,2,high_confidence_shadow,2,236,1,1,final_test,high_confidence_shadow,0.5,1,1,2,2,0,2,0,2,0,2,wolf,0,1,2,3,1
0.0,0.011267918670416821,1,mixed_wolf_deception_strategy,0,,stage2b_seed_236_base_1_regime_mixed_wolf_deception_strategy_policy_existing_rule,0,1,1,3636ee12b35a57bbe8811b59ccf2c37a2bfec25ced6170ee3f51615da6f64f83,stage2b_seed_236_base_1_regime_mixed_wolf_deception_strategy,0,2,existing_rule,2,236,1,1,final_test,existing_rule,0.5,1,1,2,2,0,2,0,0,0,2,wolf,0,1,2,3,1
0.0,0.005433594618559745,1,mixed_wolf_deception_strategy,0,2,stage2b_seed_236_base_1_regime_mixed_wolf_deception_strategy_policy_ml_first_kill_only,0,1,1,3636ee12b35a57bbe8811b59ccf2c37a2bfec25ced6170ee3f51615da6f64f83,stage2b_seed_236_base_1_regime_mixed_wolf_deception_strategy,1,3,ml_first_kill_only,3,236,1,1,final_test,ml_first_kill_only,0.3333333333333333,1,2,3,1,1,3,0,0,0,2,wolf,0,1,3,2,1
0.0,0.005433594618559745,1,mixed_wolf_deception_strategy,0,2,stage2b_seed_236_base_1_regime_mixed_wolf_deception_strategy_policy_ml_single_random_kill,0,1,1,3636ee12b35a57bbe8811b59ccf2c37a2bfec25ced6170ee3f51615da6f64f83,stage2b_seed_236_base_1_regime_mixed_wolf_deception_strategy,1,3,ml_single_random_kill,3,236,1,1,final_test,ml_single_random_kill,0.3333333333333333,1,2,3,1,1,3,0,0,0,2,wolf,0,1,3,2,1
0.0,0.005433594618559745,1,mixed_wolf_deception_strategy,0,2,stage2b_seed_236_base_1_regime_mixed_wolf_deception_strategy_policy_ml_first_two_kills,0,1,1,3636ee12b35a57bbe8811b59ccf2c37a2bfec25ced6170ee3f51615da6f64f83,stage2b_seed_236_base_1_regime_mixed_wolf_deception_strategy,1,3,ml_first_two_kills,3,236,1,1,final_test,ml_first_two_kills,0.3333333333333333,1,2,3,1,2,3,0,0,0,2,wolf,0,1,3,2,1
0.0,0.005433594618559745,1,mixed_wolf_deception_strategy,0,2,stage2b_seed_236_base_1_regime_mixed_wolf_deception_strategy_policy_continuous_frozen_ml,0,1,1,3636ee12b35a57bbe8811b59ccf2c37a2bfec25ced6170ee3f51615da6f64f83,stage2b_seed_236_base_1_regime_mixed_wolf_deception_strategy,1,3,continuous_frozen_ml,3,236,1,1,final_test,continuous_frozen_ml,0.3333333333333333,1,2,3,1,3,3,0,0,0,2,wolf,0,1,3,2,1
0.0,0.011267918670416821,1,mixed_wolf_deception_strategy,0,,stage2b_seed_236_base_1_regime_mixed_wolf_deception_strategy_policy_existing_with_ml_shadow,0,1,1,3636ee12b35a57bbe8811b59ccf2c37a2bfec25ced6170ee3f51615da6f64f83,stage2b_seed_236_base_1_regime_mixed_wolf_deception_strategy,0,2,existing_with_ml_shadow,2,236,1,1,final_test,existing_with_ml_shadow,0.5,1,1,2,2,0,2,0,2,0,2,wolf,0,1,2,3,1
0.018098486341351472,0.011267918670416821,1,mixed_wolf_deception_strategy,0,,stage2b_seed_236_base_1_regime_mixed_wolf_deception_strategy_policy_selective_ml_override,0,1,1,3636ee12b35a57bbe8811b59ccf2c37a2bfec25ced6170ee3f51615da6f64f83,stage2b_seed_236_base_1_regime_mixed_wolf_deception_strategy,0,2,selective_ml_override,2,236,1,1,final_test,selective_ml_override,0.5,1,1,2,2,0,2,0,0,0,2,wolf,0,1,2,3,1
0.018098486341351472,0.011267918670416821,1,mixed_wolf_deception_strategy,0,,stage2b_seed_236_base_1_regime_mixed_wolf_deception_strategy_policy_high_confidence_shadow,0,1,1,3636ee12b35a57bbe8811b59ccf2c37a2bfec25ced6170ee3f51615da6f64f83,stage2b_seed_236_base_1_regime_mixed_wolf_deception_strategy,0,2,high_confidence_shadow,2,236,1,1,final_test,high_confidence_shadow,0.5,1,1,2,2,0,2,0,2,0,2,wolf,0,1,2,3,1
0.0,0.011980738314711942,1,baseline_speech_enabled,0,1,stage2b_seed_237_base_1_regime_baseline_speech_enabled_policy_existing_rule,1,1,1,3636ee12b35a57bbe8811b59ccf2c37a2bfec25ced6170ee3f51615da6f64f83,stage2b_seed_237_base_1_regime_baseline_speech_enabled,1,4,existing_rule,4,237,1,3,final_test,existing_rule,0.5,2,3,,3,0,4,0,0,1,1,village,1,1,4,0,0
0.0,0.011980738314711942,1,baseline_speech_enabled,0,1,stage2b_seed_237_base_1_regime_baseline_speech_enabled_policy_ml_first_kill_only,1,1,1,3636ee12b35a57bbe8811b59ccf2c37a2bfec25ced6170ee3f51615da6f64f83,stage2b_seed_237_base_1_regime_baseline_speech_enabled,1,4,ml_first_kill_only,4,237,1,3,final_test,ml_first_kill_only,0.5,2,3,,3,1,4,0,0,1,1,village,1,1,4,0,0
0.0,0.011980738314711942,1,baseline_speech_enabled,0,1,stage2b_seed_237_base_1_regime_baseline_speech_enabled_policy_ml_single_random_kill,1,1,1,3636ee12b35a57bbe8811b59ccf2c37a2bfec25ced6170ee3f51615da6f64f83,stage2b_seed_237_base_1_regime_baseline_speech_enabled,1,4,ml_single_random_kill,4,237,1,3,final_test,ml_single_random_kill,0.5,2,3,,3,1,4,0,0,1,1,village,1,1,4,0,0
0.0,0.008900228766012042,1,baseline_speech_enabled,0,1,stage2b_seed_237_base_1_regime_baseline_speech_enabled_policy_ml_first_two_kills,1,1,1,3636ee12b35a57bbe8811b59ccf2c37a2bfec25ced6170ee3f51615da6f64f83,stage2b_seed_237_base_1_regime_baseline_speech_enabled,0,3,ml_first_two_kills,3,237,0,2,final_test,ml_first_two_kills,0.6666666666666666,2,2,,3,2,3,0,0,1,1,village,1,1,3,0,0
0.0,0.013349828003074549,1,baseline_speech_enabled,0,1,stage2b_seed_237_base_1_regime_baseline_speech_enabled_policy_continuous_frozen_ml,0,0,1,3636ee12b35a57bbe8811b59ccf2c37a2bfec25ced6170ee3f51615da6f64f83,stage2b_seed_237_base_1_regime_baseline_speech_enabled,0,4,continuous_frozen_ml,4,237,0,1,final_test,continuous_frozen_ml,0.75,3,3,,4,4,4,0,0,1,1,village,1,1,4,0,0
0.0,0.011980738314711942,1,baseline_speech_enabled,0,1,stage2b_seed_237_base_1_regime_baseline_speech_enabled_policy_existing_with_ml_shadow,1,1,1,3636ee12b35a57bbe8811b59ccf2c37a2bfec25ced6170ee3f51615da6f64f83,stage2b_seed_237_base_1_regime_baseline_speech_enabled,1,4,existing_with_ml_shadow,4,237,1,3,final_test,existing_with_ml_shadow,0.5,2,3,,3,0,4,0,4,1,1,village,1,1,4,0,0
0.014301957991407294,0.011980738314711942,1,baseline_speech_enabled,0,1,stage2b_seed_237_base_1_regime_baseline_speech_enabled_policy_selective_ml_override,1,1,1,3636ee12b35a57bbe8811b59ccf2c37a2bfec25ced6170ee3f51615da6f64f83,stage2b_seed_237_base_1_regime_baseline_speech_enabled,1,4,selective_ml_override,4,237,1,3,final_test,selective_ml_override,0.5,2,3,,3,0,4,0,0,1,1,village,1,1,4,0,0
0.014301957991407294,0.011980738314711942,1,baseline_speech_enabled,0,1,stage2b_seed_237_base_1_regime_baseline_speech_enabled_policy_high_confidence_shadow,1,1,1,3636ee12b35a57bbe8811b59ccf2c37a2bfec25ced6170ee3f51615da6f64f83,stage2b_seed_237_base_1_regime_baseline_speech_enabled,1,4,high_confidence_shadow,4,237,1,3,final_test,high_confidence_shadow,0.5,2,3,,3,0,4,0,4,1,1,village,1,1,4,0,0
0.0,0.014587518774510685,1,speech_disabled,0,1,stage2b_seed_237_base_1_regime_speech_disabled_policy_existing_rule,1,0,1,3636ee12b35a57bbe8811b59ccf2c37a2bfec25ced6170ee3f51615da6f64f83,stage2b_seed_237_base_1_regime_speech_disabled,0,4,existing_rule,4,237,1,3,final_test,existing_rule,0.75,3,3,4,4,0,4,0,0,0,2,wolf,1,1,4,2,1
0.0,0.007482398561302839,1,speech_disabled,0,1,stage2b_seed_237_base_1_regime_speech_disabled_policy_ml_first_kill_only,0,0,1,3636ee12b35a57bbe8811b59ccf2c37a2bfec25ced6170ee3f51615da6f64f83,stage2b_seed_237_base_1_regime_speech_disabled,1,4,ml_first_kill_only,4,237,1,2,final_test,ml_first_kill_only,0.5,2,3,4,4,1,4,0,0,0,3,wolf,1,1,4,1,1
0.0,0.018052717874648423,1,speech_disabled,0,1,stage2b_seed_237_base_1_regime_speech_disabled_policy_ml_single_random_kill,0,0,1,3636ee12b35a57bbe8811b59ccf2c37a2bfec25ced6170ee3f51615da6f64f83,stage2b_seed_237_base_1_regime_speech_disabled,0,3,ml_single_random_kill,3,237,1,1,final_test,ml_single_random_kill,0.6666666666666666,2,2,3,3,1,3,0,0,0,2,wolf,0,1,3,2,1
0.0,0.012961890980776084,1,speech_disabled,0,1,stage2b_seed_237_base_1_regime_speech_disabled_policy_ml_first_two_kills,1,1,1,3636ee12b35a57bbe8811b59ccf2c37a2bfec25ced6170ee3f51615da6f64f83,stage2b_seed_237_base_1_regime_speech_disabled,0,3,ml_first_two_kills,3,237,1,2,final_test,ml_first_two_kills,0.6666666666666666,2,3,3,3,2,3,0,0,0,2,wolf,0,0,3,1,1
0.0,0.012961890980776084,1,speech_disabled,0,1,stage2b_seed_237_base_1_regime_speech_disabled_policy_continuous_frozen_ml,1,1,1,3636ee12b35a57bbe8811b59ccf2c37a2bfec25ced6170ee3f51615da6f64f83,stage2b_seed_237_base_1_regime_speech_disabled,0,3,continuous_frozen_ml,3,237,0,1,final_test,continuous_frozen_ml,0.6666666666666666,2,3,3,3,3,3,0,0,0,2,wolf,0,0,3,1,1
0.0,0.014587518774510685,1,speech_disabled,0,1,stage2b_seed_237_base_1_regime_speech_disabled_policy_existing_with_ml_shadow,1,0,1,3636ee12b35a57bbe8811b59ccf2c37a2bfec25ced6170ee3f51615da6f64f83,stage2b_seed_237_base_1_regime_speech_disabled,0,4,existing_with_ml_shadow,4,237,1,3,final_test,existing_with_ml_shadow,0.75,3,3,4,4,0,4,0,4,0,2,wolf,1,1,4,2,1
0.03532417810482924,0.007482398561302839,1,speech_disabled,0,1,stage2b_seed_237_base_1_regime_speech_disabled_policy_selective_ml_override,0,0,1,3636ee12b35a57bbe8811b59ccf2c37a2bfec25ced6170ee3f51615da6f64f83,stage2b_seed_237_base_1_regime_speech_disabled,1,4,selective_ml_override,4,237,1,2,final_test,selective_ml_override,0.5,2,3,4,4,1,4,1,0,0,3,wolf,1,1,4,1,1
0.03778545299082996,0.014587518774510685,1,speech_disabled,0,1,stage2b_seed_237_base_1_regime_speech_disabled_policy_high_confidence_shadow,1,0,1,3636ee12b35a57bbe8811b59ccf2c37a2bfec25ced6170ee3f51615da6f64f83,stage2b_seed_237_base_1_regime_speech_disabled,0,4,high_confidence_shadow,4,237,1,3,final_test,high_confidence_shadow,0.75,3,3,4,4,0,4,1,4,0,2,wolf,1,1,4,2,1
0.0,0.013759490662145851,1,herding_enabled,0,1,stage2b_seed_237_base_1_regime_herding_enabled_policy_existing_rule,1,1,1,3636ee12b35a57bbe8811b59ccf2c37a2bfec25ced6170ee3f51615da6f64f83,stage2b_seed_237_base_1_regime_herding_enabled,0,4,existing_rule,4,237,1,2,final_test,existing_rule,0.75,3,3,4,2,0,4,0,0,0,2,wolf,0,1,4,1,1
0.0,0.013759490662145851,1,herding_enabled,0,1,stage2b_seed_237_base_1_regime_herding_enabled_policy_ml_first_kill_only,1,1,1,3636ee12b35a57bbe8811b59ccf2c37a2bfec25ced6170ee3f51615da6f64f83,stage2b_seed_237_base_1_regime_herding_enabled,0,4,ml_first_kill_only,4,237,1,2,final_test,ml_first_kill_only,0.75,3,3,4,2,1,4,0,0,0,2,wolf,0,1,4,1,1
0.0,0.013759490662145851,1,herding_enabled,0,1,stage2b_seed_237_base_1_regime_herding_enabled_policy_ml_single_random_kill,1,1,1,3636ee12b35a57bbe8811b59ccf2c37a2bfec25ced6170ee3f51615da6f64f83,stage2b_seed_237_base_1_regime_herding_enabled,0,4,ml_single_random_kill,4,237,1,2,final_test,ml_single_random_kill,0.75,3,3,4,2,1,4,0,0,0,2,wolf,0,1,4,1,1
0.0,0.013759490662145851,1,herding_enabled,0,1,stage2b_seed_237_base_1_regime_herding_enabled_policy_ml_first_two_kills,1,1,1,3636ee12b35a57bbe8811b59ccf2c37a2bfec25ced6170ee3f51615da6f64f83,stage2b_seed_237_base_1_regime_herding_enabled,0,4,ml_first_two_kills,4,237,1,2,final_test,ml_first_two_kills,0.75,3,3,4,2,2,4,0,0,0,2,wolf,0,1,4,1,1
0.0,0.00899349664395932,1,herding_enabled,0,1,stage2b_seed_237_base_1_regime_herding_enabled_policy_continuous_frozen_ml,0,0,1,3636ee12b35a57bbe8811b59ccf2c37a2bfec25ced6170ee3f51615da6f64f83,stage2b_seed_237_base_1_regime_herding_enabled,0,4,continuous_frozen_ml,4,237,1,1,final_test,continuous_frozen_ml,0.75,3,3,4,3,4,4,0,0,0,2,wolf,0,1,4,2,1
0.0,0.013759490662145851,1,herding_enabled,0,1,stage2b_seed_237_base_1_regime_herding_enabled_policy_existing_with_ml_shadow,1,1,1,3636ee12b35a57bbe8811b59ccf2c37a2bfec25ced6170ee3f51615da6f64f83,stage2b_seed_237_base_1_regime_herding_enabled,0,4,existing_with_ml_shadow,4,237,1,2,final_test,existing_with_ml_shadow,0.75,3,3,4,2,0,4,0,4,0,2,wolf,0,1,4,1,1
0.00174726341048137,0.013759490662145851,1,herding_enabled,0,1,stage2b_seed_237_base_1_regime_herding_enabled_policy_selective_ml_override,1,1,1,3636ee12b35a57bbe8811b59ccf2c37a2bfec25ced6170ee3f51615da6f64f83,stage2b_seed_237_base_1_regime_herding_enabled,0,4,selective_ml_override,4,237,1,2,final_test,selective_ml_override,0.75,3,3,4,2,0,4,0,0,0,2,wolf,0,1,4,1,1
0.00174726341048137,0.013759490662145851,1,herding_enabled,0,1,stage2b_seed_237_base_1_regime_herding_enabled_policy_high_confidence_shadow,1,1,1,3636ee12b35a57bbe8811b59ccf2c37a2bfec25ced6170ee3f51615da6f64f83,stage2b_seed_237_base_1_regime_herding_enabled,0,4,high_confidence_shadow,4,237,1,2,final_test,high_confidence_shadow,0.75,3,3,4,2,0,4,0,4,0,2,wolf,0,1,4,1,1
0.0,0.014810328465432204,1,deception_enabled,0,1,stage2b_seed_237_base_1_regime_deception_enabled_policy_existing_rule,1,1,1,3636ee12b35a57bbe8811b59ccf2c37a2bfec25ced6170ee3f51615da6f64f83,stage2b_seed_237_base_1_regime_deception_enabled,0,4,existing_rule,4,237,1,3,final_test,existing_rule,0.75,3,3,4,3,0,4,0,0,0,2,wolf,1,1,4,1,1
0.0,0.014810328465432204,1,deception_enabled,0,1,stage2b_seed_237_base_1_regime_deception_enabled_policy_ml_first_kill_only,1,1,1,3636ee12b35a57bbe8811b59ccf2c37a2bfec25ced6170ee3f51615da6f64f83,stage2b_seed_237_base_1_regime_deception_enabled,0,4,ml_first_kill_only,4,237,1,3,final_test,ml_first_kill_only,0.75,3,3,4,3,1,4,0,0,0,2,wolf,1,1,4,1,1
0.0,0.0137134140302064,1,deception_enabled,0,1,stage2b_seed_237_base_1_regime_deception_enabled_policy_ml_single_random_kill,1,1,1,3636ee12b35a57bbe8811b59ccf2c37a2bfec25ced6170ee3f51615da6f64f83,stage2b_seed_237_base_1_regime_deception_enabled,0,4,ml_single_random_kill,4,237,1,2,final_test,ml_single_random_kill,0.75,3,3,4,3,1,4,0,0,0,2,wolf,0,1,4,1,1
0.0,0.008206406847419606,1,deception_enabled,0,1,stage2b_seed_237_base_1_regime_deception_enabled_policy_ml_first_two_kills,1,1,1,3636ee12b35a57bbe8811b59ccf2c37a2bfec25ced6170ee3f51615da6f64f83,stage2b_seed_237_base_1_regime_deception_enabled,0,4,ml_first_two_kills,4,237,1,3,final_test,ml_first_two_kills,0.75,3,3,,3,2,4,0,0,1,1,village,1,1,4,0,0
0.0,0.01019748829634611,1,deception_enabled,0,1,stage2b_seed_237_base_1_regime_deception_enabled_policy_continuous_frozen_ml,1,1,1,3636ee12b35a57bbe8811b59ccf2c37a2bfec25ced6170ee3f51615da6f64f83,stage2b_seed_237_base_1_regime_deception_enabled,0,3,continuous_frozen_ml,3,237,0,2,final_test,continuous_frozen_ml,0.6666666666666666,2,2,,3,3,3,0,0,1,0,village,1,1,3,0,0
0.0,0.014810328465432204,1,deception_enabled,0,1,stage2b_seed_237_base_1_regime_deception_enabled_policy_existing_with_ml_shadow,1,1,1,3636ee12b35a57bbe8811b59ccf2c37a2bfec25ced6170ee3f51615da6f64f83,stage2b_seed_237_base_1_regime_deception_enabled,0,4,existing_with_ml_shadow,4,237,1,3,final_test,existing_with_ml_shadow,0.75,3,3,4,3,0,4,0,4,0,2,wolf,1,1,4,1,1
0.016272550454631884,0.014810328465432204,1,deception_enabled,0,1,stage2b_seed_237_base_1_regime_deception_enabled_policy_selective_ml_override,1,1,1,3636ee12b35a57bbe8811b59ccf2c37a2bfec25ced6170ee3f51615da6f64f83,stage2b_seed_237_base_1_regime_deception_enabled,0,4,selective_ml_override,4,237,1,3,final_test,selective_ml_override,0.75,3,3,4,3,0,4,0,0,0,2,wolf,1,1,4,1,1
0.016272550454631884,0.014810328465432204,1,deception_enabled,0,1,stage2b_seed_237_base_1_regime_deception_enabled_policy_high_confidence_shadow,1,1,1,3636ee12b35a57bbe8811b59ccf2c37a2bfec25ced6170ee3f51615da6f64f83,stage2b_seed_237_base_1_regime_deception_enabled,0,4,high_confidence_shadow,4,237,1,3,final_test,high_confidence_shadow,0.75,3,3,4,3,0,4,0,4,0,2,wolf,1,1,4,1,1
0.0,0.009665395719927824,1,heterogeneous_risk_preference,0,,stage2b_seed_237_base_1_regime_heterogeneous_risk_preference_policy_existing_rule,1,0,1,3636ee12b35a57bbe8811b59ccf2c37a2bfec25ced6170ee3f51615da6f64f83,stage2b_seed_237_base_1_regime_heterogeneous_risk_preference,0,3,existing_rule,3,237,0,2,final_test,existing_rule,0.6666666666666666,2,2,3,2,0,3,0,0,0,2,wolf,1,1,3,3,1
0.0,0.009665395719927824,1,heterogeneous_risk_preference,0,,stage2b_seed_237_base_1_regime_heterogeneous_risk_preference_policy_ml_first_kill_only,1,0,1,3636ee12b35a57bbe8811b59ccf2c37a2bfec25ced6170ee3f51615da6f64f83,stage2b_seed_237_base_1_regime_heterogeneous_risk_preference,0,3,ml_first_kill_only,3,237,0,2,final_test,ml_first_kill_only,0.6666666666666666,2,2,3,2,1,3,0,0,0,2,wolf,1,1,3,3,1
0.0,0.009113284074746208,1,heterogeneous_risk_preference,0,,stage2b_seed_237_base_1_regime_heterogeneous_risk_preference_policy_ml_single_random_kill,1,1,1,3636ee12b35a57bbe8811b59ccf2c37a2bfec25ced6170ee3f51615da6f64f83,stage2b_seed_237_base_1_regime_heterogeneous_risk_preference,0,2,ml_single_random_kill,2,237,0,1,final_test,ml_single_random_kill,0.5,1,1,2,2,1,2,0,0,0,2,wolf,0,1,2,3,1
0.0,0.009113284074746208,1,heterogeneous_risk_preference,0,,stage2b_seed_237_base_1_regime_heterogeneous_risk_preference_policy_ml_first_two_kills,1,1,1,3636ee12b35a57bbe8811b59ccf2c37a2bfec25ced6170ee3f51615da6f64f83,stage2b_seed_237_base_1_regime_heterogeneous_risk_preference,0,2,ml_first_two_kills,2,237,0,1,final_test,ml_first_two_kills,0.5,1,1,2,2,2,2,0,0,0,2,wolf,0,1,2,3,1
0.0,0.009113284074746208,1,heterogeneous_risk_preference,0,,stage2b_seed_237_base_1_regime_heterogeneous_risk_preference_policy_continuous_frozen_ml,1,1,1,3636ee12b35a57bbe8811b59ccf2c37a2bfec25ced6170ee3f51615da6f64f83,stage2b_seed_237_base_1_regime_heterogeneous_risk_preference,0,2,continuous_frozen_ml,2,237,0,1,final_test,continuous_frozen_ml,0.5,1,1,2,2,2,2,0,0,0,2,wolf,0,1,2,3,1
0.0,0.009665395719927824,1,heterogeneous_risk_preference,0,,stage2b_seed_237_base_1_regime_heterogeneous_risk_preference_policy_existing_with_ml_shadow,1,0,1,3636ee12b35a57bbe8811b59ccf2c37a2bfec25ced6170ee3f51615da6f64f83,stage2b_seed_237_base_1_regime_heterogeneous_risk_preference,0,3,existing_with_ml_shadow,3,237,0,2,final_test,existing_with_ml_shadow,0.6666666666666666,2,2,3,2,0,3,0,3,0,2,wolf,1,1,3,3,1
0.008354815757292541,0.009665395719927824,1,heterogeneous_risk_preference,0,,stage2b_seed_237_base_1_regime_heterogeneous_risk_preference_policy_selective_ml_override,1,0,1,3636ee12b35a57bbe8811b59ccf2c37a2bfec25ced6170ee3f51615da6f64f83,stage2b_seed_237_base_1_regime_heterogeneous_risk_preference,0,3,selective_ml_override,3,237,0,2,final_test,selective_ml_override,0.6666666666666666,2,2,3,2,0,3,0,0,0,2,wolf,1,1,3,3,1
0.008354815757292541,0.009665395719927824,1,heterogeneous_risk_preference,0,,stage2b_seed_237_base_1_regime_heterogeneous_risk_preference_policy_high_confidence_shadow,1,0,1,3636ee12b35a57bbe8811b59ccf2c37a2bfec25ced6170ee3f51615da6f64f83,stage2b_seed_237_base_1_regime_heterogeneous_risk_preference,0,3,high_confidence_shadow,3,237,0,2,final_test,high_confidence_shadow,0.6666666666666666,2,2,3,2,0,3,0,3,0,2,wolf,1,1,3,3,1
0.0,0.008655798349973404,1,strong_village_information,0,1,stage2b_seed_237_base_1_regime_strong_village_information_policy_existing_rule,1,0,1,3636ee12b35a57bbe8811b59ccf2c37a2bfec25ced6170ee3f51615da6f64f83,stage2b_seed_237_base_1_regime_strong_village_information,1,4,existing_rule,4,237,1,3,final_test,existing_rule,0.5,2,3,4,4,0,4,0,0,0,2,wolf,1,1,4,2,1
0.0,0.008655798349973404,1,strong_village_information,0,1,stage2b_seed_237_base_1_regime_strong_village_information_policy_ml_first_kill_only,1,0,1,3636ee12b35a57bbe8811b59ccf2c37a2bfec25ced6170ee3f51615da6f64f83,stage2b_seed_237_base_1_regime_strong_village_information,1,4,ml_first_kill_only,4,237,1,3,final_test,ml_first_kill_only,0.5,2,3,4,4,1,4,0,0,0,2,wolf,1,1,4,2,1
0.0,0.0076372984820457235,1,strong_village_information,0,1,stage2b_seed_237_base_1_regime_strong_village_information_policy_ml_single_random_kill,1,0,1,3636ee12b35a57bbe8811b59ccf2c37a2bfec25ced6170ee3f51615da6f64f83,stage2b_seed_237_base_1_regime_strong_village_information,0,4,ml_single_random_kill,4,237,0,2,final_test,ml_single_random_kill,0.75,3,3,4,3,1,4,0,0,0,2,wolf,1,1,4,2,1
0.0,0.0076372984820457235,1,strong_village_information,0,1,stage2b_seed_237_base_1_regime_strong_village_information_policy_ml_first_two_kills,1,0,1,3636ee12b35a57bbe8811b59ccf2c37a2bfec25ced6170ee3f51615da6f64f83,stage2b_seed_237_base_1_regime_strong_village_information,0,4,ml_first_two_kills,4,237,0,2,final_test,ml_first_two_kills,0.75,3,3,4,3,2,4,0,0,0,2,wolf,1,1,4,2,1
0.0,0.0076372984820457235,1,strong_village_information,0,1,stage2b_seed_237_base_1_regime_strong_village_information_policy_continuous_frozen_ml,0,0,1,3636ee12b35a57bbe8811b59ccf2c37a2bfec25ced6170ee3f51615da6f64f83,stage2b_seed_237_base_1_regime_strong_village_information,0,4,continuous_frozen_ml,4,237,0,1,final_test,continuous_frozen_ml,0.75,3,3,4,3,4,4,0,0,0,2,wolf,1,1,4,2,1
0.0,0.008655798349973404,1,strong_village_information,0,1,stage2b_seed_237_base_1_regime_strong_village_information_policy_existing_with_ml_shadow,1,0,1,3636ee12b35a57bbe8811b59ccf2c37a2bfec25ced6170ee3f51615da6f64f83,stage2b_seed_237_base_1_regime_strong_village_information,1,4,existing_with_ml_shadow,4,237,1,3,final_test,existing_with_ml_shadow,0.5,2,3,4,4,0,4,0,4,0,2,wolf,1,1,4,2,1
0.01416155039825756,0.008655798349973404,1,strong_village_information,0,1,stage2b_seed_237_base_1_regime_strong_village_information_policy_selective_ml_override,1,0,1,3636ee12b35a57bbe8811b59ccf2c37a2bfec25ced6170ee3f51615da6f64f83,stage2b_seed_237_base_1_regime_strong_village_information,1,4,selective_ml_override,4,237,1,3,final_test,selective_ml_override,0.5,2,3,4,4,0,4,0,0,0,2,wolf,1,1,4,2,1
0.01416155039825756,0.008655798349973404,1,strong_village_information,0,1,stage2b_seed_237_base_1_regime_strong_village_information_policy_high_confidence_shadow,1,0,1,3636ee12b35a57bbe8811b59ccf2c37a2bfec25ced6170ee3f51615da6f64f83,stage2b_seed_237_base_1_regime_strong_village_information,1,4,high_confidence_shadow,4,237,1,3,final_test,high_confidence_shadow,0.5,2,3,4,4,0,4,0,4,0,2,wolf,1,1,4,2,1
0.0,0.006284695366579995,1,weak_village_information,0,,stage2b_seed_237_base_1_regime_weak_village_information_policy_existing_rule,0,1,1,3636ee12b35a57bbe8811b59ccf2c37a2bfec25ced6170ee3f51615da6f64f83,stage2b_seed_237_base_1_regime_weak_village_information,1,2,existing_rule,2,237,1,1,final_test,existing_rule,0.0,0,2,2,2,0,2,0,0,0,1,wolf,0,0,2,3,1
0.0,0.005251703500218419,1,weak_village_information,0,,stage2b_seed_237_base_1_regime_weak_village_information_policy_ml_first_kill_only,0,1,0,3636ee12b35a57bbe8811b59ccf2c37a2bfec25ced6170ee3f51615da6f64f83,stage2b_seed_237_base_1_regime_weak_village_information,1,2,ml_first_kill_only,2,237,1,1,final_test,ml_first_kill_only,0.5,1,2,2,1,1,2,0,0,0,1,wolf,0,0,2,3,1
0.0,0.006284695366579995,1,weak_village_information,0,,stage2b_seed_237_base_1_regime_weak_village_information_policy_ml_single_random_kill,0,1,1,3636ee12b35a57bbe8811b59ccf2c37a2bfec25ced6170ee3f51615da6f64f83,stage2b_seed_237_base_1_regime_weak_village_information,1,2,ml_single_random_kill,2,237,1,1,final_test,ml_single_random_kill,0.0,0,2,2,2,0,2,0,0,0,1,wolf,0,0,2,3,1
0.0,0.005251703500218419,1,weak_village_information,0,,stage2b_seed_237_base_1_regime_weak_village_information_policy_ml_first_two_kills,0,1,0,3636ee12b35a57bbe8811b59ccf2c37a2bfec25ced6170ee3f51615da6f64f83,stage2b_seed_237_base_1_regime_weak_village_information,1,2,ml_first_two_kills,2,237,1,1,final_test,ml_first_two_kills,0.5,1,2,2,1,2,2,0,0,0,1,wolf,0,0,2,3,1
0.0,0.005251703500218419,1,weak_village_information,0,,stage2b_seed_237_base_1_regime_weak_village_information_policy_continuous_frozen_ml,0,1,0,3636ee12b35a57bbe8811b59ccf2c37a2bfec25ced6170ee3f51615da6f64f83,stage2b_seed_237_base_1_regime_weak_village_information,1,2,continuous_frozen_ml,2,237,1,1,final_test,continuous_frozen_ml,0.5,1,2,2,1,2,2,0,0,0,1,wolf,0,0,2,3,1
0.0,0.006284695366579995,1,weak_village_information,0,,stage2b_seed_237_base_1_regime_weak_village_information_policy_existing_with_ml_shadow,0,1,1,3636ee12b35a57bbe8811b59ccf2c37a2bfec25ced6170ee3f51615da6f64f83,stage2b_seed_237_base_1_regime_weak_village_information,1,2,existing_with_ml_shadow,2,237,1,1,final_test,existing_with_ml_shadow,0.0,0,2,2,2,0,2,0,2,0,1,wolf,0,0,2,3,1
0.011643521991738515,0.006284695366579995,1,weak_village_information,0,,stage2b_seed_237_base_1_regime_weak_village_information_policy_selective_ml_override,0,1,1,3636ee12b35a57bbe8811b59ccf2c37a2bfec25ced6170ee3f51615da6f64f83,stage2b_seed_237_base_1_regime_weak_village_information,1,2,selective_ml_override,2,237,1,1,final_test,selective_ml_override,0.0,0,2,2,2,0,2,0,0,0,1,wolf,0,0,2,3,1
0.011643521991738515,0.006284695366579995,1,weak_village_information,0,,stage2b_seed_237_base_1_regime_weak_village_information_policy_high_confidence_shadow,0,1,1,3636ee12b35a57bbe8811b59ccf2c37a2bfec25ced6170ee3f51615da6f64f83,stage2b_seed_237_base_1_regime_weak_village_information,1,2,high_confidence_shadow,2,237,1,1,final_test,high_confidence_shadow,0.0,0,2,2,2,0,2,0,2,0,1,wolf,0,0,2,3,1
0.0,0.013559195476165686,1,mixed_seer_strategy,0,2,stage2b_seed_237_base_1_regime_mixed_seer_strategy_policy_existing_rule,0,1,1,3636ee12b35a57bbe8811b59ccf2c37a2bfec25ced6170ee3f51615da6f64f83,stage2b_seed_237_base_1_regime_mixed_seer_strategy,1,3,existing_rule,3,237,1,1,final_test,existing_rule,0.3333333333333333,1,2,3,0,0,3,0,0,0,2,wolf,0,1,3,2,1
0.0,0.013559195476165686,1,mixed_seer_strategy,0,2,stage2b_seed_237_base_1_regime_mixed_seer_strategy_policy_ml_first_kill_only,0,1,1,3636ee12b35a57bbe8811b59ccf2c37a2bfec25ced6170ee3f51615da6f64f83,stage2b_seed_237_base_1_regime_mixed_seer_strategy,1,3,ml_first_kill_only,3,237,1,1,final_test,ml_first_kill_only,0.3333333333333333,1,2,3,0,1,3,0,0,0,2,wolf,0,1,3,2,1
0.0,0.013559195476165686,1,mixed_seer_strategy,0,2,stage2b_seed_237_base_1_regime_mixed_seer_strategy_policy_ml_single_random_kill,0,1,1,3636ee12b35a57bbe8811b59ccf2c37a2bfec25ced6170ee3f51615da6f64f83,stage2b_seed_237_base_1_regime_mixed_seer_strategy,1,3,ml_single_random_kill,3,237,1,1,final_test,ml_single_random_kill,0.3333333333333333,1,2,3,0,1,3,0,0,0,2,wolf,0,1,3,2,1
0.0,0.013559195476165686,1,mixed_seer_strategy,0,2,stage2b_seed_237_base_1_regime_mixed_seer_strategy_policy_ml_first_two_kills,0,1,1,3636ee12b35a57bbe8811b59ccf2c37a2bfec25ced6170ee3f51615da6f64f83,stage2b_seed_237_base_1_regime_mixed_seer_strategy,1,3,ml_first_two_kills,3,237,1,1,final_test,ml_first_two_kills,0.3333333333333333,1,2,3,0,2,3,0,0,0,2,wolf,0,1,3,2,1
0.0,0.013559195476165686,1,mixed_seer_strategy,0,2,stage2b_seed_237_base_1_regime_mixed_seer_strategy_policy_continuous_frozen_ml,0,1,1,3636ee12b35a57bbe8811b59ccf2c37a2bfec25ced6170ee3f51615da6f64f83,stage2b_seed_237_base_1_regime_mixed_seer_strategy,1,3,continuous_frozen_ml,3,237,1,1,final_test,continuous_frozen_ml,0.3333333333333333,1,2,3,0,3,3,0,0,0,2,wolf,0,1,3,2,1
0.0,0.013559195476165686,1,mixed_seer_strategy,0,2,stage2b_seed_237_base_1_regime_mixed_seer_strategy_policy_existing_with_ml_shadow,0,1,1,3636ee12b35a57bbe8811b59ccf2c37a2bfec25ced6170ee3f51615da6f64f83,stage2b_seed_237_base_1_regime_mixed_seer_strategy,1,3,existing_with_ml_shadow,3,237,1,1,final_test,existing_with_ml_shadow,0.3333333333333333,1,2,3,0,0,3,0,3,0,2,wolf,0,1,3,2,1
0.0,0.013559195476165686,1,mixed_seer_strategy,0,2,stage2b_seed_237_base_1_regime_mixed_seer_strategy_policy_selective_ml_override,0,1,1,3636ee12b35a57bbe8811b59ccf2c37a2bfec25ced6170ee3f51615da6f64f83,stage2b_seed_237_base_1_regime_mixed_seer_strategy,1,3,selective_ml_override,3,237,1,1,final_test,selective_ml_override,0.3333333333333333,1,2,3,0,0,3,0,0,0,2,wolf,0,1,3,2,1
0.0,0.013559195476165686,1,mixed_seer_strategy,0,2,stage2b_seed_237_base_1_regime_mixed_seer_strategy_policy_high_confidence_shadow,0,1,1,3636ee12b35a57bbe8811b59ccf2c37a2bfec25ced6170ee3f51615da6f64f83,stage2b_seed_237_base_1_regime_mixed_seer_strategy,1,3,high_confidence_shadow,3,237,1,1,final_test,high_confidence_shadow,0.3333333333333333,1,2,3,0,0,3,0,3,0,2,wolf,0,1,3,2,1
0.0,0.016405141574167725,1,mixed_voting_strategy,0,2,stage2b_seed_237_base_1_regime_mixed_voting_strategy_policy_existing_rule,1,1,1,3636ee12b35a57bbe8811b59ccf2c37a2bfec25ced6170ee3f51615da6f64f83,stage2b_seed_237_base_1_regime_mixed_voting_strategy,1,3,existing_rule,3,237,1,2,final_test,existing_rule,0.3333333333333333,1,2,,3,0,3,0,0,1,1,village,0,1,3,0,0
0.0,0.016405141574167725,1,mixed_voting_strategy,0,2,stage2b_seed_237_base_1_regime_mixed_voting_strategy_policy_ml_first_kill_only,1,1,1,3636ee12b35a57bbe8811b59ccf2c37a2bfec25ced6170ee3f51615da6f64f83,stage2b_seed_237_base_1_regime_mixed_voting_strategy,1,3,ml_first_kill_only,3,237,1,2,final_test,ml_first_kill_only,0.3333333333333333,1,2,,3,1,3,0,0,1,1,village,0,1,3,0,0
0.0,0.015259538564785402,1,mixed_voting_strategy,0,2,stage2b_seed_237_base_1_regime_mixed_voting_strategy_policy_ml_single_random_kill,0,0,1,3636ee12b35a57bbe8811b59ccf2c37a2bfec25ced6170ee3f51615da6f64f83,stage2b_seed_237_base_1_regime_mixed_voting_strategy,0,4,ml_single_random_kill,4,237,1,2,final_test,ml_single_random_kill,0.75,3,3,,4,1,4,0,0,1,2,village,1,1,4,0,0
0.0,0.015259538564785402,1,mixed_voting_strategy,0,2,stage2b_seed_237_base_1_regime_mixed_voting_strategy_policy_ml_first_two_kills,0,0,1,3636ee12b35a57bbe8811b59ccf2c37a2bfec25ced6170ee3f51615da6f64f83,stage2b_seed_237_base_1_regime_mixed_voting_strategy,0,4,ml_first_two_kills,4,237,1,2,final_test,ml_first_two_kills,0.75,3,3,,4,2,4,0,0,1,2,village,1,1,4,0,0
0.0,0.014850344412449479,1,mixed_voting_strategy,0,2,stage2b_seed_237_base_1_regime_mixed_voting_strategy_policy_continuous_frozen_ml,0,1,1,3636ee12b35a57bbe8811b59ccf2c37a2bfec25ced6170ee3f51615da6f64f83,stage2b_seed_237_base_1_regime_mixed_voting_strategy,0,3,continuous_frozen_ml,3,237,0,0,final_test,continuous_frozen_ml,0.6666666666666666,2,2,,3,3,3,0,0,1,2,village,0,1,3,0,0
0.0,0.016405141574167725,1,mixed_voting_strategy,0,2,stage2b_seed_237_base_1_regime_mixed_voting_strategy_policy_existing_with_ml_shadow,1,1,1,3636ee12b35a57bbe8811b59ccf2c37a2bfec25ced6170ee3f51615da6f64f83,stage2b_seed_237_base_1_regime_mixed_voting_strategy,1,3,existing_with_ml_shadow,3,237,1,2,final_test,existing_with_ml_shadow,0.3333333333333333,1,2,,3,0,3,0,3,1,1,village,0,1,3,0,0
0.016405141574167725,0.016405141574167725,1,mixed_voting_strategy,0,2,stage2b_seed_237_base_1_regime_mixed_voting_strategy_policy_selective_ml_override,1,1,1,3636ee12b35a57bbe8811b59ccf2c37a2bfec25ced6170ee3f51615da6f64f83,stage2b_seed_237_base_1_regime_mixed_voting_strategy,1,3,selective_ml_override,3,237,1,2,final_test,selective_ml_override,0.3333333333333333,1,2,,3,0,3,0,0,1,1,village,0,1,3,0,0
0.016405141574167725,0.016405141574167725,1,mixed_voting_strategy,0,2,stage2b_seed_237_base_1_regime_mixed_voting_strategy_policy_high_confidence_shadow,1,1,1,3636ee12b35a57bbe8811b59ccf2c37a2bfec25ced6170ee3f51615da6f64f83,stage2b_seed_237_base_1_regime_mixed_voting_strategy,1,3,high_confidence_shadow,3,237,1,2,final_test,high_confidence_shadow,0.3333333333333333,1,2,,3,0,3,0,3,1,1,village,0,1,3,0,0
0.0,0.012394130343101254,1,mixed_wolf_deception_strategy,0,1,stage2b_seed_237_base_1_regime_mixed_wolf_deception_strategy_policy_existing_rule,0,1,1,3636ee12b35a57bbe8811b59ccf2c37a2bfec25ced6170ee3f51615da6f64f83,stage2b_seed_237_base_1_regime_mixed_wolf_deception_strategy,0,3,existing_rule,3,237,1,2,final_test,existing_rule,0.6666666666666666,2,2,3,3,0,3,0,0,0,2,wolf,1,1,3,2,1
0.0,0.012394130343101254,1,mixed_wolf_deception_strategy,0,1,stage2b_seed_237_base_1_regime_mixed_wolf_deception_strategy_policy_ml_first_kill_only,0,1,1,3636ee12b35a57bbe8811b59ccf2c37a2bfec25ced6170ee3f51615da6f64f83,stage2b_seed_237_base_1_regime_mixed_wolf_deception_strategy,0,3,ml_first_kill_only,3,237,1,2,final_test,ml_first_kill_only,0.6666666666666666,2,2,3,3,1,3,0,0,0,2,wolf,1,1,3,2,1
0.0,0.012394130343101254,1,mixed_wolf_deception_strategy,0,1,stage2b_seed_237_base_1_regime_mixed_wolf_deception_strategy_policy_ml_single_random_kill,0,1,1,3636ee12b35a57bbe8811b59ccf2c37a2bfec25ced6170ee3f51615da6f64f83,stage2b_seed_237_base_1_regime_mixed_wolf_deception_strategy,0,3,ml_single_random_kill,3,237,1,2,final_test,ml_single_random_kill,0.6666666666666666,2,2,3,3,1,3,0,0,0,2,wolf,1,1,3,2,1
0.0,0.007233109449721072,1,mixed_wolf_deception_strategy,0,1,stage2b_seed_237_base_1_regime_mixed_wolf_deception_strategy_policy_ml_first_two_kills,0,1,1,3636ee12b35a57bbe8811b59ccf2c37a2bfec25ced6170ee3f51615da6f64f83,stage2b_seed_237_base_1_regime_mixed_wolf_deception_strategy,0,3,ml_first_two_kills,3,237,0,1,final_test,ml_first_two_kills,0.6666666666666666,2,2,3,2,2,3,0,0,0,2,wolf,1,1,3,2,1
0.0,0.007233109449721072,1,mixed_wolf_deception_strategy,0,1,stage2b_seed_237_base_1_regime_mixed_wolf_deception_strategy_policy_continuous_frozen_ml,0,1,1,3636ee12b35a57bbe8811b59ccf2c37a2bfec25ced6170ee3f51615da6f64f83,stage2b_seed_237_base_1_regime_mixed_wolf_deception_strategy,0,3,continuous_frozen_ml,3,237,0,1,final_test,continuous_frozen_ml,0.6666666666666666,2,2,3,2,3,3,0,0,0,2,wolf,1,1,3,2,1
0.0,0.012394130343101254,1,mixed_wolf_deception_strategy,0,1,stage2b_seed_237_base_1_regime_mixed_wolf_deception_strategy_policy_existing_with_ml_shadow,0,1,1,3636ee12b35a57bbe8811b59ccf2c37a2bfec25ced6170ee3f51615da6f64f83,stage2b_seed_237_base_1_regime_mixed_wolf_deception_strategy,0,3,existing_with_ml_shadow,3,237,1,2,final_test,existing_with_ml_shadow,0.6666666666666666,2,2,3,3,0,3,0,3,0,2,wolf,1,1,3,2,1
0.021646166317974114,0.012394130343101254,1,mixed_wolf_deception_strategy,0,1,stage2b_seed_237_base_1_regime_mixed_wolf_deception_strategy_policy_selective_ml_override,0,1,1,3636ee12b35a57bbe8811b59ccf2c37a2bfec25ced6170ee3f51615da6f64f83,stage2b_seed_237_base_1_regime_mixed_wolf_deception_strategy,0,3,selective_ml_override,3,237,1,2,final_test,selective_ml_override,0.6666666666666666,2,2,3,3,0,3,0,0,0,2,wolf,1,1,3,2,1
0.021646166317974114,0.012394130343101254,1,mixed_wolf_deception_strategy,0,1,stage2b_seed_237_base_1_regime_mixed_wolf_deception_strategy_policy_high_confidence_shadow,0,1,1,3636ee12b35a57bbe8811b59ccf2c37a2bfec25ced6170ee3f51615da6f64f83,stage2b_seed_237_base_1_regime_mixed_wolf_deception_strategy,0,3,high_confidence_shadow,3,237,1,2,final_test,high_confidence_shadow,0.6666666666666666,2,2,3,3,0,3,0,3,0,2,wolf,1,1,3,2,1
0.0,0.017849289801397477,1,baseline_speech_enabled,0,2,stage2b_seed_238_base_1_regime_baseline_speech_enabled_policy_existing_rule,0,0,1,3636ee12b35a57bbe8811b59ccf2c37a2bfec25ced6170ee3f51615da6f64f83,stage2b_seed_238_base_1_regime_baseline_speech_enabled,1,3,existing_rule,3,238,1,2,final_test,existing_rule,0.3333333333333333,1,2,3,2,0,3,0,0,0,3,wolf,1,1,3,2,1
0.0,0.017849289801397477,1,baseline_speech_enabled,0,2,stage2b_seed_238_base_1_regime_baseline_speech_enabled_policy_ml_first_kill_only,0,0,0,3636ee12b35a57bbe8811b59ccf2c37a2bfec25ced6170ee3f51615da6f64f83,stage2b_seed_238_base_1_regime_baseline_speech_enabled,2,3,ml_first_kill_only,3,238,1,2,final_test,ml_first_kill_only,0.3333333333333333,1,2,3,2,1,3,0,0,0,3,wolf,1,1,3,2,1
0.0,0.017849289801397477,1,baseline_speech_enabled,0,2,stage2b_seed_238_base_1_regime_baseline_speech_enabled_policy_ml_single_random_kill,0,0,0,3636ee12b35a57bbe8811b59ccf2c37a2bfec25ced6170ee3f51615da6f64f83,stage2b_seed_238_base_1_regime_baseline_speech_enabled,2,3,ml_single_random_kill,3,238,1,2,final_test,ml_single_random_kill,0.3333333333333333,1,2,3,2,1,3,0,0,0,3,wolf,1,1,3,2,1
0.0,0.014677016258990871,1,baseline_speech_enabled,0,2,stage2b_seed_238_base_1_regime_baseline_speech_enabled_policy_ml_first_two_kills,1,1,0,3636ee12b35a57bbe8811b59ccf2c37a2bfec25ced6170ee3f51615da6f64f83,stage2b_seed_238_base_1_regime_baseline_speech_enabled,2,4,ml_first_two_kills,4,238,1,3,final_test,ml_first_two_kills,0.5,2,3,4,4,2,4,0,0,0,2,wolf,1,1,4,1,1
0.0,0.012122871307804428,1,baseline_speech_enabled,0,2,stage2b_seed_238_base_1_regime_baseline_speech_enabled_policy_continuous_frozen_ml,1,1,0,3636ee12b35a57bbe8811b59ccf2c37a2bfec25ced6170ee3f51615da6f64f83,stage2b_seed_238_base_1_regime_baseline_speech_enabled,2,4,continuous_frozen_ml,4,238,0,2,final_test,continuous_frozen_ml,0.5,2,3,4,4,4,4,0,0,0,2,wolf,1,1,4,1,1
0.0,0.017849289801397477,1,baseline_speech_enabled,0,2,stage2b_seed_238_base_1_regime_baseline_speech_enabled_policy_existing_with_ml_shadow,0,0,1,3636ee12b35a57bbe8811b59ccf2c37a2bfec25ced6170ee3f51615da6f64f83,stage2b_seed_238_base_1_regime_baseline_speech_enabled,1,3,existing_with_ml_shadow,3,238,1,2,final_test,existing_with_ml_shadow,0.3333333333333333,1,2,3,2,0,3,0,3,0,3,wolf,1,1,3,2,1
0.026817476304032122,0.017849289801397477,1,baseline_speech_enabled,0,2,stage2b_seed_238_base_1_regime_baseline_speech_enabled_policy_selective_ml_override,0,0,1,3636ee12b35a57bbe8811b59ccf2c37a2bfec25ced6170ee3f51615da6f64f83,stage2b_seed_238_base_1_regime_baseline_speech_enabled,1,3,selective_ml_override,3,238,1,2,final_test,selective_ml_override,0.3333333333333333,1,2,3,2,0,3,0,0,0,3,wolf,1,1,3,2,1
0.026817476304032122,0.017849289801397477,1,baseline_speech_enabled,0,2,stage2b_seed_238_base_1_regime_baseline_speech_enabled_policy_high_confidence_shadow,0,0,1,3636ee12b35a57bbe8811b59ccf2c37a2bfec25ced6170ee3f51615da6f64f83,stage2b_seed_238_base_1_regime_baseline_speech_enabled,1,3,high_confidence_shadow,3,238,1,2,final_test,high_confidence_shadow,0.3333333333333333,1,2,3,2,0,3,0,3,0,3,wolf,1,1,3,2,1
0.0,0.006771348759688017,1,speech_disabled,0,1,stage2b_seed_238_base_1_regime_speech_disabled_policy_existing_rule,1,1,1,3636ee12b35a57bbe8811b59ccf2c37a2bfec25ced6170ee3f51615da6f64f83,stage2b_seed_238_base_1_regime_speech_disabled,1,4,existing_rule,4,238,1,3,final_test,existing_rule,0.5,2,3,4,2,0,4,0,0,0,2,wolf,1,1,4,1,1
0.0,0.006771348759688017,1,speech_disabled,0,1,stage2b_seed_238_base_1_regime_speech_disabled_policy_ml_first_kill_only,1,1,1,3636ee12b35a57bbe8811b59ccf2c37a2bfec25ced6170ee3f51615da6f64f83,stage2b_seed_238_base_1_regime_speech_disabled,1,4,ml_first_kill_only,4,238,1,3,final_test,ml_first_kill_only,0.5,2,3,4,2,1,4,0,0,0,2,wolf,1,1,4,1,1
0.0,0.015444786626745727,1,speech_disabled,0,1,stage2b_seed_238_base_1_regime_speech_disabled_policy_ml_single_random_kill,1,1,1,3636ee12b35a57bbe8811b59ccf2c37a2bfec25ced6170ee3f51615da6f64f83,stage2b_seed_238_base_1_regime_speech_disabled,1,4,ml_single_random_kill,4,238,1,2,final_test,ml_single_random_kill,0.5,2,3,4,4,1,4,0,0,0,2,wolf,0,1,4,1,1
0.0,0.015444786626745727,1,speech_disabled,0,1,stage2b_seed_238_base_1_regime_speech_disabled_policy_ml_first_two_kills,1,1,1,3636ee12b35a57bbe8811b59ccf2c37a2bfec25ced6170ee3f51615da6f64f83,stage2b_seed_238_base_1_regime_speech_disabled,1,4,ml_first_two_kills,4,238,1,2,final_test,ml_first_two_kills,0.5,2,3,4,4,2,4,0,0,0,2,wolf,0,1,4,1,1
0.0,0.012177940585910013,1,speech_disabled,0,1,stage2b_seed_238_base_1_regime_speech_disabled_policy_continuous_frozen_ml,0,0,1,3636ee12b35a57bbe8811b59ccf2c37a2bfec25ced6170ee3f51615da6f64f83,stage2b_seed_238_base_1_regime_speech_disabled,1,4,continuous_frozen_ml,4,238,0,0,final_test,continuous_frozen_ml,0.5,2,3,,4,4,4,0,0,1,1,village,0,1,4,0,0
0.0,0.006771348759688017,1,speech_disabled,0,1,stage2b_seed_238_base_1_regime_speech_disabled_policy_existing_with_ml_shadow,1,1,1,3636ee12b35a57bbe8811b59ccf2c37a2bfec25ced6170ee3f51615da6f64f83,stage2b_seed_238_base_1_regime_speech_disabled,1,4,existing_with_ml_shadow,4,238,1,3,final_test,existing_with_ml_shadow,0.5,2,3,4,2,0,4,0,4,0,2,wolf,1,1,4,1,1
0.02435369620757355,0.006771348759688017,1,speech_disabled,0,1,stage2b_seed_238_base_1_regime_speech_disabled_policy_selective_ml_override,1,1,1,3636ee12b35a57bbe8811b59ccf2c37a2bfec25ced6170ee3f51615da6f64f83,stage2b_seed_238_base_1_regime_speech_disabled,1,4,selective_ml_override,4,238,1,3,final_test,selective_ml_override,0.5,2,3,4,2,1,4,1,0,0,2,wolf,1,1,4,1,1
0.02435369620757355,0.006771348759688017,1,speech_disabled,0,1,stage2b_seed_238_base_1_regime_speech_disabled_policy_high_confidence_shadow,1,1,1,3636ee12b35a57bbe8811b59ccf2c37a2bfec25ced6170ee3f51615da6f64f83,stage2b_seed_238_base_1_regime_speech_disabled,1,4,high_confidence_shadow,4,238,1,3,final_test,high_confidence_shadow,0.5,2,3,4,2,0,4,1,4,0,2,wolf,1,1,4,1,1
0.0,0.016005079311609854,1,herding_enabled,0,2,stage2b_seed_238_base_1_regime_herding_enabled_policy_existing_rule,1,1,1,3636ee12b35a57bbe8811b59ccf2c37a2bfec25ced6170ee3f51615da6f64f83,stage2b_seed_238_base_1_regime_herding_enabled,1,4,existing_rule,4,238,1,2,final_test,existing_rule,0.5,2,4,4,3,0,4,0,0,0,2,wolf,0,0,4,1,1
0.0,0.00827991188363214,1,herding_enabled,0,1,stage2b_seed_238_base_1_regime_herding_enabled_policy_ml_first_kill_only,1,0,1,3636ee12b35a57bbe8811b59ccf2c37a2bfec25ced6170ee3f51615da6f64f83,stage2b_seed_238_base_1_regime_herding_enabled,0,4,ml_first_kill_only,4,238,0,2,final_test,ml_first_kill_only,0.75,3,3,4,4,1,4,0,0,0,2,wolf,1,1,4,2,1
0.0,0.012524963548023682,1,herding_enabled,0,2,stage2b_seed_238_base_1_regime_herding_enabled_policy_ml_single_random_kill,1,1,1,3636ee12b35a57bbe8811b59ccf2c37a2bfec25ced6170ee3f51615da6f64f83,stage2b_seed_238_base_1_regime_herding_enabled,1,4,ml_single_random_kill,4,238,1,2,final_test,ml_single_random_kill,0.5,2,4,4,3,1,4,0,0,0,2,wolf,0,0,4,1,1
0.0,0.00827991188363214,1,herding_enabled,0,1,stage2b_seed_238_base_1_regime_herding_enabled_policy_ml_first_two_kills,1,0,1,3636ee12b35a57bbe8811b59ccf2c37a2bfec25ced6170ee3f51615da6f64f83,stage2b_seed_238_base_1_regime_herding_enabled,1,4,ml_first_two_kills,4,238,0,2,final_test,ml_first_two_kills,0.5,2,3,4,4,2,4,0,0,0,2,wolf,1,1,4,2,1
0.0,0.007518095544633535,1,herding_enabled,0,1,stage2b_seed_238_base_1_regime_herding_enabled_policy_continuous_frozen_ml,0,0,1,3636ee12b35a57bbe8811b59ccf2c37a2bfec25ced6170ee3f51615da6f64f83,stage2b_seed_238_base_1_regime_herding_enabled,1,4,continuous_frozen_ml,4,238,0,0,final_test,continuous_frozen_ml,0.5,2,3,4,4,4,4,0,0,0,2,wolf,0,1,4,1,1
0.0,0.016005079311609854,1,herding_enabled,0,2,stage2b_seed_238_base_1_regime_herding_enabled_policy_existing_with_ml_shadow,1,1,1,3636ee12b35a57bbe8811b59ccf2c37a2bfec25ced6170ee3f51615da6f64f83,stage2b_seed_238_base_1_regime_herding_enabled,1,4,existing_with_ml_shadow,4,238,1,2,final_test,existing_with_ml_shadow,0.5,2,4,4,3,0,4,0,4,0,2,wolf,0,0,4,1,1
0.014443571842117475,0.016005079311609854,1,herding_enabled,0,2,stage2b_seed_238_base_1_regime_herding_enabled_policy_selective_ml_override,1,1,1,3636ee12b35a57bbe8811b59ccf2c37a2bfec25ced6170ee3f51615da6f64f83,stage2b_seed_238_base_1_regime_herding_enabled,1,4,selective_ml_override,4,238,1,2,final_test,selective_ml_override,0.5,2,4,4,3,0,4,0,0,0,2,wolf,0,0,4,1,1
0.014443571842117475,0.016005079311609854,1,herding_enabled,0,2,stage2b_seed_238_base_1_regime_herding_enabled_policy_high_confidence_shadow,1,1,1,3636ee12b35a57bbe8811b59ccf2c37a2bfec25ced6170ee3f51615da6f64f83,stage2b_seed_238_base_1_regime_herding_enabled,1,4,high_confidence_shadow,4,238,1,2,final_test,high_confidence_shadow,0.5,2,4,4,3,0,4,0,4,0,2,wolf,0,0,4,1,1
0.0,0.010379539392546433,1,deception_enabled,0,1,stage2b_seed_238_base_1_regime_deception_enabled_policy_existing_rule,0,1,1,3636ee12b35a57bbe8811b59ccf2c37a2bfec25ced6170ee3f51615da6f64f83,stage2b_seed_238_base_1_regime_deception_enabled,0,4,existing_rule,4,238,1,2,final_test,existing_rule,0.75,3,3,4,3,0,4,0,0,0,1,wolf,1,1,4,1,1
0.0,0.010379539392546433,1,deception_enabled,0,1,stage2b_seed_238_base_1_regime_deception_enabled_policy_ml_first_kill_only,0,1,1,3636ee12b35a57bbe8811b59ccf2c37a2bfec25ced6170ee3f51615da6f64f83,stage2b_seed_238_base_1_regime_deception_enabled,0,4,ml_first_kill_only,4,238,1,2,final_test,ml_first_kill_only,0.75,3,3,4,3,1,4,0,0,0,1,wolf,1,1,4,1,1
0.0,0.012513767075957027,1,deception_enabled,0,1,stage2b_seed_238_base_1_regime_deception_enabled_policy_ml_single_random_kill,1,1,1,3636ee12b35a57bbe8811b59ccf2c37a2bfec25ced6170ee3f51615da6f64f83,stage2b_seed_238_base_1_regime_deception_enabled,0,4,ml_single_random_kill,4,238,1,3,final_test,ml_single_random_kill,0.75,3,3,4,3,1,4,0,0,0,1,wolf,1,1,4,1,1
0.0,0.0069644760740966705,1,deception_enabled,0,1,stage2b_seed_238_base_1_regime_deception_enabled_policy_ml_first_two_kills,1,1,1,3636ee12b35a57bbe8811b59ccf2c37a2bfec25ced6170ee3f51615da6f64f83,stage2b_seed_238_base_1_regime_deception_enabled,0,4,ml_first_two_kills,4,238,1,3,final_test,ml_first_two_kills,0.75,3,3,,3,2,4,0,0,1,1,village,1,1,4,0,0
0.0,0.0041446551683677335,1,deception_enabled,0,1,stage2b_seed_238_base_1_regime_deception_enabled_policy_continuous_frozen_ml,0,0,1,3636ee12b35a57bbe8811b59ccf2c37a2bfec25ced6170ee3f51615da6f64f83,stage2b_seed_238_base_1_regime_deception_enabled,0,4,continuous_frozen_ml,4,238,0,1,final_test,continuous_frozen_ml,0.75,3,3,,4,4,4,0,0,1,1,village,1,1,4,0,0
0.0,0.010379539392546433,1,deception_enabled,0,1,stage2b_seed_238_base_1_regime_deception_enabled_policy_existing_with_ml_shadow,0,1,1,3636ee12b35a57bbe8811b59ccf2c37a2bfec25ced6170ee3f51615da6f64f83,stage2b_seed_238_base_1_regime_deception_enabled,0,4,existing_with_ml_shadow,4,238,1,2,final_test,existing_with_ml_shadow,0.75,3,3,4,3,0,4,0,4,0,1,wolf,1,1,4,1,1
0.009929816978846817,0.010379539392546433,1,deception_enabled,0,1,stage2b_seed_238_base_1_regime_deception_enabled_policy_selective_ml_override,0,1,1,3636ee12b35a57bbe8811b59ccf2c37a2bfec25ced6170ee3f51615da6f64f83,stage2b_seed_238_base_1_regime_deception_enabled,0,4,selective_ml_override,4,238,1,2,final_test,selective_ml_override,0.75,3,3,4,3,0,4,0,0,0,1,wolf,1,1,4,1,1
0.009929816978846817,0.010379539392546433,1,deception_enabled,0,1,stage2b_seed_238_base_1_regime_deception_enabled_policy_high_confidence_shadow,0,1,1,3636ee12b35a57bbe8811b59ccf2c37a2bfec25ced6170ee3f51615da6f64f83,stage2b_seed_238_base_1_regime_deception_enabled,0,4,high_confidence_shadow,4,238,1,2,final_test,high_confidence_shadow,0.75,3,3,4,3,0,4,0,4,0,1,wolf,1,1,4,1,1
0.0,0.0069082912363355176,1,heterogeneous_risk_preference,0,1,stage2b_seed_238_base_1_regime_heterogeneous_risk_preference_policy_existing_rule,1,0,1,3636ee12b35a57bbe8811b59ccf2c37a2bfec25ced6170ee3f51615da6f64f83,stage2b_seed_238_base_1_regime_heterogeneous_risk_preference,0,4,existing_rule,4,238,1,3,final_test,existing_rule,0.75,3,3,4,3,0,4,0,0,0,2,wolf,1,1,4,2,1
0.0,0.0069082912363355176,1,heterogeneous_risk_preference,0,1,stage2b_seed_238_base_1_regime_heterogeneous_risk_preference_policy_ml_first_kill_only,1,0,1,3636ee12b35a57bbe8811b59ccf2c37a2bfec25ced6170ee3f51615da6f64f83,stage2b_seed_238_base_1_regime_heterogeneous_risk_preference,0,4,ml_first_kill_only,4,238,1,3,final_test,ml_first_kill_only,0.75,3,3,4,3,1,4,0,0,0,2,wolf,1,1,4,2,1
0.0,0.012508304897285522,1,heterogeneous_risk_preference,0,1,stage2b_seed_238_base_1_regime_heterogeneous_risk_preference_policy_ml_single_random_kill,0,0,1,3636ee12b35a57bbe8811b59ccf2c37a2bfec25ced6170ee3f51615da6f64f83,stage2b_seed_238_base_1_regime_heterogeneous_risk_preference,0,4,ml_single_random_kill,4,238,1,2,final_test,ml_single_random_kill,0.75,3,3,,4,1,4,0,0,1,2,village,1,1,4,0,0
0.0,0.012508304897285522,1,heterogeneous_risk_preference,0,1,stage2b_seed_238_base_1_regime_heterogeneous_risk_preference_policy_ml_first_two_kills,0,0,1,3636ee12b35a57bbe8811b59ccf2c37a2bfec25ced6170ee3f51615da6f64f83,stage2b_seed_238_base_1_regime_heterogeneous_risk_preference,0,4,ml_first_two_kills,4,238,1,2,final_test,ml_first_two_kills,0.75,3,3,,4,2,4,0,0,1,2,village,1,1,4,0,0
0.0,0.011828990457657063,1,heterogeneous_risk_preference,0,1,stage2b_seed_238_base_1_regime_heterogeneous_risk_preference_policy_continuous_frozen_ml,1,1,1,3636ee12b35a57bbe8811b59ccf2c37a2bfec25ced6170ee3f51615da6f64f83,stage2b_seed_238_base_1_regime_heterogeneous_risk_preference,0,4,continuous_frozen_ml,4,238,0,1,final_test,continuous_frozen_ml,0.75,3,3,,4,4,4,0,0,1,2,village,0,1,4,0,0
0.0,0.0069082912363355176,1,heterogeneous_risk_preference,0,1,stage2b_seed_238_base_1_regime_heterogeneous_risk_preference_policy_existing_with_ml_shadow,1,0,1,3636ee12b35a57bbe8811b59ccf2c37a2bfec25ced6170ee3f51615da6f64f83,stage2b_seed_238_base_1_regime_heterogeneous_risk_preference,0,4,existing_with_ml_shadow,4,238,1,3,final_test,existing_with_ml_shadow,0.75,3,3,4,3,0,4,0,4,0,2,wolf,1,1,4,2,1
0.013166848446070495,0.0069082912363355176,1,heterogeneous_risk_preference,0,1,stage2b_seed_238_base_1_regime_heterogeneous_risk_preference_policy_selective_ml_override,1,0,1,3636ee12b35a57bbe8811b59ccf2c37a2bfec25ced6170ee3f51615da6f64f83,stage2b_seed_238_base_1_regime_heterogeneous_risk_preference,0,4,selective_ml_override,4,238,1,3,final_test,selective_ml_override,0.75,3,3,4,3,0,4,0,0,0,2,wolf,1,1,4,2,1
0.013166848446070495,0.0069082912363355176,1,heterogeneous_risk_preference,0,1,stage2b_seed_238_base_1_regime_heterogeneous_risk_preference_policy_high_confidence_shadow,1,0,1,3636ee12b35a57bbe8811b59ccf2c37a2bfec25ced6170ee3f51615da6f64f83,stage2b_seed_238_base_1_regime_heterogeneous_risk_preference,0,4,high_confidence_shadow,4,238,1,3,final_test,high_confidence_shadow,0.75,3,3,4,3,0,4,0,4,0,2,wolf,1,1,4,2,1
0.0,0.01488253892527902,1,strong_village_information,0,1,stage2b_seed_238_base_1_regime_strong_village_information_policy_existing_rule,1,1,1,3636ee12b35a57bbe8811b59ccf2c37a2bfec25ced6170ee3f51615da6f64f83,stage2b_seed_238_base_1_regime_strong_village_information,0,4,existing_rule,4,238,1,3,final_test,existing_rule,0.75,3,3,,3,0,4,0,0,1,1,village,1,1,4,0,0
0.0,0.01488253892527902,1,strong_village_information,0,1,stage2b_seed_238_base_1_regime_strong_village_information_policy_ml_first_kill_only,1,1,1,3636ee12b35a57bbe8811b59ccf2c37a2bfec25ced6170ee3f51615da6f64f83,stage2b_seed_238_base_1_regime_strong_village_information,0,4,ml_first_kill_only,4,238,1,3,final_test,ml_first_kill_only,0.75,3,3,,3,1,4,0,0,1,1,village,1,1,4,0,0
0.0,0.008315984328339502,1,strong_village_information,0,1,stage2b_seed_238_base_1_regime_strong_village_information_policy_ml_single_random_kill,1,1,1,3636ee12b35a57bbe8811b59ccf2c37a2bfec25ced6170ee3f51615da6f64f83,stage2b_seed_238_base_1_regime_strong_village_information,0,3,ml_single_random_kill,3,238,1,2,final_test,ml_single_random_kill,0.6666666666666666,2,2,,3,1,3,0,0,1,1,village,0,1,3,0,0
0.0,0.007057946662714254,1,strong_village_information,0,1,stage2b_seed_238_base_1_regime_strong_village_information_policy_ml_first_two_kills,1,1,1,3636ee12b35a57bbe8811b59ccf2c37a2bfec25ced6170ee3f51615da6f64f83,stage2b_seed_238_base_1_regime_strong_village_information,0,4,ml_first_two_kills,4,238,1,2,final_test,ml_first_two_kills,0.75,3,3,4,3,2,4,0,0,0,2,wolf,0,1,4,1,1
0.0,0.006860423962067402,1,strong_village_information,0,1,stage2b_seed_238_base_1_regime_strong_village_information_policy_continuous_frozen_ml,1,1,1,3636ee12b35a57bbe8811b59ccf2c37a2bfec25ced6170ee3f51615da6f64f83,stage2b_seed_238_base_1_regime_strong_village_information,0,4,continuous_frozen_ml,4,238,0,2,final_test,continuous_frozen_ml,0.75,3,3,,4,4,4,0,0,1,1,village,1,1,4,0,0
0.0,0.01488253892527902,1,strong_village_information,0,1,stage2b_seed_238_base_1_regime_strong_village_information_policy_existing_with_ml_shadow,1,1,1,3636ee12b35a57bbe8811b59ccf2c37a2bfec25ced6170ee3f51615da6f64f83,stage2b_seed_238_base_1_regime_strong_village_information,0,4,existing_with_ml_shadow,4,238,1,3,final_test,existing_with_ml_shadow,0.75,3,3,,3,0,4,0,4,1,1,village,1,1,4,0,0
0.012296790809205455,0.01488253892527902,1,strong_village_information,0,1,stage2b_seed_238_base_1_regime_strong_village_information_policy_selective_ml_override,1,1,1,3636ee12b35a57bbe8811b59ccf2c37a2bfec25ced6170ee3f51615da6f64f83,stage2b_seed_238_base_1_regime_strong_village_information,0,4,selective_ml_override,4,238,1,3,final_test,selective_ml_override,0.75,3,3,,3,0,4,0,0,1,1,village,1,1,4,0,0
0.012296790809205455,0.01488253892527902,1,strong_village_information,0,1,stage2b_seed_238_base_1_regime_strong_village_information_policy_high_confidence_shadow,1,1,1,3636ee12b35a57bbe8811b59ccf2c37a2bfec25ced6170ee3f51615da6f64f83,stage2b_seed_238_base_1_regime_strong_village_information,0,4,high_confidence_shadow,4,238,1,3,final_test,high_confidence_shadow,0.75,3,3,,3,0,4,0,4,1,1,village,1,1,4,0,0
0.0,0.012749090563684035,1,weak_village_information,0,2,stage2b_seed_238_base_1_regime_weak_village_information_policy_existing_rule,0,1,1,3636ee12b35a57bbe8811b59ccf2c37a2bfec25ced6170ee3f51615da6f64f83,stage2b_seed_238_base_1_regime_weak_village_information,0,4,existing_rule,4,238,1,2,final_test,existing_rule,0.75,3,3,4,4,0,4,0,0,0,3,wolf,1,1,4,1,1
0.0,0.01327466030464107,1,weak_village_information,0,2,stage2b_seed_238_base_1_regime_weak_village_information_policy_ml_first_kill_only,1,1,1,3636ee12b35a57bbe8811b59ccf2c37a2bfec25ced6170ee3f51615da6f64f83,stage2b_seed_238_base_1_regime_weak_village_information,0,4,ml_first_kill_only,4,238,1,2,final_test,ml_first_kill_only,0.75,3,4,4,3,1,4,0,0,0,2,wolf,0,0,4,1,1
0.0,0.014364240757256536,1,weak_village_information,0,2,stage2b_seed_238_base_1_regime_weak_village_information_policy_ml_single_random_kill,0,1,1,3636ee12b35a57bbe8811b59ccf2c37a2bfec25ced6170ee3f51615da6f64f83,stage2b_seed_238_base_1_regime_weak_village_information,0,4,ml_single_random_kill,4,238,1,1,final_test,ml_single_random_kill,0.75,3,3,4,3,1,4,0,0,0,2,wolf,0,1,4,1,1
0.0,0.013078719322931476,1,weak_village_information,0,2,stage2b_seed_238_base_1_regime_weak_village_information_policy_ml_first_two_kills,1,1,1,3636ee12b35a57bbe8811b59ccf2c37a2bfec25ced6170ee3f51615da6f64f83,stage2b_seed_238_base_1_regime_weak_village_information,1,4,ml_first_two_kills,4,238,1,2,final_test,ml_first_two_kills,0.5,2,4,,4,2,4,0,0,1,1,village,0,0,4,0,0
0.0,0.00847681736735717,1,weak_village_information,0,2,stage2b_seed_238_base_1_regime_weak_village_information_policy_continuous_frozen_ml,0,0,1,3636ee12b35a57bbe8811b59ccf2c37a2bfec25ced6170ee3f51615da6f64f83,stage2b_seed_238_base_1_regime_weak_village_information,1,4,continuous_frozen_ml,4,238,0,0,final_test,continuous_frozen_ml,0.5,2,4,4,4,4,4,0,0,0,2,wolf,0,0,4,1,1
0.0,0.012749090563684035,1,weak_village_information,0,2,stage2b_seed_238_base_1_regime_weak_village_information_policy_existing_with_ml_shadow,0,1,1,3636ee12b35a57bbe8811b59ccf2c37a2bfec25ced6170ee3f51615da6f64f83,stage2b_seed_238_base_1_regime_weak_village_information,0,4,existing_with_ml_shadow,4,238,1,2,final_test,existing_with_ml_shadow,0.75,3,3,4,4,0,4,0,4,0,3,wolf,1,1,4,1,1
0.01643502351387771,0.012749090563684035,1,weak_village_information,0,2,stage2b_seed_238_base_1_regime_weak_village_information_policy_selective_ml_override,0,1,1,3636ee12b35a57bbe8811b59ccf2c37a2bfec25ced6170ee3f51615da6f64f83,stage2b_seed_238_base_1_regime_weak_village_information,0,4,selective_ml_override,4,238,1,2,final_test,selective_ml_override,0.75,3,3,4,4,0,4,0,0,0,3,wolf,1,1,4,1,1
0.01643502351387771,0.012749090563684035,1,weak_village_information,0,2,stage2b_seed_238_base_1_regime_weak_village_information_policy_high_confidence_shadow,0,1,1,3636ee12b35a57bbe8811b59ccf2c37a2bfec25ced6170ee3f51615da6f64f83,stage2b_seed_238_base_1_regime_weak_village_information,0,4,high_confidence_shadow,4,238,1,2,final_test,high_confidence_shadow,0.75,3,3,4,4,0,4,0,4,0,3,wolf,1,1,4,1,1
0.0,0.006473742614718225,1,mixed_seer_strategy,0,1,stage2b_seed_238_base_1_regime_mixed_seer_strategy_policy_existing_rule,1,1,0,3636ee12b35a57bbe8811b59ccf2c37a2bfec25ced6170ee3f51615da6f64f83,stage2b_seed_238_base_1_regime_mixed_seer_strategy,2,4,existing_rule,4,238,1,3,final_test,existing_rule,0.5,2,3,4,3,0,4,0,0,0,2,wolf,1,1,4,1,1
0.0,0.006473742614718225,1,mixed_seer_strategy,0,1,stage2b_seed_238_base_1_regime_mixed_seer_strategy_policy_ml_first_kill_only,1,1,0,3636ee12b35a57bbe8811b59ccf2c37a2bfec25ced6170ee3f51615da6f64f83,stage2b_seed_238_base_1_regime_mixed_seer_strategy,2,4,ml_first_kill_only,4,238,1,3,final_test,ml_first_kill_only,0.5,2,3,4,3,1,4,0,0,0,2,wolf,1,1,4,1,1
0.0,0.006473742614718225,1,mixed_seer_strategy,0,1,stage2b_seed_238_base_1_regime_mixed_seer_strategy_policy_ml_single_random_kill,1,1,0,3636ee12b35a57bbe8811b59ccf2c37a2bfec25ced6170ee3f51615da6f64f83,stage2b_seed_238_base_1_regime_mixed_seer_strategy,2,4,ml_single_random_kill,4,238,1,3,final_test,ml_single_random_kill,0.5,2,3,4,3,1,4,0,0,0,2,wolf,1,1,4,1,1
0.0,0.00886596201384308,1,mixed_seer_strategy,0,1,stage2b_seed_238_base_1_regime_mixed_seer_strategy_policy_ml_first_two_kills,0,0,0,3636ee12b35a57bbe8811b59ccf2c37a2bfec25ced6170ee3f51615da6f64f83,stage2b_seed_238_base_1_regime_mixed_seer_strategy,1,3,ml_first_two_kills,3,238,1,1,final_test,ml_first_two_kills,0.6666666666666666,2,2,,3,2,3,0,0,1,1,village,0,1,3,0,0
0.0,0.009424238808030894,1,mixed_seer_strategy,0,1,stage2b_seed_238_base_1_regime_mixed_seer_strategy_policy_continuous_frozen_ml,1,1,0,3636ee12b35a57bbe8811b59ccf2c37a2bfec25ced6170ee3f51615da6f64f83,stage2b_seed_238_base_1_regime_mixed_seer_strategy,1,4,continuous_frozen_ml,4,238,0,2,final_test,continuous_frozen_ml,0.75,3,3,,4,4,4,0,0,1,1,village,1,1,4,0,0
0.0,0.006473742614718225,1,mixed_seer_strategy,0,1,stage2b_seed_238_base_1_regime_mixed_seer_strategy_policy_existing_with_ml_shadow,1,1,0,3636ee12b35a57bbe8811b59ccf2c37a2bfec25ced6170ee3f51615da6f64f83,stage2b_seed_238_base_1_regime_mixed_seer_strategy,2,4,existing_with_ml_shadow,4,238,1,3,final_test,existing_with_ml_shadow,0.5,2,3,4,3,0,4,0,4,0,2,wolf,1,1,4,1,1
0.013379440810490167,0.006473742614718225,1,mixed_seer_strategy,0,1,stage2b_seed_238_base_1_regime_mixed_seer_strategy_policy_selective_ml_override,1,1,0,3636ee12b35a57bbe8811b59ccf2c37a2bfec25ced6170ee3f51615da6f64f83,stage2b_seed_238_base_1_regime_mixed_seer_strategy,2,4,selective_ml_override,4,238,1,3,final_test,selective_ml_override,0.5,2,3,4,3,0,4,0,0,0,2,wolf,1,1,4,1,1
0.013379440810490167,0.006473742614718225,1,mixed_seer_strategy,0,1,stage2b_seed_238_base_1_regime_mixed_seer_strategy_policy_high_confidence_shadow,1,1,0,3636ee12b35a57bbe8811b59ccf2c37a2bfec25ced6170ee3f51615da6f64f83,stage2b_seed_238_base_1_regime_mixed_seer_strategy,2,4,high_confidence_shadow,4,238,1,3,final_test,high_confidence_shadow,0.5,2,3,4,3,0,4,0,4,0,2,wolf,1,1,4,1,1
0.0,0.004005818345193646,1,mixed_voting_strategy,0,2,stage2b_seed_238_base_1_regime_mixed_voting_strategy_policy_existing_rule,0,1,1,3636ee12b35a57bbe8811b59ccf2c37a2bfec25ced6170ee3f51615da6f64f83,stage2b_seed_238_base_1_regime_mixed_voting_strategy,1,3,existing_rule,3,238,1,2,final_test,existing_rule,0.3333333333333333,1,2,3,3,0,3,0,0,0,2,wolf,1,1,3,2,1
0.0,0.004005818345193646,1,mixed_voting_strategy,0,2,stage2b_seed_238_base_1_regime_mixed_voting_strategy_policy_ml_first_kill_only,0,1,0,3636ee12b35a57bbe8811b59ccf2c37a2bfec25ced6170ee3f51615da6f64f83,stage2b_seed_238_base_1_regime_mixed_voting_strategy,2,3,ml_first_kill_only,3,238,1,2,final_test,ml_first_kill_only,0.3333333333333333,1,2,3,3,1,3,0,0,0,2,wolf,1,1,3,2,1
0.0,0.004005818345193646,1,mixed_voting_strategy,0,2,stage2b_seed_238_base_1_regime_mixed_voting_strategy_policy_ml_single_random_kill,0,1,0,3636ee12b35a57bbe8811b59ccf2c37a2bfec25ced6170ee3f51615da6f64f83,stage2b_seed_238_base_1_regime_mixed_voting_strategy,2,3,ml_single_random_kill,3,238,1,2,final_test,ml_single_random_kill,0.3333333333333333,1,2,3,3,1,3,0,0,0,2,wolf,1,1,3,2,1
0.0,0.007609933116788241,1,mixed_voting_strategy,0,2,stage2b_seed_238_base_1_regime_mixed_voting_strategy_policy_ml_first_two_kills,0,1,0,3636ee12b35a57bbe8811b59ccf2c37a2bfec25ced6170ee3f51615da6f64f83,stage2b_seed_238_base_1_regime_mixed_voting_strategy,2,3,ml_first_two_kills,3,238,1,1,final_test,ml_first_two_kills,0.3333333333333333,1,2,3,3,2,3,0,0,0,2,wolf,0,1,3,2,1
0.0,0.007609933116788241,1,mixed_voting_strategy,0,2,stage2b_seed_238_base_1_regime_mixed_voting_strategy_policy_continuous_frozen_ml,0,1,0,3636ee12b35a57bbe8811b59ccf2c37a2bfec25ced6170ee3f51615da6f64f83,stage2b_seed_238_base_1_regime_mixed_voting_strategy,2,3,continuous_frozen_ml,3,238,0,0,final_test,continuous_frozen_ml,0.3333333333333333,1,2,3,3,3,3,0,0,0,2,wolf,0,1,3,2,1
0.0,0.004005818345193646,1,mixed_voting_strategy,0,2,stage2b_seed_238_base_1_regime_mixed_voting_strategy_policy_existing_with_ml_shadow,0,1,1,3636ee12b35a57bbe8811b59ccf2c37a2bfec25ced6170ee3f51615da6f64f83,stage2b_seed_238_base_1_regime_mixed_voting_strategy,1,3,existing_with_ml_shadow,3,238,1,2,final_test,existing_with_ml_shadow,0.3333333333333333,1,2,3,3,0,3,0,3,0,2,wolf,1,1,3,2,1
0.03989108622990286,0.004005818345193646,1,mixed_voting_strategy,0,2,stage2b_seed_238_base_1_regime_mixed_voting_strategy_policy_selective_ml_override,0,1,1,3636ee12b35a57bbe8811b59ccf2c37a2bfec25ced6170ee3f51615da6f64f83,stage2b_seed_238_base_1_regime_mixed_voting_strategy,1,3,selective_ml_override,3,238,1,2,final_test,selective_ml_override,0.3333333333333333,1,2,3,3,0,3,0,0,0,2,wolf,1,1,3,2,1
0.03989108622990286,0.004005818345193646,1,mixed_voting_strategy,0,2,stage2b_seed_238_base_1_regime_mixed_voting_strategy_policy_high_confidence_shadow,0,1,1,3636ee12b35a57bbe8811b59ccf2c37a2bfec25ced6170ee3f51615da6f64f83,stage2b_seed_238_base_1_regime_mixed_voting_strategy,1,3,high_confidence_shadow,3,238,1,2,final_test,high_confidence_shadow,0.3333333333333333,1,2,3,3,0,3,0,3,0,2,wolf,1,1,3,2,1
0.0,0.04275545199433539,1,mixed_wolf_deception_strategy,0,,stage2b_seed_238_base_1_regime_mixed_wolf_deception_strategy_policy_existing_rule,1,0,1,3636ee12b35a57bbe8811b59ccf2c37a2bfec25ced6170ee3f51615da6f64f83,stage2b_seed_238_base_1_regime_mixed_wolf_deception_strategy,0,3,existing_rule,3,238,1,2,final_test,existing_rule,0.6666666666666666,2,2,3,3,0,3,0,0,0,2,wolf,0,1,3,3,1
0.0,0.01439601913247037,1,mixed_wolf_deception_strategy,0,,stage2b_seed_238_base_1_regime_mixed_wolf_deception_strategy_policy_ml_first_kill_only,0,0,1,3636ee12b35a57bbe8811b59ccf2c37a2bfec25ced6170ee3f51615da6f64f83,stage2b_seed_238_base_1_regime_mixed_wolf_deception_strategy,0,3,ml_first_kill_only,3,238,1,1,final_test,ml_first_kill_only,0.6666666666666666,2,2,3,3,1,3,0,0,0,2,wolf,0,1,3,3,1
0.0,0.04275545199433539,1,mixed_wolf_deception_strategy,0,,stage2b_seed_238_base_1_regime_mixed_wolf_deception_strategy_policy_ml_single_random_kill,0,0,1,3636ee12b35a57bbe8811b59ccf2c37a2bfec25ced6170ee3f51615da6f64f83,stage2b_seed_238_base_1_regime_mixed_wolf_deception_strategy,1,3,ml_single_random_kill,3,238,1,1,final_test,ml_single_random_kill,0.3333333333333333,1,2,3,3,1,3,0,0,0,2,wolf,0,1,3,3,1
0.0,0.01439601913247037,1,mixed_wolf_deception_strategy,0,,stage2b_seed_238_base_1_regime_mixed_wolf_deception_strategy_policy_ml_first_two_kills,0,0,1,3636ee12b35a57bbe8811b59ccf2c37a2bfec25ced6170ee3f51615da6f64f83,stage2b_seed_238_base_1_regime_mixed_wolf_deception_strategy,0,3,ml_first_two_kills,3,238,1,1,final_test,ml_first_two_kills,0.6666666666666666,2,2,3,3,2,3,0,0,0,2,wolf,0,1,3,3,1
0.0,0.01439601913247037,1,mixed_wolf_deception_strategy,0,,stage2b_seed_238_base_1_regime_mixed_wolf_deception_strategy_policy_continuous_frozen_ml,1,0,1,3636ee12b35a57bbe8811b59ccf2c37a2bfec25ced6170ee3f51615da6f64f83,stage2b_seed_238_base_1_regime_mixed_wolf_deception_strategy,0,3,continuous_frozen_ml,3,238,0,1,final_test,continuous_frozen_ml,0.6666666666666666,2,2,3,3,3,3,0,0,0,2,wolf,0,1,3,3,1
0.0,0.04275545199433539,1,mixed_wolf_deception_strategy,0,,stage2b_seed_238_base_1_regime_mixed_wolf_deception_strategy_policy_existing_with_ml_shadow,1,0,1,3636ee12b35a57bbe8811b59ccf2c37a2bfec25ced6170ee3f51615da6f64f83,stage2b_seed_238_base_1_regime_mixed_wolf_deception_strategy,0,3,existing_with_ml_shadow,3,238,1,2,final_test,existing_with_ml_shadow,0.6666666666666666,2,2,3,3,0,3,0,3,0,2,wolf,0,1,3,3,1
0.01692748036190748,0.01439601913247037,1,mixed_wolf_deception_strategy,0,,stage2b_seed_238_base_1_regime_mixed_wolf_deception_strategy_policy_selective_ml_override,0,0,1,3636ee12b35a57bbe8811b59ccf2c37a2bfec25ced6170ee3f51615da6f64f83,stage2b_seed_238_base_1_regime_mixed_wolf_deception_strategy,0,3,selective_ml_override,3,238,1,1,final_test,selective_ml_override,0.6666666666666666,2,2,3,3,1,3,1,0,0,2,wolf,0,1,3,3,1
0.04424141312979205,0.04275545199433539,1,mixed_wolf_deception_strategy,0,,stage2b_seed_238_base_1_regime_mixed_wolf_deception_strategy_policy_high_confidence_shadow,1,0,1,3636ee12b35a57bbe8811b59ccf2c37a2bfec25ced6170ee3f51615da6f64f83,stage2b_seed_238_base_1_regime_mixed_wolf_deception_strategy,0,3,high_confidence_shadow,3,238,1,2,final_test,high_confidence_shadow,0.6666666666666666,2,2,3,3,0,3,1,3,0,2,wolf,0,1,3,3,1
0.0,0.007995190111255907,1,baseline_speech_enabled,0,2,stage2b_seed_239_base_1_regime_baseline_speech_enabled_policy_existing_rule,1,1,1,3636ee12b35a57bbe8811b59ccf2c37a2bfec25ced6170ee3f51615da6f64f83,stage2b_seed_239_base_1_regime_baseline_speech_enabled,1,4,existing_rule,4,239,1,3,final_test,existing_rule,0.5,2,3,4,4,0,4,0,0,0,1,wolf,1,1,4,1,1
0.0,0.007995190111255907,1,baseline_speech_enabled,0,2,stage2b_seed_239_base_1_regime_baseline_speech_enabled_policy_ml_first_kill_only,1,1,1,3636ee12b35a57bbe8811b59ccf2c37a2bfec25ced6170ee3f51615da6f64f83,stage2b_seed_239_base_1_regime_baseline_speech_enabled,1,4,ml_first_kill_only,4,239,1,3,final_test,ml_first_kill_only,0.5,2,3,4,4,1,4,0,0,0,1,wolf,1,1,4,1,1
0.0,0.008098827099492695,1,baseline_speech_enabled,0,2,stage2b_seed_239_base_1_regime_baseline_speech_enabled_policy_ml_single_random_kill,0,0,1,3636ee12b35a57bbe8811b59ccf2c37a2bfec25ced6170ee3f51615da6f64f83,stage2b_seed_239_base_1_regime_baseline_speech_enabled,1,4,ml_single_random_kill,4,239,1,2,final_test,ml_single_random_kill,0.5,2,3,,3,1,4,0,0,1,1,village,1,1,4,0,0
0.0,0.011773376128039775,1,baseline_speech_enabled,0,2,stage2b_seed_239_base_1_regime_baseline_speech_enabled_policy_ml_first_two_kills,0,0,1,3636ee12b35a57bbe8811b59ccf2c37a2bfec25ced6170ee3f51615da6f64f83,stage2b_seed_239_base_1_regime_baseline_speech_enabled,1,4,ml_first_two_kills,4,239,1,2,final_test,ml_first_two_kills,0.5,2,3,,3,2,4,0,0,1,1,village,1,1,4,0,0
0.0,0.0114466349285621,1,baseline_speech_enabled,0,2,stage2b_seed_239_base_1_regime_baseline_speech_enabled_policy_continuous_frozen_ml,0,0,1,3636ee12b35a57bbe8811b59ccf2c37a2bfec25ced6170ee3f51615da6f64f83,stage2b_seed_239_base_1_regime_baseline_speech_enabled,1,4,continuous_frozen_ml,4,239,0,1,final_test,continuous_frozen_ml,0.5,2,3,,4,4,4,0,0,1,1,village,1,1,4,0,0
0.0,0.007995190111255907,1,baseline_speech_enabled,0,2,stage2b_seed_239_base_1_regime_baseline_speech_enabled_policy_existing_with_ml_shadow,1,1,1,3636ee12b35a57bbe8811b59ccf2c37a2bfec25ced6170ee3f51615da6f64f83,stage2b_seed_239_base_1_regime_baseline_speech_enabled,1,4,existing_with_ml_shadow,4,239,1,3,final_test,existing_with_ml_shadow,0.5,2,3,4,4,0,4,0,4,0,1,wolf,1,1,4,1,1
0.016610884387201458,0.007995190111255907,1,baseline_speech_enabled,0,2,stage2b_seed_239_base_1_regime_baseline_speech_enabled_policy_selective_ml_override,1,1,1,3636ee12b35a57bbe8811b59ccf2c37a2bfec25ced6170ee3f51615da6f64f83,stage2b_seed_239_base_1_regime_baseline_speech_enabled,1,4,selective_ml_override,4,239,1,3,final_test,selective_ml_override,0.5,2,3,4,4,0,4,0,0,0,1,wolf,1,1,4,1,1
0.016610884387201458,0.007995190111255907,1,baseline_speech_enabled,0,2,stage2b_seed_239_base_1_regime_baseline_speech_enabled_policy_high_confidence_shadow,1,1,1,3636ee12b35a57bbe8811b59ccf2c37a2bfec25ced6170ee3f51615da6f64f83,stage2b_seed_239_base_1_regime_baseline_speech_enabled,1,4,high_confidence_shadow,4,239,1,3,final_test,high_confidence_shadow,0.5,2,3,4,4,0,4,0,4,0,1,wolf,1,1,4,1,1
0.0,0.0158336824096057,1,speech_disabled,0,2,stage2b_seed_239_base_1_regime_speech_disabled_policy_existing_rule,1,1,1,3636ee12b35a57bbe8811b59ccf2c37a2bfec25ced6170ee3f51615da6f64f83,stage2b_seed_239_base_1_regime_speech_disabled,1,3,existing_rule,3,239,1,2,final_test,existing_rule,0.3333333333333333,1,3,3,1,0,3,0,0,0,2,wolf,0,0,3,2,1
0.0,0.0158336824096057,1,speech_disabled,0,2,stage2b_seed_239_base_1_regime_speech_disabled_policy_ml_first_kill_only,1,1,1,3636ee12b35a57bbe8811b59ccf2c37a2bfec25ced6170ee3f51615da6f64f83,stage2b_seed_239_base_1_regime_speech_disabled,1,3,ml_first_kill_only,3,239,1,2,final_test,ml_first_kill_only,0.3333333333333333,1,3,3,1,1,3,0,0,0,2,wolf,0,0,3,2,1
0.0,0.0158336824096057,1,speech_disabled,0,2,stage2b_seed_239_base_1_regime_speech_disabled_policy_ml_single_random_kill,1,1,1,3636ee12b35a57bbe8811b59ccf2c37a2bfec25ced6170ee3f51615da6f64f83,stage2b_seed_239_base_1_regime_speech_disabled,1,3,ml_single_random_kill,3,239,1,2,final_test,ml_single_random_kill,0.3333333333333333,1,3,3,1,1,3,0,0,0,2,wolf,0,0,3,2,1
0.0,0.011797224970662878,1,speech_disabled,0,,stage2b_seed_239_base_1_regime_speech_disabled_policy_ml_first_two_kills,0,0,1,3636ee12b35a57bbe8811b59ccf2c37a2bfec25ced6170ee3f51615da6f64f83,stage2b_seed_239_base_1_regime_speech_disabled,1,2,ml_first_two_kills,2,239,1,1,final_test,ml_first_two_kills,0.0,0,2,2,1,2,2,0,0,0,2,wolf,0,0,2,3,1
0.0,0.011797224970662878,1,speech_disabled,0,,stage2b_seed_239_base_1_regime_speech_disabled_policy_continuous_frozen_ml,0,0,1,3636ee12b35a57bbe8811b59ccf2c37a2bfec25ced6170ee3f51615da6f64f83,stage2b_seed_239_base_1_regime_speech_disabled,1,2,continuous_frozen_ml,2,239,1,1,final_test,continuous_frozen_ml,0.0,0,2,2,1,2,2,0,0,0,2,wolf,0,0,2,3,1
0.0,0.0158336824096057,1,speech_disabled,0,2,stage2b_seed_239_base_1_regime_speech_disabled_policy_existing_with_ml_shadow,1,1,1,3636ee12b35a57bbe8811b59ccf2c37a2bfec25ced6170ee3f51615da6f64f83,stage2b_seed_239_base_1_regime_speech_disabled,1,3,existing_with_ml_shadow,3,239,1,2,final_test,existing_with_ml_shadow,0.3333333333333333,1,3,3,1,0,3,0,3,0,2,wolf,0,0,3,2,1
0.004290808920838662,0.0158336824096057,1,speech_disabled,0,2,stage2b_seed_239_base_1_regime_speech_disabled_policy_selective_ml_override,1,1,1,3636ee12b35a57bbe8811b59ccf2c37a2bfec25ced6170ee3f51615da6f64f83,stage2b_seed_239_base_1_regime_speech_disabled,1,3,selective_ml_override,3,239,1,2,final_test,selective_ml_override,0.3333333333333333,1,3,3,1,0,3,0,0,0,2,wolf,0,0,3,2,1
0.004290808920838662,0.0158336824096057,1,speech_disabled,0,2,stage2b_seed_239_base_1_regime_speech_disabled_policy_high_confidence_shadow,1,1,1,3636ee12b35a57bbe8811b59ccf2c37a2bfec25ced6170ee3f51615da6f64f83,stage2b_seed_239_base_1_regime_speech_disabled,1,3,high_confidence_shadow,3,239,1,2,final_test,high_confidence_shadow,0.3333333333333333,1,3,3,1,0,3,0,3,0,2,wolf,0,0,3,2,1
0.0,0.003202331490015975,1,herding_enabled,0,1,stage2b_seed_239_base_1_regime_herding_enabled_policy_existing_rule,1,0,1,3636ee12b35a57bbe8811b59ccf2c37a2bfec25ced6170ee3f51615da6f64f83,stage2b_seed_239_base_1_regime_herding_enabled,0,4,existing_rule,4,239,1,3,final_test,existing_rule,0.75,3,3,4,3,0,4,0,0,0,2,wolf,1,1,4,2,1
0.0,0.003202331490015975,1,herding_enabled,0,1,stage2b_seed_239_base_1_regime_herding_enabled_policy_ml_first_kill_only,1,0,1,3636ee12b35a57bbe8811b59ccf2c37a2bfec25ced6170ee3f51615da6f64f83,stage2b_seed_239_base_1_regime_herding_enabled,0,4,ml_first_kill_only,4,239,1,3,final_test,ml_first_kill_only,0.75,3,3,4,3,1,4,0,0,0,2,wolf,1,1,4,2,1
0.0,0.003792762599064581,1,herding_enabled,0,1,stage2b_seed_239_base_1_regime_herding_enabled_policy_ml_single_random_kill,1,1,1,3636ee12b35a57bbe8811b59ccf2c37a2bfec25ced6170ee3f51615da6f64f83,stage2b_seed_239_base_1_regime_herding_enabled,0,3,ml_single_random_kill,3,239,1,2,final_test,ml_single_random_kill,0.6666666666666666,2,2,3,3,1,3,0,0,0,2,wolf,0,1,3,2,1
0.0,0.005378604617150812,1,herding_enabled,0,1,stage2b_seed_239_base_1_regime_herding_enabled_policy_ml_first_two_kills,1,1,1,3636ee12b35a57bbe8811b59ccf2c37a2bfec25ced6170ee3f51615da6f64f83,stage2b_seed_239_base_1_regime_herding_enabled,0,4,ml_first_two_kills,4,239,0,2,final_test,ml_first_two_kills,0.75,3,3,4,4,2,4,0,0,0,2,wolf,1,1,4,1,1
0.0,0.004248648977993014,1,herding_enabled,0,1,stage2b_seed_239_base_1_regime_herding_enabled_policy_continuous_frozen_ml,1,1,1,3636ee12b35a57bbe8811b59ccf2c37a2bfec25ced6170ee3f51615da6f64f83,stage2b_seed_239_base_1_regime_herding_enabled,0,4,continuous_frozen_ml,4,239,0,1,final_test,continuous_frozen_ml,0.75,3,3,,4,4,4,0,0,1,2,village,0,1,4,0,0
0.0,0.003202331490015975,1,herding_enabled,0,1,stage2b_seed_239_base_1_regime_herding_enabled_policy_existing_with_ml_shadow,1,0,1,3636ee12b35a57bbe8811b59ccf2c37a2bfec25ced6170ee3f51615da6f64f83,stage2b_seed_239_base_1_regime_herding_enabled,0,4,existing_with_ml_shadow,4,239,1,3,final_test,existing_with_ml_shadow,0.75,3,3,4,3,0,4,0,4,0,2,wolf,1,1,4,2,1
0.015115048528491881,0.003202331490015975,1,herding_enabled,0,1,stage2b_seed_239_base_1_regime_herding_enabled_policy_selective_ml_override,1,0,1,3636ee12b35a57bbe8811b59ccf2c37a2bfec25ced6170ee3f51615da6f64f83,stage2b_seed_239_base_1_regime_herding_enabled,0,4,selective_ml_override,4,239,1,3,final_test,selective_ml_override,0.75,3,3,4,3,0,4,0,0,0,2,wolf,1,1,4,2,1
0.015115048528491881,0.003202331490015975,1,herding_enabled,0,1,stage2b_seed_239_base_1_regime_herding_enabled_policy_high_confidence_shadow,1,0,1,3636ee12b35a57bbe8811b59ccf2c37a2bfec25ced6170ee3f51615da6f64f83,stage2b_seed_239_base_1_regime_herding_enabled,0,4,high_confidence_shadow,4,239,1,3,final_test,high_confidence_shadow,0.75,3,3,4,3,0,4,0,4,0,2,wolf,1,1,4,2,1
0.0,0.012746692131008569,1,deception_enabled,0,2,stage2b_seed_239_base_1_regime_deception_enabled_policy_existing_rule,1,1,1,3636ee12b35a57bbe8811b59ccf2c37a2bfec25ced6170ee3f51615da6f64f83,stage2b_seed_239_base_1_regime_deception_enabled,0,4,existing_rule,4,239,1,3,final_test,existing_rule,0.75,3,3,4,3,0,4,0,0,0,2,wolf,1,1,4,1,1
0.0,0.012746692131008569,1,deception_enabled,0,2,stage2b_seed_239_base_1_regime_deception_enabled_policy_ml_first_kill_only,1,1,1,3636ee12b35a57bbe8811b59ccf2c37a2bfec25ced6170ee3f51615da6f64f83,stage2b_seed_239_base_1_regime_deception_enabled,0,4,ml_first_kill_only,4,239,1,3,final_test,ml_first_kill_only,0.75,3,3,4,3,1,4,0,0,0,2,wolf,1,1,4,1,1
0.0,0.012746692131008569,1,deception_enabled,0,2,stage2b_seed_239_base_1_regime_deception_enabled_policy_ml_single_random_kill,1,1,1,3636ee12b35a57bbe8811b59ccf2c37a2bfec25ced6170ee3f51615da6f64f83,stage2b_seed_239_base_1_regime_deception_enabled,0,4,ml_single_random_kill,4,239,1,3,final_test,ml_single_random_kill,0.75,3,3,4,3,1,4,0,0,0,2,wolf,1,1,4,1,1
0.0,0.005544558510268656,1,deception_enabled,0,2,stage2b_seed_239_base_1_regime_deception_enabled_policy_ml_first_two_kills,0,0,1,3636ee12b35a57bbe8811b59ccf2c37a2bfec25ced6170ee3f51615da6f64f83,stage2b_seed_239_base_1_regime_deception_enabled,0,3,ml_first_two_kills,3,239,1,1,final_test,ml_first_two_kills,0.6666666666666666,2,2,,3,2,3,0,0,1,1,village,0,1,3,0,0
0.0,0.005544558510268656,1,deception_enabled,0,2,stage2b_seed_239_base_1_regime_deception_enabled_policy_continuous_frozen_ml,0,0,1,3636ee12b35a57bbe8811b59ccf2c37a2bfec25ced6170ee3f51615da6f64f83,stage2b_seed_239_base_1_regime_deception_enabled,0,3,continuous_frozen_ml,3,239,0,0,final_test,continuous_frozen_ml,0.6666666666666666,2,2,,3,3,3,0,0,1,1,village,0,1,3,0,0
0.0,0.012746692131008569,1,deception_enabled,0,2,stage2b_seed_239_base_1_regime_deception_enabled_policy_existing_with_ml_shadow,1,1,1,3636ee12b35a57bbe8811b59ccf2c37a2bfec25ced6170ee3f51615da6f64f83,stage2b_seed_239_base_1_regime_deception_enabled,0,4,existing_with_ml_shadow,4,239,1,3,final_test,existing_with_ml_shadow,0.75,3,3,4,3,0,4,0,4,0,2,wolf,1,1,4,1,1
0.01987818033270794,0.012746692131008569,1,deception_enabled,0,2,stage2b_seed_239_base_1_regime_deception_enabled_policy_selective_ml_override,1,1,1,3636ee12b35a57bbe8811b59ccf2c37a2bfec25ced6170ee3f51615da6f64f83,stage2b_seed_239_base_1_regime_deception_enabled,0,4,selective_ml_override,4,239,1,3,final_test,selective_ml_override,0.75,3,3,4,3,1,4,1,0,0,2,wolf,1,1,4,1,1
0.01987818033270794,0.012746692131008569,1,deception_enabled,0,2,stage2b_seed_239_base_1_regime_deception_enabled_policy_high_confidence_shadow,1,1,1,3636ee12b35a57bbe8811b59ccf2c37a2bfec25ced6170ee3f51615da6f64f83,stage2b_seed_239_base_1_regime_deception_enabled,0,4,high_confidence_shadow,4,239,1,3,final_test,high_confidence_shadow,0.75,3,3,4,3,0,4,1,4,0,2,wolf,1,1,4,1,1
0.0,0.010571743816080142,1,heterogeneous_risk_preference,0,1,stage2b_seed_239_base_1_regime_heterogeneous_risk_preference_policy_existing_rule,1,0,1,3636ee12b35a57bbe8811b59ccf2c37a2bfec25ced6170ee3f51615da6f64f83,stage2b_seed_239_base_1_regime_heterogeneous_risk_preference,0,4,existing_rule,4,239,1,3,final_test,existing_rule,0.75,3,3,4,3,0,4,0,0,0,2,wolf,1,1,4,2,1
0.0,0.010571743816080142,1,heterogeneous_risk_preference,0,1,stage2b_seed_239_base_1_regime_heterogeneous_risk_preference_policy_ml_first_kill_only,1,0,1,3636ee12b35a57bbe8811b59ccf2c37a2bfec25ced6170ee3f51615da6f64f83,stage2b_seed_239_base_1_regime_heterogeneous_risk_preference,0,4,ml_first_kill_only,4,239,1,3,final_test,ml_first_kill_only,0.75,3,3,4,3,1,4,0,0,0,2,wolf,1,1,4,2,1
0.0,0.010571743816080142,1,heterogeneous_risk_preference,0,1,stage2b_seed_239_base_1_regime_heterogeneous_risk_preference_policy_ml_single_random_kill,1,0,1,3636ee12b35a57bbe8811b59ccf2c37a2bfec25ced6170ee3f51615da6f64f83,stage2b_seed_239_base_1_regime_heterogeneous_risk_preference,0,4,ml_single_random_kill,4,239,1,3,final_test,ml_single_random_kill,0.75,3,3,4,3,1,4,0,0,0,2,wolf,1,1,4,2,1
0.0,0.008894358708101032,1,heterogeneous_risk_preference,0,1,stage2b_seed_239_base_1_regime_heterogeneous_risk_preference_policy_ml_first_two_kills,0,1,1,3636ee12b35a57bbe8811b59ccf2c37a2bfec25ced6170ee3f51615da6f64f83,stage2b_seed_239_base_1_regime_heterogeneous_risk_preference,0,3,ml_first_two_kills,3,239,1,2,final_test,ml_first_two_kills,0.6666666666666666,2,2,,3,2,3,0,0,1,1,village,1,1,3,0,0
0.0,0.008414497427911644,1,heterogeneous_risk_preference,0,1,stage2b_seed_239_base_1_regime_heterogeneous_risk_preference_policy_continuous_frozen_ml,0,1,1,3636ee12b35a57bbe8811b59ccf2c37a2bfec25ced6170ee3f51615da6f64f83,stage2b_seed_239_base_1_regime_heterogeneous_risk_preference,0,4,continuous_frozen_ml,4,239,0,1,final_test,continuous_frozen_ml,0.75,3,3,,4,4,4,0,0,1,1,village,1,1,4,0,0
0.0,0.010571743816080142,1,heterogeneous_risk_preference,0,1,stage2b_seed_239_base_1_regime_heterogeneous_risk_preference_policy_existing_with_ml_shadow,1,0,1,3636ee12b35a57bbe8811b59ccf2c37a2bfec25ced6170ee3f51615da6f64f83,stage2b_seed_239_base_1_regime_heterogeneous_risk_preference,0,4,existing_with_ml_shadow,4,239,1,3,final_test,existing_with_ml_shadow,0.75,3,3,4,3,0,4,0,4,0,2,wolf,1,1,4,2,1
0.017717227621091042,0.010571743816080142,1,heterogeneous_risk_preference,0,1,stage2b_seed_239_base_1_regime_heterogeneous_risk_preference_policy_selective_ml_override,1,0,1,3636ee12b35a57bbe8811b59ccf2c37a2bfec25ced6170ee3f51615da6f64f83,stage2b_seed_239_base_1_regime_heterogeneous_risk_preference,0,4,selective_ml_override,4,239,1,3,final_test,selective_ml_override,0.75,3,3,4,3,0,4,0,0,0,2,wolf,1,1,4,2,1
0.017717227621091042,0.010571743816080142,1,heterogeneous_risk_preference,0,1,stage2b_seed_239_base_1_regime_heterogeneous_risk_preference_policy_high_confidence_shadow,1,0,1,3636ee12b35a57bbe8811b59ccf2c37a2bfec25ced6170ee3f51615da6f64f83,stage2b_seed_239_base_1_regime_heterogeneous_risk_preference,0,4,high_confidence_shadow,4,239,1,3,final_test,high_confidence_shadow,0.75,3,3,4,3,0,4,0,4,0,2,wolf,1,1,4,2,1
0.0,0.010735698682945077,1,strong_village_information,0,1,stage2b_seed_239_base_1_regime_strong_village_information_policy_existing_rule,0,1,1,3636ee12b35a57bbe8811b59ccf2c37a2bfec25ced6170ee3f51615da6f64f83,stage2b_seed_239_base_1_regime_strong_village_information,0,4,existing_rule,4,239,1,2,final_test,existing_rule,0.75,3,3,4,2,0,4,0,0,0,2,wolf,1,1,4,1,1
0.0,0.010735698682945077,1,strong_village_information,0,1,stage2b_seed_239_base_1_regime_strong_village_information_policy_ml_first_kill_only,0,1,1,3636ee12b35a57bbe8811b59ccf2c37a2bfec25ced6170ee3f51615da6f64f83,stage2b_seed_239_base_1_regime_strong_village_information,0,4,ml_first_kill_only,4,239,1,2,final_test,ml_first_kill_only,0.75,3,3,4,2,1,4,0,0,0,2,wolf,1,1,4,1,1
0.0,0.010735698682945077,1,strong_village_information,0,1,stage2b_seed_239_base_1_regime_strong_village_information_policy_ml_single_random_kill,0,1,1,3636ee12b35a57bbe8811b59ccf2c37a2bfec25ced6170ee3f51615da6f64f83,stage2b_seed_239_base_1_regime_strong_village_information,0,4,ml_single_random_kill,4,239,1,2,final_test,ml_single_random_kill,0.75,3,3,4,2,1,4,0,0,0,2,wolf,1,1,4,1,1
0.0,0.004676873044871299,1,strong_village_information,0,1,stage2b_seed_239_base_1_regime_strong_village_information_policy_ml_first_two_kills,1,1,1,3636ee12b35a57bbe8811b59ccf2c37a2bfec25ced6170ee3f51615da6f64f83,stage2b_seed_239_base_1_regime_strong_village_information,1,3,ml_first_two_kills,3,239,0,2,final_test,ml_first_two_kills,0.3333333333333333,1,2,3,3,2,3,0,0,0,2,wolf,1,1,3,2,1
0.0,0.004307334430240922,1,strong_village_information,0,1,stage2b_seed_239_base_1_regime_strong_village_information_policy_continuous_frozen_ml,1,1,1,3636ee12b35a57bbe8811b59ccf2c37a2bfec25ced6170ee3f51615da6f64f83,stage2b_seed_239_base_1_regime_strong_village_information,1,4,continuous_frozen_ml,4,239,0,2,final_test,continuous_frozen_ml,0.5,2,3,4,3,4,4,0,0,0,2,wolf,1,1,4,1,1
0.0,0.010735698682945077,1,strong_village_information,0,1,stage2b_seed_239_base_1_regime_strong_village_information_policy_existing_with_ml_shadow,0,1,1,3636ee12b35a57bbe8811b59ccf2c37a2bfec25ced6170ee3f51615da6f64f83,stage2b_seed_239_base_1_regime_strong_village_information,0,4,existing_with_ml_shadow,4,239,1,2,final_test,existing_with_ml_shadow,0.75,3,3,4,2,0,4,0,4,0,2,wolf,1,1,4,1,1
0.013856403509172693,0.010735698682945077,1,strong_village_information,0,1,stage2b_seed_239_base_1_regime_strong_village_information_policy_selective_ml_override,0,1,1,3636ee12b35a57bbe8811b59ccf2c37a2bfec25ced6170ee3f51615da6f64f83,stage2b_seed_239_base_1_regime_strong_village_information,0,4,selective_ml_override,4,239,1,2,final_test,selective_ml_override,0.75,3,3,4,2,0,4,0,0,0,2,wolf,1,1,4,1,1
0.013856403509172693,0.010735698682945077,1,strong_village_information,0,1,stage2b_seed_239_base_1_regime_strong_village_information_policy_high_confidence_shadow,0,1,1,3636ee12b35a57bbe8811b59ccf2c37a2bfec25ced6170ee3f51615da6f64f83,stage2b_seed_239_base_1_regime_strong_village_information,0,4,high_confidence_shadow,4,239,1,2,final_test,high_confidence_shadow,0.75,3,3,4,2,0,4,0,4,0,2,wolf,1,1,4,1,1
0.0,0.02100442510226655,1,weak_village_information,0,1,stage2b_seed_239_base_1_regime_weak_village_information_policy_existing_rule,1,1,1,3636ee12b35a57bbe8811b59ccf2c37a2bfec25ced6170ee3f51615da6f64f83,stage2b_seed_239_base_1_regime_weak_village_information,0,4,existing_rule,4,239,1,3,final_test,existing_rule,0.75,3,3,4,3,0,4,0,0,0,2,wolf,1,1,4,1,1
0.0,0.015168014002847965,1,weak_village_information,0,1,stage2b_seed_239_base_1_regime_weak_village_information_policy_ml_first_kill_only,1,1,1,3636ee12b35a57bbe8811b59ccf2c37a2bfec25ced6170ee3f51615da6f64f83,stage2b_seed_239_base_1_regime_weak_village_information,0,4,ml_first_kill_only,4,239,0,2,final_test,ml_first_kill_only,0.75,3,3,,3,1,4,0,0,1,2,village,1,1,4,0,0
0.0,0.015168014002847965,1,weak_village_information,0,1,stage2b_seed_239_base_1_regime_weak_village_information_policy_ml_single_random_kill,1,1,1,3636ee12b35a57bbe8811b59ccf2c37a2bfec25ced6170ee3f51615da6f64f83,stage2b_seed_239_base_1_regime_weak_village_information,0,4,ml_single_random_kill,4,239,0,2,final_test,ml_single_random_kill,0.75,3,3,,3,1,4,0,0,1,2,village,1,1,4,0,0
0.0,0.015168014002847965,1,weak_village_information,0,1,stage2b_seed_239_base_1_regime_weak_village_information_policy_ml_first_two_kills,1,1,1,3636ee12b35a57bbe8811b59ccf2c37a2bfec25ced6170ee3f51615da6f64f83,stage2b_seed_239_base_1_regime_weak_village_information,0,4,ml_first_two_kills,4,239,0,2,final_test,ml_first_two_kills,0.75,3,3,,3,2,4,0,0,1,2,village,1,1,4,0,0
0.0,0.015168014002847965,1,weak_village_information,0,1,stage2b_seed_239_base_1_regime_weak_village_information_policy_continuous_frozen_ml,1,1,1,3636ee12b35a57bbe8811b59ccf2c37a2bfec25ced6170ee3f51615da6f64f83,stage2b_seed_239_base_1_regime_weak_village_information,0,4,continuous_frozen_ml,4,239,0,1,final_test,continuous_frozen_ml,0.75,3,3,,3,4,4,0,0,1,2,village,0,1,4,0,0
0.0,0.02100442510226655,1,weak_village_information,0,1,stage2b_seed_239_base_1_regime_weak_village_information_policy_existing_with_ml_shadow,1,1,1,3636ee12b35a57bbe8811b59ccf2c37a2bfec25ced6170ee3f51615da6f64f83,stage2b_seed_239_base_1_regime_weak_village_information,0,4,existing_with_ml_shadow,4,239,1,3,final_test,existing_with_ml_shadow,0.75,3,3,4,3,0,4,0,4,0,2,wolf,1,1,4,1,1
0.02426774772196974,0.015168014002847965,1,weak_village_information,0,1,stage2b_seed_239_base_1_regime_weak_village_information_policy_selective_ml_override,1,1,1,3636ee12b35a57bbe8811b59ccf2c37a2bfec25ced6170ee3f51615da6f64f83,stage2b_seed_239_base_1_regime_weak_village_information,0,4,selective_ml_override,4,239,0,2,final_test,selective_ml_override,0.75,3,3,,3,1,4,1,0,1,2,village,1,1,4,0,0
0.031913359222470905,0.02100442510226655,1,weak_village_information,0,1,stage2b_seed_239_base_1_regime_weak_village_information_policy_high_confidence_shadow,1,1,1,3636ee12b35a57bbe8811b59ccf2c37a2bfec25ced6170ee3f51615da6f64f83,stage2b_seed_239_base_1_regime_weak_village_information,0,4,high_confidence_shadow,4,239,1,3,final_test,high_confidence_shadow,0.75,3,3,4,3,0,4,1,4,0,2,wolf,1,1,4,1,1
0.0,0.008282706690392105,1,mixed_seer_strategy,0,2,stage2b_seed_239_base_1_regime_mixed_seer_strategy_policy_existing_rule,1,1,1,3636ee12b35a57bbe8811b59ccf2c37a2bfec25ced6170ee3f51615da6f64f83,stage2b_seed_239_base_1_regime_mixed_seer_strategy,1,4,existing_rule,4,239,1,3,final_test,existing_rule,0.5,2,3,,3,0,4,0,0,1,1,village,1,1,4,0,0
0.0,0.003644084258472735,1,mixed_seer_strategy,0,,stage2b_seed_239_base_1_regime_mixed_seer_strategy_policy_ml_first_kill_only,0,0,1,3636ee12b35a57bbe8811b59ccf2c37a2bfec25ced6170ee3f51615da6f64f83,stage2b_seed_239_base_1_regime_mixed_seer_strategy,0,3,ml_first_kill_only,3,239,1,1,final_test,ml_first_kill_only,0.6666666666666666,2,2,3,2,1,3,0,0,0,2,wolf,0,1,3,3,1
0.0,0.003644084258472735,1,mixed_seer_strategy,0,,stage2b_seed_239_base_1_regime_mixed_seer_strategy_policy_ml_single_random_kill,0,0,1,3636ee12b35a57bbe8811b59ccf2c37a2bfec25ced6170ee3f51615da6f64f83,stage2b_seed_239_base_1_regime_mixed_seer_strategy,0,3,ml_single_random_kill,3,239,1,1,final_test,ml_single_random_kill,0.6666666666666666,2,2,3,2,1,3,0,0,0,2,wolf,0,1,3,3,1
0.0,0.003644084258472735,1,mixed_seer_strategy,0,,stage2b_seed_239_base_1_regime_mixed_seer_strategy_policy_ml_first_two_kills,0,0,1,3636ee12b35a57bbe8811b59ccf2c37a2bfec25ced6170ee3f51615da6f64f83,stage2b_seed_239_base_1_regime_mixed_seer_strategy,0,3,ml_first_two_kills,3,239,1,1,final_test,ml_first_two_kills,0.6666666666666666,2,2,3,2,2,3,0,0,0,2,wolf,0,1,3,3,1
0.0,0.003644084258472735,1,mixed_seer_strategy,0,,stage2b_seed_239_base_1_regime_mixed_seer_strategy_policy_continuous_frozen_ml,0,0,1,3636ee12b35a57bbe8811b59ccf2c37a2bfec25ced6170ee3f51615da6f64f83,stage2b_seed_239_base_1_regime_mixed_seer_strategy,0,3,continuous_frozen_ml,3,239,0,1,final_test,continuous_frozen_ml,0.6666666666666666,2,2,3,2,3,3,0,0,0,2,wolf,1,1,3,3,1
0.0,0.008282706690392105,1,mixed_seer_strategy,0,2,stage2b_seed_239_base_1_regime_mixed_seer_strategy_policy_existing_with_ml_shadow,1,1,1,3636ee12b35a57bbe8811b59ccf2c37a2bfec25ced6170ee3f51615da6f64f83,stage2b_seed_239_base_1_regime_mixed_seer_strategy,1,4,existing_with_ml_shadow,4,239,1,3,final_test,existing_with_ml_shadow,0.5,2,3,,3,0,4,0,4,1,1,village,1,1,4,0,0
0.01364006277239821,0.008282706690392105,1,mixed_seer_strategy,0,2,stage2b_seed_239_base_1_regime_mixed_seer_strategy_policy_selective_ml_override,1,1,1,3636ee12b35a57bbe8811b59ccf2c37a2bfec25ced6170ee3f51615da6f64f83,stage2b_seed_239_base_1_regime_mixed_seer_strategy,1,4,selective_ml_override,4,239,1,3,final_test,selective_ml_override,0.5,2,3,,3,0,4,0,0,1,1,village,1,1,4,0,0
0.01364006277239821,0.008282706690392105,1,mixed_seer_strategy,0,2,stage2b_seed_239_base_1_regime_mixed_seer_strategy_policy_high_confidence_shadow,1,1,1,3636ee12b35a57bbe8811b59ccf2c37a2bfec25ced6170ee3f51615da6f64f83,stage2b_seed_239_base_1_regime_mixed_seer_strategy,1,4,high_confidence_shadow,4,239,1,3,final_test,high_confidence_shadow,0.5,2,3,,3,0,4,0,4,1,1,village,1,1,4,0,0
0.0,0.004616795543953889,1,mixed_voting_strategy,0,1,stage2b_seed_239_base_1_regime_mixed_voting_strategy_policy_existing_rule,1,1,1,3636ee12b35a57bbe8811b59ccf2c37a2bfec25ced6170ee3f51615da6f64f83,stage2b_seed_239_base_1_regime_mixed_voting_strategy,0,4,existing_rule,4,239,1,3,final_test,existing_rule,0.75,3,3,,4,0,4,0,0,1,2,village,1,1,4,0,0
0.0,0.0091606789349196,1,mixed_voting_strategy,0,1,stage2b_seed_239_base_1_regime_mixed_voting_strategy_policy_ml_first_kill_only,0,0,1,3636ee12b35a57bbe8811b59ccf2c37a2bfec25ced6170ee3f51615da6f64f83,stage2b_seed_239_base_1_regime_mixed_voting_strategy,0,3,ml_first_kill_only,3,239,1,1,final_test,ml_first_kill_only,0.6666666666666666,2,2,3,3,1,3,0,0,0,3,wolf,0,1,3,2,1
0.0,0.004616795543953889,1,mixed_voting_strategy,0,1,stage2b_seed_239_base_1_regime_mixed_voting_strategy_policy_ml_single_random_kill,1,1,1,3636ee12b35a57bbe8811b59ccf2c37a2bfec25ced6170ee3f51615da6f64f83,stage2b_seed_239_base_1_regime_mixed_voting_strategy,0,4,ml_single_random_kill,4,239,1,3,final_test,ml_single_random_kill,0.75,3,3,,4,1,4,0,0,1,2,village,1,1,4,0,0
0.0,0.0091606789349196,1,mixed_voting_strategy,0,1,stage2b_seed_239_base_1_regime_mixed_voting_strategy_policy_ml_first_two_kills,0,0,1,3636ee12b35a57bbe8811b59ccf2c37a2bfec25ced6170ee3f51615da6f64f83,stage2b_seed_239_base_1_regime_mixed_voting_strategy,0,3,ml_first_two_kills,3,239,1,1,final_test,ml_first_two_kills,0.6666666666666666,2,2,3,3,2,3,0,0,0,3,wolf,0,1,3,2,1
0.0,0.0091606789349196,1,mixed_voting_strategy,0,1,stage2b_seed_239_base_1_regime_mixed_voting_strategy_policy_continuous_frozen_ml,0,0,1,3636ee12b35a57bbe8811b59ccf2c37a2bfec25ced6170ee3f51615da6f64f83,stage2b_seed_239_base_1_regime_mixed_voting_strategy,0,3,continuous_frozen_ml,3,239,0,0,final_test,continuous_frozen_ml,0.6666666666666666,2,2,3,3,3,3,0,0,0,3,wolf,0,1,3,2,1
0.0,0.004616795543953889,1,mixed_voting_strategy,0,1,stage2b_seed_239_base_1_regime_mixed_voting_strategy_policy_existing_with_ml_shadow,1,1,1,3636ee12b35a57bbe8811b59ccf2c37a2bfec25ced6170ee3f51615da6f64f83,stage2b_seed_239_base_1_regime_mixed_voting_strategy,0,4,existing_with_ml_shadow,4,239,1,3,final_test,existing_with_ml_shadow,0.75,3,3,,4,0,4,0,4,1,2,village,1,1,4,0,0
0.032190713839532065,0.004616795543953889,1,mixed_voting_strategy,0,1,stage2b_seed_239_base_1_regime_mixed_voting_strategy_policy_selective_ml_override,1,1,1,3636ee12b35a57bbe8811b59ccf2c37a2bfec25ced6170ee3f51615da6f64f83,stage2b_seed_239_base_1_regime_mixed_voting_strategy,0,4,selective_ml_override,4,239,1,3,final_test,selective_ml_override,0.75,3,3,,4,0,4,0,0,1,2,village,1,1,4,0,0
0.032190713839532065,0.004616795543953889,1,mixed_voting_strategy,0,1,stage2b_seed_239_base_1_regime_mixed_voting_strategy_policy_high_confidence_shadow,1,1,1,3636ee12b35a57bbe8811b59ccf2c37a2bfec25ced6170ee3f51615da6f64f83,stage2b_seed_239_base_1_regime_mixed_voting_strategy,0,4,high_confidence_shadow,4,239,1,3,final_test,high_confidence_shadow,0.75,3,3,,4,0,4,0,4,1,2,village,1,1,4,0,0
0.0,0.003320871383487689,1,mixed_wolf_deception_strategy,0,,stage2b_seed_239_base_1_regime_mixed_wolf_deception_strategy_policy_existing_rule,0,1,1,3636ee12b35a57bbe8811b59ccf2c37a2bfec25ced6170ee3f51615da6f64f83,stage2b_seed_239_base_1_regime_mixed_wolf_deception_strategy,1,2,existing_rule,2,239,1,1,final_test,existing_rule,0.0,0,1,2,2,0,2,0,0,0,2,wolf,0,1,2,3,1
0.0,0.003320871383487689,1,mixed_wolf_deception_strategy,0,,stage2b_seed_239_base_1_regime_mixed_wolf_deception_strategy_policy_ml_first_kill_only,0,1,1,3636ee12b35a57bbe8811b59ccf2c37a2bfec25ced6170ee3f51615da6f64f83,stage2b_seed_239_base_1_regime_mixed_wolf_deception_strategy,1,2,ml_first_kill_only,2,239,1,1,final_test,ml_first_kill_only,0.0,0,1,2,2,1,2,0,0,0,2,wolf,0,1,2,3,1
0.0,0.003320871383487689,1,mixed_wolf_deception_strategy,0,,stage2b_seed_239_base_1_regime_mixed_wolf_deception_strategy_policy_ml_single_random_kill,0,1,1,3636ee12b35a57bbe8811b59ccf2c37a2bfec25ced6170ee3f51615da6f64f83,stage2b_seed_239_base_1_regime_mixed_wolf_deception_strategy,1,2,ml_single_random_kill,2,239,1,1,final_test,ml_single_random_kill,0.0,0,1,2,2,1,2,0,0,0,2,wolf,0,1,2,3,1
0.0,0.006246841375846468,1,mixed_wolf_deception_strategy,0,2,stage2b_seed_239_base_1_regime_mixed_wolf_deception_strategy_policy_ml_first_two_kills,0,1,1,3636ee12b35a57bbe8811b59ccf2c37a2bfec25ced6170ee3f51615da6f64f83,stage2b_seed_239_base_1_regime_mixed_wolf_deception_strategy,1,4,ml_first_two_kills,4,239,1,1,final_test,ml_first_two_kills,0.5,2,3,,4,2,4,0,0,1,1,village,0,1,4,0,0
0.0,0.005552387594741359,1,mixed_wolf_deception_strategy,0,2,stage2b_seed_239_base_1_regime_mixed_wolf_deception_strategy_policy_continuous_frozen_ml,0,1,1,3636ee12b35a57bbe8811b59ccf2c37a2bfec25ced6170ee3f51615da6f64f83,stage2b_seed_239_base_1_regime_mixed_wolf_deception_strategy,1,4,continuous_frozen_ml,4,239,1,1,final_test,continuous_frozen_ml,0.5,2,3,,3,4,4,0,0,1,1,village,0,1,4,0,0
0.0,0.003320871383487689,1,mixed_wolf_deception_strategy,0,,stage2b_seed_239_base_1_regime_mixed_wolf_deception_strategy_policy_existing_with_ml_shadow,0,1,1,3636ee12b35a57bbe8811b59ccf2c37a2bfec25ced6170ee3f51615da6f64f83,stage2b_seed_239_base_1_regime_mixed_wolf_deception_strategy,1,2,existing_with_ml_shadow,2,239,1,1,final_test,existing_with_ml_shadow,0.0,0,1,2,2,0,2,0,2,0,2,wolf,0,1,2,3,1
0.021610167987621942,0.003320871383487689,1,mixed_wolf_deception_strategy,0,,stage2b_seed_239_base_1_regime_mixed_wolf_deception_strategy_policy_selective_ml_override,0,1,1,3636ee12b35a57bbe8811b59ccf2c37a2bfec25ced6170ee3f51615da6f64f83,stage2b_seed_239_base_1_regime_mixed_wolf_deception_strategy,1,2,selective_ml_override,2,239,1,1,final_test,selective_ml_override,0.0,0,1,2,2,0,2,0,0,0,2,wolf,0,1,2,3,1
0.021610167987621942,0.003320871383487689,1,mixed_wolf_deception_strategy,0,,stage2b_seed_239_base_1_regime_mixed_wolf_deception_strategy_policy_high_confidence_shadow,0,1,1,3636ee12b35a57bbe8811b59ccf2c37a2bfec25ced6170ee3f51615da6f64f83,stage2b_seed_239_base_1_regime_mixed_wolf_deception_strategy,1,2,high_confidence_shadow,2,239,1,1,final_test,high_confidence_shadow,0.0,0,1,2,2,0,2,0,2,0,2,wolf,0,1,2,3,1
