decision_id,observation_id,game_id,seed,base_game_index,behavioral_regime_id,game_family_id,base_configuration_id,split_group_id,split_name,split_level,round,phase,decision_type,actor_uid,actor_team,actor_role_if_self_known,candidate_uid,action_legal,action_selected_by_existing_policy,existing_policy_name,selected_candidate_uid,round_number,phase_is_night,phase_is_day,decision_type_is_seer_check,decision_type_is_wolf_kill,decision_type_is_day_vote,actor_team_is_wolf,actor_team_is_village,alive_count,dead_count,public_revealed_role_count,public_information_entropy_proxy,number_of_public_check_results,number_of_previous_eliminations,actor_suspicion_score,actor_p_wolf,actor_risk_conservative,actor_risk_aggressive,actor_previous_votes_made,actor_previous_speeches_made,actor_known_teammate_count,candidate_alive,candidate_checked_by_actor_status,candidate_public_role_known,candidate_suspicion_score,candidate_p_wolf,candidate_received_accusations,candidate_made_accusations,candidate_wrong_accusation_count,candidate_vote_received_count,candidate_vote_made_count,candidate_vote_switch_count,candidate_speech_count,candidate_defense_count,candidate_role_claim_count,candidate_special_role_claim_count,candidate_trust_from_actor,candidate_conflict_with_actor,candidate_support_from_actor,candidate_public_influence_proxy,candidate_physical_seat_numeric,candidate_seat_is_edge,candidate_side_is_left,candidate_distance_from_actor,candidate_search_coverage_bonus,candidate_was_previously_targeted_by_actor,candidate_known_wolf_to_actor,candidate_known_village_to_actor,candidate_current_vote_count,current_vote_total,candidate_uncertainty_proxy,candidate_survival_proxy,true_candidate_role_label,candidate_is_wolf_label,candidate_is_special_label,eventual_winner_label,actor_team_win_label,surrogate_rollout_value,full_rollout_mean_team_win_rate,full_rollout_team_win_standard_error,full_rollout_worst_case_team_win_rate,full_rollout_value_variance_across_policies,full_rollout_count,full_rollout_policy_values_json,full_rollout_best_action,full_rollout_value_rank_within_decision,full_rollout_existing_policy_regret
cdaa8d652413ca5029999c534144d15df933f42090695a0c81bb87773c9840f2,fdd34c2bbe4c35bdc8b5ad082193fc085b484711c847bf3d8a8b46b66e3a24ad,baseline_rule_policy_seed_42_game_1_day_vote,42,1,baseline_rule_policy,regime_baseline_rule_policy_seed_42_base_1,regime_baseline_rule_policy_seed_42_base_1,regime_baseline_rule_policy_seed_42_base_1,train,A_in_distribution,1,day,day_vote,1,wolf,werewolf,6,1,1,suspicion_based,6,1,0,1,0,0,1,1,0,10,0,0,0.28500000000000003,0,0,0.0,0.3,0,0,0,0,2,1,0,0,0.0,0.3,0,0,0,0,0,0,0,0,0,0,0.5,0,0,0.0,6,1,0,5,0.0,0,0,0,0,0,0.3,1.425,hunter,0,1,,,1.0,0.5714285714285714,0.20203050891044216,0.0,0.28571428571428575,7,"{""baseline_rule_policy"": 0.0, ""deception_enabled_policy"": 0.0, ""mixed_rule_policy"": 1.0, ""randomized_legal_policy"": 1.0, ""risk_heterogeneous_policy"": 1.0, ""seat_order_neutral_policy"": 1.0, ""speech_and_herding_policy"": 0.0}",10,2,0.2857142857142857
cdaa8d652413ca5029999c534144d15df933f42090695a0c81bb87773c9840f2,fdd34c2bbe4c35bdc8b5ad082193fc085b484711c847bf3d8a8b46b66e3a24ad,baseline_rule_policy_seed_42_game_1_day_vote,42,1,baseline_rule_policy,regime_baseline_rule_policy_seed_42_base_1,regime_baseline_rule_policy_seed_42_base_1,regime_baseline_rule_policy_seed_42_base_1,train,A_in_distribution,1,day,day_vote,1,wolf,werewolf,10,1,0,suspicion_based,6,1,0,1,0,0,1,1,0,10,0,0,0.28500000000000003,0,0,0.0,0.3,0,0,0,0,2,1,0,0,0.0,0.3,0,0,0,0,0,0,0,0,0,0,0.5,0,0,0.0,10,1,0,1,0.0,0,0,0,0,0,0.3,1.425,witch,0,1,,,0.6666666666666666,0.8571428571428571,0.14285714285714285,0.0,0.14285714285714285,7,"{""baseline_rule_policy"": 1.0, ""deception_enabled_policy"": 1.0, ""mixed_rule_policy"": 1.0, ""randomized_legal_policy"": 1.0, ""risk_heterogeneous_policy"": 1.0, ""seat_order_neutral_policy"": 1.0, ""speech_and_herding_policy"": 0.0}",10,1,0.2857142857142857
cdaa8d652413ca5029999c534144d15df933f42090695a0c81bb87773c9840f2,fdd34c2bbe4c35bdc8b5ad082193fc085b484711c847bf3d8a8b46b66e3a24ad,baseline_rule_policy_seed_42_game_1_day_vote,42,1,baseline_rule_policy,regime_baseline_rule_policy_seed_42_base_1,regime_baseline_rule_policy_seed_42_base_1,regime_baseline_rule_policy_seed_42_base_1,train,A_in_distribution,1,day,day_vote,1,wolf,werewolf,7,1,0,suspicion_based,6,1,0,1,0,0,1,1,0,10,0,0,0.28500000000000003,0,0,0.0,0.3,0,0,0,0,2,1,0,0,0.0,0.3,0,0,0,0,0,0,0,0,0,0,0.5,0,0,0.0,7,0,0,4,0.0,0,0,0,0,0,0.3,1.425,villager,0,0,,,1.0,0.5714285714285714,0.20203050891044216,0.0,0.28571428571428575,7,"{""baseline_rule_policy"": 0.0, ""deception_enabled_policy"": 0.0, ""mixed_rule_policy"": 1.0, ""randomized_legal_policy"": 1.0, ""risk_heterogeneous_policy"": 1.0, ""seat_order_neutral_policy"": 1.0, ""speech_and_herding_policy"": 0.0}",10,2,0.2857142857142857
cdaa8d652413ca5029999c534144d15df933f42090695a0c81bb87773c9840f2,fdd34c2bbe4c35bdc8b5ad082193fc085b484711c847bf3d8a8b46b66e3a24ad,baseline_rule_policy_seed_42_game_1_day_vote,42,1,baseline_rule_policy,regime_baseline_rule_policy_seed_42_base_1,regime_baseline_rule_policy_seed_42_base_1,regime_baseline_rule_policy_seed_42_base_1,train,A_in_distribution,1,day,day_vote,1,wolf,werewolf,9,1,0,suspicion_based,6,1,0,1,0,0,1,1,0,10,0,0,0.28500000000000003,0,0,0.0,0.3,0,0,0,0,2,1,0,0,0.0,0.3,0,0,0,0,0,0,0,0,0,0,0.5,0,0,0.0,9,0,0,2,0.0,0,0,0,0,0,0.3,1.425,seer,0,1,,,0.6666666666666666,0.42857142857142855,0.20203050891044214,0.0,0.2857142857142857,7,"{""baseline_rule_policy"": 0.0, ""deception_enabled_policy"": 0.0, ""mixed_rule_policy"": 1.0, ""randomized_legal_policy"": 1.0, ""risk_heterogeneous_policy"": 0.0, ""seat_order_neutral_policy"": 1.0, ""speech_and_herding_policy"": 0.0}",10,4,0.2857142857142857
c11c567d7bfb6e61db55b14147fce818c817d410dcceba050c975025ff2b3d40,23a338cc943c62e6bdfc1931da1631b78a9d7d088d241f157fa7c317ce1739fc,baseline_rule_policy_seed_42_game_2_day_vote,42,2,baseline_rule_policy,regime_baseline_rule_policy_seed_42_base_2,regime_baseline_rule_policy_seed_42_base_2,regime_baseline_rule_policy_seed_42_base_2,train,A_in_distribution,1,day,day_vote,1,village,villager,3,1,1,suspicion_based,3,1,0,1,0,0,1,0,1,10,0,0,0.28500000000000003,0,0,0.0,0.3,0,0,0,0,0,1,0,0,0.0,0.3,0,0,0,0,0,0,0,0,0,0,0.5,0,0,0.0,3,0,1,2,0.0,0,0,0,0,0,0.3,1.425,witch,0,1,,,0.3333333333333333,0.14285714285714285,0.14285714285714288,0.0,0.14285714285714288,7,"{""baseline_rule_policy"": 1.0, ""deception_enabled_policy"": 0.0, ""mixed_rule_policy"": 0.0, ""randomized_legal_policy"": 0.0, ""risk_heterogeneous_policy"": 0.0, ""seat_order_neutral_policy"": 0.0, ""speech_and_herding_policy"": 0.0}",6,3,0.42857142857142855
c11c567d7bfb6e61db55b14147fce818c817d410dcceba050c975025ff2b3d40,23a338cc943c62e6bdfc1931da1631b78a9d7d088d241f157fa7c317ce1739fc,baseline_rule_policy_seed_42_game_2_day_vote,42,2,baseline_rule_policy,regime_baseline_rule_policy_seed_42_base_2,regime_baseline_rule_policy_seed_42_base_2,regime_baseline_rule_policy_seed_42_base_2,train,A_in_distribution,1,day,day_vote,1,village,villager,10,1,0,suspicion_based,3,1,0,1,0,0,1,0,1,10,0,0,0.28500000000000003,0,0,0.0,0.3,0,0,0,0,0,1,0,0,0.0,0.3,0,0,0,0,0,0,0,0,0,0,0.5,0,0,0.0,10,1,0,1,0.0,0,0,0,0,0,0.3,1.425,werewolf,1,0,,,0.3333333333333333,0.2857142857142857,0.18442777839082938,0.0,0.2380952380952381,7,"{""baseline_rule_policy"": 1.0, ""deception_enabled_policy"": 1.0, ""mixed_rule_policy"": 0.0, ""randomized_legal_policy"": 0.0, ""risk_heterogeneous_policy"": 0.0, ""seat_order_neutral_policy"": 0.0, ""speech_and_herding_policy"": 0.0}",6,2,0.42857142857142855
c11c567d7bfb6e61db55b14147fce818c817d410dcceba050c975025ff2b3d40,23a338cc943c62e6bdfc1931da1631b78a9d7d088d241f157fa7c317ce1739fc,baseline_rule_policy_seed_42_game_2_day_vote,42,2,baseline_rule_policy,regime_baseline_rule_policy_seed_42_base_2,regime_baseline_rule_policy_seed_42_base_2,regime_baseline_rule_policy_seed_42_base_2,train,A_in_distribution,1,day,day_vote,1,village,villager,8,1,0,suspicion_based,3,1,0,1,0,0,1,0,1,10,0,0,0.28500000000000003,0,0,0.0,0.3,0,0,0,0,0,1,0,0,0.0,0.3,0,0,0,0,0,0,0,0,0,0,0.5,0,0,0.0,8,0,0,3,0.0,0,0,0,0,0,0.3,1.425,villager,0,0,,,0.0,0.14285714285714285,0.14285714285714288,0.0,0.14285714285714288,7,"{""baseline_rule_policy"": 0.0, ""deception_enabled_policy"": 0.0, ""mixed_rule_policy"": 1.0, ""randomized_legal_policy"": 0.0, ""risk_heterogeneous_policy"": 0.0, ""seat_order_neutral_policy"": 0.0, ""speech_and_herding_policy"": 0.0}",6,3,0.42857142857142855
c11c567d7bfb6e61db55b14147fce818c817d410dcceba050c975025ff2b3d40,23a338cc943c62e6bdfc1931da1631b78a9d7d088d241f157fa7c317ce1739fc,baseline_rule_policy_seed_42_game_2_day_vote,42,2,baseline_rule_policy,regime_baseline_rule_policy_seed_42_base_2,regime_baseline_rule_policy_seed_42_base_2,regime_baseline_rule_policy_seed_42_base_2,train,A_in_distribution,1,day,day_vote,1,village,villager,6,1,0,suspicion_based,3,1,0,1,0,0,1,0,1,10,0,0,0.28500000000000003,0,0,0.0,0.3,0,0,0,0,0,1,0,0,0.0,0.3,0,0,0,0,0,0,0,0,0,0,0.5,0,0,0.0,6,1,0,5,0.0,0,0,0,0,0,0.3,1.425,werewolf,1,0,,,1.0,0.5714285714285714,0.20203050891044216,0.0,0.28571428571428575,7,"{""baseline_rule_policy"": 1.0, ""deception_enabled_policy"": 1.0, ""mixed_rule_policy"": 1.0, ""randomized_legal_policy"": 1.0, ""risk_heterogeneous_policy"": 0.0, ""seat_order_neutral_policy"": 0.0, ""speech_and_herding_policy"": 0.0}",6,1,0.42857142857142855
9f117d5c977187a4fc8c5dcdd20d4fece9acf66b29554e1df9554ade09bd2b6f,1a0cd4265f060aabd816c074c19fa0e4a432cf4bc9a3c1733606edbc4963bd21,baseline_rule_policy_seed_43_game_1_day_vote,43,1,baseline_rule_policy,regime_baseline_rule_policy_seed_43_base_1,regime_baseline_rule_policy_seed_43_base_1,regime_baseline_rule_policy_seed_43_base_1,train,A_in_distribution,1,day,day_vote,1,village,villager,6,1,1,suspicion_based,6,1,0,1,0,0,1,0,1,10,0,0,0.28500000000000003,0,0,0.0,0.3,0,0,0,0,0,1,0,0,0.0,0.3,0,0,0,0,0,0,0,0,0,0,0.5,0,0,0.0,6,1,0,5,0.0,0,0,0,0,0,0.3,1.425,werewolf,1,0,,,0.0,0.2857142857142857,0.18442777839082938,0.0,0.2380952380952381,7,"{""baseline_rule_policy"": 1.0, ""deception_enabled_policy"": 0.0, ""mixed_rule_policy"": 0.0, ""randomized_legal_policy"": 0.0, ""risk_heterogeneous_policy"": 0.0, ""seat_order_neutral_policy"": 0.0, ""speech_and_herding_policy"": 1.0}",5,2,0.14285714285714285
9f117d5c977187a4fc8c5dcdd20d4fece9acf66b29554e1df9554ade09bd2b6f,1a0cd4265f060aabd816c074c19fa0e4a432cf4bc9a3c1733606edbc4963bd21,baseline_rule_policy_seed_43_game_1_day_vote,43,1,baseline_rule_policy,regime_baseline_rule_policy_seed_43_base_1,regime_baseline_rule_policy_seed_43_base_1,regime_baseline_rule_policy_seed_43_base_1,train,A_in_distribution,1,day,day_vote,1,village,villager,10,1,0,suspicion_based,6,1,0,1,0,0,1,0,1,10,0,0,0.28500000000000003,0,0,0.0,0.3,0,0,0,0,0,1,0,0,0.0,0.3,0,0,0,0,0,0,0,0,0,0,0.5,0,0,0.0,10,1,0,1,0.0,0,0,0,0,0,0.3,1.425,witch,0,1,,,0.0,0.0,0.0,0.0,0.0,7,"{""baseline_rule_policy"": 0.0, ""deception_enabled_policy"": 0.0, ""mixed_rule_policy"": 0.0, ""randomized_legal_policy"": 0.0, ""risk_heterogeneous_policy"": 0.0, ""seat_order_neutral_policy"": 0.0, ""speech_and_herding_policy"": 0.0}",5,4,0.14285714285714285
9f117d5c977187a4fc8c5dcdd20d4fece9acf66b29554e1df9554ade09bd2b6f,1a0cd4265f060aabd816c074c19fa0e4a432cf4bc9a3c1733606edbc4963bd21,baseline_rule_policy_seed_43_game_1_day_vote,43,1,baseline_rule_policy,regime_baseline_rule_policy_seed_43_base_1,regime_baseline_rule_policy_seed_43_base_1,regime_baseline_rule_policy_seed_43_base_1,train,A_in_distribution,1,day,day_vote,1,village,villager,5,1,0,suspicion_based,6,1,0,1,0,0,1,0,1,10,0,0,0.28500000000000003,0,0,0.0,0.3,0,0,0,0,0,1,0,0,0.0,0.3,0,0,0,0,0,0,0,0,0,0,0.5,0,0,0.0,5,1,1,4,0.0,0,0,0,0,0,0.3,1.425,werewolf,1,0,,,0.3333333333333333,0.42857142857142855,0.20203050891044214,0.0,0.2857142857142857,7,"{""baseline_rule_policy"": 1.0, ""deception_enabled_policy"": 0.0, ""mixed_rule_policy"": 0.0, ""randomized_legal_policy"": 0.0, ""risk_heterogeneous_policy"": 1.0, ""seat_order_neutral_policy"": 1.0, ""speech_and_herding_policy"": 0.0}",5,1,0.14285714285714285
9f117d5c977187a4fc8c5dcdd20d4fece9acf66b29554e1df9554ade09bd2b6f,1a0cd4265f060aabd816c074c19fa0e4a432cf4bc9a3c1733606edbc4963bd21,baseline_rule_policy_seed_43_game_1_day_vote,43,1,baseline_rule_policy,regime_baseline_rule_policy_seed_43_base_1,regime_baseline_rule_policy_seed_43_base_1,regime_baseline_rule_policy_seed_43_base_1,train,A_in_distribution,1,day,day_vote,1,village,villager,7,1,0,suspicion_based,6,1,0,1,0,0,1,0,1,10,0,0,0.28500000000000003,0,0,0.0,0.3,0,0,0,0,0,1,0,0,0.0,0.3,0,0,0,0,0,0,0,0,0,0,0.5,0,0,0.0,7,0,0,4,0.0,0,0,0,0,0,0.3,1.425,hunter,0,1,,,0.3333333333333333,0.14285714285714285,0.14285714285714288,0.0,0.14285714285714288,7,"{""baseline_rule_policy"": 0.0, ""deception_enabled_policy"": 0.0, ""mixed_rule_policy"": 0.0, ""randomized_legal_policy"": 0.0, ""risk_heterogeneous_policy"": 0.0, ""seat_order_neutral_policy"": 0.0, ""speech_and_herding_policy"": 1.0}",5,3,0.14285714285714285
8dc6c968885d370e47693928658c07b0c98705c83d44625211b686ec7c545e83,27920fefba4dbf0d3ac436bd3e32e74dbc097fafcd832e9052c9db14c50cf79a,baseline_rule_policy_seed_43_game_2_day_vote,43,2,baseline_rule_policy,regime_baseline_rule_policy_seed_43_base_2,regime_baseline_rule_policy_seed_43_base_2,regime_baseline_rule_policy_seed_43_base_2,train,A_in_distribution,1,day,day_vote,1,village,villager,6,1,1,suspicion_based,6,1,0,1,0,0,1,0,1,10,0,0,0.28500000000000003,0,0,0.0,0.3,0,0,0,0,0,1,0,0,0.0,0.3,0,0,0,0,0,0,0,0,0,0,0.5,0,0,0.0,6,1,0,5,0.0,0,0,0,0,0,0.3,1.425,werewolf,1,0,,,0.3333333333333333,0.14285714285714285,0.14285714285714288,0.0,0.14285714285714288,7,"{""baseline_rule_policy"": 0.0, ""deception_enabled_policy"": 0.0, ""mixed_rule_policy"": 1.0, ""randomized_legal_policy"": 0.0, ""risk_heterogeneous_policy"": 0.0, ""seat_order_neutral_policy"": 0.0, ""speech_and_herding_policy"": 0.0}",6,1,0.0
8dc6c968885d370e47693928658c07b0c98705c83d44625211b686ec7c545e83,27920fefba4dbf0d3ac436bd3e32e74dbc097fafcd832e9052c9db14c50cf79a,baseline_rule_policy_seed_43_game_2_day_vote,43,2,baseline_rule_policy,regime_baseline_rule_policy_seed_43_base_2,regime_baseline_rule_policy_seed_43_base_2,regime_baseline_rule_policy_seed_43_base_2,train,A_in_distribution,1,day,day_vote,1,village,villager,10,1,0,suspicion_based,6,1,0,1,0,0,1,0,1,10,0,0,0.28500000000000003,0,0,0.0,0.3,0,0,0,0,0,1,0,0,0.0,0.3,0,0,0,0,0,0,0,0,0,0,0.5,0,0,0.0,10,1,0,1,0.0,0,0,0,0,0,0.3,1.425,villager,0,0,,,0.3333333333333333,0.0,0.0,0.0,0.0,7,"{""baseline_rule_policy"": 0.0, ""deception_enabled_policy"": 0.0, ""mixed_rule_policy"": 0.0, ""randomized_legal_policy"": 0.0, ""risk_heterogeneous_policy"": 0.0, ""seat_order_neutral_policy"": 0.0, ""speech_and_herding_policy"": 0.0}",6,2,0.0
8dc6c968885d370e47693928658c07b0c98705c83d44625211b686ec7c545e83,27920fefba4dbf0d3ac436bd3e32e74dbc097fafcd832e9052c9db14c50cf79a,baseline_rule_policy_seed_43_game_2_day_vote,43,2,baseline_rule_policy,regime_baseline_rule_policy_seed_43_base_2,regime_baseline_rule_policy_seed_43_base_2,regime_baseline_rule_policy_seed_43_base_2,train,A_in_distribution,1,day,day_vote,1,village,villager,7,1,0,suspicion_based,6,1,0,1,0,0,1,0,1,10,0,0,0.28500000000000003,0,0,0.0,0.3,0,0,0,0,0,1,0,0,0.0,0.3,0,0,0,0,0,0,0,0,0,0,0.5,0,0,0.0,7,0,0,4,0.0,0,0,0,0,0,0.3,1.425,villager,0,0,,,0.6666666666666666,0.0,0.0,0.0,0.0,7,"{""baseline_rule_policy"": 0.0, ""deception_enabled_policy"": 0.0, ""mixed_rule_policy"": 0.0, ""randomized_legal_policy"": 0.0, ""risk_heterogeneous_policy"": 0.0, ""seat_order_neutral_policy"": 0.0, ""speech_and_herding_policy"": 0.0}",6,2,0.0
8dc6c968885d370e47693928658c07b0c98705c83d44625211b686ec7c545e83,27920fefba4dbf0d3ac436bd3e32e74dbc097fafcd832e9052c9db14c50cf79a,baseline_rule_policy_seed_43_game_2_day_vote,43,2,baseline_rule_policy,regime_baseline_rule_policy_seed_43_base_2,regime_baseline_rule_policy_seed_43_base_2,regime_baseline_rule_policy_seed_43_base_2,train,A_in_distribution,1,day,day_vote,1,village,villager,2,1,0,suspicion_based,6,1,0,1,0,0,1,0,1,10,0,0,0.28500000000000003,0,0,0.0,0.3,0,0,0,0,0,1,0,0,0.0,0.3,0,0,0,0,0,0,0,0,0,0,0.5,0,0,0.0,2,0,1,1,0.0,0,0,0,0,0,0.3,1.425,hunter,0,1,,,0.6666666666666666,0.0,0.0,0.0,0.0,7,"{""baseline_rule_policy"": 0.0, ""deception_enabled_policy"": 0.0, ""mixed_rule_policy"": 0.0, ""randomized_legal_policy"": 0.0, ""risk_heterogeneous_policy"": 0.0, ""seat_order_neutral_policy"": 0.0, ""speech_and_herding_policy"": 0.0}",6,2,0.0
ebc673b5bb362fc9243c57ddb6a7d1bbdea22d10d61f6f7201ffd60b8a229bad,11e296918a254fc20915a549c877a0f265004a10719235097aeb249995a1b977,baseline_rule_policy_seed_44_game_1_day_vote,44,1,baseline_rule_policy,regime_baseline_rule_policy_seed_44_base_1,regime_baseline_rule_policy_seed_44_base_1,regime_baseline_rule_policy_seed_44_base_1,train,A_in_distribution,1,day,day_vote,1,village,witch,6,1,1,suspicion_based,6,1,0,1,0,0,1,0,1,10,0,0,0.28500000000000003,0,0,0.0,0.15,0,0,0,0,0,1,0,0,0.0,0.3,0,0,0,0,0,0,0,0,0,0,0.5,0,0,0.0,6,1,0,5,0.0,0,0,0,0,0,0.3,1.425,seer,0,1,,,0.3333333333333333,0.14285714285714285,0.14285714285714288,0.0,0.14285714285714288,7,"{""baseline_rule_policy"": 0.0, ""deception_enabled_policy"": 0.0, ""mixed_rule_policy"": 0.0, ""randomized_legal_policy"": 0.0, ""risk_heterogeneous_policy"": 1.0, ""seat_order_neutral_policy"": 0.0, ""speech_and_herding_policy"": 0.0}",10,1,0.0
ebc673b5bb362fc9243c57ddb6a7d1bbdea22d10d61f6f7201ffd60b8a229bad,11e296918a254fc20915a549c877a0f265004a10719235097aeb249995a1b977,baseline_rule_policy_seed_44_game_1_day_vote,44,1,baseline_rule_policy,regime_baseline_rule_policy_seed_44_base_1,regime_baseline_rule_policy_seed_44_base_1,regime_baseline_rule_policy_seed_44_base_1,train,A_in_distribution,1,day,day_vote,1,village,witch,10,1,0,suspicion_based,6,1,0,1,0,0,1,0,1,10,0,0,0.28500000000000003,0,0,0.0,0.15,0,0,0,0,0,1,0,0,0.0,0.3,0,0,0,0,0,0,0,0,0,0,0.5,0,0,0.0,10,1,0,1,0.0,0,0,0,0,0,0.3,1.425,werewolf,1,0,,,1.0,0.14285714285714285,0.14285714285714288,0.0,0.14285714285714288,7,"{""baseline_rule_policy"": 1.0, ""deception_enabled_policy"": 0.0, ""mixed_rule_policy"": 0.0, ""randomized_legal_policy"": 0.0, ""risk_heterogeneous_policy"": 0.0, ""seat_order_neutral_policy"": 0.0, ""speech_and_herding_policy"": 0.0}",10,1,0.0
ebc673b5bb362fc9243c57ddb6a7d1bbdea22d10d61f6f7201ffd60b8a229bad,11e296918a254fc20915a549c877a0f265004a10719235097aeb249995a1b977,baseline_rule_policy_seed_44_game_1_day_vote,44,1,baseline_rule_policy,regime_baseline_rule_policy_seed_44_base_1,regime_baseline_rule_policy_seed_44_base_1,regime_baseline_rule_policy_seed_44_base_1,train,A_in_distribution,1,day,day_vote,1,village,witch,8,1,0,suspicion_based,6,1,0,1,0,0,1,0,1,10,0,0,0.28500000000000003,0,0,0.0,0.15,0,0,0,0,0,1,0,0,0.0,0.3,0,0,0,0,0,0,0,0,0,0,0.5,0,0,0.0,8,0,0,3,0.0,0,0,0,0,0,0.3,1.425,werewolf,1,0,,,1.0,0.14285714285714285,0.14285714285714288,0.0,0.14285714285714288,7,"{""baseline_rule_policy"": 0.0, ""deception_enabled_policy"": 0.0, ""mixed_rule_policy"": 0.0, ""randomized_legal_policy"": 0.0, ""risk_heterogeneous_policy"": 0.0, ""seat_order_neutral_policy"": 1.0, ""speech_and_herding_policy"": 0.0}",10,1,0.0
ebc673b5bb362fc9243c57ddb6a7d1bbdea22d10d61f6f7201ffd60b8a229bad,11e296918a254fc20915a549c877a0f265004a10719235097aeb249995a1b977,baseline_rule_policy_seed_44_game_1_day_vote,44,1,baseline_rule_policy,regime_baseline_rule_policy_seed_44_base_1,regime_baseline_rule_policy_seed_44_base_1,regime_baseline_rule_policy_seed_44_base_1,train,A_in_distribution,1,day,day_vote,1,village,witch,9,1,0,suspicion_based,6,1,0,1,0,0,1,0,1,10,0,0,0.28500000000000003,0,0,0.0,0.15,0,0,0,0,0,1,0,0,0.0,0.3,0,0,0,0,0,0,0,0,0,0,0.5,0,0,0.0,9,0,0,2,0.0,0,0,0,0,0,0.3,1.425,hunter,0,1,,,0.6666666666666666,0.14285714285714285,0.14285714285714288,0.0,0.14285714285714288,7,"{""baseline_rule_policy"": 1.0, ""deception_enabled_policy"": 0.0, ""mixed_rule_policy"": 0.0, ""randomized_legal_policy"": 0.0, ""risk_heterogeneous_policy"": 0.0, ""seat_order_neutral_policy"": 0.0, ""speech_and_herding_policy"": 0.0}",10,1,0.0
a9deabb2de12ac1c78fc51b8e2e4aaf6d9a9dd5e202dd1831b5bab1bcac8d433,5a6f74ae4ba0f6582525b265b5a06b8b66113a5776ecb4eda6b97a97f6a461a4,baseline_rule_policy_seed_44_game_2_day_vote,44,2,baseline_rule_policy,regime_baseline_rule_policy_seed_44_base_2,regime_baseline_rule_policy_seed_44_base_2,regime_baseline_rule_policy_seed_44_base_2,train,A_in_distribution,1,day,day_vote,1,village,witch,2,1,1,suspicion_based,2,1,0,1,0,0,1,0,1,10,0,0,0.28500000000000003,0,0,0.0,0.3,0,0,0,0,0,1,0,0,0.0,0.3,0,0,0,0,0,0,0,0,0,0,0.5,0,0,0.0,2,0,1,1,0.0,0,0,0,0,0,0.3,1.425,villager,0,0,,,0.6666666666666666,0.0,0.0,0.0,0.0,7,"{""baseline_rule_policy"": 0.0, ""deception_enabled_policy"": 0.0, ""mixed_rule_policy"": 0.0, ""randomized_legal_policy"": 0.0, ""risk_heterogeneous_policy"": 0.0, ""seat_order_neutral_policy"": 0.0, ""speech_and_herding_policy"": 0.0}",10,4,0.14285714285714285
a9deabb2de12ac1c78fc51b8e2e4aaf6d9a9dd5e202dd1831b5bab1bcac8d433,5a6f74ae4ba0f6582525b265b5a06b8b66113a5776ecb4eda6b97a97f6a461a4,baseline_rule_policy_seed_44_game_2_day_vote,44,2,baseline_rule_policy,regime_baseline_rule_policy_seed_44_base_2,regime_baseline_rule_policy_seed_44_base_2,regime_baseline_rule_policy_seed_44_base_2,train,A_in_distribution,1,day,day_vote,1,village,witch,10,1,0,suspicion_based,2,1,0,1,0,0,1,0,1,10,0,0,0.28500000000000003,0,0,0.0,0.3,0,0,0,0,0,1,0,0,0.0,0.3,0,0,0,0,0,0,0,0,0,0,0.5,0,0,0.0,10,1,0,1,0.0,0,0,0,0,0,0.3,1.425,villager,0,0,,,0.3333333333333333,0.14285714285714285,0.14285714285714288,0.0,0.14285714285714288,7,"{""baseline_rule_policy"": 0.0, ""deception_enabled_policy"": 0.0, ""mixed_rule_policy"": 0.0, ""randomized_legal_policy"": 0.0, ""risk_heterogeneous_policy"": 0.0, ""seat_order_neutral_policy"": 1.0, ""speech_and_herding_policy"": 0.0}",10,1,0.14285714285714285
a9deabb2de12ac1c78fc51b8e2e4aaf6d9a9dd5e202dd1831b5bab1bcac8d433,5a6f74ae4ba0f6582525b265b5a06b8b66113a5776ecb4eda6b97a97f6a461a4,baseline_rule_policy_seed_44_game_2_day_vote,44,2,baseline_rule_policy,regime_baseline_rule_policy_seed_44_base_2,regime_baseline_rule_policy_seed_44_base_2,regime_baseline_rule_policy_seed_44_base_2,train,A_in_distribution,1,day,day_vote,1,village,witch,7,1,0,suspicion_based,2,1,0,1,0,0,1,0,1,10,0,0,0.28500000000000003,0,0,0.0,0.3,0,0,0,0,0,1,0,0,0.0,0.3,0,0,0,0,0,0,0,0,0,0,0.5,0,0,0.0,7,0,0,4,0.0,0,0,0,0,0,0.3,1.425,werewolf,1,0,,,1.0,0.14285714285714285,0.14285714285714288,0.0,0.14285714285714288,7,"{""baseline_rule_policy"": 0.0, ""deception_enabled_policy"": 0.0, ""mixed_rule_policy"": 0.0, ""randomized_legal_policy"": 1.0, ""risk_heterogeneous_policy"": 0.0, ""seat_order_neutral_policy"": 0.0, ""speech_and_herding_policy"": 0.0}",10,1,0.14285714285714285
a9deabb2de12ac1c78fc51b8e2e4aaf6d9a9dd5e202dd1831b5bab1bcac8d433,5a6f74ae4ba0f6582525b265b5a06b8b66113a5776ecb4eda6b97a97f6a461a4,baseline_rule_policy_seed_44_game_2_day_vote,44,2,baseline_rule_policy,regime_baseline_rule_policy_seed_44_base_2,regime_baseline_rule_policy_seed_44_base_2,regime_baseline_rule_policy_seed_44_base_2,train,A_in_distribution,1,day,day_vote,1,village,witch,9,1,0,suspicion_based,2,1,0,1,0,0,1,0,1,10,0,0,0.28500000000000003,0,0,0.0,0.3,0,0,0,0,0,1,0,0,0.0,0.3,0,0,0,0,0,0,0,0,0,0,0.5,0,0,0.0,9,0,0,2,0.0,0,0,0,0,0,0.3,1.425,hunter,0,1,,,0.0,0.14285714285714285,0.14285714285714288,0.0,0.14285714285714288,7,"{""baseline_rule_policy"": 1.0, ""deception_enabled_policy"": 0.0, ""mixed_rule_policy"": 0.0, ""randomized_legal_policy"": 0.0, ""risk_heterogeneous_policy"": 0.0, ""seat_order_neutral_policy"": 0.0, ""speech_and_herding_policy"": 0.0}",10,1,0.14285714285714285
6cb985445ba929de016de0912fef821b745d23cbda235d2a2584c77c5ffc1734,4deb4edbc765736b8e2382f5708ada84c3a37df5ed1e36f55424b064603fa6da,baseline_rule_policy_seed_50_game_1_day_vote,50,1,baseline_rule_policy,regime_baseline_rule_policy_seed_50_base_1,regime_baseline_rule_policy_seed_50_base_1,regime_baseline_rule_policy_seed_50_base_1,validation,A_in_distribution,1,day,day_vote,1,village,villager,9,1,1,suspicion_based,9,1,0,1,0,0,1,0,1,10,0,0,0.315,0,0,0.0,0.3,0,0,0,0,0,1,0,0,0.25,0.55,0,0,0,0,0,0,0,0,0,0,0.5,0,0,0.0,9,0,0,2,0.0,0,0,0,0,0,0.44999999999999996,1.3,werewolf,1,0,,,1.0,0.7142857142857143,0.18442777839082938,0.0,0.2380952380952381,7,"{""baseline_rule_policy"": 1.0, ""deception_enabled_policy"": 1.0, ""mixed_rule_policy"": 0.0, ""randomized_legal_policy"": 1.0, ""risk_heterogeneous_policy"": 1.0, ""seat_order_neutral_policy"": 1.0, ""speech_and_herding_policy"": 0.0}",3,1,0.0
6cb985445ba929de016de0912fef821b745d23cbda235d2a2584c77c5ffc1734,4deb4edbc765736b8e2382f5708ada84c3a37df5ed1e36f55424b064603fa6da,baseline_rule_policy_seed_50_game_1_day_vote,50,1,baseline_rule_policy,regime_baseline_rule_policy_seed_50_base_1,regime_baseline_rule_policy_seed_50_base_1,regime_baseline_rule_policy_seed_50_base_1,validation,A_in_distribution,1,day,day_vote,1,village,villager,2,1,0,suspicion_based,9,1,0,1,0,0,1,0,1,10,0,0,0.315,0,0,0.0,0.3,0,0,0,0,0,1,0,0,0.0,0.3,0,0,0,0,0,0,0,0,0,0,0.5,0,0,0.0,2,0,1,1,0.0,0,0,0,0,0,0.3,1.425,villager,0,0,,,0.0,0.42857142857142855,0.20203050891044214,0.0,0.2857142857142857,7,"{""baseline_rule_policy"": 1.0, ""deception_enabled_policy"": 0.0, ""mixed_rule_policy"": 0.0, ""randomized_legal_policy"": 0.0, ""risk_heterogeneous_policy"": 1.0, ""seat_order_neutral_policy"": 1.0, ""speech_and_herding_policy"": 0.0}",3,4,0.0
6cb985445ba929de016de0912fef821b745d23cbda235d2a2584c77c5ffc1734,4deb4edbc765736b8e2382f5708ada84c3a37df5ed1e36f55424b064603fa6da,baseline_rule_policy_seed_50_game_1_day_vote,50,1,baseline_rule_policy,regime_baseline_rule_policy_seed_50_base_1,regime_baseline_rule_policy_seed_50_base_1,regime_baseline_rule_policy_seed_50_base_1,validation,A_in_distribution,1,day,day_vote,1,village,villager,3,1,0,suspicion_based,9,1,0,1,0,0,1,0,1,10,0,0,0.315,0,0,0.0,0.3,0,0,0,0,0,1,0,0,0.0,0.3,0,0,0,0,0,0,0,0,0,0,0.5,0,0,0.0,3,0,1,2,0.0,0,0,0,0,0,0.3,1.425,villager,0,0,,,0.6666666666666666,0.7142857142857143,0.18442777839082938,0.0,0.2380952380952381,7,"{""baseline_rule_policy"": 1.0, ""deception_enabled_policy"": 1.0, ""mixed_rule_policy"": 1.0, ""randomized_legal_policy"": 0.0, ""risk_heterogeneous_policy"": 1.0, ""seat_order_neutral_policy"": 1.0, ""speech_and_herding_policy"": 0.0}",3,1,0.0
6cb985445ba929de016de0912fef821b745d23cbda235d2a2584c77c5ffc1734,4deb4edbc765736b8e2382f5708ada84c3a37df5ed1e36f55424b064603fa6da,baseline_rule_policy_seed_50_game_1_day_vote,50,1,baseline_rule_policy,regime_baseline_rule_policy_seed_50_base_1,regime_baseline_rule_policy_seed_50_base_1,regime_baseline_rule_policy_seed_50_base_1,validation,A_in_distribution,1,day,day_vote,1,village,villager,5,1,0,suspicion_based,9,1,0,1,0,0,1,0,1,10,0,0,0.315,0,0,0.0,0.3,0,0,0,0,0,1,0,0,0.0,0.3,0,0,0,0,0,0,0,0,0,0,0.5,0,0,0.0,5,1,1,4,0.0,0,0,0,0,0,0.3,1.425,hunter,0,1,,,0.3333333333333333,0.5714285714285714,0.20203050891044216,0.0,0.28571428571428575,7,"{""baseline_rule_policy"": 1.0, ""deception_enabled_policy"": 0.0, ""mixed_rule_policy"": 0.0, ""randomized_legal_policy"": 0.0, ""risk_heterogeneous_policy"": 1.0, ""seat_order_neutral_policy"": 1.0, ""speech_and_herding_policy"": 1.0}",3,3,0.0
600e052064d3f3b9371ef9c13ec0ac937ab8cf741cc1ffcc1bcddc6fe5bc6d5a,54359e319376547baa09288b9038507a45886316d1c9312e30a6ddd4bd5743ab,baseline_rule_policy_seed_50_game_2_day_vote,50,2,baseline_rule_policy,regime_baseline_rule_policy_seed_50_base_2,regime_baseline_rule_policy_seed_50_base_2,regime_baseline_rule_policy_seed_50_base_2,validation,A_in_distribution,1,day,day_vote,1,village,villager,2,1,1,suspicion_based,2,1,0,1,0,0,1,0,1,10,0,0,0.28500000000000003,0,0,0.0,0.3,0,0,0,0,0,1,0,0,0.0,0.3,0,0,0,0,0,0,0,0,0,0,0.5,0,0,0.0,2,0,1,1,0.0,0,0,0,0,0,0.3,1.425,villager,0,0,,,0.6666666666666666,0.14285714285714285,0.14285714285714288,0.0,0.14285714285714288,7,"{""baseline_rule_policy"": 0.0, ""deception_enabled_policy"": 0.0, ""mixed_rule_policy"": 1.0, ""randomized_legal_policy"": 0.0, ""risk_heterogeneous_policy"": 0.0, ""seat_order_neutral_policy"": 0.0, ""speech_and_herding_policy"": 0.0}",10,3,0.42857142857142855
600e052064d3f3b9371ef9c13ec0ac937ab8cf741cc1ffcc1bcddc6fe5bc6d5a,54359e319376547baa09288b9038507a45886316d1c9312e30a6ddd4bd5743ab,baseline_rule_policy_seed_50_game_2_day_vote,50,2,baseline_rule_policy,regime_baseline_rule_policy_seed_50_base_2,regime_baseline_rule_policy_seed_50_base_2,regime_baseline_rule_policy_seed_50_base_2,validation,A_in_distribution,1,day,day_vote,1,village,villager,10,1,0,suspicion_based,2,1,0,1,0,0,1,0,1,10,0,0,0.28500000000000003,0,0,0.0,0.3,0,0,0,0,0,1,0,0,0.0,0.3,0,0,0,0,0,0,0,0,0,0,0.5,0,0,0.0,10,1,0,1,0.0,0,0,0,0,0,0.3,1.425,seer,0,1,,,0.3333333333333333,0.5714285714285714,0.20203050891044216,0.0,0.28571428571428575,7,"{""baseline_rule_policy"": 1.0, ""deception_enabled_policy"": 0.0, ""mixed_rule_policy"": 1.0, ""randomized_legal_policy"": 0.0, ""risk_heterogeneous_policy"": 0.0, ""seat_order_neutral_policy"": 1.0, ""speech_and_herding_policy"": 1.0}",10,1,0.42857142857142855
600e052064d3f3b9371ef9c13ec0ac937ab8cf741cc1ffcc1bcddc6fe5bc6d5a,54359e319376547baa09288b9038507a45886316d1c9312e30a6ddd4bd5743ab,baseline_rule_policy_seed_50_game_2_day_vote,50,2,baseline_rule_policy,regime_baseline_rule_policy_seed_50_base_2,regime_baseline_rule_policy_seed_50_base_2,regime_baseline_rule_policy_seed_50_base_2,validation,A_in_distribution,1,day,day_vote,1,village,villager,3,1,0,suspicion_based,2,1,0,1,0,0,1,0,1,10,0,0,0.28500000000000003,0,0,0.0,0.3,0,0,0,0,0,1,0,0,0.0,0.3,0,0,0,0,0,0,0,0,0,0,0.5,0,0,0.0,3,0,1,2,0.0,0,0,0,0,0,0.3,1.425,villager,0,0,,,0.0,0.0,0.0,0.0,0.0,7,"{""baseline_rule_policy"": 0.0, ""deception_enabled_policy"": 0.0, ""mixed_rule_policy"": 0.0, ""randomized_legal_policy"": 0.0, ""risk_heterogeneous_policy"": 0.0, ""seat_order_neutral_policy"": 0.0, ""speech_and_herding_policy"": 0.0}",10,4,0.42857142857142855
600e052064d3f3b9371ef9c13ec0ac937ab8cf741cc1ffcc1bcddc6fe5bc6d5a,54359e319376547baa09288b9038507a45886316d1c9312e30a6ddd4bd5743ab,baseline_rule_policy_seed_50_game_2_day_vote,50,2,baseline_rule_policy,regime_baseline_rule_policy_seed_50_base_2,regime_baseline_rule_policy_seed_50_base_2,regime_baseline_rule_policy_seed_50_base_2,validation,A_in_distribution,1,day,day_vote,1,village,villager,4,1,0,suspicion_based,2,1,0,1,0,0,1,0,1,10,0,0,0.28500000000000003,0,0,0.0,0.3,0,0,0,0,0,1,0,0,0.0,0.3,0,0,0,0,0,0,0,0,0,0,0.5,0,0,0.0,4,0,1,3,0.0,0,0,0,0,0,0.3,1.425,werewolf,1,0,,,0.6666666666666666,0.42857142857142855,0.20203050891044214,0.0,0.2857142857142857,7,"{""baseline_rule_policy"": 1.0, ""deception_enabled_policy"": 0.0, ""mixed_rule_policy"": 0.0, ""randomized_legal_policy"": 1.0, ""risk_heterogeneous_policy"": 0.0, ""seat_order_neutral_policy"": 0.0, ""speech_and_herding_policy"": 1.0}",10,2,0.42857142857142855
1fd71b8c280f9ad6877458ba162621aca09c58f569218791254e9fdab14419bd,ab702bcf936c012a0d0c4622d3158d707dac0e2a4575de05cafe3bfde6d8f076,baseline_rule_policy_seed_52_game_1_day_vote,52,1,baseline_rule_policy,regime_baseline_rule_policy_seed_52_base_1,regime_baseline_rule_policy_seed_52_base_1,regime_baseline_rule_policy_seed_52_base_1,final_test,B_unseen_seed,1,day,day_vote,1,village,villager,6,1,1,suspicion_based,6,1,0,1,0,0,1,0,1,10,0,0,0.28500000000000003,0,0,0.0,0.3,0,0,0,0,0,1,0,0,0.0,0.3,0,0,0,0,0,0,0,0,0,0,0.5,0,0,0.0,6,1,0,5,0.0,0,0,0,0,0,0.3,1.425,villager,0,0,,,0.3333333333333333,0.14285714285714285,0.14285714285714288,0.0,0.14285714285714288,7,"{""baseline_rule_policy"": 1.0, ""deception_enabled_policy"": 0.0, ""mixed_rule_policy"": 0.0, ""randomized_legal_policy"": 0.0, ""risk_heterogeneous_policy"": 0.0, ""seat_order_neutral_policy"": 0.0, ""speech_and_herding_policy"": 0.0}",10,3,0.14285714285714285
1fd71b8c280f9ad6877458ba162621aca09c58f569218791254e9fdab14419bd,ab702bcf936c012a0d0c4622d3158d707dac0e2a4575de05cafe3bfde6d8f076,baseline_rule_policy_seed_52_game_1_day_vote,52,1,baseline_rule_policy,regime_baseline_rule_policy_seed_52_base_1,regime_baseline_rule_policy_seed_52_base_1,regime_baseline_rule_policy_seed_52_base_1,final_test,B_unseen_seed,1,day,day_vote,1,village,villager,2,1,0,suspicion_based,6,1,0,1,0,0,1,0,1,10,0,0,0.28500000000000003,0,0,0.0,0.3,0,0,0,0,0,1,0,0,0.0,0.3,0,0,0,0,0,0,0,0,0,0,0.5,0,0,0.0,2,0,1,1,0.0,0,0,0,0,0,0.3,1.425,hunter,0,1,,,0.6666666666666666,0.0,0.0,0.0,0.0,7,"{""baseline_rule_policy"": 0.0, ""deception_enabled_policy"": 0.0, ""mixed_rule_policy"": 0.0, ""randomized_legal_policy"": 0.0, ""risk_heterogeneous_policy"": 0.0, ""seat_order_neutral_policy"": 0.0, ""speech_and_herding_policy"": 0.0}",10,4,0.14285714285714285
1fd71b8c280f9ad6877458ba162621aca09c58f569218791254e9fdab14419bd,ab702bcf936c012a0d0c4622d3158d707dac0e2a4575de05cafe3bfde6d8f076,baseline_rule_policy_seed_52_game_1_day_vote,52,1,baseline_rule_policy,regime_baseline_rule_policy_seed_52_base_1,regime_baseline_rule_policy_seed_52_base_1,regime_baseline_rule_policy_seed_52_base_1,final_test,B_unseen_seed,1,day,day_vote,1,village,villager,10,1,0,suspicion_based,6,1,0,1,0,0,1,0,1,10,0,0,0.28500000000000003,0,0,0.0,0.3,0,0,0,0,0,1,0,0,0.0,0.15,0,0,0,0,0,0,0,0,0,0,0.5,0,0,0.0,10,1,0,1,0.0,0,0,0,0,0,0.15,1.4625,villager,0,0,,,0.3333333333333333,0.2857142857142857,0.18442777839082938,0.0,0.2380952380952381,7,"{""baseline_rule_policy"": 0.0, ""deception_enabled_policy"": 0.0, ""mixed_rule_policy"": 0.0, ""randomized_legal_policy"": 1.0, ""risk_heterogeneous_policy"": 0.0, ""seat_order_neutral_policy"": 1.0, ""speech_and_herding_policy"": 0.0}",10,1,0.14285714285714285
1fd71b8c280f9ad6877458ba162621aca09c58f569218791254e9fdab14419bd,ab702bcf936c012a0d0c4622d3158d707dac0e2a4575de05cafe3bfde6d8f076,baseline_rule_policy_seed_52_game_1_day_vote,52,1,baseline_rule_policy,regime_baseline_rule_policy_seed_52_base_1,regime_baseline_rule_policy_seed_52_base_1,regime_baseline_rule_policy_seed_52_base_1,final_test,B_unseen_seed,1,day,day_vote,1,village,villager,5,1,0,suspicion_based,6,1,0,1,0,0,1,0,1,10,0,0,0.28500000000000003,0,0,0.0,0.3,0,0,0,0,0,1,0,0,0.0,0.3,0,0,0,0,0,0,0,0,0,0,0.5,0,0,0.0,5,1,1,4,0.0,0,0,0,0,0,0.3,1.425,seer,0,1,,,0.6666666666666666,0.2857142857142857,0.18442777839082938,0.0,0.2380952380952381,7,"{""baseline_rule_policy"": 1.0, ""deception_enabled_policy"": 0.0, ""mixed_rule_policy"": 0.0, ""randomized_legal_policy"": 1.0, ""risk_heterogeneous_policy"": 0.0, ""seat_order_neutral_policy"": 0.0, ""speech_and_herding_policy"": 0.0}",10,1,0.14285714285714285
837f4012e67c5108dfc172b1e554a77b95496a568079428444f55ebab63608d3,b2de5c4dc869c6e3bd123ffe3f2c49194f03894b06f9d840701b477a4af86aad,baseline_rule_policy_seed_52_game_2_day_vote,52,2,baseline_rule_policy,regime_baseline_rule_policy_seed_52_base_2,regime_baseline_rule_policy_seed_52_base_2,regime_baseline_rule_policy_seed_52_base_2,final_test,B_unseen_seed,1,day,day_vote,1,wolf,werewolf,5,1,1,suspicion_based,5,1,0,1,0,0,1,1,0,10,0,0,0.315,0,0,0.25,0.55,0,0,0,0,2,1,0,0,0.0,0.3,0,0,0,0,0,0,0,0,0,0,0.5,0,0,0.0,5,1,1,4,0.0,0,1,0,0,0,0.3,1.425,werewolf,1,0,,,0.0,0.5714285714285714,0.20203050891044216,0.0,0.28571428571428575,7,"{""baseline_rule_policy"": 1.0, ""deception_enabled_policy"": 0.0, ""mixed_rule_policy"": 0.0, ""randomized_legal_policy"": 1.0, ""risk_heterogeneous_policy"": 0.0, ""seat_order_neutral_policy"": 1.0, ""speech_and_herding_policy"": 1.0}",3,1,0.0
837f4012e67c5108dfc172b1e554a77b95496a568079428444f55ebab63608d3,b2de5c4dc869c6e3bd123ffe3f2c49194f03894b06f9d840701b477a4af86aad,baseline_rule_policy_seed_52_game_2_day_vote,52,2,baseline_rule_policy,regime_baseline_rule_policy_seed_52_base_2,regime_baseline_rule_policy_seed_52_base_2,regime_baseline_rule_policy_seed_52_base_2,final_test,B_unseen_seed,1,day,day_vote,1,wolf,werewolf,10,1,0,suspicion_based,5,1,0,1,0,0,1,1,0,10,0,0,0.315,0,0,0.25,0.55,0,0,0,0,2,1,0,0,0.0,0.3,0,0,0,0,0,0,0,0,0,0,0.5,0,0,0.0,10,1,0,1,0.0,0,0,0,0,0,0.3,1.425,villager,0,0,,,1.0,0.42857142857142855,0.20203050891044214,0.0,0.2857142857142857,7,"{""baseline_rule_policy"": 1.0, ""deception_enabled_policy"": 0.0, ""mixed_rule_policy"": 0.0, ""randomized_legal_policy"": 0.0, ""risk_heterogeneous_policy"": 0.0, ""seat_order_neutral_policy"": 1.0, ""speech_and_herding_policy"": 1.0}",3,3,0.0
837f4012e67c5108dfc172b1e554a77b95496a568079428444f55ebab63608d3,b2de5c4dc869c6e3bd123ffe3f2c49194f03894b06f9d840701b477a4af86aad,baseline_rule_policy_seed_52_game_2_day_vote,52,2,baseline_rule_policy,regime_baseline_rule_policy_seed_52_base_2,regime_baseline_rule_policy_seed_52_base_2,regime_baseline_rule_policy_seed_52_base_2,final_test,B_unseen_seed,1,day,day_vote,1,wolf,werewolf,2,1,0,suspicion_based,5,1,0,1,0,0,1,1,0,10,0,0,0.315,0,0,0.25,0.55,0,0,0,0,2,1,0,0,0.0,0.3,0,0,0,0,0,0,0,0,0,0,0.5,0,0,0.0,2,0,1,1,0.0,0,0,0,0,0,0.3,1.425,villager,0,0,,,1.0,0.42857142857142855,0.20203050891044214,0.0,0.2857142857142857,7,"{""baseline_rule_policy"": 1.0, ""deception_enabled_policy"": 0.0, ""mixed_rule_policy"": 0.0, ""randomized_legal_policy"": 0.0, ""risk_heterogeneous_policy"": 0.0, ""seat_order_neutral_policy"": 1.0, ""speech_and_herding_policy"": 1.0}",3,3,0.0
837f4012e67c5108dfc172b1e554a77b95496a568079428444f55ebab63608d3,b2de5c4dc869c6e3bd123ffe3f2c49194f03894b06f9d840701b477a4af86aad,baseline_rule_policy_seed_52_game_2_day_vote,52,2,baseline_rule_policy,regime_baseline_rule_policy_seed_52_base_2,regime_baseline_rule_policy_seed_52_base_2,regime_baseline_rule_policy_seed_52_base_2,final_test,B_unseen_seed,1,day,day_vote,1,wolf,werewolf,3,1,0,suspicion_based,5,1,0,1,0,0,1,1,0,10,0,0,0.315,0,0,0.25,0.55,0,0,0,0,2,1,0,0,0.0,0.3,0,0,0,0,0,0,0,0,0,0,0.5,0,0,0.0,3,0,1,2,0.0,0,1,0,0,0,0.3,1.425,werewolf,1,0,,,0.3333333333333333,0.5714285714285714,0.20203050891044216,0.0,0.28571428571428575,7,"{""baseline_rule_policy"": 0.0, ""deception_enabled_policy"": 0.0, ""mixed_rule_policy"": 1.0, ""randomized_legal_policy"": 1.0, ""risk_heterogeneous_policy"": 0.0, ""seat_order_neutral_policy"": 1.0, ""speech_and_herding_policy"": 1.0}",3,1,0.0
bd8b158e15d6cd944a6ed8554d1cc7913a3d3db8ba53b039c6c7ecefb3c12b1d,4c1d95423271f9ab33444d270f6187e0f942917f4bffe6928b87a6e4319817e9,baseline_rule_policy_seed_53_game_1_day_vote,53,1,baseline_rule_policy,regime_baseline_rule_policy_seed_53_base_1,regime_baseline_rule_policy_seed_53_base_1,regime_baseline_rule_policy_seed_53_base_1,final_test,B_unseen_seed,1,day,day_vote,1,village,witch,10,1,1,suspicion_based,10,1,0,1,0,0,1,0,1,10,0,0,0.28500000000000003,0,0,0.0,0.3,0,0,0,0,0,1,0,0,0.0,0.3,0,0,0,0,0,0,0,0,0,0,0.5,0,0,0.0,10,1,0,1,0.0,0,0,0,0,0,0.3,1.425,seer,0,1,,,0.6666666666666666,0.14285714285714285,0.14285714285714288,0.0,0.14285714285714288,7,"{""baseline_rule_policy"": 1.0, ""deception_enabled_policy"": 0.0, ""mixed_rule_policy"": 0.0, ""randomized_legal_policy"": 0.0, ""risk_heterogeneous_policy"": 0.0, ""seat_order_neutral_policy"": 0.0, ""speech_and_herding_policy"": 0.0}",2,4,0.2857142857142857
bd8b158e15d6cd944a6ed8554d1cc7913a3d3db8ba53b039c6c7ecefb3c12b1d,4c1d95423271f9ab33444d270f6187e0f942917f4bffe6928b87a6e4319817e9,baseline_rule_policy_seed_53_game_1_day_vote,53,1,baseline_rule_policy,regime_baseline_rule_policy_seed_53_base_1,regime_baseline_rule_policy_seed_53_base_1,regime_baseline_rule_policy_seed_53_base_1,final_test,B_unseen_seed,1,day,day_vote,1,village,witch,4,1,0,suspicion_based,10,1,0,1,0,0,1,0,1,10,0,0,0.28500000000000003,0,0,0.0,0.3,0,0,0,0,0,1,0,0,0.0,0.3,0,0,0,0,0,0,0,0,0,0,0.5,0,0,0.0,4,0,1,3,0.0,0,0,0,0,0,0.3,1.425,villager,0,0,,,0.3333333333333333,0.42857142857142855,0.20203050891044214,0.0,0.2857142857142857,7,"{""baseline_rule_policy"": 0.0, ""deception_enabled_policy"": 0.0, ""mixed_rule_policy"": 0.0, ""randomized_legal_policy"": 1.0, ""risk_heterogeneous_policy"": 1.0, ""seat_order_neutral_policy"": 0.0, ""speech_and_herding_policy"": 1.0}",2,1,0.2857142857142857
bd8b158e15d6cd944a6ed8554d1cc7913a3d3db8ba53b039c6c7ecefb3c12b1d,4c1d95423271f9ab33444d270f6187e0f942917f4bffe6928b87a6e4319817e9,baseline_rule_policy_seed_53_game_1_day_vote,53,1,baseline_rule_policy,regime_baseline_rule_policy_seed_53_base_1,regime_baseline_rule_policy_seed_53_base_1,regime_baseline_rule_policy_seed_53_base_1,final_test,B_unseen_seed,1,day,day_vote,1,village,witch,5,1,0,suspicion_based,10,1,0,1,0,0,1,0,1,10,0,0,0.28500000000000003,0,0,0.0,0.3,0,0,0,0,0,1,0,0,0.0,0.15,0,0,0,0,0,0,0,0,0,0,0.5,0,0,0.0,5,1,1,4,0.0,0,0,0,0,0,0.15,1.4625,villager,0,0,,,0.0,0.2857142857142857,0.18442777839082938,0.0,0.2380952380952381,7,"{""baseline_rule_policy"": 1.0, ""deception_enabled_policy"": 0.0, ""mixed_rule_policy"": 0.0, ""randomized_legal_policy"": 1.0, ""risk_heterogeneous_policy"": 0.0, ""seat_order_neutral_policy"": 0.0, ""speech_and_herding_policy"": 0.0}",2,3,0.2857142857142857
bd8b158e15d6cd944a6ed8554d1cc7913a3d3db8ba53b039c6c7ecefb3c12b1d,4c1d95423271f9ab33444d270f6187e0f942917f4bffe6928b87a6e4319817e9,baseline_rule_policy_seed_53_game_1_day_vote,53,1,baseline_rule_policy,regime_baseline_rule_policy_seed_53_base_1,regime_baseline_rule_policy_seed_53_base_1,regime_baseline_rule_policy_seed_53_base_1,final_test,B_unseen_seed,1,day,day_vote,1,village,witch,2,1,0,suspicion_based,10,1,0,1,0,0,1,0,1,10,0,0,0.28500000000000003,0,0,0.0,0.3,0,0,0,0,0,1,0,0,0.0,0.3,0,0,0,0,0,0,0,0,0,0,0.5,0,0,0.0,2,0,1,1,0.0,0,0,0,0,0,0.3,1.425,werewolf,1,0,,,0.6666666666666666,0.42857142857142855,0.20203050891044214,0.0,0.2857142857142857,7,"{""baseline_rule_policy"": 1.0, ""deception_enabled_policy"": 0.0, ""mixed_rule_policy"": 1.0, ""randomized_legal_policy"": 0.0, ""risk_heterogeneous_policy"": 1.0, ""seat_order_neutral_policy"": 0.0, ""speech_and_herding_policy"": 0.0}",2,1,0.2857142857142857
e17ffbe251f4efb4a7b479169251e3c6501823b967d89b6a2e5049f400650568,94658a619b8ef21da1b6e9d15d6e7995f777702ff01d5de71150b5bb9823c126,baseline_rule_policy_seed_53_game_2_day_vote,53,2,baseline_rule_policy,regime_baseline_rule_policy_seed_53_base_2,regime_baseline_rule_policy_seed_53_base_2,regime_baseline_rule_policy_seed_53_base_2,final_test,B_unseen_seed,1,day,day_vote,1,wolf,werewolf,6,1,1,suspicion_based,6,1,0,1,0,0,1,1,0,10,0,0,0.28500000000000003,0,0,0.0,0.3,0,0,0,0,2,1,0,0,0.0,0.3,0,0,0,0,0,0,0,0,0,0,0.5,0,0,0.0,6,1,0,5,0.0,0,1,0,0,0,0.3,1.425,werewolf,1,0,,,0.0,0.8571428571428571,0.14285714285714285,0.0,0.14285714285714285,7,"{""baseline_rule_policy"": 0.0, ""deception_enabled_policy"": 1.0, ""mixed_rule_policy"": 1.0, ""randomized_legal_policy"": 1.0, ""risk_heterogeneous_policy"": 1.0, ""seat_order_neutral_policy"": 1.0, ""speech_and_herding_policy"": 1.0}",7,2,0.1428571428571429
e17ffbe251f4efb4a7b479169251e3c6501823b967d89b6a2e5049f400650568,94658a619b8ef21da1b6e9d15d6e7995f777702ff01d5de71150b5bb9823c126,baseline_rule_policy_seed_53_game_2_day_vote,53,2,baseline_rule_policy,regime_baseline_rule_policy_seed_53_base_2,regime_baseline_rule_policy_seed_53_base_2,regime_baseline_rule_policy_seed_53_base_2,final_test,B_unseen_seed,1,day,day_vote,1,wolf,werewolf,10,1,0,suspicion_based,6,1,0,1,0,0,1,1,0,10,0,0,0.28500000000000003,0,0,0.0,0.3,0,0,0,0,2,1,0,0,0.0,0.3,0,0,0,0,0,0,0,0,0,0,0.5,0,0,0.0,10,1,0,1,0.0,0,1,0,0,0,0.3,1.425,werewolf,1,0,,,0.3333333333333333,0.7142857142857143,0.18442777839082938,0.0,0.2380952380952381,7,"{""baseline_rule_policy"": 0.0, ""deception_enabled_policy"": 1.0, ""mixed_rule_policy"": 1.0, ""randomized_legal_policy"": 0.0, ""risk_heterogeneous_policy"": 1.0, ""seat_order_neutral_policy"": 1.0, ""speech_and_herding_policy"": 1.0}",7,4,0.1428571428571429
e17ffbe251f4efb4a7b479169251e3c6501823b967d89b6a2e5049f400650568,94658a619b8ef21da1b6e9d15d6e7995f777702ff01d5de71150b5bb9823c126,baseline_rule_policy_seed_53_game_2_day_vote,53,2,baseline_rule_policy,regime_baseline_rule_policy_seed_53_base_2,regime_baseline_rule_policy_seed_53_base_2,regime_baseline_rule_policy_seed_53_base_2,final_test,B_unseen_seed,1,day,day_vote,1,wolf,werewolf,9,1,0,suspicion_based,6,1,0,1,0,0,1,1,0,10,0,0,0.28500000000000003,0,0,0.0,0.3,0,0,0,0,2,1,0,0,0.0,0.3,0,0,0,0,0,0,0,0,0,0,0.5,0,0,0.0,9,0,0,2,0.0,0,0,0,0,0,0.3,1.425,villager,0,0,,,1.0,0.8571428571428571,0.14285714285714285,0.0,0.14285714285714285,7,"{""baseline_rule_policy"": 0.0, ""deception_enabled_policy"": 1.0, ""mixed_rule_policy"": 1.0, ""randomized_legal_policy"": 1.0, ""risk_heterogeneous_policy"": 1.0, ""seat_order_neutral_policy"": 1.0, ""speech_and_herding_policy"": 1.0}",7,2,0.1428571428571429
e17ffbe251f4efb4a7b479169251e3c6501823b967d89b6a2e5049f400650568,94658a619b8ef21da1b6e9d15d6e7995f777702ff01d5de71150b5bb9823c126,baseline_rule_policy_seed_53_game_2_day_vote,53,2,baseline_rule_policy,regime_baseline_rule_policy_seed_53_base_2,regime_baseline_rule_policy_seed_53_base_2,regime_baseline_rule_policy_seed_53_base_2,final_test,B_unseen_seed,1,day,day_vote,1,wolf,werewolf,7,1,0,suspicion_based,6,1,0,1,0,0,1,1,0,10,0,0,0.28500000000000003,0,0,0.0,0.3,0,0,0,0,2,1,0,0,0.0,0.3,0,0,0,0,0,0,0,0,0,0,0.5,0,0,0.0,7,0,0,4,0.0,0,0,0,0,0,0.3,1.425,witch,0,1,,,0.6666666666666666,1.0,0.0,1.0,0.0,7,"{""baseline_rule_policy"": 1.0, ""deception_enabled_policy"": 1.0, ""mixed_rule_policy"": 1.0, ""randomized_legal_policy"": 1.0, ""risk_heterogeneous_policy"": 1.0, ""seat_order_neutral_policy"": 1.0, ""speech_and_herding_policy"": 1.0}",7,1,0.1428571428571429
0762ce28a6b0c2d2937a14c3c2aa728d171e93e55ef639dfae94410cdccef969,a500abdb2e7026af8bde17c8184819b9ec76aeec07219a3cfe02000a448594c1,randomized_legal_policy_seed_42_game_1_day_vote,42,1,randomized_legal_policy,regime_randomized_legal_policy_seed_42_base_1,regime_randomized_legal_policy_seed_42_base_1,regime_randomized_legal_policy_seed_42_base_1,train,A_in_distribution,1,day,day_vote,1,village,villager,10,1,1,random,10,1,0,1,0,0,1,0,1,10,0,0,0.315,0,0,0.0,0.3,0,0,0,0,0,1,0,0,0.0,0.3,0,0,0,0,0,0,0,0,0,0,0.5,0,0,0.0,10,1,0,1,0.0,0,0,0,0,0,0.3,1.425,villager,0,0,,,0.3333333333333333,0.5714285714285714,0.20203050891044216,0.0,0.28571428571428575,7,"{""baseline_rule_policy"": 0.0, ""deception_enabled_policy"": 0.0, ""mixed_rule_policy"": 1.0, ""randomized_legal_policy"": 0.0, ""risk_heterogeneous_policy"": 1.0, ""seat_order_neutral_policy"": 1.0, ""speech_and_herding_policy"": 1.0}",10,1,0.0
0762ce28a6b0c2d2937a14c3c2aa728d171e93e55ef639dfae94410cdccef969,a500abdb2e7026af8bde17c8184819b9ec76aeec07219a3cfe02000a448594c1,randomized_legal_policy_seed_42_game_1_day_vote,42,1,randomized_legal_policy,regime_randomized_legal_policy_seed_42_base_1,regime_randomized_legal_policy_seed_42_base_1,regime_randomized_legal_policy_seed_42_base_1,train,A_in_distribution,1,day,day_vote,1,village,villager,2,1,0,random,10,1,0,1,0,0,1,0,1,10,0,0,0.315,0,0,0.0,0.3,0,0,0,0,0,1,0,0,0.25,0.55,0,0,0,0,0,0,0,0,0,0,0.5,0,0,0.0,2,0,1,1,0.0,0,0,0,0,0,0.44999999999999996,1.3,werewolf,1,0,,,0.6666666666666666,0.5714285714285714,0.20203050891044216,0.0,0.28571428571428575,7,"{""baseline_rule_policy"": 1.0, ""deception_enabled_policy"": 1.0, ""mixed_rule_policy"": 0.0, ""randomized_legal_policy"": 0.0, ""risk_heterogeneous_policy"": 1.0, ""seat_order_neutral_policy"": 1.0, ""speech_and_herding_policy"": 0.0}",10,1,0.0
0762ce28a6b0c2d2937a14c3c2aa728d171e93e55ef639dfae94410cdccef969,a500abdb2e7026af8bde17c8184819b9ec76aeec07219a3cfe02000a448594c1,randomized_legal_policy_seed_42_game_1_day_vote,42,1,randomized_legal_policy,regime_randomized_legal_policy_seed_42_base_1,regime_randomized_legal_policy_seed_42_base_1,regime_randomized_legal_policy_seed_42_base_1,train,A_in_distribution,1,day,day_vote,1,village,villager,7,1,0,random,10,1,0,1,0,0,1,0,1,10,0,0,0.315,0,0,0.0,0.3,0,0,0,0,0,1,0,0,0.0,0.3,0,0,0,0,0,0,0,0,0,0,0.5,0,0,0.0,7,0,0,4,0.0,0,0,0,0,0,0.3,1.425,werewolf,1,0,,,0.6666666666666666,0.42857142857142855,0.20203050891044214,0.0,0.2857142857142857,7,"{""baseline_rule_policy"": 0.0, ""deception_enabled_policy"": 0.0, ""mixed_rule_policy"": 0.0, ""randomized_legal_policy"": 0.0, ""risk_heterogeneous_policy"": 1.0, ""seat_order_neutral_policy"": 1.0, ""speech_and_herding_policy"": 1.0}",10,4,0.0
0762ce28a6b0c2d2937a14c3c2aa728d171e93e55ef639dfae94410cdccef969,a500abdb2e7026af8bde17c8184819b9ec76aeec07219a3cfe02000a448594c1,randomized_legal_policy_seed_42_game_1_day_vote,42,1,randomized_legal_policy,regime_randomized_legal_policy_seed_42_base_1,regime_randomized_legal_policy_seed_42_base_1,regime_randomized_legal_policy_seed_42_base_1,train,A_in_distribution,1,day,day_vote,1,village,villager,8,1,0,random,10,1,0,1,0,0,1,0,1,10,0,0,0.315,0,0,0.0,0.3,0,0,0,0,0,1,0,0,0.0,0.3,0,0,0,0,0,0,0,0,0,0,0.5,0,0,0.0,8,0,0,3,0.0,0,0,0,0,0,0.3,1.425,witch,0,1,,,0.6666666666666666,0.5714285714285714,0.20203050891044216,0.0,0.28571428571428575,7,"{""baseline_rule_policy"": 0.0, ""deception_enabled_policy"": 0.0, ""mixed_rule_policy"": 0.0, ""randomized_legal_policy"": 1.0, ""risk_heterogeneous_policy"": 1.0, ""seat_order_neutral_policy"": 1.0, ""speech_and_herding_policy"": 1.0}",10,1,0.0
72592bee1706b15d743be730f7032b16366a7674659778a33610faf51f176d4e,bf153eb1b0563dd940fe3a0d8ce6792edd5c76902bf289191562a46f1b8be192,randomized_legal_policy_seed_42_game_2_day_vote,42,2,randomized_legal_policy,regime_randomized_legal_policy_seed_42_base_2,regime_randomized_legal_policy_seed_42_base_2,regime_randomized_legal_policy_seed_42_base_2,train,A_in_distribution,1,day,day_vote,1,village,villager,8,1,1,random,8,1,0,1,0,0,1,0,1,9,1,1,0.28500000000000003,0,1,0.0,0.3,0,0,0,0,0,1,0,0,0.0,0.3,0,0,0,0,0,0,0,0,0,0,0.5,0,0,0.0,8,0,0,3,0.0,0,0,0,0,0,0.3,1.425,werewolf,1,0,,,0.6666666666666666,0.14285714285714285,0.14285714285714288,0.0,0.14285714285714288,7,"{""baseline_rule_policy"": 0.0, ""deception_enabled_policy"": 0.0, ""mixed_rule_policy"": 0.0, ""randomized_legal_policy"": 0.0, ""risk_heterogeneous_policy"": 0.0, ""seat_order_neutral_policy"": 1.0, ""speech_and_herding_policy"": 0.0}",6,2,0.14285714285714285
72592bee1706b15d743be730f7032b16366a7674659778a33610faf51f176d4e,bf153eb1b0563dd940fe3a0d8ce6792edd5c76902bf289191562a46f1b8be192,randomized_legal_policy_seed_42_game_2_day_vote,42,2,randomized_legal_policy,regime_randomized_legal_policy_seed_42_base_2,regime_randomized_legal_policy_seed_42_base_2,regime_randomized_legal_policy_seed_42_base_2,train,A_in_distribution,1,day,day_vote,1,village,villager,10,1,0,random,8,1,0,1,0,0,1,0,1,9,1,1,0.28500000000000003,0,1,0.0,0.3,0,0,0,0,0,1,0,0,0.0,0.3,0,0,0,0,0,0,0,0,0,0,0.5,0,0,0.0,10,1,0,1,0.0,0,0,0,0,0,0.3,1.425,villager,0,0,,,0.0,0.14285714285714285,0.14285714285714288,0.0,0.14285714285714288,7,"{""baseline_rule_policy"": 1.0, ""deception_enabled_policy"": 0.0, ""mixed_rule_policy"": 0.0, ""randomized_legal_policy"": 0.0, ""risk_heterogeneous_policy"": 0.0, ""seat_order_neutral_policy"": 0.0, ""speech_and_herding_policy"": 0.0}",6,2,0.14285714285714285
72592bee1706b15d743be730f7032b16366a7674659778a33610faf51f176d4e,bf153eb1b0563dd940fe3a0d8ce6792edd5c76902bf289191562a46f1b8be192,randomized_legal_policy_seed_42_game_2_day_vote,42,2,randomized_legal_policy,regime_randomized_legal_policy_seed_42_base_2,regime_randomized_legal_policy_seed_42_base_2,regime_randomized_legal_policy_seed_42_base_2,train,A_in_distribution,1,day,day_vote,1,village,villager,6,1,0,random,8,1,0,1,0,0,1,0,1,9,1,1,0.28500000000000003,0,1,0.0,0.3,0,0,0,0,0,1,0,0,0.0,0.3,0,0,0,0,0,0,0,0,0,0,0.5,0,0,0.0,6,1,0,5,0.0,0,0,0,0,0,0.3,1.425,seer,0,1,,,0.0,0.2857142857142857,0.18442777839082938,0.0,0.2380952380952381,7,"{""baseline_rule_policy"": 1.0, ""deception_enabled_policy"": 0.0, ""mixed_rule_policy"": 0.0, ""randomized_legal_policy"": 1.0, ""risk_heterogeneous_policy"": 0.0, ""seat_order_neutral_policy"": 0.0, ""speech_and_herding_policy"": 0.0}",6,1,0.14285714285714285
72592bee1706b15d743be730f7032b16366a7674659778a33610faf51f176d4e,bf153eb1b0563dd940fe3a0d8ce6792edd5c76902bf289191562a46f1b8be192,randomized_legal_policy_seed_42_game_2_day_vote,42,2,randomized_legal_policy,regime_randomized_legal_policy_seed_42_base_2,regime_randomized_legal_policy_seed_42_base_2,regime_randomized_legal_policy_seed_42_base_2,train,A_in_distribution,1,day,day_vote,1,village,villager,7,1,0,random,8,1,0,1,0,0,1,0,1,9,1,1,0.28500000000000003,0,1,0.0,0.3,0,0,0,0,0,1,0,0,0.0,0.3,0,0,0,0,0,0,0,0,0,0,0.5,0,0,0.0,7,0,0,4,0.0,0,0,0,0,0,0.3,1.425,werewolf,1,0,,,0.3333333333333333,0.14285714285714285,0.14285714285714288,0.0,0.14285714285714288,7,"{""baseline_rule_policy"": 0.0, ""deception_enabled_policy"": 0.0, ""mixed_rule_policy"": 0.0, ""randomized_legal_policy"": 1.0, ""risk_heterogeneous_policy"": 0.0, ""seat_order_neutral_policy"": 0.0, ""speech_and_herding_policy"": 0.0}",6,2,0.14285714285714285
b3dfc717108fdf4b471e8d16899147323f4d33ae35ee0bf1f85721804f3db9ee,4969658e2a35e999669e0b37fa5ab2947aaaaa42d0764055eca1336d0934ad26,randomized_legal_policy_seed_43_game_1_day_vote,43,1,randomized_legal_policy,regime_randomized_legal_policy_seed_43_base_1,regime_randomized_legal_policy_seed_43_base_1,regime_randomized_legal_policy_seed_43_base_1,train,A_in_distribution,1,day,day_vote,1,village,seer,7,1,1,random,7,1,0,1,0,0,1,0,1,9,1,1,0.28500000000000003,0,1,0.0,0.3,0,0,0,0,0,1,0,0,0.0,0.3,0,0,0,0,0,0,0,0,0,0,0.5,0,0,0.0,7,0,0,4,0.0,0,0,0,0,0,0.3,1.425,villager,0,0,,,0.6666666666666666,0.14285714285714285,0.14285714285714288,0.0,0.14285714285714288,7,"{""baseline_rule_policy"": 1.0, ""deception_enabled_policy"": 0.0, ""mixed_rule_policy"": 0.0, ""randomized_legal_policy"": 0.0, ""risk_heterogeneous_policy"": 0.0, ""seat_order_neutral_policy"": 0.0, ""speech_and_herding_policy"": 0.0}",10,2,0.14285714285714285
b3dfc717108fdf4b471e8d16899147323f4d33ae35ee0bf1f85721804f3db9ee,4969658e2a35e999669e0b37fa5ab2947aaaaa42d0764055eca1336d0934ad26,randomized_legal_policy_seed_43_game_1_day_vote,43,1,randomized_legal_policy,regime_randomized_legal_policy_seed_43_base_1,regime_randomized_legal_policy_seed_43_base_1,regime_randomized_legal_policy_seed_43_base_1,train,A_in_distribution,1,day,day_vote,1,village,seer,10,1,0,random,7,1,0,1,0,0,1,0,1,9,1,1,0.28500000000000003,0,1,0.0,0.3,0,0,0,0,0,1,0,0,0.0,0.3,0,0,0,0,0,0,0,0,0,0,0.5,0,0,0.0,10,1,0,1,0.0,0,0,0,0,0,0.3,1.425,werewolf,1,0,,,1.0,0.2857142857142857,0.18442777839082938,0.0,0.2380952380952381,7,"{""baseline_rule_policy"": 1.0, ""deception_enabled_policy"": 0.0, ""mixed_rule_policy"": 0.0, ""randomized_legal_policy"": 1.0, ""risk_heterogeneous_policy"": 0.0, ""seat_order_neutral_policy"": 0.0, ""speech_and_herding_policy"": 0.0}",10,1,0.14285714285714285
b3dfc717108fdf4b471e8d16899147323f4d33ae35ee0bf1f85721804f3db9ee,4969658e2a35e999669e0b37fa5ab2947aaaaa42d0764055eca1336d0934ad26,randomized_legal_policy_seed_43_game_1_day_vote,43,1,randomized_legal_policy,regime_randomized_legal_policy_seed_43_base_1,regime_randomized_legal_policy_seed_43_base_1,regime_randomized_legal_policy_seed_43_base_1,train,A_in_distribution,1,day,day_vote,1,village,seer,5,1,0,random,7,1,0,1,0,0,1,0,1,9,1,1,0.28500000000000003,0,1,0.0,0.3,0,0,0,0,0,1,0,0,0.0,0.3,0,0,0,0,0,0,0,0,0,0,0.5,0,0,0.0,5,1,1,4,0.0,0,0,0,0,0,0.3,1.425,witch,0,1,,,0.3333333333333333,0.14285714285714285,0.14285714285714288,0.0,0.14285714285714288,7,"{""baseline_rule_policy"": 0.0, ""deception_enabled_policy"": 0.0, ""mixed_rule_policy"": 0.0, ""randomized_legal_policy"": 0.0, ""risk_heterogeneous_policy"": 0.0, ""seat_order_neutral_policy"": 0.0, ""speech_and_herding_policy"": 1.0}",10,2,0.14285714285714285
b3dfc717108fdf4b471e8d16899147323f4d33ae35ee0bf1f85721804f3db9ee,4969658e2a35e999669e0b37fa5ab2947aaaaa42d0764055eca1336d0934ad26,randomized_legal_policy_seed_43_game_1_day_vote,43,1,randomized_legal_policy,regime_randomized_legal_policy_seed_43_base_1,regime_randomized_legal_policy_seed_43_base_1,regime_randomized_legal_policy_seed_43_base_1,train,A_in_distribution,1,day,day_vote,1,village,seer,8,1,0,random,7,1,0,1,0,0,1,0,1,9,1,1,0.28500000000000003,0,1,0.0,0.3,0,0,0,0,0,1,0,0,0.0,0.3,0,0,0,0,0,0,0,0,0,0,0.5,0,0,0.0,8,0,0,3,0.0,0,0,0,0,0,0.3,1.425,werewolf,1,0,,,0.6666666666666666,0.14285714285714285,0.14285714285714288,0.0,0.14285714285714288,7,"{""baseline_rule_policy"": 1.0, ""deception_enabled_policy"": 0.0, ""mixed_rule_policy"": 0.0, ""randomized_legal_policy"": 0.0, ""risk_heterogeneous_policy"": 0.0, ""seat_order_neutral_policy"": 0.0, ""speech_and_herding_policy"": 0.0}",10,2,0.14285714285714285
c77606bdc3116ed6c5c5328d9d7817272393af5417560bf2f64c14f726ff3943,9f0ddd47ef6f14534335c76f5df2d4d7890173c9f5842d63c53a1dfcbd612c14,randomized_legal_policy_seed_43_game_2_day_vote,43,2,randomized_legal_policy,regime_randomized_legal_policy_seed_43_base_2,regime_randomized_legal_policy_seed_43_base_2,regime_randomized_legal_policy_seed_43_base_2,train,A_in_distribution,1,day,day_vote,1,village,hunter,4,1,1,random,4,1,0,1,0,0,1,0,1,10,0,0,0.315,0,0,0.0,0.3,0,0,0,0,0,1,0,0,0.0,0.3,0,0,0,0,0,0,0,0,0,0,0.5,0,0,0.0,4,0,1,3,0.0,0,0,0,0,0,0.3,1.425,villager,0,0,,,0.0,0.7142857142857143,0.18442777839082938,0.0,0.2380952380952381,7,"{""baseline_rule_policy"": 1.0, ""deception_enabled_policy"": 1.0, ""mixed_rule_policy"": 1.0, ""randomized_legal_policy"": 0.0, ""risk_heterogeneous_policy"": 1.0, ""seat_order_neutral_policy"": 0.0, ""speech_and_herding_policy"": 1.0}",4,1,0.0
c77606bdc3116ed6c5c5328d9d7817272393af5417560bf2f64c14f726ff3943,9f0ddd47ef6f14534335c76f5df2d4d7890173c9f5842d63c53a1dfcbd612c14,randomized_legal_policy_seed_43_game_2_day_vote,43,2,randomized_legal_policy,regime_randomized_legal_policy_seed_43_base_2,regime_randomized_legal_policy_seed_43_base_2,regime_randomized_legal_policy_seed_43_base_2,train,A_in_distribution,1,day,day_vote,1,village,hunter,2,1,0,random,4,1,0,1,0,0,1,0,1,10,0,0,0.315,0,0,0.0,0.3,0,0,0,0,0,1,0,0,0.25,0.55,0,0,0,0,0,0,0,0,0,0,0.5,0,0,0.0,2,0,1,1,0.0,0,0,0,0,0,0.44999999999999996,1.3,werewolf,1,0,,,0.0,0.14285714285714285,0.14285714285714288,0.0,0.14285714285714288,7,"{""baseline_rule_policy"": 0.0, ""deception_enabled_policy"": 1.0, ""mixed_rule_policy"": 0.0, ""randomized_legal_policy"": 0.0, ""risk_heterogeneous_policy"": 0.0, ""seat_order_neutral_policy"": 0.0, ""speech_and_herding_policy"": 0.0}",4,4,0.0
c77606bdc3116ed6c5c5328d9d7817272393af5417560bf2f64c14f726ff3943,9f0ddd47ef6f14534335c76f5df2d4d7890173c9f5842d63c53a1dfcbd612c14,randomized_legal_policy_seed_43_game_2_day_vote,43,2,randomized_legal_policy,regime_randomized_legal_policy_seed_43_base_2,regime_randomized_legal_policy_seed_43_base_2,regime_randomized_legal_policy_seed_43_base_2,train,A_in_distribution,1,day,day_vote,1,village,hunter,10,1,0,random,4,1,0,1,0,0,1,0,1,10,0,0,0.315,0,0,0.0,0.3,0,0,0,0,0,1,0,0,0.0,0.3,0,0,0,0,0,0,0,0,0,0,0.5,0,0,0.0,10,1,0,1,0.0,0,0,0,0,0,0.3,1.425,villager,0,0,,,0.0,0.2857142857142857,0.18442777839082938,0.0,0.2380952380952381,7,"{""baseline_rule_policy"": 1.0, ""deception_enabled_policy"": 0.0, ""mixed_rule_policy"": 0.0, ""randomized_legal_policy"": 0.0, ""risk_heterogeneous_policy"": 0.0, ""seat_order_neutral_policy"": 0.0, ""speech_and_herding_policy"": 1.0}",4,3,0.0
c77606bdc3116ed6c5c5328d9d7817272393af5417560bf2f64c14f726ff3943,9f0ddd47ef6f14534335c76f5df2d4d7890173c9f5842d63c53a1dfcbd612c14,randomized_legal_policy_seed_43_game_2_day_vote,43,2,randomized_legal_policy,regime_randomized_legal_policy_seed_43_base_2,regime_randomized_legal_policy_seed_43_base_2,regime_randomized_legal_policy_seed_43_base_2,train,A_in_distribution,1,day,day_vote,1,village,hunter,6,1,0,random,4,1,0,1,0,0,1,0,1,10,0,0,0.315,0,0,0.0,0.3,0,0,0,0,0,1,0,0,0.0,0.3,0,0,0,0,0,0,0,0,0,0,0.5,0,0,0.0,6,1,0,5,0.0,0,0,0,0,0,0.3,1.425,villager,0,0,,,0.0,0.7142857142857143,0.18442777839082938,0.0,0.2380952380952381,7,"{""baseline_rule_policy"": 1.0, ""deception_enabled_policy"": 1.0, ""mixed_rule_policy"": 1.0, ""randomized_legal_policy"": 1.0, ""risk_heterogeneous_policy"": 1.0, ""seat_order_neutral_policy"": 0.0, ""speech_and_herding_policy"": 0.0}",4,1,0.0
f35d5bf3e13dcdf444ed654122814b0dfed7f081decdbf721491f1f4d1c62c1f,5bd35304fc7538a66f65e16657ec6bf1a6fae043edf6c35019090a6d1873201b,randomized_legal_policy_seed_44_game_1_day_vote,44,1,randomized_legal_policy,regime_randomized_legal_policy_seed_44_base_1,regime_randomized_legal_policy_seed_44_base_1,regime_randomized_legal_policy_seed_44_base_1,train,A_in_distribution,1,day,day_vote,1,village,villager,2,1,1,random,2,1,0,1,0,0,1,0,1,9,1,1,0.28500000000000003,0,1,0.0,0.3,0,0,0,0,0,1,0,0,0.0,0.3,0,0,0,0,0,0,0,0,0,0,0.5,0,0,0.0,2,0,1,1,0.0,0,0,0,0,0,0.3,1.425,villager,0,0,,,0.0,0.2857142857142857,0.18442777839082938,0.0,0.2380952380952381,7,"{""baseline_rule_policy"": 1.0, ""deception_enabled_policy"": 0.0, ""mixed_rule_policy"": 0.0, ""randomized_legal_policy"": 1.0, ""risk_heterogeneous_policy"": 0.0, ""seat_order_neutral_policy"": 0.0, ""speech_and_herding_policy"": 0.0}",5,2,0.2857142857142857
f35d5bf3e13dcdf444ed654122814b0dfed7f081decdbf721491f1f4d1c62c1f,5bd35304fc7538a66f65e16657ec6bf1a6fae043edf6c35019090a6d1873201b,randomized_legal_policy_seed_44_game_1_day_vote,44,1,randomized_legal_policy,regime_randomized_legal_policy_seed_44_base_1,regime_randomized_legal_policy_seed_44_base_1,regime_randomized_legal_policy_seed_44_base_1,train,A_in_distribution,1,day,day_vote,1,village,villager,10,1,0,random,2,1,0,1,0,0,1,0,1,9,1,1,0.28500000000000003,0,1,0.0,0.3,0,0,0,0,0,1,0,0,0.0,0.3,0,0,0,0,0,0,0,0,0,0,0.5,0,0,0.0,10,1,0,1,0.0,0,0,0,0,0,0.3,1.425,seer,0,1,,,0.0,0.14285714285714285,0.14285714285714288,0.0,0.14285714285714288,7,"{""baseline_rule_policy"": 1.0, ""deception_enabled_policy"": 0.0, ""mixed_rule_policy"": 0.0, ""randomized_legal_policy"": 0.0, ""risk_heterogeneous_policy"": 0.0, ""seat_order_neutral_policy"": 0.0, ""speech_and_herding_policy"": 0.0}",5,4,0.2857142857142857
f35d5bf3e13dcdf444ed654122814b0dfed7f081decdbf721491f1f4d1c62c1f,5bd35304fc7538a66f65e16657ec6bf1a6fae043edf6c35019090a6d1873201b,randomized_legal_policy_seed_44_game_1_day_vote,44,1,randomized_legal_policy,regime_randomized_legal_policy_seed_44_base_1,regime_randomized_legal_policy_seed_44_base_1,regime_randomized_legal_policy_seed_44_base_1,train,A_in_distribution,1,day,day_vote,1,village,villager,3,1,0,random,2,1,0,1,0,0,1,0,1,9,1,1,0.28500000000000003,0,1,0.0,0.3,0,0,0,0,0,1,0,0,0.0,0.3,0,0,0,0,0,0,0,0,0,0,0.5,0,0,0.0,3,0,1,2,0.0,0,0,0,0,0,0.3,1.425,werewolf,1,0,,,0.6666666666666666,0.2857142857142857,0.18442777839082938,0.0,0.2380952380952381,7,"{""baseline_rule_policy"": 1.0, ""deception_enabled_policy"": 0.0, ""mixed_rule_policy"": 1.0, ""randomized_legal_policy"": 0.0, ""risk_heterogeneous_policy"": 0.0, ""seat_order_neutral_policy"": 0.0, ""speech_and_herding_policy"": 0.0}",5,2,0.2857142857142857
f35d5bf3e13dcdf444ed654122814b0dfed7f081decdbf721491f1f4d1c62c1f,5bd35304fc7538a66f65e16657ec6bf1a6fae043edf6c35019090a6d1873201b,randomized_legal_policy_seed_44_game_1_day_vote,44,1,randomized_legal_policy,regime_randomized_legal_policy_seed_44_base_1,regime_randomized_legal_policy_seed_44_base_1,regime_randomized_legal_policy_seed_44_base_1,train,A_in_distribution,1,day,day_vote,1,village,villager,5,1,0,random,2,1,0,1,0,0,1,0,1,9,1,1,0.28500000000000003,0,1,0.0,0.3,0,0,0,0,0,1,0,0,0.0,0.3,0,0,0,0,0,0,0,0,0,0,0.5,0,0,0.0,5,1,1,4,0.0,0,0,0,0,0,0.3,1.425,witch,0,1,,,1.0,0.5714285714285714,0.20203050891044216,0.0,0.28571428571428575,7,"{""baseline_rule_policy"": 0.0, ""deception_enabled_policy"": 1.0, ""mixed_rule_policy"": 1.0, ""randomized_legal_policy"": 1.0, ""risk_heterogeneous_policy"": 0.0, ""seat_order_neutral_policy"": 1.0, ""speech_and_herding_policy"": 0.0}",5,1,0.2857142857142857
b7258e00e06fd31df3c6c006817e9b02546aa1c273e157b11bb540caa2a6b130,a6126a279fe2df4375ec1269d77e44b016d4598ec41bfa76c404712bcad7703c,randomized_legal_policy_seed_44_game_2_day_vote,44,2,randomized_legal_policy,regime_randomized_legal_policy_seed_44_base_2,regime_randomized_legal_policy_seed_44_base_2,regime_randomized_legal_policy_seed_44_base_2,train,A_in_distribution,1,day,day_vote,1,village,villager,3,1,1,random,3,1,0,1,0,0,1,0,1,10,0,0,0.28500000000000003,0,0,0.0,0.3,0,0,0,0,0,1,0,0,0.0,0.3,0,0,0,0,0,0,0,0,0,0,0.5,0,0,0.0,3,0,1,2,0.0,0,0,0,0,0,0.3,1.425,witch,0,1,,,0.3333333333333333,0.14285714285714285,0.14285714285714288,0.0,0.14285714285714288,7,"{""baseline_rule_policy"": 0.0, ""deception_enabled_policy"": 0.0, ""mixed_rule_policy"": 0.0, ""randomized_legal_policy"": 0.0, ""risk_heterogeneous_policy"": 0.0, ""seat_order_neutral_policy"": 1.0, ""speech_and_herding_policy"": 0.0}",8,2,0.2857142857142857
b7258e00e06fd31df3c6c006817e9b02546aa1c273e157b11bb540caa2a6b130,a6126a279fe2df4375ec1269d77e44b016d4598ec41bfa76c404712bcad7703c,randomized_legal_policy_seed_44_game_2_day_vote,44,2,randomized_legal_policy,regime_randomized_legal_policy_seed_44_base_2,regime_randomized_legal_policy_seed_44_base_2,regime_randomized_legal_policy_seed_44_base_2,train,A_in_distribution,1,day,day_vote,1,village,villager,10,1,0,random,3,1,0,1,0,0,1,0,1,10,0,0,0.28500000000000003,0,0,0.0,0.3,0,0,0,0,0,1,0,0,0.0,0.3,0,0,0,0,0,0,0,0,0,0,0.5,0,0,0.0,10,1,0,1,0.0,0,0,0,0,0,0.3,1.425,villager,0,0,,,0.0,0.14285714285714285,0.14285714285714288,0.0,0.14285714285714288,7,"{""baseline_rule_policy"": 0.0, ""deception_enabled_policy"": 0.0, ""mixed_rule_policy"": 0.0, ""randomized_legal_policy"": 0.0, ""risk_heterogeneous_policy"": 0.0, ""seat_order_neutral_policy"": 1.0, ""speech_and_herding_policy"": 0.0}",8,2,0.2857142857142857
b7258e00e06fd31df3c6c006817e9b02546aa1c273e157b11bb540caa2a6b130,a6126a279fe2df4375ec1269d77e44b016d4598ec41bfa76c404712bcad7703c,randomized_legal_policy_seed_44_game_2_day_vote,44,2,randomized_legal_policy,regime_randomized_legal_policy_seed_44_base_2,regime_randomized_legal_policy_seed_44_base_2,regime_randomized_legal_policy_seed_44_base_2,train,A_in_distribution,1,day,day_vote,1,village,villager,6,1,0,random,3,1,0,1,0,0,1,0,1,10,0,0,0.28500000000000003,0,0,0.0,0.3,0,0,0,0,0,1,0,0,0.0,0.3,0,0,0,0,0,0,0,0,0,0,0.5,0,0,0.0,6,1,0,5,0.0,0,0,0,0,0,0.3,1.425,hunter,0,1,,,0.0,0.0,0.0,0.0,0.0,7,"{""baseline_rule_policy"": 0.0, ""deception_enabled_policy"": 0.0, ""mixed_rule_policy"": 0.0, ""randomized_legal_policy"": 0.0, ""risk_heterogeneous_policy"": 0.0, ""seat_order_neutral_policy"": 0.0, ""speech_and_herding_policy"": 0.0}",8,4,0.2857142857142857
b7258e00e06fd31df3c6c006817e9b02546aa1c273e157b11bb540caa2a6b130,a6126a279fe2df4375ec1269d77e44b016d4598ec41bfa76c404712bcad7703c,randomized_legal_policy_seed_44_game_2_day_vote,44,2,randomized_legal_policy,regime_randomized_legal_policy_seed_44_base_2,regime_randomized_legal_policy_seed_44_base_2,regime_randomized_legal_policy_seed_44_base_2,train,A_in_distribution,1,day,day_vote,1,village,villager,8,1,0,random,3,1,0,1,0,0,1,0,1,10,0,0,0.28500000000000003,0,0,0.0,0.3,0,0,0,0,0,1,0,0,0.0,0.3,0,0,0,0,0,0,0,0,0,0,0.5,0,0,0.0,8,0,0,3,0.0,0,0,0,0,0,0.3,1.425,werewolf,1,0,,,0.6666666666666666,0.42857142857142855,0.20203050891044214,0.0,0.2857142857142857,7,"{""baseline_rule_policy"": 1.0, ""deception_enabled_policy"": 0.0, ""mixed_rule_policy"": 0.0, ""randomized_legal_policy"": 0.0, ""risk_heterogeneous_policy"": 1.0, ""seat_order_neutral_policy"": 1.0, ""speech_and_herding_policy"": 0.0}",8,1,0.2857142857142857
3e5c320ed0b94795ec13774748f6cb80102a66a0a090cabd88507694a6b77074,82d6ba5944ff8720c2d1482dc7db5226eb096b0ffbf964c652a52612f38b1cc7,randomized_legal_policy_seed_50_game_1_day_vote,50,1,randomized_legal_policy,regime_randomized_legal_policy_seed_50_base_1,regime_randomized_legal_policy_seed_50_base_1,regime_randomized_legal_policy_seed_50_base_1,validation,A_in_distribution,1,day,day_vote,1,village,villager,6,1,1,random,6,1,0,1,0,0,1,0,1,10,0,0,0.28500000000000003,0,0,0.0,0.3,0,0,0,0,0,1,0,0,0.0,0.3,0,0,0,0,0,0,0,0,0,0,0.5,0,0,0.0,6,1,0,5,0.0,0,0,0,0,0,0.3,1.425,seer,0,1,,,0.0,0.14285714285714285,0.14285714285714288,0.0,0.14285714285714288,7,"{""baseline_rule_policy"": 1.0, ""deception_enabled_policy"": 0.0, ""mixed_rule_policy"": 0.0, ""randomized_legal_policy"": 0.0, ""risk_heterogeneous_policy"": 0.0, ""seat_order_neutral_policy"": 0.0, ""speech_and_herding_policy"": 0.0}",10,1,0.0
3e5c320ed0b94795ec13774748f6cb80102a66a0a090cabd88507694a6b77074,82d6ba5944ff8720c2d1482dc7db5226eb096b0ffbf964c652a52612f38b1cc7,randomized_legal_policy_seed_50_game_1_day_vote,50,1,randomized_legal_policy,regime_randomized_legal_policy_seed_50_base_1,regime_randomized_legal_policy_seed_50_base_1,regime_randomized_legal_policy_seed_50_base_1,validation,A_in_distribution,1,day,day_vote,1,village,villager,10,1,0,random,6,1,0,1,0,0,1,0,1,10,0,0,0.28500000000000003,0,0,0.0,0.3,0,0,0,0,0,1,0,0,0.0,0.3,0,0,0,0,0,0,0,0,0,0,0.5,0,0,0.0,10,1,0,1,0.0,0,0,0,0,0,0.3,1.425,villager,0,0,,,0.3333333333333333,0.14285714285714285,0.14285714285714288,0.0,0.14285714285714288,7,"{""baseline_rule_policy"": 0.0, ""deception_enabled_policy"": 1.0, ""mixed_rule_policy"": 0.0, ""randomized_legal_policy"": 0.0, ""risk_heterogeneous_policy"": 0.0, ""seat_order_neutral_policy"": 0.0, ""speech_and_herding_policy"": 0.0}",10,1,0.0
3e5c320ed0b94795ec13774748f6cb80102a66a0a090cabd88507694a6b77074,82d6ba5944ff8720c2d1482dc7db5226eb096b0ffbf964c652a52612f38b1cc7,randomized_legal_policy_seed_50_game_1_day_vote,50,1,randomized_legal_policy,regime_randomized_legal_policy_seed_50_base_1,regime_randomized_legal_policy_seed_50_base_1,regime_randomized_legal_policy_seed_50_base_1,validation,A_in_distribution,1,day,day_vote,1,village,villager,2,1,0,random,6,1,0,1,0,0,1,0,1,10,0,0,0.28500000000000003,0,0,0.0,0.3,0,0,0,0,0,1,0,0,0.0,0.3,0,0,0,0,0,0,0,0,0,0,0.5,0,0,0.0,2,0,1,1,0.0,0,0,0,0,0,0.3,1.425,villager,0,0,,,0.6666666666666666,0.0,0.0,0.0,0.0,7,"{""baseline_rule_policy"": 0.0, ""deception_enabled_policy"": 0.0, ""mixed_rule_policy"": 0.0, ""randomized_legal_policy"": 0.0, ""risk_heterogeneous_policy"": 0.0, ""seat_order_neutral_policy"": 0.0, ""speech_and_herding_policy"": 0.0}",10,4,0.0
3e5c320ed0b94795ec13774748f6cb80102a66a0a090cabd88507694a6b77074,82d6ba5944ff8720c2d1482dc7db5226eb096b0ffbf964c652a52612f38b1cc7,randomized_legal_policy_seed_50_game_1_day_vote,50,1,randomized_legal_policy,regime_randomized_legal_policy_seed_50_base_1,regime_randomized_legal_policy_seed_50_base_1,regime_randomized_legal_policy_seed_50_base_1,validation,A_in_distribution,1,day,day_vote,1,village,villager,9,1,0,random,6,1,0,1,0,0,1,0,1,10,0,0,0.28500000000000003,0,0,0.0,0.3,0,0,0,0,0,1,0,0,0.0,0.3,0,0,0,0,0,0,0,0,0,0,0.5,0,0,0.0,9,0,0,2,0.0,0,0,0,0,0,0.3,1.425,villager,0,0,,,0.6666666666666666,0.14285714285714285,0.14285714285714288,0.0,0.14285714285714288,7,"{""baseline_rule_policy"": 0.0, ""deception_enabled_policy"": 0.0, ""mixed_rule_policy"": 1.0, ""randomized_legal_policy"": 0.0, ""risk_heterogeneous_policy"": 0.0, ""seat_order_neutral_policy"": 0.0, ""speech_and_herding_policy"": 0.0}",10,1,0.0
642ff563006909c22535686e10d600dbaf07793d62b8308407a737d794da4f51,fee577a26b4aa12bf39153e92a52f6f60d1e6f615c869a811056b86ce974027d,randomized_legal_policy_seed_50_game_2_day_vote,50,2,randomized_legal_policy,regime_randomized_legal_policy_seed_50_base_2,regime_randomized_legal_policy_seed_50_base_2,regime_randomized_legal_policy_seed_50_base_2,validation,A_in_distribution,1,day,day_vote,1,wolf,werewolf,5,1,1,random,5,1,0,1,0,0,1,1,0,9,1,1,0.28500000000000003,0,1,0.0,0.3,0,0,0,0,2,1,0,0,0.0,0.3,0,0,0,0,0,0,0,0,0,0,0.5,0,0,0.0,5,1,1,4,0.0,0,0,0,0,0,0.3,1.425,villager,0,0,,,0.6666666666666666,0.8571428571428571,0.14285714285714285,0.0,0.14285714285714285,7,"{""baseline_rule_policy"": 1.0, ""deception_enabled_policy"": 1.0, ""mixed_rule_policy"": 1.0, ""randomized_legal_policy"": 0.0, ""risk_heterogeneous_policy"": 1.0, ""seat_order_neutral_policy"": 1.0, ""speech_and_herding_policy"": 1.0}",10,1,0.0
642ff563006909c22535686e10d600dbaf07793d62b8308407a737d794da4f51,fee577a26b4aa12bf39153e92a52f6f60d1e6f615c869a811056b86ce974027d,randomized_legal_policy_seed_50_game_2_day_vote,50,2,randomized_legal_policy,regime_randomized_legal_policy_seed_50_base_2,regime_randomized_legal_policy_seed_50_base_2,regime_randomized_legal_policy_seed_50_base_2,validation,A_in_distribution,1,day,day_vote,1,wolf,werewolf,10,1,0,random,5,1,0,1,0,0,1,1,0,9,1,1,0.28500000000000003,0,1,0.0,0.3,0,0,0,0,2,1,0,0,0.0,0.3,0,0,0,0,0,0,0,0,0,0,0.5,0,0,0.0,10,1,0,1,0.0,0,0,0,0,0,0.3,1.425,seer,0,1,,,0.3333333333333333,0.8571428571428571,0.14285714285714285,0.0,0.14285714285714285,7,"{""baseline_rule_policy"": 0.0, ""deception_enabled_policy"": 1.0, ""mixed_rule_policy"": 1.0, ""randomized_legal_policy"": 1.0, ""risk_heterogeneous_policy"": 1.0, ""seat_order_neutral_policy"": 1.0, ""speech_and_herding_policy"": 1.0}",10,1,0.0
642ff563006909c22535686e10d600dbaf07793d62b8308407a737d794da4f51,fee577a26b4aa12bf39153e92a52f6f60d1e6f615c869a811056b86ce974027d,randomized_legal_policy_seed_50_game_2_day_vote,50,2,randomized_legal_policy,regime_randomized_legal_policy_seed_50_base_2,regime_randomized_legal_policy_seed_50_base_2,regime_randomized_legal_policy_seed_50_base_2,validation,A_in_distribution,1,day,day_vote,1,wolf,werewolf,6,1,0,random,5,1,0,1,0,0,1,1,0,9,1,1,0.28500000000000003,0,1,0.0,0.3,0,0,0,0,2,1,0,0,0.0,0.3,0,0,0,0,0,0,0,0,0,0,0.5,0,0,0.0,6,1,0,5,0.0,0,0,0,0,0,0.3,1.425,hunter,0,1,,,0.6666666666666666,0.8571428571428571,0.14285714285714285,0.0,0.14285714285714285,7,"{""baseline_rule_policy"": 1.0, ""deception_enabled_policy"": 1.0, ""mixed_rule_policy"": 0.0, ""randomized_legal_policy"": 1.0, ""risk_heterogeneous_policy"": 1.0, ""seat_order_neutral_policy"": 1.0, ""speech_and_herding_policy"": 1.0}",10,1,0.0
642ff563006909c22535686e10d600dbaf07793d62b8308407a737d794da4f51,fee577a26b4aa12bf39153e92a52f6f60d1e6f615c869a811056b86ce974027d,randomized_legal_policy_seed_50_game_2_day_vote,50,2,randomized_legal_policy,regime_randomized_legal_policy_seed_50_base_2,regime_randomized_legal_policy_seed_50_base_2,regime_randomized_legal_policy_seed_50_base_2,validation,A_in_distribution,1,day,day_vote,1,wolf,werewolf,4,1,0,random,5,1,0,1,0,0,1,1,0,9,1,1,0.28500000000000003,0,1,0.0,0.3,0,0,0,0,2,1,0,0,0.0,0.3,0,0,0,0,0,0,0,0,0,0,0.5,0,0,0.0,4,0,1,3,0.0,0,0,0,0,0,0.3,1.425,villager,0,0,,,0.6666666666666666,0.7142857142857143,0.18442777839082938,0.0,0.2380952380952381,7,"{""baseline_rule_policy"": 0.0, ""deception_enabled_policy"": 1.0, ""mixed_rule_policy"": 1.0, ""randomized_legal_policy"": 1.0, ""risk_heterogeneous_policy"": 1.0, ""seat_order_neutral_policy"": 1.0, ""speech_and_herding_policy"": 0.0}",10,4,0.0
64da00f13498774859c59ebbb0a0e3c50a327d26b6ca8ff2dfaed3b79e6b49f6,56490292483202b83bec10532d615fc0905d29f8324f6753784ad679a68e37b3,randomized_legal_policy_seed_52_game_1_day_vote,52,1,randomized_legal_policy,regime_randomized_legal_policy_seed_52_base_1,regime_randomized_legal_policy_seed_52_base_1,regime_randomized_legal_policy_seed_52_base_1,final_test,B_unseen_seed,1,day,day_vote,1,wolf,werewolf,2,1,1,random,2,1,0,1,0,0,1,1,0,10,0,0,0.315,0,0,0.0,0.3,0,0,0,0,2,1,0,0,0.0,0.3,0,0,0,0,0,0,0,0,0,0,0.5,0,0,0.0,2,0,1,1,0.0,0,0,0,0,0,0.3,1.425,villager,0,0,,,0.6666666666666666,0.2857142857142857,0.18442777839082938,0.0,0.2380952380952381,7,"{""baseline_rule_policy"": 1.0, ""deception_enabled_policy"": 0.0, ""mixed_rule_policy"": 0.0, ""randomized_legal_policy"": 0.0, ""risk_heterogeneous_policy"": 0.0, ""seat_order_neutral_policy"": 0.0, ""speech_and_herding_policy"": 1.0}",8,2,0.14285714285714285
64da00f13498774859c59ebbb0a0e3c50a327d26b6ca8ff2dfaed3b79e6b49f6,56490292483202b83bec10532d615fc0905d29f8324f6753784ad679a68e37b3,randomized_legal_policy_seed_52_game_1_day_vote,52,1,randomized_legal_policy,regime_randomized_legal_policy_seed_52_base_1,regime_randomized_legal_policy_seed_52_base_1,regime_randomized_legal_policy_seed_52_base_1,final_test,B_unseen_seed,1,day,day_vote,1,wolf,werewolf,8,1,0,random,2,1,0,1,0,0,1,1,0,10,0,0,0.315,0,0,0.0,0.3,0,0,0,0,2,1,0,0,0.25,0.55,0,0,0,0,0,0,0,0,0,0,0.5,0,0,0.0,8,0,0,3,0.0,0,1,0,0,0,0.44999999999999996,1.3,werewolf,1,0,,,0.0,0.42857142857142855,0.20203050891044214,0.0,0.2857142857142857,7,"{""baseline_rule_policy"": 0.0, ""deception_enabled_policy"": 0.0, ""mixed_rule_policy"": 0.0, ""randomized_legal_policy"": 1.0, ""risk_heterogeneous_policy"": 1.0, ""seat_order_neutral_policy"": 1.0, ""speech_and_herding_policy"": 0.0}",8,1,0.14285714285714285
64da00f13498774859c59ebbb0a0e3c50a327d26b6ca8ff2dfaed3b79e6b49f6,56490292483202b83bec10532d615fc0905d29f8324f6753784ad679a68e37b3,randomized_legal_policy_seed_52_game_1_day_vote,52,1,randomized_legal_policy,regime_randomized_legal_policy_seed_52_base_1,regime_randomized_legal_policy_seed_52_base_1,regime_randomized_legal_policy_seed_52_base_1,final_test,B_unseen_seed,1,day,day_vote,1,wolf,werewolf,10,1,0,random,2,1,0,1,0,0,1,1,0,10,0,0,0.315,0,0,0.0,0.3,0,0,0,0,2,1,0,0,0.0,0.3,0,0,0,0,0,0,0,0,0,0,0.5,0,0,0.0,10,1,0,1,0.0,0,0,0,0,0,0.3,1.425,seer,0,1,,,0.3333333333333333,0.0,0.0,0.0,0.0,7,"{""baseline_rule_policy"": 0.0, ""deception_enabled_policy"": 0.0, ""mixed_rule_policy"": 0.0, ""randomized_legal_policy"": 0.0, ""risk_heterogeneous_policy"": 0.0, ""seat_order_neutral_policy"": 0.0, ""speech_and_herding_policy"": 0.0}",8,4,0.14285714285714285
64da00f13498774859c59ebbb0a0e3c50a327d26b6ca8ff2dfaed3b79e6b49f6,56490292483202b83bec10532d615fc0905d29f8324f6753784ad679a68e37b3,randomized_legal_policy_seed_52_game_1_day_vote,52,1,randomized_legal_policy,regime_randomized_legal_policy_seed_52_base_1,regime_randomized_legal_policy_seed_52_base_1,regime_randomized_legal_policy_seed_52_base_1,final_test,B_unseen_seed,1,day,day_vote,1,wolf,werewolf,6,1,0,random,2,1,0,1,0,0,1,1,0,10,0,0,0.315,0,0,0.0,0.3,0,0,0,0,2,1,0,0,0.0,0.3,0,0,0,0,0,0,0,0,0,0,0.5,0,0,0.0,6,1,0,5,0.0,0,1,0,0,0,0.3,1.425,werewolf,1,0,,,0.3333333333333333,0.14285714285714285,0.14285714285714288,0.0,0.14285714285714288,7,"{""baseline_rule_policy"": 0.0, ""deception_enabled_policy"": 0.0, ""mixed_rule_policy"": 0.0, ""randomized_legal_policy"": 0.0, ""risk_heterogeneous_policy"": 0.0, ""seat_order_neutral_policy"": 1.0, ""speech_and_herding_policy"": 0.0}",8,3,0.14285714285714285
8fa33fb693e5b695e284075ed899523ac47a385f5d47275d66e31b5f51e5670d,f3fd0787658e3ebc389c776a4c606f3ebb622867ce3a1f85d1a4314752512611,randomized_legal_policy_seed_52_game_2_day_vote,52,2,randomized_legal_policy,regime_randomized_legal_policy_seed_52_base_2,regime_randomized_legal_policy_seed_52_base_2,regime_randomized_legal_policy_seed_52_base_2,final_test,B_unseen_seed,1,day,day_vote,1,village,witch,3,1,1,random,3,1,0,1,0,0,1,0,1,10,0,0,0.28500000000000003,0,0,0.0,0.3,0,0,0,0,0,1,0,0,0.0,0.3,0,0,0,0,0,0,0,0,0,0,0.5,0,0,0.0,3,0,1,2,0.0,0,0,0,0,0,0.3,1.425,villager,0,0,,,0.0,0.14285714285714285,0.14285714285714288,0.0,0.14285714285714288,7,"{""baseline_rule_policy"": 0.0, ""deception_enabled_policy"": 0.0, ""mixed_rule_policy"": 0.0, ""randomized_legal_policy"": 0.0, ""risk_heterogeneous_policy"": 1.0, ""seat_order_neutral_policy"": 0.0, ""speech_and_herding_policy"": 0.0}",10,4,0.14285714285714285
8fa33fb693e5b695e284075ed899523ac47a385f5d47275d66e31b5f51e5670d,f3fd0787658e3ebc389c776a4c606f3ebb622867ce3a1f85d1a4314752512611,randomized_legal_policy_seed_52_game_2_day_vote,52,2,randomized_legal_policy,regime_randomized_legal_policy_seed_52_base_2,regime_randomized_legal_policy_seed_52_base_2,regime_randomized_legal_policy_seed_52_base_2,final_test,B_unseen_seed,1,day,day_vote,1,village,witch,10,1,0,random,3,1,0,1,0,0,1,0,1,10,0,0,0.28500000000000003,0,0,0.0,0.3,0,0,0,0,0,1,0,0,0.0,0.3,0,0,0,0,0,0,0,0,0,0,0.5,0,0,0.0,10,1,0,1,0.0,0,0,0,0,0,0.3,1.425,villager,0,0,,,0.3333333333333333,0.2857142857142857,0.18442777839082938,0.0,0.2380952380952381,7,"{""baseline_rule_policy"": 1.0, ""deception_enabled_policy"": 0.0, ""mixed_rule_policy"": 0.0, ""randomized_legal_policy"": 0.0, ""risk_heterogeneous_policy"": 0.0, ""seat_order_neutral_policy"": 1.0, ""speech_and_herding_policy"": 0.0}",10,1,0.14285714285714285
8fa33fb693e5b695e284075ed899523ac47a385f5d47275d66e31b5f51e5670d,f3fd0787658e3ebc389c776a4c606f3ebb622867ce3a1f85d1a4314752512611,randomized_legal_policy_seed_52_game_2_day_vote,52,2,randomized_legal_policy,regime_randomized_legal_policy_seed_52_base_2,regime_randomized_legal_policy_seed_52_base_2,regime_randomized_legal_policy_seed_52_base_2,final_test,B_unseen_seed,1,day,day_vote,1,village,witch,2,1,0,random,3,1,0,1,0,0,1,0,1,10,0,0,0.28500000000000003,0,0,0.0,0.3,0,0,0,0,0,1,0,0,0.0,0.3,0,0,0,0,0,0,0,0,0,0,0.5,0,0,0.0,2,0,1,1,0.0,0,0,0,0,0,0.3,1.425,villager,0,0,,,0.0,0.2857142857142857,0.18442777839082938,0.0,0.2380952380952381,7,"{""baseline_rule_policy"": 1.0, ""deception_enabled_policy"": 0.0, ""mixed_rule_policy"": 0.0, ""randomized_legal_policy"": 0.0, ""risk_heterogeneous_policy"": 0.0, ""seat_order_neutral_policy"": 1.0, ""speech_and_herding_policy"": 0.0}",10,1,0.14285714285714285
8fa33fb693e5b695e284075ed899523ac47a385f5d47275d66e31b5f51e5670d,f3fd0787658e3ebc389c776a4c606f3ebb622867ce3a1f85d1a4314752512611,randomized_legal_policy_seed_52_game_2_day_vote,52,2,randomized_legal_policy,regime_randomized_legal_policy_seed_52_base_2,regime_randomized_legal_policy_seed_52_base_2,regime_randomized_legal_policy_seed_52_base_2,final_test,B_unseen_seed,1,day,day_vote,1,village,witch,5,1,0,random,3,1,0,1,0,0,1,0,1,10,0,0,0.28500000000000003,0,0,0.0,0.3,0,0,0,0,0,1,0,0,0.0,0.15,0,0,0,0,0,0,0,0,0,0,0.5,0,0,0.0,5,1,1,4,0.0,0,0,0,0,0,0.15,1.4625,villager,0,0,,,0.3333333333333333,0.2857142857142857,0.18442777839082938,0.0,0.2380952380952381,7,"{""baseline_rule_policy"": 1.0, ""deception_enabled_policy"": 0.0, ""mixed_rule_policy"": 0.0, ""randomized_legal_policy"": 0.0, ""risk_heterogeneous_policy"": 0.0, ""seat_order_neutral_policy"": 1.0, ""speech_and_herding_policy"": 0.0}",10,1,0.14285714285714285
6032265a7ca6cdeb336ddfb51554e2f16a6ac06ed21e01570ed28e644e5281f2,bf461f2d7b548b4eaa7d2caeed9940d3ceaa83b6d4781e30c30c47147ffbb1db,randomized_legal_policy_seed_53_game_1_day_vote,53,1,randomized_legal_policy,regime_randomized_legal_policy_seed_53_base_1,regime_randomized_legal_policy_seed_53_base_1,regime_randomized_legal_policy_seed_53_base_1,final_test,B_unseen_seed,1,day,day_vote,1,wolf,werewolf,8,1,1,random,8,1,0,1,0,0,1,1,0,10,0,0,0.28500000000000003,0,0,0.0,0.3,0,0,0,0,2,1,0,0,0.0,0.3,0,0,0,0,0,0,0,0,0,0,0.5,0,0,0.0,8,0,0,3,0.0,0,1,0,0,0,0.3,1.425,werewolf,1,0,,,0.0,0.7142857142857143,0.18442777839082938,0.0,0.2380952380952381,7,"{""baseline_rule_policy"": 1.0, ""deception_enabled_policy"": 0.0, ""mixed_rule_policy"": 1.0, ""randomized_legal_policy"": 0.0, ""risk_heterogeneous_policy"": 1.0, ""seat_order_neutral_policy"": 1.0, ""speech_and_herding_policy"": 1.0}",10,2,0.1428571428571428
6032265a7ca6cdeb336ddfb51554e2f16a6ac06ed21e01570ed28e644e5281f2,bf461f2d7b548b4eaa7d2caeed9940d3ceaa83b6d4781e30c30c47147ffbb1db,randomized_legal_policy_seed_53_game_1_day_vote,53,1,randomized_legal_policy,regime_randomized_legal_policy_seed_53_base_1,regime_randomized_legal_policy_seed_53_base_1,regime_randomized_legal_policy_seed_53_base_1,final_test,B_unseen_seed,1,day,day_vote,1,wolf,werewolf,10,1,0,random,8,1,0,1,0,0,1,1,0,10,0,0,0.28500000000000003,0,0,0.0,0.3,0,0,0,0,2,1,0,0,0.0,0.3,0,0,0,0,0,0,0,0,0,0,0.5,0,0,0.0,10,1,0,1,0.0,0,0,0,0,0,0.3,1.425,villager,0,0,,,0.6666666666666666,0.8571428571428571,0.14285714285714285,0.0,0.14285714285714285,7,"{""baseline_rule_policy"": 0.0, ""deception_enabled_policy"": 1.0, ""mixed_rule_policy"": 1.0, ""randomized_legal_policy"": 1.0, ""risk_heterogeneous_policy"": 1.0, ""seat_order_neutral_policy"": 1.0, ""speech_and_herding_policy"": 1.0}",10,1,0.1428571428571428
6032265a7ca6cdeb336ddfb51554e2f16a6ac06ed21e01570ed28e644e5281f2,bf461f2d7b548b4eaa7d2caeed9940d3ceaa83b6d4781e30c30c47147ffbb1db,randomized_legal_policy_seed_53_game_1_day_vote,53,1,randomized_legal_policy,regime_randomized_legal_policy_seed_53_base_1,regime_randomized_legal_policy_seed_53_base_1,regime_randomized_legal_policy_seed_53_base_1,final_test,B_unseen_seed,1,day,day_vote,1,wolf,werewolf,5,1,0,random,8,1,0,1,0,0,1,1,0,10,0,0,0.28500000000000003,0,0,0.0,0.3,0,0,0,0,2,1,0,0,0.0,0.3,0,0,0,0,0,0,0,0,0,0,0.5,0,0,0.0,5,1,1,4,0.0,0,0,0,0,0,0.3,1.425,seer,0,1,,,0.6666666666666666,0.7142857142857143,0.18442777839082938,0.0,0.2380952380952381,7,"{""baseline_rule_policy"": 0.0, ""deception_enabled_policy"": 1.0, ""mixed_rule_policy"": 1.0, ""randomized_legal_policy"": 1.0, ""risk_heterogeneous_policy"": 0.0, ""seat_order_neutral_policy"": 1.0, ""speech_and_herding_policy"": 1.0}",10,2,0.1428571428571428
6032265a7ca6cdeb336ddfb51554e2f16a6ac06ed21e01570ed28e644e5281f2,bf461f2d7b548b4eaa7d2caeed9940d3ceaa83b6d4781e30c30c47147ffbb1db,randomized_legal_policy_seed_53_game_1_day_vote,53,1,randomized_legal_policy,regime_randomized_legal_policy_seed_53_base_1,regime_randomized_legal_policy_seed_53_base_1,regime_randomized_legal_policy_seed_53_base_1,final_test,B_unseen_seed,1,day,day_vote,1,wolf,werewolf,4,1,0,random,8,1,0,1,0,0,1,1,0,10,0,0,0.28500000000000003,0,0,0.0,0.3,0,0,0,0,2,1,0,0,0.0,0.3,0,0,0,0,0,0,0,0,0,0,0.5,0,0,0.0,4,0,1,3,0.0,0,0,0,0,0,0.3,1.425,hunter,0,1,,,0.3333333333333333,0.7142857142857143,0.18442777839082938,0.0,0.2380952380952381,7,"{""baseline_rule_policy"": 1.0, ""deception_enabled_policy"": 0.0, ""mixed_rule_policy"": 0.0, ""randomized_legal_policy"": 1.0, ""risk_heterogeneous_policy"": 1.0, ""seat_order_neutral_policy"": 1.0, ""speech_and_herding_policy"": 1.0}",10,2,0.1428571428571428
e9dc510d8054fa429cf4aca94488aa4f61ffa63e8cb60ec0e54a15038d1406b1,fdb1aef62ee6b9f961c34e9ad198478779c8b4a1a13663edf907784a967558a0,randomized_legal_policy_seed_53_game_2_day_vote,53,2,randomized_legal_policy,regime_randomized_legal_policy_seed_53_base_2,regime_randomized_legal_policy_seed_53_base_2,regime_randomized_legal_policy_seed_53_base_2,final_test,B_unseen_seed,1,day,day_vote,1,village,villager,9,1,1,random,9,1,0,1,0,0,1,0,1,10,0,0,0.28500000000000003,0,0,0.0,0.3,0,0,0,0,0,1,0,0,0.0,0.15,0,0,0,0,0,0,0,0,0,0,0.5,0,0,0.0,9,0,0,2,0.0,0,0,0,0,0,0.15,1.4625,villager,0,0,,,0.3333333333333333,0.42857142857142855,0.20203050891044214,0.0,0.2857142857142857,7,"{""baseline_rule_policy"": 0.0, ""deception_enabled_policy"": 1.0, ""mixed_rule_policy"": 1.0, ""randomized_legal_policy"": 0.0, ""risk_heterogeneous_policy"": 1.0, ""seat_order_neutral_policy"": 0.0, ""speech_and_herding_policy"": 0.0}",3,1,0.0
e9dc510d8054fa429cf4aca94488aa4f61ffa63e8cb60ec0e54a15038d1406b1,fdb1aef62ee6b9f961c34e9ad198478779c8b4a1a13663edf907784a967558a0,randomized_legal_policy_seed_53_game_2_day_vote,53,2,randomized_legal_policy,regime_randomized_legal_policy_seed_53_base_2,regime_randomized_legal_policy_seed_53_base_2,regime_randomized_legal_policy_seed_53_base_2,final_test,B_unseen_seed,1,day,day_vote,1,village,villager,10,1,0,random,9,1,0,1,0,0,1,0,1,10,0,0,0.28500000000000003,0,0,0.0,0.3,0,0,0,0,0,1,0,0,0.0,0.3,0,0,0,0,0,0,0,0,0,0,0.5,0,0,0.0,10,1,0,1,0.0,0,0,0,0,0,0.3,1.425,hunter,0,1,,,0.3333333333333333,0.14285714285714285,0.14285714285714288,0.0,0.14285714285714288,7,"{""baseline_rule_policy"": 0.0, ""deception_enabled_policy"": 1.0, ""mixed_rule_policy"": 0.0, ""randomized_legal_policy"": 0.0, ""risk_heterogeneous_policy"": 0.0, ""seat_order_neutral_policy"": 0.0, ""speech_and_herding_policy"": 0.0}",3,4,0.0
e9dc510d8054fa429cf4aca94488aa4f61ffa63e8cb60ec0e54a15038d1406b1,fdb1aef62ee6b9f961c34e9ad198478779c8b4a1a13663edf907784a967558a0,randomized_legal_policy_seed_53_game_2_day_vote,53,2,randomized_legal_policy,regime_randomized_legal_policy_seed_53_base_2,regime_randomized_legal_policy_seed_53_base_2,regime_randomized_legal_policy_seed_53_base_2,final_test,B_unseen_seed,1,day,day_vote,1,village,villager,8,1,0,random,9,1,0,1,0,0,1,0,1,10,0,0,0.28500000000000003,0,0,0.0,0.3,0,0,0,0,0,1,0,0,0.0,0.3,0,0,0,0,0,0,0,0,0,0,0.5,0,0,0.0,8,0,0,3,0.0,0,0,0,0,0,0.3,1.425,werewolf,1,0,,,0.3333333333333333,0.42857142857142855,0.20203050891044214,0.0,0.2857142857142857,7,"{""baseline_rule_policy"": 1.0, ""deception_enabled_policy"": 0.0, ""mixed_rule_policy"": 0.0, ""randomized_legal_policy"": 0.0, ""risk_heterogeneous_policy"": 1.0, ""seat_order_neutral_policy"": 0.0, ""speech_and_herding_policy"": 1.0}",3,1,0.0
e9dc510d8054fa429cf4aca94488aa4f61ffa63e8cb60ec0e54a15038d1406b1,fdb1aef62ee6b9f961c34e9ad198478779c8b4a1a13663edf907784a967558a0,randomized_legal_policy_seed_53_game_2_day_vote,53,2,randomized_legal_policy,regime_randomized_legal_policy_seed_53_base_2,regime_randomized_legal_policy_seed_53_base_2,regime_randomized_legal_policy_seed_53_base_2,final_test,B_unseen_seed,1,day,day_vote,1,village,villager,3,1,0,random,9,1,0,1,0,0,1,0,1,10,0,0,0.28500000000000003,0,0,0.0,0.3,0,0,0,0,0,1,0,0,0.0,0.3,0,0,0,0,0,0,0,0,0,0,0.5,0,0,0.0,3,0,1,2,0.0,0,0,0,0,0,0.3,1.425,werewolf,1,0,,,0.3333333333333333,0.42857142857142855,0.20203050891044214,0.0,0.2857142857142857,7,"{""baseline_rule_policy"": 0.0, ""deception_enabled_policy"": 1.0, ""mixed_rule_policy"": 0.0, ""randomized_legal_policy"": 0.0, ""risk_heterogeneous_policy"": 1.0, ""seat_order_neutral_policy"": 1.0, ""speech_and_herding_policy"": 0.0}",3,1,0.0
36d5c71ca9230b4d4d2cd6c2100899568c28218e06b2c5bda5f79b178451a6c5,5ff096d79bb765051b850f774627eec90b3b4f34eee524b6f7db5637b930fe9c,mixed_rule_policy_seed_42_game_1_day_vote,42,1,mixed_rule_policy,regime_mixed_rule_policy_seed_42_base_1,regime_mixed_rule_policy_seed_42_base_1,regime_mixed_rule_policy_seed_42_base_1,train,A_in_distribution,1,day,day_vote,1,village,witch,6,1,1,suspicion_based,6,1,0,1,0,0,1,0,1,10,0,0,0.315,0,0,0.0,0.3,0,0,0,0,0,1,0,0,0.25,0.55,0,0,0,0,0,0,0,0,0,0,0.5,0,0,0.0,6,1,0,5,0.0,0,0,0,0,0,0.44999999999999996,1.3,werewolf,1,0,,,0.6666666666666666,0.2857142857142857,0.18442777839082938,0.0,0.2380952380952381,7,"{""baseline_rule_policy"": 1.0, ""deception_enabled_policy"": 1.0, ""mixed_rule_policy"": 0.0, ""randomized_legal_policy"": 0.0, ""risk_heterogeneous_policy"": 0.0, ""seat_order_neutral_policy"": 0.0, ""speech_and_herding_policy"": 0.0}",7,3,0.2857142857142857
36d5c71ca9230b4d4d2cd6c2100899568c28218e06b2c5bda5f79b178451a6c5,5ff096d79bb765051b850f774627eec90b3b4f34eee524b6f7db5637b930fe9c,mixed_rule_policy_seed_42_game_1_day_vote,42,1,mixed_rule_policy,regime_mixed_rule_policy_seed_42_base_1,regime_mixed_rule_policy_seed_42_base_1,regime_mixed_rule_policy_seed_42_base_1,train,A_in_distribution,1,day,day_vote,1,village,witch,2,1,0,suspicion_based,6,1,0,1,0,0,1,0,1,10,0,0,0.315,0,0,0.0,0.3,0,0,0,0,0,1,0,0,0.0,0.3,0,0,0,0,0,0,0,0,0,0,0.5,0,0,0.0,2,0,1,1,0.0,0,0,0,0,0,0.3,1.425,werewolf,1,0,,,0.6666666666666666,0.42857142857142855,0.20203050891044214,0.0,0.2857142857142857,7,"{""baseline_rule_policy"": 1.0, ""deception_enabled_policy"": 1.0, ""mixed_rule_policy"": 0.0, ""randomized_legal_policy"": 0.0, ""risk_heterogeneous_policy"": 1.0, ""seat_order_neutral_policy"": 0.0, ""speech_and_herding_policy"": 0.0}",7,2,0.2857142857142857
36d5c71ca9230b4d4d2cd6c2100899568c28218e06b2c5bda5f79b178451a6c5,5ff096d79bb765051b850f774627eec90b3b4f34eee524b6f7db5637b930fe9c,mixed_rule_policy_seed_42_game_1_day_vote,42,1,mixed_rule_policy,regime_mixed_rule_policy_seed_42_base_1,regime_mixed_rule_policy_seed_42_base_1,regime_mixed_rule_policy_seed_42_base_1,train,A_in_distribution,1,day,day_vote,1,village,witch,5,1,0,suspicion_based,6,1,0,1,0,0,1,0,1,10,0,0,0.315,0,0,0.0,0.3,0,0,0,0,0,1,0,0,0.0,0.3,0,0,0,0,0,0,0,0,0,0,0.5,0,0,0.0,5,1,1,4,0.0,0,0,0,0,0,0.3,1.425,villager,0,0,,,1.0,0.2857142857142857,0.18442777839082938,0.0,0.2380952380952381,7,"{""baseline_rule_policy"": 0.0, ""deception_enabled_policy"": 1.0, ""mixed_rule_policy"": 0.0, ""randomized_legal_policy"": 0.0, ""risk_heterogeneous_policy"": 1.0, ""seat_order_neutral_policy"": 0.0, ""speech_and_herding_policy"": 0.0}",7,3,0.2857142857142857
36d5c71ca9230b4d4d2cd6c2100899568c28218e06b2c5bda5f79b178451a6c5,5ff096d79bb765051b850f774627eec90b3b4f34eee524b6f7db5637b930fe9c,mixed_rule_policy_seed_42_game_1_day_vote,42,1,mixed_rule_policy,regime_mixed_rule_policy_seed_42_base_1,regime_mixed_rule_policy_seed_42_base_1,regime_mixed_rule_policy_seed_42_base_1,train,A_in_distribution,1,day,day_vote,1,village,witch,7,1,0,suspicion_based,6,1,0,1,0,0,1,0,1,10,0,0,0.315,0,0,0.0,0.3,0,0,0,0,0,1,0,0,0.0,0.3,0,0,0,0,0,0,0,0,0,0,0.5,0,0,0.0,7,0,0,4,0.0,0,0,0,0,0,0.3,1.425,villager,0,0,,,0.6666666666666666,0.5714285714285714,0.20203050891044216,0.0,0.28571428571428575,7,"{""baseline_rule_policy"": 1.0, ""deception_enabled_policy"": 1.0, ""mixed_rule_policy"": 1.0, ""randomized_legal_policy"": 1.0, ""risk_heterogeneous_policy"": 0.0, ""seat_order_neutral_policy"": 0.0, ""speech_and_herding_policy"": 0.0}",7,1,0.2857142857142857
3e3928ce2d613fb0d167495d699665bf303db189825c0144914a596d59055d2b,d7336bcb035833622dfb0e4a917776d49fdb271e49128864eaf638b29658ea78,mixed_rule_policy_seed_42_game_2_day_vote,42,2,mixed_rule_policy,regime_mixed_rule_policy_seed_42_base_2,regime_mixed_rule_policy_seed_42_base_2,regime_mixed_rule_policy_seed_42_base_2,train,A_in_distribution,1,day,day_vote,1,wolf,werewolf,5,1,1,suspicion_based,5,1,0,1,0,0,1,1,0,10,0,0,0.315,0,0,0.0,0.3,0,0,0,0,2,1,0,0,0.25,0.55,0,0,0,0,0,0,0,0,0,0,0.5,0,0,0.0,5,1,1,4,0.0,0,1,0,0,0,0.44999999999999996,1.3,werewolf,1,0,,,0.3333333333333333,0.42857142857142855,0.20203050891044214,0.0,0.2857142857142857,7,"{""baseline_rule_policy"": 1.0, ""deception_enabled_policy"": 0.0, ""mixed_rule_policy"": 1.0, ""randomized_legal_policy"": 0.0, ""risk_heterogeneous_policy"": 0.0, ""seat_order_neutral_policy"": 0.0, ""speech_and_herding_policy"": 1.0}",8,4,0.42857142857142855
3e3928ce2d613fb0d167495d699665bf303db189825c0144914a596d59055d2b,d7336bcb035833622dfb0e4a917776d49fdb271e49128864eaf638b29658ea78,mixed_rule_policy_seed_42_game_2_day_vote,42,2,mixed_rule_policy,regime_mixed_rule_policy_seed_42_base_2,regime_mixed_rule_policy_seed_42_base_2,regime_mixed_rule_policy_seed_42_base_2,train,A_in_distribution,1,day,day_vote,1,wolf,werewolf,2,1,0,suspicion_based,5,1,0,1,0,0,1,1,0,10,0,0,0.315,0,0,0.0,0.3,0,0,0,0,2,1,0,0,0.0,0.3,0,0,0,0,0,0,0,0,0,0,0.5,0,0,0.0,2,0,1,1,0.0,0,0,0,0,0,0.3,1.425,villager,0,0,,,0.6666666666666666,0.5714285714285714,0.20203050891044216,0.0,0.28571428571428575,7,"{""baseline_rule_policy"": 0.0, ""deception_enabled_policy"": 1.0, ""mixed_rule_policy"": 1.0, ""randomized_legal_policy"": 1.0, ""risk_heterogeneous_policy"": 0.0, ""seat_order_neutral_policy"": 0.0, ""speech_and_herding_policy"": 1.0}",8,3,0.42857142857142855
3e3928ce2d613fb0d167495d699665bf303db189825c0144914a596d59055d2b,d7336bcb035833622dfb0e4a917776d49fdb271e49128864eaf638b29658ea78,mixed_rule_policy_seed_42_game_2_day_vote,42,2,mixed_rule_policy,regime_mixed_rule_policy_seed_42_base_2,regime_mixed_rule_policy_seed_42_base_2,regime_mixed_rule_policy_seed_42_base_2,train,A_in_distribution,1,day,day_vote,1,wolf,werewolf,8,1,0,suspicion_based,5,1,0,1,0,0,1,1,0,10,0,0,0.315,0,0,0.0,0.3,0,0,0,0,2,1,0,0,0.0,0.3,0,0,0,0,0,0,0,0,0,0,0.5,0,0,0.0,8,0,0,3,0.0,0,1,0,0,0,0.3,1.425,werewolf,1,0,,,0.6666666666666666,0.8571428571428571,0.14285714285714285,0.0,0.14285714285714285,7,"{""baseline_rule_policy"": 1.0, ""deception_enabled_policy"": 1.0, ""mixed_rule_policy"": 1.0, ""randomized_legal_policy"": 1.0, ""risk_heterogeneous_policy"": 1.0, ""seat_order_neutral_policy"": 0.0, ""speech_and_herding_policy"": 1.0}",8,1,0.42857142857142855
3e3928ce2d613fb0d167495d699665bf303db189825c0144914a596d59055d2b,d7336bcb035833622dfb0e4a917776d49fdb271e49128864eaf638b29658ea78,mixed_rule_policy_seed_42_game_2_day_vote,42,2,mixed_rule_policy,regime_mixed_rule_policy_seed_42_base_2,regime_mixed_rule_policy_seed_42_base_2,regime_mixed_rule_policy_seed_42_base_2,train,A_in_distribution,1,day,day_vote,1,wolf,werewolf,9,1,0,suspicion_based,5,1,0,1,0,0,1,1,0,10,0,0,0.315,0,0,0.0,0.3,0,0,0,0,2,1,0,0,0.0,0.3,0,0,0,0,0,0,0,0,0,0,0.5,0,0,0.0,9,0,0,2,0.0,0,0,0,0,0,0.3,1.425,villager,0,0,,,0.6666666666666666,0.7142857142857143,0.18442777839082938,0.0,0.2380952380952381,7,"{""baseline_rule_policy"": 1.0, ""deception_enabled_policy"": 0.0, ""mixed_rule_policy"": 1.0, ""randomized_legal_policy"": 1.0, ""risk_heterogeneous_policy"": 1.0, ""seat_order_neutral_policy"": 0.0, ""speech_and_herding_policy"": 1.0}",8,2,0.42857142857142855
9bdebe639301babb8f98418ad239e1aa267057e7e86570d664bd203a519f17db,a74b5cd81bd6340fbb65c419aadcbf32625b29f8d44f28572ddcd2304b676d7b,mixed_rule_policy_seed_43_game_1_day_vote,43,1,mixed_rule_policy,regime_mixed_rule_policy_seed_43_base_1,regime_mixed_rule_policy_seed_43_base_1,regime_mixed_rule_policy_seed_43_base_1,train,A_in_distribution,1,day,day_vote,1,wolf,werewolf,2,1,1,suspicion_based,2,1,0,1,0,0,1,1,0,10,0,0,0.315,0,0,0.25,0.55,0,0,0,0,2,1,0,0,0.0,0.3,0,0,0,0,0,0,0,0,0,0,0.5,0,0,0.0,2,0,1,1,0.0,0,1,0,0,0,0.3,1.425,werewolf,1,0,,,0.3333333333333333,0.7142857142857143,0.18442777839082938,0.0,0.2380952380952381,7,"{""baseline_rule_policy"": 0.0, ""deception_enabled_policy"": 1.0, ""mixed_rule_policy"": 1.0, ""randomized_legal_policy"": 0.0, ""risk_heterogeneous_policy"": 1.0, ""seat_order_neutral_policy"": 1.0, ""speech_and_herding_policy"": 1.0}",2,1,0.0
9bdebe639301babb8f98418ad239e1aa267057e7e86570d664bd203a519f17db,a74b5cd81bd6340fbb65c419aadcbf32625b29f8d44f28572ddcd2304b676d7b,mixed_rule_policy_seed_43_game_1_day_vote,43,1,mixed_rule_policy,regime_mixed_rule_policy_seed_43_base_1,regime_mixed_rule_policy_seed_43_base_1,regime_mixed_rule_policy_seed_43_base_1,train,A_in_distribution,1,day,day_vote,1,wolf,werewolf,10,1,0,suspicion_based,2,1,0,1,0,0,1,1,0,10,0,0,0.315,0,0,0.25,0.55,0,0,0,0,2,1,0,0,0.0,0.3,0,0,0,0,0,0,0,0,0,0,0.5,0,0,0.0,10,1,0,1,0.0,0,0,0,0,0,0.3,1.425,witch,0,1,,,0.3333333333333333,0.42857142857142855,0.20203050891044214,0.0,0.2857142857142857,7,"{""baseline_rule_policy"": 0.0, ""deception_enabled_policy"": 0.0, ""mixed_rule_policy"": 0.0, ""randomized_legal_policy"": 1.0, ""risk_heterogeneous_policy"": 1.0, ""seat_order_neutral_policy"": 1.0, ""speech_and_herding_policy"": 0.0}",2,4,0.0
9bdebe639301babb8f98418ad239e1aa267057e7e86570d664bd203a519f17db,a74b5cd81bd6340fbb65c419aadcbf32625b29f8d44f28572ddcd2304b676d7b,mixed_rule_policy_seed_43_game_1_day_vote,43,1,mixed_rule_policy,regime_mixed_rule_policy_seed_43_base_1,regime_mixed_rule_policy_seed_43_base_1,regime_mixed_rule_policy_seed_43_base_1,train,A_in_distribution,1,day,day_vote,1,wolf,werewolf,6,1,0,suspicion_based,2,1,0,1,0,0,1,1,0,10,0,0,0.315,0,0,0.25,0.55,0,0,0,0,2,1,0,0,0.0,0.3,0,0,0,0,0,0,0,0,0,0,0.5,0,0,0.0,6,1,0,5,0.0,0,0,0,0,0,0.3,1.425,villager,0,0,,,1.0,0.7142857142857143,0.18442777839082938,0.0,0.2380952380952381,7,"{""baseline_rule_policy"": 1.0, ""deception_enabled_policy"": 0.0, ""mixed_rule_policy"": 1.0, ""randomized_legal_policy"": 1.0, ""risk_heterogeneous_policy"": 0.0, ""seat_order_neutral_policy"": 1.0, ""speech_and_herding_policy"": 1.0}",2,1,0.0
9bdebe639301babb8f98418ad239e1aa267057e7e86570d664bd203a519f17db,a74b5cd81bd6340fbb65c419aadcbf32625b29f8d44f28572ddcd2304b676d7b,mixed_rule_policy_seed_43_game_1_day_vote,43,1,mixed_rule_policy,regime_mixed_rule_policy_seed_43_base_1,regime_mixed_rule_policy_seed_43_base_1,regime_mixed_rule_policy_seed_43_base_1,train,A_in_distribution,1,day,day_vote,1,wolf,werewolf,7,1,0,suspicion_based,2,1,0,1,0,0,1,1,0,10,0,0,0.315,0,0,0.25,0.55,0,0,0,0,2,1,0,0,0.0,0.3,0,0,0,0,0,0,0,0,0,0,0.5,0,0,0.0,7,0,0,4,0.0,0,1,0,0,0,0.3,1.425,werewolf,1,0,,,0.6666666666666666,0.5714285714285714,0.20203050891044216,0.0,0.28571428571428575,7,"{""baseline_rule_policy"": 1.0, ""deception_enabled_policy"": 0.0, ""mixed_rule_policy"": 1.0, ""randomized_legal_policy"": 1.0, ""risk_heterogeneous_policy"": 0.0, ""seat_order_neutral_policy"": 1.0, ""speech_and_herding_policy"": 0.0}",2,3,0.0
7b4c796b0e55dbff4a00c04a6b15f9fe84f35c8ced0bf3f9b367b0ee3dd3d68b,54f0f0bfb2ad60589d4f1aa1cc6283510740260c2ed38a00406cc2e71fb8b8c3,mixed_rule_policy_seed_43_game_2_day_vote,43,2,mixed_rule_policy,regime_mixed_rule_policy_seed_43_base_2,regime_mixed_rule_policy_seed_43_base_2,regime_mixed_rule_policy_seed_43_base_2,train,A_in_distribution,1,day,day_vote,1,village,villager,9,1,1,suspicion_based,9,1,0,1,0,0,1,0,1,10,0,0,0.28500000000000003,0,0,0.0,0.3,0,0,0,0,0,1,0,0,0.0,0.3,0,0,0,0,0,0,0,0,0,0,0.5,0,0,0.0,9,0,0,2,0.0,0,0,0,0,0,0.3,1.425,villager,0,0,,,0.0,0.14285714285714285,0.14285714285714288,0.0,0.14285714285714288,7,"{""baseline_rule_policy"": 0.0, ""deception_enabled_policy"": 0.0, ""mixed_rule_policy"": 0.0, ""randomized_legal_policy"": 0.0, ""risk_heterogeneous_policy"": 0.0, ""seat_order_neutral_policy"": 1.0, ""speech_and_herding_policy"": 0.0}",3,2,0.14285714285714285
7b4c796b0e55dbff4a00c04a6b15f9fe84f35c8ced0bf3f9b367b0ee3dd3d68b,54f0f0bfb2ad60589d4f1aa1cc6283510740260c2ed38a00406cc2e71fb8b8c3,mixed_rule_policy_seed_43_game_2_day_vote,43,2,mixed_rule_policy,regime_mixed_rule_policy_seed_43_base_2,regime_mixed_rule_policy_seed_43_base_2,regime_mixed_rule_policy_seed_43_base_2,train,A_in_distribution,1,day,day_vote,1,village,villager,10,1,0,suspicion_based,9,1,0,1,0,0,1,0,1,10,0,0,0.28500000000000003,0,0,0.0,0.3,0,0,0,0,0,1,0,0,0.0,0.3,0,0,0,0,0,0,0,0,0,0,0.5,0,0,0.0,10,1,0,1,0.0,0,0,0,0,0,0.3,1.425,villager,0,0,,,1.0,0.14285714285714285,0.14285714285714288,0.0,0.14285714285714288,7,"{""baseline_rule_policy"": 0.0, ""deception_enabled_policy"": 1.0, ""mixed_rule_policy"": 0.0, ""randomized_legal_policy"": 0.0, ""risk_heterogeneous_policy"": 0.0, ""seat_order_neutral_policy"": 0.0, ""speech_and_herding_policy"": 0.0}",3,2,0.14285714285714285
7b4c796b0e55dbff4a00c04a6b15f9fe84f35c8ced0bf3f9b367b0ee3dd3d68b,54f0f0bfb2ad60589d4f1aa1cc6283510740260c2ed38a00406cc2e71fb8b8c3,mixed_rule_policy_seed_43_game_2_day_vote,43,2,mixed_rule_policy,regime_mixed_rule_policy_seed_43_base_2,regime_mixed_rule_policy_seed_43_base_2,regime_mixed_rule_policy_seed_43_base_2,train,A_in_distribution,1,day,day_vote,1,village,villager,3,1,0,suspicion_based,9,1,0,1,0,0,1,0,1,10,0,0,0.28500000000000003,0,0,0.0,0.3,0,0,0,0,0,1,0,0,0.0,0.3,0,0,0,0,0,0,0,0,0,0,0.5,0,0,0.0,3,0,1,2,0.0,0,0,0,0,0,0.3,1.425,seer,0,1,,,0.3333333333333333,0.2857142857142857,0.18442777839082938,0.0,0.2380952380952381,7,"{""baseline_rule_policy"": 0.0, ""deception_enabled_policy"": 1.0, ""mixed_rule_policy"": 0.0, ""randomized_legal_policy"": 1.0, ""risk_heterogeneous_policy"": 0.0, ""seat_order_neutral_policy"": 0.0, ""speech_and_herding_policy"": 0.0}",3,1,0.14285714285714285
7b4c796b0e55dbff4a00c04a6b15f9fe84f35c8ced0bf3f9b367b0ee3dd3d68b,54f0f0bfb2ad60589d4f1aa1cc6283510740260c2ed38a00406cc2e71fb8b8c3,mixed_rule_policy_seed_43_game_2_day_vote,43,2,mixed_rule_policy,regime_mixed_rule_policy_seed_43_base_2,regime_mixed_rule_policy_seed_43_base_2,regime_mixed_rule_policy_seed_43_base_2,train,A_in_distribution,1,day,day_vote,1,village,villager,7,1,0,suspicion_based,9,1,0,1,0,0,1,0,1,10,0,0,0.28500000000000003,0,0,0.0,0.3,0,0,0,0,0,1,0,0,0.0,0.3,0,0,0,0,0,0,0,0,0,0,0.5,0,0,0.0,7,0,0,4,0.0,0,0,0,0,0,0.3,1.425,witch,0,1,,,0.3333333333333333,0.0,0.0,0.0,0.0,7,"{""baseline_rule_policy"": 0.0, ""deception_enabled_policy"": 0.0, ""mixed_rule_policy"": 0.0, ""randomized_legal_policy"": 0.0, ""risk_heterogeneous_policy"": 0.0, ""seat_order_neutral_policy"": 0.0, ""speech_and_herding_policy"": 0.0}",3,4,0.14285714285714285
2b1d31b0a958eacdb7878abc70c6095bd5ba25ffbcfec2fb585c6c3495573a1a,85bf825bdb6421d279e3ede963236ebcbeea8e8d5b6e5e02d7f8d514c4233e44,mixed_rule_policy_seed_44_game_1_day_vote,44,1,mixed_rule_policy,regime_mixed_rule_policy_seed_44_base_1,regime_mixed_rule_policy_seed_44_base_1,regime_mixed_rule_policy_seed_44_base_1,train,A_in_distribution,1,day,day_vote,1,village,hunter,10,1,1,suspicion_based,10,1,0,1,0,0,1,0,1,8,2,2,0.303,0,2,0.0,0.3,0,0,0,0,0,1,0,0,0.0,0.3,0,0,0,0,0,0,0,0,0,0,0.5,0,0,0.0,10,1,0,1,0.0,0,0,0,0,0,0.3,1.425,villager,0,0,,,0.6666666666666666,0.0,0.0,0.0,0.0,7,"{""baseline_rule_policy"": 0.0, ""deception_enabled_policy"": 0.0, ""mixed_rule_policy"": 0.0, ""randomized_legal_policy"": 0.0, ""risk_heterogeneous_policy"": 0.0, ""seat_order_neutral_policy"": 0.0, ""speech_and_herding_policy"": 0.0}",2,4,0.2857142857142857
2b1d31b0a958eacdb7878abc70c6095bd5ba25ffbcfec2fb585c6c3495573a1a,85bf825bdb6421d279e3ede963236ebcbeea8e8d5b6e5e02d7f8d514c4233e44,mixed_rule_policy_seed_44_game_1_day_vote,44,1,mixed_rule_policy,regime_mixed_rule_policy_seed_44_base_1,regime_mixed_rule_policy_seed_44_base_1,regime_mixed_rule_policy_seed_44_base_1,train,A_in_distribution,1,day,day_vote,1,village,hunter,2,1,0,suspicion_based,10,1,0,1,0,0,1,0,1,8,2,2,0.303,0,2,0.0,0.3,0,0,0,0,0,1,0,0,0.0,0.3,0,0,0,0,0,0,0,0,0,0,0.5,0,0,0.0,2,0,1,1,0.0,0,0,0,0,0,0.3,1.425,werewolf,1,0,,,0.6666666666666666,0.2857142857142857,0.18442777839082938,0.0,0.2380952380952381,7,"{""baseline_rule_policy"": 0.0, ""deception_enabled_policy"": 0.0, ""mixed_rule_policy"": 1.0, ""randomized_legal_policy"": 0.0, ""risk_heterogeneous_policy"": 1.0, ""seat_order_neutral_policy"": 0.0, ""speech_and_herding_policy"": 0.0}",2,1,0.2857142857142857
2b1d31b0a958eacdb7878abc70c6095bd5ba25ffbcfec2fb585c6c3495573a1a,85bf825bdb6421d279e3ede963236ebcbeea8e8d5b6e5e02d7f8d514c4233e44,mixed_rule_policy_seed_44_game_1_day_vote,44,1,mixed_rule_policy,regime_mixed_rule_policy_seed_44_base_1,regime_mixed_rule_policy_seed_44_base_1,regime_mixed_rule_policy_seed_44_base_1,train,A_in_distribution,1,day,day_vote,1,village,hunter,9,1,0,suspicion_based,10,1,0,1,0,0,1,0,1,8,2,2,0.303,0,2,0.0,0.3,0,0,0,0,0,1,0,0,0.0,0.3,0,0,0,0,0,0,0,0,0,0,0.5,0,0,0.0,9,0,0,2,0.0,0,0,0,0,0,0.3,1.425,villager,0,0,,,0.3333333333333333,0.14285714285714285,0.14285714285714288,0.0,0.14285714285714288,7,"{""baseline_rule_policy"": 0.0, ""deception_enabled_policy"": 0.0, ""mixed_rule_policy"": 1.0, ""randomized_legal_policy"": 0.0, ""risk_heterogeneous_policy"": 0.0, ""seat_order_neutral_policy"": 0.0, ""speech_and_herding_policy"": 0.0}",2,3,0.2857142857142857
2b1d31b0a958eacdb7878abc70c6095bd5ba25ffbcfec2fb585c6c3495573a1a,85bf825bdb6421d279e3ede963236ebcbeea8e8d5b6e5e02d7f8d514c4233e44,mixed_rule_policy_seed_44_game_1_day_vote,44,1,mixed_rule_policy,regime_mixed_rule_policy_seed_44_base_1,regime_mixed_rule_policy_seed_44_base_1,regime_mixed_rule_policy_seed_44_base_1,train,A_in_distribution,1,day,day_vote,1,village,hunter,3,1,0,suspicion_based,10,1,0,1,0,0,1,0,1,8,2,2,0.303,0,2,0.0,0.3,0,0,0,0,0,1,0,0,0.0,0.3,0,0,0,0,0,0,0,0,0,0,0.5,0,0,0.0,3,0,1,2,0.0,0,0,0,0,0,0.3,1.425,witch,0,1,,,0.3333333333333333,0.2857142857142857,0.18442777839082938,0.0,0.2380952380952381,7,"{""baseline_rule_policy"": 1.0, ""deception_enabled_policy"": 0.0, ""mixed_rule_policy"": 0.0, ""randomized_legal_policy"": 1.0, ""risk_heterogeneous_policy"": 0.0, ""seat_order_neutral_policy"": 0.0, ""speech_and_herding_policy"": 0.0}",2,1,0.2857142857142857
45d295377e61c813d4f9a6a6daa66e671fa57e237ecd1e063aa8923e73ba4b19,83c5d2460f9f0427fef23637c87fae41f13cd5734c5861ce2bf6cd837bde9244,mixed_rule_policy_seed_44_game_2_day_vote,44,2,mixed_rule_policy,regime_mixed_rule_policy_seed_44_base_2,regime_mixed_rule_policy_seed_44_base_2,regime_mixed_rule_policy_seed_44_base_2,train,A_in_distribution,1,day,day_vote,1,village,villager,6,1,1,suspicion_based,6,1,0,1,0,0,1,0,1,10,0,0,0.315,0,0,0.0,0.3,0,0,0,0,0,1,0,0,0.25,0.55,0,0,0,0,0,0,0,0,0,0,0.5,0,0,0.0,6,1,0,5,0.0,0,0,0,0,0,0.44999999999999996,1.3,werewolf,1,0,,,0.6666666666666666,0.42857142857142855,0.20203050891044214,0.0,0.2857142857142857,7,"{""baseline_rule_policy"": 0.0, ""deception_enabled_policy"": 1.0, ""mixed_rule_policy"": 0.0, ""randomized_legal_policy"": 0.0, ""risk_heterogeneous_policy"": 1.0, ""seat_order_neutral_policy"": 1.0, ""speech_and_herding_policy"": 0.0}",5,3,0.42857142857142855
45d295377e61c813d4f9a6a6daa66e671fa57e237ecd1e063aa8923e73ba4b19,83c5d2460f9f0427fef23637c87fae41f13cd5734c5861ce2bf6cd837bde9244,mixed_rule_policy_seed_44_game_2_day_vote,44,2,mixed_rule_policy,regime_mixed_rule_policy_seed_44_base_2,regime_mixed_rule_policy_seed_44_base_2,regime_mixed_rule_policy_seed_44_base_2,train,A_in_distribution,1,day,day_vote,1,village,villager,8,1,0,suspicion_based,6,1,0,1,0,0,1,0,1,10,0,0,0.315,0,0,0.0,0.3,0,0,0,0,0,1,0,0,0.0,0.3,0,0,0,0,0,0,0,0,0,0,0.5,0,0,0.0,8,0,0,3,0.0,0,0,0,0,0,0.3,1.425,villager,0,0,,,0.6666666666666666,0.8571428571428571,0.14285714285714285,0.0,0.14285714285714285,7,"{""baseline_rule_policy"": 1.0, ""deception_enabled_policy"": 1.0, ""mixed_rule_policy"": 0.0, ""randomized_legal_policy"": 1.0, ""risk_heterogeneous_policy"": 1.0, ""seat_order_neutral_policy"": 1.0, ""speech_and_herding_policy"": 1.0}",5,1,0.42857142857142855
45d295377e61c813d4f9a6a6daa66e671fa57e237ecd1e063aa8923e73ba4b19,83c5d2460f9f0427fef23637c87fae41f13cd5734c5861ce2bf6cd837bde9244,mixed_rule_policy_seed_44_game_2_day_vote,44,2,mixed_rule_policy,regime_mixed_rule_policy_seed_44_base_2,regime_mixed_rule_policy_seed_44_base_2,regime_mixed_rule_policy_seed_44_base_2,train,A_in_distribution,1,day,day_vote,1,village,villager,9,1,0,suspicion_based,6,1,0,1,0,0,1,0,1,10,0,0,0.315,0,0,0.0,0.3,0,0,0,0,0,1,0,0,0.0,0.3,0,0,0,0,0,0,0,0,0,0,0.5,0,0,0.0,9,0,0,2,0.0,0,0,0,0,0,0.3,1.425,witch,0,1,,,0.6666666666666666,0.42857142857142855,0.20203050891044214,0.0,0.2857142857142857,7,"{""baseline_rule_policy"": 0.0, ""deception_enabled_policy"": 1.0, ""mixed_rule_policy"": 1.0, ""randomized_legal_policy"": 0.0, ""risk_heterogeneous_policy"": 0.0, ""seat_order_neutral_policy"": 1.0, ""speech_and_herding_policy"": 0.0}",5,3,0.42857142857142855
45d295377e61c813d4f9a6a6daa66e671fa57e237ecd1e063aa8923e73ba4b19,83c5d2460f9f0427fef23637c87fae41f13cd5734c5861ce2bf6cd837bde9244,mixed_rule_policy_seed_44_game_2_day_vote,44,2,mixed_rule_policy,regime_mixed_rule_policy_seed_44_base_2,regime_mixed_rule_policy_seed_44_base_2,regime_mixed_rule_policy_seed_44_base_2,train,A_in_distribution,1,day,day_vote,1,village,villager,5,1,0,suspicion_based,6,1,0,1,0,0,1,0,1,10,0,0,0.315,0,0,0.0,0.3,0,0,0,0,0,1,0,0,0.0,0.3,0,0,0,0,0,0,0,0,0,0,0.5,0,0,0.0,5,1,1,4,0.0,0,0,0,0,0,0.3,1.425,seer,0,1,,,0.3333333333333333,0.8571428571428571,0.14285714285714285,0.0,0.14285714285714285,7,"{""baseline_rule_policy"": 1.0, ""deception_enabled_policy"": 1.0, ""mixed_rule_policy"": 1.0, ""randomized_legal_policy"": 1.0, ""risk_heterogeneous_policy"": 0.0, ""seat_order_neutral_policy"": 1.0, ""speech_and_herding_policy"": 1.0}",5,1,0.42857142857142855
bcf6693bf87f625e8b2e4d619e082cd8f1696cc9699de6fd3ee3426349b4e34d,49166b25b6a9ad0e37c503a9108a5860f0f187e0b19d4789787fe5c9b4917183,mixed_rule_policy_seed_50_game_1_day_vote,50,1,mixed_rule_policy,regime_mixed_rule_policy_seed_50_base_1,regime_mixed_rule_policy_seed_50_base_1,regime_mixed_rule_policy_seed_50_base_1,validation,A_in_distribution,1,day,day_vote,1,village,villager,5,1,1,suspicion_based,5,1,0,1,0,0,1,0,1,10,0,0,0.28500000000000003,0,0,0.0,0.3,0,0,0,0,0,1,0,0,0.0,0.3,0,0,0,0,0,0,0,0,0,0,0.5,0,0,0.0,5,1,1,4,0.0,0,0,0,0,0,0.3,1.425,villager,0,0,,,0.3333333333333333,0.42857142857142855,0.20203050891044214,0.0,0.2857142857142857,7,"{""baseline_rule_policy"": 1.0, ""deception_enabled_policy"": 0.0, ""mixed_rule_policy"": 0.0, ""randomized_legal_policy"": 1.0, ""risk_heterogeneous_policy"": 0.0, ""seat_order_neutral_policy"": 1.0, ""speech_and_herding_policy"": 0.0}",10,1,0.0
bcf6693bf87f625e8b2e4d619e082cd8f1696cc9699de6fd3ee3426349b4e34d,49166b25b6a9ad0e37c503a9108a5860f0f187e0b19d4789787fe5c9b4917183,mixed_rule_policy_seed_50_game_1_day_vote,50,1,mixed_rule_policy,regime_mixed_rule_policy_seed_50_base_1,regime_mixed_rule_policy_seed_50_base_1,regime_mixed_rule_policy_seed_50_base_1,validation,A_in_distribution,1,day,day_vote,1,village,villager,10,1,0,suspicion_based,5,1,0,1,0,0,1,0,1,10,0,0,0.28500000000000003,0,0,0.0,0.3,0,0,0,0,0,1,0,0,0.0,0.3,0,0,0,0,0,0,0,0,0,0,0.5,0,0,0.0,10,1,0,1,0.0,0,0,0,0,0,0.3,1.425,werewolf,1,0,,,0.3333333333333333,0.42857142857142855,0.20203050891044214,0.0,0.2857142857142857,7,"{""baseline_rule_policy"": 1.0, ""deception_enabled_policy"": 1.0, ""mixed_rule_policy"": 0.0, ""randomized_legal_policy"": 0.0, ""risk_heterogeneous_policy"": 0.0, ""seat_order_neutral_policy"": 0.0, ""speech_and_herding_policy"": 1.0}",10,1,0.0
bcf6693bf87f625e8b2e4d619e082cd8f1696cc9699de6fd3ee3426349b4e34d,49166b25b6a9ad0e37c503a9108a5860f0f187e0b19d4789787fe5c9b4917183,mixed_rule_policy_seed_50_game_1_day_vote,50,1,mixed_rule_policy,regime_mixed_rule_policy_seed_50_base_1,regime_mixed_rule_policy_seed_50_base_1,regime_mixed_rule_policy_seed_50_base_1,validation,A_in_distribution,1,day,day_vote,1,village,villager,8,1,0,suspicion_based,5,1,0,1,0,0,1,0,1,10,0,0,0.28500000000000003,0,0,0.0,0.3,0,0,0,0,0,1,0,0,0.0,0.3,0,0,0,0,0,0,0,0,0,0,0.5,0,0,0.0,8,0,0,3,0.0,0,0,0,0,0,0.3,1.425,villager,0,0,,,0.3333333333333333,0.14285714285714285,0.14285714285714288,0.0,0.14285714285714288,7,"{""baseline_rule_policy"": 0.0, ""deception_enabled_policy"": 0.0, ""mixed_rule_policy"": 1.0, ""randomized_legal_policy"": 0.0, ""risk_heterogeneous_policy"": 0.0, ""seat_order_neutral_policy"": 0.0, ""speech_and_herding_policy"": 0.0}",10,3,0.0
bcf6693bf87f625e8b2e4d619e082cd8f1696cc9699de6fd3ee3426349b4e34d,49166b25b6a9ad0e37c503a9108a5860f0f187e0b19d4789787fe5c9b4917183,mixed_rule_policy_seed_50_game_1_day_vote,50,1,mixed_rule_policy,regime_mixed_rule_policy_seed_50_base_1,regime_mixed_rule_policy_seed_50_base_1,regime_mixed_rule_policy_seed_50_base_1,validation,A_in_distribution,1,day,day_vote,1,village,villager,7,1,0,suspicion_based,5,1,0,1,0,0,1,0,1,10,0,0,0.28500000000000003,0,0,0.0,0.3,0,0,0,0,0,1,0,0,0.0,0.3,0,0,0,0,0,0,0,0,0,0,0.5,0,0,0.0,7,0,0,4,0.0,0,0,0,0,0,0.3,1.425,villager,0,0,,,0.0,0.0,0.0,0.0,0.0,7,"{""baseline_rule_policy"": 0.0, ""deception_enabled_policy"": 0.0, ""mixed_rule_policy"": 0.0, ""randomized_legal_policy"": 0.0, ""risk_heterogeneous_policy"": 0.0, ""seat_order_neutral_policy"": 0.0, ""speech_and_herding_policy"": 0.0}",10,4,0.0
4077aff85f8bfdcc32ef8ed164b9c63bed988e9cc4f586b3c4c5af3a9f3be3a2,2aa3b279a3bc75dab4d5ec59f65da2d07637c76c16dc019be03ee892612f3589,mixed_rule_policy_seed_50_game_2_day_vote,50,2,mixed_rule_policy,regime_mixed_rule_policy_seed_50_base_2,regime_mixed_rule_policy_seed_50_base_2,regime_mixed_rule_policy_seed_50_base_2,validation,A_in_distribution,1,day,day_vote,1,village,villager,2,1,1,suspicion_based,2,1,0,1,0,0,1,0,1,9,1,1,0.28500000000000003,0,1,0.0,0.3,0,0,0,0,0,1,0,0,0.0,0.3,0,0,0,0,0,0,0,0,0,0,0.5,0,0,0.0,2,0,1,1,0.0,0,0,0,0,0,0.3,1.425,werewolf,1,0,,,1.0,0.2857142857142857,0.18442777839082938,0.0,0.2380952380952381,7,"{""baseline_rule_policy"": 1.0, ""deception_enabled_policy"": 0.0, ""mixed_rule_policy"": 0.0, ""randomized_legal_policy"": 0.0, ""risk_heterogeneous_policy"": 0.0, ""seat_order_neutral_policy"": 0.0, ""speech_and_herding_policy"": 1.0}",10,1,0.0
4077aff85f8bfdcc32ef8ed164b9c63bed988e9cc4f586b3c4c5af3a9f3be3a2,2aa3b279a3bc75dab4d5ec59f65da2d07637c76c16dc019be03ee892612f3589,mixed_rule_policy_seed_50_game_2_day_vote,50,2,mixed_rule_policy,regime_mixed_rule_policy_seed_50_base_2,regime_mixed_rule_policy_seed_50_base_2,regime_mixed_rule_policy_seed_50_base_2,validation,A_in_distribution,1,day,day_vote,1,village,villager,10,1,0,suspicion_based,2,1,0,1,0,0,1,0,1,9,1,1,0.28500000000000003,0,1,0.0,0.3,0,0,0,0,0,1,0,0,0.0,0.3,0,0,0,0,0,0,0,0,0,0,0.5,0,0,0.0,10,1,0,1,0.0,0,0,0,0,0,0.3,1.425,werewolf,1,0,,,1.0,0.2857142857142857,0.18442777839082938,0.0,0.2380952380952381,7,"{""baseline_rule_policy"": 1.0, ""deception_enabled_policy"": 0.0, ""mixed_rule_policy"": 0.0, ""randomized_legal_policy"": 1.0, ""risk_heterogeneous_policy"": 0.0, ""seat_order_neutral_policy"": 0.0, ""speech_and_herding_policy"": 0.0}",10,1,0.0
4077aff85f8bfdcc32ef8ed164b9c63bed988e9cc4f586b3c4c5af3a9f3be3a2,2aa3b279a3bc75dab4d5ec59f65da2d07637c76c16dc019be03ee892612f3589,mixed_rule_policy_seed_50_game_2_day_vote,50,2,mixed_rule_policy,regime_mixed_rule_policy_seed_50_base_2,regime_mixed_rule_policy_seed_50_base_2,regime_mixed_rule_policy_seed_50_base_2,validation,A_in_distribution,1,day,day_vote,1,village,villager,8,1,0,suspicion_based,2,1,0,1,0,0,1,0,1,9,1,1,0.28500000000000003,0,1,0.0,0.3,0,0,0,0,0,1,0,0,0.0,0.3,0,0,0,0,0,0,0,0,0,0,0.5,0,0,0.0,8,0,0,3,0.0,0,0,0,0,0,0.3,1.425,hunter,0,1,,,0.3333333333333333,0.0,0.0,0.0,0.0,7,"{""baseline_rule_policy"": 0.0, ""deception_enabled_policy"": 0.0, ""mixed_rule_policy"": 0.0, ""randomized_legal_policy"": 0.0, ""risk_heterogeneous_policy"": 0.0, ""seat_order_neutral_policy"": 0.0, ""speech_and_herding_policy"": 0.0}",10,4,0.0
4077aff85f8bfdcc32ef8ed164b9c63bed988e9cc4f586b3c4c5af3a9f3be3a2,2aa3b279a3bc75dab4d5ec59f65da2d07637c76c16dc019be03ee892612f3589,mixed_rule_policy_seed_50_game_2_day_vote,50,2,mixed_rule_policy,regime_mixed_rule_policy_seed_50_base_2,regime_mixed_rule_policy_seed_50_base_2,regime_mixed_rule_policy_seed_50_base_2,validation,A_in_distribution,1,day,day_vote,1,village,villager,5,1,0,suspicion_based,2,1,0,1,0,0,1,0,1,9,1,1,0.28500000000000003,0,1,0.0,0.3,0,0,0,0,0,1,0,0,0.0,0.3,0,0,0,0,0,0,0,0,0,0,0.5,0,0,0.0,5,1,1,4,0.0,0,0,0,0,0,0.3,1.425,werewolf,1,0,,,0.6666666666666666,0.14285714285714285,0.14285714285714288,0.0,0.14285714285714288,7,"{""baseline_rule_policy"": 0.0, ""deception_enabled_policy"": 0.0, ""mixed_rule_policy"": 1.0, ""randomized_legal_policy"": 0.0, ""risk_heterogeneous_policy"": 0.0, ""seat_order_neutral_policy"": 0.0, ""speech_and_herding_policy"": 0.0}",10,3,0.0
f60b0ad7200ec8731243feef5888bd957739cc9c6174c2d7616770062da73356,ad1149f1d8d28acafe9a26d13a10637ccc3ba9ac67dd1c788c04a7cf914f1cc1,mixed_rule_policy_seed_52_game_1_day_vote,52,1,mixed_rule_policy,regime_mixed_rule_policy_seed_52_base_1,regime_mixed_rule_policy_seed_52_base_1,regime_mixed_rule_policy_seed_52_base_1,final_test,B_unseen_seed,1,day,day_vote,1,wolf,werewolf,3,1,1,suspicion_based,3,1,0,1,0,0,1,1,0,10,0,0,0.28500000000000003,0,0,0.0,0.3,0,0,0,0,2,1,0,0,0.0,0.3,0,0,0,0,0,0,0,0,0,0,0.5,0,0,0.0,3,0,1,2,0.0,0,0,0,0,0,0.3,1.425,villager,0,0,,,1.0,0.7142857142857143,0.18442777839082938,0.0,0.2380952380952381,7,"{""baseline_rule_policy"": 0.0, ""deception_enabled_policy"": 1.0, ""mixed_rule_policy"": 1.0, ""randomized_legal_policy"": 0.0, ""risk_heterogeneous_policy"": 1.0, ""seat_order_neutral_policy"": 1.0, ""speech_and_herding_policy"": 1.0}",4,4,0.2857142857142857
f60b0ad7200ec8731243feef5888bd957739cc9c6174c2d7616770062da73356,ad1149f1d8d28acafe9a26d13a10637ccc3ba9ac67dd1c788c04a7cf914f1cc1,mixed_rule_policy_seed_52_game_1_day_vote,52,1,mixed_rule_policy,regime_mixed_rule_policy_seed_52_base_1,regime_mixed_rule_policy_seed_52_base_1,regime_mixed_rule_policy_seed_52_base_1,final_test,B_unseen_seed,1,day,day_vote,1,wolf,werewolf,10,1,0,suspicion_based,3,1,0,1,0,0,1,1,0,10,0,0,0.28500000000000003,0,0,0.0,0.3,0,0,0,0,2,1,0,0,0.0,0.3,0,0,0,0,0,0,0,0,0,0,0.5,0,0,0.0,10,1,0,1,0.0,0,0,0,0,0,0.3,1.425,seer,0,1,,,1.0,0.8571428571428571,0.14285714285714285,0.0,0.14285714285714285,7,"{""baseline_rule_policy"": 1.0, ""deception_enabled_policy"": 0.0, ""mixed_rule_policy"": 1.0, ""randomized_legal_policy"": 1.0, ""risk_heterogeneous_policy"": 1.0, ""seat_order_neutral_policy"": 1.0, ""speech_and_herding_policy"": 1.0}",4,2,0.2857142857142857
f60b0ad7200ec8731243feef5888bd957739cc9c6174c2d7616770062da73356,ad1149f1d8d28acafe9a26d13a10637ccc3ba9ac67dd1c788c04a7cf914f1cc1,mixed_rule_policy_seed_52_game_1_day_vote,52,1,mixed_rule_policy,regime_mixed_rule_policy_seed_52_base_1,regime_mixed_rule_policy_seed_52_base_1,regime_mixed_rule_policy_seed_52_base_1,final_test,B_unseen_seed,1,day,day_vote,1,wolf,werewolf,2,1,0,suspicion_based,3,1,0,1,0,0,1,1,0,10,0,0,0.28500000000000003,0,0,0.0,0.3,0,0,0,0,2,1,0,0,0.0,0.3,0,0,0,0,0,0,0,0,0,0,0.5,0,0,0.0,2,0,1,1,0.0,0,0,0,0,0,0.3,1.425,villager,0,0,,,1.0,0.8571428571428571,0.14285714285714285,0.0,0.14285714285714285,7,"{""baseline_rule_policy"": 1.0, ""deception_enabled_policy"": 1.0, ""mixed_rule_policy"": 1.0, ""randomized_legal_policy"": 0.0, ""risk_heterogeneous_policy"": 1.0, ""seat_order_neutral_policy"": 1.0, ""speech_and_herding_policy"": 1.0}",4,2,0.2857142857142857
f60b0ad7200ec8731243feef5888bd957739cc9c6174c2d7616770062da73356,ad1149f1d8d28acafe9a26d13a10637ccc3ba9ac67dd1c788c04a7cf914f1cc1,mixed_rule_policy_seed_52_game_1_day_vote,52,1,mixed_rule_policy,regime_mixed_rule_policy_seed_52_base_1,regime_mixed_rule_policy_seed_52_base_1,regime_mixed_rule_policy_seed_52_base_1,final_test,B_unseen_seed,1,day,day_vote,1,wolf,werewolf,4,1,0,suspicion_based,3,1,0,1,0,0,1,1,0,10,0,0,0.28500000000000003,0,0,0.0,0.3,0,0,0,0,2,1,0,0,0.0,0.3,0,0,0,0,0,0,0,0,0,0,0.5,0,0,0.0,4,0,1,3,0.0,0,1,0,0,0,0.3,1.425,werewolf,1,0,,,0.3333333333333333,1.0,0.0,1.0,0.0,7,"{""baseline_rule_policy"": 1.0, ""deception_enabled_policy"": 1.0, ""mixed_rule_policy"": 1.0, ""randomized_legal_policy"": 1.0, ""risk_heterogeneous_policy"": 1.0, ""seat_order_neutral_policy"": 1.0, ""speech_and_herding_policy"": 1.0}",4,1,0.2857142857142857
c715113edfe03aa33964021698229041826c08da13745f88f3e1822a9e3d4fe9,4d0431c2a19b61d579f67be2e0f513947540d3eb0d22551eac9e59205b1e2c3e,mixed_rule_policy_seed_52_game_2_day_vote,52,2,mixed_rule_policy,regime_mixed_rule_policy_seed_52_base_2,regime_mixed_rule_policy_seed_52_base_2,regime_mixed_rule_policy_seed_52_base_2,final_test,B_unseen_seed,1,day,day_vote,1,village,villager,3,1,1,suspicion_based,3,1,0,1,0,0,1,0,1,10,0,0,0.28500000000000003,0,0,0.0,0.15,0,0,0,0,0,1,0,0,0.0,0.3,0,0,0,0,0,0,0,0,0,0,0.5,0,0,0.0,3,0,1,2,0.0,0,0,0,0,0,0.3,1.425,werewolf,1,0,,,0.0,0.42857142857142855,0.20203050891044214,0.0,0.2857142857142857,7,"{""baseline_rule_policy"": 1.0, ""deception_enabled_policy"": 0.0, ""mixed_rule_policy"": 1.0, ""randomized_legal_policy"": 0.0, ""risk_heterogeneous_policy"": 0.0, ""seat_order_neutral_policy"": 0.0, ""speech_and_herding_policy"": 1.0}",10,1,0.0
c715113edfe03aa33964021698229041826c08da13745f88f3e1822a9e3d4fe9,4d0431c2a19b61d579f67be2e0f513947540d3eb0d22551eac9e59205b1e2c3e,mixed_rule_policy_seed_52_game_2_day_vote,52,2,mixed_rule_policy,regime_mixed_rule_policy_seed_52_base_2,regime_mixed_rule_policy_seed_52_base_2,regime_mixed_rule_policy_seed_52_base_2,final_test,B_unseen_seed,1,day,day_vote,1,village,villager,10,1,0,suspicion_based,3,1,0,1,0,0,1,0,1,10,0,0,0.28500000000000003,0,0,0.0,0.15,0,0,0,0,0,1,0,0,0.0,0.3,0,0,0,0,0,0,0,0,0,0,0.5,0,0,0.0,10,1,0,1,0.0,0,0,0,0,0,0.3,1.425,werewolf,1,0,,,1.0,0.42857142857142855,0.20203050891044214,0.0,0.2857142857142857,7,"{""baseline_rule_policy"": 0.0, ""deception_enabled_policy"": 1.0, ""mixed_rule_policy"": 1.0, ""randomized_legal_policy"": 0.0, ""risk_heterogeneous_policy"": 1.0, ""seat_order_neutral_policy"": 0.0, ""speech_and_herding_policy"": 0.0}",10,1,0.0
c715113edfe03aa33964021698229041826c08da13745f88f3e1822a9e3d4fe9,4d0431c2a19b61d579f67be2e0f513947540d3eb0d22551eac9e59205b1e2c3e,mixed_rule_policy_seed_52_game_2_day_vote,52,2,mixed_rule_policy,regime_mixed_rule_policy_seed_52_base_2,regime_mixed_rule_policy_seed_52_base_2,regime_mixed_rule_policy_seed_52_base_2,final_test,B_unseen_seed,1,day,day_vote,1,village,villager,2,1,0,suspicion_based,3,1,0,1,0,0,1,0,1,10,0,0,0.28500000000000003,0,0,0.0,0.15,0,0,0,0,0,1,0,0,0.0,0.3,0,0,0,0,0,0,0,0,0,0,0.5,0,0,0.0,2,0,1,1,0.0,0,0,0,0,0,0.3,1.425,villager,0,0,,,0.0,0.42857142857142855,0.20203050891044214,0.0,0.2857142857142857,7,"{""baseline_rule_policy"": 1.0, ""deception_enabled_policy"": 1.0, ""mixed_rule_policy"": 0.0, ""randomized_legal_policy"": 0.0, ""risk_heterogeneous_policy"": 0.0, ""seat_order_neutral_policy"": 1.0, ""speech_and_herding_policy"": 0.0}",10,1,0.0
c715113edfe03aa33964021698229041826c08da13745f88f3e1822a9e3d4fe9,4d0431c2a19b61d579f67be2e0f513947540d3eb0d22551eac9e59205b1e2c3e,mixed_rule_policy_seed_52_game_2_day_vote,52,2,mixed_rule_policy,regime_mixed_rule_policy_seed_52_base_2,regime_mixed_rule_policy_seed_52_base_2,regime_mixed_rule_policy_seed_52_base_2,final_test,B_unseen_seed,1,day,day_vote,1,village,villager,5,1,0,suspicion_based,3,1,0,1,0,0,1,0,1,10,0,0,0.28500000000000003,0,0,0.0,0.15,0,0,0,0,0,1,0,0,0.0,0.3,0,0,0,0,0,0,0,0,0,0,0.5,0,0,0.0,5,1,1,4,0.0,0,0,0,0,0,0.3,1.425,hunter,0,1,,,0.0,0.42857142857142855,0.20203050891044214,0.0,0.2857142857142857,7,"{""baseline_rule_policy"": 0.0, ""deception_enabled_policy"": 1.0, ""mixed_rule_policy"": 0.0, ""randomized_legal_policy"": 1.0, ""risk_heterogeneous_policy"": 1.0, ""seat_order_neutral_policy"": 0.0, ""speech_and_herding_policy"": 0.0}",10,1,0.0
f7684bf8259ff57eabd3c4a96a76c2b0f92a07787796d03d16452bd0bf7866d5,8e48507aca9f7432cd793a47845e53095436c5d3d747f1cc64b0da3493381ac7,mixed_rule_policy_seed_53_game_1_day_vote,53,1,mixed_rule_policy,regime_mixed_rule_policy_seed_53_base_1,regime_mixed_rule_policy_seed_53_base_1,regime_mixed_rule_policy_seed_53_base_1,final_test,B_unseen_seed,1,day,day_vote,1,village,witch,10,1,1,suspicion_based,10,1,0,1,0,0,1,0,1,10,0,0,0.28500000000000003,0,0,0.0,0.3,0,0,0,0,0,1,0,0,0.0,0.3,0,0,0,0,0,0,0,0,0,0,0.5,0,0,0.0,10,1,0,1,0.0,0,0,0,0,0,0.3,1.425,villager,0,0,,,0.3333333333333333,0.42857142857142855,0.20203050891044214,0.0,0.2857142857142857,7,"{""baseline_rule_policy"": 0.0, ""deception_enabled_policy"": 1.0, ""mixed_rule_policy"": 0.0, ""randomized_legal_policy"": 1.0, ""risk_heterogeneous_policy"": 1.0, ""seat_order_neutral_policy"": 0.0, ""speech_and_herding_policy"": 0.0}",4,3,0.28571428571428575
f7684bf8259ff57eabd3c4a96a76c2b0f92a07787796d03d16452bd0bf7866d5,8e48507aca9f7432cd793a47845e53095436c5d3d747f1cc64b0da3493381ac7,mixed_rule_policy_seed_53_game_1_day_vote,53,1,mixed_rule_policy,regime_mixed_rule_policy_seed_53_base_1,regime_mixed_rule_policy_seed_53_base_1,regime_mixed_rule_policy_seed_53_base_1,final_test,B_unseen_seed,1,day,day_vote,1,village,witch,2,1,0,suspicion_based,10,1,0,1,0,0,1,0,1,10,0,0,0.28500000000000003,0,0,0.0,0.3,0,0,0,0,0,1,0,0,0.0,0.3,0,0,0,0,0,0,0,0,0,0,0.5,0,0,0.0,2,0,1,1,0.0,0,0,0,0,0,0.3,1.425,seer,0,1,,,0.3333333333333333,0.2857142857142857,0.18442777839082938,0.0,0.2380952380952381,7,"{""baseline_rule_policy"": 0.0, ""deception_enabled_policy"": 0.0, ""mixed_rule_policy"": 1.0, ""randomized_legal_policy"": 0.0, ""risk_heterogeneous_policy"": 0.0, ""seat_order_neutral_policy"": 0.0, ""speech_and_herding_policy"": 1.0}",4,4,0.28571428571428575
f7684bf8259ff57eabd3c4a96a76c2b0f92a07787796d03d16452bd0bf7866d5,8e48507aca9f7432cd793a47845e53095436c5d3d747f1cc64b0da3493381ac7,mixed_rule_policy_seed_53_game_1_day_vote,53,1,mixed_rule_policy,regime_mixed_rule_policy_seed_53_base_1,regime_mixed_rule_policy_seed_53_base_1,regime_mixed_rule_policy_seed_53_base_1,final_test,B_unseen_seed,1,day,day_vote,1,village,witch,9,1,0,suspicion_based,10,1,0,1,0,0,1,0,1,10,0,0,0.28500000000000003,0,0,0.0,0.3,0,0,0,0,0,1,0,0,0.0,0.3,0,0,0,0,0,0,0,0,0,0,0.5,0,0,0.0,9,0,0,2,0.0,0,0,0,0,0,0.3,1.425,werewolf,1,0,,,0.6666666666666666,0.7142857142857143,0.18442777839082938,0.0,0.2380952380952381,7,"{""baseline_rule_policy"": 1.0, ""deception_enabled_policy"": 1.0, ""mixed_rule_policy"": 1.0, ""randomized_legal_policy"": 0.0, ""risk_heterogeneous_policy"": 1.0, ""seat_order_neutral_policy"": 0.0, ""speech_and_herding_policy"": 1.0}",4,1,0.28571428571428575
f7684bf8259ff57eabd3c4a96a76c2b0f92a07787796d03d16452bd0bf7866d5,8e48507aca9f7432cd793a47845e53095436c5d3d747f1cc64b0da3493381ac7,mixed_rule_policy_seed_53_game_1_day_vote,53,1,mixed_rule_policy,regime_mixed_rule_policy_seed_53_base_1,regime_mixed_rule_policy_seed_53_base_1,regime_mixed_rule_policy_seed_53_base_1,final_test,B_unseen_seed,1,day,day_vote,1,village,witch,4,1,0,suspicion_based,10,1,0,1,0,0,1,0,1,10,0,0,0.28500000000000003,0,0,0.0,0.3,0,0,0,0,0,1,0,0,0.0,0.15,0,0,0,0,0,0,0,0,0,0,0.5,0,0,0.0,4,0,1,3,0.0,0,0,0,0,0,0.15,1.4625,villager,0,0,,,0.3333333333333333,0.7142857142857143,0.18442777839082938,0.0,0.2380952380952381,7,"{""baseline_rule_policy"": 0.0, ""deception_enabled_policy"": 1.0, ""mixed_rule_policy"": 1.0, ""randomized_legal_policy"": 1.0, ""risk_heterogeneous_policy"": 1.0, ""seat_order_neutral_policy"": 1.0, ""speech_and_herding_policy"": 0.0}",4,1,0.28571428571428575
52ea69ddc9aecd0efd8a03713c009009b01c61606d268ee6e79a58a6c5182134,9462b5c1da528e26265e14ab47aaeb841c9012d0fad891054b499102ba8c44de,mixed_rule_policy_seed_53_game_2_day_vote,53,2,mixed_rule_policy,regime_mixed_rule_policy_seed_53_base_2,regime_mixed_rule_policy_seed_53_base_2,regime_mixed_rule_policy_seed_53_base_2,final_test,B_unseen_seed,1,day,day_vote,2,village,hunter,8,1,1,suspicion_based,8,1,0,1,0,0,1,0,1,8,2,2,0.303,0,2,0.0,0.3,0,0,0,0,0,1,0,0,0.0,0.3,0,0,0,0,0,0,0,0,0,0,0.5,0,0,0.0,8,0,0,4,0.0,0,0,0,0,0,0.3,1.425,villager,0,0,,,0.0,0.42857142857142855,0.20203050891044214,0.0,0.2857142857142857,7,"{""baseline_rule_policy"": 0.0, ""deception_enabled_policy"": 0.0, ""mixed_rule_policy"": 0.0, ""randomized_legal_policy"": 1.0, ""risk_heterogeneous_policy"": 0.0, ""seat_order_neutral_policy"": 1.0, ""speech_and_herding_policy"": 1.0}",8,1,0.0
52ea69ddc9aecd0efd8a03713c009009b01c61606d268ee6e79a58a6c5182134,9462b5c1da528e26265e14ab47aaeb841c9012d0fad891054b499102ba8c44de,mixed_rule_policy_seed_53_game_2_day_vote,53,2,mixed_rule_policy,regime_mixed_rule_policy_seed_53_base_2,regime_mixed_rule_policy_seed_53_base_2,regime_mixed_rule_policy_seed_53_base_2,final_test,B_unseen_seed,1,day,day_vote,2,village,hunter,3,1,0,suspicion_based,8,1,0,1,0,0,1,0,1,8,2,2,0.303,0,2,0.0,0.3,0,0,0,0,0,1,0,0,0.0,0.3,0,0,0,0,0,0,0,0,0,0,0.5,0,0,0.0,3,0,1,1,0.0,0,0,0,0,0,0.3,1.425,villager,0,0,,,0.0,0.14285714285714285,0.14285714285714288,0.0,0.14285714285714288,7,"{""baseline_rule_policy"": 0.0, ""deception_enabled_policy"": 0.0, ""mixed_rule_policy"": 1.0, ""randomized_legal_policy"": 0.0, ""risk_heterogeneous_policy"": 0.0, ""seat_order_neutral_policy"": 0.0, ""speech_and_herding_policy"": 0.0}",8,2,0.0
52ea69ddc9aecd0efd8a03713c009009b01c61606d268ee6e79a58a6c5182134,9462b5c1da528e26265e14ab47aaeb841c9012d0fad891054b499102ba8c44de,mixed_rule_policy_seed_53_game_2_day_vote,53,2,mixed_rule_policy,regime_mixed_rule_policy_seed_53_base_2,regime_mixed_rule_policy_seed_53_base_2,regime_mixed_rule_policy_seed_53_base_2,final_test,B_unseen_seed,1,day,day_vote,2,village,hunter,5,1,0,suspicion_based,8,1,0,1,0,0,1,0,1,8,2,2,0.303,0,2,0.0,0.3,0,0,0,0,0,1,0,0,0.0,0.3,0,0,0,0,0,0,0,0,0,0,0.5,0,0,0.0,5,1,1,3,0.0,0,0,0,0,0,0.3,1.425,werewolf,1,0,,,0.6666666666666666,0.0,0.0,0.0,0.0,7,"{""baseline_rule_policy"": 0.0, ""deception_enabled_policy"": 0.0, ""mixed_rule_policy"": 0.0, ""randomized_legal_policy"": 0.0, ""risk_heterogeneous_policy"": 0.0, ""seat_order_neutral_policy"": 0.0, ""speech_and_herding_policy"": 0.0}",8,3,0.0
52ea69ddc9aecd0efd8a03713c009009b01c61606d268ee6e79a58a6c5182134,9462b5c1da528e26265e14ab47aaeb841c9012d0fad891054b499102ba8c44de,mixed_rule_policy_seed_53_game_2_day_vote,53,2,mixed_rule_policy,regime_mixed_rule_policy_seed_53_base_2,regime_mixed_rule_policy_seed_53_base_2,regime_mixed_rule_policy_seed_53_base_2,final_test,B_unseen_seed,1,day,day_vote,2,village,hunter,6,1,0,suspicion_based,8,1,0,1,0,0,1,0,1,8,2,2,0.303,0,2,0.0,0.3,0,0,0,0,0,1,0,0,0.0,0.3,0,0,0,0,0,0,0,0,0,0,0.5,0,0,0.0,6,1,0,4,0.0,0,0,0,0,0,0.3,1.425,werewolf,1,0,,,0.6666666666666666,0.0,0.0,0.0,0.0,7,"{""baseline_rule_policy"": 0.0, ""deception_enabled_policy"": 0.0, ""mixed_rule_policy"": 0.0, ""randomized_legal_policy"": 0.0, ""risk_heterogeneous_policy"": 0.0, ""seat_order_neutral_policy"": 0.0, ""speech_and_herding_policy"": 0.0}",8,3,0.0
07bdc5e5f859fb2c48d82026db5926a05a7de4552b437062d1f67a4b6cbe39b8,0d93ee1cc9f4e540bad8103f4088117e9dcd09ab82356d03bbf1b81dcceea69b,seat_order_neutral_policy_seed_42_game_1_day_vote,42,1,seat_order_neutral_policy,regime_seat_order_neutral_policy_seed_42_base_1,regime_seat_order_neutral_policy_seed_42_base_1,regime_seat_order_neutral_policy_seed_42_base_1,train,A_in_distribution,1,day,day_vote,10,village,hunter,5,1,1,random,5,1,0,1,0,0,1,0,1,8,2,2,0.303,0,2,0.0,0.3,0,0,0,0,0,1,0,0,0.0,0.3,0,0,0,0,0,0,0,0,0,0,0.5,0,0,0.0,5,1,1,5,0.0,0,0,0,0,0,0.3,1.425,villager,0,0,,,0.3333333333333333,0.2857142857142857,0.18442777839082938,0.0,0.2380952380952381,7,"{""baseline_rule_policy"": 0.0, ""deception_enabled_policy"": 1.0, ""mixed_rule_policy"": 0.0, ""randomized_legal_policy"": 0.0, ""risk_heterogeneous_policy"": 1.0, ""seat_order_neutral_policy"": 0.0, ""speech_and_herding_policy"": 0.0}",1,2,0.14285714285714285
07bdc5e5f859fb2c48d82026db5926a05a7de4552b437062d1f67a4b6cbe39b8,0d93ee1cc9f4e540bad8103f4088117e9dcd09ab82356d03bbf1b81dcceea69b,seat_order_neutral_policy_seed_42_game_1_day_vote,42,1,seat_order_neutral_policy,regime_seat_order_neutral_policy_seed_42_base_1,regime_seat_order_neutral_policy_seed_42_base_1,regime_seat_order_neutral_policy_seed_42_base_1,train,A_in_distribution,1,day,day_vote,10,village,hunter,1,1,0,random,5,1,0,1,0,0,1,0,1,8,2,2,0.303,0,2,0.0,0.3,0,0,0,0,0,1,0,0,0.0,0.3,0,0,0,0,0,0,0,0,0,0,0.5,0,0,0.0,1,1,1,1,0.0,0,0,0,0,0,0.3,1.425,werewolf,1,0,,,0.3333333333333333,0.42857142857142855,0.20203050891044214,0.0,0.2857142857142857,7,"{""baseline_rule_policy"": 0.0, ""deception_enabled_policy"": 1.0, ""mixed_rule_policy"": 0.0, ""randomized_legal_policy"": 0.0, ""risk_heterogeneous_policy"": 1.0, ""seat_order_neutral_policy"": 0.0, ""speech_and_herding_policy"": 1.0}",1,1,0.14285714285714285
07bdc5e5f859fb2c48d82026db5926a05a7de4552b437062d1f67a4b6cbe39b8,0d93ee1cc9f4e540bad8103f4088117e9dcd09ab82356d03bbf1b81dcceea69b,seat_order_neutral_policy_seed_42_game_1_day_vote,42,1,seat_order_neutral_policy,regime_seat_order_neutral_policy_seed_42_base_1,regime_seat_order_neutral_policy_seed_42_base_1,regime_seat_order_neutral_policy_seed_42_base_1,train,A_in_distribution,1,day,day_vote,10,village,hunter,7,1,0,random,5,1,0,1,0,0,1,0,1,8,2,2,0.303,0,2,0.0,0.3,0,0,0,0,0,1,0,0,0.0,0.3,0,0,0,0,0,0,0,0,0,0,0.5,0,0,0.0,7,0,0,3,0.0,0,0,0,0,0,0.3,1.425,villager,0,0,,,0.6666666666666666,0.0,0.0,0.0,0.0,7,"{""baseline_rule_policy"": 0.0, ""deception_enabled_policy"": 0.0, ""mixed_rule_policy"": 0.0, ""randomized_legal_policy"": 0.0, ""risk_heterogeneous_policy"": 0.0, ""seat_order_neutral_policy"": 0.0, ""speech_and_herding_policy"": 0.0}",1,4,0.14285714285714285
07bdc5e5f859fb2c48d82026db5926a05a7de4552b437062d1f67a4b6cbe39b8,0d93ee1cc9f4e540bad8103f4088117e9dcd09ab82356d03bbf1b81dcceea69b,seat_order_neutral_policy_seed_42_game_1_day_vote,42,1,seat_order_neutral_policy,regime_seat_order_neutral_policy_seed_42_base_1,regime_seat_order_neutral_policy_seed_42_base_1,regime_seat_order_neutral_policy_seed_42_base_1,train,A_in_distribution,1,day,day_vote,10,village,hunter,4,1,0,random,5,1,0,1,0,0,1,0,1,8,2,2,0.303,0,2,0.0,0.3,0,0,0,0,0,1,0,0,0.0,0.3,0,0,0,0,0,0,0,0,0,0,0.5,0,0,0.0,4,0,1,4,0.0,0,0,0,0,0,0.3,1.425,villager,0,0,,,0.0,0.2857142857142857,0.18442777839082938,0.0,0.2380952380952381,7,"{""baseline_rule_policy"": 1.0, ""deception_enabled_policy"": 1.0, ""mixed_rule_policy"": 0.0, ""randomized_legal_policy"": 0.0, ""risk_heterogeneous_policy"": 0.0, ""seat_order_neutral_policy"": 0.0, ""speech_and_herding_policy"": 0.0}",1,2,0.14285714285714285
ffead49283134ea2b6b7c3b540ce6077e180cf2adbfef5b38970ac316f43a4d5,b4dc9cf52ab6b272b203324252e7a75d12df5246d0a70885909801794613ee80,seat_order_neutral_policy_seed_42_game_2_day_vote,42,2,seat_order_neutral_policy,regime_seat_order_neutral_policy_seed_42_base_2,regime_seat_order_neutral_policy_seed_42_base_2,regime_seat_order_neutral_policy_seed_42_base_2,train,A_in_distribution,1,day,day_vote,4,wolf,werewolf,2,1,1,random,2,1,0,1,0,0,1,1,0,10,0,0,0.28500000000000003,0,0,0.0,0.3,0,0,0,0,2,1,0,0,0.0,0.15,0,0,0,0,0,0,0,0,0,0,0.5,0,0,0.0,2,0,1,2,0.0,0,0,0,0,0,0.15,1.4625,villager,0,0,,,0.3333333333333333,1.0,0.0,1.0,0.0,7,"{""baseline_rule_policy"": 1.0, ""deception_enabled_policy"": 1.0, ""mixed_rule_policy"": 1.0, ""randomized_legal_policy"": 1.0, ""risk_heterogeneous_policy"": 1.0, ""seat_order_neutral_policy"": 1.0, ""speech_and_herding_policy"": 1.0}",2,1,0.0
ffead49283134ea2b6b7c3b540ce6077e180cf2adbfef5b38970ac316f43a4d5,b4dc9cf52ab6b272b203324252e7a75d12df5246d0a70885909801794613ee80,seat_order_neutral_policy_seed_42_game_2_day_vote,42,2,seat_order_neutral_policy,regime_seat_order_neutral_policy_seed_42_base_2,regime_seat_order_neutral_policy_seed_42_base_2,regime_seat_order_neutral_policy_seed_42_base_2,train,A_in_distribution,1,day,day_vote,4,wolf,werewolf,1,1,0,random,2,1,0,1,0,0,1,1,0,10,0,0,0.28500000000000003,0,0,0.0,0.3,0,0,0,0,2,1,0,0,0.0,0.3,0,0,0,0,0,0,0,0,0,0,0.5,0,0,0.0,1,1,1,3,0.0,0,0,0,0,0,0.3,1.425,seer,0,1,,,0.6666666666666666,0.7142857142857143,0.18442777839082938,0.0,0.2380952380952381,7,"{""baseline_rule_policy"": 1.0, ""deception_enabled_policy"": 0.0, ""mixed_rule_policy"": 1.0, ""randomized_legal_policy"": 0.0, ""risk_heterogeneous_policy"": 1.0, ""seat_order_neutral_policy"": 1.0, ""speech_and_herding_policy"": 1.0}",2,3,0.0
ffead49283134ea2b6b7c3b540ce6077e180cf2adbfef5b38970ac316f43a4d5,b4dc9cf52ab6b272b203324252e7a75d12df5246d0a70885909801794613ee80,seat_order_neutral_policy_seed_42_game_2_day_vote,42,2,seat_order_neutral_policy,regime_seat_order_neutral_policy_seed_42_base_2,regime_seat_order_neutral_policy_seed_42_base_2,regime_seat_order_neutral_policy_seed_42_base_2,train,A_in_distribution,1,day,day_vote,4,wolf,werewolf,7,1,0,random,2,1,0,1,0,0,1,1,0,10,0,0,0.28500000000000003,0,0,0.0,0.3,0,0,0,0,2,1,0,0,0.0,0.3,0,0,0,0,0,0,0,0,0,0,0.5,0,0,0.0,7,0,0,3,0.0,0,0,0,0,0,0.3,1.425,witch,0,1,,,0.3333333333333333,0.8571428571428571,0.14285714285714285,0.0,0.14285714285714285,7,"{""baseline_rule_policy"": 1.0, ""deception_enabled_policy"": 1.0, ""mixed_rule_policy"": 1.0, ""randomized_legal_policy"": 0.0, ""risk_heterogeneous_policy"": 1.0, ""seat_order_neutral_policy"": 1.0, ""speech_and_herding_policy"": 1.0}",2,2,0.0
ffead49283134ea2b6b7c3b540ce6077e180cf2adbfef5b38970ac316f43a4d5,b4dc9cf52ab6b272b203324252e7a75d12df5246d0a70885909801794613ee80,seat_order_neutral_policy_seed_42_game_2_day_vote,42,2,seat_order_neutral_policy,regime_seat_order_neutral_policy_seed_42_base_2,regime_seat_order_neutral_policy_seed_42_base_2,regime_seat_order_neutral_policy_seed_42_base_2,train,A_in_distribution,1,day,day_vote,4,wolf,werewolf,8,1,0,random,2,1,0,1,0,0,1,1,0,10,0,0,0.28500000000000003,0,0,0.0,0.3,0,0,0,0,2,1,0,0,0.0,0.3,0,0,0,0,0,0,0,0,0,0,0.5,0,0,0.0,8,0,0,4,0.0,0,0,0,0,0,0.3,1.425,hunter,0,1,,,1.0,0.7142857142857143,0.18442777839082938,0.0,0.2380952380952381,7,"{""baseline_rule_policy"": 0.0, ""deception_enabled_policy"": 0.0, ""mixed_rule_policy"": 1.0, ""randomized_legal_policy"": 1.0, ""risk_heterogeneous_policy"": 1.0, ""seat_order_neutral_policy"": 1.0, ""speech_and_herding_policy"": 1.0}",2,3,0.0
9b867a30d6d2e90f365586cfb6206e7d3b4c7fefb6a3af1d420224e46c42e05c,75e3d3a6f101a14621dd4e19280b58a140a29d02d5425ed49ba30432a5a3890c,seat_order_neutral_policy_seed_43_game_1_day_vote,43,1,seat_order_neutral_policy,regime_seat_order_neutral_policy_seed_43_base_1,regime_seat_order_neutral_policy_seed_43_base_1,regime_seat_order_neutral_policy_seed_43_base_1,train,A_in_distribution,1,day,day_vote,10,wolf,werewolf,3,1,1,random,3,1,0,1,0,0,1,1,0,10,0,0,0.315,0,0,0.0,0.3,0,0,0,0,2,1,0,0,0.0,0.3,0,0,0,0,0,0,0,0,0,0,0.5,0,0,0.0,3,0,1,3,0.0,0,0,0,0,0,0.3,1.425,witch,0,1,,,1.0,0.5714285714285714,0.20203050891044216,0.0,0.28571428571428575,7,"{""baseline_rule_policy"": 1.0, ""deception_enabled_policy"": 1.0, ""mixed_rule_policy"": 1.0, ""randomized_legal_policy"": 0.0, ""risk_heterogeneous_policy"": 1.0, ""seat_order_neutral_policy"": 0.0, ""speech_and_herding_policy"": 0.0}",3,1,0.0
9b867a30d6d2e90f365586cfb6206e7d3b4c7fefb6a3af1d420224e46c42e05c,75e3d3a6f101a14621dd4e19280b58a140a29d02d5425ed49ba30432a5a3890c,seat_order_neutral_policy_seed_43_game_1_day_vote,43,1,seat_order_neutral_policy,regime_seat_order_neutral_policy_seed_43_base_1,regime_seat_order_neutral_policy_seed_43_base_1,regime_seat_order_neutral_policy_seed_43_base_1,train,A_in_distribution,1,day,day_vote,10,wolf,werewolf,8,1,0,random,3,1,0,1,0,0,1,1,0,10,0,0,0.315,0,0,0.0,0.3,0,0,0,0,2,1,0,0,0.25,0.55,0,0,0,0,0,0,0,0,0,0,0.5,0,0,0.0,8,0,0,2,0.0,0,1,0,0,0,0.44999999999999996,1.3,werewolf,1,0,,,0.0,0.42857142857142855,0.20203050891044214,0.0,0.2857142857142857,7,"{""baseline_rule_policy"": 0.0, ""deception_enabled_policy"": 0.0, ""mixed_rule_policy"": 1.0, ""randomized_legal_policy"": 0.0, ""risk_heterogeneous_policy"": 1.0, ""seat_order_neutral_policy"": 0.0, ""speech_and_herding_policy"": 1.0}",3,2,0.0
9b867a30d6d2e90f365586cfb6206e7d3b4c7fefb6a3af1d420224e46c42e05c,75e3d3a6f101a14621dd4e19280b58a140a29d02d5425ed49ba30432a5a3890c,seat_order_neutral_policy_seed_43_game_1_day_vote,43,1,seat_order_neutral_policy,regime_seat_order_neutral_policy_seed_43_base_1,regime_seat_order_neutral_policy_seed_43_base_1,regime_seat_order_neutral_policy_seed_43_base_1,train,A_in_distribution,1,day,day_vote,10,wolf,werewolf,6,1,0,random,3,1,0,1,0,0,1,1,0,10,0,0,0.315,0,0,0.0,0.3,0,0,0,0,2,1,0,0,0.0,0.3,0,0,0,0,0,0,0,0,0,0,0.5,0,0,0.0,6,1,0,4,0.0,0,0,0,0,0,0.3,1.425,villager,0,0,,,0.6666666666666666,0.14285714285714285,0.14285714285714288,0.0,0.14285714285714288,7,"{""baseline_rule_policy"": 0.0, ""deception_enabled_policy"": 0.0, ""mixed_rule_policy"": 0.0, ""randomized_legal_policy"": 0.0, ""risk_heterogeneous_policy"": 1.0, ""seat_order_neutral_policy"": 0.0, ""speech_and_herding_policy"": 0.0}",3,4,0.0
9b867a30d6d2e90f365586cfb6206e7d3b4c7fefb6a3af1d420224e46c42e05c,75e3d3a6f101a14621dd4e19280b58a140a29d02d5425ed49ba30432a5a3890c,seat_order_neutral_policy_seed_43_game_1_day_vote,43,1,seat_order_neutral_policy,regime_seat_order_neutral_policy_seed_43_base_1,regime_seat_order_neutral_policy_seed_43_base_1,regime_seat_order_neutral_policy_seed_43_base_1,train,A_in_distribution,1,day,day_vote,10,wolf,werewolf,5,1,0,random,3,1,0,1,0,0,1,1,0,10,0,0,0.315,0,0,0.0,0.3,0,0,0,0,2,1,0,0,0.0,0.3,0,0,0,0,0,0,0,0,0,0,0.5,0,0,0.0,5,1,1,5,0.0,0,0,0,0,0,0.3,1.425,villager,0,0,,,0.3333333333333333,0.2857142857142857,0.18442777839082938,0.0,0.2380952380952381,7,"{""baseline_rule_policy"": 0.0, ""deception_enabled_policy"": 0.0, ""mixed_rule_policy"": 1.0, ""randomized_legal_policy"": 0.0, ""risk_heterogeneous_policy"": 1.0, ""seat_order_neutral_policy"": 0.0, ""speech_and_herding_policy"": 0.0}",3,3,0.0
a8db066f3fd3b6d440671acdb53b5a773adb55071fbc52d065f9fb4d5135b89b,977f8e7c3682311fba766d742849a95679eab35d74d3e468b5d6ab09c402f15e,seat_order_neutral_policy_seed_43_game_2_day_vote,43,2,seat_order_neutral_policy,regime_seat_order_neutral_policy_seed_43_base_2,regime_seat_order_neutral_policy_seed_43_base_2,regime_seat_order_neutral_policy_seed_43_base_2,train,A_in_distribution,1,day,day_vote,4,wolf,werewolf,8,1,1,random,8,1,0,1,0,0,1,1,0,10,0,0,0.28500000000000003,0,0,0.0,0.3,0,0,0,0,2,1,0,0,0.0,0.3,0,0,0,0,0,0,0,0,0,0,0.5,0,0,0.0,8,0,0,4,0.0,0,1,0,0,0,0.3,1.425,werewolf,1,0,,,0.3333333333333333,0.5714285714285714,0.20203050891044216,0.0,0.28571428571428575,7,"{""baseline_rule_policy"": 1.0, ""deception_enabled_policy"": 1.0, ""mixed_rule_policy"": 1.0, ""randomized_legal_policy"": 0.0, ""risk_heterogeneous_policy"": 0.0, ""seat_order_neutral_policy"": 0.0, ""speech_and_herding_policy"": 1.0}",5,2,0.2857142857142857
a8db066f3fd3b6d440671acdb53b5a773adb55071fbc52d065f9fb4d5135b89b,977f8e7c3682311fba766d742849a95679eab35d74d3e468b5d6ab09c402f15e,seat_order_neutral_policy_seed_43_game_2_day_vote,43,2,seat_order_neutral_policy,regime_seat_order_neutral_policy_seed_43_base_2,regime_seat_order_neutral_policy_seed_43_base_2,regime_seat_order_neutral_policy_seed_43_base_2,train,A_in_distribution,1,day,day_vote,4,wolf,werewolf,1,1,0,random,8,1,0,1,0,0,1,1,0,10,0,0,0.28500000000000003,0,0,0.0,0.3,0,0,0,0,2,1,0,0,0.0,0.3,0,0,0,0,0,0,0,0,0,0,0.5,0,0,0.0,1,1,1,3,0.0,0,1,0,0,0,0.3,1.425,werewolf,1,0,,,0.3333333333333333,0.5714285714285714,0.20203050891044216,0.0,0.28571428571428575,7,"{""baseline_rule_policy"": 0.0, ""deception_enabled_policy"": 1.0, ""mixed_rule_policy"": 1.0, ""randomized_legal_policy"": 0.0, ""risk_heterogeneous_policy"": 1.0, ""seat_order_neutral_policy"": 0.0, ""speech_and_herding_policy"": 1.0}",5,2,0.2857142857142857
a8db066f3fd3b6d440671acdb53b5a773adb55071fbc52d065f9fb4d5135b89b,977f8e7c3682311fba766d742849a95679eab35d74d3e468b5d6ab09c402f15e,seat_order_neutral_policy_seed_43_game_2_day_vote,43,2,seat_order_neutral_policy,regime_seat_order_neutral_policy_seed_43_base_2,regime_seat_order_neutral_policy_seed_43_base_2,regime_seat_order_neutral_policy_seed_43_base_2,train,A_in_distribution,1,day,day_vote,4,wolf,werewolf,5,1,0,random,8,1,0,1,0,0,1,1,0,10,0,0,0.28500000000000003,0,0,0.0,0.3,0,0,0,0,2,1,0,0,0.0,0.3,0,0,0,0,0,0,0,0,0,0,0.5,0,0,0.0,5,1,1,1,0.0,0,0,0,0,0,0.3,1.425,seer,0,1,,,1.0,0.8571428571428571,0.14285714285714285,0.0,0.14285714285714285,7,"{""baseline_rule_policy"": 1.0, ""deception_enabled_policy"": 1.0, ""mixed_rule_policy"": 1.0, ""randomized_legal_policy"": 1.0, ""risk_heterogeneous_policy"": 1.0, ""seat_order_neutral_policy"": 0.0, ""speech_and_herding_policy"": 1.0}",5,1,0.2857142857142857
a8db066f3fd3b6d440671acdb53b5a773adb55071fbc52d065f9fb4d5135b89b,977f8e7c3682311fba766d742849a95679eab35d74d3e468b5d6ab09c402f15e,seat_order_neutral_policy_seed_43_game_2_day_vote,43,2,seat_order_neutral_policy,regime_seat_order_neutral_policy_seed_43_base_2,regime_seat_order_neutral_policy_seed_43_base_2,regime_seat_order_neutral_policy_seed_43_base_2,train,A_in_distribution,1,day,day_vote,4,wolf,werewolf,2,1,0,random,8,1,0,1,0,0,1,1,0,10,0,0,0.28500000000000003,0,0,0.0,0.3,0,0,0,0,2,1,0,0,0.0,0.3,0,0,0,0,0,0,0,0,0,0,0.5,0,0,0.0,2,0,1,2,0.0,0,0,0,0,0,0.3,1.425,witch,0,1,,,1.0,0.5714285714285714,0.20203050891044216,0.0,0.28571428571428575,7,"{""baseline_rule_policy"": 1.0, ""deception_enabled_policy"": 1.0, ""mixed_rule_policy"": 0.0, ""randomized_legal_policy"": 0.0, ""risk_heterogeneous_policy"": 1.0, ""seat_order_neutral_policy"": 0.0, ""speech_and_herding_policy"": 1.0}",5,2,0.2857142857142857
a2d3fd27e718bf399a37bdcc2d5b2daac133fc133ad315579bdc7c7ec17d722f,6ac3fd186767f85286b459ac12a64e34a52e00770ffc2a76e978b090a363ea80,seat_order_neutral_policy_seed_44_game_1_day_vote,44,1,seat_order_neutral_policy,regime_seat_order_neutral_policy_seed_44_base_1,regime_seat_order_neutral_policy_seed_44_base_1,regime_seat_order_neutral_policy_seed_44_base_1,train,A_in_distribution,1,day,day_vote,10,wolf,werewolf,1,1,1,random,1,1,0,1,0,0,1,1,0,10,0,0,0.28500000000000003,0,0,0.0,0.3,0,0,0,0,2,1,0,0,0.0,0.3,0,0,0,0,0,0,0,0,0,0,0.5,0,0,0.0,1,1,1,1,0.0,0,0,0,0,0,0.3,1.425,villager,0,0,,,1.0,0.7142857142857143,0.18442777839082938,0.0,0.2380952380952381,7,"{""baseline_rule_policy"": 1.0, ""deception_enabled_policy"": 0.0, ""mixed_rule_policy"": 1.0, ""randomized_legal_policy"": 1.0, ""risk_heterogeneous_policy"": 1.0, ""seat_order_neutral_policy"": 0.0, ""speech_and_herding_policy"": 1.0}",6,2,0.2857142857142857
a2d3fd27e718bf399a37bdcc2d5b2daac133fc133ad315579bdc7c7ec17d722f,6ac3fd186767f85286b459ac12a64e34a52e00770ffc2a76e978b090a363ea80,seat_order_neutral_policy_seed_44_game_1_day_vote,44,1,seat_order_neutral_policy,regime_seat_order_neutral_policy_seed_44_base_1,regime_seat_order_neutral_policy_seed_44_base_1,regime_seat_order_neutral_policy_seed_44_base_1,train,A_in_distribution,1,day,day_vote,10,wolf,werewolf,6,1,0,random,1,1,0,1,0,0,1,1,0,10,0,0,0.28500000000000003,0,0,0.0,0.3,0,0,0,0,2,1,0,0,0.0,0.3,0,0,0,0,0,0,0,0,0,0,0.5,0,0,0.0,6,1,0,4,0.0,0,0,0,0,0,0.3,1.425,witch,0,1,,,0.6666666666666666,1.0,0.0,1.0,0.0,7,"{""baseline_rule_policy"": 1.0, ""deception_enabled_policy"": 1.0, ""mixed_rule_policy"": 1.0, ""randomized_legal_policy"": 1.0, ""risk_heterogeneous_policy"": 1.0, ""seat_order_neutral_policy"": 1.0, ""speech_and_herding_policy"": 1.0}",6,1,0.2857142857142857
a2d3fd27e718bf399a37bdcc2d5b2daac133fc133ad315579bdc7c7ec17d722f,6ac3fd186767f85286b459ac12a64e34a52e00770ffc2a76e978b090a363ea80,seat_order_neutral_policy_seed_44_game_1_day_vote,44,1,seat_order_neutral_policy,regime_seat_order_neutral_policy_seed_44_base_1,regime_seat_order_neutral_policy_seed_44_base_1,regime_seat_order_neutral_policy_seed_44_base_1,train,A_in_distribution,1,day,day_vote,10,wolf,werewolf,9,1,0,random,1,1,0,1,0,0,1,1,0,10,0,0,0.28500000000000003,0,0,0.0,0.3,0,0,0,0,2,1,0,0,0.0,0.3,0,0,0,0,0,0,0,0,0,0,0.5,0,0,0.0,9,0,0,1,0.0,0,0,0,0,0,0.3,1.425,villager,0,0,,,0.6666666666666666,0.5714285714285714,0.20203050891044216,0.0,0.28571428571428575,7,"{""baseline_rule_policy"": 1.0, ""deception_enabled_policy"": 1.0, ""mixed_rule_policy"": 0.0, ""randomized_legal_policy"": 0.0, ""risk_heterogeneous_policy"": 1.0, ""seat_order_neutral_policy"": 1.0, ""speech_and_herding_policy"": 0.0}",6,4,0.2857142857142857
a2d3fd27e718bf399a37bdcc2d5b2daac133fc133ad315579bdc7c7ec17d722f,6ac3fd186767f85286b459ac12a64e34a52e00770ffc2a76e978b090a363ea80,seat_order_neutral_policy_seed_44_game_1_day_vote,44,1,seat_order_neutral_policy,regime_seat_order_neutral_policy_seed_44_base_1,regime_seat_order_neutral_policy_seed_44_base_1,regime_seat_order_neutral_policy_seed_44_base_1,train,A_in_distribution,1,day,day_vote,10,wolf,werewolf,3,1,0,random,1,1,0,1,0,0,1,1,0,10,0,0,0.28500000000000003,0,0,0.0,0.3,0,0,0,0,2,1,0,0,0.0,0.15,0,0,0,0,0,0,0,0,0,0,0.5,0,0,0.0,3,0,1,3,0.0,0,0,0,0,0,0.15,1.4625,villager,0,0,,,1.0,0.7142857142857143,0.18442777839082938,0.0,0.2380952380952381,7,"{""baseline_rule_policy"": 1.0, ""deception_enabled_policy"": 1.0, ""mixed_rule_policy"": 0.0, ""randomized_legal_policy"": 1.0, ""risk_heterogeneous_policy"": 1.0, ""seat_order_neutral_policy"": 1.0, ""speech_and_herding_policy"": 0.0}",6,2,0.2857142857142857
0bca4cdaecfc18bbd303b26866919ee588e00e0e42f1ffd9c19a757a8674ade6,ab1fa4c1f6f062f8943ae4ee5493fe5037a10ff6b77bc053218f1d565aa05b59,seat_order_neutral_policy_seed_44_game_2_day_vote,44,2,seat_order_neutral_policy,regime_seat_order_neutral_policy_seed_44_base_2,regime_seat_order_neutral_policy_seed_44_base_2,regime_seat_order_neutral_policy_seed_44_base_2,train,A_in_distribution,1,day,day_vote,4,village,villager,8,1,1,random,8,1,0,1,0,0,1,0,1,10,0,0,0.28500000000000003,0,0,0.0,0.3,0,0,0,0,0,1,0,0,0.0,0.3,0,0,0,0,0,0,0,0,0,0,0.5,0,0,0.0,8,0,0,4,0.0,0,0,0,0,0,0.3,1.425,witch,0,1,,,0.3333333333333333,0.0,0.0,0.0,0.0,7,"{""baseline_rule_policy"": 0.0, ""deception_enabled_policy"": 0.0, ""mixed_rule_policy"": 0.0, ""randomized_legal_policy"": 0.0, ""risk_heterogeneous_policy"": 0.0, ""seat_order_neutral_policy"": 0.0, ""speech_and_herding_policy"": 0.0}",2,4,0.42857142857142855
0bca4cdaecfc18bbd303b26866919ee588e00e0e42f1ffd9c19a757a8674ade6,ab1fa4c1f6f062f8943ae4ee5493fe5037a10ff6b77bc053218f1d565aa05b59,seat_order_neutral_policy_seed_44_game_2_day_vote,44,2,seat_order_neutral_policy,regime_seat_order_neutral_policy_seed_44_base_2,regime_seat_order_neutral_policy_seed_44_base_2,regime_seat_order_neutral_policy_seed_44_base_2,train,A_in_distribution,1,day,day_vote,4,village,villager,1,1,0,random,8,1,0,1,0,0,1,0,1,10,0,0,0.28500000000000003,0,0,0.0,0.3,0,0,0,0,0,1,0,0,0.0,0.3,0,0,0,0,0,0,0,0,0,0,0.5,0,0,0.0,1,1,1,3,0.0,0,0,0,0,0,0.3,1.425,werewolf,1,0,,,0.6666666666666666,0.2857142857142857,0.18442777839082938,0.0,0.2380952380952381,7,"{""baseline_rule_policy"": 1.0, ""deception_enabled_policy"": 1.0, ""mixed_rule_policy"": 0.0, ""randomized_legal_policy"": 0.0, ""risk_heterogeneous_policy"": 0.0, ""seat_order_neutral_policy"": 0.0, ""speech_and_herding_policy"": 0.0}",2,2,0.42857142857142855
0bca4cdaecfc18bbd303b26866919ee588e00e0e42f1ffd9c19a757a8674ade6,ab1fa4c1f6f062f8943ae4ee5493fe5037a10ff6b77bc053218f1d565aa05b59,seat_order_neutral_policy_seed_44_game_2_day_vote,44,2,seat_order_neutral_policy,regime_seat_order_neutral_policy_seed_44_base_2,regime_seat_order_neutral_policy_seed_44_base_2,regime_seat_order_neutral_policy_seed_44_base_2,train,A_in_distribution,1,day,day_vote,4,village,villager,2,1,0,random,8,1,0,1,0,0,1,0,1,10,0,0,0.28500000000000003,0,0,0.0,0.3,0,0,0,0,0,1,0,0,0.0,0.15,0,0,0,0,0,0,0,0,0,0,0.5,0,0,0.0,2,0,1,2,0.0,0,0,0,0,0,0.15,1.4625,villager,0,0,,,0.6666666666666666,0.42857142857142855,0.20203050891044214,0.0,0.2857142857142857,7,"{""baseline_rule_policy"": 1.0, ""deception_enabled_policy"": 1.0, ""mixed_rule_policy"": 1.0, ""randomized_legal_policy"": 0.0, ""risk_heterogeneous_policy"": 0.0, ""seat_order_neutral_policy"": 0.0, ""speech_and_herding_policy"": 0.0}",2,1,0.42857142857142855
0bca4cdaecfc18bbd303b26866919ee588e00e0e42f1ffd9c19a757a8674ade6,ab1fa4c1f6f062f8943ae4ee5493fe5037a10ff6b77bc053218f1d565aa05b59,seat_order_neutral_policy_seed_44_game_2_day_vote,44,2,seat_order_neutral_policy,regime_seat_order_neutral_policy_seed_44_base_2,regime_seat_order_neutral_policy_seed_44_base_2,regime_seat_order_neutral_policy_seed_44_base_2,train,A_in_distribution,1,day,day_vote,4,village,villager,5,1,0,random,8,1,0,1,0,0,1,0,1,10,0,0,0.28500000000000003,0,0,0.0,0.3,0,0,0,0,0,1,0,0,0.0,0.3,0,0,0,0,0,0,0,0,0,0,0.5,0,0,0.0,5,1,1,1,0.0,0,0,0,0,0,0.3,1.425,werewolf,1,0,,,1.0,0.14285714285714285,0.14285714285714288,0.0,0.14285714285714288,7,"{""baseline_rule_policy"": 0.0, ""deception_enabled_policy"": 1.0, ""mixed_rule_policy"": 0.0, ""randomized_legal_policy"": 0.0, ""risk_heterogeneous_policy"": 0.0, ""seat_order_neutral_policy"": 0.0, ""speech_and_herding_policy"": 0.0}",2,3,0.42857142857142855
1eee27ea3791d8a6affb3a63858fcdd3b876dd1928621fee2a441762896a6c51,934144dc25ae27088c88f39120e14d3147936d42b6857601d965605e0e1e82ee,seat_order_neutral_policy_seed_50_game_1_day_vote,50,1,seat_order_neutral_policy,regime_seat_order_neutral_policy_seed_50_base_1,regime_seat_order_neutral_policy_seed_50_base_1,regime_seat_order_neutral_policy_seed_50_base_1,validation,A_in_distribution,1,day,day_vote,10,village,villager,8,1,1,random,8,1,0,1,0,0,1,0,1,10,0,0,0.315,0,0,0.0,0.3,0,0,0,0,0,1,0,0,0.0,0.3,0,0,0,0,0,0,0,0,0,0,0.5,0,0,0.0,8,0,0,2,0.0,0,0,0,0,0,0.3,1.425,villager,0,0,,,0.3333333333333333,0.5714285714285714,0.20203050891044216,0.0,0.28571428571428575,7,"{""baseline_rule_policy"": 1.0, ""deception_enabled_policy"": 0.0, ""mixed_rule_policy"": 0.0, ""randomized_legal_policy"": 1.0, ""risk_heterogeneous_policy"": 1.0, ""seat_order_neutral_policy"": 1.0, ""speech_and_herding_policy"": 0.0}",8,1,0.0
1eee27ea3791d8a6affb3a63858fcdd3b876dd1928621fee2a441762896a6c51,934144dc25ae27088c88f39120e14d3147936d42b6857601d965605e0e1e82ee,seat_order_neutral_policy_seed_50_game_1_day_vote,50,1,seat_order_neutral_policy,regime_seat_order_neutral_policy_seed_50_base_1,regime_seat_order_neutral_policy_seed_50_base_1,regime_seat_order_neutral_policy_seed_50_base_1,validation,A_in_distribution,1,day,day_vote,10,village,villager,2,1,0,random,8,1,0,1,0,0,1,0,1,10,0,0,0.315,0,0,0.0,0.3,0,0,0,0,0,1,0,0,0.25,0.55,0,0,0,0,0,0,0,0,0,0,0.5,0,0,0.0,2,0,1,2,0.0,0,0,0,0,0,0.44999999999999996,1.3,werewolf,1,0,,,0.6666666666666666,0.2857142857142857,0.18442777839082938,0.0,0.2380952380952381,7,"{""baseline_rule_policy"": 0.0, ""deception_enabled_policy"": 0.0, ""mixed_rule_policy"": 0.0, ""randomized_legal_policy"": 1.0, ""risk_heterogeneous_policy"": 0.0, ""seat_order_neutral_policy"": 1.0, ""speech_and_herding_policy"": 0.0}",8,4,0.0
1eee27ea3791d8a6affb3a63858fcdd3b876dd1928621fee2a441762896a6c51,934144dc25ae27088c88f39120e14d3147936d42b6857601d965605e0e1e82ee,seat_order_neutral_policy_seed_50_game_1_day_vote,50,1,seat_order_neutral_policy,regime_seat_order_neutral_policy_seed_50_base_1,regime_seat_order_neutral_policy_seed_50_base_1,regime_seat_order_neutral_policy_seed_50_base_1,validation,A_in_distribution,1,day,day_vote,10,village,villager,9,1,0,random,8,1,0,1,0,0,1,0,1,10,0,0,0.315,0,0,0.0,0.3,0,0,0,0,0,1,0,0,0.0,0.3,0,0,0,0,0,0,0,0,0,0,0.5,0,0,0.0,9,0,0,1,0.0,0,0,0,0,0,0.3,1.425,werewolf,1,0,,,1.0,0.42857142857142855,0.20203050891044214,0.0,0.2857142857142857,7,"{""baseline_rule_policy"": 0.0, ""deception_enabled_policy"": 0.0, ""mixed_rule_policy"": 0.0, ""randomized_legal_policy"": 1.0, ""risk_heterogeneous_policy"": 1.0, ""seat_order_neutral_policy"": 1.0, ""speech_and_herding_policy"": 0.0}",8,2,0.0
1eee27ea3791d8a6affb3a63858fcdd3b876dd1928621fee2a441762896a6c51,934144dc25ae27088c88f39120e14d3147936d42b6857601d965605e0e1e82ee,seat_order_neutral_policy_seed_50_game_1_day_vote,50,1,seat_order_neutral_policy,regime_seat_order_neutral_policy_seed_50_base_1,regime_seat_order_neutral_policy_seed_50_base_1,regime_seat_order_neutral_policy_seed_50_base_1,validation,A_in_distribution,1,day,day_vote,10,village,villager,5,1,0,random,8,1,0,1,0,0,1,0,1,10,0,0,0.315,0,0,0.0,0.3,0,0,0,0,0,1,0,0,0.0,0.3,0,0,0,0,0,0,0,0,0,0,0.5,0,0,0.0,5,1,1,5,0.0,0,0,0,0,0,0.3,1.425,hunter,0,1,,,0.6666666666666666,0.42857142857142855,0.20203050891044214,0.0,0.2857142857142857,7,"{""baseline_rule_policy"": 0.0, ""deception_enabled_policy"": 1.0, ""mixed_rule_policy"": 0.0, ""randomized_legal_policy"": 1.0, ""risk_heterogeneous_policy"": 0.0, ""seat_order_neutral_policy"": 1.0, ""speech_and_herding_policy"": 0.0}",8,2,0.0
84165d9e435fe10e553b001187e25874a240da281e8e4271fbce27dda735699d,0256d604e72a94f0ca5ead3fc57210f9128b02670ae6b77d6cf2271462e0d64c,seat_order_neutral_policy_seed_50_game_2_day_vote,50,2,seat_order_neutral_policy,regime_seat_order_neutral_policy_seed_50_base_2,regime_seat_order_neutral_policy_seed_50_base_2,regime_seat_order_neutral_policy_seed_50_base_2,validation,A_in_distribution,1,day,day_vote,4,village,villager,9,1,1,random,9,1,0,1,0,0,1,0,1,10,0,0,0.315,0,0,0.0,0.3,0,0,0,0,0,1,0,0,0.0,0.3,0,0,0,0,0,0,0,0,0,0,0.5,0,0,0.0,9,0,0,5,0.0,0,0,0,0,0,0.3,1.425,villager,0,0,,,0.0,0.2857142857142857,0.18442777839082938,0.0,0.2380952380952381,7,"{""baseline_rule_policy"": 1.0, ""deception_enabled_policy"": 0.0, ""mixed_rule_policy"": 0.0, ""randomized_legal_policy"": 0.0, ""risk_heterogeneous_policy"": 1.0, ""seat_order_neutral_policy"": 0.0, ""speech_and_herding_policy"": 0.0}",2,1,0.0
84165d9e435fe10e553b001187e25874a240da281e8e4271fbce27dda735699d,0256d604e72a94f0ca5ead3fc57210f9128b02670ae6b77d6cf2271462e0d64c,seat_order_neutral_policy_seed_50_game_2_day_vote,50,2,seat_order_neutral_policy,regime_seat_order_neutral_policy_seed_50_base_2,regime_seat_order_neutral_policy_seed_50_base_2,regime_seat_order_neutral_policy_seed_50_base_2,validation,A_in_distribution,1,day,day_vote,4,village,villager,3,1,0,random,9,1,0,1,0,0,1,0,1,10,0,0,0.315,0,0,0.0,0.3,0,0,0,0,0,1,0,0,0.25,0.55,0,0,0,0,0,0,0,0,0,0,0.5,0,0,0.0,3,0,1,1,0.0,0,0,0,0,0,0.44999999999999996,1.3,werewolf,1,0,,,0.6666666666666666,0.14285714285714285,0.14285714285714288,0.0,0.14285714285714288,7,"{""baseline_rule_policy"": 1.0, ""deception_enabled_policy"": 0.0, ""mixed_rule_policy"": 0.0, ""randomized_legal_policy"": 0.0, ""risk_heterogeneous_policy"": 0.0, ""seat_order_neutral_policy"": 0.0, ""speech_and_herding_policy"": 0.0}",2,3,0.0
84165d9e435fe10e553b001187e25874a240da281e8e4271fbce27dda735699d,0256d604e72a94f0ca5ead3fc57210f9128b02670ae6b77d6cf2271462e0d64c,seat_order_neutral_policy_seed_50_game_2_day_vote,50,2,seat_order_neutral_policy,regime_seat_order_neutral_policy_seed_50_base_2,regime_seat_order_neutral_policy_seed_50_base_2,regime_seat_order_neutral_policy_seed_50_base_2,validation,A_in_distribution,1,day,day_vote,4,village,villager,6,1,0,random,9,1,0,1,0,0,1,0,1,10,0,0,0.315,0,0,0.0,0.3,0,0,0,0,0,1,0,0,0.0,0.3,0,0,0,0,0,0,0,0,0,0,0.5,0,0,0.0,6,1,0,2,0.0,0,0,0,0,0,0.3,1.425,witch,0,1,,,0.3333333333333333,0.14285714285714285,0.14285714285714288,0.0,0.14285714285714288,7,"{""baseline_rule_policy"": 1.0, ""deception_enabled_policy"": 0.0, ""mixed_rule_policy"": 0.0, ""randomized_legal_policy"": 0.0, ""risk_heterogeneous_policy"": 0.0, ""seat_order_neutral_policy"": 0.0, ""speech_and_herding_policy"": 0.0}",2,3,0.0
84165d9e435fe10e553b001187e25874a240da281e8e4271fbce27dda735699d,0256d604e72a94f0ca5ead3fc57210f9128b02670ae6b77d6cf2271462e0d64c,seat_order_neutral_policy_seed_50_game_2_day_vote,50,2,seat_order_neutral_policy,regime_seat_order_neutral_policy_seed_50_base_2,regime_seat_order_neutral_policy_seed_50_base_2,regime_seat_order_neutral_policy_seed_50_base_2,validation,A_in_distribution,1,day,day_vote,4,village,villager,2,1,0,random,9,1,0,1,0,0,1,0,1,10,0,0,0.315,0,0,0.0,0.3,0,0,0,0,0,1,0,0,0.0,0.3,0,0,0,0,0,0,0,0,0,0,0.5,0,0,0.0,2,0,1,2,0.0,0,0,0,0,0,0.3,1.425,hunter,0,1,,,0.6666666666666666,0.2857142857142857,0.18442777839082938,0.0,0.2380952380952381,7,"{""baseline_rule_policy"": 1.0, ""deception_enabled_policy"": 0.0, ""mixed_rule_policy"": 0.0, ""randomized_legal_policy"": 0.0, ""risk_heterogeneous_policy"": 1.0, ""seat_order_neutral_policy"": 0.0, ""speech_and_herding_policy"": 0.0}",2,1,0.0
eb49aaa259403d949eabef09dc4da31ebb98762708383b4c3b6e86c410a7c36c,612ed7cb968670bf92afbd3fc13f52174c3a8a5b29102d01dd6459bf144b93ac,seat_order_neutral_policy_seed_52_game_1_day_vote,52,1,seat_order_neutral_policy,regime_seat_order_neutral_policy_seed_52_base_1,regime_seat_order_neutral_policy_seed_52_base_1,regime_seat_order_neutral_policy_seed_52_base_1,final_test,B_unseen_seed,1,day,day_vote,10,wolf,werewolf,6,1,1,random,6,1,0,1,0,0,1,1,0,10,0,0,0.315,0,0,0.0,0.3,0,0,0,0,2,1,0,0,0.0,0.3,0,0,0,0,0,0,0,0,0,0,0.5,0,0,0.0,6,1,0,4,0.0,0,0,0,0,0,0.3,1.425,hunter,0,1,,,1.0,0.2857142857142857,0.18442777839082938,0.0,0.2380952380952381,7,"{""baseline_rule_policy"": 1.0, ""deception_enabled_policy"": 1.0, ""mixed_rule_policy"": 0.0, ""randomized_legal_policy"": 0.0, ""risk_heterogeneous_policy"": 0.0, ""seat_order_neutral_policy"": 0.0, ""speech_and_herding_policy"": 0.0}",1,2,0.14285714285714285
eb49aaa259403d949eabef09dc4da31ebb98762708383b4c3b6e86c410a7c36c,612ed7cb968670bf92afbd3fc13f52174c3a8a5b29102d01dd6459bf144b93ac,seat_order_neutral_policy_seed_52_game_1_day_vote,52,1,seat_order_neutral_policy,regime_seat_order_neutral_policy_seed_52_base_1,regime_seat_order_neutral_policy_seed_52_base_1,regime_seat_order_neutral_policy_seed_52_base_1,final_test,B_unseen_seed,1,day,day_vote,10,wolf,werewolf,1,1,0,random,6,1,0,1,0,0,1,1,0,10,0,0,0.315,0,0,0.0,0.3,0,0,0,0,2,1,0,0,0.25,0.55,0,0,0,0,0,0,0,0,0,0,0.5,0,0,0.0,1,1,1,1,0.0,0,1,0,0,0,0.44999999999999996,1.3,werewolf,1,0,,,0.6666666666666666,0.42857142857142855,0.20203050891044214,0.0,0.2857142857142857,7,"{""baseline_rule_policy"": 1.0, ""deception_enabled_policy"": 1.0, ""mixed_rule_policy"": 0.0, ""randomized_legal_policy"": 0.0, ""risk_heterogeneous_policy"": 0.0, ""seat_order_neutral_policy"": 0.0, ""speech_and_herding_policy"": 1.0}",1,1,0.14285714285714285
eb49aaa259403d949eabef09dc4da31ebb98762708383b4c3b6e86c410a7c36c,612ed7cb968670bf92afbd3fc13f52174c3a8a5b29102d01dd6459bf144b93ac,seat_order_neutral_policy_seed_52_game_1_day_vote,52,1,seat_order_neutral_policy,regime_seat_order_neutral_policy_seed_52_base_1,regime_seat_order_neutral_policy_seed_52_base_1,regime_seat_order_neutral_policy_seed_52_base_1,final_test,B_unseen_seed,1,day,day_vote,10,wolf,werewolf,8,1,0,random,6,1,0,1,0,0,1,1,0,10,0,0,0.315,0,0,0.0,0.3,0,0,0,0,2,1,0,0,0.0,0.3,0,0,0,0,0,0,0,0,0,0,0.5,0,0,0.0,8,0,0,2,0.0,0,0,0,0,0,0.3,1.425,villager,0,0,,,0.3333333333333333,0.14285714285714285,0.14285714285714288,0.0,0.14285714285714288,7,"{""baseline_rule_policy"": 0.0, ""deception_enabled_policy"": 0.0, ""mixed_rule_policy"": 0.0, ""randomized_legal_policy"": 0.0, ""risk_heterogeneous_policy"": 0.0, ""seat_order_neutral_policy"": 0.0, ""speech_and_herding_policy"": 1.0}",1,3,0.14285714285714285
eb49aaa259403d949eabef09dc4da31ebb98762708383b4c3b6e86c410a7c36c,612ed7cb968670bf92afbd3fc13f52174c3a8a5b29102d01dd6459bf144b93ac,seat_order_neutral_policy_seed_52_game_1_day_vote,52,1,seat_order_neutral_policy,regime_seat_order_neutral_policy_seed_52_base_1,regime_seat_order_neutral_policy_seed_52_base_1,regime_seat_order_neutral_policy_seed_52_base_1,final_test,B_unseen_seed,1,day,day_vote,10,wolf,werewolf,3,1,0,random,6,1,0,1,0,0,1,1,0,10,0,0,0.315,0,0,0.0,0.3,0,0,0,0,2,1,0,0,0.0,0.3,0,0,0,0,0,0,0,0,0,0,0.5,0,0,0.0,3,0,1,3,0.0,0,0,0,0,0,0.3,1.425,villager,0,0,,,0.6666666666666666,0.14285714285714285,0.14285714285714288,0.0,0.14285714285714288,7,"{""baseline_rule_policy"": 0.0, ""deception_enabled_policy"": 0.0, ""mixed_rule_policy"": 1.0, ""randomized_legal_policy"": 0.0, ""risk_heterogeneous_policy"": 0.0, ""seat_order_neutral_policy"": 0.0, ""speech_and_herding_policy"": 0.0}",1,3,0.14285714285714285
9b0e3ab1f927df88a7e4638e2351965a722a65174df57968cd343e3e622614a0,642fa78d9c6d9390a80d8b64c6338d07189bc2894ec487bca9f44c890195dc70,seat_order_neutral_policy_seed_52_game_2_day_vote,52,2,seat_order_neutral_policy,regime_seat_order_neutral_policy_seed_52_base_2,regime_seat_order_neutral_policy_seed_52_base_2,regime_seat_order_neutral_policy_seed_52_base_2,final_test,B_unseen_seed,1,day,day_vote,4,village,villager,1,1,1,random,1,1,0,1,0,0,1,0,1,10,0,0,0.315,0,0,0.0,0.3,0,0,0,0,0,1,0,0,0.0,0.3,0,0,0,0,0,0,0,0,0,0,0.5,0,0,0.0,1,1,1,3,0.0,0,0,0,0,0,0.3,1.425,werewolf,1,0,,,0.6666666666666666,0.2857142857142857,0.18442777839082938,0.0,0.2380952380952381,7,"{""baseline_rule_policy"": 1.0, ""deception_enabled_policy"": 0.0, ""mixed_rule_policy"": 0.0, ""randomized_legal_policy"": 0.0, ""risk_heterogeneous_policy"": 0.0, ""seat_order_neutral_policy"": 0.0, ""speech_and_herding_policy"": 1.0}",7,2,0.14285714285714285
9b0e3ab1f927df88a7e4638e2351965a722a65174df57968cd343e3e622614a0,642fa78d9c6d9390a80d8b64c6338d07189bc2894ec487bca9f44c890195dc70,seat_order_neutral_policy_seed_52_game_2_day_vote,52,2,seat_order_neutral_policy,regime_seat_order_neutral_policy_seed_52_base_2,regime_seat_order_neutral_policy_seed_52_base_2,regime_seat_order_neutral_policy_seed_52_base_2,final_test,B_unseen_seed,1,day,day_vote,4,village,villager,7,1,0,random,1,1,0,1,0,0,1,0,1,10,0,0,0.315,0,0,0.0,0.3,0,0,0,0,0,1,0,0,0.25,0.55,0,0,0,0,0,0,0,0,0,0,0.5,0,0,0.0,7,0,0,3,0.0,0,0,0,0,0,0.44999999999999996,1.3,werewolf,1,0,,,0.6666666666666666,0.42857142857142855,0.20203050891044214,0.0,0.2857142857142857,7,"{""baseline_rule_policy"": 1.0, ""deception_enabled_policy"": 0.0, ""mixed_rule_policy"": 0.0, ""randomized_legal_policy"": 0.0, ""risk_heterogeneous_policy"": 1.0, ""seat_order_neutral_policy"": 0.0, ""speech_and_herding_policy"": 1.0}",7,1,0.14285714285714285
9b0e3ab1f927df88a7e4638e2351965a722a65174df57968cd343e3e622614a0,642fa78d9c6d9390a80d8b64c6338d07189bc2894ec487bca9f44c890195dc70,seat_order_neutral_policy_seed_52_game_2_day_vote,52,2,seat_order_neutral_policy,regime_seat_order_neutral_policy_seed_52_base_2,regime_seat_order_neutral_policy_seed_52_base_2,regime_seat_order_neutral_policy_seed_52_base_2,final_test,B_unseen_seed,1,day,day_vote,4,village,villager,5,1,0,random,1,1,0,1,0,0,1,0,1,10,0,0,0.315,0,0,0.0,0.3,0,0,0,0,0,1,0,0,0.0,0.3,0,0,0,0,0,0,0,0,0,0,0.5,0,0,0.0,5,1,1,1,0.0,0,0,0,0,0,0.3,1.425,villager,0,0,,,0.3333333333333333,0.2857142857142857,0.18442777839082938,0.0,0.2380952380952381,7,"{""baseline_rule_policy"": 1.0, ""deception_enabled_policy"": 0.0, ""mixed_rule_policy"": 0.0, ""randomized_legal_policy"": 0.0, ""risk_heterogeneous_policy"": 1.0, ""seat_order_neutral_policy"": 0.0, ""speech_and_herding_policy"": 0.0}",7,2,0.14285714285714285
9b0e3ab1f927df88a7e4638e2351965a722a65174df57968cd343e3e622614a0,642fa78d9c6d9390a80d8b64c6338d07189bc2894ec487bca9f44c890195dc70,seat_order_neutral_policy_seed_52_game_2_day_vote,52,2,seat_order_neutral_policy,regime_seat_order_neutral_policy_seed_52_base_2,regime_seat_order_neutral_policy_seed_52_base_2,regime_seat_order_neutral_policy_seed_52_base_2,final_test,B_unseen_seed,1,day,day_vote,4,village,villager,2,1,0,random,1,1,0,1,0,0,1,0,1,10,0,0,0.315,0,0,0.0,0.3,0,0,0,0,0,1,0,0,0.0,0.3,0,0,0,0,0,0,0,0,0,0,0.5,0,0,0.0,2,0,1,2,0.0,0,0,0,0,0,0.3,1.425,werewolf,1,0,,,1.0,0.2857142857142857,0.18442777839082938,0.0,0.2380952380952381,7,"{""baseline_rule_policy"": 1.0, ""deception_enabled_policy"": 0.0, ""mixed_rule_policy"": 0.0, ""randomized_legal_policy"": 0.0, ""risk_heterogeneous_policy"": 1.0, ""seat_order_neutral_policy"": 0.0, ""speech_and_herding_policy"": 0.0}",7,2,0.14285714285714285
fd3cc61e2019d25dc42d4e609b0522841ffb9f11666cd9a23e11c2ea8607f4ea,b0fdfa49758aab356928a988d123f7a55d91ac783b0edda2d349c4f2164814ad,seat_order_neutral_policy_seed_53_game_1_day_vote,53,1,seat_order_neutral_policy,regime_seat_order_neutral_policy_seed_53_base_1,regime_seat_order_neutral_policy_seed_53_base_1,regime_seat_order_neutral_policy_seed_53_base_1,final_test,B_unseen_seed,1,day,day_vote,10,village,witch,3,1,1,random,3,1,0,1,0,0,1,0,1,10,0,0,0.28500000000000003,0,0,0.0,0.3,0,0,0,0,0,1,0,0,0.0,0.3,0,0,0,0,0,0,0,0,0,0,0.5,0,0,0.0,3,0,1,3,0.0,0,0,0,0,0,0.3,1.425,villager,0,0,,,0.0,0.0,0.0,0.0,0.0,7,"{""baseline_rule_policy"": 0.0, ""deception_enabled_policy"": 0.0, ""mixed_rule_policy"": 0.0, ""randomized_legal_policy"": 0.0, ""risk_heterogeneous_policy"": 0.0, ""seat_order_neutral_policy"": 0.0, ""speech_and_herding_policy"": 0.0}",1,3,0.42857142857142855
fd3cc61e2019d25dc42d4e609b0522841ffb9f11666cd9a23e11c2ea8607f4ea,b0fdfa49758aab356928a988d123f7a55d91ac783b0edda2d349c4f2164814ad,seat_order_neutral_policy_seed_53_game_1_day_vote,53,1,seat_order_neutral_policy,regime_seat_order_neutral_policy_seed_53_base_1,regime_seat_order_neutral_policy_seed_53_base_1,regime_seat_order_neutral_policy_seed_53_base_1,final_test,B_unseen_seed,1,day,day_vote,10,village,witch,1,1,0,random,3,1,0,1,0,0,1,0,1,10,0,0,0.28500000000000003,0,0,0.0,0.3,0,0,0,0,0,1,0,0,0.0,0.3,0,0,0,0,0,0,0,0,0,0,0.5,0,0,0.0,1,1,1,1,0.0,0,0,0,0,0,0.3,1.425,villager,0,0,,,0.3333333333333333,0.42857142857142855,0.20203050891044214,0.0,0.2857142857142857,7,"{""baseline_rule_policy"": 1.0, ""deception_enabled_policy"": 0.0, ""mixed_rule_policy"": 0.0, ""randomized_legal_policy"": 0.0, ""risk_heterogeneous_policy"": 0.0, ""seat_order_neutral_policy"": 1.0, ""speech_and_herding_policy"": 1.0}",1,1,0.42857142857142855
fd3cc61e2019d25dc42d4e609b0522841ffb9f11666cd9a23e11c2ea8607f4ea,b0fdfa49758aab356928a988d123f7a55d91ac783b0edda2d349c4f2164814ad,seat_order_neutral_policy_seed_53_game_1_day_vote,53,1,seat_order_neutral_policy,regime_seat_order_neutral_policy_seed_53_base_1,regime_seat_order_neutral_policy_seed_53_base_1,regime_seat_order_neutral_policy_seed_53_base_1,final_test,B_unseen_seed,1,day,day_vote,10,village,witch,4,1,0,random,3,1,0,1,0,0,1,0,1,10,0,0,0.28500000000000003,0,0,0.0,0.3,0,0,0,0,0,1,0,0,0.0,0.3,0,0,0,0,0,0,0,0,0,0,0.5,0,0,0.0,4,0,1,4,0.0,0,0,0,0,0,0.3,1.425,villager,0,0,,,0.3333333333333333,0.2857142857142857,0.18442777839082938,0.0,0.2380952380952381,7,"{""baseline_rule_policy"": 1.0, ""deception_enabled_policy"": 0.0, ""mixed_rule_policy"": 0.0, ""randomized_legal_policy"": 1.0, ""risk_heterogeneous_policy"": 0.0, ""seat_order_neutral_policy"": 0.0, ""speech_and_herding_policy"": 0.0}",1,2,0.42857142857142855
fd3cc61e2019d25dc42d4e609b0522841ffb9f11666cd9a23e11c2ea8607f4ea,b0fdfa49758aab356928a988d123f7a55d91ac783b0edda2d349c4f2164814ad,seat_order_neutral_policy_seed_53_game_1_day_vote,53,1,seat_order_neutral_policy,regime_seat_order_neutral_policy_seed_53_base_1,regime_seat_order_neutral_policy_seed_53_base_1,regime_seat_order_neutral_policy_seed_53_base_1,final_test,B_unseen_seed,1,day,day_vote,10,village,witch,6,1,0,random,3,1,0,1,0,0,1,0,1,10,0,0,0.28500000000000003,0,0,0.0,0.3,0,0,0,0,0,1,0,0,0.0,0.3,0,0,0,0,0,0,0,0,0,0,0.5,0,0,0.0,6,1,0,4,0.0,0,0,0,0,0,0.3,1.425,seer,0,1,,,0.6666666666666666,0.0,0.0,0.0,0.0,7,"{""baseline_rule_policy"": 0.0, ""deception_enabled_policy"": 0.0, ""mixed_rule_policy"": 0.0, ""randomized_legal_policy"": 0.0, ""risk_heterogeneous_policy"": 0.0, ""seat_order_neutral_policy"": 0.0, ""speech_and_herding_policy"": 0.0}",1,3,0.42857142857142855
82d0427a1cd8a526dfcf8eb2b202e6b1cc34cec910e59dbed6b6a5d42969f1fb,44e19843cba32a27524183fac8e9c243e49a2aba496d2663cf41a01e140102f1,seat_order_neutral_policy_seed_53_game_2_day_vote,53,2,seat_order_neutral_policy,regime_seat_order_neutral_policy_seed_53_base_2,regime_seat_order_neutral_policy_seed_53_base_2,regime_seat_order_neutral_policy_seed_53_base_2,final_test,B_unseen_seed,1,day,day_vote,4,village,hunter,3,1,1,random,3,1,0,1,0,0,1,0,1,10,0,0,0.315,0,0,0.0,0.3,0,0,0,0,0,1,0,0,0.25,0.55,0,0,0,0,0,0,0,0,0,0,0.5,0,0,0.0,3,0,1,1,0.0,0,0,0,0,0,0.44999999999999996,1.3,werewolf,1,0,,,0.3333333333333333,0.42857142857142855,0.20203050891044214,0.0,0.2857142857142857,7,"{""baseline_rule_policy"": 1.0, ""deception_enabled_policy"": 0.0, ""mixed_rule_policy"": 0.0, ""randomized_legal_policy"": 1.0, ""risk_heterogeneous_policy"": 0.0, ""seat_order_neutral_policy"": 1.0, ""speech_and_herding_policy"": 0.0}",10,4,0.42857142857142855
82d0427a1cd8a526dfcf8eb2b202e6b1cc34cec910e59dbed6b6a5d42969f1fb,44e19843cba32a27524183fac8e9c243e49a2aba496d2663cf41a01e140102f1,seat_order_neutral_policy_seed_53_game_2_day_vote,53,2,seat_order_neutral_policy,regime_seat_order_neutral_policy_seed_53_base_2,regime_seat_order_neutral_policy_seed_53_base_2,regime_seat_order_neutral_policy_seed_53_base_2,final_test,B_unseen_seed,1,day,day_vote,4,village,hunter,10,1,0,random,3,1,0,1,0,0,1,0,1,10,0,0,0.315,0,0,0.0,0.3,0,0,0,0,0,1,0,0,0.0,0.3,0,0,0,0,0,0,0,0,0,0,0.5,0,0,0.0,10,1,0,4,0.0,0,0,0,0,0,0.3,1.425,witch,0,1,,,0.3333333333333333,0.8571428571428571,0.14285714285714285,0.0,0.14285714285714285,7,"{""baseline_rule_policy"": 1.0, ""deception_enabled_policy"": 1.0, ""mixed_rule_policy"": 1.0, ""randomized_legal_policy"": 1.0, ""risk_heterogeneous_policy"": 1.0, ""seat_order_neutral_policy"": 1.0, ""speech_and_herding_policy"": 0.0}",10,1,0.42857142857142855
82d0427a1cd8a526dfcf8eb2b202e6b1cc34cec910e59dbed6b6a5d42969f1fb,44e19843cba32a27524183fac8e9c243e49a2aba496d2663cf41a01e140102f1,seat_order_neutral_policy_seed_53_game_2_day_vote,53,2,seat_order_neutral_policy,regime_seat_order_neutral_policy_seed_53_base_2,regime_seat_order_neutral_policy_seed_53_base_2,regime_seat_order_neutral_policy_seed_53_base_2,final_test,B_unseen_seed,1,day,day_vote,4,village,hunter,7,1,0,random,3,1,0,1,0,0,1,0,1,10,0,0,0.315,0,0,0.0,0.3,0,0,0,0,0,1,0,0,0.0,0.3,0,0,0,0,0,0,0,0,0,0,0.5,0,0,0.0,7,0,0,3,0.0,0,0,0,0,0,0.3,1.425,werewolf,1,0,,,1.0,0.7142857142857143,0.18442777839082938,0.0,0.2380952380952381,7,"{""baseline_rule_policy"": 0.0, ""deception_enabled_policy"": 1.0, ""mixed_rule_policy"": 1.0, ""randomized_legal_policy"": 1.0, ""risk_heterogeneous_policy"": 1.0, ""seat_order_neutral_policy"": 1.0, ""speech_and_herding_policy"": 0.0}",10,2,0.42857142857142855
82d0427a1cd8a526dfcf8eb2b202e6b1cc34cec910e59dbed6b6a5d42969f1fb,44e19843cba32a27524183fac8e9c243e49a2aba496d2663cf41a01e140102f1,seat_order_neutral_policy_seed_53_game_2_day_vote,53,2,seat_order_neutral_policy,regime_seat_order_neutral_policy_seed_53_base_2,regime_seat_order_neutral_policy_seed_53_base_2,regime_seat_order_neutral_policy_seed_53_base_2,final_test,B_unseen_seed,1,day,day_vote,4,village,hunter,9,1,0,random,3,1,0,1,0,0,1,0,1,10,0,0,0.315,0,0,0.0,0.3,0,0,0,0,0,1,0,0,0.0,0.3,0,0,0,0,0,0,0,0,0,0,0.5,0,0,0.0,9,0,0,5,0.0,0,0,0,0,0,0.3,1.425,villager,0,0,,,0.3333333333333333,0.5714285714285714,0.20203050891044216,0.0,0.28571428571428575,7,"{""baseline_rule_policy"": 0.0, ""deception_enabled_policy"": 1.0, ""mixed_rule_policy"": 0.0, ""randomized_legal_policy"": 1.0, ""risk_heterogeneous_policy"": 1.0, ""seat_order_neutral_policy"": 1.0, ""speech_and_herding_policy"": 0.0}",10,3,0.42857142857142855
498ab19a7315f910a6710c726052e4ef9c57157ba2c6fef4a951778e9ac4dfd8,13673c180a0b2f6acedc866f37fff183c5d715a9ffa312325246cd387a6d1d48,speech_and_herding_policy_seed_42_game_1_day_vote,42,1,speech_and_herding_policy,regime_speech_and_herding_policy_seed_42_base_1,regime_speech_and_herding_policy_seed_42_base_1,regime_speech_and_herding_policy_seed_42_base_1,train,A_in_distribution,1,day,day_vote,1,village,seer,9,1,1,suspicion_based,9,1,0,1,0,0,1,0,1,10,0,0,0.28500000000000003,0,0,0.0,0.3,0,0,0,0,0,1,0,0,0.0,0.3,0,0,0,0,0,0,0,0,0,0,0.5,0,0,0.0,9,0,0,2,0.0,0,0,0,0,0,0.3,1.425,hunter,0,1,,,0.6666666666666666,0.14285714285714285,0.14285714285714288,0.0,0.14285714285714288,7,"{""baseline_rule_policy"": 0.0, ""deception_enabled_policy"": 0.0, ""mixed_rule_policy"": 0.0, ""randomized_legal_policy"": 1.0, ""risk_heterogeneous_policy"": 0.0, ""seat_order_neutral_policy"": 0.0, ""speech_and_herding_policy"": 0.0}",10,2,0.14285714285714285
498ab19a7315f910a6710c726052e4ef9c57157ba2c6fef4a951778e9ac4dfd8,13673c180a0b2f6acedc866f37fff183c5d715a9ffa312325246cd387a6d1d48,speech_and_herding_policy_seed_42_game_1_day_vote,42,1,speech_and_herding_policy,regime_speech_and_herding_policy_seed_42_base_1,regime_speech_and_herding_policy_seed_42_base_1,regime_speech_and_herding_policy_seed_42_base_1,train,A_in_distribution,1,day,day_vote,1,village,seer,10,1,0,suspicion_based,9,1,0,1,0,0,1,0,1,10,0,0,0.28500000000000003,0,0,0.0,0.3,0,0,0,0,0,1,0,0,0.0,0.3,0,0,0,0,0,0,0,0,0,0,0.5,0,0,0.0,10,1,0,1,0.0,0,0,0,0,0,0.3,1.425,werewolf,1,0,,,1.0,0.2857142857142857,0.18442777839082938,0.0,0.2380952380952381,7,"{""baseline_rule_policy"": 1.0, ""deception_enabled_policy"": 0.0, ""mixed_rule_policy"": 0.0, ""randomized_legal_policy"": 0.0, ""risk_heterogeneous_policy"": 0.0, ""seat_order_neutral_policy"": 1.0, ""speech_and_herding_policy"": 0.0}",10,1,0.14285714285714285
498ab19a7315f910a6710c726052e4ef9c57157ba2c6fef4a951778e9ac4dfd8,13673c180a0b2f6acedc866f37fff183c5d715a9ffa312325246cd387a6d1d48,speech_and_herding_policy_seed_42_game_1_day_vote,42,1,speech_and_herding_policy,regime_speech_and_herding_policy_seed_42_base_1,regime_speech_and_herding_policy_seed_42_base_1,regime_speech_and_herding_policy_seed_42_base_1,train,A_in_distribution,1,day,day_vote,1,village,seer,8,1,0,suspicion_based,9,1,0,1,0,0,1,0,1,10,0,0,0.28500000000000003,0,0,0.0,0.3,0,0,0,0,0,1,0,0,0.0,0.3,0,0,0,0,0,0,0,0,0,0,0.5,0,0,0.0,8,0,0,3,0.0,0,0,0,0,0,0.3,1.425,villager,0,0,,,0.6666666666666666,0.0,0.0,0.0,0.0,7,"{""baseline_rule_policy"": 0.0, ""deception_enabled_policy"": 0.0, ""mixed_rule_policy"": 0.0, ""randomized_legal_policy"": 0.0, ""risk_heterogeneous_policy"": 0.0, ""seat_order_neutral_policy"": 0.0, ""speech_and_herding_policy"": 0.0}",10,3,0.14285714285714285
498ab19a7315f910a6710c726052e4ef9c57157ba2c6fef4a951778e9ac4dfd8,13673c180a0b2f6acedc866f37fff183c5d715a9ffa312325246cd387a6d1d48,speech_and_herding_policy_seed_42_game_1_day_vote,42,1,speech_and_herding_policy,regime_speech_and_herding_policy_seed_42_base_1,regime_speech_and_herding_policy_seed_42_base_1,regime_speech_and_herding_policy_seed_42_base_1,train,A_in_distribution,1,day,day_vote,1,village,seer,4,1,0,suspicion_based,9,1,0,1,0,0,1,0,1,10,0,0,0.28500000000000003,0,0,0.0,0.3,0,0,0,0,0,1,0,0,0.0,0.3,0,0,0,0,0,0,0,0,0,0,0.5,0,0,0.0,4,0,1,3,0.0,0,0,0,0,0,0.3,1.425,werewolf,1,0,,,0.6666666666666666,0.0,0.0,0.0,0.0,7,"{""baseline_rule_policy"": 0.0, ""deception_enabled_policy"": 0.0, ""mixed_rule_policy"": 0.0, ""randomized_legal_policy"": 0.0, ""risk_heterogeneous_policy"": 0.0, ""seat_order_neutral_policy"": 0.0, ""speech_and_herding_policy"": 0.0}",10,3,0.14285714285714285
67b2a413ba6e559e697575825a57ca9a7f2dd61d1c5c795629cabd856c6e9902,b698678cb538291f2baf20ca71c386729bce74e98235c11c0e56a40e78bfbdee,speech_and_herding_policy_seed_42_game_2_day_vote,42,2,speech_and_herding_policy,regime_speech_and_herding_policy_seed_42_base_2,regime_speech_and_herding_policy_seed_42_base_2,regime_speech_and_herding_policy_seed_42_base_2,train,A_in_distribution,1,day,day_vote,1,wolf,werewolf,8,1,1,suspicion_based,8,1,0,1,0,0,1,1,0,10,0,0,0.28500000000000003,0,0,0.0,0.3,0,0,0,0,2,1,0,0,0.0,0.3,0,0,0,0,0,0,0,0,0,0,0.5,0,0,0.0,8,0,0,3,0.0,0,0,0,0,0,0.3,1.425,villager,0,0,,,0.6666666666666666,0.8571428571428571,0.14285714285714285,0.0,0.14285714285714285,7,"{""baseline_rule_policy"": 1.0, ""deception_enabled_policy"": 1.0, ""mixed_rule_policy"": 0.0, ""randomized_legal_policy"": 1.0, ""risk_heterogeneous_policy"": 1.0, ""seat_order_neutral_policy"": 1.0, ""speech_and_herding_policy"": 1.0}",4,1,0.0
67b2a413ba6e559e697575825a57ca9a7f2dd61d1c5c795629cabd856c6e9902,b698678cb538291f2baf20ca71c386729bce74e98235c11c0e56a40e78bfbdee,speech_and_herding_policy_seed_42_game_2_day_vote,42,2,speech_and_herding_policy,regime_speech_and_herding_policy_seed_42_base_2,regime_speech_and_herding_policy_seed_42_base_2,regime_speech_and_herding_policy_seed_42_base_2,train,A_in_distribution,1,day,day_vote,1,wolf,werewolf,10,1,0,suspicion_based,8,1,0,1,0,0,1,1,0,10,0,0,0.28500000000000003,0,0,0.0,0.3,0,0,0,0,2,1,0,0,0.0,0.3,0,0,0,0,0,0,0,0,0,0,0.5,0,0,0.0,10,1,0,1,0.0,0,1,0,0,0,0.3,1.425,werewolf,1,0,,,0.0,0.7142857142857143,0.18442777839082938,0.0,0.2380952380952381,7,"{""baseline_rule_policy"": 0.0, ""deception_enabled_policy"": 1.0, ""mixed_rule_policy"": 0.0, ""randomized_legal_policy"": 1.0, ""risk_heterogeneous_policy"": 1.0, ""seat_order_neutral_policy"": 1.0, ""speech_and_herding_policy"": 1.0}",4,3,0.0
67b2a413ba6e559e697575825a57ca9a7f2dd61d1c5c795629cabd856c6e9902,b698678cb538291f2baf20ca71c386729bce74e98235c11c0e56a40e78bfbdee,speech_and_herding_policy_seed_42_game_2_day_vote,42,2,speech_and_herding_policy,regime_speech_and_herding_policy_seed_42_base_2,regime_speech_and_herding_policy_seed_42_base_2,regime_speech_and_herding_policy_seed_42_base_2,train,A_in_distribution,1,day,day_vote,1,wolf,werewolf,6,1,0,suspicion_based,8,1,0,1,0,0,1,1,0,10,0,0,0.28500000000000003,0,0,0.0,0.3,0,0,0,0,2,1,0,0,0.0,0.3,0,0,0,0,0,0,0,0,0,0,0.5,0,0,0.0,6,1,0,5,0.0,0,0,0,0,0,0.3,1.425,seer,0,1,,,0.6666666666666666,0.5714285714285714,0.20203050891044216,0.0,0.28571428571428575,7,"{""baseline_rule_policy"": 0.0, ""deception_enabled_policy"": 1.0, ""mixed_rule_policy"": 0.0, ""randomized_legal_policy"": 1.0, ""risk_heterogeneous_policy"": 1.0, ""seat_order_neutral_policy"": 1.0, ""speech_and_herding_policy"": 0.0}",4,4,0.0
67b2a413ba6e559e697575825a57ca9a7f2dd61d1c5c795629cabd856c6e9902,b698678cb538291f2baf20ca71c386729bce74e98235c11c0e56a40e78bfbdee,speech_and_herding_policy_seed_42_game_2_day_vote,42,2,speech_and_herding_policy,regime_speech_and_herding_policy_seed_42_base_2,regime_speech_and_herding_policy_seed_42_base_2,regime_speech_and_herding_policy_seed_42_base_2,train,A_in_distribution,1,day,day_vote,1,wolf,werewolf,4,1,0,suspicion_based,8,1,0,1,0,0,1,1,0,10,0,0,0.28500000000000003,0,0,0.0,0.3,0,0,0,0,2,1,0,0,0.0,0.3,0,0,0,0,0,0,0,0,0,0,0.5,0,0,0.0,4,0,1,3,0.0,0,0,0,0,0,0.3,1.425,villager,0,0,,,1.0,0.8571428571428571,0.14285714285714285,0.0,0.14285714285714285,7,"{""baseline_rule_policy"": 1.0, ""deception_enabled_policy"": 1.0, ""mixed_rule_policy"": 1.0, ""randomized_legal_policy"": 0.0, ""risk_heterogeneous_policy"": 1.0, ""seat_order_neutral_policy"": 1.0, ""speech_and_herding_policy"": 1.0}",4,1,0.0
05da491b0de3492fe5dde256588040226ca0ac7c6335e0d5342ca775e432de83,244091c92547dd718643213415ea8e3e498d917b3199fa2a70ed7d4a9489e9b0,speech_and_herding_policy_seed_43_game_1_day_vote,43,1,speech_and_herding_policy,regime_speech_and_herding_policy_seed_43_base_1,regime_speech_and_herding_policy_seed_43_base_1,regime_speech_and_herding_policy_seed_43_base_1,train,A_in_distribution,1,day,day_vote,1,village,hunter,4,1,1,suspicion_based,4,1,0,1,0,0,1,0,1,10,0,0,0.28500000000000003,0,0,0.0,0.3,0,0,0,0,0,1,0,0,0.0,0.3,0,0,0,0,0,0,0,0,0,0,0.5,0,0,0.0,4,0,1,3,0.0,0,0,0,0,0,0.3,1.425,witch,0,1,,,0.6666666666666666,0.2857142857142857,0.18442777839082938,0.0,0.2380952380952381,7,"{""baseline_rule_policy"": 1.0, ""deception_enabled_policy"": 1.0, ""mixed_rule_policy"": 0.0, ""randomized_legal_policy"": 0.0, ""risk_heterogeneous_policy"": 0.0, ""seat_order_neutral_policy"": 0.0, ""speech_and_herding_policy"": 0.0}",10,2,0.2857142857142857
05da491b0de3492fe5dde256588040226ca0ac7c6335e0d5342ca775e432de83,244091c92547dd718643213415ea8e3e498d917b3199fa2a70ed7d4a9489e9b0,speech_and_herding_policy_seed_43_game_1_day_vote,43,1,speech_and_herding_policy,regime_speech_and_herding_policy_seed_43_base_1,regime_speech_and_herding_policy_seed_43_base_1,regime_speech_and_herding_policy_seed_43_base_1,train,A_in_distribution,1,day,day_vote,1,village,hunter,10,1,0,suspicion_based,4,1,0,1,0,0,1,0,1,10,0,0,0.28500000000000003,0,0,0.0,0.3,0,0,0,0,0,1,0,0,0.0,0.3,0,0,0,0,0,0,0,0,0,0,0.5,0,0,0.0,10,1,0,1,0.0,0,0,0,0,0,0.3,1.425,seer,0,1,,,0.6666666666666666,0.5714285714285714,0.20203050891044216,0.0,0.28571428571428575,7,"{""baseline_rule_policy"": 0.0, ""deception_enabled_policy"": 0.0, ""mixed_rule_policy"": 1.0, ""randomized_legal_policy"": 1.0, ""risk_heterogeneous_policy"": 1.0, ""seat_order_neutral_policy"": 1.0, ""speech_and_herding_policy"": 0.0}",10,1,0.2857142857142857
05da491b0de3492fe5dde256588040226ca0ac7c6335e0d5342ca775e432de83,244091c92547dd718643213415ea8e3e498d917b3199fa2a70ed7d4a9489e9b0,speech_and_herding_policy_seed_43_game_1_day_vote,43,1,speech_and_herding_policy,regime_speech_and_herding_policy_seed_43_base_1,regime_speech_and_herding_policy_seed_43_base_1,regime_speech_and_herding_policy_seed_43_base_1,train,A_in_distribution,1,day,day_vote,1,village,hunter,7,1,0,suspicion_based,4,1,0,1,0,0,1,0,1,10,0,0,0.28500000000000003,0,0,0.0,0.3,0,0,0,0,0,1,0,0,0.0,0.3,0,0,0,0,0,0,0,0,0,0,0.5,0,0,0.0,7,0,0,4,0.0,0,0,0,0,0,0.3,1.425,werewolf,1,0,,,1.0,0.2857142857142857,0.18442777839082938,0.0,0.2380952380952381,7,"{""baseline_rule_policy"": 0.0, ""deception_enabled_policy"": 0.0, ""mixed_rule_policy"": 1.0, ""randomized_legal_policy"": 0.0, ""risk_heterogeneous_policy"": 0.0, ""seat_order_neutral_policy"": 0.0, ""speech_and_herding_policy"": 1.0}",10,2,0.2857142857142857
05da491b0de3492fe5dde256588040226ca0ac7c6335e0d5342ca775e432de83,244091c92547dd718643213415ea8e3e498d917b3199fa2a70ed7d4a9489e9b0,speech_and_herding_policy_seed_43_game_1_day_vote,43,1,speech_and_herding_policy,regime_speech_and_herding_policy_seed_43_base_1,regime_speech_and_herding_policy_seed_43_base_1,regime_speech_and_herding_policy_seed_43_base_1,train,A_in_distribution,1,day,day_vote,1,village,hunter,2,1,0,suspicion_based,4,1,0,1,0,0,1,0,1,10,0,0,0.28500000000000003,0,0,0.0,0.3,0,0,0,0,0,1,0,0,0.0,0.15,0,0,0,0,0,0,0,0,0,0,0.5,0,0,0.0,2,0,1,1,0.0,0,0,0,0,0,0.15,1.4625,villager,0,0,,,0.0,0.0,0.0,0.0,0.0,7,"{""baseline_rule_policy"": 0.0, ""deception_enabled_policy"": 0.0, ""mixed_rule_policy"": 0.0, ""randomized_legal_policy"": 0.0, ""risk_heterogeneous_policy"": 0.0, ""seat_order_neutral_policy"": 0.0, ""speech_and_herding_policy"": 0.0}",10,4,0.2857142857142857
8809f06e2416dd70c51f4576ab85b350155b045e054e18728b3e4e9714d26a31,a8958daf2e92b430f996313db809ae310c22d2e8246c06be97d2dc9ed6960773,speech_and_herding_policy_seed_43_game_2_day_vote,43,2,speech_and_herding_policy,regime_speech_and_herding_policy_seed_43_base_2,regime_speech_and_herding_policy_seed_43_base_2,regime_speech_and_herding_policy_seed_43_base_2,train,A_in_distribution,1,day,day_vote,1,wolf,werewolf,5,1,1,suspicion_based,5,1,0,1,0,0,1,1,0,10,0,0,0.28500000000000003,0,0,0.0,0.3,0,0,0,0,2,1,0,0,0.0,0.3,0,0,0,0,0,0,0,0,0,0,0.5,0,0,0.0,5,1,1,4,0.0,0,0,0,0,0,0.3,1.425,villager,0,0,,,1.0,1.0,0.0,1.0,0.0,7,"{""baseline_rule_policy"": 1.0, ""deception_enabled_policy"": 1.0, ""mixed_rule_policy"": 1.0, ""randomized_legal_policy"": 1.0, ""risk_heterogeneous_policy"": 1.0, ""seat_order_neutral_policy"": 1.0, ""speech_and_herding_policy"": 1.0}",5,1,0.0
8809f06e2416dd70c51f4576ab85b350155b045e054e18728b3e4e9714d26a31,a8958daf2e92b430f996313db809ae310c22d2e8246c06be97d2dc9ed6960773,speech_and_herding_policy_seed_43_game_2_day_vote,43,2,speech_and_herding_policy,regime_speech_and_herding_policy_seed_43_base_2,regime_speech_and_herding_policy_seed_43_base_2,regime_speech_and_herding_policy_seed_43_base_2,train,A_in_distribution,1,day,day_vote,1,wolf,werewolf,10,1,0,suspicion_based,5,1,0,1,0,0,1,1,0,10,0,0,0.28500000000000003,0,0,0.0,0.3,0,0,0,0,2,1,0,0,0.0,0.3,0,0,0,0,0,0,0,0,0,0,0.5,0,0,0.0,10,1,0,1,0.0,0,0,0,0,0,0.3,1.425,witch,0,1,,,0.6666666666666666,0.7142857142857143,0.18442777839082938,0.0,0.2380952380952381,7,"{""baseline_rule_policy"": 1.0, ""deception_enabled_policy"": 1.0, ""mixed_rule_policy"": 1.0, ""randomized_legal_policy"": 1.0, ""risk_heterogeneous_policy"": 1.0, ""seat_order_neutral_policy"": 0.0, ""speech_and_herding_policy"": 0.0}",5,4,0.0
8809f06e2416dd70c51f4576ab85b350155b045e054e18728b3e4e9714d26a31,a8958daf2e92b430f996313db809ae310c22d2e8246c06be97d2dc9ed6960773,speech_and_herding_policy_seed_43_game_2_day_vote,43,2,speech_and_herding_policy,regime_speech_and_herding_policy_seed_43_base_2,regime_speech_and_herding_policy_seed_43_base_2,regime_speech_and_herding_policy_seed_43_base_2,train,A_in_distribution,1,day,day_vote,1,wolf,werewolf,4,1,0,suspicion_based,5,1,0,1,0,0,1,1,0,10,0,0,0.28500000000000003,0,0,0.0,0.3,0,0,0,0,2,1,0,0,0.0,0.3,0,0,0,0,0,0,0,0,0,0,0.5,0,0,0.0,4,0,1,3,0.0,0,1,0,0,0,0.3,1.425,werewolf,1,0,,,0.3333333333333333,0.8571428571428571,0.14285714285714285,0.0,0.14285714285714285,7,"{""baseline_rule_policy"": 1.0, ""deception_enabled_policy"": 0.0, ""mixed_rule_policy"": 1.0, ""randomized_legal_policy"": 1.0, ""risk_heterogeneous_policy"": 1.0, ""seat_order_neutral_policy"": 1.0, ""speech_and_herding_policy"": 1.0}",5,2,0.0
8809f06e2416dd70c51f4576ab85b350155b045e054e18728b3e4e9714d26a31,a8958daf2e92b430f996313db809ae310c22d2e8246c06be97d2dc9ed6960773,speech_and_herding_policy_seed_43_game_2_day_vote,43,2,speech_and_herding_policy,regime_speech_and_herding_policy_seed_43_base_2,regime_speech_and_herding_policy_seed_43_base_2,regime_speech_and_herding_policy_seed_43_base_2,train,A_in_distribution,1,day,day_vote,1,wolf,werewolf,7,1,0,suspicion_based,5,1,0,1,0,0,1,1,0,10,0,0,0.28500000000000003,0,0,0.0,0.3,0,0,0,0,2,1,0,0,0.0,0.15,0,0,0,0,0,0,0,0,0,0,0.5,0,0,0.0,7,0,0,4,0.0,0,0,0,0,0,0.15,1.4625,hunter,0,1,,,1.0,0.8571428571428571,0.14285714285714285,0.0,0.14285714285714285,7,"{""baseline_rule_policy"": 1.0, ""deception_enabled_policy"": 1.0, ""mixed_rule_policy"": 1.0, ""randomized_legal_policy"": 1.0, ""risk_heterogeneous_policy"": 1.0, ""seat_order_neutral_policy"": 0.0, ""speech_and_herding_policy"": 1.0}",5,2,0.0
156e5e3d670af7d96c2f4b1241cde06426d1cb4a46227496a34f1fc34fe7e5db,dae51941b6191216a254350482b10f4750f110b37777874b08d1d46bf40927ac,speech_and_herding_policy_seed_44_game_1_day_vote,44,1,speech_and_herding_policy,regime_speech_and_herding_policy_seed_44_base_1,regime_speech_and_herding_policy_seed_44_base_1,regime_speech_and_herding_policy_seed_44_base_1,train,A_in_distribution,1,day,day_vote,1,village,seer,3,1,1,suspicion_based,3,1,0,1,0,0,1,0,1,10,0,0,0.28500000000000003,0,0,0.0,0.3,0,0,0,0,0,1,0,0,0.0,0.3,0,0,0,0,0,0,0,0,0,0,0.5,0,0,0.0,3,0,1,2,0.0,0,0,0,0,0,0.3,1.425,villager,0,0,,,0.6666666666666666,0.14285714285714285,0.14285714285714288,0.0,0.14285714285714288,7,"{""baseline_rule_policy"": 0.0, ""deception_enabled_policy"": 0.0, ""mixed_rule_policy"": 0.0, ""randomized_legal_policy"": 0.0, ""risk_heterogeneous_policy"": 1.0, ""seat_order_neutral_policy"": 0.0, ""speech_and_herding_policy"": 0.0}",10,2,0.2857142857142857
156e5e3d670af7d96c2f4b1241cde06426d1cb4a46227496a34f1fc34fe7e5db,dae51941b6191216a254350482b10f4750f110b37777874b08d1d46bf40927ac,speech_and_herding_policy_seed_44_game_1_day_vote,44,1,speech_and_herding_policy,regime_speech_and_herding_policy_seed_44_base_1,regime_speech_and_herding_policy_seed_44_base_1,regime_speech_and_herding_policy_seed_44_base_1,train,A_in_distribution,1,day,day_vote,1,village,seer,10,1,0,suspicion_based,3,1,0,1,0,0,1,0,1,10,0,0,0.28500000000000003,0,0,0.0,0.3,0,0,0,0,0,1,0,0,0.0,0.3,0,0,0,0,0,0,0,0,0,0,0.5,0,0,0.0,10,1,0,1,0.0,0,0,0,0,0,0.3,1.425,werewolf,1,0,,,0.3333333333333333,0.42857142857142855,0.20203050891044214,0.0,0.2857142857142857,7,"{""baseline_rule_policy"": 1.0, ""deception_enabled_policy"": 0.0, ""mixed_rule_policy"": 1.0, ""randomized_legal_policy"": 0.0, ""risk_heterogeneous_policy"": 0.0, ""seat_order_neutral_policy"": 1.0, ""speech_and_herding_policy"": 0.0}",10,1,0.2857142857142857
156e5e3d670af7d96c2f4b1241cde06426d1cb4a46227496a34f1fc34fe7e5db,dae51941b6191216a254350482b10f4750f110b37777874b08d1d46bf40927ac,speech_and_herding_policy_seed_44_game_1_day_vote,44,1,speech_and_herding_policy,regime_speech_and_herding_policy_seed_44_base_1,regime_speech_and_herding_policy_seed_44_base_1,regime_speech_and_herding_policy_seed_44_base_1,train,A_in_distribution,1,day,day_vote,1,village,seer,4,1,0,suspicion_based,3,1,0,1,0,0,1,0,1,10,0,0,0.28500000000000003,0,0,0.0,0.3,0,0,0,0,0,1,0,0,0.0,0.3,0,0,0,0,0,0,0,0,0,0,0.5,0,0,0.0,4,0,1,3,0.0,0,0,0,0,0,0.3,1.425,villager,0,0,,,0.6666666666666666,0.0,0.0,0.0,0.0,7,"{""baseline_rule_policy"": 0.0, ""deception_enabled_policy"": 0.0, ""mixed_rule_policy"": 0.0, ""randomized_legal_policy"": 0.0, ""risk_heterogeneous_policy"": 0.0, ""seat_order_neutral_policy"": 0.0, ""speech_and_herding_policy"": 0.0}",10,4,0.2857142857142857
156e5e3d670af7d96c2f4b1241cde06426d1cb4a46227496a34f1fc34fe7e5db,dae51941b6191216a254350482b10f4750f110b37777874b08d1d46bf40927ac,speech_and_herding_policy_seed_44_game_1_day_vote,44,1,speech_and_herding_policy,regime_speech_and_herding_policy_seed_44_base_1,regime_speech_and_herding_policy_seed_44_base_1,regime_speech_and_herding_policy_seed_44_base_1,train,A_in_distribution,1,day,day_vote,1,village,seer,2,1,0,suspicion_based,3,1,0,1,0,0,1,0,1,10,0,0,0.28500000000000003,0,0,0.0,0.3,0,0,0,0,0,1,0,0,0.0,0.3,0,0,0,0,0,0,0,0,0,0,0.5,0,0,0.0,2,0,1,1,0.0,0,0,0,0,0,0.3,1.425,witch,0,1,,,0.0,0.14285714285714285,0.14285714285714288,0.0,0.14285714285714288,7,"{""baseline_rule_policy"": 1.0, ""deception_enabled_policy"": 0.0, ""mixed_rule_policy"": 0.0, ""randomized_legal_policy"": 0.0, ""risk_heterogeneous_policy"": 0.0, ""seat_order_neutral_policy"": 0.0, ""speech_and_herding_policy"": 0.0}",10,2,0.2857142857142857
e4fb2e6e4dafddbd33577ae8e86edd195c1768ab051a8d821e8cec0027657514,568137664502b68adfd368bd4387230c52fc9b13313f2a235ff9b5f5dd19b695,speech_and_herding_policy_seed_44_game_2_day_vote,44,2,speech_and_herding_policy,regime_speech_and_herding_policy_seed_44_base_2,regime_speech_and_herding_policy_seed_44_base_2,regime_speech_and_herding_policy_seed_44_base_2,train,A_in_distribution,1,day,day_vote,1,village,witch,8,1,1,suspicion_based,8,1,0,1,0,0,1,0,1,10,0,0,0.28500000000000003,0,0,0.0,0.3,0,0,0,0,0,1,0,0,0.0,0.3,0,0,0,0,0,0,0,0,0,0,0.5,0,0,0.0,8,0,0,3,0.0,0,0,0,0,0,0.3,1.425,werewolf,1,0,,,0.6666666666666666,0.7142857142857143,0.18442777839082938,0.0,0.2380952380952381,7,"{""baseline_rule_policy"": 1.0, ""deception_enabled_policy"": 1.0, ""mixed_rule_policy"": 0.0, ""randomized_legal_policy"": 1.0, ""risk_heterogeneous_policy"": 1.0, ""seat_order_neutral_policy"": 1.0, ""speech_and_herding_policy"": 0.0}",8,1,0.0
e4fb2e6e4dafddbd33577ae8e86edd195c1768ab051a8d821e8cec0027657514,568137664502b68adfd368bd4387230c52fc9b13313f2a235ff9b5f5dd19b695,speech_and_herding_policy_seed_44_game_2_day_vote,44,2,speech_and_herding_policy,regime_speech_and_herding_policy_seed_44_base_2,regime_speech_and_herding_policy_seed_44_base_2,regime_speech_and_herding_policy_seed_44_base_2,train,A_in_distribution,1,day,day_vote,1,village,witch,10,1,0,suspicion_based,8,1,0,1,0,0,1,0,1,10,0,0,0.28500000000000003,0,0,0.0,0.3,0,0,0,0,0,1,0,0,0.0,0.3,0,0,0,0,0,0,0,0,0,0,0.5,0,0,0.0,10,1,0,1,0.0,0,0,0,0,0,0.3,1.425,werewolf,1,0,,,1.0,0.42857142857142855,0.20203050891044214,0.0,0.2857142857142857,7,"{""baseline_rule_policy"": 0.0, ""deception_enabled_policy"": 1.0, ""mixed_rule_policy"": 0.0, ""randomized_legal_policy"": 1.0, ""risk_heterogeneous_policy"": 0.0, ""seat_order_neutral_policy"": 1.0, ""speech_and_herding_policy"": 0.0}",8,3,0.0
e4fb2e6e4dafddbd33577ae8e86edd195c1768ab051a8d821e8cec0027657514,568137664502b68adfd368bd4387230c52fc9b13313f2a235ff9b5f5dd19b695,speech_and_herding_policy_seed_44_game_2_day_vote,44,2,speech_and_herding_policy,regime_speech_and_herding_policy_seed_44_base_2,regime_speech_and_herding_policy_seed_44_base_2,regime_speech_and_herding_policy_seed_44_base_2,train,A_in_distribution,1,day,day_vote,1,village,witch,5,1,0,suspicion_based,8,1,0,1,0,0,1,0,1,10,0,0,0.28500000000000003,0,0,0.0,0.3,0,0,0,0,0,1,0,0,0.0,0.15,0,0,0,0,0,0,0,0,0,0,0.5,0,0,0.0,5,1,1,4,0.0,0,0,0,0,0,0.15,1.4625,villager,0,0,,,0.6666666666666666,0.5714285714285714,0.20203050891044216,0.0,0.28571428571428575,7,"{""baseline_rule_policy"": 1.0, ""deception_enabled_policy"": 1.0, ""mixed_rule_policy"": 1.0, ""randomized_legal_policy"": 0.0, ""risk_heterogeneous_policy"": 0.0, ""seat_order_neutral_policy"": 1.0, ""speech_and_herding_policy"": 0.0}",8,2,0.0
e4fb2e6e4dafddbd33577ae8e86edd195c1768ab051a8d821e8cec0027657514,568137664502b68adfd368bd4387230c52fc9b13313f2a235ff9b5f5dd19b695,speech_and_herding_policy_seed_44_game_2_day_vote,44,2,speech_and_herding_policy,regime_speech_and_herding_policy_seed_44_base_2,regime_speech_and_herding_policy_seed_44_base_2,regime_speech_and_herding_policy_seed_44_base_2,train,A_in_distribution,1,day,day_vote,1,village,witch,6,1,0,suspicion_based,8,1,0,1,0,0,1,0,1,10,0,0,0.28500000000000003,0,0,0.0,0.3,0,0,0,0,0,1,0,0,0.0,0.3,0,0,0,0,0,0,0,0,0,0,0.5,0,0,0.0,6,1,0,5,0.0,0,0,0,0,0,0.3,1.425,hunter,0,1,,,0.3333333333333333,0.2857142857142857,0.18442777839082938,0.0,0.2380952380952381,7,"{""baseline_rule_policy"": 0.0, ""deception_enabled_policy"": 1.0, ""mixed_rule_policy"": 0.0, ""randomized_legal_policy"": 0.0, ""risk_heterogeneous_policy"": 0.0, ""seat_order_neutral_policy"": 0.0, ""speech_and_herding_policy"": 1.0}",8,4,0.0
dc5a799cdd54c51616c909f37ea4abc27b18b6777f45bc2240ce1003a846af70,08ac78ed0f6cfc72b3b113571fdd204d4bdbd4ac62f8e4a5f7227adb01ba0d24,speech_and_herding_policy_seed_50_game_1_day_vote,50,1,speech_and_herding_policy,regime_speech_and_herding_policy_seed_50_base_1,regime_speech_and_herding_policy_seed_50_base_1,regime_speech_and_herding_policy_seed_50_base_1,validation,A_in_distribution,1,day,day_vote,1,village,seer,3,1,1,suspicion_based,3,1,0,1,0,0,1,0,1,10,0,0,0.28500000000000003,0,0,0.0,0.3,0,0,0,0,0,1,0,0,0.0,0.3,0,0,0,0,0,0,0,0,0,0,0.5,0,0,0.0,3,0,1,2,0.0,0,0,0,0,0,0.3,1.425,villager,0,0,,,0.3333333333333333,0.2857142857142857,0.18442777839082938,0.0,0.2380952380952381,7,"{""baseline_rule_policy"": 1.0, ""deception_enabled_policy"": 0.0, ""mixed_rule_policy"": 0.0, ""randomized_legal_policy"": 1.0, ""risk_heterogeneous_policy"": 0.0, ""seat_order_neutral_policy"": 0.0, ""speech_and_herding_policy"": 0.0}",4,2,0.14285714285714285
dc5a799cdd54c51616c909f37ea4abc27b18b6777f45bc2240ce1003a846af70,08ac78ed0f6cfc72b3b113571fdd204d4bdbd4ac62f8e4a5f7227adb01ba0d24,speech_and_herding_policy_seed_50_game_1_day_vote,50,1,speech_and_herding_policy,regime_speech_and_herding_policy_seed_50_base_1,regime_speech_and_herding_policy_seed_50_base_1,regime_speech_and_herding_policy_seed_50_base_1,validation,A_in_distribution,1,day,day_vote,1,village,seer,10,1,0,suspicion_based,3,1,0,1,0,0,1,0,1,10,0,0,0.28500000000000003,0,0,0.0,0.3,0,0,0,0,0,1,0,0,0.0,0.3,0,0,0,0,0,0,0,0,0,0,0.5,0,0,0.0,10,1,0,1,0.0,0,0,0,0,0,0.3,1.425,villager,0,0,,,0.3333333333333333,0.0,0.0,0.0,0.0,7,"{""baseline_rule_policy"": 0.0, ""deception_enabled_policy"": 0.0, ""mixed_rule_policy"": 0.0, ""randomized_legal_policy"": 0.0, ""risk_heterogeneous_policy"": 0.0, ""seat_order_neutral_policy"": 0.0, ""speech_and_herding_policy"": 0.0}",4,4,0.14285714285714285
dc5a799cdd54c51616c909f37ea4abc27b18b6777f45bc2240ce1003a846af70,08ac78ed0f6cfc72b3b113571fdd204d4bdbd4ac62f8e4a5f7227adb01ba0d24,speech_and_herding_policy_seed_50_game_1_day_vote,50,1,speech_and_herding_policy,regime_speech_and_herding_policy_seed_50_base_1,regime_speech_and_herding_policy_seed_50_base_1,regime_speech_and_herding_policy_seed_50_base_1,validation,A_in_distribution,1,day,day_vote,1,village,seer,6,1,0,suspicion_based,3,1,0,1,0,0,1,0,1,10,0,0,0.28500000000000003,0,0,0.0,0.3,0,0,0,0,0,1,0,0,0.0,0.3,0,0,0,0,0,0,0,0,0,0,0.5,0,0,0.0,6,1,0,5,0.0,0,0,0,0,0,0.3,1.425,villager,0,0,,,0.3333333333333333,0.14285714285714285,0.14285714285714288,0.0,0.14285714285714288,7,"{""baseline_rule_policy"": 0.0, ""deception_enabled_policy"": 0.0, ""mixed_rule_policy"": 0.0, ""randomized_legal_policy"": 1.0, ""risk_heterogeneous_policy"": 0.0, ""seat_order_neutral_policy"": 0.0, ""speech_and_herding_policy"": 0.0}",4,3,0.14285714285714285
dc5a799cdd54c51616c909f37ea4abc27b18b6777f45bc2240ce1003a846af70,08ac78ed0f6cfc72b3b113571fdd204d4bdbd4ac62f8e4a5f7227adb01ba0d24,speech_and_herding_policy_seed_50_game_1_day_vote,50,1,speech_and_herding_policy,regime_speech_and_herding_policy_seed_50_base_1,regime_speech_and_herding_policy_seed_50_base_1,regime_speech_and_herding_policy_seed_50_base_1,validation,A_in_distribution,1,day,day_vote,1,village,seer,4,1,0,suspicion_based,3,1,0,1,0,0,1,0,1,10,0,0,0.28500000000000003,0,0,0.0,0.3,0,0,0,0,0,1,-1,0,0.0,0.15,0,0,0,0,0,0,0,0,0,0,0.5,0,0,0.0,4,0,1,3,0.0,0,0,1,0,0,0.15,1.4625,witch,0,1,,,1.0,0.42857142857142855,0.20203050891044214,0.0,0.2857142857142857,7,"{""baseline_rule_policy"": 1.0, ""deception_enabled_policy"": 1.0, ""mixed_rule_policy"": 0.0, ""randomized_legal_policy"": 0.0, ""risk_heterogeneous_policy"": 0.0, ""seat_order_neutral_policy"": 0.0, ""speech_and_herding_policy"": 1.0}",4,1,0.14285714285714285
29ac27a4169a8aa95a74b07e828222aa85987873a3948069bf8d30f6f376a00b,013876f83f5c05626fc5018b98d758e2f4e8a2d3d6ecd38dba38c79bf38c529b,speech_and_herding_policy_seed_50_game_2_day_vote,50,2,speech_and_herding_policy,regime_speech_and_herding_policy_seed_50_base_2,regime_speech_and_herding_policy_seed_50_base_2,regime_speech_and_herding_policy_seed_50_base_2,validation,A_in_distribution,1,day,day_vote,1,village,witch,9,1,1,suspicion_based,9,1,0,1,0,0,1,0,1,8,2,2,0.303,0,2,0.0,0.3,0,0,0,0,0,1,0,0,0.0,0.3,0,0,0,0,0,0,0,0,0,0,0.5,0,0,0.0,9,0,0,2,0.0,0,0,0,0,0,0.3,1.425,villager,0,0,,,0.0,0.0,0.0,0.0,0.0,7,"{""baseline_rule_policy"": 0.0, ""deception_enabled_policy"": 0.0, ""mixed_rule_policy"": 0.0, ""randomized_legal_policy"": 0.0, ""risk_heterogeneous_policy"": 0.0, ""seat_order_neutral_policy"": 0.0, ""speech_and_herding_policy"": 0.0}",3,4,0.5714285714285714
29ac27a4169a8aa95a74b07e828222aa85987873a3948069bf8d30f6f376a00b,013876f83f5c05626fc5018b98d758e2f4e8a2d3d6ecd38dba38c79bf38c529b,speech_and_herding_policy_seed_50_game_2_day_vote,50,2,speech_and_herding_policy,regime_speech_and_herding_policy_seed_50_base_2,regime_speech_and_herding_policy_seed_50_base_2,regime_speech_and_herding_policy_seed_50_base_2,validation,A_in_distribution,1,day,day_vote,1,village,witch,10,1,0,suspicion_based,9,1,0,1,0,0,1,0,1,8,2,2,0.303,0,2,0.0,0.3,0,0,0,0,0,1,0,0,0.0,0.3,0,0,0,0,0,0,0,0,0,0,0.5,0,0,0.0,10,1,0,1,0.0,0,0,0,0,0,0.3,1.425,werewolf,1,0,,,0.3333333333333333,0.14285714285714285,0.14285714285714288,0.0,0.14285714285714288,7,"{""baseline_rule_policy"": 0.0, ""deception_enabled_policy"": 0.0, ""mixed_rule_policy"": 0.0, ""randomized_legal_policy"": 0.0, ""risk_heterogeneous_policy"": 1.0, ""seat_order_neutral_policy"": 0.0, ""speech_and_herding_policy"": 0.0}",3,3,0.5714285714285714
29ac27a4169a8aa95a74b07e828222aa85987873a3948069bf8d30f6f376a00b,013876f83f5c05626fc5018b98d758e2f4e8a2d3d6ecd38dba38c79bf38c529b,speech_and_herding_policy_seed_50_game_2_day_vote,50,2,speech_and_herding_policy,regime_speech_and_herding_policy_seed_50_base_2,regime_speech_and_herding_policy_seed_50_base_2,regime_speech_and_herding_policy_seed_50_base_2,validation,A_in_distribution,1,day,day_vote,1,village,witch,3,1,0,suspicion_based,9,1,0,1,0,0,1,0,1,8,2,2,0.303,0,2,0.0,0.3,0,0,0,0,0,1,0,0,0.0,0.3,0,0,0,0,0,0,0,0,0,0,0.5,0,0,0.0,3,0,1,2,0.0,0,0,0,0,0,0.3,1.425,villager,0,0,,,1.0,0.5714285714285714,0.20203050891044216,0.0,0.28571428571428575,7,"{""baseline_rule_policy"": 0.0, ""deception_enabled_policy"": 0.0, ""mixed_rule_policy"": 1.0, ""randomized_legal_policy"": 0.0, ""risk_heterogeneous_policy"": 1.0, ""seat_order_neutral_policy"": 1.0, ""speech_and_herding_policy"": 1.0}",3,1,0.5714285714285714
29ac27a4169a8aa95a74b07e828222aa85987873a3948069bf8d30f6f376a00b,013876f83f5c05626fc5018b98d758e2f4e8a2d3d6ecd38dba38c79bf38c529b,speech_and_herding_policy_seed_50_game_2_day_vote,50,2,speech_and_herding_policy,regime_speech_and_herding_policy_seed_50_base_2,regime_speech_and_herding_policy_seed_50_base_2,regime_speech_and_herding_policy_seed_50_base_2,validation,A_in_distribution,1,day,day_vote,1,village,witch,8,1,0,suspicion_based,9,1,0,1,0,0,1,0,1,8,2,2,0.303,0,2,0.0,0.3,0,0,0,0,0,1,0,0,0.0,0.3,0,0,0,0,0,0,0,0,0,0,0.5,0,0,0.0,8,0,0,3,0.0,0,0,0,0,0,0.3,1.425,villager,0,0,,,0.3333333333333333,0.42857142857142855,0.20203050891044214,0.0,0.2857142857142857,7,"{""baseline_rule_policy"": 1.0, ""deception_enabled_policy"": 0.0, ""mixed_rule_policy"": 1.0, ""randomized_legal_policy"": 0.0, ""risk_heterogeneous_policy"": 0.0, ""seat_order_neutral_policy"": 0.0, ""speech_and_herding_policy"": 1.0}",3,2,0.5714285714285714
4f1fdd2e56e8f830a2806898b4d308a1207f739a8ada1cc2be33c345d58a81c6,572383bc6ca0d46bd2ab0d60e11dd0cc02684960bd46ab85ea5cefe60f2c9874,speech_and_herding_policy_seed_52_game_1_day_vote,52,1,speech_and_herding_policy,regime_speech_and_herding_policy_seed_52_base_1,regime_speech_and_herding_policy_seed_52_base_1,regime_speech_and_herding_policy_seed_52_base_1,final_test,B_unseen_seed,1,day,day_vote,1,village,witch,9,1,1,suspicion_based,9,1,0,1,0,0,1,0,1,10,0,0,0.28500000000000003,0,0,0.0,0.3,0,0,0,0,0,1,0,0,0.0,0.3,0,0,0,0,0,0,0,0,0,0,0.5,0,0,0.0,9,0,0,2,0.0,0,0,0,0,0,0.3,1.425,werewolf,1,0,,,0.6666666666666666,0.42857142857142855,0.20203050891044214,0.0,0.2857142857142857,7,"{""baseline_rule_policy"": 1.0, ""deception_enabled_policy"": 1.0, ""mixed_rule_policy"": 1.0, ""randomized_legal_policy"": 0.0, ""risk_heterogeneous_policy"": 0.0, ""seat_order_neutral_policy"": 0.0, ""speech_and_herding_policy"": 0.0}",10,1,0.0
4f1fdd2e56e8f830a2806898b4d308a1207f739a8ada1cc2be33c345d58a81c6,572383bc6ca0d46bd2ab0d60e11dd0cc02684960bd46ab85ea5cefe60f2c9874,speech_and_herding_policy_seed_52_game_1_day_vote,52,1,speech_and_herding_policy,regime_speech_and_herding_policy_seed_52_base_1,regime_speech_and_herding_policy_seed_52_base_1,regime_speech_and_herding_policy_seed_52_base_1,final_test,B_unseen_seed,1,day,day_vote,1,village,witch,2,1,0,suspicion_based,9,1,0,1,0,0,1,0,1,10,0,0,0.28500000000000003,0,0,0.0,0.3,0,0,0,0,0,1,0,0,0.0,0.3,0,0,0,0,0,0,0,0,0,0,0.5,0,0,0.0,2,0,1,1,0.0,0,0,0,0,0,0.3,1.425,villager,0,0,,,0.0,0.14285714285714285,0.14285714285714288,0.0,0.14285714285714288,7,"{""baseline_rule_policy"": 0.0, ""deception_enabled_policy"": 0.0, ""mixed_rule_policy"": 0.0, ""randomized_legal_policy"": 0.0, ""risk_heterogeneous_policy"": 0.0, ""seat_order_neutral_policy"": 0.0, ""speech_and_herding_policy"": 1.0}",10,4,0.0
4f1fdd2e56e8f830a2806898b4d308a1207f739a8ada1cc2be33c345d58a81c6,572383bc6ca0d46bd2ab0d60e11dd0cc02684960bd46ab85ea5cefe60f2c9874,speech_and_herding_policy_seed_52_game_1_day_vote,52,1,speech_and_herding_policy,regime_speech_and_herding_policy_seed_52_base_1,regime_speech_and_herding_policy_seed_52_base_1,regime_speech_and_herding_policy_seed_52_base_1,final_test,B_unseen_seed,1,day,day_vote,1,village,witch,10,1,0,suspicion_based,9,1,0,1,0,0,1,0,1,10,0,0,0.28500000000000003,0,0,0.0,0.3,0,0,0,0,0,1,0,0,0.0,0.15,0,0,0,0,0,0,0,0,0,0,0.5,0,0,0.0,10,1,0,1,0.0,0,0,0,0,0,0.15,1.4625,hunter,0,1,,,0.0,0.42857142857142855,0.20203050891044214,0.0,0.2857142857142857,7,"{""baseline_rule_policy"": 0.0, ""deception_enabled_policy"": 1.0, ""mixed_rule_policy"": 1.0, ""randomized_legal_policy"": 1.0, ""risk_heterogeneous_policy"": 0.0, ""seat_order_neutral_policy"": 0.0, ""speech_and_herding_policy"": 0.0}",10,1,0.0
4f1fdd2e56e8f830a2806898b4d308a1207f739a8ada1cc2be33c345d58a81c6,572383bc6ca0d46bd2ab0d60e11dd0cc02684960bd46ab85ea5cefe60f2c9874,speech_and_herding_policy_seed_52_game_1_day_vote,52,1,speech_and_herding_policy,regime_speech_and_herding_policy_seed_52_base_1,regime_speech_and_herding_policy_seed_52_base_1,regime_speech_and_herding_policy_seed_52_base_1,final_test,B_unseen_seed,1,day,day_vote,1,village,witch,8,1,0,suspicion_based,9,1,0,1,0,0,1,0,1,10,0,0,0.28500000000000003,0,0,0.0,0.3,0,0,0,0,0,1,0,0,0.0,0.3,0,0,0,0,0,0,0,0,0,0,0.5,0,0,0.0,8,0,0,3,0.0,0,0,0,0,0,0.3,1.425,seer,0,1,,,0.0,0.42857142857142855,0.20203050891044214,0.0,0.2857142857142857,7,"{""baseline_rule_policy"": 0.0, ""deception_enabled_policy"": 0.0, ""mixed_rule_policy"": 1.0, ""randomized_legal_policy"": 1.0, ""risk_heterogeneous_policy"": 0.0, ""seat_order_neutral_policy"": 1.0, ""speech_and_herding_policy"": 0.0}",10,1,0.0
a0bdec93d7647925ef42a2c250fb61cd2adce654e7539d75bed9a6b2c38d4cee,8a36662d1d54ff8e915c492663ba6b2d152f00c55df53edde477788289af124b,speech_and_herding_policy_seed_52_game_2_day_vote,52,2,speech_and_herding_policy,regime_speech_and_herding_policy_seed_52_base_2,regime_speech_and_herding_policy_seed_52_base_2,regime_speech_and_herding_policy_seed_52_base_2,final_test,B_unseen_seed,1,day,day_vote,2,village,villager,9,1,1,suspicion_based,9,1,0,1,0,0,1,0,1,9,1,1,0.28500000000000003,0,1,0.0,0.3,0,0,0,0,0,1,0,0,0.0,0.3,0,0,0,0,0,0,0,0,0,0,0.5,0,0,0.0,9,0,0,3,0.0,0,0,0,0,0,0.3,1.425,villager,0,0,,,0.3333333333333333,0.0,0.0,0.0,0.0,7,"{""baseline_rule_policy"": 0.0, ""deception_enabled_policy"": 0.0, ""mixed_rule_policy"": 0.0, ""randomized_legal_policy"": 0.0, ""risk_heterogeneous_policy"": 0.0, ""seat_order_neutral_policy"": 0.0, ""speech_and_herding_policy"": 0.0}",3,2,0.2857142857142857
a0bdec93d7647925ef42a2c250fb61cd2adce654e7539d75bed9a6b2c38d4cee,8a36662d1d54ff8e915c492663ba6b2d152f00c55df53edde477788289af124b,speech_and_herding_policy_seed_52_game_2_day_vote,52,2,speech_and_herding_policy,regime_speech_and_herding_policy_seed_52_base_2,regime_speech_and_herding_policy_seed_52_base_2,regime_speech_and_herding_policy_seed_52_base_2,final_test,B_unseen_seed,1,day,day_vote,2,village,villager,3,1,0,suspicion_based,9,1,0,1,0,0,1,0,1,9,1,1,0.28500000000000003,0,1,0.0,0.3,0,0,0,0,0,1,0,0,0.0,0.3,0,0,0,0,0,0,0,0,0,0,0.5,0,0,0.0,3,0,1,1,0.0,0,0,0,0,0,0.3,1.425,villager,0,0,,,1.0,0.2857142857142857,0.18442777839082938,0.0,0.2380952380952381,7,"{""baseline_rule_policy"": 0.0, ""deception_enabled_policy"": 0.0, ""mixed_rule_policy"": 0.0, ""randomized_legal_policy"": 1.0, ""risk_heterogeneous_policy"": 0.0, ""seat_order_neutral_policy"": 0.0, ""speech_and_herding_policy"": 1.0}",3,1,0.2857142857142857
a0bdec93d7647925ef42a2c250fb61cd2adce654e7539d75bed9a6b2c38d4cee,8a36662d1d54ff8e915c492663ba6b2d152f00c55df53edde477788289af124b,speech_and_herding_policy_seed_52_game_2_day_vote,52,2,speech_and_herding_policy,regime_speech_and_herding_policy_seed_52_base_2,regime_speech_and_herding_policy_seed_52_base_2,regime_speech_and_herding_policy_seed_52_base_2,final_test,B_unseen_seed,1,day,day_vote,2,village,villager,10,1,0,suspicion_based,9,1,0,1,0,0,1,0,1,9,1,1,0.28500000000000003,0,1,0.0,0.3,0,0,0,0,0,1,0,0,0.0,0.15,0,0,0,0,0,0,0,0,0,0,0.5,0,0,0.0,10,1,0,2,0.0,0,0,0,0,0,0.15,1.4625,hunter,0,1,,,0.0,0.0,0.0,0.0,0.0,7,"{""baseline_rule_policy"": 0.0, ""deception_enabled_policy"": 0.0, ""mixed_rule_policy"": 0.0, ""randomized_legal_policy"": 0.0, ""risk_heterogeneous_policy"": 0.0, ""seat_order_neutral_policy"": 0.0, ""speech_and_herding_policy"": 0.0}",3,2,0.2857142857142857
a0bdec93d7647925ef42a2c250fb61cd2adce654e7539d75bed9a6b2c38d4cee,8a36662d1d54ff8e915c492663ba6b2d152f00c55df53edde477788289af124b,speech_and_herding_policy_seed_52_game_2_day_vote,52,2,speech_and_herding_policy,regime_speech_and_herding_policy_seed_52_base_2,regime_speech_and_herding_policy_seed_52_base_2,regime_speech_and_herding_policy_seed_52_base_2,final_test,B_unseen_seed,1,day,day_vote,2,village,villager,8,1,0,suspicion_based,9,1,0,1,0,0,1,0,1,9,1,1,0.28500000000000003,0,1,0.0,0.3,0,0,0,0,0,1,0,0,0.0,0.3,0,0,0,0,0,0,0,0,0,0,0.5,0,0,0.0,8,0,0,4,0.0,0,0,0,0,0,0.3,1.425,villager,0,0,,,0.6666666666666666,0.0,0.0,0.0,0.0,7,"{""baseline_rule_policy"": 0.0, ""deception_enabled_policy"": 0.0, ""mixed_rule_policy"": 0.0, ""randomized_legal_policy"": 0.0, ""risk_heterogeneous_policy"": 0.0, ""seat_order_neutral_policy"": 0.0, ""speech_and_herding_policy"": 0.0}",3,2,0.2857142857142857
f46e85b4a6b174227f2a1ba30b8b2ea38a4092ee846cb87c68ed5e8249796a74,fef969eb1cf421db66f44680c96a3400f0cb22648cfc3c096407fe7f95a6c156,speech_and_herding_policy_seed_53_game_1_day_vote,53,1,speech_and_herding_policy,regime_speech_and_herding_policy_seed_53_base_1,regime_speech_and_herding_policy_seed_53_base_1,regime_speech_and_herding_policy_seed_53_base_1,final_test,B_unseen_seed,1,day,day_vote,1,village,villager,9,1,1,suspicion_based,9,1,0,1,0,0,1,0,1,10,0,0,0.28500000000000003,0,0,0.0,0.15,0,0,0,0,0,1,0,0,0.0,0.3,0,0,0,0,0,0,0,0,0,0,0.5,0,0,0.0,9,0,0,2,0.0,0,0,0,0,0,0.3,1.425,werewolf,1,0,,,1.0,0.2857142857142857,0.18442777839082938,0.0,0.2380952380952381,7,"{""baseline_rule_policy"": 0.0, ""deception_enabled_policy"": 0.0, ""mixed_rule_policy"": 1.0, ""randomized_legal_policy"": 0.0, ""risk_heterogeneous_policy"": 0.0, ""seat_order_neutral_policy"": 0.0, ""speech_and_herding_policy"": 1.0}",10,3,0.2857142857142857
f46e85b4a6b174227f2a1ba30b8b2ea38a4092ee846cb87c68ed5e8249796a74,fef969eb1cf421db66f44680c96a3400f0cb22648cfc3c096407fe7f95a6c156,speech_and_herding_policy_seed_53_game_1_day_vote,53,1,speech_and_herding_policy,regime_speech_and_herding_policy_seed_53_base_1,regime_speech_and_herding_policy_seed_53_base_1,regime_speech_and_herding_policy_seed_53_base_1,final_test,B_unseen_seed,1,day,day_vote,1,village,villager,10,1,0,suspicion_based,9,1,0,1,0,0,1,0,1,10,0,0,0.28500000000000003,0,0,0.0,0.15,0,0,0,0,0,1,0,0,0.0,0.3,0,0,0,0,0,0,0,0,0,0,0.5,0,0,0.0,10,1,0,1,0.0,0,0,0,0,0,0.3,1.425,werewolf,1,0,,,0.6666666666666666,0.5714285714285714,0.20203050891044216,0.0,0.28571428571428575,7,"{""baseline_rule_policy"": 0.0, ""deception_enabled_policy"": 1.0, ""mixed_rule_policy"": 1.0, ""randomized_legal_policy"": 1.0, ""risk_heterogeneous_policy"": 0.0, ""seat_order_neutral_policy"": 0.0, ""speech_and_herding_policy"": 1.0}",10,1,0.2857142857142857
f46e85b4a6b174227f2a1ba30b8b2ea38a4092ee846cb87c68ed5e8249796a74,fef969eb1cf421db66f44680c96a3400f0cb22648cfc3c096407fe7f95a6c156,speech_and_herding_policy_seed_53_game_1_day_vote,53,1,speech_and_herding_policy,regime_speech_and_herding_policy_seed_53_base_1,regime_speech_and_herding_policy_seed_53_base_1,regime_speech_and_herding_policy_seed_53_base_1,final_test,B_unseen_seed,1,day,day_vote,1,village,villager,8,1,0,suspicion_based,9,1,0,1,0,0,1,0,1,10,0,0,0.28500000000000003,0,0,0.0,0.15,0,0,0,0,0,1,0,0,0.0,0.3,0,0,0,0,0,0,0,0,0,0,0.5,0,0,0.0,8,0,0,3,0.0,0,0,0,0,0,0.3,1.425,hunter,0,1,,,0.0,0.0,0.0,0.0,0.0,7,"{""baseline_rule_policy"": 0.0, ""deception_enabled_policy"": 0.0, ""mixed_rule_policy"": 0.0, ""randomized_legal_policy"": 0.0, ""risk_heterogeneous_policy"": 0.0, ""seat_order_neutral_policy"": 0.0, ""speech_and_herding_policy"": 0.0}",10,4,0.2857142857142857
f46e85b4a6b174227f2a1ba30b8b2ea38a4092ee846cb87c68ed5e8249796a74,fef969eb1cf421db66f44680c96a3400f0cb22648cfc3c096407fe7f95a6c156,speech_and_herding_policy_seed_53_game_1_day_vote,53,1,speech_and_herding_policy,regime_speech_and_herding_policy_seed_53_base_1,regime_speech_and_herding_policy_seed_53_base_1,regime_speech_and_herding_policy_seed_53_base_1,final_test,B_unseen_seed,1,day,day_vote,1,village,villager,5,1,0,suspicion_based,9,1,0,1,0,0,1,0,1,10,0,0,0.28500000000000003,0,0,0.0,0.15,0,0,0,0,0,1,0,0,0.0,0.3,0,0,0,0,0,0,0,0,0,0,0.5,0,0,0.0,5,1,1,4,0.0,0,0,0,0,0,0.3,1.425,werewolf,1,0,,,0.6666666666666666,0.42857142857142855,0.20203050891044214,0.0,0.2857142857142857,7,"{""baseline_rule_policy"": 0.0, ""deception_enabled_policy"": 0.0, ""mixed_rule_policy"": 1.0, ""randomized_legal_policy"": 0.0, ""risk_heterogeneous_policy"": 0.0, ""seat_order_neutral_policy"": 1.0, ""speech_and_herding_policy"": 1.0}",10,2,0.2857142857142857
1eb59aeecbd609820e22ae6c5ec6eb1fa8d6651269d792ad271a12bf441101f1,e0fd033d0d10827a47a5b2603d7536f83401471ac92aea27231d8461bed2f0f3,speech_and_herding_policy_seed_53_game_2_day_vote,53,2,speech_and_herding_policy,regime_speech_and_herding_policy_seed_53_base_2,regime_speech_and_herding_policy_seed_53_base_2,regime_speech_and_herding_policy_seed_53_base_2,final_test,B_unseen_seed,1,day,day_vote,1,village,hunter,2,1,1,suspicion_based,2,1,0,1,0,0,1,0,1,10,0,0,0.315,0,0,0.0,0.3,0,0,0,0,0,1,0,0,0.25,0.55,0,0,0,0,0,0,0,0,0,0,0.5,0,0,0.0,2,0,1,1,0.0,0,0,0,0,0,0.44999999999999996,1.3,werewolf,1,0,,,0.3333333333333333,0.42857142857142855,0.20203050891044214,0.0,0.2857142857142857,7,"{""baseline_rule_policy"": 1.0, ""deception_enabled_policy"": 0.0, ""mixed_rule_policy"": 0.0, ""randomized_legal_policy"": 1.0, ""risk_heterogeneous_policy"": 1.0, ""seat_order_neutral_policy"": 0.0, ""speech_and_herding_policy"": 0.0}",2,1,0.0
1eb59aeecbd609820e22ae6c5ec6eb1fa8d6651269d792ad271a12bf441101f1,e0fd033d0d10827a47a5b2603d7536f83401471ac92aea27231d8461bed2f0f3,speech_and_herding_policy_seed_53_game_2_day_vote,53,2,speech_and_herding_policy,regime_speech_and_herding_policy_seed_53_base_2,regime_speech_and_herding_policy_seed_53_base_2,regime_speech_and_herding_policy_seed_53_base_2,final_test,B_unseen_seed,1,day,day_vote,1,village,hunter,9,1,0,suspicion_based,2,1,0,1,0,0,1,0,1,10,0,0,0.315,0,0,0.0,0.3,0,0,0,0,0,1,0,0,0.0,0.3,0,0,0,0,0,0,0,0,0,0,0.5,0,0,0.0,9,0,0,2,0.0,0,0,0,0,0,0.3,1.425,werewolf,1,0,,,0.6666666666666666,0.42857142857142855,0.20203050891044214,0.0,0.2857142857142857,7,"{""baseline_rule_policy"": 1.0, ""deception_enabled_policy"": 1.0, ""mixed_rule_policy"": 0.0, ""randomized_legal_policy"": 1.0, ""risk_heterogeneous_policy"": 0.0, ""seat_order_neutral_policy"": 0.0, ""speech_and_herding_policy"": 0.0}",2,1,0.0
1eb59aeecbd609820e22ae6c5ec6eb1fa8d6651269d792ad271a12bf441101f1,e0fd033d0d10827a47a5b2603d7536f83401471ac92aea27231d8461bed2f0f3,speech_and_herding_policy_seed_53_game_2_day_vote,53,2,speech_and_herding_policy,regime_speech_and_herding_policy_seed_53_base_2,regime_speech_and_herding_policy_seed_53_base_2,regime_speech_and_herding_policy_seed_53_base_2,final_test,B_unseen_seed,1,day,day_vote,1,village,hunter,7,1,0,suspicion_based,2,1,0,1,0,0,1,0,1,10,0,0,0.315,0,0,0.0,0.3,0,0,0,0,0,1,0,0,0.0,0.3,0,0,0,0,0,0,0,0,0,0,0.5,0,0,0.0,7,0,0,4,0.0,0,0,0,0,0,0.3,1.425,villager,0,0,,,0.3333333333333333,0.14285714285714285,0.14285714285714288,0.0,0.14285714285714288,7,"{""baseline_rule_policy"": 0.0, ""deception_enabled_policy"": 0.0, ""mixed_rule_policy"": 0.0, ""randomized_legal_policy"": 1.0, ""risk_heterogeneous_policy"": 0.0, ""seat_order_neutral_policy"": 0.0, ""speech_and_herding_policy"": 0.0}",2,3,0.0
1eb59aeecbd609820e22ae6c5ec6eb1fa8d6651269d792ad271a12bf441101f1,e0fd033d0d10827a47a5b2603d7536f83401471ac92aea27231d8461bed2f0f3,speech_and_herding_policy_seed_53_game_2_day_vote,53,2,speech_and_herding_policy,regime_speech_and_herding_policy_seed_53_base_2,regime_speech_and_herding_policy_seed_53_base_2,regime_speech_and_herding_policy_seed_53_base_2,final_test,B_unseen_seed,1,day,day_vote,1,village,hunter,10,1,0,suspicion_based,2,1,0,1,0,0,1,0,1,10,0,0,0.315,0,0,0.0,0.3,0,0,0,0,0,1,0,0,0.0,0.3,0,0,0,0,0,0,0,0,0,0,0.5,0,0,0.0,10,1,0,1,0.0,0,0,0,0,0,0.3,1.425,villager,0,0,,,0.0,0.14285714285714285,0.14285714285714288,0.0,0.14285714285714288,7,"{""baseline_rule_policy"": 0.0, ""deception_enabled_policy"": 0.0, ""mixed_rule_policy"": 0.0, ""randomized_legal_policy"": 1.0, ""risk_heterogeneous_policy"": 0.0, ""seat_order_neutral_policy"": 0.0, ""speech_and_herding_policy"": 0.0}",2,3,0.0
94257c02a38d741264a37ea919ff19feb998fc1dd1cae2abc7e666cdfcd03d21,d7c5b423163698d0bfdc8b7106becc59ae3eb89d224c168d8cdd564a78dccdcb,deception_enabled_policy_seed_42_game_1_day_vote,42,1,deception_enabled_policy,regime_deception_enabled_policy_seed_42_base_1,regime_deception_enabled_policy_seed_42_base_1,regime_deception_enabled_policy_seed_42_base_1,ood_test,C_out_of_distribution,1,day,day_vote,1,village,villager,9,1,1,suspicion_based,9,1,0,1,0,0,1,0,1,8,2,2,0.303,0,2,0.0,0.3,0,0,0,0,0,1,0,0,0.0,0.3,0,0,0,0,0,0,0,0,0,0,0.5,0,0,0.0,9,0,0,2,0.0,0,0,0,0,0,0.3,1.425,witch,0,1,,,0.0,0.2857142857142857,0.18442777839082938,0.0,0.2380952380952381,7,"{""baseline_rule_policy"": 0.0, ""deception_enabled_policy"": 0.0, ""mixed_rule_policy"": 0.0, ""randomized_legal_policy"": 1.0, ""risk_heterogeneous_policy"": 0.0, ""seat_order_neutral_policy"": 0.0, ""speech_and_herding_policy"": 1.0}",5,1,0.0
94257c02a38d741264a37ea919ff19feb998fc1dd1cae2abc7e666cdfcd03d21,d7c5b423163698d0bfdc8b7106becc59ae3eb89d224c168d8cdd564a78dccdcb,deception_enabled_policy_seed_42_game_1_day_vote,42,1,deception_enabled_policy,regime_deception_enabled_policy_seed_42_base_1,regime_deception_enabled_policy_seed_42_base_1,regime_deception_enabled_policy_seed_42_base_1,ood_test,C_out_of_distribution,1,day,day_vote,1,village,villager,10,1,0,suspicion_based,9,1,0,1,0,0,1,0,1,8,2,2,0.303,0,2,0.0,0.3,0,0,0,0,0,1,0,0,0.0,0.3,0,0,0,0,0,0,0,0,0,0,0.5,0,0,0.0,10,1,0,1,0.0,0,0,0,0,0,0.3,1.425,hunter,0,1,,,0.0,0.14285714285714285,0.14285714285714288,0.0,0.14285714285714288,7,"{""baseline_rule_policy"": 0.0, ""deception_enabled_policy"": 1.0, ""mixed_rule_policy"": 0.0, ""randomized_legal_policy"": 0.0, ""risk_heterogeneous_policy"": 0.0, ""seat_order_neutral_policy"": 0.0, ""speech_and_herding_policy"": 0.0}",5,4,0.0
94257c02a38d741264a37ea919ff19feb998fc1dd1cae2abc7e666cdfcd03d21,d7c5b423163698d0bfdc8b7106becc59ae3eb89d224c168d8cdd564a78dccdcb,deception_enabled_policy_seed_42_game_1_day_vote,42,1,deception_enabled_policy,regime_deception_enabled_policy_seed_42_base_1,regime_deception_enabled_policy_seed_42_base_1,regime_deception_enabled_policy_seed_42_base_1,ood_test,C_out_of_distribution,1,day,day_vote,1,village,villager,5,1,0,suspicion_based,9,1,0,1,0,0,1,0,1,8,2,2,0.303,0,2,0.0,0.3,0,0,0,0,0,1,0,0,0.0,0.3,0,0,0,0,0,0,0,0,0,0,0.5,0,0,0.0,5,1,1,4,0.0,0,0,0,0,0,0.3,1.425,villager,0,0,,,0.6666666666666666,0.2857142857142857,0.18442777839082938,0.0,0.2380952380952381,7,"{""baseline_rule_policy"": 0.0, ""deception_enabled_policy"": 1.0, ""mixed_rule_policy"": 0.0, ""randomized_legal_policy"": 0.0, ""risk_heterogeneous_policy"": 0.0, ""seat_order_neutral_policy"": 1.0, ""speech_and_herding_policy"": 0.0}",5,1,0.0
94257c02a38d741264a37ea919ff19feb998fc1dd1cae2abc7e666cdfcd03d21,d7c5b423163698d0bfdc8b7106becc59ae3eb89d224c168d8cdd564a78dccdcb,deception_enabled_policy_seed_42_game_1_day_vote,42,1,deception_enabled_policy,regime_deception_enabled_policy_seed_42_base_1,regime_deception_enabled_policy_seed_42_base_1,regime_deception_enabled_policy_seed_42_base_1,ood_test,C_out_of_distribution,1,day,day_vote,1,village,villager,7,1,0,suspicion_based,9,1,0,1,0,0,1,0,1,8,2,2,0.303,0,2,0.0,0.3,0,0,0,0,0,1,0,0,0.0,0.3,0,0,0,0,0,0,0,0,0,0,0.5,0,0,0.0,7,0,0,4,0.0,0,0,0,0,0,0.3,1.425,villager,0,0,,,0.3333333333333333,0.2857142857142857,0.18442777839082938,0.0,0.2380952380952381,7,"{""baseline_rule_policy"": 0.0, ""deception_enabled_policy"": 1.0, ""mixed_rule_policy"": 0.0, ""randomized_legal_policy"": 0.0, ""risk_heterogeneous_policy"": 0.0, ""seat_order_neutral_policy"": 0.0, ""speech_and_herding_policy"": 1.0}",5,1,0.0
927a419886e7b7e17de82f843471e7502762d79c0ed36289912a9c383a423584,76c80d09ab49efd7f6c05ac7b1d06bddfe8cca748cf5286e141d299c09101a6d,deception_enabled_policy_seed_42_game_2_day_vote,42,2,deception_enabled_policy,regime_deception_enabled_policy_seed_42_base_2,regime_deception_enabled_policy_seed_42_base_2,regime_deception_enabled_policy_seed_42_base_2,ood_test,C_out_of_distribution,1,day,day_vote,2,village,villager,3,1,1,suspicion_based,3,1,0,1,0,0,1,0,1,9,1,1,0.28500000000000003,0,1,0.0,0.3,0,0,0,0,0,1,0,0,0.0,0.3,0,0,0,0,0,0,0,0,0,0,0.5,0,0,0.0,3,0,1,1,0.0,0,0,0,0,0,0.3,1.425,werewolf,1,0,,,1.0,0.14285714285714285,0.14285714285714288,0.0,0.14285714285714288,7,"{""baseline_rule_policy"": 0.0, ""deception_enabled_policy"": 0.0, ""mixed_rule_policy"": 1.0, ""randomized_legal_policy"": 0.0, ""risk_heterogeneous_policy"": 0.0, ""seat_order_neutral_policy"": 0.0, ""speech_and_herding_policy"": 0.0}",10,4,0.2857142857142857
927a419886e7b7e17de82f843471e7502762d79c0ed36289912a9c383a423584,76c80d09ab49efd7f6c05ac7b1d06bddfe8cca748cf5286e141d299c09101a6d,deception_enabled_policy_seed_42_game_2_day_vote,42,2,deception_enabled_policy,regime_deception_enabled_policy_seed_42_base_2,regime_deception_enabled_policy_seed_42_base_2,regime_deception_enabled_policy_seed_42_base_2,ood_test,C_out_of_distribution,1,day,day_vote,2,village,villager,10,1,0,suspicion_based,3,1,0,1,0,0,1,0,1,9,1,1,0.28500000000000003,0,1,0.0,0.3,0,0,0,0,0,1,0,0,0.0,0.3,0,0,0,0,0,0,0,0,0,0,0.5,0,0,0.0,10,1,0,2,0.0,0,0,0,0,0,0.3,1.425,werewolf,1,0,,,1.0,0.42857142857142855,0.20203050891044214,0.0,0.2857142857142857,7,"{""baseline_rule_policy"": 1.0, ""deception_enabled_policy"": 0.0, ""mixed_rule_policy"": 0.0, ""randomized_legal_policy"": 0.0, ""risk_heterogeneous_policy"": 1.0, ""seat_order_neutral_policy"": 1.0, ""speech_and_herding_policy"": 0.0}",10,1,0.2857142857142857
927a419886e7b7e17de82f843471e7502762d79c0ed36289912a9c383a423584,76c80d09ab49efd7f6c05ac7b1d06bddfe8cca748cf5286e141d299c09101a6d,deception_enabled_policy_seed_42_game_2_day_vote,42,2,deception_enabled_policy,regime_deception_enabled_policy_seed_42_base_2,regime_deception_enabled_policy_seed_42_base_2,regime_deception_enabled_policy_seed_42_base_2,ood_test,C_out_of_distribution,1,day,day_vote,2,village,villager,7,1,0,suspicion_based,3,1,0,1,0,0,1,0,1,9,1,1,0.28500000000000003,0,1,0.0,0.3,0,0,0,0,0,1,0,0,0.0,0.3,0,0,0,0,0,0,0,0,0,0,0.5,0,0,0.0,7,0,0,5,0.0,0,0,0,0,0,0.3,1.425,witch,0,1,,,0.3333333333333333,0.2857142857142857,0.18442777839082938,0.0,0.2380952380952381,7,"{""baseline_rule_policy"": 0.0, ""deception_enabled_policy"": 0.0, ""mixed_rule_policy"": 1.0, ""randomized_legal_policy"": 0.0, ""risk_heterogeneous_policy"": 0.0, ""seat_order_neutral_policy"": 0.0, ""speech_and_herding_policy"": 1.0}",10,3,0.2857142857142857
927a419886e7b7e17de82f843471e7502762d79c0ed36289912a9c383a423584,76c80d09ab49efd7f6c05ac7b1d06bddfe8cca748cf5286e141d299c09101a6d,deception_enabled_policy_seed_42_game_2_day_vote,42,2,deception_enabled_policy,regime_deception_enabled_policy_seed_42_base_2,regime_deception_enabled_policy_seed_42_base_2,regime_deception_enabled_policy_seed_42_base_2,ood_test,C_out_of_distribution,1,day,day_vote,2,village,villager,6,1,0,suspicion_based,3,1,0,1,0,0,1,0,1,9,1,1,0.28500000000000003,0,1,0.0,0.3,0,0,0,0,0,1,0,0,0.0,0.15,0,0,0,0,0,0,0,0,0,0,0.5,0,0,0.0,6,1,0,4,0.0,0,0,0,0,0,0.15,1.4625,villager,0,0,,,0.3333333333333333,0.42857142857142855,0.20203050891044214,0.0,0.2857142857142857,7,"{""baseline_rule_policy"": 1.0, ""deception_enabled_policy"": 0.0, ""mixed_rule_policy"": 1.0, ""randomized_legal_policy"": 0.0, ""risk_heterogeneous_policy"": 0.0, ""seat_order_neutral_policy"": 1.0, ""speech_and_herding_policy"": 0.0}",10,1,0.2857142857142857
8485fad4188d0ce0d60b3521cccd9612b426ad2c62f44e890c2bec277b301059,0f2695d9791c37637d16f21401a13735e50c4593adc76e8470a3f790b1e49f46,deception_enabled_policy_seed_43_game_1_day_vote,43,1,deception_enabled_policy,regime_deception_enabled_policy_seed_43_base_1,regime_deception_enabled_policy_seed_43_base_1,regime_deception_enabled_policy_seed_43_base_1,ood_test,C_out_of_distribution,1,day,day_vote,1,village,villager,3,1,1,suspicion_based,3,1,0,1,0,0,1,0,1,10,0,0,0.28500000000000003,0,0,0.0,0.3,0,0,0,0,0,1,0,0,0.0,0.3,0,0,0,0,0,0,0,0,0,0,0.5,0,0,0.0,3,0,1,2,0.0,0,0,0,0,0,0.3,1.425,seer,0,1,,,0.6666666666666666,0.42857142857142855,0.20203050891044214,0.0,0.2857142857142857,7,"{""baseline_rule_policy"": 1.0, ""deception_enabled_policy"": 0.0, ""mixed_rule_policy"": 0.0, ""randomized_legal_policy"": 1.0, ""risk_heterogeneous_policy"": 0.0, ""seat_order_neutral_policy"": 1.0, ""speech_and_herding_policy"": 0.0}",3,1,0.0
8485fad4188d0ce0d60b3521cccd9612b426ad2c62f44e890c2bec277b301059,0f2695d9791c37637d16f21401a13735e50c4593adc76e8470a3f790b1e49f46,deception_enabled_policy_seed_43_game_1_day_vote,43,1,deception_enabled_policy,regime_deception_enabled_policy_seed_43_base_1,regime_deception_enabled_policy_seed_43_base_1,regime_deception_enabled_policy_seed_43_base_1,ood_test,C_out_of_distribution,1,day,day_vote,1,village,villager,10,1,0,suspicion_based,3,1,0,1,0,0,1,0,1,10,0,0,0.28500000000000003,0,0,0.0,0.3,0,0,0,0,0,1,0,0,0.0,0.3,0,0,0,0,0,0,0,0,0,0,0.5,0,0,0.0,10,1,0,1,0.0,0,0,0,0,0,0.3,1.425,villager,0,0,,,0.0,0.0,0.0,0.0,0.0,7,"{""baseline_rule_policy"": 0.0, ""deception_enabled_policy"": 0.0, ""mixed_rule_policy"": 0.0, ""randomized_legal_policy"": 0.0, ""risk_heterogeneous_policy"": 0.0, ""seat_order_neutral_policy"": 0.0, ""speech_and_herding_policy"": 0.0}",3,4,0.0
8485fad4188d0ce0d60b3521cccd9612b426ad2c62f44e890c2bec277b301059,0f2695d9791c37637d16f21401a13735e50c4593adc76e8470a3f790b1e49f46,deception_enabled_policy_seed_43_game_1_day_vote,43,1,deception_enabled_policy,regime_deception_enabled_policy_seed_43_base_1,regime_deception_enabled_policy_seed_43_base_1,regime_deception_enabled_policy_seed_43_base_1,ood_test,C_out_of_distribution,1,day,day_vote,1,village,villager,4,1,0,suspicion_based,3,1,0,1,0,0,1,0,1,10,0,0,0.28500000000000003,0,0,0.0,0.3,0,0,0,0,0,1,0,0,0.0,0.3,0,0,0,0,0,0,0,0,0,0,0.5,0,0,0.0,4,0,1,3,0.0,0,0,0,0,0,0.3,1.425,werewolf,1,0,,,0.6666666666666666,0.42857142857142855,0.20203050891044214,0.0,0.2857142857142857,7,"{""baseline_rule_policy"": 0.0, ""deception_enabled_policy"": 0.0, ""mixed_rule_policy"": 1.0, ""randomized_legal_policy"": 0.0, ""risk_heterogeneous_policy"": 0.0, ""seat_order_neutral_policy"": 1.0, ""speech_and_herding_policy"": 1.0}",3,1,0.0
8485fad4188d0ce0d60b3521cccd9612b426ad2c62f44e890c2bec277b301059,0f2695d9791c37637d16f21401a13735e50c4593adc76e8470a3f790b1e49f46,deception_enabled_policy_seed_43_game_1_day_vote,43,1,deception_enabled_policy,regime_deception_enabled_policy_seed_43_base_1,regime_deception_enabled_policy_seed_43_base_1,regime_deception_enabled_policy_seed_43_base_1,ood_test,C_out_of_distribution,1,day,day_vote,1,village,villager,5,1,0,suspicion_based,3,1,0,1,0,0,1,0,1,10,0,0,0.28500000000000003,0,0,0.0,0.3,0,0,0,0,0,1,0,0,0.0,0.3,0,0,0,0,0,0,0,0,0,0,0.5,0,0,0.0,5,1,1,4,0.0,0,0,0,0,0,0.3,1.425,villager,0,0,,,0.6666666666666666,0.14285714285714285,0.14285714285714288,0.0,0.14285714285714288,7,"{""baseline_rule_policy"": 0.0, ""deception_enabled_policy"": 0.0, ""mixed_rule_policy"": 1.0, ""randomized_legal_policy"": 0.0, ""risk_heterogeneous_policy"": 0.0, ""seat_order_neutral_policy"": 0.0, ""speech_and_herding_policy"": 0.0}",3,3,0.0
c124e7c6c854ca44c8704ac114eb50c6974f261668e8b782c5b52d5679abc7f5,4c20eb3a541ec0d29ee4339cbcf4e2b11af4fc8016bb9bc3df6741062150bd95,deception_enabled_policy_seed_43_game_2_day_vote,43,2,deception_enabled_policy,regime_deception_enabled_policy_seed_43_base_2,regime_deception_enabled_policy_seed_43_base_2,regime_deception_enabled_policy_seed_43_base_2,ood_test,C_out_of_distribution,1,day,day_vote,1,village,villager,8,1,1,suspicion_based,8,1,0,1,0,0,1,0,1,10,0,0,0.28500000000000003,0,0,0.0,0.3,0,0,0,0,0,1,0,0,0.0,0.3,0,0,0,0,0,0,0,0,0,0,0.5,0,0,0.0,8,0,0,3,0.0,0,0,0,0,0,0.3,1.425,witch,0,1,,,0.0,0.42857142857142855,0.20203050891044214,0.0,0.2857142857142857,7,"{""baseline_rule_policy"": 0.0, ""deception_enabled_policy"": 0.0, ""mixed_rule_policy"": 0.0, ""randomized_legal_policy"": 1.0, ""risk_heterogeneous_policy"": 1.0, ""seat_order_neutral_policy"": 1.0, ""speech_and_herding_policy"": 0.0}",3,1,0.0
c124e7c6c854ca44c8704ac114eb50c6974f261668e8b782c5b52d5679abc7f5,4c20eb3a541ec0d29ee4339cbcf4e2b11af4fc8016bb9bc3df6741062150bd95,deception_enabled_policy_seed_43_game_2_day_vote,43,2,deception_enabled_policy,regime_deception_enabled_policy_seed_43_base_2,regime_deception_enabled_policy_seed_43_base_2,regime_deception_enabled_policy_seed_43_base_2,ood_test,C_out_of_distribution,1,day,day_vote,1,village,villager,10,1,0,suspicion_based,8,1,0,1,0,0,1,0,1,10,0,0,0.28500000000000003,0,0,0.0,0.3,0,0,0,0,0,1,0,0,0.0,0.3,0,0,0,0,0,0,0,0,0,0,0.5,0,0,0.0,10,1,0,1,0.0,0,0,0,0,0,0.3,1.425,seer,0,1,,,0.6666666666666666,0.0,0.0,0.0,0.0,7,"{""baseline_rule_policy"": 0.0, ""deception_enabled_policy"": 0.0, ""mixed_rule_policy"": 0.0, ""randomized_legal_policy"": 0.0, ""risk_heterogeneous_policy"": 0.0, ""seat_order_neutral_policy"": 0.0, ""speech_and_herding_policy"": 0.0}",3,4,0.0
c124e7c6c854ca44c8704ac114eb50c6974f261668e8b782c5b52d5679abc7f5,4c20eb3a541ec0d29ee4339cbcf4e2b11af4fc8016bb9bc3df6741062150bd95,deception_enabled_policy_seed_43_game_2_day_vote,43,2,deception_enabled_policy,regime_deception_enabled_policy_seed_43_base_2,regime_deception_enabled_policy_seed_43_base_2,regime_deception_enabled_policy_seed_43_base_2,ood_test,C_out_of_distribution,1,day,day_vote,1,village,villager,3,1,0,suspicion_based,8,1,0,1,0,0,1,0,1,10,0,0,0.28500000000000003,0,0,0.0,0.3,0,0,0,0,0,1,0,0,0.0,0.3,0,0,0,0,0,0,0,0,0,0,0.5,0,0,0.0,3,0,1,2,0.0,0,0,0,0,0,0.3,1.425,werewolf,1,0,,,0.6666666666666666,0.42857142857142855,0.20203050891044214,0.0,0.2857142857142857,7,"{""baseline_rule_policy"": 0.0, ""deception_enabled_policy"": 1.0, ""mixed_rule_policy"": 0.0, ""randomized_legal_policy"": 1.0, ""risk_heterogeneous_policy"": 1.0, ""seat_order_neutral_policy"": 0.0, ""speech_and_herding_policy"": 0.0}",3,1,0.0
c124e7c6c854ca44c8704ac114eb50c6974f261668e8b782c5b52d5679abc7f5,4c20eb3a541ec0d29ee4339cbcf4e2b11af4fc8016bb9bc3df6741062150bd95,deception_enabled_policy_seed_43_game_2_day_vote,43,2,deception_enabled_policy,regime_deception_enabled_policy_seed_43_base_2,regime_deception_enabled_policy_seed_43_base_2,regime_deception_enabled_policy_seed_43_base_2,ood_test,C_out_of_distribution,1,day,day_vote,1,village,villager,6,1,0,suspicion_based,8,1,0,1,0,0,1,0,1,10,0,0,0.28500000000000003,0,0,0.0,0.3,0,0,0,0,0,1,0,0,0.0,0.3,0,0,0,0,0,0,0,0,0,0,0.5,0,0,0.0,6,1,0,5,0.0,0,0,0,0,0,0.3,1.425,villager,0,0,,,0.0,0.42857142857142855,0.20203050891044214,0.0,0.2857142857142857,7,"{""baseline_rule_policy"": 0.0, ""deception_enabled_policy"": 0.0, ""mixed_rule_policy"": 1.0, ""randomized_legal_policy"": 0.0, ""risk_heterogeneous_policy"": 1.0, ""seat_order_neutral_policy"": 1.0, ""speech_and_herding_policy"": 0.0}",3,1,0.0
82b0f9f45c806ee8461624ddf3f640b9ea749d2d58d2ca7d5b51dbbd9e423e81,971f37890d5a8ff204464759aa229b56a272c50adcdb72557f4363f0ad501dd7,deception_enabled_policy_seed_44_game_1_day_vote,44,1,deception_enabled_policy,regime_deception_enabled_policy_seed_44_base_1,regime_deception_enabled_policy_seed_44_base_1,regime_deception_enabled_policy_seed_44_base_1,ood_test,C_out_of_distribution,1,day,day_vote,1,village,seer,8,1,1,suspicion_based,8,1,0,1,0,0,1,0,1,10,0,0,0.28500000000000003,0,0,0.0,0.3,0,0,0,0,0,1,0,0,0.0,0.3,0,0,0,0,0,0,0,0,0,0,0.5,0,0,0.0,8,0,0,3,0.0,0,0,0,0,0,0.3,1.425,villager,0,0,,,0.3333333333333333,0.0,0.0,0.0,0.0,7,"{""baseline_rule_policy"": 0.0, ""deception_enabled_policy"": 0.0, ""mixed_rule_policy"": 0.0, ""randomized_legal_policy"": 0.0, ""risk_heterogeneous_policy"": 0.0, ""seat_order_neutral_policy"": 0.0, ""speech_and_herding_policy"": 0.0}",10,4,0.42857142857142855
82b0f9f45c806ee8461624ddf3f640b9ea749d2d58d2ca7d5b51dbbd9e423e81,971f37890d5a8ff204464759aa229b56a272c50adcdb72557f4363f0ad501dd7,deception_enabled_policy_seed_44_game_1_day_vote,44,1,deception_enabled_policy,regime_deception_enabled_policy_seed_44_base_1,regime_deception_enabled_policy_seed_44_base_1,regime_deception_enabled_policy_seed_44_base_1,ood_test,C_out_of_distribution,1,day,day_vote,1,village,seer,10,1,0,suspicion_based,8,1,0,1,0,0,1,0,1,10,0,0,0.28500000000000003,0,0,0.0,0.3,0,0,0,0,0,1,0,0,0.0,0.3,0,0,0,0,0,0,0,0,0,0,0.5,0,0,0.0,10,1,0,1,0.0,0,0,0,0,0,0.3,1.425,werewolf,1,0,,,0.6666666666666666,0.42857142857142855,0.20203050891044214,0.0,0.2857142857142857,7,"{""baseline_rule_policy"": 1.0, ""deception_enabled_policy"": 1.0, ""mixed_rule_policy"": 0.0, ""randomized_legal_policy"": 0.0, ""risk_heterogeneous_policy"": 0.0, ""seat_order_neutral_policy"": 0.0, ""speech_and_herding_policy"": 1.0}",10,1,0.42857142857142855
82b0f9f45c806ee8461624ddf3f640b9ea749d2d58d2ca7d5b51dbbd9e423e81,971f37890d5a8ff204464759aa229b56a272c50adcdb72557f4363f0ad501dd7,deception_enabled_policy_seed_44_game_1_day_vote,44,1,deception_enabled_policy,regime_deception_enabled_policy_seed_44_base_1,regime_deception_enabled_policy_seed_44_base_1,regime_deception_enabled_policy_seed_44_base_1,ood_test,C_out_of_distribution,1,day,day_vote,1,village,seer,5,1,0,suspicion_based,8,1,0,1,0,0,1,0,1,10,0,0,0.28500000000000003,0,0,0.0,0.3,0,0,0,0,0,1,0,0,0.0,0.3,0,0,0,0,0,0,0,0,0,0,0.5,0,0,0.0,5,1,1,4,0.0,0,0,0,0,0,0.3,1.425,werewolf,1,0,,,1.0,0.42857142857142855,0.20203050891044214,0.0,0.2857142857142857,7,"{""baseline_rule_policy"": 1.0, ""deception_enabled_policy"": 1.0, ""mixed_rule_policy"": 1.0, ""randomized_legal_policy"": 0.0, ""risk_heterogeneous_policy"": 0.0, ""seat_order_neutral_policy"": 0.0, ""speech_and_herding_policy"": 0.0}",10,1,0.42857142857142855
82b0f9f45c806ee8461624ddf3f640b9ea749d2d58d2ca7d5b51dbbd9e423e81,971f37890d5a8ff204464759aa229b56a272c50adcdb72557f4363f0ad501dd7,deception_enabled_policy_seed_44_game_1_day_vote,44,1,deception_enabled_policy,regime_deception_enabled_policy_seed_44_base_1,regime_deception_enabled_policy_seed_44_base_1,regime_deception_enabled_policy_seed_44_base_1,ood_test,C_out_of_distribution,1,day,day_vote,1,village,seer,7,1,0,suspicion_based,8,1,0,1,0,0,1,0,1,10,0,0,0.28500000000000003,0,0,0.0,0.3,0,0,0,0,0,1,0,0,0.0,0.3,0,0,0,0,0,0,0,0,0,0,0.5,0,0,0.0,7,0,0,4,0.0,0,0,0,0,0,0.3,1.425,hunter,0,1,,,0.3333333333333333,0.14285714285714285,0.14285714285714288,0.0,0.14285714285714288,7,"{""baseline_rule_policy"": 0.0, ""deception_enabled_policy"": 0.0, ""mixed_rule_policy"": 0.0, ""randomized_legal_policy"": 1.0, ""risk_heterogeneous_policy"": 0.0, ""seat_order_neutral_policy"": 0.0, ""speech_and_herding_policy"": 0.0}",10,3,0.42857142857142855
f32734fe755fdf72b960f74d7f85ad076d80378905dcaa949f4a6987c62f24de,16c8420d40eb4b73046654bd48fbb84cce9edd8b4a3f88bb18c1524bbce47404,deception_enabled_policy_seed_44_game_2_day_vote,44,2,deception_enabled_policy,regime_deception_enabled_policy_seed_44_base_2,regime_deception_enabled_policy_seed_44_base_2,regime_deception_enabled_policy_seed_44_base_2,ood_test,C_out_of_distribution,1,day,day_vote,1,village,witch,2,1,1,suspicion_based,2,1,0,1,0,0,1,0,1,10,0,0,0.315,0,0,0.0,0.3,0,0,0,0,0,1,0,0,0.25,0.55,0,0,0,0,0,0,0,0,0,0,0.5,0,0,0.0,2,0,1,1,0.0,0,0,0,0,0,0.44999999999999996,1.3,werewolf,1,0,,,0.6666666666666666,0.42857142857142855,0.20203050891044214,0.0,0.2857142857142857,7,"{""baseline_rule_policy"": 1.0, ""deception_enabled_policy"": 1.0, ""mixed_rule_policy"": 0.0, ""randomized_legal_policy"": 1.0, ""risk_heterogeneous_policy"": 0.0, ""seat_order_neutral_policy"": 0.0, ""speech_and_herding_policy"": 0.0}",6,2,0.28571428571428575
f32734fe755fdf72b960f74d7f85ad076d80378905dcaa949f4a6987c62f24de,16c8420d40eb4b73046654bd48fbb84cce9edd8b4a3f88bb18c1524bbce47404,deception_enabled_policy_seed_44_game_2_day_vote,44,2,deception_enabled_policy,regime_deception_enabled_policy_seed_44_base_2,regime_deception_enabled_policy_seed_44_base_2,regime_deception_enabled_policy_seed_44_base_2,ood_test,C_out_of_distribution,1,day,day_vote,1,village,witch,10,1,0,suspicion_based,2,1,0,1,0,0,1,0,1,10,0,0,0.315,0,0,0.0,0.3,0,0,0,0,0,1,0,0,0.0,0.3,0,0,0,0,0,0,0,0,0,0,0.5,0,0,0.0,10,1,0,1,0.0,0,0,0,0,0,0.3,1.425,werewolf,1,0,,,0.6666666666666666,0.14285714285714285,0.14285714285714288,0.0,0.14285714285714288,7,"{""baseline_rule_policy"": 0.0, ""deception_enabled_policy"": 0.0, ""mixed_rule_policy"": 0.0, ""randomized_legal_policy"": 0.0, ""risk_heterogeneous_policy"": 1.0, ""seat_order_neutral_policy"": 0.0, ""speech_and_herding_policy"": 0.0}",6,4,0.28571428571428575
f32734fe755fdf72b960f74d7f85ad076d80378905dcaa949f4a6987c62f24de,16c8420d40eb4b73046654bd48fbb84cce9edd8b4a3f88bb18c1524bbce47404,deception_enabled_policy_seed_44_game_2_day_vote,44,2,deception_enabled_policy,regime_deception_enabled_policy_seed_44_base_2,regime_deception_enabled_policy_seed_44_base_2,regime_deception_enabled_policy_seed_44_base_2,ood_test,C_out_of_distribution,1,day,day_vote,1,village,witch,5,1,0,suspicion_based,2,1,0,1,0,0,1,0,1,10,0,0,0.315,0,0,0.0,0.3,0,0,0,0,0,1,0,0,0.0,0.3,0,0,0,0,0,0,0,0,0,0,0.5,0,0,0.0,5,1,1,4,0.0,0,0,0,0,0,0.3,1.425,villager,0,0,,,0.0,0.42857142857142855,0.20203050891044214,0.0,0.2857142857142857,7,"{""baseline_rule_policy"": 1.0, ""deception_enabled_policy"": 1.0, ""mixed_rule_policy"": 0.0, ""randomized_legal_policy"": 1.0, ""risk_heterogeneous_policy"": 0.0, ""seat_order_neutral_policy"": 0.0, ""speech_and_herding_policy"": 0.0}",6,2,0.28571428571428575
f32734fe755fdf72b960f74d7f85ad076d80378905dcaa949f4a6987c62f24de,16c8420d40eb4b73046654bd48fbb84cce9edd8b4a3f88bb18c1524bbce47404,deception_enabled_policy_seed_44_game_2_day_vote,44,2,deception_enabled_policy,regime_deception_enabled_policy_seed_44_base_2,regime_deception_enabled_policy_seed_44_base_2,regime_deception_enabled_policy_seed_44_base_2,ood_test,C_out_of_distribution,1,day,day_vote,1,village,witch,6,1,0,suspicion_based,2,1,0,1,0,0,1,0,1,10,0,0,0.315,0,0,0.0,0.3,0,0,0,0,0,1,0,0,0.0,0.3,0,0,0,0,0,0,0,0,0,0,0.5,0,0,0.0,6,1,0,5,0.0,0,0,0,0,0,0.3,1.425,werewolf,1,0,,,1.0,0.7142857142857143,0.18442777839082938,0.0,0.2380952380952381,7,"{""baseline_rule_policy"": 1.0, ""deception_enabled_policy"": 1.0, ""mixed_rule_policy"": 0.0, ""randomized_legal_policy"": 1.0, ""risk_heterogeneous_policy"": 1.0, ""seat_order_neutral_policy"": 0.0, ""speech_and_herding_policy"": 1.0}",6,1,0.28571428571428575
a7a60d3475f6040f635800351074b8eaed0da25d62cccca04e9cec34792801f3,5c8e53e5e2b494a1d458f0c6993ff79b4254f4aca79d012c3cdfb61a5e35f923,deception_enabled_policy_seed_50_game_1_day_vote,50,1,deception_enabled_policy,regime_deception_enabled_policy_seed_50_base_1,regime_deception_enabled_policy_seed_50_base_1,regime_deception_enabled_policy_seed_50_base_1,ood_test,C_out_of_distribution,1,day,day_vote,1,village,villager,7,1,1,suspicion_based,7,1,0,1,0,0,1,0,1,8,2,2,0.303,0,2,0.0,0.3,0,0,0,0,0,1,0,0,0.0,0.3,0,0,0,0,0,0,0,0,0,0,0.5,0,0,0.0,7,0,0,4,0.0,0,0,0,0,0,0.3,1.425,werewolf,1,0,,,0.0,0.7142857142857143,0.18442777839082938,0.0,0.2380952380952381,7,"{""baseline_rule_policy"": 0.0, ""deception_enabled_policy"": 1.0, ""mixed_rule_policy"": 1.0, ""randomized_legal_policy"": 0.0, ""risk_heterogeneous_policy"": 1.0, ""seat_order_neutral_policy"": 1.0, ""speech_and_herding_policy"": 1.0}",6,1,0.0
a7a60d3475f6040f635800351074b8eaed0da25d62cccca04e9cec34792801f3,5c8e53e5e2b494a1d458f0c6993ff79b4254f4aca79d012c3cdfb61a5e35f923,deception_enabled_policy_seed_50_game_1_day_vote,50,1,deception_enabled_policy,regime_deception_enabled_policy_seed_50_base_1,regime_deception_enabled_policy_seed_50_base_1,regime_deception_enabled_policy_seed_50_base_1,ood_test,C_out_of_distribution,1,day,day_vote,1,village,villager,2,1,0,suspicion_based,7,1,0,1,0,0,1,0,1,8,2,2,0.303,0,2,0.0,0.3,0,0,0,0,0,1,0,0,0.0,0.3,0,0,0,0,0,0,0,0,0,0,0.5,0,0,0.0,2,0,1,1,0.0,0,0,0,0,0,0.3,1.425,witch,0,1,,,0.3333333333333333,0.2857142857142857,0.18442777839082938,0.0,0.2380952380952381,7,"{""baseline_rule_policy"": 0.0, ""deception_enabled_policy"": 1.0, ""mixed_rule_policy"": 0.0, ""randomized_legal_policy"": 0.0, ""risk_heterogeneous_policy"": 0.0, ""seat_order_neutral_policy"": 1.0, ""speech_and_herding_policy"": 0.0}",6,3,0.0
a7a60d3475f6040f635800351074b8eaed0da25d62cccca04e9cec34792801f3,5c8e53e5e2b494a1d458f0c6993ff79b4254f4aca79d012c3cdfb61a5e35f923,deception_enabled_policy_seed_50_game_1_day_vote,50,1,deception_enabled_policy,regime_deception_enabled_policy_seed_50_base_1,regime_deception_enabled_policy_seed_50_base_1,regime_deception_enabled_policy_seed_50_base_1,ood_test,C_out_of_distribution,1,day,day_vote,1,village,villager,6,1,0,suspicion_based,7,1,0,1,0,0,1,0,1,8,2,2,0.303,0,2,0.0,0.3,0,0,0,0,0,1,0,0,0.0,0.3,0,0,0,0,0,0,0,0,0,0,0.5,0,0,0.0,6,1,0,5,0.0,0,0,0,0,0,0.3,1.425,werewolf,1,0,,,0.3333333333333333,0.7142857142857143,0.18442777839082938,0.0,0.2380952380952381,7,"{""baseline_rule_policy"": 1.0, ""deception_enabled_policy"": 1.0, ""mixed_rule_policy"": 0.0, ""randomized_legal_policy"": 0.0, ""risk_heterogeneous_policy"": 1.0, ""seat_order_neutral_policy"": 1.0, ""speech_and_herding_policy"": 1.0}",6,1,0.0
a7a60d3475f6040f635800351074b8eaed0da25d62cccca04e9cec34792801f3,5c8e53e5e2b494a1d458f0c6993ff79b4254f4aca79d012c3cdfb61a5e35f923,deception_enabled_policy_seed_50_game_1_day_vote,50,1,deception_enabled_policy,regime_deception_enabled_policy_seed_50_base_1,regime_deception_enabled_policy_seed_50_base_1,regime_deception_enabled_policy_seed_50_base_1,ood_test,C_out_of_distribution,1,day,day_vote,1,village,villager,3,1,0,suspicion_based,7,1,0,1,0,0,1,0,1,8,2,2,0.303,0,2,0.0,0.3,0,0,0,0,0,1,0,0,0.0,0.3,0,0,0,0,0,0,0,0,0,0,0.5,0,0,0.0,3,0,1,2,0.0,0,0,0,0,0,0.3,1.425,villager,0,0,,,0.0,0.2857142857142857,0.18442777839082938,0.0,0.2380952380952381,7,"{""baseline_rule_policy"": 0.0, ""deception_enabled_policy"": 0.0, ""mixed_rule_policy"": 1.0, ""randomized_legal_policy"": 1.0, ""risk_heterogeneous_policy"": 0.0, ""seat_order_neutral_policy"": 0.0, ""speech_and_herding_policy"": 0.0}",6,3,0.0
42a2177115820cf4696b52894ce18da14db4b9ed2a06df8e8ab2c65f10e21541,22ffb89f28b6d9d396f6402b067433d984801e6da4c2896bb0ed783f8754b4bf,deception_enabled_policy_seed_50_game_2_day_vote,50,2,deception_enabled_policy,regime_deception_enabled_policy_seed_50_base_2,regime_deception_enabled_policy_seed_50_base_2,regime_deception_enabled_policy_seed_50_base_2,ood_test,C_out_of_distribution,1,day,day_vote,1,village,villager,6,1,1,suspicion_based,6,1,0,1,0,0,1,0,1,8,2,2,0.303,0,2,0.0,0.3,0,0,0,0,0,1,0,0,0.0,0.3,0,0,0,0,0,0,0,0,0,0,0.5,0,0,0.0,6,1,0,5,0.0,0,0,0,0,0,0.3,1.425,werewolf,1,0,,,0.3333333333333333,0.2857142857142857,0.18442777839082938,0.0,0.2380952380952381,7,"{""baseline_rule_policy"": 0.0, ""deception_enabled_policy"": 0.0, ""mixed_rule_policy"": 0.0, ""randomized_legal_policy"": 0.0, ""risk_heterogeneous_policy"": 0.0, ""seat_order_neutral_policy"": 1.0, ""speech_and_herding_policy"": 1.0}",6,1,0.0
42a2177115820cf4696b52894ce18da14db4b9ed2a06df8e8ab2c65f10e21541,22ffb89f28b6d9d396f6402b067433d984801e6da4c2896bb0ed783f8754b4bf,deception_enabled_policy_seed_50_game_2_day_vote,50,2,deception_enabled_policy,regime_deception_enabled_policy_seed_50_base_2,regime_deception_enabled_policy_seed_50_base_2,regime_deception_enabled_policy_seed_50_base_2,ood_test,C_out_of_distribution,1,day,day_vote,1,village,villager,10,1,0,suspicion_based,6,1,0,1,0,0,1,0,1,8,2,2,0.303,0,2,0.0,0.3,0,0,0,0,0,1,0,0,0.0,0.3,0,0,0,0,0,0,0,0,0,0,0.5,0,0,0.0,10,1,0,1,0.0,0,0,0,0,0,0.3,1.425,villager,0,0,,,0.0,0.14285714285714285,0.14285714285714288,0.0,0.14285714285714288,7,"{""baseline_rule_policy"": 0.0, ""deception_enabled_policy"": 0.0, ""mixed_rule_policy"": 0.0, ""randomized_legal_policy"": 0.0, ""risk_heterogeneous_policy"": 0.0, ""seat_order_neutral_policy"": 0.0, ""speech_and_herding_policy"": 1.0}",6,3,0.0
42a2177115820cf4696b52894ce18da14db4b9ed2a06df8e8ab2c65f10e21541,22ffb89f28b6d9d396f6402b067433d984801e6da4c2896bb0ed783f8754b4bf,deception_enabled_policy_seed_50_game_2_day_vote,50,2,deception_enabled_policy,regime_deception_enabled_policy_seed_50_base_2,regime_deception_enabled_policy_seed_50_base_2,regime_deception_enabled_policy_seed_50_base_2,ood_test,C_out_of_distribution,1,day,day_vote,1,village,villager,8,1,0,suspicion_based,6,1,0,1,0,0,1,0,1,8,2,2,0.303,0,2,0.0,0.3,0,0,0,0,0,1,0,0,0.0,0.3,0,0,0,0,0,0,0,0,0,0,0.5,0,0,0.0,8,0,0,3,0.0,0,0,0,0,0,0.3,1.425,villager,0,0,,,0.3333333333333333,0.14285714285714285,0.14285714285714288,0.0,0.14285714285714288,7,"{""baseline_rule_policy"": 0.0, ""deception_enabled_policy"": 0.0, ""mixed_rule_policy"": 0.0, ""randomized_legal_policy"": 0.0, ""risk_heterogeneous_policy"": 0.0, ""seat_order_neutral_policy"": 1.0, ""speech_and_herding_policy"": 0.0}",6,3,0.0
42a2177115820cf4696b52894ce18da14db4b9ed2a06df8e8ab2c65f10e21541,22ffb89f28b6d9d396f6402b067433d984801e6da4c2896bb0ed783f8754b4bf,deception_enabled_policy_seed_50_game_2_day_vote,50,2,deception_enabled_policy,regime_deception_enabled_policy_seed_50_base_2,regime_deception_enabled_policy_seed_50_base_2,regime_deception_enabled_policy_seed_50_base_2,ood_test,C_out_of_distribution,1,day,day_vote,1,village,villager,9,1,0,suspicion_based,6,1,0,1,0,0,1,0,1,8,2,2,0.303,0,2,0.0,0.3,0,0,0,0,0,1,0,0,0.0,0.3,0,0,0,0,0,0,0,0,0,0,0.5,0,0,0.0,9,0,0,2,0.0,0,0,0,0,0,0.3,1.425,villager,0,0,,,0.3333333333333333,0.2857142857142857,0.18442777839082938,0.0,0.2380952380952381,7,"{""baseline_rule_policy"": 1.0, ""deception_enabled_policy"": 1.0, ""mixed_rule_policy"": 0.0, ""randomized_legal_policy"": 0.0, ""risk_heterogeneous_policy"": 0.0, ""seat_order_neutral_policy"": 0.0, ""speech_and_herding_policy"": 0.0}",6,1,0.0
97b6e568329324e9caa98ad9d84a9006d8141216216eec68fdfff37fa0271242,0c84a53c4e0cb60f0bcb7ccaa8c548be3eb20cef625d9cda70af75484455fde2,deception_enabled_policy_seed_52_game_1_day_vote,52,1,deception_enabled_policy,regime_deception_enabled_policy_seed_52_base_1,regime_deception_enabled_policy_seed_52_base_1,regime_deception_enabled_policy_seed_52_base_1,ood_test,C_out_of_distribution,1,day,day_vote,1,village,hunter,4,1,1,suspicion_based,4,1,0,1,0,0,1,0,1,10,0,0,0.315,0,0,0.0,0.3,0,0,0,0,0,1,0,0,0.25,0.55,0,0,0,0,0,0,0,0,0,0,0.5,0,0,0.0,4,0,1,3,0.0,0,0,0,0,0,0.44999999999999996,1.3,werewolf,1,0,,,1.0,0.42857142857142855,0.20203050891044214,0.0,0.2857142857142857,7,"{""baseline_rule_policy"": 0.0, ""deception_enabled_policy"": 1.0, ""mixed_rule_policy"": 1.0, ""randomized_legal_policy"": 0.0, ""risk_heterogeneous_policy"": 1.0, ""seat_order_neutral_policy"": 0.0, ""speech_and_herding_policy"": 0.0}",6,2,0.14285714285714285
97b6e568329324e9caa98ad9d84a9006d8141216216eec68fdfff37fa0271242,0c84a53c4e0cb60f0bcb7ccaa8c548be3eb20cef625d9cda70af75484455fde2,deception_enabled_policy_seed_52_game_1_day_vote,52,1,deception_enabled_policy,regime_deception_enabled_policy_seed_52_base_1,regime_deception_enabled_policy_seed_52_base_1,regime_deception_enabled_policy_seed_52_base_1,ood_test,C_out_of_distribution,1,day,day_vote,1,village,hunter,5,1,0,suspicion_based,4,1,0,1,0,0,1,0,1,10,0,0,0.315,0,0,0.0,0.3,0,0,0,0,0,1,0,0,0.0,0.3,0,0,0,0,0,0,0,0,0,0,0.5,0,0,0.0,5,1,1,4,0.0,0,0,0,0,0,0.3,1.425,werewolf,1,0,,,1.0,0.42857142857142855,0.20203050891044214,0.0,0.2857142857142857,7,"{""baseline_rule_policy"": 1.0, ""deception_enabled_policy"": 0.0, ""mixed_rule_policy"": 1.0, ""randomized_legal_policy"": 1.0, ""risk_heterogeneous_policy"": 0.0, ""seat_order_neutral_policy"": 0.0, ""speech_and_herding_policy"": 0.0}",6,2,0.14285714285714285
97b6e568329324e9caa98ad9d84a9006d8141216216eec68fdfff37fa0271242,0c84a53c4e0cb60f0bcb7ccaa8c548be3eb20cef625d9cda70af75484455fde2,deception_enabled_policy_seed_52_game_1_day_vote,52,1,deception_enabled_policy,regime_deception_enabled_policy_seed_52_base_1,regime_deception_enabled_policy_seed_52_base_1,regime_deception_enabled_policy_seed_52_base_1,ood_test,C_out_of_distribution,1,day,day_vote,1,village,hunter,9,1,0,suspicion_based,4,1,0,1,0,0,1,0,1,10,0,0,0.315,0,0,0.0,0.3,0,0,0,0,0,1,0,0,0.0,0.3,0,0,0,0,0,0,0,0,0,0,0.5,0,0,0.0,9,0,0,2,0.0,0,0,0,0,0,0.3,1.425,seer,0,1,,,0.3333333333333333,0.2857142857142857,0.18442777839082938,0.0,0.2380952380952381,7,"{""baseline_rule_policy"": 1.0, ""deception_enabled_policy"": 0.0, ""mixed_rule_policy"": 0.0, ""randomized_legal_policy"": 1.0, ""risk_heterogeneous_policy"": 0.0, ""seat_order_neutral_policy"": 0.0, ""speech_and_herding_policy"": 0.0}",6,4,0.14285714285714285
97b6e568329324e9caa98ad9d84a9006d8141216216eec68fdfff37fa0271242,0c84a53c4e0cb60f0bcb7ccaa8c548be3eb20cef625d9cda70af75484455fde2,deception_enabled_policy_seed_52_game_1_day_vote,52,1,deception_enabled_policy,regime_deception_enabled_policy_seed_52_base_1,regime_deception_enabled_policy_seed_52_base_1,regime_deception_enabled_policy_seed_52_base_1,ood_test,C_out_of_distribution,1,day,day_vote,1,village,hunter,6,1,0,suspicion_based,4,1,0,1,0,0,1,0,1,10,0,0,0.315,0,0,0.0,0.3,0,0,0,0,0,1,0,0,0.0,0.3,0,0,0,0,0,0,0,0,0,0,0.5,0,0,0.0,6,1,0,5,0.0,0,0,0,0,0,0.3,1.425,villager,0,0,,,0.6666666666666666,0.5714285714285714,0.20203050891044216,0.0,0.28571428571428575,7,"{""baseline_rule_policy"": 0.0, ""deception_enabled_policy"": 1.0, ""mixed_rule_policy"": 0.0, ""randomized_legal_policy"": 1.0, ""risk_heterogeneous_policy"": 1.0, ""seat_order_neutral_policy"": 0.0, ""speech_and_herding_policy"": 1.0}",6,1,0.14285714285714285
77dccde8f4c8454edc9366377c43bc18dca759eab56c768fdf7a106b7d5f3d59,3c5653a4d9ebb8c2d86bb2550edfc1969f29cc42747fe21c45d6a57de617c30c,deception_enabled_policy_seed_52_game_2_day_vote,52,2,deception_enabled_policy,regime_deception_enabled_policy_seed_52_base_2,regime_deception_enabled_policy_seed_52_base_2,regime_deception_enabled_policy_seed_52_base_2,ood_test,C_out_of_distribution,1,day,day_vote,1,wolf,werewolf,10,1,1,suspicion_based,10,1,0,1,0,0,1,1,0,9,1,1,0.28500000000000003,0,1,0.0,0.3,0,0,0,0,2,1,0,0,0.0,0.3,0,0,0,0,0,0,0,0,0,0,0.5,0,0,0.0,10,1,0,1,0.0,0,0,0,0,0,0.3,1.425,witch,0,1,,,1.0,1.0,0.0,1.0,0.0,7,"{""baseline_rule_policy"": 1.0, ""deception_enabled_policy"": 1.0, ""mixed_rule_policy"": 1.0, ""randomized_legal_policy"": 1.0, ""risk_heterogeneous_policy"": 1.0, ""seat_order_neutral_policy"": 1.0, ""speech_and_herding_policy"": 1.0}",10,1,0.0
77dccde8f4c8454edc9366377c43bc18dca759eab56c768fdf7a106b7d5f3d59,3c5653a4d9ebb8c2d86bb2550edfc1969f29cc42747fe21c45d6a57de617c30c,deception_enabled_policy_seed_52_game_2_day_vote,52,2,deception_enabled_policy,regime_deception_enabled_policy_seed_52_base_2,regime_deception_enabled_policy_seed_52_base_2,regime_deception_enabled_policy_seed_52_base_2,ood_test,C_out_of_distribution,1,day,day_vote,1,wolf,werewolf,6,1,0,suspicion_based,10,1,0,1,0,0,1,1,0,9,1,1,0.28500000000000003,0,1,0.0,0.3,0,0,0,0,2,1,0,0,0.0,0.3,0,0,0,0,0,0,0,0,0,0,0.5,0,0,0.0,6,1,0,5,0.0,0,0,0,0,0,0.3,1.425,villager,0,0,,,1.0,0.8571428571428571,0.14285714285714285,0.0,0.14285714285714285,7,"{""baseline_rule_policy"": 1.0, ""deception_enabled_policy"": 1.0, ""mixed_rule_policy"": 1.0, ""randomized_legal_policy"": 1.0, ""risk_heterogeneous_policy"": 1.0, ""seat_order_neutral_policy"": 0.0, ""speech_and_herding_policy"": 1.0}",10,4,0.0
77dccde8f4c8454edc9366377c43bc18dca759eab56c768fdf7a106b7d5f3d59,3c5653a4d9ebb8c2d86bb2550edfc1969f29cc42747fe21c45d6a57de617c30c,deception_enabled_policy_seed_52_game_2_day_vote,52,2,deception_enabled_policy,regime_deception_enabled_policy_seed_52_base_2,regime_deception_enabled_policy_seed_52_base_2,regime_deception_enabled_policy_seed_52_base_2,ood_test,C_out_of_distribution,1,day,day_vote,1,wolf,werewolf,9,1,0,suspicion_based,10,1,0,1,0,0,1,1,0,9,1,1,0.28500000000000003,0,1,0.0,0.3,0,0,0,0,2,1,0,0,0.0,0.3,0,0,0,0,0,0,0,0,0,0,0.5,0,0,0.0,9,0,0,2,0.0,0,0,0,0,0,0.3,1.425,hunter,0,1,,,0.3333333333333333,1.0,0.0,1.0,0.0,7,"{""baseline_rule_policy"": 1.0, ""deception_enabled_policy"": 1.0, ""mixed_rule_policy"": 1.0, ""randomized_legal_policy"": 1.0, ""risk_heterogeneous_policy"": 1.0, ""seat_order_neutral_policy"": 1.0, ""speech_and_herding_policy"": 1.0}",10,1,0.0
77dccde8f4c8454edc9366377c43bc18dca759eab56c768fdf7a106b7d5f3d59,3c5653a4d9ebb8c2d86bb2550edfc1969f29cc42747fe21c45d6a57de617c30c,deception_enabled_policy_seed_52_game_2_day_vote,52,2,deception_enabled_policy,regime_deception_enabled_policy_seed_52_base_2,regime_deception_enabled_policy_seed_52_base_2,regime_deception_enabled_policy_seed_52_base_2,ood_test,C_out_of_distribution,1,day,day_vote,1,wolf,werewolf,5,1,0,suspicion_based,10,1,0,1,0,0,1,1,0,9,1,1,0.28500000000000003,0,1,0.0,0.3,0,0,0,0,2,1,0,0,0.0,0.3,0,0,0,0,0,0,0,0,0,0,0.5,0,0,0.0,5,1,1,4,0.0,0,1,0,0,0,0.3,1.425,werewolf,1,0,,,0.3333333333333333,1.0,0.0,1.0,0.0,7,"{""baseline_rule_policy"": 1.0, ""deception_enabled_policy"": 1.0, ""mixed_rule_policy"": 1.0, ""randomized_legal_policy"": 1.0, ""risk_heterogeneous_policy"": 1.0, ""seat_order_neutral_policy"": 1.0, ""speech_and_herding_policy"": 1.0}",10,1,0.0
e960df96b4c91e63b9da4bbd579370309ad7cfbdfd578ee8b65b1dad409dd445,c0cb824775c6c551ca95d386fb791fc185b400063f2979a5bbac68fd982f08f2,deception_enabled_policy_seed_53_game_1_day_vote,53,1,deception_enabled_policy,regime_deception_enabled_policy_seed_53_base_1,regime_deception_enabled_policy_seed_53_base_1,regime_deception_enabled_policy_seed_53_base_1,ood_test,C_out_of_distribution,1,day,day_vote,1,village,witch,10,1,1,suspicion_based,10,1,0,1,0,0,1,0,1,10,0,0,0.28500000000000003,0,0,0.0,0.15,0,0,0,0,0,1,0,0,0.0,0.3,0,0,0,0,0,0,0,0,0,0,0.5,0,0,0.0,10,1,0,1,0.0,0,0,0,0,0,0.3,1.425,villager,0,0,,,0.3333333333333333,0.42857142857142855,0.20203050891044214,0.0,0.2857142857142857,7,"{""baseline_rule_policy"": 0.0, ""deception_enabled_policy"": 0.0, ""mixed_rule_policy"": 1.0, ""randomized_legal_policy"": 1.0, ""risk_heterogeneous_policy"": 0.0, ""seat_order_neutral_policy"": 0.0, ""speech_and_herding_policy"": 1.0}",10,1,0.0
e960df96b4c91e63b9da4bbd579370309ad7cfbdfd578ee8b65b1dad409dd445,c0cb824775c6c551ca95d386fb791fc185b400063f2979a5bbac68fd982f08f2,deception_enabled_policy_seed_53_game_1_day_vote,53,1,deception_enabled_policy,regime_deception_enabled_policy_seed_53_base_1,regime_deception_enabled_policy_seed_53_base_1,regime_deception_enabled_policy_seed_53_base_1,ood_test,C_out_of_distribution,1,day,day_vote,1,village,witch,8,1,0,suspicion_based,10,1,0,1,0,0,1,0,1,10,0,0,0.28500000000000003,0,0,0.0,0.15,0,0,0,0,0,1,0,0,0.0,0.3,0,0,0,0,0,0,0,0,0,0,0.5,0,0,0.0,8,0,0,3,0.0,0,0,0,0,0,0.3,1.425,villager,0,0,,,0.6666666666666666,0.14285714285714285,0.14285714285714288,0.0,0.14285714285714288,7,"{""baseline_rule_policy"": 0.0, ""deception_enabled_policy"": 0.0, ""mixed_rule_policy"": 1.0, ""randomized_legal_policy"": 0.0, ""risk_heterogeneous_policy"": 0.0, ""seat_order_neutral_policy"": 0.0, ""speech_and_herding_policy"": 0.0}",10,4,0.0
e960df96b4c91e63b9da4bbd579370309ad7cfbdfd578ee8b65b1dad409dd445,c0cb824775c6c551ca95d386fb791fc185b400063f2979a5bbac68fd982f08f2,deception_enabled_policy_seed_53_game_1_day_vote,53,1,deception_enabled_policy,regime_deception_enabled_policy_seed_53_base_1,regime_deception_enabled_policy_seed_53_base_1,regime_deception_enabled_policy_seed_53_base_1,ood_test,C_out_of_distribution,1,day,day_vote,1,village,witch,9,1,0,suspicion_based,10,1,0,1,0,0,1,0,1,10,0,0,0.28500000000000003,0,0,0.0,0.15,0,0,0,0,0,1,0,0,0.0,0.3,0,0,0,0,0,0,0,0,0,0,0.5,0,0,0.0,9,0,0,2,0.0,0,0,0,0,0,0.3,1.425,werewolf,1,0,,,0.6666666666666666,0.2857142857142857,0.18442777839082938,0.0,0.2380952380952381,7,"{""baseline_rule_policy"": 0.0, ""deception_enabled_policy"": 0.0, ""mixed_rule_policy"": 0.0, ""randomized_legal_policy"": 1.0, ""risk_heterogeneous_policy"": 0.0, ""seat_order_neutral_policy"": 1.0, ""speech_and_herding_policy"": 0.0}",10,2,0.0
e960df96b4c91e63b9da4bbd579370309ad7cfbdfd578ee8b65b1dad409dd445,c0cb824775c6c551ca95d386fb791fc185b400063f2979a5bbac68fd982f08f2,deception_enabled_policy_seed_53_game_1_day_vote,53,1,deception_enabled_policy,regime_deception_enabled_policy_seed_53_base_1,regime_deception_enabled_policy_seed_53_base_1,regime_deception_enabled_policy_seed_53_base_1,ood_test,C_out_of_distribution,1,day,day_vote,1,village,witch,2,1,0,suspicion_based,10,1,0,1,0,0,1,0,1,10,0,0,0.28500000000000003,0,0,0.0,0.15,0,0,0,0,0,1,0,0,0.0,0.3,0,0,0,0,0,0,0,0,0,0,0.5,0,0,0.0,2,0,1,1,0.0,0,0,0,0,0,0.3,1.425,villager,0,0,,,0.0,0.2857142857142857,0.18442777839082938,0.0,0.2380952380952381,7,"{""baseline_rule_policy"": 0.0, ""deception_enabled_policy"": 0.0, ""mixed_rule_policy"": 1.0, ""randomized_legal_policy"": 0.0, ""risk_heterogeneous_policy"": 0.0, ""seat_order_neutral_policy"": 0.0, ""speech_and_herding_policy"": 1.0}",10,2,0.0
dac30c02a385b5f3105e7e3e40731309fee1b334ff2d50795866794c8e7a9dce,1c31c129d2b21aaaac830fa1819baac61ca231cdc76493d64dce740f07b6cab6,deception_enabled_policy_seed_53_game_2_day_vote,53,2,deception_enabled_policy,regime_deception_enabled_policy_seed_53_base_2,regime_deception_enabled_policy_seed_53_base_2,regime_deception_enabled_policy_seed_53_base_2,ood_test,C_out_of_distribution,1,day,day_vote,1,village,villager,8,1,1,suspicion_based,8,1,0,1,0,0,1,0,1,9,1,1,0.28500000000000003,0,1,0.0,0.15,0,0,0,0,0,1,0,0,0.0,0.3,0,0,0,0,0,0,0,0,0,0,0.5,0,0,0.0,8,0,0,3,0.0,0,0,0,0,0,0.3,1.425,werewolf,1,0,,,0.6666666666666666,0.14285714285714285,0.14285714285714288,0.0,0.14285714285714288,7,"{""baseline_rule_policy"": 0.0, ""deception_enabled_policy"": 0.0, ""mixed_rule_policy"": 0.0, ""randomized_legal_policy"": 1.0, ""risk_heterogeneous_policy"": 0.0, ""seat_order_neutral_policy"": 0.0, ""speech_and_herding_policy"": 0.0}",5,2,0.2857142857142857
dac30c02a385b5f3105e7e3e40731309fee1b334ff2d50795866794c8e7a9dce,1c31c129d2b21aaaac830fa1819baac61ca231cdc76493d64dce740f07b6cab6,deception_enabled_policy_seed_53_game_2_day_vote,53,2,deception_enabled_policy,regime_deception_enabled_policy_seed_53_base_2,regime_deception_enabled_policy_seed_53_base_2,regime_deception_enabled_policy_seed_53_base_2,ood_test,C_out_of_distribution,1,day,day_vote,1,village,villager,10,1,0,suspicion_based,8,1,0,1,0,0,1,0,1,9,1,1,0.28500000000000003,0,1,0.0,0.15,0,0,0,0,0,1,0,0,0.0,0.3,0,0,0,0,0,0,0,0,0,0,0.5,0,0,0.0,10,1,0,1,0.0,0,0,0,0,0,0.3,1.425,villager,0,0,,,0.6666666666666666,0.0,0.0,0.0,0.0,7,"{""baseline_rule_policy"": 0.0, ""deception_enabled_policy"": 0.0, ""mixed_rule_policy"": 0.0, ""randomized_legal_policy"": 0.0, ""risk_heterogeneous_policy"": 0.0, ""seat_order_neutral_policy"": 0.0, ""speech_and_herding_policy"": 0.0}",5,3,0.2857142857142857
dac30c02a385b5f3105e7e3e40731309fee1b334ff2d50795866794c8e7a9dce,1c31c129d2b21aaaac830fa1819baac61ca231cdc76493d64dce740f07b6cab6,deception_enabled_policy_seed_53_game_2_day_vote,53,2,deception_enabled_policy,regime_deception_enabled_policy_seed_53_base_2,regime_deception_enabled_policy_seed_53_base_2,regime_deception_enabled_policy_seed_53_base_2,ood_test,C_out_of_distribution,1,day,day_vote,1,village,villager,9,1,0,suspicion_based,8,1,0,1,0,0,1,0,1,9,1,1,0.28500000000000003,0,1,0.0,0.15,0,0,0,0,0,1,0,0,0.0,0.3,0,0,0,0,0,0,0,0,0,0,0.5,0,0,0.0,9,0,0,2,0.0,0,0,0,0,0,0.3,1.425,werewolf,1,0,,,0.6666666666666666,0.0,0.0,0.0,0.0,7,"{""baseline_rule_policy"": 0.0, ""deception_enabled_policy"": 0.0, ""mixed_rule_policy"": 0.0, ""randomized_legal_policy"": 0.0, ""risk_heterogeneous_policy"": 0.0, ""seat_order_neutral_policy"": 0.0, ""speech_and_herding_policy"": 0.0}",5,3,0.2857142857142857
dac30c02a385b5f3105e7e3e40731309fee1b334ff2d50795866794c8e7a9dce,1c31c129d2b21aaaac830fa1819baac61ca231cdc76493d64dce740f07b6cab6,deception_enabled_policy_seed_53_game_2_day_vote,53,2,deception_enabled_policy,regime_deception_enabled_policy_seed_53_base_2,regime_deception_enabled_policy_seed_53_base_2,regime_deception_enabled_policy_seed_53_base_2,ood_test,C_out_of_distribution,1,day,day_vote,1,village,villager,5,1,0,suspicion_based,8,1,0,1,0,0,1,0,1,9,1,1,0.28500000000000003,0,1,0.0,0.15,0,0,0,0,0,1,0,0,0.0,0.3,0,0,0,0,0,0,0,0,0,0,0.5,0,0,0.0,5,1,1,4,0.0,0,0,0,0,0,0.3,1.425,hunter,0,1,,,0.6666666666666666,0.42857142857142855,0.20203050891044214,0.0,0.2857142857142857,7,"{""baseline_rule_policy"": 1.0, ""deception_enabled_policy"": 0.0, ""mixed_rule_policy"": 0.0, ""randomized_legal_policy"": 1.0, ""risk_heterogeneous_policy"": 0.0, ""seat_order_neutral_policy"": 1.0, ""speech_and_herding_policy"": 0.0}",5,1,0.2857142857142857
f39067db6293a1eef735fdb028cfb1b508c96e842e6995c89348f22fa947399f,39b81fc01d791766d3e7a01bff97d5b51309fb1fac8f63b0edbf5bc3b6f47c41,risk_heterogeneous_policy_seed_42_game_1_day_vote,42,1,risk_heterogeneous_policy,regime_risk_heterogeneous_policy_seed_42_base_1,regime_risk_heterogeneous_policy_seed_42_base_1,regime_risk_heterogeneous_policy_seed_42_base_1,ood_test,C_out_of_distribution,1,day,day_vote,1,village,villager,9,1,1,suspicion_based,9,1,0,1,0,0,1,0,1,10,0,0,0.315,0,0,0.0,0.3,1,0,0,0,0,1,0,0,0.25,0.55,0,0,0,0,0,0,0,0,0,0,0.5,0,0,0.0,9,0,0,2,0.0,0,0,0,0,0,0.44999999999999996,1.3,werewolf,1,0,,,1.0,0.42857142857142855,0.20203050891044214,0.0,0.2857142857142857,7,"{""baseline_rule_policy"": 0.0, ""deception_enabled_policy"": 0.0, ""mixed_rule_policy"": 1.0, ""randomized_legal_policy"": 1.0, ""risk_heterogeneous_policy"": 1.0, ""seat_order_neutral_policy"": 0.0, ""speech_and_herding_policy"": 0.0}",8,2,0.28571428571428575
f39067db6293a1eef735fdb028cfb1b508c96e842e6995c89348f22fa947399f,39b81fc01d791766d3e7a01bff97d5b51309fb1fac8f63b0edbf5bc3b6f47c41,risk_heterogeneous_policy_seed_42_game_1_day_vote,42,1,risk_heterogeneous_policy,regime_risk_heterogeneous_policy_seed_42_base_1,regime_risk_heterogeneous_policy_seed_42_base_1,regime_risk_heterogeneous_policy_seed_42_base_1,ood_test,C_out_of_distribution,1,day,day_vote,1,village,villager,10,1,0,suspicion_based,9,1,0,1,0,0,1,0,1,10,0,0,0.315,0,0,0.0,0.3,1,0,0,0,0,1,0,0,0.0,0.3,0,0,0,0,0,0,0,0,0,0,0.5,0,0,0.0,10,1,0,1,0.0,0,0,0,0,0,0.3,1.425,villager,0,0,,,0.0,0.2857142857142857,0.18442777839082938,0.0,0.2380952380952381,7,"{""baseline_rule_policy"": 0.0, ""deception_enabled_policy"": 1.0, ""mixed_rule_policy"": 0.0, ""randomized_legal_policy"": 1.0, ""risk_heterogeneous_policy"": 0.0, ""seat_order_neutral_policy"": 0.0, ""speech_and_herding_policy"": 0.0}",8,4,0.28571428571428575
f39067db6293a1eef735fdb028cfb1b508c96e842e6995c89348f22fa947399f,39b81fc01d791766d3e7a01bff97d5b51309fb1fac8f63b0edbf5bc3b6f47c41,risk_heterogeneous_policy_seed_42_game_1_day_vote,42,1,risk_heterogeneous_policy,regime_risk_heterogeneous_policy_seed_42_base_1,regime_risk_heterogeneous_policy_seed_42_base_1,regime_risk_heterogeneous_policy_seed_42_base_1,ood_test,C_out_of_distribution,1,day,day_vote,1,village,villager,8,1,0,suspicion_based,9,1,0,1,0,0,1,0,1,10,0,0,0.315,0,0,0.0,0.3,1,0,0,0,0,1,0,0,0.0,0.3,0,0,0,0,0,0,0,0,0,0,0.5,0,0,0.0,8,0,0,3,0.0,0,0,0,0,0,0.3,1.425,werewolf,1,0,,,0.6666666666666666,0.7142857142857143,0.18442777839082938,0.0,0.2380952380952381,7,"{""baseline_rule_policy"": 1.0, ""deception_enabled_policy"": 1.0, ""mixed_rule_policy"": 1.0, ""randomized_legal_policy"": 0.0, ""risk_heterogeneous_policy"": 1.0, ""seat_order_neutral_policy"": 0.0, ""speech_and_herding_policy"": 1.0}",8,1,0.28571428571428575
f39067db6293a1eef735fdb028cfb1b508c96e842e6995c89348f22fa947399f,39b81fc01d791766d3e7a01bff97d5b51309fb1fac8f63b0edbf5bc3b6f47c41,risk_heterogeneous_policy_seed_42_game_1_day_vote,42,1,risk_heterogeneous_policy,regime_risk_heterogeneous_policy_seed_42_base_1,regime_risk_heterogeneous_policy_seed_42_base_1,regime_risk_heterogeneous_policy_seed_42_base_1,ood_test,C_out_of_distribution,1,day,day_vote,1,village,villager,5,1,0,suspicion_based,9,1,0,1,0,0,1,0,1,10,0,0,0.315,0,0,0.0,0.3,1,0,0,0,0,1,0,0,0.0,0.3,0,0,0,0,0,0,0,0,0,0,0.5,0,0,0.0,5,1,1,4,0.0,0,0,0,0,0,0.3,1.425,werewolf,1,0,,,1.0,0.42857142857142855,0.20203050891044214,0.0,0.2857142857142857,7,"{""baseline_rule_policy"": 1.0, ""deception_enabled_policy"": 1.0, ""mixed_rule_policy"": 0.0, ""randomized_legal_policy"": 1.0, ""risk_heterogeneous_policy"": 0.0, ""seat_order_neutral_policy"": 0.0, ""speech_and_herding_policy"": 0.0}",8,2,0.28571428571428575
20d6d8ef81ed6fde6a757ab42a015482985980063889e3173d1858bc64b98609,d326fdb59bfbbf899c16d9310bb8667b21e81cb63402c446c3f9c7fedd53bcb1,risk_heterogeneous_policy_seed_42_game_2_day_vote,42,2,risk_heterogeneous_policy,regime_risk_heterogeneous_policy_seed_42_base_2,regime_risk_heterogeneous_policy_seed_42_base_2,regime_risk_heterogeneous_policy_seed_42_base_2,ood_test,C_out_of_distribution,1,day,day_vote,1,village,hunter,5,1,1,suspicion_based,5,1,0,1,0,0,1,0,1,10,0,0,0.28500000000000003,0,0,0.0,0.3,0,0,0,0,0,1,0,0,0.0,0.3,0,0,0,0,0,0,0,0,0,0,0.5,0,0,0.0,5,1,1,4,0.0,0,0,0,0,0,0.3,1.425,werewolf,1,0,,,1.0,0.42857142857142855,0.20203050891044214,0.0,0.2857142857142857,7,"{""baseline_rule_policy"": 1.0, ""deception_enabled_policy"": 0.0, ""mixed_rule_policy"": 1.0, ""randomized_legal_policy"": 0.0, ""risk_heterogeneous_policy"": 0.0, ""seat_order_neutral_policy"": 0.0, ""speech_and_herding_policy"": 1.0}",10,3,0.14285714285714285
20d6d8ef81ed6fde6a757ab42a015482985980063889e3173d1858bc64b98609,d326fdb59bfbbf899c16d9310bb8667b21e81cb63402c446c3f9c7fedd53bcb1,risk_heterogeneous_policy_seed_42_game_2_day_vote,42,2,risk_heterogeneous_policy,regime_risk_heterogeneous_policy_seed_42_base_2,regime_risk_heterogeneous_policy_seed_42_base_2,regime_risk_heterogeneous_policy_seed_42_base_2,ood_test,C_out_of_distribution,1,day,day_vote,1,village,hunter,10,1,0,suspicion_based,5,1,0,1,0,0,1,0,1,10,0,0,0.28500000000000003,0,0,0.0,0.3,0,0,0,0,0,1,0,0,0.0,0.3,0,0,0,0,0,0,0,0,0,0,0.5,0,0,0.0,10,1,0,1,0.0,0,0,0,0,0,0.3,1.425,villager,0,0,,,0.3333333333333333,0.5714285714285714,0.20203050891044216,0.0,0.28571428571428575,7,"{""baseline_rule_policy"": 0.0, ""deception_enabled_policy"": 1.0, ""mixed_rule_policy"": 1.0, ""randomized_legal_policy"": 1.0, ""risk_heterogeneous_policy"": 0.0, ""seat_order_neutral_policy"": 0.0, ""speech_and_herding_policy"": 1.0}",10,1,0.14285714285714285
20d6d8ef81ed6fde6a757ab42a015482985980063889e3173d1858bc64b98609,d326fdb59bfbbf899c16d9310bb8667b21e81cb63402c446c3f9c7fedd53bcb1,risk_heterogeneous_policy_seed_42_game_2_day_vote,42,2,risk_heterogeneous_policy,regime_risk_heterogeneous_policy_seed_42_base_2,regime_risk_heterogeneous_policy_seed_42_base_2,regime_risk_heterogeneous_policy_seed_42_base_2,ood_test,C_out_of_distribution,1,day,day_vote,1,village,hunter,7,1,0,suspicion_based,5,1,0,1,0,0,1,0,1,10,0,0,0.28500000000000003,0,0,0.0,0.3,0,0,0,0,0,1,0,0,0.0,0.3,0,0,0,0,0,0,0,0,0,0,0.5,0,0,0.0,7,0,0,4,0.0,0,0,0,0,0,0.3,1.425,werewolf,1,0,,,0.6666666666666666,0.5714285714285714,0.20203050891044216,0.0,0.28571428571428575,7,"{""baseline_rule_policy"": 1.0, ""deception_enabled_policy"": 1.0, ""mixed_rule_policy"": 0.0, ""randomized_legal_policy"": 1.0, ""risk_heterogeneous_policy"": 0.0, ""seat_order_neutral_policy"": 0.0, ""speech_and_herding_policy"": 1.0}",10,1,0.14285714285714285
20d6d8ef81ed6fde6a757ab42a015482985980063889e3173d1858bc64b98609,d326fdb59bfbbf899c16d9310bb8667b21e81cb63402c446c3f9c7fedd53bcb1,risk_heterogeneous_policy_seed_42_game_2_day_vote,42,2,risk_heterogeneous_policy,regime_risk_heterogeneous_policy_seed_42_base_2,regime_risk_heterogeneous_policy_seed_42_base_2,regime_risk_heterogeneous_policy_seed_42_base_2,ood_test,C_out_of_distribution,1,day,day_vote,1,village,hunter,8,1,0,suspicion_based,5,1,0,1,0,0,1,0,1,10,0,0,0.28500000000000003,0,0,0.0,0.3,0,0,0,0,0,1,0,0,0.0,0.3,0,0,0,0,0,0,0,0,0,0,0.5,0,0,0.0,8,0,0,3,0.0,0,0,0,0,0,0.3,1.425,villager,0,0,,,0.6666666666666666,0.42857142857142855,0.20203050891044214,0.0,0.2857142857142857,7,"{""baseline_rule_policy"": 0.0, ""deception_enabled_policy"": 0.0, ""mixed_rule_policy"": 0.0, ""randomized_legal_policy"": 1.0, ""risk_heterogeneous_policy"": 1.0, ""seat_order_neutral_policy"": 1.0, ""speech_and_herding_policy"": 0.0}",10,3,0.14285714285714285
210aeb0fc27fddccfc82a47d2a940fdc377c25f7a822819040c2daa46e86cad1,6aa2082a92d37d608b896007c03713d0b9d8dba2c667cd182fe8017bf8347f30,risk_heterogeneous_policy_seed_43_game_1_day_vote,43,1,risk_heterogeneous_policy,regime_risk_heterogeneous_policy_seed_43_base_1,regime_risk_heterogeneous_policy_seed_43_base_1,regime_risk_heterogeneous_policy_seed_43_base_1,ood_test,C_out_of_distribution,1,day,day_vote,1,village,villager,8,1,1,suspicion_based,8,1,0,1,0,0,1,0,1,9,1,1,0.28500000000000003,0,1,0.0,0.3,0,0,0,0,0,1,0,0,0.0,0.3,0,0,0,0,0,0,0,0,0,0,0.5,0,0,0.0,8,0,0,3,0.0,0,0,0,0,0,0.3,1.425,werewolf,1,0,,,0.6666666666666666,0.0,0.0,0.0,0.0,7,"{""baseline_rule_policy"": 0.0, ""deception_enabled_policy"": 0.0, ""mixed_rule_policy"": 0.0, ""randomized_legal_policy"": 0.0, ""risk_heterogeneous_policy"": 0.0, ""seat_order_neutral_policy"": 0.0, ""speech_and_herding_policy"": 0.0}",10,1,0.0
210aeb0fc27fddccfc82a47d2a940fdc377c25f7a822819040c2daa46e86cad1,6aa2082a92d37d608b896007c03713d0b9d8dba2c667cd182fe8017bf8347f30,risk_heterogeneous_policy_seed_43_game_1_day_vote,43,1,risk_heterogeneous_policy,regime_risk_heterogeneous_policy_seed_43_base_1,regime_risk_heterogeneous_policy_seed_43_base_1,regime_risk_heterogeneous_policy_seed_43_base_1,ood_test,C_out_of_distribution,1,day,day_vote,1,village,villager,2,1,0,suspicion_based,8,1,0,1,0,0,1,0,1,9,1,1,0.28500000000000003,0,1,0.0,0.3,0,0,0,0,0,1,0,0,0.0,0.3,0,0,0,0,0,0,0,0,0,0,0.5,0,0,0.0,2,0,1,1,0.0,0,0,0,0,0,0.3,1.425,werewolf,1,0,,,0.6666666666666666,0.0,0.0,0.0,0.0,7,"{""baseline_rule_policy"": 0.0, ""deception_enabled_policy"": 0.0, ""mixed_rule_policy"": 0.0, ""randomized_legal_policy"": 0.0, ""risk_heterogeneous_policy"": 0.0, ""seat_order_neutral_policy"": 0.0, ""speech_and_herding_policy"": 0.0}",10,1,0.0
210aeb0fc27fddccfc82a47d2a940fdc377c25f7a822819040c2daa46e86cad1,6aa2082a92d37d608b896007c03713d0b9d8dba2c667cd182fe8017bf8347f30,risk_heterogeneous_policy_seed_43_game_1_day_vote,43,1,risk_heterogeneous_policy,regime_risk_heterogeneous_policy_seed_43_base_1,regime_risk_heterogeneous_policy_seed_43_base_1,regime_risk_heterogeneous_policy_seed_43_base_1,ood_test,C_out_of_distribution,1,day,day_vote,1,village,villager,10,1,0,suspicion_based,8,1,0,1,0,0,1,0,1,9,1,1,0.28500000000000003,0,1,0.0,0.3,0,0,0,0,0,1,0,0,0.0,0.15,0,0,0,0,0,0,0,0,0,0,0.5,0,0,0.0,10,1,0,1,0.0,0,0,0,0,0,0.15,1.4625,villager,0,0,,,0.3333333333333333,0.0,0.0,0.0,0.0,7,"{""baseline_rule_policy"": 0.0, ""deception_enabled_policy"": 0.0, ""mixed_rule_policy"": 0.0, ""randomized_legal_policy"": 0.0, ""risk_heterogeneous_policy"": 0.0, ""seat_order_neutral_policy"": 0.0, ""speech_and_herding_policy"": 0.0}",10,1,0.0
210aeb0fc27fddccfc82a47d2a940fdc377c25f7a822819040c2daa46e86cad1,6aa2082a92d37d608b896007c03713d0b9d8dba2c667cd182fe8017bf8347f30,risk_heterogeneous_policy_seed_43_game_1_day_vote,43,1,risk_heterogeneous_policy,regime_risk_heterogeneous_policy_seed_43_base_1,regime_risk_heterogeneous_policy_seed_43_base_1,regime_risk_heterogeneous_policy_seed_43_base_1,ood_test,C_out_of_distribution,1,day,day_vote,1,village,villager,9,1,0,suspicion_based,8,1,0,1,0,0,1,0,1,9,1,1,0.28500000000000003,0,1,0.0,0.3,0,0,0,0,0,1,0,0,0.0,0.3,0,0,0,0,0,0,0,0,0,0,0.5,0,0,0.0,9,0,0,2,0.0,0,0,0,0,0,0.3,1.425,villager,0,0,,,0.6666666666666666,0.0,0.0,0.0,0.0,7,"{""baseline_rule_policy"": 0.0, ""deception_enabled_policy"": 0.0, ""mixed_rule_policy"": 0.0, ""randomized_legal_policy"": 0.0, ""risk_heterogeneous_policy"": 0.0, ""seat_order_neutral_policy"": 0.0, ""speech_and_herding_policy"": 0.0}",10,1,0.0
753761d52d149826c273e081e053a85b9f4509e69a4d0c847ebed6b33dbfd0aa,c0e07c6a9192e4d19dfca891feea10b1aeeb9b4bbcdfa160610a388fde328315,risk_heterogeneous_policy_seed_43_game_2_day_vote,43,2,risk_heterogeneous_policy,regime_risk_heterogeneous_policy_seed_43_base_2,regime_risk_heterogeneous_policy_seed_43_base_2,regime_risk_heterogeneous_policy_seed_43_base_2,ood_test,C_out_of_distribution,1,day,day_vote,1,wolf,werewolf,5,1,1,suspicion_based,5,1,0,1,0,0,1,1,0,10,0,0,0.28500000000000003,0,0,0.0,0.3,1,0,0,0,2,1,0,0,0.0,0.3,0,0,0,0,0,0,0,0,0,0,0.5,0,0,0.0,5,1,1,4,0.0,0,0,0,0,0,0.3,1.425,seer,0,1,,,0.3333333333333333,0.7142857142857143,0.18442777839082938,0.0,0.2380952380952381,7,"{""baseline_rule_policy"": 0.0, ""deception_enabled_policy"": 1.0, ""mixed_rule_policy"": 1.0, ""randomized_legal_policy"": 1.0, ""risk_heterogeneous_policy"": 0.0, ""seat_order_neutral_policy"": 1.0, ""speech_and_herding_policy"": 1.0}",2,1,0.0
753761d52d149826c273e081e053a85b9f4509e69a4d0c847ebed6b33dbfd0aa,c0e07c6a9192e4d19dfca891feea10b1aeeb9b4bbcdfa160610a388fde328315,risk_heterogeneous_policy_seed_43_game_2_day_vote,43,2,risk_heterogeneous_policy,regime_risk_heterogeneous_policy_seed_43_base_2,regime_risk_heterogeneous_policy_seed_43_base_2,regime_risk_heterogeneous_policy_seed_43_base_2,ood_test,C_out_of_distribution,1,day,day_vote,1,wolf,werewolf,2,1,0,suspicion_based,5,1,0,1,0,0,1,1,0,10,0,0,0.28500000000000003,0,0,0.0,0.3,1,0,0,0,2,1,0,0,0.0,0.3,0,0,0,0,0,0,0,0,0,0,0.5,0,0,0.0,2,0,1,1,0.0,0,0,0,0,0,0.3,1.425,villager,0,0,,,0.6666666666666666,0.7142857142857143,0.18442777839082938,0.0,0.2380952380952381,7,"{""baseline_rule_policy"": 1.0, ""deception_enabled_policy"": 1.0, ""mixed_rule_policy"": 1.0, ""randomized_legal_policy"": 1.0, ""risk_heterogeneous_policy"": 0.0, ""seat_order_neutral_policy"": 0.0, ""speech_and_herding_policy"": 1.0}",2,1,0.0
753761d52d149826c273e081e053a85b9f4509e69a4d0c847ebed6b33dbfd0aa,c0e07c6a9192e4d19dfca891feea10b1aeeb9b4bbcdfa160610a388fde328315,risk_heterogeneous_policy_seed_43_game_2_day_vote,43,2,risk_heterogeneous_policy,regime_risk_heterogeneous_policy_seed_43_base_2,regime_risk_heterogeneous_policy_seed_43_base_2,regime_risk_heterogeneous_policy_seed_43_base_2,ood_test,C_out_of_distribution,1,day,day_vote,1,wolf,werewolf,10,1,0,suspicion_based,5,1,0,1,0,0,1,1,0,10,0,0,0.28500000000000003,0,0,0.0,0.3,1,0,0,0,2,1,0,0,0.0,0.15,0,0,0,0,0,0,0,0,0,0,0.5,0,0,0.0,10,1,0,1,0.0,0,0,0,0,0,0.15,1.4625,villager,0,0,,,0.3333333333333333,0.5714285714285714,0.20203050891044216,0.0,0.28571428571428575,7,"{""baseline_rule_policy"": 1.0, ""deception_enabled_policy"": 0.0, ""mixed_rule_policy"": 0.0, ""randomized_legal_policy"": 1.0, ""risk_heterogeneous_policy"": 0.0, ""seat_order_neutral_policy"": 1.0, ""speech_and_herding_policy"": 1.0}",2,3,0.0
753761d52d149826c273e081e053a85b9f4509e69a4d0c847ebed6b33dbfd0aa,c0e07c6a9192e4d19dfca891feea10b1aeeb9b4bbcdfa160610a388fde328315,risk_heterogeneous_policy_seed_43_game_2_day_vote,43,2,risk_heterogeneous_policy,regime_risk_heterogeneous_policy_seed_43_base_2,regime_risk_heterogeneous_policy_seed_43_base_2,regime_risk_heterogeneous_policy_seed_43_base_2,ood_test,C_out_of_distribution,1,day,day_vote,1,wolf,werewolf,7,1,0,suspicion_based,5,1,0,1,0,0,1,1,0,10,0,0,0.28500000000000003,0,0,0.0,0.3,1,0,0,0,2,1,0,0,0.0,0.3,0,0,0,0,0,0,0,0,0,0,0.5,0,0,0.0,7,0,0,4,0.0,0,1,0,0,0,0.3,1.425,werewolf,1,0,,,0.3333333333333333,0.5714285714285714,0.20203050891044216,0.0,0.28571428571428575,7,"{""baseline_rule_policy"": 1.0, ""deception_enabled_policy"": 0.0, ""mixed_rule_policy"": 1.0, ""randomized_legal_policy"": 0.0, ""risk_heterogeneous_policy"": 0.0, ""seat_order_neutral_policy"": 1.0, ""speech_and_herding_policy"": 1.0}",2,3,0.0
9b8cb125c8d723c44fb34b77b98d91fddc18277153d89600bf9efab79d37da3c,e9425a80000dbefe9ef611efd1f4c4b3cb629f05746540b0c2a159f9bdcbf8af,risk_heterogeneous_policy_seed_44_game_1_day_vote,44,1,risk_heterogeneous_policy,regime_risk_heterogeneous_policy_seed_44_base_1,regime_risk_heterogeneous_policy_seed_44_base_1,regime_risk_heterogeneous_policy_seed_44_base_1,ood_test,C_out_of_distribution,1,day,day_vote,1,village,villager,8,1,1,suspicion_based,8,1,0,1,0,0,1,0,1,9,1,1,0.28500000000000003,0,1,0.0,0.3,0,1,0,0,0,1,0,0,0.0,0.3,0,0,0,0,0,0,0,0,0,0,0.5,0,0,0.0,8,0,0,3,0.0,0,0,0,0,0,0.3,1.425,seer,0,1,,,0.6666666666666666,0.2857142857142857,0.18442777839082938,0.0,0.2380952380952381,7,"{""baseline_rule_policy"": 1.0, ""deception_enabled_policy"": 0.0, ""mixed_rule_policy"": 0.0, ""randomized_legal_policy"": 1.0, ""risk_heterogeneous_policy"": 0.0, ""seat_order_neutral_policy"": 0.0, ""speech_and_herding_policy"": 0.0}",10,2,0.14285714285714285
9b8cb125c8d723c44fb34b77b98d91fddc18277153d89600bf9efab79d37da3c,e9425a80000dbefe9ef611efd1f4c4b3cb629f05746540b0c2a159f9bdcbf8af,risk_heterogeneous_policy_seed_44_game_1_day_vote,44,1,risk_heterogeneous_policy,regime_risk_heterogeneous_policy_seed_44_base_1,regime_risk_heterogeneous_policy_seed_44_base_1,regime_risk_heterogeneous_policy_seed_44_base_1,ood_test,C_out_of_distribution,1,day,day_vote,1,village,villager,10,1,0,suspicion_based,8,1,0,1,0,0,1,0,1,9,1,1,0.28500000000000003,0,1,0.0,0.3,0,1,0,0,0,1,0,0,0.0,0.3,0,0,0,0,0,0,0,0,0,0,0.5,0,0,0.0,10,1,0,1,0.0,0,0,0,0,0,0.3,1.425,hunter,0,1,,,0.0,0.42857142857142855,0.20203050891044214,0.0,0.2857142857142857,7,"{""baseline_rule_policy"": 0.0, ""deception_enabled_policy"": 1.0, ""mixed_rule_policy"": 0.0, ""randomized_legal_policy"": 1.0, ""risk_heterogeneous_policy"": 1.0, ""seat_order_neutral_policy"": 0.0, ""speech_and_herding_policy"": 0.0}",10,1,0.14285714285714285
9b8cb125c8d723c44fb34b77b98d91fddc18277153d89600bf9efab79d37da3c,e9425a80000dbefe9ef611efd1f4c4b3cb629f05746540b0c2a159f9bdcbf8af,risk_heterogeneous_policy_seed_44_game_1_day_vote,44,1,risk_heterogeneous_policy,regime_risk_heterogeneous_policy_seed_44_base_1,regime_risk_heterogeneous_policy_seed_44_base_1,regime_risk_heterogeneous_policy_seed_44_base_1,ood_test,C_out_of_distribution,1,day,day_vote,1,village,villager,7,1,0,suspicion_based,8,1,0,1,0,0,1,0,1,9,1,1,0.28500000000000003,0,1,0.0,0.3,0,1,0,0,0,1,0,0,0.0,0.3,0,0,0,0,0,0,0,0,0,0,0.5,0,0,0.0,7,0,0,4,0.0,0,0,0,0,0,0.3,1.425,werewolf,1,0,,,0.6666666666666666,0.0,0.0,0.0,0.0,7,"{""baseline_rule_policy"": 0.0, ""deception_enabled_policy"": 0.0, ""mixed_rule_policy"": 0.0, ""randomized_legal_policy"": 0.0, ""risk_heterogeneous_policy"": 0.0, ""seat_order_neutral_policy"": 0.0, ""speech_and_herding_policy"": 0.0}",10,3,0.14285714285714285
9b8cb125c8d723c44fb34b77b98d91fddc18277153d89600bf9efab79d37da3c,e9425a80000dbefe9ef611efd1f4c4b3cb629f05746540b0c2a159f9bdcbf8af,risk_heterogeneous_policy_seed_44_game_1_day_vote,44,1,risk_heterogeneous_policy,regime_risk_heterogeneous_policy_seed_44_base_1,regime_risk_heterogeneous_policy_seed_44_base_1,regime_risk_heterogeneous_policy_seed_44_base_1,ood_test,C_out_of_distribution,1,day,day_vote,1,village,villager,6,1,0,suspicion_based,8,1,0,1,0,0,1,0,1,9,1,1,0.28500000000000003,0,1,0.0,0.3,0,1,0,0,0,1,0,0,0.0,0.3,0,0,0,0,0,0,0,0,0,0,0.5,0,0,0.0,6,1,0,5,0.0,0,0,0,0,0,0.3,1.425,werewolf,1,0,,,0.3333333333333333,0.0,0.0,0.0,0.0,7,"{""baseline_rule_policy"": 0.0, ""deception_enabled_policy"": 0.0, ""mixed_rule_policy"": 0.0, ""randomized_legal_policy"": 0.0, ""risk_heterogeneous_policy"": 0.0, ""seat_order_neutral_policy"": 0.0, ""speech_and_herding_policy"": 0.0}",10,3,0.14285714285714285
63be40bc0eb94399895b96a782e8718c22e6270df0464e5ac3432b792fd133b2,73da9d803616a9d0b112891737602cdf46a18a1186462bd38e88e5af52b3dbc7,risk_heterogeneous_policy_seed_44_game_2_day_vote,44,2,risk_heterogeneous_policy,regime_risk_heterogeneous_policy_seed_44_base_2,regime_risk_heterogeneous_policy_seed_44_base_2,regime_risk_heterogeneous_policy_seed_44_base_2,ood_test,C_out_of_distribution,1,day,day_vote,1,village,villager,5,1,1,suspicion_based,5,1,0,1,0,0,1,0,1,10,0,0,0.28500000000000003,0,0,0.0,0.3,0,0,0,0,0,1,0,0,0.0,0.3,0,0,0,0,0,0,0,0,0,0,0.5,0,0,0.0,5,1,1,4,0.0,0,0,0,0,0,0.3,1.425,werewolf,1,0,,,0.6666666666666666,0.42857142857142855,0.20203050891044214,0.0,0.2857142857142857,7,"{""baseline_rule_policy"": 0.0, ""deception_enabled_policy"": 1.0, ""mixed_rule_policy"": 0.0, ""randomized_legal_policy"": 0.0, ""risk_heterogeneous_policy"": 1.0, ""seat_order_neutral_policy"": 0.0, ""speech_and_herding_policy"": 1.0}",10,1,0.0
63be40bc0eb94399895b96a782e8718c22e6270df0464e5ac3432b792fd133b2,73da9d803616a9d0b112891737602cdf46a18a1186462bd38e88e5af52b3dbc7,risk_heterogeneous_policy_seed_44_game_2_day_vote,44,2,risk_heterogeneous_policy,regime_risk_heterogeneous_policy_seed_44_base_2,regime_risk_heterogeneous_policy_seed_44_base_2,regime_risk_heterogeneous_policy_seed_44_base_2,ood_test,C_out_of_distribution,1,day,day_vote,1,village,villager,10,1,0,suspicion_based,5,1,0,1,0,0,1,0,1,10,0,0,0.28500000000000003,0,0,0.0,0.3,0,0,0,0,0,1,0,0,0.0,0.3,0,0,0,0,0,0,0,0,0,0,0.5,0,0,0.0,10,1,0,1,0.0,0,0,0,0,0,0.3,1.425,hunter,0,1,,,0.3333333333333333,0.42857142857142855,0.20203050891044214,0.0,0.2857142857142857,7,"{""baseline_rule_policy"": 1.0, ""deception_enabled_policy"": 1.0, ""mixed_rule_policy"": 0.0, ""randomized_legal_policy"": 1.0, ""risk_heterogeneous_policy"": 0.0, ""seat_order_neutral_policy"": 0.0, ""speech_and_herding_policy"": 0.0}",10,1,0.0
63be40bc0eb94399895b96a782e8718c22e6270df0464e5ac3432b792fd133b2,73da9d803616a9d0b112891737602cdf46a18a1186462bd38e88e5af52b3dbc7,risk_heterogeneous_policy_seed_44_game_2_day_vote,44,2,risk_heterogeneous_policy,regime_risk_heterogeneous_policy_seed_44_base_2,regime_risk_heterogeneous_policy_seed_44_base_2,regime_risk_heterogeneous_policy_seed_44_base_2,ood_test,C_out_of_distribution,1,day,day_vote,1,village,villager,7,1,0,suspicion_based,5,1,0,1,0,0,1,0,1,10,0,0,0.28500000000000003,0,0,0.0,0.3,0,0,0,0,0,1,0,0,0.0,0.15,0,0,0,0,0,0,0,0,0,0,0.5,0,0,0.0,7,0,0,4,0.0,0,0,0,0,0,0.15,1.4625,villager,0,0,,,0.3333333333333333,0.14285714285714285,0.14285714285714288,0.0,0.14285714285714288,7,"{""baseline_rule_policy"": 0.0, ""deception_enabled_policy"": 0.0, ""mixed_rule_policy"": 0.0, ""randomized_legal_policy"": 0.0, ""risk_heterogeneous_policy"": 1.0, ""seat_order_neutral_policy"": 0.0, ""speech_and_herding_policy"": 0.0}",10,4,0.0
63be40bc0eb94399895b96a782e8718c22e6270df0464e5ac3432b792fd133b2,73da9d803616a9d0b112891737602cdf46a18a1186462bd38e88e5af52b3dbc7,risk_heterogeneous_policy_seed_44_game_2_day_vote,44,2,risk_heterogeneous_policy,regime_risk_heterogeneous_policy_seed_44_base_2,regime_risk_heterogeneous_policy_seed_44_base_2,regime_risk_heterogeneous_policy_seed_44_base_2,ood_test,C_out_of_distribution,1,day,day_vote,1,village,villager,3,1,0,suspicion_based,5,1,0,1,0,0,1,0,1,10,0,0,0.28500000000000003,0,0,0.0,0.3,0,0,0,0,0,1,0,0,0.0,0.3,0,0,0,0,0,0,0,0,0,0,0.5,0,0,0.0,3,0,1,2,0.0,0,0,0,0,0,0.3,1.425,werewolf,1,0,,,1.0,0.42857142857142855,0.20203050891044214,0.0,0.2857142857142857,7,"{""baseline_rule_policy"": 1.0, ""deception_enabled_policy"": 1.0, ""mixed_rule_policy"": 0.0, ""randomized_legal_policy"": 0.0, ""risk_heterogeneous_policy"": 0.0, ""seat_order_neutral_policy"": 0.0, ""speech_and_herding_policy"": 1.0}",10,1,0.0
fe838fcc6d459288cae198b940e340867f6d0145e5a711bd2b62bb8a8e8141eb,b5cecdc16ec35cf188898cbabdc896830aab1dd44c745acae6ec737022889690,risk_heterogeneous_policy_seed_50_game_1_day_vote,50,1,risk_heterogeneous_policy,regime_risk_heterogeneous_policy_seed_50_base_1,regime_risk_heterogeneous_policy_seed_50_base_1,regime_risk_heterogeneous_policy_seed_50_base_1,ood_test,C_out_of_distribution,1,day,day_vote,2,wolf,werewolf,8,1,1,suspicion_based,8,1,0,1,0,0,1,1,0,8,2,2,0.297,0,2,0.0,0.3,0,0,0,0,2,1,0,0,0.0,0.3,0,0,0,0,0,0,0,0,0,0,0.5,0,0,0.0,8,0,0,4,0.0,0,0,0,0,0,0.3,1.425,witch,0,1,,,0.0,0.7142857142857143,0.18442777839082938,0.0,0.2380952380952381,7,"{""baseline_rule_policy"": 1.0, ""deception_enabled_policy"": 1.0, ""mixed_rule_policy"": 0.0, ""randomized_legal_policy"": 1.0, ""risk_heterogeneous_policy"": 1.0, ""seat_order_neutral_policy"": 0.0, ""speech_and_herding_policy"": 1.0}",4,4,0.2857142857142857
fe838fcc6d459288cae198b940e340867f6d0145e5a711bd2b62bb8a8e8141eb,b5cecdc16ec35cf188898cbabdc896830aab1dd44c745acae6ec737022889690,risk_heterogeneous_policy_seed_50_game_1_day_vote,50,1,risk_heterogeneous_policy,regime_risk_heterogeneous_policy_seed_50_base_1,regime_risk_heterogeneous_policy_seed_50_base_1,regime_risk_heterogeneous_policy_seed_50_base_1,ood_test,C_out_of_distribution,1,day,day_vote,2,wolf,werewolf,10,1,0,suspicion_based,8,1,0,1,0,0,1,1,0,8,2,2,0.297,0,2,0.0,0.3,0,0,0,0,2,1,0,0,0.0,0.3,0,0,0,0,0,0,0,0,0,0,0.5,0,0,0.0,10,1,0,2,0.0,0,0,0,0,0,0.3,1.425,villager,0,0,,,0.3333333333333333,0.8571428571428571,0.14285714285714285,0.0,0.14285714285714285,7,"{""baseline_rule_policy"": 0.0, ""deception_enabled_policy"": 1.0, ""mixed_rule_policy"": 1.0, ""randomized_legal_policy"": 1.0, ""risk_heterogeneous_policy"": 1.0, ""seat_order_neutral_policy"": 1.0, ""speech_and_herding_policy"": 1.0}",4,2,0.2857142857142857
fe838fcc6d459288cae198b940e340867f6d0145e5a711bd2b62bb8a8e8141eb,b5cecdc16ec35cf188898cbabdc896830aab1dd44c745acae6ec737022889690,risk_heterogeneous_policy_seed_50_game_1_day_vote,50,1,risk_heterogeneous_policy,regime_risk_heterogeneous_policy_seed_50_base_1,regime_risk_heterogeneous_policy_seed_50_base_1,regime_risk_heterogeneous_policy_seed_50_base_1,ood_test,C_out_of_distribution,1,day,day_vote,2,wolf,werewolf,5,1,0,suspicion_based,8,1,0,1,0,0,1,1,0,8,2,2,0.297,0,2,0.0,0.3,0,0,0,0,2,1,0,0,0.0,0.3,0,0,0,0,0,0,0,0,0,0,0.5,0,0,0.0,5,1,1,3,0.0,0,1,0,0,0,0.3,1.425,werewolf,1,0,,,0.3333333333333333,0.8571428571428571,0.14285714285714285,0.0,0.14285714285714285,7,"{""baseline_rule_policy"": 1.0, ""deception_enabled_policy"": 1.0, ""mixed_rule_policy"": 1.0, ""randomized_legal_policy"": 1.0, ""risk_heterogeneous_policy"": 1.0, ""seat_order_neutral_policy"": 0.0, ""speech_and_herding_policy"": 1.0}",4,2,0.2857142857142857
fe838fcc6d459288cae198b940e340867f6d0145e5a711bd2b62bb8a8e8141eb,b5cecdc16ec35cf188898cbabdc896830aab1dd44c745acae6ec737022889690,risk_heterogeneous_policy_seed_50_game_1_day_vote,50,1,risk_heterogeneous_policy,regime_risk_heterogeneous_policy_seed_50_base_1,regime_risk_heterogeneous_policy_seed_50_base_1,regime_risk_heterogeneous_policy_seed_50_base_1,ood_test,C_out_of_distribution,1,day,day_vote,2,wolf,werewolf,4,1,0,suspicion_based,8,1,0,1,0,0,1,1,0,8,2,2,0.297,0,2,0.0,0.3,0,0,0,0,2,1,0,0,0.0,0.3,0,0,0,0,0,0,0,0,0,0,0.5,0,0,0.0,4,0,1,2,0.0,0,1,0,0,0,0.3,1.425,werewolf,1,0,,,0.0,1.0,0.0,1.0,0.0,7,"{""baseline_rule_policy"": 1.0, ""deception_enabled_policy"": 1.0, ""mixed_rule_policy"": 1.0, ""randomized_legal_policy"": 1.0, ""risk_heterogeneous_policy"": 1.0, ""seat_order_neutral_policy"": 1.0, ""speech_and_herding_policy"": 1.0}",4,1,0.2857142857142857
23c71cfe688205e06c8422e55ae69126af3b2da49d2648ca82ce32a347e1bd30,a55a6412207ad751f9883dd59b79508170cdc1bf913ac2ee7727b07812071ad7,risk_heterogeneous_policy_seed_50_game_2_day_vote,50,2,risk_heterogeneous_policy,regime_risk_heterogeneous_policy_seed_50_base_2,regime_risk_heterogeneous_policy_seed_50_base_2,regime_risk_heterogeneous_policy_seed_50_base_2,ood_test,C_out_of_distribution,1,day,day_vote,1,village,witch,4,1,1,suspicion_based,4,1,0,1,0,0,1,0,1,9,1,1,0.28500000000000003,0,1,0.0,0.3,0,0,0,0,0,1,0,0,0.0,0.3,0,0,0,0,0,0,0,0,0,0,0.5,0,0,0.0,4,0,1,3,0.0,0,0,0,0,0,0.3,1.425,werewolf,1,0,,,0.6666666666666666,0.42857142857142855,0.20203050891044214,0.0,0.2857142857142857,7,"{""baseline_rule_policy"": 0.0, ""deception_enabled_policy"": 0.0, ""mixed_rule_policy"": 1.0, ""randomized_legal_policy"": 0.0, ""risk_heterogeneous_policy"": 1.0, ""seat_order_neutral_policy"": 0.0, ""speech_and_herding_policy"": 1.0}",4,1,0.0
23c71cfe688205e06c8422e55ae69126af3b2da49d2648ca82ce32a347e1bd30,a55a6412207ad751f9883dd59b79508170cdc1bf913ac2ee7727b07812071ad7,risk_heterogeneous_policy_seed_50_game_2_day_vote,50,2,risk_heterogeneous_policy,regime_risk_heterogeneous_policy_seed_50_base_2,regime_risk_heterogeneous_policy_seed_50_base_2,regime_risk_heterogeneous_policy_seed_50_base_2,ood_test,C_out_of_distribution,1,day,day_vote,1,village,witch,2,1,0,suspicion_based,4,1,0,1,0,0,1,0,1,9,1,1,0.28500000000000003,0,1,0.0,0.3,0,0,0,0,0,1,0,0,0.0,0.3,0,0,0,0,0,0,0,0,0,0,0.5,0,0,0.0,2,0,1,1,0.0,0,0,0,0,0,0.3,1.425,villager,0,0,,,1.0,0.14285714285714285,0.14285714285714288,0.0,0.14285714285714288,7,"{""baseline_rule_policy"": 0.0, ""deception_enabled_policy"": 0.0, ""mixed_rule_policy"": 0.0, ""randomized_legal_policy"": 1.0, ""risk_heterogeneous_policy"": 0.0, ""seat_order_neutral_policy"": 0.0, ""speech_and_herding_policy"": 0.0}",4,3,0.0
23c71cfe688205e06c8422e55ae69126af3b2da49d2648ca82ce32a347e1bd30,a55a6412207ad751f9883dd59b79508170cdc1bf913ac2ee7727b07812071ad7,risk_heterogeneous_policy_seed_50_game_2_day_vote,50,2,risk_heterogeneous_policy,regime_risk_heterogeneous_policy_seed_50_base_2,regime_risk_heterogeneous_policy_seed_50_base_2,regime_risk_heterogeneous_policy_seed_50_base_2,ood_test,C_out_of_distribution,1,day,day_vote,1,village,witch,8,1,0,suspicion_based,4,1,0,1,0,0,1,0,1,9,1,1,0.28500000000000003,0,1,0.0,0.3,0,0,0,0,0,1,0,0,0.0,0.3,0,0,0,0,0,0,0,0,0,0,0.5,0,0,0.0,8,0,0,3,0.0,0,0,0,0,0,0.3,1.425,seer,0,1,,,0.0,0.14285714285714285,0.14285714285714288,0.0,0.14285714285714288,7,"{""baseline_rule_policy"": 0.0, ""deception_enabled_policy"": 0.0, ""mixed_rule_policy"": 0.0, ""randomized_legal_policy"": 1.0, ""risk_heterogeneous_policy"": 0.0, ""seat_order_neutral_policy"": 0.0, ""speech_and_herding_policy"": 0.0}",4,3,0.0
23c71cfe688205e06c8422e55ae69126af3b2da49d2648ca82ce32a347e1bd30,a55a6412207ad751f9883dd59b79508170cdc1bf913ac2ee7727b07812071ad7,risk_heterogeneous_policy_seed_50_game_2_day_vote,50,2,risk_heterogeneous_policy,regime_risk_heterogeneous_policy_seed_50_base_2,regime_risk_heterogeneous_policy_seed_50_base_2,regime_risk_heterogeneous_policy_seed_50_base_2,ood_test,C_out_of_distribution,1,day,day_vote,1,village,witch,9,1,0,suspicion_based,4,1,0,1,0,0,1,0,1,9,1,1,0.28500000000000003,0,1,0.0,0.3,0,0,0,0,0,1,0,0,0.0,0.3,0,0,0,0,0,0,0,0,0,0,0.5,0,0,0.0,9,0,0,2,0.0,0,0,0,0,0,0.3,1.425,villager,0,0,,,0.6666666666666666,0.2857142857142857,0.18442777839082938,0.0,0.2380952380952381,7,"{""baseline_rule_policy"": 0.0, ""deception_enabled_policy"": 0.0, ""mixed_rule_policy"": 0.0, ""randomized_legal_policy"": 0.0, ""risk_heterogeneous_policy"": 0.0, ""seat_order_neutral_policy"": 1.0, ""speech_and_herding_policy"": 1.0}",4,2,0.0
ee4a0809faaef32590fe7d873d2715e5101e3aac094b65cafda4231fb8020bdf,6a5a612d581f49e6e774aee70c00ec69165eb118b65a0502b155e844dd836304,risk_heterogeneous_policy_seed_52_game_1_day_vote,52,1,risk_heterogeneous_policy,regime_risk_heterogeneous_policy_seed_52_base_1,regime_risk_heterogeneous_policy_seed_52_base_1,regime_risk_heterogeneous_policy_seed_52_base_1,ood_test,C_out_of_distribution,1,day,day_vote,1,village,villager,10,1,1,suspicion_based,10,1,0,1,0,0,1,0,1,10,0,0,0.28500000000000003,0,0,0.0,0.15,0,1,0,0,0,1,0,0,0.0,0.3,0,0,0,0,0,0,0,0,0,0,0.5,0,0,0.0,10,1,0,1,0.0,0,0,0,0,0,0.3,1.425,villager,0,0,,,0.3333333333333333,0.14285714285714285,0.14285714285714288,0.0,0.14285714285714288,7,"{""baseline_rule_policy"": 0.0, ""deception_enabled_policy"": 0.0, ""mixed_rule_policy"": 0.0, ""randomized_legal_policy"": 1.0, ""risk_heterogeneous_policy"": 0.0, ""seat_order_neutral_policy"": 0.0, ""speech_and_herding_policy"": 0.0}",3,4,0.2857142857142857
ee4a0809faaef32590fe7d873d2715e5101e3aac094b65cafda4231fb8020bdf,6a5a612d581f49e6e774aee70c00ec69165eb118b65a0502b155e844dd836304,risk_heterogeneous_policy_seed_52_game_1_day_vote,52,1,risk_heterogeneous_policy,regime_risk_heterogeneous_policy_seed_52_base_1,regime_risk_heterogeneous_policy_seed_52_base_1,regime_risk_heterogeneous_policy_seed_52_base_1,ood_test,C_out_of_distribution,1,day,day_vote,1,village,villager,2,1,0,suspicion_based,10,1,0,1,0,0,1,0,1,10,0,0,0.28500000000000003,0,0,0.0,0.15,0,1,0,0,0,1,0,0,0.0,0.3,0,0,0,0,0,0,0,0,0,0,0.5,0,0,0.0,2,0,1,1,0.0,0,0,0,0,0,0.3,1.425,witch,0,1,,,0.3333333333333333,0.2857142857142857,0.18442777839082938,0.0,0.2380952380952381,7,"{""baseline_rule_policy"": 1.0, ""deception_enabled_policy"": 0.0, ""mixed_rule_policy"": 1.0, ""randomized_legal_policy"": 0.0, ""risk_heterogeneous_policy"": 0.0, ""seat_order_neutral_policy"": 0.0, ""speech_and_herding_policy"": 0.0}",3,2,0.2857142857142857
ee4a0809faaef32590fe7d873d2715e5101e3aac094b65cafda4231fb8020bdf,6a5a612d581f49e6e774aee70c00ec69165eb118b65a0502b155e844dd836304,risk_heterogeneous_policy_seed_52_game_1_day_vote,52,1,risk_heterogeneous_policy,regime_risk_heterogeneous_policy_seed_52_base_1,regime_risk_heterogeneous_policy_seed_52_base_1,regime_risk_heterogeneous_policy_seed_52_base_1,ood_test,C_out_of_distribution,1,day,day_vote,1,village,villager,3,1,0,suspicion_based,10,1,0,1,0,0,1,0,1,10,0,0,0.28500000000000003,0,0,0.0,0.15,0,1,0,0,0,1,0,0,0.0,0.3,0,0,0,0,0,0,0,0,0,0,0.5,0,0,0.0,3,0,1,2,0.0,0,0,0,0,0,0.3,1.425,villager,0,0,,,0.6666666666666666,0.42857142857142855,0.20203050891044214,0.0,0.2857142857142857,7,"{""baseline_rule_policy"": 1.0, ""deception_enabled_policy"": 1.0, ""mixed_rule_policy"": 0.0, ""randomized_legal_policy"": 1.0, ""risk_heterogeneous_policy"": 0.0, ""seat_order_neutral_policy"": 0.0, ""speech_and_herding_policy"": 0.0}",3,1,0.2857142857142857
ee4a0809faaef32590fe7d873d2715e5101e3aac094b65cafda4231fb8020bdf,6a5a612d581f49e6e774aee70c00ec69165eb118b65a0502b155e844dd836304,risk_heterogeneous_policy_seed_52_game_1_day_vote,52,1,risk_heterogeneous_policy,regime_risk_heterogeneous_policy_seed_52_base_1,regime_risk_heterogeneous_policy_seed_52_base_1,regime_risk_heterogeneous_policy_seed_52_base_1,ood_test,C_out_of_distribution,1,day,day_vote,1,village,villager,9,1,0,suspicion_based,10,1,0,1,0,0,1,0,1,10,0,0,0.28500000000000003,0,0,0.0,0.15,0,1,0,0,0,1,0,0,0.0,0.3,0,0,0,0,0,0,0,0,0,0,0.5,0,0,0.0,9,0,0,2,0.0,0,0,0,0,0,0.3,1.425,villager,0,0,,,0.6666666666666666,0.2857142857142857,0.18442777839082938,0.0,0.2380952380952381,7,"{""baseline_rule_policy"": 1.0, ""deception_enabled_policy"": 0.0, ""mixed_rule_policy"": 0.0, ""randomized_legal_policy"": 0.0, ""risk_heterogeneous_policy"": 1.0, ""seat_order_neutral_policy"": 0.0, ""speech_and_herding_policy"": 0.0}",3,2,0.2857142857142857
f5aac9b1021d5b4a70b3c41f3cab2d09cf127d1204951b0ca15c2f414434f9ae,5923ed5d809cf3af3592a9c09047c31cc8ad826466245a37ee8a99d935ffa3c8,risk_heterogeneous_policy_seed_52_game_2_day_vote,52,2,risk_heterogeneous_policy,regime_risk_heterogeneous_policy_seed_52_base_2,regime_risk_heterogeneous_policy_seed_52_base_2,regime_risk_heterogeneous_policy_seed_52_base_2,ood_test,C_out_of_distribution,1,day,day_vote,1,village,seer,6,1,1,suspicion_based,6,1,0,1,0,0,1,0,1,10,0,0,0.315,0,0,0.0,0.3,0,1,0,0,0,1,1,0,0.25,0.55,0,0,0,0,0,0,0,0,0,0,0.5,0,0,0.0,6,1,0,5,0.0,0,1,0,0,0,0.44999999999999996,1.3,werewolf,1,0,,,0.6666666666666666,0.2857142857142857,0.18442777839082938,0.0,0.2380952380952381,7,"{""baseline_rule_policy"": 0.0, ""deception_enabled_policy"": 0.0, ""mixed_rule_policy"": 1.0, ""randomized_legal_policy"": 1.0, ""risk_heterogeneous_policy"": 0.0, ""seat_order_neutral_policy"": 0.0, ""speech_and_herding_policy"": 0.0}",5,3,0.14285714285714285
f5aac9b1021d5b4a70b3c41f3cab2d09cf127d1204951b0ca15c2f414434f9ae,5923ed5d809cf3af3592a9c09047c31cc8ad826466245a37ee8a99d935ffa3c8,risk_heterogeneous_policy_seed_52_game_2_day_vote,52,2,risk_heterogeneous_policy,regime_risk_heterogeneous_policy_seed_52_base_2,regime_risk_heterogeneous_policy_seed_52_base_2,regime_risk_heterogeneous_policy_seed_52_base_2,ood_test,C_out_of_distribution,1,day,day_vote,1,village,seer,5,1,0,suspicion_based,6,1,0,1,0,0,1,0,1,10,0,0,0.315,0,0,0.0,0.3,0,1,0,0,0,1,0,0,0.0,0.3,0,0,0,0,0,0,0,0,0,0,0.5,0,0,0.0,5,1,1,4,0.0,0,0,0,0,0,0.3,1.425,villager,0,0,,,0.0,0.42857142857142855,0.20203050891044214,0.0,0.2857142857142857,7,"{""baseline_rule_policy"": 1.0, ""deception_enabled_policy"": 1.0, ""mixed_rule_policy"": 1.0, ""randomized_legal_policy"": 0.0, ""risk_heterogeneous_policy"": 0.0, ""seat_order_neutral_policy"": 0.0, ""speech_and_herding_policy"": 0.0}",5,1,0.14285714285714285
f5aac9b1021d5b4a70b3c41f3cab2d09cf127d1204951b0ca15c2f414434f9ae,5923ed5d809cf3af3592a9c09047c31cc8ad826466245a37ee8a99d935ffa3c8,risk_heterogeneous_policy_seed_52_game_2_day_vote,52,2,risk_heterogeneous_policy,regime_risk_heterogeneous_policy_seed_52_base_2,regime_risk_heterogeneous_policy_seed_52_base_2,regime_risk_heterogeneous_policy_seed_52_base_2,ood_test,C_out_of_distribution,1,day,day_vote,1,village,seer,3,1,0,suspicion_based,6,1,0,1,0,0,1,0,1,10,0,0,0.315,0,0,0.0,0.3,0,1,0,0,0,1,0,0,0.0,0.3,0,0,0,0,0,0,0,0,0,0,0.5,0,0,0.0,3,0,1,2,0.0,0,0,0,0,0,0.3,1.425,werewolf,1,0,,,0.6666666666666666,0.2857142857142857,0.18442777839082938,0.0,0.2380952380952381,7,"{""baseline_rule_policy"": 1.0, ""deception_enabled_policy"": 0.0, ""mixed_rule_policy"": 0.0, ""randomized_legal_policy"": 0.0, ""risk_heterogeneous_policy"": 1.0, ""seat_order_neutral_policy"": 0.0, ""speech_and_herding_policy"": 0.0}",5,3,0.14285714285714285
f5aac9b1021d5b4a70b3c41f3cab2d09cf127d1204951b0ca15c2f414434f9ae,5923ed5d809cf3af3592a9c09047c31cc8ad826466245a37ee8a99d935ffa3c8,risk_heterogeneous_policy_seed_52_game_2_day_vote,52,2,risk_heterogeneous_policy,regime_risk_heterogeneous_policy_seed_52_base_2,regime_risk_heterogeneous_policy_seed_52_base_2,regime_risk_heterogeneous_policy_seed_52_base_2,ood_test,C_out_of_distribution,1,day,day_vote,1,village,seer,9,1,0,suspicion_based,6,1,0,1,0,0,1,0,1,10,0,0,0.315,0,0,0.0,0.3,0,1,0,0,0,1,0,0,0.0,0.3,0,0,0,0,0,0,0,0,0,0,0.5,0,0,0.0,9,0,0,2,0.0,0,0,0,0,0,0.3,1.425,villager,0,0,,,0.6666666666666666,0.42857142857142855,0.20203050891044214,0.0,0.2857142857142857,7,"{""baseline_rule_policy"": 1.0, ""deception_enabled_policy"": 0.0, ""mixed_rule_policy"": 0.0, ""randomized_legal_policy"": 1.0, ""risk_heterogeneous_policy"": 1.0, ""seat_order_neutral_policy"": 0.0, ""speech_and_herding_policy"": 0.0}",5,1,0.14285714285714285
dd470767f4966e86596caa649c230944994db03320f2e7b2d8712eca49355da1,e54729c90d665f29aff8c243dd74ec2e3c1e4fb2964f6a132f4c9ef1989a4de0,risk_heterogeneous_policy_seed_53_game_1_day_vote,53,1,risk_heterogeneous_policy,regime_risk_heterogeneous_policy_seed_53_base_1,regime_risk_heterogeneous_policy_seed_53_base_1,regime_risk_heterogeneous_policy_seed_53_base_1,ood_test,C_out_of_distribution,1,day,day_vote,1,wolf,werewolf,9,1,1,suspicion_based,9,1,0,1,0,0,1,1,0,8,2,2,0.303,0,2,0.0,0.3,0,1,0,0,1,1,0,0,0.0,0.3,0,0,0,0,0,0,0,0,0,0,0.5,0,0,0.0,9,0,0,2,0.0,0,0,0,0,0,0.3,1.425,hunter,0,1,,,0.6666666666666666,0.2857142857142857,0.18442777839082938,0.0,0.2380952380952381,7,"{""baseline_rule_policy"": 0.0, ""deception_enabled_policy"": 0.0, ""mixed_rule_policy"": 0.0, ""randomized_legal_policy"": 1.0, ""risk_heterogeneous_policy"": 0.0, ""seat_order_neutral_policy"": 1.0, ""speech_and_herding_policy"": 0.0}",2,2,0.14285714285714285
dd470767f4966e86596caa649c230944994db03320f2e7b2d8712eca49355da1,e54729c90d665f29aff8c243dd74ec2e3c1e4fb2964f6a132f4c9ef1989a4de0,risk_heterogeneous_policy_seed_53_game_1_day_vote,53,1,risk_heterogeneous_policy,regime_risk_heterogeneous_policy_seed_53_base_1,regime_risk_heterogeneous_policy_seed_53_base_1,regime_risk_heterogeneous_policy_seed_53_base_1,ood_test,C_out_of_distribution,1,day,day_vote,1,wolf,werewolf,2,1,0,suspicion_based,9,1,0,1,0,0,1,1,0,8,2,2,0.303,0,2,0.0,0.3,0,1,0,0,1,1,0,0,0.0,0.3,0,0,0,0,0,0,0,0,0,0,0.5,0,0,0.0,2,0,1,1,0.0,0,0,0,0,0,0.3,1.425,villager,0,0,,,1.0,0.42857142857142855,0.20203050891044214,0.0,0.2857142857142857,7,"{""baseline_rule_policy"": 1.0, ""deception_enabled_policy"": 0.0, ""mixed_rule_policy"": 0.0, ""randomized_legal_policy"": 0.0, ""risk_heterogeneous_policy"": 1.0, ""seat_order_neutral_policy"": 1.0, ""speech_and_herding_policy"": 0.0}",2,1,0.14285714285714285
dd470767f4966e86596caa649c230944994db03320f2e7b2d8712eca49355da1,e54729c90d665f29aff8c243dd74ec2e3c1e4fb2964f6a132f4c9ef1989a4de0,risk_heterogeneous_policy_seed_53_game_1_day_vote,53,1,risk_heterogeneous_policy,regime_risk_heterogeneous_policy_seed_53_base_1,regime_risk_heterogeneous_policy_seed_53_base_1,regime_risk_heterogeneous_policy_seed_53_base_1,ood_test,C_out_of_distribution,1,day,day_vote,1,wolf,werewolf,6,1,0,suspicion_based,9,1,0,1,0,0,1,1,0,8,2,2,0.303,0,2,0.0,0.3,0,1,0,0,1,1,0,0,0.0,0.3,0,0,0,0,0,0,0,0,0,0,0.5,0,0,0.0,6,1,0,5,0.0,0,1,0,0,0,0.3,1.425,werewolf,1,0,,,0.3333333333333333,0.14285714285714285,0.14285714285714288,0.0,0.14285714285714288,7,"{""baseline_rule_policy"": 0.0, ""deception_enabled_policy"": 0.0, ""mixed_rule_policy"": 1.0, ""randomized_legal_policy"": 0.0, ""risk_heterogeneous_policy"": 0.0, ""seat_order_neutral_policy"": 0.0, ""speech_and_herding_policy"": 0.0}",2,4,0.14285714285714285
dd470767f4966e86596caa649c230944994db03320f2e7b2d8712eca49355da1,e54729c90d665f29aff8c243dd74ec2e3c1e4fb2964f6a132f4c9ef1989a4de0,risk_heterogeneous_policy_seed_53_game_1_day_vote,53,1,risk_heterogeneous_policy,regime_risk_heterogeneous_policy_seed_53_base_1,regime_risk_heterogeneous_policy_seed_53_base_1,regime_risk_heterogeneous_policy_seed_53_base_1,ood_test,C_out_of_distribution,1,day,day_vote,1,wolf,werewolf,5,1,0,suspicion_based,9,1,0,1,0,0,1,1,0,8,2,2,0.303,0,2,0.0,0.3,0,1,0,0,1,1,0,0,0.0,0.3,0,0,0,0,0,0,0,0,0,0,0.5,0,0,0.0,5,1,1,4,0.0,0,0,0,0,0,0.3,1.425,seer,0,1,,,0.3333333333333333,0.2857142857142857,0.18442777839082938,0.0,0.2380952380952381,7,"{""baseline_rule_policy"": 0.0, ""deception_enabled_policy"": 0.0, ""mixed_rule_policy"": 0.0, ""randomized_legal_policy"": 0.0, ""risk_heterogeneous_policy"": 1.0, ""seat_order_neutral_policy"": 1.0, ""speech_and_herding_policy"": 0.0}",2,2,0.14285714285714285
8b196b8e8d3e0231e0231cbf7a02da01f43796ce10e25f4894b64df5aeb07e0d,a77e151b7c11d77de2dbf67a2731d31bc5db80611fea8f6ede2921a229b5ef34,risk_heterogeneous_policy_seed_53_game_2_day_vote,53,2,risk_heterogeneous_policy,regime_risk_heterogeneous_policy_seed_53_base_2,regime_risk_heterogeneous_policy_seed_53_base_2,regime_risk_heterogeneous_policy_seed_53_base_2,ood_test,C_out_of_distribution,1,day,day_vote,1,wolf,werewolf,7,1,1,suspicion_based,7,1,0,1,0,0,1,1,0,10,0,0,0.315,0,0,0.0,0.3,0,0,0,0,2,1,0,0,0.25,0.55,0,0,0,0,0,0,0,0,0,0,0.5,0,0,0.0,7,0,0,4,0.0,0,1,0,0,0,0.44999999999999996,1.3,werewolf,1,0,,,0.0,0.5714285714285714,0.20203050891044216,0.0,0.28571428571428575,7,"{""baseline_rule_policy"": 1.0, ""deception_enabled_policy"": 1.0, ""mixed_rule_policy"": 0.0, ""randomized_legal_policy"": 0.0, ""risk_heterogeneous_policy"": 0.0, ""seat_order_neutral_policy"": 1.0, ""speech_and_herding_policy"": 1.0}",10,1,0.0
8b196b8e8d3e0231e0231cbf7a02da01f43796ce10e25f4894b64df5aeb07e0d,a77e151b7c11d77de2dbf67a2731d31bc5db80611fea8f6ede2921a229b5ef34,risk_heterogeneous_policy_seed_53_game_2_day_vote,53,2,risk_heterogeneous_policy,regime_risk_heterogeneous_policy_seed_53_base_2,regime_risk_heterogeneous_policy_seed_53_base_2,regime_risk_heterogeneous_policy_seed_53_base_2,ood_test,C_out_of_distribution,1,day,day_vote,1,wolf,werewolf,10,1,0,suspicion_based,7,1,0,1,0,0,1,1,0,10,0,0,0.315,0,0,0.0,0.3,0,0,0,0,2,1,0,0,0.0,0.3,0,0,0,0,0,0,0,0,0,0,0.5,0,0,0.0,10,1,0,1,0.0,0,0,0,0,0,0.3,1.425,witch,0,1,,,0.6666666666666666,0.5714285714285714,0.20203050891044216,0.0,0.28571428571428575,7,"{""baseline_rule_policy"": 0.0, ""deception_enabled_policy"": 1.0, ""mixed_rule_policy"": 0.0, ""randomized_legal_policy"": 1.0, ""risk_heterogeneous_policy"": 0.0, ""seat_order_neutral_policy"": 1.0, ""speech_and_herding_policy"": 1.0}",10,1,0.0
8b196b8e8d3e0231e0231cbf7a02da01f43796ce10e25f4894b64df5aeb07e0d,a77e151b7c11d77de2dbf67a2731d31bc5db80611fea8f6ede2921a229b5ef34,risk_heterogeneous_policy_seed_53_game_2_day_vote,53,2,risk_heterogeneous_policy,regime_risk_heterogeneous_policy_seed_53_base_2,regime_risk_heterogeneous_policy_seed_53_base_2,regime_risk_heterogeneous_policy_seed_53_base_2,ood_test,C_out_of_distribution,1,day,day_vote,1,wolf,werewolf,3,1,0,suspicion_based,7,1,0,1,0,0,1,1,0,10,0,0,0.315,0,0,0.0,0.3,0,0,0,0,2,1,0,0,0.0,0.3,0,0,0,0,0,0,0,0,0,0,0.5,0,0,0.0,3,0,1,2,0.0,0,1,0,0,0,0.3,1.425,werewolf,1,0,,,0.6666666666666666,0.42857142857142855,0.20203050891044214,0.0,0.2857142857142857,7,"{""baseline_rule_policy"": 0.0, ""deception_enabled_policy"": 0.0, ""mixed_rule_policy"": 0.0, ""randomized_legal_policy"": 0.0, ""risk_heterogeneous_policy"": 1.0, ""seat_order_neutral_policy"": 1.0, ""speech_and_herding_policy"": 1.0}",10,4,0.0
8b196b8e8d3e0231e0231cbf7a02da01f43796ce10e25f4894b64df5aeb07e0d,a77e151b7c11d77de2dbf67a2731d31bc5db80611fea8f6ede2921a229b5ef34,risk_heterogeneous_policy_seed_53_game_2_day_vote,53,2,risk_heterogeneous_policy,regime_risk_heterogeneous_policy_seed_53_base_2,regime_risk_heterogeneous_policy_seed_53_base_2,regime_risk_heterogeneous_policy_seed_53_base_2,ood_test,C_out_of_distribution,1,day,day_vote,1,wolf,werewolf,8,1,0,suspicion_based,7,1,0,1,0,0,1,1,0,10,0,0,0.315,0,0,0.0,0.3,0,0,0,0,2,1,0,0,0.0,0.3,0,0,0,0,0,0,0,0,0,0,0.5,0,0,0.0,8,0,0,3,0.0,0,0,0,0,0,0.3,1.425,villager,0,0,,,0.6666666666666666,0.5714285714285714,0.20203050891044216,0.0,0.28571428571428575,7,"{""baseline_rule_policy"": 1.0, ""deception_enabled_policy"": 1.0, ""mixed_rule_policy"": 1.0, ""randomized_legal_policy"": 0.0, ""risk_heterogeneous_policy"": 0.0, ""seat_order_neutral_policy"": 1.0, ""speech_and_herding_policy"": 0.0}",10,1,0.0
