decision_id,observation_id,game_id,seed,base_game_index,behavioral_regime_id,game_family_id,base_configuration_id,split_group_id,split_name,split_level,round,phase,decision_type,actor_uid,actor_team,actor_role_if_self_known,candidate_uid,action_legal,action_selected_by_existing_policy,existing_policy_name,selected_candidate_uid,round_number,phase_is_night,phase_is_day,decision_type_is_seer_check,decision_type_is_wolf_kill,decision_type_is_day_vote,actor_team_is_wolf,actor_team_is_village,alive_count,dead_count,public_revealed_role_count,public_information_entropy_proxy,number_of_public_check_results,number_of_previous_eliminations,actor_suspicion_score,actor_p_wolf,actor_risk_conservative,actor_risk_aggressive,actor_previous_votes_made,actor_previous_speeches_made,actor_known_teammate_count,candidate_alive,candidate_checked_by_actor_status,candidate_public_role_known,candidate_suspicion_score,candidate_p_wolf,candidate_received_accusations,candidate_made_accusations,candidate_wrong_accusation_count,candidate_vote_received_count,candidate_vote_made_count,candidate_vote_switch_count,candidate_speech_count,candidate_defense_count,candidate_role_claim_count,candidate_special_role_claim_count,candidate_trust_from_actor,candidate_conflict_with_actor,candidate_support_from_actor,candidate_public_influence_proxy,candidate_physical_seat_numeric,candidate_seat_is_edge,candidate_side_is_left,candidate_distance_from_actor,candidate_search_coverage_bonus,candidate_was_previously_targeted_by_actor,candidate_known_wolf_to_actor,candidate_known_village_to_actor,candidate_current_vote_count,current_vote_total,candidate_uncertainty_proxy,candidate_survival_proxy,true_candidate_role_label,candidate_is_wolf_label,candidate_is_special_label,eventual_winner_label,actor_team_win_label,surrogate_rollout_value,full_rollout_mean_team_win_rate,full_rollout_team_win_standard_error,full_rollout_worst_case_team_win_rate,full_rollout_value_variance_across_policies,full_rollout_count,full_rollout_policy_values_json,full_rollout_best_action,full_rollout_value_rank_within_decision,full_rollout_existing_policy_regret
33c38928c575bd549cdb07374e414e019cdda1a0fc582ce192131b28de397e70,10513d6ab909ac72c794c5b7917c2a94c089cc66fc506898a181332f7952e59d,baseline_rule_policy_seed_42_game_1_seer_check,42,1,baseline_rule_policy,regime_baseline_rule_policy_seed_42_base_1,regime_baseline_rule_policy_seed_42_base_1,regime_baseline_rule_policy_seed_42_base_1,train,A_in_distribution,1,night,seer_check,9,village,seer,4,1,1,information_gain_proxy,4,1,1,0,1,0,0,0,1,10,0,0,0.3,0,0,0.0,0.3,0,0,0,0,0,1,0,0,0.0,0.3,0,0,0,0,0,0,0,0,0,0,0.5,0,0,0.0,4,0,1,5,1.0,0,0,0,0,0,0.3,1.425,villager,0,0,,,0.3333333333333333,0.0,0.0,0.0,0.0,7,"{""baseline_rule_policy"": 0.0, ""deception_enabled_policy"": 0.0, ""mixed_rule_policy"": 0.0, ""randomized_legal_policy"": 0.0, ""risk_heterogeneous_policy"": 0.0, ""seat_order_neutral_policy"": 0.0, ""speech_and_herding_policy"": 0.0}",2,3,0.14285714285714285
33c38928c575bd549cdb07374e414e019cdda1a0fc582ce192131b28de397e70,10513d6ab909ac72c794c5b7917c2a94c089cc66fc506898a181332f7952e59d,baseline_rule_policy_seed_42_game_1_seer_check,42,1,baseline_rule_policy,regime_baseline_rule_policy_seed_42_base_1,regime_baseline_rule_policy_seed_42_base_1,regime_baseline_rule_policy_seed_42_base_1,train,A_in_distribution,1,night,seer_check,9,village,seer,1,1,0,information_gain_proxy,4,1,1,0,1,0,0,0,1,10,0,0,0.3,0,0,0.0,0.3,0,0,0,0,0,1,0,0,0.0,0.3,0,0,0,0,0,0,0,0,0,0,0.5,0,0,0.0,1,1,1,2,0.4,0,0,0,0,0,0.3,1.425,werewolf,1,0,,,1.0,0.0,0.0,0.0,0.0,7,"{""baseline_rule_policy"": 0.0, ""deception_enabled_policy"": 0.0, ""mixed_rule_policy"": 0.0, ""randomized_legal_policy"": 0.0, ""risk_heterogeneous_policy"": 0.0, ""seat_order_neutral_policy"": 0.0, ""speech_and_herding_policy"": 0.0}",2,3,0.14285714285714285
33c38928c575bd549cdb07374e414e019cdda1a0fc582ce192131b28de397e70,10513d6ab909ac72c794c5b7917c2a94c089cc66fc506898a181332f7952e59d,baseline_rule_policy_seed_42_game_1_seer_check,42,1,baseline_rule_policy,regime_baseline_rule_policy_seed_42_base_1,regime_baseline_rule_policy_seed_42_base_1,regime_baseline_rule_policy_seed_42_base_1,train,A_in_distribution,1,night,seer_check,9,village,seer,7,1,0,information_gain_proxy,4,1,1,0,1,0,0,0,1,10,0,0,0.3,0,0,0.0,0.3,0,0,0,0,0,1,0,0,0.0,0.3,0,0,0,0,0,0,0,0,0,0,0.5,0,0,0.0,7,0,0,2,0.4,0,0,0,0,0,0.3,1.425,villager,0,0,,,0.6666666666666666,0.14285714285714285,0.14285714285714288,0.0,0.14285714285714288,7,"{""baseline_rule_policy"": 0.0, ""deception_enabled_policy"": 1.0, ""mixed_rule_policy"": 0.0, ""randomized_legal_policy"": 0.0, ""risk_heterogeneous_policy"": 0.0, ""seat_order_neutral_policy"": 0.0, ""speech_and_herding_policy"": 0.0}",2,1,0.14285714285714285
33c38928c575bd549cdb07374e414e019cdda1a0fc582ce192131b28de397e70,10513d6ab909ac72c794c5b7917c2a94c089cc66fc506898a181332f7952e59d,baseline_rule_policy_seed_42_game_1_seer_check,42,1,baseline_rule_policy,regime_baseline_rule_policy_seed_42_base_1,regime_baseline_rule_policy_seed_42_base_1,regime_baseline_rule_policy_seed_42_base_1,train,A_in_distribution,1,night,seer_check,9,village,seer,2,1,0,information_gain_proxy,4,1,1,0,1,0,0,0,1,10,0,0,0.3,0,0,0.0,0.3,0,0,0,0,0,1,0,0,0.0,0.3,0,0,0,0,0,0,0,0,0,0,0.5,0,0,0.0,2,0,1,3,0.6,0,0,0,0,0,0.3,1.425,villager,0,0,,,0.0,0.14285714285714285,0.14285714285714288,0.0,0.14285714285714288,7,"{""baseline_rule_policy"": 0.0, ""deception_enabled_policy"": 0.0, ""mixed_rule_policy"": 0.0, ""randomized_legal_policy"": 0.0, ""risk_heterogeneous_policy"": 0.0, ""seat_order_neutral_policy"": 0.0, ""speech_and_herding_policy"": 1.0}",2,1,0.14285714285714285
8ae58d1bae44511dd407f56e3ccd6d8802a77e75f2b90329a9932c1f42293596,ff888a6593cb4caa541c96fcff03749534c9929abf737fa75b7af6c25847c757,baseline_rule_policy_seed_42_game_2_seer_check,42,2,baseline_rule_policy,regime_baseline_rule_policy_seed_42_base_2,regime_baseline_rule_policy_seed_42_base_2,regime_baseline_rule_policy_seed_42_base_2,train,A_in_distribution,1,night,seer_check,9,village,seer,4,1,1,information_gain_proxy,4,1,1,0,1,0,0,0,1,10,0,0,0.3,0,0,0.0,0.3,0,0,0,0,0,1,0,0,0.0,0.3,0,0,0,0,0,0,0,0,0,0,0.5,0,0,0.0,4,0,1,5,1.0,0,0,0,0,0,0.3,1.425,hunter,0,1,,,0.6666666666666666,0.2857142857142857,0.18442777839082938,0.0,0.2380952380952381,7,"{""baseline_rule_policy"": 1.0, ""deception_enabled_policy"": 0.0, ""mixed_rule_policy"": 1.0, ""randomized_legal_policy"": 0.0, ""risk_heterogeneous_policy"": 0.0, ""seat_order_neutral_policy"": 0.0, ""speech_and_herding_policy"": 0.0}",1,2,0.14285714285714285
8ae58d1bae44511dd407f56e3ccd6d8802a77e75f2b90329a9932c1f42293596,ff888a6593cb4caa541c96fcff03749534c9929abf737fa75b7af6c25847c757,baseline_rule_policy_seed_42_game_2_seer_check,42,2,baseline_rule_policy,regime_baseline_rule_policy_seed_42_base_2,regime_baseline_rule_policy_seed_42_base_2,regime_baseline_rule_policy_seed_42_base_2,train,A_in_distribution,1,night,seer_check,9,village,seer,1,1,0,information_gain_proxy,4,1,1,0,1,0,0,0,1,10,0,0,0.3,0,0,0.0,0.3,0,0,0,0,0,1,0,0,0.0,0.3,0,0,0,0,0,0,0,0,0,0,0.5,0,0,0.0,1,1,1,2,0.4,0,0,0,0,0,0.3,1.425,villager,0,0,,,0.6666666666666666,0.42857142857142855,0.20203050891044214,0.0,0.2857142857142857,7,"{""baseline_rule_policy"": 1.0, ""deception_enabled_policy"": 0.0, ""mixed_rule_policy"": 1.0, ""randomized_legal_policy"": 1.0, ""risk_heterogeneous_policy"": 0.0, ""seat_order_neutral_policy"": 0.0, ""speech_and_herding_policy"": 0.0}",1,1,0.14285714285714285
8ae58d1bae44511dd407f56e3ccd6d8802a77e75f2b90329a9932c1f42293596,ff888a6593cb4caa541c96fcff03749534c9929abf737fa75b7af6c25847c757,baseline_rule_policy_seed_42_game_2_seer_check,42,2,baseline_rule_policy,regime_baseline_rule_policy_seed_42_base_2,regime_baseline_rule_policy_seed_42_base_2,regime_baseline_rule_policy_seed_42_base_2,train,A_in_distribution,1,night,seer_check,9,village,seer,6,1,0,information_gain_proxy,4,1,1,0,1,0,0,0,1,10,0,0,0.3,0,0,0.0,0.3,0,0,0,0,0,1,0,0,0.0,0.3,0,0,0,0,0,0,0,0,0,0,0.5,0,0,0.0,6,1,0,3,0.6,0,0,0,0,0,0.3,1.425,werewolf,1,0,,,0.6666666666666666,0.14285714285714285,0.14285714285714288,0.0,0.14285714285714288,7,"{""baseline_rule_policy"": 1.0, ""deception_enabled_policy"": 0.0, ""mixed_rule_policy"": 0.0, ""randomized_legal_policy"": 0.0, ""risk_heterogeneous_policy"": 0.0, ""seat_order_neutral_policy"": 0.0, ""speech_and_herding_policy"": 0.0}",1,4,0.14285714285714285
8ae58d1bae44511dd407f56e3ccd6d8802a77e75f2b90329a9932c1f42293596,ff888a6593cb4caa541c96fcff03749534c9929abf737fa75b7af6c25847c757,baseline_rule_policy_seed_42_game_2_seer_check,42,2,baseline_rule_policy,regime_baseline_rule_policy_seed_42_base_2,regime_baseline_rule_policy_seed_42_base_2,regime_baseline_rule_policy_seed_42_base_2,train,A_in_distribution,1,night,seer_check,9,village,seer,10,1,0,information_gain_proxy,4,1,1,0,1,0,0,0,1,10,0,0,0.3,0,0,0.0,0.3,0,0,0,0,0,1,0,0,0.0,0.3,0,0,0,0,0,0,0,0,0,0,0.5,0,0,0.0,10,1,0,1,0.2,0,0,0,0,0,0.3,1.425,werewolf,1,0,,,0.6666666666666666,0.2857142857142857,0.18442777839082938,0.0,0.2380952380952381,7,"{""baseline_rule_policy"": 1.0, ""deception_enabled_policy"": 1.0, ""mixed_rule_policy"": 0.0, ""randomized_legal_policy"": 0.0, ""risk_heterogeneous_policy"": 0.0, ""seat_order_neutral_policy"": 0.0, ""speech_and_herding_policy"": 0.0}",1,2,0.14285714285714285
ca2064b49fb745ca1ce121a1e621f09f113c63936230ae82262a5f0e886e81d8,410f929bf6e2158603feda27da1ea86ef0e435455f013606c9d9690d42af15b2,baseline_rule_policy_seed_43_game_1_seer_check,43,1,baseline_rule_policy,regime_baseline_rule_policy_seed_43_base_1,regime_baseline_rule_policy_seed_43_base_1,regime_baseline_rule_policy_seed_43_base_1,train,A_in_distribution,1,night,seer_check,3,village,seer,8,1,1,information_gain_proxy,8,1,1,0,1,0,0,0,1,10,0,0,0.3,0,0,0.0,0.3,0,0,0,0,0,1,0,0,0.0,0.3,0,0,0,0,0,0,0,0,0,0,0.5,0,0,0.0,8,0,0,5,1.0,0,0,0,0,0,0.3,1.425,villager,0,0,,,0.6666666666666666,0.14285714285714285,0.14285714285714288,0.0,0.14285714285714288,7,"{""baseline_rule_policy"": 0.0, ""deception_enabled_policy"": 0.0, ""mixed_rule_policy"": 0.0, ""randomized_legal_policy"": 0.0, ""risk_heterogeneous_policy"": 0.0, ""seat_order_neutral_policy"": 1.0, ""speech_and_herding_policy"": 0.0}",2,2,0.42857142857142855
ca2064b49fb745ca1ce121a1e621f09f113c63936230ae82262a5f0e886e81d8,410f929bf6e2158603feda27da1ea86ef0e435455f013606c9d9690d42af15b2,baseline_rule_policy_seed_43_game_1_seer_check,43,1,baseline_rule_policy,regime_baseline_rule_policy_seed_43_base_1,regime_baseline_rule_policy_seed_43_base_1,regime_baseline_rule_policy_seed_43_base_1,train,A_in_distribution,1,night,seer_check,3,village,seer,1,1,0,information_gain_proxy,8,1,1,0,1,0,0,0,1,10,0,0,0.3,0,0,0.0,0.3,0,0,0,0,0,1,0,0,0.0,0.3,0,0,0,0,0,0,0,0,0,0,0.5,0,0,0.0,1,1,1,2,0.4,0,0,0,0,0,0.3,1.425,villager,0,0,,,0.6666666666666666,0.0,0.0,0.0,0.0,7,"{""baseline_rule_policy"": 0.0, ""deception_enabled_policy"": 0.0, ""mixed_rule_policy"": 0.0, ""randomized_legal_policy"": 0.0, ""risk_heterogeneous_policy"": 0.0, ""seat_order_neutral_policy"": 0.0, ""speech_and_herding_policy"": 0.0}",2,4,0.42857142857142855
ca2064b49fb745ca1ce121a1e621f09f113c63936230ae82262a5f0e886e81d8,410f929bf6e2158603feda27da1ea86ef0e435455f013606c9d9690d42af15b2,baseline_rule_policy_seed_43_game_1_seer_check,43,1,baseline_rule_policy,regime_baseline_rule_policy_seed_43_base_1,regime_baseline_rule_policy_seed_43_base_1,regime_baseline_rule_policy_seed_43_base_1,train,A_in_distribution,1,night,seer_check,3,village,seer,2,1,0,information_gain_proxy,8,1,1,0,1,0,0,0,1,10,0,0,0.3,0,0,0.0,0.3,0,0,0,0,0,1,0,0,0.0,0.3,0,0,0,0,0,0,0,0,0,0,0.5,0,0,0.0,2,0,1,1,0.2,0,0,0,0,0,0.3,1.425,werewolf,1,0,,,0.6666666666666666,0.5714285714285714,0.20203050891044216,0.0,0.28571428571428575,7,"{""baseline_rule_policy"": 1.0, ""deception_enabled_policy"": 1.0, ""mixed_rule_policy"": 0.0, ""randomized_legal_policy"": 0.0, ""risk_heterogeneous_policy"": 0.0, ""seat_order_neutral_policy"": 1.0, ""speech_and_herding_policy"": 1.0}",2,1,0.42857142857142855
ca2064b49fb745ca1ce121a1e621f09f113c63936230ae82262a5f0e886e81d8,410f929bf6e2158603feda27da1ea86ef0e435455f013606c9d9690d42af15b2,baseline_rule_policy_seed_43_game_1_seer_check,43,1,baseline_rule_policy,regime_baseline_rule_policy_seed_43_base_1,regime_baseline_rule_policy_seed_43_base_1,regime_baseline_rule_policy_seed_43_base_1,train,A_in_distribution,1,night,seer_check,3,village,seer,4,1,0,information_gain_proxy,8,1,1,0,1,0,0,0,1,10,0,0,0.3,0,0,0.0,0.3,0,0,0,0,0,1,0,0,0.0,0.3,0,0,0,0,0,0,0,0,0,0,0.5,0,0,0.0,4,0,1,1,0.2,0,0,0,0,0,0.3,1.425,villager,0,0,,,0.3333333333333333,0.14285714285714285,0.14285714285714288,0.0,0.14285714285714288,7,"{""baseline_rule_policy"": 0.0, ""deception_enabled_policy"": 0.0, ""mixed_rule_policy"": 0.0, ""randomized_legal_policy"": 1.0, ""risk_heterogeneous_policy"": 0.0, ""seat_order_neutral_policy"": 0.0, ""speech_and_herding_policy"": 0.0}",2,2,0.42857142857142855
04177ecd8dc5f4224d3563f7510642254b621198613f72b71a20383254802f36,c2d878819bb0eeea870247ca809b73f9706578d2f13ba2be1365d1d7c3fec82a,baseline_rule_policy_seed_43_game_2_seer_check,43,2,baseline_rule_policy,regime_baseline_rule_policy_seed_43_base_2,regime_baseline_rule_policy_seed_43_base_2,regime_baseline_rule_policy_seed_43_base_2,train,A_in_distribution,1,night,seer_check,3,village,seer,8,1,1,information_gain_proxy,8,1,1,0,1,0,0,0,1,10,0,0,0.3,0,0,0.0,0.3,0,0,0,0,0,1,0,0,0.0,0.3,0,0,0,0,0,0,0,0,0,0,0.5,0,0,0.0,8,0,0,5,1.0,0,0,0,0,0,0.3,1.425,villager,0,0,,,0.3333333333333333,0.2857142857142857,0.18442777839082938,0.0,0.2380952380952381,7,"{""baseline_rule_policy"": 0.0, ""deception_enabled_policy"": 1.0, ""mixed_rule_policy"": 0.0, ""randomized_legal_policy"": 1.0, ""risk_heterogeneous_policy"": 0.0, ""seat_order_neutral_policy"": 0.0, ""speech_and_herding_policy"": 0.0}",1,2,0.14285714285714285
04177ecd8dc5f4224d3563f7510642254b621198613f72b71a20383254802f36,c2d878819bb0eeea870247ca809b73f9706578d2f13ba2be1365d1d7c3fec82a,baseline_rule_policy_seed_43_game_2_seer_check,43,2,baseline_rule_policy,regime_baseline_rule_policy_seed_43_base_2,regime_baseline_rule_policy_seed_43_base_2,regime_baseline_rule_policy_seed_43_base_2,train,A_in_distribution,1,night,seer_check,3,village,seer,1,1,0,information_gain_proxy,8,1,1,0,1,0,0,0,1,10,0,0,0.3,0,0,0.0,0.3,0,0,0,0,0,1,0,0,0.0,0.3,0,0,0,0,0,0,0,0,0,0,0.5,0,0,0.0,1,1,1,2,0.4,0,0,0,0,0,0.3,1.425,villager,0,0,,,0.6666666666666666,0.42857142857142855,0.20203050891044214,0.0,0.2857142857142857,7,"{""baseline_rule_policy"": 1.0, ""deception_enabled_policy"": 1.0, ""mixed_rule_policy"": 1.0, ""randomized_legal_policy"": 0.0, ""risk_heterogeneous_policy"": 0.0, ""seat_order_neutral_policy"": 0.0, ""speech_and_herding_policy"": 0.0}",1,1,0.14285714285714285
04177ecd8dc5f4224d3563f7510642254b621198613f72b71a20383254802f36,c2d878819bb0eeea870247ca809b73f9706578d2f13ba2be1365d1d7c3fec82a,baseline_rule_policy_seed_43_game_2_seer_check,43,2,baseline_rule_policy,regime_baseline_rule_policy_seed_43_base_2,regime_baseline_rule_policy_seed_43_base_2,regime_baseline_rule_policy_seed_43_base_2,train,A_in_distribution,1,night,seer_check,3,village,seer,2,1,0,information_gain_proxy,8,1,1,0,1,0,0,0,1,10,0,0,0.3,0,0,0.0,0.3,0,0,0,0,0,1,0,0,0.0,0.3,0,0,0,0,0,0,0,0,0,0,0.5,0,0,0.0,2,0,1,1,0.2,0,0,0,0,0,0.3,1.425,hunter,0,1,,,0.6666666666666666,0.2857142857142857,0.18442777839082938,0.0,0.2380952380952381,7,"{""baseline_rule_policy"": 0.0, ""deception_enabled_policy"": 0.0, ""mixed_rule_policy"": 1.0, ""randomized_legal_policy"": 1.0, ""risk_heterogeneous_policy"": 0.0, ""seat_order_neutral_policy"": 0.0, ""speech_and_herding_policy"": 0.0}",1,2,0.14285714285714285
04177ecd8dc5f4224d3563f7510642254b621198613f72b71a20383254802f36,c2d878819bb0eeea870247ca809b73f9706578d2f13ba2be1365d1d7c3fec82a,baseline_rule_policy_seed_43_game_2_seer_check,43,2,baseline_rule_policy,regime_baseline_rule_policy_seed_43_base_2,regime_baseline_rule_policy_seed_43_base_2,regime_baseline_rule_policy_seed_43_base_2,train,A_in_distribution,1,night,seer_check,3,village,seer,5,1,0,information_gain_proxy,8,1,1,0,1,0,0,0,1,10,0,0,0.3,0,0,0.0,0.3,0,0,0,0,0,1,0,0,0.0,0.3,0,0,0,0,0,0,0,0,0,0,0.5,0,0,0.0,5,1,1,2,0.4,0,0,0,0,0,0.3,1.425,witch,0,1,,,0.3333333333333333,0.0,0.0,0.0,0.0,7,"{""baseline_rule_policy"": 0.0, ""deception_enabled_policy"": 0.0, ""mixed_rule_policy"": 0.0, ""randomized_legal_policy"": 0.0, ""risk_heterogeneous_policy"": 0.0, ""seat_order_neutral_policy"": 0.0, ""speech_and_herding_policy"": 0.0}",1,4,0.14285714285714285
41dc0c4fb5fa422295525814d24583d9cade7eea90684dbf1e4b8847e68b3b73,f83a4ce6fe60d259dc70770a2efb44a834de3d8ba0959f4188f7e5129057495e,baseline_rule_policy_seed_44_game_1_seer_check,44,1,baseline_rule_policy,regime_baseline_rule_policy_seed_44_base_1,regime_baseline_rule_policy_seed_44_base_1,regime_baseline_rule_policy_seed_44_base_1,train,A_in_distribution,1,night,seer_check,6,village,seer,1,1,1,information_gain_proxy,1,1,1,0,1,0,0,0,1,10,0,0,0.3,0,0,0.0,0.3,0,0,0,0,0,1,0,0,0.0,0.3,0,0,0,0,0,0,0,0,0,0,0.5,0,0,0.0,1,1,1,5,1.0,0,0,0,0,0,0.3,1.425,witch,0,1,,,0.6666666666666666,0.14285714285714285,0.14285714285714288,0.0,0.14285714285714288,7,"{""baseline_rule_policy"": 1.0, ""deception_enabled_policy"": 0.0, ""mixed_rule_policy"": 0.0, ""randomized_legal_policy"": 0.0, ""risk_heterogeneous_policy"": 0.0, ""seat_order_neutral_policy"": 0.0, ""speech_and_herding_policy"": 0.0}",9,2,0.14285714285714285
41dc0c4fb5fa422295525814d24583d9cade7eea90684dbf1e4b8847e68b3b73,f83a4ce6fe60d259dc70770a2efb44a834de3d8ba0959f4188f7e5129057495e,baseline_rule_policy_seed_44_game_1_seer_check,44,1,baseline_rule_policy,regime_baseline_rule_policy_seed_44_base_1,regime_baseline_rule_policy_seed_44_base_1,regime_baseline_rule_policy_seed_44_base_1,train,A_in_distribution,1,night,seer_check,6,village,seer,4,1,0,information_gain_proxy,1,1,1,0,1,0,0,0,1,10,0,0,0.3,0,0,0.0,0.3,0,0,0,0,0,1,0,0,0.0,0.3,0,0,0,0,0,0,0,0,0,0,0.5,0,0,0.0,4,0,1,2,0.4,0,0,0,0,0,0.3,1.425,villager,0,0,,,0.3333333333333333,0.0,0.0,0.0,0.0,7,"{""baseline_rule_policy"": 0.0, ""deception_enabled_policy"": 0.0, ""mixed_rule_policy"": 0.0, ""randomized_legal_policy"": 0.0, ""risk_heterogeneous_policy"": 0.0, ""seat_order_neutral_policy"": 0.0, ""speech_and_herding_policy"": 0.0}",9,3,0.14285714285714285
41dc0c4fb5fa422295525814d24583d9cade7eea90684dbf1e4b8847e68b3b73,f83a4ce6fe60d259dc70770a2efb44a834de3d8ba0959f4188f7e5129057495e,baseline_rule_policy_seed_44_game_1_seer_check,44,1,baseline_rule_policy,regime_baseline_rule_policy_seed_44_base_1,regime_baseline_rule_policy_seed_44_base_1,regime_baseline_rule_policy_seed_44_base_1,train,A_in_distribution,1,night,seer_check,6,village,seer,7,1,0,information_gain_proxy,1,1,1,0,1,0,0,0,1,10,0,0,0.3,0,0,0.0,0.3,0,0,0,0,0,1,0,0,0.0,0.3,0,0,0,0,0,0,0,0,0,0,0.5,0,0,0.0,7,0,0,1,0.2,0,0,0,0,0,0.3,1.425,villager,0,0,,,0.3333333333333333,0.0,0.0,0.0,0.0,7,"{""baseline_rule_policy"": 0.0, ""deception_enabled_policy"": 0.0, ""mixed_rule_policy"": 0.0, ""randomized_legal_policy"": 0.0, ""risk_heterogeneous_policy"": 0.0, ""seat_order_neutral_policy"": 0.0, ""speech_and_herding_policy"": 0.0}",9,3,0.14285714285714285
41dc0c4fb5fa422295525814d24583d9cade7eea90684dbf1e4b8847e68b3b73,f83a4ce6fe60d259dc70770a2efb44a834de3d8ba0959f4188f7e5129057495e,baseline_rule_policy_seed_44_game_1_seer_check,44,1,baseline_rule_policy,regime_baseline_rule_policy_seed_44_base_1,regime_baseline_rule_policy_seed_44_base_1,regime_baseline_rule_policy_seed_44_base_1,train,A_in_distribution,1,night,seer_check,6,village,seer,9,1,0,information_gain_proxy,1,1,1,0,1,0,0,0,1,10,0,0,0.3,0,0,0.0,0.3,0,0,0,0,0,1,0,0,0.0,0.3,0,0,0,0,0,0,0,0,0,0,0.5,0,0,0.0,9,0,0,3,0.6,0,0,0,0,0,0.3,1.425,hunter,0,1,,,0.3333333333333333,0.2857142857142857,0.18442777839082938,0.0,0.2380952380952381,7,"{""baseline_rule_policy"": 0.0, ""deception_enabled_policy"": 1.0, ""mixed_rule_policy"": 0.0, ""randomized_legal_policy"": 0.0, ""risk_heterogeneous_policy"": 0.0, ""seat_order_neutral_policy"": 0.0, ""speech_and_herding_policy"": 1.0}",9,1,0.14285714285714285
ba78ece164d37275194ec083cb70753c69557ad375f0d10caf7b5b85f83dbc81,7da358baa95bd5ded0014933c54eea64fce27e4e217ad6def64d6d1384ffdf89,baseline_rule_policy_seed_44_game_2_seer_check,44,2,baseline_rule_policy,regime_baseline_rule_policy_seed_44_base_2,regime_baseline_rule_policy_seed_44_base_2,regime_baseline_rule_policy_seed_44_base_2,train,A_in_distribution,1,night,seer_check,8,village,seer,3,1,1,information_gain_proxy,3,1,1,0,1,0,0,0,1,10,0,0,0.3,0,0,0.0,0.3,0,0,0,0,0,1,0,0,0.0,0.3,0,0,0,0,0,0,0,0,0,0,0.5,0,0,0.0,3,0,1,5,1.0,0,0,0,0,0,0.3,1.425,villager,0,0,,,0.3333333333333333,0.2857142857142857,0.18442777839082938,0.0,0.2380952380952381,7,"{""baseline_rule_policy"": 1.0, ""deception_enabled_policy"": 0.0, ""mixed_rule_policy"": 0.0, ""randomized_legal_policy"": 0.0, ""risk_heterogeneous_policy"": 0.0, ""seat_order_neutral_policy"": 1.0, ""speech_and_herding_policy"": 0.0}",3,1,0.0
ba78ece164d37275194ec083cb70753c69557ad375f0d10caf7b5b85f83dbc81,7da358baa95bd5ded0014933c54eea64fce27e4e217ad6def64d6d1384ffdf89,baseline_rule_policy_seed_44_game_2_seer_check,44,2,baseline_rule_policy,regime_baseline_rule_policy_seed_44_base_2,regime_baseline_rule_policy_seed_44_base_2,regime_baseline_rule_policy_seed_44_base_2,train,A_in_distribution,1,night,seer_check,8,village,seer,1,1,0,information_gain_proxy,3,1,1,0,1,0,0,0,1,10,0,0,0.3,0,0,0.0,0.3,0,0,0,0,0,1,0,0,0.0,0.3,0,0,0,0,0,0,0,0,0,0,0.5,0,0,0.0,1,1,1,3,0.6,0,0,0,0,0,0.3,1.425,witch,0,1,,,0.6666666666666666,0.14285714285714285,0.14285714285714288,0.0,0.14285714285714288,7,"{""baseline_rule_policy"": 1.0, ""deception_enabled_policy"": 0.0, ""mixed_rule_policy"": 0.0, ""randomized_legal_policy"": 0.0, ""risk_heterogeneous_policy"": 0.0, ""seat_order_neutral_policy"": 0.0, ""speech_and_herding_policy"": 0.0}",3,3,0.0
ba78ece164d37275194ec083cb70753c69557ad375f0d10caf7b5b85f83dbc81,7da358baa95bd5ded0014933c54eea64fce27e4e217ad6def64d6d1384ffdf89,baseline_rule_policy_seed_44_game_2_seer_check,44,2,baseline_rule_policy,regime_baseline_rule_policy_seed_44_base_2,regime_baseline_rule_policy_seed_44_base_2,regime_baseline_rule_policy_seed_44_base_2,train,A_in_distribution,1,night,seer_check,8,village,seer,9,1,0,information_gain_proxy,3,1,1,0,1,0,0,0,1,10,0,0,0.3,0,0,0.0,0.3,0,0,0,0,0,1,0,0,0.0,0.3,0,0,0,0,0,0,0,0,0,0,0.5,0,0,0.0,9,0,0,1,0.2,0,0,0,0,0,0.3,1.425,hunter,0,1,,,0.6666666666666666,0.14285714285714285,0.14285714285714288,0.0,0.14285714285714288,7,"{""baseline_rule_policy"": 0.0, ""deception_enabled_policy"": 0.0, ""mixed_rule_policy"": 0.0, ""randomized_legal_policy"": 0.0, ""risk_heterogeneous_policy"": 0.0, ""seat_order_neutral_policy"": 1.0, ""speech_and_herding_policy"": 0.0}",3,3,0.0
ba78ece164d37275194ec083cb70753c69557ad375f0d10caf7b5b85f83dbc81,7da358baa95bd5ded0014933c54eea64fce27e4e217ad6def64d6d1384ffdf89,baseline_rule_policy_seed_44_game_2_seer_check,44,2,baseline_rule_policy,regime_baseline_rule_policy_seed_44_base_2,regime_baseline_rule_policy_seed_44_base_2,regime_baseline_rule_policy_seed_44_base_2,train,A_in_distribution,1,night,seer_check,8,village,seer,7,1,0,information_gain_proxy,3,1,1,0,1,0,0,0,1,10,0,0,0.3,0,0,0.0,0.3,0,0,0,0,0,1,0,0,0.0,0.3,0,0,0,0,0,0,0,0,0,0,0.5,0,0,0.0,7,0,0,1,0.2,0,0,0,0,0,0.3,1.425,werewolf,1,0,,,1.0,0.2857142857142857,0.18442777839082938,0.0,0.2380952380952381,7,"{""baseline_rule_policy"": 0.0, ""deception_enabled_policy"": 1.0, ""mixed_rule_policy"": 0.0, ""randomized_legal_policy"": 0.0, ""risk_heterogeneous_policy"": 1.0, ""seat_order_neutral_policy"": 0.0, ""speech_and_herding_policy"": 0.0}",3,1,0.0
13fa573267b9b6790233ab5e059cfad78aeaeeb356a40824fdb45079fb589c41,2c65b3f3db5a6ede0068d417c6b66b732288471c0689d2030d7a83ba5404cc1e,baseline_rule_policy_seed_50_game_1_seer_check,50,1,baseline_rule_policy,regime_baseline_rule_policy_seed_50_base_1,regime_baseline_rule_policy_seed_50_base_1,regime_baseline_rule_policy_seed_50_base_1,validation,A_in_distribution,1,night,seer_check,4,village,seer,9,1,1,information_gain_proxy,9,1,1,0,1,0,0,0,1,10,0,0,0.3,0,0,0.0,0.3,0,0,0,0,0,1,0,0,0.0,0.3,0,0,0,0,0,0,0,0,0,0,0.5,0,0,0.0,9,0,0,5,1.0,0,0,0,0,0,0.3,1.425,werewolf,1,0,,,1.0,0.7142857142857143,0.18442777839082938,0.0,0.2380952380952381,7,"{""baseline_rule_policy"": 1.0, ""deception_enabled_policy"": 1.0, ""mixed_rule_policy"": 1.0, ""randomized_legal_policy"": 0.0, ""risk_heterogeneous_policy"": 1.0, ""seat_order_neutral_policy"": 1.0, ""speech_and_herding_policy"": 0.0}",9,1,0.0
13fa573267b9b6790233ab5e059cfad78aeaeeb356a40824fdb45079fb589c41,2c65b3f3db5a6ede0068d417c6b66b732288471c0689d2030d7a83ba5404cc1e,baseline_rule_policy_seed_50_game_1_seer_check,50,1,baseline_rule_policy,regime_baseline_rule_policy_seed_50_base_1,regime_baseline_rule_policy_seed_50_base_1,regime_baseline_rule_policy_seed_50_base_1,validation,A_in_distribution,1,night,seer_check,4,village,seer,1,1,0,information_gain_proxy,9,1,1,0,1,0,0,0,1,10,0,0,0.3,0,0,0.0,0.3,0,0,0,0,0,1,0,0,0.0,0.3,0,0,0,0,0,0,0,0,0,0,0.5,0,0,0.0,1,1,1,3,0.6,0,0,0,0,0,0.3,1.425,villager,0,0,,,0.3333333333333333,0.2857142857142857,0.18442777839082938,0.0,0.2380952380952381,7,"{""baseline_rule_policy"": 1.0, ""deception_enabled_policy"": 1.0, ""mixed_rule_policy"": 0.0, ""randomized_legal_policy"": 0.0, ""risk_heterogeneous_policy"": 0.0, ""seat_order_neutral_policy"": 0.0, ""speech_and_herding_policy"": 0.0}",9,2,0.0
13fa573267b9b6790233ab5e059cfad78aeaeeb356a40824fdb45079fb589c41,2c65b3f3db5a6ede0068d417c6b66b732288471c0689d2030d7a83ba5404cc1e,baseline_rule_policy_seed_50_game_1_seer_check,50,1,baseline_rule_policy,regime_baseline_rule_policy_seed_50_base_1,regime_baseline_rule_policy_seed_50_base_1,regime_baseline_rule_policy_seed_50_base_1,validation,A_in_distribution,1,night,seer_check,4,village,seer,6,1,0,information_gain_proxy,9,1,1,0,1,0,0,0,1,10,0,0,0.3,0,0,0.0,0.3,0,0,0,0,0,1,0,0,0.0,0.3,0,0,0,0,0,0,0,0,0,0,0.5,0,0,0.0,6,1,0,2,0.4,0,0,0,0,0,0.3,1.425,villager,0,0,,,0.0,0.0,0.0,0.0,0.0,7,"{""baseline_rule_policy"": 0.0, ""deception_enabled_policy"": 0.0, ""mixed_rule_policy"": 0.0, ""randomized_legal_policy"": 0.0, ""risk_heterogeneous_policy"": 0.0, ""seat_order_neutral_policy"": 0.0, ""speech_and_herding_policy"": 0.0}",9,4,0.0
13fa573267b9b6790233ab5e059cfad78aeaeeb356a40824fdb45079fb589c41,2c65b3f3db5a6ede0068d417c6b66b732288471c0689d2030d7a83ba5404cc1e,baseline_rule_policy_seed_50_game_1_seer_check,50,1,baseline_rule_policy,regime_baseline_rule_policy_seed_50_base_1,regime_baseline_rule_policy_seed_50_base_1,regime_baseline_rule_policy_seed_50_base_1,validation,A_in_distribution,1,night,seer_check,4,village,seer,5,1,0,information_gain_proxy,9,1,1,0,1,0,0,0,1,10,0,0,0.3,0,0,0.0,0.3,0,0,0,0,0,1,0,0,0.0,0.3,0,0,0,0,0,0,0,0,0,0,0.5,0,0,0.0,5,1,1,1,0.2,0,0,0,0,0,0.3,1.425,hunter,0,1,,,0.6666666666666666,0.14285714285714285,0.14285714285714288,0.0,0.14285714285714288,7,"{""baseline_rule_policy"": 1.0, ""deception_enabled_policy"": 0.0, ""mixed_rule_policy"": 0.0, ""randomized_legal_policy"": 0.0, ""risk_heterogeneous_policy"": 0.0, ""seat_order_neutral_policy"": 0.0, ""speech_and_herding_policy"": 0.0}",9,3,0.0
8450319284064d525db17521ae114541f0c3024a9c39e3087097b90c4996e752,ba06baf5f96d01376260c146be901e1b9ec7489521e2bd0056d1e759019b236a,baseline_rule_policy_seed_50_game_2_seer_check,50,2,baseline_rule_policy,regime_baseline_rule_policy_seed_50_base_2,regime_baseline_rule_policy_seed_50_base_2,regime_baseline_rule_policy_seed_50_base_2,validation,A_in_distribution,1,night,seer_check,10,village,seer,5,1,1,information_gain_proxy,5,1,1,0,1,0,0,0,1,10,0,0,0.3,0,0,0.0,0.3,0,0,0,0,0,1,0,0,0.0,0.3,0,0,0,0,0,0,0,0,0,0,0.5,0,0,0.0,5,1,1,5,1.0,0,0,0,0,0,0.3,1.425,witch,0,1,,,0.6666666666666666,0.2857142857142857,0.18442777839082938,0.0,0.2380952380952381,7,"{""baseline_rule_policy"": 1.0, ""deception_enabled_policy"": 0.0, ""mixed_rule_policy"": 0.0, ""randomized_legal_policy"": 0.0, ""risk_heterogeneous_policy"": 0.0, ""seat_order_neutral_policy"": 1.0, ""speech_and_herding_policy"": 0.0}",8,3,0.2857142857142857
8450319284064d525db17521ae114541f0c3024a9c39e3087097b90c4996e752,ba06baf5f96d01376260c146be901e1b9ec7489521e2bd0056d1e759019b236a,baseline_rule_policy_seed_50_game_2_seer_check,50,2,baseline_rule_policy,regime_baseline_rule_policy_seed_50_base_2,regime_baseline_rule_policy_seed_50_base_2,regime_baseline_rule_policy_seed_50_base_2,validation,A_in_distribution,1,night,seer_check,10,village,seer,1,1,0,information_gain_proxy,5,1,1,0,1,0,0,0,1,10,0,0,0.3,0,0,0.0,0.3,0,0,0,0,0,1,0,0,0.0,0.3,0,0,0,0,0,0,0,0,0,0,0.5,0,0,0.0,1,1,1,1,0.2,0,0,0,0,0,0.3,1.425,villager,0,0,,,1.0,0.42857142857142855,0.20203050891044214,0.0,0.2857142857142857,7,"{""baseline_rule_policy"": 0.0, ""deception_enabled_policy"": 0.0, ""mixed_rule_policy"": 0.0, ""randomized_legal_policy"": 1.0, ""risk_heterogeneous_policy"": 0.0, ""seat_order_neutral_policy"": 1.0, ""speech_and_herding_policy"": 1.0}",8,2,0.2857142857142857
8450319284064d525db17521ae114541f0c3024a9c39e3087097b90c4996e752,ba06baf5f96d01376260c146be901e1b9ec7489521e2bd0056d1e759019b236a,baseline_rule_policy_seed_50_game_2_seer_check,50,2,baseline_rule_policy,regime_baseline_rule_policy_seed_50_base_2,regime_baseline_rule_policy_seed_50_base_2,regime_baseline_rule_policy_seed_50_base_2,validation,A_in_distribution,1,night,seer_check,10,village,seer,7,1,0,information_gain_proxy,5,1,1,0,1,0,0,0,1,10,0,0,0.3,0,0,0.0,0.3,0,0,0,0,0,1,0,0,0.0,0.3,0,0,0,0,0,0,0,0,0,0,0.5,0,0,0.0,7,0,0,3,0.6,0,0,0,0,0,0.3,1.425,hunter,0,1,,,0.0,0.14285714285714285,0.14285714285714288,0.0,0.14285714285714288,7,"{""baseline_rule_policy"": 0.0, ""deception_enabled_policy"": 0.0, ""mixed_rule_policy"": 0.0, ""randomized_legal_policy"": 0.0, ""risk_heterogeneous_policy"": 0.0, ""seat_order_neutral_policy"": 1.0, ""speech_and_herding_policy"": 0.0}",8,4,0.2857142857142857
8450319284064d525db17521ae114541f0c3024a9c39e3087097b90c4996e752,ba06baf5f96d01376260c146be901e1b9ec7489521e2bd0056d1e759019b236a,baseline_rule_policy_seed_50_game_2_seer_check,50,2,baseline_rule_policy,regime_baseline_rule_policy_seed_50_base_2,regime_baseline_rule_policy_seed_50_base_2,regime_baseline_rule_policy_seed_50_base_2,validation,A_in_distribution,1,night,seer_check,10,village,seer,8,1,0,information_gain_proxy,5,1,1,0,1,0,0,0,1,10,0,0,0.3,0,0,0.0,0.3,0,0,0,0,0,1,0,0,0.0,0.3,0,0,0,0,0,0,0,0,0,0,0.5,0,0,0.0,8,0,0,2,0.4,0,0,0,0,0,0.3,1.425,werewolf,1,0,,,0.6666666666666666,0.5714285714285714,0.20203050891044216,0.0,0.28571428571428575,7,"{""baseline_rule_policy"": 1.0, ""deception_enabled_policy"": 1.0, ""mixed_rule_policy"": 1.0, ""randomized_legal_policy"": 1.0, ""risk_heterogeneous_policy"": 0.0, ""seat_order_neutral_policy"": 0.0, ""speech_and_herding_policy"": 0.0}",8,1,0.2857142857142857
35131c3554a54f81475daf9e92afaf11b2e591a9a6c4acc17cb1613b034d17e7,c31074d328fda5f8d05dba77dbb3dcd7ceb15fc576b394b8a453a252bdb7e0ed,baseline_rule_policy_seed_52_game_1_seer_check,52,1,baseline_rule_policy,regime_baseline_rule_policy_seed_52_base_1,regime_baseline_rule_policy_seed_52_base_1,regime_baseline_rule_policy_seed_52_base_1,final_test,B_unseen_seed,1,night,seer_check,5,village,seer,10,1,1,information_gain_proxy,10,1,1,0,1,0,0,0,1,10,0,0,0.3,0,0,0.0,0.3,0,0,0,0,0,1,0,0,0.0,0.3,0,0,0,0,0,0,0,0,0,0,0.5,0,0,0.0,10,1,0,5,1.0,0,0,0,0,0,0.3,1.425,villager,0,0,,,0.3333333333333333,0.0,0.0,0.0,0.0,7,"{""baseline_rule_policy"": 0.0, ""deception_enabled_policy"": 0.0, ""mixed_rule_policy"": 0.0, ""randomized_legal_policy"": 0.0, ""risk_heterogeneous_policy"": 0.0, ""seat_order_neutral_policy"": 0.0, ""speech_and_herding_policy"": 0.0}",4,4,0.42857142857142855
35131c3554a54f81475daf9e92afaf11b2e591a9a6c4acc17cb1613b034d17e7,c31074d328fda5f8d05dba77dbb3dcd7ceb15fc576b394b8a453a252bdb7e0ed,baseline_rule_policy_seed_52_game_1_seer_check,52,1,baseline_rule_policy,regime_baseline_rule_policy_seed_52_base_1,regime_baseline_rule_policy_seed_52_base_1,regime_baseline_rule_policy_seed_52_base_1,final_test,B_unseen_seed,1,night,seer_check,5,village,seer,1,1,0,information_gain_proxy,10,1,1,0,1,0,0,0,1,10,0,0,0.3,0,0,0.0,0.3,0,0,0,0,0,1,0,0,0.0,0.3,0,0,0,0,0,0,0,0,0,0,0.5,0,0,0.0,1,1,1,4,0.8,0,0,0,0,0,0.3,1.425,villager,0,0,,,0.3333333333333333,0.14285714285714285,0.14285714285714288,0.0,0.14285714285714288,7,"{""baseline_rule_policy"": 0.0, ""deception_enabled_policy"": 0.0, ""mixed_rule_policy"": 0.0, ""randomized_legal_policy"": 1.0, ""risk_heterogeneous_policy"": 0.0, ""seat_order_neutral_policy"": 0.0, ""speech_and_herding_policy"": 0.0}",4,3,0.42857142857142855
35131c3554a54f81475daf9e92afaf11b2e591a9a6c4acc17cb1613b034d17e7,c31074d328fda5f8d05dba77dbb3dcd7ceb15fc576b394b8a453a252bdb7e0ed,baseline_rule_policy_seed_52_game_1_seer_check,52,1,baseline_rule_policy,regime_baseline_rule_policy_seed_52_base_1,regime_baseline_rule_policy_seed_52_base_1,regime_baseline_rule_policy_seed_52_base_1,final_test,B_unseen_seed,1,night,seer_check,5,village,seer,9,1,0,information_gain_proxy,10,1,1,0,1,0,0,0,1,10,0,0,0.3,0,0,0.0,0.3,0,0,0,0,0,1,0,0,0.0,0.3,0,0,0,0,0,0,0,0,0,0,0.5,0,0,0.0,9,0,0,4,0.8,0,0,0,0,0,0.3,1.425,werewolf,1,0,,,0.6666666666666666,0.42857142857142855,0.20203050891044214,0.0,0.2857142857142857,7,"{""baseline_rule_policy"": 0.0, ""deception_enabled_policy"": 1.0, ""mixed_rule_policy"": 1.0, ""randomized_legal_policy"": 0.0, ""risk_heterogeneous_policy"": 1.0, ""seat_order_neutral_policy"": 0.0, ""speech_and_herding_policy"": 0.0}",4,1,0.42857142857142855
35131c3554a54f81475daf9e92afaf11b2e591a9a6c4acc17cb1613b034d17e7,c31074d328fda5f8d05dba77dbb3dcd7ceb15fc576b394b8a453a252bdb7e0ed,baseline_rule_policy_seed_52_game_1_seer_check,52,1,baseline_rule_policy,regime_baseline_rule_policy_seed_52_base_1,regime_baseline_rule_policy_seed_52_base_1,regime_baseline_rule_policy_seed_52_base_1,final_test,B_unseen_seed,1,night,seer_check,5,village,seer,4,1,0,information_gain_proxy,10,1,1,0,1,0,0,0,1,10,0,0,0.3,0,0,0.0,0.3,0,0,0,0,0,1,0,0,0.0,0.3,0,0,0,0,0,0,0,0,0,0,0.5,0,0,0.0,4,0,1,1,0.2,0,0,0,0,0,0.3,1.425,werewolf,1,0,,,0.6666666666666666,0.42857142857142855,0.20203050891044214,0.0,0.2857142857142857,7,"{""baseline_rule_policy"": 1.0, ""deception_enabled_policy"": 1.0, ""mixed_rule_policy"": 0.0, ""randomized_legal_policy"": 0.0, ""risk_heterogeneous_policy"": 1.0, ""seat_order_neutral_policy"": 0.0, ""speech_and_herding_policy"": 0.0}",4,1,0.42857142857142855
5b4481c16d7f8a5451b34148e68468f7363aa1d5d682075058e3be2604c8b8af,4f166d75ef0fc484c42fb55e0a79ae9a72bfad39ebdea6c235d993d13635ece6,baseline_rule_policy_seed_52_game_2_seer_check,52,2,baseline_rule_policy,regime_baseline_rule_policy_seed_52_base_2,regime_baseline_rule_policy_seed_52_base_2,regime_baseline_rule_policy_seed_52_base_2,final_test,B_unseen_seed,1,night,seer_check,6,village,seer,1,1,1,information_gain_proxy,1,1,1,0,1,0,0,0,1,10,0,0,0.3,0,0,0.0,0.3,0,0,0,0,0,1,0,0,0.0,0.3,0,0,0,0,0,0,0,0,0,0,0.5,0,0,0.0,1,1,1,5,1.0,0,0,0,0,0,0.3,1.425,werewolf,1,0,,,1.0,0.2857142857142857,0.18442777839082938,0.0,0.2380952380952381,7,"{""baseline_rule_policy"": 1.0, ""deception_enabled_policy"": 0.0, ""mixed_rule_policy"": 0.0, ""randomized_legal_policy"": 0.0, ""risk_heterogeneous_policy"": 1.0, ""seat_order_neutral_policy"": 0.0, ""speech_and_herding_policy"": 0.0}",7,3,0.14285714285714285
5b4481c16d7f8a5451b34148e68468f7363aa1d5d682075058e3be2604c8b8af,4f166d75ef0fc484c42fb55e0a79ae9a72bfad39ebdea6c235d993d13635ece6,baseline_rule_policy_seed_52_game_2_seer_check,52,2,baseline_rule_policy,regime_baseline_rule_policy_seed_52_base_2,regime_baseline_rule_policy_seed_52_base_2,regime_baseline_rule_policy_seed_52_base_2,final_test,B_unseen_seed,1,night,seer_check,6,village,seer,7,1,0,information_gain_proxy,1,1,1,0,1,0,0,0,1,10,0,0,0.3,0,0,0.0,0.3,0,0,0,0,0,1,0,0,0.0,0.3,0,0,0,0,0,0,0,0,0,0,0.5,0,0,0.0,7,0,0,1,0.2,0,0,0,0,0,0.3,1.425,villager,0,0,,,0.6666666666666666,0.42857142857142855,0.20203050891044214,0.0,0.2857142857142857,7,"{""baseline_rule_policy"": 1.0, ""deception_enabled_policy"": 0.0, ""mixed_rule_policy"": 1.0, ""randomized_legal_policy"": 0.0, ""risk_heterogeneous_policy"": 0.0, ""seat_order_neutral_policy"": 0.0, ""speech_and_herding_policy"": 1.0}",7,1,0.14285714285714285
5b4481c16d7f8a5451b34148e68468f7363aa1d5d682075058e3be2604c8b8af,4f166d75ef0fc484c42fb55e0a79ae9a72bfad39ebdea6c235d993d13635ece6,baseline_rule_policy_seed_52_game_2_seer_check,52,2,baseline_rule_policy,regime_baseline_rule_policy_seed_52_base_2,regime_baseline_rule_policy_seed_52_base_2,regime_baseline_rule_policy_seed_52_base_2,final_test,B_unseen_seed,1,night,seer_check,6,village,seer,9,1,0,information_gain_proxy,1,1,1,0,1,0,0,0,1,10,0,0,0.3,0,0,0.0,0.3,0,0,0,0,0,1,0,0,0.0,0.3,0,0,0,0,0,0,0,0,0,0,0.5,0,0,0.0,9,0,0,3,0.6,0,0,0,0,0,0.3,1.425,hunter,0,1,,,0.3333333333333333,0.42857142857142855,0.20203050891044214,0.0,0.2857142857142857,7,"{""baseline_rule_policy"": 0.0, ""deception_enabled_policy"": 1.0, ""mixed_rule_policy"": 1.0, ""randomized_legal_policy"": 0.0, ""risk_heterogeneous_policy"": 0.0, ""seat_order_neutral_policy"": 0.0, ""speech_and_herding_policy"": 1.0}",7,1,0.14285714285714285
5b4481c16d7f8a5451b34148e68468f7363aa1d5d682075058e3be2604c8b8af,4f166d75ef0fc484c42fb55e0a79ae9a72bfad39ebdea6c235d993d13635ece6,baseline_rule_policy_seed_52_game_2_seer_check,52,2,baseline_rule_policy,regime_baseline_rule_policy_seed_52_base_2,regime_baseline_rule_policy_seed_52_base_2,regime_baseline_rule_policy_seed_52_base_2,final_test,B_unseen_seed,1,night,seer_check,6,village,seer,2,1,0,information_gain_proxy,1,1,1,0,1,0,0,0,1,10,0,0,0.3,0,0,0.0,0.3,0,0,0,0,0,1,0,0,0.0,0.3,0,0,0,0,0,0,0,0,0,0,0.5,0,0,0.0,2,0,1,4,0.8,0,0,0,0,0,0.3,1.425,villager,0,0,,,0.6666666666666666,0.2857142857142857,0.18442777839082938,0.0,0.2380952380952381,7,"{""baseline_rule_policy"": 0.0, ""deception_enabled_policy"": 0.0, ""mixed_rule_policy"": 1.0, ""randomized_legal_policy"": 0.0, ""risk_heterogeneous_policy"": 0.0, ""seat_order_neutral_policy"": 0.0, ""speech_and_herding_policy"": 1.0}",7,3,0.14285714285714285
7b432efc74652e2944da3f9e27a1d47965b53575f7f93a324c5f73b8d7a9b48e,604c13be65c91d5908a6efe5692d8a186e2df7574f353dfdd7bf36d3ef4f350d,baseline_rule_policy_seed_53_game_1_seer_check,53,1,baseline_rule_policy,regime_baseline_rule_policy_seed_53_base_1,regime_baseline_rule_policy_seed_53_base_1,regime_baseline_rule_policy_seed_53_base_1,final_test,B_unseen_seed,1,night,seer_check,10,village,seer,5,1,1,information_gain_proxy,5,1,1,0,1,0,0,0,1,10,0,0,0.3,0,0,0.0,0.3,0,0,0,0,0,1,0,0,0.0,0.3,0,0,0,0,0,0,0,0,0,0,0.5,0,0,0.0,5,1,1,5,1.0,0,0,0,0,0,0.3,1.425,villager,0,0,,,0.6666666666666666,0.2857142857142857,0.18442777839082938,0.0,0.2380952380952381,7,"{""baseline_rule_policy"": 1.0, ""deception_enabled_policy"": 1.0, ""mixed_rule_policy"": 0.0, ""randomized_legal_policy"": 0.0, ""risk_heterogeneous_policy"": 0.0, ""seat_order_neutral_policy"": 0.0, ""speech_and_herding_policy"": 0.0}",1,1,0.0
7b432efc74652e2944da3f9e27a1d47965b53575f7f93a324c5f73b8d7a9b48e,604c13be65c91d5908a6efe5692d8a186e2df7574f353dfdd7bf36d3ef4f350d,baseline_rule_policy_seed_53_game_1_seer_check,53,1,baseline_rule_policy,regime_baseline_rule_policy_seed_53_base_1,regime_baseline_rule_policy_seed_53_base_1,regime_baseline_rule_policy_seed_53_base_1,final_test,B_unseen_seed,1,night,seer_check,10,village,seer,1,1,0,information_gain_proxy,5,1,1,0,1,0,0,0,1,10,0,0,0.3,0,0,0.0,0.3,0,0,0,0,0,1,0,0,0.0,0.3,0,0,0,0,0,0,0,0,0,0,0.5,0,0,0.0,1,1,1,1,0.2,0,0,0,0,0,0.3,1.425,witch,0,1,,,0.6666666666666666,0.2857142857142857,0.18442777839082938,0.0,0.2380952380952381,7,"{""baseline_rule_policy"": 0.0, ""deception_enabled_policy"": 0.0, ""mixed_rule_policy"": 0.0, ""randomized_legal_policy"": 1.0, ""risk_heterogeneous_policy"": 0.0, ""seat_order_neutral_policy"": 0.0, ""speech_and_herding_policy"": 1.0}",1,1,0.0
7b432efc74652e2944da3f9e27a1d47965b53575f7f93a324c5f73b8d7a9b48e,604c13be65c91d5908a6efe5692d8a186e2df7574f353dfdd7bf36d3ef4f350d,baseline_rule_policy_seed_53_game_1_seer_check,53,1,baseline_rule_policy,regime_baseline_rule_policy_seed_53_base_1,regime_baseline_rule_policy_seed_53_base_1,regime_baseline_rule_policy_seed_53_base_1,final_test,B_unseen_seed,1,night,seer_check,10,village,seer,8,1,0,information_gain_proxy,5,1,1,0,1,0,0,0,1,10,0,0,0.3,0,0,0.0,0.3,0,0,0,0,0,1,0,0,0.0,0.3,0,0,0,0,0,0,0,0,0,0,0.5,0,0,0.0,8,0,0,2,0.4,0,0,0,0,0,0.3,1.425,werewolf,1,0,,,0.6666666666666666,0.14285714285714285,0.14285714285714288,0.0,0.14285714285714288,7,"{""baseline_rule_policy"": 1.0, ""deception_enabled_policy"": 0.0, ""mixed_rule_policy"": 0.0, ""randomized_legal_policy"": 0.0, ""risk_heterogeneous_policy"": 0.0, ""seat_order_neutral_policy"": 0.0, ""speech_and_herding_policy"": 0.0}",1,4,0.0
7b432efc74652e2944da3f9e27a1d47965b53575f7f93a324c5f73b8d7a9b48e,604c13be65c91d5908a6efe5692d8a186e2df7574f353dfdd7bf36d3ef4f350d,baseline_rule_policy_seed_53_game_1_seer_check,53,1,baseline_rule_policy,regime_baseline_rule_policy_seed_53_base_1,regime_baseline_rule_policy_seed_53_base_1,regime_baseline_rule_policy_seed_53_base_1,final_test,B_unseen_seed,1,night,seer_check,10,village,seer,6,1,0,information_gain_proxy,5,1,1,0,1,0,0,0,1,10,0,0,0.3,0,0,0.0,0.3,0,0,0,0,0,1,0,0,0.0,0.3,0,0,0,0,0,0,0,0,0,0,0.5,0,0,0.0,6,1,0,4,0.8,0,0,0,0,0,0.3,1.425,villager,0,0,,,0.3333333333333333,0.2857142857142857,0.18442777839082938,0.0,0.2380952380952381,7,"{""baseline_rule_policy"": 1.0, ""deception_enabled_policy"": 0.0, ""mixed_rule_policy"": 1.0, ""randomized_legal_policy"": 0.0, ""risk_heterogeneous_policy"": 0.0, ""seat_order_neutral_policy"": 0.0, ""speech_and_herding_policy"": 0.0}",1,1,0.0
fade4a2474e640605e9e8c909acfdce0c3f691008a9445b982077639ddf520c3,1d74b329b4edb878f5896a8d9e0a2d6262021172b5ed8801f04602800133233f,baseline_rule_policy_seed_53_game_2_seer_check,53,2,baseline_rule_policy,regime_baseline_rule_policy_seed_53_base_2,regime_baseline_rule_policy_seed_53_base_2,regime_baseline_rule_policy_seed_53_base_2,final_test,B_unseen_seed,1,night,seer_check,3,village,seer,8,1,1,information_gain_proxy,8,1,1,0,1,0,0,0,1,10,0,0,0.3,0,0,0.0,0.3,0,0,0,0,0,1,0,0,0.0,0.3,0,0,0,0,0,0,0,0,0,0,0.5,0,0,0.0,8,0,0,5,1.0,0,0,0,0,0,0.3,1.425,villager,0,0,,,0.6666666666666666,0.42857142857142855,0.20203050891044214,0.0,0.2857142857142857,7,"{""baseline_rule_policy"": 1.0, ""deception_enabled_policy"": 0.0, ""mixed_rule_policy"": 0.0, ""randomized_legal_policy"": 0.0, ""risk_heterogeneous_policy"": 1.0, ""seat_order_neutral_policy"": 1.0, ""speech_and_herding_policy"": 0.0}",8,1,0.0
fade4a2474e640605e9e8c909acfdce0c3f691008a9445b982077639ddf520c3,1d74b329b4edb878f5896a8d9e0a2d6262021172b5ed8801f04602800133233f,baseline_rule_policy_seed_53_game_2_seer_check,53,2,baseline_rule_policy,regime_baseline_rule_policy_seed_53_base_2,regime_baseline_rule_policy_seed_53_base_2,regime_baseline_rule_policy_seed_53_base_2,final_test,B_unseen_seed,1,night,seer_check,3,village,seer,1,1,0,information_gain_proxy,8,1,1,0,1,0,0,0,1,10,0,0,0.3,0,0,0.0,0.3,0,0,0,0,0,1,0,0,0.0,0.3,0,0,0,0,0,0,0,0,0,0,0.5,0,0,0.0,1,1,1,2,0.4,0,0,0,0,0,0.3,1.425,werewolf,1,0,,,0.6666666666666666,0.2857142857142857,0.18442777839082938,0.0,0.2380952380952381,7,"{""baseline_rule_policy"": 0.0, ""deception_enabled_policy"": 0.0, ""mixed_rule_policy"": 0.0, ""randomized_legal_policy"": 0.0, ""risk_heterogeneous_policy"": 1.0, ""seat_order_neutral_policy"": 1.0, ""speech_and_herding_policy"": 0.0}",8,2,0.0
fade4a2474e640605e9e8c909acfdce0c3f691008a9445b982077639ddf520c3,1d74b329b4edb878f5896a8d9e0a2d6262021172b5ed8801f04602800133233f,baseline_rule_policy_seed_53_game_2_seer_check,53,2,baseline_rule_policy,regime_baseline_rule_policy_seed_53_base_2,regime_baseline_rule_policy_seed_53_base_2,regime_baseline_rule_policy_seed_53_base_2,final_test,B_unseen_seed,1,night,seer_check,3,village,seer,9,1,0,information_gain_proxy,8,1,1,0,1,0,0,0,1,10,0,0,0.3,0,0,0.0,0.3,0,0,0,0,0,1,0,0,0.0,0.3,0,0,0,0,0,0,0,0,0,0,0.5,0,0,0.0,9,0,0,4,0.8,0,0,0,0,0,0.3,1.425,villager,0,0,,,1.0,0.14285714285714285,0.14285714285714288,0.0,0.14285714285714288,7,"{""baseline_rule_policy"": 0.0, ""deception_enabled_policy"": 0.0, ""mixed_rule_policy"": 0.0, ""randomized_legal_policy"": 1.0, ""risk_heterogeneous_policy"": 0.0, ""seat_order_neutral_policy"": 0.0, ""speech_and_herding_policy"": 0.0}",8,3,0.0
fade4a2474e640605e9e8c909acfdce0c3f691008a9445b982077639ddf520c3,1d74b329b4edb878f5896a8d9e0a2d6262021172b5ed8801f04602800133233f,baseline_rule_policy_seed_53_game_2_seer_check,53,2,baseline_rule_policy,regime_baseline_rule_policy_seed_53_base_2,regime_baseline_rule_policy_seed_53_base_2,regime_baseline_rule_policy_seed_53_base_2,final_test,B_unseen_seed,1,night,seer_check,3,village,seer,4,1,0,information_gain_proxy,8,1,1,0,1,0,0,0,1,10,0,0,0.3,0,0,0.0,0.3,0,0,0,0,0,1,0,0,0.0,0.3,0,0,0,0,0,0,0,0,0,0,0.5,0,0,0.0,4,0,1,1,0.2,0,0,0,0,0,0.3,1.425,villager,0,0,,,0.3333333333333333,0.14285714285714285,0.14285714285714288,0.0,0.14285714285714288,7,"{""baseline_rule_policy"": 0.0, ""deception_enabled_policy"": 0.0, ""mixed_rule_policy"": 0.0, ""randomized_legal_policy"": 0.0, ""risk_heterogeneous_policy"": 0.0, ""seat_order_neutral_policy"": 1.0, ""speech_and_herding_policy"": 0.0}",8,3,0.0
12cd6bc241aaa95a45b156f91e66107d42f3e79d520193c40b372b86e1edf0a6,33b5848d907dba4ea5fc0c1b6b71106b6f622516b15703c8751250cc619fd9b7,randomized_legal_policy_seed_42_game_1_seer_check,42,1,randomized_legal_policy,regime_randomized_legal_policy_seed_42_base_1,regime_randomized_legal_policy_seed_42_base_1,regime_randomized_legal_policy_seed_42_base_1,train,A_in_distribution,1,night,seer_check,3,village,seer,6,1,1,random,6,1,1,0,1,0,0,0,1,10,0,0,0.3,0,0,0.0,0.3,0,0,0,0,0,1,0,0,0.0,0.3,0,0,0,0,0,0,0,0,0,0,0.5,0,0,0.0,6,1,0,3,0.6,0,0,0,0,0,0.3,1.425,villager,0,0,,,0.3333333333333333,0.0,0.0,0.0,0.0,7,"{""baseline_rule_policy"": 0.0, ""deception_enabled_policy"": 0.0, ""mixed_rule_policy"": 0.0, ""randomized_legal_policy"": 0.0, ""risk_heterogeneous_policy"": 0.0, ""seat_order_neutral_policy"": 0.0, ""speech_and_herding_policy"": 0.0}",7,2,0.5714285714285714
12cd6bc241aaa95a45b156f91e66107d42f3e79d520193c40b372b86e1edf0a6,33b5848d907dba4ea5fc0c1b6b71106b6f622516b15703c8751250cc619fd9b7,randomized_legal_policy_seed_42_game_1_seer_check,42,1,randomized_legal_policy,regime_randomized_legal_policy_seed_42_base_1,regime_randomized_legal_policy_seed_42_base_1,regime_randomized_legal_policy_seed_42_base_1,train,A_in_distribution,1,night,seer_check,3,village,seer,1,1,0,random,6,1,1,0,1,0,0,0,1,10,0,0,0.3,0,0,0.0,0.3,0,0,0,0,0,1,0,0,0.0,0.3,0,0,0,0,0,0,0,0,0,0,0.5,0,0,0.0,1,1,1,2,0.4,0,0,0,0,0,0.3,1.425,villager,0,0,,,1.0,0.0,0.0,0.0,0.0,7,"{""baseline_rule_policy"": 0.0, ""deception_enabled_policy"": 0.0, ""mixed_rule_policy"": 0.0, ""randomized_legal_policy"": 0.0, ""risk_heterogeneous_policy"": 0.0, ""seat_order_neutral_policy"": 0.0, ""speech_and_herding_policy"": 0.0}",7,2,0.5714285714285714
12cd6bc241aaa95a45b156f91e66107d42f3e79d520193c40b372b86e1edf0a6,33b5848d907dba4ea5fc0c1b6b71106b6f622516b15703c8751250cc619fd9b7,randomized_legal_policy_seed_42_game_1_seer_check,42,1,randomized_legal_policy,regime_randomized_legal_policy_seed_42_base_1,regime_randomized_legal_policy_seed_42_base_1,regime_randomized_legal_policy_seed_42_base_1,train,A_in_distribution,1,night,seer_check,3,village,seer,7,1,0,random,6,1,1,0,1,0,0,0,1,10,0,0,0.3,0,0,0.0,0.3,0,0,0,0,0,1,0,0,0.0,0.3,0,0,0,0,0,0,0,0,0,0,0.5,0,0,0.0,7,0,0,4,0.8,0,0,0,0,0,0.3,1.425,werewolf,1,0,,,1.0,0.5714285714285714,0.20203050891044216,0.0,0.28571428571428575,7,"{""baseline_rule_policy"": 1.0, ""deception_enabled_policy"": 1.0, ""mixed_rule_policy"": 0.0, ""randomized_legal_policy"": 1.0, ""risk_heterogeneous_policy"": 1.0, ""seat_order_neutral_policy"": 0.0, ""speech_and_herding_policy"": 0.0}",7,1,0.5714285714285714
12cd6bc241aaa95a45b156f91e66107d42f3e79d520193c40b372b86e1edf0a6,33b5848d907dba4ea5fc0c1b6b71106b6f622516b15703c8751250cc619fd9b7,randomized_legal_policy_seed_42_game_1_seer_check,42,1,randomized_legal_policy,regime_randomized_legal_policy_seed_42_base_1,regime_randomized_legal_policy_seed_42_base_1,regime_randomized_legal_policy_seed_42_base_1,train,A_in_distribution,1,night,seer_check,3,village,seer,4,1,0,random,6,1,1,0,1,0,0,0,1,10,0,0,0.3,0,0,0.0,0.3,0,0,0,0,0,1,0,0,0.0,0.3,0,0,0,0,0,0,0,0,0,0,0.5,0,0,0.0,4,0,1,1,0.2,0,0,0,0,0,0.3,1.425,hunter,0,1,,,0.6666666666666666,0.0,0.0,0.0,0.0,7,"{""baseline_rule_policy"": 0.0, ""deception_enabled_policy"": 0.0, ""mixed_rule_policy"": 0.0, ""randomized_legal_policy"": 0.0, ""risk_heterogeneous_policy"": 0.0, ""seat_order_neutral_policy"": 0.0, ""speech_and_herding_policy"": 0.0}",7,2,0.5714285714285714
e124c92458d8ee3237e2e549d4378f1352a89fc90d7c61a06c6437bf4f393e24,ded5e76ee68e92ec1cb03b94200037cfb3eea5cf10f47c564af03420fa3231a8,randomized_legal_policy_seed_42_game_2_seer_check,42,2,randomized_legal_policy,regime_randomized_legal_policy_seed_42_base_2,regime_randomized_legal_policy_seed_42_base_2,regime_randomized_legal_policy_seed_42_base_2,train,A_in_distribution,1,night,seer_check,6,village,seer,9,1,1,random,9,1,1,0,1,0,0,0,1,10,0,0,0.3,0,0,0.0,0.3,0,0,0,0,0,1,0,0,0.0,0.3,0,0,0,0,0,0,0,0,0,0,0.5,0,0,0.0,9,0,0,3,0.6,0,0,0,0,0,0.3,1.425,villager,0,0,,,0.3333333333333333,0.0,0.0,0.0,0.0,7,"{""baseline_rule_policy"": 0.0, ""deception_enabled_policy"": 0.0, ""mixed_rule_policy"": 0.0, ""randomized_legal_policy"": 0.0, ""risk_heterogeneous_policy"": 0.0, ""seat_order_neutral_policy"": 0.0, ""speech_and_herding_policy"": 0.0}",8,3,0.8571428571428571
e124c92458d8ee3237e2e549d4378f1352a89fc90d7c61a06c6437bf4f393e24,ded5e76ee68e92ec1cb03b94200037cfb3eea5cf10f47c564af03420fa3231a8,randomized_legal_policy_seed_42_game_2_seer_check,42,2,randomized_legal_policy,regime_randomized_legal_policy_seed_42_base_2,regime_randomized_legal_policy_seed_42_base_2,regime_randomized_legal_policy_seed_42_base_2,train,A_in_distribution,1,night,seer_check,6,village,seer,1,1,0,random,9,1,1,0,1,0,0,0,1,10,0,0,0.3,0,0,0.0,0.3,0,0,0,0,0,1,0,0,0.0,0.3,0,0,0,0,0,0,0,0,0,0,0.5,0,0,0.0,1,1,1,5,1.0,0,0,0,0,0,0.3,1.425,villager,0,0,,,1.0,0.0,0.0,0.0,0.0,7,"{""baseline_rule_policy"": 0.0, ""deception_enabled_policy"": 0.0, ""mixed_rule_policy"": 0.0, ""randomized_legal_policy"": 0.0, ""risk_heterogeneous_policy"": 0.0, ""seat_order_neutral_policy"": 0.0, ""speech_and_herding_policy"": 0.0}",8,3,0.8571428571428571
e124c92458d8ee3237e2e549d4378f1352a89fc90d7c61a06c6437bf4f393e24,ded5e76ee68e92ec1cb03b94200037cfb3eea5cf10f47c564af03420fa3231a8,randomized_legal_policy_seed_42_game_2_seer_check,42,2,randomized_legal_policy,regime_randomized_legal_policy_seed_42_base_2,regime_randomized_legal_policy_seed_42_base_2,regime_randomized_legal_policy_seed_42_base_2,train,A_in_distribution,1,night,seer_check,6,village,seer,8,1,0,random,9,1,1,0,1,0,0,0,1,10,0,0,0.3,0,0,0.0,0.3,0,0,0,0,0,1,0,0,0.0,0.3,0,0,0,0,0,0,0,0,0,0,0.5,0,0,0.0,8,0,0,2,0.4,0,0,0,0,0,0.3,1.425,werewolf,1,0,,,0.6666666666666666,0.8571428571428571,0.14285714285714285,0.0,0.14285714285714285,7,"{""baseline_rule_policy"": 1.0, ""deception_enabled_policy"": 1.0, ""mixed_rule_policy"": 1.0, ""randomized_legal_policy"": 1.0, ""risk_heterogeneous_policy"": 1.0, ""seat_order_neutral_policy"": 0.0, ""speech_and_herding_policy"": 1.0}",8,1,0.8571428571428571
e124c92458d8ee3237e2e549d4378f1352a89fc90d7c61a06c6437bf4f393e24,ded5e76ee68e92ec1cb03b94200037cfb3eea5cf10f47c564af03420fa3231a8,randomized_legal_policy_seed_42_game_2_seer_check,42,2,randomized_legal_policy,regime_randomized_legal_policy_seed_42_base_2,regime_randomized_legal_policy_seed_42_base_2,regime_randomized_legal_policy_seed_42_base_2,train,A_in_distribution,1,night,seer_check,6,village,seer,2,1,0,random,9,1,1,0,1,0,0,0,1,10,0,0,0.3,0,0,0.0,0.3,0,0,0,0,0,1,0,0,0.0,0.3,0,0,0,0,0,0,0,0,0,0,0.5,0,0,0.0,2,0,1,4,0.8,0,0,0,0,0,0.3,1.425,witch,0,1,,,1.0,0.2857142857142857,0.18442777839082938,0.0,0.2380952380952381,7,"{""baseline_rule_policy"": 1.0, ""deception_enabled_policy"": 0.0, ""mixed_rule_policy"": 0.0, ""randomized_legal_policy"": 1.0, ""risk_heterogeneous_policy"": 0.0, ""seat_order_neutral_policy"": 0.0, ""speech_and_herding_policy"": 0.0}",8,2,0.8571428571428571
f6304ddebeb2207bf80900e3236d5851075c85da57891d5bf1cc127c50fa605c,566be0b7131f4ba09d0bb87fdcab0e2867a6645e97c5a2003bccd25550cdcdab,randomized_legal_policy_seed_43_game_1_seer_check,43,1,randomized_legal_policy,regime_randomized_legal_policy_seed_43_base_1,regime_randomized_legal_policy_seed_43_base_1,regime_randomized_legal_policy_seed_43_base_1,train,A_in_distribution,1,night,seer_check,1,village,seer,4,1,1,random,4,1,1,0,1,0,0,0,1,10,0,0,0.3,0,0,0.0,0.3,0,0,0,0,0,1,0,0,0.0,0.3,0,0,0,0,0,0,0,0,0,0,0.5,0,0,0.0,4,0,1,3,0.6,0,0,0,0,0,0.3,1.425,werewolf,1,0,,,1.0,0.2857142857142857,0.18442777839082938,0.0,0.2380952380952381,7,"{""baseline_rule_policy"": 1.0, ""deception_enabled_policy"": 0.0, ""mixed_rule_policy"": 0.0, ""randomized_legal_policy"": 0.0, ""risk_heterogeneous_policy"": 1.0, ""seat_order_neutral_policy"": 0.0, ""speech_and_herding_policy"": 0.0}",10,1,0.0
f6304ddebeb2207bf80900e3236d5851075c85da57891d5bf1cc127c50fa605c,566be0b7131f4ba09d0bb87fdcab0e2867a6645e97c5a2003bccd25550cdcdab,randomized_legal_policy_seed_43_game_1_seer_check,43,1,randomized_legal_policy,regime_randomized_legal_policy_seed_43_base_1,regime_randomized_legal_policy_seed_43_base_1,regime_randomized_legal_policy_seed_43_base_1,train,A_in_distribution,1,night,seer_check,1,village,seer,10,1,0,random,4,1,1,0,1,0,0,0,1,10,0,0,0.3,0,0,0.0,0.3,0,0,0,0,0,1,0,0,0.0,0.3,0,0,0,0,0,0,0,0,0,0,0.5,0,0,0.0,10,1,0,1,0.2,0,0,0,0,0,0.3,1.425,werewolf,1,0,,,1.0,0.2857142857142857,0.18442777839082938,0.0,0.2380952380952381,7,"{""baseline_rule_policy"": 1.0, ""deception_enabled_policy"": 0.0, ""mixed_rule_policy"": 1.0, ""randomized_legal_policy"": 0.0, ""risk_heterogeneous_policy"": 0.0, ""seat_order_neutral_policy"": 0.0, ""speech_and_herding_policy"": 0.0}",10,1,0.0
f6304ddebeb2207bf80900e3236d5851075c85da57891d5bf1cc127c50fa605c,566be0b7131f4ba09d0bb87fdcab0e2867a6645e97c5a2003bccd25550cdcdab,randomized_legal_policy_seed_43_game_1_seer_check,43,1,randomized_legal_policy,regime_randomized_legal_policy_seed_43_base_1,regime_randomized_legal_policy_seed_43_base_1,regime_randomized_legal_policy_seed_43_base_1,train,A_in_distribution,1,night,seer_check,1,village,seer,5,1,0,random,4,1,1,0,1,0,0,0,1,10,0,0,0.3,0,0,0.0,0.3,0,0,0,0,0,1,0,0,0.0,0.3,0,0,0,0,0,0,0,0,0,0,0.5,0,0,0.0,5,1,1,4,0.8,0,0,0,0,0,0.3,1.425,witch,0,1,,,0.6666666666666666,0.14285714285714285,0.14285714285714288,0.0,0.14285714285714288,7,"{""baseline_rule_policy"": 1.0, ""deception_enabled_policy"": 0.0, ""mixed_rule_policy"": 0.0, ""randomized_legal_policy"": 0.0, ""risk_heterogeneous_policy"": 0.0, ""seat_order_neutral_policy"": 0.0, ""speech_and_herding_policy"": 0.0}",10,3,0.0
f6304ddebeb2207bf80900e3236d5851075c85da57891d5bf1cc127c50fa605c,566be0b7131f4ba09d0bb87fdcab0e2867a6645e97c5a2003bccd25550cdcdab,randomized_legal_policy_seed_43_game_1_seer_check,43,1,randomized_legal_policy,regime_randomized_legal_policy_seed_43_base_1,regime_randomized_legal_policy_seed_43_base_1,regime_randomized_legal_policy_seed_43_base_1,train,A_in_distribution,1,night,seer_check,1,village,seer,7,1,0,random,4,1,1,0,1,0,0,0,1,10,0,0,0.3,0,0,0.0,0.3,0,0,0,0,0,1,0,0,0.0,0.3,0,0,0,0,0,0,0,0,0,0,0.5,0,0,0.0,7,0,0,4,0.8,0,0,0,0,0,0.3,1.425,villager,0,0,,,0.3333333333333333,0.0,0.0,0.0,0.0,7,"{""baseline_rule_policy"": 0.0, ""deception_enabled_policy"": 0.0, ""mixed_rule_policy"": 0.0, ""randomized_legal_policy"": 0.0, ""risk_heterogeneous_policy"": 0.0, ""seat_order_neutral_policy"": 0.0, ""speech_and_herding_policy"": 0.0}",10,4,0.0
438156ac9c2661c7785da732aed97c8c9cb46903479630aca5aac9ac2f35f21e,f71569b9e7d8a535a46c5ec59feec2df0069b7bae8d4e41ac2a53e3746089ced,randomized_legal_policy_seed_43_game_2_seer_check,43,2,randomized_legal_policy,regime_randomized_legal_policy_seed_43_base_2,regime_randomized_legal_policy_seed_43_base_2,regime_randomized_legal_policy_seed_43_base_2,train,A_in_distribution,1,night,seer_check,9,village,seer,6,1,1,random,6,1,1,0,1,0,0,0,1,10,0,0,0.3,0,0,0.0,0.3,0,0,0,0,0,1,0,0,0.0,0.3,0,0,0,0,0,0,0,0,0,0,0.5,0,0,0.0,6,1,0,3,0.6,0,0,0,0,0,0.3,1.425,villager,0,0,,,0.3333333333333333,0.2857142857142857,0.18442777839082938,0.0,0.2380952380952381,7,"{""baseline_rule_policy"": 0.0, ""deception_enabled_policy"": 0.0, ""mixed_rule_policy"": 1.0, ""randomized_legal_policy"": 0.0, ""risk_heterogeneous_policy"": 0.0, ""seat_order_neutral_policy"": 1.0, ""speech_and_herding_policy"": 0.0}",1,3,0.14285714285714285
438156ac9c2661c7785da732aed97c8c9cb46903479630aca5aac9ac2f35f21e,f71569b9e7d8a535a46c5ec59feec2df0069b7bae8d4e41ac2a53e3746089ced,randomized_legal_policy_seed_43_game_2_seer_check,43,2,randomized_legal_policy,regime_randomized_legal_policy_seed_43_base_2,regime_randomized_legal_policy_seed_43_base_2,regime_randomized_legal_policy_seed_43_base_2,train,A_in_distribution,1,night,seer_check,9,village,seer,1,1,0,random,6,1,1,0,1,0,0,0,1,10,0,0,0.3,0,0,0.0,0.3,0,0,0,0,0,1,0,0,0.0,0.3,0,0,0,0,0,0,0,0,0,0,0.5,0,0,0.0,1,1,1,2,0.4,0,0,0,0,0,0.3,1.425,hunter,0,1,,,0.3333333333333333,0.42857142857142855,0.20203050891044214,0.0,0.2857142857142857,7,"{""baseline_rule_policy"": 1.0, ""deception_enabled_policy"": 1.0, ""mixed_rule_policy"": 1.0, ""randomized_legal_policy"": 0.0, ""risk_heterogeneous_policy"": 0.0, ""seat_order_neutral_policy"": 0.0, ""speech_and_herding_policy"": 0.0}",1,1,0.14285714285714285
438156ac9c2661c7785da732aed97c8c9cb46903479630aca5aac9ac2f35f21e,f71569b9e7d8a535a46c5ec59feec2df0069b7bae8d4e41ac2a53e3746089ced,randomized_legal_policy_seed_43_game_2_seer_check,43,2,randomized_legal_policy,regime_randomized_legal_policy_seed_43_base_2,regime_randomized_legal_policy_seed_43_base_2,regime_randomized_legal_policy_seed_43_base_2,train,A_in_distribution,1,night,seer_check,9,village,seer,4,1,0,random,6,1,1,0,1,0,0,0,1,10,0,0,0.3,0,0,0.0,0.3,0,0,0,0,0,1,0,0,0.0,0.3,0,0,0,0,0,0,0,0,0,0,0.5,0,0,0.0,4,0,1,5,1.0,0,0,0,0,0,0.3,1.425,villager,0,0,,,0.3333333333333333,0.42857142857142855,0.20203050891044214,0.0,0.2857142857142857,7,"{""baseline_rule_policy"": 0.0, ""deception_enabled_policy"": 0.0, ""mixed_rule_policy"": 0.0, ""randomized_legal_policy"": 0.0, ""risk_heterogeneous_policy"": 1.0, ""seat_order_neutral_policy"": 1.0, ""speech_and_herding_policy"": 1.0}",1,1,0.14285714285714285
438156ac9c2661c7785da732aed97c8c9cb46903479630aca5aac9ac2f35f21e,f71569b9e7d8a535a46c5ec59feec2df0069b7bae8d4e41ac2a53e3746089ced,randomized_legal_policy_seed_43_game_2_seer_check,43,2,randomized_legal_policy,regime_randomized_legal_policy_seed_43_base_2,regime_randomized_legal_policy_seed_43_base_2,regime_randomized_legal_policy_seed_43_base_2,train,A_in_distribution,1,night,seer_check,9,village,seer,2,1,0,random,6,1,1,0,1,0,0,0,1,10,0,0,0.3,0,0,0.0,0.3,0,0,0,0,0,1,0,0,0.0,0.3,0,0,0,0,0,0,0,0,0,0,0.5,0,0,0.0,2,0,1,3,0.6,0,0,0,0,0,0.3,1.425,werewolf,1,0,,,0.6666666666666666,0.14285714285714285,0.14285714285714288,0.0,0.14285714285714288,7,"{""baseline_rule_policy"": 1.0, ""deception_enabled_policy"": 0.0, ""mixed_rule_policy"": 0.0, ""randomized_legal_policy"": 0.0, ""risk_heterogeneous_policy"": 0.0, ""seat_order_neutral_policy"": 0.0, ""speech_and_herding_policy"": 0.0}",1,4,0.14285714285714285
dc7603592aac50076cf5e722eeaacb125d8352e2ca0f6d5bfd8bed966f734243,c9dd28e8efdb9906c6efce6c1ba34b4ff87f300f380148e600bd790a770ce920,randomized_legal_policy_seed_44_game_1_seer_check,44,1,randomized_legal_policy,regime_randomized_legal_policy_seed_44_base_1,regime_randomized_legal_policy_seed_44_base_1,regime_randomized_legal_policy_seed_44_base_1,train,A_in_distribution,1,night,seer_check,10,village,seer,3,1,1,random,3,1,1,0,1,0,0,0,1,10,0,0,0.3,0,0,0.0,0.3,0,0,0,0,0,1,0,0,0.0,0.3,0,0,0,0,0,0,0,0,0,0,0.5,0,0,0.0,3,0,1,3,0.6,0,0,0,0,0,0.3,1.425,werewolf,1,0,,,1.0,0.2857142857142857,0.18442777839082938,0.0,0.2380952380952381,7,"{""baseline_rule_policy"": 0.0, ""deception_enabled_policy"": 0.0, ""mixed_rule_policy"": 0.0, ""randomized_legal_policy"": 1.0, ""risk_heterogeneous_policy"": 1.0, ""seat_order_neutral_policy"": 0.0, ""speech_and_herding_policy"": 0.0}",8,2,0.4285714285714286
dc7603592aac50076cf5e722eeaacb125d8352e2ca0f6d5bfd8bed966f734243,c9dd28e8efdb9906c6efce6c1ba34b4ff87f300f380148e600bd790a770ce920,randomized_legal_policy_seed_44_game_1_seer_check,44,1,randomized_legal_policy,regime_randomized_legal_policy_seed_44_base_1,regime_randomized_legal_policy_seed_44_base_1,regime_randomized_legal_policy_seed_44_base_1,train,A_in_distribution,1,night,seer_check,10,village,seer,1,1,0,random,3,1,1,0,1,0,0,0,1,10,0,0,0.3,0,0,0.0,0.3,0,0,0,0,0,1,0,0,0.0,0.3,0,0,0,0,0,0,0,0,0,0,0.5,0,0,0.0,1,1,1,1,0.2,0,0,0,0,0,0.3,1.425,villager,0,0,,,0.3333333333333333,0.14285714285714285,0.14285714285714288,0.0,0.14285714285714288,7,"{""baseline_rule_policy"": 0.0, ""deception_enabled_policy"": 1.0, ""mixed_rule_policy"": 0.0, ""randomized_legal_policy"": 0.0, ""risk_heterogeneous_policy"": 0.0, ""seat_order_neutral_policy"": 0.0, ""speech_and_herding_policy"": 0.0}",8,3,0.4285714285714286
dc7603592aac50076cf5e722eeaacb125d8352e2ca0f6d5bfd8bed966f734243,c9dd28e8efdb9906c6efce6c1ba34b4ff87f300f380148e600bd790a770ce920,randomized_legal_policy_seed_44_game_1_seer_check,44,1,randomized_legal_policy,regime_randomized_legal_policy_seed_44_base_1,regime_randomized_legal_policy_seed_44_base_1,regime_randomized_legal_policy_seed_44_base_1,train,A_in_distribution,1,night,seer_check,10,village,seer,5,1,0,random,3,1,1,0,1,0,0,0,1,10,0,0,0.3,0,0,0.0,0.3,0,0,0,0,0,1,0,0,0.0,0.3,0,0,0,0,0,0,0,0,0,0,0.5,0,0,0.0,5,1,1,5,1.0,0,0,0,0,0,0.3,1.425,witch,0,1,,,0.3333333333333333,0.0,0.0,0.0,0.0,7,"{""baseline_rule_policy"": 0.0, ""deception_enabled_policy"": 0.0, ""mixed_rule_policy"": 0.0, ""randomized_legal_policy"": 0.0, ""risk_heterogeneous_policy"": 0.0, ""seat_order_neutral_policy"": 0.0, ""speech_and_herding_policy"": 0.0}",8,4,0.4285714285714286
dc7603592aac50076cf5e722eeaacb125d8352e2ca0f6d5bfd8bed966f734243,c9dd28e8efdb9906c6efce6c1ba34b4ff87f300f380148e600bd790a770ce920,randomized_legal_policy_seed_44_game_1_seer_check,44,1,randomized_legal_policy,regime_randomized_legal_policy_seed_44_base_1,regime_randomized_legal_policy_seed_44_base_1,regime_randomized_legal_policy_seed_44_base_1,train,A_in_distribution,1,night,seer_check,10,village,seer,8,1,0,random,3,1,1,0,1,0,0,0,1,10,0,0,0.3,0,0,0.0,0.3,0,0,0,0,0,1,0,0,0.0,0.3,0,0,0,0,0,0,0,0,0,0,0.5,0,0,0.0,8,0,0,2,0.4,0,0,0,0,0,0.3,1.425,werewolf,1,0,,,0.3333333333333333,0.7142857142857143,0.18442777839082938,0.0,0.2380952380952381,7,"{""baseline_rule_policy"": 1.0, ""deception_enabled_policy"": 0.0, ""mixed_rule_policy"": 1.0, ""randomized_legal_policy"": 0.0, ""risk_heterogeneous_policy"": 1.0, ""seat_order_neutral_policy"": 1.0, ""speech_and_herding_policy"": 1.0}",8,1,0.4285714285714286
92fb210e04256b765d8dc338d7e4fb856a64f0f588d8b29fb9768096b3feff78,042c9d1ecf9c13056037209d159e9389a574856dd82a7655d9193094364881e6,randomized_legal_policy_seed_44_game_2_seer_check,44,2,randomized_legal_policy,regime_randomized_legal_policy_seed_44_base_2,regime_randomized_legal_policy_seed_44_base_2,regime_randomized_legal_policy_seed_44_base_2,train,A_in_distribution,1,night,seer_check,9,village,seer,4,1,1,random,4,1,1,0,1,0,0,0,1,10,0,0,0.3,0,0,0.0,0.3,0,0,0,0,0,1,0,0,0.0,0.3,0,0,0,0,0,0,0,0,0,0,0.5,0,0,0.0,4,0,1,5,1.0,0,0,0,0,0,0.3,1.425,villager,0,0,,,0.0,0.42857142857142855,0.20203050891044214,0.0,0.2857142857142857,7,"{""baseline_rule_policy"": 1.0, ""deception_enabled_policy"": 0.0, ""mixed_rule_policy"": 0.0, ""randomized_legal_policy"": 1.0, ""risk_heterogeneous_policy"": 0.0, ""seat_order_neutral_policy"": 0.0, ""speech_and_herding_policy"": 1.0}",1,3,0.14285714285714285
92fb210e04256b765d8dc338d7e4fb856a64f0f588d8b29fb9768096b3feff78,042c9d1ecf9c13056037209d159e9389a574856dd82a7655d9193094364881e6,randomized_legal_policy_seed_44_game_2_seer_check,44,2,randomized_legal_policy,regime_randomized_legal_policy_seed_44_base_2,regime_randomized_legal_policy_seed_44_base_2,regime_randomized_legal_policy_seed_44_base_2,train,A_in_distribution,1,night,seer_check,9,village,seer,1,1,0,random,4,1,1,0,1,0,0,0,1,10,0,0,0.3,0,0,0.0,0.3,0,0,0,0,0,1,0,0,0.0,0.3,0,0,0,0,0,0,0,0,0,0,0.5,0,0,0.0,1,1,1,2,0.4,0,0,0,0,0,0.3,1.425,villager,0,0,,,0.6666666666666666,0.5714285714285714,0.20203050891044216,0.0,0.28571428571428575,7,"{""baseline_rule_policy"": 1.0, ""deception_enabled_policy"": 1.0, ""mixed_rule_policy"": 1.0, ""randomized_legal_policy"": 1.0, ""risk_heterogeneous_policy"": 0.0, ""seat_order_neutral_policy"": 0.0, ""speech_and_herding_policy"": 0.0}",1,1,0.14285714285714285
92fb210e04256b765d8dc338d7e4fb856a64f0f588d8b29fb9768096b3feff78,042c9d1ecf9c13056037209d159e9389a574856dd82a7655d9193094364881e6,randomized_legal_policy_seed_44_game_2_seer_check,44,2,randomized_legal_policy,regime_randomized_legal_policy_seed_44_base_2,regime_randomized_legal_policy_seed_44_base_2,regime_randomized_legal_policy_seed_44_base_2,train,A_in_distribution,1,night,seer_check,9,village,seer,7,1,0,random,4,1,1,0,1,0,0,0,1,10,0,0,0.3,0,0,0.0,0.3,0,0,0,0,0,1,0,0,0.0,0.3,0,0,0,0,0,0,0,0,0,0,0.5,0,0,0.0,7,0,0,2,0.4,0,0,0,0,0,0.3,1.425,werewolf,1,0,,,0.6666666666666666,0.5714285714285714,0.20203050891044216,0.0,0.28571428571428575,7,"{""baseline_rule_policy"": 1.0, ""deception_enabled_policy"": 1.0, ""mixed_rule_policy"": 1.0, ""randomized_legal_policy"": 0.0, ""risk_heterogeneous_policy"": 0.0, ""seat_order_neutral_policy"": 1.0, ""speech_and_herding_policy"": 0.0}",1,1,0.14285714285714285
92fb210e04256b765d8dc338d7e4fb856a64f0f588d8b29fb9768096b3feff78,042c9d1ecf9c13056037209d159e9389a574856dd82a7655d9193094364881e6,randomized_legal_policy_seed_44_game_2_seer_check,44,2,randomized_legal_policy,regime_randomized_legal_policy_seed_44_base_2,regime_randomized_legal_policy_seed_44_base_2,regime_randomized_legal_policy_seed_44_base_2,train,A_in_distribution,1,night,seer_check,9,village,seer,3,1,0,random,4,1,1,0,1,0,0,0,1,10,0,0,0.3,0,0,0.0,0.3,0,0,0,0,0,1,0,0,0.0,0.3,0,0,0,0,0,0,0,0,0,0,0.5,0,0,0.0,3,0,1,4,0.8,0,0,0,0,0,0.3,1.425,witch,0,1,,,0.6666666666666666,0.2857142857142857,0.18442777839082938,0.0,0.2380952380952381,7,"{""baseline_rule_policy"": 0.0, ""deception_enabled_policy"": 1.0, ""mixed_rule_policy"": 0.0, ""randomized_legal_policy"": 1.0, ""risk_heterogeneous_policy"": 0.0, ""seat_order_neutral_policy"": 0.0, ""speech_and_herding_policy"": 0.0}",1,4,0.14285714285714285
433f71e5db94c606db90b3059d55825b343c6bf88399820f0ba21494607bf98a,001390606d25924268725047b35af9e69d068e685bf8627d1b7f3b3f63967357,randomized_legal_policy_seed_50_game_1_seer_check,50,1,randomized_legal_policy,regime_randomized_legal_policy_seed_50_base_1,regime_randomized_legal_policy_seed_50_base_1,regime_randomized_legal_policy_seed_50_base_1,validation,A_in_distribution,1,night,seer_check,6,village,seer,8,1,1,random,8,1,1,0,1,0,0,0,1,10,0,0,0.3,0,0,0.0,0.3,0,0,0,0,0,1,0,0,0.0,0.3,0,0,0,0,0,0,0,0,0,0,0.5,0,0,0.0,8,0,0,2,0.4,0,0,0,0,0,0.3,1.425,werewolf,1,0,,,1.0,0.5714285714285714,0.20203050891044216,0.0,0.28571428571428575,7,"{""baseline_rule_policy"": 1.0, ""deception_enabled_policy"": 0.0, ""mixed_rule_policy"": 1.0, ""randomized_legal_policy"": 1.0, ""risk_heterogeneous_policy"": 1.0, ""seat_order_neutral_policy"": 0.0, ""speech_and_herding_policy"": 0.0}",8,1,0.0
433f71e5db94c606db90b3059d55825b343c6bf88399820f0ba21494607bf98a,001390606d25924268725047b35af9e69d068e685bf8627d1b7f3b3f63967357,randomized_legal_policy_seed_50_game_1_seer_check,50,1,randomized_legal_policy,regime_randomized_legal_policy_seed_50_base_1,regime_randomized_legal_policy_seed_50_base_1,regime_randomized_legal_policy_seed_50_base_1,validation,A_in_distribution,1,night,seer_check,6,village,seer,1,1,0,random,8,1,1,0,1,0,0,0,1,10,0,0,0.3,0,0,0.0,0.3,0,0,0,0,0,1,0,0,0.0,0.3,0,0,0,0,0,0,0,0,0,0,0.5,0,0,0.0,1,1,1,5,1.0,0,0,0,0,0,0.3,1.425,villager,0,0,,,0.3333333333333333,0.14285714285714285,0.14285714285714288,0.0,0.14285714285714288,7,"{""baseline_rule_policy"": 0.0, ""deception_enabled_policy"": 0.0, ""mixed_rule_policy"": 0.0, ""randomized_legal_policy"": 1.0, ""risk_heterogeneous_policy"": 0.0, ""seat_order_neutral_policy"": 0.0, ""speech_and_herding_policy"": 0.0}",8,2,0.0
433f71e5db94c606db90b3059d55825b343c6bf88399820f0ba21494607bf98a,001390606d25924268725047b35af9e69d068e685bf8627d1b7f3b3f63967357,randomized_legal_policy_seed_50_game_1_seer_check,50,1,randomized_legal_policy,regime_randomized_legal_policy_seed_50_base_1,regime_randomized_legal_policy_seed_50_base_1,regime_randomized_legal_policy_seed_50_base_1,validation,A_in_distribution,1,night,seer_check,6,village,seer,10,1,0,random,8,1,1,0,1,0,0,0,1,10,0,0,0.3,0,0,0.0,0.3,0,0,0,0,0,1,0,0,0.0,0.3,0,0,0,0,0,0,0,0,0,0,0.5,0,0,0.0,10,1,0,4,0.8,0,0,0,0,0,0.3,1.425,villager,0,0,,,1.0,0.14285714285714285,0.14285714285714288,0.0,0.14285714285714288,7,"{""baseline_rule_policy"": 0.0, ""deception_enabled_policy"": 1.0, ""mixed_rule_policy"": 0.0, ""randomized_legal_policy"": 0.0, ""risk_heterogeneous_policy"": 0.0, ""seat_order_neutral_policy"": 0.0, ""speech_and_herding_policy"": 0.0}",8,2,0.0
433f71e5db94c606db90b3059d55825b343c6bf88399820f0ba21494607bf98a,001390606d25924268725047b35af9e69d068e685bf8627d1b7f3b3f63967357,randomized_legal_policy_seed_50_game_1_seer_check,50,1,randomized_legal_policy,regime_randomized_legal_policy_seed_50_base_1,regime_randomized_legal_policy_seed_50_base_1,regime_randomized_legal_policy_seed_50_base_1,validation,A_in_distribution,1,night,seer_check,6,village,seer,2,1,0,random,8,1,1,0,1,0,0,0,1,10,0,0,0.3,0,0,0.0,0.3,0,0,0,0,0,1,0,0,0.0,0.3,0,0,0,0,0,0,0,0,0,0,0.5,0,0,0.0,2,0,1,4,0.8,0,0,0,0,0,0.3,1.425,villager,0,0,,,0.3333333333333333,0.14285714285714285,0.14285714285714288,0.0,0.14285714285714288,7,"{""baseline_rule_policy"": 0.0, ""deception_enabled_policy"": 1.0, ""mixed_rule_policy"": 0.0, ""randomized_legal_policy"": 0.0, ""risk_heterogeneous_policy"": 0.0, ""seat_order_neutral_policy"": 0.0, ""speech_and_herding_policy"": 0.0}",8,2,0.0
7e11910964246574cdefebfe5c11cf1d05b1a0ac90ea33468e66d641e21e7947,21e6f4cad3ea8a7ae3bd3de1431b0f3e919e33d117d2212a5235b9ba7b39ae1b,randomized_legal_policy_seed_50_game_2_seer_check,50,2,randomized_legal_policy,regime_randomized_legal_policy_seed_50_base_2,regime_randomized_legal_policy_seed_50_base_2,regime_randomized_legal_policy_seed_50_base_2,validation,A_in_distribution,1,night,seer_check,10,village,seer,6,1,1,random,6,1,1,0,1,0,0,0,1,10,0,0,0.3,0,0,0.0,0.3,0,0,0,0,0,1,0,0,0.0,0.3,0,0,0,0,0,0,0,0,0,0,0.5,0,0,0.0,6,1,0,4,0.8,0,0,0,0,0,0.3,1.425,hunter,0,1,,,0.0,0.14285714285714285,0.14285714285714288,0.0,0.14285714285714288,7,"{""baseline_rule_policy"": 1.0, ""deception_enabled_policy"": 0.0, ""mixed_rule_policy"": 0.0, ""randomized_legal_policy"": 0.0, ""risk_heterogeneous_policy"": 0.0, ""seat_order_neutral_policy"": 0.0, ""speech_and_herding_policy"": 0.0}",5,2,0.2857142857142857
7e11910964246574cdefebfe5c11cf1d05b1a0ac90ea33468e66d641e21e7947,21e6f4cad3ea8a7ae3bd3de1431b0f3e919e33d117d2212a5235b9ba7b39ae1b,randomized_legal_policy_seed_50_game_2_seer_check,50,2,randomized_legal_policy,regime_randomized_legal_policy_seed_50_base_2,regime_randomized_legal_policy_seed_50_base_2,regime_randomized_legal_policy_seed_50_base_2,validation,A_in_distribution,1,night,seer_check,10,village,seer,1,1,0,random,6,1,1,0,1,0,0,0,1,10,0,0,0.3,0,0,0.0,0.3,0,0,0,0,0,1,0,0,0.0,0.3,0,0,0,0,0,0,0,0,0,0,0.5,0,0,0.0,1,1,1,1,0.2,0,0,0,0,0,0.3,1.425,werewolf,1,0,,,1.0,0.14285714285714285,0.14285714285714288,0.0,0.14285714285714288,7,"{""baseline_rule_policy"": 1.0, ""deception_enabled_policy"": 0.0, ""mixed_rule_policy"": 0.0, ""randomized_legal_policy"": 0.0, ""risk_heterogeneous_policy"": 0.0, ""seat_order_neutral_policy"": 0.0, ""speech_and_herding_policy"": 0.0}",5,2,0.2857142857142857
7e11910964246574cdefebfe5c11cf1d05b1a0ac90ea33468e66d641e21e7947,21e6f4cad3ea8a7ae3bd3de1431b0f3e919e33d117d2212a5235b9ba7b39ae1b,randomized_legal_policy_seed_50_game_2_seer_check,50,2,randomized_legal_policy,regime_randomized_legal_policy_seed_50_base_2,regime_randomized_legal_policy_seed_50_base_2,regime_randomized_legal_policy_seed_50_base_2,validation,A_in_distribution,1,night,seer_check,10,village,seer,3,1,0,random,6,1,1,0,1,0,0,0,1,10,0,0,0.3,0,0,0.0,0.3,0,0,0,0,0,1,0,0,0.0,0.3,0,0,0,0,0,0,0,0,0,0,0.5,0,0,0.0,3,0,1,3,0.6,0,0,0,0,0,0.3,1.425,villager,0,0,,,0.6666666666666666,0.14285714285714285,0.14285714285714288,0.0,0.14285714285714288,7,"{""baseline_rule_policy"": 0.0, ""deception_enabled_policy"": 1.0, ""mixed_rule_policy"": 0.0, ""randomized_legal_policy"": 0.0, ""risk_heterogeneous_policy"": 0.0, ""seat_order_neutral_policy"": 0.0, ""speech_and_herding_policy"": 0.0}",5,2,0.2857142857142857
7e11910964246574cdefebfe5c11cf1d05b1a0ac90ea33468e66d641e21e7947,21e6f4cad3ea8a7ae3bd3de1431b0f3e919e33d117d2212a5235b9ba7b39ae1b,randomized_legal_policy_seed_50_game_2_seer_check,50,2,randomized_legal_policy,regime_randomized_legal_policy_seed_50_base_2,regime_randomized_legal_policy_seed_50_base_2,regime_randomized_legal_policy_seed_50_base_2,validation,A_in_distribution,1,night,seer_check,10,village,seer,5,1,0,random,6,1,1,0,1,0,0,0,1,10,0,0,0.3,0,0,0.0,0.3,0,0,0,0,0,1,0,0,0.0,0.3,0,0,0,0,0,0,0,0,0,0,0.5,0,0,0.0,5,1,1,5,1.0,0,0,0,0,0,0.3,1.425,villager,0,0,,,0.3333333333333333,0.42857142857142855,0.20203050891044214,0.0,0.2857142857142857,7,"{""baseline_rule_policy"": 1.0, ""deception_enabled_policy"": 1.0, ""mixed_rule_policy"": 0.0, ""randomized_legal_policy"": 1.0, ""risk_heterogeneous_policy"": 0.0, ""seat_order_neutral_policy"": 0.0, ""speech_and_herding_policy"": 0.0}",5,1,0.2857142857142857
2cefdadccf4b10df289d8bdd1e789f0db43c3d29f9b761d3173e0ef737805043,1c6dbf3d5cea3eeddb49c18569478507638f198cf1e978ff0158eccc244a660e,randomized_legal_policy_seed_52_game_1_seer_check,52,1,randomized_legal_policy,regime_randomized_legal_policy_seed_52_base_1,regime_randomized_legal_policy_seed_52_base_1,regime_randomized_legal_policy_seed_52_base_1,final_test,B_unseen_seed,1,night,seer_check,10,village,seer,5,1,1,random,5,1,1,0,1,0,0,0,1,10,0,0,0.3,0,0,0.0,0.3,0,0,0,0,0,1,0,0,0.0,0.3,0,0,0,0,0,0,0,0,0,0,0.5,0,0,0.0,5,1,1,5,1.0,0,0,0,0,0,0.3,1.425,villager,0,0,,,1.0,0.14285714285714285,0.14285714285714288,0.0,0.14285714285714288,7,"{""baseline_rule_policy"": 0.0, ""deception_enabled_policy"": 0.0, ""mixed_rule_policy"": 0.0, ""randomized_legal_policy"": 0.0, ""risk_heterogeneous_policy"": 1.0, ""seat_order_neutral_policy"": 0.0, ""speech_and_herding_policy"": 0.0}",4,2,0.14285714285714285
2cefdadccf4b10df289d8bdd1e789f0db43c3d29f9b761d3173e0ef737805043,1c6dbf3d5cea3eeddb49c18569478507638f198cf1e978ff0158eccc244a660e,randomized_legal_policy_seed_52_game_1_seer_check,52,1,randomized_legal_policy,regime_randomized_legal_policy_seed_52_base_1,regime_randomized_legal_policy_seed_52_base_1,regime_randomized_legal_policy_seed_52_base_1,final_test,B_unseen_seed,1,night,seer_check,10,village,seer,1,1,0,random,5,1,1,0,1,0,0,0,1,10,0,0,0.3,0,0,0.0,0.3,0,0,0,0,0,1,0,0,0.0,0.3,0,0,0,0,0,0,0,0,0,0,0.5,0,0,0.0,1,1,1,1,0.2,0,0,0,0,0,0.3,1.425,werewolf,1,0,,,1.0,0.14285714285714285,0.14285714285714288,0.0,0.14285714285714288,7,"{""baseline_rule_policy"": 0.0, ""deception_enabled_policy"": 1.0, ""mixed_rule_policy"": 0.0, ""randomized_legal_policy"": 0.0, ""risk_heterogeneous_policy"": 0.0, ""seat_order_neutral_policy"": 0.0, ""speech_and_herding_policy"": 0.0}",4,2,0.14285714285714285
2cefdadccf4b10df289d8bdd1e789f0db43c3d29f9b761d3173e0ef737805043,1c6dbf3d5cea3eeddb49c18569478507638f198cf1e978ff0158eccc244a660e,randomized_legal_policy_seed_52_game_1_seer_check,52,1,randomized_legal_policy,regime_randomized_legal_policy_seed_52_base_1,regime_randomized_legal_policy_seed_52_base_1,regime_randomized_legal_policy_seed_52_base_1,final_test,B_unseen_seed,1,night,seer_check,10,village,seer,4,1,0,random,5,1,1,0,1,0,0,0,1,10,0,0,0.3,0,0,0.0,0.3,0,0,0,0,0,1,0,0,0.0,0.3,0,0,0,0,0,0,0,0,0,0,0.5,0,0,0.0,4,0,1,4,0.8,0,0,0,0,0,0.3,1.425,villager,0,0,,,0.3333333333333333,0.2857142857142857,0.18442777839082938,0.0,0.2380952380952381,7,"{""baseline_rule_policy"": 1.0, ""deception_enabled_policy"": 0.0, ""mixed_rule_policy"": 0.0, ""randomized_legal_policy"": 0.0, ""risk_heterogeneous_policy"": 1.0, ""seat_order_neutral_policy"": 0.0, ""speech_and_herding_policy"": 0.0}",4,1,0.14285714285714285
2cefdadccf4b10df289d8bdd1e789f0db43c3d29f9b761d3173e0ef737805043,1c6dbf3d5cea3eeddb49c18569478507638f198cf1e978ff0158eccc244a660e,randomized_legal_policy_seed_52_game_1_seer_check,52,1,randomized_legal_policy,regime_randomized_legal_policy_seed_52_base_1,regime_randomized_legal_policy_seed_52_base_1,regime_randomized_legal_policy_seed_52_base_1,final_test,B_unseen_seed,1,night,seer_check,10,village,seer,7,1,0,random,5,1,1,0,1,0,0,0,1,10,0,0,0.3,0,0,0.0,0.3,0,0,0,0,0,1,0,0,0.0,0.3,0,0,0,0,0,0,0,0,0,0,0.5,0,0,0.0,7,0,0,3,0.6,0,0,0,0,0,0.3,1.425,villager,0,0,,,0.3333333333333333,0.0,0.0,0.0,0.0,7,"{""baseline_rule_policy"": 0.0, ""deception_enabled_policy"": 0.0, ""mixed_rule_policy"": 0.0, ""randomized_legal_policy"": 0.0, ""risk_heterogeneous_policy"": 0.0, ""seat_order_neutral_policy"": 0.0, ""speech_and_herding_policy"": 0.0}",4,4,0.14285714285714285
d4d614900a97bb5e6c59aae5e80603d8d9eb242fe9d823bec8debab923f1a19b,00deca3b66116718833532c64204757cce296ccec336e335e8ea61bf0305eb7b,randomized_legal_policy_seed_52_game_2_seer_check,52,2,randomized_legal_policy,regime_randomized_legal_policy_seed_52_base_2,regime_randomized_legal_policy_seed_52_base_2,regime_randomized_legal_policy_seed_52_base_2,final_test,B_unseen_seed,1,night,seer_check,6,village,seer,9,1,1,random,9,1,1,0,1,0,0,0,1,10,0,0,0.3,0,0,0.0,0.3,0,0,0,0,0,1,0,0,0.0,0.3,0,0,0,0,0,0,0,0,0,0,0.5,0,0,0.0,9,0,0,3,0.6,0,0,0,0,0,0.3,1.425,hunter,0,1,,,0.0,0.2857142857142857,0.18442777839082938,0.0,0.2380952380952381,7,"{""baseline_rule_policy"": 1.0, ""deception_enabled_policy"": 0.0, ""mixed_rule_policy"": 0.0, ""randomized_legal_policy"": 1.0, ""risk_heterogeneous_policy"": 0.0, ""seat_order_neutral_policy"": 0.0, ""speech_and_herding_policy"": 0.0}",4,2,0.14285714285714285
d4d614900a97bb5e6c59aae5e80603d8d9eb242fe9d823bec8debab923f1a19b,00deca3b66116718833532c64204757cce296ccec336e335e8ea61bf0305eb7b,randomized_legal_policy_seed_52_game_2_seer_check,52,2,randomized_legal_policy,regime_randomized_legal_policy_seed_52_base_2,regime_randomized_legal_policy_seed_52_base_2,regime_randomized_legal_policy_seed_52_base_2,final_test,B_unseen_seed,1,night,seer_check,6,village,seer,1,1,0,random,9,1,1,0,1,0,0,0,1,10,0,0,0.3,0,0,0.0,0.3,0,0,0,0,0,1,0,0,0.0,0.3,0,0,0,0,0,0,0,0,0,0,0.5,0,0,0.0,1,1,1,5,1.0,0,0,0,0,0,0.3,1.425,witch,0,1,,,0.6666666666666666,0.2857142857142857,0.18442777839082938,0.0,0.2380952380952381,7,"{""baseline_rule_policy"": 1.0, ""deception_enabled_policy"": 0.0, ""mixed_rule_policy"": 0.0, ""randomized_legal_policy"": 0.0, ""risk_heterogeneous_policy"": 0.0, ""seat_order_neutral_policy"": 1.0, ""speech_and_herding_policy"": 0.0}",4,2,0.14285714285714285
d4d614900a97bb5e6c59aae5e80603d8d9eb242fe9d823bec8debab923f1a19b,00deca3b66116718833532c64204757cce296ccec336e335e8ea61bf0305eb7b,randomized_legal_policy_seed_52_game_2_seer_check,52,2,randomized_legal_policy,regime_randomized_legal_policy_seed_52_base_2,regime_randomized_legal_policy_seed_52_base_2,regime_randomized_legal_policy_seed_52_base_2,final_test,B_unseen_seed,1,night,seer_check,6,village,seer,4,1,0,random,9,1,1,0,1,0,0,0,1,10,0,0,0.3,0,0,0.0,0.3,0,0,0,0,0,1,0,0,0.0,0.3,0,0,0,0,0,0,0,0,0,0,0.5,0,0,0.0,4,0,1,2,0.4,0,0,0,0,0,0.3,1.425,werewolf,1,0,,,1.0,0.42857142857142855,0.20203050891044214,0.0,0.2857142857142857,7,"{""baseline_rule_policy"": 0.0, ""deception_enabled_policy"": 1.0, ""mixed_rule_policy"": 1.0, ""randomized_legal_policy"": 0.0, ""risk_heterogeneous_policy"": 1.0, ""seat_order_neutral_policy"": 0.0, ""speech_and_herding_policy"": 0.0}",4,1,0.14285714285714285
d4d614900a97bb5e6c59aae5e80603d8d9eb242fe9d823bec8debab923f1a19b,00deca3b66116718833532c64204757cce296ccec336e335e8ea61bf0305eb7b,randomized_legal_policy_seed_52_game_2_seer_check,52,2,randomized_legal_policy,regime_randomized_legal_policy_seed_52_base_2,regime_randomized_legal_policy_seed_52_base_2,regime_randomized_legal_policy_seed_52_base_2,final_test,B_unseen_seed,1,night,seer_check,6,village,seer,2,1,0,random,9,1,1,0,1,0,0,0,1,10,0,0,0.3,0,0,0.0,0.3,0,0,0,0,0,1,0,0,0.0,0.3,0,0,0,0,0,0,0,0,0,0,0.5,0,0,0.0,2,0,1,4,0.8,0,0,0,0,0,0.3,1.425,villager,0,0,,,0.6666666666666666,0.14285714285714285,0.14285714285714288,0.0,0.14285714285714288,7,"{""baseline_rule_policy"": 0.0, ""deception_enabled_policy"": 0.0, ""mixed_rule_policy"": 0.0, ""randomized_legal_policy"": 0.0, ""risk_heterogeneous_policy"": 0.0, ""seat_order_neutral_policy"": 1.0, ""speech_and_herding_policy"": 0.0}",4,4,0.14285714285714285
2e367033a88721372202090f6fd295632eb5d99c5687227e37a3d32f0db309f7,1d08dfd5c5c4b9c964597b8b0e14efcf0b7ee74169df7ba909697eaa8f278620,randomized_legal_policy_seed_53_game_1_seer_check,53,1,randomized_legal_policy,regime_randomized_legal_policy_seed_53_base_1,regime_randomized_legal_policy_seed_53_base_1,regime_randomized_legal_policy_seed_53_base_1,final_test,B_unseen_seed,1,night,seer_check,5,village,seer,6,1,1,random,6,1,1,0,1,0,0,0,1,10,0,0,0.3,0,0,0.0,0.3,0,0,0,0,0,1,0,0,0.0,0.3,0,0,0,0,0,0,0,0,0,0,0.5,0,0,0.0,6,1,0,1,0.2,0,0,0,0,0,0.3,1.425,villager,0,0,,,1.0,0.5714285714285714,0.20203050891044216,0.0,0.28571428571428575,7,"{""baseline_rule_policy"": 1.0, ""deception_enabled_policy"": 1.0, ""mixed_rule_policy"": 0.0, ""randomized_legal_policy"": 0.0, ""risk_heterogeneous_policy"": 1.0, ""seat_order_neutral_policy"": 0.0, ""speech_and_herding_policy"": 1.0}",8,2,0.1428571428571429
2e367033a88721372202090f6fd295632eb5d99c5687227e37a3d32f0db309f7,1d08dfd5c5c4b9c964597b8b0e14efcf0b7ee74169df7ba909697eaa8f278620,randomized_legal_policy_seed_53_game_1_seer_check,53,1,randomized_legal_policy,regime_randomized_legal_policy_seed_53_base_1,regime_randomized_legal_policy_seed_53_base_1,regime_randomized_legal_policy_seed_53_base_1,final_test,B_unseen_seed,1,night,seer_check,5,village,seer,1,1,0,random,6,1,1,0,1,0,0,0,1,10,0,0,0.3,0,0,0.0,0.3,0,0,0,0,0,1,0,0,0.0,0.3,0,0,0,0,0,0,0,0,0,0,0.5,0,0,0.0,1,1,1,4,0.8,0,0,0,0,0,0.3,1.425,werewolf,1,0,,,0.3333333333333333,0.2857142857142857,0.18442777839082938,0.0,0.2380952380952381,7,"{""baseline_rule_policy"": 0.0, ""deception_enabled_policy"": 0.0, ""mixed_rule_policy"": 0.0, ""randomized_legal_policy"": 1.0, ""risk_heterogeneous_policy"": 1.0, ""seat_order_neutral_policy"": 0.0, ""speech_and_herding_policy"": 0.0}",8,3,0.1428571428571429
2e367033a88721372202090f6fd295632eb5d99c5687227e37a3d32f0db309f7,1d08dfd5c5c4b9c964597b8b0e14efcf0b7ee74169df7ba909697eaa8f278620,randomized_legal_policy_seed_53_game_1_seer_check,53,1,randomized_legal_policy,regime_randomized_legal_policy_seed_53_base_1,regime_randomized_legal_policy_seed_53_base_1,regime_randomized_legal_policy_seed_53_base_1,final_test,B_unseen_seed,1,night,seer_check,5,village,seer,8,1,0,random,6,1,1,0,1,0,0,0,1,10,0,0,0.3,0,0,0.0,0.3,0,0,0,0,0,1,0,0,0.0,0.3,0,0,0,0,0,0,0,0,0,0,0.5,0,0,0.0,8,0,0,3,0.6,0,0,0,0,0,0.3,1.425,werewolf,1,0,,,1.0,0.7142857142857143,0.18442777839082938,0.0,0.2380952380952381,7,"{""baseline_rule_policy"": 1.0, ""deception_enabled_policy"": 1.0, ""mixed_rule_policy"": 1.0, ""randomized_legal_policy"": 0.0, ""risk_heterogeneous_policy"": 1.0, ""seat_order_neutral_policy"": 0.0, ""speech_and_herding_policy"": 1.0}",8,1,0.1428571428571429
2e367033a88721372202090f6fd295632eb5d99c5687227e37a3d32f0db309f7,1d08dfd5c5c4b9c964597b8b0e14efcf0b7ee74169df7ba909697eaa8f278620,randomized_legal_policy_seed_53_game_1_seer_check,53,1,randomized_legal_policy,regime_randomized_legal_policy_seed_53_base_1,regime_randomized_legal_policy_seed_53_base_1,regime_randomized_legal_policy_seed_53_base_1,final_test,B_unseen_seed,1,night,seer_check,5,village,seer,3,1,0,random,6,1,1,0,1,0,0,0,1,10,0,0,0.3,0,0,0.0,0.3,0,0,0,0,0,1,0,0,0.0,0.3,0,0,0,0,0,0,0,0,0,0,0.5,0,0,0.0,3,0,1,2,0.4,0,0,0,0,0,0.3,1.425,werewolf,1,0,,,1.0,0.2857142857142857,0.18442777839082938,0.0,0.2380952380952381,7,"{""baseline_rule_policy"": 1.0, ""deception_enabled_policy"": 0.0, ""mixed_rule_policy"": 0.0, ""randomized_legal_policy"": 0.0, ""risk_heterogeneous_policy"": 1.0, ""seat_order_neutral_policy"": 0.0, ""speech_and_herding_policy"": 0.0}",8,3,0.1428571428571429
9a3c4bf629fef2a3ae10d36655c58d5566de979ba082ba4ed564a8420109145b,5c5392c3c46202467655186fb913c88685ec837de788d1bcc3b820242231adc8,randomized_legal_policy_seed_53_game_2_seer_check,53,2,randomized_legal_policy,regime_randomized_legal_policy_seed_53_base_2,regime_randomized_legal_policy_seed_53_base_2,regime_randomized_legal_policy_seed_53_base_2,final_test,B_unseen_seed,1,night,seer_check,5,village,seer,1,1,1,random,1,1,1,0,1,0,0,0,1,10,0,0,0.3,0,0,0.0,0.3,0,0,0,0,0,1,0,0,0.0,0.3,0,0,0,0,0,0,0,0,0,0,0.5,0,0,0.0,1,1,1,4,0.8,0,0,0,0,0,0.3,1.425,villager,0,0,,,0.3333333333333333,0.0,0.0,0.0,0.0,7,"{""baseline_rule_policy"": 0.0, ""deception_enabled_policy"": 0.0, ""mixed_rule_policy"": 0.0, ""randomized_legal_policy"": 0.0, ""risk_heterogeneous_policy"": 0.0, ""seat_order_neutral_policy"": 0.0, ""speech_and_herding_policy"": 0.0}",8,4,0.42857142857142855
9a3c4bf629fef2a3ae10d36655c58d5566de979ba082ba4ed564a8420109145b,5c5392c3c46202467655186fb913c88685ec837de788d1bcc3b820242231adc8,randomized_legal_policy_seed_53_game_2_seer_check,53,2,randomized_legal_policy,regime_randomized_legal_policy_seed_53_base_2,regime_randomized_legal_policy_seed_53_base_2,regime_randomized_legal_policy_seed_53_base_2,final_test,B_unseen_seed,1,night,seer_check,5,village,seer,3,1,0,random,1,1,1,0,1,0,0,0,1,10,0,0,0.3,0,0,0.0,0.3,0,0,0,0,0,1,0,0,0.0,0.3,0,0,0,0,0,0,0,0,0,0,0.5,0,0,0.0,3,0,1,2,0.4,0,0,0,0,0,0.3,1.425,werewolf,1,0,,,1.0,0.2857142857142857,0.18442777839082938,0.0,0.2380952380952381,7,"{""baseline_rule_policy"": 1.0, ""deception_enabled_policy"": 0.0, ""mixed_rule_policy"": 0.0, ""randomized_legal_policy"": 0.0, ""risk_heterogeneous_policy"": 0.0, ""seat_order_neutral_policy"": 1.0, ""speech_and_herding_policy"": 0.0}",8,2,0.42857142857142855
9a3c4bf629fef2a3ae10d36655c58d5566de979ba082ba4ed564a8420109145b,5c5392c3c46202467655186fb913c88685ec837de788d1bcc3b820242231adc8,randomized_legal_policy_seed_53_game_2_seer_check,53,2,randomized_legal_policy,regime_randomized_legal_policy_seed_53_base_2,regime_randomized_legal_policy_seed_53_base_2,regime_randomized_legal_policy_seed_53_base_2,final_test,B_unseen_seed,1,night,seer_check,5,village,seer,8,1,0,random,1,1,1,0,1,0,0,0,1,10,0,0,0.3,0,0,0.0,0.3,0,0,0,0,0,1,0,0,0.0,0.3,0,0,0,0,0,0,0,0,0,0,0.5,0,0,0.0,8,0,0,3,0.6,0,0,0,0,0,0.3,1.425,werewolf,1,0,,,1.0,0.42857142857142855,0.20203050891044214,0.0,0.2857142857142857,7,"{""baseline_rule_policy"": 0.0, ""deception_enabled_policy"": 1.0, ""mixed_rule_policy"": 0.0, ""randomized_legal_policy"": 1.0, ""risk_heterogeneous_policy"": 1.0, ""seat_order_neutral_policy"": 0.0, ""speech_and_herding_policy"": 0.0}",8,1,0.42857142857142855
9a3c4bf629fef2a3ae10d36655c58d5566de979ba082ba4ed564a8420109145b,5c5392c3c46202467655186fb913c88685ec837de788d1bcc3b820242231adc8,randomized_legal_policy_seed_53_game_2_seer_check,53,2,randomized_legal_policy,regime_randomized_legal_policy_seed_53_base_2,regime_randomized_legal_policy_seed_53_base_2,regime_randomized_legal_policy_seed_53_base_2,final_test,B_unseen_seed,1,night,seer_check,5,village,seer,9,1,0,random,1,1,1,0,1,0,0,0,1,10,0,0,0.3,0,0,0.0,0.3,0,0,0,0,0,1,0,0,0.0,0.3,0,0,0,0,0,0,0,0,0,0,0.5,0,0,0.0,9,0,0,4,0.8,0,0,0,0,0,0.3,1.425,villager,0,0,,,0.6666666666666666,0.2857142857142857,0.18442777839082938,0.0,0.2380952380952381,7,"{""baseline_rule_policy"": 1.0, ""deception_enabled_policy"": 1.0, ""mixed_rule_policy"": 0.0, ""randomized_legal_policy"": 0.0, ""risk_heterogeneous_policy"": 0.0, ""seat_order_neutral_policy"": 0.0, ""speech_and_herding_policy"": 0.0}",8,2,0.42857142857142855
e6624fa3ee16c5b721057cd943fd841272f9cbb4ad5cffee9ec1d0cc3d265c80,d4bd738b89b0db2d2bc8664d4008835025846d6407b2054733db2b77a2c6b15b,mixed_rule_policy_seed_42_game_1_seer_check,42,1,mixed_rule_policy,regime_mixed_rule_policy_seed_42_base_1,regime_mixed_rule_policy_seed_42_base_1,regime_mixed_rule_policy_seed_42_base_1,train,A_in_distribution,1,night,seer_check,8,village,seer,10,1,1,highest_p_wolf,10,1,1,0,1,0,0,0,1,10,0,0,0.3,0,0,0.0,0.3,0,0,0,0,0,1,0,0,0.0,0.3,0,0,0,0,0,0,0,0,0,0,0.5,0,0,0.0,10,1,0,2,0.4,0,0,0,0,0,0.3,1.425,werewolf,1,0,,,0.6666666666666666,0.5714285714285714,0.20203050891044216,0.0,0.28571428571428575,7,"{""baseline_rule_policy"": 1.0, ""deception_enabled_policy"": 1.0, ""mixed_rule_policy"": 0.0, ""randomized_legal_policy"": 1.0, ""risk_heterogeneous_policy"": 0.0, ""seat_order_neutral_policy"": 0.0, ""speech_and_herding_policy"": 1.0}",10,1,0.0
e6624fa3ee16c5b721057cd943fd841272f9cbb4ad5cffee9ec1d0cc3d265c80,d4bd738b89b0db2d2bc8664d4008835025846d6407b2054733db2b77a2c6b15b,mixed_rule_policy_seed_42_game_1_seer_check,42,1,mixed_rule_policy,regime_mixed_rule_policy_seed_42_base_1,regime_mixed_rule_policy_seed_42_base_1,regime_mixed_rule_policy_seed_42_base_1,train,A_in_distribution,1,night,seer_check,8,village,seer,1,1,0,highest_p_wolf,10,1,1,0,1,0,0,0,1,10,0,0,0.3,0,0,0.0,0.3,0,0,0,0,0,1,0,0,0.0,0.3,0,0,0,0,0,0,0,0,0,0,0.5,0,0,0.0,1,1,1,3,0.6,0,0,0,0,0,0.3,1.425,witch,0,1,,,0.6666666666666666,0.2857142857142857,0.18442777839082938,0.0,0.2380952380952381,7,"{""baseline_rule_policy"": 0.0, ""deception_enabled_policy"": 0.0, ""mixed_rule_policy"": 0.0, ""randomized_legal_policy"": 0.0, ""risk_heterogeneous_policy"": 0.0, ""seat_order_neutral_policy"": 1.0, ""speech_and_herding_policy"": 1.0}",10,2,0.0
e6624fa3ee16c5b721057cd943fd841272f9cbb4ad5cffee9ec1d0cc3d265c80,d4bd738b89b0db2d2bc8664d4008835025846d6407b2054733db2b77a2c6b15b,mixed_rule_policy_seed_42_game_1_seer_check,42,1,mixed_rule_policy,regime_mixed_rule_policy_seed_42_base_1,regime_mixed_rule_policy_seed_42_base_1,regime_mixed_rule_policy_seed_42_base_1,train,A_in_distribution,1,night,seer_check,8,village,seer,3,1,0,highest_p_wolf,10,1,1,0,1,0,0,0,1,10,0,0,0.3,0,0,0.0,0.3,0,0,0,0,0,1,0,0,0.0,0.3,0,0,0,0,0,0,0,0,0,0,0.5,0,0,0.0,3,0,1,5,1.0,0,0,0,0,0,0.3,1.425,villager,0,0,,,0.6666666666666666,0.2857142857142857,0.18442777839082938,0.0,0.2380952380952381,7,"{""baseline_rule_policy"": 0.0, ""deception_enabled_policy"": 1.0, ""mixed_rule_policy"": 1.0, ""randomized_legal_policy"": 0.0, ""risk_heterogeneous_policy"": 0.0, ""seat_order_neutral_policy"": 0.0, ""speech_and_herding_policy"": 0.0}",10,2,0.0
e6624fa3ee16c5b721057cd943fd841272f9cbb4ad5cffee9ec1d0cc3d265c80,d4bd738b89b0db2d2bc8664d4008835025846d6407b2054733db2b77a2c6b15b,mixed_rule_policy_seed_42_game_1_seer_check,42,1,mixed_rule_policy,regime_mixed_rule_policy_seed_42_base_1,regime_mixed_rule_policy_seed_42_base_1,regime_mixed_rule_policy_seed_42_base_1,train,A_in_distribution,1,night,seer_check,8,village,seer,9,1,0,highest_p_wolf,10,1,1,0,1,0,0,0,1,10,0,0,0.3,0,0,0.0,0.3,0,0,0,0,0,1,0,0,0.0,0.3,0,0,0,0,0,0,0,0,0,0,0.5,0,0,0.0,9,0,0,1,0.2,0,0,0,0,0,0.3,1.425,hunter,0,1,,,0.0,0.14285714285714285,0.14285714285714288,0.0,0.14285714285714288,7,"{""baseline_rule_policy"": 0.0, ""deception_enabled_policy"": 0.0, ""mixed_rule_policy"": 1.0, ""randomized_legal_policy"": 0.0, ""risk_heterogeneous_policy"": 0.0, ""seat_order_neutral_policy"": 0.0, ""speech_and_herding_policy"": 0.0}",10,4,0.0
b01ae038d3c3464f213fb69097cb320b18b95401744b4115077b99427080da93,c5c808d2b035b7d1c3f8c19e8c9effd4766404775b5d60612c87af1535b81b72,mixed_rule_policy_seed_42_game_2_seer_check,42,2,mixed_rule_policy,regime_mixed_rule_policy_seed_42_base_2,regime_mixed_rule_policy_seed_42_base_2,regime_mixed_rule_policy_seed_42_base_2,train,A_in_distribution,1,night,seer_check,4,village,seer,2,1,1,highest_p_wolf,2,1,1,0,1,0,0,0,1,10,0,0,0.3,0,0,0.0,0.3,0,0,0,0,0,1,0,0,0.0,0.3,0,0,0,0,0,0,0,0,0,0,0.5,0,0,0.0,2,0,1,2,0.4,0,0,0,0,0,0.3,1.425,villager,0,0,,,0.0,0.14285714285714285,0.14285714285714288,0.0,0.14285714285714288,7,"{""baseline_rule_policy"": 0.0, ""deception_enabled_policy"": 0.0, ""mixed_rule_policy"": 0.0, ""randomized_legal_policy"": 0.0, ""risk_heterogeneous_policy"": 0.0, ""seat_order_neutral_policy"": 1.0, ""speech_and_herding_policy"": 0.0}",7,3,0.42857142857142855
b01ae038d3c3464f213fb69097cb320b18b95401744b4115077b99427080da93,c5c808d2b035b7d1c3f8c19e8c9effd4766404775b5d60612c87af1535b81b72,mixed_rule_policy_seed_42_game_2_seer_check,42,2,mixed_rule_policy,regime_mixed_rule_policy_seed_42_base_2,regime_mixed_rule_policy_seed_42_base_2,regime_mixed_rule_policy_seed_42_base_2,train,A_in_distribution,1,night,seer_check,4,village,seer,1,1,0,highest_p_wolf,2,1,1,0,1,0,0,0,1,10,0,0,0.3,0,0,0.0,0.3,0,0,0,0,0,1,0,0,0.0,0.3,0,0,0,0,0,0,0,0,0,0,0.5,0,0,0.0,1,1,1,3,0.6,0,0,0,0,0,0.3,1.425,werewolf,1,0,,,1.0,0.2857142857142857,0.18442777839082938,0.0,0.2380952380952381,7,"{""baseline_rule_policy"": 0.0, ""deception_enabled_policy"": 0.0, ""mixed_rule_policy"": 1.0, ""randomized_legal_policy"": 0.0, ""risk_heterogeneous_policy"": 1.0, ""seat_order_neutral_policy"": 0.0, ""speech_and_herding_policy"": 0.0}",7,2,0.42857142857142855
b01ae038d3c3464f213fb69097cb320b18b95401744b4115077b99427080da93,c5c808d2b035b7d1c3f8c19e8c9effd4766404775b5d60612c87af1535b81b72,mixed_rule_policy_seed_42_game_2_seer_check,42,2,mixed_rule_policy,regime_mixed_rule_policy_seed_42_base_2,regime_mixed_rule_policy_seed_42_base_2,regime_mixed_rule_policy_seed_42_base_2,train,A_in_distribution,1,night,seer_check,4,village,seer,7,1,0,highest_p_wolf,2,1,1,0,1,0,0,0,1,10,0,0,0.3,0,0,0.0,0.3,0,0,0,0,0,1,0,0,0.0,0.3,0,0,0,0,0,0,0,0,0,0,0.5,0,0,0.0,7,0,0,3,0.6,0,0,0,0,0,0.3,1.425,villager,0,0,,,0.0,0.5714285714285714,0.20203050891044216,0.0,0.28571428571428575,7,"{""baseline_rule_policy"": 0.0, ""deception_enabled_policy"": 0.0, ""mixed_rule_policy"": 0.0, ""randomized_legal_policy"": 1.0, ""risk_heterogeneous_policy"": 1.0, ""seat_order_neutral_policy"": 1.0, ""speech_and_herding_policy"": 1.0}",7,1,0.42857142857142855
b01ae038d3c3464f213fb69097cb320b18b95401744b4115077b99427080da93,c5c808d2b035b7d1c3f8c19e8c9effd4766404775b5d60612c87af1535b81b72,mixed_rule_policy_seed_42_game_2_seer_check,42,2,mixed_rule_policy,regime_mixed_rule_policy_seed_42_base_2,regime_mixed_rule_policy_seed_42_base_2,regime_mixed_rule_policy_seed_42_base_2,train,A_in_distribution,1,night,seer_check,4,village,seer,9,1,0,highest_p_wolf,2,1,1,0,1,0,0,0,1,10,0,0,0.3,0,0,0.0,0.3,0,0,0,0,0,1,0,0,0.0,0.3,0,0,0,0,0,0,0,0,0,0,0.5,0,0,0.0,9,0,0,5,1.0,0,0,0,0,0,0.3,1.425,villager,0,0,,,0.6666666666666666,0.14285714285714285,0.14285714285714288,0.0,0.14285714285714288,7,"{""baseline_rule_policy"": 0.0, ""deception_enabled_policy"": 0.0, ""mixed_rule_policy"": 0.0, ""randomized_legal_policy"": 0.0, ""risk_heterogeneous_policy"": 0.0, ""seat_order_neutral_policy"": 1.0, ""speech_and_herding_policy"": 0.0}",7,3,0.42857142857142855
d94b9780d0bcf58d8fb9bab042e2c187636c694e45b22ac83d43d643aeb4e176,1a9f8264cb528600ba30bbedfcda88ba4bb348dff34b97f60304ee9c23b6834e,mixed_rule_policy_seed_43_game_1_seer_check,43,1,mixed_rule_policy,regime_mixed_rule_policy_seed_43_base_1,regime_mixed_rule_policy_seed_43_base_1,regime_mixed_rule_policy_seed_43_base_1,train,A_in_distribution,1,night,seer_check,4,village,seer,7,1,1,highest_p_wolf,7,1,1,0,1,0,0,0,1,10,0,0,0.3,0,0,0.0,0.3,0,0,0,0,0,1,0,0,0.0,0.3,0,0,0,0,0,0,0,0,0,0,0.5,0,0,0.0,7,0,0,3,0.6,0,0,0,0,0,0.3,1.425,werewolf,1,0,,,1.0,0.42857142857142855,0.20203050891044214,0.0,0.2857142857142857,7,"{""baseline_rule_policy"": 0.0, ""deception_enabled_policy"": 1.0, ""mixed_rule_policy"": 0.0, ""randomized_legal_policy"": 1.0, ""risk_heterogeneous_policy"": 1.0, ""seat_order_neutral_policy"": 0.0, ""speech_and_herding_policy"": 0.0}",2,1,0.0
d94b9780d0bcf58d8fb9bab042e2c187636c694e45b22ac83d43d643aeb4e176,1a9f8264cb528600ba30bbedfcda88ba4bb348dff34b97f60304ee9c23b6834e,mixed_rule_policy_seed_43_game_1_seer_check,43,1,mixed_rule_policy,regime_mixed_rule_policy_seed_43_base_1,regime_mixed_rule_policy_seed_43_base_1,regime_mixed_rule_policy_seed_43_base_1,train,A_in_distribution,1,night,seer_check,4,village,seer,1,1,0,highest_p_wolf,7,1,1,0,1,0,0,0,1,10,0,0,0.3,0,0,0.0,0.3,0,0,0,0,0,1,0,0,0.0,0.3,0,0,0,0,0,0,0,0,0,0,0.5,0,0,0.0,1,1,1,3,0.6,0,0,0,0,0,0.3,1.425,werewolf,1,0,,,0.3333333333333333,0.14285714285714285,0.14285714285714288,0.0,0.14285714285714288,7,"{""baseline_rule_policy"": 0.0, ""deception_enabled_policy"": 0.0, ""mixed_rule_policy"": 0.0, ""randomized_legal_policy"": 0.0, ""risk_heterogeneous_policy"": 0.0, ""seat_order_neutral_policy"": 0.0, ""speech_and_herding_policy"": 1.0}",2,4,0.0
d94b9780d0bcf58d8fb9bab042e2c187636c694e45b22ac83d43d643aeb4e176,1a9f8264cb528600ba30bbedfcda88ba4bb348dff34b97f60304ee9c23b6834e,mixed_rule_policy_seed_43_game_1_seer_check,43,1,mixed_rule_policy,regime_mixed_rule_policy_seed_43_base_1,regime_mixed_rule_policy_seed_43_base_1,regime_mixed_rule_policy_seed_43_base_1,train,A_in_distribution,1,night,seer_check,4,village,seer,6,1,0,highest_p_wolf,7,1,1,0,1,0,0,0,1,10,0,0,0.3,0,0,0.0,0.3,0,0,0,0,0,1,0,0,0.0,0.3,0,0,0,0,0,0,0,0,0,0,0.5,0,0,0.0,6,1,0,2,0.4,0,0,0,0,0,0.3,1.425,villager,0,0,,,0.0,0.2857142857142857,0.18442777839082938,0.0,0.2380952380952381,7,"{""baseline_rule_policy"": 0.0, ""deception_enabled_policy"": 0.0, ""mixed_rule_policy"": 1.0, ""randomized_legal_policy"": 0.0, ""risk_heterogeneous_policy"": 1.0, ""seat_order_neutral_policy"": 0.0, ""speech_and_herding_policy"": 0.0}",2,3,0.0
d94b9780d0bcf58d8fb9bab042e2c187636c694e45b22ac83d43d643aeb4e176,1a9f8264cb528600ba30bbedfcda88ba4bb348dff34b97f60304ee9c23b6834e,mixed_rule_policy_seed_43_game_1_seer_check,43,1,mixed_rule_policy,regime_mixed_rule_policy_seed_43_base_1,regime_mixed_rule_policy_seed_43_base_1,regime_mixed_rule_policy_seed_43_base_1,train,A_in_distribution,1,night,seer_check,4,village,seer,2,1,0,highest_p_wolf,7,1,1,0,1,0,0,0,1,10,0,0,0.3,0,0,0.0,0.3,0,0,0,0,0,1,0,0,0.0,0.3,0,0,0,0,0,0,0,0,0,0,0.5,0,0,0.0,2,0,1,2,0.4,0,0,0,0,0,0.3,1.425,werewolf,1,0,,,0.6666666666666666,0.42857142857142855,0.20203050891044214,0.0,0.2857142857142857,7,"{""baseline_rule_policy"": 1.0, ""deception_enabled_policy"": 1.0, ""mixed_rule_policy"": 0.0, ""randomized_legal_policy"": 0.0, ""risk_heterogeneous_policy"": 0.0, ""seat_order_neutral_policy"": 0.0, ""speech_and_herding_policy"": 1.0}",2,1,0.0
f26c4d1e0eb031320d480f9ab6cdedf999bcc42016ca600020ed633ff9b2067d,bcfe67e82a2a406d62c66622f735caeec58284aab15fc41458413ddf6109dda0,mixed_rule_policy_seed_43_game_2_seer_check,43,2,mixed_rule_policy,regime_mixed_rule_policy_seed_43_base_2,regime_mixed_rule_policy_seed_43_base_2,regime_mixed_rule_policy_seed_43_base_2,train,A_in_distribution,1,night,seer_check,3,village,seer,1,1,1,highest_p_wolf,1,1,1,0,1,0,0,0,1,10,0,0,0.3,0,0,0.0,0.3,0,0,0,0,0,1,0,0,0.0,0.3,0,0,0,0,0,0,0,0,0,0,0.5,0,0,0.0,1,1,1,2,0.4,0,0,0,0,0,0.3,1.425,villager,0,0,,,0.3333333333333333,0.14285714285714285,0.14285714285714288,0.0,0.14285714285714288,7,"{""baseline_rule_policy"": 0.0, ""deception_enabled_policy"": 0.0, ""mixed_rule_policy"": 0.0, ""randomized_legal_policy"": 0.0, ""risk_heterogeneous_policy"": 0.0, ""seat_order_neutral_policy"": 1.0, ""speech_and_herding_policy"": 0.0}",4,4,0.5714285714285714
f26c4d1e0eb031320d480f9ab6cdedf999bcc42016ca600020ed633ff9b2067d,bcfe67e82a2a406d62c66622f735caeec58284aab15fc41458413ddf6109dda0,mixed_rule_policy_seed_43_game_2_seer_check,43,2,mixed_rule_policy,regime_mixed_rule_policy_seed_43_base_2,regime_mixed_rule_policy_seed_43_base_2,regime_mixed_rule_policy_seed_43_base_2,train,A_in_distribution,1,night,seer_check,3,village,seer,5,1,0,highest_p_wolf,1,1,1,0,1,0,0,0,1,10,0,0,0.3,0,0,0.0,0.3,0,0,0,0,0,1,0,0,0.0,0.3,0,0,0,0,0,0,0,0,0,0,0.5,0,0,0.0,5,1,1,2,0.4,0,0,0,0,0,0.3,1.425,werewolf,1,0,,,0.3333333333333333,0.5714285714285714,0.20203050891044216,0.0,0.28571428571428575,7,"{""baseline_rule_policy"": 1.0, ""deception_enabled_policy"": 1.0, ""mixed_rule_policy"": 0.0, ""randomized_legal_policy"": 1.0, ""risk_heterogeneous_policy"": 0.0, ""seat_order_neutral_policy"": 1.0, ""speech_and_herding_policy"": 0.0}",4,2,0.5714285714285714
f26c4d1e0eb031320d480f9ab6cdedf999bcc42016ca600020ed633ff9b2067d,bcfe67e82a2a406d62c66622f735caeec58284aab15fc41458413ddf6109dda0,mixed_rule_policy_seed_43_game_2_seer_check,43,2,mixed_rule_policy,regime_mixed_rule_policy_seed_43_base_2,regime_mixed_rule_policy_seed_43_base_2,regime_mixed_rule_policy_seed_43_base_2,train,A_in_distribution,1,night,seer_check,3,village,seer,4,1,0,highest_p_wolf,1,1,1,0,1,0,0,0,1,10,0,0,0.3,0,0,0.0,0.3,0,0,0,0,0,1,0,0,0.0,0.3,0,0,0,0,0,0,0,0,0,0,0.5,0,0,0.0,4,0,1,1,0.2,0,0,0,0,0,0.3,1.425,werewolf,1,0,,,1.0,0.7142857142857143,0.18442777839082938,0.0,0.2380952380952381,7,"{""baseline_rule_policy"": 1.0, ""deception_enabled_policy"": 1.0, ""mixed_rule_policy"": 1.0, ""randomized_legal_policy"": 0.0, ""risk_heterogeneous_policy"": 1.0, ""seat_order_neutral_policy"": 1.0, ""speech_and_herding_policy"": 0.0}",4,1,0.5714285714285714
f26c4d1e0eb031320d480f9ab6cdedf999bcc42016ca600020ed633ff9b2067d,bcfe67e82a2a406d62c66622f735caeec58284aab15fc41458413ddf6109dda0,mixed_rule_policy_seed_43_game_2_seer_check,43,2,mixed_rule_policy,regime_mixed_rule_policy_seed_43_base_2,regime_mixed_rule_policy_seed_43_base_2,regime_mixed_rule_policy_seed_43_base_2,train,A_in_distribution,1,night,seer_check,3,village,seer,9,1,0,highest_p_wolf,1,1,1,0,1,0,0,0,1,10,0,0,0.3,0,0,0.0,0.3,0,0,0,0,0,1,0,0,0.0,0.3,0,0,0,0,0,0,0,0,0,0,0.5,0,0,0.0,9,0,0,4,0.8,0,0,0,0,0,0.3,1.425,villager,0,0,,,0.0,0.42857142857142855,0.20203050891044214,0.0,0.2857142857142857,7,"{""baseline_rule_policy"": 0.0, ""deception_enabled_policy"": 1.0, ""mixed_rule_policy"": 0.0, ""randomized_legal_policy"": 1.0, ""risk_heterogeneous_policy"": 0.0, ""seat_order_neutral_policy"": 1.0, ""speech_and_herding_policy"": 0.0}",4,3,0.5714285714285714
8a9b855da1d4d435ab7ec31d0688a022df08aab5fb45277b09918a8cc548ce65,78eaa9911571cf6322547192ba0cccd8dfe91a2d49deeac98c6df33e16459926,mixed_rule_policy_seed_44_game_1_seer_check,44,1,mixed_rule_policy,regime_mixed_rule_policy_seed_44_base_1,regime_mixed_rule_policy_seed_44_base_1,regime_mixed_rule_policy_seed_44_base_1,train,A_in_distribution,1,night,seer_check,5,village,seer,6,1,1,highest_p_wolf,6,1,1,0,1,0,0,0,1,10,0,0,0.3,0,0,0.0,0.3,0,0,0,0,0,1,0,0,0.0,0.3,0,0,0,0,0,0,0,0,0,0,0.5,0,0,0.0,6,1,0,1,0.2,0,0,0,0,0,0.3,1.425,werewolf,1,0,,,1.0,0.5714285714285714,0.20203050891044216,0.0,0.28571428571428575,7,"{""baseline_rule_policy"": 0.0, ""deception_enabled_policy"": 1.0, ""mixed_rule_policy"": 0.0, ""randomized_legal_policy"": 1.0, ""risk_heterogeneous_policy"": 0.0, ""seat_order_neutral_policy"": 1.0, ""speech_and_herding_policy"": 1.0}",6,1,0.0
8a9b855da1d4d435ab7ec31d0688a022df08aab5fb45277b09918a8cc548ce65,78eaa9911571cf6322547192ba0cccd8dfe91a2d49deeac98c6df33e16459926,mixed_rule_policy_seed_44_game_1_seer_check,44,1,mixed_rule_policy,regime_mixed_rule_policy_seed_44_base_1,regime_mixed_rule_policy_seed_44_base_1,regime_mixed_rule_policy_seed_44_base_1,train,A_in_distribution,1,night,seer_check,5,village,seer,1,1,0,highest_p_wolf,6,1,1,0,1,0,0,0,1,10,0,0,0.3,0,0,0.0,0.3,0,0,0,0,0,1,0,0,0.0,0.3,0,0,0,0,0,0,0,0,0,0,0.5,0,0,0.0,1,1,1,4,0.8,0,0,0,0,0,0.3,1.425,hunter,0,1,,,0.3333333333333333,0.2857142857142857,0.18442777839082938,0.0,0.2380952380952381,7,"{""baseline_rule_policy"": 0.0, ""deception_enabled_policy"": 0.0, ""mixed_rule_policy"": 0.0, ""randomized_legal_policy"": 1.0, ""risk_heterogeneous_policy"": 0.0, ""seat_order_neutral_policy"": 1.0, ""speech_and_herding_policy"": 0.0}",6,3,0.0
8a9b855da1d4d435ab7ec31d0688a022df08aab5fb45277b09918a8cc548ce65,78eaa9911571cf6322547192ba0cccd8dfe91a2d49deeac98c6df33e16459926,mixed_rule_policy_seed_44_game_1_seer_check,44,1,mixed_rule_policy,regime_mixed_rule_policy_seed_44_base_1,regime_mixed_rule_policy_seed_44_base_1,regime_mixed_rule_policy_seed_44_base_1,train,A_in_distribution,1,night,seer_check,5,village,seer,8,1,0,highest_p_wolf,6,1,1,0,1,0,0,0,1,10,0,0,0.3,0,0,0.0,0.3,0,0,0,0,0,1,0,0,0.0,0.3,0,0,0,0,0,0,0,0,0,0,0.5,0,0,0.0,8,0,0,3,0.6,0,0,0,0,0,0.3,1.425,werewolf,1,0,,,1.0,0.5714285714285714,0.20203050891044216,0.0,0.28571428571428575,7,"{""baseline_rule_policy"": 0.0, ""deception_enabled_policy"": 1.0, ""mixed_rule_policy"": 0.0, ""randomized_legal_policy"": 1.0, ""risk_heterogeneous_policy"": 0.0, ""seat_order_neutral_policy"": 1.0, ""speech_and_herding_policy"": 1.0}",6,1,0.0
8a9b855da1d4d435ab7ec31d0688a022df08aab5fb45277b09918a8cc548ce65,78eaa9911571cf6322547192ba0cccd8dfe91a2d49deeac98c6df33e16459926,mixed_rule_policy_seed_44_game_1_seer_check,44,1,mixed_rule_policy,regime_mixed_rule_policy_seed_44_base_1,regime_mixed_rule_policy_seed_44_base_1,regime_mixed_rule_policy_seed_44_base_1,train,A_in_distribution,1,night,seer_check,5,village,seer,2,1,0,highest_p_wolf,6,1,1,0,1,0,0,0,1,10,0,0,0.3,0,0,0.0,0.3,0,0,0,0,0,1,0,0,0.0,0.3,0,0,0,0,0,0,0,0,0,0,0.5,0,0,0.0,2,0,1,3,0.6,0,0,0,0,0,0.3,1.425,werewolf,1,0,,,1.0,0.2857142857142857,0.18442777839082938,0.0,0.2380952380952381,7,"{""baseline_rule_policy"": 0.0, ""deception_enabled_policy"": 0.0, ""mixed_rule_policy"": 0.0, ""randomized_legal_policy"": 1.0, ""risk_heterogeneous_policy"": 0.0, ""seat_order_neutral_policy"": 1.0, ""speech_and_herding_policy"": 0.0}",6,3,0.0
ce547b54ea476fe5d28222c41b8ab9e124980279e8986cfddba4a2c78ac41cf2,51e869a3ede0227ddef9347b6d38a54affb6406b185823c90e5954b5655807a9,mixed_rule_policy_seed_44_game_2_seer_check,44,2,mixed_rule_policy,regime_mixed_rule_policy_seed_44_base_2,regime_mixed_rule_policy_seed_44_base_2,regime_mixed_rule_policy_seed_44_base_2,train,A_in_distribution,1,night,seer_check,5,village,seer,2,1,1,highest_p_wolf,2,1,1,0,1,0,0,0,1,10,0,0,0.3,0,0,0.0,0.3,0,0,0,0,0,1,0,0,0.0,0.3,0,0,0,0,0,0,0,0,0,0,0.5,0,0,0.0,2,0,1,3,0.6,0,0,0,0,0,0.3,1.425,werewolf,1,0,,,1.0,0.7142857142857143,0.18442777839082938,0.0,0.2380952380952381,7,"{""baseline_rule_policy"": 1.0, ""deception_enabled_policy"": 1.0, ""mixed_rule_policy"": 1.0, ""randomized_legal_policy"": 0.0, ""risk_heterogeneous_policy"": 0.0, ""seat_order_neutral_policy"": 1.0, ""speech_and_herding_policy"": 1.0}",2,1,0.0
ce547b54ea476fe5d28222c41b8ab9e124980279e8986cfddba4a2c78ac41cf2,51e869a3ede0227ddef9347b6d38a54affb6406b185823c90e5954b5655807a9,mixed_rule_policy_seed_44_game_2_seer_check,44,2,mixed_rule_policy,regime_mixed_rule_policy_seed_44_base_2,regime_mixed_rule_policy_seed_44_base_2,regime_mixed_rule_policy_seed_44_base_2,train,A_in_distribution,1,night,seer_check,5,village,seer,1,1,0,highest_p_wolf,2,1,1,0,1,0,0,0,1,10,0,0,0.3,0,0,0.0,0.3,0,0,0,0,0,1,0,0,0.0,0.3,0,0,0,0,0,0,0,0,0,0,0.5,0,0,0.0,1,1,1,4,0.8,0,0,0,0,0,0.3,1.425,villager,0,0,,,0.3333333333333333,0.14285714285714285,0.14285714285714288,0.0,0.14285714285714288,7,"{""baseline_rule_policy"": 0.0, ""deception_enabled_policy"": 0.0, ""mixed_rule_policy"": 0.0, ""randomized_legal_policy"": 0.0, ""risk_heterogeneous_policy"": 0.0, ""seat_order_neutral_policy"": 1.0, ""speech_and_herding_policy"": 0.0}",2,4,0.0
ce547b54ea476fe5d28222c41b8ab9e124980279e8986cfddba4a2c78ac41cf2,51e869a3ede0227ddef9347b6d38a54affb6406b185823c90e5954b5655807a9,mixed_rule_policy_seed_44_game_2_seer_check,44,2,mixed_rule_policy,regime_mixed_rule_policy_seed_44_base_2,regime_mixed_rule_policy_seed_44_base_2,regime_mixed_rule_policy_seed_44_base_2,train,A_in_distribution,1,night,seer_check,5,village,seer,6,1,0,highest_p_wolf,2,1,1,0,1,0,0,0,1,10,0,0,0.3,0,0,0.0,0.3,0,0,0,0,0,1,0,0,0.0,0.3,0,0,0,0,0,0,0,0,0,0,0.5,0,0,0.0,6,1,0,1,0.2,0,0,0,0,0,0.3,1.425,werewolf,1,0,,,0.6666666666666666,0.42857142857142855,0.20203050891044214,0.0,0.2857142857142857,7,"{""baseline_rule_policy"": 0.0, ""deception_enabled_policy"": 0.0, ""mixed_rule_policy"": 1.0, ""randomized_legal_policy"": 0.0, ""risk_heterogeneous_policy"": 1.0, ""seat_order_neutral_policy"": 1.0, ""speech_and_herding_policy"": 0.0}",2,2,0.0
ce547b54ea476fe5d28222c41b8ab9e124980279e8986cfddba4a2c78ac41cf2,51e869a3ede0227ddef9347b6d38a54affb6406b185823c90e5954b5655807a9,mixed_rule_policy_seed_44_game_2_seer_check,44,2,mixed_rule_policy,regime_mixed_rule_policy_seed_44_base_2,regime_mixed_rule_policy_seed_44_base_2,regime_mixed_rule_policy_seed_44_base_2,train,A_in_distribution,1,night,seer_check,5,village,seer,7,1,0,highest_p_wolf,2,1,1,0,1,0,0,0,1,10,0,0,0.3,0,0,0.0,0.3,0,0,0,0,0,1,0,0,0.0,0.3,0,0,0,0,0,0,0,0,0,0,0.5,0,0,0.0,7,0,0,2,0.4,0,0,0,0,0,0.3,1.425,werewolf,1,0,,,0.6666666666666666,0.2857142857142857,0.18442777839082938,0.0,0.2380952380952381,7,"{""baseline_rule_policy"": 0.0, ""deception_enabled_policy"": 1.0, ""mixed_rule_policy"": 0.0, ""randomized_legal_policy"": 1.0, ""risk_heterogeneous_policy"": 0.0, ""seat_order_neutral_policy"": 0.0, ""speech_and_herding_policy"": 0.0}",2,3,0.0
68e39f2a483a302598fc67a9610992f7d4fc06b1c74c747db7aa8acea213b60c,51b32d19eb21ac2bfedffed5eae4bea30907c02f69e89195c43c25016ee32591,mixed_rule_policy_seed_50_game_1_seer_check,50,1,mixed_rule_policy,regime_mixed_rule_policy_seed_50_base_1,regime_mixed_rule_policy_seed_50_base_1,regime_mixed_rule_policy_seed_50_base_1,validation,A_in_distribution,1,night,seer_check,3,village,seer,10,1,1,highest_p_wolf,10,1,1,0,1,0,0,0,1,10,0,0,0.3,0,0,0.0,0.3,0,0,0,0,0,1,0,0,0.0,0.3,0,0,0,0,0,0,0,0,0,0,0.5,0,0,0.0,10,1,0,3,0.6,0,0,0,0,0,0.3,1.425,werewolf,1,0,,,0.6666666666666666,0.7142857142857143,0.18442777839082938,0.0,0.2380952380952381,7,"{""baseline_rule_policy"": 1.0, ""deception_enabled_policy"": 1.0, ""mixed_rule_policy"": 1.0, ""randomized_legal_policy"": 1.0, ""risk_heterogeneous_policy"": 1.0, ""seat_order_neutral_policy"": 0.0, ""speech_and_herding_policy"": 0.0}",10,1,0.0
68e39f2a483a302598fc67a9610992f7d4fc06b1c74c747db7aa8acea213b60c,51b32d19eb21ac2bfedffed5eae4bea30907c02f69e89195c43c25016ee32591,mixed_rule_policy_seed_50_game_1_seer_check,50,1,mixed_rule_policy,regime_mixed_rule_policy_seed_50_base_1,regime_mixed_rule_policy_seed_50_base_1,regime_mixed_rule_policy_seed_50_base_1,validation,A_in_distribution,1,night,seer_check,3,village,seer,1,1,0,highest_p_wolf,10,1,1,0,1,0,0,0,1,10,0,0,0.3,0,0,0.0,0.3,0,0,0,0,0,1,0,0,0.0,0.3,0,0,0,0,0,0,0,0,0,0,0.5,0,0,0.0,1,1,1,2,0.4,0,0,0,0,0,0.3,1.425,villager,0,0,,,0.3333333333333333,0.2857142857142857,0.18442777839082938,0.0,0.2380952380952381,7,"{""baseline_rule_policy"": 0.0, ""deception_enabled_policy"": 0.0, ""mixed_rule_policy"": 0.0, ""randomized_legal_policy"": 1.0, ""risk_heterogeneous_policy"": 0.0, ""seat_order_neutral_policy"": 1.0, ""speech_and_herding_policy"": 0.0}",10,2,0.0
68e39f2a483a302598fc67a9610992f7d4fc06b1c74c747db7aa8acea213b60c,51b32d19eb21ac2bfedffed5eae4bea30907c02f69e89195c43c25016ee32591,mixed_rule_policy_seed_50_game_1_seer_check,50,1,mixed_rule_policy,regime_mixed_rule_policy_seed_50_base_1,regime_mixed_rule_policy_seed_50_base_1,regime_mixed_rule_policy_seed_50_base_1,validation,A_in_distribution,1,night,seer_check,3,village,seer,7,1,0,highest_p_wolf,10,1,1,0,1,0,0,0,1,10,0,0,0.3,0,0,0.0,0.3,0,0,0,0,0,1,0,0,0.0,0.3,0,0,0,0,0,0,0,0,0,0,0.5,0,0,0.0,7,0,0,4,0.8,0,0,0,0,0,0.3,1.425,villager,0,0,,,0.3333333333333333,0.2857142857142857,0.18442777839082938,0.0,0.2380952380952381,7,"{""baseline_rule_policy"": 0.0, ""deception_enabled_policy"": 0.0, ""mixed_rule_policy"": 0.0, ""randomized_legal_policy"": 0.0, ""risk_heterogeneous_policy"": 0.0, ""seat_order_neutral_policy"": 1.0, ""speech_and_herding_policy"": 1.0}",10,2,0.0
68e39f2a483a302598fc67a9610992f7d4fc06b1c74c747db7aa8acea213b60c,51b32d19eb21ac2bfedffed5eae4bea30907c02f69e89195c43c25016ee32591,mixed_rule_policy_seed_50_game_1_seer_check,50,1,mixed_rule_policy,regime_mixed_rule_policy_seed_50_base_1,regime_mixed_rule_policy_seed_50_base_1,regime_mixed_rule_policy_seed_50_base_1,validation,A_in_distribution,1,night,seer_check,3,village,seer,4,1,0,highest_p_wolf,10,1,1,0,1,0,0,0,1,10,0,0,0.3,0,0,0.0,0.3,0,0,0,0,0,1,0,0,0.0,0.3,0,0,0,0,0,0,0,0,0,0,0.5,0,0,0.0,4,0,1,1,0.2,0,0,0,0,0,0.3,1.425,werewolf,1,0,,,1.0,0.0,0.0,0.0,0.0,7,"{""baseline_rule_policy"": 0.0, ""deception_enabled_policy"": 0.0, ""mixed_rule_policy"": 0.0, ""randomized_legal_policy"": 0.0, ""risk_heterogeneous_policy"": 0.0, ""seat_order_neutral_policy"": 0.0, ""speech_and_herding_policy"": 0.0}",10,4,0.0
98bb8896575a57e7410bc2867a46d096933f4a99bc498a05a2d9601251729ceb,b6f28e7dc87b8e8c4b6f200b9e1da1aaf8a61b75f8feb4d75c1e27974ebce892,mixed_rule_policy_seed_50_game_2_seer_check,50,2,mixed_rule_policy,regime_mixed_rule_policy_seed_50_base_2,regime_mixed_rule_policy_seed_50_base_2,regime_mixed_rule_policy_seed_50_base_2,validation,A_in_distribution,1,night,seer_check,6,village,seer,9,1,1,highest_p_wolf,9,1,1,0,1,0,0,0,1,10,0,0,0.3,0,0,0.0,0.3,0,0,0,0,0,1,0,0,0.0,0.3,0,0,0,0,0,0,0,0,0,0,0.5,0,0,0.0,9,0,0,3,0.6,0,0,0,0,0,0.3,1.425,villager,0,0,,,0.3333333333333333,0.14285714285714285,0.14285714285714288,0.0,0.14285714285714288,7,"{""baseline_rule_policy"": 0.0, ""deception_enabled_policy"": 0.0, ""mixed_rule_policy"": 0.0, ""randomized_legal_policy"": 1.0, ""risk_heterogeneous_policy"": 0.0, ""seat_order_neutral_policy"": 0.0, ""speech_and_herding_policy"": 0.0}",1,1,0.0
98bb8896575a57e7410bc2867a46d096933f4a99bc498a05a2d9601251729ceb,b6f28e7dc87b8e8c4b6f200b9e1da1aaf8a61b75f8feb4d75c1e27974ebce892,mixed_rule_policy_seed_50_game_2_seer_check,50,2,mixed_rule_policy,regime_mixed_rule_policy_seed_50_base_2,regime_mixed_rule_policy_seed_50_base_2,regime_mixed_rule_policy_seed_50_base_2,validation,A_in_distribution,1,night,seer_check,6,village,seer,1,1,0,highest_p_wolf,9,1,1,0,1,0,0,0,1,10,0,0,0.3,0,0,0.0,0.3,0,0,0,0,0,1,0,0,0.0,0.3,0,0,0,0,0,0,0,0,0,0,0.5,0,0,0.0,1,1,1,5,1.0,0,0,0,0,0,0.3,1.425,villager,0,0,,,0.3333333333333333,0.14285714285714285,0.14285714285714288,0.0,0.14285714285714288,7,"{""baseline_rule_policy"": 1.0, ""deception_enabled_policy"": 0.0, ""mixed_rule_policy"": 0.0, ""randomized_legal_policy"": 0.0, ""risk_heterogeneous_policy"": 0.0, ""seat_order_neutral_policy"": 0.0, ""speech_and_herding_policy"": 0.0}",1,1,0.0
98bb8896575a57e7410bc2867a46d096933f4a99bc498a05a2d9601251729ceb,b6f28e7dc87b8e8c4b6f200b9e1da1aaf8a61b75f8feb4d75c1e27974ebce892,mixed_rule_policy_seed_50_game_2_seer_check,50,2,mixed_rule_policy,regime_mixed_rule_policy_seed_50_base_2,regime_mixed_rule_policy_seed_50_base_2,regime_mixed_rule_policy_seed_50_base_2,validation,A_in_distribution,1,night,seer_check,6,village,seer,3,1,0,highest_p_wolf,9,1,1,0,1,0,0,0,1,10,0,0,0.3,0,0,0.0,0.3,0,0,0,0,0,1,0,0,0.0,0.3,0,0,0,0,0,0,0,0,0,0,0.5,0,0,0.0,3,0,1,3,0.6,0,0,0,0,0,0.3,1.425,villager,0,0,,,0.6666666666666666,0.0,0.0,0.0,0.0,7,"{""baseline_rule_policy"": 0.0, ""deception_enabled_policy"": 0.0, ""mixed_rule_policy"": 0.0, ""randomized_legal_policy"": 0.0, ""risk_heterogeneous_policy"": 0.0, ""seat_order_neutral_policy"": 0.0, ""speech_and_herding_policy"": 0.0}",1,4,0.0
98bb8896575a57e7410bc2867a46d096933f4a99bc498a05a2d9601251729ceb,b6f28e7dc87b8e8c4b6f200b9e1da1aaf8a61b75f8feb4d75c1e27974ebce892,mixed_rule_policy_seed_50_game_2_seer_check,50,2,mixed_rule_policy,regime_mixed_rule_policy_seed_50_base_2,regime_mixed_rule_policy_seed_50_base_2,regime_mixed_rule_policy_seed_50_base_2,validation,A_in_distribution,1,night,seer_check,6,village,seer,8,1,0,highest_p_wolf,9,1,1,0,1,0,0,0,1,10,0,0,0.3,0,0,0.0,0.3,0,0,0,0,0,1,0,0,0.0,0.3,0,0,0,0,0,0,0,0,0,0,0.5,0,0,0.0,8,0,0,2,0.4,0,0,0,0,0,0.3,1.425,hunter,0,1,,,0.3333333333333333,0.14285714285714285,0.14285714285714288,0.0,0.14285714285714288,7,"{""baseline_rule_policy"": 1.0, ""deception_enabled_policy"": 0.0, ""mixed_rule_policy"": 0.0, ""randomized_legal_policy"": 0.0, ""risk_heterogeneous_policy"": 0.0, ""seat_order_neutral_policy"": 0.0, ""speech_and_herding_policy"": 0.0}",1,1,0.0
5f6583fb25b38203d9391be7dd816f1dd2a3bd01597646abca1bc293c1db5595,3a1c7032cfba96284a3312bdcf56bc125c67065dd3d8c80bc969bfdc5f836fa3,mixed_rule_policy_seed_52_game_1_seer_check,52,1,mixed_rule_policy,regime_mixed_rule_policy_seed_52_base_1,regime_mixed_rule_policy_seed_52_base_1,regime_mixed_rule_policy_seed_52_base_1,final_test,B_unseen_seed,1,night,seer_check,10,village,seer,4,1,1,highest_p_wolf,4,1,1,0,1,0,0,0,1,10,0,0,0.3,0,0,0.0,0.3,0,0,0,0,0,1,0,0,0.0,0.3,0,0,0,0,0,0,0,0,0,0,0.5,0,0,0.0,4,0,1,4,0.8,0,0,0,0,0,0.3,1.425,werewolf,1,0,,,0.3333333333333333,0.2857142857142857,0.18442777839082938,0.0,0.2380952380952381,7,"{""baseline_rule_policy"": 0.0, ""deception_enabled_policy"": 0.0, ""mixed_rule_policy"": 1.0, ""randomized_legal_policy"": 0.0, ""risk_heterogeneous_policy"": 0.0, ""seat_order_neutral_policy"": 1.0, ""speech_and_herding_policy"": 0.0}",1,2,0.2857142857142857
5f6583fb25b38203d9391be7dd816f1dd2a3bd01597646abca1bc293c1db5595,3a1c7032cfba96284a3312bdcf56bc125c67065dd3d8c80bc969bfdc5f836fa3,mixed_rule_policy_seed_52_game_1_seer_check,52,1,mixed_rule_policy,regime_mixed_rule_policy_seed_52_base_1,regime_mixed_rule_policy_seed_52_base_1,regime_mixed_rule_policy_seed_52_base_1,final_test,B_unseen_seed,1,night,seer_check,10,village,seer,1,1,0,highest_p_wolf,4,1,1,0,1,0,0,0,1,10,0,0,0.3,0,0,0.0,0.3,0,0,0,0,0,1,0,0,0.0,0.3,0,0,0,0,0,0,0,0,0,0,0.5,0,0,0.0,1,1,1,1,0.2,0,0,0,0,0,0.3,1.425,werewolf,1,0,,,1.0,0.5714285714285714,0.20203050891044216,0.0,0.28571428571428575,7,"{""baseline_rule_policy"": 1.0, ""deception_enabled_policy"": 1.0, ""mixed_rule_policy"": 0.0, ""randomized_legal_policy"": 0.0, ""risk_heterogeneous_policy"": 1.0, ""seat_order_neutral_policy"": 1.0, ""speech_and_herding_policy"": 0.0}",1,1,0.2857142857142857
5f6583fb25b38203d9391be7dd816f1dd2a3bd01597646abca1bc293c1db5595,3a1c7032cfba96284a3312bdcf56bc125c67065dd3d8c80bc969bfdc5f836fa3,mixed_rule_policy_seed_52_game_1_seer_check,52,1,mixed_rule_policy,regime_mixed_rule_policy_seed_52_base_1,regime_mixed_rule_policy_seed_52_base_1,regime_mixed_rule_policy_seed_52_base_1,final_test,B_unseen_seed,1,night,seer_check,10,village,seer,2,1,0,highest_p_wolf,4,1,1,0,1,0,0,0,1,10,0,0,0.3,0,0,0.0,0.3,0,0,0,0,0,1,0,0,0.0,0.3,0,0,0,0,0,0,0,0,0,0,0.5,0,0,0.0,2,0,1,2,0.4,0,0,0,0,0,0.3,1.425,villager,0,0,,,0.6666666666666666,0.14285714285714285,0.14285714285714288,0.0,0.14285714285714288,7,"{""baseline_rule_policy"": 0.0, ""deception_enabled_policy"": 0.0, ""mixed_rule_policy"": 0.0, ""randomized_legal_policy"": 0.0, ""risk_heterogeneous_policy"": 1.0, ""seat_order_neutral_policy"": 0.0, ""speech_and_herding_policy"": 0.0}",1,3,0.2857142857142857
5f6583fb25b38203d9391be7dd816f1dd2a3bd01597646abca1bc293c1db5595,3a1c7032cfba96284a3312bdcf56bc125c67065dd3d8c80bc969bfdc5f836fa3,mixed_rule_policy_seed_52_game_1_seer_check,52,1,mixed_rule_policy,regime_mixed_rule_policy_seed_52_base_1,regime_mixed_rule_policy_seed_52_base_1,regime_mixed_rule_policy_seed_52_base_1,final_test,B_unseen_seed,1,night,seer_check,10,village,seer,7,1,0,highest_p_wolf,4,1,1,0,1,0,0,0,1,10,0,0,0.3,0,0,0.0,0.3,0,0,0,0,0,1,0,0,0.0,0.3,0,0,0,0,0,0,0,0,0,0,0.5,0,0,0.0,7,0,0,3,0.6,0,0,0,0,0,0.3,1.425,witch,0,1,,,0.6666666666666666,0.14285714285714285,0.14285714285714288,0.0,0.14285714285714288,7,"{""baseline_rule_policy"": 0.0, ""deception_enabled_policy"": 0.0, ""mixed_rule_policy"": 0.0, ""randomized_legal_policy"": 0.0, ""risk_heterogeneous_policy"": 1.0, ""seat_order_neutral_policy"": 0.0, ""speech_and_herding_policy"": 0.0}",1,3,0.2857142857142857
a8024d6aeaee4b29b047208a1a172f41a985b8b89778e3fc73e4156b834b6429,bf5bfa243238a6dd9dc20373d68d9fdee2fd55b77bb4486796c86e3aae974461,mixed_rule_policy_seed_52_game_2_seer_check,52,2,mixed_rule_policy,regime_mixed_rule_policy_seed_52_base_2,regime_mixed_rule_policy_seed_52_base_2,regime_mixed_rule_policy_seed_52_base_2,final_test,B_unseen_seed,1,night,seer_check,9,village,seer,10,1,1,highest_p_wolf,10,1,1,0,1,0,0,0,1,10,0,0,0.3,0,0,0.0,0.3,0,0,0,0,0,1,0,0,0.0,0.3,0,0,0,0,0,0,0,0,0,0,0.5,0,0,0.0,10,1,0,1,0.2,0,0,0,0,0,0.3,1.425,werewolf,1,0,,,1.0,0.42857142857142855,0.20203050891044214,0.0,0.2857142857142857,7,"{""baseline_rule_policy"": 0.0, ""deception_enabled_policy"": 1.0, ""mixed_rule_policy"": 0.0, ""randomized_legal_policy"": 0.0, ""risk_heterogeneous_policy"": 1.0, ""seat_order_neutral_policy"": 0.0, ""speech_and_herding_policy"": 1.0}",7,2,0.28571428571428575
a8024d6aeaee4b29b047208a1a172f41a985b8b89778e3fc73e4156b834b6429,bf5bfa243238a6dd9dc20373d68d9fdee2fd55b77bb4486796c86e3aae974461,mixed_rule_policy_seed_52_game_2_seer_check,52,2,mixed_rule_policy,regime_mixed_rule_policy_seed_52_base_2,regime_mixed_rule_policy_seed_52_base_2,regime_mixed_rule_policy_seed_52_base_2,final_test,B_unseen_seed,1,night,seer_check,9,village,seer,1,1,0,highest_p_wolf,10,1,1,0,1,0,0,0,1,10,0,0,0.3,0,0,0.0,0.3,0,0,0,0,0,1,0,0,0.0,0.3,0,0,0,0,0,0,0,0,0,0,0.5,0,0,0.0,1,1,1,2,0.4,0,0,0,0,0,0.3,1.425,villager,0,0,,,0.3333333333333333,0.2857142857142857,0.18442777839082938,0.0,0.2380952380952381,7,"{""baseline_rule_policy"": 1.0, ""deception_enabled_policy"": 1.0, ""mixed_rule_policy"": 0.0, ""randomized_legal_policy"": 0.0, ""risk_heterogeneous_policy"": 0.0, ""seat_order_neutral_policy"": 0.0, ""speech_and_herding_policy"": 0.0}",7,4,0.28571428571428575
a8024d6aeaee4b29b047208a1a172f41a985b8b89778e3fc73e4156b834b6429,bf5bfa243238a6dd9dc20373d68d9fdee2fd55b77bb4486796c86e3aae974461,mixed_rule_policy_seed_52_game_2_seer_check,52,2,mixed_rule_policy,regime_mixed_rule_policy_seed_52_base_2,regime_mixed_rule_policy_seed_52_base_2,regime_mixed_rule_policy_seed_52_base_2,final_test,B_unseen_seed,1,night,seer_check,9,village,seer,7,1,0,highest_p_wolf,10,1,1,0,1,0,0,0,1,10,0,0,0.3,0,0,0.0,0.3,0,0,0,0,0,1,0,0,0.0,0.3,0,0,0,0,0,0,0,0,0,0,0.5,0,0,0.0,7,0,0,2,0.4,0,0,0,0,0,0.3,1.425,werewolf,1,0,,,0.6666666666666666,0.7142857142857143,0.18442777839082938,0.0,0.2380952380952381,7,"{""baseline_rule_policy"": 0.0, ""deception_enabled_policy"": 1.0, ""mixed_rule_policy"": 1.0, ""randomized_legal_policy"": 1.0, ""risk_heterogeneous_policy"": 1.0, ""seat_order_neutral_policy"": 0.0, ""speech_and_herding_policy"": 1.0}",7,1,0.28571428571428575
a8024d6aeaee4b29b047208a1a172f41a985b8b89778e3fc73e4156b834b6429,bf5bfa243238a6dd9dc20373d68d9fdee2fd55b77bb4486796c86e3aae974461,mixed_rule_policy_seed_52_game_2_seer_check,52,2,mixed_rule_policy,regime_mixed_rule_policy_seed_52_base_2,regime_mixed_rule_policy_seed_52_base_2,regime_mixed_rule_policy_seed_52_base_2,final_test,B_unseen_seed,1,night,seer_check,9,village,seer,4,1,0,highest_p_wolf,10,1,1,0,1,0,0,0,1,10,0,0,0.3,0,0,0.0,0.3,0,0,0,0,0,1,0,0,0.0,0.3,0,0,0,0,0,0,0,0,0,0,0.5,0,0,0.0,4,0,1,5,1.0,0,0,0,0,0,0.3,1.425,villager,0,0,,,1.0,0.42857142857142855,0.20203050891044214,0.0,0.2857142857142857,7,"{""baseline_rule_policy"": 0.0, ""deception_enabled_policy"": 0.0, ""mixed_rule_policy"": 1.0, ""randomized_legal_policy"": 1.0, ""risk_heterogeneous_policy"": 0.0, ""seat_order_neutral_policy"": 0.0, ""speech_and_herding_policy"": 1.0}",7,2,0.28571428571428575
f01a445ac9a703ebcb8ae5934d1db925a3b017c3b0a40358c97391f9d084b63f,0f6ac443a90e07eab0c029c4ef18b067ff9ec7b2c39d38ebe329a7793a5850e4,mixed_rule_policy_seed_53_game_1_seer_check,53,1,mixed_rule_policy,regime_mixed_rule_policy_seed_53_base_1,regime_mixed_rule_policy_seed_53_base_1,regime_mixed_rule_policy_seed_53_base_1,final_test,B_unseen_seed,1,night,seer_check,2,village,seer,10,1,1,highest_p_wolf,10,1,1,0,1,0,0,0,1,10,0,0,0.3,0,0,0.0,0.3,0,0,0,0,0,1,0,0,0.0,0.3,0,0,0,0,0,0,0,0,0,0,0.5,0,0,0.0,10,1,0,2,0.4,0,0,0,0,0,0.3,1.425,villager,0,0,,,0.3333333333333333,0.2857142857142857,0.18442777839082938,0.0,0.2380952380952381,7,"{""baseline_rule_policy"": 0.0, ""deception_enabled_policy"": 1.0, ""mixed_rule_policy"": 0.0, ""randomized_legal_policy"": 1.0, ""risk_heterogeneous_policy"": 0.0, ""seat_order_neutral_policy"": 0.0, ""speech_and_herding_policy"": 0.0}",4,3,0.2857142857142857
f01a445ac9a703ebcb8ae5934d1db925a3b017c3b0a40358c97391f9d084b63f,0f6ac443a90e07eab0c029c4ef18b067ff9ec7b2c39d38ebe329a7793a5850e4,mixed_rule_policy_seed_53_game_1_seer_check,53,1,mixed_rule_policy,regime_mixed_rule_policy_seed_53_base_1,regime_mixed_rule_policy_seed_53_base_1,regime_mixed_rule_policy_seed_53_base_1,final_test,B_unseen_seed,1,night,seer_check,2,village,seer,1,1,0,highest_p_wolf,10,1,1,0,1,0,0,0,1,10,0,0,0.3,0,0,0.0,0.3,0,0,0,0,0,1,0,0,0.0,0.3,0,0,0,0,0,0,0,0,0,0,0.5,0,0,0.0,1,1,1,1,0.2,0,0,0,0,0,0.3,1.425,witch,0,1,,,0.3333333333333333,0.2857142857142857,0.18442777839082938,0.0,0.2380952380952381,7,"{""baseline_rule_policy"": 0.0, ""deception_enabled_policy"": 1.0, ""mixed_rule_policy"": 1.0, ""randomized_legal_policy"": 0.0, ""risk_heterogeneous_policy"": 0.0, ""seat_order_neutral_policy"": 0.0, ""speech_and_herding_policy"": 0.0}",4,3,0.2857142857142857
f01a445ac9a703ebcb8ae5934d1db925a3b017c3b0a40358c97391f9d084b63f,0f6ac443a90e07eab0c029c4ef18b067ff9ec7b2c39d38ebe329a7793a5850e4,mixed_rule_policy_seed_53_game_1_seer_check,53,1,mixed_rule_policy,regime_mixed_rule_policy_seed_53_base_1,regime_mixed_rule_policy_seed_53_base_1,regime_mixed_rule_policy_seed_53_base_1,final_test,B_unseen_seed,1,night,seer_check,2,village,seer,8,1,0,highest_p_wolf,10,1,1,0,1,0,0,0,1,10,0,0,0.3,0,0,0.0,0.3,0,0,0,0,0,1,0,0,0.0,0.3,0,0,0,0,0,0,0,0,0,0,0.5,0,0,0.0,8,0,0,4,0.8,0,0,0,0,0,0.3,1.425,villager,0,0,,,1.0,0.42857142857142855,0.20203050891044214,0.0,0.2857142857142857,7,"{""baseline_rule_policy"": 0.0, ""deception_enabled_policy"": 1.0, ""mixed_rule_policy"": 1.0, ""randomized_legal_policy"": 0.0, ""risk_heterogeneous_policy"": 0.0, ""seat_order_neutral_policy"": 0.0, ""speech_and_herding_policy"": 1.0}",4,2,0.2857142857142857
f01a445ac9a703ebcb8ae5934d1db925a3b017c3b0a40358c97391f9d084b63f,0f6ac443a90e07eab0c029c4ef18b067ff9ec7b2c39d38ebe329a7793a5850e4,mixed_rule_policy_seed_53_game_1_seer_check,53,1,mixed_rule_policy,regime_mixed_rule_policy_seed_53_base_1,regime_mixed_rule_policy_seed_53_base_1,regime_mixed_rule_policy_seed_53_base_1,final_test,B_unseen_seed,1,night,seer_check,2,village,seer,4,1,0,highest_p_wolf,10,1,1,0,1,0,0,0,1,10,0,0,0.3,0,0,0.0,0.3,0,0,0,0,0,1,0,0,0.0,0.3,0,0,0,0,0,0,0,0,0,0,0.5,0,0,0.0,4,0,1,2,0.4,0,0,0,0,0,0.3,1.425,villager,0,0,,,0.6666666666666666,0.5714285714285714,0.20203050891044216,0.0,0.28571428571428575,7,"{""baseline_rule_policy"": 0.0, ""deception_enabled_policy"": 1.0, ""mixed_rule_policy"": 1.0, ""randomized_legal_policy"": 1.0, ""risk_heterogeneous_policy"": 0.0, ""seat_order_neutral_policy"": 0.0, ""speech_and_herding_policy"": 1.0}",4,1,0.2857142857142857
e05cc5a4ec317cfe42569569dc728789e88618de342b624707893c589ad8bd21,566112ac8335327ea9c3c97398fd5dd5e19cac8f7e06d0f9ccc7faac0c8d9b7a,mixed_rule_policy_seed_53_game_2_seer_check,53,2,mixed_rule_policy,regime_mixed_rule_policy_seed_53_base_2,regime_mixed_rule_policy_seed_53_base_2,regime_mixed_rule_policy_seed_53_base_2,final_test,B_unseen_seed,1,night,seer_check,10,village,seer,4,1,1,highest_p_wolf,4,1,1,0,1,0,0,0,1,10,0,0,0.3,0,0,0.0,0.3,0,0,0,0,0,1,0,0,0.0,0.3,0,0,0,0,0,0,0,0,0,0,0.5,0,0,0.0,4,0,1,4,0.8,0,0,0,0,0,0.3,1.425,villager,0,0,,,0.6666666666666666,0.0,0.0,0.0,0.0,7,"{""baseline_rule_policy"": 0.0, ""deception_enabled_policy"": 0.0, ""mixed_rule_policy"": 0.0, ""randomized_legal_policy"": 0.0, ""risk_heterogeneous_policy"": 0.0, ""seat_order_neutral_policy"": 0.0, ""speech_and_herding_policy"": 0.0}",3,3,0.2857142857142857
e05cc5a4ec317cfe42569569dc728789e88618de342b624707893c589ad8bd21,566112ac8335327ea9c3c97398fd5dd5e19cac8f7e06d0f9ccc7faac0c8d9b7a,mixed_rule_policy_seed_53_game_2_seer_check,53,2,mixed_rule_policy,regime_mixed_rule_policy_seed_53_base_2,regime_mixed_rule_policy_seed_53_base_2,regime_mixed_rule_policy_seed_53_base_2,final_test,B_unseen_seed,1,night,seer_check,10,village,seer,1,1,0,highest_p_wolf,4,1,1,0,1,0,0,0,1,10,0,0,0.3,0,0,0.0,0.3,0,0,0,0,0,1,0,0,0.0,0.3,0,0,0,0,0,0,0,0,0,0,0.5,0,0,0.0,1,1,1,1,0.2,0,0,0,0,0,0.3,1.425,werewolf,1,0,,,0.3333333333333333,0.0,0.0,0.0,0.0,7,"{""baseline_rule_policy"": 0.0, ""deception_enabled_policy"": 0.0, ""mixed_rule_policy"": 0.0, ""randomized_legal_policy"": 0.0, ""risk_heterogeneous_policy"": 0.0, ""seat_order_neutral_policy"": 0.0, ""speech_and_herding_policy"": 0.0}",3,3,0.2857142857142857
e05cc5a4ec317cfe42569569dc728789e88618de342b624707893c589ad8bd21,566112ac8335327ea9c3c97398fd5dd5e19cac8f7e06d0f9ccc7faac0c8d9b7a,mixed_rule_policy_seed_53_game_2_seer_check,53,2,mixed_rule_policy,regime_mixed_rule_policy_seed_53_base_2,regime_mixed_rule_policy_seed_53_base_2,regime_mixed_rule_policy_seed_53_base_2,final_test,B_unseen_seed,1,night,seer_check,10,village,seer,8,1,0,highest_p_wolf,4,1,1,0,1,0,0,0,1,10,0,0,0.3,0,0,0.0,0.3,0,0,0,0,0,1,0,0,0.0,0.3,0,0,0,0,0,0,0,0,0,0,0.5,0,0,0.0,8,0,0,2,0.4,0,0,0,0,0,0.3,1.425,villager,0,0,,,0.3333333333333333,0.14285714285714285,0.14285714285714288,0.0,0.14285714285714288,7,"{""baseline_rule_policy"": 0.0, ""deception_enabled_policy"": 0.0, ""mixed_rule_policy"": 0.0, ""randomized_legal_policy"": 0.0, ""risk_heterogeneous_policy"": 0.0, ""seat_order_neutral_policy"": 0.0, ""speech_and_herding_policy"": 1.0}",3,2,0.2857142857142857
e05cc5a4ec317cfe42569569dc728789e88618de342b624707893c589ad8bd21,566112ac8335327ea9c3c97398fd5dd5e19cac8f7e06d0f9ccc7faac0c8d9b7a,mixed_rule_policy_seed_53_game_2_seer_check,53,2,mixed_rule_policy,regime_mixed_rule_policy_seed_53_base_2,regime_mixed_rule_policy_seed_53_base_2,regime_mixed_rule_policy_seed_53_base_2,final_test,B_unseen_seed,1,night,seer_check,10,village,seer,3,1,0,highest_p_wolf,4,1,1,0,1,0,0,0,1,10,0,0,0.3,0,0,0.0,0.3,0,0,0,0,0,1,0,0,0.0,0.3,0,0,0,0,0,0,0,0,0,0,0.5,0,0,0.0,3,0,1,3,0.6,0,0,0,0,0,0.3,1.425,villager,0,0,,,0.3333333333333333,0.2857142857142857,0.18442777839082938,0.0,0.2380952380952381,7,"{""baseline_rule_policy"": 0.0, ""deception_enabled_policy"": 1.0, ""mixed_rule_policy"": 0.0, ""randomized_legal_policy"": 0.0, ""risk_heterogeneous_policy"": 0.0, ""seat_order_neutral_policy"": 0.0, ""speech_and_herding_policy"": 1.0}",3,1,0.2857142857142857
e4362394cb1f524b48ad6e1bc71392d2ba8bf0968ec3d48a5c98c7ba1bcad6bb,9a831109533bca0d0d72269908f31656fef85958253ab9bc40d1986b951bd1c9,seat_order_neutral_policy_seed_42_game_1_seer_check,42,1,seat_order_neutral_policy,regime_seat_order_neutral_policy_seed_42_base_1,regime_seat_order_neutral_policy_seed_42_base_1,regime_seat_order_neutral_policy_seed_42_base_1,train,A_in_distribution,1,night,seer_check,8,village,seer,3,1,1,random_neutral,3,1,1,0,1,0,0,0,1,10,0,0,0.3,0,0,0.0,0.3,0,0,0,0,0,1,0,0,0.0,0.3,0,0,0,0,0,0,0,0,0,0,0.5,0,0,0.0,3,0,1,5,1.0,0,0,0,0,0,0.3,1.425,werewolf,1,0,,,1.0,0.42857142857142855,0.20203050891044214,0.0,0.2857142857142857,7,"{""baseline_rule_policy"": 1.0, ""deception_enabled_policy"": 0.0, ""mixed_rule_policy"": 1.0, ""randomized_legal_policy"": 0.0, ""risk_heterogeneous_policy"": 1.0, ""seat_order_neutral_policy"": 0.0, ""speech_and_herding_policy"": 0.0}",3,1,0.0
e4362394cb1f524b48ad6e1bc71392d2ba8bf0968ec3d48a5c98c7ba1bcad6bb,9a831109533bca0d0d72269908f31656fef85958253ab9bc40d1986b951bd1c9,seat_order_neutral_policy_seed_42_game_1_seer_check,42,1,seat_order_neutral_policy,regime_seat_order_neutral_policy_seed_42_base_1,regime_seat_order_neutral_policy_seed_42_base_1,regime_seat_order_neutral_policy_seed_42_base_1,train,A_in_distribution,1,night,seer_check,8,village,seer,1,1,0,random_neutral,3,1,1,0,1,0,0,0,1,10,0,0,0.3,0,0,0.0,0.3,0,0,0,0,0,1,0,0,0.0,0.3,0,0,0,0,0,0,0,0,0,0,0.5,0,0,0.0,1,1,1,3,0.6,0,0,0,0,0,0.3,1.425,werewolf,1,0,,,0.3333333333333333,0.2857142857142857,0.18442777839082938,0.0,0.2380952380952381,7,"{""baseline_rule_policy"": 1.0, ""deception_enabled_policy"": 0.0, ""mixed_rule_policy"": 0.0, ""randomized_legal_policy"": 0.0, ""risk_heterogeneous_policy"": 1.0, ""seat_order_neutral_policy"": 0.0, ""speech_and_herding_policy"": 0.0}",3,2,0.0
e4362394cb1f524b48ad6e1bc71392d2ba8bf0968ec3d48a5c98c7ba1bcad6bb,9a831109533bca0d0d72269908f31656fef85958253ab9bc40d1986b951bd1c9,seat_order_neutral_policy_seed_42_game_1_seer_check,42,1,seat_order_neutral_policy,regime_seat_order_neutral_policy_seed_42_base_1,regime_seat_order_neutral_policy_seed_42_base_1,regime_seat_order_neutral_policy_seed_42_base_1,train,A_in_distribution,1,night,seer_check,8,village,seer,10,1,0,random_neutral,3,1,1,0,1,0,0,0,1,10,0,0,0.3,0,0,0.0,0.3,0,0,0,0,0,1,0,0,0.0,0.3,0,0,0,0,0,0,0,0,0,0,0.5,0,0,0.0,10,1,0,2,0.4,0,0,0,0,0,0.3,1.425,hunter,0,1,,,0.6666666666666666,0.14285714285714285,0.14285714285714288,0.0,0.14285714285714288,7,"{""baseline_rule_policy"": 0.0, ""deception_enabled_policy"": 0.0, ""mixed_rule_policy"": 0.0, ""randomized_legal_policy"": 0.0, ""risk_heterogeneous_policy"": 0.0, ""seat_order_neutral_policy"": 0.0, ""speech_and_herding_policy"": 1.0}",3,4,0.0
e4362394cb1f524b48ad6e1bc71392d2ba8bf0968ec3d48a5c98c7ba1bcad6bb,9a831109533bca0d0d72269908f31656fef85958253ab9bc40d1986b951bd1c9,seat_order_neutral_policy_seed_42_game_1_seer_check,42,1,seat_order_neutral_policy,regime_seat_order_neutral_policy_seed_42_base_1,regime_seat_order_neutral_policy_seed_42_base_1,regime_seat_order_neutral_policy_seed_42_base_1,train,A_in_distribution,1,night,seer_check,8,village,seer,6,1,0,random_neutral,3,1,1,0,1,0,0,0,1,10,0,0,0.3,0,0,0.0,0.3,0,0,0,0,0,1,0,0,0.0,0.3,0,0,0,0,0,0,0,0,0,0,0.5,0,0,0.0,6,1,0,2,0.4,0,0,0,0,0,0.3,1.425,werewolf,1,0,,,0.3333333333333333,0.2857142857142857,0.18442777839082938,0.0,0.2380952380952381,7,"{""baseline_rule_policy"": 1.0, ""deception_enabled_policy"": 0.0, ""mixed_rule_policy"": 0.0, ""randomized_legal_policy"": 0.0, ""risk_heterogeneous_policy"": 1.0, ""seat_order_neutral_policy"": 0.0, ""speech_and_herding_policy"": 0.0}",3,2,0.0
40fd7df02b38ba10aba0900975d440bb316a42fe823b25c9c88af01b6e64341a,657133b2b73d3e966df0042387ccca2a777db957c204cb3028ef7f7e0554159a,seat_order_neutral_policy_seed_42_game_2_seer_check,42,2,seat_order_neutral_policy,regime_seat_order_neutral_policy_seed_42_base_2,regime_seat_order_neutral_policy_seed_42_base_2,regime_seat_order_neutral_policy_seed_42_base_2,train,A_in_distribution,1,night,seer_check,1,village,seer,2,1,1,random_neutral,2,1,1,0,1,0,0,0,1,10,0,0,0.3,0,0,0.0,0.3,0,0,0,0,0,1,0,0,0.0,0.3,0,0,0,0,0,0,0,0,0,0,0.5,0,0,0.0,2,0,1,1,0.2,0,0,0,0,0,0.3,1.425,villager,0,0,,,1.0,0.5714285714285714,0.20203050891044216,0.0,0.28571428571428575,7,"{""baseline_rule_policy"": 1.0, ""deception_enabled_policy"": 0.0, ""mixed_rule_policy"": 1.0, ""randomized_legal_policy"": 0.0, ""risk_heterogeneous_policy"": 1.0, ""seat_order_neutral_policy"": 0.0, ""speech_and_herding_policy"": 1.0}",10,1,0.0
40fd7df02b38ba10aba0900975d440bb316a42fe823b25c9c88af01b6e64341a,657133b2b73d3e966df0042387ccca2a777db957c204cb3028ef7f7e0554159a,seat_order_neutral_policy_seed_42_game_2_seer_check,42,2,seat_order_neutral_policy,regime_seat_order_neutral_policy_seed_42_base_2,regime_seat_order_neutral_policy_seed_42_base_2,regime_seat_order_neutral_policy_seed_42_base_2,train,A_in_distribution,1,night,seer_check,1,village,seer,10,1,0,random_neutral,2,1,1,0,1,0,0,0,1,10,0,0,0.3,0,0,0.0,0.3,0,0,0,0,0,1,0,0,0.0,0.3,0,0,0,0,0,0,0,0,0,0,0.5,0,0,0.0,10,1,0,1,0.2,0,0,0,0,0,0.3,1.425,werewolf,1,0,,,0.6666666666666666,0.5714285714285714,0.20203050891044216,0.0,0.28571428571428575,7,"{""baseline_rule_policy"": 1.0, ""deception_enabled_policy"": 1.0, ""mixed_rule_policy"": 0.0, ""randomized_legal_policy"": 0.0, ""risk_heterogeneous_policy"": 1.0, ""seat_order_neutral_policy"": 0.0, ""speech_and_herding_policy"": 1.0}",10,1,0.0
40fd7df02b38ba10aba0900975d440bb316a42fe823b25c9c88af01b6e64341a,657133b2b73d3e966df0042387ccca2a777db957c204cb3028ef7f7e0554159a,seat_order_neutral_policy_seed_42_game_2_seer_check,42,2,seat_order_neutral_policy,regime_seat_order_neutral_policy_seed_42_base_2,regime_seat_order_neutral_policy_seed_42_base_2,regime_seat_order_neutral_policy_seed_42_base_2,train,A_in_distribution,1,night,seer_check,1,village,seer,8,1,0,random_neutral,2,1,1,0,1,0,0,0,1,10,0,0,0.3,0,0,0.0,0.3,0,0,0,0,0,1,0,0,0.0,0.3,0,0,0,0,0,0,0,0,0,0,0.5,0,0,0.0,8,0,0,3,0.6,0,0,0,0,0,0.3,1.425,hunter,0,1,,,0.0,0.14285714285714285,0.14285714285714288,0.0,0.14285714285714288,7,"{""baseline_rule_policy"": 0.0, ""deception_enabled_policy"": 1.0, ""mixed_rule_policy"": 0.0, ""randomized_legal_policy"": 0.0, ""risk_heterogeneous_policy"": 0.0, ""seat_order_neutral_policy"": 0.0, ""speech_and_herding_policy"": 0.0}",10,4,0.0
40fd7df02b38ba10aba0900975d440bb316a42fe823b25c9c88af01b6e64341a,657133b2b73d3e966df0042387ccca2a777db957c204cb3028ef7f7e0554159a,seat_order_neutral_policy_seed_42_game_2_seer_check,42,2,seat_order_neutral_policy,regime_seat_order_neutral_policy_seed_42_base_2,regime_seat_order_neutral_policy_seed_42_base_2,regime_seat_order_neutral_policy_seed_42_base_2,train,A_in_distribution,1,night,seer_check,1,village,seer,3,1,0,random_neutral,2,1,1,0,1,0,0,0,1,10,0,0,0.3,0,0,0.0,0.3,0,0,0,0,0,1,0,0,0.0,0.3,0,0,0,0,0,0,0,0,0,0,0.5,0,0,0.0,3,0,1,2,0.4,0,0,0,0,0,0.3,1.425,villager,0,0,,,0.3333333333333333,0.2857142857142857,0.18442777839082938,0.0,0.2380952380952381,7,"{""baseline_rule_policy"": 1.0, ""deception_enabled_policy"": 0.0, ""mixed_rule_policy"": 1.0, ""randomized_legal_policy"": 0.0, ""risk_heterogeneous_policy"": 0.0, ""seat_order_neutral_policy"": 0.0, ""speech_and_herding_policy"": 0.0}",10,3,0.0
82da1dbd58cc5a10cbb1c3727ed43ad72530591ccb17fa6d322ce8c3523d8f77,3cf5dd3ca1eeecc90de12b340d4d7c2cd176105e0f856cde0edf2233aa36feaa,seat_order_neutral_policy_seed_43_game_1_seer_check,43,1,seat_order_neutral_policy,regime_seat_order_neutral_policy_seed_43_base_1,regime_seat_order_neutral_policy_seed_43_base_1,regime_seat_order_neutral_policy_seed_43_base_1,train,A_in_distribution,1,night,seer_check,1,village,seer,8,1,1,random_neutral,8,1,1,0,1,0,0,0,1,10,0,0,0.3,0,0,0.0,0.3,0,0,0,0,0,1,0,0,0.0,0.3,0,0,0,0,0,0,0,0,0,0,0.5,0,0,0.0,8,0,0,3,0.6,0,0,0,0,0,0.3,1.425,werewolf,1,0,,,0.6666666666666666,0.7142857142857143,0.18442777839082938,0.0,0.2380952380952381,7,"{""baseline_rule_policy"": 1.0, ""deception_enabled_policy"": 1.0, ""mixed_rule_policy"": 0.0, ""randomized_legal_policy"": 1.0, ""risk_heterogeneous_policy"": 0.0, ""seat_order_neutral_policy"": 1.0, ""speech_and_herding_policy"": 1.0}",10,1,0.0
82da1dbd58cc5a10cbb1c3727ed43ad72530591ccb17fa6d322ce8c3523d8f77,3cf5dd3ca1eeecc90de12b340d4d7c2cd176105e0f856cde0edf2233aa36feaa,seat_order_neutral_policy_seed_43_game_1_seer_check,43,1,seat_order_neutral_policy,regime_seat_order_neutral_policy_seed_43_base_1,regime_seat_order_neutral_policy_seed_43_base_1,regime_seat_order_neutral_policy_seed_43_base_1,train,A_in_distribution,1,night,seer_check,1,village,seer,10,1,0,random_neutral,8,1,1,0,1,0,0,0,1,10,0,0,0.3,0,0,0.0,0.3,0,0,0,0,0,1,0,0,0.0,0.3,0,0,0,0,0,0,0,0,0,0,0.5,0,0,0.0,10,1,0,1,0.2,0,0,0,0,0,0.3,1.425,werewolf,1,0,,,1.0,0.7142857142857143,0.18442777839082938,0.0,0.2380952380952381,7,"{""baseline_rule_policy"": 0.0, ""deception_enabled_policy"": 1.0, ""mixed_rule_policy"": 1.0, ""randomized_legal_policy"": 1.0, ""risk_heterogeneous_policy"": 1.0, ""seat_order_neutral_policy"": 1.0, ""speech_and_herding_policy"": 0.0}",10,1,0.0
82da1dbd58cc5a10cbb1c3727ed43ad72530591ccb17fa6d322ce8c3523d8f77,3cf5dd3ca1eeecc90de12b340d4d7c2cd176105e0f856cde0edf2233aa36feaa,seat_order_neutral_policy_seed_43_game_1_seer_check,43,1,seat_order_neutral_policy,regime_seat_order_neutral_policy_seed_43_base_1,regime_seat_order_neutral_policy_seed_43_base_1,regime_seat_order_neutral_policy_seed_43_base_1,train,A_in_distribution,1,night,seer_check,1,village,seer,2,1,0,random_neutral,8,1,1,0,1,0,0,0,1,10,0,0,0.3,0,0,0.0,0.3,0,0,0,0,0,1,0,0,0.0,0.3,0,0,0,0,0,0,0,0,0,0,0.5,0,0,0.0,2,0,1,1,0.2,0,0,0,0,0,0.3,1.425,villager,0,0,,,0.6666666666666666,0.14285714285714285,0.14285714285714288,0.0,0.14285714285714288,7,"{""baseline_rule_policy"": 0.0, ""deception_enabled_policy"": 0.0, ""mixed_rule_policy"": 0.0, ""randomized_legal_policy"": 1.0, ""risk_heterogeneous_policy"": 0.0, ""seat_order_neutral_policy"": 0.0, ""speech_and_herding_policy"": 0.0}",10,4,0.0
82da1dbd58cc5a10cbb1c3727ed43ad72530591ccb17fa6d322ce8c3523d8f77,3cf5dd3ca1eeecc90de12b340d4d7c2cd176105e0f856cde0edf2233aa36feaa,seat_order_neutral_policy_seed_43_game_1_seer_check,43,1,seat_order_neutral_policy,regime_seat_order_neutral_policy_seed_43_base_1,regime_seat_order_neutral_policy_seed_43_base_1,regime_seat_order_neutral_policy_seed_43_base_1,train,A_in_distribution,1,night,seer_check,1,village,seer,9,1,0,random_neutral,8,1,1,0,1,0,0,0,1,10,0,0,0.3,0,0,0.0,0.3,0,0,0,0,0,1,0,0,0.0,0.3,0,0,0,0,0,0,0,0,0,0,0.5,0,0,0.0,9,0,0,2,0.4,0,0,0,0,0,0.3,1.425,villager,0,0,,,0.3333333333333333,0.5714285714285714,0.20203050891044216,0.0,0.28571428571428575,7,"{""baseline_rule_policy"": 1.0, ""deception_enabled_policy"": 0.0, ""mixed_rule_policy"": 0.0, ""randomized_legal_policy"": 1.0, ""risk_heterogeneous_policy"": 1.0, ""seat_order_neutral_policy"": 1.0, ""speech_and_herding_policy"": 0.0}",10,3,0.0
849cf11c57d1e9655961dc11a14a6acba09e80429da8212738edf25a8f7266f5,fde4d161c24ce663efe2052fa1aa13c2df3a92159bc3704f572e06c96e825a07,seat_order_neutral_policy_seed_43_game_2_seer_check,43,2,seat_order_neutral_policy,regime_seat_order_neutral_policy_seed_43_base_2,regime_seat_order_neutral_policy_seed_43_base_2,regime_seat_order_neutral_policy_seed_43_base_2,train,A_in_distribution,1,night,seer_check,5,village,seer,3,1,1,random_neutral,3,1,1,0,1,0,0,0,1,10,0,0,0.3,0,0,0.0,0.3,0,0,0,0,0,1,0,0,0.0,0.3,0,0,0,0,0,0,0,0,0,0,0.5,0,0,0.0,3,0,1,2,0.4,0,0,0,0,0,0.3,1.425,villager,0,0,,,0.3333333333333333,0.42857142857142855,0.20203050891044214,0.0,0.2857142857142857,7,"{""baseline_rule_policy"": 0.0, ""deception_enabled_policy"": 0.0, ""mixed_rule_policy"": 0.0, ""randomized_legal_policy"": 1.0, ""risk_heterogeneous_policy"": 0.0, ""seat_order_neutral_policy"": 1.0, ""speech_and_herding_policy"": 1.0}",9,3,0.28571428571428575
849cf11c57d1e9655961dc11a14a6acba09e80429da8212738edf25a8f7266f5,fde4d161c24ce663efe2052fa1aa13c2df3a92159bc3704f572e06c96e825a07,seat_order_neutral_policy_seed_43_game_2_seer_check,43,2,seat_order_neutral_policy,regime_seat_order_neutral_policy_seed_43_base_2,regime_seat_order_neutral_policy_seed_43_base_2,regime_seat_order_neutral_policy_seed_43_base_2,train,A_in_distribution,1,night,seer_check,5,village,seer,1,1,0,random_neutral,3,1,1,0,1,0,0,0,1,10,0,0,0.3,0,0,0.0,0.3,0,0,0,0,0,1,0,0,0.0,0.3,0,0,0,0,0,0,0,0,0,0,0.5,0,0,0.0,1,1,1,4,0.8,0,0,0,0,0,0.3,1.425,werewolf,1,0,,,1.0,0.5714285714285714,0.20203050891044216,0.0,0.28571428571428575,7,"{""baseline_rule_policy"": 0.0, ""deception_enabled_policy"": 0.0, ""mixed_rule_policy"": 1.0, ""randomized_legal_policy"": 1.0, ""risk_heterogeneous_policy"": 0.0, ""seat_order_neutral_policy"": 1.0, ""speech_and_herding_policy"": 1.0}",9,2,0.28571428571428575
849cf11c57d1e9655961dc11a14a6acba09e80429da8212738edf25a8f7266f5,fde4d161c24ce663efe2052fa1aa13c2df3a92159bc3704f572e06c96e825a07,seat_order_neutral_policy_seed_43_game_2_seer_check,43,2,seat_order_neutral_policy,regime_seat_order_neutral_policy_seed_43_base_2,regime_seat_order_neutral_policy_seed_43_base_2,regime_seat_order_neutral_policy_seed_43_base_2,train,A_in_distribution,1,night,seer_check,5,village,seer,9,1,0,random_neutral,3,1,1,0,1,0,0,0,1,10,0,0,0.3,0,0,0.0,0.3,0,0,0,0,0,1,0,0,0.0,0.3,0,0,0,0,0,0,0,0,0,0,0.5,0,0,0.0,9,0,0,4,0.8,0,0,0,0,0,0.3,1.425,villager,0,0,,,0.3333333333333333,0.7142857142857143,0.18442777839082938,0.0,0.2380952380952381,7,"{""baseline_rule_policy"": 1.0, ""deception_enabled_policy"": 0.0, ""mixed_rule_policy"": 1.0, ""randomized_legal_policy"": 1.0, ""risk_heterogeneous_policy"": 1.0, ""seat_order_neutral_policy"": 1.0, ""speech_and_herding_policy"": 0.0}",9,1,0.28571428571428575
849cf11c57d1e9655961dc11a14a6acba09e80429da8212738edf25a8f7266f5,fde4d161c24ce663efe2052fa1aa13c2df3a92159bc3704f572e06c96e825a07,seat_order_neutral_policy_seed_43_game_2_seer_check,43,2,seat_order_neutral_policy,regime_seat_order_neutral_policy_seed_43_base_2,regime_seat_order_neutral_policy_seed_43_base_2,regime_seat_order_neutral_policy_seed_43_base_2,train,A_in_distribution,1,night,seer_check,5,village,seer,4,1,0,random_neutral,3,1,1,0,1,0,0,0,1,10,0,0,0.3,0,0,0.0,0.3,0,0,0,0,0,1,0,0,0.0,0.3,0,0,0,0,0,0,0,0,0,0,0.5,0,0,0.0,4,0,1,1,0.2,0,0,0,0,0,0.3,1.425,werewolf,1,0,,,0.6666666666666666,0.42857142857142855,0.20203050891044214,0.0,0.2857142857142857,7,"{""baseline_rule_policy"": 0.0, ""deception_enabled_policy"": 1.0, ""mixed_rule_policy"": 0.0, ""randomized_legal_policy"": 1.0, ""risk_heterogeneous_policy"": 0.0, ""seat_order_neutral_policy"": 1.0, ""speech_and_herding_policy"": 0.0}",9,3,0.28571428571428575
9693f5ef13c95e925c90d12fd6652af0bfd658a5827e7da518f48152cabf47c6,0c912642d539f2c16fabc1ebf88f7dccd08579378f2dc9dfff05d3e05b744106,seat_order_neutral_policy_seed_44_game_1_seer_check,44,1,seat_order_neutral_policy,regime_seat_order_neutral_policy_seed_44_base_1,regime_seat_order_neutral_policy_seed_44_base_1,regime_seat_order_neutral_policy_seed_44_base_1,train,A_in_distribution,1,night,seer_check,4,village,seer,3,1,1,random_neutral,3,1,1,0,1,0,0,0,1,10,0,0,0.3,0,0,0.0,0.3,0,0,0,0,0,1,0,0,0.0,0.3,0,0,0,0,0,0,0,0,0,0,0.5,0,0,0.0,3,0,1,1,0.2,0,0,0,0,0,0.3,1.425,villager,0,0,,,0.3333333333333333,0.7142857142857143,0.18442777839082938,0.0,0.2380952380952381,7,"{""baseline_rule_policy"": 0.0, ""deception_enabled_policy"": 1.0, ""mixed_rule_policy"": 1.0, ""randomized_legal_policy"": 1.0, ""risk_heterogeneous_policy"": 0.0, ""seat_order_neutral_policy"": 1.0, ""speech_and_herding_policy"": 1.0}",9,2,0.1428571428571428
9693f5ef13c95e925c90d12fd6652af0bfd658a5827e7da518f48152cabf47c6,0c912642d539f2c16fabc1ebf88f7dccd08579378f2dc9dfff05d3e05b744106,seat_order_neutral_policy_seed_44_game_1_seer_check,44,1,seat_order_neutral_policy,regime_seat_order_neutral_policy_seed_44_base_1,regime_seat_order_neutral_policy_seed_44_base_1,regime_seat_order_neutral_policy_seed_44_base_1,train,A_in_distribution,1,night,seer_check,4,village,seer,1,1,0,random_neutral,3,1,1,0,1,0,0,0,1,10,0,0,0.3,0,0,0.0,0.3,0,0,0,0,0,1,0,0,0.0,0.3,0,0,0,0,0,0,0,0,0,0,0.5,0,0,0.0,1,1,1,3,0.6,0,0,0,0,0,0.3,1.425,villager,0,0,,,0.3333333333333333,0.42857142857142855,0.20203050891044214,0.0,0.2857142857142857,7,"{""baseline_rule_policy"": 0.0, ""deception_enabled_policy"": 0.0, ""mixed_rule_policy"": 1.0, ""randomized_legal_policy"": 1.0, ""risk_heterogeneous_policy"": 0.0, ""seat_order_neutral_policy"": 1.0, ""speech_and_herding_policy"": 0.0}",9,3,0.1428571428571428
9693f5ef13c95e925c90d12fd6652af0bfd658a5827e7da518f48152cabf47c6,0c912642d539f2c16fabc1ebf88f7dccd08579378f2dc9dfff05d3e05b744106,seat_order_neutral_policy_seed_44_game_1_seer_check,44,1,seat_order_neutral_policy,regime_seat_order_neutral_policy_seed_44_base_1,regime_seat_order_neutral_policy_seed_44_base_1,regime_seat_order_neutral_policy_seed_44_base_1,train,A_in_distribution,1,night,seer_check,4,village,seer,6,1,0,random_neutral,3,1,1,0,1,0,0,0,1,10,0,0,0.3,0,0,0.0,0.3,0,0,0,0,0,1,0,0,0.0,0.3,0,0,0,0,0,0,0,0,0,0,0.5,0,0,0.0,6,1,0,2,0.4,0,0,0,0,0,0.3,1.425,witch,0,1,,,0.3333333333333333,0.42857142857142855,0.20203050891044214,0.0,0.2857142857142857,7,"{""baseline_rule_policy"": 0.0, ""deception_enabled_policy"": 1.0, ""mixed_rule_policy"": 0.0, ""randomized_legal_policy"": 1.0, ""risk_heterogeneous_policy"": 0.0, ""seat_order_neutral_policy"": 1.0, ""speech_and_herding_policy"": 0.0}",9,3,0.1428571428571428
9693f5ef13c95e925c90d12fd6652af0bfd658a5827e7da518f48152cabf47c6,0c912642d539f2c16fabc1ebf88f7dccd08579378f2dc9dfff05d3e05b744106,seat_order_neutral_policy_seed_44_game_1_seer_check,44,1,seat_order_neutral_policy,regime_seat_order_neutral_policy_seed_44_base_1,regime_seat_order_neutral_policy_seed_44_base_1,regime_seat_order_neutral_policy_seed_44_base_1,train,A_in_distribution,1,night,seer_check,4,village,seer,9,1,0,random_neutral,3,1,1,0,1,0,0,0,1,10,0,0,0.3,0,0,0.0,0.3,0,0,0,0,0,1,0,0,0.0,0.3,0,0,0,0,0,0,0,0,0,0,0.5,0,0,0.0,9,0,0,5,1.0,0,0,0,0,0,0.3,1.425,villager,0,0,,,0.3333333333333333,0.8571428571428571,0.14285714285714285,0.0,0.14285714285714285,7,"{""baseline_rule_policy"": 1.0, ""deception_enabled_policy"": 1.0, ""mixed_rule_policy"": 1.0, ""randomized_legal_policy"": 1.0, ""risk_heterogeneous_policy"": 1.0, ""seat_order_neutral_policy"": 1.0, ""speech_and_herding_policy"": 0.0}",9,1,0.1428571428571428
67e061be87486a45d738415edff8b1bef12ad55a5b770593dd0b45fa696b79fc,1077f5024915b7b83c4d975434bc3dbbd53c8f3ac414f6ac148f0447fb5fbf0b,seat_order_neutral_policy_seed_44_game_2_seer_check,44,2,seat_order_neutral_policy,regime_seat_order_neutral_policy_seed_44_base_2,regime_seat_order_neutral_policy_seed_44_base_2,regime_seat_order_neutral_policy_seed_44_base_2,train,A_in_distribution,1,night,seer_check,9,village,seer,2,1,1,random_neutral,2,1,1,0,1,0,0,0,1,10,0,0,0.3,0,0,0.0,0.3,0,0,0,0,0,1,0,0,0.0,0.3,0,0,0,0,0,0,0,0,0,0,0.5,0,0,0.0,2,0,1,3,0.6,0,0,0,0,0,0.3,1.425,villager,0,0,,,0.6666666666666666,0.2857142857142857,0.18442777839082938,0.0,0.2380952380952381,7,"{""baseline_rule_policy"": 1.0, ""deception_enabled_policy"": 0.0, ""mixed_rule_policy"": 1.0, ""randomized_legal_policy"": 0.0, ""risk_heterogeneous_policy"": 0.0, ""seat_order_neutral_policy"": 0.0, ""speech_and_herding_policy"": 0.0}",1,1,0.0
67e061be87486a45d738415edff8b1bef12ad55a5b770593dd0b45fa696b79fc,1077f5024915b7b83c4d975434bc3dbbd53c8f3ac414f6ac148f0447fb5fbf0b,seat_order_neutral_policy_seed_44_game_2_seer_check,44,2,seat_order_neutral_policy,regime_seat_order_neutral_policy_seed_44_base_2,regime_seat_order_neutral_policy_seed_44_base_2,regime_seat_order_neutral_policy_seed_44_base_2,train,A_in_distribution,1,night,seer_check,9,village,seer,1,1,0,random_neutral,2,1,1,0,1,0,0,0,1,10,0,0,0.3,0,0,0.0,0.3,0,0,0,0,0,1,0,0,0.0,0.3,0,0,0,0,0,0,0,0,0,0,0.5,0,0,0.0,1,1,1,2,0.4,0,0,0,0,0,0.3,1.425,werewolf,1,0,,,0.6666666666666666,0.2857142857142857,0.18442777839082938,0.0,0.2380952380952381,7,"{""baseline_rule_policy"": 1.0, ""deception_enabled_policy"": 0.0, ""mixed_rule_policy"": 0.0, ""randomized_legal_policy"": 0.0, ""risk_heterogeneous_policy"": 0.0, ""seat_order_neutral_policy"": 0.0, ""speech_and_herding_policy"": 1.0}",1,1,0.0
67e061be87486a45d738415edff8b1bef12ad55a5b770593dd0b45fa696b79fc,1077f5024915b7b83c4d975434bc3dbbd53c8f3ac414f6ac148f0447fb5fbf0b,seat_order_neutral_policy_seed_44_game_2_seer_check,44,2,seat_order_neutral_policy,regime_seat_order_neutral_policy_seed_44_base_2,regime_seat_order_neutral_policy_seed_44_base_2,regime_seat_order_neutral_policy_seed_44_base_2,train,A_in_distribution,1,night,seer_check,9,village,seer,4,1,0,random_neutral,2,1,1,0,1,0,0,0,1,10,0,0,0.3,0,0,0.0,0.3,0,0,0,0,0,1,0,0,0.0,0.3,0,0,0,0,0,0,0,0,0,0,0.5,0,0,0.0,4,0,1,5,1.0,0,0,0,0,0,0.3,1.425,villager,0,0,,,0.3333333333333333,0.14285714285714285,0.14285714285714288,0.0,0.14285714285714288,7,"{""baseline_rule_policy"": 1.0, ""deception_enabled_policy"": 0.0, ""mixed_rule_policy"": 0.0, ""randomized_legal_policy"": 0.0, ""risk_heterogeneous_policy"": 0.0, ""seat_order_neutral_policy"": 0.0, ""speech_and_herding_policy"": 0.0}",1,4,0.0
67e061be87486a45d738415edff8b1bef12ad55a5b770593dd0b45fa696b79fc,1077f5024915b7b83c4d975434bc3dbbd53c8f3ac414f6ac148f0447fb5fbf0b,seat_order_neutral_policy_seed_44_game_2_seer_check,44,2,seat_order_neutral_policy,regime_seat_order_neutral_policy_seed_44_base_2,regime_seat_order_neutral_policy_seed_44_base_2,regime_seat_order_neutral_policy_seed_44_base_2,train,A_in_distribution,1,night,seer_check,9,village,seer,5,1,0,random_neutral,2,1,1,0,1,0,0,0,1,10,0,0,0.3,0,0,0.0,0.3,0,0,0,0,0,1,0,0,0.0,0.3,0,0,0,0,0,0,0,0,0,0,0.5,0,0,0.0,5,1,1,4,0.8,0,0,0,0,0,0.3,1.425,werewolf,1,0,,,0.6666666666666666,0.2857142857142857,0.18442777839082938,0.0,0.2380952380952381,7,"{""baseline_rule_policy"": 0.0, ""deception_enabled_policy"": 1.0, ""mixed_rule_policy"": 1.0, ""randomized_legal_policy"": 0.0, ""risk_heterogeneous_policy"": 0.0, ""seat_order_neutral_policy"": 0.0, ""speech_and_herding_policy"": 0.0}",1,1,0.0
7bbbb738bb5194542dd1530ec396a37cbeaa7bb07e4d829ec1cd317b1a818cc9,c2138a2a0c76aeaba59c941df842e298942a5fcfef63d20281f2c6dc3e261cfe,seat_order_neutral_policy_seed_50_game_1_seer_check,50,1,seat_order_neutral_policy,regime_seat_order_neutral_policy_seed_50_base_1,regime_seat_order_neutral_policy_seed_50_base_1,regime_seat_order_neutral_policy_seed_50_base_1,validation,A_in_distribution,1,night,seer_check,3,village,seer,2,1,1,random_neutral,2,1,1,0,1,0,0,0,1,10,0,0,0.3,0,0,0.0,0.3,0,0,0,0,0,1,0,0,0.0,0.3,0,0,0,0,0,0,0,0,0,0,0.5,0,0,0.0,2,0,1,1,0.2,0,0,0,0,0,0.3,1.425,werewolf,1,0,,,1.0,0.14285714285714285,0.14285714285714288,0.0,0.14285714285714288,7,"{""baseline_rule_policy"": 0.0, ""deception_enabled_policy"": 0.0, ""mixed_rule_policy"": 0.0, ""randomized_legal_policy"": 0.0, ""risk_heterogeneous_policy"": 0.0, ""seat_order_neutral_policy"": 1.0, ""speech_and_herding_policy"": 0.0}",1,3,0.42857142857142855
7bbbb738bb5194542dd1530ec396a37cbeaa7bb07e4d829ec1cd317b1a818cc9,c2138a2a0c76aeaba59c941df842e298942a5fcfef63d20281f2c6dc3e261cfe,seat_order_neutral_policy_seed_50_game_1_seer_check,50,1,seat_order_neutral_policy,regime_seat_order_neutral_policy_seed_50_base_1,regime_seat_order_neutral_policy_seed_50_base_1,regime_seat_order_neutral_policy_seed_50_base_1,validation,A_in_distribution,1,night,seer_check,3,village,seer,1,1,0,random_neutral,2,1,1,0,1,0,0,0,1,10,0,0,0.3,0,0,0.0,0.3,0,0,0,0,0,1,0,0,0.0,0.3,0,0,0,0,0,0,0,0,0,0,0.5,0,0,0.0,1,1,1,2,0.4,0,0,0,0,0,0.3,1.425,villager,0,0,,,0.6666666666666666,0.5714285714285714,0.20203050891044216,0.0,0.28571428571428575,7,"{""baseline_rule_policy"": 0.0, ""deception_enabled_policy"": 1.0, ""mixed_rule_policy"": 1.0, ""randomized_legal_policy"": 1.0, ""risk_heterogeneous_policy"": 0.0, ""seat_order_neutral_policy"": 0.0, ""speech_and_herding_policy"": 1.0}",1,1,0.42857142857142855
7bbbb738bb5194542dd1530ec396a37cbeaa7bb07e4d829ec1cd317b1a818cc9,c2138a2a0c76aeaba59c941df842e298942a5fcfef63d20281f2c6dc3e261cfe,seat_order_neutral_policy_seed_50_game_1_seer_check,50,1,seat_order_neutral_policy,regime_seat_order_neutral_policy_seed_50_base_1,regime_seat_order_neutral_policy_seed_50_base_1,regime_seat_order_neutral_policy_seed_50_base_1,validation,A_in_distribution,1,night,seer_check,3,village,seer,4,1,0,random_neutral,2,1,1,0,1,0,0,0,1,10,0,0,0.3,0,0,0.0,0.3,0,0,0,0,0,1,0,0,0.0,0.3,0,0,0,0,0,0,0,0,0,0,0.5,0,0,0.0,4,0,1,1,0.2,0,0,0,0,0,0.3,1.425,werewolf,1,0,,,1.0,0.42857142857142855,0.20203050891044214,0.0,0.2857142857142857,7,"{""baseline_rule_policy"": 0.0, ""deception_enabled_policy"": 0.0, ""mixed_rule_policy"": 1.0, ""randomized_legal_policy"": 0.0, ""risk_heterogeneous_policy"": 1.0, ""seat_order_neutral_policy"": 1.0, ""speech_and_herding_policy"": 0.0}",1,2,0.42857142857142855
7bbbb738bb5194542dd1530ec396a37cbeaa7bb07e4d829ec1cd317b1a818cc9,c2138a2a0c76aeaba59c941df842e298942a5fcfef63d20281f2c6dc3e261cfe,seat_order_neutral_policy_seed_50_game_1_seer_check,50,1,seat_order_neutral_policy,regime_seat_order_neutral_policy_seed_50_base_1,regime_seat_order_neutral_policy_seed_50_base_1,regime_seat_order_neutral_policy_seed_50_base_1,validation,A_in_distribution,1,night,seer_check,3,village,seer,10,1,0,random_neutral,2,1,1,0,1,0,0,0,1,10,0,0,0.3,0,0,0.0,0.3,0,0,0,0,0,1,0,0,0.0,0.3,0,0,0,0,0,0,0,0,0,0,0.5,0,0,0.0,10,1,0,3,0.6,0,0,0,0,0,0.3,1.425,villager,0,0,,,0.3333333333333333,0.14285714285714285,0.14285714285714288,0.0,0.14285714285714288,7,"{""baseline_rule_policy"": 0.0, ""deception_enabled_policy"": 0.0, ""mixed_rule_policy"": 0.0, ""randomized_legal_policy"": 0.0, ""risk_heterogeneous_policy"": 1.0, ""seat_order_neutral_policy"": 0.0, ""speech_and_herding_policy"": 0.0}",1,3,0.42857142857142855
acc345e956e58c06f4d20a770a663787f3dfbdcacdea7fd7665e1f2b8a52d40a,373040d6b465cd3e1c38d34a8597fe78703bbc94f0edfc367ab8548cd56fcaf6,seat_order_neutral_policy_seed_50_game_2_seer_check,50,2,seat_order_neutral_policy,regime_seat_order_neutral_policy_seed_50_base_2,regime_seat_order_neutral_policy_seed_50_base_2,regime_seat_order_neutral_policy_seed_50_base_2,validation,A_in_distribution,1,night,seer_check,5,village,seer,3,1,1,random_neutral,3,1,1,0,1,0,0,0,1,10,0,0,0.3,0,0,0.0,0.3,0,0,0,0,0,1,0,0,0.0,0.3,0,0,0,0,0,0,0,0,0,0,0.5,0,0,0.0,3,0,1,2,0.4,0,0,0,0,0,0.3,1.425,werewolf,1,0,,,0.6666666666666666,0.2857142857142857,0.18442777839082938,0.0,0.2380952380952381,7,"{""baseline_rule_policy"": 1.0, ""deception_enabled_policy"": 0.0, ""mixed_rule_policy"": 0.0, ""randomized_legal_policy"": 0.0, ""risk_heterogeneous_policy"": 1.0, ""seat_order_neutral_policy"": 0.0, ""speech_and_herding_policy"": 0.0}",10,1,0.0
acc345e956e58c06f4d20a770a663787f3dfbdcacdea7fd7665e1f2b8a52d40a,373040d6b465cd3e1c38d34a8597fe78703bbc94f0edfc367ab8548cd56fcaf6,seat_order_neutral_policy_seed_50_game_2_seer_check,50,2,seat_order_neutral_policy,regime_seat_order_neutral_policy_seed_50_base_2,regime_seat_order_neutral_policy_seed_50_base_2,regime_seat_order_neutral_policy_seed_50_base_2,validation,A_in_distribution,1,night,seer_check,5,village,seer,1,1,0,random_neutral,3,1,1,0,1,0,0,0,1,10,0,0,0.3,0,0,0.0,0.3,0,0,0,0,0,1,0,0,0.0,0.3,0,0,0,0,0,0,0,0,0,0,0.5,0,0,0.0,1,1,1,4,0.8,0,0,0,0,0,0.3,1.425,werewolf,1,0,,,1.0,0.0,0.0,0.0,0.0,7,"{""baseline_rule_policy"": 0.0, ""deception_enabled_policy"": 0.0, ""mixed_rule_policy"": 0.0, ""randomized_legal_policy"": 0.0, ""risk_heterogeneous_policy"": 0.0, ""seat_order_neutral_policy"": 0.0, ""speech_and_herding_policy"": 0.0}",10,3,0.0
acc345e956e58c06f4d20a770a663787f3dfbdcacdea7fd7665e1f2b8a52d40a,373040d6b465cd3e1c38d34a8597fe78703bbc94f0edfc367ab8548cd56fcaf6,seat_order_neutral_policy_seed_50_game_2_seer_check,50,2,seat_order_neutral_policy,regime_seat_order_neutral_policy_seed_50_base_2,regime_seat_order_neutral_policy_seed_50_base_2,regime_seat_order_neutral_policy_seed_50_base_2,validation,A_in_distribution,1,night,seer_check,5,village,seer,4,1,0,random_neutral,3,1,1,0,1,0,0,0,1,10,0,0,0.3,0,0,0.0,0.3,0,0,0,0,0,1,0,0,0.0,0.3,0,0,0,0,0,0,0,0,0,0,0.5,0,0,0.0,4,0,1,1,0.2,0,0,0,0,0,0.3,1.425,villager,0,0,,,0.6666666666666666,0.0,0.0,0.0,0.0,7,"{""baseline_rule_policy"": 0.0, ""deception_enabled_policy"": 0.0, ""mixed_rule_policy"": 0.0, ""randomized_legal_policy"": 0.0, ""risk_heterogeneous_policy"": 0.0, ""seat_order_neutral_policy"": 0.0, ""speech_and_herding_policy"": 0.0}",10,3,0.0
acc345e956e58c06f4d20a770a663787f3dfbdcacdea7fd7665e1f2b8a52d40a,373040d6b465cd3e1c38d34a8597fe78703bbc94f0edfc367ab8548cd56fcaf6,seat_order_neutral_policy_seed_50_game_2_seer_check,50,2,seat_order_neutral_policy,regime_seat_order_neutral_policy_seed_50_base_2,regime_seat_order_neutral_policy_seed_50_base_2,regime_seat_order_neutral_policy_seed_50_base_2,validation,A_in_distribution,1,night,seer_check,5,village,seer,10,1,0,random_neutral,3,1,1,0,1,0,0,0,1,10,0,0,0.3,0,0,0.0,0.3,0,0,0,0,0,1,0,0,0.0,0.3,0,0,0,0,0,0,0,0,0,0,0.5,0,0,0.0,10,1,0,5,1.0,0,0,0,0,0,0.3,1.425,werewolf,1,0,,,1.0,0.2857142857142857,0.18442777839082938,0.0,0.2380952380952381,7,"{""baseline_rule_policy"": 0.0, ""deception_enabled_policy"": 1.0, ""mixed_rule_policy"": 0.0, ""randomized_legal_policy"": 0.0, ""risk_heterogeneous_policy"": 0.0, ""seat_order_neutral_policy"": 0.0, ""speech_and_herding_policy"": 1.0}",10,1,0.0
79004f8e757c87aba719ce14e3835c9a58dcace7e26a7065eba8565cd7bdc69d,3d5f145be5e242ed4491cb056c88dc0f0a5bd9fb4a59294901bf823a1d22454e,seat_order_neutral_policy_seed_52_game_1_seer_check,52,1,seat_order_neutral_policy,regime_seat_order_neutral_policy_seed_52_base_1,regime_seat_order_neutral_policy_seed_52_base_1,regime_seat_order_neutral_policy_seed_52_base_1,final_test,B_unseen_seed,1,night,seer_check,2,village,seer,1,1,1,random_neutral,1,1,1,0,1,0,0,0,1,10,0,0,0.3,0,0,0.0,0.3,0,0,0,0,0,1,0,0,0.0,0.3,0,0,0,0,0,0,0,0,0,0,0.5,0,0,0.0,1,1,1,1,0.2,0,0,0,0,0,0.3,1.425,werewolf,1,0,,,1.0,0.5714285714285714,0.20203050891044216,0.0,0.28571428571428575,7,"{""baseline_rule_policy"": 1.0, ""deception_enabled_policy"": 0.0, ""mixed_rule_policy"": 0.0, ""randomized_legal_policy"": 0.0, ""risk_heterogeneous_policy"": 1.0, ""seat_order_neutral_policy"": 1.0, ""speech_and_herding_policy"": 1.0}",1,1,0.0
79004f8e757c87aba719ce14e3835c9a58dcace7e26a7065eba8565cd7bdc69d,3d5f145be5e242ed4491cb056c88dc0f0a5bd9fb4a59294901bf823a1d22454e,seat_order_neutral_policy_seed_52_game_1_seer_check,52,1,seat_order_neutral_policy,regime_seat_order_neutral_policy_seed_52_base_1,regime_seat_order_neutral_policy_seed_52_base_1,regime_seat_order_neutral_policy_seed_52_base_1,final_test,B_unseen_seed,1,night,seer_check,2,village,seer,10,1,0,random_neutral,1,1,1,0,1,0,0,0,1,10,0,0,0.3,0,0,0.0,0.3,0,0,0,0,0,1,0,0,0.0,0.3,0,0,0,0,0,0,0,0,0,0,0.5,0,0,0.0,10,1,0,2,0.4,0,0,0,0,0,0.3,1.425,werewolf,1,0,,,1.0,0.2857142857142857,0.18442777839082938,0.0,0.2380952380952381,7,"{""baseline_rule_policy"": 0.0, ""deception_enabled_policy"": 1.0, ""mixed_rule_policy"": 0.0, ""randomized_legal_policy"": 0.0, ""risk_heterogeneous_policy"": 1.0, ""seat_order_neutral_policy"": 0.0, ""speech_and_herding_policy"": 0.0}",1,2,0.0
79004f8e757c87aba719ce14e3835c9a58dcace7e26a7065eba8565cd7bdc69d,3d5f145be5e242ed4491cb056c88dc0f0a5bd9fb4a59294901bf823a1d22454e,seat_order_neutral_policy_seed_52_game_1_seer_check,52,1,seat_order_neutral_policy,regime_seat_order_neutral_policy_seed_52_base_1,regime_seat_order_neutral_policy_seed_52_base_1,regime_seat_order_neutral_policy_seed_52_base_1,final_test,B_unseen_seed,1,night,seer_check,2,village,seer,3,1,0,random_neutral,1,1,1,0,1,0,0,0,1,10,0,0,0.3,0,0,0.0,0.3,0,0,0,0,0,1,0,0,0.0,0.3,0,0,0,0,0,0,0,0,0,0,0.5,0,0,0.0,3,0,1,1,0.2,0,0,0,0,0,0.3,1.425,villager,0,0,,,1.0,0.14285714285714285,0.14285714285714288,0.0,0.14285714285714288,7,"{""baseline_rule_policy"": 0.0, ""deception_enabled_policy"": 0.0, ""mixed_rule_policy"": 0.0, ""randomized_legal_policy"": 0.0, ""risk_heterogeneous_policy"": 0.0, ""seat_order_neutral_policy"": 0.0, ""speech_and_herding_policy"": 1.0}",1,4,0.0
79004f8e757c87aba719ce14e3835c9a58dcace7e26a7065eba8565cd7bdc69d,3d5f145be5e242ed4491cb056c88dc0f0a5bd9fb4a59294901bf823a1d22454e,seat_order_neutral_policy_seed_52_game_1_seer_check,52,1,seat_order_neutral_policy,regime_seat_order_neutral_policy_seed_52_base_1,regime_seat_order_neutral_policy_seed_52_base_1,regime_seat_order_neutral_policy_seed_52_base_1,final_test,B_unseen_seed,1,night,seer_check,2,village,seer,7,1,0,random_neutral,1,1,1,0,1,0,0,0,1,10,0,0,0.3,0,0,0.0,0.3,0,0,0,0,0,1,0,0,0.0,0.3,0,0,0,0,0,0,0,0,0,0,0.5,0,0,0.0,7,0,0,5,1.0,0,0,0,0,0,0.3,1.425,witch,0,1,,,0.6666666666666666,0.2857142857142857,0.18442777839082938,0.0,0.2380952380952381,7,"{""baseline_rule_policy"": 0.0, ""deception_enabled_policy"": 0.0, ""mixed_rule_policy"": 1.0, ""randomized_legal_policy"": 0.0, ""risk_heterogeneous_policy"": 0.0, ""seat_order_neutral_policy"": 0.0, ""speech_and_herding_policy"": 1.0}",1,2,0.0
d8ae5db009480ca5ab936284fd8abdfefc526b6cde9156d4ce727e24c08e77b4,4944a26d9f99c22ea63e126cf3d840e1ea13b8f9e379bf91e773b77758941adb,seat_order_neutral_policy_seed_52_game_2_seer_check,52,2,seat_order_neutral_policy,regime_seat_order_neutral_policy_seed_52_base_2,regime_seat_order_neutral_policy_seed_52_base_2,regime_seat_order_neutral_policy_seed_52_base_2,final_test,B_unseen_seed,1,night,seer_check,8,village,seer,7,1,1,random_neutral,7,1,1,0,1,0,0,0,1,10,0,0,0.3,0,0,0.0,0.3,0,0,0,0,0,1,0,0,0.0,0.3,0,0,0,0,0,0,0,0,0,0,0.5,0,0,0.0,7,0,0,1,0.2,0,0,0,0,0,0.3,1.425,werewolf,1,0,,,1.0,0.42857142857142855,0.20203050891044214,0.0,0.2857142857142857,7,"{""baseline_rule_policy"": 1.0, ""deception_enabled_policy"": 1.0, ""mixed_rule_policy"": 0.0, ""randomized_legal_policy"": 0.0, ""risk_heterogeneous_policy"": 1.0, ""seat_order_neutral_policy"": 0.0, ""speech_and_herding_policy"": 0.0}",1,1,0.0
d8ae5db009480ca5ab936284fd8abdfefc526b6cde9156d4ce727e24c08e77b4,4944a26d9f99c22ea63e126cf3d840e1ea13b8f9e379bf91e773b77758941adb,seat_order_neutral_policy_seed_52_game_2_seer_check,52,2,seat_order_neutral_policy,regime_seat_order_neutral_policy_seed_52_base_2,regime_seat_order_neutral_policy_seed_52_base_2,regime_seat_order_neutral_policy_seed_52_base_2,final_test,B_unseen_seed,1,night,seer_check,8,village,seer,1,1,0,random_neutral,7,1,1,0,1,0,0,0,1,10,0,0,0.3,0,0,0.0,0.3,0,0,0,0,0,1,0,0,0.0,0.3,0,0,0,0,0,0,0,0,0,0,0.5,0,0,0.0,1,1,1,3,0.6,0,0,0,0,0,0.3,1.425,werewolf,1,0,,,1.0,0.42857142857142855,0.20203050891044214,0.0,0.2857142857142857,7,"{""baseline_rule_policy"": 0.0, ""deception_enabled_policy"": 1.0, ""mixed_rule_policy"": 1.0, ""randomized_legal_policy"": 0.0, ""risk_heterogeneous_policy"": 1.0, ""seat_order_neutral_policy"": 0.0, ""speech_and_herding_policy"": 0.0}",1,1,0.0
d8ae5db009480ca5ab936284fd8abdfefc526b6cde9156d4ce727e24c08e77b4,4944a26d9f99c22ea63e126cf3d840e1ea13b8f9e379bf91e773b77758941adb,seat_order_neutral_policy_seed_52_game_2_seer_check,52,2,seat_order_neutral_policy,regime_seat_order_neutral_policy_seed_52_base_2,regime_seat_order_neutral_policy_seed_52_base_2,regime_seat_order_neutral_policy_seed_52_base_2,final_test,B_unseen_seed,1,night,seer_check,8,village,seer,4,1,0,random_neutral,7,1,1,0,1,0,0,0,1,10,0,0,0.3,0,0,0.0,0.3,0,0,0,0,0,1,0,0,0.0,0.3,0,0,0,0,0,0,0,0,0,0,0.5,0,0,0.0,4,0,1,4,0.8,0,0,0,0,0,0.3,1.425,villager,0,0,,,0.6666666666666666,0.2857142857142857,0.18442777839082938,0.0,0.2380952380952381,7,"{""baseline_rule_policy"": 1.0, ""deception_enabled_policy"": 0.0, ""mixed_rule_policy"": 1.0, ""randomized_legal_policy"": 0.0, ""risk_heterogeneous_policy"": 0.0, ""seat_order_neutral_policy"": 0.0, ""speech_and_herding_policy"": 0.0}",1,3,0.0
d8ae5db009480ca5ab936284fd8abdfefc526b6cde9156d4ce727e24c08e77b4,4944a26d9f99c22ea63e126cf3d840e1ea13b8f9e379bf91e773b77758941adb,seat_order_neutral_policy_seed_52_game_2_seer_check,52,2,seat_order_neutral_policy,regime_seat_order_neutral_policy_seed_52_base_2,regime_seat_order_neutral_policy_seed_52_base_2,regime_seat_order_neutral_policy_seed_52_base_2,final_test,B_unseen_seed,1,night,seer_check,8,village,seer,2,1,0,random_neutral,7,1,1,0,1,0,0,0,1,10,0,0,0.3,0,0,0.0,0.3,0,0,0,0,0,1,0,0,0.0,0.3,0,0,0,0,0,0,0,0,0,0,0.5,0,0,0.0,2,0,1,4,0.8,0,0,0,0,0,0.3,1.425,werewolf,1,0,,,1.0,0.2857142857142857,0.18442777839082938,0.0,0.2380952380952381,7,"{""baseline_rule_policy"": 0.0, ""deception_enabled_policy"": 1.0, ""mixed_rule_policy"": 0.0, ""randomized_legal_policy"": 0.0, ""risk_heterogeneous_policy"": 1.0, ""seat_order_neutral_policy"": 0.0, ""speech_and_herding_policy"": 0.0}",1,3,0.0
d625675f5a02b5f8b7aab464b4c05d0558ede09f0eb46cf1885cb7fcee2b5c6f,883086f73dc4eb85251c844f06b2a2e3193bb989cdd8dd1991a2a61d355baca9,seat_order_neutral_policy_seed_53_game_1_seer_check,53,1,seat_order_neutral_policy,regime_seat_order_neutral_policy_seed_53_base_1,regime_seat_order_neutral_policy_seed_53_base_1,regime_seat_order_neutral_policy_seed_53_base_1,final_test,B_unseen_seed,1,night,seer_check,6,village,seer,9,1,1,random_neutral,9,1,1,0,1,0,0,0,1,10,0,0,0.3,0,0,0.0,0.3,0,0,0,0,0,1,0,0,0.0,0.3,0,0,0,0,0,0,0,0,0,0,0.5,0,0,0.0,9,0,0,3,0.6,0,0,0,0,0,0.3,1.425,hunter,0,1,,,1.0,0.2857142857142857,0.18442777839082938,0.0,0.2380952380952381,7,"{""baseline_rule_policy"": 0.0, ""deception_enabled_policy"": 0.0, ""mixed_rule_policy"": 0.0, ""randomized_legal_policy"": 1.0, ""risk_heterogeneous_policy"": 0.0, ""seat_order_neutral_policy"": 1.0, ""speech_and_herding_policy"": 0.0}",4,4,0.4285714285714286
d625675f5a02b5f8b7aab464b4c05d0558ede09f0eb46cf1885cb7fcee2b5c6f,883086f73dc4eb85251c844f06b2a2e3193bb989cdd8dd1991a2a61d355baca9,seat_order_neutral_policy_seed_53_game_1_seer_check,53,1,seat_order_neutral_policy,regime_seat_order_neutral_policy_seed_53_base_1,regime_seat_order_neutral_policy_seed_53_base_1,regime_seat_order_neutral_policy_seed_53_base_1,final_test,B_unseen_seed,1,night,seer_check,6,village,seer,1,1,0,random_neutral,9,1,1,0,1,0,0,0,1,10,0,0,0.3,0,0,0.0,0.3,0,0,0,0,0,1,0,0,0.0,0.3,0,0,0,0,0,0,0,0,0,0,0.5,0,0,0.0,1,1,1,5,1.0,0,0,0,0,0,0.3,1.425,villager,0,0,,,0.3333333333333333,0.42857142857142855,0.20203050891044214,0.0,0.2857142857142857,7,"{""baseline_rule_policy"": 1.0, ""deception_enabled_policy"": 0.0, ""mixed_rule_policy"": 0.0, ""randomized_legal_policy"": 1.0, ""risk_heterogeneous_policy"": 0.0, ""seat_order_neutral_policy"": 1.0, ""speech_and_herding_policy"": 0.0}",4,3,0.4285714285714286
d625675f5a02b5f8b7aab464b4c05d0558ede09f0eb46cf1885cb7fcee2b5c6f,883086f73dc4eb85251c844f06b2a2e3193bb989cdd8dd1991a2a61d355baca9,seat_order_neutral_policy_seed_53_game_1_seer_check,53,1,seat_order_neutral_policy,regime_seat_order_neutral_policy_seed_53_base_1,regime_seat_order_neutral_policy_seed_53_base_1,regime_seat_order_neutral_policy_seed_53_base_1,final_test,B_unseen_seed,1,night,seer_check,6,village,seer,4,1,0,random_neutral,9,1,1,0,1,0,0,0,1,10,0,0,0.3,0,0,0.0,0.3,0,0,0,0,0,1,0,0,0.0,0.3,0,0,0,0,0,0,0,0,0,0,0.5,0,0,0.0,4,0,1,2,0.4,0,0,0,0,0,0.3,1.425,villager,0,0,,,0.3333333333333333,0.7142857142857143,0.18442777839082938,0.0,0.2380952380952381,7,"{""baseline_rule_policy"": 1.0, ""deception_enabled_policy"": 0.0, ""mixed_rule_policy"": 0.0, ""randomized_legal_policy"": 1.0, ""risk_heterogeneous_policy"": 1.0, ""seat_order_neutral_policy"": 1.0, ""speech_and_herding_policy"": 1.0}",4,1,0.4285714285714286
d625675f5a02b5f8b7aab464b4c05d0558ede09f0eb46cf1885cb7fcee2b5c6f,883086f73dc4eb85251c844f06b2a2e3193bb989cdd8dd1991a2a61d355baca9,seat_order_neutral_policy_seed_53_game_1_seer_check,53,1,seat_order_neutral_policy,regime_seat_order_neutral_policy_seed_53_base_1,regime_seat_order_neutral_policy_seed_53_base_1,regime_seat_order_neutral_policy_seed_53_base_1,final_test,B_unseen_seed,1,night,seer_check,6,village,seer,7,1,0,random_neutral,9,1,1,0,1,0,0,0,1,10,0,0,0.3,0,0,0.0,0.3,0,0,0,0,0,1,0,0,0.0,0.3,0,0,0,0,0,0,0,0,0,0,0.5,0,0,0.0,7,0,0,1,0.2,0,0,0,0,0,0.3,1.425,villager,0,0,,,1.0,0.7142857142857143,0.18442777839082938,0.0,0.2380952380952381,7,"{""baseline_rule_policy"": 0.0, ""deception_enabled_policy"": 1.0, ""mixed_rule_policy"": 1.0, ""randomized_legal_policy"": 1.0, ""risk_heterogeneous_policy"": 0.0, ""seat_order_neutral_policy"": 1.0, ""speech_and_herding_policy"": 1.0}",4,1,0.4285714285714286
beb8e2a61028dec830fc33e2c689b0de3355c62fb8a0e9db723f26cf5f4c7d47,6e9209476c2b2343baf315b53b00bf6a9094035c214317ca0ff1dc5b1c55ce07,seat_order_neutral_policy_seed_53_game_2_seer_check,53,2,seat_order_neutral_policy,regime_seat_order_neutral_policy_seed_53_base_2,regime_seat_order_neutral_policy_seed_53_base_2,regime_seat_order_neutral_policy_seed_53_base_2,final_test,B_unseen_seed,1,night,seer_check,2,village,seer,3,1,1,random_neutral,3,1,1,0,1,0,0,0,1,10,0,0,0.3,0,0,0.0,0.3,0,0,0,0,0,1,0,0,0.0,0.3,0,0,0,0,0,0,0,0,0,0,0.5,0,0,0.0,3,0,1,1,0.2,0,0,0,0,0,0.3,1.425,werewolf,1,0,,,1.0,0.42857142857142855,0.20203050891044214,0.0,0.2857142857142857,7,"{""baseline_rule_policy"": 1.0, ""deception_enabled_policy"": 1.0, ""mixed_rule_policy"": 1.0, ""randomized_legal_policy"": 0.0, ""risk_heterogeneous_policy"": 0.0, ""seat_order_neutral_policy"": 0.0, ""speech_and_herding_policy"": 0.0}",3,1,0.0
beb8e2a61028dec830fc33e2c689b0de3355c62fb8a0e9db723f26cf5f4c7d47,6e9209476c2b2343baf315b53b00bf6a9094035c214317ca0ff1dc5b1c55ce07,seat_order_neutral_policy_seed_53_game_2_seer_check,53,2,seat_order_neutral_policy,regime_seat_order_neutral_policy_seed_53_base_2,regime_seat_order_neutral_policy_seed_53_base_2,regime_seat_order_neutral_policy_seed_53_base_2,final_test,B_unseen_seed,1,night,seer_check,2,village,seer,1,1,0,random_neutral,3,1,1,0,1,0,0,0,1,10,0,0,0.3,0,0,0.0,0.3,0,0,0,0,0,1,0,0,0.0,0.3,0,0,0,0,0,0,0,0,0,0,0.5,0,0,0.0,1,1,1,1,0.2,0,0,0,0,0,0.3,1.425,villager,0,0,,,0.0,0.2857142857142857,0.18442777839082938,0.0,0.2380952380952381,7,"{""baseline_rule_policy"": 1.0, ""deception_enabled_policy"": 1.0, ""mixed_rule_policy"": 0.0, ""randomized_legal_policy"": 0.0, ""risk_heterogeneous_policy"": 0.0, ""seat_order_neutral_policy"": 0.0, ""speech_and_herding_policy"": 0.0}",3,2,0.0
beb8e2a61028dec830fc33e2c689b0de3355c62fb8a0e9db723f26cf5f4c7d47,6e9209476c2b2343baf315b53b00bf6a9094035c214317ca0ff1dc5b1c55ce07,seat_order_neutral_policy_seed_53_game_2_seer_check,53,2,seat_order_neutral_policy,regime_seat_order_neutral_policy_seed_53_base_2,regime_seat_order_neutral_policy_seed_53_base_2,regime_seat_order_neutral_policy_seed_53_base_2,final_test,B_unseen_seed,1,night,seer_check,2,village,seer,6,1,0,random_neutral,3,1,1,0,1,0,0,0,1,10,0,0,0.3,0,0,0.0,0.3,0,0,0,0,0,1,0,0,0.0,0.3,0,0,0,0,0,0,0,0,0,0,0.5,0,0,0.0,6,1,0,4,0.8,0,0,0,0,0,0.3,1.425,villager,0,0,,,0.3333333333333333,0.14285714285714285,0.14285714285714288,0.0,0.14285714285714288,7,"{""baseline_rule_policy"": 1.0, ""deception_enabled_policy"": 0.0, ""mixed_rule_policy"": 0.0, ""randomized_legal_policy"": 0.0, ""risk_heterogeneous_policy"": 0.0, ""seat_order_neutral_policy"": 0.0, ""speech_and_herding_policy"": 0.0}",3,4,0.0
beb8e2a61028dec830fc33e2c689b0de3355c62fb8a0e9db723f26cf5f4c7d47,6e9209476c2b2343baf315b53b00bf6a9094035c214317ca0ff1dc5b1c55ce07,seat_order_neutral_policy_seed_53_game_2_seer_check,53,2,seat_order_neutral_policy,regime_seat_order_neutral_policy_seed_53_base_2,regime_seat_order_neutral_policy_seed_53_base_2,regime_seat_order_neutral_policy_seed_53_base_2,final_test,B_unseen_seed,1,night,seer_check,2,village,seer,9,1,0,random_neutral,3,1,1,0,1,0,0,0,1,10,0,0,0.3,0,0,0.0,0.3,0,0,0,0,0,1,0,0,0.0,0.3,0,0,0,0,0,0,0,0,0,0,0.5,0,0,0.0,9,0,0,3,0.6,0,0,0,0,0,0.3,1.425,villager,0,0,,,1.0,0.2857142857142857,0.18442777839082938,0.0,0.2380952380952381,7,"{""baseline_rule_policy"": 1.0, ""deception_enabled_policy"": 1.0, ""mixed_rule_policy"": 0.0, ""randomized_legal_policy"": 0.0, ""risk_heterogeneous_policy"": 0.0, ""seat_order_neutral_policy"": 0.0, ""speech_and_herding_policy"": 0.0}",3,2,0.0
52363341af0f40d47f1ce9ae6514a1d247801342a66ad9e585799226a2850b4f,dc9ea3cb26e4a83145384739ebd5661282979ebba8d69f567b387d97896593bc,speech_and_herding_policy_seed_42_game_1_seer_check,42,1,speech_and_herding_policy,regime_speech_and_herding_policy_seed_42_base_1,regime_speech_and_herding_policy_seed_42_base_1,regime_speech_and_herding_policy_seed_42_base_1,train,A_in_distribution,1,night,seer_check,1,village,seer,4,1,1,highest_suspicion,4,1,1,0,1,0,0,0,1,10,0,0,0.3,0,0,0.0,0.3,0,0,0,0,0,1,0,0,0.0,0.3,0,0,0,0,0,0,0,0,0,0,0.5,0,0,0.0,4,0,1,3,0.6,0,0,0,0,0,0.3,1.425,werewolf,1,0,,,0.3333333333333333,0.14285714285714285,0.14285714285714288,0.0,0.14285714285714288,7,"{""baseline_rule_policy"": 1.0, ""deception_enabled_policy"": 0.0, ""mixed_rule_policy"": 0.0, ""randomized_legal_policy"": 0.0, ""risk_heterogeneous_policy"": 0.0, ""seat_order_neutral_policy"": 0.0, ""speech_and_herding_policy"": 0.0}",2,3,0.14285714285714285
52363341af0f40d47f1ce9ae6514a1d247801342a66ad9e585799226a2850b4f,dc9ea3cb26e4a83145384739ebd5661282979ebba8d69f567b387d97896593bc,speech_and_herding_policy_seed_42_game_1_seer_check,42,1,speech_and_herding_policy,regime_speech_and_herding_policy_seed_42_base_1,regime_speech_and_herding_policy_seed_42_base_1,regime_speech_and_herding_policy_seed_42_base_1,train,A_in_distribution,1,night,seer_check,1,village,seer,10,1,0,highest_suspicion,4,1,1,0,1,0,0,0,1,10,0,0,0.3,0,0,0.0,0.3,0,0,0,0,0,1,0,0,0.0,0.3,0,0,0,0,0,0,0,0,0,0,0.5,0,0,0.0,10,1,0,1,0.2,0,0,0,0,0,0.3,1.425,werewolf,1,0,,,0.6666666666666666,0.14285714285714285,0.14285714285714288,0.0,0.14285714285714288,7,"{""baseline_rule_policy"": 0.0, ""deception_enabled_policy"": 1.0, ""mixed_rule_policy"": 0.0, ""randomized_legal_policy"": 0.0, ""risk_heterogeneous_policy"": 0.0, ""seat_order_neutral_policy"": 0.0, ""speech_and_herding_policy"": 0.0}",2,3,0.14285714285714285
52363341af0f40d47f1ce9ae6514a1d247801342a66ad9e585799226a2850b4f,dc9ea3cb26e4a83145384739ebd5661282979ebba8d69f567b387d97896593bc,speech_and_herding_policy_seed_42_game_1_seer_check,42,1,speech_and_herding_policy,regime_speech_and_herding_policy_seed_42_base_1,regime_speech_and_herding_policy_seed_42_base_1,regime_speech_and_herding_policy_seed_42_base_1,train,A_in_distribution,1,night,seer_check,1,village,seer,2,1,0,highest_suspicion,4,1,1,0,1,0,0,0,1,10,0,0,0.3,0,0,0.0,0.3,0,0,0,0,0,1,0,0,0.0,0.3,0,0,0,0,0,0,0,0,0,0,0.5,0,0,0.0,2,0,1,1,0.2,0,0,0,0,0,0.3,1.425,werewolf,1,0,,,0.6666666666666666,0.2857142857142857,0.18442777839082938,0.0,0.2380952380952381,7,"{""baseline_rule_policy"": 0.0, ""deception_enabled_policy"": 0.0, ""mixed_rule_policy"": 0.0, ""randomized_legal_policy"": 1.0, ""risk_heterogeneous_policy"": 0.0, ""seat_order_neutral_policy"": 1.0, ""speech_and_herding_policy"": 0.0}",2,1,0.14285714285714285
52363341af0f40d47f1ce9ae6514a1d247801342a66ad9e585799226a2850b4f,dc9ea3cb26e4a83145384739ebd5661282979ebba8d69f567b387d97896593bc,speech_and_herding_policy_seed_42_game_1_seer_check,42,1,speech_and_herding_policy,regime_speech_and_herding_policy_seed_42_base_1,regime_speech_and_herding_policy_seed_42_base_1,regime_speech_and_herding_policy_seed_42_base_1,train,A_in_distribution,1,night,seer_check,1,village,seer,5,1,0,highest_suspicion,4,1,1,0,1,0,0,0,1,10,0,0,0.3,0,0,0.0,0.3,0,0,0,0,0,1,0,0,0.0,0.3,0,0,0,0,0,0,0,0,0,0,0.5,0,0,0.0,5,1,1,4,0.8,0,0,0,0,0,0.3,1.425,villager,0,0,,,0.3333333333333333,0.2857142857142857,0.18442777839082938,0.0,0.2380952380952381,7,"{""baseline_rule_policy"": 0.0, ""deception_enabled_policy"": 0.0, ""mixed_rule_policy"": 1.0, ""randomized_legal_policy"": 1.0, ""risk_heterogeneous_policy"": 0.0, ""seat_order_neutral_policy"": 0.0, ""speech_and_herding_policy"": 0.0}",2,1,0.14285714285714285
cfb7064608f189b773cdcb539e9a314d9d273dfda3f29d72b434b3f817314b64,f96191dab5ef7cb3482740c9e2d29f049ac6132064953ebc7ca7a040563bcc5e,speech_and_herding_policy_seed_42_game_2_seer_check,42,2,speech_and_herding_policy,regime_speech_and_herding_policy_seed_42_base_2,regime_speech_and_herding_policy_seed_42_base_2,regime_speech_and_herding_policy_seed_42_base_2,train,A_in_distribution,1,night,seer_check,6,village,seer,4,1,1,highest_suspicion,4,1,1,0,1,0,0,0,1,10,0,0,0.3,0,0,0.0,0.3,0,0,0,0,0,1,0,0,0.0,0.3,0,0,0,0,0,0,0,0,0,0,0.5,0,0,0.0,4,0,1,2,0.4,0,0,0,0,0,0.3,1.425,villager,0,0,,,0.3333333333333333,0.5714285714285714,0.20203050891044216,0.0,0.28571428571428575,7,"{""baseline_rule_policy"": 0.0, ""deception_enabled_policy"": 1.0, ""mixed_rule_policy"": 0.0, ""randomized_legal_policy"": 0.0, ""risk_heterogeneous_policy"": 1.0, ""seat_order_neutral_policy"": 1.0, ""speech_and_herding_policy"": 1.0}",1,1,0.0
cfb7064608f189b773cdcb539e9a314d9d273dfda3f29d72b434b3f817314b64,f96191dab5ef7cb3482740c9e2d29f049ac6132064953ebc7ca7a040563bcc5e,speech_and_herding_policy_seed_42_game_2_seer_check,42,2,speech_and_herding_policy,regime_speech_and_herding_policy_seed_42_base_2,regime_speech_and_herding_policy_seed_42_base_2,regime_speech_and_herding_policy_seed_42_base_2,train,A_in_distribution,1,night,seer_check,6,village,seer,1,1,0,highest_suspicion,4,1,1,0,1,0,0,0,1,10,0,0,0.3,0,0,0.0,0.3,0,0,0,0,0,1,0,0,0.0,0.3,0,0,0,0,0,0,0,0,0,0,0.5,0,0,0.0,1,1,1,5,1.0,0,0,0,0,0,0.3,1.425,werewolf,1,0,,,1.0,0.5714285714285714,0.20203050891044216,0.0,0.28571428571428575,7,"{""baseline_rule_policy"": 1.0, ""deception_enabled_policy"": 1.0, ""mixed_rule_policy"": 1.0, ""randomized_legal_policy"": 0.0, ""risk_heterogeneous_policy"": 0.0, ""seat_order_neutral_policy"": 1.0, ""speech_and_herding_policy"": 0.0}",1,1,0.0
cfb7064608f189b773cdcb539e9a314d9d273dfda3f29d72b434b3f817314b64,f96191dab5ef7cb3482740c9e2d29f049ac6132064953ebc7ca7a040563bcc5e,speech_and_herding_policy_seed_42_game_2_seer_check,42,2,speech_and_herding_policy,regime_speech_and_herding_policy_seed_42_base_2,regime_speech_and_herding_policy_seed_42_base_2,regime_speech_and_herding_policy_seed_42_base_2,train,A_in_distribution,1,night,seer_check,6,village,seer,3,1,0,highest_suspicion,4,1,1,0,1,0,0,0,1,10,0,0,0.3,0,0,0.0,0.3,0,0,0,0,0,1,0,0,0.0,0.3,0,0,0,0,0,0,0,0,0,0,0.5,0,0,0.0,3,0,1,3,0.6,0,0,0,0,0,0.3,1.425,villager,0,0,,,0.0,0.5714285714285714,0.20203050891044216,0.0,0.28571428571428575,7,"{""baseline_rule_policy"": 0.0, ""deception_enabled_policy"": 0.0, ""mixed_rule_policy"": 1.0, ""randomized_legal_policy"": 1.0, ""risk_heterogeneous_policy"": 1.0, ""seat_order_neutral_policy"": 1.0, ""speech_and_herding_policy"": 0.0}",1,1,0.0
cfb7064608f189b773cdcb539e9a314d9d273dfda3f29d72b434b3f817314b64,f96191dab5ef7cb3482740c9e2d29f049ac6132064953ebc7ca7a040563bcc5e,speech_and_herding_policy_seed_42_game_2_seer_check,42,2,speech_and_herding_policy,regime_speech_and_herding_policy_seed_42_base_2,regime_speech_and_herding_policy_seed_42_base_2,regime_speech_and_herding_policy_seed_42_base_2,train,A_in_distribution,1,night,seer_check,6,village,seer,10,1,0,highest_suspicion,4,1,1,0,1,0,0,0,1,10,0,0,0.3,0,0,0.0,0.3,0,0,0,0,0,1,0,0,0.0,0.3,0,0,0,0,0,0,0,0,0,0,0.5,0,0,0.0,10,1,0,4,0.8,0,0,0,0,0,0.3,1.425,werewolf,1,0,,,0.6666666666666666,0.42857142857142855,0.20203050891044214,0.0,0.2857142857142857,7,"{""baseline_rule_policy"": 1.0, ""deception_enabled_policy"": 0.0, ""mixed_rule_policy"": 1.0, ""randomized_legal_policy"": 0.0, ""risk_heterogeneous_policy"": 0.0, ""seat_order_neutral_policy"": 1.0, ""speech_and_herding_policy"": 0.0}",1,4,0.0
673eab0017a48449727bdc050f47fcad1bde6ed1c3f13d8230a704494d3e5654,b5cfdfc4a96e9cf0b7215ee0f8e1b10cfd78a14aa0b20a6300beb56c93bbbf60,speech_and_herding_policy_seed_43_game_1_seer_check,43,1,speech_and_herding_policy,regime_speech_and_herding_policy_seed_43_base_1,regime_speech_and_herding_policy_seed_43_base_1,regime_speech_and_herding_policy_seed_43_base_1,train,A_in_distribution,1,night,seer_check,10,village,seer,8,1,1,highest_suspicion,8,1,1,0,1,0,0,0,1,10,0,0,0.3,0,0,0.0,0.3,0,0,0,0,0,1,0,0,0.0,0.3,0,0,0,0,0,0,0,0,0,0,0.5,0,0,0.0,8,0,0,2,0.4,0,0,0,0,0,0.3,1.425,werewolf,1,0,,,0.0,0.14285714285714285,0.14285714285714288,0.0,0.14285714285714288,7,"{""baseline_rule_policy"": 0.0, ""deception_enabled_policy"": 0.0, ""mixed_rule_policy"": 0.0, ""randomized_legal_policy"": 0.0, ""risk_heterogeneous_policy"": 0.0, ""seat_order_neutral_policy"": 0.0, ""speech_and_herding_policy"": 1.0}",7,3,0.42857142857142855
673eab0017a48449727bdc050f47fcad1bde6ed1c3f13d8230a704494d3e5654,b5cfdfc4a96e9cf0b7215ee0f8e1b10cfd78a14aa0b20a6300beb56c93bbbf60,speech_and_herding_policy_seed_43_game_1_seer_check,43,1,speech_and_herding_policy,regime_speech_and_herding_policy_seed_43_base_1,regime_speech_and_herding_policy_seed_43_base_1,regime_speech_and_herding_policy_seed_43_base_1,train,A_in_distribution,1,night,seer_check,10,village,seer,1,1,0,highest_suspicion,8,1,1,0,1,0,0,0,1,10,0,0,0.3,0,0,0.0,0.3,0,0,0,0,0,1,0,0,0.0,0.3,0,0,0,0,0,0,0,0,0,0,0.5,0,0,0.0,1,1,1,1,0.2,0,0,0,0,0,0.3,1.425,hunter,0,1,,,0.3333333333333333,0.0,0.0,0.0,0.0,7,"{""baseline_rule_policy"": 0.0, ""deception_enabled_policy"": 0.0, ""mixed_rule_policy"": 0.0, ""randomized_legal_policy"": 0.0, ""risk_heterogeneous_policy"": 0.0, ""seat_order_neutral_policy"": 0.0, ""speech_and_herding_policy"": 0.0}",7,4,0.42857142857142855
673eab0017a48449727bdc050f47fcad1bde6ed1c3f13d8230a704494d3e5654,b5cfdfc4a96e9cf0b7215ee0f8e1b10cfd78a14aa0b20a6300beb56c93bbbf60,speech_and_herding_policy_seed_43_game_1_seer_check,43,1,speech_and_herding_policy,regime_speech_and_herding_policy_seed_43_base_1,regime_speech_and_herding_policy_seed_43_base_1,regime_speech_and_herding_policy_seed_43_base_1,train,A_in_distribution,1,night,seer_check,10,village,seer,5,1,0,highest_suspicion,8,1,1,0,1,0,0,0,1,10,0,0,0.3,0,0,0.0,0.3,0,0,0,0,0,1,0,0,0.0,0.3,0,0,0,0,0,0,0,0,0,0,0.5,0,0,0.0,5,1,1,5,1.0,0,0,0,0,0,0.3,1.425,villager,0,0,,,0.3333333333333333,0.42857142857142855,0.20203050891044214,0.0,0.2857142857142857,7,"{""baseline_rule_policy"": 1.0, ""deception_enabled_policy"": 1.0, ""mixed_rule_policy"": 0.0, ""randomized_legal_policy"": 1.0, ""risk_heterogeneous_policy"": 0.0, ""seat_order_neutral_policy"": 0.0, ""speech_and_herding_policy"": 0.0}",7,2,0.42857142857142855
673eab0017a48449727bdc050f47fcad1bde6ed1c3f13d8230a704494d3e5654,b5cfdfc4a96e9cf0b7215ee0f8e1b10cfd78a14aa0b20a6300beb56c93bbbf60,speech_and_herding_policy_seed_43_game_1_seer_check,43,1,speech_and_herding_policy,regime_speech_and_herding_policy_seed_43_base_1,regime_speech_and_herding_policy_seed_43_base_1,regime_speech_and_herding_policy_seed_43_base_1,train,A_in_distribution,1,night,seer_check,10,village,seer,7,1,0,highest_suspicion,8,1,1,0,1,0,0,0,1,10,0,0,0.3,0,0,0.0,0.3,0,0,0,0,0,1,0,0,0.0,0.3,0,0,0,0,0,0,0,0,0,0,0.5,0,0,0.0,7,0,0,3,0.6,0,0,0,0,0,0.3,1.425,werewolf,1,0,,,1.0,0.5714285714285714,0.20203050891044216,0.0,0.28571428571428575,7,"{""baseline_rule_policy"": 1.0, ""deception_enabled_policy"": 1.0, ""mixed_rule_policy"": 1.0, ""randomized_legal_policy"": 1.0, ""risk_heterogeneous_policy"": 0.0, ""seat_order_neutral_policy"": 0.0, ""speech_and_herding_policy"": 0.0}",7,1,0.42857142857142855
9d9066eedc2e506c691f6aff89f4b22e005da52e0492c4e673ae71e1d51460cc,afe3e257d8714cc5253807ff640d3755bd3b7a2a56a4a10a23a6fd21d4ddb41a,speech_and_herding_policy_seed_43_game_2_seer_check,43,2,speech_and_herding_policy,regime_speech_and_herding_policy_seed_43_base_2,regime_speech_and_herding_policy_seed_43_base_2,regime_speech_and_herding_policy_seed_43_base_2,train,A_in_distribution,1,night,seer_check,3,village,seer,4,1,1,highest_suspicion,4,1,1,0,1,0,0,0,1,10,0,0,0.3,0,0,0.0,0.3,0,0,0,0,0,1,0,0,0.0,0.3,0,0,0,0,0,0,0,0,0,0,0.5,0,0,0.0,4,0,1,1,0.2,0,0,0,0,0,0.3,1.425,werewolf,1,0,,,0.6666666666666666,0.5714285714285714,0.20203050891044216,0.0,0.28571428571428575,7,"{""baseline_rule_policy"": 0.0, ""deception_enabled_policy"": 1.0, ""mixed_rule_policy"": 0.0, ""randomized_legal_policy"": 1.0, ""risk_heterogeneous_policy"": 0.0, ""seat_order_neutral_policy"": 1.0, ""speech_and_herding_policy"": 1.0}",1,2,0.1428571428571429
9d9066eedc2e506c691f6aff89f4b22e005da52e0492c4e673ae71e1d51460cc,afe3e257d8714cc5253807ff640d3755bd3b7a2a56a4a10a23a6fd21d4ddb41a,speech_and_herding_policy_seed_43_game_2_seer_check,43,2,speech_and_herding_policy,regime_speech_and_herding_policy_seed_43_base_2,regime_speech_and_herding_policy_seed_43_base_2,regime_speech_and_herding_policy_seed_43_base_2,train,A_in_distribution,1,night,seer_check,3,village,seer,1,1,0,highest_suspicion,4,1,1,0,1,0,0,0,1,10,0,0,0.3,0,0,0.0,0.3,0,0,0,0,0,1,0,0,0.0,0.3,0,0,0,0,0,0,0,0,0,0,0.5,0,0,0.0,1,1,1,2,0.4,0,0,0,0,0,0.3,1.425,werewolf,1,0,,,1.0,0.7142857142857143,0.18442777839082938,0.0,0.2380952380952381,7,"{""baseline_rule_policy"": 1.0, ""deception_enabled_policy"": 1.0, ""mixed_rule_policy"": 1.0, ""randomized_legal_policy"": 0.0, ""risk_heterogeneous_policy"": 0.0, ""seat_order_neutral_policy"": 1.0, ""speech_and_herding_policy"": 1.0}",1,1,0.1428571428571429
9d9066eedc2e506c691f6aff89f4b22e005da52e0492c4e673ae71e1d51460cc,afe3e257d8714cc5253807ff640d3755bd3b7a2a56a4a10a23a6fd21d4ddb41a,speech_and_herding_policy_seed_43_game_2_seer_check,43,2,speech_and_herding_policy,regime_speech_and_herding_policy_seed_43_base_2,regime_speech_and_herding_policy_seed_43_base_2,regime_speech_and_herding_policy_seed_43_base_2,train,A_in_distribution,1,night,seer_check,3,village,seer,9,1,0,highest_suspicion,4,1,1,0,1,0,0,0,1,10,0,0,0.3,0,0,0.0,0.3,0,0,0,0,0,1,0,0,0.0,0.3,0,0,0,0,0,0,0,0,0,0,0.5,0,0,0.0,9,0,0,4,0.8,0,0,0,0,0,0.3,1.425,villager,0,0,,,0.6666666666666666,0.42857142857142855,0.20203050891044214,0.0,0.2857142857142857,7,"{""baseline_rule_policy"": 0.0, ""deception_enabled_policy"": 0.0, ""mixed_rule_policy"": 1.0, ""randomized_legal_policy"": 0.0, ""risk_heterogeneous_policy"": 0.0, ""seat_order_neutral_policy"": 1.0, ""speech_and_herding_policy"": 1.0}",1,3,0.1428571428571429
9d9066eedc2e506c691f6aff89f4b22e005da52e0492c4e673ae71e1d51460cc,afe3e257d8714cc5253807ff640d3755bd3b7a2a56a4a10a23a6fd21d4ddb41a,speech_and_herding_policy_seed_43_game_2_seer_check,43,2,speech_and_herding_policy,regime_speech_and_herding_policy_seed_43_base_2,regime_speech_and_herding_policy_seed_43_base_2,regime_speech_and_herding_policy_seed_43_base_2,train,A_in_distribution,1,night,seer_check,3,village,seer,10,1,0,highest_suspicion,4,1,1,0,1,0,0,0,1,10,0,0,0.3,0,0,0.0,0.3,0,0,0,0,0,1,0,0,0.0,0.3,0,0,0,0,0,0,0,0,0,0,0.5,0,0,0.0,10,1,0,3,0.6,0,0,0,0,0,0.3,1.425,witch,0,1,,,0.6666666666666666,0.42857142857142855,0.20203050891044214,0.0,0.2857142857142857,7,"{""baseline_rule_policy"": 1.0, ""deception_enabled_policy"": 0.0, ""mixed_rule_policy"": 1.0, ""randomized_legal_policy"": 0.0, ""risk_heterogeneous_policy"": 0.0, ""seat_order_neutral_policy"": 1.0, ""speech_and_herding_policy"": 0.0}",1,3,0.1428571428571429
a1315f60340aa6950af1dae88296e44af20e6974dc9aa582082686a010f19fae,d2b4240d020f1ec3e1fdb3394abdbedcd79fb1c22402a348de62576b120722e2,speech_and_herding_policy_seed_44_game_1_seer_check,44,1,speech_and_herding_policy,regime_speech_and_herding_policy_seed_44_base_1,regime_speech_and_herding_policy_seed_44_base_1,regime_speech_and_herding_policy_seed_44_base_1,train,A_in_distribution,1,night,seer_check,1,village,seer,10,1,1,highest_suspicion,10,1,1,0,1,0,0,0,1,10,0,0,0.3,0,0,0.0,0.3,0,0,0,0,0,1,0,0,0.0,0.3,0,0,0,0,0,0,0,0,0,0,0.5,0,0,0.0,10,1,0,1,0.2,0,0,0,0,0,0.3,1.425,werewolf,1,0,,,0.3333333333333333,0.0,0.0,0.0,0.0,7,"{""baseline_rule_policy"": 0.0, ""deception_enabled_policy"": 0.0, ""mixed_rule_policy"": 0.0, ""randomized_legal_policy"": 0.0, ""risk_heterogeneous_policy"": 0.0, ""seat_order_neutral_policy"": 0.0, ""speech_and_herding_policy"": 0.0}",8,3,0.7142857142857143
a1315f60340aa6950af1dae88296e44af20e6974dc9aa582082686a010f19fae,d2b4240d020f1ec3e1fdb3394abdbedcd79fb1c22402a348de62576b120722e2,speech_and_herding_policy_seed_44_game_1_seer_check,44,1,speech_and_herding_policy,regime_speech_and_herding_policy_seed_44_base_1,regime_speech_and_herding_policy_seed_44_base_1,regime_speech_and_herding_policy_seed_44_base_1,train,A_in_distribution,1,night,seer_check,1,village,seer,7,1,0,highest_suspicion,10,1,1,0,1,0,0,0,1,10,0,0,0.3,0,0,0.0,0.3,0,0,0,0,0,1,0,0,0.0,0.3,0,0,0,0,0,0,0,0,0,0,0.5,0,0,0.0,7,0,0,4,0.8,0,0,0,0,0,0.3,1.425,werewolf,1,0,,,1.0,0.42857142857142855,0.20203050891044214,0.0,0.2857142857142857,7,"{""baseline_rule_policy"": 0.0, ""deception_enabled_policy"": 1.0, ""mixed_rule_policy"": 0.0, ""randomized_legal_policy"": 0.0, ""risk_heterogeneous_policy"": 1.0, ""seat_order_neutral_policy"": 0.0, ""speech_and_herding_policy"": 1.0}",8,2,0.7142857142857143
a1315f60340aa6950af1dae88296e44af20e6974dc9aa582082686a010f19fae,d2b4240d020f1ec3e1fdb3394abdbedcd79fb1c22402a348de62576b120722e2,speech_and_herding_policy_seed_44_game_1_seer_check,44,1,speech_and_herding_policy,regime_speech_and_herding_policy_seed_44_base_1,regime_speech_and_herding_policy_seed_44_base_1,regime_speech_and_herding_policy_seed_44_base_1,train,A_in_distribution,1,night,seer_check,1,village,seer,5,1,0,highest_suspicion,10,1,1,0,1,0,0,0,1,10,0,0,0.3,0,0,0.0,0.3,0,0,0,0,0,1,0,0,0.0,0.3,0,0,0,0,0,0,0,0,0,0,0.5,0,0,0.0,5,1,1,4,0.8,0,0,0,0,0,0.3,1.425,villager,0,0,,,0.0,0.0,0.0,0.0,0.0,7,"{""baseline_rule_policy"": 0.0, ""deception_enabled_policy"": 0.0, ""mixed_rule_policy"": 0.0, ""randomized_legal_policy"": 0.0, ""risk_heterogeneous_policy"": 0.0, ""seat_order_neutral_policy"": 0.0, ""speech_and_herding_policy"": 0.0}",8,3,0.7142857142857143
a1315f60340aa6950af1dae88296e44af20e6974dc9aa582082686a010f19fae,d2b4240d020f1ec3e1fdb3394abdbedcd79fb1c22402a348de62576b120722e2,speech_and_herding_policy_seed_44_game_1_seer_check,44,1,speech_and_herding_policy,regime_speech_and_herding_policy_seed_44_base_1,regime_speech_and_herding_policy_seed_44_base_1,regime_speech_and_herding_policy_seed_44_base_1,train,A_in_distribution,1,night,seer_check,1,village,seer,8,1,0,highest_suspicion,10,1,1,0,1,0,0,0,1,10,0,0,0.3,0,0,0.0,0.3,0,0,0,0,0,1,0,0,0.0,0.3,0,0,0,0,0,0,0,0,0,0,0.5,0,0,0.0,8,0,0,3,0.6,0,0,0,0,0,0.3,1.425,werewolf,1,0,,,0.3333333333333333,0.7142857142857143,0.18442777839082938,0.0,0.2380952380952381,7,"{""baseline_rule_policy"": 0.0, ""deception_enabled_policy"": 1.0, ""mixed_rule_policy"": 1.0, ""randomized_legal_policy"": 1.0, ""risk_heterogeneous_policy"": 1.0, ""seat_order_neutral_policy"": 0.0, ""speech_and_herding_policy"": 1.0}",8,1,0.7142857142857143
34d7089d83a42018cd3005389f40182f184937190c7336068d3af0de74ed7856,9237b3c1c061d2f6657d8dea31f9e503aa006e712d5c056e8d493de7cf2826a7,speech_and_herding_policy_seed_44_game_2_seer_check,44,2,speech_and_herding_policy,regime_speech_and_herding_policy_seed_44_base_2,regime_speech_and_herding_policy_seed_44_base_2,regime_speech_and_herding_policy_seed_44_base_2,train,A_in_distribution,1,night,seer_check,7,village,seer,6,1,1,highest_suspicion,6,1,1,0,1,0,0,0,1,10,0,0,0.3,0,0,0.0,0.3,0,0,0,0,0,1,0,0,0.0,0.3,0,0,0,0,0,0,0,0,0,0,0.5,0,0,0.0,6,1,0,1,0.2,0,0,0,0,0,0.3,1.425,hunter,0,1,,,0.3333333333333333,0.7142857142857143,0.18442777839082938,0.0,0.2380952380952381,7,"{""baseline_rule_policy"": 0.0, ""deception_enabled_policy"": 1.0, ""mixed_rule_policy"": 1.0, ""randomized_legal_policy"": 1.0, ""risk_heterogeneous_policy"": 1.0, ""seat_order_neutral_policy"": 0.0, ""speech_and_herding_policy"": 1.0}",6,1,0.0
34d7089d83a42018cd3005389f40182f184937190c7336068d3af0de74ed7856,9237b3c1c061d2f6657d8dea31f9e503aa006e712d5c056e8d493de7cf2826a7,speech_and_herding_policy_seed_44_game_2_seer_check,44,2,speech_and_herding_policy,regime_speech_and_herding_policy_seed_44_base_2,regime_speech_and_herding_policy_seed_44_base_2,regime_speech_and_herding_policy_seed_44_base_2,train,A_in_distribution,1,night,seer_check,7,village,seer,1,1,0,highest_suspicion,6,1,1,0,1,0,0,0,1,10,0,0,0.3,0,0,0.0,0.3,0,0,0,0,0,1,0,0,0.0,0.3,0,0,0,0,0,0,0,0,0,0,0.5,0,0,0.0,1,1,1,4,0.8,0,0,0,0,0,0.3,1.425,witch,0,1,,,1.0,0.14285714285714285,0.14285714285714288,0.0,0.14285714285714288,7,"{""baseline_rule_policy"": 1.0, ""deception_enabled_policy"": 0.0, ""mixed_rule_policy"": 0.0, ""randomized_legal_policy"": 0.0, ""risk_heterogeneous_policy"": 0.0, ""seat_order_neutral_policy"": 0.0, ""speech_and_herding_policy"": 0.0}",6,3,0.0
34d7089d83a42018cd3005389f40182f184937190c7336068d3af0de74ed7856,9237b3c1c061d2f6657d8dea31f9e503aa006e712d5c056e8d493de7cf2826a7,speech_and_herding_policy_seed_44_game_2_seer_check,44,2,speech_and_herding_policy,regime_speech_and_herding_policy_seed_44_base_2,regime_speech_and_herding_policy_seed_44_base_2,regime_speech_and_herding_policy_seed_44_base_2,train,A_in_distribution,1,night,seer_check,7,village,seer,4,1,0,highest_suspicion,6,1,1,0,1,0,0,0,1,10,0,0,0.3,0,0,0.0,0.3,0,0,0,0,0,1,0,0,0.0,0.3,0,0,0,0,0,0,0,0,0,0,0.5,0,0,0.0,4,0,1,3,0.6,0,0,0,0,0,0.3,1.425,villager,0,0,,,0.6666666666666666,0.0,0.0,0.0,0.0,7,"{""baseline_rule_policy"": 0.0, ""deception_enabled_policy"": 0.0, ""mixed_rule_policy"": 0.0, ""randomized_legal_policy"": 0.0, ""risk_heterogeneous_policy"": 0.0, ""seat_order_neutral_policy"": 0.0, ""speech_and_herding_policy"": 0.0}",6,4,0.0
34d7089d83a42018cd3005389f40182f184937190c7336068d3af0de74ed7856,9237b3c1c061d2f6657d8dea31f9e503aa006e712d5c056e8d493de7cf2826a7,speech_and_herding_policy_seed_44_game_2_seer_check,44,2,speech_and_herding_policy,regime_speech_and_herding_policy_seed_44_base_2,regime_speech_and_herding_policy_seed_44_base_2,regime_speech_and_herding_policy_seed_44_base_2,train,A_in_distribution,1,night,seer_check,7,village,seer,9,1,0,highest_suspicion,6,1,1,0,1,0,0,0,1,10,0,0,0.3,0,0,0.0,0.3,0,0,0,0,0,1,0,0,0.0,0.3,0,0,0,0,0,0,0,0,0,0,0.5,0,0,0.0,9,0,0,2,0.4,0,0,0,0,0,0.3,1.425,villager,0,0,,,0.0,0.42857142857142855,0.20203050891044214,0.0,0.2857142857142857,7,"{""baseline_rule_policy"": 0.0, ""deception_enabled_policy"": 0.0, ""mixed_rule_policy"": 1.0, ""randomized_legal_policy"": 1.0, ""risk_heterogeneous_policy"": 1.0, ""seat_order_neutral_policy"": 0.0, ""speech_and_herding_policy"": 0.0}",6,2,0.0
d2453d78b656a223d65dd1c65735ff94a7f4368e4f9fc9f0afe30e3e9488bda3,951b03ad78cb865e9d15052a70a116ecddf42fef65ac14e8e1482d3554e08edb,speech_and_herding_policy_seed_50_game_1_seer_check,50,1,speech_and_herding_policy,regime_speech_and_herding_policy_seed_50_base_1,regime_speech_and_herding_policy_seed_50_base_1,regime_speech_and_herding_policy_seed_50_base_1,validation,A_in_distribution,1,night,seer_check,1,village,seer,4,1,1,highest_suspicion,4,1,1,0,1,0,0,0,1,10,0,0,0.3,0,0,0.0,0.3,0,0,0,0,0,1,0,0,0.0,0.3,0,0,0,0,0,0,0,0,0,0,0.5,0,0,0.0,4,0,1,3,0.6,0,0,0,0,0,0.3,1.425,witch,0,1,,,0.6666666666666666,0.0,0.0,0.0,0.0,7,"{""baseline_rule_policy"": 0.0, ""deception_enabled_policy"": 0.0, ""mixed_rule_policy"": 0.0, ""randomized_legal_policy"": 0.0, ""risk_heterogeneous_policy"": 0.0, ""seat_order_neutral_policy"": 0.0, ""speech_and_herding_policy"": 0.0}",8,4,0.5714285714285714
d2453d78b656a223d65dd1c65735ff94a7f4368e4f9fc9f0afe30e3e9488bda3,951b03ad78cb865e9d15052a70a116ecddf42fef65ac14e8e1482d3554e08edb,speech_and_herding_policy_seed_50_game_1_seer_check,50,1,speech_and_herding_policy,regime_speech_and_herding_policy_seed_50_base_1,regime_speech_and_herding_policy_seed_50_base_1,regime_speech_and_herding_policy_seed_50_base_1,validation,A_in_distribution,1,night,seer_check,1,village,seer,10,1,0,highest_suspicion,4,1,1,0,1,0,0,0,1,10,0,0,0.3,0,0,0.0,0.3,0,0,0,0,0,1,0,0,0.0,0.3,0,0,0,0,0,0,0,0,0,0,0.5,0,0,0.0,10,1,0,1,0.2,0,0,0,0,0,0.3,1.425,villager,0,0,,,0.3333333333333333,0.14285714285714285,0.14285714285714288,0.0,0.14285714285714288,7,"{""baseline_rule_policy"": 0.0, ""deception_enabled_policy"": 0.0, ""mixed_rule_policy"": 0.0, ""randomized_legal_policy"": 0.0, ""risk_heterogeneous_policy"": 0.0, ""seat_order_neutral_policy"": 1.0, ""speech_and_herding_policy"": 0.0}",8,3,0.5714285714285714
d2453d78b656a223d65dd1c65735ff94a7f4368e4f9fc9f0afe30e3e9488bda3,951b03ad78cb865e9d15052a70a116ecddf42fef65ac14e8e1482d3554e08edb,speech_and_herding_policy_seed_50_game_1_seer_check,50,1,speech_and_herding_policy,regime_speech_and_herding_policy_seed_50_base_1,regime_speech_and_herding_policy_seed_50_base_1,regime_speech_and_herding_policy_seed_50_base_1,validation,A_in_distribution,1,night,seer_check,1,village,seer,7,1,0,highest_suspicion,4,1,1,0,1,0,0,0,1,10,0,0,0.3,0,0,0.0,0.3,0,0,0,0,0,1,0,0,0.0,0.3,0,0,0,0,0,0,0,0,0,0,0.5,0,0,0.0,7,0,0,4,0.8,0,0,0,0,0,0.3,1.425,villager,0,0,,,0.3333333333333333,0.2857142857142857,0.18442777839082938,0.0,0.2380952380952381,7,"{""baseline_rule_policy"": 0.0, ""deception_enabled_policy"": 1.0, ""mixed_rule_policy"": 0.0, ""randomized_legal_policy"": 0.0, ""risk_heterogeneous_policy"": 0.0, ""seat_order_neutral_policy"": 1.0, ""speech_and_herding_policy"": 0.0}",8,2,0.5714285714285714
d2453d78b656a223d65dd1c65735ff94a7f4368e4f9fc9f0afe30e3e9488bda3,951b03ad78cb865e9d15052a70a116ecddf42fef65ac14e8e1482d3554e08edb,speech_and_herding_policy_seed_50_game_1_seer_check,50,1,speech_and_herding_policy,regime_speech_and_herding_policy_seed_50_base_1,regime_speech_and_herding_policy_seed_50_base_1,regime_speech_and_herding_policy_seed_50_base_1,validation,A_in_distribution,1,night,seer_check,1,village,seer,8,1,0,highest_suspicion,4,1,1,0,1,0,0,0,1,10,0,0,0.3,0,0,0.0,0.3,0,0,0,0,0,1,0,0,0.0,0.3,0,0,0,0,0,0,0,0,0,0,0.5,0,0,0.0,8,0,0,3,0.6,0,0,0,0,0,0.3,1.425,werewolf,1,0,,,1.0,0.5714285714285714,0.20203050891044216,0.0,0.28571428571428575,7,"{""baseline_rule_policy"": 1.0, ""deception_enabled_policy"": 0.0, ""mixed_rule_policy"": 0.0, ""randomized_legal_policy"": 0.0, ""risk_heterogeneous_policy"": 1.0, ""seat_order_neutral_policy"": 1.0, ""speech_and_herding_policy"": 1.0}",8,1,0.5714285714285714
6472a6f33bfee24a3c2d2ea2de7e07694bf1853ad9d1c96382c3bb9931cb490d,a9dfa74fef4eae8a709bd61b1015879c1cade0db657928dcb1740667bd5977ab,speech_and_herding_policy_seed_50_game_2_seer_check,50,2,speech_and_herding_policy,regime_speech_and_herding_policy_seed_50_base_2,regime_speech_and_herding_policy_seed_50_base_2,regime_speech_and_herding_policy_seed_50_base_2,validation,A_in_distribution,1,night,seer_check,4,village,seer,10,1,1,highest_suspicion,10,1,1,0,1,0,0,0,1,10,0,0,0.3,0,0,0.0,0.3,0,0,0,0,0,1,0,0,0.0,0.3,0,0,0,0,0,0,0,0,0,0,0.5,0,0,0.0,10,1,0,4,0.8,0,0,0,0,0,0.3,1.425,werewolf,1,0,,,1.0,0.14285714285714285,0.14285714285714288,0.0,0.14285714285714288,7,"{""baseline_rule_policy"": 0.0, ""deception_enabled_policy"": 0.0, ""mixed_rule_policy"": 0.0, ""randomized_legal_policy"": 1.0, ""risk_heterogeneous_policy"": 0.0, ""seat_order_neutral_policy"": 0.0, ""speech_and_herding_policy"": 0.0}",1,3,0.14285714285714285
6472a6f33bfee24a3c2d2ea2de7e07694bf1853ad9d1c96382c3bb9931cb490d,a9dfa74fef4eae8a709bd61b1015879c1cade0db657928dcb1740667bd5977ab,speech_and_herding_policy_seed_50_game_2_seer_check,50,2,speech_and_herding_policy,regime_speech_and_herding_policy_seed_50_base_2,regime_speech_and_herding_policy_seed_50_base_2,regime_speech_and_herding_policy_seed_50_base_2,validation,A_in_distribution,1,night,seer_check,4,village,seer,1,1,0,highest_suspicion,10,1,1,0,1,0,0,0,1,10,0,0,0.3,0,0,0.0,0.3,0,0,0,0,0,1,0,0,0.0,0.3,0,0,0,0,0,0,0,0,0,0,0.5,0,0,0.0,1,1,1,3,0.6,0,0,0,0,0,0.3,1.425,witch,0,1,,,0.3333333333333333,0.2857142857142857,0.18442777839082938,0.0,0.2380952380952381,7,"{""baseline_rule_policy"": 1.0, ""deception_enabled_policy"": 0.0, ""mixed_rule_policy"": 0.0, ""randomized_legal_policy"": 0.0, ""risk_heterogeneous_policy"": 1.0, ""seat_order_neutral_policy"": 0.0, ""speech_and_herding_policy"": 0.0}",1,1,0.14285714285714285
6472a6f33bfee24a3c2d2ea2de7e07694bf1853ad9d1c96382c3bb9931cb490d,a9dfa74fef4eae8a709bd61b1015879c1cade0db657928dcb1740667bd5977ab,speech_and_herding_policy_seed_50_game_2_seer_check,50,2,speech_and_herding_policy,regime_speech_and_herding_policy_seed_50_base_2,regime_speech_and_herding_policy_seed_50_base_2,regime_speech_and_herding_policy_seed_50_base_2,validation,A_in_distribution,1,night,seer_check,4,village,seer,3,1,0,highest_suspicion,10,1,1,0,1,0,0,0,1,10,0,0,0.3,0,0,0.0,0.3,0,0,0,0,0,1,0,0,0.0,0.3,0,0,0,0,0,0,0,0,0,0,0.5,0,0,0.0,3,0,1,1,0.2,0,0,0,0,0,0.3,1.425,villager,0,0,,,0.6666666666666666,0.0,0.0,0.0,0.0,7,"{""baseline_rule_policy"": 0.0, ""deception_enabled_policy"": 0.0, ""mixed_rule_policy"": 0.0, ""randomized_legal_policy"": 0.0, ""risk_heterogeneous_policy"": 0.0, ""seat_order_neutral_policy"": 0.0, ""speech_and_herding_policy"": 0.0}",1,4,0.14285714285714285
6472a6f33bfee24a3c2d2ea2de7e07694bf1853ad9d1c96382c3bb9931cb490d,a9dfa74fef4eae8a709bd61b1015879c1cade0db657928dcb1740667bd5977ab,speech_and_herding_policy_seed_50_game_2_seer_check,50,2,speech_and_herding_policy,regime_speech_and_herding_policy_seed_50_base_2,regime_speech_and_herding_policy_seed_50_base_2,regime_speech_and_herding_policy_seed_50_base_2,validation,A_in_distribution,1,night,seer_check,4,village,seer,9,1,0,highest_suspicion,10,1,1,0,1,0,0,0,1,10,0,0,0.3,0,0,0.0,0.3,0,0,0,0,0,1,0,0,0.0,0.3,0,0,0,0,0,0,0,0,0,0,0.5,0,0,0.0,9,0,0,5,1.0,0,0,0,0,0,0.3,1.425,villager,0,0,,,1.0,0.2857142857142857,0.18442777839082938,0.0,0.2380952380952381,7,"{""baseline_rule_policy"": 1.0, ""deception_enabled_policy"": 0.0, ""mixed_rule_policy"": 0.0, ""randomized_legal_policy"": 1.0, ""risk_heterogeneous_policy"": 0.0, ""seat_order_neutral_policy"": 0.0, ""speech_and_herding_policy"": 0.0}",1,1,0.14285714285714285
d86907bb93988a259fd28c08cd93019b3a25fc00ea21703dc5843262d5bef358,71d97b7609ffc600b5d9d115d0addc472736aebc78e00f47ac5f3fa3ef8fe36c,speech_and_herding_policy_seed_52_game_1_seer_check,52,1,speech_and_herding_policy,regime_speech_and_herding_policy_seed_52_base_1,regime_speech_and_herding_policy_seed_52_base_1,regime_speech_and_herding_policy_seed_52_base_1,final_test,B_unseen_seed,1,night,seer_check,8,village,seer,7,1,1,highest_suspicion,7,1,1,0,1,0,0,0,1,10,0,0,0.3,0,0,0.0,0.3,0,0,0,0,0,1,0,0,0.0,0.3,0,0,0,0,0,0,0,0,0,0,0.5,0,0,0.0,7,0,0,1,0.2,0,0,0,0,0,0.3,1.425,werewolf,1,0,,,1.0,0.0,0.0,0.0,0.0,7,"{""baseline_rule_policy"": 0.0, ""deception_enabled_policy"": 0.0, ""mixed_rule_policy"": 0.0, ""randomized_legal_policy"": 0.0, ""risk_heterogeneous_policy"": 0.0, ""seat_order_neutral_policy"": 0.0, ""speech_and_herding_policy"": 0.0}",1,4,0.2857142857142857
d86907bb93988a259fd28c08cd93019b3a25fc00ea21703dc5843262d5bef358,71d97b7609ffc600b5d9d115d0addc472736aebc78e00f47ac5f3fa3ef8fe36c,speech_and_herding_policy_seed_52_game_1_seer_check,52,1,speech_and_herding_policy,regime_speech_and_herding_policy_seed_52_base_1,regime_speech_and_herding_policy_seed_52_base_1,regime_speech_and_herding_policy_seed_52_base_1,final_test,B_unseen_seed,1,night,seer_check,8,village,seer,1,1,0,highest_suspicion,7,1,1,0,1,0,0,0,1,10,0,0,0.3,0,0,0.0,0.3,0,0,0,0,0,1,0,0,0.0,0.3,0,0,0,0,0,0,0,0,0,0,0.5,0,0,0.0,1,1,1,3,0.6,0,0,0,0,0,0.3,1.425,witch,0,1,,,0.3333333333333333,0.2857142857142857,0.18442777839082938,0.0,0.2380952380952381,7,"{""baseline_rule_policy"": 0.0, ""deception_enabled_policy"": 1.0, ""mixed_rule_policy"": 1.0, ""randomized_legal_policy"": 0.0, ""risk_heterogeneous_policy"": 0.0, ""seat_order_neutral_policy"": 0.0, ""speech_and_herding_policy"": 0.0}",1,1,0.2857142857142857
d86907bb93988a259fd28c08cd93019b3a25fc00ea21703dc5843262d5bef358,71d97b7609ffc600b5d9d115d0addc472736aebc78e00f47ac5f3fa3ef8fe36c,speech_and_herding_policy_seed_52_game_1_seer_check,52,1,speech_and_herding_policy,regime_speech_and_herding_policy_seed_52_base_1,regime_speech_and_herding_policy_seed_52_base_1,regime_speech_and_herding_policy_seed_52_base_1,final_test,B_unseen_seed,1,night,seer_check,8,village,seer,10,1,0,highest_suspicion,7,1,1,0,1,0,0,0,1,10,0,0,0.3,0,0,0.0,0.3,0,0,0,0,0,1,0,0,0.0,0.3,0,0,0,0,0,0,0,0,0,0,0.5,0,0,0.0,10,1,0,2,0.4,0,0,0,0,0,0.3,1.425,hunter,0,1,,,0.6666666666666666,0.2857142857142857,0.18442777839082938,0.0,0.2380952380952381,7,"{""baseline_rule_policy"": 1.0, ""deception_enabled_policy"": 1.0, ""mixed_rule_policy"": 0.0, ""randomized_legal_policy"": 0.0, ""risk_heterogeneous_policy"": 0.0, ""seat_order_neutral_policy"": 0.0, ""speech_and_herding_policy"": 0.0}",1,1,0.2857142857142857
d86907bb93988a259fd28c08cd93019b3a25fc00ea21703dc5843262d5bef358,71d97b7609ffc600b5d9d115d0addc472736aebc78e00f47ac5f3fa3ef8fe36c,speech_and_herding_policy_seed_52_game_1_seer_check,52,1,speech_and_herding_policy,regime_speech_and_herding_policy_seed_52_base_1,regime_speech_and_herding_policy_seed_52_base_1,regime_speech_and_herding_policy_seed_52_base_1,final_test,B_unseen_seed,1,night,seer_check,8,village,seer,6,1,0,highest_suspicion,7,1,1,0,1,0,0,0,1,10,0,0,0.3,0,0,0.0,0.3,0,0,0,0,0,1,0,0,0.0,0.3,0,0,0,0,0,0,0,0,0,0,0.5,0,0,0.0,6,1,0,2,0.4,0,0,0,0,0,0.3,1.425,villager,0,0,,,0.6666666666666666,0.14285714285714285,0.14285714285714288,0.0,0.14285714285714288,7,"{""baseline_rule_policy"": 0.0, ""deception_enabled_policy"": 0.0, ""mixed_rule_policy"": 1.0, ""randomized_legal_policy"": 0.0, ""risk_heterogeneous_policy"": 0.0, ""seat_order_neutral_policy"": 0.0, ""speech_and_herding_policy"": 0.0}",1,3,0.2857142857142857
15b8f4192aab3e52a001e2553e76f9b9c1229e7a9f8f94537330e3fdaaaca292,d6e9264a32cf30144e04d55fb81eaaa13ff6ee5d199e9f7e5270221e904080c8,speech_and_herding_policy_seed_52_game_2_seer_check,52,2,speech_and_herding_policy,regime_speech_and_herding_policy_seed_52_base_2,regime_speech_and_herding_policy_seed_52_base_2,regime_speech_and_herding_policy_seed_52_base_2,final_test,B_unseen_seed,1,night,seer_check,1,village,seer,3,1,1,highest_suspicion,3,1,1,0,1,0,0,0,1,10,0,0,0.3,0,0,0.0,0.3,0,0,0,0,0,1,0,0,0.0,0.3,0,0,0,0,0,0,0,0,0,0,0.5,0,0,0.0,3,0,1,2,0.4,0,0,0,0,0,0.3,1.425,villager,0,0,,,1.0,0.2857142857142857,0.18442777839082938,0.0,0.2380952380952381,7,"{""baseline_rule_policy"": 1.0, ""deception_enabled_policy"": 0.0, ""mixed_rule_policy"": 0.0, ""randomized_legal_policy"": 0.0, ""risk_heterogeneous_policy"": 0.0, ""seat_order_neutral_policy"": 0.0, ""speech_and_herding_policy"": 1.0}",4,2,0.2857142857142857
15b8f4192aab3e52a001e2553e76f9b9c1229e7a9f8f94537330e3fdaaaca292,d6e9264a32cf30144e04d55fb81eaaa13ff6ee5d199e9f7e5270221e904080c8,speech_and_herding_policy_seed_52_game_2_seer_check,52,2,speech_and_herding_policy,regime_speech_and_herding_policy_seed_52_base_2,regime_speech_and_herding_policy_seed_52_base_2,regime_speech_and_herding_policy_seed_52_base_2,final_test,B_unseen_seed,1,night,seer_check,1,village,seer,10,1,0,highest_suspicion,3,1,1,0,1,0,0,0,1,10,0,0,0.3,0,0,0.0,0.3,0,0,0,0,0,1,0,0,0.0,0.3,0,0,0,0,0,0,0,0,0,0,0.5,0,0,0.0,10,1,0,1,0.2,0,0,0,0,0,0.3,1.425,hunter,0,1,,,0.3333333333333333,0.2857142857142857,0.18442777839082938,0.0,0.2380952380952381,7,"{""baseline_rule_policy"": 0.0, ""deception_enabled_policy"": 1.0, ""mixed_rule_policy"": 0.0, ""randomized_legal_policy"": 0.0, ""risk_heterogeneous_policy"": 0.0, ""seat_order_neutral_policy"": 0.0, ""speech_and_herding_policy"": 1.0}",4,2,0.2857142857142857
15b8f4192aab3e52a001e2553e76f9b9c1229e7a9f8f94537330e3fdaaaca292,d6e9264a32cf30144e04d55fb81eaaa13ff6ee5d199e9f7e5270221e904080c8,speech_and_herding_policy_seed_52_game_2_seer_check,52,2,speech_and_herding_policy,regime_speech_and_herding_policy_seed_52_base_2,regime_speech_and_herding_policy_seed_52_base_2,regime_speech_and_herding_policy_seed_52_base_2,final_test,B_unseen_seed,1,night,seer_check,1,village,seer,4,1,0,highest_suspicion,3,1,1,0,1,0,0,0,1,10,0,0,0.3,0,0,0.0,0.3,0,0,0,0,0,1,0,0,0.0,0.3,0,0,0,0,0,0,0,0,0,0,0.5,0,0,0.0,4,0,1,3,0.6,0,0,0,0,0,0.3,1.425,werewolf,1,0,,,0.6666666666666666,0.5714285714285714,0.20203050891044216,0.0,0.28571428571428575,7,"{""baseline_rule_policy"": 1.0, ""deception_enabled_policy"": 1.0, ""mixed_rule_policy"": 1.0, ""randomized_legal_policy"": 1.0, ""risk_heterogeneous_policy"": 0.0, ""seat_order_neutral_policy"": 0.0, ""speech_and_herding_policy"": 0.0}",4,1,0.2857142857142857
15b8f4192aab3e52a001e2553e76f9b9c1229e7a9f8f94537330e3fdaaaca292,d6e9264a32cf30144e04d55fb81eaaa13ff6ee5d199e9f7e5270221e904080c8,speech_and_herding_policy_seed_52_game_2_seer_check,52,2,speech_and_herding_policy,regime_speech_and_herding_policy_seed_52_base_2,regime_speech_and_herding_policy_seed_52_base_2,regime_speech_and_herding_policy_seed_52_base_2,final_test,B_unseen_seed,1,night,seer_check,1,village,seer,2,1,0,highest_suspicion,3,1,1,0,1,0,0,0,1,10,0,0,0.3,0,0,0.0,0.3,0,0,0,0,0,1,0,0,0.0,0.3,0,0,0,0,0,0,0,0,0,0,0.5,0,0,0.0,2,0,1,1,0.2,0,0,0,0,0,0.3,1.425,villager,0,0,,,0.3333333333333333,0.0,0.0,0.0,0.0,7,"{""baseline_rule_policy"": 0.0, ""deception_enabled_policy"": 0.0, ""mixed_rule_policy"": 0.0, ""randomized_legal_policy"": 0.0, ""risk_heterogeneous_policy"": 0.0, ""seat_order_neutral_policy"": 0.0, ""speech_and_herding_policy"": 0.0}",4,4,0.2857142857142857
92a501c5232c769d840bf2c1cd889e7a480d91ab61bccc14627478b49a29826e,a9e30d218d637669fc4d62199ff99cc2397343cf2bc26ba8b395d2d0ef27fbc7,speech_and_herding_policy_seed_53_game_1_seer_check,53,1,speech_and_herding_policy,regime_speech_and_herding_policy_seed_53_base_1,regime_speech_and_herding_policy_seed_53_base_1,regime_speech_and_herding_policy_seed_53_base_1,final_test,B_unseen_seed,1,night,seer_check,7,village,seer,6,1,1,highest_suspicion,6,1,1,0,1,0,0,0,1,10,0,0,0.3,0,0,0.0,0.3,0,0,0,0,0,1,0,0,0.0,0.3,0,0,0,0,0,0,0,0,0,0,0.5,0,0,0.0,6,1,0,1,0.2,0,0,0,0,0,0.3,1.425,villager,0,0,,,1.0,0.0,0.0,0.0,0.0,7,"{""baseline_rule_policy"": 0.0, ""deception_enabled_policy"": 0.0, ""mixed_rule_policy"": 0.0, ""randomized_legal_policy"": 0.0, ""risk_heterogeneous_policy"": 0.0, ""seat_order_neutral_policy"": 0.0, ""speech_and_herding_policy"": 0.0}",9,2,0.2857142857142857
92a501c5232c769d840bf2c1cd889e7a480d91ab61bccc14627478b49a29826e,a9e30d218d637669fc4d62199ff99cc2397343cf2bc26ba8b395d2d0ef27fbc7,speech_and_herding_policy_seed_53_game_1_seer_check,53,1,speech_and_herding_policy,regime_speech_and_herding_policy_seed_53_base_1,regime_speech_and_herding_policy_seed_53_base_1,regime_speech_and_herding_policy_seed_53_base_1,final_test,B_unseen_seed,1,night,seer_check,7,village,seer,1,1,0,highest_suspicion,6,1,1,0,1,0,0,0,1,10,0,0,0.3,0,0,0.0,0.3,0,0,0,0,0,1,0,0,0.0,0.3,0,0,0,0,0,0,0,0,0,0,0.5,0,0,0.0,1,1,1,4,0.8,0,0,0,0,0,0.3,1.425,villager,0,0,,,0.3333333333333333,0.0,0.0,0.0,0.0,7,"{""baseline_rule_policy"": 0.0, ""deception_enabled_policy"": 0.0, ""mixed_rule_policy"": 0.0, ""randomized_legal_policy"": 0.0, ""risk_heterogeneous_policy"": 0.0, ""seat_order_neutral_policy"": 0.0, ""speech_and_herding_policy"": 0.0}",9,2,0.2857142857142857
92a501c5232c769d840bf2c1cd889e7a480d91ab61bccc14627478b49a29826e,a9e30d218d637669fc4d62199ff99cc2397343cf2bc26ba8b395d2d0ef27fbc7,speech_and_herding_policy_seed_53_game_1_seer_check,53,1,speech_and_herding_policy,regime_speech_and_herding_policy_seed_53_base_1,regime_speech_and_herding_policy_seed_53_base_1,regime_speech_and_herding_policy_seed_53_base_1,final_test,B_unseen_seed,1,night,seer_check,7,village,seer,4,1,0,highest_suspicion,6,1,1,0,1,0,0,0,1,10,0,0,0.3,0,0,0.0,0.3,0,0,0,0,0,1,0,0,0.0,0.3,0,0,0,0,0,0,0,0,0,0,0.5,0,0,0.0,4,0,1,3,0.6,0,0,0,0,0,0.3,1.425,witch,0,1,,,0.0,0.0,0.0,0.0,0.0,7,"{""baseline_rule_policy"": 0.0, ""deception_enabled_policy"": 0.0, ""mixed_rule_policy"": 0.0, ""randomized_legal_policy"": 0.0, ""risk_heterogeneous_policy"": 0.0, ""seat_order_neutral_policy"": 0.0, ""speech_and_herding_policy"": 0.0}",9,2,0.2857142857142857
92a501c5232c769d840bf2c1cd889e7a480d91ab61bccc14627478b49a29826e,a9e30d218d637669fc4d62199ff99cc2397343cf2bc26ba8b395d2d0ef27fbc7,speech_and_herding_policy_seed_53_game_1_seer_check,53,1,speech_and_herding_policy,regime_speech_and_herding_policy_seed_53_base_1,regime_speech_and_herding_policy_seed_53_base_1,regime_speech_and_herding_policy_seed_53_base_1,final_test,B_unseen_seed,1,night,seer_check,7,village,seer,9,1,0,highest_suspicion,6,1,1,0,1,0,0,0,1,10,0,0,0.3,0,0,0.0,0.3,0,0,0,0,0,1,0,0,0.0,0.3,0,0,0,0,0,0,0,0,0,0,0.5,0,0,0.0,9,0,0,2,0.4,0,0,0,0,0,0.3,1.425,werewolf,1,0,,,0.6666666666666666,0.2857142857142857,0.18442777839082938,0.0,0.2380952380952381,7,"{""baseline_rule_policy"": 1.0, ""deception_enabled_policy"": 0.0, ""mixed_rule_policy"": 0.0, ""randomized_legal_policy"": 0.0, ""risk_heterogeneous_policy"": 0.0, ""seat_order_neutral_policy"": 0.0, ""speech_and_herding_policy"": 1.0}",9,1,0.2857142857142857
3bb4ac102bcc0cb40cadfbc460de9401e51ab265464b8b1ffb3990299207a75c,deb35741dfe3d5ff88e5a00278ddfd8084e3245b3cd991ad0607cdfc2a75bdf4,speech_and_herding_policy_seed_53_game_2_seer_check,53,2,speech_and_herding_policy,regime_speech_and_herding_policy_seed_53_base_2,regime_speech_and_herding_policy_seed_53_base_2,regime_speech_and_herding_policy_seed_53_base_2,final_test,B_unseen_seed,1,night,seer_check,8,village,seer,10,1,1,highest_suspicion,10,1,1,0,1,0,0,0,1,10,0,0,0.3,0,0,0.0,0.3,0,0,0,0,0,1,0,0,0.0,0.3,0,0,0,0,0,0,0,0,0,0,0.5,0,0,0.0,10,1,0,2,0.4,0,0,0,0,0,0.3,1.425,villager,0,0,,,0.6666666666666666,0.2857142857142857,0.18442777839082938,0.0,0.2380952380952381,7,"{""baseline_rule_policy"": 1.0, ""deception_enabled_policy"": 0.0, ""mixed_rule_policy"": 0.0, ""randomized_legal_policy"": 1.0, ""risk_heterogeneous_policy"": 0.0, ""seat_order_neutral_policy"": 0.0, ""speech_and_herding_policy"": 0.0}",7,2,0.14285714285714285
3bb4ac102bcc0cb40cadfbc460de9401e51ab265464b8b1ffb3990299207a75c,deb35741dfe3d5ff88e5a00278ddfd8084e3245b3cd991ad0607cdfc2a75bdf4,speech_and_herding_policy_seed_53_game_2_seer_check,53,2,speech_and_herding_policy,regime_speech_and_herding_policy_seed_53_base_2,regime_speech_and_herding_policy_seed_53_base_2,regime_speech_and_herding_policy_seed_53_base_2,final_test,B_unseen_seed,1,night,seer_check,8,village,seer,1,1,0,highest_suspicion,10,1,1,0,1,0,0,0,1,10,0,0,0.3,0,0,0.0,0.3,0,0,0,0,0,1,0,0,0.0,0.3,0,0,0,0,0,0,0,0,0,0,0.5,0,0,0.0,1,1,1,3,0.6,0,0,0,0,0,0.3,1.425,hunter,0,1,,,1.0,0.2857142857142857,0.18442777839082938,0.0,0.2380952380952381,7,"{""baseline_rule_policy"": 0.0, ""deception_enabled_policy"": 0.0, ""mixed_rule_policy"": 0.0, ""randomized_legal_policy"": 0.0, ""risk_heterogeneous_policy"": 1.0, ""seat_order_neutral_policy"": 0.0, ""speech_and_herding_policy"": 1.0}",7,2,0.14285714285714285
3bb4ac102bcc0cb40cadfbc460de9401e51ab265464b8b1ffb3990299207a75c,deb35741dfe3d5ff88e5a00278ddfd8084e3245b3cd991ad0607cdfc2a75bdf4,speech_and_herding_policy_seed_53_game_2_seer_check,53,2,speech_and_herding_policy,regime_speech_and_herding_policy_seed_53_base_2,regime_speech_and_herding_policy_seed_53_base_2,regime_speech_and_herding_policy_seed_53_base_2,final_test,B_unseen_seed,1,night,seer_check,8,village,seer,5,1,0,highest_suspicion,10,1,1,0,1,0,0,0,1,10,0,0,0.3,0,0,0.0,0.3,0,0,0,0,0,1,0,0,0.0,0.3,0,0,0,0,0,0,0,0,0,0,0.5,0,0,0.0,5,1,1,3,0.6,0,0,0,0,0,0.3,1.425,villager,0,0,,,0.3333333333333333,0.0,0.0,0.0,0.0,7,"{""baseline_rule_policy"": 0.0, ""deception_enabled_policy"": 0.0, ""mixed_rule_policy"": 0.0, ""randomized_legal_policy"": 0.0, ""risk_heterogeneous_policy"": 0.0, ""seat_order_neutral_policy"": 0.0, ""speech_and_herding_policy"": 0.0}",7,4,0.14285714285714285
3bb4ac102bcc0cb40cadfbc460de9401e51ab265464b8b1ffb3990299207a75c,deb35741dfe3d5ff88e5a00278ddfd8084e3245b3cd991ad0607cdfc2a75bdf4,speech_and_herding_policy_seed_53_game_2_seer_check,53,2,speech_and_herding_policy,regime_speech_and_herding_policy_seed_53_base_2,regime_speech_and_herding_policy_seed_53_base_2,regime_speech_and_herding_policy_seed_53_base_2,final_test,B_unseen_seed,1,night,seer_check,8,village,seer,7,1,0,highest_suspicion,10,1,1,0,1,0,0,0,1,10,0,0,0.3,0,0,0.0,0.3,0,0,0,0,0,1,0,0,0.0,0.3,0,0,0,0,0,0,0,0,0,0,0.5,0,0,0.0,7,0,0,1,0.2,0,0,0,0,0,0.3,1.425,villager,0,0,,,1.0,0.42857142857142855,0.20203050891044214,0.0,0.2857142857142857,7,"{""baseline_rule_policy"": 1.0, ""deception_enabled_policy"": 0.0, ""mixed_rule_policy"": 0.0, ""randomized_legal_policy"": 1.0, ""risk_heterogeneous_policy"": 1.0, ""seat_order_neutral_policy"": 0.0, ""speech_and_herding_policy"": 0.0}",7,1,0.14285714285714285
6597b68f0d5fb299422f7ffc7cf526860fdee01ab81e772e1ebca3af9f4e0270,a3f6c6a26049abee052bf8e12ed44fb0ab1b780e4d93e00fc5ebbb17608112a4,deception_enabled_policy_seed_42_game_1_seer_check,42,1,deception_enabled_policy,regime_deception_enabled_policy_seed_42_base_1,regime_deception_enabled_policy_seed_42_base_1,regime_deception_enabled_policy_seed_42_base_1,ood_test,C_out_of_distribution,1,night,seer_check,3,village,seer,8,1,1,information_gain_proxy,8,1,1,0,1,0,0,0,1,10,0,0,0.3,0,0,0.0,0.3,0,0,0,0,0,1,0,0,0.0,0.3,0,0,0,0,0,0,0,0,0,0,0.5,0,0,0.0,8,0,0,5,1.0,0,0,0,0,0,0.3,1.425,werewolf,1,0,,,0.3333333333333333,0.5714285714285714,0.20203050891044216,0.0,0.28571428571428575,7,"{""baseline_rule_policy"": 0.0, ""deception_enabled_policy"": 1.0, ""mixed_rule_policy"": 0.0, ""randomized_legal_policy"": 1.0, ""risk_heterogeneous_policy"": 1.0, ""seat_order_neutral_policy"": 1.0, ""speech_and_herding_policy"": 0.0}",6,2,0.1428571428571429
6597b68f0d5fb299422f7ffc7cf526860fdee01ab81e772e1ebca3af9f4e0270,a3f6c6a26049abee052bf8e12ed44fb0ab1b780e4d93e00fc5ebbb17608112a4,deception_enabled_policy_seed_42_game_1_seer_check,42,1,deception_enabled_policy,regime_deception_enabled_policy_seed_42_base_1,regime_deception_enabled_policy_seed_42_base_1,regime_deception_enabled_policy_seed_42_base_1,ood_test,C_out_of_distribution,1,night,seer_check,3,village,seer,1,1,0,information_gain_proxy,8,1,1,0,1,0,0,0,1,10,0,0,0.3,0,0,0.0,0.3,0,0,0,0,0,1,0,0,0.0,0.3,0,0,0,0,0,0,0,0,0,0,0.5,0,0,0.0,1,1,1,2,0.4,0,0,0,0,0,0.3,1.425,villager,0,0,,,0.0,0.2857142857142857,0.18442777839082938,0.0,0.2380952380952381,7,"{""baseline_rule_policy"": 0.0, ""deception_enabled_policy"": 0.0, ""mixed_rule_policy"": 0.0, ""randomized_legal_policy"": 0.0, ""risk_heterogeneous_policy"": 0.0, ""seat_order_neutral_policy"": 1.0, ""speech_and_herding_policy"": 1.0}",6,4,0.1428571428571429
6597b68f0d5fb299422f7ffc7cf526860fdee01ab81e772e1ebca3af9f4e0270,a3f6c6a26049abee052bf8e12ed44fb0ab1b780e4d93e00fc5ebbb17608112a4,deception_enabled_policy_seed_42_game_1_seer_check,42,1,deception_enabled_policy,regime_deception_enabled_policy_seed_42_base_1,regime_deception_enabled_policy_seed_42_base_1,regime_deception_enabled_policy_seed_42_base_1,ood_test,C_out_of_distribution,1,night,seer_check,3,village,seer,2,1,0,information_gain_proxy,8,1,1,0,1,0,0,0,1,10,0,0,0.3,0,0,0.0,0.3,0,0,0,0,0,1,0,0,0.0,0.3,0,0,0,0,0,0,0,0,0,0,0.5,0,0,0.0,2,0,1,1,0.2,0,0,0,0,0,0.3,1.425,werewolf,1,0,,,1.0,0.5714285714285714,0.20203050891044216,0.0,0.28571428571428575,7,"{""baseline_rule_policy"": 0.0, ""deception_enabled_policy"": 1.0, ""mixed_rule_policy"": 0.0, ""randomized_legal_policy"": 0.0, ""risk_heterogeneous_policy"": 1.0, ""seat_order_neutral_policy"": 1.0, ""speech_and_herding_policy"": 1.0}",6,2,0.1428571428571429
6597b68f0d5fb299422f7ffc7cf526860fdee01ab81e772e1ebca3af9f4e0270,a3f6c6a26049abee052bf8e12ed44fb0ab1b780e4d93e00fc5ebbb17608112a4,deception_enabled_policy_seed_42_game_1_seer_check,42,1,deception_enabled_policy,regime_deception_enabled_policy_seed_42_base_1,regime_deception_enabled_policy_seed_42_base_1,regime_deception_enabled_policy_seed_42_base_1,ood_test,C_out_of_distribution,1,night,seer_check,3,village,seer,6,1,0,information_gain_proxy,8,1,1,0,1,0,0,0,1,10,0,0,0.3,0,0,0.0,0.3,0,0,0,0,0,1,0,0,0.0,0.3,0,0,0,0,0,0,0,0,0,0,0.5,0,0,0.0,6,1,0,3,0.6,0,0,0,0,0,0.3,1.425,werewolf,1,0,,,1.0,0.7142857142857143,0.18442777839082938,0.0,0.2380952380952381,7,"{""baseline_rule_policy"": 1.0, ""deception_enabled_policy"": 1.0, ""mixed_rule_policy"": 1.0, ""randomized_legal_policy"": 0.0, ""risk_heterogeneous_policy"": 1.0, ""seat_order_neutral_policy"": 1.0, ""speech_and_herding_policy"": 0.0}",6,1,0.1428571428571429
d2243da79d078189492f9a6cbdbf59a3286caae56e9106c77527ced963ff7c4a,5f4c95134665d0e0d001ff5247fbd02e9bc894bf48749ac7178388d241dd2114,deception_enabled_policy_seed_42_game_2_seer_check,42,2,deception_enabled_policy,regime_deception_enabled_policy_seed_42_base_2,regime_deception_enabled_policy_seed_42_base_2,regime_deception_enabled_policy_seed_42_base_2,ood_test,C_out_of_distribution,1,night,seer_check,1,village,seer,6,1,1,information_gain_proxy,6,1,1,0,1,0,0,0,1,10,0,0,0.3,0,0,0.0,0.3,0,0,0,0,0,1,0,0,0.0,0.3,0,0,0,0,0,0,0,0,0,0,0.5,0,0,0.0,6,1,0,5,1.0,0,0,0,0,0,0.3,1.425,villager,0,0,,,1.0,0.2857142857142857,0.18442777839082938,0.0,0.2380952380952381,7,"{""baseline_rule_policy"": 0.0, ""deception_enabled_policy"": 0.0, ""mixed_rule_policy"": 1.0, ""randomized_legal_policy"": 0.0, ""risk_heterogeneous_policy"": 1.0, ""seat_order_neutral_policy"": 0.0, ""speech_and_herding_policy"": 0.0}",5,3,0.4285714285714286
d2243da79d078189492f9a6cbdbf59a3286caae56e9106c77527ced963ff7c4a,5f4c95134665d0e0d001ff5247fbd02e9bc894bf48749ac7178388d241dd2114,deception_enabled_policy_seed_42_game_2_seer_check,42,2,deception_enabled_policy,regime_deception_enabled_policy_seed_42_base_2,regime_deception_enabled_policy_seed_42_base_2,regime_deception_enabled_policy_seed_42_base_2,ood_test,C_out_of_distribution,1,night,seer_check,1,village,seer,10,1,0,information_gain_proxy,6,1,1,0,1,0,0,0,1,10,0,0,0.3,0,0,0.0,0.3,0,0,0,0,0,1,0,0,0.0,0.3,0,0,0,0,0,0,0,0,0,0,0.5,0,0,0.0,10,1,0,1,0.2,0,0,0,0,0,0.3,1.425,werewolf,1,0,,,1.0,0.42857142857142855,0.20203050891044214,0.0,0.2857142857142857,7,"{""baseline_rule_policy"": 1.0, ""deception_enabled_policy"": 1.0, ""mixed_rule_policy"": 0.0, ""randomized_legal_policy"": 0.0, ""risk_heterogeneous_policy"": 0.0, ""seat_order_neutral_policy"": 0.0, ""speech_and_herding_policy"": 1.0}",5,2,0.4285714285714286
d2243da79d078189492f9a6cbdbf59a3286caae56e9106c77527ced963ff7c4a,5f4c95134665d0e0d001ff5247fbd02e9bc894bf48749ac7178388d241dd2114,deception_enabled_policy_seed_42_game_2_seer_check,42,2,deception_enabled_policy,regime_deception_enabled_policy_seed_42_base_2,regime_deception_enabled_policy_seed_42_base_2,regime_deception_enabled_policy_seed_42_base_2,ood_test,C_out_of_distribution,1,night,seer_check,1,village,seer,7,1,0,information_gain_proxy,6,1,1,0,1,0,0,0,1,10,0,0,0.3,0,0,0.0,0.3,0,0,0,0,0,1,0,0,0.0,0.3,0,0,0,0,0,0,0,0,0,0,0.5,0,0,0.0,7,0,0,4,0.8,0,0,0,0,0,0.3,1.425,witch,0,1,,,0.0,0.14285714285714285,0.14285714285714288,0.0,0.14285714285714288,7,"{""baseline_rule_policy"": 0.0, ""deception_enabled_policy"": 0.0, ""mixed_rule_policy"": 0.0, ""randomized_legal_policy"": 0.0, ""risk_heterogeneous_policy"": 0.0, ""seat_order_neutral_policy"": 0.0, ""speech_and_herding_policy"": 1.0}",5,4,0.4285714285714286
d2243da79d078189492f9a6cbdbf59a3286caae56e9106c77527ced963ff7c4a,5f4c95134665d0e0d001ff5247fbd02e9bc894bf48749ac7178388d241dd2114,deception_enabled_policy_seed_42_game_2_seer_check,42,2,deception_enabled_policy,regime_deception_enabled_policy_seed_42_base_2,regime_deception_enabled_policy_seed_42_base_2,regime_deception_enabled_policy_seed_42_base_2,ood_test,C_out_of_distribution,1,night,seer_check,1,village,seer,5,1,0,information_gain_proxy,6,1,1,0,1,0,0,0,1,10,0,0,0.3,0,0,0.0,0.3,0,0,0,0,0,1,0,0,0.0,0.3,0,0,0,0,0,0,0,0,0,0,0.5,0,0,0.0,5,1,1,4,0.8,0,0,0,0,0,0.3,1.425,villager,0,0,,,1.0,0.7142857142857143,0.18442777839082938,0.0,0.2380952380952381,7,"{""baseline_rule_policy"": 1.0, ""deception_enabled_policy"": 1.0, ""mixed_rule_policy"": 0.0, ""randomized_legal_policy"": 1.0, ""risk_heterogeneous_policy"": 1.0, ""seat_order_neutral_policy"": 0.0, ""speech_and_herding_policy"": 1.0}",5,1,0.4285714285714286
5eabff48605072f36b683af66b80a69857ffc78f467f1df129c323a89367e9bf,7b4883158bb913968ce5c4a1c4cd1c781aae530bbb34471c24cc24c4a284c084,deception_enabled_policy_seed_43_game_1_seer_check,43,1,deception_enabled_policy,regime_deception_enabled_policy_seed_43_base_1,regime_deception_enabled_policy_seed_43_base_1,regime_deception_enabled_policy_seed_43_base_1,ood_test,C_out_of_distribution,1,night,seer_check,3,village,seer,8,1,1,information_gain_proxy,8,1,1,0,1,0,0,0,1,10,0,0,0.3,0,0,0.0,0.3,0,0,0,0,0,1,0,0,0.0,0.3,0,0,0,0,0,0,0,0,0,0,0.5,0,0,0.0,8,0,0,5,1.0,0,0,0,0,0,0.3,1.425,villager,0,0,,,1.0,0.14285714285714285,0.14285714285714288,0.0,0.14285714285714288,7,"{""baseline_rule_policy"": 0.0, ""deception_enabled_policy"": 0.0, ""mixed_rule_policy"": 1.0, ""randomized_legal_policy"": 0.0, ""risk_heterogeneous_policy"": 0.0, ""seat_order_neutral_policy"": 0.0, ""speech_and_herding_policy"": 0.0}",1,1,0.0
5eabff48605072f36b683af66b80a69857ffc78f467f1df129c323a89367e9bf,7b4883158bb913968ce5c4a1c4cd1c781aae530bbb34471c24cc24c4a284c084,deception_enabled_policy_seed_43_game_1_seer_check,43,1,deception_enabled_policy,regime_deception_enabled_policy_seed_43_base_1,regime_deception_enabled_policy_seed_43_base_1,regime_deception_enabled_policy_seed_43_base_1,ood_test,C_out_of_distribution,1,night,seer_check,3,village,seer,1,1,0,information_gain_proxy,8,1,1,0,1,0,0,0,1,10,0,0,0.3,0,0,0.0,0.3,0,0,0,0,0,1,0,0,0.0,0.3,0,0,0,0,0,0,0,0,0,0,0.5,0,0,0.0,1,1,1,2,0.4,0,0,0,0,0,0.3,1.425,villager,0,0,,,0.0,0.14285714285714285,0.14285714285714288,0.0,0.14285714285714288,7,"{""baseline_rule_policy"": 1.0, ""deception_enabled_policy"": 0.0, ""mixed_rule_policy"": 0.0, ""randomized_legal_policy"": 0.0, ""risk_heterogeneous_policy"": 0.0, ""seat_order_neutral_policy"": 0.0, ""speech_and_herding_policy"": 0.0}",1,1,0.0
5eabff48605072f36b683af66b80a69857ffc78f467f1df129c323a89367e9bf,7b4883158bb913968ce5c4a1c4cd1c781aae530bbb34471c24cc24c4a284c084,deception_enabled_policy_seed_43_game_1_seer_check,43,1,deception_enabled_policy,regime_deception_enabled_policy_seed_43_base_1,regime_deception_enabled_policy_seed_43_base_1,regime_deception_enabled_policy_seed_43_base_1,ood_test,C_out_of_distribution,1,night,seer_check,3,village,seer,6,1,0,information_gain_proxy,8,1,1,0,1,0,0,0,1,10,0,0,0.3,0,0,0.0,0.3,0,0,0,0,0,1,0,0,0.0,0.3,0,0,0,0,0,0,0,0,0,0,0.5,0,0,0.0,6,1,0,3,0.6,0,0,0,0,0,0.3,1.425,hunter,0,1,,,1.0,0.14285714285714285,0.14285714285714288,0.0,0.14285714285714288,7,"{""baseline_rule_policy"": 0.0, ""deception_enabled_policy"": 0.0, ""mixed_rule_policy"": 0.0, ""randomized_legal_policy"": 1.0, ""risk_heterogeneous_policy"": 0.0, ""seat_order_neutral_policy"": 0.0, ""speech_and_herding_policy"": 0.0}",1,1,0.0
5eabff48605072f36b683af66b80a69857ffc78f467f1df129c323a89367e9bf,7b4883158bb913968ce5c4a1c4cd1c781aae530bbb34471c24cc24c4a284c084,deception_enabled_policy_seed_43_game_1_seer_check,43,1,deception_enabled_policy,regime_deception_enabled_policy_seed_43_base_1,regime_deception_enabled_policy_seed_43_base_1,regime_deception_enabled_policy_seed_43_base_1,ood_test,C_out_of_distribution,1,night,seer_check,3,village,seer,5,1,0,information_gain_proxy,8,1,1,0,1,0,0,0,1,10,0,0,0.3,0,0,0.0,0.3,0,0,0,0,0,1,0,0,0.0,0.3,0,0,0,0,0,0,0,0,0,0,0.5,0,0,0.0,5,1,1,2,0.4,0,0,0,0,0,0.3,1.425,villager,0,0,,,0.6666666666666666,0.0,0.0,0.0,0.0,7,"{""baseline_rule_policy"": 0.0, ""deception_enabled_policy"": 0.0, ""mixed_rule_policy"": 0.0, ""randomized_legal_policy"": 0.0, ""risk_heterogeneous_policy"": 0.0, ""seat_order_neutral_policy"": 0.0, ""speech_and_herding_policy"": 0.0}",1,4,0.0
783b89701bee18ea02fe7c0efc028aa391831d91875e58a322966afaf4616929,0efeebba000f396fbb6a09d1a297ae086dd8fedbd77bb1aeff4f6b937d6c8f3a,deception_enabled_policy_seed_43_game_2_seer_check,43,2,deception_enabled_policy,regime_deception_enabled_policy_seed_43_base_2,regime_deception_enabled_policy_seed_43_base_2,regime_deception_enabled_policy_seed_43_base_2,ood_test,C_out_of_distribution,1,night,seer_check,10,village,seer,5,1,1,information_gain_proxy,5,1,1,0,1,0,0,0,1,10,0,0,0.3,0,0,0.0,0.3,0,0,0,0,0,1,0,0,0.0,0.3,0,0,0,0,0,0,0,0,0,0,0.5,0,0,0.0,5,1,1,5,1.0,0,0,0,0,0,0.3,1.425,hunter,0,1,,,1.0,0.14285714285714285,0.14285714285714288,0.0,0.14285714285714288,7,"{""baseline_rule_policy"": 0.0, ""deception_enabled_policy"": 0.0, ""mixed_rule_policy"": 0.0, ""randomized_legal_policy"": 0.0, ""risk_heterogeneous_policy"": 0.0, ""seat_order_neutral_policy"": 1.0, ""speech_and_herding_policy"": 0.0}",8,3,0.2857142857142857
783b89701bee18ea02fe7c0efc028aa391831d91875e58a322966afaf4616929,0efeebba000f396fbb6a09d1a297ae086dd8fedbd77bb1aeff4f6b937d6c8f3a,deception_enabled_policy_seed_43_game_2_seer_check,43,2,deception_enabled_policy,regime_deception_enabled_policy_seed_43_base_2,regime_deception_enabled_policy_seed_43_base_2,regime_deception_enabled_policy_seed_43_base_2,ood_test,C_out_of_distribution,1,night,seer_check,10,village,seer,1,1,0,information_gain_proxy,5,1,1,0,1,0,0,0,1,10,0,0,0.3,0,0,0.0,0.3,0,0,0,0,0,1,0,0,0.0,0.3,0,0,0,0,0,0,0,0,0,0,0.5,0,0,0.0,1,1,1,1,0.2,0,0,0,0,0,0.3,1.425,villager,0,0,,,0.6666666666666666,0.14285714285714285,0.14285714285714288,0.0,0.14285714285714288,7,"{""baseline_rule_policy"": 0.0, ""deception_enabled_policy"": 0.0, ""mixed_rule_policy"": 0.0, ""randomized_legal_policy"": 0.0, ""risk_heterogeneous_policy"": 0.0, ""seat_order_neutral_policy"": 0.0, ""speech_and_herding_policy"": 1.0}",8,3,0.2857142857142857
783b89701bee18ea02fe7c0efc028aa391831d91875e58a322966afaf4616929,0efeebba000f396fbb6a09d1a297ae086dd8fedbd77bb1aeff4f6b937d6c8f3a,deception_enabled_policy_seed_43_game_2_seer_check,43,2,deception_enabled_policy,regime_deception_enabled_policy_seed_43_base_2,regime_deception_enabled_policy_seed_43_base_2,regime_deception_enabled_policy_seed_43_base_2,ood_test,C_out_of_distribution,1,night,seer_check,10,village,seer,3,1,0,information_gain_proxy,5,1,1,0,1,0,0,0,1,10,0,0,0.3,0,0,0.0,0.3,0,0,0,0,0,1,0,0,0.0,0.3,0,0,0,0,0,0,0,0,0,0,0.5,0,0,0.0,3,0,1,3,0.6,0,0,0,0,0,0.3,1.425,werewolf,1,0,,,0.6666666666666666,0.2857142857142857,0.18442777839082938,0.0,0.2380952380952381,7,"{""baseline_rule_policy"": 1.0, ""deception_enabled_policy"": 0.0, ""mixed_rule_policy"": 0.0, ""randomized_legal_policy"": 0.0, ""risk_heterogeneous_policy"": 0.0, ""seat_order_neutral_policy"": 1.0, ""speech_and_herding_policy"": 0.0}",8,2,0.2857142857142857
783b89701bee18ea02fe7c0efc028aa391831d91875e58a322966afaf4616929,0efeebba000f396fbb6a09d1a297ae086dd8fedbd77bb1aeff4f6b937d6c8f3a,deception_enabled_policy_seed_43_game_2_seer_check,43,2,deception_enabled_policy,regime_deception_enabled_policy_seed_43_base_2,regime_deception_enabled_policy_seed_43_base_2,regime_deception_enabled_policy_seed_43_base_2,ood_test,C_out_of_distribution,1,night,seer_check,10,village,seer,8,1,0,information_gain_proxy,5,1,1,0,1,0,0,0,1,10,0,0,0.3,0,0,0.0,0.3,0,0,0,0,0,1,0,0,0.0,0.3,0,0,0,0,0,0,0,0,0,0,0.5,0,0,0.0,8,0,0,2,0.4,0,0,0,0,0,0.3,1.425,witch,0,1,,,0.0,0.42857142857142855,0.20203050891044214,0.0,0.2857142857142857,7,"{""baseline_rule_policy"": 1.0, ""deception_enabled_policy"": 0.0, ""mixed_rule_policy"": 0.0, ""randomized_legal_policy"": 0.0, ""risk_heterogeneous_policy"": 1.0, ""seat_order_neutral_policy"": 1.0, ""speech_and_herding_policy"": 0.0}",8,1,0.2857142857142857
6d659f64998996dc290a240de64c8b8a998c0b7e20c11489372e4068e4b1f32a,c1ed3b42af22d3da07c13bdf6a3bf6f66e300801e35c152857443ff934464e6a,deception_enabled_policy_seed_44_game_1_seer_check,44,1,deception_enabled_policy,regime_deception_enabled_policy_seed_44_base_1,regime_deception_enabled_policy_seed_44_base_1,regime_deception_enabled_policy_seed_44_base_1,ood_test,C_out_of_distribution,1,night,seer_check,1,village,seer,6,1,1,information_gain_proxy,6,1,1,0,1,0,0,0,1,10,0,0,0.3,0,0,0.0,0.3,0,0,0,0,0,1,0,0,0.0,0.3,0,0,0,0,0,0,0,0,0,0,0.5,0,0,0.0,6,1,0,5,1.0,0,0,0,0,0,0.3,1.425,villager,0,0,,,0.3333333333333333,0.14285714285714285,0.14285714285714288,0.0,0.14285714285714288,7,"{""baseline_rule_policy"": 0.0, ""deception_enabled_policy"": 1.0, ""mixed_rule_policy"": 0.0, ""randomized_legal_policy"": 0.0, ""risk_heterogeneous_policy"": 0.0, ""seat_order_neutral_policy"": 0.0, ""speech_and_herding_policy"": 0.0}",4,3,0.5714285714285714
6d659f64998996dc290a240de64c8b8a998c0b7e20c11489372e4068e4b1f32a,c1ed3b42af22d3da07c13bdf6a3bf6f66e300801e35c152857443ff934464e6a,deception_enabled_policy_seed_44_game_1_seer_check,44,1,deception_enabled_policy,regime_deception_enabled_policy_seed_44_base_1,regime_deception_enabled_policy_seed_44_base_1,regime_deception_enabled_policy_seed_44_base_1,ood_test,C_out_of_distribution,1,night,seer_check,1,village,seer,10,1,0,information_gain_proxy,6,1,1,0,1,0,0,0,1,10,0,0,0.3,0,0,0.0,0.3,0,0,0,0,0,1,0,0,0.0,0.3,0,0,0,0,0,0,0,0,0,0,0.5,0,0,0.0,10,1,0,1,0.2,0,0,0,0,0,0.3,1.425,werewolf,1,0,,,1.0,0.5714285714285714,0.20203050891044216,0.0,0.28571428571428575,7,"{""baseline_rule_policy"": 1.0, ""deception_enabled_policy"": 1.0, ""mixed_rule_policy"": 0.0, ""randomized_legal_policy"": 0.0, ""risk_heterogeneous_policy"": 1.0, ""seat_order_neutral_policy"": 0.0, ""speech_and_herding_policy"": 1.0}",4,2,0.5714285714285714
6d659f64998996dc290a240de64c8b8a998c0b7e20c11489372e4068e4b1f32a,c1ed3b42af22d3da07c13bdf6a3bf6f66e300801e35c152857443ff934464e6a,deception_enabled_policy_seed_44_game_1_seer_check,44,1,deception_enabled_policy,regime_deception_enabled_policy_seed_44_base_1,regime_deception_enabled_policy_seed_44_base_1,regime_deception_enabled_policy_seed_44_base_1,ood_test,C_out_of_distribution,1,night,seer_check,1,village,seer,8,1,0,information_gain_proxy,6,1,1,0,1,0,0,0,1,10,0,0,0.3,0,0,0.0,0.3,0,0,0,0,0,1,0,0,0.0,0.3,0,0,0,0,0,0,0,0,0,0,0.5,0,0,0.0,8,0,0,3,0.6,0,0,0,0,0,0.3,1.425,villager,0,0,,,0.0,0.14285714285714285,0.14285714285714288,0.0,0.14285714285714288,7,"{""baseline_rule_policy"": 0.0, ""deception_enabled_policy"": 0.0, ""mixed_rule_policy"": 0.0, ""randomized_legal_policy"": 0.0, ""risk_heterogeneous_policy"": 0.0, ""seat_order_neutral_policy"": 1.0, ""speech_and_herding_policy"": 0.0}",4,3,0.5714285714285714
6d659f64998996dc290a240de64c8b8a998c0b7e20c11489372e4068e4b1f32a,c1ed3b42af22d3da07c13bdf6a3bf6f66e300801e35c152857443ff934464e6a,deception_enabled_policy_seed_44_game_1_seer_check,44,1,deception_enabled_policy,regime_deception_enabled_policy_seed_44_base_1,regime_deception_enabled_policy_seed_44_base_1,regime_deception_enabled_policy_seed_44_base_1,ood_test,C_out_of_distribution,1,night,seer_check,1,village,seer,4,1,0,information_gain_proxy,6,1,1,0,1,0,0,0,1,10,0,0,0.3,0,0,0.0,0.3,0,0,0,0,0,1,0,0,0.0,0.3,0,0,0,0,0,0,0,0,0,0,0.5,0,0,0.0,4,0,1,3,0.6,0,0,0,0,0,0.3,1.425,werewolf,1,0,,,0.6666666666666666,0.7142857142857143,0.18442777839082938,0.0,0.2380952380952381,7,"{""baseline_rule_policy"": 1.0, ""deception_enabled_policy"": 0.0, ""mixed_rule_policy"": 1.0, ""randomized_legal_policy"": 1.0, ""risk_heterogeneous_policy"": 1.0, ""seat_order_neutral_policy"": 1.0, ""speech_and_herding_policy"": 0.0}",4,1,0.5714285714285714
df272b78b5d9180d51cbf7c738e07c4a01166e47f875792e9c1183ddd940ba90,cf5023af4a5d78f35bf720e0045113e545b35379833608209cfccf8cabd6f9af,deception_enabled_policy_seed_44_game_2_seer_check,44,2,deception_enabled_policy,regime_deception_enabled_policy_seed_44_base_2,regime_deception_enabled_policy_seed_44_base_2,regime_deception_enabled_policy_seed_44_base_2,ood_test,C_out_of_distribution,1,night,seer_check,7,village,seer,2,1,1,information_gain_proxy,2,1,1,0,1,0,0,0,1,10,0,0,0.3,0,0,0.0,0.3,0,0,0,0,0,1,0,0,0.0,0.3,0,0,0,0,0,0,0,0,0,0,0.5,0,0,0.0,2,0,1,5,1.0,0,0,0,0,0,0.3,1.425,werewolf,1,0,,,0.6666666666666666,0.42857142857142855,0.20203050891044214,0.0,0.2857142857142857,7,"{""baseline_rule_policy"": 0.0, ""deception_enabled_policy"": 1.0, ""mixed_rule_policy"": 1.0, ""randomized_legal_policy"": 1.0, ""risk_heterogeneous_policy"": 0.0, ""seat_order_neutral_policy"": 0.0, ""speech_and_herding_policy"": 0.0}",2,1,0.0
df272b78b5d9180d51cbf7c738e07c4a01166e47f875792e9c1183ddd940ba90,cf5023af4a5d78f35bf720e0045113e545b35379833608209cfccf8cabd6f9af,deception_enabled_policy_seed_44_game_2_seer_check,44,2,deception_enabled_policy,regime_deception_enabled_policy_seed_44_base_2,regime_deception_enabled_policy_seed_44_base_2,regime_deception_enabled_policy_seed_44_base_2,ood_test,C_out_of_distribution,1,night,seer_check,7,village,seer,1,1,0,information_gain_proxy,2,1,1,0,1,0,0,0,1,10,0,0,0.3,0,0,0.0,0.3,0,0,0,0,0,1,0,0,0.0,0.3,0,0,0,0,0,0,0,0,0,0,0.5,0,0,0.0,1,1,1,4,0.8,0,0,0,0,0,0.3,1.425,witch,0,1,,,0.6666666666666666,0.2857142857142857,0.18442777839082938,0.0,0.2380952380952381,7,"{""baseline_rule_policy"": 0.0, ""deception_enabled_policy"": 0.0, ""mixed_rule_policy"": 0.0, ""randomized_legal_policy"": 1.0, ""risk_heterogeneous_policy"": 1.0, ""seat_order_neutral_policy"": 0.0, ""speech_and_herding_policy"": 0.0}",2,2,0.0
df272b78b5d9180d51cbf7c738e07c4a01166e47f875792e9c1183ddd940ba90,cf5023af4a5d78f35bf720e0045113e545b35379833608209cfccf8cabd6f9af,deception_enabled_policy_seed_44_game_2_seer_check,44,2,deception_enabled_policy,regime_deception_enabled_policy_seed_44_base_2,regime_deception_enabled_policy_seed_44_base_2,regime_deception_enabled_policy_seed_44_base_2,ood_test,C_out_of_distribution,1,night,seer_check,7,village,seer,6,1,0,information_gain_proxy,2,1,1,0,1,0,0,0,1,10,0,0,0.3,0,0,0.0,0.3,0,0,0,0,0,1,0,0,0.0,0.3,0,0,0,0,0,0,0,0,0,0,0.5,0,0,0.0,6,1,0,1,0.2,0,0,0,0,0,0.3,1.425,werewolf,1,0,,,0.6666666666666666,0.2857142857142857,0.18442777839082938,0.0,0.2380952380952381,7,"{""baseline_rule_policy"": 1.0, ""deception_enabled_policy"": 1.0, ""mixed_rule_policy"": 0.0, ""randomized_legal_policy"": 0.0, ""risk_heterogeneous_policy"": 0.0, ""seat_order_neutral_policy"": 0.0, ""speech_and_herding_policy"": 0.0}",2,2,0.0
df272b78b5d9180d51cbf7c738e07c4a01166e47f875792e9c1183ddd940ba90,cf5023af4a5d78f35bf720e0045113e545b35379833608209cfccf8cabd6f9af,deception_enabled_policy_seed_44_game_2_seer_check,44,2,deception_enabled_policy,regime_deception_enabled_policy_seed_44_base_2,regime_deception_enabled_policy_seed_44_base_2,regime_deception_enabled_policy_seed_44_base_2,ood_test,C_out_of_distribution,1,night,seer_check,7,village,seer,5,1,0,information_gain_proxy,2,1,1,0,1,0,0,0,1,10,0,0,0.3,0,0,0.0,0.3,0,0,0,0,0,1,0,0,0.0,0.3,0,0,0,0,0,0,0,0,0,0,0.5,0,0,0.0,5,1,1,2,0.4,0,0,0,0,0,0.3,1.425,villager,0,0,,,1.0,0.2857142857142857,0.18442777839082938,0.0,0.2380952380952381,7,"{""baseline_rule_policy"": 0.0, ""deception_enabled_policy"": 0.0, ""mixed_rule_policy"": 1.0, ""randomized_legal_policy"": 0.0, ""risk_heterogeneous_policy"": 1.0, ""seat_order_neutral_policy"": 0.0, ""speech_and_herding_policy"": 0.0}",2,2,0.0
910f09ae8f497160719f1f5aad8778bc1ebf4bc2162ab63e09fc83119e54fffe,87c32dcb10b11eb8793121ebb80b1b53775ee30e8464b0c81c5be5c1bdb3f203,deception_enabled_policy_seed_50_game_1_seer_check,50,1,deception_enabled_policy,regime_deception_enabled_policy_seed_50_base_1,regime_deception_enabled_policy_seed_50_base_1,regime_deception_enabled_policy_seed_50_base_1,ood_test,C_out_of_distribution,1,night,seer_check,10,village,seer,5,1,1,information_gain_proxy,5,1,1,0,1,0,0,0,1,10,0,0,0.3,0,0,0.0,0.3,0,0,0,0,0,1,0,0,0.0,0.3,0,0,0,0,0,0,0,0,0,0,0.5,0,0,0.0,5,1,1,5,1.0,0,0,0,0,0,0.3,1.425,werewolf,1,0,,,1.0,0.5714285714285714,0.20203050891044216,0.0,0.28571428571428575,7,"{""baseline_rule_policy"": 1.0, ""deception_enabled_policy"": 1.0, ""mixed_rule_policy"": 1.0, ""randomized_legal_policy"": 0.0, ""risk_heterogeneous_policy"": 1.0, ""seat_order_neutral_policy"": 0.0, ""speech_and_herding_policy"": 0.0}",5,1,0.0
910f09ae8f497160719f1f5aad8778bc1ebf4bc2162ab63e09fc83119e54fffe,87c32dcb10b11eb8793121ebb80b1b53775ee30e8464b0c81c5be5c1bdb3f203,deception_enabled_policy_seed_50_game_1_seer_check,50,1,deception_enabled_policy,regime_deception_enabled_policy_seed_50_base_1,regime_deception_enabled_policy_seed_50_base_1,regime_deception_enabled_policy_seed_50_base_1,ood_test,C_out_of_distribution,1,night,seer_check,10,village,seer,1,1,0,information_gain_proxy,5,1,1,0,1,0,0,0,1,10,0,0,0.3,0,0,0.0,0.3,0,0,0,0,0,1,0,0,0.0,0.3,0,0,0,0,0,0,0,0,0,0,0.5,0,0,0.0,1,1,1,1,0.2,0,0,0,0,0,0.3,1.425,villager,0,0,,,1.0,0.2857142857142857,0.18442777839082938,0.0,0.2380952380952381,7,"{""baseline_rule_policy"": 0.0, ""deception_enabled_policy"": 0.0, ""mixed_rule_policy"": 0.0, ""randomized_legal_policy"": 1.0, ""risk_heterogeneous_policy"": 1.0, ""seat_order_neutral_policy"": 0.0, ""speech_and_herding_policy"": 0.0}",5,3,0.0
910f09ae8f497160719f1f5aad8778bc1ebf4bc2162ab63e09fc83119e54fffe,87c32dcb10b11eb8793121ebb80b1b53775ee30e8464b0c81c5be5c1bdb3f203,deception_enabled_policy_seed_50_game_1_seer_check,50,1,deception_enabled_policy,regime_deception_enabled_policy_seed_50_base_1,regime_deception_enabled_policy_seed_50_base_1,regime_deception_enabled_policy_seed_50_base_1,ood_test,C_out_of_distribution,1,night,seer_check,10,village,seer,6,1,0,information_gain_proxy,5,1,1,0,1,0,0,0,1,10,0,0,0.3,0,0,0.0,0.3,0,0,0,0,0,1,0,0,0.0,0.3,0,0,0,0,0,0,0,0,0,0,0.5,0,0,0.0,6,1,0,4,0.8,0,0,0,0,0,0.3,1.425,werewolf,1,0,,,0.6666666666666666,0.5714285714285714,0.20203050891044216,0.0,0.28571428571428575,7,"{""baseline_rule_policy"": 0.0, ""deception_enabled_policy"": 1.0, ""mixed_rule_policy"": 0.0, ""randomized_legal_policy"": 1.0, ""risk_heterogeneous_policy"": 1.0, ""seat_order_neutral_policy"": 0.0, ""speech_and_herding_policy"": 1.0}",5,1,0.0
910f09ae8f497160719f1f5aad8778bc1ebf4bc2162ab63e09fc83119e54fffe,87c32dcb10b11eb8793121ebb80b1b53775ee30e8464b0c81c5be5c1bdb3f203,deception_enabled_policy_seed_50_game_1_seer_check,50,1,deception_enabled_policy,regime_deception_enabled_policy_seed_50_base_1,regime_deception_enabled_policy_seed_50_base_1,regime_deception_enabled_policy_seed_50_base_1,ood_test,C_out_of_distribution,1,night,seer_check,10,village,seer,9,1,0,information_gain_proxy,5,1,1,0,1,0,0,0,1,10,0,0,0.3,0,0,0.0,0.3,0,0,0,0,0,1,0,0,0.0,0.3,0,0,0,0,0,0,0,0,0,0,0.5,0,0,0.0,9,0,0,1,0.2,0,0,0,0,0,0.3,1.425,hunter,0,1,,,0.0,0.2857142857142857,0.18442777839082938,0.0,0.2380952380952381,7,"{""baseline_rule_policy"": 0.0, ""deception_enabled_policy"": 1.0, ""mixed_rule_policy"": 0.0, ""randomized_legal_policy"": 0.0, ""risk_heterogeneous_policy"": 1.0, ""seat_order_neutral_policy"": 0.0, ""speech_and_herding_policy"": 0.0}",5,3,0.0
4bb17204e0235af2b29c4be6a58787ea9a96d4f5464593a0f8261c58e9e3f510,b0942a1082cd81731de526024e94f5ccfd4c1c789d5f4a920c3b154a8cd72be0,deception_enabled_policy_seed_50_game_2_seer_check,50,2,deception_enabled_policy,regime_deception_enabled_policy_seed_50_base_2,regime_deception_enabled_policy_seed_50_base_2,regime_deception_enabled_policy_seed_50_base_2,ood_test,C_out_of_distribution,1,night,seer_check,2,village,seer,7,1,1,information_gain_proxy,7,1,1,0,1,0,0,0,1,10,0,0,0.3,0,0,0.0,0.3,0,0,0,0,0,1,0,0,0.0,0.3,0,0,0,0,0,0,0,0,0,0,0.5,0,0,0.0,7,0,0,5,1.0,0,0,0,0,0,0.3,1.425,werewolf,1,0,,,0.6666666666666666,0.5714285714285714,0.20203050891044216,0.0,0.28571428571428575,7,"{""baseline_rule_policy"": 1.0, ""deception_enabled_policy"": 1.0, ""mixed_rule_policy"": 0.0, ""randomized_legal_policy"": 0.0, ""risk_heterogeneous_policy"": 1.0, ""seat_order_neutral_policy"": 0.0, ""speech_and_herding_policy"": 1.0}",7,1,0.0
4bb17204e0235af2b29c4be6a58787ea9a96d4f5464593a0f8261c58e9e3f510,b0942a1082cd81731de526024e94f5ccfd4c1c789d5f4a920c3b154a8cd72be0,deception_enabled_policy_seed_50_game_2_seer_check,50,2,deception_enabled_policy,regime_deception_enabled_policy_seed_50_base_2,regime_deception_enabled_policy_seed_50_base_2,regime_deception_enabled_policy_seed_50_base_2,ood_test,C_out_of_distribution,1,night,seer_check,2,village,seer,1,1,0,information_gain_proxy,7,1,1,0,1,0,0,0,1,10,0,0,0.3,0,0,0.0,0.3,0,0,0,0,0,1,0,0,0.0,0.3,0,0,0,0,0,0,0,0,0,0,0.5,0,0,0.0,1,1,1,1,0.2,0,0,0,0,0,0.3,1.425,villager,0,0,,,1.0,0.14285714285714285,0.14285714285714288,0.0,0.14285714285714288,7,"{""baseline_rule_policy"": 1.0, ""deception_enabled_policy"": 0.0, ""mixed_rule_policy"": 0.0, ""randomized_legal_policy"": 0.0, ""risk_heterogeneous_policy"": 0.0, ""seat_order_neutral_policy"": 0.0, ""speech_and_herding_policy"": 0.0}",7,3,0.0
4bb17204e0235af2b29c4be6a58787ea9a96d4f5464593a0f8261c58e9e3f510,b0942a1082cd81731de526024e94f5ccfd4c1c789d5f4a920c3b154a8cd72be0,deception_enabled_policy_seed_50_game_2_seer_check,50,2,deception_enabled_policy,regime_deception_enabled_policy_seed_50_base_2,regime_deception_enabled_policy_seed_50_base_2,regime_deception_enabled_policy_seed_50_base_2,ood_test,C_out_of_distribution,1,night,seer_check,2,village,seer,4,1,0,information_gain_proxy,7,1,1,0,1,0,0,0,1,10,0,0,0.3,0,0,0.0,0.3,0,0,0,0,0,1,0,0,0.0,0.3,0,0,0,0,0,0,0,0,0,0,0.5,0,0,0.0,4,0,1,2,0.4,0,0,0,0,0,0.3,1.425,hunter,0,1,,,0.3333333333333333,0.14285714285714285,0.14285714285714288,0.0,0.14285714285714288,7,"{""baseline_rule_policy"": 0.0, ""deception_enabled_policy"": 1.0, ""mixed_rule_policy"": 0.0, ""randomized_legal_policy"": 0.0, ""risk_heterogeneous_policy"": 0.0, ""seat_order_neutral_policy"": 0.0, ""speech_and_herding_policy"": 0.0}",7,3,0.0
4bb17204e0235af2b29c4be6a58787ea9a96d4f5464593a0f8261c58e9e3f510,b0942a1082cd81731de526024e94f5ccfd4c1c789d5f4a920c3b154a8cd72be0,deception_enabled_policy_seed_50_game_2_seer_check,50,2,deception_enabled_policy,regime_deception_enabled_policy_seed_50_base_2,regime_deception_enabled_policy_seed_50_base_2,regime_deception_enabled_policy_seed_50_base_2,ood_test,C_out_of_distribution,1,night,seer_check,2,village,seer,6,1,0,information_gain_proxy,7,1,1,0,1,0,0,0,1,10,0,0,0.3,0,0,0.0,0.3,0,0,0,0,0,1,0,0,0.0,0.3,0,0,0,0,0,0,0,0,0,0,0.5,0,0,0.0,6,1,0,4,0.8,0,0,0,0,0,0.3,1.425,werewolf,1,0,,,1.0,0.2857142857142857,0.18442777839082938,0.0,0.2380952380952381,7,"{""baseline_rule_policy"": 0.0, ""deception_enabled_policy"": 0.0, ""mixed_rule_policy"": 0.0, ""randomized_legal_policy"": 1.0, ""risk_heterogeneous_policy"": 0.0, ""seat_order_neutral_policy"": 0.0, ""speech_and_herding_policy"": 1.0}",7,2,0.0
4be310dea63607030276db90219ab77ac26daaa5e0b1d6d5529e51fbe8be52b5,74b3351bcaabbecb8bdd05d02453b4ac743ac6be66383facae94163d36dc4ec1,deception_enabled_policy_seed_52_game_1_seer_check,52,1,deception_enabled_policy,regime_deception_enabled_policy_seed_52_base_1,regime_deception_enabled_policy_seed_52_base_1,regime_deception_enabled_policy_seed_52_base_1,ood_test,C_out_of_distribution,1,night,seer_check,9,village,seer,4,1,1,information_gain_proxy,4,1,1,0,1,0,0,0,1,10,0,0,0.3,0,0,0.0,0.3,0,0,0,0,0,1,0,0,0.0,0.3,0,0,0,0,0,0,0,0,0,0,0.5,0,0,0.0,4,0,1,5,1.0,0,0,0,0,0,0.3,1.425,werewolf,1,0,,,0.6666666666666666,0.5714285714285714,0.20203050891044216,0.0,0.28571428571428575,7,"{""baseline_rule_policy"": 0.0, ""deception_enabled_policy"": 0.0, ""mixed_rule_policy"": 0.0, ""randomized_legal_policy"": 1.0, ""risk_heterogeneous_policy"": 1.0, ""seat_order_neutral_policy"": 1.0, ""speech_and_herding_policy"": 1.0}",4,1,0.0
4be310dea63607030276db90219ab77ac26daaa5e0b1d6d5529e51fbe8be52b5,74b3351bcaabbecb8bdd05d02453b4ac743ac6be66383facae94163d36dc4ec1,deception_enabled_policy_seed_52_game_1_seer_check,52,1,deception_enabled_policy,regime_deception_enabled_policy_seed_52_base_1,regime_deception_enabled_policy_seed_52_base_1,regime_deception_enabled_policy_seed_52_base_1,ood_test,C_out_of_distribution,1,night,seer_check,9,village,seer,1,1,0,information_gain_proxy,4,1,1,0,1,0,0,0,1,10,0,0,0.3,0,0,0.0,0.3,0,0,0,0,0,1,0,0,0.0,0.3,0,0,0,0,0,0,0,0,0,0,0.5,0,0,0.0,1,1,1,2,0.4,0,0,0,0,0,0.3,1.425,hunter,0,1,,,0.6666666666666666,0.14285714285714285,0.14285714285714288,0.0,0.14285714285714288,7,"{""baseline_rule_policy"": 1.0, ""deception_enabled_policy"": 0.0, ""mixed_rule_policy"": 0.0, ""randomized_legal_policy"": 0.0, ""risk_heterogeneous_policy"": 0.0, ""seat_order_neutral_policy"": 0.0, ""speech_and_herding_policy"": 0.0}",4,4,0.0
4be310dea63607030276db90219ab77ac26daaa5e0b1d6d5529e51fbe8be52b5,74b3351bcaabbecb8bdd05d02453b4ac743ac6be66383facae94163d36dc4ec1,deception_enabled_policy_seed_52_game_1_seer_check,52,1,deception_enabled_policy,regime_deception_enabled_policy_seed_52_base_1,regime_deception_enabled_policy_seed_52_base_1,regime_deception_enabled_policy_seed_52_base_1,ood_test,C_out_of_distribution,1,night,seer_check,9,village,seer,6,1,0,information_gain_proxy,4,1,1,0,1,0,0,0,1,10,0,0,0.3,0,0,0.0,0.3,0,0,0,0,0,1,0,0,0.0,0.3,0,0,0,0,0,0,0,0,0,0,0.5,0,0,0.0,6,1,0,3,0.6,0,0,0,0,0,0.3,1.425,villager,0,0,,,1.0,0.2857142857142857,0.18442777839082938,0.0,0.2380952380952381,7,"{""baseline_rule_policy"": 0.0, ""deception_enabled_policy"": 0.0, ""mixed_rule_policy"": 0.0, ""randomized_legal_policy"": 1.0, ""risk_heterogeneous_policy"": 0.0, ""seat_order_neutral_policy"": 1.0, ""speech_and_herding_policy"": 0.0}",4,3,0.0
4be310dea63607030276db90219ab77ac26daaa5e0b1d6d5529e51fbe8be52b5,74b3351bcaabbecb8bdd05d02453b4ac743ac6be66383facae94163d36dc4ec1,deception_enabled_policy_seed_52_game_1_seer_check,52,1,deception_enabled_policy,regime_deception_enabled_policy_seed_52_base_1,regime_deception_enabled_policy_seed_52_base_1,regime_deception_enabled_policy_seed_52_base_1,ood_test,C_out_of_distribution,1,night,seer_check,9,village,seer,8,1,0,information_gain_proxy,4,1,1,0,1,0,0,0,1,10,0,0,0.3,0,0,0.0,0.3,0,0,0,0,0,1,0,0,0.0,0.3,0,0,0,0,0,0,0,0,0,0,0.5,0,0,0.0,8,0,0,1,0.2,0,0,0,0,0,0.3,1.425,werewolf,1,0,,,1.0,0.5714285714285714,0.20203050891044216,0.0,0.28571428571428575,7,"{""baseline_rule_policy"": 1.0, ""deception_enabled_policy"": 1.0, ""mixed_rule_policy"": 0.0, ""randomized_legal_policy"": 0.0, ""risk_heterogeneous_policy"": 1.0, ""seat_order_neutral_policy"": 1.0, ""speech_and_herding_policy"": 0.0}",4,1,0.0
d0f52277343dd69fba6c4d394d38ad00b802fff41f06a7721114115fe581d6f0,a9a14c7433593082e01e3ceda820a77e1b17aff0c8a953c0881db71bfa01194a,deception_enabled_policy_seed_52_game_2_seer_check,52,2,deception_enabled_policy,regime_deception_enabled_policy_seed_52_base_2,regime_deception_enabled_policy_seed_52_base_2,regime_deception_enabled_policy_seed_52_base_2,ood_test,C_out_of_distribution,1,night,seer_check,2,village,seer,7,1,1,information_gain_proxy,7,1,1,0,1,0,0,0,1,10,0,0,0.3,0,0,0.0,0.3,0,0,0,0,0,1,0,0,0.0,0.3,0,0,0,0,0,0,0,0,0,0,0.5,0,0,0.0,7,0,0,5,1.0,0,0,0,0,0,0.3,1.425,villager,0,0,,,0.6666666666666666,0.2857142857142857,0.18442777839082938,0.0,0.2380952380952381,7,"{""baseline_rule_policy"": 0.0, ""deception_enabled_policy"": 0.0, ""mixed_rule_policy"": 1.0, ""randomized_legal_policy"": 0.0, ""risk_heterogeneous_policy"": 0.0, ""seat_order_neutral_policy"": 1.0, ""speech_and_herding_policy"": 0.0}",8,4,0.4285714285714286
d0f52277343dd69fba6c4d394d38ad00b802fff41f06a7721114115fe581d6f0,a9a14c7433593082e01e3ceda820a77e1b17aff0c8a953c0881db71bfa01194a,deception_enabled_policy_seed_52_game_2_seer_check,52,2,deception_enabled_policy,regime_deception_enabled_policy_seed_52_base_2,regime_deception_enabled_policy_seed_52_base_2,regime_deception_enabled_policy_seed_52_base_2,ood_test,C_out_of_distribution,1,night,seer_check,2,village,seer,1,1,0,information_gain_proxy,7,1,1,0,1,0,0,0,1,10,0,0,0.3,0,0,0.0,0.3,0,0,0,0,0,1,0,0,0.0,0.3,0,0,0,0,0,0,0,0,0,0,0.5,0,0,0.0,1,1,1,1,0.2,0,0,0,0,0,0.3,1.425,werewolf,1,0,,,1.0,0.42857142857142855,0.20203050891044214,0.0,0.2857142857142857,7,"{""baseline_rule_policy"": 0.0, ""deception_enabled_policy"": 1.0, ""mixed_rule_policy"": 0.0, ""randomized_legal_policy"": 0.0, ""risk_heterogeneous_policy"": 0.0, ""seat_order_neutral_policy"": 1.0, ""speech_and_herding_policy"": 1.0}",8,3,0.4285714285714286
d0f52277343dd69fba6c4d394d38ad00b802fff41f06a7721114115fe581d6f0,a9a14c7433593082e01e3ceda820a77e1b17aff0c8a953c0881db71bfa01194a,deception_enabled_policy_seed_52_game_2_seer_check,52,2,deception_enabled_policy,regime_deception_enabled_policy_seed_52_base_2,regime_deception_enabled_policy_seed_52_base_2,regime_deception_enabled_policy_seed_52_base_2,ood_test,C_out_of_distribution,1,night,seer_check,2,village,seer,6,1,0,information_gain_proxy,7,1,1,0,1,0,0,0,1,10,0,0,0.3,0,0,0.0,0.3,0,0,0,0,0,1,0,0,0.0,0.3,0,0,0,0,0,0,0,0,0,0,0.5,0,0,0.0,6,1,0,4,0.8,0,0,0,0,0,0.3,1.425,villager,0,0,,,0.6666666666666666,0.5714285714285714,0.20203050891044216,0.0,0.28571428571428575,7,"{""baseline_rule_policy"": 1.0, ""deception_enabled_policy"": 0.0, ""mixed_rule_policy"": 1.0, ""randomized_legal_policy"": 1.0, ""risk_heterogeneous_policy"": 0.0, ""seat_order_neutral_policy"": 1.0, ""speech_and_herding_policy"": 0.0}",8,2,0.4285714285714286
d0f52277343dd69fba6c4d394d38ad00b802fff41f06a7721114115fe581d6f0,a9a14c7433593082e01e3ceda820a77e1b17aff0c8a953c0881db71bfa01194a,deception_enabled_policy_seed_52_game_2_seer_check,52,2,deception_enabled_policy,regime_deception_enabled_policy_seed_52_base_2,regime_deception_enabled_policy_seed_52_base_2,regime_deception_enabled_policy_seed_52_base_2,ood_test,C_out_of_distribution,1,night,seer_check,2,village,seer,8,1,0,information_gain_proxy,7,1,1,0,1,0,0,0,1,10,0,0,0.3,0,0,0.0,0.3,0,0,0,0,0,1,0,0,0.0,0.3,0,0,0,0,0,0,0,0,0,0,0.5,0,0,0.0,8,0,0,4,0.8,0,0,0,0,0,0.3,1.425,werewolf,1,0,,,1.0,0.7142857142857143,0.18442777839082938,0.0,0.2380952380952381,7,"{""baseline_rule_policy"": 0.0, ""deception_enabled_policy"": 1.0, ""mixed_rule_policy"": 0.0, ""randomized_legal_policy"": 1.0, ""risk_heterogeneous_policy"": 1.0, ""seat_order_neutral_policy"": 1.0, ""speech_and_herding_policy"": 1.0}",8,1,0.4285714285714286
e7686a57fff9029700a2f91c9236eafcae50540d742f48b3d14f8e80b22166b5,63adcb6dacbb83242ba3bccdc6f601604d52a63ab08fa850555d012ea5d3224e,deception_enabled_policy_seed_53_game_1_seer_check,53,1,deception_enabled_policy,regime_deception_enabled_policy_seed_53_base_1,regime_deception_enabled_policy_seed_53_base_1,regime_deception_enabled_policy_seed_53_base_1,ood_test,C_out_of_distribution,1,night,seer_check,6,village,seer,1,1,1,information_gain_proxy,1,1,1,0,1,0,0,0,1,10,0,0,0.3,0,0,0.0,0.3,0,0,0,0,0,1,0,0,0.0,0.3,0,0,0,0,0,0,0,0,0,0,0.5,0,0,0.0,1,1,1,5,1.0,0,0,0,0,0,0.3,1.425,witch,0,1,,,0.3333333333333333,0.2857142857142857,0.18442777839082938,0.0,0.2380952380952381,7,"{""baseline_rule_policy"": 0.0, ""deception_enabled_policy"": 0.0, ""mixed_rule_policy"": 1.0, ""randomized_legal_policy"": 1.0, ""risk_heterogeneous_policy"": 0.0, ""seat_order_neutral_policy"": 0.0, ""speech_and_herding_policy"": 0.0}",10,2,0.14285714285714285
e7686a57fff9029700a2f91c9236eafcae50540d742f48b3d14f8e80b22166b5,63adcb6dacbb83242ba3bccdc6f601604d52a63ab08fa850555d012ea5d3224e,deception_enabled_policy_seed_53_game_1_seer_check,53,1,deception_enabled_policy,regime_deception_enabled_policy_seed_53_base_1,regime_deception_enabled_policy_seed_53_base_1,regime_deception_enabled_policy_seed_53_base_1,ood_test,C_out_of_distribution,1,night,seer_check,6,village,seer,4,1,0,information_gain_proxy,1,1,1,0,1,0,0,0,1,10,0,0,0.3,0,0,0.0,0.3,0,0,0,0,0,1,0,0,0.0,0.3,0,0,0,0,0,0,0,0,0,0,0.5,0,0,0.0,4,0,1,2,0.4,0,0,0,0,0,0.3,1.425,hunter,0,1,,,1.0,0.0,0.0,0.0,0.0,7,"{""baseline_rule_policy"": 0.0, ""deception_enabled_policy"": 0.0, ""mixed_rule_policy"": 0.0, ""randomized_legal_policy"": 0.0, ""risk_heterogeneous_policy"": 0.0, ""seat_order_neutral_policy"": 0.0, ""speech_and_herding_policy"": 0.0}",10,4,0.14285714285714285
e7686a57fff9029700a2f91c9236eafcae50540d742f48b3d14f8e80b22166b5,63adcb6dacbb83242ba3bccdc6f601604d52a63ab08fa850555d012ea5d3224e,deception_enabled_policy_seed_53_game_1_seer_check,53,1,deception_enabled_policy,regime_deception_enabled_policy_seed_53_base_1,regime_deception_enabled_policy_seed_53_base_1,regime_deception_enabled_policy_seed_53_base_1,ood_test,C_out_of_distribution,1,night,seer_check,6,village,seer,10,1,0,information_gain_proxy,1,1,1,0,1,0,0,0,1,10,0,0,0.3,0,0,0.0,0.3,0,0,0,0,0,1,0,0,0.0,0.3,0,0,0,0,0,0,0,0,0,0,0.5,0,0,0.0,10,1,0,4,0.8,0,0,0,0,0,0.3,1.425,villager,0,0,,,1.0,0.42857142857142855,0.20203050891044214,0.0,0.2857142857142857,7,"{""baseline_rule_policy"": 1.0, ""deception_enabled_policy"": 0.0, ""mixed_rule_policy"": 0.0, ""randomized_legal_policy"": 1.0, ""risk_heterogeneous_policy"": 0.0, ""seat_order_neutral_policy"": 1.0, ""speech_and_herding_policy"": 0.0}",10,1,0.14285714285714285
e7686a57fff9029700a2f91c9236eafcae50540d742f48b3d14f8e80b22166b5,63adcb6dacbb83242ba3bccdc6f601604d52a63ab08fa850555d012ea5d3224e,deception_enabled_policy_seed_53_game_1_seer_check,53,1,deception_enabled_policy,regime_deception_enabled_policy_seed_53_base_1,regime_deception_enabled_policy_seed_53_base_1,regime_deception_enabled_policy_seed_53_base_1,ood_test,C_out_of_distribution,1,night,seer_check,6,village,seer,7,1,0,information_gain_proxy,1,1,1,0,1,0,0,0,1,10,0,0,0.3,0,0,0.0,0.3,0,0,0,0,0,1,0,0,0.0,0.3,0,0,0,0,0,0,0,0,0,0,0.5,0,0,0.0,7,0,0,1,0.2,0,0,0,0,0,0.3,1.425,werewolf,1,0,,,1.0,0.2857142857142857,0.18442777839082938,0.0,0.2380952380952381,7,"{""baseline_rule_policy"": 0.0, ""deception_enabled_policy"": 0.0, ""mixed_rule_policy"": 0.0, ""randomized_legal_policy"": 0.0, ""risk_heterogeneous_policy"": 0.0, ""seat_order_neutral_policy"": 1.0, ""speech_and_herding_policy"": 1.0}",10,2,0.14285714285714285
0fd49a431c5499d2634401cbbf8584618861738c31194eb89d6022582a4694eb,d1065cbb70d4eb2d0b23d4d771e332b72b739a730a7718bc1416063e94ef7457,deception_enabled_policy_seed_53_game_2_seer_check,53,2,deception_enabled_policy,regime_deception_enabled_policy_seed_53_base_2,regime_deception_enabled_policy_seed_53_base_2,regime_deception_enabled_policy_seed_53_base_2,ood_test,C_out_of_distribution,1,night,seer_check,6,village,seer,1,1,1,information_gain_proxy,1,1,1,0,1,0,0,0,1,10,0,0,0.3,0,0,0.0,0.3,0,0,0,0,0,1,0,0,0.0,0.3,0,0,0,0,0,0,0,0,0,0,0.5,0,0,0.0,1,1,1,5,1.0,0,0,0,0,0,0.3,1.425,villager,0,0,,,0.3333333333333333,0.42857142857142855,0.20203050891044214,0.0,0.2857142857142857,7,"{""baseline_rule_policy"": 1.0, ""deception_enabled_policy"": 0.0, ""mixed_rule_policy"": 1.0, ""randomized_legal_policy"": 0.0, ""risk_heterogeneous_policy"": 0.0, ""seat_order_neutral_policy"": 1.0, ""speech_and_herding_policy"": 0.0}",3,4,0.14285714285714285
0fd49a431c5499d2634401cbbf8584618861738c31194eb89d6022582a4694eb,d1065cbb70d4eb2d0b23d4d771e332b72b739a730a7718bc1416063e94ef7457,deception_enabled_policy_seed_53_game_2_seer_check,53,2,deception_enabled_policy,regime_deception_enabled_policy_seed_53_base_2,regime_deception_enabled_policy_seed_53_base_2,regime_deception_enabled_policy_seed_53_base_2,ood_test,C_out_of_distribution,1,night,seer_check,6,village,seer,3,1,0,information_gain_proxy,1,1,1,0,1,0,0,0,1,10,0,0,0.3,0,0,0.0,0.3,0,0,0,0,0,1,0,0,0.0,0.3,0,0,0,0,0,0,0,0,0,0,0.5,0,0,0.0,3,0,1,3,0.6,0,0,0,0,0,0.3,1.425,werewolf,1,0,,,1.0,0.5714285714285714,0.20203050891044216,0.0,0.28571428571428575,7,"{""baseline_rule_policy"": 1.0, ""deception_enabled_policy"": 1.0, ""mixed_rule_policy"": 0.0, ""randomized_legal_policy"": 0.0, ""risk_heterogeneous_policy"": 1.0, ""seat_order_neutral_policy"": 0.0, ""speech_and_herding_policy"": 1.0}",3,1,0.14285714285714285
0fd49a431c5499d2634401cbbf8584618861738c31194eb89d6022582a4694eb,d1065cbb70d4eb2d0b23d4d771e332b72b739a730a7718bc1416063e94ef7457,deception_enabled_policy_seed_53_game_2_seer_check,53,2,deception_enabled_policy,regime_deception_enabled_policy_seed_53_base_2,regime_deception_enabled_policy_seed_53_base_2,regime_deception_enabled_policy_seed_53_base_2,ood_test,C_out_of_distribution,1,night,seer_check,6,village,seer,8,1,0,information_gain_proxy,1,1,1,0,1,0,0,0,1,10,0,0,0.3,0,0,0.0,0.3,0,0,0,0,0,1,0,0,0.0,0.3,0,0,0,0,0,0,0,0,0,0,0.5,0,0,0.0,8,0,0,2,0.4,0,0,0,0,0,0.3,1.425,werewolf,1,0,,,0.6666666666666666,0.5714285714285714,0.20203050891044216,0.0,0.28571428571428575,7,"{""baseline_rule_policy"": 1.0, ""deception_enabled_policy"": 0.0, ""mixed_rule_policy"": 0.0, ""randomized_legal_policy"": 1.0, ""risk_heterogeneous_policy"": 1.0, ""seat_order_neutral_policy"": 1.0, ""speech_and_herding_policy"": 0.0}",3,1,0.14285714285714285
0fd49a431c5499d2634401cbbf8584618861738c31194eb89d6022582a4694eb,d1065cbb70d4eb2d0b23d4d771e332b72b739a730a7718bc1416063e94ef7457,deception_enabled_policy_seed_53_game_2_seer_check,53,2,deception_enabled_policy,regime_deception_enabled_policy_seed_53_base_2,regime_deception_enabled_policy_seed_53_base_2,regime_deception_enabled_policy_seed_53_base_2,ood_test,C_out_of_distribution,1,night,seer_check,6,village,seer,5,1,0,information_gain_proxy,1,1,1,0,1,0,0,0,1,10,0,0,0.3,0,0,0.0,0.3,0,0,0,0,0,1,0,0,0.0,0.3,0,0,0,0,0,0,0,0,0,0,0.5,0,0,0.0,5,1,1,1,0.2,0,0,0,0,0,0.3,1.425,hunter,0,1,,,1.0,0.5714285714285714,0.20203050891044216,0.0,0.28571428571428575,7,"{""baseline_rule_policy"": 1.0, ""deception_enabled_policy"": 0.0, ""mixed_rule_policy"": 0.0, ""randomized_legal_policy"": 1.0, ""risk_heterogeneous_policy"": 0.0, ""seat_order_neutral_policy"": 1.0, ""speech_and_herding_policy"": 1.0}",3,1,0.14285714285714285
880066823962704ef6c49ce8c36f0fcc1b9678a5b1ef847917eec25b3e5c80e2,521acae1a9c537c7c875d576cba2e87c233ffd02e27559494da3e1200646432c,risk_heterogeneous_policy_seed_42_game_1_seer_check,42,1,risk_heterogeneous_policy,regime_risk_heterogeneous_policy_seed_42_base_1,regime_risk_heterogeneous_policy_seed_42_base_1,regime_risk_heterogeneous_policy_seed_42_base_1,ood_test,C_out_of_distribution,1,night,seer_check,4,village,seer,9,1,1,coverage_balanced,9,1,1,0,1,0,0,0,1,10,0,0,0.3,0,0,0.0,0.3,0,1,0,0,0,1,0,0,0.0,0.3,0,0,0,0,0,0,0,0,0,0,0.5,0,0,0.0,9,0,0,5,1.0,0,0,0,0,0,0.3,1.425,werewolf,1,0,,,1.0,0.42857142857142855,0.20203050891044214,0.0,0.2857142857142857,7,"{""baseline_rule_policy"": 0.0, ""deception_enabled_policy"": 0.0, ""mixed_rule_policy"": 1.0, ""randomized_legal_policy"": 0.0, ""risk_heterogeneous_policy"": 0.0, ""seat_order_neutral_policy"": 1.0, ""speech_and_herding_policy"": 1.0}",9,1,0.0
880066823962704ef6c49ce8c36f0fcc1b9678a5b1ef847917eec25b3e5c80e2,521acae1a9c537c7c875d576cba2e87c233ffd02e27559494da3e1200646432c,risk_heterogeneous_policy_seed_42_game_1_seer_check,42,1,risk_heterogeneous_policy,regime_risk_heterogeneous_policy_seed_42_base_1,regime_risk_heterogeneous_policy_seed_42_base_1,regime_risk_heterogeneous_policy_seed_42_base_1,ood_test,C_out_of_distribution,1,night,seer_check,4,village,seer,1,1,0,coverage_balanced,9,1,1,0,1,0,0,0,1,10,0,0,0.3,0,0,0.0,0.3,0,1,0,0,0,1,0,0,0.0,0.3,0,0,0,0,0,0,0,0,0,0,0.5,0,0,0.0,1,1,1,3,0.6,0,0,0,0,0,0.3,1.425,villager,0,0,,,0.3333333333333333,0.2857142857142857,0.18442777839082938,0.0,0.2380952380952381,7,"{""baseline_rule_policy"": 1.0, ""deception_enabled_policy"": 0.0, ""mixed_rule_policy"": 1.0, ""randomized_legal_policy"": 0.0, ""risk_heterogeneous_policy"": 0.0, ""seat_order_neutral_policy"": 0.0, ""speech_and_herding_policy"": 0.0}",9,2,0.0
880066823962704ef6c49ce8c36f0fcc1b9678a5b1ef847917eec25b3e5c80e2,521acae1a9c537c7c875d576cba2e87c233ffd02e27559494da3e1200646432c,risk_heterogeneous_policy_seed_42_game_1_seer_check,42,1,risk_heterogeneous_policy,regime_risk_heterogeneous_policy_seed_42_base_1,regime_risk_heterogeneous_policy_seed_42_base_1,regime_risk_heterogeneous_policy_seed_42_base_1,ood_test,C_out_of_distribution,1,night,seer_check,4,village,seer,5,1,0,coverage_balanced,9,1,1,0,1,0,0,0,1,10,0,0,0.3,0,0,0.0,0.3,0,1,0,0,0,1,0,0,0.0,0.3,0,0,0,0,0,0,0,0,0,0,0.5,0,0,0.0,5,1,1,1,0.2,0,0,0,0,0,0.3,1.425,werewolf,1,0,,,0.6666666666666666,0.2857142857142857,0.18442777839082938,0.0,0.2380952380952381,7,"{""baseline_rule_policy"": 1.0, ""deception_enabled_policy"": 0.0, ""mixed_rule_policy"": 0.0, ""randomized_legal_policy"": 0.0, ""risk_heterogeneous_policy"": 0.0, ""seat_order_neutral_policy"": 1.0, ""speech_and_herding_policy"": 0.0}",9,2,0.0
880066823962704ef6c49ce8c36f0fcc1b9678a5b1ef847917eec25b3e5c80e2,521acae1a9c537c7c875d576cba2e87c233ffd02e27559494da3e1200646432c,risk_heterogeneous_policy_seed_42_game_1_seer_check,42,1,risk_heterogeneous_policy,regime_risk_heterogeneous_policy_seed_42_base_1,regime_risk_heterogeneous_policy_seed_42_base_1,regime_risk_heterogeneous_policy_seed_42_base_1,ood_test,C_out_of_distribution,1,night,seer_check,4,village,seer,10,1,0,coverage_balanced,9,1,1,0,1,0,0,0,1,10,0,0,0.3,0,0,0.0,0.3,0,1,0,0,0,1,0,0,0.0,0.3,0,0,0,0,0,0,0,0,0,0,0.5,0,0,0.0,10,1,0,4,0.8,0,0,0,0,0,0.3,1.425,villager,0,0,,,0.6666666666666666,0.14285714285714285,0.14285714285714288,0.0,0.14285714285714288,7,"{""baseline_rule_policy"": 1.0, ""deception_enabled_policy"": 0.0, ""mixed_rule_policy"": 0.0, ""randomized_legal_policy"": 0.0, ""risk_heterogeneous_policy"": 0.0, ""seat_order_neutral_policy"": 0.0, ""speech_and_herding_policy"": 0.0}",9,4,0.0
32165479312a4432faf08847b04bbf4aa8f4e6fceb40583f7570f61713bcb1d3,1dba553b3281c69f961a7fc09b5bf52636739676fb095d367e4ac83824702241,risk_heterogeneous_policy_seed_42_game_2_seer_check,42,2,risk_heterogeneous_policy,regime_risk_heterogeneous_policy_seed_42_base_2,regime_risk_heterogeneous_policy_seed_42_base_2,regime_risk_heterogeneous_policy_seed_42_base_2,ood_test,C_out_of_distribution,1,night,seer_check,9,village,seer,4,1,1,coverage_balanced,4,1,1,0,1,0,0,0,1,10,0,0,0.3,0,0,0.0,0.3,1,0,0,0,0,1,0,0,0.0,0.3,0,0,0,0,0,0,0,0,0,0,0.5,0,0,0.0,4,0,1,5,1.0,0,0,0,0,0,0.3,1.425,villager,0,0,,,0.6666666666666666,0.2857142857142857,0.18442777839082938,0.0,0.2380952380952381,7,"{""baseline_rule_policy"": 1.0, ""deception_enabled_policy"": 1.0, ""mixed_rule_policy"": 0.0, ""randomized_legal_policy"": 0.0, ""risk_heterogeneous_policy"": 0.0, ""seat_order_neutral_policy"": 0.0, ""speech_and_herding_policy"": 0.0}",7,2,0.4285714285714286
32165479312a4432faf08847b04bbf4aa8f4e6fceb40583f7570f61713bcb1d3,1dba553b3281c69f961a7fc09b5bf52636739676fb095d367e4ac83824702241,risk_heterogeneous_policy_seed_42_game_2_seer_check,42,2,risk_heterogeneous_policy,regime_risk_heterogeneous_policy_seed_42_base_2,regime_risk_heterogeneous_policy_seed_42_base_2,regime_risk_heterogeneous_policy_seed_42_base_2,ood_test,C_out_of_distribution,1,night,seer_check,9,village,seer,1,1,0,coverage_balanced,4,1,1,0,1,0,0,0,1,10,0,0,0.3,0,0,0.0,0.3,1,0,0,0,0,1,0,0,0.0,0.3,0,0,0,0,0,0,0,0,0,0,0.5,0,0,0.0,1,1,1,2,0.4,0,0,0,0,0,0.3,1.425,hunter,0,1,,,0.3333333333333333,0.2857142857142857,0.18442777839082938,0.0,0.2380952380952381,7,"{""baseline_rule_policy"": 0.0, ""deception_enabled_policy"": 0.0, ""mixed_rule_policy"": 0.0, ""randomized_legal_policy"": 1.0, ""risk_heterogeneous_policy"": 0.0, ""seat_order_neutral_policy"": 0.0, ""speech_and_herding_policy"": 1.0}",7,2,0.4285714285714286
32165479312a4432faf08847b04bbf4aa8f4e6fceb40583f7570f61713bcb1d3,1dba553b3281c69f961a7fc09b5bf52636739676fb095d367e4ac83824702241,risk_heterogeneous_policy_seed_42_game_2_seer_check,42,2,risk_heterogeneous_policy,regime_risk_heterogeneous_policy_seed_42_base_2,regime_risk_heterogeneous_policy_seed_42_base_2,regime_risk_heterogeneous_policy_seed_42_base_2,ood_test,C_out_of_distribution,1,night,seer_check,9,village,seer,2,1,0,coverage_balanced,4,1,1,0,1,0,0,0,1,10,0,0,0.3,0,0,0.0,0.3,1,0,0,0,0,1,0,0,0.0,0.3,0,0,0,0,0,0,0,0,0,0,0.5,0,0,0.0,2,0,1,3,0.6,0,0,0,0,0,0.3,1.425,witch,0,1,,,0.6666666666666666,0.14285714285714285,0.14285714285714288,0.0,0.14285714285714288,7,"{""baseline_rule_policy"": 0.0, ""deception_enabled_policy"": 0.0, ""mixed_rule_policy"": 1.0, ""randomized_legal_policy"": 0.0, ""risk_heterogeneous_policy"": 0.0, ""seat_order_neutral_policy"": 0.0, ""speech_and_herding_policy"": 0.0}",7,4,0.4285714285714286
32165479312a4432faf08847b04bbf4aa8f4e6fceb40583f7570f61713bcb1d3,1dba553b3281c69f961a7fc09b5bf52636739676fb095d367e4ac83824702241,risk_heterogeneous_policy_seed_42_game_2_seer_check,42,2,risk_heterogeneous_policy,regime_risk_heterogeneous_policy_seed_42_base_2,regime_risk_heterogeneous_policy_seed_42_base_2,regime_risk_heterogeneous_policy_seed_42_base_2,ood_test,C_out_of_distribution,1,night,seer_check,9,village,seer,7,1,0,coverage_balanced,4,1,1,0,1,0,0,0,1,10,0,0,0.3,0,0,0.0,0.3,1,0,0,0,0,1,0,0,0.0,0.3,0,0,0,0,0,0,0,0,0,0,0.5,0,0,0.0,7,0,0,2,0.4,0,0,0,0,0,0.3,1.425,werewolf,1,0,,,1.0,0.7142857142857143,0.18442777839082938,0.0,0.2380952380952381,7,"{""baseline_rule_policy"": 1.0, ""deception_enabled_policy"": 1.0, ""mixed_rule_policy"": 1.0, ""randomized_legal_policy"": 1.0, ""risk_heterogeneous_policy"": 1.0, ""seat_order_neutral_policy"": 0.0, ""speech_and_herding_policy"": 0.0}",7,1,0.4285714285714286
99ffd671687b6f44802d7956451ad2f3c8b2c17b5da41eb7febddadb5ffb6a6a,1bd0ef7e3f1639fac1e27f45fd9b77a0bd3d176bd62faae0b33aaaaf8ee80c3c,risk_heterogeneous_policy_seed_43_game_1_seer_check,43,1,risk_heterogeneous_policy,regime_risk_heterogeneous_policy_seed_43_base_1,regime_risk_heterogeneous_policy_seed_43_base_1,regime_risk_heterogeneous_policy_seed_43_base_1,ood_test,C_out_of_distribution,1,night,seer_check,5,village,seer,10,1,1,coverage_balanced,10,1,1,0,1,0,0,0,1,10,0,0,0.3,0,0,0.0,0.3,0,0,0,0,0,1,0,0,0.0,0.3,0,0,0,0,0,0,0,0,0,0,0.5,0,0,0.0,10,1,0,5,1.0,0,0,0,0,0,0.3,1.425,villager,0,0,,,0.3333333333333333,0.2857142857142857,0.18442777839082938,0.0,0.2380952380952381,7,"{""baseline_rule_policy"": 1.0, ""deception_enabled_policy"": 0.0, ""mixed_rule_policy"": 0.0, ""randomized_legal_policy"": 1.0, ""risk_heterogeneous_policy"": 0.0, ""seat_order_neutral_policy"": 0.0, ""speech_and_herding_policy"": 0.0}",10,1,0.0
99ffd671687b6f44802d7956451ad2f3c8b2c17b5da41eb7febddadb5ffb6a6a,1bd0ef7e3f1639fac1e27f45fd9b77a0bd3d176bd62faae0b33aaaaf8ee80c3c,risk_heterogeneous_policy_seed_43_game_1_seer_check,43,1,risk_heterogeneous_policy,regime_risk_heterogeneous_policy_seed_43_base_1,regime_risk_heterogeneous_policy_seed_43_base_1,regime_risk_heterogeneous_policy_seed_43_base_1,ood_test,C_out_of_distribution,1,night,seer_check,5,village,seer,1,1,0,coverage_balanced,10,1,1,0,1,0,0,0,1,10,0,0,0.3,0,0,0.0,0.3,0,0,0,0,0,1,0,0,0.0,0.3,0,0,0,0,0,0,0,0,0,0,0.5,0,0,0.0,1,1,1,4,0.8,0,0,0,0,0,0.3,1.425,villager,0,0,,,0.3333333333333333,0.14285714285714285,0.14285714285714288,0.0,0.14285714285714288,7,"{""baseline_rule_policy"": 0.0, ""deception_enabled_policy"": 1.0, ""mixed_rule_policy"": 0.0, ""randomized_legal_policy"": 0.0, ""risk_heterogeneous_policy"": 0.0, ""seat_order_neutral_policy"": 0.0, ""speech_and_herding_policy"": 0.0}",10,2,0.0
99ffd671687b6f44802d7956451ad2f3c8b2c17b5da41eb7febddadb5ffb6a6a,1bd0ef7e3f1639fac1e27f45fd9b77a0bd3d176bd62faae0b33aaaaf8ee80c3c,risk_heterogeneous_policy_seed_43_game_1_seer_check,43,1,risk_heterogeneous_policy,regime_risk_heterogeneous_policy_seed_43_base_1,regime_risk_heterogeneous_policy_seed_43_base_1,regime_risk_heterogeneous_policy_seed_43_base_1,ood_test,C_out_of_distribution,1,night,seer_check,5,village,seer,9,1,0,coverage_balanced,10,1,1,0,1,0,0,0,1,10,0,0,0.3,0,0,0.0,0.3,0,0,0,0,0,1,0,0,0.0,0.3,0,0,0,0,0,0,0,0,0,0,0.5,0,0,0.0,9,0,0,4,0.8,0,0,0,0,0,0.3,1.425,villager,0,0,,,0.6666666666666666,0.14285714285714285,0.14285714285714288,0.0,0.14285714285714288,7,"{""baseline_rule_policy"": 0.0, ""deception_enabled_policy"": 1.0, ""mixed_rule_policy"": 0.0, ""randomized_legal_policy"": 0.0, ""risk_heterogeneous_policy"": 0.0, ""seat_order_neutral_policy"": 0.0, ""speech_and_herding_policy"": 0.0}",10,2,0.0
99ffd671687b6f44802d7956451ad2f3c8b2c17b5da41eb7febddadb5ffb6a6a,1bd0ef7e3f1639fac1e27f45fd9b77a0bd3d176bd62faae0b33aaaaf8ee80c3c,risk_heterogeneous_policy_seed_43_game_1_seer_check,43,1,risk_heterogeneous_policy,regime_risk_heterogeneous_policy_seed_43_base_1,regime_risk_heterogeneous_policy_seed_43_base_1,regime_risk_heterogeneous_policy_seed_43_base_1,ood_test,C_out_of_distribution,1,night,seer_check,5,village,seer,7,1,0,coverage_balanced,10,1,1,0,1,0,0,0,1,10,0,0,0.3,0,0,0.0,0.3,0,0,0,0,0,1,0,0,0.0,0.3,0,0,0,0,0,0,0,0,0,0,0.5,0,0,0.0,7,0,0,2,0.4,0,0,0,0,0,0.3,1.425,werewolf,1,0,,,0.6666666666666666,0.14285714285714285,0.14285714285714288,0.0,0.14285714285714288,7,"{""baseline_rule_policy"": 0.0, ""deception_enabled_policy"": 1.0, ""mixed_rule_policy"": 0.0, ""randomized_legal_policy"": 0.0, ""risk_heterogeneous_policy"": 0.0, ""seat_order_neutral_policy"": 0.0, ""speech_and_herding_policy"": 0.0}",10,2,0.0
14480d391a8913191daba61edf982b31c1053cb8bb748061fc3146b73882e368,c2f4401babf5ee745ba7e229f934b353ebd38fa679ab94895fb3741f96e02438,risk_heterogeneous_policy_seed_43_game_2_seer_check,43,2,risk_heterogeneous_policy,regime_risk_heterogeneous_policy_seed_43_base_2,regime_risk_heterogeneous_policy_seed_43_base_2,regime_risk_heterogeneous_policy_seed_43_base_2,ood_test,C_out_of_distribution,1,night,seer_check,5,village,seer,10,1,1,coverage_balanced,10,1,1,0,1,0,0,0,1,10,0,0,0.3,0,0,0.0,0.3,1,0,0,0,0,1,0,0,0.0,0.3,0,0,0,0,0,0,0,0,0,0,0.5,0,0,0.0,10,1,0,5,1.0,0,0,0,0,0,0.3,1.425,villager,0,0,,,1.0,0.14285714285714285,0.14285714285714288,0.0,0.14285714285714288,7,"{""baseline_rule_policy"": 1.0, ""deception_enabled_policy"": 0.0, ""mixed_rule_policy"": 0.0, ""randomized_legal_policy"": 0.0, ""risk_heterogeneous_policy"": 0.0, ""seat_order_neutral_policy"": 0.0, ""speech_and_herding_policy"": 0.0}",4,3,0.2857142857142857
14480d391a8913191daba61edf982b31c1053cb8bb748061fc3146b73882e368,c2f4401babf5ee745ba7e229f934b353ebd38fa679ab94895fb3741f96e02438,risk_heterogeneous_policy_seed_43_game_2_seer_check,43,2,risk_heterogeneous_policy,regime_risk_heterogeneous_policy_seed_43_base_2,regime_risk_heterogeneous_policy_seed_43_base_2,regime_risk_heterogeneous_policy_seed_43_base_2,ood_test,C_out_of_distribution,1,night,seer_check,5,village,seer,1,1,0,coverage_balanced,10,1,1,0,1,0,0,0,1,10,0,0,0.3,0,0,0.0,0.3,1,0,0,0,0,1,0,0,0.0,0.3,0,0,0,0,0,0,0,0,0,0,0.5,0,0,0.0,1,1,1,4,0.8,0,0,0,0,0,0.3,1.425,werewolf,1,0,,,1.0,0.14285714285714285,0.14285714285714288,0.0,0.14285714285714288,7,"{""baseline_rule_policy"": 0.0, ""deception_enabled_policy"": 1.0, ""mixed_rule_policy"": 0.0, ""randomized_legal_policy"": 0.0, ""risk_heterogeneous_policy"": 0.0, ""seat_order_neutral_policy"": 0.0, ""speech_and_herding_policy"": 0.0}",4,3,0.2857142857142857
14480d391a8913191daba61edf982b31c1053cb8bb748061fc3146b73882e368,c2f4401babf5ee745ba7e229f934b353ebd38fa679ab94895fb3741f96e02438,risk_heterogeneous_policy_seed_43_game_2_seer_check,43,2,risk_heterogeneous_policy,regime_risk_heterogeneous_policy_seed_43_base_2,regime_risk_heterogeneous_policy_seed_43_base_2,regime_risk_heterogeneous_policy_seed_43_base_2,ood_test,C_out_of_distribution,1,night,seer_check,5,village,seer,4,1,0,coverage_balanced,10,1,1,0,1,0,0,0,1,10,0,0,0.3,0,0,0.0,0.3,1,0,0,0,0,1,0,0,0.0,0.3,0,0,0,0,0,0,0,0,0,0,0.5,0,0,0.0,4,0,1,1,0.2,0,0,0,0,0,0.3,1.425,werewolf,1,0,,,1.0,0.42857142857142855,0.20203050891044214,0.0,0.2857142857142857,7,"{""baseline_rule_policy"": 0.0, ""deception_enabled_policy"": 1.0, ""mixed_rule_policy"": 1.0, ""randomized_legal_policy"": 0.0, ""risk_heterogeneous_policy"": 1.0, ""seat_order_neutral_policy"": 0.0, ""speech_and_herding_policy"": 0.0}",4,1,0.2857142857142857
14480d391a8913191daba61edf982b31c1053cb8bb748061fc3146b73882e368,c2f4401babf5ee745ba7e229f934b353ebd38fa679ab94895fb3741f96e02438,risk_heterogeneous_policy_seed_43_game_2_seer_check,43,2,risk_heterogeneous_policy,regime_risk_heterogeneous_policy_seed_43_base_2,regime_risk_heterogeneous_policy_seed_43_base_2,regime_risk_heterogeneous_policy_seed_43_base_2,ood_test,C_out_of_distribution,1,night,seer_check,5,village,seer,8,1,0,coverage_balanced,10,1,1,0,1,0,0,0,1,10,0,0,0.3,0,0,0.0,0.3,1,0,0,0,0,1,0,0,0.0,0.3,0,0,0,0,0,0,0,0,0,0,0.5,0,0,0.0,8,0,0,3,0.6,0,0,0,0,0,0.3,1.425,witch,0,1,,,0.3333333333333333,0.42857142857142855,0.20203050891044214,0.0,0.2857142857142857,7,"{""baseline_rule_policy"": 1.0, ""deception_enabled_policy"": 1.0, ""mixed_rule_policy"": 1.0, ""randomized_legal_policy"": 0.0, ""risk_heterogeneous_policy"": 0.0, ""seat_order_neutral_policy"": 0.0, ""speech_and_herding_policy"": 0.0}",4,1,0.2857142857142857
05c4a1a076779216a27e2026f1335788615c124a3cc6fc4be4918c9b0bd223e0,1818966332b8a1873a55584e02f8d449948472c0660d88d9d5739140e920bb88,risk_heterogeneous_policy_seed_44_game_1_seer_check,44,1,risk_heterogeneous_policy,regime_risk_heterogeneous_policy_seed_44_base_1,regime_risk_heterogeneous_policy_seed_44_base_1,regime_risk_heterogeneous_policy_seed_44_base_1,ood_test,C_out_of_distribution,1,night,seer_check,8,village,seer,3,1,1,coverage_balanced,3,1,1,0,1,0,0,0,1,10,0,0,0.3,0,0,0.0,0.3,0,0,0,0,0,1,0,0,0.0,0.3,0,0,0,0,0,0,0,0,0,0,0.5,0,0,0.0,3,0,1,5,1.0,0,0,0,0,0,0.3,1.425,villager,0,0,,,0.3333333333333333,0.14285714285714285,0.14285714285714288,0.0,0.14285714285714288,7,"{""baseline_rule_policy"": 1.0, ""deception_enabled_policy"": 0.0, ""mixed_rule_policy"": 0.0, ""randomized_legal_policy"": 0.0, ""risk_heterogeneous_policy"": 0.0, ""seat_order_neutral_policy"": 0.0, ""speech_and_herding_policy"": 0.0}",1,4,0.7142857142857142
05c4a1a076779216a27e2026f1335788615c124a3cc6fc4be4918c9b0bd223e0,1818966332b8a1873a55584e02f8d449948472c0660d88d9d5739140e920bb88,risk_heterogeneous_policy_seed_44_game_1_seer_check,44,1,risk_heterogeneous_policy,regime_risk_heterogeneous_policy_seed_44_base_1,regime_risk_heterogeneous_policy_seed_44_base_1,regime_risk_heterogeneous_policy_seed_44_base_1,ood_test,C_out_of_distribution,1,night,seer_check,8,village,seer,1,1,0,coverage_balanced,3,1,1,0,1,0,0,0,1,10,0,0,0.3,0,0,0.0,0.3,0,0,0,0,0,1,0,0,0.0,0.3,0,0,0,0,0,0,0,0,0,0,0.5,0,0,0.0,1,1,1,3,0.6,0,0,0,0,0,0.3,1.425,villager,0,0,,,0.3333333333333333,0.8571428571428571,0.14285714285714285,0.0,0.14285714285714285,7,"{""baseline_rule_policy"": 1.0, ""deception_enabled_policy"": 1.0, ""mixed_rule_policy"": 1.0, ""randomized_legal_policy"": 0.0, ""risk_heterogeneous_policy"": 1.0, ""seat_order_neutral_policy"": 1.0, ""speech_and_herding_policy"": 1.0}",1,1,0.7142857142857142
05c4a1a076779216a27e2026f1335788615c124a3cc6fc4be4918c9b0bd223e0,1818966332b8a1873a55584e02f8d449948472c0660d88d9d5739140e920bb88,risk_heterogeneous_policy_seed_44_game_1_seer_check,44,1,risk_heterogeneous_policy,regime_risk_heterogeneous_policy_seed_44_base_1,regime_risk_heterogeneous_policy_seed_44_base_1,regime_risk_heterogeneous_policy_seed_44_base_1,ood_test,C_out_of_distribution,1,night,seer_check,8,village,seer,2,1,0,coverage_balanced,3,1,1,0,1,0,0,0,1,10,0,0,0.3,0,0,0.0,0.3,0,0,0,0,0,1,0,0,0.0,0.3,0,0,0,0,0,0,0,0,0,0,0.5,0,0,0.0,2,0,1,4,0.8,0,0,0,0,0,0.3,1.425,werewolf,1,0,,,0.6666666666666666,0.5714285714285714,0.20203050891044216,0.0,0.28571428571428575,7,"{""baseline_rule_policy"": 1.0, ""deception_enabled_policy"": 1.0, ""mixed_rule_policy"": 0.0, ""randomized_legal_policy"": 1.0, ""risk_heterogeneous_policy"": 1.0, ""seat_order_neutral_policy"": 0.0, ""speech_and_herding_policy"": 0.0}",1,2,0.7142857142857142
05c4a1a076779216a27e2026f1335788615c124a3cc6fc4be4918c9b0bd223e0,1818966332b8a1873a55584e02f8d449948472c0660d88d9d5739140e920bb88,risk_heterogeneous_policy_seed_44_game_1_seer_check,44,1,risk_heterogeneous_policy,regime_risk_heterogeneous_policy_seed_44_base_1,regime_risk_heterogeneous_policy_seed_44_base_1,regime_risk_heterogeneous_policy_seed_44_base_1,ood_test,C_out_of_distribution,1,night,seer_check,8,village,seer,7,1,0,coverage_balanced,3,1,1,0,1,0,0,0,1,10,0,0,0.3,0,0,0.0,0.3,0,0,0,0,0,1,0,0,0.0,0.3,0,0,0,0,0,0,0,0,0,0,0.5,0,0,0.0,7,0,0,1,0.2,0,0,0,0,0,0.3,1.425,werewolf,1,0,,,0.6666666666666666,0.2857142857142857,0.18442777839082938,0.0,0.2380952380952381,7,"{""baseline_rule_policy"": 0.0, ""deception_enabled_policy"": 1.0, ""mixed_rule_policy"": 0.0, ""randomized_legal_policy"": 0.0, ""risk_heterogeneous_policy"": 1.0, ""seat_order_neutral_policy"": 0.0, ""speech_and_herding_policy"": 0.0}",1,3,0.7142857142857142
b7227df557e6261bc30c692ca6b7f8b11e6b92d9e903a7221a4eaf4a079b4e45,e522dce2f346e2717cc01c3976311f909816a286efc2c0f24d53a11f7b06b26e,risk_heterogeneous_policy_seed_44_game_2_seer_check,44,2,risk_heterogeneous_policy,regime_risk_heterogeneous_policy_seed_44_base_2,regime_risk_heterogeneous_policy_seed_44_base_2,regime_risk_heterogeneous_policy_seed_44_base_2,ood_test,C_out_of_distribution,1,night,seer_check,2,village,seer,7,1,1,coverage_balanced,7,1,1,0,1,0,0,0,1,10,0,0,0.3,0,0,0.0,0.3,1,0,0,0,0,1,0,0,0.0,0.3,0,0,0,0,0,0,0,0,0,0,0.5,0,0,0.0,7,0,0,5,1.0,0,0,0,0,0,0.3,1.425,villager,0,0,,,0.6666666666666666,0.2857142857142857,0.18442777839082938,0.0,0.2380952380952381,7,"{""baseline_rule_policy"": 0.0, ""deception_enabled_policy"": 1.0, ""mixed_rule_policy"": 0.0, ""randomized_legal_policy"": 0.0, ""risk_heterogeneous_policy"": 1.0, ""seat_order_neutral_policy"": 0.0, ""speech_and_herding_policy"": 0.0}",7,1,0.0
b7227df557e6261bc30c692ca6b7f8b11e6b92d9e903a7221a4eaf4a079b4e45,e522dce2f346e2717cc01c3976311f909816a286efc2c0f24d53a11f7b06b26e,risk_heterogeneous_policy_seed_44_game_2_seer_check,44,2,risk_heterogeneous_policy,regime_risk_heterogeneous_policy_seed_44_base_2,regime_risk_heterogeneous_policy_seed_44_base_2,regime_risk_heterogeneous_policy_seed_44_base_2,ood_test,C_out_of_distribution,1,night,seer_check,2,village,seer,1,1,0,coverage_balanced,7,1,1,0,1,0,0,0,1,10,0,0,0.3,0,0,0.0,0.3,1,0,0,0,0,1,0,0,0.0,0.3,0,0,0,0,0,0,0,0,0,0,0.5,0,0,0.0,1,1,1,1,0.2,0,0,0,0,0,0.3,1.425,villager,0,0,,,1.0,0.14285714285714285,0.14285714285714288,0.0,0.14285714285714288,7,"{""baseline_rule_policy"": 0.0, ""deception_enabled_policy"": 0.0, ""mixed_rule_policy"": 0.0, ""randomized_legal_policy"": 0.0, ""risk_heterogeneous_policy"": 0.0, ""seat_order_neutral_policy"": 1.0, ""speech_and_herding_policy"": 0.0}",7,2,0.0
b7227df557e6261bc30c692ca6b7f8b11e6b92d9e903a7221a4eaf4a079b4e45,e522dce2f346e2717cc01c3976311f909816a286efc2c0f24d53a11f7b06b26e,risk_heterogeneous_policy_seed_44_game_2_seer_check,44,2,risk_heterogeneous_policy,regime_risk_heterogeneous_policy_seed_44_base_2,regime_risk_heterogeneous_policy_seed_44_base_2,regime_risk_heterogeneous_policy_seed_44_base_2,ood_test,C_out_of_distribution,1,night,seer_check,2,village,seer,9,1,0,coverage_balanced,7,1,1,0,1,0,0,0,1,10,0,0,0.3,0,0,0.0,0.3,1,0,0,0,0,1,0,0,0.0,0.3,0,0,0,0,0,0,0,0,0,0,0.5,0,0,0.0,9,0,0,3,0.6,0,0,0,0,0,0.3,1.425,witch,0,1,,,0.3333333333333333,0.14285714285714285,0.14285714285714288,0.0,0.14285714285714288,7,"{""baseline_rule_policy"": 0.0, ""deception_enabled_policy"": 1.0, ""mixed_rule_policy"": 0.0, ""randomized_legal_policy"": 0.0, ""risk_heterogeneous_policy"": 0.0, ""seat_order_neutral_policy"": 0.0, ""speech_and_herding_policy"": 0.0}",7,2,0.0
b7227df557e6261bc30c692ca6b7f8b11e6b92d9e903a7221a4eaf4a079b4e45,e522dce2f346e2717cc01c3976311f909816a286efc2c0f24d53a11f7b06b26e,risk_heterogeneous_policy_seed_44_game_2_seer_check,44,2,risk_heterogeneous_policy,regime_risk_heterogeneous_policy_seed_44_base_2,regime_risk_heterogeneous_policy_seed_44_base_2,regime_risk_heterogeneous_policy_seed_44_base_2,ood_test,C_out_of_distribution,1,night,seer_check,2,village,seer,5,1,0,coverage_balanced,7,1,1,0,1,0,0,0,1,10,0,0,0.3,0,0,0.0,0.3,1,0,0,0,0,1,0,0,0.0,0.3,0,0,0,0,0,0,0,0,0,0,0.5,0,0,0.0,5,1,1,3,0.6,0,0,0,0,0,0.3,1.425,werewolf,1,0,,,0.3333333333333333,0.14285714285714285,0.14285714285714288,0.0,0.14285714285714288,7,"{""baseline_rule_policy"": 0.0, ""deception_enabled_policy"": 0.0, ""mixed_rule_policy"": 0.0, ""randomized_legal_policy"": 0.0, ""risk_heterogeneous_policy"": 0.0, ""seat_order_neutral_policy"": 0.0, ""speech_and_herding_policy"": 1.0}",7,2,0.0
db6ec3479b632a84ed618204b9249ce19eea3421791bdeccc726a6a16e9b38b9,89faa13eeaa6c747ad455102c47d23e307148955d5dc0686da59401f3dc6d757,risk_heterogeneous_policy_seed_50_game_1_seer_check,50,1,risk_heterogeneous_policy,regime_risk_heterogeneous_policy_seed_50_base_1,regime_risk_heterogeneous_policy_seed_50_base_1,regime_risk_heterogeneous_policy_seed_50_base_1,ood_test,C_out_of_distribution,1,night,seer_check,1,village,seer,6,1,1,coverage_balanced,6,1,1,0,1,0,0,0,1,10,0,0,0.3,0,0,0.0,0.3,1,0,0,0,0,1,0,0,0.0,0.3,0,0,0,0,0,0,0,0,0,0,0.5,0,0,0.0,6,1,0,5,1.0,0,0,0,0,0,0.3,1.425,hunter,0,1,,,0.3333333333333333,0.14285714285714285,0.14285714285714288,0.0,0.14285714285714288,7,"{""baseline_rule_policy"": 0.0, ""deception_enabled_policy"": 0.0, ""mixed_rule_policy"": 0.0, ""randomized_legal_policy"": 0.0, ""risk_heterogeneous_policy"": 1.0, ""seat_order_neutral_policy"": 0.0, ""speech_and_herding_policy"": 0.0}",10,4,0.42857142857142855
db6ec3479b632a84ed618204b9249ce19eea3421791bdeccc726a6a16e9b38b9,89faa13eeaa6c747ad455102c47d23e307148955d5dc0686da59401f3dc6d757,risk_heterogeneous_policy_seed_50_game_1_seer_check,50,1,risk_heterogeneous_policy,regime_risk_heterogeneous_policy_seed_50_base_1,regime_risk_heterogeneous_policy_seed_50_base_1,regime_risk_heterogeneous_policy_seed_50_base_1,ood_test,C_out_of_distribution,1,night,seer_check,1,village,seer,10,1,0,coverage_balanced,6,1,1,0,1,0,0,0,1,10,0,0,0.3,0,0,0.0,0.3,1,0,0,0,0,1,0,0,0.0,0.3,0,0,0,0,0,0,0,0,0,0,0.5,0,0,0.0,10,1,0,1,0.2,0,0,0,0,0,0.3,1.425,villager,0,0,,,0.0,0.5714285714285714,0.20203050891044216,0.0,0.28571428571428575,7,"{""baseline_rule_policy"": 1.0, ""deception_enabled_policy"": 0.0, ""mixed_rule_policy"": 1.0, ""randomized_legal_policy"": 0.0, ""risk_heterogeneous_policy"": 1.0, ""seat_order_neutral_policy"": 1.0, ""speech_and_herding_policy"": 0.0}",10,1,0.42857142857142855
db6ec3479b632a84ed618204b9249ce19eea3421791bdeccc726a6a16e9b38b9,89faa13eeaa6c747ad455102c47d23e307148955d5dc0686da59401f3dc6d757,risk_heterogeneous_policy_seed_50_game_1_seer_check,50,1,risk_heterogeneous_policy,regime_risk_heterogeneous_policy_seed_50_base_1,regime_risk_heterogeneous_policy_seed_50_base_1,regime_risk_heterogeneous_policy_seed_50_base_1,ood_test,C_out_of_distribution,1,night,seer_check,1,village,seer,5,1,0,coverage_balanced,6,1,1,0,1,0,0,0,1,10,0,0,0.3,0,0,0.0,0.3,1,0,0,0,0,1,0,0,0.0,0.3,0,0,0,0,0,0,0,0,0,0,0.5,0,0,0.0,5,1,1,4,0.8,0,0,0,0,0,0.3,1.425,werewolf,1,0,,,1.0,0.2857142857142857,0.18442777839082938,0.0,0.2380952380952381,7,"{""baseline_rule_policy"": 0.0, ""deception_enabled_policy"": 0.0, ""mixed_rule_policy"": 0.0, ""randomized_legal_policy"": 1.0, ""risk_heterogeneous_policy"": 0.0, ""seat_order_neutral_policy"": 1.0, ""speech_and_herding_policy"": 0.0}",10,3,0.42857142857142855
db6ec3479b632a84ed618204b9249ce19eea3421791bdeccc726a6a16e9b38b9,89faa13eeaa6c747ad455102c47d23e307148955d5dc0686da59401f3dc6d757,risk_heterogeneous_policy_seed_50_game_1_seer_check,50,1,risk_heterogeneous_policy,regime_risk_heterogeneous_policy_seed_50_base_1,regime_risk_heterogeneous_policy_seed_50_base_1,regime_risk_heterogeneous_policy_seed_50_base_1,ood_test,C_out_of_distribution,1,night,seer_check,1,village,seer,2,1,0,coverage_balanced,6,1,1,0,1,0,0,0,1,10,0,0,0.3,0,0,0.0,0.3,1,0,0,0,0,1,0,0,0.0,0.3,0,0,0,0,0,0,0,0,0,0,0.5,0,0,0.0,2,0,1,1,0.2,0,0,0,0,0,0.3,1.425,werewolf,1,0,,,1.0,0.42857142857142855,0.20203050891044214,0.0,0.2857142857142857,7,"{""baseline_rule_policy"": 1.0, ""deception_enabled_policy"": 0.0, ""mixed_rule_policy"": 0.0, ""randomized_legal_policy"": 1.0, ""risk_heterogeneous_policy"": 0.0, ""seat_order_neutral_policy"": 0.0, ""speech_and_herding_policy"": 1.0}",10,2,0.42857142857142855
bcf286392d95d4968626dde7ea656de807e43c8b0c21873847a115ac6b6bdd9c,e96869b1bc62448544a04b7fc551924e6ac1437d3b428bc4b2dd8f24986f02af,risk_heterogeneous_policy_seed_50_game_2_seer_check,50,2,risk_heterogeneous_policy,regime_risk_heterogeneous_policy_seed_50_base_2,regime_risk_heterogeneous_policy_seed_50_base_2,regime_risk_heterogeneous_policy_seed_50_base_2,ood_test,C_out_of_distribution,1,night,seer_check,8,village,seer,3,1,1,coverage_balanced,3,1,1,0,1,0,0,0,1,10,0,0,0.3,0,0,0.0,0.3,0,1,0,0,0,1,0,0,0.0,0.3,0,0,0,0,0,0,0,0,0,0,0.5,0,0,0.0,3,0,1,5,1.0,0,0,0,0,0,0.3,1.425,hunter,0,1,,,0.0,0.14285714285714285,0.14285714285714288,0.0,0.14285714285714288,7,"{""baseline_rule_policy"": 0.0, ""deception_enabled_policy"": 0.0, ""mixed_rule_policy"": 0.0, ""randomized_legal_policy"": 1.0, ""risk_heterogeneous_policy"": 0.0, ""seat_order_neutral_policy"": 0.0, ""speech_and_herding_policy"": 0.0}",10,2,0.14285714285714285
bcf286392d95d4968626dde7ea656de807e43c8b0c21873847a115ac6b6bdd9c,e96869b1bc62448544a04b7fc551924e6ac1437d3b428bc4b2dd8f24986f02af,risk_heterogeneous_policy_seed_50_game_2_seer_check,50,2,risk_heterogeneous_policy,regime_risk_heterogeneous_policy_seed_50_base_2,regime_risk_heterogeneous_policy_seed_50_base_2,regime_risk_heterogeneous_policy_seed_50_base_2,ood_test,C_out_of_distribution,1,night,seer_check,8,village,seer,1,1,0,coverage_balanced,3,1,1,0,1,0,0,0,1,10,0,0,0.3,0,0,0.0,0.3,0,1,0,0,0,1,0,0,0.0,0.3,0,0,0,0,0,0,0,0,0,0,0.5,0,0,0.0,1,1,1,3,0.6,0,0,0,0,0,0.3,1.425,witch,0,1,,,0.6666666666666666,0.0,0.0,0.0,0.0,7,"{""baseline_rule_policy"": 0.0, ""deception_enabled_policy"": 0.0, ""mixed_rule_policy"": 0.0, ""randomized_legal_policy"": 0.0, ""risk_heterogeneous_policy"": 0.0, ""seat_order_neutral_policy"": 0.0, ""speech_and_herding_policy"": 0.0}",10,3,0.14285714285714285
bcf286392d95d4968626dde7ea656de807e43c8b0c21873847a115ac6b6bdd9c,e96869b1bc62448544a04b7fc551924e6ac1437d3b428bc4b2dd8f24986f02af,risk_heterogeneous_policy_seed_50_game_2_seer_check,50,2,risk_heterogeneous_policy,regime_risk_heterogeneous_policy_seed_50_base_2,regime_risk_heterogeneous_policy_seed_50_base_2,regime_risk_heterogeneous_policy_seed_50_base_2,ood_test,C_out_of_distribution,1,night,seer_check,8,village,seer,9,1,0,coverage_balanced,3,1,1,0,1,0,0,0,1,10,0,0,0.3,0,0,0.0,0.3,0,1,0,0,0,1,0,0,0.0,0.3,0,0,0,0,0,0,0,0,0,0,0.5,0,0,0.0,9,0,0,1,0.2,0,0,0,0,0,0.3,1.425,villager,0,0,,,0.6666666666666666,0.0,0.0,0.0,0.0,7,"{""baseline_rule_policy"": 0.0, ""deception_enabled_policy"": 0.0, ""mixed_rule_policy"": 0.0, ""randomized_legal_policy"": 0.0, ""risk_heterogeneous_policy"": 0.0, ""seat_order_neutral_policy"": 0.0, ""speech_and_herding_policy"": 0.0}",10,3,0.14285714285714285
bcf286392d95d4968626dde7ea656de807e43c8b0c21873847a115ac6b6bdd9c,e96869b1bc62448544a04b7fc551924e6ac1437d3b428bc4b2dd8f24986f02af,risk_heterogeneous_policy_seed_50_game_2_seer_check,50,2,risk_heterogeneous_policy,regime_risk_heterogeneous_policy_seed_50_base_2,regime_risk_heterogeneous_policy_seed_50_base_2,regime_risk_heterogeneous_policy_seed_50_base_2,ood_test,C_out_of_distribution,1,night,seer_check,8,village,seer,10,1,0,coverage_balanced,3,1,1,0,1,0,0,0,1,10,0,0,0.3,0,0,0.0,0.3,0,1,0,0,0,1,0,0,0.0,0.3,0,0,0,0,0,0,0,0,0,0,0.5,0,0,0.0,10,1,0,2,0.4,0,0,0,0,0,0.3,1.425,villager,0,0,,,0.3333333333333333,0.2857142857142857,0.18442777839082938,0.0,0.2380952380952381,7,"{""baseline_rule_policy"": 0.0, ""deception_enabled_policy"": 0.0, ""mixed_rule_policy"": 0.0, ""randomized_legal_policy"": 1.0, ""risk_heterogeneous_policy"": 1.0, ""seat_order_neutral_policy"": 0.0, ""speech_and_herding_policy"": 0.0}",10,1,0.14285714285714285
