decision_id,observation_id,game_id,seed,base_game_index,behavioral_regime_id,game_family_id,base_configuration_id,split_group_id,split_name,split_level,round,phase,decision_type,actor_uid,actor_team,actor_role_if_self_known,candidate_uid,action_legal,action_selected_by_existing_policy,existing_policy_name,selected_candidate_uid,round_number,phase_is_night,phase_is_day,decision_type_is_seer_check,decision_type_is_wolf_kill,decision_type_is_day_vote,actor_team_is_wolf,actor_team_is_village,alive_count,dead_count,public_revealed_role_count,public_information_entropy_proxy,number_of_public_check_results,number_of_previous_eliminations,actor_suspicion_score,actor_p_wolf,actor_risk_conservative,actor_risk_aggressive,actor_previous_votes_made,actor_previous_speeches_made,actor_known_teammate_count,candidate_alive,candidate_checked_by_actor_status,candidate_public_role_known,candidate_suspicion_score,candidate_p_wolf,candidate_received_accusations,candidate_made_accusations,candidate_wrong_accusation_count,candidate_vote_received_count,candidate_vote_made_count,candidate_vote_switch_count,candidate_speech_count,candidate_defense_count,candidate_role_claim_count,candidate_special_role_claim_count,candidate_trust_from_actor,candidate_conflict_with_actor,candidate_support_from_actor,candidate_public_influence_proxy,candidate_physical_seat_numeric,candidate_seat_is_edge,candidate_side_is_left,candidate_distance_from_actor,candidate_search_coverage_bonus,candidate_was_previously_targeted_by_actor,candidate_known_wolf_to_actor,candidate_known_village_to_actor,candidate_current_vote_count,current_vote_total,candidate_uncertainty_proxy,candidate_survival_proxy,true_candidate_role_label,candidate_is_wolf_label,candidate_is_special_label,eventual_winner_label,actor_team_win_label,surrogate_rollout_value,full_rollout_mean_team_win_rate,full_rollout_team_win_standard_error,full_rollout_worst_case_team_win_rate,full_rollout_value_variance_across_policies,full_rollout_count,full_rollout_policy_values_json,full_rollout_best_action,full_rollout_value_rank_within_decision,full_rollout_existing_policy_regret
ee3414b095b559cbd8e8ef9b31eaa3a84778a28c72c520bba0c6e853bba200fe,43c89d95780b2a183eb8d938958a7672586347dac14c1b455019e931aa19c4fe,baseline_rule_policy_seed_42_game_1_wolf_kill,42,1,baseline_rule_policy,regime_baseline_rule_policy_seed_42_base_1,regime_baseline_rule_policy_seed_42_base_1,regime_baseline_rule_policy_seed_42_base_1,train,A_in_distribution,1,night,wolf_kill,1,wolf,werewolf,10,1,1,seer_first,10,1,1,0,0,1,0,1,0,10,0,0,0.28500000000000003,0,0,0.0,0.3,0,0,0,0,2,1,0,0,0.0,0.3,0,0,0,0,0,0,0,0,0,0,0.5,0,0,0.0,10,1,0,1,0.0,0,0,0,0,0,0.3,1.425,witch,0,1,,,0.3333333333333333,0.5714285714285714,0.20203050891044216,0.0,0.28571428571428575,7,"{""baseline_rule_policy"": 0.0, ""deception_enabled_policy"": 1.0, ""mixed_rule_policy"": 0.0, ""randomized_legal_policy"": 1.0, ""risk_heterogeneous_policy"": 1.0, ""seat_order_neutral_policy"": 1.0, ""speech_and_herding_policy"": 0.0}",10,1,0.0
ee3414b095b559cbd8e8ef9b31eaa3a84778a28c72c520bba0c6e853bba200fe,43c89d95780b2a183eb8d938958a7672586347dac14c1b455019e931aa19c4fe,baseline_rule_policy_seed_42_game_1_wolf_kill,42,1,baseline_rule_policy,regime_baseline_rule_policy_seed_42_base_1,regime_baseline_rule_policy_seed_42_base_1,regime_baseline_rule_policy_seed_42_base_1,train,A_in_distribution,1,night,wolf_kill,1,wolf,werewolf,4,1,0,seer_first,10,1,1,0,0,1,0,1,0,10,0,0,0.28500000000000003,0,0,0.0,0.3,0,0,0,0,2,1,0,0,0.0,0.15,0,0,0,0,0,0,0,0,0,0,0.5,0,0,0.0,4,0,1,3,0.0,0,0,0,0,0,0.15,1.4625,villager,0,0,,,1.0,0.5714285714285714,0.20203050891044216,0.0,0.28571428571428575,7,"{""baseline_rule_policy"": 1.0, ""deception_enabled_policy"": 0.0, ""mixed_rule_policy"": 1.0, ""randomized_legal_policy"": 0.0, ""risk_heterogeneous_policy"": 0.0, ""seat_order_neutral_policy"": 1.0, ""speech_and_herding_policy"": 1.0}",10,1,0.0
ee3414b095b559cbd8e8ef9b31eaa3a84778a28c72c520bba0c6e853bba200fe,43c89d95780b2a183eb8d938958a7672586347dac14c1b455019e931aa19c4fe,baseline_rule_policy_seed_42_game_1_wolf_kill,42,1,baseline_rule_policy,regime_baseline_rule_policy_seed_42_base_1,regime_baseline_rule_policy_seed_42_base_1,regime_baseline_rule_policy_seed_42_base_1,train,A_in_distribution,1,night,wolf_kill,1,wolf,werewolf,6,1,0,seer_first,10,1,1,0,0,1,0,1,0,10,0,0,0.28500000000000003,0,0,0.0,0.3,0,0,0,0,2,1,0,0,0.0,0.3,0,0,0,0,0,0,0,0,0,0,0.5,0,0,0.0,6,1,0,5,0.0,0,0,0,0,0,0.3,1.425,hunter,0,1,,,0.6666666666666666,0.5714285714285714,0.20203050891044216,0.0,0.28571428571428575,7,"{""baseline_rule_policy"": 0.0, ""deception_enabled_policy"": 0.0, ""mixed_rule_policy"": 1.0, ""randomized_legal_policy"": 1.0, ""risk_heterogeneous_policy"": 1.0, ""seat_order_neutral_policy"": 1.0, ""speech_and_herding_policy"": 0.0}",10,1,0.0
ee3414b095b559cbd8e8ef9b31eaa3a84778a28c72c520bba0c6e853bba200fe,43c89d95780b2a183eb8d938958a7672586347dac14c1b455019e931aa19c4fe,baseline_rule_policy_seed_42_game_1_wolf_kill,42,1,baseline_rule_policy,regime_baseline_rule_policy_seed_42_base_1,regime_baseline_rule_policy_seed_42_base_1,regime_baseline_rule_policy_seed_42_base_1,train,A_in_distribution,1,night,wolf_kill,1,wolf,werewolf,7,1,0,seer_first,10,1,1,0,0,1,0,1,0,10,0,0,0.28500000000000003,0,0,0.0,0.3,0,0,0,0,2,1,0,0,0.0,0.3,0,0,0,0,0,0,0,0,0,0,0.5,0,0,0.0,7,0,0,4,0.0,0,0,0,0,0,0.3,1.425,villager,0,0,,,1.0,0.42857142857142855,0.20203050891044214,0.0,0.2857142857142857,7,"{""baseline_rule_policy"": 0.0, ""deception_enabled_policy"": 1.0, ""mixed_rule_policy"": 0.0, ""randomized_legal_policy"": 1.0, ""risk_heterogeneous_policy"": 0.0, ""seat_order_neutral_policy"": 1.0, ""speech_and_herding_policy"": 0.0}",10,4,0.0
587f7c2f0c159cbe2d85929ad4e7932ab8d42d0af6b6f57c010118e0296fc8f1,ca4312d993078d27249233223e09a4a3b6473fe1bc5b434df595444301bf5b66,baseline_rule_policy_seed_42_game_2_wolf_kill,42,2,baseline_rule_policy,regime_baseline_rule_policy_seed_42_base_2,regime_baseline_rule_policy_seed_42_base_2,regime_baseline_rule_policy_seed_42_base_2,train,A_in_distribution,1,night,wolf_kill,2,wolf,werewolf,4,1,1,seer_first,4,1,1,0,0,1,0,1,0,10,0,0,0.28500000000000003,0,0,0.0,0.3,0,0,0,0,2,1,0,0,0.0,0.15,0,0,0,0,0,0,0,0,0,0,0.5,0,0,0.0,4,0,1,2,0.0,0,0,0,0,0,0.15,1.4625,hunter,0,1,,,0.0,0.5714285714285714,0.20203050891044216,0.0,0.28571428571428575,7,"{""baseline_rule_policy"": 0.0, ""deception_enabled_policy"": 0.0, ""mixed_rule_policy"": 1.0, ""randomized_legal_policy"": 1.0, ""risk_heterogeneous_policy"": 1.0, ""seat_order_neutral_policy"": 1.0, ""speech_and_herding_policy"": 0.0}",1,4,0.1428571428571429
587f7c2f0c159cbe2d85929ad4e7932ab8d42d0af6b6f57c010118e0296fc8f1,ca4312d993078d27249233223e09a4a3b6473fe1bc5b434df595444301bf5b66,baseline_rule_policy_seed_42_game_2_wolf_kill,42,2,baseline_rule_policy,regime_baseline_rule_policy_seed_42_base_2,regime_baseline_rule_policy_seed_42_base_2,regime_baseline_rule_policy_seed_42_base_2,train,A_in_distribution,1,night,wolf_kill,2,wolf,werewolf,1,1,0,seer_first,4,1,1,0,0,1,0,1,0,10,0,0,0.28500000000000003,0,0,0.0,0.3,0,0,0,0,2,1,0,0,0.0,0.3,0,0,0,0,0,0,0,0,0,0,0.5,0,0,0.0,1,1,1,1,0.0,0,0,0,0,0,0.3,1.425,villager,0,0,,,0.3333333333333333,0.7142857142857143,0.18442777839082938,0.0,0.2380952380952381,7,"{""baseline_rule_policy"": 0.0, ""deception_enabled_policy"": 0.0, ""mixed_rule_policy"": 1.0, ""randomized_legal_policy"": 1.0, ""risk_heterogeneous_policy"": 1.0, ""seat_order_neutral_policy"": 1.0, ""speech_and_herding_policy"": 1.0}",1,1,0.1428571428571429
587f7c2f0c159cbe2d85929ad4e7932ab8d42d0af6b6f57c010118e0296fc8f1,ca4312d993078d27249233223e09a4a3b6473fe1bc5b434df595444301bf5b66,baseline_rule_policy_seed_42_game_2_wolf_kill,42,2,baseline_rule_policy,regime_baseline_rule_policy_seed_42_base_2,regime_baseline_rule_policy_seed_42_base_2,regime_baseline_rule_policy_seed_42_base_2,train,A_in_distribution,1,night,wolf_kill,2,wolf,werewolf,8,1,0,seer_first,4,1,1,0,0,1,0,1,0,10,0,0,0.28500000000000003,0,0,0.0,0.3,0,0,0,0,2,1,0,0,0.0,0.3,0,0,0,0,0,0,0,0,0,0,0.5,0,0,0.0,8,0,0,4,0.0,0,0,0,0,0,0.3,1.425,villager,0,0,,,1.0,0.7142857142857143,0.18442777839082938,0.0,0.2380952380952381,7,"{""baseline_rule_policy"": 1.0, ""deception_enabled_policy"": 0.0, ""mixed_rule_policy"": 0.0, ""randomized_legal_policy"": 1.0, ""risk_heterogeneous_policy"": 1.0, ""seat_order_neutral_policy"": 1.0, ""speech_and_herding_policy"": 1.0}",1,1,0.1428571428571429
587f7c2f0c159cbe2d85929ad4e7932ab8d42d0af6b6f57c010118e0296fc8f1,ca4312d993078d27249233223e09a4a3b6473fe1bc5b434df595444301bf5b66,baseline_rule_policy_seed_42_game_2_wolf_kill,42,2,baseline_rule_policy,regime_baseline_rule_policy_seed_42_base_2,regime_baseline_rule_policy_seed_42_base_2,regime_baseline_rule_policy_seed_42_base_2,train,A_in_distribution,1,night,wolf_kill,2,wolf,werewolf,9,1,0,seer_first,4,1,1,0,0,1,0,1,0,10,0,0,0.28500000000000003,0,0,0.0,0.3,0,0,0,0,2,1,0,0,0.0,0.3,0,0,0,0,0,0,0,0,0,0,0.5,0,0,0.0,9,0,0,3,0.0,0,0,0,0,0,0.3,1.425,seer,0,1,,,0.6666666666666666,0.7142857142857143,0.18442777839082938,0.0,0.2380952380952381,7,"{""baseline_rule_policy"": 1.0, ""deception_enabled_policy"": 1.0, ""mixed_rule_policy"": 1.0, ""randomized_legal_policy"": 0.0, ""risk_heterogeneous_policy"": 1.0, ""seat_order_neutral_policy"": 1.0, ""speech_and_herding_policy"": 0.0}",1,1,0.1428571428571429
d0f57075d46c446082b1e673065ec44f4578c33dcafb9ca10091a0e762b180c9,e53832e0fff0c612822b50b76adbc08aa9699b2584163a8722389e35e499bb94,baseline_rule_policy_seed_43_game_1_wolf_kill,43,1,baseline_rule_policy,regime_baseline_rule_policy_seed_43_base_1,regime_baseline_rule_policy_seed_43_base_1,regime_baseline_rule_policy_seed_43_base_1,train,A_in_distribution,1,night,wolf_kill,2,wolf,werewolf,4,1,1,seer_first,4,1,1,0,0,1,0,1,0,10,0,0,0.28500000000000003,0,0,0.0,0.3,0,0,0,0,2,1,0,0,0.0,0.3,0,0,0,0,0,0,0,0,0,0,0.5,0,0,0.0,4,0,1,2,0.0,0,0,0,0,0,0.3,1.425,villager,0,0,,,0.6666666666666666,0.7142857142857143,0.18442777839082938,0.0,0.2380952380952381,7,"{""baseline_rule_policy"": 1.0, ""deception_enabled_policy"": 1.0, ""mixed_rule_policy"": 1.0, ""randomized_legal_policy"": 0.0, ""risk_heterogeneous_policy"": 1.0, ""seat_order_neutral_policy"": 0.0, ""speech_and_herding_policy"": 1.0}",9,2,0.1428571428571428
d0f57075d46c446082b1e673065ec44f4578c33dcafb9ca10091a0e762b180c9,e53832e0fff0c612822b50b76adbc08aa9699b2584163a8722389e35e499bb94,baseline_rule_policy_seed_43_game_1_wolf_kill,43,1,baseline_rule_policy,regime_baseline_rule_policy_seed_43_base_1,regime_baseline_rule_policy_seed_43_base_1,regime_baseline_rule_policy_seed_43_base_1,train,A_in_distribution,1,night,wolf_kill,2,wolf,werewolf,1,1,0,seer_first,4,1,1,0,0,1,0,1,0,10,0,0,0.28500000000000003,0,0,0.0,0.3,0,0,0,0,2,1,0,0,0.0,0.3,0,0,0,0,0,0,0,0,0,0,0.5,0,0,0.0,1,1,1,1,0.0,0,0,0,0,0,0.3,1.425,villager,0,0,,,0.0,0.7142857142857143,0.18442777839082938,0.0,0.2380952380952381,7,"{""baseline_rule_policy"": 1.0, ""deception_enabled_policy"": 1.0, ""mixed_rule_policy"": 1.0, ""randomized_legal_policy"": 0.0, ""risk_heterogeneous_policy"": 1.0, ""seat_order_neutral_policy"": 0.0, ""speech_and_herding_policy"": 1.0}",9,2,0.1428571428571428
d0f57075d46c446082b1e673065ec44f4578c33dcafb9ca10091a0e762b180c9,e53832e0fff0c612822b50b76adbc08aa9699b2584163a8722389e35e499bb94,baseline_rule_policy_seed_43_game_1_wolf_kill,43,1,baseline_rule_policy,regime_baseline_rule_policy_seed_43_base_1,regime_baseline_rule_policy_seed_43_base_1,regime_baseline_rule_policy_seed_43_base_1,train,A_in_distribution,1,night,wolf_kill,2,wolf,werewolf,10,1,0,seer_first,4,1,1,0,0,1,0,1,0,10,0,0,0.28500000000000003,0,0,0.0,0.3,0,0,0,0,2,1,0,0,0.0,0.3,0,0,0,0,0,0,0,0,0,0,0.5,0,0,0.0,10,1,0,2,0.0,0,0,0,0,0,0.3,1.425,witch,0,1,,,0.3333333333333333,0.7142857142857143,0.18442777839082938,0.0,0.2380952380952381,7,"{""baseline_rule_policy"": 1.0, ""deception_enabled_policy"": 1.0, ""mixed_rule_policy"": 1.0, ""randomized_legal_policy"": 0.0, ""risk_heterogeneous_policy"": 1.0, ""seat_order_neutral_policy"": 0.0, ""speech_and_herding_policy"": 1.0}",9,2,0.1428571428571428
d0f57075d46c446082b1e673065ec44f4578c33dcafb9ca10091a0e762b180c9,e53832e0fff0c612822b50b76adbc08aa9699b2584163a8722389e35e499bb94,baseline_rule_policy_seed_43_game_1_wolf_kill,43,1,baseline_rule_policy,regime_baseline_rule_policy_seed_43_base_1,regime_baseline_rule_policy_seed_43_base_1,regime_baseline_rule_policy_seed_43_base_1,train,A_in_distribution,1,night,wolf_kill,2,wolf,werewolf,9,1,0,seer_first,4,1,1,0,0,1,0,1,0,10,0,0,0.28500000000000003,0,0,0.0,0.3,0,0,0,0,2,1,0,0,0.0,0.3,0,0,0,0,0,0,0,0,0,0,0.5,0,0,0.0,9,0,0,3,0.0,0,0,0,0,0,0.3,1.425,villager,0,0,,,1.0,0.8571428571428571,0.14285714285714285,0.0,0.14285714285714285,7,"{""baseline_rule_policy"": 1.0, ""deception_enabled_policy"": 1.0, ""mixed_rule_policy"": 1.0, ""randomized_legal_policy"": 1.0, ""risk_heterogeneous_policy"": 1.0, ""seat_order_neutral_policy"": 0.0, ""speech_and_herding_policy"": 1.0}",9,1,0.1428571428571428
91dff9376ca920eb880e0fa337311e87ecfa7e9a239201effeeeb6ca13af436b,bb059f89aec07d43ea965ecbb3eee8d7ed215e7247d165c148ad349660e2fb7e,baseline_rule_policy_seed_43_game_2_wolf_kill,43,2,baseline_rule_policy,regime_baseline_rule_policy_seed_43_base_2,regime_baseline_rule_policy_seed_43_base_2,regime_baseline_rule_policy_seed_43_base_2,train,A_in_distribution,1,night,wolf_kill,4,wolf,werewolf,8,1,1,seer_first,8,1,1,0,0,1,0,1,0,10,0,0,0.28500000000000003,0,0,0.0,0.3,0,0,0,0,2,1,0,0,0.0,0.15,0,0,0,0,0,0,0,0,0,0,0.5,0,0,0.0,8,0,0,4,0.0,0,0,0,0,0,0.15,1.4625,villager,0,0,,,0.3333333333333333,0.7142857142857143,0.18442777839082938,0.0,0.2380952380952381,7,"{""baseline_rule_policy"": 1.0, ""deception_enabled_policy"": 1.0, ""mixed_rule_policy"": 0.0, ""randomized_legal_policy"": 1.0, ""risk_heterogeneous_policy"": 0.0, ""seat_order_neutral_policy"": 1.0, ""speech_and_herding_policy"": 1.0}",3,2,0.1428571428571428
91dff9376ca920eb880e0fa337311e87ecfa7e9a239201effeeeb6ca13af436b,bb059f89aec07d43ea965ecbb3eee8d7ed215e7247d165c148ad349660e2fb7e,baseline_rule_policy_seed_43_game_2_wolf_kill,43,2,baseline_rule_policy,regime_baseline_rule_policy_seed_43_base_2,regime_baseline_rule_policy_seed_43_base_2,regime_baseline_rule_policy_seed_43_base_2,train,A_in_distribution,1,night,wolf_kill,4,wolf,werewolf,1,1,0,seer_first,8,1,1,0,0,1,0,1,0,10,0,0,0.28500000000000003,0,0,0.0,0.3,0,0,0,0,2,1,0,0,0.0,0.3,0,0,0,0,0,0,0,0,0,0,0.5,0,0,0.0,1,1,1,3,0.0,0,0,0,0,0,0.3,1.425,villager,0,0,,,0.6666666666666666,0.7142857142857143,0.18442777839082938,0.0,0.2380952380952381,7,"{""baseline_rule_policy"": 0.0, ""deception_enabled_policy"": 1.0, ""mixed_rule_policy"": 0.0, ""randomized_legal_policy"": 1.0, ""risk_heterogeneous_policy"": 1.0, ""seat_order_neutral_policy"": 1.0, ""speech_and_herding_policy"": 1.0}",3,2,0.1428571428571428
91dff9376ca920eb880e0fa337311e87ecfa7e9a239201effeeeb6ca13af436b,bb059f89aec07d43ea965ecbb3eee8d7ed215e7247d165c148ad349660e2fb7e,baseline_rule_policy_seed_43_game_2_wolf_kill,43,2,baseline_rule_policy,regime_baseline_rule_policy_seed_43_base_2,regime_baseline_rule_policy_seed_43_base_2,regime_baseline_rule_policy_seed_43_base_2,train,A_in_distribution,1,night,wolf_kill,4,wolf,werewolf,5,1,0,seer_first,8,1,1,0,0,1,0,1,0,10,0,0,0.28500000000000003,0,0,0.0,0.3,0,0,0,0,2,1,0,0,0.0,0.3,0,0,0,0,0,0,0,0,0,0,0.5,0,0,0.0,5,1,1,1,0.0,0,0,0,0,0,0.3,1.425,witch,0,1,,,0.6666666666666666,0.5714285714285714,0.20203050891044216,0.0,0.28571428571428575,7,"{""baseline_rule_policy"": 1.0, ""deception_enabled_policy"": 0.0, ""mixed_rule_policy"": 0.0, ""randomized_legal_policy"": 0.0, ""risk_heterogeneous_policy"": 1.0, ""seat_order_neutral_policy"": 1.0, ""speech_and_herding_policy"": 1.0}",3,4,0.1428571428571428
91dff9376ca920eb880e0fa337311e87ecfa7e9a239201effeeeb6ca13af436b,bb059f89aec07d43ea965ecbb3eee8d7ed215e7247d165c148ad349660e2fb7e,baseline_rule_policy_seed_43_game_2_wolf_kill,43,2,baseline_rule_policy,regime_baseline_rule_policy_seed_43_base_2,regime_baseline_rule_policy_seed_43_base_2,regime_baseline_rule_policy_seed_43_base_2,train,A_in_distribution,1,night,wolf_kill,4,wolf,werewolf,3,1,0,seer_first,8,1,1,0,0,1,0,1,0,10,0,0,0.28500000000000003,0,0,0.0,0.3,0,0,0,0,2,1,0,0,0.0,0.3,0,0,0,0,0,0,0,0,0,0,0.5,0,0,0.0,3,0,1,1,0.0,0,0,0,0,0,0.3,1.425,seer,0,1,,,0.6666666666666666,0.8571428571428571,0.14285714285714285,0.0,0.14285714285714285,7,"{""baseline_rule_policy"": 0.0, ""deception_enabled_policy"": 1.0, ""mixed_rule_policy"": 1.0, ""randomized_legal_policy"": 1.0, ""risk_heterogeneous_policy"": 1.0, ""seat_order_neutral_policy"": 1.0, ""speech_and_herding_policy"": 1.0}",3,1,0.1428571428571428
83ca1dc783df5ff5358157a636cf4f8e65cc8995eae9c21ac752fe2635ecde81,cd32a80506cf0ea51a7522653f016111b9d6ddbe13d5ffa6e522fb9e259fcf14,baseline_rule_policy_seed_44_game_1_wolf_kill,44,1,baseline_rule_policy,regime_baseline_rule_policy_seed_44_base_1,regime_baseline_rule_policy_seed_44_base_1,regime_baseline_rule_policy_seed_44_base_1,train,A_in_distribution,1,night,wolf_kill,5,wolf,werewolf,7,1,1,seer_first,7,1,1,0,0,1,0,1,0,10,0,0,0.28500000000000003,0,0,0.0,0.3,0,0,0,0,2,1,0,0,0.0,0.3,0,0,0,0,0,0,0,0,0,0,0.5,0,0,0.0,7,0,0,2,0.0,0,0,0,0,0,0.3,1.425,villager,0,0,,,0.6666666666666666,0.7142857142857143,0.18442777839082938,0.0,0.2380952380952381,7,"{""baseline_rule_policy"": 1.0, ""deception_enabled_policy"": 1.0, ""mixed_rule_policy"": 1.0, ""randomized_legal_policy"": 0.0, ""risk_heterogeneous_policy"": 0.0, ""seat_order_neutral_policy"": 1.0, ""speech_and_herding_policy"": 1.0}",4,3,0.2857142857142857
83ca1dc783df5ff5358157a636cf4f8e65cc8995eae9c21ac752fe2635ecde81,cd32a80506cf0ea51a7522653f016111b9d6ddbe13d5ffa6e522fb9e259fcf14,baseline_rule_policy_seed_44_game_1_wolf_kill,44,1,baseline_rule_policy,regime_baseline_rule_policy_seed_44_base_1,regime_baseline_rule_policy_seed_44_base_1,regime_baseline_rule_policy_seed_44_base_1,train,A_in_distribution,1,night,wolf_kill,5,wolf,werewolf,2,1,0,seer_first,7,1,1,0,0,1,0,1,0,10,0,0,0.28500000000000003,0,0,0.0,0.3,0,0,0,0,2,1,0,0,0.0,0.3,0,0,0,0,0,0,0,0,0,0,0.5,0,0,0.0,2,0,1,3,0.0,0,0,0,0,0,0.3,1.425,villager,0,0,,,0.6666666666666666,0.8571428571428571,0.14285714285714285,0.0,0.14285714285714285,7,"{""baseline_rule_policy"": 1.0, ""deception_enabled_policy"": 1.0, ""mixed_rule_policy"": 1.0, ""randomized_legal_policy"": 1.0, ""risk_heterogeneous_policy"": 0.0, ""seat_order_neutral_policy"": 1.0, ""speech_and_herding_policy"": 1.0}",4,2,0.2857142857142857
83ca1dc783df5ff5358157a636cf4f8e65cc8995eae9c21ac752fe2635ecde81,cd32a80506cf0ea51a7522653f016111b9d6ddbe13d5ffa6e522fb9e259fcf14,baseline_rule_policy_seed_44_game_1_wolf_kill,44,1,baseline_rule_policy,regime_baseline_rule_policy_seed_44_base_1,regime_baseline_rule_policy_seed_44_base_1,regime_baseline_rule_policy_seed_44_base_1,train,A_in_distribution,1,night,wolf_kill,5,wolf,werewolf,1,1,0,seer_first,7,1,1,0,0,1,0,1,0,10,0,0,0.28500000000000003,0,0,0.0,0.3,0,0,0,0,2,1,0,0,0.0,0.15,0,0,0,0,0,0,0,0,0,0,0.5,0,0,0.0,1,1,1,4,0.0,0,0,0,0,0,0.15,1.4625,witch,0,1,,,0.6666666666666666,0.5714285714285714,0.20203050891044216,0.0,0.28571428571428575,7,"{""baseline_rule_policy"": 1.0, ""deception_enabled_policy"": 1.0, ""mixed_rule_policy"": 1.0, ""randomized_legal_policy"": 0.0, ""risk_heterogeneous_policy"": 0.0, ""seat_order_neutral_policy"": 0.0, ""speech_and_herding_policy"": 1.0}",4,4,0.2857142857142857
83ca1dc783df5ff5358157a636cf4f8e65cc8995eae9c21ac752fe2635ecde81,cd32a80506cf0ea51a7522653f016111b9d6ddbe13d5ffa6e522fb9e259fcf14,baseline_rule_policy_seed_44_game_1_wolf_kill,44,1,baseline_rule_policy,regime_baseline_rule_policy_seed_44_base_1,regime_baseline_rule_policy_seed_44_base_1,regime_baseline_rule_policy_seed_44_base_1,train,A_in_distribution,1,night,wolf_kill,5,wolf,werewolf,4,1,0,seer_first,7,1,1,0,0,1,0,1,0,10,0,0,0.28500000000000003,0,0,0.0,0.3,0,0,0,0,2,1,0,0,0.0,0.3,0,0,0,0,0,0,0,0,0,0,0.5,0,0,0.0,4,0,1,1,0.0,0,0,0,0,0,0.3,1.425,villager,0,0,,,0.3333333333333333,1.0,0.0,1.0,0.0,7,"{""baseline_rule_policy"": 1.0, ""deception_enabled_policy"": 1.0, ""mixed_rule_policy"": 1.0, ""randomized_legal_policy"": 1.0, ""risk_heterogeneous_policy"": 1.0, ""seat_order_neutral_policy"": 1.0, ""speech_and_herding_policy"": 1.0}",4,1,0.2857142857142857
6f86450348f9bf4134c4ecd87bf21f8ea675aeecc032fa4dcc666e28067cdeb3,2f526c4f5d209859d42e21ff8ecb787b3d9c02a5c281c866a62d67e9408b8795,baseline_rule_policy_seed_44_game_2_wolf_kill,44,2,baseline_rule_policy,regime_baseline_rule_policy_seed_44_base_2,regime_baseline_rule_policy_seed_44_base_2,regime_baseline_rule_policy_seed_44_base_2,train,A_in_distribution,1,night,wolf_kill,4,wolf,werewolf,10,1,1,seer_first,10,1,1,0,0,1,0,1,0,10,0,0,0.28500000000000003,0,0,0.0,0.3,0,0,0,0,2,1,0,0,0.0,0.3,0,0,0,0,0,0,0,0,0,0,0.5,0,0,0.0,10,1,0,4,0.0,0,0,0,0,0,0.3,1.425,villager,0,0,,,1.0,0.8571428571428571,0.14285714285714285,0.0,0.14285714285714285,7,"{""baseline_rule_policy"": 1.0, ""deception_enabled_policy"": 1.0, ""mixed_rule_policy"": 1.0, ""randomized_legal_policy"": 1.0, ""risk_heterogeneous_policy"": 1.0, ""seat_order_neutral_policy"": 1.0, ""speech_and_herding_policy"": 0.0}",9,2,0.1428571428571429
6f86450348f9bf4134c4ecd87bf21f8ea675aeecc032fa4dcc666e28067cdeb3,2f526c4f5d209859d42e21ff8ecb787b3d9c02a5c281c866a62d67e9408b8795,baseline_rule_policy_seed_44_game_2_wolf_kill,44,2,baseline_rule_policy,regime_baseline_rule_policy_seed_44_base_2,regime_baseline_rule_policy_seed_44_base_2,regime_baseline_rule_policy_seed_44_base_2,train,A_in_distribution,1,night,wolf_kill,4,wolf,werewolf,1,1,0,seer_first,10,1,1,0,0,1,0,1,0,10,0,0,0.28500000000000003,0,0,0.0,0.3,0,0,0,0,2,1,0,0,0.0,0.3,0,0,0,0,0,0,0,0,0,0,0.5,0,0,0.0,1,1,1,3,0.0,0,0,0,0,0,0.3,1.425,witch,0,1,,,0.3333333333333333,0.7142857142857143,0.18442777839082938,0.0,0.2380952380952381,7,"{""baseline_rule_policy"": 0.0, ""deception_enabled_policy"": 1.0, ""mixed_rule_policy"": 1.0, ""randomized_legal_policy"": 1.0, ""risk_heterogeneous_policy"": 0.0, ""seat_order_neutral_policy"": 1.0, ""speech_and_herding_policy"": 1.0}",9,4,0.1428571428571429
6f86450348f9bf4134c4ecd87bf21f8ea675aeecc032fa4dcc666e28067cdeb3,2f526c4f5d209859d42e21ff8ecb787b3d9c02a5c281c866a62d67e9408b8795,baseline_rule_policy_seed_44_game_2_wolf_kill,44,2,baseline_rule_policy,regime_baseline_rule_policy_seed_44_base_2,regime_baseline_rule_policy_seed_44_base_2,regime_baseline_rule_policy_seed_44_base_2,train,A_in_distribution,1,night,wolf_kill,4,wolf,werewolf,6,1,0,seer_first,10,1,1,0,0,1,0,1,0,10,0,0,0.28500000000000003,0,0,0.0,0.3,0,0,0,0,2,1,0,0,0.0,0.3,0,0,0,0,0,0,0,0,0,0,0.5,0,0,0.0,6,1,0,2,0.0,0,0,0,0,0,0.3,1.425,villager,0,0,,,0.6666666666666666,0.8571428571428571,0.14285714285714285,0.0,0.14285714285714285,7,"{""baseline_rule_policy"": 0.0, ""deception_enabled_policy"": 1.0, ""mixed_rule_policy"": 1.0, ""randomized_legal_policy"": 1.0, ""risk_heterogeneous_policy"": 1.0, ""seat_order_neutral_policy"": 1.0, ""speech_and_herding_policy"": 1.0}",9,2,0.1428571428571429
6f86450348f9bf4134c4ecd87bf21f8ea675aeecc032fa4dcc666e28067cdeb3,2f526c4f5d209859d42e21ff8ecb787b3d9c02a5c281c866a62d67e9408b8795,baseline_rule_policy_seed_44_game_2_wolf_kill,44,2,baseline_rule_policy,regime_baseline_rule_policy_seed_44_base_2,regime_baseline_rule_policy_seed_44_base_2,regime_baseline_rule_policy_seed_44_base_2,train,A_in_distribution,1,night,wolf_kill,4,wolf,werewolf,9,1,0,seer_first,10,1,1,0,0,1,0,1,0,10,0,0,0.28500000000000003,0,0,0.0,0.3,0,0,0,0,2,1,0,0,0.0,0.3,0,0,0,0,0,0,0,0,0,0,0.5,0,0,0.0,9,0,0,5,0.0,0,0,0,0,0,0.3,1.425,hunter,0,1,,,0.6666666666666666,1.0,0.0,1.0,0.0,7,"{""baseline_rule_policy"": 1.0, ""deception_enabled_policy"": 1.0, ""mixed_rule_policy"": 1.0, ""randomized_legal_policy"": 1.0, ""risk_heterogeneous_policy"": 1.0, ""seat_order_neutral_policy"": 1.0, ""speech_and_herding_policy"": 1.0}",9,1,0.1428571428571429
bc1b2242918f590d41108ac3e038a5dfcb64c5bd4e7094b2bb27777f8438f9b6,9845bd1e58e6375e85e285c8c43fe35317d517ad00e47bd4e384ed1059ebe2c1,baseline_rule_policy_seed_50_game_1_wolf_kill,50,1,baseline_rule_policy,regime_baseline_rule_policy_seed_50_base_1,regime_baseline_rule_policy_seed_50_base_1,regime_baseline_rule_policy_seed_50_base_1,validation,A_in_distribution,1,night,wolf_kill,7,wolf,werewolf,1,1,1,seer_first,1,1,1,0,0,1,0,1,0,10,0,0,0.315,0,0,0.0,0.3,0,0,0,0,2,1,0,0,0.0,0.3,0,0,0,0,0,0,0,0,0,0,0.5,0,0,0.0,1,1,1,4,0.0,0,0,0,0,0,0.3,1.425,villager,0,0,,,0.6666666666666666,0.5714285714285714,0.20203050891044216,0.0,0.28571428571428575,7,"{""baseline_rule_policy"": 0.0, ""deception_enabled_policy"": 1.0, ""mixed_rule_policy"": 0.0, ""randomized_legal_policy"": 1.0, ""risk_heterogeneous_policy"": 0.0, ""seat_order_neutral_policy"": 1.0, ""speech_and_herding_policy"": 1.0}",2,2,0.1428571428571429
bc1b2242918f590d41108ac3e038a5dfcb64c5bd4e7094b2bb27777f8438f9b6,9845bd1e58e6375e85e285c8c43fe35317d517ad00e47bd4e384ed1059ebe2c1,baseline_rule_policy_seed_50_game_1_wolf_kill,50,1,baseline_rule_policy,regime_baseline_rule_policy_seed_50_base_1,regime_baseline_rule_policy_seed_50_base_1,regime_baseline_rule_policy_seed_50_base_1,validation,A_in_distribution,1,night,wolf_kill,7,wolf,werewolf,2,1,0,seer_first,1,1,1,0,0,1,0,1,0,10,0,0,0.315,0,0,0.0,0.3,0,0,0,0,2,1,0,0,0.0,0.3,0,0,0,0,0,0,0,0,0,0,0.5,0,0,0.0,2,0,1,5,0.0,0,0,0,0,0,0.3,1.425,villager,0,0,,,0.3333333333333333,0.7142857142857143,0.18442777839082938,0.0,0.2380952380952381,7,"{""baseline_rule_policy"": 1.0, ""deception_enabled_policy"": 0.0, ""mixed_rule_policy"": 1.0, ""randomized_legal_policy"": 1.0, ""risk_heterogeneous_policy"": 1.0, ""seat_order_neutral_policy"": 0.0, ""speech_and_herding_policy"": 1.0}",2,1,0.1428571428571429
bc1b2242918f590d41108ac3e038a5dfcb64c5bd4e7094b2bb27777f8438f9b6,9845bd1e58e6375e85e285c8c43fe35317d517ad00e47bd4e384ed1059ebe2c1,baseline_rule_policy_seed_50_game_1_wolf_kill,50,1,baseline_rule_policy,regime_baseline_rule_policy_seed_50_base_1,regime_baseline_rule_policy_seed_50_base_1,regime_baseline_rule_policy_seed_50_base_1,validation,A_in_distribution,1,night,wolf_kill,7,wolf,werewolf,6,1,0,seer_first,1,1,1,0,0,1,0,1,0,10,0,0,0.315,0,0,0.0,0.3,0,0,0,0,2,1,0,0,0.0,0.3,0,0,0,0,0,0,0,0,0,0,0.5,0,0,0.0,6,1,0,1,0.0,0,0,0,0,0,0.3,1.425,villager,0,0,,,0.3333333333333333,0.2857142857142857,0.18442777839082938,0.0,0.2380952380952381,7,"{""baseline_rule_policy"": 1.0, ""deception_enabled_policy"": 0.0, ""mixed_rule_policy"": 0.0, ""randomized_legal_policy"": 1.0, ""risk_heterogeneous_policy"": 0.0, ""seat_order_neutral_policy"": 0.0, ""speech_and_herding_policy"": 0.0}",2,4,0.1428571428571429
bc1b2242918f590d41108ac3e038a5dfcb64c5bd4e7094b2bb27777f8438f9b6,9845bd1e58e6375e85e285c8c43fe35317d517ad00e47bd4e384ed1059ebe2c1,baseline_rule_policy_seed_50_game_1_wolf_kill,50,1,baseline_rule_policy,regime_baseline_rule_policy_seed_50_base_1,regime_baseline_rule_policy_seed_50_base_1,regime_baseline_rule_policy_seed_50_base_1,validation,A_in_distribution,1,night,wolf_kill,7,wolf,werewolf,4,1,0,seer_first,1,1,1,0,0,1,0,1,0,10,0,0,0.315,0,0,0.0,0.3,0,0,0,0,2,1,0,0,0.0,0.3,0,0,0,0,0,0,0,0,0,0,0.5,0,0,0.0,4,0,1,3,0.0,0,0,0,0,0,0.3,1.425,seer,0,1,,,0.6666666666666666,0.42857142857142855,0.20203050891044214,0.0,0.2857142857142857,7,"{""baseline_rule_policy"": 1.0, ""deception_enabled_policy"": 0.0, ""mixed_rule_policy"": 0.0, ""randomized_legal_policy"": 1.0, ""risk_heterogeneous_policy"": 1.0, ""seat_order_neutral_policy"": 0.0, ""speech_and_herding_policy"": 0.0}",2,3,0.1428571428571429
e9cf6a7f6ba4a912fec50533a931a0adb97cd04ea0624f35296d442d430be857,fdd204c8388be9f201fcd6a62b3c863f504262fe39bd205881a16df6aefccaa7,baseline_rule_policy_seed_50_game_2_wolf_kill,50,2,baseline_rule_policy,regime_baseline_rule_policy_seed_50_base_2,regime_baseline_rule_policy_seed_50_base_2,regime_baseline_rule_policy_seed_50_base_2,validation,A_in_distribution,1,night,wolf_kill,4,wolf,werewolf,1,1,1,seer_first,1,1,1,0,0,1,0,1,0,10,0,0,0.28500000000000003,0,0,0.0,0.3,0,0,0,0,2,1,0,0,0.0,0.3,0,0,0,0,0,0,0,0,0,0,0.5,0,0,0.0,1,1,1,3,0.0,0,0,0,0,0,0.3,1.425,villager,0,0,,,0.3333333333333333,0.7142857142857143,0.18442777839082938,0.0,0.2380952380952381,7,"{""baseline_rule_policy"": 1.0, ""deception_enabled_policy"": 0.0, ""mixed_rule_policy"": 1.0, ""randomized_legal_policy"": 1.0, ""risk_heterogeneous_policy"": 1.0, ""seat_order_neutral_policy"": 0.0, ""speech_and_herding_policy"": 1.0}",5,3,0.2857142857142857
e9cf6a7f6ba4a912fec50533a931a0adb97cd04ea0624f35296d442d430be857,fdd204c8388be9f201fcd6a62b3c863f504262fe39bd205881a16df6aefccaa7,baseline_rule_policy_seed_50_game_2_wolf_kill,50,2,baseline_rule_policy,regime_baseline_rule_policy_seed_50_base_2,regime_baseline_rule_policy_seed_50_base_2,regime_baseline_rule_policy_seed_50_base_2,validation,A_in_distribution,1,night,wolf_kill,4,wolf,werewolf,3,1,0,seer_first,1,1,1,0,0,1,0,1,0,10,0,0,0.28500000000000003,0,0,0.0,0.3,0,0,0,0,2,1,0,0,0.0,0.3,0,0,0,0,0,0,0,0,0,0,0.5,0,0,0.0,3,0,1,1,0.0,0,0,0,0,0,0.3,1.425,villager,0,0,,,0.3333333333333333,0.8571428571428571,0.14285714285714285,0.0,0.14285714285714285,7,"{""baseline_rule_policy"": 1.0, ""deception_enabled_policy"": 1.0, ""mixed_rule_policy"": 1.0, ""randomized_legal_policy"": 1.0, ""risk_heterogeneous_policy"": 1.0, ""seat_order_neutral_policy"": 0.0, ""speech_and_herding_policy"": 1.0}",5,2,0.2857142857142857
e9cf6a7f6ba4a912fec50533a931a0adb97cd04ea0624f35296d442d430be857,fdd204c8388be9f201fcd6a62b3c863f504262fe39bd205881a16df6aefccaa7,baseline_rule_policy_seed_50_game_2_wolf_kill,50,2,baseline_rule_policy,regime_baseline_rule_policy_seed_50_base_2,regime_baseline_rule_policy_seed_50_base_2,regime_baseline_rule_policy_seed_50_base_2,validation,A_in_distribution,1,night,wolf_kill,4,wolf,werewolf,5,1,0,seer_first,1,1,1,0,0,1,0,1,0,10,0,0,0.28500000000000003,0,0,0.0,0.3,0,0,0,0,2,1,0,0,0.0,0.15,0,0,0,0,0,0,0,0,0,0,0.5,0,0,0.0,5,1,1,1,0.0,0,0,0,0,0,0.15,1.4625,witch,0,1,,,0.6666666666666666,1.0,0.0,1.0,0.0,7,"{""baseline_rule_policy"": 1.0, ""deception_enabled_policy"": 1.0, ""mixed_rule_policy"": 1.0, ""randomized_legal_policy"": 1.0, ""risk_heterogeneous_policy"": 1.0, ""seat_order_neutral_policy"": 1.0, ""speech_and_herding_policy"": 1.0}",5,1,0.2857142857142857
e9cf6a7f6ba4a912fec50533a931a0adb97cd04ea0624f35296d442d430be857,fdd204c8388be9f201fcd6a62b3c863f504262fe39bd205881a16df6aefccaa7,baseline_rule_policy_seed_50_game_2_wolf_kill,50,2,baseline_rule_policy,regime_baseline_rule_policy_seed_50_base_2,regime_baseline_rule_policy_seed_50_base_2,regime_baseline_rule_policy_seed_50_base_2,validation,A_in_distribution,1,night,wolf_kill,4,wolf,werewolf,10,1,0,seer_first,1,1,1,0,0,1,0,1,0,10,0,0,0.28500000000000003,0,0,0.0,0.3,0,0,0,0,2,1,0,0,0.0,0.3,0,0,0,0,0,0,0,0,0,0,0.5,0,0,0.0,10,1,0,4,0.0,0,0,0,0,0,0.3,1.425,seer,0,1,,,0.6666666666666666,0.7142857142857143,0.18442777839082938,0.0,0.2380952380952381,7,"{""baseline_rule_policy"": 0.0, ""deception_enabled_policy"": 1.0, ""mixed_rule_policy"": 1.0, ""randomized_legal_policy"": 1.0, ""risk_heterogeneous_policy"": 1.0, ""seat_order_neutral_policy"": 0.0, ""speech_and_herding_policy"": 1.0}",5,3,0.2857142857142857
4cf9cefdb81719a60dc1c806606fd8147fdd8fa95c261ab9fca1ec2161e2dce8,fd91ab009288e91bc8f8fb8e3ee453f4cacfa32556d65c99af652ba33704a6b2,baseline_rule_policy_seed_52_game_1_wolf_kill,52,1,baseline_rule_policy,regime_baseline_rule_policy_seed_52_base_1,regime_baseline_rule_policy_seed_52_base_1,regime_baseline_rule_policy_seed_52_base_1,final_test,B_unseen_seed,1,night,wolf_kill,4,wolf,werewolf,10,1,1,seer_first,10,1,1,0,0,1,0,1,0,10,0,0,0.28500000000000003,0,0,0.0,0.3,0,0,0,0,2,1,0,0,0.0,0.15,0,0,0,0,0,0,0,0,0,0,0.5,0,0,0.0,10,1,0,4,0.0,0,0,0,0,0,0.15,1.4625,villager,0,0,,,0.0,1.0,0.0,1.0,0.0,7,"{""baseline_rule_policy"": 1.0, ""deception_enabled_policy"": 1.0, ""mixed_rule_policy"": 1.0, ""randomized_legal_policy"": 1.0, ""risk_heterogeneous_policy"": 1.0, ""seat_order_neutral_policy"": 1.0, ""speech_and_herding_policy"": 1.0}",1,1,0.0
4cf9cefdb81719a60dc1c806606fd8147fdd8fa95c261ab9fca1ec2161e2dce8,fd91ab009288e91bc8f8fb8e3ee453f4cacfa32556d65c99af652ba33704a6b2,baseline_rule_policy_seed_52_game_1_wolf_kill,52,1,baseline_rule_policy,regime_baseline_rule_policy_seed_52_base_1,regime_baseline_rule_policy_seed_52_base_1,regime_baseline_rule_policy_seed_52_base_1,final_test,B_unseen_seed,1,night,wolf_kill,4,wolf,werewolf,1,1,0,seer_first,10,1,1,0,0,1,0,1,0,10,0,0,0.28500000000000003,0,0,0.0,0.3,0,0,0,0,2,1,0,0,0.0,0.3,0,0,0,0,0,0,0,0,0,0,0.5,0,0,0.0,1,1,1,3,0.0,0,0,0,0,0,0.3,1.425,villager,0,0,,,0.6666666666666666,1.0,0.0,1.0,0.0,7,"{""baseline_rule_policy"": 1.0, ""deception_enabled_policy"": 1.0, ""mixed_rule_policy"": 1.0, ""randomized_legal_policy"": 1.0, ""risk_heterogeneous_policy"": 1.0, ""seat_order_neutral_policy"": 1.0, ""speech_and_herding_policy"": 1.0}",1,1,0.0
4cf9cefdb81719a60dc1c806606fd8147fdd8fa95c261ab9fca1ec2161e2dce8,fd91ab009288e91bc8f8fb8e3ee453f4cacfa32556d65c99af652ba33704a6b2,baseline_rule_policy_seed_52_game_1_wolf_kill,52,1,baseline_rule_policy,regime_baseline_rule_policy_seed_52_base_1,regime_baseline_rule_policy_seed_52_base_1,regime_baseline_rule_policy_seed_52_base_1,final_test,B_unseen_seed,1,night,wolf_kill,4,wolf,werewolf,2,1,0,seer_first,10,1,1,0,0,1,0,1,0,10,0,0,0.28500000000000003,0,0,0.0,0.3,0,0,0,0,2,1,0,0,0.0,0.3,0,0,0,0,0,0,0,0,0,0,0.5,0,0,0.0,2,0,1,2,0.0,0,0,0,0,0,0.3,1.425,hunter,0,1,,,1.0,0.8571428571428571,0.14285714285714285,0.0,0.14285714285714285,7,"{""baseline_rule_policy"": 1.0, ""deception_enabled_policy"": 1.0, ""mixed_rule_policy"": 1.0, ""randomized_legal_policy"": 1.0, ""risk_heterogeneous_policy"": 1.0, ""seat_order_neutral_policy"": 1.0, ""speech_and_herding_policy"": 0.0}",1,4,0.0
4cf9cefdb81719a60dc1c806606fd8147fdd8fa95c261ab9fca1ec2161e2dce8,fd91ab009288e91bc8f8fb8e3ee453f4cacfa32556d65c99af652ba33704a6b2,baseline_rule_policy_seed_52_game_1_wolf_kill,52,1,baseline_rule_policy,regime_baseline_rule_policy_seed_52_base_1,regime_baseline_rule_policy_seed_52_base_1,regime_baseline_rule_policy_seed_52_base_1,final_test,B_unseen_seed,1,night,wolf_kill,4,wolf,werewolf,3,1,0,seer_first,10,1,1,0,0,1,0,1,0,10,0,0,0.28500000000000003,0,0,0.0,0.3,0,0,0,0,2,1,0,0,0.0,0.3,0,0,0,0,0,0,0,0,0,0,0.5,0,0,0.0,3,0,1,1,0.0,0,0,0,0,0,0.3,1.425,witch,0,1,,,1.0,1.0,0.0,1.0,0.0,7,"{""baseline_rule_policy"": 1.0, ""deception_enabled_policy"": 1.0, ""mixed_rule_policy"": 1.0, ""randomized_legal_policy"": 1.0, ""risk_heterogeneous_policy"": 1.0, ""seat_order_neutral_policy"": 1.0, ""speech_and_herding_policy"": 1.0}",1,1,0.0
6f1c00c96c9c8bf850090fca89ea86520a9b6af1cc0a35787b67ee1711073b3d,9da5902409ef538d396bef068b73034c3b8249ec471d2cd7d1a94cf9572eecf2,baseline_rule_policy_seed_52_game_2_wolf_kill,52,2,baseline_rule_policy,regime_baseline_rule_policy_seed_52_base_2,regime_baseline_rule_policy_seed_52_base_2,regime_baseline_rule_policy_seed_52_base_2,final_test,B_unseen_seed,1,night,wolf_kill,1,wolf,werewolf,4,1,1,seer_first,4,1,1,0,0,1,0,1,0,10,0,0,0.315,0,0,0.25,0.55,0,0,0,0,2,1,0,0,0.0,0.3,0,0,0,0,0,0,0,0,0,0,0.5,0,0,0.0,4,0,1,3,0.0,0,0,0,0,0,0.3,1.425,villager,0,0,,,1.0,0.2857142857142857,0.18442777839082938,0.0,0.2380952380952381,7,"{""baseline_rule_policy"": 0.0, ""deception_enabled_policy"": 0.0, ""mixed_rule_policy"": 0.0, ""randomized_legal_policy"": 0.0, ""risk_heterogeneous_policy"": 0.0, ""seat_order_neutral_policy"": 1.0, ""speech_and_herding_policy"": 1.0}",7,4,0.4285714285714286
6f1c00c96c9c8bf850090fca89ea86520a9b6af1cc0a35787b67ee1711073b3d,9da5902409ef538d396bef068b73034c3b8249ec471d2cd7d1a94cf9572eecf2,baseline_rule_policy_seed_52_game_2_wolf_kill,52,2,baseline_rule_policy,regime_baseline_rule_policy_seed_52_base_2,regime_baseline_rule_policy_seed_52_base_2,regime_baseline_rule_policy_seed_52_base_2,final_test,B_unseen_seed,1,night,wolf_kill,1,wolf,werewolf,10,1,0,seer_first,4,1,1,0,0,1,0,1,0,10,0,0,0.315,0,0,0.25,0.55,0,0,0,0,2,1,0,0,0.0,0.3,0,0,0,0,0,0,0,0,0,0,0.5,0,0,0.0,10,1,0,1,0.0,0,0,0,0,0,0.3,1.425,villager,0,0,,,0.6666666666666666,0.5714285714285714,0.20203050891044216,0.0,0.28571428571428575,7,"{""baseline_rule_policy"": 0.0, ""deception_enabled_policy"": 0.0, ""mixed_rule_policy"": 1.0, ""randomized_legal_policy"": 1.0, ""risk_heterogeneous_policy"": 0.0, ""seat_order_neutral_policy"": 1.0, ""speech_and_herding_policy"": 1.0}",7,2,0.4285714285714286
6f1c00c96c9c8bf850090fca89ea86520a9b6af1cc0a35787b67ee1711073b3d,9da5902409ef538d396bef068b73034c3b8249ec471d2cd7d1a94cf9572eecf2,baseline_rule_policy_seed_52_game_2_wolf_kill,52,2,baseline_rule_policy,regime_baseline_rule_policy_seed_52_base_2,regime_baseline_rule_policy_seed_52_base_2,regime_baseline_rule_policy_seed_52_base_2,final_test,B_unseen_seed,1,night,wolf_kill,1,wolf,werewolf,7,1,0,seer_first,4,1,1,0,0,1,0,1,0,10,0,0,0.315,0,0,0.25,0.55,0,0,0,0,2,1,0,0,0.0,0.3,0,0,0,0,0,0,0,0,0,0,0.5,0,0,0.0,7,0,0,4,0.0,0,0,0,0,0,0.3,1.425,villager,0,0,,,0.6666666666666666,0.7142857142857143,0.18442777839082938,0.0,0.2380952380952381,7,"{""baseline_rule_policy"": 1.0, ""deception_enabled_policy"": 0.0, ""mixed_rule_policy"": 1.0, ""randomized_legal_policy"": 1.0, ""risk_heterogeneous_policy"": 0.0, ""seat_order_neutral_policy"": 1.0, ""speech_and_herding_policy"": 1.0}",7,1,0.4285714285714286
6f1c00c96c9c8bf850090fca89ea86520a9b6af1cc0a35787b67ee1711073b3d,9da5902409ef538d396bef068b73034c3b8249ec471d2cd7d1a94cf9572eecf2,baseline_rule_policy_seed_52_game_2_wolf_kill,52,2,baseline_rule_policy,regime_baseline_rule_policy_seed_52_base_2,regime_baseline_rule_policy_seed_52_base_2,regime_baseline_rule_policy_seed_52_base_2,final_test,B_unseen_seed,1,night,wolf_kill,1,wolf,werewolf,6,1,0,seer_first,4,1,1,0,0,1,0,1,0,10,0,0,0.315,0,0,0.25,0.55,0,0,0,0,2,1,0,0,0.0,0.3,0,0,0,0,0,0,0,0,0,0,0.5,0,0,0.0,6,1,0,5,0.0,0,0,0,0,0,0.3,1.425,seer,0,1,,,0.6666666666666666,0.5714285714285714,0.20203050891044216,0.0,0.28571428571428575,7,"{""baseline_rule_policy"": 1.0, ""deception_enabled_policy"": 0.0, ""mixed_rule_policy"": 1.0, ""randomized_legal_policy"": 1.0, ""risk_heterogeneous_policy"": 0.0, ""seat_order_neutral_policy"": 1.0, ""speech_and_herding_policy"": 0.0}",7,2,0.4285714285714286
3c2e324cea7e0fd2734acd9c69deeca619599d7225fe124f8afe2f06a95d5ed7,7c93f45effb3bdc9aa0e4a65fe321d9ff58aa6280201dafcca1b601121d62c99,baseline_rule_policy_seed_53_game_1_wolf_kill,53,1,baseline_rule_policy,regime_baseline_rule_policy_seed_53_base_1,regime_baseline_rule_policy_seed_53_base_1,regime_baseline_rule_policy_seed_53_base_1,final_test,B_unseen_seed,1,night,wolf_kill,2,wolf,werewolf,5,1,1,seer_first,5,1,1,0,0,1,0,1,0,10,0,0,0.28500000000000003,0,0,0.0,0.3,0,0,0,0,2,1,0,0,0.0,0.15,0,0,0,0,0,0,0,0,0,0,0.5,0,0,0.0,5,1,1,3,0.0,0,0,0,0,0,0.15,1.4625,villager,0,0,,,0.6666666666666666,0.8571428571428571,0.14285714285714285,0.0,0.14285714285714285,7,"{""baseline_rule_policy"": 0.0, ""deception_enabled_policy"": 1.0, ""mixed_rule_policy"": 1.0, ""randomized_legal_policy"": 1.0, ""risk_heterogeneous_policy"": 1.0, ""seat_order_neutral_policy"": 1.0, ""speech_and_herding_policy"": 1.0}",1,3,0.1428571428571429
3c2e324cea7e0fd2734acd9c69deeca619599d7225fe124f8afe2f06a95d5ed7,7c93f45effb3bdc9aa0e4a65fe321d9ff58aa6280201dafcca1b601121d62c99,baseline_rule_policy_seed_53_game_1_wolf_kill,53,1,baseline_rule_policy,regime_baseline_rule_policy_seed_53_base_1,regime_baseline_rule_policy_seed_53_base_1,regime_baseline_rule_policy_seed_53_base_1,final_test,B_unseen_seed,1,night,wolf_kill,2,wolf,werewolf,1,1,0,seer_first,5,1,1,0,0,1,0,1,0,10,0,0,0.28500000000000003,0,0,0.0,0.3,0,0,0,0,2,1,0,0,0.0,0.3,0,0,0,0,0,0,0,0,0,0,0.5,0,0,0.0,1,1,1,1,0.0,0,0,0,0,0,0.3,1.425,witch,0,1,,,0.6666666666666666,1.0,0.0,1.0,0.0,7,"{""baseline_rule_policy"": 1.0, ""deception_enabled_policy"": 1.0, ""mixed_rule_policy"": 1.0, ""randomized_legal_policy"": 1.0, ""risk_heterogeneous_policy"": 1.0, ""seat_order_neutral_policy"": 1.0, ""speech_and_herding_policy"": 1.0}",1,1,0.1428571428571429
3c2e324cea7e0fd2734acd9c69deeca619599d7225fe124f8afe2f06a95d5ed7,7c93f45effb3bdc9aa0e4a65fe321d9ff58aa6280201dafcca1b601121d62c99,baseline_rule_policy_seed_53_game_1_wolf_kill,53,1,baseline_rule_policy,regime_baseline_rule_policy_seed_53_base_1,regime_baseline_rule_policy_seed_53_base_1,regime_baseline_rule_policy_seed_53_base_1,final_test,B_unseen_seed,1,night,wolf_kill,2,wolf,werewolf,9,1,0,seer_first,5,1,1,0,0,1,0,1,0,10,0,0,0.28500000000000003,0,0,0.0,0.3,0,0,0,0,2,1,0,0,0.0,0.3,0,0,0,0,0,0,0,0,0,0,0.5,0,0,0.0,9,0,0,3,0.0,0,0,0,0,0,0.3,1.425,hunter,0,1,,,0.6666666666666666,1.0,0.0,1.0,0.0,7,"{""baseline_rule_policy"": 1.0, ""deception_enabled_policy"": 1.0, ""mixed_rule_policy"": 1.0, ""randomized_legal_policy"": 1.0, ""risk_heterogeneous_policy"": 1.0, ""seat_order_neutral_policy"": 1.0, ""speech_and_herding_policy"": 1.0}",1,1,0.1428571428571429
3c2e324cea7e0fd2734acd9c69deeca619599d7225fe124f8afe2f06a95d5ed7,7c93f45effb3bdc9aa0e4a65fe321d9ff58aa6280201dafcca1b601121d62c99,baseline_rule_policy_seed_53_game_1_wolf_kill,53,1,baseline_rule_policy,regime_baseline_rule_policy_seed_53_base_1,regime_baseline_rule_policy_seed_53_base_1,regime_baseline_rule_policy_seed_53_base_1,final_test,B_unseen_seed,1,night,wolf_kill,2,wolf,werewolf,3,1,0,seer_first,5,1,1,0,0,1,0,1,0,10,0,0,0.28500000000000003,0,0,0.0,0.3,0,0,0,0,2,1,0,0,0.0,0.3,0,0,0,0,0,0,0,0,0,0,0.5,0,0,0.0,3,0,1,1,0.0,0,0,0,0,0,0.3,1.425,villager,0,0,,,1.0,0.7142857142857143,0.18442777839082938,0.0,0.2380952380952381,7,"{""baseline_rule_policy"": 1.0, ""deception_enabled_policy"": 0.0, ""mixed_rule_policy"": 1.0, ""randomized_legal_policy"": 1.0, ""risk_heterogeneous_policy"": 1.0, ""seat_order_neutral_policy"": 1.0, ""speech_and_herding_policy"": 0.0}",1,4,0.1428571428571429
73ba336def5f08e8bfeefcb5b32f4205432af7a0ea0644c0826dd3df9ac5dff1,abeb9ef7eefefe6b94270ae1bbc002393248fd5b487218d90db7421c2b74939d,baseline_rule_policy_seed_53_game_2_wolf_kill,53,2,baseline_rule_policy,regime_baseline_rule_policy_seed_53_base_2,regime_baseline_rule_policy_seed_53_base_2,regime_baseline_rule_policy_seed_53_base_2,final_test,B_unseen_seed,1,night,wolf_kill,1,wolf,werewolf,2,1,1,seer_first,2,1,1,0,0,1,0,1,0,10,0,0,0.28500000000000003,0,0,0.0,0.3,0,0,0,0,2,1,0,0,0.0,0.3,0,0,0,0,0,0,0,0,0,0,0.5,0,0,0.0,2,0,1,1,0.0,0,0,0,0,0,0.3,1.425,hunter,0,1,,,0.6666666666666666,0.5714285714285714,0.20203050891044216,0.0,0.28571428571428575,7,"{""baseline_rule_policy"": 0.0, ""deception_enabled_policy"": 1.0, ""mixed_rule_policy"": 1.0, ""randomized_legal_policy"": 1.0, ""risk_heterogeneous_policy"": 0.0, ""seat_order_neutral_policy"": 0.0, ""speech_and_herding_policy"": 1.0}",3,3,0.1428571428571429
73ba336def5f08e8bfeefcb5b32f4205432af7a0ea0644c0826dd3df9ac5dff1,abeb9ef7eefefe6b94270ae1bbc002393248fd5b487218d90db7421c2b74939d,baseline_rule_policy_seed_53_game_2_wolf_kill,53,2,baseline_rule_policy,regime_baseline_rule_policy_seed_53_base_2,regime_baseline_rule_policy_seed_53_base_2,regime_baseline_rule_policy_seed_53_base_2,final_test,B_unseen_seed,1,night,wolf_kill,1,wolf,werewolf,3,1,0,seer_first,2,1,1,0,0,1,0,1,0,10,0,0,0.28500000000000003,0,0,0.0,0.3,0,0,0,0,2,1,0,0,0.0,0.3,0,0,0,0,0,0,0,0,0,0,0.5,0,0,0.0,3,0,1,2,0.0,0,0,0,0,0,0.3,1.425,seer,0,1,,,1.0,0.7142857142857143,0.18442777839082938,0.0,0.2380952380952381,7,"{""baseline_rule_policy"": 1.0, ""deception_enabled_policy"": 1.0, ""mixed_rule_policy"": 0.0, ""randomized_legal_policy"": 0.0, ""risk_heterogeneous_policy"": 1.0, ""seat_order_neutral_policy"": 1.0, ""speech_and_herding_policy"": 1.0}",3,1,0.1428571428571429
73ba336def5f08e8bfeefcb5b32f4205432af7a0ea0644c0826dd3df9ac5dff1,abeb9ef7eefefe6b94270ae1bbc002393248fd5b487218d90db7421c2b74939d,baseline_rule_policy_seed_53_game_2_wolf_kill,53,2,baseline_rule_policy,regime_baseline_rule_policy_seed_53_base_2,regime_baseline_rule_policy_seed_53_base_2,regime_baseline_rule_policy_seed_53_base_2,final_test,B_unseen_seed,1,night,wolf_kill,1,wolf,werewolf,7,1,0,seer_first,2,1,1,0,0,1,0,1,0,10,0,0,0.28500000000000003,0,0,0.0,0.3,0,0,0,0,2,1,0,0,0.0,0.3,0,0,0,0,0,0,0,0,0,0,0.5,0,0,0.0,7,0,0,4,0.0,0,0,0,0,0,0.3,1.425,witch,0,1,,,0.6666666666666666,0.7142857142857143,0.18442777839082938,0.0,0.2380952380952381,7,"{""baseline_rule_policy"": 0.0, ""deception_enabled_policy"": 1.0, ""mixed_rule_policy"": 1.0, ""randomized_legal_policy"": 1.0, ""risk_heterogeneous_policy"": 1.0, ""seat_order_neutral_policy"": 0.0, ""speech_and_herding_policy"": 1.0}",3,1,0.1428571428571429
73ba336def5f08e8bfeefcb5b32f4205432af7a0ea0644c0826dd3df9ac5dff1,abeb9ef7eefefe6b94270ae1bbc002393248fd5b487218d90db7421c2b74939d,baseline_rule_policy_seed_53_game_2_wolf_kill,53,2,baseline_rule_policy,regime_baseline_rule_policy_seed_53_base_2,regime_baseline_rule_policy_seed_53_base_2,regime_baseline_rule_policy_seed_53_base_2,final_test,B_unseen_seed,1,night,wolf_kill,1,wolf,werewolf,5,1,0,seer_first,2,1,1,0,0,1,0,1,0,10,0,0,0.28500000000000003,0,0,0.0,0.3,0,0,0,0,2,1,0,0,0.0,0.3,0,0,0,0,0,0,0,0,0,0,0.5,0,0,0.0,5,1,1,4,0.0,0,0,0,0,0,0.3,1.425,villager,0,0,,,0.6666666666666666,0.5714285714285714,0.20203050891044216,0.0,0.28571428571428575,7,"{""baseline_rule_policy"": 0.0, ""deception_enabled_policy"": 1.0, ""mixed_rule_policy"": 0.0, ""randomized_legal_policy"": 1.0, ""risk_heterogeneous_policy"": 1.0, ""seat_order_neutral_policy"": 0.0, ""speech_and_herding_policy"": 1.0}",3,3,0.1428571428571429
9ac31f023b913fab814478a0bc287d8e7428686c021dc9b43aca0d99008309fe,ca769c9e63022b063fb9bac1369995883596e52ab8c4f052313f3c5b2583fded,randomized_legal_policy_seed_42_game_1_wolf_kill,42,1,randomized_legal_policy,regime_randomized_legal_policy_seed_42_base_1,regime_randomized_legal_policy_seed_42_base_1,regime_randomized_legal_policy_seed_42_base_1,train,A_in_distribution,1,night,wolf_kill,2,wolf,werewolf,8,1,1,threat_based,8,1,1,0,0,1,0,1,0,10,0,0,0.315,0,0,0.25,0.55,0,0,0,0,2,1,0,0,0.0,0.3,0,0,0,0,0,0,0,0,0,0,0.5,0,0,0.0,8,0,0,4,0.0,0,0,0,0,0,0.3,1.425,witch,0,1,,,0.6666666666666666,0.5714285714285714,0.20203050891044216,0.0,0.28571428571428575,7,"{""baseline_rule_policy"": 1.0, ""deception_enabled_policy"": 0.0, ""mixed_rule_policy"": 1.0, ""randomized_legal_policy"": 1.0, ""risk_heterogeneous_policy"": 0.0, ""seat_order_neutral_policy"": 0.0, ""speech_and_herding_policy"": 1.0}",8,1,0.0
9ac31f023b913fab814478a0bc287d8e7428686c021dc9b43aca0d99008309fe,ca769c9e63022b063fb9bac1369995883596e52ab8c4f052313f3c5b2583fded,randomized_legal_policy_seed_42_game_1_wolf_kill,42,1,randomized_legal_policy,regime_randomized_legal_policy_seed_42_base_1,regime_randomized_legal_policy_seed_42_base_1,regime_randomized_legal_policy_seed_42_base_1,train,A_in_distribution,1,night,wolf_kill,2,wolf,werewolf,1,1,0,threat_based,8,1,1,0,0,1,0,1,0,10,0,0,0.315,0,0,0.25,0.55,0,0,0,0,2,1,0,0,0.0,0.3,0,0,0,0,0,0,0,0,0,0,0.5,0,0,0.0,1,1,1,1,0.0,0,0,0,0,0,0.3,1.425,villager,0,0,,,0.3333333333333333,0.42857142857142855,0.20203050891044214,0.0,0.2857142857142857,7,"{""baseline_rule_policy"": 1.0, ""deception_enabled_policy"": 1.0, ""mixed_rule_policy"": 0.0, ""randomized_legal_policy"": 0.0, ""risk_heterogeneous_policy"": 0.0, ""seat_order_neutral_policy"": 0.0, ""speech_and_herding_policy"": 1.0}",8,2,0.0
9ac31f023b913fab814478a0bc287d8e7428686c021dc9b43aca0d99008309fe,ca769c9e63022b063fb9bac1369995883596e52ab8c4f052313f3c5b2583fded,randomized_legal_policy_seed_42_game_1_wolf_kill,42,1,randomized_legal_policy,regime_randomized_legal_policy_seed_42_base_1,regime_randomized_legal_policy_seed_42_base_1,regime_randomized_legal_policy_seed_42_base_1,train,A_in_distribution,1,night,wolf_kill,2,wolf,werewolf,4,1,0,threat_based,8,1,1,0,0,1,0,1,0,10,0,0,0.315,0,0,0.25,0.55,0,0,0,0,2,1,0,0,0.0,0.3,0,0,0,0,0,0,0,0,0,0,0.5,0,0,0.0,4,0,1,2,0.0,0,0,0,0,0,0.3,1.425,hunter,0,1,,,0.3333333333333333,0.14285714285714285,0.14285714285714288,0.0,0.14285714285714288,7,"{""baseline_rule_policy"": 0.0, ""deception_enabled_policy"": 0.0, ""mixed_rule_policy"": 0.0, ""randomized_legal_policy"": 1.0, ""risk_heterogeneous_policy"": 0.0, ""seat_order_neutral_policy"": 0.0, ""speech_and_herding_policy"": 0.0}",8,3,0.0
9ac31f023b913fab814478a0bc287d8e7428686c021dc9b43aca0d99008309fe,ca769c9e63022b063fb9bac1369995883596e52ab8c4f052313f3c5b2583fded,randomized_legal_policy_seed_42_game_1_wolf_kill,42,1,randomized_legal_policy,regime_randomized_legal_policy_seed_42_base_1,regime_randomized_legal_policy_seed_42_base_1,regime_randomized_legal_policy_seed_42_base_1,train,A_in_distribution,1,night,wolf_kill,2,wolf,werewolf,10,1,0,threat_based,8,1,1,0,0,1,0,1,0,10,0,0,0.315,0,0,0.25,0.55,0,0,0,0,2,1,0,0,0.0,0.3,0,0,0,0,0,0,0,0,0,0,0.5,0,0,0.0,10,1,0,2,0.0,0,0,0,0,0,0.3,1.425,villager,0,0,,,1.0,0.14285714285714285,0.14285714285714288,0.0,0.14285714285714288,7,"{""baseline_rule_policy"": 1.0, ""deception_enabled_policy"": 0.0, ""mixed_rule_policy"": 0.0, ""randomized_legal_policy"": 0.0, ""risk_heterogeneous_policy"": 0.0, ""seat_order_neutral_policy"": 0.0, ""speech_and_herding_policy"": 0.0}",8,3,0.0
5486c2f60f2b1c9322df28fe2792e19136b5f5b84e8e75565c63764ec8e0a6a9,03e859f4b2629258cf1771f204982023446418ca011b1f594ec8097b5c6e5162,randomized_legal_policy_seed_42_game_2_wolf_kill,42,2,randomized_legal_policy,regime_randomized_legal_policy_seed_42_base_2,regime_randomized_legal_policy_seed_42_base_2,regime_randomized_legal_policy_seed_42_base_2,train,A_in_distribution,1,night,wolf_kill,4,wolf,werewolf,10,1,1,threat_based,10,1,1,0,0,1,0,1,0,10,0,0,0.28500000000000003,0,0,0.0,0.3,0,0,0,0,2,1,0,0,0.0,0.3,0,0,0,0,0,0,0,0,0,0,0.5,0,0,0.0,10,1,0,4,0.0,0,0,0,0,0,0.3,1.425,villager,0,0,,,1.0,0.8571428571428571,0.14285714285714285,0.0,0.14285714285714285,7,"{""baseline_rule_policy"": 0.0, ""deception_enabled_policy"": 1.0, ""mixed_rule_policy"": 1.0, ""randomized_legal_policy"": 1.0, ""risk_heterogeneous_policy"": 1.0, ""seat_order_neutral_policy"": 1.0, ""speech_and_herding_policy"": 1.0}",1,2,0.1428571428571429
5486c2f60f2b1c9322df28fe2792e19136b5f5b84e8e75565c63764ec8e0a6a9,03e859f4b2629258cf1771f204982023446418ca011b1f594ec8097b5c6e5162,randomized_legal_policy_seed_42_game_2_wolf_kill,42,2,randomized_legal_policy,regime_randomized_legal_policy_seed_42_base_2,regime_randomized_legal_policy_seed_42_base_2,regime_randomized_legal_policy_seed_42_base_2,train,A_in_distribution,1,night,wolf_kill,4,wolf,werewolf,1,1,0,threat_based,10,1,1,0,0,1,0,1,0,10,0,0,0.28500000000000003,0,0,0.0,0.3,0,0,0,0,2,1,0,0,0.0,0.3,0,0,0,0,0,0,0,0,0,0,0.5,0,0,0.0,1,1,1,3,0.0,0,0,0,0,0,0.3,1.425,villager,0,0,,,0.3333333333333333,1.0,0.0,1.0,0.0,7,"{""baseline_rule_policy"": 1.0, ""deception_enabled_policy"": 1.0, ""mixed_rule_policy"": 1.0, ""randomized_legal_policy"": 1.0, ""risk_heterogeneous_policy"": 1.0, ""seat_order_neutral_policy"": 1.0, ""speech_and_herding_policy"": 1.0}",1,1,0.1428571428571429
5486c2f60f2b1c9322df28fe2792e19136b5f5b84e8e75565c63764ec8e0a6a9,03e859f4b2629258cf1771f204982023446418ca011b1f594ec8097b5c6e5162,randomized_legal_policy_seed_42_game_2_wolf_kill,42,2,randomized_legal_policy,regime_randomized_legal_policy_seed_42_base_2,regime_randomized_legal_policy_seed_42_base_2,regime_randomized_legal_policy_seed_42_base_2,train,A_in_distribution,1,night,wolf_kill,4,wolf,werewolf,2,1,0,threat_based,10,1,1,0,0,1,0,1,0,10,0,0,0.28500000000000003,0,0,0.0,0.3,0,0,0,0,2,1,0,0,0.0,0.3,0,0,0,0,0,0,0,0,0,0,0.5,0,0,0.0,2,0,1,2,0.0,0,0,0,0,0,0.3,1.425,witch,0,1,,,1.0,0.8571428571428571,0.14285714285714285,0.0,0.14285714285714285,7,"{""baseline_rule_policy"": 1.0, ""deception_enabled_policy"": 1.0, ""mixed_rule_policy"": 1.0, ""randomized_legal_policy"": 1.0, ""risk_heterogeneous_policy"": 0.0, ""seat_order_neutral_policy"": 1.0, ""speech_and_herding_policy"": 1.0}",1,2,0.1428571428571429
5486c2f60f2b1c9322df28fe2792e19136b5f5b84e8e75565c63764ec8e0a6a9,03e859f4b2629258cf1771f204982023446418ca011b1f594ec8097b5c6e5162,randomized_legal_policy_seed_42_game_2_wolf_kill,42,2,randomized_legal_policy,regime_randomized_legal_policy_seed_42_base_2,regime_randomized_legal_policy_seed_42_base_2,regime_randomized_legal_policy_seed_42_base_2,train,A_in_distribution,1,night,wolf_kill,4,wolf,werewolf,6,1,0,threat_based,10,1,1,0,0,1,0,1,0,10,0,0,0.28500000000000003,0,0,0.0,0.3,0,0,0,0,2,1,0,0,0.0,0.3,0,0,0,0,0,0,0,0,0,0,0.5,0,0,0.0,6,1,0,2,0.0,0,0,0,0,0,0.3,1.425,seer,0,1,,,0.6666666666666666,0.8571428571428571,0.14285714285714285,0.0,0.14285714285714285,7,"{""baseline_rule_policy"": 0.0, ""deception_enabled_policy"": 1.0, ""mixed_rule_policy"": 1.0, ""randomized_legal_policy"": 1.0, ""risk_heterogeneous_policy"": 1.0, ""seat_order_neutral_policy"": 1.0, ""speech_and_herding_policy"": 1.0}",1,2,0.1428571428571429
9535963ac82093aa8cf9292cd4805b0a74d7a378b445a2f61e3412c16d9d5d38,7a1114b469ef1fb9b0ad2cf9753fbb908fdf8fbd0c69ea514105dc6cfcd3d4a6,randomized_legal_policy_seed_43_game_1_wolf_kill,43,1,randomized_legal_policy,regime_randomized_legal_policy_seed_43_base_1,regime_randomized_legal_policy_seed_43_base_1,regime_randomized_legal_policy_seed_43_base_1,train,A_in_distribution,1,night,wolf_kill,4,wolf,werewolf,5,1,1,threat_based,5,1,1,0,0,1,0,1,0,10,0,0,0.28500000000000003,0,0,0.0,0.3,0,0,0,0,2,1,0,0,0.0,0.3,0,0,0,0,0,0,0,0,0,0,0.5,0,0,0.0,5,1,1,1,0.0,0,0,0,0,0,0.3,1.425,witch,0,1,,,0.6666666666666666,1.0,0.0,1.0,0.0,7,"{""baseline_rule_policy"": 1.0, ""deception_enabled_policy"": 1.0, ""mixed_rule_policy"": 1.0, ""randomized_legal_policy"": 1.0, ""risk_heterogeneous_policy"": 1.0, ""seat_order_neutral_policy"": 1.0, ""speech_and_herding_policy"": 1.0}",2,1,0.0
9535963ac82093aa8cf9292cd4805b0a74d7a378b445a2f61e3412c16d9d5d38,7a1114b469ef1fb9b0ad2cf9753fbb908fdf8fbd0c69ea514105dc6cfcd3d4a6,randomized_legal_policy_seed_43_game_1_wolf_kill,43,1,randomized_legal_policy,regime_randomized_legal_policy_seed_43_base_1,regime_randomized_legal_policy_seed_43_base_1,regime_randomized_legal_policy_seed_43_base_1,train,A_in_distribution,1,night,wolf_kill,4,wolf,werewolf,1,1,0,threat_based,5,1,1,0,0,1,0,1,0,10,0,0,0.28500000000000003,0,0,0.0,0.3,0,0,0,0,2,1,0,0,0.0,0.3,0,0,0,0,0,0,0,0,0,0,0.5,0,0,0.0,1,1,1,3,0.0,0,0,0,0,0,0.3,1.425,seer,0,1,,,0.6666666666666666,0.8571428571428571,0.14285714285714285,0.0,0.14285714285714285,7,"{""baseline_rule_policy"": 0.0, ""deception_enabled_policy"": 1.0, ""mixed_rule_policy"": 1.0, ""randomized_legal_policy"": 1.0, ""risk_heterogeneous_policy"": 1.0, ""seat_order_neutral_policy"": 1.0, ""speech_and_herding_policy"": 1.0}",2,3,0.0
9535963ac82093aa8cf9292cd4805b0a74d7a378b445a2f61e3412c16d9d5d38,7a1114b469ef1fb9b0ad2cf9753fbb908fdf8fbd0c69ea514105dc6cfcd3d4a6,randomized_legal_policy_seed_43_game_1_wolf_kill,43,1,randomized_legal_policy,regime_randomized_legal_policy_seed_43_base_1,regime_randomized_legal_policy_seed_43_base_1,regime_randomized_legal_policy_seed_43_base_1,train,A_in_distribution,1,night,wolf_kill,4,wolf,werewolf,7,1,0,threat_based,5,1,1,0,0,1,0,1,0,10,0,0,0.28500000000000003,0,0,0.0,0.3,0,0,0,0,2,1,0,0,0.0,0.3,0,0,0,0,0,0,0,0,0,0,0.5,0,0,0.0,7,0,0,3,0.0,0,0,0,0,0,0.3,1.425,villager,0,0,,,0.0,0.8571428571428571,0.14285714285714285,0.0,0.14285714285714285,7,"{""baseline_rule_policy"": 0.0, ""deception_enabled_policy"": 1.0, ""mixed_rule_policy"": 1.0, ""randomized_legal_policy"": 1.0, ""risk_heterogeneous_policy"": 1.0, ""seat_order_neutral_policy"": 1.0, ""speech_and_herding_policy"": 1.0}",2,3,0.0
9535963ac82093aa8cf9292cd4805b0a74d7a378b445a2f61e3412c16d9d5d38,7a1114b469ef1fb9b0ad2cf9753fbb908fdf8fbd0c69ea514105dc6cfcd3d4a6,randomized_legal_policy_seed_43_game_1_wolf_kill,43,1,randomized_legal_policy,regime_randomized_legal_policy_seed_43_base_1,regime_randomized_legal_policy_seed_43_base_1,regime_randomized_legal_policy_seed_43_base_1,train,A_in_distribution,1,night,wolf_kill,4,wolf,werewolf,2,1,0,threat_based,5,1,1,0,0,1,0,1,0,10,0,0,0.28500000000000003,0,0,0.0,0.3,0,0,0,0,2,1,0,0,0.0,0.15,0,0,0,0,0,0,0,0,0,0,0.5,0,0,0.0,2,0,1,2,0.0,0,0,0,0,0,0.15,1.4625,hunter,0,1,,,0.3333333333333333,1.0,0.0,1.0,0.0,7,"{""baseline_rule_policy"": 1.0, ""deception_enabled_policy"": 1.0, ""mixed_rule_policy"": 1.0, ""randomized_legal_policy"": 1.0, ""risk_heterogeneous_policy"": 1.0, ""seat_order_neutral_policy"": 1.0, ""speech_and_herding_policy"": 1.0}",2,1,0.0
9252873c14e3b3d9c7e7bce9aa15c6c9dbece585ea1feedc3aede10ac069e66c,fd6f910bcc86449205cc2509bf8364ed60e5661ee4ee13b6b8de928c6be62144,randomized_legal_policy_seed_43_game_2_wolf_kill,43,2,randomized_legal_policy,regime_randomized_legal_policy_seed_43_base_2,regime_randomized_legal_policy_seed_43_base_2,regime_randomized_legal_policy_seed_43_base_2,train,A_in_distribution,1,night,wolf_kill,2,wolf,werewolf,7,1,1,threat_based,7,1,1,0,0,1,0,1,0,10,0,0,0.315,0,0,0.25,0.55,0,0,0,0,2,1,0,0,0.0,0.3,0,0,0,0,0,0,0,0,0,0,0.5,0,0,0.0,7,0,0,5,0.0,0,0,0,0,0,0.3,1.425,witch,0,1,,,0.6666666666666666,0.8571428571428571,0.14285714285714285,0.0,0.14285714285714285,7,"{""baseline_rule_policy"": 1.0, ""deception_enabled_policy"": 0.0, ""mixed_rule_policy"": 1.0, ""randomized_legal_policy"": 1.0, ""risk_heterogeneous_policy"": 1.0, ""seat_order_neutral_policy"": 1.0, ""speech_and_herding_policy"": 1.0}",10,1,0.0
9252873c14e3b3d9c7e7bce9aa15c6c9dbece585ea1feedc3aede10ac069e66c,fd6f910bcc86449205cc2509bf8364ed60e5661ee4ee13b6b8de928c6be62144,randomized_legal_policy_seed_43_game_2_wolf_kill,43,2,randomized_legal_policy,regime_randomized_legal_policy_seed_43_base_2,regime_randomized_legal_policy_seed_43_base_2,regime_randomized_legal_policy_seed_43_base_2,train,A_in_distribution,1,night,wolf_kill,2,wolf,werewolf,1,1,0,threat_based,7,1,1,0,0,1,0,1,0,10,0,0,0.315,0,0,0.25,0.55,0,0,0,0,2,1,0,0,0.0,0.3,0,0,0,0,0,0,0,0,0,0,0.5,0,0,0.0,1,1,1,1,0.0,0,0,0,0,0,0.3,1.425,hunter,0,1,,,0.3333333333333333,0.7142857142857143,0.18442777839082938,0.0,0.2380952380952381,7,"{""baseline_rule_policy"": 1.0, ""deception_enabled_policy"": 0.0, ""mixed_rule_policy"": 0.0, ""randomized_legal_policy"": 1.0, ""risk_heterogeneous_policy"": 1.0, ""seat_order_neutral_policy"": 1.0, ""speech_and_herding_policy"": 1.0}",10,3,0.0
9252873c14e3b3d9c7e7bce9aa15c6c9dbece585ea1feedc3aede10ac069e66c,fd6f910bcc86449205cc2509bf8364ed60e5661ee4ee13b6b8de928c6be62144,randomized_legal_policy_seed_43_game_2_wolf_kill,43,2,randomized_legal_policy,regime_randomized_legal_policy_seed_43_base_2,regime_randomized_legal_policy_seed_43_base_2,regime_randomized_legal_policy_seed_43_base_2,train,A_in_distribution,1,night,wolf_kill,2,wolf,werewolf,10,1,0,threat_based,7,1,1,0,0,1,0,1,0,10,0,0,0.315,0,0,0.25,0.55,0,0,0,0,2,1,0,0,0.0,0.3,0,0,0,0,0,0,0,0,0,0,0.5,0,0,0.0,10,1,0,2,0.0,0,0,0,0,0,0.3,1.425,villager,0,0,,,1.0,0.8571428571428571,0.14285714285714285,0.0,0.14285714285714285,7,"{""baseline_rule_policy"": 1.0, ""deception_enabled_policy"": 1.0, ""mixed_rule_policy"": 0.0, ""randomized_legal_policy"": 1.0, ""risk_heterogeneous_policy"": 1.0, ""seat_order_neutral_policy"": 1.0, ""speech_and_herding_policy"": 1.0}",10,1,0.0
9252873c14e3b3d9c7e7bce9aa15c6c9dbece585ea1feedc3aede10ac069e66c,fd6f910bcc86449205cc2509bf8364ed60e5661ee4ee13b6b8de928c6be62144,randomized_legal_policy_seed_43_game_2_wolf_kill,43,2,randomized_legal_policy,regime_randomized_legal_policy_seed_43_base_2,regime_randomized_legal_policy_seed_43_base_2,regime_randomized_legal_policy_seed_43_base_2,train,A_in_distribution,1,night,wolf_kill,2,wolf,werewolf,4,1,0,threat_based,7,1,1,0,0,1,0,1,0,10,0,0,0.315,0,0,0.25,0.55,0,0,0,0,2,1,0,0,0.0,0.3,0,0,0,0,0,0,0,0,0,0,0.5,0,0,0.0,4,0,1,2,0.0,0,0,0,0,0,0.3,1.425,villager,0,0,,,0.6666666666666666,0.7142857142857143,0.18442777839082938,0.0,0.2380952380952381,7,"{""baseline_rule_policy"": 1.0, ""deception_enabled_policy"": 0.0, ""mixed_rule_policy"": 1.0, ""randomized_legal_policy"": 1.0, ""risk_heterogeneous_policy"": 0.0, ""seat_order_neutral_policy"": 1.0, ""speech_and_herding_policy"": 1.0}",10,3,0.0
82a3f03b3cc3764796df952e20c119ec6a5a80aa64057b7d3e005ff0dd561afa,169bc60b8d31c1c4863bc0fd179e8211693713a2f28e7dd02cc43462cdbe0d53,randomized_legal_policy_seed_44_game_1_wolf_kill,44,1,randomized_legal_policy,regime_randomized_legal_policy_seed_44_base_1,regime_randomized_legal_policy_seed_44_base_1,regime_randomized_legal_policy_seed_44_base_1,train,A_in_distribution,1,night,wolf_kill,3,wolf,werewolf,6,1,1,threat_based,6,1,1,0,0,1,0,1,0,10,0,0,0.28500000000000003,0,0,0.0,0.3,0,0,0,0,2,1,0,0,0.0,0.15,0,0,0,0,0,0,0,0,0,0,0.5,0,0,0.0,6,1,0,3,0.0,0,0,0,0,0,0.15,1.4625,hunter,0,1,,,0.6666666666666666,0.7142857142857143,0.18442777839082938,0.0,0.2380952380952381,7,"{""baseline_rule_policy"": 0.0, ""deception_enabled_policy"": 1.0, ""mixed_rule_policy"": 0.0, ""randomized_legal_policy"": 1.0, ""risk_heterogeneous_policy"": 1.0, ""seat_order_neutral_policy"": 1.0, ""speech_and_herding_policy"": 1.0}",1,3,0.1428571428571428
82a3f03b3cc3764796df952e20c119ec6a5a80aa64057b7d3e005ff0dd561afa,169bc60b8d31c1c4863bc0fd179e8211693713a2f28e7dd02cc43462cdbe0d53,randomized_legal_policy_seed_44_game_1_wolf_kill,44,1,randomized_legal_policy,regime_randomized_legal_policy_seed_44_base_1,regime_randomized_legal_policy_seed_44_base_1,regime_randomized_legal_policy_seed_44_base_1,train,A_in_distribution,1,night,wolf_kill,3,wolf,werewolf,1,1,0,threat_based,6,1,1,0,0,1,0,1,0,10,0,0,0.28500000000000003,0,0,0.0,0.3,0,0,0,0,2,1,0,0,0.0,0.3,0,0,0,0,0,0,0,0,0,0,0.5,0,0,0.0,1,1,1,2,0.0,0,0,0,0,0,0.3,1.425,villager,0,0,,,0.6666666666666666,0.8571428571428571,0.14285714285714285,0.0,0.14285714285714285,7,"{""baseline_rule_policy"": 1.0, ""deception_enabled_policy"": 1.0, ""mixed_rule_policy"": 1.0, ""randomized_legal_policy"": 0.0, ""risk_heterogeneous_policy"": 1.0, ""seat_order_neutral_policy"": 1.0, ""speech_and_herding_policy"": 1.0}",1,1,0.1428571428571428
82a3f03b3cc3764796df952e20c119ec6a5a80aa64057b7d3e005ff0dd561afa,169bc60b8d31c1c4863bc0fd179e8211693713a2f28e7dd02cc43462cdbe0d53,randomized_legal_policy_seed_44_game_1_wolf_kill,44,1,randomized_legal_policy,regime_randomized_legal_policy_seed_44_base_1,regime_randomized_legal_policy_seed_44_base_1,regime_randomized_legal_policy_seed_44_base_1,train,A_in_distribution,1,night,wolf_kill,3,wolf,werewolf,7,1,0,threat_based,6,1,1,0,0,1,0,1,0,10,0,0,0.28500000000000003,0,0,0.0,0.3,0,0,0,0,2,1,0,0,0.0,0.3,0,0,0,0,0,0,0,0,0,0,0.5,0,0,0.0,7,0,0,4,0.0,0,0,0,0,0,0.3,1.425,villager,0,0,,,1.0,0.8571428571428571,0.14285714285714285,0.0,0.14285714285714285,7,"{""baseline_rule_policy"": 1.0, ""deception_enabled_policy"": 1.0, ""mixed_rule_policy"": 1.0, ""randomized_legal_policy"": 1.0, ""risk_heterogeneous_policy"": 1.0, ""seat_order_neutral_policy"": 1.0, ""speech_and_herding_policy"": 0.0}",1,1,0.1428571428571428
82a3f03b3cc3764796df952e20c119ec6a5a80aa64057b7d3e005ff0dd561afa,169bc60b8d31c1c4863bc0fd179e8211693713a2f28e7dd02cc43462cdbe0d53,randomized_legal_policy_seed_44_game_1_wolf_kill,44,1,randomized_legal_policy,regime_randomized_legal_policy_seed_44_base_1,regime_randomized_legal_policy_seed_44_base_1,regime_randomized_legal_policy_seed_44_base_1,train,A_in_distribution,1,night,wolf_kill,3,wolf,werewolf,2,1,0,threat_based,6,1,1,0,0,1,0,1,0,10,0,0,0.28500000000000003,0,0,0.0,0.3,0,0,0,0,2,1,0,0,0.0,0.3,0,0,0,0,0,0,0,0,0,0,0.5,0,0,0.0,2,0,1,1,0.0,0,0,0,0,0,0.3,1.425,villager,0,0,,,1.0,0.7142857142857143,0.18442777839082938,0.0,0.2380952380952381,7,"{""baseline_rule_policy"": 1.0, ""deception_enabled_policy"": 1.0, ""mixed_rule_policy"": 0.0, ""randomized_legal_policy"": 0.0, ""risk_heterogeneous_policy"": 1.0, ""seat_order_neutral_policy"": 1.0, ""speech_and_herding_policy"": 1.0}",1,3,0.1428571428571428
9e8ae49c2b0c9f7cad4bc5565e88f35b3ae5a0f2f86fd8c6425229f49adc32f6,7c924a51e743cb0bde2d02af68ea9233c3b51b05fd7d64449aa6a23079c5ef6e,randomized_legal_policy_seed_44_game_2_wolf_kill,44,2,randomized_legal_policy,regime_randomized_legal_policy_seed_44_base_2,regime_randomized_legal_policy_seed_44_base_2,regime_randomized_legal_policy_seed_44_base_2,train,A_in_distribution,1,night,wolf_kill,5,wolf,werewolf,2,1,1,threat_based,2,1,1,0,0,1,0,1,0,10,0,0,0.28500000000000003,0,0,0.0,0.3,0,0,0,0,2,1,0,0,0.0,0.15,0,0,0,0,0,0,0,0,0,0,0.5,0,0,0.0,2,0,1,3,0.0,0,0,0,0,0,0.15,1.4625,villager,0,0,,,0.3333333333333333,1.0,0.0,1.0,0.0,7,"{""baseline_rule_policy"": 1.0, ""deception_enabled_policy"": 1.0, ""mixed_rule_policy"": 1.0, ""randomized_legal_policy"": 1.0, ""risk_heterogeneous_policy"": 1.0, ""seat_order_neutral_policy"": 1.0, ""speech_and_herding_policy"": 1.0}",1,1,0.0
9e8ae49c2b0c9f7cad4bc5565e88f35b3ae5a0f2f86fd8c6425229f49adc32f6,7c924a51e743cb0bde2d02af68ea9233c3b51b05fd7d64449aa6a23079c5ef6e,randomized_legal_policy_seed_44_game_2_wolf_kill,44,2,randomized_legal_policy,regime_randomized_legal_policy_seed_44_base_2,regime_randomized_legal_policy_seed_44_base_2,regime_randomized_legal_policy_seed_44_base_2,train,A_in_distribution,1,night,wolf_kill,5,wolf,werewolf,1,1,0,threat_based,2,1,1,0,0,1,0,1,0,10,0,0,0.28500000000000003,0,0,0.0,0.3,0,0,0,0,2,1,0,0,0.0,0.3,0,0,0,0,0,0,0,0,0,0,0.5,0,0,0.0,1,1,1,4,0.0,0,0,0,0,0,0.3,1.425,villager,0,0,,,0.3333333333333333,1.0,0.0,1.0,0.0,7,"{""baseline_rule_policy"": 1.0, ""deception_enabled_policy"": 1.0, ""mixed_rule_policy"": 1.0, ""randomized_legal_policy"": 1.0, ""risk_heterogeneous_policy"": 1.0, ""seat_order_neutral_policy"": 1.0, ""speech_and_herding_policy"": 1.0}",1,1,0.0
9e8ae49c2b0c9f7cad4bc5565e88f35b3ae5a0f2f86fd8c6425229f49adc32f6,7c924a51e743cb0bde2d02af68ea9233c3b51b05fd7d64449aa6a23079c5ef6e,randomized_legal_policy_seed_44_game_2_wolf_kill,44,2,randomized_legal_policy,regime_randomized_legal_policy_seed_44_base_2,regime_randomized_legal_policy_seed_44_base_2,regime_randomized_legal_policy_seed_44_base_2,train,A_in_distribution,1,night,wolf_kill,5,wolf,werewolf,9,1,0,threat_based,2,1,1,0,0,1,0,1,0,10,0,0,0.28500000000000003,0,0,0.0,0.3,0,0,0,0,2,1,0,0,0.0,0.3,0,0,0,0,0,0,0,0,0,0,0.5,0,0,0.0,9,0,0,4,0.0,0,0,0,0,0,0.3,1.425,seer,0,1,,,1.0,1.0,0.0,1.0,0.0,7,"{""baseline_rule_policy"": 1.0, ""deception_enabled_policy"": 1.0, ""mixed_rule_policy"": 1.0, ""randomized_legal_policy"": 1.0, ""risk_heterogeneous_policy"": 1.0, ""seat_order_neutral_policy"": 1.0, ""speech_and_herding_policy"": 1.0}",1,1,0.0
9e8ae49c2b0c9f7cad4bc5565e88f35b3ae5a0f2f86fd8c6425229f49adc32f6,7c924a51e743cb0bde2d02af68ea9233c3b51b05fd7d64449aa6a23079c5ef6e,randomized_legal_policy_seed_44_game_2_wolf_kill,44,2,randomized_legal_policy,regime_randomized_legal_policy_seed_44_base_2,regime_randomized_legal_policy_seed_44_base_2,regime_randomized_legal_policy_seed_44_base_2,train,A_in_distribution,1,night,wolf_kill,5,wolf,werewolf,4,1,0,threat_based,2,1,1,0,0,1,0,1,0,10,0,0,0.28500000000000003,0,0,0.0,0.3,0,0,0,0,2,1,0,0,0.0,0.3,0,0,0,0,0,0,0,0,0,0,0.5,0,0,0.0,4,0,1,1,0.0,0,0,0,0,0,0.3,1.425,villager,0,0,,,1.0,0.8571428571428571,0.14285714285714285,0.0,0.14285714285714285,7,"{""baseline_rule_policy"": 1.0, ""deception_enabled_policy"": 0.0, ""mixed_rule_policy"": 1.0, ""randomized_legal_policy"": 1.0, ""risk_heterogeneous_policy"": 1.0, ""seat_order_neutral_policy"": 1.0, ""speech_and_herding_policy"": 1.0}",1,4,0.0
72f34198c0cc70f77dd474cb3dd630a44f7d4ef42c8516f2551b020880c2926f,073ece86e38983b1cb3f69711b1edad32966c2d034af15e0b721593ca787bc25,randomized_legal_policy_seed_50_game_1_wolf_kill,50,1,randomized_legal_policy,regime_randomized_legal_policy_seed_50_base_1,regime_randomized_legal_policy_seed_50_base_1,regime_randomized_legal_policy_seed_50_base_1,validation,A_in_distribution,1,night,wolf_kill,3,wolf,werewolf,2,1,1,threat_based,2,1,1,0,0,1,0,1,0,10,0,0,0.28500000000000003,0,0,0.0,0.3,0,0,0,0,2,1,0,0,0.0,0.3,0,0,0,0,0,0,0,0,0,0,0.5,0,0,0.0,2,0,1,1,0.0,0,0,0,0,0,0.3,1.425,villager,0,0,,,0.3333333333333333,1.0,0.0,1.0,0.0,7,"{""baseline_rule_policy"": 1.0, ""deception_enabled_policy"": 1.0, ""mixed_rule_policy"": 1.0, ""randomized_legal_policy"": 1.0, ""risk_heterogeneous_policy"": 1.0, ""seat_order_neutral_policy"": 1.0, ""speech_and_herding_policy"": 1.0}",2,1,0.0
72f34198c0cc70f77dd474cb3dd630a44f7d4ef42c8516f2551b020880c2926f,073ece86e38983b1cb3f69711b1edad32966c2d034af15e0b721593ca787bc25,randomized_legal_policy_seed_50_game_1_wolf_kill,50,1,randomized_legal_policy,regime_randomized_legal_policy_seed_50_base_1,regime_randomized_legal_policy_seed_50_base_1,regime_randomized_legal_policy_seed_50_base_1,validation,A_in_distribution,1,night,wolf_kill,3,wolf,werewolf,1,1,0,threat_based,2,1,1,0,0,1,0,1,0,10,0,0,0.28500000000000003,0,0,0.0,0.3,0,0,0,0,2,1,0,0,0.0,0.3,0,0,0,0,0,0,0,0,0,0,0.5,0,0,0.0,1,1,1,2,0.0,0,0,0,0,0,0.3,1.425,villager,0,0,,,0.6666666666666666,0.5714285714285714,0.20203050891044216,0.0,0.28571428571428575,7,"{""baseline_rule_policy"": 0.0, ""deception_enabled_policy"": 0.0, ""mixed_rule_policy"": 1.0, ""randomized_legal_policy"": 1.0, ""risk_heterogeneous_policy"": 0.0, ""seat_order_neutral_policy"": 1.0, ""speech_and_herding_policy"": 1.0}",2,4,0.0
72f34198c0cc70f77dd474cb3dd630a44f7d4ef42c8516f2551b020880c2926f,073ece86e38983b1cb3f69711b1edad32966c2d034af15e0b721593ca787bc25,randomized_legal_policy_seed_50_game_1_wolf_kill,50,1,randomized_legal_policy,regime_randomized_legal_policy_seed_50_base_1,regime_randomized_legal_policy_seed_50_base_1,regime_randomized_legal_policy_seed_50_base_1,validation,A_in_distribution,1,night,wolf_kill,3,wolf,werewolf,9,1,0,threat_based,2,1,1,0,0,1,0,1,0,10,0,0,0.28500000000000003,0,0,0.0,0.3,0,0,0,0,2,1,0,0,0.0,0.3,0,0,0,0,0,0,0,0,0,0,0.5,0,0,0.0,9,0,0,4,0.0,0,0,0,0,0,0.3,1.425,villager,0,0,,,0.6666666666666666,0.8571428571428571,0.14285714285714285,0.0,0.14285714285714285,7,"{""baseline_rule_policy"": 0.0, ""deception_enabled_policy"": 1.0, ""mixed_rule_policy"": 1.0, ""randomized_legal_policy"": 1.0, ""risk_heterogeneous_policy"": 1.0, ""seat_order_neutral_policy"": 1.0, ""speech_and_herding_policy"": 1.0}",2,2,0.0
72f34198c0cc70f77dd474cb3dd630a44f7d4ef42c8516f2551b020880c2926f,073ece86e38983b1cb3f69711b1edad32966c2d034af15e0b721593ca787bc25,randomized_legal_policy_seed_50_game_1_wolf_kill,50,1,randomized_legal_policy,regime_randomized_legal_policy_seed_50_base_1,regime_randomized_legal_policy_seed_50_base_1,regime_randomized_legal_policy_seed_50_base_1,validation,A_in_distribution,1,night,wolf_kill,3,wolf,werewolf,6,1,0,threat_based,2,1,1,0,0,1,0,1,0,10,0,0,0.28500000000000003,0,0,0.0,0.3,0,0,0,0,2,1,0,0,0.0,0.3,0,0,0,0,0,0,0,0,0,0,0.5,0,0,0.0,6,1,0,3,0.0,0,0,0,0,0,0.3,1.425,seer,0,1,,,1.0,0.8571428571428571,0.14285714285714285,0.0,0.14285714285714285,7,"{""baseline_rule_policy"": 1.0, ""deception_enabled_policy"": 0.0, ""mixed_rule_policy"": 1.0, ""randomized_legal_policy"": 1.0, ""risk_heterogeneous_policy"": 1.0, ""seat_order_neutral_policy"": 1.0, ""speech_and_herding_policy"": 1.0}",2,2,0.0
a1029812a10bc737419df8a1cb1c4d71e4f0c2a921081c1f77615b57c9195368,5e5654f673412b36b918fe3c566676a369f6d5b7bbed87bae6f30bd777153c8a,randomized_legal_policy_seed_50_game_2_wolf_kill,50,2,randomized_legal_policy,regime_randomized_legal_policy_seed_50_base_2,regime_randomized_legal_policy_seed_50_base_2,regime_randomized_legal_policy_seed_50_base_2,validation,A_in_distribution,1,night,wolf_kill,1,wolf,werewolf,4,1,1,threat_based,4,1,1,0,0,1,0,1,0,10,0,0,0.28500000000000003,0,0,0.0,0.3,0,0,0,0,2,1,0,0,0.0,0.3,0,0,0,0,0,0,0,0,0,0,0.5,0,0,0.0,4,0,1,3,0.0,0,0,0,0,0,0.3,1.425,villager,0,0,,,0.3333333333333333,0.7142857142857143,0.18442777839082938,0.0,0.2380952380952381,7,"{""baseline_rule_policy"": 0.0, ""deception_enabled_policy"": 1.0, ""mixed_rule_policy"": 1.0, ""randomized_legal_policy"": 1.0, ""risk_heterogeneous_policy"": 0.0, ""seat_order_neutral_policy"": 1.0, ""speech_and_herding_policy"": 1.0}",9,3,0.2857142857142857
a1029812a10bc737419df8a1cb1c4d71e4f0c2a921081c1f77615b57c9195368,5e5654f673412b36b918fe3c566676a369f6d5b7bbed87bae6f30bd777153c8a,randomized_legal_policy_seed_50_game_2_wolf_kill,50,2,randomized_legal_policy,regime_randomized_legal_policy_seed_50_base_2,regime_randomized_legal_policy_seed_50_base_2,regime_randomized_legal_policy_seed_50_base_2,validation,A_in_distribution,1,night,wolf_kill,1,wolf,werewolf,10,1,0,threat_based,4,1,1,0,0,1,0,1,0,10,0,0,0.28500000000000003,0,0,0.0,0.3,0,0,0,0,2,1,0,0,0.0,0.3,0,0,0,0,0,0,0,0,0,0,0.5,0,0,0.0,10,1,0,1,0.0,0,0,0,0,0,0.3,1.425,seer,0,1,,,1.0,0.5714285714285714,0.20203050891044216,0.0,0.28571428571428575,7,"{""baseline_rule_policy"": 1.0, ""deception_enabled_policy"": 0.0, ""mixed_rule_policy"": 1.0, ""randomized_legal_policy"": 0.0, ""risk_heterogeneous_policy"": 0.0, ""seat_order_neutral_policy"": 1.0, ""speech_and_herding_policy"": 1.0}",9,4,0.2857142857142857
a1029812a10bc737419df8a1cb1c4d71e4f0c2a921081c1f77615b57c9195368,5e5654f673412b36b918fe3c566676a369f6d5b7bbed87bae6f30bd777153c8a,randomized_legal_policy_seed_50_game_2_wolf_kill,50,2,randomized_legal_policy,regime_randomized_legal_policy_seed_50_base_2,regime_randomized_legal_policy_seed_50_base_2,regime_randomized_legal_policy_seed_50_base_2,validation,A_in_distribution,1,night,wolf_kill,1,wolf,werewolf,9,1,0,threat_based,4,1,1,0,0,1,0,1,0,10,0,0,0.28500000000000003,0,0,0.0,0.3,0,0,0,0,2,1,0,0,0.0,0.3,0,0,0,0,0,0,0,0,0,0,0.5,0,0,0.0,9,0,0,2,0.0,0,0,0,0,0,0.3,1.425,villager,0,0,,,0.6666666666666666,1.0,0.0,1.0,0.0,7,"{""baseline_rule_policy"": 1.0, ""deception_enabled_policy"": 1.0, ""mixed_rule_policy"": 1.0, ""randomized_legal_policy"": 1.0, ""risk_heterogeneous_policy"": 1.0, ""seat_order_neutral_policy"": 1.0, ""speech_and_herding_policy"": 1.0}",9,1,0.2857142857142857
a1029812a10bc737419df8a1cb1c4d71e4f0c2a921081c1f77615b57c9195368,5e5654f673412b36b918fe3c566676a369f6d5b7bbed87bae6f30bd777153c8a,randomized_legal_policy_seed_50_game_2_wolf_kill,50,2,randomized_legal_policy,regime_randomized_legal_policy_seed_50_base_2,regime_randomized_legal_policy_seed_50_base_2,regime_randomized_legal_policy_seed_50_base_2,validation,A_in_distribution,1,night,wolf_kill,1,wolf,werewolf,6,1,0,threat_based,4,1,1,0,0,1,0,1,0,10,0,0,0.28500000000000003,0,0,0.0,0.3,0,0,0,0,2,1,0,0,0.0,0.3,0,0,0,0,0,0,0,0,0,0,0.5,0,0,0.0,6,1,0,5,0.0,0,0,0,0,0,0.3,1.425,hunter,0,1,,,1.0,0.8571428571428571,0.14285714285714285,0.0,0.14285714285714285,7,"{""baseline_rule_policy"": 1.0, ""deception_enabled_policy"": 0.0, ""mixed_rule_policy"": 1.0, ""randomized_legal_policy"": 1.0, ""risk_heterogeneous_policy"": 1.0, ""seat_order_neutral_policy"": 1.0, ""speech_and_herding_policy"": 1.0}",9,2,0.2857142857142857
281fb2a4b26988c06efb7164862b5d74d5019e3f40ac863dba8f71a6c89be738,4f393f4dce9b803ba914f7b505cb5ed8b1e4c91f30ab4220f36dbdd925d2cecc,randomized_legal_policy_seed_52_game_1_wolf_kill,52,1,randomized_legal_policy,regime_randomized_legal_policy_seed_52_base_1,regime_randomized_legal_policy_seed_52_base_1,regime_randomized_legal_policy_seed_52_base_1,final_test,B_unseen_seed,1,night,wolf_kill,1,wolf,werewolf,10,1,1,threat_based,10,1,1,0,0,1,0,1,0,10,0,0,0.315,0,0,0.0,0.3,0,0,0,0,2,1,0,0,0.0,0.3,0,0,0,0,0,0,0,0,0,0,0.5,0,0,0.0,10,1,0,1,0.0,0,0,0,0,0,0.3,1.425,seer,0,1,,,0.6666666666666666,0.5714285714285714,0.20203050891044216,0.0,0.28571428571428575,7,"{""baseline_rule_policy"": 0.0, ""deception_enabled_policy"": 0.0, ""mixed_rule_policy"": 1.0, ""randomized_legal_policy"": 1.0, ""risk_heterogeneous_policy"": 1.0, ""seat_order_neutral_policy"": 1.0, ""speech_and_herding_policy"": 0.0}",10,1,0.0
281fb2a4b26988c06efb7164862b5d74d5019e3f40ac863dba8f71a6c89be738,4f393f4dce9b803ba914f7b505cb5ed8b1e4c91f30ab4220f36dbdd925d2cecc,randomized_legal_policy_seed_52_game_1_wolf_kill,52,1,randomized_legal_policy,regime_randomized_legal_policy_seed_52_base_1,regime_randomized_legal_policy_seed_52_base_1,regime_randomized_legal_policy_seed_52_base_1,final_test,B_unseen_seed,1,night,wolf_kill,1,wolf,werewolf,7,1,0,threat_based,10,1,1,0,0,1,0,1,0,10,0,0,0.315,0,0,0.0,0.3,0,0,0,0,2,1,0,0,0.0,0.3,0,0,0,0,0,0,0,0,0,0,0.5,0,0,0.0,7,0,0,4,0.0,0,0,0,0,0,0.3,1.425,villager,0,0,,,0.0,0.5714285714285714,0.20203050891044216,0.0,0.28571428571428575,7,"{""baseline_rule_policy"": 0.0, ""deception_enabled_policy"": 1.0, ""mixed_rule_policy"": 0.0, ""randomized_legal_policy"": 1.0, ""risk_heterogeneous_policy"": 0.0, ""seat_order_neutral_policy"": 1.0, ""speech_and_herding_policy"": 1.0}",10,1,0.0
281fb2a4b26988c06efb7164862b5d74d5019e3f40ac863dba8f71a6c89be738,4f393f4dce9b803ba914f7b505cb5ed8b1e4c91f30ab4220f36dbdd925d2cecc,randomized_legal_policy_seed_52_game_1_wolf_kill,52,1,randomized_legal_policy,regime_randomized_legal_policy_seed_52_base_1,regime_randomized_legal_policy_seed_52_base_1,regime_randomized_legal_policy_seed_52_base_1,final_test,B_unseen_seed,1,night,wolf_kill,1,wolf,werewolf,5,1,0,threat_based,10,1,1,0,0,1,0,1,0,10,0,0,0.315,0,0,0.0,0.3,0,0,0,0,2,1,0,0,0.0,0.3,0,0,0,0,0,0,0,0,0,0,0.5,0,0,0.0,5,1,1,4,0.0,0,0,0,0,0,0.3,1.425,villager,0,0,,,0.6666666666666666,0.5714285714285714,0.20203050891044216,0.0,0.28571428571428575,7,"{""baseline_rule_policy"": 1.0, ""deception_enabled_policy"": 0.0, ""mixed_rule_policy"": 0.0, ""randomized_legal_policy"": 1.0, ""risk_heterogeneous_policy"": 0.0, ""seat_order_neutral_policy"": 1.0, ""speech_and_herding_policy"": 1.0}",10,1,0.0
281fb2a4b26988c06efb7164862b5d74d5019e3f40ac863dba8f71a6c89be738,4f393f4dce9b803ba914f7b505cb5ed8b1e4c91f30ab4220f36dbdd925d2cecc,randomized_legal_policy_seed_52_game_1_wolf_kill,52,1,randomized_legal_policy,regime_randomized_legal_policy_seed_52_base_1,regime_randomized_legal_policy_seed_52_base_1,regime_randomized_legal_policy_seed_52_base_1,final_test,B_unseen_seed,1,night,wolf_kill,1,wolf,werewolf,9,1,0,threat_based,10,1,1,0,0,1,0,1,0,10,0,0,0.315,0,0,0.0,0.3,0,0,0,0,2,1,0,0,0.0,0.3,0,0,0,0,0,0,0,0,0,0,0.5,0,0,0.0,9,0,0,2,0.0,0,0,0,0,0,0.3,1.425,witch,0,1,,,0.6666666666666666,0.42857142857142855,0.20203050891044214,0.0,0.2857142857142857,7,"{""baseline_rule_policy"": 0.0, ""deception_enabled_policy"": 0.0, ""mixed_rule_policy"": 0.0, ""randomized_legal_policy"": 1.0, ""risk_heterogeneous_policy"": 1.0, ""seat_order_neutral_policy"": 1.0, ""speech_and_herding_policy"": 0.0}",10,4,0.0
edb88493b8a436a4e30fe904c4ca70ea2aa9e0579c46f6954c0d487e6b919545,1866d51ebe4a1d1a10749b3031922ae279aaa344bb6c97cdcff8afb29181552c,randomized_legal_policy_seed_52_game_2_wolf_kill,52,2,randomized_legal_policy,regime_randomized_legal_policy_seed_52_base_2,regime_randomized_legal_policy_seed_52_base_2,regime_randomized_legal_policy_seed_52_base_2,final_test,B_unseen_seed,1,night,wolf_kill,4,wolf,werewolf,2,1,1,threat_based,2,1,1,0,0,1,0,1,0,10,0,0,0.28500000000000003,0,0,0.0,0.3,0,0,0,0,2,1,0,0,0.0,0.3,0,0,0,0,0,0,0,0,0,0,0.5,0,0,0.0,2,0,1,2,0.0,0,0,0,0,0,0.3,1.425,villager,0,0,,,0.3333333333333333,0.8571428571428571,0.14285714285714285,0.0,0.14285714285714285,7,"{""baseline_rule_policy"": 0.0, ""deception_enabled_policy"": 1.0, ""mixed_rule_policy"": 1.0, ""randomized_legal_policy"": 1.0, ""risk_heterogeneous_policy"": 1.0, ""seat_order_neutral_policy"": 1.0, ""speech_and_herding_policy"": 1.0}",3,3,0.1428571428571429
edb88493b8a436a4e30fe904c4ca70ea2aa9e0579c46f6954c0d487e6b919545,1866d51ebe4a1d1a10749b3031922ae279aaa344bb6c97cdcff8afb29181552c,randomized_legal_policy_seed_52_game_2_wolf_kill,52,2,randomized_legal_policy,regime_randomized_legal_policy_seed_52_base_2,regime_randomized_legal_policy_seed_52_base_2,regime_randomized_legal_policy_seed_52_base_2,final_test,B_unseen_seed,1,night,wolf_kill,4,wolf,werewolf,1,1,0,threat_based,2,1,1,0,0,1,0,1,0,10,0,0,0.28500000000000003,0,0,0.0,0.3,0,0,0,0,2,1,0,0,0.0,0.3,0,0,0,0,0,0,0,0,0,0,0.5,0,0,0.0,1,1,1,3,0.0,0,0,0,0,0,0.3,1.425,witch,0,1,,,1.0,0.8571428571428571,0.14285714285714285,0.0,0.14285714285714285,7,"{""baseline_rule_policy"": 1.0, ""deception_enabled_policy"": 1.0, ""mixed_rule_policy"": 1.0, ""randomized_legal_policy"": 0.0, ""risk_heterogeneous_policy"": 1.0, ""seat_order_neutral_policy"": 1.0, ""speech_and_herding_policy"": 1.0}",3,3,0.1428571428571429
edb88493b8a436a4e30fe904c4ca70ea2aa9e0579c46f6954c0d487e6b919545,1866d51ebe4a1d1a10749b3031922ae279aaa344bb6c97cdcff8afb29181552c,randomized_legal_policy_seed_52_game_2_wolf_kill,52,2,randomized_legal_policy,regime_randomized_legal_policy_seed_52_base_2,regime_randomized_legal_policy_seed_52_base_2,regime_randomized_legal_policy_seed_52_base_2,final_test,B_unseen_seed,1,night,wolf_kill,4,wolf,werewolf,3,1,0,threat_based,2,1,1,0,0,1,0,1,0,10,0,0,0.28500000000000003,0,0,0.0,0.3,0,0,0,0,2,1,0,0,0.0,0.3,0,0,0,0,0,0,0,0,0,0,0.5,0,0,0.0,3,0,1,1,0.0,0,0,0,0,0,0.3,1.425,villager,0,0,,,0.3333333333333333,1.0,0.0,1.0,0.0,7,"{""baseline_rule_policy"": 1.0, ""deception_enabled_policy"": 1.0, ""mixed_rule_policy"": 1.0, ""randomized_legal_policy"": 1.0, ""risk_heterogeneous_policy"": 1.0, ""seat_order_neutral_policy"": 1.0, ""speech_and_herding_policy"": 1.0}",3,1,0.1428571428571429
edb88493b8a436a4e30fe904c4ca70ea2aa9e0579c46f6954c0d487e6b919545,1866d51ebe4a1d1a10749b3031922ae279aaa344bb6c97cdcff8afb29181552c,randomized_legal_policy_seed_52_game_2_wolf_kill,52,2,randomized_legal_policy,regime_randomized_legal_policy_seed_52_base_2,regime_randomized_legal_policy_seed_52_base_2,regime_randomized_legal_policy_seed_52_base_2,final_test,B_unseen_seed,1,night,wolf_kill,4,wolf,werewolf,6,1,0,threat_based,2,1,1,0,0,1,0,1,0,10,0,0,0.28500000000000003,0,0,0.0,0.3,0,0,0,0,2,1,0,0,0.0,0.3,0,0,0,0,0,0,0,0,0,0,0.5,0,0,0.0,6,1,0,2,0.0,0,0,0,0,0,0.3,1.425,seer,0,1,,,1.0,1.0,0.0,1.0,0.0,7,"{""baseline_rule_policy"": 1.0, ""deception_enabled_policy"": 1.0, ""mixed_rule_policy"": 1.0, ""randomized_legal_policy"": 1.0, ""risk_heterogeneous_policy"": 1.0, ""seat_order_neutral_policy"": 1.0, ""speech_and_herding_policy"": 1.0}",3,1,0.1428571428571429
d06547b791cbed2f4f1b76c0404b748014d4c0ae1c6e4c6a3e15f0aae7031a19,08539f9495c6e8c4600f3b7cfe62220cdeeeb72b6a270baa925cc86647543392,randomized_legal_policy_seed_53_game_1_wolf_kill,53,1,randomized_legal_policy,regime_randomized_legal_policy_seed_53_base_1,regime_randomized_legal_policy_seed_53_base_1,regime_randomized_legal_policy_seed_53_base_1,final_test,B_unseen_seed,1,night,wolf_kill,1,wolf,werewolf,4,1,1,threat_based,4,1,1,0,0,1,0,1,0,10,0,0,0.28500000000000003,0,0,0.0,0.3,0,0,0,0,2,1,0,0,0.0,0.3,0,0,0,0,0,0,0,0,0,0,0.5,0,0,0.0,4,0,1,3,0.0,0,0,0,0,0,0.3,1.425,hunter,0,1,,,0.3333333333333333,0.7142857142857143,0.18442777839082938,0.0,0.2380952380952381,7,"{""baseline_rule_policy"": 0.0, ""deception_enabled_policy"": 1.0, ""mixed_rule_policy"": 1.0, ""randomized_legal_policy"": 1.0, ""risk_heterogeneous_policy"": 0.0, ""seat_order_neutral_policy"": 1.0, ""speech_and_herding_policy"": 1.0}",10,2,0.2857142857142857
d06547b791cbed2f4f1b76c0404b748014d4c0ae1c6e4c6a3e15f0aae7031a19,08539f9495c6e8c4600f3b7cfe62220cdeeeb72b6a270baa925cc86647543392,randomized_legal_policy_seed_53_game_1_wolf_kill,53,1,randomized_legal_policy,regime_randomized_legal_policy_seed_53_base_1,regime_randomized_legal_policy_seed_53_base_1,regime_randomized_legal_policy_seed_53_base_1,final_test,B_unseen_seed,1,night,wolf_kill,1,wolf,werewolf,10,1,0,threat_based,4,1,1,0,0,1,0,1,0,10,0,0,0.28500000000000003,0,0,0.0,0.3,0,0,0,0,2,1,0,0,0.0,0.3,0,0,0,0,0,0,0,0,0,0,0.5,0,0,0.0,10,1,0,1,0.0,0,0,0,0,0,0.3,1.425,villager,0,0,,,0.6666666666666666,1.0,0.0,1.0,0.0,7,"{""baseline_rule_policy"": 1.0, ""deception_enabled_policy"": 1.0, ""mixed_rule_policy"": 1.0, ""randomized_legal_policy"": 1.0, ""risk_heterogeneous_policy"": 1.0, ""seat_order_neutral_policy"": 1.0, ""speech_and_herding_policy"": 1.0}",10,1,0.2857142857142857
d06547b791cbed2f4f1b76c0404b748014d4c0ae1c6e4c6a3e15f0aae7031a19,08539f9495c6e8c4600f3b7cfe62220cdeeeb72b6a270baa925cc86647543392,randomized_legal_policy_seed_53_game_1_wolf_kill,53,1,randomized_legal_policy,regime_randomized_legal_policy_seed_53_base_1,regime_randomized_legal_policy_seed_53_base_1,regime_randomized_legal_policy_seed_53_base_1,final_test,B_unseen_seed,1,night,wolf_kill,1,wolf,werewolf,6,1,0,threat_based,4,1,1,0,0,1,0,1,0,10,0,0,0.28500000000000003,0,0,0.0,0.3,0,0,0,0,2,1,0,0,0.0,0.3,0,0,0,0,0,0,0,0,0,0,0.5,0,0,0.0,6,1,0,5,0.0,0,0,0,0,0,0.3,1.425,villager,0,0,,,0.6666666666666666,0.5714285714285714,0.20203050891044216,0.0,0.28571428571428575,7,"{""baseline_rule_policy"": 1.0, ""deception_enabled_policy"": 0.0, ""mixed_rule_policy"": 0.0, ""randomized_legal_policy"": 1.0, ""risk_heterogeneous_policy"": 1.0, ""seat_order_neutral_policy"": 1.0, ""speech_and_herding_policy"": 0.0}",10,3,0.2857142857142857
d06547b791cbed2f4f1b76c0404b748014d4c0ae1c6e4c6a3e15f0aae7031a19,08539f9495c6e8c4600f3b7cfe62220cdeeeb72b6a270baa925cc86647543392,randomized_legal_policy_seed_53_game_1_wolf_kill,53,1,randomized_legal_policy,regime_randomized_legal_policy_seed_53_base_1,regime_randomized_legal_policy_seed_53_base_1,regime_randomized_legal_policy_seed_53_base_1,final_test,B_unseen_seed,1,night,wolf_kill,1,wolf,werewolf,2,1,0,threat_based,4,1,1,0,0,1,0,1,0,10,0,0,0.28500000000000003,0,0,0.0,0.3,0,0,0,0,2,1,0,0,0.0,0.15,0,0,0,0,0,0,0,0,0,0,0.5,0,0,0.0,2,0,1,1,0.0,0,0,0,0,0,0.15,1.4625,witch,0,1,,,1.0,0.5714285714285714,0.20203050891044216,0.0,0.28571428571428575,7,"{""baseline_rule_policy"": 0.0, ""deception_enabled_policy"": 0.0, ""mixed_rule_policy"": 1.0, ""randomized_legal_policy"": 1.0, ""risk_heterogeneous_policy"": 0.0, ""seat_order_neutral_policy"": 1.0, ""speech_and_herding_policy"": 1.0}",10,3,0.2857142857142857
22e00b9a7fe0b96a9f3826cf9e925217fa4afdd70158ced8383a8751028730e0,18a8c49e09f923a7fff3e1910a1a08a332ea35ffb61e81a2a378d024e0f59804,randomized_legal_policy_seed_53_game_2_wolf_kill,53,2,randomized_legal_policy,regime_randomized_legal_policy_seed_53_base_2,regime_randomized_legal_policy_seed_53_base_2,regime_randomized_legal_policy_seed_53_base_2,final_test,B_unseen_seed,1,night,wolf_kill,3,wolf,werewolf,7,1,1,threat_based,7,1,1,0,0,1,0,1,0,10,0,0,0.28500000000000003,0,0,0.0,0.3,0,0,0,0,2,1,0,0,0.0,0.3,0,0,0,0,0,0,0,0,0,0,0.5,0,0,0.0,7,0,0,4,0.0,0,0,0,0,0,0.3,1.425,witch,0,1,,,0.6666666666666666,0.7142857142857143,0.18442777839082938,0.0,0.2380952380952381,7,"{""baseline_rule_policy"": 1.0, ""deception_enabled_policy"": 0.0, ""mixed_rule_policy"": 1.0, ""randomized_legal_policy"": 0.0, ""risk_heterogeneous_policy"": 1.0, ""seat_order_neutral_policy"": 1.0, ""speech_and_herding_policy"": 1.0}",4,4,0.2857142857142857
22e00b9a7fe0b96a9f3826cf9e925217fa4afdd70158ced8383a8751028730e0,18a8c49e09f923a7fff3e1910a1a08a332ea35ffb61e81a2a378d024e0f59804,randomized_legal_policy_seed_53_game_2_wolf_kill,53,2,randomized_legal_policy,regime_randomized_legal_policy_seed_53_base_2,regime_randomized_legal_policy_seed_53_base_2,regime_randomized_legal_policy_seed_53_base_2,final_test,B_unseen_seed,1,night,wolf_kill,3,wolf,werewolf,1,1,0,threat_based,7,1,1,0,0,1,0,1,0,10,0,0,0.28500000000000003,0,0,0.0,0.3,0,0,0,0,2,1,0,0,0.0,0.3,0,0,0,0,0,0,0,0,0,0,0.5,0,0,0.0,1,1,1,2,0.0,0,0,0,0,0,0.3,1.425,villager,0,0,,,1.0,0.8571428571428571,0.14285714285714285,0.0,0.14285714285714285,7,"{""baseline_rule_policy"": 1.0, ""deception_enabled_policy"": 1.0, ""mixed_rule_policy"": 0.0, ""randomized_legal_policy"": 1.0, ""risk_heterogeneous_policy"": 1.0, ""seat_order_neutral_policy"": 1.0, ""speech_and_herding_policy"": 1.0}",4,2,0.2857142857142857
22e00b9a7fe0b96a9f3826cf9e925217fa4afdd70158ced8383a8751028730e0,18a8c49e09f923a7fff3e1910a1a08a332ea35ffb61e81a2a378d024e0f59804,randomized_legal_policy_seed_53_game_2_wolf_kill,53,2,randomized_legal_policy,regime_randomized_legal_policy_seed_53_base_2,regime_randomized_legal_policy_seed_53_base_2,regime_randomized_legal_policy_seed_53_base_2,final_test,B_unseen_seed,1,night,wolf_kill,3,wolf,werewolf,2,1,0,threat_based,7,1,1,0,0,1,0,1,0,10,0,0,0.28500000000000003,0,0,0.0,0.3,0,0,0,0,2,1,0,0,0.0,0.3,0,0,0,0,0,0,0,0,0,0,0.5,0,0,0.0,2,0,1,1,0.0,0,0,0,0,0,0.3,1.425,villager,0,0,,,1.0,0.8571428571428571,0.14285714285714285,0.0,0.14285714285714285,7,"{""baseline_rule_policy"": 1.0, ""deception_enabled_policy"": 1.0, ""mixed_rule_policy"": 1.0, ""randomized_legal_policy"": 1.0, ""risk_heterogeneous_policy"": 1.0, ""seat_order_neutral_policy"": 1.0, ""speech_and_herding_policy"": 0.0}",4,2,0.2857142857142857
22e00b9a7fe0b96a9f3826cf9e925217fa4afdd70158ced8383a8751028730e0,18a8c49e09f923a7fff3e1910a1a08a332ea35ffb61e81a2a378d024e0f59804,randomized_legal_policy_seed_53_game_2_wolf_kill,53,2,randomized_legal_policy,regime_randomized_legal_policy_seed_53_base_2,regime_randomized_legal_policy_seed_53_base_2,regime_randomized_legal_policy_seed_53_base_2,final_test,B_unseen_seed,1,night,wolf_kill,3,wolf,werewolf,4,1,0,threat_based,7,1,1,0,0,1,0,1,0,10,0,0,0.28500000000000003,0,0,0.0,0.3,0,0,0,0,2,1,0,0,0.0,0.3,0,0,0,0,0,0,0,0,0,0,0.5,0,0,0.0,4,0,1,1,0.0,0,0,0,0,0,0.3,1.425,villager,0,0,,,0.0,1.0,0.0,1.0,0.0,7,"{""baseline_rule_policy"": 1.0, ""deception_enabled_policy"": 1.0, ""mixed_rule_policy"": 1.0, ""randomized_legal_policy"": 1.0, ""risk_heterogeneous_policy"": 1.0, ""seat_order_neutral_policy"": 1.0, ""speech_and_herding_policy"": 1.0}",4,1,0.2857142857142857
b8b9acce0e7d1dc9ea87daf737fc2fc8bf83a59d7f006338cd3f95774cc472c8,ddeb68e4e55db2cb4cdf35009aba71f71267a8481df34b0adaa43ff116034bc6,mixed_rule_policy_seed_42_game_1_wolf_kill,42,1,mixed_rule_policy,regime_mixed_rule_policy_seed_42_base_1,regime_mixed_rule_policy_seed_42_base_1,regime_mixed_rule_policy_seed_42_base_1,train,A_in_distribution,1,night,wolf_kill,2,wolf,werewolf,8,1,1,threat_based,8,1,1,0,0,1,0,1,0,10,0,0,0.315,0,0,0.0,0.3,0,0,0,0,2,1,0,0,0.0,0.3,0,0,0,0,0,0,0,0,0,0,0.5,0,0,0.0,8,0,0,4,0.0,0,0,0,0,0,0.3,1.425,seer,0,1,,,0.6666666666666666,0.7142857142857143,0.18442777839082938,0.0,0.2380952380952381,7,"{""baseline_rule_policy"": 1.0, ""deception_enabled_policy"": 0.0, ""mixed_rule_policy"": 0.0, ""randomized_legal_policy"": 1.0, ""risk_heterogeneous_policy"": 1.0, ""seat_order_neutral_policy"": 1.0, ""speech_and_herding_policy"": 1.0}",4,1,0.0
b8b9acce0e7d1dc9ea87daf737fc2fc8bf83a59d7f006338cd3f95774cc472c8,ddeb68e4e55db2cb4cdf35009aba71f71267a8481df34b0adaa43ff116034bc6,mixed_rule_policy_seed_42_game_1_wolf_kill,42,1,mixed_rule_policy,regime_mixed_rule_policy_seed_42_base_1,regime_mixed_rule_policy_seed_42_base_1,regime_mixed_rule_policy_seed_42_base_1,train,A_in_distribution,1,night,wolf_kill,2,wolf,werewolf,1,1,0,threat_based,8,1,1,0,0,1,0,1,0,10,0,0,0.315,0,0,0.0,0.3,0,0,0,0,2,1,0,0,0.0,0.3,0,0,0,0,0,0,0,0,0,0,0.5,0,0,0.0,1,1,1,1,0.0,0,0,0,0,0,0.3,1.425,witch,0,1,,,0.6666666666666666,0.5714285714285714,0.20203050891044216,0.0,0.28571428571428575,7,"{""baseline_rule_policy"": 0.0, ""deception_enabled_policy"": 1.0, ""mixed_rule_policy"": 1.0, ""randomized_legal_policy"": 0.0, ""risk_heterogeneous_policy"": 1.0, ""seat_order_neutral_policy"": 1.0, ""speech_and_herding_policy"": 0.0}",4,4,0.0
b8b9acce0e7d1dc9ea87daf737fc2fc8bf83a59d7f006338cd3f95774cc472c8,ddeb68e4e55db2cb4cdf35009aba71f71267a8481df34b0adaa43ff116034bc6,mixed_rule_policy_seed_42_game_1_wolf_kill,42,1,mixed_rule_policy,regime_mixed_rule_policy_seed_42_base_1,regime_mixed_rule_policy_seed_42_base_1,regime_mixed_rule_policy_seed_42_base_1,train,A_in_distribution,1,night,wolf_kill,2,wolf,werewolf,7,1,0,threat_based,8,1,1,0,0,1,0,1,0,10,0,0,0.315,0,0,0.0,0.3,0,0,0,0,2,1,0,0,0.0,0.3,0,0,0,0,0,0,0,0,0,0,0.5,0,0,0.0,7,0,0,5,0.0,0,0,0,0,0,0.3,1.425,villager,0,0,,,0.6666666666666666,0.7142857142857143,0.18442777839082938,0.0,0.2380952380952381,7,"{""baseline_rule_policy"": 1.0, ""deception_enabled_policy"": 0.0, ""mixed_rule_policy"": 1.0, ""randomized_legal_policy"": 1.0, ""risk_heterogeneous_policy"": 0.0, ""seat_order_neutral_policy"": 1.0, ""speech_and_herding_policy"": 1.0}",4,1,0.0
b8b9acce0e7d1dc9ea87daf737fc2fc8bf83a59d7f006338cd3f95774cc472c8,ddeb68e4e55db2cb4cdf35009aba71f71267a8481df34b0adaa43ff116034bc6,mixed_rule_policy_seed_42_game_1_wolf_kill,42,1,mixed_rule_policy,regime_mixed_rule_policy_seed_42_base_1,regime_mixed_rule_policy_seed_42_base_1,regime_mixed_rule_policy_seed_42_base_1,train,A_in_distribution,1,night,wolf_kill,2,wolf,werewolf,4,1,0,threat_based,8,1,1,0,0,1,0,1,0,10,0,0,0.315,0,0,0.0,0.3,0,0,0,0,2,1,0,0,0.0,0.3,0,0,0,0,0,0,0,0,0,0,0.5,0,0,0.0,4,0,1,2,0.0,0,0,0,0,0,0.3,1.425,villager,0,0,,,0.6666666666666666,0.7142857142857143,0.18442777839082938,0.0,0.2380952380952381,7,"{""baseline_rule_policy"": 1.0, ""deception_enabled_policy"": 0.0, ""mixed_rule_policy"": 1.0, ""randomized_legal_policy"": 1.0, ""risk_heterogeneous_policy"": 0.0, ""seat_order_neutral_policy"": 1.0, ""speech_and_herding_policy"": 1.0}",4,1,0.0
907dbbdd36dc337478fcd2f3fd49f0f207ec9a803b7e13030d1d08f78320ec78,2a45bcf09afad79c4a1f0c80d27f473475d1f2fec064bc0ee5b33d1c723082c5,mixed_rule_policy_seed_42_game_2_wolf_kill,42,2,mixed_rule_policy,regime_mixed_rule_policy_seed_42_base_2,regime_mixed_rule_policy_seed_42_base_2,regime_mixed_rule_policy_seed_42_base_2,train,A_in_distribution,1,night,wolf_kill,1,wolf,werewolf,4,1,1,threat_based,4,1,1,0,0,1,0,1,0,10,0,0,0.315,0,0,0.0,0.3,0,0,0,0,2,1,0,0,0.0,0.3,0,0,0,0,0,0,0,0,0,0,0.5,0,0,0.0,4,0,1,3,0.0,0,0,0,0,0,0.3,1.425,seer,0,1,,,0.3333333333333333,0.8571428571428571,0.14285714285714285,0.0,0.14285714285714285,7,"{""baseline_rule_policy"": 1.0, ""deception_enabled_policy"": 1.0, ""mixed_rule_policy"": 1.0, ""randomized_legal_policy"": 1.0, ""risk_heterogeneous_policy"": 1.0, ""seat_order_neutral_policy"": 0.0, ""speech_and_herding_policy"": 1.0}",3,1,0.0
907dbbdd36dc337478fcd2f3fd49f0f207ec9a803b7e13030d1d08f78320ec78,2a45bcf09afad79c4a1f0c80d27f473475d1f2fec064bc0ee5b33d1c723082c5,mixed_rule_policy_seed_42_game_2_wolf_kill,42,2,mixed_rule_policy,regime_mixed_rule_policy_seed_42_base_2,regime_mixed_rule_policy_seed_42_base_2,regime_mixed_rule_policy_seed_42_base_2,train,A_in_distribution,1,night,wolf_kill,1,wolf,werewolf,10,1,0,threat_based,4,1,1,0,0,1,0,1,0,10,0,0,0.315,0,0,0.0,0.3,0,0,0,0,2,1,0,0,0.0,0.3,0,0,0,0,0,0,0,0,0,0,0.5,0,0,0.0,10,1,0,1,0.0,0,0,0,0,0,0.3,1.425,hunter,0,1,,,0.0,0.42857142857142855,0.20203050891044214,0.0,0.2857142857142857,7,"{""baseline_rule_policy"": 0.0, ""deception_enabled_policy"": 1.0, ""mixed_rule_policy"": 1.0, ""randomized_legal_policy"": 1.0, ""risk_heterogeneous_policy"": 0.0, ""seat_order_neutral_policy"": 0.0, ""speech_and_herding_policy"": 0.0}",3,4,0.0
907dbbdd36dc337478fcd2f3fd49f0f207ec9a803b7e13030d1d08f78320ec78,2a45bcf09afad79c4a1f0c80d27f473475d1f2fec064bc0ee5b33d1c723082c5,mixed_rule_policy_seed_42_game_2_wolf_kill,42,2,mixed_rule_policy,regime_mixed_rule_policy_seed_42_base_2,regime_mixed_rule_policy_seed_42_base_2,regime_mixed_rule_policy_seed_42_base_2,train,A_in_distribution,1,night,wolf_kill,1,wolf,werewolf,3,1,0,threat_based,4,1,1,0,0,1,0,1,0,10,0,0,0.315,0,0,0.0,0.3,0,0,0,0,2,1,0,0,0.0,0.3,0,0,0,0,0,0,0,0,0,0,0.5,0,0,0.0,3,0,1,2,0.0,0,0,0,0,0,0.3,1.425,witch,0,1,,,0.6666666666666666,0.8571428571428571,0.14285714285714285,0.0,0.14285714285714285,7,"{""baseline_rule_policy"": 0.0, ""deception_enabled_policy"": 1.0, ""mixed_rule_policy"": 1.0, ""randomized_legal_policy"": 1.0, ""risk_heterogeneous_policy"": 1.0, ""seat_order_neutral_policy"": 1.0, ""speech_and_herding_policy"": 1.0}",3,1,0.0
907dbbdd36dc337478fcd2f3fd49f0f207ec9a803b7e13030d1d08f78320ec78,2a45bcf09afad79c4a1f0c80d27f473475d1f2fec064bc0ee5b33d1c723082c5,mixed_rule_policy_seed_42_game_2_wolf_kill,42,2,mixed_rule_policy,regime_mixed_rule_policy_seed_42_base_2,regime_mixed_rule_policy_seed_42_base_2,regime_mixed_rule_policy_seed_42_base_2,train,A_in_distribution,1,night,wolf_kill,1,wolf,werewolf,2,1,0,threat_based,4,1,1,0,0,1,0,1,0,10,0,0,0.315,0,0,0.0,0.3,0,0,0,0,2,1,0,0,0.0,0.3,0,0,0,0,0,0,0,0,0,0,0.5,0,0,0.0,2,0,1,1,0.0,0,0,0,0,0,0.3,1.425,villager,0,0,,,0.3333333333333333,0.7142857142857143,0.18442777839082938,0.0,0.2380952380952381,7,"{""baseline_rule_policy"": 0.0, ""deception_enabled_policy"": 1.0, ""mixed_rule_policy"": 1.0, ""randomized_legal_policy"": 1.0, ""risk_heterogeneous_policy"": 1.0, ""seat_order_neutral_policy"": 0.0, ""speech_and_herding_policy"": 1.0}",3,3,0.0
57b68368e5edc39d543263da14e5f1ff3b14986ed8ae064c1e2a5403843f806d,3ec41921bdc7d18d98df2bc16b1a85c0dd5b5751463722ecac9bedda35136523,mixed_rule_policy_seed_43_game_1_wolf_kill,43,1,mixed_rule_policy,regime_mixed_rule_policy_seed_43_base_1,regime_mixed_rule_policy_seed_43_base_1,regime_mixed_rule_policy_seed_43_base_1,train,A_in_distribution,1,night,wolf_kill,1,wolf,werewolf,4,1,1,threat_based,4,1,1,0,0,1,0,1,0,10,0,0,0.315,0,0,0.25,0.55,0,0,0,0,2,1,0,0,0.0,0.3,0,0,0,0,0,0,0,0,0,0,0.5,0,0,0.0,4,0,1,3,0.0,0,0,0,0,0,0.3,1.425,seer,0,1,,,0.6666666666666666,0.7142857142857143,0.18442777839082938,0.0,0.2380952380952381,7,"{""baseline_rule_policy"": 1.0, ""deception_enabled_policy"": 1.0, ""mixed_rule_policy"": 1.0, ""randomized_legal_policy"": 0.0, ""risk_heterogeneous_policy"": 0.0, ""seat_order_neutral_policy"": 1.0, ""speech_and_herding_policy"": 1.0}",5,3,0.1428571428571428
57b68368e5edc39d543263da14e5f1ff3b14986ed8ae064c1e2a5403843f806d,3ec41921bdc7d18d98df2bc16b1a85c0dd5b5751463722ecac9bedda35136523,mixed_rule_policy_seed_43_game_1_wolf_kill,43,1,mixed_rule_policy,regime_mixed_rule_policy_seed_43_base_1,regime_mixed_rule_policy_seed_43_base_1,regime_mixed_rule_policy_seed_43_base_1,train,A_in_distribution,1,night,wolf_kill,1,wolf,werewolf,10,1,0,threat_based,4,1,1,0,0,1,0,1,0,10,0,0,0.315,0,0,0.25,0.55,0,0,0,0,2,1,0,0,0.0,0.3,0,0,0,0,0,0,0,0,0,0,0.5,0,0,0.0,10,1,0,1,0.0,0,0,0,0,0,0.3,1.425,witch,0,1,,,0.6666666666666666,0.7142857142857143,0.18442777839082938,0.0,0.2380952380952381,7,"{""baseline_rule_policy"": 0.0, ""deception_enabled_policy"": 1.0, ""mixed_rule_policy"": 1.0, ""randomized_legal_policy"": 1.0, ""risk_heterogeneous_policy"": 0.0, ""seat_order_neutral_policy"": 1.0, ""speech_and_herding_policy"": 1.0}",5,3,0.1428571428571428
57b68368e5edc39d543263da14e5f1ff3b14986ed8ae064c1e2a5403843f806d,3ec41921bdc7d18d98df2bc16b1a85c0dd5b5751463722ecac9bedda35136523,mixed_rule_policy_seed_43_game_1_wolf_kill,43,1,mixed_rule_policy,regime_mixed_rule_policy_seed_43_base_1,regime_mixed_rule_policy_seed_43_base_1,regime_mixed_rule_policy_seed_43_base_1,train,A_in_distribution,1,night,wolf_kill,1,wolf,werewolf,5,1,0,threat_based,4,1,1,0,0,1,0,1,0,10,0,0,0.315,0,0,0.25,0.55,0,0,0,0,2,1,0,0,0.0,0.3,0,0,0,0,0,0,0,0,0,0,0.5,0,0,0.0,5,1,1,4,0.0,0,0,0,0,0,0.3,1.425,villager,0,0,,,0.6666666666666666,0.8571428571428571,0.14285714285714285,0.0,0.14285714285714285,7,"{""baseline_rule_policy"": 1.0, ""deception_enabled_policy"": 0.0, ""mixed_rule_policy"": 1.0, ""randomized_legal_policy"": 1.0, ""risk_heterogeneous_policy"": 1.0, ""seat_order_neutral_policy"": 1.0, ""speech_and_herding_policy"": 1.0}",5,1,0.1428571428571428
57b68368e5edc39d543263da14e5f1ff3b14986ed8ae064c1e2a5403843f806d,3ec41921bdc7d18d98df2bc16b1a85c0dd5b5751463722ecac9bedda35136523,mixed_rule_policy_seed_43_game_1_wolf_kill,43,1,mixed_rule_policy,regime_mixed_rule_policy_seed_43_base_1,regime_mixed_rule_policy_seed_43_base_1,regime_mixed_rule_policy_seed_43_base_1,train,A_in_distribution,1,night,wolf_kill,1,wolf,werewolf,9,1,0,threat_based,4,1,1,0,0,1,0,1,0,10,0,0,0.315,0,0,0.25,0.55,0,0,0,0,2,1,0,0,0.0,0.3,0,0,0,0,0,0,0,0,0,0,0.5,0,0,0.0,9,0,0,2,0.0,0,0,0,0,0,0.3,1.425,villager,0,0,,,0.3333333333333333,0.8571428571428571,0.14285714285714285,0.0,0.14285714285714285,7,"{""baseline_rule_policy"": 0.0, ""deception_enabled_policy"": 1.0, ""mixed_rule_policy"": 1.0, ""randomized_legal_policy"": 1.0, ""risk_heterogeneous_policy"": 1.0, ""seat_order_neutral_policy"": 1.0, ""speech_and_herding_policy"": 1.0}",5,1,0.1428571428571428
48a65e79c093e859855ae09fa4cb382f12d4bfa70f3abd28196c403f70a3c37c,428a5d64d71d3a52bf904daecc1ecc2416d318fca7ba883445434a71a7e7fea5,mixed_rule_policy_seed_43_game_2_wolf_kill,43,2,mixed_rule_policy,regime_mixed_rule_policy_seed_43_base_2,regime_mixed_rule_policy_seed_43_base_2,regime_mixed_rule_policy_seed_43_base_2,train,A_in_distribution,1,night,wolf_kill,4,wolf,werewolf,3,1,1,threat_based,3,1,1,0,0,1,0,1,0,10,0,0,0.28500000000000003,0,0,0.0,0.3,0,0,0,0,2,1,0,0,0.0,0.3,0,0,0,0,0,0,0,0,0,0,0.5,0,0,0.0,3,0,1,1,0.0,0,0,0,0,0,0.3,1.425,seer,0,1,,,0.3333333333333333,0.8571428571428571,0.14285714285714285,0.0,0.14285714285714285,7,"{""baseline_rule_policy"": 1.0, ""deception_enabled_policy"": 1.0, ""mixed_rule_policy"": 1.0, ""randomized_legal_policy"": 1.0, ""risk_heterogeneous_policy"": 1.0, ""seat_order_neutral_policy"": 0.0, ""speech_and_herding_policy"": 1.0}",2,2,0.1428571428571429
48a65e79c093e859855ae09fa4cb382f12d4bfa70f3abd28196c403f70a3c37c,428a5d64d71d3a52bf904daecc1ecc2416d318fca7ba883445434a71a7e7fea5,mixed_rule_policy_seed_43_game_2_wolf_kill,43,2,mixed_rule_policy,regime_mixed_rule_policy_seed_43_base_2,regime_mixed_rule_policy_seed_43_base_2,regime_mixed_rule_policy_seed_43_base_2,train,A_in_distribution,1,night,wolf_kill,4,wolf,werewolf,1,1,0,threat_based,3,1,1,0,0,1,0,1,0,10,0,0,0.28500000000000003,0,0,0.0,0.3,0,0,0,0,2,1,0,0,0.0,0.3,0,0,0,0,0,0,0,0,0,0,0.5,0,0,0.0,1,1,1,3,0.0,0,0,0,0,0,0.3,1.425,villager,0,0,,,0.0,0.7142857142857143,0.18442777839082938,0.0,0.2380952380952381,7,"{""baseline_rule_policy"": 1.0, ""deception_enabled_policy"": 1.0, ""mixed_rule_policy"": 1.0, ""randomized_legal_policy"": 0.0, ""risk_heterogeneous_policy"": 1.0, ""seat_order_neutral_policy"": 0.0, ""speech_and_herding_policy"": 1.0}",2,4,0.1428571428571429
48a65e79c093e859855ae09fa4cb382f12d4bfa70f3abd28196c403f70a3c37c,428a5d64d71d3a52bf904daecc1ecc2416d318fca7ba883445434a71a7e7fea5,mixed_rule_policy_seed_43_game_2_wolf_kill,43,2,mixed_rule_policy,regime_mixed_rule_policy_seed_43_base_2,regime_mixed_rule_policy_seed_43_base_2,regime_mixed_rule_policy_seed_43_base_2,train,A_in_distribution,1,night,wolf_kill,4,wolf,werewolf,2,1,0,threat_based,3,1,1,0,0,1,0,1,0,10,0,0,0.28500000000000003,0,0,0.0,0.3,0,0,0,0,2,1,0,0,0.0,0.15,0,0,0,0,0,0,0,0,0,0,0.5,0,0,0.0,2,0,1,2,0.0,0,0,0,0,0,0.15,1.4625,hunter,0,1,,,0.6666666666666666,1.0,0.0,1.0,0.0,7,"{""baseline_rule_policy"": 1.0, ""deception_enabled_policy"": 1.0, ""mixed_rule_policy"": 1.0, ""randomized_legal_policy"": 1.0, ""risk_heterogeneous_policy"": 1.0, ""seat_order_neutral_policy"": 1.0, ""speech_and_herding_policy"": 1.0}",2,1,0.1428571428571429
48a65e79c093e859855ae09fa4cb382f12d4bfa70f3abd28196c403f70a3c37c,428a5d64d71d3a52bf904daecc1ecc2416d318fca7ba883445434a71a7e7fea5,mixed_rule_policy_seed_43_game_2_wolf_kill,43,2,mixed_rule_policy,regime_mixed_rule_policy_seed_43_base_2,regime_mixed_rule_policy_seed_43_base_2,regime_mixed_rule_policy_seed_43_base_2,train,A_in_distribution,1,night,wolf_kill,4,wolf,werewolf,10,1,0,threat_based,3,1,1,0,0,1,0,1,0,10,0,0,0.28500000000000003,0,0,0.0,0.3,0,0,0,0,2,1,0,0,0.0,0.3,0,0,0,0,0,0,0,0,0,0,0.5,0,0,0.0,10,1,0,4,0.0,0,0,0,0,0,0.3,1.425,villager,0,0,,,0.6666666666666666,0.8571428571428571,0.14285714285714285,0.0,0.14285714285714285,7,"{""baseline_rule_policy"": 1.0, ""deception_enabled_policy"": 0.0, ""mixed_rule_policy"": 1.0, ""randomized_legal_policy"": 1.0, ""risk_heterogeneous_policy"": 1.0, ""seat_order_neutral_policy"": 1.0, ""speech_and_herding_policy"": 1.0}",2,2,0.1428571428571429
fc86b1426eade71f9a2c09b355ece5d30317d8b28973804d5ffd513288590fee,3bed587fbc0ac35033834f1355b9c8b93350c000bb6a1d307b37945a4416b3df,mixed_rule_policy_seed_44_game_1_wolf_kill,44,1,mixed_rule_policy,regime_mixed_rule_policy_seed_44_base_1,regime_mixed_rule_policy_seed_44_base_1,regime_mixed_rule_policy_seed_44_base_1,train,A_in_distribution,1,night,wolf_kill,2,wolf,werewolf,5,1,1,threat_based,5,1,1,0,0,1,0,1,0,10,0,0,0.315,0,0,0.0,0.3,0,0,0,0,2,1,0,0,0.0,0.3,0,0,0,0,0,0,0,0,0,0,0.5,0,0,0.0,5,1,1,3,0.0,0,0,0,0,0,0.3,1.425,seer,0,1,,,0.6666666666666666,0.5714285714285714,0.20203050891044216,0.0,0.28571428571428575,7,"{""baseline_rule_policy"": 1.0, ""deception_enabled_policy"": 1.0, ""mixed_rule_policy"": 0.0, ""randomized_legal_policy"": 0.0, ""risk_heterogeneous_policy"": 1.0, ""seat_order_neutral_policy"": 0.0, ""speech_and_herding_policy"": 1.0}",1,2,0.1428571428571429
fc86b1426eade71f9a2c09b355ece5d30317d8b28973804d5ffd513288590fee,3bed587fbc0ac35033834f1355b9c8b93350c000bb6a1d307b37945a4416b3df,mixed_rule_policy_seed_44_game_1_wolf_kill,44,1,mixed_rule_policy,regime_mixed_rule_policy_seed_44_base_1,regime_mixed_rule_policy_seed_44_base_1,regime_mixed_rule_policy_seed_44_base_1,train,A_in_distribution,1,night,wolf_kill,2,wolf,werewolf,1,1,0,threat_based,5,1,1,0,0,1,0,1,0,10,0,0,0.315,0,0,0.0,0.3,0,0,0,0,2,1,0,0,0.0,0.3,0,0,0,0,0,0,0,0,0,0,0.5,0,0,0.0,1,1,1,1,0.0,0,0,0,0,0,0.3,1.425,hunter,0,1,,,0.6666666666666666,0.7142857142857143,0.18442777839082938,0.0,0.2380952380952381,7,"{""baseline_rule_policy"": 1.0, ""deception_enabled_policy"": 0.0, ""mixed_rule_policy"": 1.0, ""randomized_legal_policy"": 1.0, ""risk_heterogeneous_policy"": 1.0, ""seat_order_neutral_policy"": 0.0, ""speech_and_herding_policy"": 1.0}",1,1,0.1428571428571429
fc86b1426eade71f9a2c09b355ece5d30317d8b28973804d5ffd513288590fee,3bed587fbc0ac35033834f1355b9c8b93350c000bb6a1d307b37945a4416b3df,mixed_rule_policy_seed_44_game_1_wolf_kill,44,1,mixed_rule_policy,regime_mixed_rule_policy_seed_44_base_1,regime_mixed_rule_policy_seed_44_base_1,regime_mixed_rule_policy_seed_44_base_1,train,A_in_distribution,1,night,wolf_kill,2,wolf,werewolf,3,1,0,threat_based,5,1,1,0,0,1,0,1,0,10,0,0,0.315,0,0,0.0,0.3,0,0,0,0,2,1,0,0,0.0,0.3,0,0,0,0,0,0,0,0,0,0,0.5,0,0,0.0,3,0,1,1,0.0,0,0,0,0,0,0.3,1.425,witch,0,1,,,1.0,0.42857142857142855,0.20203050891044214,0.0,0.2857142857142857,7,"{""baseline_rule_policy"": 0.0, ""deception_enabled_policy"": 1.0, ""mixed_rule_policy"": 0.0, ""randomized_legal_policy"": 1.0, ""risk_heterogeneous_policy"": 1.0, ""seat_order_neutral_policy"": 0.0, ""speech_and_herding_policy"": 0.0}",1,4,0.1428571428571429
fc86b1426eade71f9a2c09b355ece5d30317d8b28973804d5ffd513288590fee,3bed587fbc0ac35033834f1355b9c8b93350c000bb6a1d307b37945a4416b3df,mixed_rule_policy_seed_44_game_1_wolf_kill,44,1,mixed_rule_policy,regime_mixed_rule_policy_seed_44_base_1,regime_mixed_rule_policy_seed_44_base_1,regime_mixed_rule_policy_seed_44_base_1,train,A_in_distribution,1,night,wolf_kill,2,wolf,werewolf,4,1,0,threat_based,5,1,1,0,0,1,0,1,0,10,0,0,0.315,0,0,0.0,0.3,0,0,0,0,2,1,0,0,0.0,0.3,0,0,0,0,0,0,0,0,0,0,0.5,0,0,0.0,4,0,1,2,0.0,0,0,0,0,0,0.3,1.425,villager,0,0,,,0.6666666666666666,0.5714285714285714,0.20203050891044216,0.0,0.28571428571428575,7,"{""baseline_rule_policy"": 0.0, ""deception_enabled_policy"": 1.0, ""mixed_rule_policy"": 1.0, ""randomized_legal_policy"": 1.0, ""risk_heterogeneous_policy"": 0.0, ""seat_order_neutral_policy"": 0.0, ""speech_and_herding_policy"": 1.0}",1,2,0.1428571428571429
772d190c7acfdd35335d9198a06b835f1dcb8c49739ada5e7bfc8ca5c9181f1a,9cd436e80a5740cae2a7219a278877a25c2537f1082a8e175fad28b6080f3e65,mixed_rule_policy_seed_44_game_2_wolf_kill,44,2,mixed_rule_policy,regime_mixed_rule_policy_seed_44_base_2,regime_mixed_rule_policy_seed_44_base_2,regime_mixed_rule_policy_seed_44_base_2,train,A_in_distribution,1,night,wolf_kill,2,wolf,werewolf,5,1,1,threat_based,5,1,1,0,0,1,0,1,0,10,0,0,0.315,0,0,0.0,0.3,0,0,0,0,2,1,0,0,0.0,0.3,0,0,0,0,0,0,0,0,0,0,0.5,0,0,0.0,5,1,1,3,0.0,0,0,0,0,0,0.3,1.425,seer,0,1,,,1.0,0.42857142857142855,0.20203050891044214,0.0,0.2857142857142857,7,"{""baseline_rule_policy"": 0.0, ""deception_enabled_policy"": 1.0, ""mixed_rule_policy"": 0.0, ""randomized_legal_policy"": 1.0, ""risk_heterogeneous_policy"": 0.0, ""seat_order_neutral_policy"": 0.0, ""speech_and_herding_policy"": 1.0}",1,3,0.14285714285714285
772d190c7acfdd35335d9198a06b835f1dcb8c49739ada5e7bfc8ca5c9181f1a,9cd436e80a5740cae2a7219a278877a25c2537f1082a8e175fad28b6080f3e65,mixed_rule_policy_seed_44_game_2_wolf_kill,44,2,mixed_rule_policy,regime_mixed_rule_policy_seed_44_base_2,regime_mixed_rule_policy_seed_44_base_2,regime_mixed_rule_policy_seed_44_base_2,train,A_in_distribution,1,night,wolf_kill,2,wolf,werewolf,1,1,0,threat_based,5,1,1,0,0,1,0,1,0,10,0,0,0.315,0,0,0.0,0.3,0,0,0,0,2,1,0,0,0.0,0.3,0,0,0,0,0,0,0,0,0,0,0.5,0,0,0.0,1,1,1,1,0.0,0,0,0,0,0,0.3,1.425,villager,0,0,,,0.3333333333333333,0.5714285714285714,0.20203050891044216,0.0,0.28571428571428575,7,"{""baseline_rule_policy"": 1.0, ""deception_enabled_policy"": 0.0, ""mixed_rule_policy"": 1.0, ""randomized_legal_policy"": 1.0, ""risk_heterogeneous_policy"": 0.0, ""seat_order_neutral_policy"": 1.0, ""speech_and_herding_policy"": 0.0}",1,1,0.14285714285714285
772d190c7acfdd35335d9198a06b835f1dcb8c49739ada5e7bfc8ca5c9181f1a,9cd436e80a5740cae2a7219a278877a25c2537f1082a8e175fad28b6080f3e65,mixed_rule_policy_seed_44_game_2_wolf_kill,44,2,mixed_rule_policy,regime_mixed_rule_policy_seed_44_base_2,regime_mixed_rule_policy_seed_44_base_2,regime_mixed_rule_policy_seed_44_base_2,train,A_in_distribution,1,night,wolf_kill,2,wolf,werewolf,3,1,0,threat_based,5,1,1,0,0,1,0,1,0,10,0,0,0.315,0,0,0.0,0.3,0,0,0,0,2,1,0,0,0.0,0.3,0,0,0,0,0,0,0,0,0,0,0.5,0,0,0.0,3,0,1,1,0.0,0,0,0,0,0,0.3,1.425,hunter,0,1,,,1.0,0.14285714285714285,0.14285714285714288,0.0,0.14285714285714288,7,"{""baseline_rule_policy"": 0.0, ""deception_enabled_policy"": 0.0, ""mixed_rule_policy"": 0.0, ""randomized_legal_policy"": 1.0, ""risk_heterogeneous_policy"": 0.0, ""seat_order_neutral_policy"": 0.0, ""speech_and_herding_policy"": 0.0}",1,4,0.14285714285714285
772d190c7acfdd35335d9198a06b835f1dcb8c49739ada5e7bfc8ca5c9181f1a,9cd436e80a5740cae2a7219a278877a25c2537f1082a8e175fad28b6080f3e65,mixed_rule_policy_seed_44_game_2_wolf_kill,44,2,mixed_rule_policy,regime_mixed_rule_policy_seed_44_base_2,regime_mixed_rule_policy_seed_44_base_2,regime_mixed_rule_policy_seed_44_base_2,train,A_in_distribution,1,night,wolf_kill,2,wolf,werewolf,9,1,0,threat_based,5,1,1,0,0,1,0,1,0,10,0,0,0.315,0,0,0.0,0.3,0,0,0,0,2,1,0,0,0.0,0.3,0,0,0,0,0,0,0,0,0,0,0.5,0,0,0.0,9,0,0,3,0.0,0,0,0,0,0,0.3,1.425,witch,0,1,,,0.3333333333333333,0.5714285714285714,0.20203050891044216,0.0,0.28571428571428575,7,"{""baseline_rule_policy"": 1.0, ""deception_enabled_policy"": 0.0, ""mixed_rule_policy"": 0.0, ""randomized_legal_policy"": 1.0, ""risk_heterogeneous_policy"": 1.0, ""seat_order_neutral_policy"": 0.0, ""speech_and_herding_policy"": 1.0}",1,1,0.14285714285714285
7129e802607f5163e3af8c450b90dcc57b63fde2d8b7d4615ab45de19bb872d6,1f5205c4aa9774ac43c48997b280a118d47e1f958dd35abf805cea552458e667,mixed_rule_policy_seed_50_game_1_wolf_kill,50,1,mixed_rule_policy,regime_mixed_rule_policy_seed_50_base_1,regime_mixed_rule_policy_seed_50_base_1,regime_mixed_rule_policy_seed_50_base_1,validation,A_in_distribution,1,night,wolf_kill,4,wolf,werewolf,3,1,1,threat_based,3,1,1,0,0,1,0,1,0,10,0,0,0.28500000000000003,0,0,0.0,0.3,0,0,0,0,2,1,0,0,0.0,0.3,0,0,0,0,0,0,0,0,0,0,0.5,0,0,0.0,3,0,1,1,0.0,0,0,0,0,0,0.3,1.425,seer,0,1,,,0.3333333333333333,0.5714285714285714,0.20203050891044216,0.0,0.28571428571428575,7,"{""baseline_rule_policy"": 1.0, ""deception_enabled_policy"": 0.0, ""mixed_rule_policy"": 1.0, ""randomized_legal_policy"": 1.0, ""risk_heterogeneous_policy"": 1.0, ""seat_order_neutral_policy"": 0.0, ""speech_and_herding_policy"": 0.0}",1,4,0.1428571428571429
7129e802607f5163e3af8c450b90dcc57b63fde2d8b7d4615ab45de19bb872d6,1f5205c4aa9774ac43c48997b280a118d47e1f958dd35abf805cea552458e667,mixed_rule_policy_seed_50_game_1_wolf_kill,50,1,mixed_rule_policy,regime_mixed_rule_policy_seed_50_base_1,regime_mixed_rule_policy_seed_50_base_1,regime_mixed_rule_policy_seed_50_base_1,validation,A_in_distribution,1,night,wolf_kill,4,wolf,werewolf,1,1,0,threat_based,3,1,1,0,0,1,0,1,0,10,0,0,0.28500000000000003,0,0,0.0,0.3,0,0,0,0,2,1,0,0,0.0,0.3,0,0,0,0,0,0,0,0,0,0,0.5,0,0,0.0,1,1,1,3,0.0,0,0,0,0,0,0.3,1.425,villager,0,0,,,1.0,0.7142857142857143,0.18442777839082938,0.0,0.2380952380952381,7,"{""baseline_rule_policy"": 0.0, ""deception_enabled_policy"": 1.0, ""mixed_rule_policy"": 1.0, ""randomized_legal_policy"": 1.0, ""risk_heterogeneous_policy"": 1.0, ""seat_order_neutral_policy"": 0.0, ""speech_and_herding_policy"": 1.0}",1,1,0.1428571428571429
7129e802607f5163e3af8c450b90dcc57b63fde2d8b7d4615ab45de19bb872d6,1f5205c4aa9774ac43c48997b280a118d47e1f958dd35abf805cea552458e667,mixed_rule_policy_seed_50_game_1_wolf_kill,50,1,mixed_rule_policy,regime_mixed_rule_policy_seed_50_base_1,regime_mixed_rule_policy_seed_50_base_1,regime_mixed_rule_policy_seed_50_base_1,validation,A_in_distribution,1,night,wolf_kill,4,wolf,werewolf,2,1,0,threat_based,3,1,1,0,0,1,0,1,0,10,0,0,0.28500000000000003,0,0,0.0,0.3,0,0,0,0,2,1,0,0,0.0,0.15,0,0,0,0,0,0,0,0,0,0,0.5,0,0,0.0,2,0,1,2,0.0,0,0,0,0,0,0.15,1.4625,hunter,0,1,,,0.6666666666666666,0.7142857142857143,0.18442777839082938,0.0,0.2380952380952381,7,"{""baseline_rule_policy"": 0.0, ""deception_enabled_policy"": 0.0, ""mixed_rule_policy"": 1.0, ""randomized_legal_policy"": 1.0, ""risk_heterogeneous_policy"": 1.0, ""seat_order_neutral_policy"": 1.0, ""speech_and_herding_policy"": 1.0}",1,1,0.1428571428571429
7129e802607f5163e3af8c450b90dcc57b63fde2d8b7d4615ab45de19bb872d6,1f5205c4aa9774ac43c48997b280a118d47e1f958dd35abf805cea552458e667,mixed_rule_policy_seed_50_game_1_wolf_kill,50,1,mixed_rule_policy,regime_mixed_rule_policy_seed_50_base_1,regime_mixed_rule_policy_seed_50_base_1,regime_mixed_rule_policy_seed_50_base_1,validation,A_in_distribution,1,night,wolf_kill,4,wolf,werewolf,5,1,0,threat_based,3,1,1,0,0,1,0,1,0,10,0,0,0.28500000000000003,0,0,0.0,0.3,0,0,0,0,2,1,0,0,0.0,0.3,0,0,0,0,0,0,0,0,0,0,0.5,0,0,0.0,5,1,1,1,0.0,0,0,0,0,0,0.3,1.425,villager,0,0,,,0.6666666666666666,0.7142857142857143,0.18442777839082938,0.0,0.2380952380952381,7,"{""baseline_rule_policy"": 1.0, ""deception_enabled_policy"": 1.0, ""mixed_rule_policy"": 1.0, ""randomized_legal_policy"": 1.0, ""risk_heterogeneous_policy"": 1.0, ""seat_order_neutral_policy"": 0.0, ""speech_and_herding_policy"": 0.0}",1,1,0.1428571428571429
69c8110b7a1260b8fda6853aced257c33d7b2d48f6d2f2af8b3ccb1d40957c7b,17787c21040122ea7d4d6e05f466b6da193d11c48e1112a57fd94be025f12324,mixed_rule_policy_seed_50_game_2_wolf_kill,50,2,mixed_rule_policy,regime_mixed_rule_policy_seed_50_base_2,regime_mixed_rule_policy_seed_50_base_2,regime_mixed_rule_policy_seed_50_base_2,validation,A_in_distribution,1,night,wolf_kill,2,wolf,werewolf,6,1,1,threat_based,6,1,1,0,0,1,0,1,0,10,0,0,0.28500000000000003,0,0,0.0,0.3,0,0,0,0,2,1,0,0,0.0,0.3,0,0,0,0,0,0,0,0,0,0,0.5,0,0,0.0,6,1,0,4,0.0,0,0,0,0,0,0.3,1.425,seer,0,1,,,1.0,1.0,0.0,1.0,0.0,7,"{""baseline_rule_policy"": 1.0, ""deception_enabled_policy"": 1.0, ""mixed_rule_policy"": 1.0, ""randomized_legal_policy"": 1.0, ""risk_heterogeneous_policy"": 1.0, ""seat_order_neutral_policy"": 1.0, ""speech_and_herding_policy"": 1.0}",6,1,0.0
69c8110b7a1260b8fda6853aced257c33d7b2d48f6d2f2af8b3ccb1d40957c7b,17787c21040122ea7d4d6e05f466b6da193d11c48e1112a57fd94be025f12324,mixed_rule_policy_seed_50_game_2_wolf_kill,50,2,mixed_rule_policy,regime_mixed_rule_policy_seed_50_base_2,regime_mixed_rule_policy_seed_50_base_2,regime_mixed_rule_policy_seed_50_base_2,validation,A_in_distribution,1,night,wolf_kill,2,wolf,werewolf,1,1,0,threat_based,6,1,1,0,0,1,0,1,0,10,0,0,0.28500000000000003,0,0,0.0,0.3,0,0,0,0,2,1,0,0,0.0,0.3,0,0,0,0,0,0,0,0,0,0,0.5,0,0,0.0,1,1,1,1,0.0,0,0,0,0,0,0.3,1.425,villager,0,0,,,1.0,0.7142857142857143,0.18442777839082938,0.0,0.2380952380952381,7,"{""baseline_rule_policy"": 0.0, ""deception_enabled_policy"": 1.0, ""mixed_rule_policy"": 1.0, ""randomized_legal_policy"": 1.0, ""risk_heterogeneous_policy"": 0.0, ""seat_order_neutral_policy"": 1.0, ""speech_and_herding_policy"": 1.0}",6,3,0.0
69c8110b7a1260b8fda6853aced257c33d7b2d48f6d2f2af8b3ccb1d40957c7b,17787c21040122ea7d4d6e05f466b6da193d11c48e1112a57fd94be025f12324,mixed_rule_policy_seed_50_game_2_wolf_kill,50,2,mixed_rule_policy,regime_mixed_rule_policy_seed_50_base_2,regime_mixed_rule_policy_seed_50_base_2,regime_mixed_rule_policy_seed_50_base_2,validation,A_in_distribution,1,night,wolf_kill,2,wolf,werewolf,9,1,0,threat_based,6,1,1,0,0,1,0,1,0,10,0,0,0.28500000000000003,0,0,0.0,0.3,0,0,0,0,2,1,0,0,0.0,0.3,0,0,0,0,0,0,0,0,0,0,0.5,0,0,0.0,9,0,0,3,0.0,0,0,0,0,0,0.3,1.425,villager,0,0,,,1.0,0.7142857142857143,0.18442777839082938,0.0,0.2380952380952381,7,"{""baseline_rule_policy"": 0.0, ""deception_enabled_policy"": 1.0, ""mixed_rule_policy"": 1.0, ""randomized_legal_policy"": 1.0, ""risk_heterogeneous_policy"": 0.0, ""seat_order_neutral_policy"": 1.0, ""speech_and_herding_policy"": 1.0}",6,3,0.0
69c8110b7a1260b8fda6853aced257c33d7b2d48f6d2f2af8b3ccb1d40957c7b,17787c21040122ea7d4d6e05f466b6da193d11c48e1112a57fd94be025f12324,mixed_rule_policy_seed_50_game_2_wolf_kill,50,2,mixed_rule_policy,regime_mixed_rule_policy_seed_50_base_2,regime_mixed_rule_policy_seed_50_base_2,regime_mixed_rule_policy_seed_50_base_2,validation,A_in_distribution,1,night,wolf_kill,2,wolf,werewolf,8,1,0,threat_based,6,1,1,0,0,1,0,1,0,10,0,0,0.28500000000000003,0,0,0.0,0.3,0,0,0,0,2,1,0,0,0.0,0.3,0,0,0,0,0,0,0,0,0,0,0.5,0,0,0.0,8,0,0,4,0.0,0,0,0,0,0,0.3,1.425,hunter,0,1,,,0.3333333333333333,0.8571428571428571,0.14285714285714285,0.0,0.14285714285714285,7,"{""baseline_rule_policy"": 1.0, ""deception_enabled_policy"": 1.0, ""mixed_rule_policy"": 1.0, ""randomized_legal_policy"": 1.0, ""risk_heterogeneous_policy"": 0.0, ""seat_order_neutral_policy"": 1.0, ""speech_and_herding_policy"": 1.0}",6,2,0.0
a2f9c9f82ff4f9f1847a0f2bbcc631b1c7464d6e77b1a049379c26c05533c531,0ef45384d001b85f59813db46c24a99975220de156f36b5f532d30a3cac29f87,mixed_rule_policy_seed_52_game_1_wolf_kill,52,1,mixed_rule_policy,regime_mixed_rule_policy_seed_52_base_1,regime_mixed_rule_policy_seed_52_base_1,regime_mixed_rule_policy_seed_52_base_1,final_test,B_unseen_seed,1,night,wolf_kill,1,wolf,werewolf,7,1,1,threat_based,7,1,1,0,0,1,0,1,0,10,0,0,0.28500000000000003,0,0,0.0,0.3,0,0,0,0,2,1,0,0,0.0,0.15,0,0,0,0,0,0,0,0,0,0,0.5,0,0,0.0,7,0,0,4,0.0,0,0,0,0,0,0.15,1.4625,witch,0,1,,,0.6666666666666666,0.8571428571428571,0.14285714285714285,0.0,0.14285714285714285,7,"{""baseline_rule_policy"": 1.0, ""deception_enabled_policy"": 1.0, ""mixed_rule_policy"": 1.0, ""randomized_legal_policy"": 1.0, ""risk_heterogeneous_policy"": 0.0, ""seat_order_neutral_policy"": 1.0, ""speech_and_herding_policy"": 1.0}",10,3,0.1428571428571429
a2f9c9f82ff4f9f1847a0f2bbcc631b1c7464d6e77b1a049379c26c05533c531,0ef45384d001b85f59813db46c24a99975220de156f36b5f532d30a3cac29f87,mixed_rule_policy_seed_52_game_1_wolf_kill,52,1,mixed_rule_policy,regime_mixed_rule_policy_seed_52_base_1,regime_mixed_rule_policy_seed_52_base_1,regime_mixed_rule_policy_seed_52_base_1,final_test,B_unseen_seed,1,night,wolf_kill,1,wolf,werewolf,10,1,0,threat_based,7,1,1,0,0,1,0,1,0,10,0,0,0.28500000000000003,0,0,0.0,0.3,0,0,0,0,2,1,0,0,0.0,0.3,0,0,0,0,0,0,0,0,0,0,0.5,0,0,0.0,10,1,0,1,0.0,0,0,0,0,0,0.3,1.425,seer,0,1,,,0.6666666666666666,1.0,0.0,1.0,0.0,7,"{""baseline_rule_policy"": 1.0, ""deception_enabled_policy"": 1.0, ""mixed_rule_policy"": 1.0, ""randomized_legal_policy"": 1.0, ""risk_heterogeneous_policy"": 1.0, ""seat_order_neutral_policy"": 1.0, ""speech_and_herding_policy"": 1.0}",10,1,0.1428571428571429
a2f9c9f82ff4f9f1847a0f2bbcc631b1c7464d6e77b1a049379c26c05533c531,0ef45384d001b85f59813db46c24a99975220de156f36b5f532d30a3cac29f87,mixed_rule_policy_seed_52_game_1_wolf_kill,52,1,mixed_rule_policy,regime_mixed_rule_policy_seed_52_base_1,regime_mixed_rule_policy_seed_52_base_1,regime_mixed_rule_policy_seed_52_base_1,final_test,B_unseen_seed,1,night,wolf_kill,1,wolf,werewolf,3,1,0,threat_based,7,1,1,0,0,1,0,1,0,10,0,0,0.28500000000000003,0,0,0.0,0.3,0,0,0,0,2,1,0,0,0.0,0.3,0,0,0,0,0,0,0,0,0,0,0.5,0,0,0.0,3,0,1,2,0.0,0,0,0,0,0,0.3,1.425,villager,0,0,,,1.0,1.0,0.0,1.0,0.0,7,"{""baseline_rule_policy"": 1.0, ""deception_enabled_policy"": 1.0, ""mixed_rule_policy"": 1.0, ""randomized_legal_policy"": 1.0, ""risk_heterogeneous_policy"": 1.0, ""seat_order_neutral_policy"": 1.0, ""speech_and_herding_policy"": 1.0}",10,1,0.1428571428571429
a2f9c9f82ff4f9f1847a0f2bbcc631b1c7464d6e77b1a049379c26c05533c531,0ef45384d001b85f59813db46c24a99975220de156f36b5f532d30a3cac29f87,mixed_rule_policy_seed_52_game_1_wolf_kill,52,1,mixed_rule_policy,regime_mixed_rule_policy_seed_52_base_1,regime_mixed_rule_policy_seed_52_base_1,regime_mixed_rule_policy_seed_52_base_1,final_test,B_unseen_seed,1,night,wolf_kill,1,wolf,werewolf,2,1,0,threat_based,7,1,1,0,0,1,0,1,0,10,0,0,0.28500000000000003,0,0,0.0,0.3,0,0,0,0,2,1,0,0,0.0,0.3,0,0,0,0,0,0,0,0,0,0,0.5,0,0,0.0,2,0,1,1,0.0,0,0,0,0,0,0.3,1.425,villager,0,0,,,0.3333333333333333,0.5714285714285714,0.20203050891044216,0.0,0.28571428571428575,7,"{""baseline_rule_policy"": 0.0, ""deception_enabled_policy"": 0.0, ""mixed_rule_policy"": 1.0, ""randomized_legal_policy"": 1.0, ""risk_heterogeneous_policy"": 0.0, ""seat_order_neutral_policy"": 1.0, ""speech_and_herding_policy"": 1.0}",10,4,0.1428571428571429
70cc21fd3337071c0a7595d2ad2df570c9bcee6faf51c886e2b8be52c47a5c34,d94ab9a72335e6099eda5cc69bf8bb16fdd188f6747e6406510c53bc7613ea33,mixed_rule_policy_seed_52_game_2_wolf_kill,52,2,mixed_rule_policy,regime_mixed_rule_policy_seed_52_base_2,regime_mixed_rule_policy_seed_52_base_2,regime_mixed_rule_policy_seed_52_base_2,final_test,B_unseen_seed,1,night,wolf_kill,3,wolf,werewolf,9,1,1,threat_based,9,1,1,0,0,1,0,1,0,10,0,0,0.28500000000000003,0,0,0.0,0.3,0,0,0,0,2,1,0,0,0.0,0.3,0,0,0,0,0,0,0,0,0,0,0.5,0,0,0.0,9,0,0,4,0.0,0,0,0,0,0,0.3,1.425,seer,0,1,,,0.6666666666666666,0.7142857142857143,0.18442777839082938,0.0,0.2380952380952381,7,"{""baseline_rule_policy"": 0.0, ""deception_enabled_policy"": 1.0, ""mixed_rule_policy"": 0.0, ""randomized_legal_policy"": 1.0, ""risk_heterogeneous_policy"": 1.0, ""seat_order_neutral_policy"": 1.0, ""speech_and_herding_policy"": 1.0}",9,1,0.0
70cc21fd3337071c0a7595d2ad2df570c9bcee6faf51c886e2b8be52c47a5c34,d94ab9a72335e6099eda5cc69bf8bb16fdd188f6747e6406510c53bc7613ea33,mixed_rule_policy_seed_52_game_2_wolf_kill,52,2,mixed_rule_policy,regime_mixed_rule_policy_seed_52_base_2,regime_mixed_rule_policy_seed_52_base_2,regime_mixed_rule_policy_seed_52_base_2,final_test,B_unseen_seed,1,night,wolf_kill,3,wolf,werewolf,2,1,0,threat_based,9,1,1,0,0,1,0,1,0,10,0,0,0.28500000000000003,0,0,0.0,0.3,0,0,0,0,2,1,0,0,0.0,0.3,0,0,0,0,0,0,0,0,0,0,0.5,0,0,0.0,2,0,1,1,0.0,0,0,0,0,0,0.3,1.425,villager,0,0,,,1.0,0.42857142857142855,0.20203050891044214,0.0,0.2857142857142857,7,"{""baseline_rule_policy"": 1.0, ""deception_enabled_policy"": 0.0, ""mixed_rule_policy"": 0.0, ""randomized_legal_policy"": 1.0, ""risk_heterogeneous_policy"": 1.0, ""seat_order_neutral_policy"": 0.0, ""speech_and_herding_policy"": 0.0}",9,3,0.0
70cc21fd3337071c0a7595d2ad2df570c9bcee6faf51c886e2b8be52c47a5c34,d94ab9a72335e6099eda5cc69bf8bb16fdd188f6747e6406510c53bc7613ea33,mixed_rule_policy_seed_52_game_2_wolf_kill,52,2,mixed_rule_policy,regime_mixed_rule_policy_seed_52_base_2,regime_mixed_rule_policy_seed_52_base_2,regime_mixed_rule_policy_seed_52_base_2,final_test,B_unseen_seed,1,night,wolf_kill,3,wolf,werewolf,1,1,0,threat_based,9,1,1,0,0,1,0,1,0,10,0,0,0.28500000000000003,0,0,0.0,0.3,0,0,0,0,2,1,0,0,0.0,0.15,0,0,0,0,0,0,0,0,0,0,0.5,0,0,0.0,1,1,1,2,0.0,0,0,0,0,0,0.15,1.4625,villager,0,0,,,0.3333333333333333,0.42857142857142855,0.20203050891044214,0.0,0.2857142857142857,7,"{""baseline_rule_policy"": 0.0, ""deception_enabled_policy"": 0.0, ""mixed_rule_policy"": 0.0, ""randomized_legal_policy"": 1.0, ""risk_heterogeneous_policy"": 0.0, ""seat_order_neutral_policy"": 1.0, ""speech_and_herding_policy"": 1.0}",9,3,0.0
70cc21fd3337071c0a7595d2ad2df570c9bcee6faf51c886e2b8be52c47a5c34,d94ab9a72335e6099eda5cc69bf8bb16fdd188f6747e6406510c53bc7613ea33,mixed_rule_policy_seed_52_game_2_wolf_kill,52,2,mixed_rule_policy,regime_mixed_rule_policy_seed_52_base_2,regime_mixed_rule_policy_seed_52_base_2,regime_mixed_rule_policy_seed_52_base_2,final_test,B_unseen_seed,1,night,wolf_kill,3,wolf,werewolf,8,1,0,threat_based,9,1,1,0,0,1,0,1,0,10,0,0,0.28500000000000003,0,0,0.0,0.3,0,0,0,0,2,1,0,0,0.0,0.3,0,0,0,0,0,0,0,0,0,0,0.5,0,0,0.0,8,0,0,5,0.0,0,0,0,0,0,0.3,1.425,villager,0,0,,,0.3333333333333333,0.5714285714285714,0.20203050891044216,0.0,0.28571428571428575,7,"{""baseline_rule_policy"": 0.0, ""deception_enabled_policy"": 0.0, ""mixed_rule_policy"": 0.0, ""randomized_legal_policy"": 1.0, ""risk_heterogeneous_policy"": 1.0, ""seat_order_neutral_policy"": 1.0, ""speech_and_herding_policy"": 1.0}",9,2,0.0
8a27660e667a9f55320c24895a162b20b87de8b943a57a693c4c3651bb644d04,abf3d02b2d8e28787966cbaf12bfe0f811ab6d2795dce74ba3ebdb421472d5a6,mixed_rule_policy_seed_53_game_1_wolf_kill,53,1,mixed_rule_policy,regime_mixed_rule_policy_seed_53_base_1,regime_mixed_rule_policy_seed_53_base_1,regime_mixed_rule_policy_seed_53_base_1,final_test,B_unseen_seed,1,night,wolf_kill,3,wolf,werewolf,2,1,1,threat_based,2,1,1,0,0,1,0,1,0,10,0,0,0.28500000000000003,0,0,0.0,0.3,0,0,0,0,2,1,0,0,0.0,0.3,0,0,0,0,0,0,0,0,0,0,0.5,0,0,0.0,2,0,1,1,0.0,0,0,0,0,0,0.3,1.425,seer,0,1,,,0.3333333333333333,0.7142857142857143,0.18442777839082938,0.0,0.2380952380952381,7,"{""baseline_rule_policy"": 1.0, ""deception_enabled_policy"": 0.0, ""mixed_rule_policy"": 0.0, ""randomized_legal_policy"": 1.0, ""risk_heterogeneous_policy"": 1.0, ""seat_order_neutral_policy"": 1.0, ""speech_and_herding_policy"": 1.0}",1,1,0.0
8a27660e667a9f55320c24895a162b20b87de8b943a57a693c4c3651bb644d04,abf3d02b2d8e28787966cbaf12bfe0f811ab6d2795dce74ba3ebdb421472d5a6,mixed_rule_policy_seed_53_game_1_wolf_kill,53,1,mixed_rule_policy,regime_mixed_rule_policy_seed_53_base_1,regime_mixed_rule_policy_seed_53_base_1,regime_mixed_rule_policy_seed_53_base_1,final_test,B_unseen_seed,1,night,wolf_kill,3,wolf,werewolf,1,1,0,threat_based,2,1,1,0,0,1,0,1,0,10,0,0,0.28500000000000003,0,0,0.0,0.3,0,0,0,0,2,1,0,0,0.0,0.3,0,0,0,0,0,0,0,0,0,0,0.5,0,0,0.0,1,1,1,2,0.0,0,0,0,0,0,0.3,1.425,witch,0,1,,,0.6666666666666666,0.7142857142857143,0.18442777839082938,0.0,0.2380952380952381,7,"{""baseline_rule_policy"": 0.0, ""deception_enabled_policy"": 1.0, ""mixed_rule_policy"": 1.0, ""randomized_legal_policy"": 1.0, ""risk_heterogeneous_policy"": 1.0, ""seat_order_neutral_policy"": 1.0, ""speech_and_herding_policy"": 0.0}",1,1,0.0
8a27660e667a9f55320c24895a162b20b87de8b943a57a693c4c3651bb644d04,abf3d02b2d8e28787966cbaf12bfe0f811ab6d2795dce74ba3ebdb421472d5a6,mixed_rule_policy_seed_53_game_1_wolf_kill,53,1,mixed_rule_policy,regime_mixed_rule_policy_seed_53_base_1,regime_mixed_rule_policy_seed_53_base_1,regime_mixed_rule_policy_seed_53_base_1,final_test,B_unseen_seed,1,night,wolf_kill,3,wolf,werewolf,4,1,0,threat_based,2,1,1,0,0,1,0,1,0,10,0,0,0.28500000000000003,0,0,0.0,0.3,0,0,0,0,2,1,0,0,0.0,0.15,0,0,0,0,0,0,0,0,0,0,0.5,0,0,0.0,4,0,1,1,0.0,0,0,0,0,0,0.15,1.4625,villager,0,0,,,0.6666666666666666,0.5714285714285714,0.20203050891044216,0.0,0.28571428571428575,7,"{""baseline_rule_policy"": 0.0, ""deception_enabled_policy"": 1.0, ""mixed_rule_policy"": 0.0, ""randomized_legal_policy"": 0.0, ""risk_heterogeneous_policy"": 1.0, ""seat_order_neutral_policy"": 1.0, ""speech_and_herding_policy"": 1.0}",1,4,0.0
8a27660e667a9f55320c24895a162b20b87de8b943a57a693c4c3651bb644d04,abf3d02b2d8e28787966cbaf12bfe0f811ab6d2795dce74ba3ebdb421472d5a6,mixed_rule_policy_seed_53_game_1_wolf_kill,53,1,mixed_rule_policy,regime_mixed_rule_policy_seed_53_base_1,regime_mixed_rule_policy_seed_53_base_1,regime_mixed_rule_policy_seed_53_base_1,final_test,B_unseen_seed,1,night,wolf_kill,3,wolf,werewolf,10,1,0,threat_based,2,1,1,0,0,1,0,1,0,10,0,0,0.28500000000000003,0,0,0.0,0.3,0,0,0,0,2,1,0,0,0.0,0.3,0,0,0,0,0,0,0,0,0,0,0.5,0,0,0.0,10,1,0,3,0.0,0,0,0,0,0,0.3,1.425,villager,0,0,,,1.0,0.7142857142857143,0.18442777839082938,0.0,0.2380952380952381,7,"{""baseline_rule_policy"": 1.0, ""deception_enabled_policy"": 1.0, ""mixed_rule_policy"": 1.0, ""randomized_legal_policy"": 0.0, ""risk_heterogeneous_policy"": 0.0, ""seat_order_neutral_policy"": 1.0, ""speech_and_herding_policy"": 1.0}",1,1,0.0
996cf47062f912c3f47ff734940d14d2f36e6d23a52fb903b8399b727cc7cc31,834d0d02dd3e32860a777278cc66aad07d51532b75a04cbbae0a7e1eb6a6646a,mixed_rule_policy_seed_53_game_2_wolf_kill,53,2,mixed_rule_policy,regime_mixed_rule_policy_seed_53_base_2,regime_mixed_rule_policy_seed_53_base_2,regime_mixed_rule_policy_seed_53_base_2,final_test,B_unseen_seed,1,night,wolf_kill,1,wolf,werewolf,10,1,1,threat_based,10,1,1,0,0,1,0,1,0,10,0,0,0.315,0,0,0.25,0.55,0,0,0,0,2,1,0,0,0.0,0.3,0,0,0,0,0,0,0,0,0,0,0.5,0,0,0.0,10,1,0,1,0.0,0,0,0,0,0,0.3,1.425,seer,0,1,,,0.3333333333333333,0.7142857142857143,0.18442777839082938,0.0,0.2380952380952381,7,"{""baseline_rule_policy"": 1.0, ""deception_enabled_policy"": 1.0, ""mixed_rule_policy"": 0.0, ""randomized_legal_policy"": 1.0, ""risk_heterogeneous_policy"": 1.0, ""seat_order_neutral_policy"": 0.0, ""speech_and_herding_policy"": 1.0}",7,3,0.1428571428571428
996cf47062f912c3f47ff734940d14d2f36e6d23a52fb903b8399b727cc7cc31,834d0d02dd3e32860a777278cc66aad07d51532b75a04cbbae0a7e1eb6a6646a,mixed_rule_policy_seed_53_game_2_wolf_kill,53,2,mixed_rule_policy,regime_mixed_rule_policy_seed_53_base_2,regime_mixed_rule_policy_seed_53_base_2,regime_mixed_rule_policy_seed_53_base_2,final_test,B_unseen_seed,1,night,wolf_kill,1,wolf,werewolf,7,1,0,threat_based,10,1,1,0,0,1,0,1,0,10,0,0,0.315,0,0,0.25,0.55,0,0,0,0,2,1,0,0,0.0,0.3,0,0,0,0,0,0,0,0,0,0,0.5,0,0,0.0,7,0,0,4,0.0,0,0,0,0,0,0.3,1.425,witch,0,1,,,0.6666666666666666,0.8571428571428571,0.14285714285714285,0.0,0.14285714285714285,7,"{""baseline_rule_policy"": 0.0, ""deception_enabled_policy"": 1.0, ""mixed_rule_policy"": 1.0, ""randomized_legal_policy"": 1.0, ""risk_heterogeneous_policy"": 1.0, ""seat_order_neutral_policy"": 1.0, ""speech_and_herding_policy"": 1.0}",7,1,0.1428571428571428
996cf47062f912c3f47ff734940d14d2f36e6d23a52fb903b8399b727cc7cc31,834d0d02dd3e32860a777278cc66aad07d51532b75a04cbbae0a7e1eb6a6646a,mixed_rule_policy_seed_53_game_2_wolf_kill,53,2,mixed_rule_policy,regime_mixed_rule_policy_seed_53_base_2,regime_mixed_rule_policy_seed_53_base_2,regime_mixed_rule_policy_seed_53_base_2,final_test,B_unseen_seed,1,night,wolf_kill,1,wolf,werewolf,8,1,0,threat_based,10,1,1,0,0,1,0,1,0,10,0,0,0.315,0,0,0.25,0.55,0,0,0,0,2,1,0,0,0.0,0.3,0,0,0,0,0,0,0,0,0,0,0.5,0,0,0.0,8,0,0,3,0.0,0,0,0,0,0,0.3,1.425,villager,0,0,,,1.0,0.8571428571428571,0.14285714285714285,0.0,0.14285714285714285,7,"{""baseline_rule_policy"": 1.0, ""deception_enabled_policy"": 1.0, ""mixed_rule_policy"": 1.0, ""randomized_legal_policy"": 1.0, ""risk_heterogeneous_policy"": 1.0, ""seat_order_neutral_policy"": 0.0, ""speech_and_herding_policy"": 1.0}",7,1,0.1428571428571428
996cf47062f912c3f47ff734940d14d2f36e6d23a52fb903b8399b727cc7cc31,834d0d02dd3e32860a777278cc66aad07d51532b75a04cbbae0a7e1eb6a6646a,mixed_rule_policy_seed_53_game_2_wolf_kill,53,2,mixed_rule_policy,regime_mixed_rule_policy_seed_53_base_2,regime_mixed_rule_policy_seed_53_base_2,regime_mixed_rule_policy_seed_53_base_2,final_test,B_unseen_seed,1,night,wolf_kill,1,wolf,werewolf,3,1,0,threat_based,10,1,1,0,0,1,0,1,0,10,0,0,0.315,0,0,0.25,0.55,0,0,0,0,2,1,0,0,0.0,0.3,0,0,0,0,0,0,0,0,0,0,0.5,0,0,0.0,3,0,1,2,0.0,0,0,0,0,0,0.3,1.425,villager,0,0,,,0.6666666666666666,0.7142857142857143,0.18442777839082938,0.0,0.2380952380952381,7,"{""baseline_rule_policy"": 1.0, ""deception_enabled_policy"": 1.0, ""mixed_rule_policy"": 1.0, ""randomized_legal_policy"": 1.0, ""risk_heterogeneous_policy"": 0.0, ""seat_order_neutral_policy"": 0.0, ""speech_and_herding_policy"": 1.0}",7,3,0.1428571428571428
234f0e0f3bbccd1fe28b96f0d9413f2478f47a52bc130cc95fc7b746c5c22e9e,7cdcb325593f03c25707f5dcc65f26b6f0e5960a399a75588423fbe73707682d,seat_order_neutral_policy_seed_42_game_1_wolf_kill,42,1,seat_order_neutral_policy,regime_seat_order_neutral_policy_seed_42_base_1,regime_seat_order_neutral_policy_seed_42_base_1,regime_seat_order_neutral_policy_seed_42_base_1,train,A_in_distribution,1,night,wolf_kill,1,wolf,werewolf,8,1,1,random,8,1,1,0,0,1,0,1,0,10,0,0,0.315,0,0,0.0,0.3,0,0,0,0,2,1,0,0,0.0,0.3,0,0,0,0,0,0,0,0,0,0,0.5,0,0,0.0,8,0,0,3,0.0,0,0,0,0,0,0.3,1.425,seer,0,1,,,0.6666666666666666,0.8571428571428571,0.14285714285714285,0.0,0.14285714285714285,7,"{""baseline_rule_policy"": 0.0, ""deception_enabled_policy"": 1.0, ""mixed_rule_policy"": 1.0, ""randomized_legal_policy"": 1.0, ""risk_heterogeneous_policy"": 1.0, ""seat_order_neutral_policy"": 1.0, ""speech_and_herding_policy"": 1.0}",7,2,0.1428571428571429
234f0e0f3bbccd1fe28b96f0d9413f2478f47a52bc130cc95fc7b746c5c22e9e,7cdcb325593f03c25707f5dcc65f26b6f0e5960a399a75588423fbe73707682d,seat_order_neutral_policy_seed_42_game_1_wolf_kill,42,1,seat_order_neutral_policy,regime_seat_order_neutral_policy_seed_42_base_1,regime_seat_order_neutral_policy_seed_42_base_1,regime_seat_order_neutral_policy_seed_42_base_1,train,A_in_distribution,1,night,wolf_kill,1,wolf,werewolf,10,1,0,random,8,1,1,0,0,1,0,1,0,10,0,0,0.315,0,0,0.0,0.3,0,0,0,0,2,1,0,0,0.0,0.3,0,0,0,0,0,0,0,0,0,0,0.5,0,0,0.0,10,1,0,1,0.0,0,0,0,0,0,0.3,1.425,hunter,0,1,,,0.3333333333333333,0.8571428571428571,0.14285714285714285,0.0,0.14285714285714285,7,"{""baseline_rule_policy"": 1.0, ""deception_enabled_policy"": 0.0, ""mixed_rule_policy"": 1.0, ""randomized_legal_policy"": 1.0, ""risk_heterogeneous_policy"": 1.0, ""seat_order_neutral_policy"": 1.0, ""speech_and_herding_policy"": 1.0}",7,2,0.1428571428571429
234f0e0f3bbccd1fe28b96f0d9413f2478f47a52bc130cc95fc7b746c5c22e9e,7cdcb325593f03c25707f5dcc65f26b6f0e5960a399a75588423fbe73707682d,seat_order_neutral_policy_seed_42_game_1_wolf_kill,42,1,seat_order_neutral_policy,regime_seat_order_neutral_policy_seed_42_base_1,regime_seat_order_neutral_policy_seed_42_base_1,regime_seat_order_neutral_policy_seed_42_base_1,train,A_in_distribution,1,night,wolf_kill,1,wolf,werewolf,4,1,0,random,8,1,1,0,0,1,0,1,0,10,0,0,0.315,0,0,0.0,0.3,0,0,0,0,2,1,0,0,0.0,0.3,0,0,0,0,0,0,0,0,0,0,0.5,0,0,0.0,4,0,1,3,0.0,0,0,0,0,0,0.3,1.425,villager,0,0,,,0.6666666666666666,0.7142857142857143,0.18442777839082938,0.0,0.2380952380952381,7,"{""baseline_rule_policy"": 1.0, ""deception_enabled_policy"": 1.0, ""mixed_rule_policy"": 1.0, ""randomized_legal_policy"": 1.0, ""risk_heterogeneous_policy"": 0.0, ""seat_order_neutral_policy"": 0.0, ""speech_and_herding_policy"": 1.0}",7,4,0.1428571428571429
234f0e0f3bbccd1fe28b96f0d9413f2478f47a52bc130cc95fc7b746c5c22e9e,7cdcb325593f03c25707f5dcc65f26b6f0e5960a399a75588423fbe73707682d,seat_order_neutral_policy_seed_42_game_1_wolf_kill,42,1,seat_order_neutral_policy,regime_seat_order_neutral_policy_seed_42_base_1,regime_seat_order_neutral_policy_seed_42_base_1,regime_seat_order_neutral_policy_seed_42_base_1,train,A_in_distribution,1,night,wolf_kill,1,wolf,werewolf,7,1,0,random,8,1,1,0,0,1,0,1,0,10,0,0,0.315,0,0,0.0,0.3,0,0,0,0,2,1,0,0,0.0,0.3,0,0,0,0,0,0,0,0,0,0,0.5,0,0,0.0,7,0,0,4,0.0,0,0,0,0,0,0.3,1.425,villager,0,0,,,0.0,1.0,0.0,1.0,0.0,7,"{""baseline_rule_policy"": 1.0, ""deception_enabled_policy"": 1.0, ""mixed_rule_policy"": 1.0, ""randomized_legal_policy"": 1.0, ""risk_heterogeneous_policy"": 1.0, ""seat_order_neutral_policy"": 1.0, ""speech_and_herding_policy"": 1.0}",7,1,0.1428571428571429
592dc1c1b9678063d5328348e430dcb2103792d9621bc08c1bb8209d04207c20,b1e7437df819a91a3d8655ce1946857dabab38fe94019d0567d2998431cc41f6,seat_order_neutral_policy_seed_42_game_2_wolf_kill,42,2,seat_order_neutral_policy,regime_seat_order_neutral_policy_seed_42_base_2,regime_seat_order_neutral_policy_seed_42_base_2,regime_seat_order_neutral_policy_seed_42_base_2,train,A_in_distribution,1,night,wolf_kill,4,wolf,werewolf,9,1,1,random,9,1,1,0,0,1,0,1,0,10,0,0,0.28500000000000003,0,0,0.0,0.3,0,0,0,0,2,1,0,0,0.0,0.3,0,0,0,0,0,0,0,0,0,0,0.5,0,0,0.0,9,0,0,5,0.0,0,0,0,0,0,0.3,1.425,villager,0,0,,,1.0,0.8571428571428571,0.14285714285714285,0.0,0.14285714285714285,7,"{""baseline_rule_policy"": 1.0, ""deception_enabled_policy"": 0.0, ""mixed_rule_policy"": 1.0, ""randomized_legal_policy"": 1.0, ""risk_heterogeneous_policy"": 1.0, ""seat_order_neutral_policy"": 1.0, ""speech_and_herding_policy"": 1.0}",1,1,0.0
592dc1c1b9678063d5328348e430dcb2103792d9621bc08c1bb8209d04207c20,b1e7437df819a91a3d8655ce1946857dabab38fe94019d0567d2998431cc41f6,seat_order_neutral_policy_seed_42_game_2_wolf_kill,42,2,seat_order_neutral_policy,regime_seat_order_neutral_policy_seed_42_base_2,regime_seat_order_neutral_policy_seed_42_base_2,regime_seat_order_neutral_policy_seed_42_base_2,train,A_in_distribution,1,night,wolf_kill,4,wolf,werewolf,1,1,0,random,9,1,1,0,0,1,0,1,0,10,0,0,0.28500000000000003,0,0,0.0,0.3,0,0,0,0,2,1,0,0,0.0,0.3,0,0,0,0,0,0,0,0,0,0,0.5,0,0,0.0,1,1,1,3,0.0,0,0,0,0,0,0.3,1.425,seer,0,1,,,0.3333333333333333,0.8571428571428571,0.14285714285714285,0.0,0.14285714285714285,7,"{""baseline_rule_policy"": 1.0, ""deception_enabled_policy"": 1.0, ""mixed_rule_policy"": 1.0, ""randomized_legal_policy"": 1.0, ""risk_heterogeneous_policy"": 1.0, ""seat_order_neutral_policy"": 1.0, ""speech_and_herding_policy"": 0.0}",1,1,0.0
592dc1c1b9678063d5328348e430dcb2103792d9621bc08c1bb8209d04207c20,b1e7437df819a91a3d8655ce1946857dabab38fe94019d0567d2998431cc41f6,seat_order_neutral_policy_seed_42_game_2_wolf_kill,42,2,seat_order_neutral_policy,regime_seat_order_neutral_policy_seed_42_base_2,regime_seat_order_neutral_policy_seed_42_base_2,regime_seat_order_neutral_policy_seed_42_base_2,train,A_in_distribution,1,night,wolf_kill,4,wolf,werewolf,2,1,0,random,9,1,1,0,0,1,0,1,0,10,0,0,0.28500000000000003,0,0,0.0,0.3,0,0,0,0,2,1,0,0,0.0,0.15,0,0,0,0,0,0,0,0,0,0,0.5,0,0,0.0,2,0,1,2,0.0,0,0,0,0,0,0.15,1.4625,villager,0,0,,,0.6666666666666666,0.7142857142857143,0.18442777839082938,0.0,0.2380952380952381,7,"{""baseline_rule_policy"": 1.0, ""deception_enabled_policy"": 1.0, ""mixed_rule_policy"": 0.0, ""randomized_legal_policy"": 1.0, ""risk_heterogeneous_policy"": 1.0, ""seat_order_neutral_policy"": 1.0, ""speech_and_herding_policy"": 0.0}",1,3,0.0
592dc1c1b9678063d5328348e430dcb2103792d9621bc08c1bb8209d04207c20,b1e7437df819a91a3d8655ce1946857dabab38fe94019d0567d2998431cc41f6,seat_order_neutral_policy_seed_42_game_2_wolf_kill,42,2,seat_order_neutral_policy,regime_seat_order_neutral_policy_seed_42_base_2,regime_seat_order_neutral_policy_seed_42_base_2,regime_seat_order_neutral_policy_seed_42_base_2,train,A_in_distribution,1,night,wolf_kill,4,wolf,werewolf,7,1,0,random,9,1,1,0,0,1,0,1,0,10,0,0,0.28500000000000003,0,0,0.0,0.3,0,0,0,0,2,1,0,0,0.0,0.3,0,0,0,0,0,0,0,0,0,0,0.5,0,0,0.0,7,0,0,3,0.0,0,0,0,0,0,0.3,1.425,witch,0,1,,,1.0,0.5714285714285714,0.20203050891044216,0.0,0.28571428571428575,7,"{""baseline_rule_policy"": 1.0, ""deception_enabled_policy"": 0.0, ""mixed_rule_policy"": 0.0, ""randomized_legal_policy"": 0.0, ""risk_heterogeneous_policy"": 1.0, ""seat_order_neutral_policy"": 1.0, ""speech_and_herding_policy"": 1.0}",1,4,0.0
9e18af9cbb44fd794dae4fc9cad8e61117227d4c9565d48585fc1d19043f7243,70022ebe3fa217ef1ef78bb9303f3284112c0b38b05cf594b5c28cea510c7b66,seat_order_neutral_policy_seed_43_game_1_wolf_kill,43,1,seat_order_neutral_policy,regime_seat_order_neutral_policy_seed_43_base_1,regime_seat_order_neutral_policy_seed_43_base_1,regime_seat_order_neutral_policy_seed_43_base_1,train,A_in_distribution,1,night,wolf_kill,10,wolf,werewolf,1,1,1,random,1,1,1,0,0,1,0,1,0,10,0,0,0.315,0,0,0.0,0.3,0,0,0,0,2,1,0,0,0.0,0.3,0,0,0,0,0,0,0,0,0,0,0.5,0,0,0.0,1,1,1,1,0.0,0,0,0,0,0,0.3,1.425,seer,0,1,,,1.0,0.14285714285714285,0.14285714285714288,0.0,0.14285714285714288,7,"{""baseline_rule_policy"": 0.0, ""deception_enabled_policy"": 0.0, ""mixed_rule_policy"": 0.0, ""randomized_legal_policy"": 0.0, ""risk_heterogeneous_policy"": 1.0, ""seat_order_neutral_policy"": 0.0, ""speech_and_herding_policy"": 0.0}",6,3,0.2857142857142857
9e18af9cbb44fd794dae4fc9cad8e61117227d4c9565d48585fc1d19043f7243,70022ebe3fa217ef1ef78bb9303f3284112c0b38b05cf594b5c28cea510c7b66,seat_order_neutral_policy_seed_43_game_1_wolf_kill,43,1,seat_order_neutral_policy,regime_seat_order_neutral_policy_seed_43_base_1,regime_seat_order_neutral_policy_seed_43_base_1,regime_seat_order_neutral_policy_seed_43_base_1,train,A_in_distribution,1,night,wolf_kill,10,wolf,werewolf,6,1,0,random,1,1,1,0,0,1,0,1,0,10,0,0,0.315,0,0,0.0,0.3,0,0,0,0,2,1,0,0,0.0,0.3,0,0,0,0,0,0,0,0,0,0,0.5,0,0,0.0,6,1,0,4,0.0,0,0,0,0,0,0.3,1.425,villager,0,0,,,0.3333333333333333,0.42857142857142855,0.20203050891044214,0.0,0.2857142857142857,7,"{""baseline_rule_policy"": 0.0, ""deception_enabled_policy"": 0.0, ""mixed_rule_policy"": 0.0, ""randomized_legal_policy"": 0.0, ""risk_heterogeneous_policy"": 1.0, ""seat_order_neutral_policy"": 1.0, ""speech_and_herding_policy"": 1.0}",6,1,0.2857142857142857
9e18af9cbb44fd794dae4fc9cad8e61117227d4c9565d48585fc1d19043f7243,70022ebe3fa217ef1ef78bb9303f3284112c0b38b05cf594b5c28cea510c7b66,seat_order_neutral_policy_seed_43_game_1_wolf_kill,43,1,seat_order_neutral_policy,regime_seat_order_neutral_policy_seed_43_base_1,regime_seat_order_neutral_policy_seed_43_base_1,regime_seat_order_neutral_policy_seed_43_base_1,train,A_in_distribution,1,night,wolf_kill,10,wolf,werewolf,5,1,0,random,1,1,1,0,0,1,0,1,0,10,0,0,0.315,0,0,0.0,0.3,0,0,0,0,2,1,0,0,0.0,0.3,0,0,0,0,0,0,0,0,0,0,0.5,0,0,0.0,5,1,1,5,0.0,0,0,0,0,0,0.3,1.425,villager,0,0,,,0.6666666666666666,0.2857142857142857,0.18442777839082938,0.0,0.2380952380952381,7,"{""baseline_rule_policy"": 0.0, ""deception_enabled_policy"": 0.0, ""mixed_rule_policy"": 0.0, ""randomized_legal_policy"": 0.0, ""risk_heterogeneous_policy"": 1.0, ""seat_order_neutral_policy"": 1.0, ""speech_and_herding_policy"": 0.0}",6,2,0.2857142857142857
9e18af9cbb44fd794dae4fc9cad8e61117227d4c9565d48585fc1d19043f7243,70022ebe3fa217ef1ef78bb9303f3284112c0b38b05cf594b5c28cea510c7b66,seat_order_neutral_policy_seed_43_game_1_wolf_kill,43,1,seat_order_neutral_policy,regime_seat_order_neutral_policy_seed_43_base_1,regime_seat_order_neutral_policy_seed_43_base_1,regime_seat_order_neutral_policy_seed_43_base_1,train,A_in_distribution,1,night,wolf_kill,10,wolf,werewolf,2,1,0,random,1,1,1,0,0,1,0,1,0,10,0,0,0.315,0,0,0.0,0.3,0,0,0,0,2,1,0,0,0.0,0.3,0,0,0,0,0,0,0,0,0,0,0.5,0,0,0.0,2,0,1,2,0.0,0,0,0,0,0,0.3,1.425,villager,0,0,,,0.6666666666666666,0.14285714285714285,0.14285714285714288,0.0,0.14285714285714288,7,"{""baseline_rule_policy"": 0.0, ""deception_enabled_policy"": 0.0, ""mixed_rule_policy"": 0.0, ""randomized_legal_policy"": 0.0, ""risk_heterogeneous_policy"": 1.0, ""seat_order_neutral_policy"": 0.0, ""speech_and_herding_policy"": 0.0}",6,3,0.2857142857142857
2b6b64d2492d06e376513fb879969c4c0c9bb20e9399d5bbebef19ca7ef356ae,57442d33c0ea58757cc408d64274bd2865d5f522b956359f715247e20ea4b337,seat_order_neutral_policy_seed_43_game_2_wolf_kill,43,2,seat_order_neutral_policy,regime_seat_order_neutral_policy_seed_43_base_2,regime_seat_order_neutral_policy_seed_43_base_2,regime_seat_order_neutral_policy_seed_43_base_2,train,A_in_distribution,1,night,wolf_kill,4,wolf,werewolf,9,1,1,random,9,1,1,0,0,1,0,1,0,10,0,0,0.28500000000000003,0,0,0.0,0.3,0,0,0,0,2,1,0,0,0.0,0.3,0,0,0,0,0,0,0,0,0,0,0.5,0,0,0.0,9,0,0,5,0.0,0,0,0,0,0,0.3,1.425,villager,0,0,,,0.3333333333333333,0.42857142857142855,0.20203050891044214,0.0,0.2857142857142857,7,"{""baseline_rule_policy"": 1.0, ""deception_enabled_policy"": 1.0, ""mixed_rule_policy"": 0.0, ""randomized_legal_policy"": 0.0, ""risk_heterogeneous_policy"": 1.0, ""seat_order_neutral_policy"": 0.0, ""speech_and_herding_policy"": 0.0}",10,4,0.28571428571428575
2b6b64d2492d06e376513fb879969c4c0c9bb20e9399d5bbebef19ca7ef356ae,57442d33c0ea58757cc408d64274bd2865d5f522b956359f715247e20ea4b337,seat_order_neutral_policy_seed_43_game_2_wolf_kill,43,2,seat_order_neutral_policy,regime_seat_order_neutral_policy_seed_43_base_2,regime_seat_order_neutral_policy_seed_43_base_2,regime_seat_order_neutral_policy_seed_43_base_2,train,A_in_distribution,1,night,wolf_kill,4,wolf,werewolf,10,1,0,random,9,1,1,0,0,1,0,1,0,10,0,0,0.28500000000000003,0,0,0.0,0.3,0,0,0,0,2,1,0,0,0.0,0.3,0,0,0,0,0,0,0,0,0,0,0.5,0,0,0.0,10,1,0,4,0.0,0,0,0,0,0,0.3,1.425,villager,0,0,,,0.6666666666666666,0.7142857142857143,0.18442777839082938,0.0,0.2380952380952381,7,"{""baseline_rule_policy"": 1.0, ""deception_enabled_policy"": 1.0, ""mixed_rule_policy"": 1.0, ""randomized_legal_policy"": 0.0, ""risk_heterogeneous_policy"": 1.0, ""seat_order_neutral_policy"": 0.0, ""speech_and_herding_policy"": 1.0}",10,1,0.28571428571428575
2b6b64d2492d06e376513fb879969c4c0c9bb20e9399d5bbebef19ca7ef356ae,57442d33c0ea58757cc408d64274bd2865d5f522b956359f715247e20ea4b337,seat_order_neutral_policy_seed_43_game_2_wolf_kill,43,2,seat_order_neutral_policy,regime_seat_order_neutral_policy_seed_43_base_2,regime_seat_order_neutral_policy_seed_43_base_2,regime_seat_order_neutral_policy_seed_43_base_2,train,A_in_distribution,1,night,wolf_kill,4,wolf,werewolf,6,1,0,random,9,1,1,0,0,1,0,1,0,10,0,0,0.28500000000000003,0,0,0.0,0.3,0,0,0,0,2,1,0,0,0.0,0.3,0,0,0,0,0,0,0,0,0,0,0.5,0,0,0.0,6,1,0,2,0.0,0,0,0,0,0,0.3,1.425,villager,0,0,,,0.3333333333333333,0.5714285714285714,0.20203050891044216,0.0,0.28571428571428575,7,"{""baseline_rule_policy"": 1.0, ""deception_enabled_policy"": 0.0, ""mixed_rule_policy"": 0.0, ""randomized_legal_policy"": 1.0, ""risk_heterogeneous_policy"": 1.0, ""seat_order_neutral_policy"": 0.0, ""speech_and_herding_policy"": 1.0}",10,2,0.28571428571428575
2b6b64d2492d06e376513fb879969c4c0c9bb20e9399d5bbebef19ca7ef356ae,57442d33c0ea58757cc408d64274bd2865d5f522b956359f715247e20ea4b337,seat_order_neutral_policy_seed_43_game_2_wolf_kill,43,2,seat_order_neutral_policy,regime_seat_order_neutral_policy_seed_43_base_2,regime_seat_order_neutral_policy_seed_43_base_2,regime_seat_order_neutral_policy_seed_43_base_2,train,A_in_distribution,1,night,wolf_kill,4,wolf,werewolf,2,1,0,random,9,1,1,0,0,1,0,1,0,10,0,0,0.28500000000000003,0,0,0.0,0.3,0,0,0,0,2,1,0,0,0.0,0.3,0,0,0,0,0,0,0,0,0,0,0.5,0,0,0.0,2,0,1,2,0.0,0,0,0,0,0,0.3,1.425,witch,0,1,,,0.6666666666666666,0.5714285714285714,0.20203050891044216,0.0,0.28571428571428575,7,"{""baseline_rule_policy"": 1.0, ""deception_enabled_policy"": 1.0, ""mixed_rule_policy"": 0.0, ""randomized_legal_policy"": 1.0, ""risk_heterogeneous_policy"": 1.0, ""seat_order_neutral_policy"": 0.0, ""speech_and_herding_policy"": 0.0}",10,2,0.28571428571428575
1d8eb768dae074160895f0760caafd8bd968deb0a0af436c6bcef533cde06d18,72f33cd33b71711f82b98fcece081fead7d166320f80a0e88c8f4a7b1e85a5d6,seat_order_neutral_policy_seed_44_game_1_wolf_kill,44,1,seat_order_neutral_policy,regime_seat_order_neutral_policy_seed_44_base_1,regime_seat_order_neutral_policy_seed_44_base_1,regime_seat_order_neutral_policy_seed_44_base_1,train,A_in_distribution,1,night,wolf_kill,10,wolf,werewolf,8,1,1,random,8,1,1,0,0,1,0,1,0,10,0,0,0.28500000000000003,0,0,0.0,0.3,0,0,0,0,2,1,0,0,0.0,0.3,0,0,0,0,0,0,0,0,0,0,0.5,0,0,0.0,8,0,0,2,0.0,0,0,0,0,0,0.3,1.425,hunter,0,1,,,1.0,0.42857142857142855,0.20203050891044214,0.0,0.2857142857142857,7,"{""baseline_rule_policy"": 1.0, ""deception_enabled_policy"": 0.0, ""mixed_rule_policy"": 0.0, ""randomized_legal_policy"": 0.0, ""risk_heterogeneous_policy"": 1.0, ""seat_order_neutral_policy"": 0.0, ""speech_and_herding_policy"": 1.0}",4,4,0.28571428571428575
1d8eb768dae074160895f0760caafd8bd968deb0a0af436c6bcef533cde06d18,72f33cd33b71711f82b98fcece081fead7d166320f80a0e88c8f4a7b1e85a5d6,seat_order_neutral_policy_seed_44_game_1_wolf_kill,44,1,seat_order_neutral_policy,regime_seat_order_neutral_policy_seed_44_base_1,regime_seat_order_neutral_policy_seed_44_base_1,regime_seat_order_neutral_policy_seed_44_base_1,train,A_in_distribution,1,night,wolf_kill,10,wolf,werewolf,1,1,0,random,8,1,1,0,0,1,0,1,0,10,0,0,0.28500000000000003,0,0,0.0,0.3,0,0,0,0,2,1,0,0,0.0,0.3,0,0,0,0,0,0,0,0,0,0,0.5,0,0,0.0,1,1,1,1,0.0,0,0,0,0,0,0.3,1.425,villager,0,0,,,0.6666666666666666,0.5714285714285714,0.20203050891044216,0.0,0.28571428571428575,7,"{""baseline_rule_policy"": 0.0, ""deception_enabled_policy"": 1.0, ""mixed_rule_policy"": 1.0, ""randomized_legal_policy"": 0.0, ""risk_heterogeneous_policy"": 1.0, ""seat_order_neutral_policy"": 0.0, ""speech_and_herding_policy"": 1.0}",4,3,0.28571428571428575
1d8eb768dae074160895f0760caafd8bd968deb0a0af436c6bcef533cde06d18,72f33cd33b71711f82b98fcece081fead7d166320f80a0e88c8f4a7b1e85a5d6,seat_order_neutral_policy_seed_44_game_1_wolf_kill,44,1,seat_order_neutral_policy,regime_seat_order_neutral_policy_seed_44_base_1,regime_seat_order_neutral_policy_seed_44_base_1,regime_seat_order_neutral_policy_seed_44_base_1,train,A_in_distribution,1,night,wolf_kill,10,wolf,werewolf,6,1,0,random,8,1,1,0,0,1,0,1,0,10,0,0,0.28500000000000003,0,0,0.0,0.3,0,0,0,0,2,1,0,0,0.0,0.3,0,0,0,0,0,0,0,0,0,0,0.5,0,0,0.0,6,1,0,4,0.0,0,0,0,0,0,0.3,1.425,witch,0,1,,,0.6666666666666666,0.7142857142857143,0.18442777839082938,0.0,0.2380952380952381,7,"{""baseline_rule_policy"": 1.0, ""deception_enabled_policy"": 0.0, ""mixed_rule_policy"": 1.0, ""randomized_legal_policy"": 1.0, ""risk_heterogeneous_policy"": 1.0, ""seat_order_neutral_policy"": 0.0, ""speech_and_herding_policy"": 1.0}",4,1,0.28571428571428575
1d8eb768dae074160895f0760caafd8bd968deb0a0af436c6bcef533cde06d18,72f33cd33b71711f82b98fcece081fead7d166320f80a0e88c8f4a7b1e85a5d6,seat_order_neutral_policy_seed_44_game_1_wolf_kill,44,1,seat_order_neutral_policy,regime_seat_order_neutral_policy_seed_44_base_1,regime_seat_order_neutral_policy_seed_44_base_1,regime_seat_order_neutral_policy_seed_44_base_1,train,A_in_distribution,1,night,wolf_kill,10,wolf,werewolf,4,1,0,random,8,1,1,0,0,1,0,1,0,10,0,0,0.28500000000000003,0,0,0.0,0.3,0,0,0,0,2,1,0,0,0.0,0.3,0,0,0,0,0,0,0,0,0,0,0.5,0,0,0.0,4,0,1,4,0.0,0,0,0,0,0,0.3,1.425,seer,0,1,,,0.6666666666666666,0.7142857142857143,0.18442777839082938,0.0,0.2380952380952381,7,"{""baseline_rule_policy"": 1.0, ""deception_enabled_policy"": 0.0, ""mixed_rule_policy"": 0.0, ""randomized_legal_policy"": 1.0, ""risk_heterogeneous_policy"": 1.0, ""seat_order_neutral_policy"": 1.0, ""speech_and_herding_policy"": 1.0}",4,1,0.28571428571428575
1acb5eaac67970c36b030bdb1965eee55175dc7bf89913e8aa68dd42505def56,55744075bff9f0504d802fa8a70d361d4618d864700fa2a0780c6f214ba0f332,seat_order_neutral_policy_seed_44_game_2_wolf_kill,44,2,seat_order_neutral_policy,regime_seat_order_neutral_policy_seed_44_base_2,regime_seat_order_neutral_policy_seed_44_base_2,regime_seat_order_neutral_policy_seed_44_base_2,train,A_in_distribution,1,night,wolf_kill,5,wolf,werewolf,9,1,1,random,9,1,1,0,0,1,0,1,0,10,0,0,0.28500000000000003,0,0,0.0,0.3,0,0,0,0,2,1,0,0,0.0,0.3,0,0,0,0,0,0,0,0,0,0,0.5,0,0,0.0,9,0,0,4,0.0,0,0,0,0,0,0.3,1.425,seer,0,1,,,0.6666666666666666,0.8571428571428571,0.14285714285714285,0.0,0.14285714285714285,7,"{""baseline_rule_policy"": 1.0, ""deception_enabled_policy"": 1.0, ""mixed_rule_policy"": 1.0, ""randomized_legal_policy"": 1.0, ""risk_heterogeneous_policy"": 1.0, ""seat_order_neutral_policy"": 1.0, ""speech_and_herding_policy"": 0.0}",4,1,0.0
1acb5eaac67970c36b030bdb1965eee55175dc7bf89913e8aa68dd42505def56,55744075bff9f0504d802fa8a70d361d4618d864700fa2a0780c6f214ba0f332,seat_order_neutral_policy_seed_44_game_2_wolf_kill,44,2,seat_order_neutral_policy,regime_seat_order_neutral_policy_seed_44_base_2,regime_seat_order_neutral_policy_seed_44_base_2,regime_seat_order_neutral_policy_seed_44_base_2,train,A_in_distribution,1,night,wolf_kill,5,wolf,werewolf,10,1,0,random,9,1,1,0,0,1,0,1,0,10,0,0,0.28500000000000003,0,0,0.0,0.3,0,0,0,0,2,1,0,0,0.0,0.3,0,0,0,0,0,0,0,0,0,0,0.5,0,0,0.0,10,1,0,5,0.0,0,0,0,0,0,0.3,1.425,villager,0,0,,,0.6666666666666666,0.7142857142857143,0.18442777839082938,0.0,0.2380952380952381,7,"{""baseline_rule_policy"": 0.0, ""deception_enabled_policy"": 1.0, ""mixed_rule_policy"": 1.0, ""randomized_legal_policy"": 1.0, ""risk_heterogeneous_policy"": 1.0, ""seat_order_neutral_policy"": 1.0, ""speech_and_herding_policy"": 0.0}",4,4,0.0
1acb5eaac67970c36b030bdb1965eee55175dc7bf89913e8aa68dd42505def56,55744075bff9f0504d802fa8a70d361d4618d864700fa2a0780c6f214ba0f332,seat_order_neutral_policy_seed_44_game_2_wolf_kill,44,2,seat_order_neutral_policy,regime_seat_order_neutral_policy_seed_44_base_2,regime_seat_order_neutral_policy_seed_44_base_2,regime_seat_order_neutral_policy_seed_44_base_2,train,A_in_distribution,1,night,wolf_kill,5,wolf,werewolf,8,1,0,random,9,1,1,0,0,1,0,1,0,10,0,0,0.28500000000000003,0,0,0.0,0.3,0,0,0,0,2,1,0,0,0.0,0.3,0,0,0,0,0,0,0,0,0,0,0.5,0,0,0.0,8,0,0,3,0.0,0,0,0,0,0,0.3,1.425,witch,0,1,,,1.0,0.8571428571428571,0.14285714285714285,0.0,0.14285714285714285,7,"{""baseline_rule_policy"": 0.0, ""deception_enabled_policy"": 1.0, ""mixed_rule_policy"": 1.0, ""randomized_legal_policy"": 1.0, ""risk_heterogeneous_policy"": 1.0, ""seat_order_neutral_policy"": 1.0, ""speech_and_herding_policy"": 1.0}",4,1,0.0
1acb5eaac67970c36b030bdb1965eee55175dc7bf89913e8aa68dd42505def56,55744075bff9f0504d802fa8a70d361d4618d864700fa2a0780c6f214ba0f332,seat_order_neutral_policy_seed_44_game_2_wolf_kill,44,2,seat_order_neutral_policy,regime_seat_order_neutral_policy_seed_44_base_2,regime_seat_order_neutral_policy_seed_44_base_2,regime_seat_order_neutral_policy_seed_44_base_2,train,A_in_distribution,1,night,wolf_kill,5,wolf,werewolf,4,1,0,random,9,1,1,0,0,1,0,1,0,10,0,0,0.28500000000000003,0,0,0.0,0.3,0,0,0,0,2,1,0,0,0.0,0.3,0,0,0,0,0,0,0,0,0,0,0.5,0,0,0.0,4,0,1,1,0.0,0,0,0,0,0,0.3,1.425,villager,0,0,,,0.6666666666666666,0.8571428571428571,0.14285714285714285,0.0,0.14285714285714285,7,"{""baseline_rule_policy"": 1.0, ""deception_enabled_policy"": 0.0, ""mixed_rule_policy"": 1.0, ""randomized_legal_policy"": 1.0, ""risk_heterogeneous_policy"": 1.0, ""seat_order_neutral_policy"": 1.0, ""speech_and_herding_policy"": 1.0}",4,1,0.0
fb180690ac8ed3f8a9ebe8c6aacfd7e19b9705cd6f263428829ac0f03f4312d1,947e410292c70139bd380a1b9fb749326dca4b02151233dcc9da60bd8b1eb32c,seat_order_neutral_policy_seed_50_game_1_wolf_kill,50,1,seat_order_neutral_policy,regime_seat_order_neutral_policy_seed_50_base_1,regime_seat_order_neutral_policy_seed_50_base_1,regime_seat_order_neutral_policy_seed_50_base_1,validation,A_in_distribution,1,night,wolf_kill,9,wolf,werewolf,8,1,1,random,8,1,1,0,0,1,0,1,0,10,0,0,0.315,0,0,0.0,0.3,0,0,0,0,2,1,0,0,0.0,0.3,0,0,0,0,0,0,0,0,0,0,0.5,0,0,0.0,8,0,0,1,0.0,0,0,0,0,0,0.3,1.425,villager,0,0,,,0.6666666666666666,0.2857142857142857,0.18442777839082938,0.0,0.2380952380952381,7,"{""baseline_rule_policy"": 1.0, ""deception_enabled_policy"": 0.0, ""mixed_rule_policy"": 1.0, ""randomized_legal_policy"": 0.0, ""risk_heterogeneous_policy"": 0.0, ""seat_order_neutral_policy"": 0.0, ""speech_and_herding_policy"": 0.0}",1,4,0.4285714285714286
fb180690ac8ed3f8a9ebe8c6aacfd7e19b9705cd6f263428829ac0f03f4312d1,947e410292c70139bd380a1b9fb749326dca4b02151233dcc9da60bd8b1eb32c,seat_order_neutral_policy_seed_50_game_1_wolf_kill,50,1,seat_order_neutral_policy,regime_seat_order_neutral_policy_seed_50_base_1,regime_seat_order_neutral_policy_seed_50_base_1,regime_seat_order_neutral_policy_seed_50_base_1,validation,A_in_distribution,1,night,wolf_kill,9,wolf,werewolf,1,1,0,random,8,1,1,0,0,1,0,1,0,10,0,0,0.315,0,0,0.0,0.3,0,0,0,0,2,1,0,0,0.0,0.3,0,0,0,0,0,0,0,0,0,0,0.5,0,0,0.0,1,1,1,2,0.0,0,0,0,0,0,0.3,1.425,villager,0,0,,,0.6666666666666666,0.7142857142857143,0.18442777839082938,0.0,0.2380952380952381,7,"{""baseline_rule_policy"": 1.0, ""deception_enabled_policy"": 0.0, ""mixed_rule_policy"": 1.0, ""randomized_legal_policy"": 1.0, ""risk_heterogeneous_policy"": 0.0, ""seat_order_neutral_policy"": 1.0, ""speech_and_herding_policy"": 1.0}",1,1,0.4285714285714286
fb180690ac8ed3f8a9ebe8c6aacfd7e19b9705cd6f263428829ac0f03f4312d1,947e410292c70139bd380a1b9fb749326dca4b02151233dcc9da60bd8b1eb32c,seat_order_neutral_policy_seed_50_game_1_wolf_kill,50,1,seat_order_neutral_policy,regime_seat_order_neutral_policy_seed_50_base_1,regime_seat_order_neutral_policy_seed_50_base_1,regime_seat_order_neutral_policy_seed_50_base_1,validation,A_in_distribution,1,night,wolf_kill,9,wolf,werewolf,6,1,0,random,8,1,1,0,0,1,0,1,0,10,0,0,0.315,0,0,0.0,0.3,0,0,0,0,2,1,0,0,0.0,0.3,0,0,0,0,0,0,0,0,0,0,0.5,0,0,0.0,6,1,0,3,0.0,0,0,0,0,0,0.3,1.425,witch,0,1,,,0.3333333333333333,0.5714285714285714,0.20203050891044216,0.0,0.28571428571428575,7,"{""baseline_rule_policy"": 1.0, ""deception_enabled_policy"": 1.0, ""mixed_rule_policy"": 1.0, ""randomized_legal_policy"": 0.0, ""risk_heterogeneous_policy"": 0.0, ""seat_order_neutral_policy"": 0.0, ""speech_and_herding_policy"": 1.0}",1,2,0.4285714285714286
fb180690ac8ed3f8a9ebe8c6aacfd7e19b9705cd6f263428829ac0f03f4312d1,947e410292c70139bd380a1b9fb749326dca4b02151233dcc9da60bd8b1eb32c,seat_order_neutral_policy_seed_50_game_1_wolf_kill,50,1,seat_order_neutral_policy,regime_seat_order_neutral_policy_seed_50_base_1,regime_seat_order_neutral_policy_seed_50_base_1,regime_seat_order_neutral_policy_seed_50_base_1,validation,A_in_distribution,1,night,wolf_kill,9,wolf,werewolf,5,1,0,random,8,1,1,0,0,1,0,1,0,10,0,0,0.315,0,0,0.0,0.3,0,0,0,0,2,1,0,0,0.0,0.3,0,0,0,0,0,0,0,0,0,0,0.5,0,0,0.0,5,1,1,4,0.0,0,0,0,0,0,0.3,1.425,hunter,0,1,,,1.0,0.5714285714285714,0.20203050891044216,0.0,0.28571428571428575,7,"{""baseline_rule_policy"": 0.0, ""deception_enabled_policy"": 1.0, ""mixed_rule_policy"": 0.0, ""randomized_legal_policy"": 1.0, ""risk_heterogeneous_policy"": 1.0, ""seat_order_neutral_policy"": 1.0, ""speech_and_herding_policy"": 0.0}",1,2,0.4285714285714286
bac00e6521f647c86414730d74e6efab86a76c0256af677a47f63b32a630f5d2,58fef8e5d2d3737bc20c6dbbfb409739e2b7038e4ad458171e8373c084131551,seat_order_neutral_policy_seed_50_game_2_wolf_kill,50,2,seat_order_neutral_policy,regime_seat_order_neutral_policy_seed_50_base_2,regime_seat_order_neutral_policy_seed_50_base_2,regime_seat_order_neutral_policy_seed_50_base_2,validation,A_in_distribution,1,night,wolf_kill,1,wolf,werewolf,9,1,1,random,9,1,1,0,0,1,0,1,0,10,0,0,0.315,0,0,0.0,0.3,0,0,0,0,2,1,0,0,0.0,0.3,0,0,0,0,0,0,0,0,0,0,0.5,0,0,0.0,9,0,0,2,0.0,0,0,0,0,0,0.3,1.425,villager,0,0,,,0.6666666666666666,0.7142857142857143,0.18442777839082938,0.0,0.2380952380952381,7,"{""baseline_rule_policy"": 0.0, ""deception_enabled_policy"": 1.0, ""mixed_rule_policy"": 0.0, ""randomized_legal_policy"": 1.0, ""risk_heterogeneous_policy"": 1.0, ""seat_order_neutral_policy"": 1.0, ""speech_and_herding_policy"": 1.0}",2,1,0.0
bac00e6521f647c86414730d74e6efab86a76c0256af677a47f63b32a630f5d2,58fef8e5d2d3737bc20c6dbbfb409739e2b7038e4ad458171e8373c084131551,seat_order_neutral_policy_seed_50_game_2_wolf_kill,50,2,seat_order_neutral_policy,regime_seat_order_neutral_policy_seed_50_base_2,regime_seat_order_neutral_policy_seed_50_base_2,regime_seat_order_neutral_policy_seed_50_base_2,validation,A_in_distribution,1,night,wolf_kill,1,wolf,werewolf,2,1,0,random,9,1,1,0,0,1,0,1,0,10,0,0,0.315,0,0,0.0,0.3,0,0,0,0,2,1,0,0,0.0,0.3,0,0,0,0,0,0,0,0,0,0,0.5,0,0,0.0,2,0,1,1,0.0,0,0,0,0,0,0.3,1.425,hunter,0,1,,,0.6666666666666666,0.7142857142857143,0.18442777839082938,0.0,0.2380952380952381,7,"{""baseline_rule_policy"": 0.0, ""deception_enabled_policy"": 1.0, ""mixed_rule_policy"": 1.0, ""randomized_legal_policy"": 1.0, ""risk_heterogeneous_policy"": 0.0, ""seat_order_neutral_policy"": 1.0, ""speech_and_herding_policy"": 1.0}",2,1,0.0
bac00e6521f647c86414730d74e6efab86a76c0256af677a47f63b32a630f5d2,58fef8e5d2d3737bc20c6dbbfb409739e2b7038e4ad458171e8373c084131551,seat_order_neutral_policy_seed_50_game_2_wolf_kill,50,2,seat_order_neutral_policy,regime_seat_order_neutral_policy_seed_50_base_2,regime_seat_order_neutral_policy_seed_50_base_2,regime_seat_order_neutral_policy_seed_50_base_2,validation,A_in_distribution,1,night,wolf_kill,1,wolf,werewolf,5,1,0,random,9,1,1,0,0,1,0,1,0,10,0,0,0.315,0,0,0.0,0.3,0,0,0,0,2,1,0,0,0.0,0.3,0,0,0,0,0,0,0,0,0,0,0.5,0,0,0.0,5,1,1,4,0.0,0,0,0,0,0,0.3,1.425,seer,0,1,,,0.6666666666666666,0.7142857142857143,0.18442777839082938,0.0,0.2380952380952381,7,"{""baseline_rule_policy"": 1.0, ""deception_enabled_policy"": 1.0, ""mixed_rule_policy"": 1.0, ""randomized_legal_policy"": 1.0, ""risk_heterogeneous_policy"": 0.0, ""seat_order_neutral_policy"": 0.0, ""speech_and_herding_policy"": 1.0}",2,1,0.0
bac00e6521f647c86414730d74e6efab86a76c0256af677a47f63b32a630f5d2,58fef8e5d2d3737bc20c6dbbfb409739e2b7038e4ad458171e8373c084131551,seat_order_neutral_policy_seed_50_game_2_wolf_kill,50,2,seat_order_neutral_policy,regime_seat_order_neutral_policy_seed_50_base_2,regime_seat_order_neutral_policy_seed_50_base_2,regime_seat_order_neutral_policy_seed_50_base_2,validation,A_in_distribution,1,night,wolf_kill,1,wolf,werewolf,8,1,0,random,9,1,1,0,0,1,0,1,0,10,0,0,0.315,0,0,0.0,0.3,0,0,0,0,2,1,0,0,0.0,0.3,0,0,0,0,0,0,0,0,0,0,0.5,0,0,0.0,8,0,0,3,0.0,0,0,0,0,0,0.3,1.425,villager,0,0,,,0.6666666666666666,0.7142857142857143,0.18442777839082938,0.0,0.2380952380952381,7,"{""baseline_rule_policy"": 0.0, ""deception_enabled_policy"": 1.0, ""mixed_rule_policy"": 1.0, ""randomized_legal_policy"": 0.0, ""risk_heterogeneous_policy"": 1.0, ""seat_order_neutral_policy"": 1.0, ""speech_and_herding_policy"": 1.0}",2,1,0.0
186de26c43242820ef074c0793630e6b54970dd665e1dcfde9a8444a8264c068,6460bd802cd951d5e4b8757e9d8a01087ca5da525f03e7c05214147a27a25d5f,seat_order_neutral_policy_seed_52_game_1_wolf_kill,52,1,seat_order_neutral_policy,regime_seat_order_neutral_policy_seed_52_base_1,regime_seat_order_neutral_policy_seed_52_base_1,regime_seat_order_neutral_policy_seed_52_base_1,final_test,B_unseen_seed,1,night,wolf_kill,10,wolf,werewolf,8,1,1,random,8,1,1,0,0,1,0,1,0,10,0,0,0.315,0,0,0.0,0.3,0,0,0,0,2,1,0,0,0.0,0.3,0,0,0,0,0,0,0,0,0,0,0.5,0,0,0.0,8,0,0,2,0.0,0,0,0,0,0,0.3,1.425,villager,0,0,,,0.3333333333333333,0.2857142857142857,0.18442777839082938,0.0,0.2380952380952381,7,"{""baseline_rule_policy"": 0.0, ""deception_enabled_policy"": 0.0, ""mixed_rule_policy"": 0.0, ""randomized_legal_policy"": 1.0, ""risk_heterogeneous_policy"": 0.0, ""seat_order_neutral_policy"": 1.0, ""speech_and_herding_policy"": 0.0}",2,4,0.5714285714285714
186de26c43242820ef074c0793630e6b54970dd665e1dcfde9a8444a8264c068,6460bd802cd951d5e4b8757e9d8a01087ca5da525f03e7c05214147a27a25d5f,seat_order_neutral_policy_seed_52_game_1_wolf_kill,52,1,seat_order_neutral_policy,regime_seat_order_neutral_policy_seed_52_base_1,regime_seat_order_neutral_policy_seed_52_base_1,regime_seat_order_neutral_policy_seed_52_base_1,final_test,B_unseen_seed,1,night,wolf_kill,10,wolf,werewolf,2,1,0,random,8,1,1,0,0,1,0,1,0,10,0,0,0.315,0,0,0.0,0.3,0,0,0,0,2,1,0,0,0.0,0.3,0,0,0,0,0,0,0,0,0,0,0.5,0,0,0.0,2,0,1,2,0.0,0,0,0,0,0,0.3,1.425,seer,0,1,,,1.0,0.8571428571428571,0.14285714285714285,0.0,0.14285714285714285,7,"{""baseline_rule_policy"": 1.0, ""deception_enabled_policy"": 1.0, ""mixed_rule_policy"": 1.0, ""randomized_legal_policy"": 1.0, ""risk_heterogeneous_policy"": 1.0, ""seat_order_neutral_policy"": 1.0, ""speech_and_herding_policy"": 0.0}",2,1,0.5714285714285714
186de26c43242820ef074c0793630e6b54970dd665e1dcfde9a8444a8264c068,6460bd802cd951d5e4b8757e9d8a01087ca5da525f03e7c05214147a27a25d5f,seat_order_neutral_policy_seed_52_game_1_wolf_kill,52,1,seat_order_neutral_policy,regime_seat_order_neutral_policy_seed_52_base_1,regime_seat_order_neutral_policy_seed_52_base_1,regime_seat_order_neutral_policy_seed_52_base_1,final_test,B_unseen_seed,1,night,wolf_kill,10,wolf,werewolf,4,1,0,random,8,1,1,0,0,1,0,1,0,10,0,0,0.315,0,0,0.0,0.3,0,0,0,0,2,1,0,0,0.0,0.3,0,0,0,0,0,0,0,0,0,0,0.5,0,0,0.0,4,0,1,4,0.0,0,0,0,0,0,0.3,1.425,villager,0,0,,,0.6666666666666666,0.42857142857142855,0.20203050891044214,0.0,0.2857142857142857,7,"{""baseline_rule_policy"": 0.0, ""deception_enabled_policy"": 0.0, ""mixed_rule_policy"": 0.0, ""randomized_legal_policy"": 1.0, ""risk_heterogeneous_policy"": 0.0, ""seat_order_neutral_policy"": 1.0, ""speech_and_herding_policy"": 1.0}",2,3,0.5714285714285714
186de26c43242820ef074c0793630e6b54970dd665e1dcfde9a8444a8264c068,6460bd802cd951d5e4b8757e9d8a01087ca5da525f03e7c05214147a27a25d5f,seat_order_neutral_policy_seed_52_game_1_wolf_kill,52,1,seat_order_neutral_policy,regime_seat_order_neutral_policy_seed_52_base_1,regime_seat_order_neutral_policy_seed_52_base_1,regime_seat_order_neutral_policy_seed_52_base_1,final_test,B_unseen_seed,1,night,wolf_kill,10,wolf,werewolf,5,1,0,random,8,1,1,0,0,1,0,1,0,10,0,0,0.315,0,0,0.0,0.3,0,0,0,0,2,1,0,0,0.0,0.3,0,0,0,0,0,0,0,0,0,0,0.5,0,0,0.0,5,1,1,5,0.0,0,0,0,0,0,0.3,1.425,villager,0,0,,,1.0,0.7142857142857143,0.18442777839082938,0.0,0.2380952380952381,7,"{""baseline_rule_policy"": 1.0, ""deception_enabled_policy"": 1.0, ""mixed_rule_policy"": 1.0, ""randomized_legal_policy"": 1.0, ""risk_heterogeneous_policy"": 0.0, ""seat_order_neutral_policy"": 1.0, ""speech_and_herding_policy"": 0.0}",2,2,0.5714285714285714
85bc33dc95fcfc21c54d7f98ad8d36f045c7d97c26a27c45006b9337f7d75bbe,e1c1056de4388c3c0ce350971f86e3b8601f8f8e76cbf4097508e2355c5abdfb,seat_order_neutral_policy_seed_52_game_2_wolf_kill,52,2,seat_order_neutral_policy,regime_seat_order_neutral_policy_seed_52_base_2,regime_seat_order_neutral_policy_seed_52_base_2,regime_seat_order_neutral_policy_seed_52_base_2,final_test,B_unseen_seed,1,night,wolf_kill,1,wolf,werewolf,9,1,1,random,9,1,1,0,0,1,0,1,0,10,0,0,0.315,0,0,0.0,0.3,0,0,0,0,2,1,0,0,0.0,0.3,0,0,0,0,0,0,0,0,0,0,0.5,0,0,0.0,9,0,0,2,0.0,0,0,0,0,0,0.3,1.425,witch,0,1,,,0.6666666666666666,0.42857142857142855,0.20203050891044214,0.0,0.2857142857142857,7,"{""baseline_rule_policy"": 0.0, ""deception_enabled_policy"": 0.0, ""mixed_rule_policy"": 1.0, ""randomized_legal_policy"": 0.0, ""risk_heterogeneous_policy"": 0.0, ""seat_order_neutral_policy"": 1.0, ""speech_and_herding_policy"": 1.0}",3,2,0.28571428571428575
85bc33dc95fcfc21c54d7f98ad8d36f045c7d97c26a27c45006b9337f7d75bbe,e1c1056de4388c3c0ce350971f86e3b8601f8f8e76cbf4097508e2355c5abdfb,seat_order_neutral_policy_seed_52_game_2_wolf_kill,52,2,seat_order_neutral_policy,regime_seat_order_neutral_policy_seed_52_base_2,regime_seat_order_neutral_policy_seed_52_base_2,regime_seat_order_neutral_policy_seed_52_base_2,final_test,B_unseen_seed,1,night,wolf_kill,1,wolf,werewolf,10,1,0,random,9,1,1,0,0,1,0,1,0,10,0,0,0.315,0,0,0.0,0.3,0,0,0,0,2,1,0,0,0.0,0.3,0,0,0,0,0,0,0,0,0,0,0.5,0,0,0.0,10,1,0,1,0.0,0,0,0,0,0,0.3,1.425,hunter,0,1,,,1.0,0.42857142857142855,0.20203050891044214,0.0,0.2857142857142857,7,"{""baseline_rule_policy"": 0.0, ""deception_enabled_policy"": 0.0, ""mixed_rule_policy"": 1.0, ""randomized_legal_policy"": 0.0, ""risk_heterogeneous_policy"": 1.0, ""seat_order_neutral_policy"": 0.0, ""speech_and_herding_policy"": 1.0}",3,2,0.28571428571428575
85bc33dc95fcfc21c54d7f98ad8d36f045c7d97c26a27c45006b9337f7d75bbe,e1c1056de4388c3c0ce350971f86e3b8601f8f8e76cbf4097508e2355c5abdfb,seat_order_neutral_policy_seed_52_game_2_wolf_kill,52,2,seat_order_neutral_policy,regime_seat_order_neutral_policy_seed_52_base_2,regime_seat_order_neutral_policy_seed_52_base_2,regime_seat_order_neutral_policy_seed_52_base_2,final_test,B_unseen_seed,1,night,wolf_kill,1,wolf,werewolf,3,1,0,random,9,1,1,0,0,1,0,1,0,10,0,0,0.315,0,0,0.0,0.3,0,0,0,0,2,1,0,0,0.0,0.3,0,0,0,0,0,0,0,0,0,0,0.5,0,0,0.0,3,0,1,2,0.0,0,0,0,0,0,0.3,1.425,villager,0,0,,,1.0,0.7142857142857143,0.18442777839082938,0.0,0.2380952380952381,7,"{""baseline_rule_policy"": 0.0, ""deception_enabled_policy"": 1.0, ""mixed_rule_policy"": 1.0, ""randomized_legal_policy"": 1.0, ""risk_heterogeneous_policy"": 1.0, ""seat_order_neutral_policy"": 0.0, ""speech_and_herding_policy"": 1.0}",3,1,0.28571428571428575
85bc33dc95fcfc21c54d7f98ad8d36f045c7d97c26a27c45006b9337f7d75bbe,e1c1056de4388c3c0ce350971f86e3b8601f8f8e76cbf4097508e2355c5abdfb,seat_order_neutral_policy_seed_52_game_2_wolf_kill,52,2,seat_order_neutral_policy,regime_seat_order_neutral_policy_seed_52_base_2,regime_seat_order_neutral_policy_seed_52_base_2,regime_seat_order_neutral_policy_seed_52_base_2,final_test,B_unseen_seed,1,night,wolf_kill,1,wolf,werewolf,6,1,0,random,9,1,1,0,0,1,0,1,0,10,0,0,0.315,0,0,0.0,0.3,0,0,0,0,2,1,0,0,0.0,0.3,0,0,0,0,0,0,0,0,0,0,0.5,0,0,0.0,6,1,0,5,0.0,0,0,0,0,0,0.3,1.425,villager,0,0,,,0.6666666666666666,0.42857142857142855,0.20203050891044214,0.0,0.2857142857142857,7,"{""baseline_rule_policy"": 0.0, ""deception_enabled_policy"": 1.0, ""mixed_rule_policy"": 0.0, ""randomized_legal_policy"": 1.0, ""risk_heterogeneous_policy"": 0.0, ""seat_order_neutral_policy"": 0.0, ""speech_and_herding_policy"": 1.0}",3,2,0.28571428571428575
a104c3b601dd722c56ceb493af87f64e1d9193a67580010af08e4077c2221a4f,6ae0ebc0681d6ccef69e95544861ebfd0f4af4716ce8e82cd31ba01bdf1bde89,seat_order_neutral_policy_seed_53_game_1_wolf_kill,53,1,seat_order_neutral_policy,regime_seat_order_neutral_policy_seed_53_base_1,regime_seat_order_neutral_policy_seed_53_base_1,regime_seat_order_neutral_policy_seed_53_base_1,final_test,B_unseen_seed,1,night,wolf_kill,8,wolf,werewolf,1,1,1,random,1,1,1,0,0,1,0,1,0,10,0,0,0.28500000000000003,0,0,0.0,0.3,0,0,0,0,2,1,0,0,0.0,0.3,0,0,0,0,0,0,0,0,0,0,0.5,0,0,0.0,1,1,1,3,0.0,0,0,0,0,0,0.3,1.425,villager,0,0,,,0.6666666666666666,0.7142857142857143,0.18442777839082938,0.0,0.2380952380952381,7,"{""baseline_rule_policy"": 1.0, ""deception_enabled_policy"": 1.0, ""mixed_rule_policy"": 1.0, ""randomized_legal_policy"": 0.0, ""risk_heterogeneous_policy"": 1.0, ""seat_order_neutral_policy"": 0.0, ""speech_and_herding_policy"": 1.0}",1,1,0.0
a104c3b601dd722c56ceb493af87f64e1d9193a67580010af08e4077c2221a4f,6ae0ebc0681d6ccef69e95544861ebfd0f4af4716ce8e82cd31ba01bdf1bde89,seat_order_neutral_policy_seed_53_game_1_wolf_kill,53,1,seat_order_neutral_policy,regime_seat_order_neutral_policy_seed_53_base_1,regime_seat_order_neutral_policy_seed_53_base_1,regime_seat_order_neutral_policy_seed_53_base_1,final_test,B_unseen_seed,1,night,wolf_kill,8,wolf,werewolf,4,1,0,random,1,1,1,0,0,1,0,1,0,10,0,0,0.28500000000000003,0,0,0.0,0.3,0,0,0,0,2,1,0,0,0.0,0.3,0,0,0,0,0,0,0,0,0,0,0.5,0,0,0.0,4,0,1,4,0.0,0,0,0,0,0,0.3,1.425,villager,0,0,,,0.3333333333333333,0.42857142857142855,0.20203050891044214,0.0,0.2857142857142857,7,"{""baseline_rule_policy"": 0.0, ""deception_enabled_policy"": 1.0, ""mixed_rule_policy"": 1.0, ""randomized_legal_policy"": 0.0, ""risk_heterogeneous_policy"": 0.0, ""seat_order_neutral_policy"": 0.0, ""speech_and_herding_policy"": 1.0}",1,4,0.0
a104c3b601dd722c56ceb493af87f64e1d9193a67580010af08e4077c2221a4f,6ae0ebc0681d6ccef69e95544861ebfd0f4af4716ce8e82cd31ba01bdf1bde89,seat_order_neutral_policy_seed_53_game_1_wolf_kill,53,1,seat_order_neutral_policy,regime_seat_order_neutral_policy_seed_53_base_1,regime_seat_order_neutral_policy_seed_53_base_1,regime_seat_order_neutral_policy_seed_53_base_1,final_test,B_unseen_seed,1,night,wolf_kill,8,wolf,werewolf,9,1,0,random,1,1,1,0,0,1,0,1,0,10,0,0,0.28500000000000003,0,0,0.0,0.3,0,0,0,0,2,1,0,0,0.0,0.15,0,0,0,0,0,0,0,0,0,0,0.5,0,0,0.0,9,0,0,1,0.0,0,0,0,0,0,0.15,1.4625,hunter,0,1,,,1.0,0.7142857142857143,0.18442777839082938,0.0,0.2380952380952381,7,"{""baseline_rule_policy"": 1.0, ""deception_enabled_policy"": 1.0, ""mixed_rule_policy"": 1.0, ""randomized_legal_policy"": 0.0, ""risk_heterogeneous_policy"": 1.0, ""seat_order_neutral_policy"": 0.0, ""speech_and_herding_policy"": 1.0}",1,1,0.0
a104c3b601dd722c56ceb493af87f64e1d9193a67580010af08e4077c2221a4f,6ae0ebc0681d6ccef69e95544861ebfd0f4af4716ce8e82cd31ba01bdf1bde89,seat_order_neutral_policy_seed_53_game_1_wolf_kill,53,1,seat_order_neutral_policy,regime_seat_order_neutral_policy_seed_53_base_1,regime_seat_order_neutral_policy_seed_53_base_1,regime_seat_order_neutral_policy_seed_53_base_1,final_test,B_unseen_seed,1,night,wolf_kill,8,wolf,werewolf,3,1,0,random,1,1,1,0,0,1,0,1,0,10,0,0,0.28500000000000003,0,0,0.0,0.3,0,0,0,0,2,1,0,0,0.0,0.3,0,0,0,0,0,0,0,0,0,0,0.5,0,0,0.0,3,0,1,5,0.0,0,0,0,0,0,0.3,1.425,villager,0,0,,,0.6666666666666666,0.7142857142857143,0.18442777839082938,0.0,0.2380952380952381,7,"{""baseline_rule_policy"": 1.0, ""deception_enabled_policy"": 1.0, ""mixed_rule_policy"": 1.0, ""randomized_legal_policy"": 0.0, ""risk_heterogeneous_policy"": 1.0, ""seat_order_neutral_policy"": 0.0, ""speech_and_herding_policy"": 1.0}",1,1,0.0
783cec87d7bef1b513998a625c9b622d0d910116021824da69f2777cc821788a,eae9428a4c356111413378ca48f2c19ac329401650e63729328401fa91b51201,seat_order_neutral_policy_seed_53_game_2_wolf_kill,53,2,seat_order_neutral_policy,regime_seat_order_neutral_policy_seed_53_base_2,regime_seat_order_neutral_policy_seed_53_base_2,regime_seat_order_neutral_policy_seed_53_base_2,final_test,B_unseen_seed,1,night,wolf_kill,5,wolf,werewolf,9,1,1,random,9,1,1,0,0,1,0,1,0,10,0,0,0.315,0,0,0.0,0.3,0,0,0,0,2,1,0,0,0.0,0.3,0,0,0,0,0,0,0,0,0,0,0.5,0,0,0.0,9,0,0,4,0.0,0,0,0,0,0,0.3,1.425,villager,0,0,,,0.3333333333333333,0.7142857142857143,0.18442777839082938,0.0,0.2380952380952381,7,"{""baseline_rule_policy"": 1.0, ""deception_enabled_policy"": 0.0, ""mixed_rule_policy"": 1.0, ""randomized_legal_policy"": 1.0, ""risk_heterogeneous_policy"": 1.0, ""seat_order_neutral_policy"": 1.0, ""speech_and_herding_policy"": 0.0}",10,3,0.1428571428571428
783cec87d7bef1b513998a625c9b622d0d910116021824da69f2777cc821788a,eae9428a4c356111413378ca48f2c19ac329401650e63729328401fa91b51201,seat_order_neutral_policy_seed_53_game_2_wolf_kill,53,2,seat_order_neutral_policy,regime_seat_order_neutral_policy_seed_53_base_2,regime_seat_order_neutral_policy_seed_53_base_2,regime_seat_order_neutral_policy_seed_53_base_2,final_test,B_unseen_seed,1,night,wolf_kill,5,wolf,werewolf,1,1,0,random,9,1,1,0,0,1,0,1,0,10,0,0,0.315,0,0,0.0,0.3,0,0,0,0,2,1,0,0,0.0,0.3,0,0,0,0,0,0,0,0,0,0,0.5,0,0,0.0,1,1,1,4,0.0,0,0,0,0,0,0.3,1.425,villager,0,0,,,0.3333333333333333,0.5714285714285714,0.20203050891044216,0.0,0.28571428571428575,7,"{""baseline_rule_policy"": 0.0, ""deception_enabled_policy"": 1.0, ""mixed_rule_policy"": 1.0, ""randomized_legal_policy"": 1.0, ""risk_heterogeneous_policy"": 0.0, ""seat_order_neutral_policy"": 1.0, ""speech_and_herding_policy"": 0.0}",10,4,0.1428571428571428
783cec87d7bef1b513998a625c9b622d0d910116021824da69f2777cc821788a,eae9428a4c356111413378ca48f2c19ac329401650e63729328401fa91b51201,seat_order_neutral_policy_seed_53_game_2_wolf_kill,53,2,seat_order_neutral_policy,regime_seat_order_neutral_policy_seed_53_base_2,regime_seat_order_neutral_policy_seed_53_base_2,regime_seat_order_neutral_policy_seed_53_base_2,final_test,B_unseen_seed,1,night,wolf_kill,5,wolf,werewolf,10,1,0,random,9,1,1,0,0,1,0,1,0,10,0,0,0.315,0,0,0.0,0.3,0,0,0,0,2,1,0,0,0.0,0.3,0,0,0,0,0,0,0,0,0,0,0.5,0,0,0.0,10,1,0,5,0.0,0,0,0,0,0,0.3,1.425,witch,0,1,,,0.3333333333333333,0.8571428571428571,0.14285714285714285,0.0,0.14285714285714285,7,"{""baseline_rule_policy"": 1.0, ""deception_enabled_policy"": 0.0, ""mixed_rule_policy"": 1.0, ""randomized_legal_policy"": 1.0, ""risk_heterogeneous_policy"": 1.0, ""seat_order_neutral_policy"": 1.0, ""speech_and_herding_policy"": 1.0}",10,1,0.1428571428571428
783cec87d7bef1b513998a625c9b622d0d910116021824da69f2777cc821788a,eae9428a4c356111413378ca48f2c19ac329401650e63729328401fa91b51201,seat_order_neutral_policy_seed_53_game_2_wolf_kill,53,2,seat_order_neutral_policy,regime_seat_order_neutral_policy_seed_53_base_2,regime_seat_order_neutral_policy_seed_53_base_2,regime_seat_order_neutral_policy_seed_53_base_2,final_test,B_unseen_seed,1,night,wolf_kill,5,wolf,werewolf,4,1,0,random,9,1,1,0,0,1,0,1,0,10,0,0,0.315,0,0,0.0,0.3,0,0,0,0,2,1,0,0,0.0,0.3,0,0,0,0,0,0,0,0,0,0,0.5,0,0,0.0,4,0,1,1,0.0,0,0,0,0,0,0.3,1.425,hunter,0,1,,,0.6666666666666666,0.8571428571428571,0.14285714285714285,0.0,0.14285714285714285,7,"{""baseline_rule_policy"": 1.0, ""deception_enabled_policy"": 1.0, ""mixed_rule_policy"": 1.0, ""randomized_legal_policy"": 1.0, ""risk_heterogeneous_policy"": 0.0, ""seat_order_neutral_policy"": 1.0, ""speech_and_herding_policy"": 1.0}",10,1,0.1428571428571428
4808798129822d1cd00462285a04d2add6cadc25442d29c2cfd3394c40f9e62d,e27a73db87cf4995f3d0c816e39999dfa4b92eeba19438b9ab2f95c037a4a933,speech_and_herding_policy_seed_42_game_1_wolf_kill,42,1,speech_and_herding_policy,regime_speech_and_herding_policy_seed_42_base_1,regime_speech_and_herding_policy_seed_42_base_1,regime_speech_and_herding_policy_seed_42_base_1,train,A_in_distribution,1,night,wolf_kill,2,wolf,werewolf,1,1,1,threat_based,1,1,1,0,0,1,0,1,0,10,0,0,0.28500000000000003,0,0,0.0,0.3,0,0,0,0,2,1,0,0,0.0,0.3,0,0,0,0,0,0,0,0,0,0,0.5,0,0,0.0,1,1,1,1,0.0,0,0,0,0,0,0.3,1.425,seer,0,1,,,0.6666666666666666,0.8571428571428571,0.14285714285714285,0.0,0.14285714285714285,7,"{""baseline_rule_policy"": 1.0, ""deception_enabled_policy"": 1.0, ""mixed_rule_policy"": 0.0, ""randomized_legal_policy"": 1.0, ""risk_heterogeneous_policy"": 1.0, ""seat_order_neutral_policy"": 1.0, ""speech_and_herding_policy"": 1.0}",1,1,0.0
4808798129822d1cd00462285a04d2add6cadc25442d29c2cfd3394c40f9e62d,e27a73db87cf4995f3d0c816e39999dfa4b92eeba19438b9ab2f95c037a4a933,speech_and_herding_policy_seed_42_game_1_wolf_kill,42,1,speech_and_herding_policy,regime_speech_and_herding_policy_seed_42_base_1,regime_speech_and_herding_policy_seed_42_base_1,regime_speech_and_herding_policy_seed_42_base_1,train,A_in_distribution,1,night,wolf_kill,2,wolf,werewolf,9,1,0,threat_based,1,1,1,0,0,1,0,1,0,10,0,0,0.28500000000000003,0,0,0.0,0.3,0,0,0,0,2,1,0,0,0.0,0.3,0,0,0,0,0,0,0,0,0,0,0.5,0,0,0.0,9,0,0,3,0.0,0,0,0,0,0,0.3,1.425,hunter,0,1,,,1.0,0.7142857142857143,0.18442777839082938,0.0,0.2380952380952381,7,"{""baseline_rule_policy"": 1.0, ""deception_enabled_policy"": 1.0, ""mixed_rule_policy"": 0.0, ""randomized_legal_policy"": 1.0, ""risk_heterogeneous_policy"": 1.0, ""seat_order_neutral_policy"": 1.0, ""speech_and_herding_policy"": 0.0}",1,3,0.0
4808798129822d1cd00462285a04d2add6cadc25442d29c2cfd3394c40f9e62d,e27a73db87cf4995f3d0c816e39999dfa4b92eeba19438b9ab2f95c037a4a933,speech_and_herding_policy_seed_42_game_1_wolf_kill,42,1,speech_and_herding_policy,regime_speech_and_herding_policy_seed_42_base_1,regime_speech_and_herding_policy_seed_42_base_1,regime_speech_and_herding_policy_seed_42_base_1,train,A_in_distribution,1,night,wolf_kill,2,wolf,werewolf,3,1,0,threat_based,1,1,1,0,0,1,0,1,0,10,0,0,0.28500000000000003,0,0,0.0,0.3,0,0,0,0,2,1,0,0,0.0,0.3,0,0,0,0,0,0,0,0,0,0,0.5,0,0,0.0,3,0,1,1,0.0,0,0,0,0,0,0.3,1.425,villager,0,0,,,0.6666666666666666,0.42857142857142855,0.20203050891044214,0.0,0.2857142857142857,7,"{""baseline_rule_policy"": 0.0, ""deception_enabled_policy"": 0.0, ""mixed_rule_policy"": 1.0, ""randomized_legal_policy"": 0.0, ""risk_heterogeneous_policy"": 0.0, ""seat_order_neutral_policy"": 1.0, ""speech_and_herding_policy"": 1.0}",1,4,0.0
4808798129822d1cd00462285a04d2add6cadc25442d29c2cfd3394c40f9e62d,e27a73db87cf4995f3d0c816e39999dfa4b92eeba19438b9ab2f95c037a4a933,speech_and_herding_policy_seed_42_game_1_wolf_kill,42,1,speech_and_herding_policy,regime_speech_and_herding_policy_seed_42_base_1,regime_speech_and_herding_policy_seed_42_base_1,regime_speech_and_herding_policy_seed_42_base_1,train,A_in_distribution,1,night,wolf_kill,2,wolf,werewolf,6,1,0,threat_based,1,1,1,0,0,1,0,1,0,10,0,0,0.28500000000000003,0,0,0.0,0.3,0,0,0,0,2,1,0,0,0.0,0.3,0,0,0,0,0,0,0,0,0,0,0.5,0,0,0.0,6,1,0,4,0.0,0,0,0,0,0,0.3,1.425,villager,0,0,,,0.6666666666666666,0.8571428571428571,0.14285714285714285,0.0,0.14285714285714285,7,"{""baseline_rule_policy"": 1.0, ""deception_enabled_policy"": 1.0, ""mixed_rule_policy"": 1.0, ""randomized_legal_policy"": 0.0, ""risk_heterogeneous_policy"": 1.0, ""seat_order_neutral_policy"": 1.0, ""speech_and_herding_policy"": 1.0}",1,1,0.0
1c8ac0cdcb3c1831ffc3d3af42369bc131c2d05d2c9c67263d5bd4b747afa60d,561e220f09143f5928e553b1e194e0a02f9ee50a4cbb5039d87107973c68342f,speech_and_herding_policy_seed_42_game_2_wolf_kill,42,2,speech_and_herding_policy,regime_speech_and_herding_policy_seed_42_base_2,regime_speech_and_herding_policy_seed_42_base_2,regime_speech_and_herding_policy_seed_42_base_2,train,A_in_distribution,1,night,wolf_kill,1,wolf,werewolf,6,1,1,threat_based,6,1,1,0,0,1,0,1,0,10,0,0,0.28500000000000003,0,0,0.0,0.3,0,0,0,0,2,1,0,0,0.0,0.3,0,0,0,0,0,0,0,0,0,0,0.5,0,0,0.0,6,1,0,5,0.0,0,0,0,0,0,0.3,1.425,seer,0,1,,,0.6666666666666666,0.42857142857142855,0.20203050891044214,0.0,0.2857142857142857,7,"{""baseline_rule_policy"": 0.0, ""deception_enabled_policy"": 1.0, ""mixed_rule_policy"": 0.0, ""randomized_legal_policy"": 1.0, ""risk_heterogeneous_policy"": 1.0, ""seat_order_neutral_policy"": 0.0, ""speech_and_herding_policy"": 0.0}",4,3,0.14285714285714285
1c8ac0cdcb3c1831ffc3d3af42369bc131c2d05d2c9c67263d5bd4b747afa60d,561e220f09143f5928e553b1e194e0a02f9ee50a4cbb5039d87107973c68342f,speech_and_herding_policy_seed_42_game_2_wolf_kill,42,2,speech_and_herding_policy,regime_speech_and_herding_policy_seed_42_base_2,regime_speech_and_herding_policy_seed_42_base_2,regime_speech_and_herding_policy_seed_42_base_2,train,A_in_distribution,1,night,wolf_kill,1,wolf,werewolf,2,1,0,threat_based,6,1,1,0,0,1,0,1,0,10,0,0,0.28500000000000003,0,0,0.0,0.3,0,0,0,0,2,1,0,0,0.0,0.3,0,0,0,0,0,0,0,0,0,0,0.5,0,0,0.0,2,0,1,1,0.0,0,0,0,0,0,0.3,1.425,hunter,0,1,,,0.6666666666666666,0.42857142857142855,0.20203050891044214,0.0,0.2857142857142857,7,"{""baseline_rule_policy"": 1.0, ""deception_enabled_policy"": 0.0, ""mixed_rule_policy"": 0.0, ""randomized_legal_policy"": 1.0, ""risk_heterogeneous_policy"": 0.0, ""seat_order_neutral_policy"": 0.0, ""speech_and_herding_policy"": 1.0}",4,3,0.14285714285714285
1c8ac0cdcb3c1831ffc3d3af42369bc131c2d05d2c9c67263d5bd4b747afa60d,561e220f09143f5928e553b1e194e0a02f9ee50a4cbb5039d87107973c68342f,speech_and_herding_policy_seed_42_game_2_wolf_kill,42,2,speech_and_herding_policy,regime_speech_and_herding_policy_seed_42_base_2,regime_speech_and_herding_policy_seed_42_base_2,regime_speech_and_herding_policy_seed_42_base_2,train,A_in_distribution,1,night,wolf_kill,1,wolf,werewolf,5,1,0,threat_based,6,1,1,0,0,1,0,1,0,10,0,0,0.28500000000000003,0,0,0.0,0.3,0,0,0,0,2,1,0,0,0.0,0.15,0,0,0,0,0,0,0,0,0,0,0.5,0,0,0.0,5,1,1,4,0.0,0,0,0,0,0,0.15,1.4625,villager,0,0,,,0.6666666666666666,0.5714285714285714,0.20203050891044216,0.0,0.28571428571428575,7,"{""baseline_rule_policy"": 0.0, ""deception_enabled_policy"": 1.0, ""mixed_rule_policy"": 0.0, ""randomized_legal_policy"": 1.0, ""risk_heterogeneous_policy"": 0.0, ""seat_order_neutral_policy"": 1.0, ""speech_and_herding_policy"": 1.0}",4,1,0.14285714285714285
1c8ac0cdcb3c1831ffc3d3af42369bc131c2d05d2c9c67263d5bd4b747afa60d,561e220f09143f5928e553b1e194e0a02f9ee50a4cbb5039d87107973c68342f,speech_and_herding_policy_seed_42_game_2_wolf_kill,42,2,speech_and_herding_policy,regime_speech_and_herding_policy_seed_42_base_2,regime_speech_and_herding_policy_seed_42_base_2,regime_speech_and_herding_policy_seed_42_base_2,train,A_in_distribution,1,night,wolf_kill,1,wolf,werewolf,4,1,0,threat_based,6,1,1,0,0,1,0,1,0,10,0,0,0.28500000000000003,0,0,0.0,0.3,0,0,0,0,2,1,0,0,0.0,0.3,0,0,0,0,0,0,0,0,0,0,0.5,0,0,0.0,4,0,1,3,0.0,0,0,0,0,0,0.3,1.425,villager,0,0,,,0.3333333333333333,0.5714285714285714,0.20203050891044216,0.0,0.28571428571428575,7,"{""baseline_rule_policy"": 1.0, ""deception_enabled_policy"": 1.0, ""mixed_rule_policy"": 0.0, ""randomized_legal_policy"": 1.0, ""risk_heterogeneous_policy"": 1.0, ""seat_order_neutral_policy"": 0.0, ""speech_and_herding_policy"": 0.0}",4,1,0.14285714285714285
c4b657156d4859f4fa0876d7f7a593c9087f66921e8929213e31f1dad3307720,a8133d5724379a906daa58af1764afaa558c2c9c6cb878251955db306067c9dc,speech_and_herding_policy_seed_43_game_1_wolf_kill,43,1,speech_and_herding_policy,regime_speech_and_herding_policy_seed_43_base_1,regime_speech_and_herding_policy_seed_43_base_1,regime_speech_and_herding_policy_seed_43_base_1,train,A_in_distribution,1,night,wolf_kill,6,wolf,werewolf,10,1,1,threat_based,10,1,1,0,0,1,0,1,0,10,0,0,0.28500000000000003,0,0,0.0,0.3,0,0,0,0,2,1,0,0,0.0,0.3,0,0,0,0,0,0,0,0,0,0,0.5,0,0,0.0,10,1,0,4,0.0,0,0,0,0,0,0.3,1.425,seer,0,1,,,0.6666666666666666,0.8571428571428571,0.14285714285714285,0.0,0.14285714285714285,7,"{""baseline_rule_policy"": 1.0, ""deception_enabled_policy"": 1.0, ""mixed_rule_policy"": 1.0, ""randomized_legal_policy"": 0.0, ""risk_heterogeneous_policy"": 1.0, ""seat_order_neutral_policy"": 1.0, ""speech_and_herding_policy"": 1.0}",1,1,0.0
c4b657156d4859f4fa0876d7f7a593c9087f66921e8929213e31f1dad3307720,a8133d5724379a906daa58af1764afaa558c2c9c6cb878251955db306067c9dc,speech_and_herding_policy_seed_43_game_1_wolf_kill,43,1,speech_and_herding_policy,regime_speech_and_herding_policy_seed_43_base_1,regime_speech_and_herding_policy_seed_43_base_1,regime_speech_and_herding_policy_seed_43_base_1,train,A_in_distribution,1,night,wolf_kill,6,wolf,werewolf,1,1,0,threat_based,10,1,1,0,0,1,0,1,0,10,0,0,0.28500000000000003,0,0,0.0,0.3,0,0,0,0,2,1,0,0,0.0,0.3,0,0,0,0,0,0,0,0,0,0,0.5,0,0,0.0,1,1,1,5,0.0,0,0,0,0,0,0.3,1.425,hunter,0,1,,,0.3333333333333333,0.8571428571428571,0.14285714285714285,0.0,0.14285714285714285,7,"{""baseline_rule_policy"": 1.0, ""deception_enabled_policy"": 1.0, ""mixed_rule_policy"": 0.0, ""randomized_legal_policy"": 1.0, ""risk_heterogeneous_policy"": 1.0, ""seat_order_neutral_policy"": 1.0, ""speech_and_herding_policy"": 1.0}",1,1,0.0
c4b657156d4859f4fa0876d7f7a593c9087f66921e8929213e31f1dad3307720,a8133d5724379a906daa58af1764afaa558c2c9c6cb878251955db306067c9dc,speech_and_herding_policy_seed_43_game_1_wolf_kill,43,1,speech_and_herding_policy,regime_speech_and_herding_policy_seed_43_base_1,regime_speech_and_herding_policy_seed_43_base_1,regime_speech_and_herding_policy_seed_43_base_1,train,A_in_distribution,1,night,wolf_kill,6,wolf,werewolf,3,1,0,threat_based,10,1,1,0,0,1,0,1,0,10,0,0,0.28500000000000003,0,0,0.0,0.3,0,0,0,0,2,1,0,0,0.0,0.3,0,0,0,0,0,0,0,0,0,0,0.5,0,0,0.0,3,0,1,3,0.0,0,0,0,0,0,0.3,1.425,villager,0,0,,,0.6666666666666666,0.8571428571428571,0.14285714285714285,0.0,0.14285714285714285,7,"{""baseline_rule_policy"": 1.0, ""deception_enabled_policy"": 1.0, ""mixed_rule_policy"": 0.0, ""randomized_legal_policy"": 1.0, ""risk_heterogeneous_policy"": 1.0, ""seat_order_neutral_policy"": 1.0, ""speech_and_herding_policy"": 1.0}",1,1,0.0
c4b657156d4859f4fa0876d7f7a593c9087f66921e8929213e31f1dad3307720,a8133d5724379a906daa58af1764afaa558c2c9c6cb878251955db306067c9dc,speech_and_herding_policy_seed_43_game_1_wolf_kill,43,1,speech_and_herding_policy,regime_speech_and_herding_policy_seed_43_base_1,regime_speech_and_herding_policy_seed_43_base_1,regime_speech_and_herding_policy_seed_43_base_1,train,A_in_distribution,1,night,wolf_kill,6,wolf,werewolf,5,1,0,threat_based,10,1,1,0,0,1,0,1,0,10,0,0,0.28500000000000003,0,0,0.0,0.3,0,0,0,0,2,1,0,0,0.0,0.3,0,0,0,0,0,0,0,0,0,0,0.5,0,0,0.0,5,1,1,1,0.0,0,0,0,0,0,0.3,1.425,villager,0,0,,,0.3333333333333333,0.7142857142857143,0.18442777839082938,0.0,0.2380952380952381,7,"{""baseline_rule_policy"": 1.0, ""deception_enabled_policy"": 0.0, ""mixed_rule_policy"": 0.0, ""randomized_legal_policy"": 1.0, ""risk_heterogeneous_policy"": 1.0, ""seat_order_neutral_policy"": 1.0, ""speech_and_herding_policy"": 1.0}",1,4,0.0
8eefb11dadedc38f8f72f499b160c50229df18a190330c4147fabd303108032b,e28755a01b26d62bfed0bdc5dc3b5ae27b6dcf30f893a8586545711b8b0c5e8e,speech_and_herding_policy_seed_43_game_2_wolf_kill,43,2,speech_and_herding_policy,regime_speech_and_herding_policy_seed_43_base_2,regime_speech_and_herding_policy_seed_43_base_2,regime_speech_and_herding_policy_seed_43_base_2,train,A_in_distribution,1,night,wolf_kill,1,wolf,werewolf,3,1,1,threat_based,3,1,1,0,0,1,0,1,0,10,0,0,0.28500000000000003,0,0,0.0,0.3,0,0,0,0,2,1,0,0,0.0,0.3,0,0,0,0,0,0,0,0,0,0,0.5,0,0,0.0,3,0,1,2,0.0,0,0,0,0,0,0.3,1.425,seer,0,1,,,0.6666666666666666,0.7142857142857143,0.18442777839082938,0.0,0.2380952380952381,7,"{""baseline_rule_policy"": 1.0, ""deception_enabled_policy"": 1.0, ""mixed_rule_policy"": 1.0, ""randomized_legal_policy"": 0.0, ""risk_heterogeneous_policy"": 1.0, ""seat_order_neutral_policy"": 0.0, ""speech_and_herding_policy"": 1.0}",10,2,0.1428571428571428
8eefb11dadedc38f8f72f499b160c50229df18a190330c4147fabd303108032b,e28755a01b26d62bfed0bdc5dc3b5ae27b6dcf30f893a8586545711b8b0c5e8e,speech_and_herding_policy_seed_43_game_2_wolf_kill,43,2,speech_and_herding_policy,regime_speech_and_herding_policy_seed_43_base_2,regime_speech_and_herding_policy_seed_43_base_2,regime_speech_and_herding_policy_seed_43_base_2,train,A_in_distribution,1,night,wolf_kill,1,wolf,werewolf,10,1,0,threat_based,3,1,1,0,0,1,0,1,0,10,0,0,0.28500000000000003,0,0,0.0,0.3,0,0,0,0,2,1,0,0,0.0,0.3,0,0,0,0,0,0,0,0,0,0,0.5,0,0,0.0,10,1,0,1,0.0,0,0,0,0,0,0.3,1.425,witch,0,1,,,0.6666666666666666,0.8571428571428571,0.14285714285714285,0.0,0.14285714285714285,7,"{""baseline_rule_policy"": 1.0, ""deception_enabled_policy"": 1.0, ""mixed_rule_policy"": 1.0, ""randomized_legal_policy"": 1.0, ""risk_heterogeneous_policy"": 1.0, ""seat_order_neutral_policy"": 0.0, ""speech_and_herding_policy"": 1.0}",10,1,0.1428571428571428
8eefb11dadedc38f8f72f499b160c50229df18a190330c4147fabd303108032b,e28755a01b26d62bfed0bdc5dc3b5ae27b6dcf30f893a8586545711b8b0c5e8e,speech_and_herding_policy_seed_43_game_2_wolf_kill,43,2,speech_and_herding_policy,regime_speech_and_herding_policy_seed_43_base_2,regime_speech_and_herding_policy_seed_43_base_2,regime_speech_and_herding_policy_seed_43_base_2,train,A_in_distribution,1,night,wolf_kill,1,wolf,werewolf,7,1,0,threat_based,3,1,1,0,0,1,0,1,0,10,0,0,0.28500000000000003,0,0,0.0,0.3,0,0,0,0,2,1,0,0,0.0,0.15,0,0,0,0,0,0,0,0,0,0,0.5,0,0,0.0,7,0,0,4,0.0,0,0,0,0,0,0.15,1.4625,hunter,0,1,,,0.6666666666666666,0.7142857142857143,0.18442777839082938,0.0,0.2380952380952381,7,"{""baseline_rule_policy"": 1.0, ""deception_enabled_policy"": 0.0, ""mixed_rule_policy"": 1.0, ""randomized_legal_policy"": 1.0, ""risk_heterogeneous_policy"": 1.0, ""seat_order_neutral_policy"": 0.0, ""speech_and_herding_policy"": 1.0}",10,2,0.1428571428571428
8eefb11dadedc38f8f72f499b160c50229df18a190330c4147fabd303108032b,e28755a01b26d62bfed0bdc5dc3b5ae27b6dcf30f893a8586545711b8b0c5e8e,speech_and_herding_policy_seed_43_game_2_wolf_kill,43,2,speech_and_herding_policy,regime_speech_and_herding_policy_seed_43_base_2,regime_speech_and_herding_policy_seed_43_base_2,regime_speech_and_herding_policy_seed_43_base_2,train,A_in_distribution,1,night,wolf_kill,1,wolf,werewolf,5,1,0,threat_based,3,1,1,0,0,1,0,1,0,10,0,0,0.28500000000000003,0,0,0.0,0.3,0,0,0,0,2,1,0,0,0.0,0.3,0,0,0,0,0,0,0,0,0,0,0.5,0,0,0.0,5,1,1,4,0.0,0,0,0,0,0,0.3,1.425,villager,0,0,,,0.6666666666666666,0.5714285714285714,0.20203050891044216,0.0,0.28571428571428575,7,"{""baseline_rule_policy"": 0.0, ""deception_enabled_policy"": 1.0, ""mixed_rule_policy"": 1.0, ""randomized_legal_policy"": 1.0, ""risk_heterogeneous_policy"": 1.0, ""seat_order_neutral_policy"": 0.0, ""speech_and_herding_policy"": 0.0}",10,4,0.1428571428571428
647259eaa36e162c2319c6d737959fcc1563920ec64e2a2c8431d01c885632be,67feefbd8b6a94f35c8790df63fc20ce4b58cd417ebf1ba4b4cc11c5c800e9ac,speech_and_herding_policy_seed_44_game_1_wolf_kill,44,1,speech_and_herding_policy,regime_speech_and_herding_policy_seed_44_base_1,regime_speech_and_herding_policy_seed_44_base_1,regime_speech_and_herding_policy_seed_44_base_1,train,A_in_distribution,1,night,wolf_kill,7,wolf,werewolf,1,1,1,threat_based,1,1,1,0,0,1,0,1,0,10,0,0,0.28500000000000003,0,0,0.0,0.3,0,0,0,0,2,1,0,0,0.0,0.3,0,0,0,0,0,0,0,0,0,0,0.5,0,0,0.0,1,1,1,4,0.0,0,0,0,0,0,0.3,1.425,seer,0,1,,,0.6666666666666666,0.8571428571428571,0.14285714285714285,0.0,0.14285714285714285,7,"{""baseline_rule_policy"": 1.0, ""deception_enabled_policy"": 1.0, ""mixed_rule_policy"": 1.0, ""randomized_legal_policy"": 0.0, ""risk_heterogeneous_policy"": 1.0, ""seat_order_neutral_policy"": 1.0, ""speech_and_herding_policy"": 1.0}",2,3,0.1428571428571429
647259eaa36e162c2319c6d737959fcc1563920ec64e2a2c8431d01c885632be,67feefbd8b6a94f35c8790df63fc20ce4b58cd417ebf1ba4b4cc11c5c800e9ac,speech_and_herding_policy_seed_44_game_1_wolf_kill,44,1,speech_and_herding_policy,regime_speech_and_herding_policy_seed_44_base_1,regime_speech_and_herding_policy_seed_44_base_1,regime_speech_and_herding_policy_seed_44_base_1,train,A_in_distribution,1,night,wolf_kill,7,wolf,werewolf,3,1,0,threat_based,1,1,1,0,0,1,0,1,0,10,0,0,0.28500000000000003,0,0,0.0,0.3,0,0,0,0,2,1,0,0,0.0,0.3,0,0,0,0,0,0,0,0,0,0,0.5,0,0,0.0,3,0,1,4,0.0,0,0,0,0,0,0.3,1.425,villager,0,0,,,1.0,0.7142857142857143,0.18442777839082938,0.0,0.2380952380952381,7,"{""baseline_rule_policy"": 0.0, ""deception_enabled_policy"": 0.0, ""mixed_rule_policy"": 1.0, ""randomized_legal_policy"": 1.0, ""risk_heterogeneous_policy"": 1.0, ""seat_order_neutral_policy"": 1.0, ""speech_and_herding_policy"": 1.0}",2,4,0.1428571428571429
647259eaa36e162c2319c6d737959fcc1563920ec64e2a2c8431d01c885632be,67feefbd8b6a94f35c8790df63fc20ce4b58cd417ebf1ba4b4cc11c5c800e9ac,speech_and_herding_policy_seed_44_game_1_wolf_kill,44,1,speech_and_herding_policy,regime_speech_and_herding_policy_seed_44_base_1,regime_speech_and_herding_policy_seed_44_base_1,regime_speech_and_herding_policy_seed_44_base_1,train,A_in_distribution,1,night,wolf_kill,7,wolf,werewolf,2,1,0,threat_based,1,1,1,0,0,1,0,1,0,10,0,0,0.28500000000000003,0,0,0.0,0.3,0,0,0,0,2,1,0,0,0.0,0.3,0,0,0,0,0,0,0,0,0,0,0.5,0,0,0.0,2,0,1,5,0.0,0,0,0,0,0,0.3,1.425,witch,0,1,,,1.0,1.0,0.0,1.0,0.0,7,"{""baseline_rule_policy"": 1.0, ""deception_enabled_policy"": 1.0, ""mixed_rule_policy"": 1.0, ""randomized_legal_policy"": 1.0, ""risk_heterogeneous_policy"": 1.0, ""seat_order_neutral_policy"": 1.0, ""speech_and_herding_policy"": 1.0}",2,1,0.1428571428571429
647259eaa36e162c2319c6d737959fcc1563920ec64e2a2c8431d01c885632be,67feefbd8b6a94f35c8790df63fc20ce4b58cd417ebf1ba4b4cc11c5c800e9ac,speech_and_herding_policy_seed_44_game_1_wolf_kill,44,1,speech_and_herding_policy,regime_speech_and_herding_policy_seed_44_base_1,regime_speech_and_herding_policy_seed_44_base_1,regime_speech_and_herding_policy_seed_44_base_1,train,A_in_distribution,1,night,wolf_kill,7,wolf,werewolf,4,1,0,threat_based,1,1,1,0,0,1,0,1,0,10,0,0,0.28500000000000003,0,0,0.0,0.3,0,0,0,0,2,1,0,0,0.0,0.3,0,0,0,0,0,0,0,0,0,0,0.5,0,0,0.0,4,0,1,3,0.0,0,0,0,0,0,0.3,1.425,villager,0,0,,,0.6666666666666666,1.0,0.0,1.0,0.0,7,"{""baseline_rule_policy"": 1.0, ""deception_enabled_policy"": 1.0, ""mixed_rule_policy"": 1.0, ""randomized_legal_policy"": 1.0, ""risk_heterogeneous_policy"": 1.0, ""seat_order_neutral_policy"": 1.0, ""speech_and_herding_policy"": 1.0}",2,1,0.1428571428571429
09fe26be9abe71c27d6bfc360d69fa7327da439f1c51649f12b208b7f0ee5906,58df64a7e344da31b3a9c87ba1293c26747409e0c4f7dae1857694c634dd8e5e,speech_and_herding_policy_seed_44_game_2_wolf_kill,44,2,speech_and_herding_policy,regime_speech_and_herding_policy_seed_44_base_2,regime_speech_and_herding_policy_seed_44_base_2,regime_speech_and_herding_policy_seed_44_base_2,train,A_in_distribution,1,night,wolf_kill,3,wolf,werewolf,7,1,1,threat_based,7,1,1,0,0,1,0,1,0,10,0,0,0.28500000000000003,0,0,0.0,0.3,0,0,0,0,2,1,0,0,0.0,0.3,0,0,0,0,0,0,0,0,0,0,0.5,0,0,0.0,7,0,0,4,0.0,0,0,0,0,0,0.3,1.425,seer,0,1,,,1.0,0.42857142857142855,0.20203050891044214,0.0,0.2857142857142857,7,"{""baseline_rule_policy"": 0.0, ""deception_enabled_policy"": 0.0, ""mixed_rule_policy"": 1.0, ""randomized_legal_policy"": 1.0, ""risk_heterogeneous_policy"": 0.0, ""seat_order_neutral_policy"": 1.0, ""speech_and_herding_policy"": 0.0}",1,3,0.28571428571428575
09fe26be9abe71c27d6bfc360d69fa7327da439f1c51649f12b208b7f0ee5906,58df64a7e344da31b3a9c87ba1293c26747409e0c4f7dae1857694c634dd8e5e,speech_and_herding_policy_seed_44_game_2_wolf_kill,44,2,speech_and_herding_policy,regime_speech_and_herding_policy_seed_44_base_2,regime_speech_and_herding_policy_seed_44_base_2,regime_speech_and_herding_policy_seed_44_base_2,train,A_in_distribution,1,night,wolf_kill,3,wolf,werewolf,1,1,0,threat_based,7,1,1,0,0,1,0,1,0,10,0,0,0.28500000000000003,0,0,0.0,0.3,0,0,0,0,2,1,0,0,0.0,0.3,0,0,0,0,0,0,0,0,0,0,0.5,0,0,0.0,1,1,1,2,0.0,0,0,0,0,0,0.3,1.425,witch,0,1,,,0.0,0.7142857142857143,0.18442777839082938,0.0,0.2380952380952381,7,"{""baseline_rule_policy"": 0.0, ""deception_enabled_policy"": 0.0, ""mixed_rule_policy"": 1.0, ""randomized_legal_policy"": 1.0, ""risk_heterogeneous_policy"": 1.0, ""seat_order_neutral_policy"": 1.0, ""speech_and_herding_policy"": 1.0}",1,1,0.28571428571428575
09fe26be9abe71c27d6bfc360d69fa7327da439f1c51649f12b208b7f0ee5906,58df64a7e344da31b3a9c87ba1293c26747409e0c4f7dae1857694c634dd8e5e,speech_and_herding_policy_seed_44_game_2_wolf_kill,44,2,speech_and_herding_policy,regime_speech_and_herding_policy_seed_44_base_2,regime_speech_and_herding_policy_seed_44_base_2,regime_speech_and_herding_policy_seed_44_base_2,train,A_in_distribution,1,night,wolf_kill,3,wolf,werewolf,9,1,0,threat_based,7,1,1,0,0,1,0,1,0,10,0,0,0.28500000000000003,0,0,0.0,0.3,0,0,0,0,2,1,0,0,0.0,0.3,0,0,0,0,0,0,0,0,0,0,0.5,0,0,0.0,9,0,0,4,0.0,0,0,0,0,0,0.3,1.425,villager,0,0,,,1.0,0.42857142857142855,0.20203050891044214,0.0,0.2857142857142857,7,"{""baseline_rule_policy"": 1.0, ""deception_enabled_policy"": 0.0, ""mixed_rule_policy"": 1.0, ""randomized_legal_policy"": 0.0, ""risk_heterogeneous_policy"": 0.0, ""seat_order_neutral_policy"": 1.0, ""speech_and_herding_policy"": 0.0}",1,3,0.28571428571428575
09fe26be9abe71c27d6bfc360d69fa7327da439f1c51649f12b208b7f0ee5906,58df64a7e344da31b3a9c87ba1293c26747409e0c4f7dae1857694c634dd8e5e,speech_and_herding_policy_seed_44_game_2_wolf_kill,44,2,speech_and_herding_policy,regime_speech_and_herding_policy_seed_44_base_2,regime_speech_and_herding_policy_seed_44_base_2,regime_speech_and_herding_policy_seed_44_base_2,train,A_in_distribution,1,night,wolf_kill,3,wolf,werewolf,6,1,0,threat_based,7,1,1,0,0,1,0,1,0,10,0,0,0.28500000000000003,0,0,0.0,0.3,0,0,0,0,2,1,0,0,0.0,0.3,0,0,0,0,0,0,0,0,0,0,0.5,0,0,0.0,6,1,0,3,0.0,0,0,0,0,0,0.3,1.425,hunter,0,1,,,0.3333333333333333,0.5714285714285714,0.20203050891044216,0.0,0.28571428571428575,7,"{""baseline_rule_policy"": 0.0, ""deception_enabled_policy"": 0.0, ""mixed_rule_policy"": 1.0, ""randomized_legal_policy"": 1.0, ""risk_heterogeneous_policy"": 0.0, ""seat_order_neutral_policy"": 1.0, ""speech_and_herding_policy"": 1.0}",1,2,0.28571428571428575
2235b17abeca09b511183836dc2be89a9ca34472aca0129cb39c683b869073a2,8764e6aa7814ad4fef4b87591684693efa0d93b9f7190691337c858e0153dd6a,speech_and_herding_policy_seed_50_game_1_wolf_kill,50,1,speech_and_herding_policy,regime_speech_and_herding_policy_seed_50_base_1,regime_speech_and_herding_policy_seed_50_base_1,regime_speech_and_herding_policy_seed_50_base_1,validation,A_in_distribution,1,night,wolf_kill,2,wolf,werewolf,1,1,1,threat_based,1,1,1,0,0,1,0,1,0,10,0,0,0.28500000000000003,0,0,0.0,0.3,0,0,0,0,2,1,0,0,0.0,0.3,0,0,0,0,0,0,0,0,0,0,0.5,0,0,0.0,1,1,1,1,0.0,0,0,0,0,0,0.3,1.425,seer,0,1,,,1.0,0.8571428571428571,0.14285714285714285,0.0,0.14285714285714285,7,"{""baseline_rule_policy"": 1.0, ""deception_enabled_policy"": 1.0, ""mixed_rule_policy"": 1.0, ""randomized_legal_policy"": 1.0, ""risk_heterogeneous_policy"": 1.0, ""seat_order_neutral_policy"": 0.0, ""speech_and_herding_policy"": 1.0}",10,3,0.1428571428571429
2235b17abeca09b511183836dc2be89a9ca34472aca0129cb39c683b869073a2,8764e6aa7814ad4fef4b87591684693efa0d93b9f7190691337c858e0153dd6a,speech_and_herding_policy_seed_50_game_1_wolf_kill,50,1,speech_and_herding_policy,regime_speech_and_herding_policy_seed_50_base_1,regime_speech_and_herding_policy_seed_50_base_1,regime_speech_and_herding_policy_seed_50_base_1,validation,A_in_distribution,1,night,wolf_kill,2,wolf,werewolf,4,1,0,threat_based,1,1,1,0,0,1,0,1,0,10,0,0,0.28500000000000003,0,0,0.0,0.3,0,0,0,0,2,1,0,0,0.0,0.15,0,0,0,0,0,0,0,0,0,0,0.5,0,0,0.0,4,0,1,2,0.0,0,0,0,0,0,0.15,1.4625,witch,0,1,,,0.6666666666666666,0.7142857142857143,0.18442777839082938,0.0,0.2380952380952381,7,"{""baseline_rule_policy"": 1.0, ""deception_enabled_policy"": 1.0, ""mixed_rule_policy"": 0.0, ""randomized_legal_policy"": 1.0, ""risk_heterogeneous_policy"": 1.0, ""seat_order_neutral_policy"": 1.0, ""speech_and_herding_policy"": 0.0}",10,4,0.1428571428571429
2235b17abeca09b511183836dc2be89a9ca34472aca0129cb39c683b869073a2,8764e6aa7814ad4fef4b87591684693efa0d93b9f7190691337c858e0153dd6a,speech_and_herding_policy_seed_50_game_1_wolf_kill,50,1,speech_and_herding_policy,regime_speech_and_herding_policy_seed_50_base_1,regime_speech_and_herding_policy_seed_50_base_1,regime_speech_and_herding_policy_seed_50_base_1,validation,A_in_distribution,1,night,wolf_kill,2,wolf,werewolf,10,1,0,threat_based,1,1,1,0,0,1,0,1,0,10,0,0,0.28500000000000003,0,0,0.0,0.3,0,0,0,0,2,1,0,0,0.0,0.3,0,0,0,0,0,0,0,0,0,0,0.5,0,0,0.0,10,1,0,2,0.0,0,0,0,0,0,0.3,1.425,villager,0,0,,,0.3333333333333333,1.0,0.0,1.0,0.0,7,"{""baseline_rule_policy"": 1.0, ""deception_enabled_policy"": 1.0, ""mixed_rule_policy"": 1.0, ""randomized_legal_policy"": 1.0, ""risk_heterogeneous_policy"": 1.0, ""seat_order_neutral_policy"": 1.0, ""speech_and_herding_policy"": 1.0}",10,1,0.1428571428571429
2235b17abeca09b511183836dc2be89a9ca34472aca0129cb39c683b869073a2,8764e6aa7814ad4fef4b87591684693efa0d93b9f7190691337c858e0153dd6a,speech_and_herding_policy_seed_50_game_1_wolf_kill,50,1,speech_and_herding_policy,regime_speech_and_herding_policy_seed_50_base_1,regime_speech_and_herding_policy_seed_50_base_1,regime_speech_and_herding_policy_seed_50_base_1,validation,A_in_distribution,1,night,wolf_kill,2,wolf,werewolf,3,1,0,threat_based,1,1,1,0,0,1,0,1,0,10,0,0,0.28500000000000003,0,0,0.0,0.3,0,0,0,0,2,1,0,0,0.0,0.3,0,0,0,0,0,0,0,0,0,0,0.5,0,0,0.0,3,0,1,1,0.0,0,0,0,0,0,0.3,1.425,villager,0,0,,,0.3333333333333333,1.0,0.0,1.0,0.0,7,"{""baseline_rule_policy"": 1.0, ""deception_enabled_policy"": 1.0, ""mixed_rule_policy"": 1.0, ""randomized_legal_policy"": 1.0, ""risk_heterogeneous_policy"": 1.0, ""seat_order_neutral_policy"": 1.0, ""speech_and_herding_policy"": 1.0}",10,1,0.1428571428571429
4e3749b4014f555426daa5739563d16ba3c5cf716df34e70a60823ad2dc78626,4f2072015ebd6ec368fc0999efcf6cc642b550da8b9fa4d0343319e245ab98c8,speech_and_herding_policy_seed_50_game_2_wolf_kill,50,2,speech_and_herding_policy,regime_speech_and_herding_policy_seed_50_base_2,regime_speech_and_herding_policy_seed_50_base_2,regime_speech_and_herding_policy_seed_50_base_2,validation,A_in_distribution,1,night,wolf_kill,2,wolf,werewolf,4,1,1,threat_based,4,1,1,0,0,1,0,1,0,10,0,0,0.315,0,0,0.25,0.55,0,0,0,0,2,1,0,0,0.0,0.3,0,0,0,0,0,0,0,0,0,0,0.5,0,0,0.0,4,0,1,2,0.0,0,0,0,0,0,0.3,1.425,seer,0,1,,,0.6666666666666666,0.42857142857142855,0.20203050891044214,0.0,0.2857142857142857,7,"{""baseline_rule_policy"": 0.0, ""deception_enabled_policy"": 1.0, ""mixed_rule_policy"": 0.0, ""randomized_legal_policy"": 1.0, ""risk_heterogeneous_policy"": 0.0, ""seat_order_neutral_policy"": 1.0, ""speech_and_herding_policy"": 0.0}",5,4,0.42857142857142855
4e3749b4014f555426daa5739563d16ba3c5cf716df34e70a60823ad2dc78626,4f2072015ebd6ec368fc0999efcf6cc642b550da8b9fa4d0343319e245ab98c8,speech_and_herding_policy_seed_50_game_2_wolf_kill,50,2,speech_and_herding_policy,regime_speech_and_herding_policy_seed_50_base_2,regime_speech_and_herding_policy_seed_50_base_2,regime_speech_and_herding_policy_seed_50_base_2,validation,A_in_distribution,1,night,wolf_kill,2,wolf,werewolf,1,1,0,threat_based,4,1,1,0,0,1,0,1,0,10,0,0,0.315,0,0,0.25,0.55,0,0,0,0,2,1,0,0,0.0,0.3,0,0,0,0,0,0,0,0,0,0,0.5,0,0,0.0,1,1,1,1,0.0,0,0,0,0,0,0.3,1.425,witch,0,1,,,0.6666666666666666,0.7142857142857143,0.18442777839082938,0.0,0.2380952380952381,7,"{""baseline_rule_policy"": 0.0, ""deception_enabled_policy"": 0.0, ""mixed_rule_policy"": 1.0, ""randomized_legal_policy"": 1.0, ""risk_heterogeneous_policy"": 1.0, ""seat_order_neutral_policy"": 1.0, ""speech_and_herding_policy"": 1.0}",5,2,0.42857142857142855
4e3749b4014f555426daa5739563d16ba3c5cf716df34e70a60823ad2dc78626,4f2072015ebd6ec368fc0999efcf6cc642b550da8b9fa4d0343319e245ab98c8,speech_and_herding_policy_seed_50_game_2_wolf_kill,50,2,speech_and_herding_policy,regime_speech_and_herding_policy_seed_50_base_2,regime_speech_and_herding_policy_seed_50_base_2,regime_speech_and_herding_policy_seed_50_base_2,validation,A_in_distribution,1,night,wolf_kill,2,wolf,werewolf,5,1,0,threat_based,4,1,1,0,0,1,0,1,0,10,0,0,0.315,0,0,0.25,0.55,0,0,0,0,2,1,0,0,0.0,0.3,0,0,0,0,0,0,0,0,0,0,0.5,0,0,0.0,5,1,1,3,0.0,0,0,0,0,0,0.3,1.425,hunter,0,1,,,0.6666666666666666,0.8571428571428571,0.14285714285714285,0.0,0.14285714285714285,7,"{""baseline_rule_policy"": 1.0, ""deception_enabled_policy"": 0.0, ""mixed_rule_policy"": 1.0, ""randomized_legal_policy"": 1.0, ""risk_heterogeneous_policy"": 1.0, ""seat_order_neutral_policy"": 1.0, ""speech_and_herding_policy"": 1.0}",5,1,0.42857142857142855
4e3749b4014f555426daa5739563d16ba3c5cf716df34e70a60823ad2dc78626,4f2072015ebd6ec368fc0999efcf6cc642b550da8b9fa4d0343319e245ab98c8,speech_and_herding_policy_seed_50_game_2_wolf_kill,50,2,speech_and_herding_policy,regime_speech_and_herding_policy_seed_50_base_2,regime_speech_and_herding_policy_seed_50_base_2,regime_speech_and_herding_policy_seed_50_base_2,validation,A_in_distribution,1,night,wolf_kill,2,wolf,werewolf,8,1,0,threat_based,4,1,1,0,0,1,0,1,0,10,0,0,0.315,0,0,0.25,0.55,0,0,0,0,2,1,0,0,0.0,0.3,0,0,0,0,0,0,0,0,0,0,0.5,0,0,0.0,8,0,0,4,0.0,0,0,0,0,0,0.3,1.425,villager,0,0,,,0.3333333333333333,0.7142857142857143,0.18442777839082938,0.0,0.2380952380952381,7,"{""baseline_rule_policy"": 0.0, ""deception_enabled_policy"": 0.0, ""mixed_rule_policy"": 1.0, ""randomized_legal_policy"": 1.0, ""risk_heterogeneous_policy"": 1.0, ""seat_order_neutral_policy"": 1.0, ""speech_and_herding_policy"": 1.0}",5,2,0.42857142857142855
482b6d4e7d482c7b22f085837747e939f939f6939c3bd623e9ae2bd459b0e427,3a107c5f12514b7c8b021d5807776b43d6bf0ae61673a91dda0d1f1f902e5e93,speech_and_herding_policy_seed_52_game_1_wolf_kill,52,1,speech_and_herding_policy,regime_speech_and_herding_policy_seed_52_base_1,regime_speech_and_herding_policy_seed_52_base_1,regime_speech_and_herding_policy_seed_52_base_1,final_test,B_unseen_seed,1,night,wolf_kill,3,wolf,werewolf,8,1,1,threat_based,8,1,1,0,0,1,0,1,0,10,0,0,0.28500000000000003,0,0,0.0,0.3,0,0,0,0,2,1,0,0,0.0,0.3,0,0,0,0,0,0,0,0,0,0,0.5,0,0,0.0,8,0,0,5,0.0,0,0,0,0,0,0.3,1.425,seer,0,1,,,1.0,0.8571428571428571,0.14285714285714285,0.0,0.14285714285714285,7,"{""baseline_rule_policy"": 1.0, ""deception_enabled_policy"": 0.0, ""mixed_rule_policy"": 1.0, ""randomized_legal_policy"": 1.0, ""risk_heterogeneous_policy"": 1.0, ""seat_order_neutral_policy"": 1.0, ""speech_and_herding_policy"": 1.0}",1,1,0.0
482b6d4e7d482c7b22f085837747e939f939f6939c3bd623e9ae2bd459b0e427,3a107c5f12514b7c8b021d5807776b43d6bf0ae61673a91dda0d1f1f902e5e93,speech_and_herding_policy_seed_52_game_1_wolf_kill,52,1,speech_and_herding_policy,regime_speech_and_herding_policy_seed_52_base_1,regime_speech_and_herding_policy_seed_52_base_1,regime_speech_and_herding_policy_seed_52_base_1,final_test,B_unseen_seed,1,night,wolf_kill,3,wolf,werewolf,1,1,0,threat_based,8,1,1,0,0,1,0,1,0,10,0,0,0.28500000000000003,0,0,0.0,0.3,0,0,0,0,2,1,0,0,0.0,0.3,0,0,0,0,0,0,0,0,0,0,0.5,0,0,0.0,1,1,1,2,0.0,0,0,0,0,0,0.3,1.425,witch,0,1,,,0.3333333333333333,0.8571428571428571,0.14285714285714285,0.0,0.14285714285714285,7,"{""baseline_rule_policy"": 1.0, ""deception_enabled_policy"": 0.0, ""mixed_rule_policy"": 1.0, ""randomized_legal_policy"": 1.0, ""risk_heterogeneous_policy"": 1.0, ""seat_order_neutral_policy"": 1.0, ""speech_and_herding_policy"": 1.0}",1,1,0.0
482b6d4e7d482c7b22f085837747e939f939f6939c3bd623e9ae2bd459b0e427,3a107c5f12514b7c8b021d5807776b43d6bf0ae61673a91dda0d1f1f902e5e93,speech_and_herding_policy_seed_52_game_1_wolf_kill,52,1,speech_and_herding_policy,regime_speech_and_herding_policy_seed_52_base_1,regime_speech_and_herding_policy_seed_52_base_1,regime_speech_and_herding_policy_seed_52_base_1,final_test,B_unseen_seed,1,night,wolf_kill,3,wolf,werewolf,10,1,0,threat_based,8,1,1,0,0,1,0,1,0,10,0,0,0.28500000000000003,0,0,0.0,0.3,0,0,0,0,2,1,0,0,0.0,0.15,0,0,0,0,0,0,0,0,0,0,0.5,0,0,0.0,10,1,0,3,0.0,0,0,0,0,0,0.15,1.4625,hunter,0,1,,,0.3333333333333333,0.8571428571428571,0.14285714285714285,0.0,0.14285714285714285,7,"{""baseline_rule_policy"": 1.0, ""deception_enabled_policy"": 1.0, ""mixed_rule_policy"": 1.0, ""randomized_legal_policy"": 1.0, ""risk_heterogeneous_policy"": 1.0, ""seat_order_neutral_policy"": 1.0, ""speech_and_herding_policy"": 0.0}",1,1,0.0
482b6d4e7d482c7b22f085837747e939f939f6939c3bd623e9ae2bd459b0e427,3a107c5f12514b7c8b021d5807776b43d6bf0ae61673a91dda0d1f1f902e5e93,speech_and_herding_policy_seed_52_game_1_wolf_kill,52,1,speech_and_herding_policy,regime_speech_and_herding_policy_seed_52_base_1,regime_speech_and_herding_policy_seed_52_base_1,regime_speech_and_herding_policy_seed_52_base_1,final_test,B_unseen_seed,1,night,wolf_kill,3,wolf,werewolf,6,1,0,threat_based,8,1,1,0,0,1,0,1,0,10,0,0,0.28500000000000003,0,0,0.0,0.3,0,0,0,0,2,1,0,0,0.0,0.3,0,0,0,0,0,0,0,0,0,0,0.5,0,0,0.0,6,1,0,3,0.0,0,0,0,0,0,0.3,1.425,villager,0,0,,,0.3333333333333333,0.7142857142857143,0.18442777839082938,0.0,0.2380952380952381,7,"{""baseline_rule_policy"": 0.0, ""deception_enabled_policy"": 1.0, ""mixed_rule_policy"": 1.0, ""randomized_legal_policy"": 1.0, ""risk_heterogeneous_policy"": 1.0, ""seat_order_neutral_policy"": 1.0, ""speech_and_herding_policy"": 0.0}",1,4,0.0
6033c4551689b804475028c032cc807f5842970f094963b65a4c9bd7708f2b29,52532358c78c2a94b5922a82b43aa03f77d168794ab5251145730130cbe9a622,speech_and_herding_policy_seed_52_game_2_wolf_kill,52,2,speech_and_herding_policy,regime_speech_and_herding_policy_seed_52_base_2,regime_speech_and_herding_policy_seed_52_base_2,regime_speech_and_herding_policy_seed_52_base_2,final_test,B_unseen_seed,1,night,wolf_kill,4,wolf,werewolf,1,1,1,threat_based,1,1,1,0,0,1,0,1,0,10,0,0,0.28500000000000003,0,0,0.0,0.3,0,0,0,0,2,1,0,0,0.0,0.3,0,0,0,0,0,0,0,0,0,0,0.5,0,0,0.0,1,1,1,3,0.0,0,0,0,0,0,0.3,1.425,seer,0,1,,,1.0,0.7142857142857143,0.18442777839082938,0.0,0.2380952380952381,7,"{""baseline_rule_policy"": 0.0, ""deception_enabled_policy"": 1.0, ""mixed_rule_policy"": 1.0, ""randomized_legal_policy"": 0.0, ""risk_heterogeneous_policy"": 1.0, ""seat_order_neutral_policy"": 1.0, ""speech_and_herding_policy"": 1.0}",10,4,0.1428571428571428
6033c4551689b804475028c032cc807f5842970f094963b65a4c9bd7708f2b29,52532358c78c2a94b5922a82b43aa03f77d168794ab5251145730130cbe9a622,speech_and_herding_policy_seed_52_game_2_wolf_kill,52,2,speech_and_herding_policy,regime_speech_and_herding_policy_seed_52_base_2,regime_speech_and_herding_policy_seed_52_base_2,regime_speech_and_herding_policy_seed_52_base_2,final_test,B_unseen_seed,1,night,wolf_kill,4,wolf,werewolf,10,1,0,threat_based,1,1,1,0,0,1,0,1,0,10,0,0,0.28500000000000003,0,0,0.0,0.3,0,0,0,0,2,1,0,0,0.0,0.15,0,0,0,0,0,0,0,0,0,0,0.5,0,0,0.0,10,1,0,4,0.0,0,0,0,0,0,0.15,1.4625,hunter,0,1,,,1.0,0.8571428571428571,0.14285714285714285,0.0,0.14285714285714285,7,"{""baseline_rule_policy"": 1.0, ""deception_enabled_policy"": 1.0, ""mixed_rule_policy"": 1.0, ""randomized_legal_policy"": 1.0, ""risk_heterogeneous_policy"": 0.0, ""seat_order_neutral_policy"": 1.0, ""speech_and_herding_policy"": 1.0}",10,1,0.1428571428571428
6033c4551689b804475028c032cc807f5842970f094963b65a4c9bd7708f2b29,52532358c78c2a94b5922a82b43aa03f77d168794ab5251145730130cbe9a622,speech_and_herding_policy_seed_52_game_2_wolf_kill,52,2,speech_and_herding_policy,regime_speech_and_herding_policy_seed_52_base_2,regime_speech_and_herding_policy_seed_52_base_2,regime_speech_and_herding_policy_seed_52_base_2,final_test,B_unseen_seed,1,night,wolf_kill,4,wolf,werewolf,9,1,0,threat_based,1,1,1,0,0,1,0,1,0,10,0,0,0.28500000000000003,0,0,0.0,0.3,0,0,0,0,2,1,0,0,0.0,0.3,0,0,0,0,0,0,0,0,0,0,0.5,0,0,0.0,9,0,0,5,0.0,0,0,0,0,0,0.3,1.425,villager,0,0,,,0.6666666666666666,0.8571428571428571,0.14285714285714285,0.0,0.14285714285714285,7,"{""baseline_rule_policy"": 1.0, ""deception_enabled_policy"": 1.0, ""mixed_rule_policy"": 0.0, ""randomized_legal_policy"": 1.0, ""risk_heterogeneous_policy"": 1.0, ""seat_order_neutral_policy"": 1.0, ""speech_and_herding_policy"": 1.0}",10,1,0.1428571428571428
6033c4551689b804475028c032cc807f5842970f094963b65a4c9bd7708f2b29,52532358c78c2a94b5922a82b43aa03f77d168794ab5251145730130cbe9a622,speech_and_herding_policy_seed_52_game_2_wolf_kill,52,2,speech_and_herding_policy,regime_speech_and_herding_policy_seed_52_base_2,regime_speech_and_herding_policy_seed_52_base_2,regime_speech_and_herding_policy_seed_52_base_2,final_test,B_unseen_seed,1,night,wolf_kill,4,wolf,werewolf,8,1,0,threat_based,1,1,1,0,0,1,0,1,0,10,0,0,0.28500000000000003,0,0,0.0,0.3,0,0,0,0,2,1,0,0,0.0,0.3,0,0,0,0,0,0,0,0,0,0,0.5,0,0,0.0,8,0,0,4,0.0,0,0,0,0,0,0.3,1.425,villager,0,0,,,0.3333333333333333,0.8571428571428571,0.14285714285714285,0.0,0.14285714285714285,7,"{""baseline_rule_policy"": 1.0, ""deception_enabled_policy"": 0.0, ""mixed_rule_policy"": 1.0, ""randomized_legal_policy"": 1.0, ""risk_heterogeneous_policy"": 1.0, ""seat_order_neutral_policy"": 1.0, ""speech_and_herding_policy"": 1.0}",10,1,0.1428571428571428
63288c56e0e5fd524fb3ddbcc34e04278e686e854d79177f5d990cf164c6acf1,1f9d6fc0125760d3a3c2968e9257d96710bfa06236bfc267abd00654b8cf327d,speech_and_herding_policy_seed_53_game_1_wolf_kill,53,1,speech_and_herding_policy,regime_speech_and_herding_policy_seed_53_base_1,regime_speech_and_herding_policy_seed_53_base_1,regime_speech_and_herding_policy_seed_53_base_1,final_test,B_unseen_seed,1,night,wolf_kill,5,wolf,werewolf,7,1,1,threat_based,7,1,1,0,0,1,0,1,0,10,0,0,0.28500000000000003,0,0,0.0,0.3,0,0,0,0,2,1,0,0,0.0,0.3,0,0,0,0,0,0,0,0,0,0,0.5,0,0,0.0,7,0,0,2,0.0,0,0,0,0,0,0.3,1.425,seer,0,1,,,0.6666666666666666,1.0,0.0,1.0,0.0,7,"{""baseline_rule_policy"": 1.0, ""deception_enabled_policy"": 1.0, ""mixed_rule_policy"": 1.0, ""randomized_legal_policy"": 1.0, ""risk_heterogeneous_policy"": 1.0, ""seat_order_neutral_policy"": 1.0, ""speech_and_herding_policy"": 1.0}",1,1,0.0
63288c56e0e5fd524fb3ddbcc34e04278e686e854d79177f5d990cf164c6acf1,1f9d6fc0125760d3a3c2968e9257d96710bfa06236bfc267abd00654b8cf327d,speech_and_herding_policy_seed_53_game_1_wolf_kill,53,1,speech_and_herding_policy,regime_speech_and_herding_policy_seed_53_base_1,regime_speech_and_herding_policy_seed_53_base_1,regime_speech_and_herding_policy_seed_53_base_1,final_test,B_unseen_seed,1,night,wolf_kill,5,wolf,werewolf,2,1,0,threat_based,7,1,1,0,0,1,0,1,0,10,0,0,0.28500000000000003,0,0,0.0,0.3,0,0,0,0,2,1,0,0,0.0,0.3,0,0,0,0,0,0,0,0,0,0,0.5,0,0,0.0,2,0,1,3,0.0,0,0,0,0,0,0.3,1.425,villager,0,0,,,0.3333333333333333,0.5714285714285714,0.20203050891044216,0.0,0.28571428571428575,7,"{""baseline_rule_policy"": 0.0, ""deception_enabled_policy"": 1.0, ""mixed_rule_policy"": 0.0, ""randomized_legal_policy"": 1.0, ""risk_heterogeneous_policy"": 1.0, ""seat_order_neutral_policy"": 0.0, ""speech_and_herding_policy"": 1.0}",1,4,0.0
63288c56e0e5fd524fb3ddbcc34e04278e686e854d79177f5d990cf164c6acf1,1f9d6fc0125760d3a3c2968e9257d96710bfa06236bfc267abd00654b8cf327d,speech_and_herding_policy_seed_53_game_1_wolf_kill,53,1,speech_and_herding_policy,regime_speech_and_herding_policy_seed_53_base_1,regime_speech_and_herding_policy_seed_53_base_1,regime_speech_and_herding_policy_seed_53_base_1,final_test,B_unseen_seed,1,night,wolf_kill,5,wolf,werewolf,1,1,0,threat_based,7,1,1,0,0,1,0,1,0,10,0,0,0.28500000000000003,0,0,0.0,0.3,0,0,0,0,2,1,0,0,0.0,0.15,0,0,0,0,0,0,0,0,0,0,0.5,0,0,0.0,1,1,1,4,0.0,0,0,0,0,0,0.15,1.4625,villager,0,0,,,0.6666666666666666,1.0,0.0,1.0,0.0,7,"{""baseline_rule_policy"": 1.0, ""deception_enabled_policy"": 1.0, ""mixed_rule_policy"": 1.0, ""randomized_legal_policy"": 1.0, ""risk_heterogeneous_policy"": 1.0, ""seat_order_neutral_policy"": 1.0, ""speech_and_herding_policy"": 1.0}",1,1,0.0
63288c56e0e5fd524fb3ddbcc34e04278e686e854d79177f5d990cf164c6acf1,1f9d6fc0125760d3a3c2968e9257d96710bfa06236bfc267abd00654b8cf327d,speech_and_herding_policy_seed_53_game_1_wolf_kill,53,1,speech_and_herding_policy,regime_speech_and_herding_policy_seed_53_base_1,regime_speech_and_herding_policy_seed_53_base_1,regime_speech_and_herding_policy_seed_53_base_1,final_test,B_unseen_seed,1,night,wolf_kill,5,wolf,werewolf,8,1,0,threat_based,7,1,1,0,0,1,0,1,0,10,0,0,0.28500000000000003,0,0,0.0,0.3,0,0,0,0,2,1,0,0,0.0,0.3,0,0,0,0,0,0,0,0,0,0,0.5,0,0,0.0,8,0,0,3,0.0,0,0,0,0,0,0.3,1.425,hunter,0,1,,,0.6666666666666666,0.7142857142857143,0.18442777839082938,0.0,0.2380952380952381,7,"{""baseline_rule_policy"": 1.0, ""deception_enabled_policy"": 1.0, ""mixed_rule_policy"": 0.0, ""randomized_legal_policy"": 0.0, ""risk_heterogeneous_policy"": 1.0, ""seat_order_neutral_policy"": 1.0, ""speech_and_herding_policy"": 1.0}",1,3,0.0
692f24f84489b006721c5e2bea779b01f9aa27473dbe592c14db8c696c8fbb7c,84c512aa7e4dcb9594154160e205f6fc77cb6801761592d417eb4fb48fc6d40d,speech_and_herding_policy_seed_53_game_2_wolf_kill,53,2,speech_and_herding_policy,regime_speech_and_herding_policy_seed_53_base_2,regime_speech_and_herding_policy_seed_53_base_2,regime_speech_and_herding_policy_seed_53_base_2,final_test,B_unseen_seed,1,night,wolf_kill,2,wolf,werewolf,8,1,1,threat_based,8,1,1,0,0,1,0,1,0,10,0,0,0.315,0,0,0.25,0.55,0,0,0,0,2,1,0,0,0.0,0.3,0,0,0,0,0,0,0,0,0,0,0.5,0,0,0.0,8,0,0,4,0.0,0,0,0,0,0,0.3,1.425,seer,0,1,,,0.0,0.7142857142857143,0.18442777839082938,0.0,0.2380952380952381,7,"{""baseline_rule_policy"": 0.0, ""deception_enabled_policy"": 0.0, ""mixed_rule_policy"": 1.0, ""randomized_legal_policy"": 1.0, ""risk_heterogeneous_policy"": 1.0, ""seat_order_neutral_policy"": 1.0, ""speech_and_herding_policy"": 1.0}",7,2,0.1428571428571428
692f24f84489b006721c5e2bea779b01f9aa27473dbe592c14db8c696c8fbb7c,84c512aa7e4dcb9594154160e205f6fc77cb6801761592d417eb4fb48fc6d40d,speech_and_herding_policy_seed_53_game_2_wolf_kill,53,2,speech_and_herding_policy,regime_speech_and_herding_policy_seed_53_base_2,regime_speech_and_herding_policy_seed_53_base_2,regime_speech_and_herding_policy_seed_53_base_2,final_test,B_unseen_seed,1,night,wolf_kill,2,wolf,werewolf,1,1,0,threat_based,8,1,1,0,0,1,0,1,0,10,0,0,0.315,0,0,0.25,0.55,0,0,0,0,2,1,0,0,0.0,0.3,0,0,0,0,0,0,0,0,0,0,0.5,0,0,0.0,1,1,1,1,0.0,0,0,0,0,0,0.3,1.425,hunter,0,1,,,0.3333333333333333,0.7142857142857143,0.18442777839082938,0.0,0.2380952380952381,7,"{""baseline_rule_policy"": 0.0, ""deception_enabled_policy"": 1.0, ""mixed_rule_policy"": 1.0, ""randomized_legal_policy"": 1.0, ""risk_heterogeneous_policy"": 0.0, ""seat_order_neutral_policy"": 1.0, ""speech_and_herding_policy"": 1.0}",7,2,0.1428571428571428
692f24f84489b006721c5e2bea779b01f9aa27473dbe592c14db8c696c8fbb7c,84c512aa7e4dcb9594154160e205f6fc77cb6801761592d417eb4fb48fc6d40d,speech_and_herding_policy_seed_53_game_2_wolf_kill,53,2,speech_and_herding_policy,regime_speech_and_herding_policy_seed_53_base_2,regime_speech_and_herding_policy_seed_53_base_2,regime_speech_and_herding_policy_seed_53_base_2,final_test,B_unseen_seed,1,night,wolf_kill,2,wolf,werewolf,4,1,0,threat_based,8,1,1,0,0,1,0,1,0,10,0,0,0.315,0,0,0.25,0.55,0,0,0,0,2,1,0,0,0.0,0.3,0,0,0,0,0,0,0,0,0,0,0.5,0,0,0.0,4,0,1,2,0.0,0,0,0,0,0,0.3,1.425,witch,0,1,,,0.3333333333333333,0.5714285714285714,0.20203050891044216,0.0,0.28571428571428575,7,"{""baseline_rule_policy"": 1.0, ""deception_enabled_policy"": 0.0, ""mixed_rule_policy"": 1.0, ""randomized_legal_policy"": 0.0, ""risk_heterogeneous_policy"": 0.0, ""seat_order_neutral_policy"": 1.0, ""speech_and_herding_policy"": 1.0}",7,4,0.1428571428571428
692f24f84489b006721c5e2bea779b01f9aa27473dbe592c14db8c696c8fbb7c,84c512aa7e4dcb9594154160e205f6fc77cb6801761592d417eb4fb48fc6d40d,speech_and_herding_policy_seed_53_game_2_wolf_kill,53,2,speech_and_herding_policy,regime_speech_and_herding_policy_seed_53_base_2,regime_speech_and_herding_policy_seed_53_base_2,regime_speech_and_herding_policy_seed_53_base_2,final_test,B_unseen_seed,1,night,wolf_kill,2,wolf,werewolf,7,1,0,threat_based,8,1,1,0,0,1,0,1,0,10,0,0,0.315,0,0,0.25,0.55,0,0,0,0,2,1,0,0,0.0,0.3,0,0,0,0,0,0,0,0,0,0,0.5,0,0,0.0,7,0,0,5,0.0,0,0,0,0,0,0.3,1.425,villager,0,0,,,0.3333333333333333,0.8571428571428571,0.14285714285714285,0.0,0.14285714285714285,7,"{""baseline_rule_policy"": 1.0, ""deception_enabled_policy"": 1.0, ""mixed_rule_policy"": 1.0, ""randomized_legal_policy"": 1.0, ""risk_heterogeneous_policy"": 1.0, ""seat_order_neutral_policy"": 0.0, ""speech_and_herding_policy"": 1.0}",7,1,0.1428571428571428
874430924404602f4f9c994c7d1180155793fbd2ddffa09b07b33c540bf91d00,4485e4d3090a341f796767111fe3a816fb66653f32dc0fa5d92485aa17471b53,deception_enabled_policy_seed_42_game_1_wolf_kill,42,1,deception_enabled_policy,regime_deception_enabled_policy_seed_42_base_1,regime_deception_enabled_policy_seed_42_base_1,regime_deception_enabled_policy_seed_42_base_1,ood_test,C_out_of_distribution,1,night,wolf_kill,2,wolf,werewolf,3,1,1,seer_first,3,1,1,0,0,1,0,1,0,10,0,0,0.315,0,0,0.0,0.3,0,0,0,0,2,1,0,0,0.0,0.3,0,0,0,0,0,0,0,0,0,0,0.5,0,0,0.0,3,0,1,1,0.0,0,0,0,0,0,0.3,1.425,seer,0,1,,,0.6666666666666666,0.5714285714285714,0.20203050891044216,0.0,0.28571428571428575,7,"{""baseline_rule_policy"": 1.0, ""deception_enabled_policy"": 0.0, ""mixed_rule_policy"": 1.0, ""randomized_legal_policy"": 1.0, ""risk_heterogeneous_policy"": 0.0, ""seat_order_neutral_policy"": 0.0, ""speech_and_herding_policy"": 1.0}",10,2,0.1428571428571429
874430924404602f4f9c994c7d1180155793fbd2ddffa09b07b33c540bf91d00,4485e4d3090a341f796767111fe3a816fb66653f32dc0fa5d92485aa17471b53,deception_enabled_policy_seed_42_game_1_wolf_kill,42,1,deception_enabled_policy,regime_deception_enabled_policy_seed_42_base_1,regime_deception_enabled_policy_seed_42_base_1,regime_deception_enabled_policy_seed_42_base_1,ood_test,C_out_of_distribution,1,night,wolf_kill,2,wolf,werewolf,1,1,0,seer_first,3,1,1,0,0,1,0,1,0,10,0,0,0.315,0,0,0.0,0.3,0,0,0,0,2,1,0,0,0.0,0.3,0,0,0,0,0,0,0,0,0,0,0.5,0,0,0.0,1,1,1,1,0.0,0,0,0,0,0,0.3,1.425,villager,0,0,,,1.0,0.42857142857142855,0.20203050891044214,0.0,0.2857142857142857,7,"{""baseline_rule_policy"": 0.0, ""deception_enabled_policy"": 1.0, ""mixed_rule_policy"": 1.0, ""randomized_legal_policy"": 1.0, ""risk_heterogeneous_policy"": 0.0, ""seat_order_neutral_policy"": 0.0, ""speech_and_herding_policy"": 0.0}",10,3,0.1428571428571429
874430924404602f4f9c994c7d1180155793fbd2ddffa09b07b33c540bf91d00,4485e4d3090a341f796767111fe3a816fb66653f32dc0fa5d92485aa17471b53,deception_enabled_policy_seed_42_game_1_wolf_kill,42,1,deception_enabled_policy,regime_deception_enabled_policy_seed_42_base_1,regime_deception_enabled_policy_seed_42_base_1,regime_deception_enabled_policy_seed_42_base_1,ood_test,C_out_of_distribution,1,night,wolf_kill,2,wolf,werewolf,10,1,0,seer_first,3,1,1,0,0,1,0,1,0,10,0,0,0.315,0,0,0.0,0.3,0,0,0,0,2,1,0,0,0.0,0.3,0,0,0,0,0,0,0,0,0,0,0.5,0,0,0.0,10,1,0,2,0.0,0,0,0,0,0,0.3,1.425,hunter,0,1,,,0.6666666666666666,0.7142857142857143,0.18442777839082938,0.0,0.2380952380952381,7,"{""baseline_rule_policy"": 1.0, ""deception_enabled_policy"": 0.0, ""mixed_rule_policy"": 1.0, ""randomized_legal_policy"": 1.0, ""risk_heterogeneous_policy"": 1.0, ""seat_order_neutral_policy"": 0.0, ""speech_and_herding_policy"": 1.0}",10,1,0.1428571428571429
874430924404602f4f9c994c7d1180155793fbd2ddffa09b07b33c540bf91d00,4485e4d3090a341f796767111fe3a816fb66653f32dc0fa5d92485aa17471b53,deception_enabled_policy_seed_42_game_1_wolf_kill,42,1,deception_enabled_policy,regime_deception_enabled_policy_seed_42_base_1,regime_deception_enabled_policy_seed_42_base_1,regime_deception_enabled_policy_seed_42_base_1,ood_test,C_out_of_distribution,1,night,wolf_kill,2,wolf,werewolf,5,1,0,seer_first,3,1,1,0,0,1,0,1,0,10,0,0,0.315,0,0,0.0,0.3,0,0,0,0,2,1,0,0,0.0,0.3,0,0,0,0,0,0,0,0,0,0,0.5,0,0,0.0,5,1,1,3,0.0,0,0,0,0,0,0.3,1.425,villager,0,0,,,0.6666666666666666,0.42857142857142855,0.20203050891044214,0.0,0.2857142857142857,7,"{""baseline_rule_policy"": 1.0, ""deception_enabled_policy"": 1.0, ""mixed_rule_policy"": 1.0, ""randomized_legal_policy"": 0.0, ""risk_heterogeneous_policy"": 0.0, ""seat_order_neutral_policy"": 0.0, ""speech_and_herding_policy"": 0.0}",10,3,0.1428571428571429
0cafbe0ddcdadfcc684dd35b83c0afa0a4a16a1b5d5805e05edc994b1ee56bf7,3dd2562df9a93368cba213f49d9feb84a7125b1ac156530cfecb0d906c8e336e,deception_enabled_policy_seed_42_game_2_wolf_kill,42,2,deception_enabled_policy,regime_deception_enabled_policy_seed_42_base_2,regime_deception_enabled_policy_seed_42_base_2,regime_deception_enabled_policy_seed_42_base_2,ood_test,C_out_of_distribution,1,night,wolf_kill,3,wolf,werewolf,1,1,1,seer_first,1,1,1,0,0,1,0,1,0,10,0,0,0.28500000000000003,0,0,0.0,0.3,0,0,0,0,2,1,0,0,0.0,0.3,0,0,0,0,0,0,0,0,0,0,0.5,0,0,0.0,1,1,1,2,0.0,0,0,0,0,0,0.3,1.425,seer,0,1,,,0.0,0.7142857142857143,0.18442777839082938,0.0,0.2380952380952381,7,"{""baseline_rule_policy"": 0.0, ""deception_enabled_policy"": 0.0, ""mixed_rule_policy"": 1.0, ""randomized_legal_policy"": 1.0, ""risk_heterogeneous_policy"": 1.0, ""seat_order_neutral_policy"": 1.0, ""speech_and_herding_policy"": 1.0}",1,1,0.0
0cafbe0ddcdadfcc684dd35b83c0afa0a4a16a1b5d5805e05edc994b1ee56bf7,3dd2562df9a93368cba213f49d9feb84a7125b1ac156530cfecb0d906c8e336e,deception_enabled_policy_seed_42_game_2_wolf_kill,42,2,deception_enabled_policy,regime_deception_enabled_policy_seed_42_base_2,regime_deception_enabled_policy_seed_42_base_2,regime_deception_enabled_policy_seed_42_base_2,ood_test,C_out_of_distribution,1,night,wolf_kill,3,wolf,werewolf,5,1,0,seer_first,1,1,1,0,0,1,0,1,0,10,0,0,0.28500000000000003,0,0,0.0,0.3,0,0,0,0,2,1,0,0,0.0,0.3,0,0,0,0,0,0,0,0,0,0,0.5,0,0,0.0,5,1,1,2,0.0,0,0,0,0,0,0.3,1.425,villager,0,0,,,0.6666666666666666,0.7142857142857143,0.18442777839082938,0.0,0.2380952380952381,7,"{""baseline_rule_policy"": 1.0, ""deception_enabled_policy"": 0.0, ""mixed_rule_policy"": 1.0, ""randomized_legal_policy"": 1.0, ""risk_heterogeneous_policy"": 0.0, ""seat_order_neutral_policy"": 1.0, ""speech_and_herding_policy"": 1.0}",1,1,0.0
0cafbe0ddcdadfcc684dd35b83c0afa0a4a16a1b5d5805e05edc994b1ee56bf7,3dd2562df9a93368cba213f49d9feb84a7125b1ac156530cfecb0d906c8e336e,deception_enabled_policy_seed_42_game_2_wolf_kill,42,2,deception_enabled_policy,regime_deception_enabled_policy_seed_42_base_2,regime_deception_enabled_policy_seed_42_base_2,regime_deception_enabled_policy_seed_42_base_2,ood_test,C_out_of_distribution,1,night,wolf_kill,3,wolf,werewolf,9,1,0,seer_first,1,1,1,0,0,1,0,1,0,10,0,0,0.28500000000000003,0,0,0.0,0.3,0,0,0,0,2,1,0,0,0.0,0.3,0,0,0,0,0,0,0,0,0,0,0.5,0,0,0.0,9,0,0,4,0.0,0,0,0,0,0,0.3,1.425,villager,0,0,,,0.3333333333333333,0.5714285714285714,0.20203050891044216,0.0,0.28571428571428575,7,"{""baseline_rule_policy"": 1.0, ""deception_enabled_policy"": 0.0, ""mixed_rule_policy"": 0.0, ""randomized_legal_policy"": 1.0, ""risk_heterogeneous_policy"": 0.0, ""seat_order_neutral_policy"": 1.0, ""speech_and_herding_policy"": 1.0}",1,4,0.0
0cafbe0ddcdadfcc684dd35b83c0afa0a4a16a1b5d5805e05edc994b1ee56bf7,3dd2562df9a93368cba213f49d9feb84a7125b1ac156530cfecb0d906c8e336e,deception_enabled_policy_seed_42_game_2_wolf_kill,42,2,deception_enabled_policy,regime_deception_enabled_policy_seed_42_base_2,regime_deception_enabled_policy_seed_42_base_2,regime_deception_enabled_policy_seed_42_base_2,ood_test,C_out_of_distribution,1,night,wolf_kill,3,wolf,werewolf,6,1,0,seer_first,1,1,1,0,0,1,0,1,0,10,0,0,0.28500000000000003,0,0,0.0,0.3,0,0,0,0,2,1,0,0,0.0,0.15,0,0,0,0,0,0,0,0,0,0,0.5,0,0,0.0,6,1,0,3,0.0,0,0,0,0,0,0.15,1.4625,villager,0,0,,,0.0,0.7142857142857143,0.18442777839082938,0.0,0.2380952380952381,7,"{""baseline_rule_policy"": 1.0, ""deception_enabled_policy"": 0.0, ""mixed_rule_policy"": 1.0, ""randomized_legal_policy"": 0.0, ""risk_heterogeneous_policy"": 1.0, ""seat_order_neutral_policy"": 1.0, ""speech_and_herding_policy"": 1.0}",1,1,0.0
e87e28d6527e797f93453c76cca1df534401275cfed0aa4d92c92010b529c912,34e68539b7faf78d083af90457e5bda585c38c845b4ea3c2c5a4e0155e33755b,deception_enabled_policy_seed_43_game_1_wolf_kill,43,1,deception_enabled_policy,regime_deception_enabled_policy_seed_43_base_1,regime_deception_enabled_policy_seed_43_base_1,regime_deception_enabled_policy_seed_43_base_1,ood_test,C_out_of_distribution,1,night,wolf_kill,4,wolf,werewolf,3,1,1,seer_first,3,1,1,0,0,1,0,1,0,10,0,0,0.28500000000000003,0,0,0.0,0.3,0,0,0,0,2,1,0,0,0.0,0.3,0,0,0,0,0,0,0,0,0,0,0.5,0,0,0.0,3,0,1,1,0.0,0,0,0,0,0,0.3,1.425,seer,0,1,,,1.0,1.0,0.0,1.0,0.0,7,"{""baseline_rule_policy"": 1.0, ""deception_enabled_policy"": 1.0, ""mixed_rule_policy"": 1.0, ""randomized_legal_policy"": 1.0, ""risk_heterogeneous_policy"": 1.0, ""seat_order_neutral_policy"": 1.0, ""speech_and_herding_policy"": 1.0}",1,1,0.0
e87e28d6527e797f93453c76cca1df534401275cfed0aa4d92c92010b529c912,34e68539b7faf78d083af90457e5bda585c38c845b4ea3c2c5a4e0155e33755b,deception_enabled_policy_seed_43_game_1_wolf_kill,43,1,deception_enabled_policy,regime_deception_enabled_policy_seed_43_base_1,regime_deception_enabled_policy_seed_43_base_1,regime_deception_enabled_policy_seed_43_base_1,ood_test,C_out_of_distribution,1,night,wolf_kill,4,wolf,werewolf,1,1,0,seer_first,3,1,1,0,0,1,0,1,0,10,0,0,0.28500000000000003,0,0,0.0,0.3,0,0,0,0,2,1,0,0,0.0,0.3,0,0,0,0,0,0,0,0,0,0,0.5,0,0,0.0,1,1,1,3,0.0,0,0,0,0,0,0.3,1.425,villager,0,0,,,0.6666666666666666,1.0,0.0,1.0,0.0,7,"{""baseline_rule_policy"": 1.0, ""deception_enabled_policy"": 1.0, ""mixed_rule_policy"": 1.0, ""randomized_legal_policy"": 1.0, ""risk_heterogeneous_policy"": 1.0, ""seat_order_neutral_policy"": 1.0, ""speech_and_herding_policy"": 1.0}",1,1,0.0
e87e28d6527e797f93453c76cca1df534401275cfed0aa4d92c92010b529c912,34e68539b7faf78d083af90457e5bda585c38c845b4ea3c2c5a4e0155e33755b,deception_enabled_policy_seed_43_game_1_wolf_kill,43,1,deception_enabled_policy,regime_deception_enabled_policy_seed_43_base_1,regime_deception_enabled_policy_seed_43_base_1,regime_deception_enabled_policy_seed_43_base_1,ood_test,C_out_of_distribution,1,night,wolf_kill,4,wolf,werewolf,10,1,0,seer_first,3,1,1,0,0,1,0,1,0,10,0,0,0.28500000000000003,0,0,0.0,0.3,0,0,0,0,2,1,0,0,0.0,0.3,0,0,0,0,0,0,0,0,0,0,0.5,0,0,0.0,10,1,0,4,0.0,0,0,0,0,0,0.3,1.425,villager,0,0,,,1.0,1.0,0.0,1.0,0.0,7,"{""baseline_rule_policy"": 1.0, ""deception_enabled_policy"": 1.0, ""mixed_rule_policy"": 1.0, ""randomized_legal_policy"": 1.0, ""risk_heterogeneous_policy"": 1.0, ""seat_order_neutral_policy"": 1.0, ""speech_and_herding_policy"": 1.0}",1,1,0.0
e87e28d6527e797f93453c76cca1df534401275cfed0aa4d92c92010b529c912,34e68539b7faf78d083af90457e5bda585c38c845b4ea3c2c5a4e0155e33755b,deception_enabled_policy_seed_43_game_1_wolf_kill,43,1,deception_enabled_policy,regime_deception_enabled_policy_seed_43_base_1,regime_deception_enabled_policy_seed_43_base_1,regime_deception_enabled_policy_seed_43_base_1,ood_test,C_out_of_distribution,1,night,wolf_kill,4,wolf,werewolf,5,1,0,seer_first,3,1,1,0,0,1,0,1,0,10,0,0,0.28500000000000003,0,0,0.0,0.3,0,0,0,0,2,1,0,0,0.0,0.3,0,0,0,0,0,0,0,0,0,0,0.5,0,0,0.0,5,1,1,1,0.0,0,0,0,0,0,0.3,1.425,villager,0,0,,,0.6666666666666666,0.8571428571428571,0.14285714285714285,0.0,0.14285714285714285,7,"{""baseline_rule_policy"": 0.0, ""deception_enabled_policy"": 1.0, ""mixed_rule_policy"": 1.0, ""randomized_legal_policy"": 1.0, ""risk_heterogeneous_policy"": 1.0, ""seat_order_neutral_policy"": 1.0, ""speech_and_herding_policy"": 1.0}",1,4,0.0
6afa7bbde3fdba54e68838a5b63a000948b8e8adc116f70aa81f5ae75ed35600,805a87fa5338f330c6687275178af9b9b67e732c1813733e3fe2ceb790d078cf,deception_enabled_policy_seed_43_game_2_wolf_kill,43,2,deception_enabled_policy,regime_deception_enabled_policy_seed_43_base_2,regime_deception_enabled_policy_seed_43_base_2,regime_deception_enabled_policy_seed_43_base_2,ood_test,C_out_of_distribution,1,night,wolf_kill,2,wolf,werewolf,10,1,1,seer_first,10,1,1,0,0,1,0,1,0,10,0,0,0.28500000000000003,0,0,0.0,0.3,0,0,0,0,2,1,0,0,0.0,0.3,0,0,0,0,0,0,0,0,0,0,0.5,0,0,0.0,10,1,0,2,0.0,0,0,0,0,0,0.3,1.425,seer,0,1,,,0.6666666666666666,0.5714285714285714,0.20203050891044216,0.0,0.28571428571428575,7,"{""baseline_rule_policy"": 0.0, ""deception_enabled_policy"": 0.0, ""mixed_rule_policy"": 1.0, ""randomized_legal_policy"": 1.0, ""risk_heterogeneous_policy"": 0.0, ""seat_order_neutral_policy"": 1.0, ""speech_and_herding_policy"": 1.0}",6,3,0.2857142857142857
6afa7bbde3fdba54e68838a5b63a000948b8e8adc116f70aa81f5ae75ed35600,805a87fa5338f330c6687275178af9b9b67e732c1813733e3fe2ceb790d078cf,deception_enabled_policy_seed_43_game_2_wolf_kill,43,2,deception_enabled_policy,regime_deception_enabled_policy_seed_43_base_2,regime_deception_enabled_policy_seed_43_base_2,regime_deception_enabled_policy_seed_43_base_2,ood_test,C_out_of_distribution,1,night,wolf_kill,2,wolf,werewolf,1,1,0,seer_first,10,1,1,0,0,1,0,1,0,10,0,0,0.28500000000000003,0,0,0.0,0.3,0,0,0,0,2,1,0,0,0.0,0.3,0,0,0,0,0,0,0,0,0,0,0.5,0,0,0.0,1,1,1,1,0.0,0,0,0,0,0,0.3,1.425,villager,0,0,,,1.0,0.7142857142857143,0.18442777839082938,0.0,0.2380952380952381,7,"{""baseline_rule_policy"": 1.0, ""deception_enabled_policy"": 0.0, ""mixed_rule_policy"": 1.0, ""randomized_legal_policy"": 1.0, ""risk_heterogeneous_policy"": 1.0, ""seat_order_neutral_policy"": 1.0, ""speech_and_herding_policy"": 0.0}",6,2,0.2857142857142857
6afa7bbde3fdba54e68838a5b63a000948b8e8adc116f70aa81f5ae75ed35600,805a87fa5338f330c6687275178af9b9b67e732c1813733e3fe2ceb790d078cf,deception_enabled_policy_seed_43_game_2_wolf_kill,43,2,deception_enabled_policy,regime_deception_enabled_policy_seed_43_base_2,regime_deception_enabled_policy_seed_43_base_2,regime_deception_enabled_policy_seed_43_base_2,ood_test,C_out_of_distribution,1,night,wolf_kill,2,wolf,werewolf,9,1,0,seer_first,10,1,1,0,0,1,0,1,0,10,0,0,0.28500000000000003,0,0,0.0,0.3,0,0,0,0,2,1,0,0,0.0,0.3,0,0,0,0,0,0,0,0,0,0,0.5,0,0,0.0,9,0,0,3,0.0,0,0,0,0,0,0.3,1.425,villager,0,0,,,1.0,0.42857142857142855,0.20203050891044214,0.0,0.2857142857142857,7,"{""baseline_rule_policy"": 1.0, ""deception_enabled_policy"": 0.0, ""mixed_rule_policy"": 1.0, ""randomized_legal_policy"": 1.0, ""risk_heterogeneous_policy"": 0.0, ""seat_order_neutral_policy"": 0.0, ""speech_and_herding_policy"": 0.0}",6,4,0.2857142857142857
6afa7bbde3fdba54e68838a5b63a000948b8e8adc116f70aa81f5ae75ed35600,805a87fa5338f330c6687275178af9b9b67e732c1813733e3fe2ceb790d078cf,deception_enabled_policy_seed_43_game_2_wolf_kill,43,2,deception_enabled_policy,regime_deception_enabled_policy_seed_43_base_2,regime_deception_enabled_policy_seed_43_base_2,regime_deception_enabled_policy_seed_43_base_2,ood_test,C_out_of_distribution,1,night,wolf_kill,2,wolf,werewolf,6,1,0,seer_first,10,1,1,0,0,1,0,1,0,10,0,0,0.28500000000000003,0,0,0.0,0.3,0,0,0,0,2,1,0,0,0.0,0.3,0,0,0,0,0,0,0,0,0,0,0.5,0,0,0.0,6,1,0,4,0.0,0,0,0,0,0,0.3,1.425,villager,0,0,,,1.0,0.8571428571428571,0.14285714285714285,0.0,0.14285714285714285,7,"{""baseline_rule_policy"": 1.0, ""deception_enabled_policy"": 1.0, ""mixed_rule_policy"": 1.0, ""randomized_legal_policy"": 1.0, ""risk_heterogeneous_policy"": 1.0, ""seat_order_neutral_policy"": 1.0, ""speech_and_herding_policy"": 0.0}",6,1,0.2857142857142857
3e2f852225d0886122d1c209fe8bd69509043666b61fad167b196506022bc444,6e74a69c31fd3e984da38473bf364458bc44b88481a8b229c3004223051f1605,deception_enabled_policy_seed_44_game_1_wolf_kill,44,1,deception_enabled_policy,regime_deception_enabled_policy_seed_44_base_1,regime_deception_enabled_policy_seed_44_base_1,regime_deception_enabled_policy_seed_44_base_1,ood_test,C_out_of_distribution,1,night,wolf_kill,4,wolf,werewolf,1,1,1,seer_first,1,1,1,0,0,1,0,1,0,10,0,0,0.28500000000000003,0,0,0.0,0.3,0,0,0,0,2,1,0,0,0.0,0.3,0,0,0,0,0,0,0,0,0,0,0.5,0,0,0.0,1,1,1,3,0.0,0,0,0,0,0,0.3,1.425,seer,0,1,,,1.0,1.0,0.0,1.0,0.0,7,"{""baseline_rule_policy"": 1.0, ""deception_enabled_policy"": 1.0, ""mixed_rule_policy"": 1.0, ""randomized_legal_policy"": 1.0, ""risk_heterogeneous_policy"": 1.0, ""seat_order_neutral_policy"": 1.0, ""speech_and_herding_policy"": 1.0}",1,1,0.0
3e2f852225d0886122d1c209fe8bd69509043666b61fad167b196506022bc444,6e74a69c31fd3e984da38473bf364458bc44b88481a8b229c3004223051f1605,deception_enabled_policy_seed_44_game_1_wolf_kill,44,1,deception_enabled_policy,regime_deception_enabled_policy_seed_44_base_1,regime_deception_enabled_policy_seed_44_base_1,regime_deception_enabled_policy_seed_44_base_1,ood_test,C_out_of_distribution,1,night,wolf_kill,4,wolf,werewolf,9,1,0,seer_first,1,1,1,0,0,1,0,1,0,10,0,0,0.28500000000000003,0,0,0.0,0.3,0,0,0,0,2,1,0,0,0.0,0.3,0,0,0,0,0,0,0,0,0,0,0.5,0,0,0.0,9,0,0,5,0.0,0,0,0,0,0,0.3,1.425,witch,0,1,,,1.0,1.0,0.0,1.0,0.0,7,"{""baseline_rule_policy"": 1.0, ""deception_enabled_policy"": 1.0, ""mixed_rule_policy"": 1.0, ""randomized_legal_policy"": 1.0, ""risk_heterogeneous_policy"": 1.0, ""seat_order_neutral_policy"": 1.0, ""speech_and_herding_policy"": 1.0}",1,1,0.0
3e2f852225d0886122d1c209fe8bd69509043666b61fad167b196506022bc444,6e74a69c31fd3e984da38473bf364458bc44b88481a8b229c3004223051f1605,deception_enabled_policy_seed_44_game_1_wolf_kill,44,1,deception_enabled_policy,regime_deception_enabled_policy_seed_44_base_1,regime_deception_enabled_policy_seed_44_base_1,regime_deception_enabled_policy_seed_44_base_1,ood_test,C_out_of_distribution,1,night,wolf_kill,4,wolf,werewolf,8,1,0,seer_first,1,1,1,0,0,1,0,1,0,10,0,0,0.28500000000000003,0,0,0.0,0.3,0,0,0,0,2,1,0,0,0.0,0.3,0,0,0,0,0,0,0,0,0,0,0.5,0,0,0.0,8,0,0,4,0.0,0,0,0,0,0,0.3,1.425,villager,0,0,,,0.0,0.7142857142857143,0.18442777839082938,0.0,0.2380952380952381,7,"{""baseline_rule_policy"": 0.0, ""deception_enabled_policy"": 1.0, ""mixed_rule_policy"": 1.0, ""randomized_legal_policy"": 1.0, ""risk_heterogeneous_policy"": 1.0, ""seat_order_neutral_policy"": 0.0, ""speech_and_herding_policy"": 1.0}",1,4,0.0
3e2f852225d0886122d1c209fe8bd69509043666b61fad167b196506022bc444,6e74a69c31fd3e984da38473bf364458bc44b88481a8b229c3004223051f1605,deception_enabled_policy_seed_44_game_1_wolf_kill,44,1,deception_enabled_policy,regime_deception_enabled_policy_seed_44_base_1,regime_deception_enabled_policy_seed_44_base_1,regime_deception_enabled_policy_seed_44_base_1,ood_test,C_out_of_distribution,1,night,wolf_kill,4,wolf,werewolf,7,1,0,seer_first,1,1,1,0,0,1,0,1,0,10,0,0,0.28500000000000003,0,0,0.0,0.3,0,0,0,0,2,1,0,0,0.0,0.3,0,0,0,0,0,0,0,0,0,0,0.5,0,0,0.0,7,0,0,3,0.0,0,0,0,0,0,0.3,1.425,hunter,0,1,,,0.6666666666666666,0.8571428571428571,0.14285714285714285,0.0,0.14285714285714285,7,"{""baseline_rule_policy"": 1.0, ""deception_enabled_policy"": 1.0, ""mixed_rule_policy"": 1.0, ""randomized_legal_policy"": 0.0, ""risk_heterogeneous_policy"": 1.0, ""seat_order_neutral_policy"": 1.0, ""speech_and_herding_policy"": 1.0}",1,3,0.0
7b29afb9fb85882feaf092cb6f92836d2436b726eebd17d1d57d97b2cbbfdf4d,d875ae07fea4d64893c60368a2330ea27a8e02fced8ee110b248fffb8a0199b5,deception_enabled_policy_seed_44_game_2_wolf_kill,44,2,deception_enabled_policy,regime_deception_enabled_policy_seed_44_base_2,regime_deception_enabled_policy_seed_44_base_2,regime_deception_enabled_policy_seed_44_base_2,ood_test,C_out_of_distribution,1,night,wolf_kill,2,wolf,werewolf,7,1,1,seer_first,7,1,1,0,0,1,0,1,0,10,0,0,0.315,0,0,0.25,0.55,0,0,0,0,2,1,0,0,0.0,0.3,0,0,0,0,0,0,0,0,0,0,0.5,0,0,0.0,7,0,0,5,0.0,0,0,0,0,0,0.3,1.425,seer,0,1,,,0.3333333333333333,0.5714285714285714,0.20203050891044216,0.0,0.28571428571428575,7,"{""baseline_rule_policy"": 1.0, ""deception_enabled_policy"": 0.0, ""mixed_rule_policy"": 1.0, ""randomized_legal_policy"": 1.0, ""risk_heterogeneous_policy"": 0.0, ""seat_order_neutral_policy"": 1.0, ""speech_and_herding_policy"": 0.0}",3,3,0.4285714285714286
7b29afb9fb85882feaf092cb6f92836d2436b726eebd17d1d57d97b2cbbfdf4d,d875ae07fea4d64893c60368a2330ea27a8e02fced8ee110b248fffb8a0199b5,deception_enabled_policy_seed_44_game_2_wolf_kill,44,2,deception_enabled_policy,regime_deception_enabled_policy_seed_44_base_2,regime_deception_enabled_policy_seed_44_base_2,regime_deception_enabled_policy_seed_44_base_2,ood_test,C_out_of_distribution,1,night,wolf_kill,2,wolf,werewolf,1,1,0,seer_first,7,1,1,0,0,1,0,1,0,10,0,0,0.315,0,0,0.25,0.55,0,0,0,0,2,1,0,0,0.0,0.3,0,0,0,0,0,0,0,0,0,0,0.5,0,0,0.0,1,1,1,1,0.0,0,0,0,0,0,0.3,1.425,witch,0,1,,,1.0,0.8571428571428571,0.14285714285714285,0.0,0.14285714285714285,7,"{""baseline_rule_policy"": 1.0, ""deception_enabled_policy"": 0.0, ""mixed_rule_policy"": 1.0, ""randomized_legal_policy"": 1.0, ""risk_heterogeneous_policy"": 1.0, ""seat_order_neutral_policy"": 1.0, ""speech_and_herding_policy"": 1.0}",3,2,0.4285714285714286
7b29afb9fb85882feaf092cb6f92836d2436b726eebd17d1d57d97b2cbbfdf4d,d875ae07fea4d64893c60368a2330ea27a8e02fced8ee110b248fffb8a0199b5,deception_enabled_policy_seed_44_game_2_wolf_kill,44,2,deception_enabled_policy,regime_deception_enabled_policy_seed_44_base_2,regime_deception_enabled_policy_seed_44_base_2,regime_deception_enabled_policy_seed_44_base_2,ood_test,C_out_of_distribution,1,night,wolf_kill,2,wolf,werewolf,3,1,0,seer_first,7,1,1,0,0,1,0,1,0,10,0,0,0.315,0,0,0.25,0.55,0,0,0,0,2,1,0,0,0.0,0.3,0,0,0,0,0,0,0,0,0,0,0.5,0,0,0.0,3,0,1,1,0.0,0,0,0,0,0,0.3,1.425,villager,0,0,,,1.0,1.0,0.0,1.0,0.0,7,"{""baseline_rule_policy"": 1.0, ""deception_enabled_policy"": 1.0, ""mixed_rule_policy"": 1.0, ""randomized_legal_policy"": 1.0, ""risk_heterogeneous_policy"": 1.0, ""seat_order_neutral_policy"": 1.0, ""speech_and_herding_policy"": 1.0}",3,1,0.4285714285714286
7b29afb9fb85882feaf092cb6f92836d2436b726eebd17d1d57d97b2cbbfdf4d,d875ae07fea4d64893c60368a2330ea27a8e02fced8ee110b248fffb8a0199b5,deception_enabled_policy_seed_44_game_2_wolf_kill,44,2,deception_enabled_policy,regime_deception_enabled_policy_seed_44_base_2,regime_deception_enabled_policy_seed_44_base_2,regime_deception_enabled_policy_seed_44_base_2,ood_test,C_out_of_distribution,1,night,wolf_kill,2,wolf,werewolf,5,1,0,seer_first,7,1,1,0,0,1,0,1,0,10,0,0,0.315,0,0,0.25,0.55,0,0,0,0,2,1,0,0,0.0,0.3,0,0,0,0,0,0,0,0,0,0,0.5,0,0,0.0,5,1,1,3,0.0,0,0,0,0,0,0.3,1.425,villager,0,0,,,0.6666666666666666,0.5714285714285714,0.20203050891044216,0.0,0.28571428571428575,7,"{""baseline_rule_policy"": 0.0, ""deception_enabled_policy"": 0.0, ""mixed_rule_policy"": 1.0, ""randomized_legal_policy"": 0.0, ""risk_heterogeneous_policy"": 1.0, ""seat_order_neutral_policy"": 1.0, ""speech_and_herding_policy"": 1.0}",3,3,0.4285714285714286
75e9a27ef6076ea67ff210fdf6679f65b96b9c027a0c845fad88a768491f31ed,783a583ae2a2ba27b70948bb5392c86d6f97e7fa58bde689b3ad02db95a898e5,deception_enabled_policy_seed_50_game_1_wolf_kill,50,1,deception_enabled_policy,regime_deception_enabled_policy_seed_50_base_1,regime_deception_enabled_policy_seed_50_base_1,regime_deception_enabled_policy_seed_50_base_1,ood_test,C_out_of_distribution,1,night,wolf_kill,5,wolf,werewolf,10,1,1,seer_first,10,1,1,0,0,1,0,1,0,10,0,0,0.315,0,0,0.25,0.55,0,0,0,0,2,1,0,0,0.0,0.3,0,0,0,0,0,0,0,0,0,0,0.5,0,0,0.0,10,1,0,5,0.0,0,0,0,0,0,0.3,1.425,seer,0,1,,,0.3333333333333333,0.42857142857142855,0.20203050891044214,0.0,0.2857142857142857,7,"{""baseline_rule_policy"": 1.0, ""deception_enabled_policy"": 0.0, ""mixed_rule_policy"": 1.0, ""randomized_legal_policy"": 0.0, ""risk_heterogeneous_policy"": 0.0, ""seat_order_neutral_policy"": 1.0, ""speech_and_herding_policy"": 0.0}",1,4,0.28571428571428575
75e9a27ef6076ea67ff210fdf6679f65b96b9c027a0c845fad88a768491f31ed,783a583ae2a2ba27b70948bb5392c86d6f97e7fa58bde689b3ad02db95a898e5,deception_enabled_policy_seed_50_game_1_wolf_kill,50,1,deception_enabled_policy,regime_deception_enabled_policy_seed_50_base_1,regime_deception_enabled_policy_seed_50_base_1,regime_deception_enabled_policy_seed_50_base_1,ood_test,C_out_of_distribution,1,night,wolf_kill,5,wolf,werewolf,1,1,0,seer_first,10,1,1,0,0,1,0,1,0,10,0,0,0.315,0,0,0.25,0.55,0,0,0,0,2,1,0,0,0.0,0.3,0,0,0,0,0,0,0,0,0,0,0.5,0,0,0.0,1,1,1,4,0.0,0,0,0,0,0,0.3,1.425,villager,0,0,,,0.0,0.7142857142857143,0.18442777839082938,0.0,0.2380952380952381,7,"{""baseline_rule_policy"": 1.0, ""deception_enabled_policy"": 0.0, ""mixed_rule_policy"": 1.0, ""randomized_legal_policy"": 0.0, ""risk_heterogeneous_policy"": 1.0, ""seat_order_neutral_policy"": 1.0, ""speech_and_herding_policy"": 1.0}",1,1,0.28571428571428575
75e9a27ef6076ea67ff210fdf6679f65b96b9c027a0c845fad88a768491f31ed,783a583ae2a2ba27b70948bb5392c86d6f97e7fa58bde689b3ad02db95a898e5,deception_enabled_policy_seed_50_game_1_wolf_kill,50,1,deception_enabled_policy,regime_deception_enabled_policy_seed_50_base_1,regime_deception_enabled_policy_seed_50_base_1,regime_deception_enabled_policy_seed_50_base_1,ood_test,C_out_of_distribution,1,night,wolf_kill,5,wolf,werewolf,3,1,0,seer_first,10,1,1,0,0,1,0,1,0,10,0,0,0.315,0,0,0.25,0.55,0,0,0,0,2,1,0,0,0.0,0.3,0,0,0,0,0,0,0,0,0,0,0.5,0,0,0.0,3,0,1,2,0.0,0,0,0,0,0,0.3,1.425,villager,0,0,,,1.0,0.7142857142857143,0.18442777839082938,0.0,0.2380952380952381,7,"{""baseline_rule_policy"": 0.0, ""deception_enabled_policy"": 1.0, ""mixed_rule_policy"": 1.0, ""randomized_legal_policy"": 1.0, ""risk_heterogeneous_policy"": 0.0, ""seat_order_neutral_policy"": 1.0, ""speech_and_herding_policy"": 1.0}",1,1,0.28571428571428575
75e9a27ef6076ea67ff210fdf6679f65b96b9c027a0c845fad88a768491f31ed,783a583ae2a2ba27b70948bb5392c86d6f97e7fa58bde689b3ad02db95a898e5,deception_enabled_policy_seed_50_game_1_wolf_kill,50,1,deception_enabled_policy,regime_deception_enabled_policy_seed_50_base_1,regime_deception_enabled_policy_seed_50_base_1,regime_deception_enabled_policy_seed_50_base_1,ood_test,C_out_of_distribution,1,night,wolf_kill,5,wolf,werewolf,2,1,0,seer_first,10,1,1,0,0,1,0,1,0,10,0,0,0.315,0,0,0.25,0.55,0,0,0,0,2,1,0,0,0.0,0.3,0,0,0,0,0,0,0,0,0,0,0.5,0,0,0.0,2,0,1,3,0.0,0,0,0,0,0,0.3,1.425,witch,0,1,,,0.6666666666666666,0.7142857142857143,0.18442777839082938,0.0,0.2380952380952381,7,"{""baseline_rule_policy"": 0.0, ""deception_enabled_policy"": 0.0, ""mixed_rule_policy"": 1.0, ""randomized_legal_policy"": 1.0, ""risk_heterogeneous_policy"": 1.0, ""seat_order_neutral_policy"": 1.0, ""speech_and_herding_policy"": 1.0}",1,1,0.28571428571428575
64ac841f8cf6e7539e953f0e7c7bb0c8f933fc6c800fbe745b0c0a80af5e0997,2a376fe7ae787b0525235ca7f0923c1b2e784f06a8528e9e5a7cd1caca49cd89,deception_enabled_policy_seed_50_game_2_wolf_kill,50,2,deception_enabled_policy,regime_deception_enabled_policy_seed_50_base_2,regime_deception_enabled_policy_seed_50_base_2,regime_deception_enabled_policy_seed_50_base_2,ood_test,C_out_of_distribution,1,night,wolf_kill,5,wolf,werewolf,2,1,1,seer_first,2,1,1,0,0,1,0,1,0,10,0,0,0.315,0,0,0.0,0.3,0,0,0,0,2,1,0,0,0.0,0.3,0,0,0,0,0,0,0,0,0,0,0.5,0,0,0.0,2,0,1,3,0.0,0,0,0,0,0,0.3,1.425,seer,0,1,,,0.3333333333333333,0.42857142857142855,0.20203050891044214,0.0,0.2857142857142857,7,"{""baseline_rule_policy"": 0.0, ""deception_enabled_policy"": 0.0, ""mixed_rule_policy"": 0.0, ""randomized_legal_policy"": 1.0, ""risk_heterogeneous_policy"": 0.0, ""seat_order_neutral_policy"": 1.0, ""speech_and_herding_policy"": 1.0}",3,3,0.28571428571428575
64ac841f8cf6e7539e953f0e7c7bb0c8f933fc6c800fbe745b0c0a80af5e0997,2a376fe7ae787b0525235ca7f0923c1b2e784f06a8528e9e5a7cd1caca49cd89,deception_enabled_policy_seed_50_game_2_wolf_kill,50,2,deception_enabled_policy,regime_deception_enabled_policy_seed_50_base_2,regime_deception_enabled_policy_seed_50_base_2,regime_deception_enabled_policy_seed_50_base_2,ood_test,C_out_of_distribution,1,night,wolf_kill,5,wolf,werewolf,1,1,0,seer_first,2,1,1,0,0,1,0,1,0,10,0,0,0.315,0,0,0.0,0.3,0,0,0,0,2,1,0,0,0.0,0.3,0,0,0,0,0,0,0,0,0,0,0.5,0,0,0.0,1,1,1,4,0.0,0,0,0,0,0,0.3,1.425,villager,0,0,,,0.3333333333333333,0.42857142857142855,0.20203050891044214,0.0,0.2857142857142857,7,"{""baseline_rule_policy"": 0.0, ""deception_enabled_policy"": 0.0, ""mixed_rule_policy"": 1.0, ""randomized_legal_policy"": 1.0, ""risk_heterogeneous_policy"": 0.0, ""seat_order_neutral_policy"": 1.0, ""speech_and_herding_policy"": 0.0}",3,3,0.28571428571428575
64ac841f8cf6e7539e953f0e7c7bb0c8f933fc6c800fbe745b0c0a80af5e0997,2a376fe7ae787b0525235ca7f0923c1b2e784f06a8528e9e5a7cd1caca49cd89,deception_enabled_policy_seed_50_game_2_wolf_kill,50,2,deception_enabled_policy,regime_deception_enabled_policy_seed_50_base_2,regime_deception_enabled_policy_seed_50_base_2,regime_deception_enabled_policy_seed_50_base_2,ood_test,C_out_of_distribution,1,night,wolf_kill,5,wolf,werewolf,3,1,0,seer_first,2,1,1,0,0,1,0,1,0,10,0,0,0.315,0,0,0.0,0.3,0,0,0,0,2,1,0,0,0.0,0.3,0,0,0,0,0,0,0,0,0,0,0.5,0,0,0.0,3,0,1,2,0.0,0,0,0,0,0,0.3,1.425,witch,0,1,,,0.0,0.7142857142857143,0.18442777839082938,0.0,0.2380952380952381,7,"{""baseline_rule_policy"": 1.0, ""deception_enabled_policy"": 1.0, ""mixed_rule_policy"": 1.0, ""randomized_legal_policy"": 1.0, ""risk_heterogeneous_policy"": 0.0, ""seat_order_neutral_policy"": 1.0, ""speech_and_herding_policy"": 0.0}",3,1,0.28571428571428575
64ac841f8cf6e7539e953f0e7c7bb0c8f933fc6c800fbe745b0c0a80af5e0997,2a376fe7ae787b0525235ca7f0923c1b2e784f06a8528e9e5a7cd1caca49cd89,deception_enabled_policy_seed_50_game_2_wolf_kill,50,2,deception_enabled_policy,regime_deception_enabled_policy_seed_50_base_2,regime_deception_enabled_policy_seed_50_base_2,regime_deception_enabled_policy_seed_50_base_2,ood_test,C_out_of_distribution,1,night,wolf_kill,5,wolf,werewolf,4,1,0,seer_first,2,1,1,0,0,1,0,1,0,10,0,0,0.315,0,0,0.0,0.3,0,0,0,0,2,1,0,0,0.0,0.3,0,0,0,0,0,0,0,0,0,0,0.5,0,0,0.0,4,0,1,1,0.0,0,0,0,0,0,0.3,1.425,hunter,0,1,,,1.0,0.5714285714285714,0.20203050891044216,0.0,0.28571428571428575,7,"{""baseline_rule_policy"": 1.0, ""deception_enabled_policy"": 0.0, ""mixed_rule_policy"": 0.0, ""randomized_legal_policy"": 1.0, ""risk_heterogeneous_policy"": 1.0, ""seat_order_neutral_policy"": 1.0, ""speech_and_herding_policy"": 0.0}",3,2,0.28571428571428575
70dbce942dda16ef54682961f3029606cb8dbc669574b5698e953d3d6c306f06,b47b989885b2b7a0a855227e45b8e2cb00a9edb1bc08fae7e9bed471026524f9,deception_enabled_policy_seed_52_game_1_wolf_kill,52,1,deception_enabled_policy,regime_deception_enabled_policy_seed_52_base_1,regime_deception_enabled_policy_seed_52_base_1,regime_deception_enabled_policy_seed_52_base_1,ood_test,C_out_of_distribution,1,night,wolf_kill,4,wolf,werewolf,9,1,1,seer_first,9,1,1,0,0,1,0,1,0,10,0,0,0.315,0,0,0.25,0.55,0,0,0,0,2,1,0,0,0.0,0.3,0,0,0,0,0,0,0,0,0,0,0.5,0,0,0.0,9,0,0,5,0.0,0,0,0,0,0,0.3,1.425,seer,0,1,,,0.3333333333333333,0.8571428571428571,0.14285714285714285,0.0,0.14285714285714285,7,"{""baseline_rule_policy"": 1.0, ""deception_enabled_policy"": 1.0, ""mixed_rule_policy"": 1.0, ""randomized_legal_policy"": 1.0, ""risk_heterogeneous_policy"": 1.0, ""seat_order_neutral_policy"": 0.0, ""speech_and_herding_policy"": 1.0}",2,1,0.0
70dbce942dda16ef54682961f3029606cb8dbc669574b5698e953d3d6c306f06,b47b989885b2b7a0a855227e45b8e2cb00a9edb1bc08fae7e9bed471026524f9,deception_enabled_policy_seed_52_game_1_wolf_kill,52,1,deception_enabled_policy,regime_deception_enabled_policy_seed_52_base_1,regime_deception_enabled_policy_seed_52_base_1,regime_deception_enabled_policy_seed_52_base_1,ood_test,C_out_of_distribution,1,night,wolf_kill,4,wolf,werewolf,1,1,0,seer_first,9,1,1,0,0,1,0,1,0,10,0,0,0.315,0,0,0.25,0.55,0,0,0,0,2,1,0,0,0.0,0.3,0,0,0,0,0,0,0,0,0,0,0.5,0,0,0.0,1,1,1,3,0.0,0,0,0,0,0,0.3,1.425,hunter,0,1,,,0.6666666666666666,0.5714285714285714,0.20203050891044216,0.0,0.28571428571428575,7,"{""baseline_rule_policy"": 1.0, ""deception_enabled_policy"": 0.0, ""mixed_rule_policy"": 0.0, ""randomized_legal_policy"": 1.0, ""risk_heterogeneous_policy"": 1.0, ""seat_order_neutral_policy"": 0.0, ""speech_and_herding_policy"": 1.0}",2,4,0.0
70dbce942dda16ef54682961f3029606cb8dbc669574b5698e953d3d6c306f06,b47b989885b2b7a0a855227e45b8e2cb00a9edb1bc08fae7e9bed471026524f9,deception_enabled_policy_seed_52_game_1_wolf_kill,52,1,deception_enabled_policy,regime_deception_enabled_policy_seed_52_base_1,regime_deception_enabled_policy_seed_52_base_1,regime_deception_enabled_policy_seed_52_base_1,ood_test,C_out_of_distribution,1,night,wolf_kill,4,wolf,werewolf,2,1,0,seer_first,9,1,1,0,0,1,0,1,0,10,0,0,0.315,0,0,0.25,0.55,0,0,0,0,2,1,0,0,0.0,0.3,0,0,0,0,0,0,0,0,0,0,0.5,0,0,0.0,2,0,1,2,0.0,0,0,0,0,0,0.3,1.425,villager,0,0,,,0.3333333333333333,0.8571428571428571,0.14285714285714285,0.0,0.14285714285714285,7,"{""baseline_rule_policy"": 1.0, ""deception_enabled_policy"": 0.0, ""mixed_rule_policy"": 1.0, ""randomized_legal_policy"": 1.0, ""risk_heterogeneous_policy"": 1.0, ""seat_order_neutral_policy"": 1.0, ""speech_and_herding_policy"": 1.0}",2,1,0.0
70dbce942dda16ef54682961f3029606cb8dbc669574b5698e953d3d6c306f06,b47b989885b2b7a0a855227e45b8e2cb00a9edb1bc08fae7e9bed471026524f9,deception_enabled_policy_seed_52_game_1_wolf_kill,52,1,deception_enabled_policy,regime_deception_enabled_policy_seed_52_base_1,regime_deception_enabled_policy_seed_52_base_1,regime_deception_enabled_policy_seed_52_base_1,ood_test,C_out_of_distribution,1,night,wolf_kill,4,wolf,werewolf,6,1,0,seer_first,9,1,1,0,0,1,0,1,0,10,0,0,0.315,0,0,0.25,0.55,0,0,0,0,2,1,0,0,0.0,0.3,0,0,0,0,0,0,0,0,0,0,0.5,0,0,0.0,6,1,0,2,0.0,0,0,0,0,0,0.3,1.425,villager,0,0,,,0.3333333333333333,0.7142857142857143,0.18442777839082938,0.0,0.2380952380952381,7,"{""baseline_rule_policy"": 1.0, ""deception_enabled_policy"": 0.0, ""mixed_rule_policy"": 1.0, ""randomized_legal_policy"": 1.0, ""risk_heterogeneous_policy"": 1.0, ""seat_order_neutral_policy"": 0.0, ""speech_and_herding_policy"": 1.0}",2,3,0.0
c6430804a971dfab65d873f3da516432d6f5ac511cb50be72a8361cc9a31f040,1131923201863b4023c79379abc57b752775b201ac2301bf6aebd52696535031,deception_enabled_policy_seed_52_game_2_wolf_kill,52,2,deception_enabled_policy,regime_deception_enabled_policy_seed_52_base_2,regime_deception_enabled_policy_seed_52_base_2,regime_deception_enabled_policy_seed_52_base_2,ood_test,C_out_of_distribution,1,night,wolf_kill,1,wolf,werewolf,2,1,1,seer_first,2,1,1,0,0,1,0,1,0,10,0,0,0.28500000000000003,0,0,0.0,0.3,0,0,0,0,2,1,0,0,0.0,0.3,0,0,0,0,0,0,0,0,0,0,0.5,0,0,0.0,2,0,1,1,0.0,0,0,0,0,0,0.3,1.425,seer,0,1,,,1.0,0.7142857142857143,0.18442777839082938,0.0,0.2380952380952381,7,"{""baseline_rule_policy"": 1.0, ""deception_enabled_policy"": 1.0, ""mixed_rule_policy"": 0.0, ""randomized_legal_policy"": 1.0, ""risk_heterogeneous_policy"": 1.0, ""seat_order_neutral_policy"": 0.0, ""speech_and_herding_policy"": 1.0}",10,1,0.0
c6430804a971dfab65d873f3da516432d6f5ac511cb50be72a8361cc9a31f040,1131923201863b4023c79379abc57b752775b201ac2301bf6aebd52696535031,deception_enabled_policy_seed_52_game_2_wolf_kill,52,2,deception_enabled_policy,regime_deception_enabled_policy_seed_52_base_2,regime_deception_enabled_policy_seed_52_base_2,regime_deception_enabled_policy_seed_52_base_2,ood_test,C_out_of_distribution,1,night,wolf_kill,1,wolf,werewolf,10,1,0,seer_first,2,1,1,0,0,1,0,1,0,10,0,0,0.28500000000000003,0,0,0.0,0.3,0,0,0,0,2,1,0,0,0.0,0.3,0,0,0,0,0,0,0,0,0,0,0.5,0,0,0.0,10,1,0,1,0.0,0,0,0,0,0,0.3,1.425,witch,0,1,,,0.6666666666666666,0.7142857142857143,0.18442777839082938,0.0,0.2380952380952381,7,"{""baseline_rule_policy"": 0.0, ""deception_enabled_policy"": 1.0, ""mixed_rule_policy"": 1.0, ""randomized_legal_policy"": 1.0, ""risk_heterogeneous_policy"": 1.0, ""seat_order_neutral_policy"": 0.0, ""speech_and_herding_policy"": 1.0}",10,1,0.0
c6430804a971dfab65d873f3da516432d6f5ac511cb50be72a8361cc9a31f040,1131923201863b4023c79379abc57b752775b201ac2301bf6aebd52696535031,deception_enabled_policy_seed_52_game_2_wolf_kill,52,2,deception_enabled_policy,regime_deception_enabled_policy_seed_52_base_2,regime_deception_enabled_policy_seed_52_base_2,regime_deception_enabled_policy_seed_52_base_2,ood_test,C_out_of_distribution,1,night,wolf_kill,1,wolf,werewolf,3,1,0,seer_first,2,1,1,0,0,1,0,1,0,10,0,0,0.28500000000000003,0,0,0.0,0.3,0,0,0,0,2,1,0,0,0.0,0.3,0,0,0,0,0,0,0,0,0,0,0.5,0,0,0.0,3,0,1,2,0.0,0,0,0,0,0,0.3,1.425,villager,0,0,,,0.6666666666666666,0.7142857142857143,0.18442777839082938,0.0,0.2380952380952381,7,"{""baseline_rule_policy"": 1.0, ""deception_enabled_policy"": 1.0, ""mixed_rule_policy"": 1.0, ""randomized_legal_policy"": 0.0, ""risk_heterogeneous_policy"": 1.0, ""seat_order_neutral_policy"": 0.0, ""speech_and_herding_policy"": 1.0}",10,1,0.0
c6430804a971dfab65d873f3da516432d6f5ac511cb50be72a8361cc9a31f040,1131923201863b4023c79379abc57b752775b201ac2301bf6aebd52696535031,deception_enabled_policy_seed_52_game_2_wolf_kill,52,2,deception_enabled_policy,regime_deception_enabled_policy_seed_52_base_2,regime_deception_enabled_policy_seed_52_base_2,regime_deception_enabled_policy_seed_52_base_2,ood_test,C_out_of_distribution,1,night,wolf_kill,1,wolf,werewolf,9,1,0,seer_first,2,1,1,0,0,1,0,1,0,10,0,0,0.28500000000000003,0,0,0.0,0.3,0,0,0,0,2,1,0,0,0.0,0.3,0,0,0,0,0,0,0,0,0,0,0.5,0,0,0.0,9,0,0,2,0.0,0,0,0,0,0,0.3,1.425,hunter,0,1,,,1.0,0.5714285714285714,0.20203050891044216,0.0,0.28571428571428575,7,"{""baseline_rule_policy"": 0.0, ""deception_enabled_policy"": 1.0, ""mixed_rule_policy"": 0.0, ""randomized_legal_policy"": 1.0, ""risk_heterogeneous_policy"": 1.0, ""seat_order_neutral_policy"": 0.0, ""speech_and_herding_policy"": 1.0}",10,4,0.0
ad2013cb913c077363b6b181470de45d8af3266fa51c9c712101b93f633a34a8,61449d41e457bda94e80c07acd10f8073b44acfc927cc7fed813ca51e459c471,deception_enabled_policy_seed_53_game_1_wolf_kill,53,1,deception_enabled_policy,regime_deception_enabled_policy_seed_53_base_1,regime_deception_enabled_policy_seed_53_base_1,regime_deception_enabled_policy_seed_53_base_1,ood_test,C_out_of_distribution,1,night,wolf_kill,5,wolf,werewolf,6,1,1,seer_first,6,1,1,0,0,1,0,1,0,10,0,0,0.28500000000000003,0,0,0.0,0.3,0,0,0,0,2,1,0,0,0.0,0.3,0,0,0,0,0,0,0,0,0,0,0.5,0,0,0.0,6,1,0,1,0.0,0,0,0,0,0,0.3,1.425,seer,0,1,,,0.6666666666666666,0.7142857142857143,0.18442777839082938,0.0,0.2380952380952381,7,"{""baseline_rule_policy"": 1.0, ""deception_enabled_policy"": 1.0, ""mixed_rule_policy"": 1.0, ""randomized_legal_policy"": 0.0, ""risk_heterogeneous_policy"": 1.0, ""seat_order_neutral_policy"": 1.0, ""speech_and_herding_policy"": 0.0}",3,2,0.2857142857142857
ad2013cb913c077363b6b181470de45d8af3266fa51c9c712101b93f633a34a8,61449d41e457bda94e80c07acd10f8073b44acfc927cc7fed813ca51e459c471,deception_enabled_policy_seed_53_game_1_wolf_kill,53,1,deception_enabled_policy,regime_deception_enabled_policy_seed_53_base_1,regime_deception_enabled_policy_seed_53_base_1,regime_deception_enabled_policy_seed_53_base_1,ood_test,C_out_of_distribution,1,night,wolf_kill,5,wolf,werewolf,10,1,0,seer_first,6,1,1,0,0,1,0,1,0,10,0,0,0.28500000000000003,0,0,0.0,0.3,0,0,0,0,2,1,0,0,0.0,0.3,0,0,0,0,0,0,0,0,0,0,0.5,0,0,0.0,10,1,0,5,0.0,0,0,0,0,0,0.3,1.425,villager,0,0,,,1.0,0.7142857142857143,0.18442777839082938,0.0,0.2380952380952381,7,"{""baseline_rule_policy"": 0.0, ""deception_enabled_policy"": 1.0, ""mixed_rule_policy"": 0.0, ""randomized_legal_policy"": 1.0, ""risk_heterogeneous_policy"": 1.0, ""seat_order_neutral_policy"": 1.0, ""speech_and_herding_policy"": 1.0}",3,2,0.2857142857142857
ad2013cb913c077363b6b181470de45d8af3266fa51c9c712101b93f633a34a8,61449d41e457bda94e80c07acd10f8073b44acfc927cc7fed813ca51e459c471,deception_enabled_policy_seed_53_game_1_wolf_kill,53,1,deception_enabled_policy,regime_deception_enabled_policy_seed_53_base_1,regime_deception_enabled_policy_seed_53_base_1,regime_deception_enabled_policy_seed_53_base_1,ood_test,C_out_of_distribution,1,night,wolf_kill,5,wolf,werewolf,1,1,0,seer_first,6,1,1,0,0,1,0,1,0,10,0,0,0.28500000000000003,0,0,0.0,0.3,0,0,0,0,2,1,0,0,0.0,0.15,0,0,0,0,0,0,0,0,0,0,0.5,0,0,0.0,1,1,1,4,0.0,0,0,0,0,0,0.15,1.4625,witch,0,1,,,1.0,0.7142857142857143,0.18442777839082938,0.0,0.2380952380952381,7,"{""baseline_rule_policy"": 0.0, ""deception_enabled_policy"": 1.0, ""mixed_rule_policy"": 0.0, ""randomized_legal_policy"": 1.0, ""risk_heterogeneous_policy"": 1.0, ""seat_order_neutral_policy"": 1.0, ""speech_and_herding_policy"": 1.0}",3,2,0.2857142857142857
ad2013cb913c077363b6b181470de45d8af3266fa51c9c712101b93f633a34a8,61449d41e457bda94e80c07acd10f8073b44acfc927cc7fed813ca51e459c471,deception_enabled_policy_seed_53_game_1_wolf_kill,53,1,deception_enabled_policy,regime_deception_enabled_policy_seed_53_base_1,regime_deception_enabled_policy_seed_53_base_1,regime_deception_enabled_policy_seed_53_base_1,ood_test,C_out_of_distribution,1,night,wolf_kill,5,wolf,werewolf,3,1,0,seer_first,6,1,1,0,0,1,0,1,0,10,0,0,0.28500000000000003,0,0,0.0,0.3,0,0,0,0,2,1,0,0,0.0,0.3,0,0,0,0,0,0,0,0,0,0,0.5,0,0,0.0,3,0,1,2,0.0,0,0,0,0,0,0.3,1.425,villager,0,0,,,0.0,1.0,0.0,1.0,0.0,7,"{""baseline_rule_policy"": 1.0, ""deception_enabled_policy"": 1.0, ""mixed_rule_policy"": 1.0, ""randomized_legal_policy"": 1.0, ""risk_heterogeneous_policy"": 1.0, ""seat_order_neutral_policy"": 1.0, ""speech_and_herding_policy"": 1.0}",3,1,0.2857142857142857
81ffb0467500e19452d08f574d6b75f0567313efb939c7402f2c85ac14e5c558,8b6973f3857024a79940ed1b7ea16d96774e3f43070aa33fcd4787b10fd2a0a8,deception_enabled_policy_seed_53_game_2_wolf_kill,53,2,deception_enabled_policy,regime_deception_enabled_policy_seed_53_base_2,regime_deception_enabled_policy_seed_53_base_2,regime_deception_enabled_policy_seed_53_base_2,ood_test,C_out_of_distribution,1,night,wolf_kill,3,wolf,werewolf,6,1,1,seer_first,6,1,1,0,0,1,0,1,0,10,0,0,0.28500000000000003,0,0,0.0,0.3,0,0,0,0,2,1,0,0,0.0,0.3,0,0,0,0,0,0,0,0,0,0,0.5,0,0,0.0,6,1,0,3,0.0,0,0,0,0,0,0.3,1.425,seer,0,1,,,1.0,0.5714285714285714,0.20203050891044216,0.0,0.28571428571428575,7,"{""baseline_rule_policy"": 1.0, ""deception_enabled_policy"": 0.0, ""mixed_rule_policy"": 0.0, ""randomized_legal_policy"": 1.0, ""risk_heterogeneous_policy"": 1.0, ""seat_order_neutral_policy"": 0.0, ""speech_and_herding_policy"": 1.0}",1,2,0.2857142857142857
81ffb0467500e19452d08f574d6b75f0567313efb939c7402f2c85ac14e5c558,8b6973f3857024a79940ed1b7ea16d96774e3f43070aa33fcd4787b10fd2a0a8,deception_enabled_policy_seed_53_game_2_wolf_kill,53,2,deception_enabled_policy,regime_deception_enabled_policy_seed_53_base_2,regime_deception_enabled_policy_seed_53_base_2,regime_deception_enabled_policy_seed_53_base_2,ood_test,C_out_of_distribution,1,night,wolf_kill,3,wolf,werewolf,10,1,0,seer_first,6,1,1,0,0,1,0,1,0,10,0,0,0.28500000000000003,0,0,0.0,0.3,0,0,0,0,2,1,0,0,0.0,0.3,0,0,0,0,0,0,0,0,0,0,0.5,0,0,0.0,10,1,0,3,0.0,0,0,0,0,0,0.3,1.425,villager,0,0,,,0.0,0.2857142857142857,0.18442777839082938,0.0,0.2380952380952381,7,"{""baseline_rule_policy"": 0.0, ""deception_enabled_policy"": 0.0, ""mixed_rule_policy"": 0.0, ""randomized_legal_policy"": 1.0, ""risk_heterogeneous_policy"": 1.0, ""seat_order_neutral_policy"": 0.0, ""speech_and_herding_policy"": 0.0}",1,4,0.2857142857142857
81ffb0467500e19452d08f574d6b75f0567313efb939c7402f2c85ac14e5c558,8b6973f3857024a79940ed1b7ea16d96774e3f43070aa33fcd4787b10fd2a0a8,deception_enabled_policy_seed_53_game_2_wolf_kill,53,2,deception_enabled_policy,regime_deception_enabled_policy_seed_53_base_2,regime_deception_enabled_policy_seed_53_base_2,regime_deception_enabled_policy_seed_53_base_2,ood_test,C_out_of_distribution,1,night,wolf_kill,3,wolf,werewolf,1,1,0,seer_first,6,1,1,0,0,1,0,1,0,10,0,0,0.28500000000000003,0,0,0.0,0.3,0,0,0,0,2,1,0,0,0.0,0.15,0,0,0,0,0,0,0,0,0,0,0.5,0,0,0.0,1,1,1,2,0.0,0,0,0,0,0,0.15,1.4625,villager,0,0,,,0.6666666666666666,0.8571428571428571,0.14285714285714285,0.0,0.14285714285714285,7,"{""baseline_rule_policy"": 1.0, ""deception_enabled_policy"": 0.0, ""mixed_rule_policy"": 1.0, ""randomized_legal_policy"": 1.0, ""risk_heterogeneous_policy"": 1.0, ""seat_order_neutral_policy"": 1.0, ""speech_and_herding_policy"": 1.0}",1,1,0.2857142857142857
81ffb0467500e19452d08f574d6b75f0567313efb939c7402f2c85ac14e5c558,8b6973f3857024a79940ed1b7ea16d96774e3f43070aa33fcd4787b10fd2a0a8,deception_enabled_policy_seed_53_game_2_wolf_kill,53,2,deception_enabled_policy,regime_deception_enabled_policy_seed_53_base_2,regime_deception_enabled_policy_seed_53_base_2,regime_deception_enabled_policy_seed_53_base_2,ood_test,C_out_of_distribution,1,night,wolf_kill,3,wolf,werewolf,7,1,0,seer_first,6,1,1,0,0,1,0,1,0,10,0,0,0.28500000000000003,0,0,0.0,0.3,0,0,0,0,2,1,0,0,0.0,0.3,0,0,0,0,0,0,0,0,0,0,0.5,0,0,0.0,7,0,0,4,0.0,0,0,0,0,0,0.3,1.425,villager,0,0,,,0.6666666666666666,0.5714285714285714,0.20203050891044216,0.0,0.28571428571428575,7,"{""baseline_rule_policy"": 0.0, ""deception_enabled_policy"": 1.0, ""mixed_rule_policy"": 0.0, ""randomized_legal_policy"": 1.0, ""risk_heterogeneous_policy"": 1.0, ""seat_order_neutral_policy"": 0.0, ""speech_and_herding_policy"": 1.0}",1,2,0.2857142857142857
a3501b401280a7842c6214ef976418789648b1d5748551021e83fd896b897106,53cd35a8f1fa655a870d5449070f98338d573e49bdd9e445cf61537d0d403699,risk_heterogeneous_policy_seed_42_game_1_wolf_kill,42,1,risk_heterogeneous_policy,regime_risk_heterogeneous_policy_seed_42_base_1,regime_risk_heterogeneous_policy_seed_42_base_1,regime_risk_heterogeneous_policy_seed_42_base_1,ood_test,C_out_of_distribution,1,night,wolf_kill,5,wolf,werewolf,10,1,1,low_suspicion,10,1,1,0,0,1,0,1,0,10,0,0,0.315,0,0,0.0,0.3,0,1,0,0,2,1,0,0,0.0,0.3,0,0,0,0,0,0,0,0,0,0,0.5,0,0,0.0,10,1,0,5,0.0,0,0,0,0,0,0.3,1.425,villager,0,0,,,0.6666666666666666,0.8571428571428571,0.14285714285714285,0.0,0.14285714285714285,7,"{""baseline_rule_policy"": 1.0, ""deception_enabled_policy"": 1.0, ""mixed_rule_policy"": 1.0, ""randomized_legal_policy"": 1.0, ""risk_heterogeneous_policy"": 1.0, ""seat_order_neutral_policy"": 0.0, ""speech_and_herding_policy"": 1.0}",1,1,0.0
a3501b401280a7842c6214ef976418789648b1d5748551021e83fd896b897106,53cd35a8f1fa655a870d5449070f98338d573e49bdd9e445cf61537d0d403699,risk_heterogeneous_policy_seed_42_game_1_wolf_kill,42,1,risk_heterogeneous_policy,regime_risk_heterogeneous_policy_seed_42_base_1,regime_risk_heterogeneous_policy_seed_42_base_1,regime_risk_heterogeneous_policy_seed_42_base_1,ood_test,C_out_of_distribution,1,night,wolf_kill,5,wolf,werewolf,1,1,0,low_suspicion,10,1,1,0,0,1,0,1,0,10,0,0,0.315,0,0,0.0,0.3,0,1,0,0,2,1,0,0,0.0,0.3,0,0,0,0,0,0,0,0,0,0,0.5,0,0,0.0,1,1,1,4,0.0,0,0,0,0,0,0.3,1.425,villager,0,0,,,0.6666666666666666,0.8571428571428571,0.14285714285714285,0.0,0.14285714285714285,7,"{""baseline_rule_policy"": 1.0, ""deception_enabled_policy"": 1.0, ""mixed_rule_policy"": 1.0, ""randomized_legal_policy"": 1.0, ""risk_heterogeneous_policy"": 0.0, ""seat_order_neutral_policy"": 1.0, ""speech_and_herding_policy"": 1.0}",1,1,0.0
a3501b401280a7842c6214ef976418789648b1d5748551021e83fd896b897106,53cd35a8f1fa655a870d5449070f98338d573e49bdd9e445cf61537d0d403699,risk_heterogeneous_policy_seed_42_game_1_wolf_kill,42,1,risk_heterogeneous_policy,regime_risk_heterogeneous_policy_seed_42_base_1,regime_risk_heterogeneous_policy_seed_42_base_1,regime_risk_heterogeneous_policy_seed_42_base_1,ood_test,C_out_of_distribution,1,night,wolf_kill,5,wolf,werewolf,4,1,0,low_suspicion,10,1,1,0,0,1,0,1,0,10,0,0,0.315,0,0,0.0,0.3,0,1,0,0,2,1,0,0,0.0,0.3,0,0,0,0,0,0,0,0,0,0,0.5,0,0,0.0,4,0,1,1,0.0,0,0,0,0,0,0.3,1.425,seer,0,1,,,1.0,0.7142857142857143,0.18442777839082938,0.0,0.2380952380952381,7,"{""baseline_rule_policy"": 1.0, ""deception_enabled_policy"": 1.0, ""mixed_rule_policy"": 0.0, ""randomized_legal_policy"": 1.0, ""risk_heterogeneous_policy"": 1.0, ""seat_order_neutral_policy"": 0.0, ""speech_and_herding_policy"": 1.0}",1,3,0.0
a3501b401280a7842c6214ef976418789648b1d5748551021e83fd896b897106,53cd35a8f1fa655a870d5449070f98338d573e49bdd9e445cf61537d0d403699,risk_heterogeneous_policy_seed_42_game_1_wolf_kill,42,1,risk_heterogeneous_policy,regime_risk_heterogeneous_policy_seed_42_base_1,regime_risk_heterogeneous_policy_seed_42_base_1,regime_risk_heterogeneous_policy_seed_42_base_1,ood_test,C_out_of_distribution,1,night,wolf_kill,5,wolf,werewolf,2,1,0,low_suspicion,10,1,1,0,0,1,0,1,0,10,0,0,0.315,0,0,0.0,0.3,0,1,0,0,2,1,0,0,0.0,0.3,0,0,0,0,0,0,0,0,0,0,0.5,0,0,0.0,2,0,1,3,0.0,0,0,0,0,0,0.3,1.425,hunter,0,1,,,0.3333333333333333,0.5714285714285714,0.20203050891044216,0.0,0.28571428571428575,7,"{""baseline_rule_policy"": 1.0, ""deception_enabled_policy"": 0.0, ""mixed_rule_policy"": 0.0, ""randomized_legal_policy"": 1.0, ""risk_heterogeneous_policy"": 0.0, ""seat_order_neutral_policy"": 1.0, ""speech_and_herding_policy"": 1.0}",1,4,0.0
a9e5f1c2b1d1da32f1a29428acda1566cc7bd794f8ef05a92232e5953e97dea2,157556916deaa28ddbd51ac6f46951eaa6c8d08445256029193439dc3194339d,risk_heterogeneous_policy_seed_42_game_2_wolf_kill,42,2,risk_heterogeneous_policy,regime_risk_heterogeneous_policy_seed_42_base_2,regime_risk_heterogeneous_policy_seed_42_base_2,regime_risk_heterogeneous_policy_seed_42_base_2,ood_test,C_out_of_distribution,1,night,wolf_kill,3,wolf,werewolf,6,1,1,low_suspicion,6,1,1,0,0,1,0,1,0,10,0,0,0.28500000000000003,0,0,0.0,0.3,0,1,0,0,2,1,0,0,0.0,0.3,0,0,0,0,0,0,0,0,0,0,0.5,0,0,0.0,6,1,0,3,0.0,0,0,0,0,0,0.3,1.425,villager,0,0,,,1.0,0.42857142857142855,0.20203050891044214,0.0,0.2857142857142857,7,"{""baseline_rule_policy"": 1.0, ""deception_enabled_policy"": 0.0, ""mixed_rule_policy"": 0.0, ""randomized_legal_policy"": 0.0, ""risk_heterogeneous_policy"": 1.0, ""seat_order_neutral_policy"": 1.0, ""speech_and_herding_policy"": 0.0}",4,4,0.5714285714285714
a9e5f1c2b1d1da32f1a29428acda1566cc7bd794f8ef05a92232e5953e97dea2,157556916deaa28ddbd51ac6f46951eaa6c8d08445256029193439dc3194339d,risk_heterogeneous_policy_seed_42_game_2_wolf_kill,42,2,risk_heterogeneous_policy,regime_risk_heterogeneous_policy_seed_42_base_2,regime_risk_heterogeneous_policy_seed_42_base_2,regime_risk_heterogeneous_policy_seed_42_base_2,ood_test,C_out_of_distribution,1,night,wolf_kill,3,wolf,werewolf,1,1,0,low_suspicion,6,1,1,0,0,1,0,1,0,10,0,0,0.28500000000000003,0,0,0.0,0.3,0,1,0,0,2,1,0,0,0.0,0.3,0,0,0,0,0,0,0,0,0,0,0.5,0,0,0.0,1,1,1,2,0.0,0,0,0,0,0,0.3,1.425,hunter,0,1,,,0.6666666666666666,0.7142857142857143,0.18442777839082938,0.0,0.2380952380952381,7,"{""baseline_rule_policy"": 1.0, ""deception_enabled_policy"": 0.0, ""mixed_rule_policy"": 1.0, ""randomized_legal_policy"": 1.0, ""risk_heterogeneous_policy"": 0.0, ""seat_order_neutral_policy"": 1.0, ""speech_and_herding_policy"": 1.0}",4,2,0.5714285714285714
a9e5f1c2b1d1da32f1a29428acda1566cc7bd794f8ef05a92232e5953e97dea2,157556916deaa28ddbd51ac6f46951eaa6c8d08445256029193439dc3194339d,risk_heterogeneous_policy_seed_42_game_2_wolf_kill,42,2,risk_heterogeneous_policy,regime_risk_heterogeneous_policy_seed_42_base_2,regime_risk_heterogeneous_policy_seed_42_base_2,regime_risk_heterogeneous_policy_seed_42_base_2,ood_test,C_out_of_distribution,1,night,wolf_kill,3,wolf,werewolf,4,1,0,low_suspicion,6,1,1,0,0,1,0,1,0,10,0,0,0.28500000000000003,0,0,0.0,0.3,0,1,0,0,2,1,0,0,0.0,0.15,0,0,0,0,0,0,0,0,0,0,0.5,0,0,0.0,4,0,1,1,0.0,0,0,0,0,0,0.15,1.4625,villager,0,0,,,0.0,1.0,0.0,1.0,0.0,7,"{""baseline_rule_policy"": 1.0, ""deception_enabled_policy"": 1.0, ""mixed_rule_policy"": 1.0, ""randomized_legal_policy"": 1.0, ""risk_heterogeneous_policy"": 1.0, ""seat_order_neutral_policy"": 1.0, ""speech_and_herding_policy"": 1.0}",4,1,0.5714285714285714
a9e5f1c2b1d1da32f1a29428acda1566cc7bd794f8ef05a92232e5953e97dea2,157556916deaa28ddbd51ac6f46951eaa6c8d08445256029193439dc3194339d,risk_heterogeneous_policy_seed_42_game_2_wolf_kill,42,2,risk_heterogeneous_policy,regime_risk_heterogeneous_policy_seed_42_base_2,regime_risk_heterogeneous_policy_seed_42_base_2,regime_risk_heterogeneous_policy_seed_42_base_2,ood_test,C_out_of_distribution,1,night,wolf_kill,3,wolf,werewolf,10,1,0,low_suspicion,6,1,1,0,0,1,0,1,0,10,0,0,0.28500000000000003,0,0,0.0,0.3,0,1,0,0,2,1,0,0,0.0,0.3,0,0,0,0,0,0,0,0,0,0,0.5,0,0,0.0,10,1,0,3,0.0,0,0,0,0,0,0.3,1.425,villager,0,0,,,0.3333333333333333,0.7142857142857143,0.18442777839082938,0.0,0.2380952380952381,7,"{""baseline_rule_policy"": 1.0, ""deception_enabled_policy"": 1.0, ""mixed_rule_policy"": 1.0, ""randomized_legal_policy"": 0.0, ""risk_heterogeneous_policy"": 1.0, ""seat_order_neutral_policy"": 1.0, ""speech_and_herding_policy"": 0.0}",4,2,0.5714285714285714
d1dfa58677a46017d2eef630ace6f07c5aeb104be4b252e48cc9e88f6408cad6,982abe9e071cd979a116409eb89b9f9bf100b5c5ca27e355576be78a97749fc7,risk_heterogeneous_policy_seed_43_game_1_wolf_kill,43,1,risk_heterogeneous_policy,regime_risk_heterogeneous_policy_seed_43_base_1,regime_risk_heterogeneous_policy_seed_43_base_1,regime_risk_heterogeneous_policy_seed_43_base_1,ood_test,C_out_of_distribution,1,night,wolf_kill,2,wolf,werewolf,10,1,1,low_suspicion,10,1,1,0,0,1,0,1,0,10,0,0,0.28500000000000003,0,0,0.0,0.3,0,0,0,0,2,1,0,0,0.0,0.15,0,0,0,0,0,0,0,0,0,0,0.5,0,0,0.0,10,1,0,2,0.0,0,0,0,0,0,0.15,1.4625,villager,0,0,,,0.6666666666666666,0.8571428571428571,0.14285714285714285,0.0,0.14285714285714285,7,"{""baseline_rule_policy"": 1.0, ""deception_enabled_policy"": 1.0, ""mixed_rule_policy"": 1.0, ""randomized_legal_policy"": 0.0, ""risk_heterogeneous_policy"": 1.0, ""seat_order_neutral_policy"": 1.0, ""speech_and_herding_policy"": 1.0}",1,2,0.1428571428571429
d1dfa58677a46017d2eef630ace6f07c5aeb104be4b252e48cc9e88f6408cad6,982abe9e071cd979a116409eb89b9f9bf100b5c5ca27e355576be78a97749fc7,risk_heterogeneous_policy_seed_43_game_1_wolf_kill,43,1,risk_heterogeneous_policy,regime_risk_heterogeneous_policy_seed_43_base_1,regime_risk_heterogeneous_policy_seed_43_base_1,regime_risk_heterogeneous_policy_seed_43_base_1,ood_test,C_out_of_distribution,1,night,wolf_kill,2,wolf,werewolf,1,1,0,low_suspicion,10,1,1,0,0,1,0,1,0,10,0,0,0.28500000000000003,0,0,0.0,0.3,0,0,0,0,2,1,0,0,0.0,0.3,0,0,0,0,0,0,0,0,0,0,0.5,0,0,0.0,1,1,1,1,0.0,0,0,0,0,0,0.3,1.425,villager,0,0,,,0.3333333333333333,1.0,0.0,1.0,0.0,7,"{""baseline_rule_policy"": 1.0, ""deception_enabled_policy"": 1.0, ""mixed_rule_policy"": 1.0, ""randomized_legal_policy"": 1.0, ""risk_heterogeneous_policy"": 1.0, ""seat_order_neutral_policy"": 1.0, ""speech_and_herding_policy"": 1.0}",1,1,0.1428571428571429
d1dfa58677a46017d2eef630ace6f07c5aeb104be4b252e48cc9e88f6408cad6,982abe9e071cd979a116409eb89b9f9bf100b5c5ca27e355576be78a97749fc7,risk_heterogeneous_policy_seed_43_game_1_wolf_kill,43,1,risk_heterogeneous_policy,regime_risk_heterogeneous_policy_seed_43_base_1,regime_risk_heterogeneous_policy_seed_43_base_1,regime_risk_heterogeneous_policy_seed_43_base_1,ood_test,C_out_of_distribution,1,night,wolf_kill,2,wolf,werewolf,3,1,0,low_suspicion,10,1,1,0,0,1,0,1,0,10,0,0,0.28500000000000003,0,0,0.0,0.3,0,0,0,0,2,1,0,0,0.0,0.3,0,0,0,0,0,0,0,0,0,0,0.5,0,0,0.0,3,0,1,1,0.0,0,0,0,0,0,0.3,1.425,witch,0,1,,,0.6666666666666666,0.8571428571428571,0.14285714285714285,0.0,0.14285714285714285,7,"{""baseline_rule_policy"": 1.0, ""deception_enabled_policy"": 1.0, ""mixed_rule_policy"": 1.0, ""randomized_legal_policy"": 1.0, ""risk_heterogeneous_policy"": 0.0, ""seat_order_neutral_policy"": 1.0, ""speech_and_herding_policy"": 1.0}",1,2,0.1428571428571429
d1dfa58677a46017d2eef630ace6f07c5aeb104be4b252e48cc9e88f6408cad6,982abe9e071cd979a116409eb89b9f9bf100b5c5ca27e355576be78a97749fc7,risk_heterogeneous_policy_seed_43_game_1_wolf_kill,43,1,risk_heterogeneous_policy,regime_risk_heterogeneous_policy_seed_43_base_1,regime_risk_heterogeneous_policy_seed_43_base_1,regime_risk_heterogeneous_policy_seed_43_base_1,ood_test,C_out_of_distribution,1,night,wolf_kill,2,wolf,werewolf,9,1,0,low_suspicion,10,1,1,0,0,1,0,1,0,10,0,0,0.28500000000000003,0,0,0.0,0.3,0,0,0,0,2,1,0,0,0.0,0.3,0,0,0,0,0,0,0,0,0,0,0.5,0,0,0.0,9,0,0,3,0.0,0,0,0,0,0,0.3,1.425,villager,0,0,,,0.6666666666666666,0.7142857142857143,0.18442777839082938,0.0,0.2380952380952381,7,"{""baseline_rule_policy"": 1.0, ""deception_enabled_policy"": 1.0, ""mixed_rule_policy"": 1.0, ""randomized_legal_policy"": 0.0, ""risk_heterogeneous_policy"": 1.0, ""seat_order_neutral_policy"": 1.0, ""speech_and_herding_policy"": 0.0}",1,4,0.1428571428571429
a4badb8b77592d52297e4430e26ad851f7c97923424b406eab231b2b155d29ac,173bdde2ab3b8a5f7ce39c68f9505fc42059532b085d4d8a29de499759eea64c,risk_heterogeneous_policy_seed_43_game_2_wolf_kill,43,2,risk_heterogeneous_policy,regime_risk_heterogeneous_policy_seed_43_base_2,regime_risk_heterogeneous_policy_seed_43_base_2,regime_risk_heterogeneous_policy_seed_43_base_2,ood_test,C_out_of_distribution,1,night,wolf_kill,1,wolf,werewolf,10,1,1,low_suspicion,10,1,1,0,0,1,0,1,0,10,0,0,0.28500000000000003,0,0,0.0,0.3,1,0,0,0,2,1,0,0,0.0,0.15,0,0,0,0,0,0,0,0,0,0,0.5,0,0,0.0,10,1,0,1,0.0,0,0,0,0,0,0.15,1.4625,villager,0,0,,,0.3333333333333333,0.8571428571428571,0.14285714285714285,0.0,0.14285714285714285,7,"{""baseline_rule_policy"": 1.0, ""deception_enabled_policy"": 0.0, ""mixed_rule_policy"": 1.0, ""randomized_legal_policy"": 1.0, ""risk_heterogeneous_policy"": 1.0, ""seat_order_neutral_policy"": 1.0, ""speech_and_herding_policy"": 1.0}",10,1,0.0
a4badb8b77592d52297e4430e26ad851f7c97923424b406eab231b2b155d29ac,173bdde2ab3b8a5f7ce39c68f9505fc42059532b085d4d8a29de499759eea64c,risk_heterogeneous_policy_seed_43_game_2_wolf_kill,43,2,risk_heterogeneous_policy,regime_risk_heterogeneous_policy_seed_43_base_2,regime_risk_heterogeneous_policy_seed_43_base_2,regime_risk_heterogeneous_policy_seed_43_base_2,ood_test,C_out_of_distribution,1,night,wolf_kill,1,wolf,werewolf,2,1,0,low_suspicion,10,1,1,0,0,1,0,1,0,10,0,0,0.28500000000000003,0,0,0.0,0.3,1,0,0,0,2,1,0,0,0.0,0.3,0,0,0,0,0,0,0,0,0,0,0.5,0,0,0.0,2,0,1,1,0.0,0,0,0,0,0,0.3,1.425,villager,0,0,,,0.6666666666666666,0.8571428571428571,0.14285714285714285,0.0,0.14285714285714285,7,"{""baseline_rule_policy"": 1.0, ""deception_enabled_policy"": 1.0, ""mixed_rule_policy"": 1.0, ""randomized_legal_policy"": 1.0, ""risk_heterogeneous_policy"": 0.0, ""seat_order_neutral_policy"": 1.0, ""speech_and_herding_policy"": 1.0}",10,1,0.0
a4badb8b77592d52297e4430e26ad851f7c97923424b406eab231b2b155d29ac,173bdde2ab3b8a5f7ce39c68f9505fc42059532b085d4d8a29de499759eea64c,risk_heterogeneous_policy_seed_43_game_2_wolf_kill,43,2,risk_heterogeneous_policy,regime_risk_heterogeneous_policy_seed_43_base_2,regime_risk_heterogeneous_policy_seed_43_base_2,regime_risk_heterogeneous_policy_seed_43_base_2,ood_test,C_out_of_distribution,1,night,wolf_kill,1,wolf,werewolf,5,1,0,low_suspicion,10,1,1,0,0,1,0,1,0,10,0,0,0.28500000000000003,0,0,0.0,0.3,1,0,0,0,2,1,0,0,0.0,0.3,0,0,0,0,0,0,0,0,0,0,0.5,0,0,0.0,5,1,1,4,0.0,0,0,0,0,0,0.3,1.425,seer,0,1,,,0.6666666666666666,0.7142857142857143,0.18442777839082938,0.0,0.2380952380952381,7,"{""baseline_rule_policy"": 0.0, ""deception_enabled_policy"": 1.0, ""mixed_rule_policy"": 1.0, ""randomized_legal_policy"": 1.0, ""risk_heterogeneous_policy"": 1.0, ""seat_order_neutral_policy"": 1.0, ""speech_and_herding_policy"": 0.0}",10,3,0.0
a4badb8b77592d52297e4430e26ad851f7c97923424b406eab231b2b155d29ac,173bdde2ab3b8a5f7ce39c68f9505fc42059532b085d4d8a29de499759eea64c,risk_heterogeneous_policy_seed_43_game_2_wolf_kill,43,2,risk_heterogeneous_policy,regime_risk_heterogeneous_policy_seed_43_base_2,regime_risk_heterogeneous_policy_seed_43_base_2,regime_risk_heterogeneous_policy_seed_43_base_2,ood_test,C_out_of_distribution,1,night,wolf_kill,1,wolf,werewolf,3,1,0,low_suspicion,10,1,1,0,0,1,0,1,0,10,0,0,0.28500000000000003,0,0,0.0,0.3,1,0,0,0,2,1,0,0,0.0,0.3,0,0,0,0,0,0,0,0,0,0,0.5,0,0,0.0,3,0,1,2,0.0,0,0,0,0,0,0.3,1.425,hunter,0,1,,,0.3333333333333333,0.5714285714285714,0.20203050891044216,0.0,0.28571428571428575,7,"{""baseline_rule_policy"": 1.0, ""deception_enabled_policy"": 1.0, ""mixed_rule_policy"": 0.0, ""randomized_legal_policy"": 0.0, ""risk_heterogeneous_policy"": 0.0, ""seat_order_neutral_policy"": 1.0, ""speech_and_herding_policy"": 1.0}",10,4,0.0
6750d96ee0643274e9c7b098c659734a864c0b7a0015fae0616f1c87cfb7dd32,71cafd41efcae2aebbcd539f69a59de65634e465c945f364edbfbc714d0ffd97,risk_heterogeneous_policy_seed_44_game_1_wolf_kill,44,1,risk_heterogeneous_policy,regime_risk_heterogeneous_policy_seed_44_base_1,regime_risk_heterogeneous_policy_seed_44_base_1,regime_risk_heterogeneous_policy_seed_44_base_1,ood_test,C_out_of_distribution,1,night,wolf_kill,2,wolf,werewolf,1,1,1,low_suspicion,1,1,1,0,0,1,0,1,0,10,0,0,0.28500000000000003,0,0,0.0,0.3,0,0,0,0,2,1,0,0,0.0,0.3,0,0,0,0,0,0,0,0,0,0,0.5,0,0,0.0,1,1,1,1,0.0,0,0,0,0,0,0.3,1.425,villager,0,0,,,1.0,0.7142857142857143,0.18442777839082938,0.0,0.2380952380952381,7,"{""baseline_rule_policy"": 1.0, ""deception_enabled_policy"": 0.0, ""mixed_rule_policy"": 0.0, ""randomized_legal_policy"": 1.0, ""risk_heterogeneous_policy"": 1.0, ""seat_order_neutral_policy"": 1.0, ""speech_and_herding_policy"": 1.0}",1,1,0.0
6750d96ee0643274e9c7b098c659734a864c0b7a0015fae0616f1c87cfb7dd32,71cafd41efcae2aebbcd539f69a59de65634e465c945f364edbfbc714d0ffd97,risk_heterogeneous_policy_seed_44_game_1_wolf_kill,44,1,risk_heterogeneous_policy,regime_risk_heterogeneous_policy_seed_44_base_1,regime_risk_heterogeneous_policy_seed_44_base_1,regime_risk_heterogeneous_policy_seed_44_base_1,ood_test,C_out_of_distribution,1,night,wolf_kill,2,wolf,werewolf,5,1,0,low_suspicion,1,1,1,0,0,1,0,1,0,10,0,0,0.28500000000000003,0,0,0.0,0.3,0,0,0,0,2,1,0,0,0.0,0.3,0,0,0,0,0,0,0,0,0,0,0.5,0,0,0.0,5,1,1,3,0.0,0,0,0,0,0,0.3,1.425,villager,0,0,,,0.3333333333333333,0.5714285714285714,0.20203050891044216,0.0,0.28571428571428575,7,"{""baseline_rule_policy"": 1.0, ""deception_enabled_policy"": 1.0, ""mixed_rule_policy"": 0.0, ""randomized_legal_policy"": 0.0, ""risk_heterogeneous_policy"": 1.0, ""seat_order_neutral_policy"": 1.0, ""speech_and_herding_policy"": 0.0}",1,4,0.0
6750d96ee0643274e9c7b098c659734a864c0b7a0015fae0616f1c87cfb7dd32,71cafd41efcae2aebbcd539f69a59de65634e465c945f364edbfbc714d0ffd97,risk_heterogeneous_policy_seed_44_game_1_wolf_kill,44,1,risk_heterogeneous_policy,regime_risk_heterogeneous_policy_seed_44_base_1,regime_risk_heterogeneous_policy_seed_44_base_1,regime_risk_heterogeneous_policy_seed_44_base_1,ood_test,C_out_of_distribution,1,night,wolf_kill,2,wolf,werewolf,4,1,0,low_suspicion,1,1,1,0,0,1,0,1,0,10,0,0,0.28500000000000003,0,0,0.0,0.3,0,0,0,0,2,1,0,0,0.0,0.3,0,0,0,0,0,0,0,0,0,0,0.5,0,0,0.0,4,0,1,2,0.0,0,0,0,0,0,0.3,1.425,villager,0,0,,,0.3333333333333333,0.7142857142857143,0.18442777839082938,0.0,0.2380952380952381,7,"{""baseline_rule_policy"": 1.0, ""deception_enabled_policy"": 0.0, ""mixed_rule_policy"": 1.0, ""randomized_legal_policy"": 1.0, ""risk_heterogeneous_policy"": 1.0, ""seat_order_neutral_policy"": 1.0, ""speech_and_herding_policy"": 0.0}",1,1,0.0
6750d96ee0643274e9c7b098c659734a864c0b7a0015fae0616f1c87cfb7dd32,71cafd41efcae2aebbcd539f69a59de65634e465c945f364edbfbc714d0ffd97,risk_heterogeneous_policy_seed_44_game_1_wolf_kill,44,1,risk_heterogeneous_policy,regime_risk_heterogeneous_policy_seed_44_base_1,regime_risk_heterogeneous_policy_seed_44_base_1,regime_risk_heterogeneous_policy_seed_44_base_1,ood_test,C_out_of_distribution,1,night,wolf_kill,2,wolf,werewolf,9,1,0,low_suspicion,1,1,1,0,0,1,0,1,0,10,0,0,0.28500000000000003,0,0,0.0,0.3,0,0,0,0,2,1,0,0,0.0,0.3,0,0,0,0,0,0,0,0,0,0,0.5,0,0,0.0,9,0,0,3,0.0,0,0,0,0,0,0.3,1.425,witch,0,1,,,0.6666666666666666,0.7142857142857143,0.18442777839082938,0.0,0.2380952380952381,7,"{""baseline_rule_policy"": 1.0, ""deception_enabled_policy"": 1.0, ""mixed_rule_policy"": 0.0, ""randomized_legal_policy"": 1.0, ""risk_heterogeneous_policy"": 1.0, ""seat_order_neutral_policy"": 1.0, ""speech_and_herding_policy"": 0.0}",1,1,0.0
3d25f7e76d0c1b62f6c2b147f35ca83035bd6cc4e690ae18958ea37633de801e,d71e419166939182694744747cdf5cc1056773f5fb4e83ec417444d339628c71,risk_heterogeneous_policy_seed_44_game_2_wolf_kill,44,2,risk_heterogeneous_policy,regime_risk_heterogeneous_policy_seed_44_base_2,regime_risk_heterogeneous_policy_seed_44_base_2,regime_risk_heterogeneous_policy_seed_44_base_2,ood_test,C_out_of_distribution,1,night,wolf_kill,3,wolf,werewolf,7,1,1,low_suspicion,7,1,1,0,0,1,0,1,0,10,0,0,0.28500000000000003,0,0,0.0,0.3,0,1,0,0,2,1,0,0,0.0,0.15,0,0,0,0,0,0,0,0,0,0,0.5,0,0,0.0,7,0,0,4,0.0,0,0,0,0,0,0.15,1.4625,villager,0,0,,,0.3333333333333333,0.7142857142857143,0.18442777839082938,0.0,0.2380952380952381,7,"{""baseline_rule_policy"": 0.0, ""deception_enabled_policy"": 1.0, ""mixed_rule_policy"": 1.0, ""randomized_legal_policy"": 1.0, ""risk_heterogeneous_policy"": 0.0, ""seat_order_neutral_policy"": 1.0, ""speech_and_herding_policy"": 1.0}",10,2,0.1428571428571428
3d25f7e76d0c1b62f6c2b147f35ca83035bd6cc4e690ae18958ea37633de801e,d71e419166939182694744747cdf5cc1056773f5fb4e83ec417444d339628c71,risk_heterogeneous_policy_seed_44_game_2_wolf_kill,44,2,risk_heterogeneous_policy,regime_risk_heterogeneous_policy_seed_44_base_2,regime_risk_heterogeneous_policy_seed_44_base_2,regime_risk_heterogeneous_policy_seed_44_base_2,ood_test,C_out_of_distribution,1,night,wolf_kill,3,wolf,werewolf,1,1,0,low_suspicion,7,1,1,0,0,1,0,1,0,10,0,0,0.28500000000000003,0,0,0.0,0.3,0,1,0,0,2,1,0,0,0.0,0.3,0,0,0,0,0,0,0,0,0,0,0.5,0,0,0.0,1,1,1,2,0.0,0,0,0,0,0,0.3,1.425,villager,0,0,,,0.3333333333333333,0.5714285714285714,0.20203050891044216,0.0,0.28571428571428575,7,"{""baseline_rule_policy"": 0.0, ""deception_enabled_policy"": 0.0, ""mixed_rule_policy"": 1.0, ""randomized_legal_policy"": 1.0, ""risk_heterogeneous_policy"": 0.0, ""seat_order_neutral_policy"": 1.0, ""speech_and_herding_policy"": 1.0}",10,3,0.1428571428571428
3d25f7e76d0c1b62f6c2b147f35ca83035bd6cc4e690ae18958ea37633de801e,d71e419166939182694744747cdf5cc1056773f5fb4e83ec417444d339628c71,risk_heterogeneous_policy_seed_44_game_2_wolf_kill,44,2,risk_heterogeneous_policy,regime_risk_heterogeneous_policy_seed_44_base_2,regime_risk_heterogeneous_policy_seed_44_base_2,regime_risk_heterogeneous_policy_seed_44_base_2,ood_test,C_out_of_distribution,1,night,wolf_kill,3,wolf,werewolf,8,1,0,low_suspicion,7,1,1,0,0,1,0,1,0,10,0,0,0.28500000000000003,0,0,0.0,0.3,0,1,0,0,2,1,0,0,0.0,0.3,0,0,0,0,0,0,0,0,0,0,0.5,0,0,0.0,8,0,0,5,0.0,0,0,0,0,0,0.3,1.425,villager,0,0,,,0.6666666666666666,0.42857142857142855,0.20203050891044214,0.0,0.2857142857142857,7,"{""baseline_rule_policy"": 0.0, ""deception_enabled_policy"": 0.0, ""mixed_rule_policy"": 1.0, ""randomized_legal_policy"": 0.0, ""risk_heterogeneous_policy"": 1.0, ""seat_order_neutral_policy"": 1.0, ""speech_and_herding_policy"": 0.0}",10,4,0.1428571428571428
3d25f7e76d0c1b62f6c2b147f35ca83035bd6cc4e690ae18958ea37633de801e,d71e419166939182694744747cdf5cc1056773f5fb4e83ec417444d339628c71,risk_heterogeneous_policy_seed_44_game_2_wolf_kill,44,2,risk_heterogeneous_policy,regime_risk_heterogeneous_policy_seed_44_base_2,regime_risk_heterogeneous_policy_seed_44_base_2,regime_risk_heterogeneous_policy_seed_44_base_2,ood_test,C_out_of_distribution,1,night,wolf_kill,3,wolf,werewolf,10,1,0,low_suspicion,7,1,1,0,0,1,0,1,0,10,0,0,0.28500000000000003,0,0,0.0,0.3,0,1,0,0,2,1,0,0,0.0,0.3,0,0,0,0,0,0,0,0,0,0,0.5,0,0,0.0,10,1,0,3,0.0,0,0,0,0,0,0.3,1.425,hunter,0,1,,,0.6666666666666666,0.8571428571428571,0.14285714285714285,0.0,0.14285714285714285,7,"{""baseline_rule_policy"": 1.0, ""deception_enabled_policy"": 0.0, ""mixed_rule_policy"": 1.0, ""randomized_legal_policy"": 1.0, ""risk_heterogeneous_policy"": 1.0, ""seat_order_neutral_policy"": 1.0, ""speech_and_herding_policy"": 1.0}",10,1,0.1428571428571428
8671ee66a865e3a4eabfeb0cfaa950cb551bd58a1d43375bb15a9810d9855067,a60f6842b7e9c61212b0032698d6e6e26a50ea69370b2ab21bc56fafbbe43554,risk_heterogeneous_policy_seed_50_game_1_wolf_kill,50,1,risk_heterogeneous_policy,regime_risk_heterogeneous_policy_seed_50_base_1,regime_risk_heterogeneous_policy_seed_50_base_1,regime_risk_heterogeneous_policy_seed_50_base_1,ood_test,C_out_of_distribution,1,night,wolf_kill,2,wolf,werewolf,6,1,1,low_suspicion,6,1,1,0,0,1,0,1,0,10,0,0,0.28500000000000003,0,0,0.0,0.3,0,0,0,0,2,1,0,0,0.0,0.15,0,0,0,0,0,0,0,0,0,0,0.5,0,0,0.0,6,1,0,4,0.0,0,0,0,0,0,0.15,1.4625,hunter,0,1,,,0.6666666666666666,0.7142857142857143,0.18442777839082938,0.0,0.2380952380952381,7,"{""baseline_rule_policy"": 1.0, ""deception_enabled_policy"": 1.0, ""mixed_rule_policy"": 0.0, ""randomized_legal_policy"": 1.0, ""risk_heterogeneous_policy"": 1.0, ""seat_order_neutral_policy"": 0.0, ""speech_and_herding_policy"": 1.0}",1,2,0.1428571428571428
8671ee66a865e3a4eabfeb0cfaa950cb551bd58a1d43375bb15a9810d9855067,a60f6842b7e9c61212b0032698d6e6e26a50ea69370b2ab21bc56fafbbe43554,risk_heterogeneous_policy_seed_50_game_1_wolf_kill,50,1,risk_heterogeneous_policy,regime_risk_heterogeneous_policy_seed_50_base_1,regime_risk_heterogeneous_policy_seed_50_base_1,regime_risk_heterogeneous_policy_seed_50_base_1,ood_test,C_out_of_distribution,1,night,wolf_kill,2,wolf,werewolf,1,1,0,low_suspicion,6,1,1,0,0,1,0,1,0,10,0,0,0.28500000000000003,0,0,0.0,0.3,0,0,0,0,2,1,0,0,0.0,0.3,0,0,0,0,0,0,0,0,0,0,0.5,0,0,0.0,1,1,1,1,0.0,0,0,0,0,0,0.3,1.425,seer,0,1,,,1.0,0.8571428571428571,0.14285714285714285,0.0,0.14285714285714285,7,"{""baseline_rule_policy"": 1.0, ""deception_enabled_policy"": 1.0, ""mixed_rule_policy"": 1.0, ""randomized_legal_policy"": 1.0, ""risk_heterogeneous_policy"": 0.0, ""seat_order_neutral_policy"": 1.0, ""speech_and_herding_policy"": 1.0}",1,1,0.1428571428571428
8671ee66a865e3a4eabfeb0cfaa950cb551bd58a1d43375bb15a9810d9855067,a60f6842b7e9c61212b0032698d6e6e26a50ea69370b2ab21bc56fafbbe43554,risk_heterogeneous_policy_seed_50_game_1_wolf_kill,50,1,risk_heterogeneous_policy,regime_risk_heterogeneous_policy_seed_50_base_1,regime_risk_heterogeneous_policy_seed_50_base_1,regime_risk_heterogeneous_policy_seed_50_base_1,ood_test,C_out_of_distribution,1,night,wolf_kill,2,wolf,werewolf,9,1,0,low_suspicion,6,1,1,0,0,1,0,1,0,10,0,0,0.28500000000000003,0,0,0.0,0.3,0,0,0,0,2,1,0,0,0.0,0.3,0,0,0,0,0,0,0,0,0,0,0.5,0,0,0.0,9,0,0,3,0.0,0,0,0,0,0,0.3,1.425,villager,0,0,,,0.3333333333333333,0.7142857142857143,0.18442777839082938,0.0,0.2380952380952381,7,"{""baseline_rule_policy"": 1.0, ""deception_enabled_policy"": 1.0, ""mixed_rule_policy"": 1.0, ""randomized_legal_policy"": 0.0, ""risk_heterogeneous_policy"": 1.0, ""seat_order_neutral_policy"": 0.0, ""speech_and_herding_policy"": 1.0}",1,2,0.1428571428571428
8671ee66a865e3a4eabfeb0cfaa950cb551bd58a1d43375bb15a9810d9855067,a60f6842b7e9c61212b0032698d6e6e26a50ea69370b2ab21bc56fafbbe43554,risk_heterogeneous_policy_seed_50_game_1_wolf_kill,50,1,risk_heterogeneous_policy,regime_risk_heterogeneous_policy_seed_50_base_1,regime_risk_heterogeneous_policy_seed_50_base_1,regime_risk_heterogeneous_policy_seed_50_base_1,ood_test,C_out_of_distribution,1,night,wolf_kill,2,wolf,werewolf,8,1,0,low_suspicion,6,1,1,0,0,1,0,1,0,10,0,0,0.28500000000000003,0,0,0.0,0.3,0,0,0,0,2,1,0,0,0.0,0.3,0,0,0,0,0,0,0,0,0,0,0.5,0,0,0.0,8,0,0,4,0.0,0,0,0,0,0,0.3,1.425,witch,0,1,,,0.6666666666666666,0.5714285714285714,0.20203050891044216,0.0,0.28571428571428575,7,"{""baseline_rule_policy"": 0.0, ""deception_enabled_policy"": 0.0, ""mixed_rule_policy"": 1.0, ""randomized_legal_policy"": 1.0, ""risk_heterogeneous_policy"": 1.0, ""seat_order_neutral_policy"": 0.0, ""speech_and_herding_policy"": 1.0}",1,4,0.1428571428571428
2b2d6dbbcc8a771496a6c0437aadd0815b31c4faa853a383d12aec5aa97fdada,c654a38f1e780f2650467870161397bc57be3e6d8c21cedbf473780e258fe025,risk_heterogeneous_policy_seed_50_game_2_wolf_kill,50,2,risk_heterogeneous_policy,regime_risk_heterogeneous_policy_seed_50_base_2,regime_risk_heterogeneous_policy_seed_50_base_2,regime_risk_heterogeneous_policy_seed_50_base_2,ood_test,C_out_of_distribution,1,night,wolf_kill,4,wolf,werewolf,3,1,1,low_suspicion,3,1,1,0,0,1,0,1,0,10,0,0,0.28500000000000003,0,0,0.0,0.3,0,1,0,0,2,1,0,0,0.0,0.15,0,0,0,0,0,0,0,0,0,0,0.5,0,0,0.0,3,0,1,1,0.0,0,0,0,0,0,0.15,1.4625,hunter,0,1,,,0.3333333333333333,1.0,0.0,1.0,0.0,7,"{""baseline_rule_policy"": 1.0, ""deception_enabled_policy"": 1.0, ""mixed_rule_policy"": 1.0, ""randomized_legal_policy"": 1.0, ""risk_heterogeneous_policy"": 1.0, ""seat_order_neutral_policy"": 1.0, ""speech_and_herding_policy"": 1.0}",3,1,0.0
2b2d6dbbcc8a771496a6c0437aadd0815b31c4faa853a383d12aec5aa97fdada,c654a38f1e780f2650467870161397bc57be3e6d8c21cedbf473780e258fe025,risk_heterogeneous_policy_seed_50_game_2_wolf_kill,50,2,risk_heterogeneous_policy,regime_risk_heterogeneous_policy_seed_50_base_2,regime_risk_heterogeneous_policy_seed_50_base_2,regime_risk_heterogeneous_policy_seed_50_base_2,ood_test,C_out_of_distribution,1,night,wolf_kill,4,wolf,werewolf,1,1,0,low_suspicion,3,1,1,0,0,1,0,1,0,10,0,0,0.28500000000000003,0,0,0.0,0.3,0,1,0,0,2,1,0,0,0.0,0.3,0,0,0,0,0,0,0,0,0,0,0.5,0,0,0.0,1,1,1,3,0.0,0,0,0,0,0,0.3,1.425,witch,0,1,,,0.6666666666666666,0.8571428571428571,0.14285714285714285,0.0,0.14285714285714285,7,"{""baseline_rule_policy"": 0.0, ""deception_enabled_policy"": 1.0, ""mixed_rule_policy"": 1.0, ""randomized_legal_policy"": 1.0, ""risk_heterogeneous_policy"": 1.0, ""seat_order_neutral_policy"": 1.0, ""speech_and_herding_policy"": 1.0}",3,2,0.0
2b2d6dbbcc8a771496a6c0437aadd0815b31c4faa853a383d12aec5aa97fdada,c654a38f1e780f2650467870161397bc57be3e6d8c21cedbf473780e258fe025,risk_heterogeneous_policy_seed_50_game_2_wolf_kill,50,2,risk_heterogeneous_policy,regime_risk_heterogeneous_policy_seed_50_base_2,regime_risk_heterogeneous_policy_seed_50_base_2,regime_risk_heterogeneous_policy_seed_50_base_2,ood_test,C_out_of_distribution,1,night,wolf_kill,4,wolf,werewolf,9,1,0,low_suspicion,3,1,1,0,0,1,0,1,0,10,0,0,0.28500000000000003,0,0,0.0,0.3,0,1,0,0,2,1,0,0,0.0,0.3,0,0,0,0,0,0,0,0,0,0,0.5,0,0,0.0,9,0,0,5,0.0,0,0,0,0,0,0.3,1.425,villager,0,0,,,0.0,0.8571428571428571,0.14285714285714285,0.0,0.14285714285714285,7,"{""baseline_rule_policy"": 1.0, ""deception_enabled_policy"": 1.0, ""mixed_rule_policy"": 1.0, ""randomized_legal_policy"": 1.0, ""risk_heterogeneous_policy"": 0.0, ""seat_order_neutral_policy"": 1.0, ""speech_and_herding_policy"": 1.0}",3,2,0.0
2b2d6dbbcc8a771496a6c0437aadd0815b31c4faa853a383d12aec5aa97fdada,c654a38f1e780f2650467870161397bc57be3e6d8c21cedbf473780e258fe025,risk_heterogeneous_policy_seed_50_game_2_wolf_kill,50,2,risk_heterogeneous_policy,regime_risk_heterogeneous_policy_seed_50_base_2,regime_risk_heterogeneous_policy_seed_50_base_2,regime_risk_heterogeneous_policy_seed_50_base_2,ood_test,C_out_of_distribution,1,night,wolf_kill,4,wolf,werewolf,10,1,0,low_suspicion,3,1,1,0,0,1,0,1,0,10,0,0,0.28500000000000003,0,0,0.0,0.3,0,1,0,0,2,1,0,0,0.0,0.3,0,0,0,0,0,0,0,0,0,0,0.5,0,0,0.0,10,1,0,4,0.0,0,0,0,0,0,0.3,1.425,villager,0,0,,,0.6666666666666666,0.8571428571428571,0.14285714285714285,0.0,0.14285714285714285,7,"{""baseline_rule_policy"": 1.0, ""deception_enabled_policy"": 1.0, ""mixed_rule_policy"": 1.0, ""randomized_legal_policy"": 1.0, ""risk_heterogeneous_policy"": 0.0, ""seat_order_neutral_policy"": 1.0, ""speech_and_herding_policy"": 1.0}",3,2,0.0
