decision_id,decision_type,candidate_uid,split_name,behavioral_regime_id,surrogate_rollout_value,full_rollout_mean_team_win_rate,full_rollout_best_action,full_rollout_value_rank_within_decision
33c38928c575bd549cdb07374e414e019cdda1a0fc582ce192131b28de397e70,seer_check,4,train,baseline_rule_policy,0.3333333333333333,0.0,2,3
33c38928c575bd549cdb07374e414e019cdda1a0fc582ce192131b28de397e70,seer_check,1,train,baseline_rule_policy,1.0,0.0,2,3
33c38928c575bd549cdb07374e414e019cdda1a0fc582ce192131b28de397e70,seer_check,7,train,baseline_rule_policy,0.6666666666666666,0.14285714285714285,2,1
33c38928c575bd549cdb07374e414e019cdda1a0fc582ce192131b28de397e70,seer_check,2,train,baseline_rule_policy,0.0,0.14285714285714285,2,1
ee3414b095b559cbd8e8ef9b31eaa3a84778a28c72c520bba0c6e853bba200fe,wolf_kill,10,train,baseline_rule_policy,0.3333333333333333,0.5714285714285714,10,1
ee3414b095b559cbd8e8ef9b31eaa3a84778a28c72c520bba0c6e853bba200fe,wolf_kill,4,train,baseline_rule_policy,1.0,0.5714285714285714,10,1
ee3414b095b559cbd8e8ef9b31eaa3a84778a28c72c520bba0c6e853bba200fe,wolf_kill,6,train,baseline_rule_policy,0.6666666666666666,0.5714285714285714,10,1
ee3414b095b559cbd8e8ef9b31eaa3a84778a28c72c520bba0c6e853bba200fe,wolf_kill,7,train,baseline_rule_policy,1.0,0.42857142857142855,10,4
cdaa8d652413ca5029999c534144d15df933f42090695a0c81bb87773c9840f2,day_vote,6,train,baseline_rule_policy,1.0,0.5714285714285714,10,2
cdaa8d652413ca5029999c534144d15df933f42090695a0c81bb87773c9840f2,day_vote,10,train,baseline_rule_policy,0.6666666666666666,0.8571428571428571,10,1
cdaa8d652413ca5029999c534144d15df933f42090695a0c81bb87773c9840f2,day_vote,7,train,baseline_rule_policy,1.0,0.5714285714285714,10,2
cdaa8d652413ca5029999c534144d15df933f42090695a0c81bb87773c9840f2,day_vote,9,train,baseline_rule_policy,0.6666666666666666,0.42857142857142855,10,4
8ae58d1bae44511dd407f56e3ccd6d8802a77e75f2b90329a9932c1f42293596,seer_check,4,train,baseline_rule_policy,0.6666666666666666,0.2857142857142857,1,2
8ae58d1bae44511dd407f56e3ccd6d8802a77e75f2b90329a9932c1f42293596,seer_check,1,train,baseline_rule_policy,0.6666666666666666,0.42857142857142855,1,1
8ae58d1bae44511dd407f56e3ccd6d8802a77e75f2b90329a9932c1f42293596,seer_check,6,train,baseline_rule_policy,0.6666666666666666,0.14285714285714285,1,4
8ae58d1bae44511dd407f56e3ccd6d8802a77e75f2b90329a9932c1f42293596,seer_check,10,train,baseline_rule_policy,0.6666666666666666,0.2857142857142857,1,2
587f7c2f0c159cbe2d85929ad4e7932ab8d42d0af6b6f57c010118e0296fc8f1,wolf_kill,4,train,baseline_rule_policy,0.0,0.5714285714285714,1,4
587f7c2f0c159cbe2d85929ad4e7932ab8d42d0af6b6f57c010118e0296fc8f1,wolf_kill,1,train,baseline_rule_policy,0.3333333333333333,0.7142857142857143,1,1
587f7c2f0c159cbe2d85929ad4e7932ab8d42d0af6b6f57c010118e0296fc8f1,wolf_kill,8,train,baseline_rule_policy,1.0,0.7142857142857143,1,1
587f7c2f0c159cbe2d85929ad4e7932ab8d42d0af6b6f57c010118e0296fc8f1,wolf_kill,9,train,baseline_rule_policy,0.6666666666666666,0.7142857142857143,1,1
c11c567d7bfb6e61db55b14147fce818c817d410dcceba050c975025ff2b3d40,day_vote,3,train,baseline_rule_policy,0.3333333333333333,0.14285714285714285,6,3
c11c567d7bfb6e61db55b14147fce818c817d410dcceba050c975025ff2b3d40,day_vote,10,train,baseline_rule_policy,0.3333333333333333,0.2857142857142857,6,2
c11c567d7bfb6e61db55b14147fce818c817d410dcceba050c975025ff2b3d40,day_vote,8,train,baseline_rule_policy,0.0,0.14285714285714285,6,3
c11c567d7bfb6e61db55b14147fce818c817d410dcceba050c975025ff2b3d40,day_vote,6,train,baseline_rule_policy,1.0,0.5714285714285714,6,1
ca2064b49fb745ca1ce121a1e621f09f113c63936230ae82262a5f0e886e81d8,seer_check,8,train,baseline_rule_policy,0.6666666666666666,0.14285714285714285,2,2
ca2064b49fb745ca1ce121a1e621f09f113c63936230ae82262a5f0e886e81d8,seer_check,1,train,baseline_rule_policy,0.6666666666666666,0.0,2,4
ca2064b49fb745ca1ce121a1e621f09f113c63936230ae82262a5f0e886e81d8,seer_check,2,train,baseline_rule_policy,0.6666666666666666,0.5714285714285714,2,1
ca2064b49fb745ca1ce121a1e621f09f113c63936230ae82262a5f0e886e81d8,seer_check,4,train,baseline_rule_policy,0.3333333333333333,0.14285714285714285,2,2
d0f57075d46c446082b1e673065ec44f4578c33dcafb9ca10091a0e762b180c9,wolf_kill,4,train,baseline_rule_policy,0.6666666666666666,0.7142857142857143,9,2
d0f57075d46c446082b1e673065ec44f4578c33dcafb9ca10091a0e762b180c9,wolf_kill,1,train,baseline_rule_policy,0.0,0.7142857142857143,9,2
d0f57075d46c446082b1e673065ec44f4578c33dcafb9ca10091a0e762b180c9,wolf_kill,10,train,baseline_rule_policy,0.3333333333333333,0.7142857142857143,9,2
d0f57075d46c446082b1e673065ec44f4578c33dcafb9ca10091a0e762b180c9,wolf_kill,9,train,baseline_rule_policy,1.0,0.8571428571428571,9,1
9f117d5c977187a4fc8c5dcdd20d4fece9acf66b29554e1df9554ade09bd2b6f,day_vote,6,train,baseline_rule_policy,0.0,0.2857142857142857,5,2
9f117d5c977187a4fc8c5dcdd20d4fece9acf66b29554e1df9554ade09bd2b6f,day_vote,10,train,baseline_rule_policy,0.0,0.0,5,4
9f117d5c977187a4fc8c5dcdd20d4fece9acf66b29554e1df9554ade09bd2b6f,day_vote,5,train,baseline_rule_policy,0.3333333333333333,0.42857142857142855,5,1
9f117d5c977187a4fc8c5dcdd20d4fece9acf66b29554e1df9554ade09bd2b6f,day_vote,7,train,baseline_rule_policy,0.3333333333333333,0.14285714285714285,5,3
04177ecd8dc5f4224d3563f7510642254b621198613f72b71a20383254802f36,seer_check,8,train,baseline_rule_policy,0.3333333333333333,0.2857142857142857,1,2
04177ecd8dc5f4224d3563f7510642254b621198613f72b71a20383254802f36,seer_check,1,train,baseline_rule_policy,0.6666666666666666,0.42857142857142855,1,1
04177ecd8dc5f4224d3563f7510642254b621198613f72b71a20383254802f36,seer_check,2,train,baseline_rule_policy,0.6666666666666666,0.2857142857142857,1,2
04177ecd8dc5f4224d3563f7510642254b621198613f72b71a20383254802f36,seer_check,5,train,baseline_rule_policy,0.3333333333333333,0.0,1,4
91dff9376ca920eb880e0fa337311e87ecfa7e9a239201effeeeb6ca13af436b,wolf_kill,8,train,baseline_rule_policy,0.3333333333333333,0.7142857142857143,3,2
91dff9376ca920eb880e0fa337311e87ecfa7e9a239201effeeeb6ca13af436b,wolf_kill,1,train,baseline_rule_policy,0.6666666666666666,0.7142857142857143,3,2
91dff9376ca920eb880e0fa337311e87ecfa7e9a239201effeeeb6ca13af436b,wolf_kill,5,train,baseline_rule_policy,0.6666666666666666,0.5714285714285714,3,4
91dff9376ca920eb880e0fa337311e87ecfa7e9a239201effeeeb6ca13af436b,wolf_kill,3,train,baseline_rule_policy,0.6666666666666666,0.8571428571428571,3,1
8dc6c968885d370e47693928658c07b0c98705c83d44625211b686ec7c545e83,day_vote,6,train,baseline_rule_policy,0.3333333333333333,0.14285714285714285,6,1
8dc6c968885d370e47693928658c07b0c98705c83d44625211b686ec7c545e83,day_vote,10,train,baseline_rule_policy,0.3333333333333333,0.0,6,2
8dc6c968885d370e47693928658c07b0c98705c83d44625211b686ec7c545e83,day_vote,7,train,baseline_rule_policy,0.6666666666666666,0.0,6,2
8dc6c968885d370e47693928658c07b0c98705c83d44625211b686ec7c545e83,day_vote,2,train,baseline_rule_policy,0.6666666666666666,0.0,6,2
41dc0c4fb5fa422295525814d24583d9cade7eea90684dbf1e4b8847e68b3b73,seer_check,1,train,baseline_rule_policy,0.6666666666666666,0.14285714285714285,9,2
41dc0c4fb5fa422295525814d24583d9cade7eea90684dbf1e4b8847e68b3b73,seer_check,4,train,baseline_rule_policy,0.3333333333333333,0.0,9,3
41dc0c4fb5fa422295525814d24583d9cade7eea90684dbf1e4b8847e68b3b73,seer_check,7,train,baseline_rule_policy,0.3333333333333333,0.0,9,3
41dc0c4fb5fa422295525814d24583d9cade7eea90684dbf1e4b8847e68b3b73,seer_check,9,train,baseline_rule_policy,0.3333333333333333,0.2857142857142857,9,1
83ca1dc783df5ff5358157a636cf4f8e65cc8995eae9c21ac752fe2635ecde81,wolf_kill,7,train,baseline_rule_policy,0.6666666666666666,0.7142857142857143,4,3
83ca1dc783df5ff5358157a636cf4f8e65cc8995eae9c21ac752fe2635ecde81,wolf_kill,2,train,baseline_rule_policy,0.6666666666666666,0.8571428571428571,4,2
83ca1dc783df5ff5358157a636cf4f8e65cc8995eae9c21ac752fe2635ecde81,wolf_kill,1,train,baseline_rule_policy,0.6666666666666666,0.5714285714285714,4,4
83ca1dc783df5ff5358157a636cf4f8e65cc8995eae9c21ac752fe2635ecde81,wolf_kill,4,train,baseline_rule_policy,0.3333333333333333,1.0,4,1
ebc673b5bb362fc9243c57ddb6a7d1bbdea22d10d61f6f7201ffd60b8a229bad,day_vote,6,train,baseline_rule_policy,0.3333333333333333,0.14285714285714285,10,1
ebc673b5bb362fc9243c57ddb6a7d1bbdea22d10d61f6f7201ffd60b8a229bad,day_vote,10,train,baseline_rule_policy,1.0,0.14285714285714285,10,1
ebc673b5bb362fc9243c57ddb6a7d1bbdea22d10d61f6f7201ffd60b8a229bad,day_vote,8,train,baseline_rule_policy,1.0,0.14285714285714285,10,1
ebc673b5bb362fc9243c57ddb6a7d1bbdea22d10d61f6f7201ffd60b8a229bad,day_vote,9,train,baseline_rule_policy,0.6666666666666666,0.14285714285714285,10,1
ba78ece164d37275194ec083cb70753c69557ad375f0d10caf7b5b85f83dbc81,seer_check,3,train,baseline_rule_policy,0.3333333333333333,0.2857142857142857,3,1
ba78ece164d37275194ec083cb70753c69557ad375f0d10caf7b5b85f83dbc81,seer_check,1,train,baseline_rule_policy,0.6666666666666666,0.14285714285714285,3,3
ba78ece164d37275194ec083cb70753c69557ad375f0d10caf7b5b85f83dbc81,seer_check,9,train,baseline_rule_policy,0.6666666666666666,0.14285714285714285,3,3
ba78ece164d37275194ec083cb70753c69557ad375f0d10caf7b5b85f83dbc81,seer_check,7,train,baseline_rule_policy,1.0,0.2857142857142857,3,1
6f86450348f9bf4134c4ecd87bf21f8ea675aeecc032fa4dcc666e28067cdeb3,wolf_kill,10,train,baseline_rule_policy,1.0,0.8571428571428571,9,2
6f86450348f9bf4134c4ecd87bf21f8ea675aeecc032fa4dcc666e28067cdeb3,wolf_kill,1,train,baseline_rule_policy,0.3333333333333333,0.7142857142857143,9,4
6f86450348f9bf4134c4ecd87bf21f8ea675aeecc032fa4dcc666e28067cdeb3,wolf_kill,6,train,baseline_rule_policy,0.6666666666666666,0.8571428571428571,9,2
6f86450348f9bf4134c4ecd87bf21f8ea675aeecc032fa4dcc666e28067cdeb3,wolf_kill,9,train,baseline_rule_policy,0.6666666666666666,1.0,9,1
a9deabb2de12ac1c78fc51b8e2e4aaf6d9a9dd5e202dd1831b5bab1bcac8d433,day_vote,2,train,baseline_rule_policy,0.6666666666666666,0.0,10,4
a9deabb2de12ac1c78fc51b8e2e4aaf6d9a9dd5e202dd1831b5bab1bcac8d433,day_vote,10,train,baseline_rule_policy,0.3333333333333333,0.14285714285714285,10,1
a9deabb2de12ac1c78fc51b8e2e4aaf6d9a9dd5e202dd1831b5bab1bcac8d433,day_vote,7,train,baseline_rule_policy,1.0,0.14285714285714285,10,1
a9deabb2de12ac1c78fc51b8e2e4aaf6d9a9dd5e202dd1831b5bab1bcac8d433,day_vote,9,train,baseline_rule_policy,0.0,0.14285714285714285,10,1
13fa573267b9b6790233ab5e059cfad78aeaeeb356a40824fdb45079fb589c41,seer_check,9,validation,baseline_rule_policy,1.0,0.7142857142857143,9,1
13fa573267b9b6790233ab5e059cfad78aeaeeb356a40824fdb45079fb589c41,seer_check,1,validation,baseline_rule_policy,0.3333333333333333,0.2857142857142857,9,2
13fa573267b9b6790233ab5e059cfad78aeaeeb356a40824fdb45079fb589c41,seer_check,6,validation,baseline_rule_policy,0.0,0.0,9,4
13fa573267b9b6790233ab5e059cfad78aeaeeb356a40824fdb45079fb589c41,seer_check,5,validation,baseline_rule_policy,0.6666666666666666,0.14285714285714285,9,3
bc1b2242918f590d41108ac3e038a5dfcb64c5bd4e7094b2bb27777f8438f9b6,wolf_kill,1,validation,baseline_rule_policy,0.6666666666666666,0.5714285714285714,2,2
bc1b2242918f590d41108ac3e038a5dfcb64c5bd4e7094b2bb27777f8438f9b6,wolf_kill,2,validation,baseline_rule_policy,0.3333333333333333,0.7142857142857143,2,1
bc1b2242918f590d41108ac3e038a5dfcb64c5bd4e7094b2bb27777f8438f9b6,wolf_kill,6,validation,baseline_rule_policy,0.3333333333333333,0.2857142857142857,2,4
bc1b2242918f590d41108ac3e038a5dfcb64c5bd4e7094b2bb27777f8438f9b6,wolf_kill,4,validation,baseline_rule_policy,0.6666666666666666,0.42857142857142855,2,3
6cb985445ba929de016de0912fef821b745d23cbda235d2a2584c77c5ffc1734,day_vote,9,validation,baseline_rule_policy,1.0,0.7142857142857143,3,1
6cb985445ba929de016de0912fef821b745d23cbda235d2a2584c77c5ffc1734,day_vote,2,validation,baseline_rule_policy,0.0,0.42857142857142855,3,4
6cb985445ba929de016de0912fef821b745d23cbda235d2a2584c77c5ffc1734,day_vote,3,validation,baseline_rule_policy,0.6666666666666666,0.7142857142857143,3,1
6cb985445ba929de016de0912fef821b745d23cbda235d2a2584c77c5ffc1734,day_vote,5,validation,baseline_rule_policy,0.3333333333333333,0.5714285714285714,3,3
8450319284064d525db17521ae114541f0c3024a9c39e3087097b90c4996e752,seer_check,5,validation,baseline_rule_policy,0.6666666666666666,0.2857142857142857,8,3
8450319284064d525db17521ae114541f0c3024a9c39e3087097b90c4996e752,seer_check,1,validation,baseline_rule_policy,1.0,0.42857142857142855,8,2
8450319284064d525db17521ae114541f0c3024a9c39e3087097b90c4996e752,seer_check,7,validation,baseline_rule_policy,0.0,0.14285714285714285,8,4
8450319284064d525db17521ae114541f0c3024a9c39e3087097b90c4996e752,seer_check,8,validation,baseline_rule_policy,0.6666666666666666,0.5714285714285714,8,1
e9cf6a7f6ba4a912fec50533a931a0adb97cd04ea0624f35296d442d430be857,wolf_kill,1,validation,baseline_rule_policy,0.3333333333333333,0.7142857142857143,5,3
e9cf6a7f6ba4a912fec50533a931a0adb97cd04ea0624f35296d442d430be857,wolf_kill,3,validation,baseline_rule_policy,0.3333333333333333,0.8571428571428571,5,2
e9cf6a7f6ba4a912fec50533a931a0adb97cd04ea0624f35296d442d430be857,wolf_kill,5,validation,baseline_rule_policy,0.6666666666666666,1.0,5,1
e9cf6a7f6ba4a912fec50533a931a0adb97cd04ea0624f35296d442d430be857,wolf_kill,10,validation,baseline_rule_policy,0.6666666666666666,0.7142857142857143,5,3
600e052064d3f3b9371ef9c13ec0ac937ab8cf741cc1ffcc1bcddc6fe5bc6d5a,day_vote,2,validation,baseline_rule_policy,0.6666666666666666,0.14285714285714285,10,3
600e052064d3f3b9371ef9c13ec0ac937ab8cf741cc1ffcc1bcddc6fe5bc6d5a,day_vote,10,validation,baseline_rule_policy,0.3333333333333333,0.5714285714285714,10,1
600e052064d3f3b9371ef9c13ec0ac937ab8cf741cc1ffcc1bcddc6fe5bc6d5a,day_vote,3,validation,baseline_rule_policy,0.0,0.0,10,4
600e052064d3f3b9371ef9c13ec0ac937ab8cf741cc1ffcc1bcddc6fe5bc6d5a,day_vote,4,validation,baseline_rule_policy,0.6666666666666666,0.42857142857142855,10,2
35131c3554a54f81475daf9e92afaf11b2e591a9a6c4acc17cb1613b034d17e7,seer_check,10,final_test,baseline_rule_policy,0.3333333333333333,0.0,4,4
35131c3554a54f81475daf9e92afaf11b2e591a9a6c4acc17cb1613b034d17e7,seer_check,1,final_test,baseline_rule_policy,0.3333333333333333,0.14285714285714285,4,3
35131c3554a54f81475daf9e92afaf11b2e591a9a6c4acc17cb1613b034d17e7,seer_check,9,final_test,baseline_rule_policy,0.6666666666666666,0.42857142857142855,4,1
35131c3554a54f81475daf9e92afaf11b2e591a9a6c4acc17cb1613b034d17e7,seer_check,4,final_test,baseline_rule_policy,0.6666666666666666,0.42857142857142855,4,1
4cf9cefdb81719a60dc1c806606fd8147fdd8fa95c261ab9fca1ec2161e2dce8,wolf_kill,10,final_test,baseline_rule_policy,0.0,1.0,1,1
4cf9cefdb81719a60dc1c806606fd8147fdd8fa95c261ab9fca1ec2161e2dce8,wolf_kill,1,final_test,baseline_rule_policy,0.6666666666666666,1.0,1,1
4cf9cefdb81719a60dc1c806606fd8147fdd8fa95c261ab9fca1ec2161e2dce8,wolf_kill,2,final_test,baseline_rule_policy,1.0,0.8571428571428571,1,4
4cf9cefdb81719a60dc1c806606fd8147fdd8fa95c261ab9fca1ec2161e2dce8,wolf_kill,3,final_test,baseline_rule_policy,1.0,1.0,1,1
1fd71b8c280f9ad6877458ba162621aca09c58f569218791254e9fdab14419bd,day_vote,6,final_test,baseline_rule_policy,0.3333333333333333,0.14285714285714285,10,3
1fd71b8c280f9ad6877458ba162621aca09c58f569218791254e9fdab14419bd,day_vote,2,final_test,baseline_rule_policy,0.6666666666666666,0.0,10,4
1fd71b8c280f9ad6877458ba162621aca09c58f569218791254e9fdab14419bd,day_vote,10,final_test,baseline_rule_policy,0.3333333333333333,0.2857142857142857,10,1
1fd71b8c280f9ad6877458ba162621aca09c58f569218791254e9fdab14419bd,day_vote,5,final_test,baseline_rule_policy,0.6666666666666666,0.2857142857142857,10,1
5b4481c16d7f8a5451b34148e68468f7363aa1d5d682075058e3be2604c8b8af,seer_check,1,final_test,baseline_rule_policy,1.0,0.2857142857142857,7,3
5b4481c16d7f8a5451b34148e68468f7363aa1d5d682075058e3be2604c8b8af,seer_check,7,final_test,baseline_rule_policy,0.6666666666666666,0.42857142857142855,7,1
5b4481c16d7f8a5451b34148e68468f7363aa1d5d682075058e3be2604c8b8af,seer_check,9,final_test,baseline_rule_policy,0.3333333333333333,0.42857142857142855,7,1
5b4481c16d7f8a5451b34148e68468f7363aa1d5d682075058e3be2604c8b8af,seer_check,2,final_test,baseline_rule_policy,0.6666666666666666,0.2857142857142857,7,3
6f1c00c96c9c8bf850090fca89ea86520a9b6af1cc0a35787b67ee1711073b3d,wolf_kill,4,final_test,baseline_rule_policy,1.0,0.2857142857142857,7,4
6f1c00c96c9c8bf850090fca89ea86520a9b6af1cc0a35787b67ee1711073b3d,wolf_kill,10,final_test,baseline_rule_policy,0.6666666666666666,0.5714285714285714,7,2
6f1c00c96c9c8bf850090fca89ea86520a9b6af1cc0a35787b67ee1711073b3d,wolf_kill,7,final_test,baseline_rule_policy,0.6666666666666666,0.7142857142857143,7,1
6f1c00c96c9c8bf850090fca89ea86520a9b6af1cc0a35787b67ee1711073b3d,wolf_kill,6,final_test,baseline_rule_policy,0.6666666666666666,0.5714285714285714,7,2
837f4012e67c5108dfc172b1e554a77b95496a568079428444f55ebab63608d3,day_vote,5,final_test,baseline_rule_policy,0.0,0.5714285714285714,3,1
837f4012e67c5108dfc172b1e554a77b95496a568079428444f55ebab63608d3,day_vote,10,final_test,baseline_rule_policy,1.0,0.42857142857142855,3,3
837f4012e67c5108dfc172b1e554a77b95496a568079428444f55ebab63608d3,day_vote,2,final_test,baseline_rule_policy,1.0,0.42857142857142855,3,3
837f4012e67c5108dfc172b1e554a77b95496a568079428444f55ebab63608d3,day_vote,3,final_test,baseline_rule_policy,0.3333333333333333,0.5714285714285714,3,1
7b432efc74652e2944da3f9e27a1d47965b53575f7f93a324c5f73b8d7a9b48e,seer_check,5,final_test,baseline_rule_policy,0.6666666666666666,0.2857142857142857,1,1
7b432efc74652e2944da3f9e27a1d47965b53575f7f93a324c5f73b8d7a9b48e,seer_check,1,final_test,baseline_rule_policy,0.6666666666666666,0.2857142857142857,1,1
7b432efc74652e2944da3f9e27a1d47965b53575f7f93a324c5f73b8d7a9b48e,seer_check,8,final_test,baseline_rule_policy,0.6666666666666666,0.14285714285714285,1,4
7b432efc74652e2944da3f9e27a1d47965b53575f7f93a324c5f73b8d7a9b48e,seer_check,6,final_test,baseline_rule_policy,0.3333333333333333,0.2857142857142857,1,1
3c2e324cea7e0fd2734acd9c69deeca619599d7225fe124f8afe2f06a95d5ed7,wolf_kill,5,final_test,baseline_rule_policy,0.6666666666666666,0.8571428571428571,1,3
3c2e324cea7e0fd2734acd9c69deeca619599d7225fe124f8afe2f06a95d5ed7,wolf_kill,1,final_test,baseline_rule_policy,0.6666666666666666,1.0,1,1
3c2e324cea7e0fd2734acd9c69deeca619599d7225fe124f8afe2f06a95d5ed7,wolf_kill,9,final_test,baseline_rule_policy,0.6666666666666666,1.0,1,1
3c2e324cea7e0fd2734acd9c69deeca619599d7225fe124f8afe2f06a95d5ed7,wolf_kill,3,final_test,baseline_rule_policy,1.0,0.7142857142857143,1,4
bd8b158e15d6cd944a6ed8554d1cc7913a3d3db8ba53b039c6c7ecefb3c12b1d,day_vote,10,final_test,baseline_rule_policy,0.6666666666666666,0.14285714285714285,2,4
bd8b158e15d6cd944a6ed8554d1cc7913a3d3db8ba53b039c6c7ecefb3c12b1d,day_vote,4,final_test,baseline_rule_policy,0.3333333333333333,0.42857142857142855,2,1
bd8b158e15d6cd944a6ed8554d1cc7913a3d3db8ba53b039c6c7ecefb3c12b1d,day_vote,5,final_test,baseline_rule_policy,0.0,0.2857142857142857,2,3
bd8b158e15d6cd944a6ed8554d1cc7913a3d3db8ba53b039c6c7ecefb3c12b1d,day_vote,2,final_test,baseline_rule_policy,0.6666666666666666,0.42857142857142855,2,1
fade4a2474e640605e9e8c909acfdce0c3f691008a9445b982077639ddf520c3,seer_check,8,final_test,baseline_rule_policy,0.6666666666666666,0.42857142857142855,8,1
fade4a2474e640605e9e8c909acfdce0c3f691008a9445b982077639ddf520c3,seer_check,1,final_test,baseline_rule_policy,0.6666666666666666,0.2857142857142857,8,2
fade4a2474e640605e9e8c909acfdce0c3f691008a9445b982077639ddf520c3,seer_check,9,final_test,baseline_rule_policy,1.0,0.14285714285714285,8,3
fade4a2474e640605e9e8c909acfdce0c3f691008a9445b982077639ddf520c3,seer_check,4,final_test,baseline_rule_policy,0.3333333333333333,0.14285714285714285,8,3
73ba336def5f08e8bfeefcb5b32f4205432af7a0ea0644c0826dd3df9ac5dff1,wolf_kill,2,final_test,baseline_rule_policy,0.6666666666666666,0.5714285714285714,3,3
73ba336def5f08e8bfeefcb5b32f4205432af7a0ea0644c0826dd3df9ac5dff1,wolf_kill,3,final_test,baseline_rule_policy,1.0,0.7142857142857143,3,1
73ba336def5f08e8bfeefcb5b32f4205432af7a0ea0644c0826dd3df9ac5dff1,wolf_kill,7,final_test,baseline_rule_policy,0.6666666666666666,0.7142857142857143,3,1
73ba336def5f08e8bfeefcb5b32f4205432af7a0ea0644c0826dd3df9ac5dff1,wolf_kill,5,final_test,baseline_rule_policy,0.6666666666666666,0.5714285714285714,3,3
e17ffbe251f4efb4a7b479169251e3c6501823b967d89b6a2e5049f400650568,day_vote,6,final_test,baseline_rule_policy,0.0,0.8571428571428571,7,2
e17ffbe251f4efb4a7b479169251e3c6501823b967d89b6a2e5049f400650568,day_vote,10,final_test,baseline_rule_policy,0.3333333333333333,0.7142857142857143,7,4
e17ffbe251f4efb4a7b479169251e3c6501823b967d89b6a2e5049f400650568,day_vote,9,final_test,baseline_rule_policy,1.0,0.8571428571428571,7,2
e17ffbe251f4efb4a7b479169251e3c6501823b967d89b6a2e5049f400650568,day_vote,7,final_test,baseline_rule_policy,0.6666666666666666,1.0,7,1
12cd6bc241aaa95a45b156f91e66107d42f3e79d520193c40b372b86e1edf0a6,seer_check,6,train,randomized_legal_policy,0.3333333333333333,0.0,7,2
12cd6bc241aaa95a45b156f91e66107d42f3e79d520193c40b372b86e1edf0a6,seer_check,1,train,randomized_legal_policy,1.0,0.0,7,2
12cd6bc241aaa95a45b156f91e66107d42f3e79d520193c40b372b86e1edf0a6,seer_check,7,train,randomized_legal_policy,1.0,0.5714285714285714,7,1
12cd6bc241aaa95a45b156f91e66107d42f3e79d520193c40b372b86e1edf0a6,seer_check,4,train,randomized_legal_policy,0.6666666666666666,0.0,7,2
9ac31f023b913fab814478a0bc287d8e7428686c021dc9b43aca0d99008309fe,wolf_kill,8,train,randomized_legal_policy,0.6666666666666666,0.5714285714285714,8,1
9ac31f023b913fab814478a0bc287d8e7428686c021dc9b43aca0d99008309fe,wolf_kill,1,train,randomized_legal_policy,0.3333333333333333,0.42857142857142855,8,2
9ac31f023b913fab814478a0bc287d8e7428686c021dc9b43aca0d99008309fe,wolf_kill,4,train,randomized_legal_policy,0.3333333333333333,0.14285714285714285,8,3
9ac31f023b913fab814478a0bc287d8e7428686c021dc9b43aca0d99008309fe,wolf_kill,10,train,randomized_legal_policy,1.0,0.14285714285714285,8,3
0762ce28a6b0c2d2937a14c3c2aa728d171e93e55ef639dfae94410cdccef969,day_vote,10,train,randomized_legal_policy,0.3333333333333333,0.5714285714285714,10,1
0762ce28a6b0c2d2937a14c3c2aa728d171e93e55ef639dfae94410cdccef969,day_vote,2,train,randomized_legal_policy,0.6666666666666666,0.5714285714285714,10,1
0762ce28a6b0c2d2937a14c3c2aa728d171e93e55ef639dfae94410cdccef969,day_vote,7,train,randomized_legal_policy,0.6666666666666666,0.42857142857142855,10,4
0762ce28a6b0c2d2937a14c3c2aa728d171e93e55ef639dfae94410cdccef969,day_vote,8,train,randomized_legal_policy,0.6666666666666666,0.5714285714285714,10,1
e124c92458d8ee3237e2e549d4378f1352a89fc90d7c61a06c6437bf4f393e24,seer_check,9,train,randomized_legal_policy,0.3333333333333333,0.0,8,3
e124c92458d8ee3237e2e549d4378f1352a89fc90d7c61a06c6437bf4f393e24,seer_check,1,train,randomized_legal_policy,1.0,0.0,8,3
e124c92458d8ee3237e2e549d4378f1352a89fc90d7c61a06c6437bf4f393e24,seer_check,8,train,randomized_legal_policy,0.6666666666666666,0.8571428571428571,8,1
e124c92458d8ee3237e2e549d4378f1352a89fc90d7c61a06c6437bf4f393e24,seer_check,2,train,randomized_legal_policy,1.0,0.2857142857142857,8,2
5486c2f60f2b1c9322df28fe2792e19136b5f5b84e8e75565c63764ec8e0a6a9,wolf_kill,10,train,randomized_legal_policy,1.0,0.8571428571428571,1,2
5486c2f60f2b1c9322df28fe2792e19136b5f5b84e8e75565c63764ec8e0a6a9,wolf_kill,1,train,randomized_legal_policy,0.3333333333333333,1.0,1,1
5486c2f60f2b1c9322df28fe2792e19136b5f5b84e8e75565c63764ec8e0a6a9,wolf_kill,2,train,randomized_legal_policy,1.0,0.8571428571428571,1,2
5486c2f60f2b1c9322df28fe2792e19136b5f5b84e8e75565c63764ec8e0a6a9,wolf_kill,6,train,randomized_legal_policy,0.6666666666666666,0.8571428571428571,1,2
72592bee1706b15d743be730f7032b16366a7674659778a33610faf51f176d4e,day_vote,8,train,randomized_legal_policy,0.6666666666666666,0.14285714285714285,6,2
72592bee1706b15d743be730f7032b16366a7674659778a33610faf51f176d4e,day_vote,10,train,randomized_legal_policy,0.0,0.14285714285714285,6,2
72592bee1706b15d743be730f7032b16366a7674659778a33610faf51f176d4e,day_vote,6,train,randomized_legal_policy,0.0,0.2857142857142857,6,1
72592bee1706b15d743be730f7032b16366a7674659778a33610faf51f176d4e,day_vote,7,train,randomized_legal_policy,0.3333333333333333,0.14285714285714285,6,2
f6304ddebeb2207bf80900e3236d5851075c85da57891d5bf1cc127c50fa605c,seer_check,4,train,randomized_legal_policy,1.0,0.2857142857142857,10,1
f6304ddebeb2207bf80900e3236d5851075c85da57891d5bf1cc127c50fa605c,seer_check,10,train,randomized_legal_policy,1.0,0.2857142857142857,10,1
f6304ddebeb2207bf80900e3236d5851075c85da57891d5bf1cc127c50fa605c,seer_check,5,train,randomized_legal_policy,0.6666666666666666,0.14285714285714285,10,3
f6304ddebeb2207bf80900e3236d5851075c85da57891d5bf1cc127c50fa605c,seer_check,7,train,randomized_legal_policy,0.3333333333333333,0.0,10,4
9535963ac82093aa8cf9292cd4805b0a74d7a378b445a2f61e3412c16d9d5d38,wolf_kill,5,train,randomized_legal_policy,0.6666666666666666,1.0,2,1
9535963ac82093aa8cf9292cd4805b0a74d7a378b445a2f61e3412c16d9d5d38,wolf_kill,1,train,randomized_legal_policy,0.6666666666666666,0.8571428571428571,2,3
9535963ac82093aa8cf9292cd4805b0a74d7a378b445a2f61e3412c16d9d5d38,wolf_kill,7,train,randomized_legal_policy,0.0,0.8571428571428571,2,3
9535963ac82093aa8cf9292cd4805b0a74d7a378b445a2f61e3412c16d9d5d38,wolf_kill,2,train,randomized_legal_policy,0.3333333333333333,1.0,2,1
b3dfc717108fdf4b471e8d16899147323f4d33ae35ee0bf1f85721804f3db9ee,day_vote,7,train,randomized_legal_policy,0.6666666666666666,0.14285714285714285,10,2
b3dfc717108fdf4b471e8d16899147323f4d33ae35ee0bf1f85721804f3db9ee,day_vote,10,train,randomized_legal_policy,1.0,0.2857142857142857,10,1
b3dfc717108fdf4b471e8d16899147323f4d33ae35ee0bf1f85721804f3db9ee,day_vote,5,train,randomized_legal_policy,0.3333333333333333,0.14285714285714285,10,2
b3dfc717108fdf4b471e8d16899147323f4d33ae35ee0bf1f85721804f3db9ee,day_vote,8,train,randomized_legal_policy,0.6666666666666666,0.14285714285714285,10,2
438156ac9c2661c7785da732aed97c8c9cb46903479630aca5aac9ac2f35f21e,seer_check,6,train,randomized_legal_policy,0.3333333333333333,0.2857142857142857,1,3
438156ac9c2661c7785da732aed97c8c9cb46903479630aca5aac9ac2f35f21e,seer_check,1,train,randomized_legal_policy,0.3333333333333333,0.42857142857142855,1,1
438156ac9c2661c7785da732aed97c8c9cb46903479630aca5aac9ac2f35f21e,seer_check,4,train,randomized_legal_policy,0.3333333333333333,0.42857142857142855,1,1
438156ac9c2661c7785da732aed97c8c9cb46903479630aca5aac9ac2f35f21e,seer_check,2,train,randomized_legal_policy,0.6666666666666666,0.14285714285714285,1,4
9252873c14e3b3d9c7e7bce9aa15c6c9dbece585ea1feedc3aede10ac069e66c,wolf_kill,7,train,randomized_legal_policy,0.6666666666666666,0.8571428571428571,10,1
9252873c14e3b3d9c7e7bce9aa15c6c9dbece585ea1feedc3aede10ac069e66c,wolf_kill,1,train,randomized_legal_policy,0.3333333333333333,0.7142857142857143,10,3
9252873c14e3b3d9c7e7bce9aa15c6c9dbece585ea1feedc3aede10ac069e66c,wolf_kill,10,train,randomized_legal_policy,1.0,0.8571428571428571,10,1
9252873c14e3b3d9c7e7bce9aa15c6c9dbece585ea1feedc3aede10ac069e66c,wolf_kill,4,train,randomized_legal_policy,0.6666666666666666,0.7142857142857143,10,3
c77606bdc3116ed6c5c5328d9d7817272393af5417560bf2f64c14f726ff3943,day_vote,4,train,randomized_legal_policy,0.0,0.7142857142857143,4,1
c77606bdc3116ed6c5c5328d9d7817272393af5417560bf2f64c14f726ff3943,day_vote,2,train,randomized_legal_policy,0.0,0.14285714285714285,4,4
c77606bdc3116ed6c5c5328d9d7817272393af5417560bf2f64c14f726ff3943,day_vote,10,train,randomized_legal_policy,0.0,0.2857142857142857,4,3
c77606bdc3116ed6c5c5328d9d7817272393af5417560bf2f64c14f726ff3943,day_vote,6,train,randomized_legal_policy,0.0,0.7142857142857143,4,1
dc7603592aac50076cf5e722eeaacb125d8352e2ca0f6d5bfd8bed966f734243,seer_check,3,train,randomized_legal_policy,1.0,0.2857142857142857,8,2
dc7603592aac50076cf5e722eeaacb125d8352e2ca0f6d5bfd8bed966f734243,seer_check,1,train,randomized_legal_policy,0.3333333333333333,0.14285714285714285,8,3
dc7603592aac50076cf5e722eeaacb125d8352e2ca0f6d5bfd8bed966f734243,seer_check,5,train,randomized_legal_policy,0.3333333333333333,0.0,8,4
dc7603592aac50076cf5e722eeaacb125d8352e2ca0f6d5bfd8bed966f734243,seer_check,8,train,randomized_legal_policy,0.3333333333333333,0.7142857142857143,8,1
82a3f03b3cc3764796df952e20c119ec6a5a80aa64057b7d3e005ff0dd561afa,wolf_kill,6,train,randomized_legal_policy,0.6666666666666666,0.7142857142857143,1,3
82a3f03b3cc3764796df952e20c119ec6a5a80aa64057b7d3e005ff0dd561afa,wolf_kill,1,train,randomized_legal_policy,0.6666666666666666,0.8571428571428571,1,1
82a3f03b3cc3764796df952e20c119ec6a5a80aa64057b7d3e005ff0dd561afa,wolf_kill,7,train,randomized_legal_policy,1.0,0.8571428571428571,1,1
82a3f03b3cc3764796df952e20c119ec6a5a80aa64057b7d3e005ff0dd561afa,wolf_kill,2,train,randomized_legal_policy,1.0,0.7142857142857143,1,3
f35d5bf3e13dcdf444ed654122814b0dfed7f081decdbf721491f1f4d1c62c1f,day_vote,2,train,randomized_legal_policy,0.0,0.2857142857142857,5,2
f35d5bf3e13dcdf444ed654122814b0dfed7f081decdbf721491f1f4d1c62c1f,day_vote,10,train,randomized_legal_policy,0.0,0.14285714285714285,5,4
f35d5bf3e13dcdf444ed654122814b0dfed7f081decdbf721491f1f4d1c62c1f,day_vote,3,train,randomized_legal_policy,0.6666666666666666,0.2857142857142857,5,2
f35d5bf3e13dcdf444ed654122814b0dfed7f081decdbf721491f1f4d1c62c1f,day_vote,5,train,randomized_legal_policy,1.0,0.5714285714285714,5,1
92fb210e04256b765d8dc338d7e4fb856a64f0f588d8b29fb9768096b3feff78,seer_check,4,train,randomized_legal_policy,0.0,0.42857142857142855,1,3
92fb210e04256b765d8dc338d7e4fb856a64f0f588d8b29fb9768096b3feff78,seer_check,1,train,randomized_legal_policy,0.6666666666666666,0.5714285714285714,1,1
92fb210e04256b765d8dc338d7e4fb856a64f0f588d8b29fb9768096b3feff78,seer_check,7,train,randomized_legal_policy,0.6666666666666666,0.5714285714285714,1,1
92fb210e04256b765d8dc338d7e4fb856a64f0f588d8b29fb9768096b3feff78,seer_check,3,train,randomized_legal_policy,0.6666666666666666,0.2857142857142857,1,4
9e8ae49c2b0c9f7cad4bc5565e88f35b3ae5a0f2f86fd8c6425229f49adc32f6,wolf_kill,2,train,randomized_legal_policy,0.3333333333333333,1.0,1,1
9e8ae49c2b0c9f7cad4bc5565e88f35b3ae5a0f2f86fd8c6425229f49adc32f6,wolf_kill,1,train,randomized_legal_policy,0.3333333333333333,1.0,1,1
9e8ae49c2b0c9f7cad4bc5565e88f35b3ae5a0f2f86fd8c6425229f49adc32f6,wolf_kill,9,train,randomized_legal_policy,1.0,1.0,1,1
9e8ae49c2b0c9f7cad4bc5565e88f35b3ae5a0f2f86fd8c6425229f49adc32f6,wolf_kill,4,train,randomized_legal_policy,1.0,0.8571428571428571,1,4
b7258e00e06fd31df3c6c006817e9b02546aa1c273e157b11bb540caa2a6b130,day_vote,3,train,randomized_legal_policy,0.3333333333333333,0.14285714285714285,8,2
b7258e00e06fd31df3c6c006817e9b02546aa1c273e157b11bb540caa2a6b130,day_vote,10,train,randomized_legal_policy,0.0,0.14285714285714285,8,2
b7258e00e06fd31df3c6c006817e9b02546aa1c273e157b11bb540caa2a6b130,day_vote,6,train,randomized_legal_policy,0.0,0.0,8,4
b7258e00e06fd31df3c6c006817e9b02546aa1c273e157b11bb540caa2a6b130,day_vote,8,train,randomized_legal_policy,0.6666666666666666,0.42857142857142855,8,1
433f71e5db94c606db90b3059d55825b343c6bf88399820f0ba21494607bf98a,seer_check,8,validation,randomized_legal_policy,1.0,0.5714285714285714,8,1
433f71e5db94c606db90b3059d55825b343c6bf88399820f0ba21494607bf98a,seer_check,1,validation,randomized_legal_policy,0.3333333333333333,0.14285714285714285,8,2
433f71e5db94c606db90b3059d55825b343c6bf88399820f0ba21494607bf98a,seer_check,10,validation,randomized_legal_policy,1.0,0.14285714285714285,8,2
433f71e5db94c606db90b3059d55825b343c6bf88399820f0ba21494607bf98a,seer_check,2,validation,randomized_legal_policy,0.3333333333333333,0.14285714285714285,8,2
72f34198c0cc70f77dd474cb3dd630a44f7d4ef42c8516f2551b020880c2926f,wolf_kill,2,validation,randomized_legal_policy,0.3333333333333333,1.0,2,1
72f34198c0cc70f77dd474cb3dd630a44f7d4ef42c8516f2551b020880c2926f,wolf_kill,1,validation,randomized_legal_policy,0.6666666666666666,0.5714285714285714,2,4
72f34198c0cc70f77dd474cb3dd630a44f7d4ef42c8516f2551b020880c2926f,wolf_kill,9,validation,randomized_legal_policy,0.6666666666666666,0.8571428571428571,2,2
72f34198c0cc70f77dd474cb3dd630a44f7d4ef42c8516f2551b020880c2926f,wolf_kill,6,validation,randomized_legal_policy,1.0,0.8571428571428571,2,2
3e5c320ed0b94795ec13774748f6cb80102a66a0a090cabd88507694a6b77074,day_vote,6,validation,randomized_legal_policy,0.0,0.14285714285714285,10,1
3e5c320ed0b94795ec13774748f6cb80102a66a0a090cabd88507694a6b77074,day_vote,10,validation,randomized_legal_policy,0.3333333333333333,0.14285714285714285,10,1
3e5c320ed0b94795ec13774748f6cb80102a66a0a090cabd88507694a6b77074,day_vote,2,validation,randomized_legal_policy,0.6666666666666666,0.0,10,4
3e5c320ed0b94795ec13774748f6cb80102a66a0a090cabd88507694a6b77074,day_vote,9,validation,randomized_legal_policy,0.6666666666666666,0.14285714285714285,10,1
7e11910964246574cdefebfe5c11cf1d05b1a0ac90ea33468e66d641e21e7947,seer_check,6,validation,randomized_legal_policy,0.0,0.14285714285714285,5,2
7e11910964246574cdefebfe5c11cf1d05b1a0ac90ea33468e66d641e21e7947,seer_check,1,validation,randomized_legal_policy,1.0,0.14285714285714285,5,2
7e11910964246574cdefebfe5c11cf1d05b1a0ac90ea33468e66d641e21e7947,seer_check,3,validation,randomized_legal_policy,0.6666666666666666,0.14285714285714285,5,2
7e11910964246574cdefebfe5c11cf1d05b1a0ac90ea33468e66d641e21e7947,seer_check,5,validation,randomized_legal_policy,0.3333333333333333,0.42857142857142855,5,1
a1029812a10bc737419df8a1cb1c4d71e4f0c2a921081c1f77615b57c9195368,wolf_kill,4,validation,randomized_legal_policy,0.3333333333333333,0.7142857142857143,9,3
a1029812a10bc737419df8a1cb1c4d71e4f0c2a921081c1f77615b57c9195368,wolf_kill,10,validation,randomized_legal_policy,1.0,0.5714285714285714,9,4
a1029812a10bc737419df8a1cb1c4d71e4f0c2a921081c1f77615b57c9195368,wolf_kill,9,validation,randomized_legal_policy,0.6666666666666666,1.0,9,1
a1029812a10bc737419df8a1cb1c4d71e4f0c2a921081c1f77615b57c9195368,wolf_kill,6,validation,randomized_legal_policy,1.0,0.8571428571428571,9,2
642ff563006909c22535686e10d600dbaf07793d62b8308407a737d794da4f51,day_vote,5,validation,randomized_legal_policy,0.6666666666666666,0.8571428571428571,10,1
642ff563006909c22535686e10d600dbaf07793d62b8308407a737d794da4f51,day_vote,10,validation,randomized_legal_policy,0.3333333333333333,0.8571428571428571,10,1
642ff563006909c22535686e10d600dbaf07793d62b8308407a737d794da4f51,day_vote,6,validation,randomized_legal_policy,0.6666666666666666,0.8571428571428571,10,1
642ff563006909c22535686e10d600dbaf07793d62b8308407a737d794da4f51,day_vote,4,validation,randomized_legal_policy,0.6666666666666666,0.7142857142857143,10,4
2cefdadccf4b10df289d8bdd1e789f0db43c3d29f9b761d3173e0ef737805043,seer_check,5,final_test,randomized_legal_policy,1.0,0.14285714285714285,4,2
2cefdadccf4b10df289d8bdd1e789f0db43c3d29f9b761d3173e0ef737805043,seer_check,1,final_test,randomized_legal_policy,1.0,0.14285714285714285,4,2
2cefdadccf4b10df289d8bdd1e789f0db43c3d29f9b761d3173e0ef737805043,seer_check,4,final_test,randomized_legal_policy,0.3333333333333333,0.2857142857142857,4,1
2cefdadccf4b10df289d8bdd1e789f0db43c3d29f9b761d3173e0ef737805043,seer_check,7,final_test,randomized_legal_policy,0.3333333333333333,0.0,4,4
281fb2a4b26988c06efb7164862b5d74d5019e3f40ac863dba8f71a6c89be738,wolf_kill,10,final_test,randomized_legal_policy,0.6666666666666666,0.5714285714285714,10,1
281fb2a4b26988c06efb7164862b5d74d5019e3f40ac863dba8f71a6c89be738,wolf_kill,7,final_test,randomized_legal_policy,0.0,0.5714285714285714,10,1
281fb2a4b26988c06efb7164862b5d74d5019e3f40ac863dba8f71a6c89be738,wolf_kill,5,final_test,randomized_legal_policy,0.6666666666666666,0.5714285714285714,10,1
281fb2a4b26988c06efb7164862b5d74d5019e3f40ac863dba8f71a6c89be738,wolf_kill,9,final_test,randomized_legal_policy,0.6666666666666666,0.42857142857142855,10,4
64da00f13498774859c59ebbb0a0e3c50a327d26b6ca8ff2dfaed3b79e6b49f6,day_vote,2,final_test,randomized_legal_policy,0.6666666666666666,0.2857142857142857,8,2
64da00f13498774859c59ebbb0a0e3c50a327d26b6ca8ff2dfaed3b79e6b49f6,day_vote,8,final_test,randomized_legal_policy,0.0,0.42857142857142855,8,1
64da00f13498774859c59ebbb0a0e3c50a327d26b6ca8ff2dfaed3b79e6b49f6,day_vote,10,final_test,randomized_legal_policy,0.3333333333333333,0.0,8,4
64da00f13498774859c59ebbb0a0e3c50a327d26b6ca8ff2dfaed3b79e6b49f6,day_vote,6,final_test,randomized_legal_policy,0.3333333333333333,0.14285714285714285,8,3
d4d614900a97bb5e6c59aae5e80603d8d9eb242fe9d823bec8debab923f1a19b,seer_check,9,final_test,randomized_legal_policy,0.0,0.2857142857142857,4,2
d4d614900a97bb5e6c59aae5e80603d8d9eb242fe9d823bec8debab923f1a19b,seer_check,1,final_test,randomized_legal_policy,0.6666666666666666,0.2857142857142857,4,2
d4d614900a97bb5e6c59aae5e80603d8d9eb242fe9d823bec8debab923f1a19b,seer_check,4,final_test,randomized_legal_policy,1.0,0.42857142857142855,4,1
d4d614900a97bb5e6c59aae5e80603d8d9eb242fe9d823bec8debab923f1a19b,seer_check,2,final_test,randomized_legal_policy,0.6666666666666666,0.14285714285714285,4,4
edb88493b8a436a4e30fe904c4ca70ea2aa9e0579c46f6954c0d487e6b919545,wolf_kill,2,final_test,randomized_legal_policy,0.3333333333333333,0.8571428571428571,3,3
edb88493b8a436a4e30fe904c4ca70ea2aa9e0579c46f6954c0d487e6b919545,wolf_kill,1,final_test,randomized_legal_policy,1.0,0.8571428571428571,3,3
edb88493b8a436a4e30fe904c4ca70ea2aa9e0579c46f6954c0d487e6b919545,wolf_kill,3,final_test,randomized_legal_policy,0.3333333333333333,1.0,3,1
edb88493b8a436a4e30fe904c4ca70ea2aa9e0579c46f6954c0d487e6b919545,wolf_kill,6,final_test,randomized_legal_policy,1.0,1.0,3,1
8fa33fb693e5b695e284075ed899523ac47a385f5d47275d66e31b5f51e5670d,day_vote,3,final_test,randomized_legal_policy,0.0,0.14285714285714285,10,4
8fa33fb693e5b695e284075ed899523ac47a385f5d47275d66e31b5f51e5670d,day_vote,10,final_test,randomized_legal_policy,0.3333333333333333,0.2857142857142857,10,1
8fa33fb693e5b695e284075ed899523ac47a385f5d47275d66e31b5f51e5670d,day_vote,2,final_test,randomized_legal_policy,0.0,0.2857142857142857,10,1
8fa33fb693e5b695e284075ed899523ac47a385f5d47275d66e31b5f51e5670d,day_vote,5,final_test,randomized_legal_policy,0.3333333333333333,0.2857142857142857,10,1
2e367033a88721372202090f6fd295632eb5d99c5687227e37a3d32f0db309f7,seer_check,6,final_test,randomized_legal_policy,1.0,0.5714285714285714,8,2
2e367033a88721372202090f6fd295632eb5d99c5687227e37a3d32f0db309f7,seer_check,1,final_test,randomized_legal_policy,0.3333333333333333,0.2857142857142857,8,3
2e367033a88721372202090f6fd295632eb5d99c5687227e37a3d32f0db309f7,seer_check,8,final_test,randomized_legal_policy,1.0,0.7142857142857143,8,1
2e367033a88721372202090f6fd295632eb5d99c5687227e37a3d32f0db309f7,seer_check,3,final_test,randomized_legal_policy,1.0,0.2857142857142857,8,3
d06547b791cbed2f4f1b76c0404b748014d4c0ae1c6e4c6a3e15f0aae7031a19,wolf_kill,4,final_test,randomized_legal_policy,0.3333333333333333,0.7142857142857143,10,2
d06547b791cbed2f4f1b76c0404b748014d4c0ae1c6e4c6a3e15f0aae7031a19,wolf_kill,10,final_test,randomized_legal_policy,0.6666666666666666,1.0,10,1
d06547b791cbed2f4f1b76c0404b748014d4c0ae1c6e4c6a3e15f0aae7031a19,wolf_kill,6,final_test,randomized_legal_policy,0.6666666666666666,0.5714285714285714,10,3
d06547b791cbed2f4f1b76c0404b748014d4c0ae1c6e4c6a3e15f0aae7031a19,wolf_kill,2,final_test,randomized_legal_policy,1.0,0.5714285714285714,10,3
6032265a7ca6cdeb336ddfb51554e2f16a6ac06ed21e01570ed28e644e5281f2,day_vote,8,final_test,randomized_legal_policy,0.0,0.7142857142857143,10,2
6032265a7ca6cdeb336ddfb51554e2f16a6ac06ed21e01570ed28e644e5281f2,day_vote,10,final_test,randomized_legal_policy,0.6666666666666666,0.8571428571428571,10,1
6032265a7ca6cdeb336ddfb51554e2f16a6ac06ed21e01570ed28e644e5281f2,day_vote,5,final_test,randomized_legal_policy,0.6666666666666666,0.7142857142857143,10,2
6032265a7ca6cdeb336ddfb51554e2f16a6ac06ed21e01570ed28e644e5281f2,day_vote,4,final_test,randomized_legal_policy,0.3333333333333333,0.7142857142857143,10,2
9a3c4bf629fef2a3ae10d36655c58d5566de979ba082ba4ed564a8420109145b,seer_check,1,final_test,randomized_legal_policy,0.3333333333333333,0.0,8,4
9a3c4bf629fef2a3ae10d36655c58d5566de979ba082ba4ed564a8420109145b,seer_check,3,final_test,randomized_legal_policy,1.0,0.2857142857142857,8,2
9a3c4bf629fef2a3ae10d36655c58d5566de979ba082ba4ed564a8420109145b,seer_check,8,final_test,randomized_legal_policy,1.0,0.42857142857142855,8,1
9a3c4bf629fef2a3ae10d36655c58d5566de979ba082ba4ed564a8420109145b,seer_check,9,final_test,randomized_legal_policy,0.6666666666666666,0.2857142857142857,8,2
22e00b9a7fe0b96a9f3826cf9e925217fa4afdd70158ced8383a8751028730e0,wolf_kill,7,final_test,randomized_legal_policy,0.6666666666666666,0.7142857142857143,4,4
22e00b9a7fe0b96a9f3826cf9e925217fa4afdd70158ced8383a8751028730e0,wolf_kill,1,final_test,randomized_legal_policy,1.0,0.8571428571428571,4,2
22e00b9a7fe0b96a9f3826cf9e925217fa4afdd70158ced8383a8751028730e0,wolf_kill,2,final_test,randomized_legal_policy,1.0,0.8571428571428571,4,2
22e00b9a7fe0b96a9f3826cf9e925217fa4afdd70158ced8383a8751028730e0,wolf_kill,4,final_test,randomized_legal_policy,0.0,1.0,4,1
e9dc510d8054fa429cf4aca94488aa4f61ffa63e8cb60ec0e54a15038d1406b1,day_vote,9,final_test,randomized_legal_policy,0.3333333333333333,0.42857142857142855,3,1
e9dc510d8054fa429cf4aca94488aa4f61ffa63e8cb60ec0e54a15038d1406b1,day_vote,10,final_test,randomized_legal_policy,0.3333333333333333,0.14285714285714285,3,4
e9dc510d8054fa429cf4aca94488aa4f61ffa63e8cb60ec0e54a15038d1406b1,day_vote,8,final_test,randomized_legal_policy,0.3333333333333333,0.42857142857142855,3,1
e9dc510d8054fa429cf4aca94488aa4f61ffa63e8cb60ec0e54a15038d1406b1,day_vote,3,final_test,randomized_legal_policy,0.3333333333333333,0.42857142857142855,3,1
e6624fa3ee16c5b721057cd943fd841272f9cbb4ad5cffee9ec1d0cc3d265c80,seer_check,10,train,mixed_rule_policy,0.6666666666666666,0.5714285714285714,10,1
e6624fa3ee16c5b721057cd943fd841272f9cbb4ad5cffee9ec1d0cc3d265c80,seer_check,1,train,mixed_rule_policy,0.6666666666666666,0.2857142857142857,10,2
e6624fa3ee16c5b721057cd943fd841272f9cbb4ad5cffee9ec1d0cc3d265c80,seer_check,3,train,mixed_rule_policy,0.6666666666666666,0.2857142857142857,10,2
e6624fa3ee16c5b721057cd943fd841272f9cbb4ad5cffee9ec1d0cc3d265c80,seer_check,9,train,mixed_rule_policy,0.0,0.14285714285714285,10,4
b8b9acce0e7d1dc9ea87daf737fc2fc8bf83a59d7f006338cd3f95774cc472c8,wolf_kill,8,train,mixed_rule_policy,0.6666666666666666,0.7142857142857143,4,1
b8b9acce0e7d1dc9ea87daf737fc2fc8bf83a59d7f006338cd3f95774cc472c8,wolf_kill,1,train,mixed_rule_policy,0.6666666666666666,0.5714285714285714,4,4
b8b9acce0e7d1dc9ea87daf737fc2fc8bf83a59d7f006338cd3f95774cc472c8,wolf_kill,7,train,mixed_rule_policy,0.6666666666666666,0.7142857142857143,4,1
b8b9acce0e7d1dc9ea87daf737fc2fc8bf83a59d7f006338cd3f95774cc472c8,wolf_kill,4,train,mixed_rule_policy,0.6666666666666666,0.7142857142857143,4,1
36d5c71ca9230b4d4d2cd6c2100899568c28218e06b2c5bda5f79b178451a6c5,day_vote,6,train,mixed_rule_policy,0.6666666666666666,0.2857142857142857,7,3
36d5c71ca9230b4d4d2cd6c2100899568c28218e06b2c5bda5f79b178451a6c5,day_vote,2,train,mixed_rule_policy,0.6666666666666666,0.42857142857142855,7,2
36d5c71ca9230b4d4d2cd6c2100899568c28218e06b2c5bda5f79b178451a6c5,day_vote,5,train,mixed_rule_policy,1.0,0.2857142857142857,7,3
36d5c71ca9230b4d4d2cd6c2100899568c28218e06b2c5bda5f79b178451a6c5,day_vote,7,train,mixed_rule_policy,0.6666666666666666,0.5714285714285714,7,1
b01ae038d3c3464f213fb69097cb320b18b95401744b4115077b99427080da93,seer_check,2,train,mixed_rule_policy,0.0,0.14285714285714285,7,3
b01ae038d3c3464f213fb69097cb320b18b95401744b4115077b99427080da93,seer_check,1,train,mixed_rule_policy,1.0,0.2857142857142857,7,2
b01ae038d3c3464f213fb69097cb320b18b95401744b4115077b99427080da93,seer_check,7,train,mixed_rule_policy,0.0,0.5714285714285714,7,1
b01ae038d3c3464f213fb69097cb320b18b95401744b4115077b99427080da93,seer_check,9,train,mixed_rule_policy,0.6666666666666666,0.14285714285714285,7,3
907dbbdd36dc337478fcd2f3fd49f0f207ec9a803b7e13030d1d08f78320ec78,wolf_kill,4,train,mixed_rule_policy,0.3333333333333333,0.8571428571428571,3,1
907dbbdd36dc337478fcd2f3fd49f0f207ec9a803b7e13030d1d08f78320ec78,wolf_kill,10,train,mixed_rule_policy,0.0,0.42857142857142855,3,4
907dbbdd36dc337478fcd2f3fd49f0f207ec9a803b7e13030d1d08f78320ec78,wolf_kill,3,train,mixed_rule_policy,0.6666666666666666,0.8571428571428571,3,1
907dbbdd36dc337478fcd2f3fd49f0f207ec9a803b7e13030d1d08f78320ec78,wolf_kill,2,train,mixed_rule_policy,0.3333333333333333,0.7142857142857143,3,3
3e3928ce2d613fb0d167495d699665bf303db189825c0144914a596d59055d2b,day_vote,5,train,mixed_rule_policy,0.3333333333333333,0.42857142857142855,8,4
3e3928ce2d613fb0d167495d699665bf303db189825c0144914a596d59055d2b,day_vote,2,train,mixed_rule_policy,0.6666666666666666,0.5714285714285714,8,3
3e3928ce2d613fb0d167495d699665bf303db189825c0144914a596d59055d2b,day_vote,8,train,mixed_rule_policy,0.6666666666666666,0.8571428571428571,8,1
3e3928ce2d613fb0d167495d699665bf303db189825c0144914a596d59055d2b,day_vote,9,train,mixed_rule_policy,0.6666666666666666,0.7142857142857143,8,2
d94b9780d0bcf58d8fb9bab042e2c187636c694e45b22ac83d43d643aeb4e176,seer_check,7,train,mixed_rule_policy,1.0,0.42857142857142855,2,1
d94b9780d0bcf58d8fb9bab042e2c187636c694e45b22ac83d43d643aeb4e176,seer_check,1,train,mixed_rule_policy,0.3333333333333333,0.14285714285714285,2,4
d94b9780d0bcf58d8fb9bab042e2c187636c694e45b22ac83d43d643aeb4e176,seer_check,6,train,mixed_rule_policy,0.0,0.2857142857142857,2,3
d94b9780d0bcf58d8fb9bab042e2c187636c694e45b22ac83d43d643aeb4e176,seer_check,2,train,mixed_rule_policy,0.6666666666666666,0.42857142857142855,2,1
57b68368e5edc39d543263da14e5f1ff3b14986ed8ae064c1e2a5403843f806d,wolf_kill,4,train,mixed_rule_policy,0.6666666666666666,0.7142857142857143,5,3
57b68368e5edc39d543263da14e5f1ff3b14986ed8ae064c1e2a5403843f806d,wolf_kill,10,train,mixed_rule_policy,0.6666666666666666,0.7142857142857143,5,3
57b68368e5edc39d543263da14e5f1ff3b14986ed8ae064c1e2a5403843f806d,wolf_kill,5,train,mixed_rule_policy,0.6666666666666666,0.8571428571428571,5,1
57b68368e5edc39d543263da14e5f1ff3b14986ed8ae064c1e2a5403843f806d,wolf_kill,9,train,mixed_rule_policy,0.3333333333333333,0.8571428571428571,5,1
9bdebe639301babb8f98418ad239e1aa267057e7e86570d664bd203a519f17db,day_vote,2,train,mixed_rule_policy,0.3333333333333333,0.7142857142857143,2,1
9bdebe639301babb8f98418ad239e1aa267057e7e86570d664bd203a519f17db,day_vote,10,train,mixed_rule_policy,0.3333333333333333,0.42857142857142855,2,4
9bdebe639301babb8f98418ad239e1aa267057e7e86570d664bd203a519f17db,day_vote,6,train,mixed_rule_policy,1.0,0.7142857142857143,2,1
9bdebe639301babb8f98418ad239e1aa267057e7e86570d664bd203a519f17db,day_vote,7,train,mixed_rule_policy,0.6666666666666666,0.5714285714285714,2,3
f26c4d1e0eb031320d480f9ab6cdedf999bcc42016ca600020ed633ff9b2067d,seer_check,1,train,mixed_rule_policy,0.3333333333333333,0.14285714285714285,4,4
f26c4d1e0eb031320d480f9ab6cdedf999bcc42016ca600020ed633ff9b2067d,seer_check,5,train,mixed_rule_policy,0.3333333333333333,0.5714285714285714,4,2
f26c4d1e0eb031320d480f9ab6cdedf999bcc42016ca600020ed633ff9b2067d,seer_check,4,train,mixed_rule_policy,1.0,0.7142857142857143,4,1
f26c4d1e0eb031320d480f9ab6cdedf999bcc42016ca600020ed633ff9b2067d,seer_check,9,train,mixed_rule_policy,0.0,0.42857142857142855,4,3
48a65e79c093e859855ae09fa4cb382f12d4bfa70f3abd28196c403f70a3c37c,wolf_kill,3,train,mixed_rule_policy,0.3333333333333333,0.8571428571428571,2,2
48a65e79c093e859855ae09fa4cb382f12d4bfa70f3abd28196c403f70a3c37c,wolf_kill,1,train,mixed_rule_policy,0.0,0.7142857142857143,2,4
48a65e79c093e859855ae09fa4cb382f12d4bfa70f3abd28196c403f70a3c37c,wolf_kill,2,train,mixed_rule_policy,0.6666666666666666,1.0,2,1
48a65e79c093e859855ae09fa4cb382f12d4bfa70f3abd28196c403f70a3c37c,wolf_kill,10,train,mixed_rule_policy,0.6666666666666666,0.8571428571428571,2,2
7b4c796b0e55dbff4a00c04a6b15f9fe84f35c8ced0bf3f9b367b0ee3dd3d68b,day_vote,9,train,mixed_rule_policy,0.0,0.14285714285714285,3,2
7b4c796b0e55dbff4a00c04a6b15f9fe84f35c8ced0bf3f9b367b0ee3dd3d68b,day_vote,10,train,mixed_rule_policy,1.0,0.14285714285714285,3,2
7b4c796b0e55dbff4a00c04a6b15f9fe84f35c8ced0bf3f9b367b0ee3dd3d68b,day_vote,3,train,mixed_rule_policy,0.3333333333333333,0.2857142857142857,3,1
7b4c796b0e55dbff4a00c04a6b15f9fe84f35c8ced0bf3f9b367b0ee3dd3d68b,day_vote,7,train,mixed_rule_policy,0.3333333333333333,0.0,3,4
8a9b855da1d4d435ab7ec31d0688a022df08aab5fb45277b09918a8cc548ce65,seer_check,6,train,mixed_rule_policy,1.0,0.5714285714285714,6,1
8a9b855da1d4d435ab7ec31d0688a022df08aab5fb45277b09918a8cc548ce65,seer_check,1,train,mixed_rule_policy,0.3333333333333333,0.2857142857142857,6,3
8a9b855da1d4d435ab7ec31d0688a022df08aab5fb45277b09918a8cc548ce65,seer_check,8,train,mixed_rule_policy,1.0,0.5714285714285714,6,1
8a9b855da1d4d435ab7ec31d0688a022df08aab5fb45277b09918a8cc548ce65,seer_check,2,train,mixed_rule_policy,1.0,0.2857142857142857,6,3
fc86b1426eade71f9a2c09b355ece5d30317d8b28973804d5ffd513288590fee,wolf_kill,5,train,mixed_rule_policy,0.6666666666666666,0.5714285714285714,1,2
fc86b1426eade71f9a2c09b355ece5d30317d8b28973804d5ffd513288590fee,wolf_kill,1,train,mixed_rule_policy,0.6666666666666666,0.7142857142857143,1,1
fc86b1426eade71f9a2c09b355ece5d30317d8b28973804d5ffd513288590fee,wolf_kill,3,train,mixed_rule_policy,1.0,0.42857142857142855,1,4
fc86b1426eade71f9a2c09b355ece5d30317d8b28973804d5ffd513288590fee,wolf_kill,4,train,mixed_rule_policy,0.6666666666666666,0.5714285714285714,1,2
2b1d31b0a958eacdb7878abc70c6095bd5ba25ffbcfec2fb585c6c3495573a1a,day_vote,10,train,mixed_rule_policy,0.6666666666666666,0.0,2,4
2b1d31b0a958eacdb7878abc70c6095bd5ba25ffbcfec2fb585c6c3495573a1a,day_vote,2,train,mixed_rule_policy,0.6666666666666666,0.2857142857142857,2,1
2b1d31b0a958eacdb7878abc70c6095bd5ba25ffbcfec2fb585c6c3495573a1a,day_vote,9,train,mixed_rule_policy,0.3333333333333333,0.14285714285714285,2,3
2b1d31b0a958eacdb7878abc70c6095bd5ba25ffbcfec2fb585c6c3495573a1a,day_vote,3,train,mixed_rule_policy,0.3333333333333333,0.2857142857142857,2,1
ce547b54ea476fe5d28222c41b8ab9e124980279e8986cfddba4a2c78ac41cf2,seer_check,2,train,mixed_rule_policy,1.0,0.7142857142857143,2,1
ce547b54ea476fe5d28222c41b8ab9e124980279e8986cfddba4a2c78ac41cf2,seer_check,1,train,mixed_rule_policy,0.3333333333333333,0.14285714285714285,2,4
ce547b54ea476fe5d28222c41b8ab9e124980279e8986cfddba4a2c78ac41cf2,seer_check,6,train,mixed_rule_policy,0.6666666666666666,0.42857142857142855,2,2
ce547b54ea476fe5d28222c41b8ab9e124980279e8986cfddba4a2c78ac41cf2,seer_check,7,train,mixed_rule_policy,0.6666666666666666,0.2857142857142857,2,3
772d190c7acfdd35335d9198a06b835f1dcb8c49739ada5e7bfc8ca5c9181f1a,wolf_kill,5,train,mixed_rule_policy,1.0,0.42857142857142855,1,3
772d190c7acfdd35335d9198a06b835f1dcb8c49739ada5e7bfc8ca5c9181f1a,wolf_kill,1,train,mixed_rule_policy,0.3333333333333333,0.5714285714285714,1,1
772d190c7acfdd35335d9198a06b835f1dcb8c49739ada5e7bfc8ca5c9181f1a,wolf_kill,3,train,mixed_rule_policy,1.0,0.14285714285714285,1,4
772d190c7acfdd35335d9198a06b835f1dcb8c49739ada5e7bfc8ca5c9181f1a,wolf_kill,9,train,mixed_rule_policy,0.3333333333333333,0.5714285714285714,1,1
45d295377e61c813d4f9a6a6daa66e671fa57e237ecd1e063aa8923e73ba4b19,day_vote,6,train,mixed_rule_policy,0.6666666666666666,0.42857142857142855,5,3
45d295377e61c813d4f9a6a6daa66e671fa57e237ecd1e063aa8923e73ba4b19,day_vote,8,train,mixed_rule_policy,0.6666666666666666,0.8571428571428571,5,1
45d295377e61c813d4f9a6a6daa66e671fa57e237ecd1e063aa8923e73ba4b19,day_vote,9,train,mixed_rule_policy,0.6666666666666666,0.42857142857142855,5,3
45d295377e61c813d4f9a6a6daa66e671fa57e237ecd1e063aa8923e73ba4b19,day_vote,5,train,mixed_rule_policy,0.3333333333333333,0.8571428571428571,5,1
68e39f2a483a302598fc67a9610992f7d4fc06b1c74c747db7aa8acea213b60c,seer_check,10,validation,mixed_rule_policy,0.6666666666666666,0.7142857142857143,10,1
68e39f2a483a302598fc67a9610992f7d4fc06b1c74c747db7aa8acea213b60c,seer_check,1,validation,mixed_rule_policy,0.3333333333333333,0.2857142857142857,10,2
68e39f2a483a302598fc67a9610992f7d4fc06b1c74c747db7aa8acea213b60c,seer_check,7,validation,mixed_rule_policy,0.3333333333333333,0.2857142857142857,10,2
68e39f2a483a302598fc67a9610992f7d4fc06b1c74c747db7aa8acea213b60c,seer_check,4,validation,mixed_rule_policy,1.0,0.0,10,4
7129e802607f5163e3af8c450b90dcc57b63fde2d8b7d4615ab45de19bb872d6,wolf_kill,3,validation,mixed_rule_policy,0.3333333333333333,0.5714285714285714,1,4
7129e802607f5163e3af8c450b90dcc57b63fde2d8b7d4615ab45de19bb872d6,wolf_kill,1,validation,mixed_rule_policy,1.0,0.7142857142857143,1,1
7129e802607f5163e3af8c450b90dcc57b63fde2d8b7d4615ab45de19bb872d6,wolf_kill,2,validation,mixed_rule_policy,0.6666666666666666,0.7142857142857143,1,1
7129e802607f5163e3af8c450b90dcc57b63fde2d8b7d4615ab45de19bb872d6,wolf_kill,5,validation,mixed_rule_policy,0.6666666666666666,0.7142857142857143,1,1
bcf6693bf87f625e8b2e4d619e082cd8f1696cc9699de6fd3ee3426349b4e34d,day_vote,5,validation,mixed_rule_policy,0.3333333333333333,0.42857142857142855,10,1
bcf6693bf87f625e8b2e4d619e082cd8f1696cc9699de6fd3ee3426349b4e34d,day_vote,10,validation,mixed_rule_policy,0.3333333333333333,0.42857142857142855,10,1
bcf6693bf87f625e8b2e4d619e082cd8f1696cc9699de6fd3ee3426349b4e34d,day_vote,8,validation,mixed_rule_policy,0.3333333333333333,0.14285714285714285,10,3
bcf6693bf87f625e8b2e4d619e082cd8f1696cc9699de6fd3ee3426349b4e34d,day_vote,7,validation,mixed_rule_policy,0.0,0.0,10,4
98bb8896575a57e7410bc2867a46d096933f4a99bc498a05a2d9601251729ceb,seer_check,9,validation,mixed_rule_policy,0.3333333333333333,0.14285714285714285,1,1
98bb8896575a57e7410bc2867a46d096933f4a99bc498a05a2d9601251729ceb,seer_check,1,validation,mixed_rule_policy,0.3333333333333333,0.14285714285714285,1,1
98bb8896575a57e7410bc2867a46d096933f4a99bc498a05a2d9601251729ceb,seer_check,3,validation,mixed_rule_policy,0.6666666666666666,0.0,1,4
98bb8896575a57e7410bc2867a46d096933f4a99bc498a05a2d9601251729ceb,seer_check,8,validation,mixed_rule_policy,0.3333333333333333,0.14285714285714285,1,1
69c8110b7a1260b8fda6853aced257c33d7b2d48f6d2f2af8b3ccb1d40957c7b,wolf_kill,6,validation,mixed_rule_policy,1.0,1.0,6,1
69c8110b7a1260b8fda6853aced257c33d7b2d48f6d2f2af8b3ccb1d40957c7b,wolf_kill,1,validation,mixed_rule_policy,1.0,0.7142857142857143,6,3
69c8110b7a1260b8fda6853aced257c33d7b2d48f6d2f2af8b3ccb1d40957c7b,wolf_kill,9,validation,mixed_rule_policy,1.0,0.7142857142857143,6,3
69c8110b7a1260b8fda6853aced257c33d7b2d48f6d2f2af8b3ccb1d40957c7b,wolf_kill,8,validation,mixed_rule_policy,0.3333333333333333,0.8571428571428571,6,2
4077aff85f8bfdcc32ef8ed164b9c63bed988e9cc4f586b3c4c5af3a9f3be3a2,day_vote,2,validation,mixed_rule_policy,1.0,0.2857142857142857,10,1
4077aff85f8bfdcc32ef8ed164b9c63bed988e9cc4f586b3c4c5af3a9f3be3a2,day_vote,10,validation,mixed_rule_policy,1.0,0.2857142857142857,10,1
4077aff85f8bfdcc32ef8ed164b9c63bed988e9cc4f586b3c4c5af3a9f3be3a2,day_vote,8,validation,mixed_rule_policy,0.3333333333333333,0.0,10,4
4077aff85f8bfdcc32ef8ed164b9c63bed988e9cc4f586b3c4c5af3a9f3be3a2,day_vote,5,validation,mixed_rule_policy,0.6666666666666666,0.14285714285714285,10,3
5f6583fb25b38203d9391be7dd816f1dd2a3bd01597646abca1bc293c1db5595,seer_check,4,final_test,mixed_rule_policy,0.3333333333333333,0.2857142857142857,1,2
5f6583fb25b38203d9391be7dd816f1dd2a3bd01597646abca1bc293c1db5595,seer_check,1,final_test,mixed_rule_policy,1.0,0.5714285714285714,1,1
5f6583fb25b38203d9391be7dd816f1dd2a3bd01597646abca1bc293c1db5595,seer_check,2,final_test,mixed_rule_policy,0.6666666666666666,0.14285714285714285,1,3
5f6583fb25b38203d9391be7dd816f1dd2a3bd01597646abca1bc293c1db5595,seer_check,7,final_test,mixed_rule_policy,0.6666666666666666,0.14285714285714285,1,3
a2f9c9f82ff4f9f1847a0f2bbcc631b1c7464d6e77b1a049379c26c05533c531,wolf_kill,7,final_test,mixed_rule_policy,0.6666666666666666,0.8571428571428571,10,3
a2f9c9f82ff4f9f1847a0f2bbcc631b1c7464d6e77b1a049379c26c05533c531,wolf_kill,10,final_test,mixed_rule_policy,0.6666666666666666,1.0,10,1
a2f9c9f82ff4f9f1847a0f2bbcc631b1c7464d6e77b1a049379c26c05533c531,wolf_kill,3,final_test,mixed_rule_policy,1.0,1.0,10,1
a2f9c9f82ff4f9f1847a0f2bbcc631b1c7464d6e77b1a049379c26c05533c531,wolf_kill,2,final_test,mixed_rule_policy,0.3333333333333333,0.5714285714285714,10,4
f60b0ad7200ec8731243feef5888bd957739cc9c6174c2d7616770062da73356,day_vote,3,final_test,mixed_rule_policy,1.0,0.7142857142857143,4,4
f60b0ad7200ec8731243feef5888bd957739cc9c6174c2d7616770062da73356,day_vote,10,final_test,mixed_rule_policy,1.0,0.8571428571428571,4,2
f60b0ad7200ec8731243feef5888bd957739cc9c6174c2d7616770062da73356,day_vote,2,final_test,mixed_rule_policy,1.0,0.8571428571428571,4,2
f60b0ad7200ec8731243feef5888bd957739cc9c6174c2d7616770062da73356,day_vote,4,final_test,mixed_rule_policy,0.3333333333333333,1.0,4,1
a8024d6aeaee4b29b047208a1a172f41a985b8b89778e3fc73e4156b834b6429,seer_check,10,final_test,mixed_rule_policy,1.0,0.42857142857142855,7,2
a8024d6aeaee4b29b047208a1a172f41a985b8b89778e3fc73e4156b834b6429,seer_check,1,final_test,mixed_rule_policy,0.3333333333333333,0.2857142857142857,7,4
a8024d6aeaee4b29b047208a1a172f41a985b8b89778e3fc73e4156b834b6429,seer_check,7,final_test,mixed_rule_policy,0.6666666666666666,0.7142857142857143,7,1
a8024d6aeaee4b29b047208a1a172f41a985b8b89778e3fc73e4156b834b6429,seer_check,4,final_test,mixed_rule_policy,1.0,0.42857142857142855,7,2
70cc21fd3337071c0a7595d2ad2df570c9bcee6faf51c886e2b8be52c47a5c34,wolf_kill,9,final_test,mixed_rule_policy,0.6666666666666666,0.7142857142857143,9,1
70cc21fd3337071c0a7595d2ad2df570c9bcee6faf51c886e2b8be52c47a5c34,wolf_kill,2,final_test,mixed_rule_policy,1.0,0.42857142857142855,9,3
70cc21fd3337071c0a7595d2ad2df570c9bcee6faf51c886e2b8be52c47a5c34,wolf_kill,1,final_test,mixed_rule_policy,0.3333333333333333,0.42857142857142855,9,3
70cc21fd3337071c0a7595d2ad2df570c9bcee6faf51c886e2b8be52c47a5c34,wolf_kill,8,final_test,mixed_rule_policy,0.3333333333333333,0.5714285714285714,9,2
c715113edfe03aa33964021698229041826c08da13745f88f3e1822a9e3d4fe9,day_vote,3,final_test,mixed_rule_policy,0.0,0.42857142857142855,10,1
c715113edfe03aa33964021698229041826c08da13745f88f3e1822a9e3d4fe9,day_vote,10,final_test,mixed_rule_policy,1.0,0.42857142857142855,10,1
c715113edfe03aa33964021698229041826c08da13745f88f3e1822a9e3d4fe9,day_vote,2,final_test,mixed_rule_policy,0.0,0.42857142857142855,10,1
c715113edfe03aa33964021698229041826c08da13745f88f3e1822a9e3d4fe9,day_vote,5,final_test,mixed_rule_policy,0.0,0.42857142857142855,10,1
f01a445ac9a703ebcb8ae5934d1db925a3b017c3b0a40358c97391f9d084b63f,seer_check,10,final_test,mixed_rule_policy,0.3333333333333333,0.2857142857142857,4,3
f01a445ac9a703ebcb8ae5934d1db925a3b017c3b0a40358c97391f9d084b63f,seer_check,1,final_test,mixed_rule_policy,0.3333333333333333,0.2857142857142857,4,3
f01a445ac9a703ebcb8ae5934d1db925a3b017c3b0a40358c97391f9d084b63f,seer_check,8,final_test,mixed_rule_policy,1.0,0.42857142857142855,4,2
f01a445ac9a703ebcb8ae5934d1db925a3b017c3b0a40358c97391f9d084b63f,seer_check,4,final_test,mixed_rule_policy,0.6666666666666666,0.5714285714285714,4,1
8a27660e667a9f55320c24895a162b20b87de8b943a57a693c4c3651bb644d04,wolf_kill,2,final_test,mixed_rule_policy,0.3333333333333333,0.7142857142857143,1,1
8a27660e667a9f55320c24895a162b20b87de8b943a57a693c4c3651bb644d04,wolf_kill,1,final_test,mixed_rule_policy,0.6666666666666666,0.7142857142857143,1,1
8a27660e667a9f55320c24895a162b20b87de8b943a57a693c4c3651bb644d04,wolf_kill,4,final_test,mixed_rule_policy,0.6666666666666666,0.5714285714285714,1,4
8a27660e667a9f55320c24895a162b20b87de8b943a57a693c4c3651bb644d04,wolf_kill,10,final_test,mixed_rule_policy,1.0,0.7142857142857143,1,1
f7684bf8259ff57eabd3c4a96a76c2b0f92a07787796d03d16452bd0bf7866d5,day_vote,10,final_test,mixed_rule_policy,0.3333333333333333,0.42857142857142855,4,3
f7684bf8259ff57eabd3c4a96a76c2b0f92a07787796d03d16452bd0bf7866d5,day_vote,2,final_test,mixed_rule_policy,0.3333333333333333,0.2857142857142857,4,4
f7684bf8259ff57eabd3c4a96a76c2b0f92a07787796d03d16452bd0bf7866d5,day_vote,9,final_test,mixed_rule_policy,0.6666666666666666,0.7142857142857143,4,1
f7684bf8259ff57eabd3c4a96a76c2b0f92a07787796d03d16452bd0bf7866d5,day_vote,4,final_test,mixed_rule_policy,0.3333333333333333,0.7142857142857143,4,1
e05cc5a4ec317cfe42569569dc728789e88618de342b624707893c589ad8bd21,seer_check,4,final_test,mixed_rule_policy,0.6666666666666666,0.0,3,3
e05cc5a4ec317cfe42569569dc728789e88618de342b624707893c589ad8bd21,seer_check,1,final_test,mixed_rule_policy,0.3333333333333333,0.0,3,3
e05cc5a4ec317cfe42569569dc728789e88618de342b624707893c589ad8bd21,seer_check,8,final_test,mixed_rule_policy,0.3333333333333333,0.14285714285714285,3,2
e05cc5a4ec317cfe42569569dc728789e88618de342b624707893c589ad8bd21,seer_check,3,final_test,mixed_rule_policy,0.3333333333333333,0.2857142857142857,3,1
996cf47062f912c3f47ff734940d14d2f36e6d23a52fb903b8399b727cc7cc31,wolf_kill,10,final_test,mixed_rule_policy,0.3333333333333333,0.7142857142857143,7,3
996cf47062f912c3f47ff734940d14d2f36e6d23a52fb903b8399b727cc7cc31,wolf_kill,7,final_test,mixed_rule_policy,0.6666666666666666,0.8571428571428571,7,1
996cf47062f912c3f47ff734940d14d2f36e6d23a52fb903b8399b727cc7cc31,wolf_kill,8,final_test,mixed_rule_policy,1.0,0.8571428571428571,7,1
996cf47062f912c3f47ff734940d14d2f36e6d23a52fb903b8399b727cc7cc31,wolf_kill,3,final_test,mixed_rule_policy,0.6666666666666666,0.7142857142857143,7,3
52ea69ddc9aecd0efd8a03713c009009b01c61606d268ee6e79a58a6c5182134,day_vote,8,final_test,mixed_rule_policy,0.0,0.42857142857142855,8,1
52ea69ddc9aecd0efd8a03713c009009b01c61606d268ee6e79a58a6c5182134,day_vote,3,final_test,mixed_rule_policy,0.0,0.14285714285714285,8,2
52ea69ddc9aecd0efd8a03713c009009b01c61606d268ee6e79a58a6c5182134,day_vote,5,final_test,mixed_rule_policy,0.6666666666666666,0.0,8,3
52ea69ddc9aecd0efd8a03713c009009b01c61606d268ee6e79a58a6c5182134,day_vote,6,final_test,mixed_rule_policy,0.6666666666666666,0.0,8,3
e4362394cb1f524b48ad6e1bc71392d2ba8bf0968ec3d48a5c98c7ba1bcad6bb,seer_check,3,train,seat_order_neutral_policy,1.0,0.42857142857142855,3,1
e4362394cb1f524b48ad6e1bc71392d2ba8bf0968ec3d48a5c98c7ba1bcad6bb,seer_check,1,train,seat_order_neutral_policy,0.3333333333333333,0.2857142857142857,3,2
e4362394cb1f524b48ad6e1bc71392d2ba8bf0968ec3d48a5c98c7ba1bcad6bb,seer_check,10,train,seat_order_neutral_policy,0.6666666666666666,0.14285714285714285,3,4
e4362394cb1f524b48ad6e1bc71392d2ba8bf0968ec3d48a5c98c7ba1bcad6bb,seer_check,6,train,seat_order_neutral_policy,0.3333333333333333,0.2857142857142857,3,2
234f0e0f3bbccd1fe28b96f0d9413f2478f47a52bc130cc95fc7b746c5c22e9e,wolf_kill,8,train,seat_order_neutral_policy,0.6666666666666666,0.8571428571428571,7,2
234f0e0f3bbccd1fe28b96f0d9413f2478f47a52bc130cc95fc7b746c5c22e9e,wolf_kill,10,train,seat_order_neutral_policy,0.3333333333333333,0.8571428571428571,7,2
234f0e0f3bbccd1fe28b96f0d9413f2478f47a52bc130cc95fc7b746c5c22e9e,wolf_kill,4,train,seat_order_neutral_policy,0.6666666666666666,0.7142857142857143,7,4
234f0e0f3bbccd1fe28b96f0d9413f2478f47a52bc130cc95fc7b746c5c22e9e,wolf_kill,7,train,seat_order_neutral_policy,0.0,1.0,7,1
07bdc5e5f859fb2c48d82026db5926a05a7de4552b437062d1f67a4b6cbe39b8,day_vote,5,train,seat_order_neutral_policy,0.3333333333333333,0.2857142857142857,1,2
07bdc5e5f859fb2c48d82026db5926a05a7de4552b437062d1f67a4b6cbe39b8,day_vote,1,train,seat_order_neutral_policy,0.3333333333333333,0.42857142857142855,1,1
07bdc5e5f859fb2c48d82026db5926a05a7de4552b437062d1f67a4b6cbe39b8,day_vote,7,train,seat_order_neutral_policy,0.6666666666666666,0.0,1,4
07bdc5e5f859fb2c48d82026db5926a05a7de4552b437062d1f67a4b6cbe39b8,day_vote,4,train,seat_order_neutral_policy,0.0,0.2857142857142857,1,2
40fd7df02b38ba10aba0900975d440bb316a42fe823b25c9c88af01b6e64341a,seer_check,2,train,seat_order_neutral_policy,1.0,0.5714285714285714,10,1
40fd7df02b38ba10aba0900975d440bb316a42fe823b25c9c88af01b6e64341a,seer_check,10,train,seat_order_neutral_policy,0.6666666666666666,0.5714285714285714,10,1
40fd7df02b38ba10aba0900975d440bb316a42fe823b25c9c88af01b6e64341a,seer_check,8,train,seat_order_neutral_policy,0.0,0.14285714285714285,10,4
40fd7df02b38ba10aba0900975d440bb316a42fe823b25c9c88af01b6e64341a,seer_check,3,train,seat_order_neutral_policy,0.3333333333333333,0.2857142857142857,10,3
592dc1c1b9678063d5328348e430dcb2103792d9621bc08c1bb8209d04207c20,wolf_kill,9,train,seat_order_neutral_policy,1.0,0.8571428571428571,1,1
592dc1c1b9678063d5328348e430dcb2103792d9621bc08c1bb8209d04207c20,wolf_kill,1,train,seat_order_neutral_policy,0.3333333333333333,0.8571428571428571,1,1
592dc1c1b9678063d5328348e430dcb2103792d9621bc08c1bb8209d04207c20,wolf_kill,2,train,seat_order_neutral_policy,0.6666666666666666,0.7142857142857143,1,3
592dc1c1b9678063d5328348e430dcb2103792d9621bc08c1bb8209d04207c20,wolf_kill,7,train,seat_order_neutral_policy,1.0,0.5714285714285714,1,4
ffead49283134ea2b6b7c3b540ce6077e180cf2adbfef5b38970ac316f43a4d5,day_vote,2,train,seat_order_neutral_policy,0.3333333333333333,1.0,2,1
ffead49283134ea2b6b7c3b540ce6077e180cf2adbfef5b38970ac316f43a4d5,day_vote,1,train,seat_order_neutral_policy,0.6666666666666666,0.7142857142857143,2,3
ffead49283134ea2b6b7c3b540ce6077e180cf2adbfef5b38970ac316f43a4d5,day_vote,7,train,seat_order_neutral_policy,0.3333333333333333,0.8571428571428571,2,2
ffead49283134ea2b6b7c3b540ce6077e180cf2adbfef5b38970ac316f43a4d5,day_vote,8,train,seat_order_neutral_policy,1.0,0.7142857142857143,2,3
82da1dbd58cc5a10cbb1c3727ed43ad72530591ccb17fa6d322ce8c3523d8f77,seer_check,8,train,seat_order_neutral_policy,0.6666666666666666,0.7142857142857143,10,1
82da1dbd58cc5a10cbb1c3727ed43ad72530591ccb17fa6d322ce8c3523d8f77,seer_check,10,train,seat_order_neutral_policy,1.0,0.7142857142857143,10,1
82da1dbd58cc5a10cbb1c3727ed43ad72530591ccb17fa6d322ce8c3523d8f77,seer_check,2,train,seat_order_neutral_policy,0.6666666666666666,0.14285714285714285,10,4
82da1dbd58cc5a10cbb1c3727ed43ad72530591ccb17fa6d322ce8c3523d8f77,seer_check,9,train,seat_order_neutral_policy,0.3333333333333333,0.5714285714285714,10,3
9e18af9cbb44fd794dae4fc9cad8e61117227d4c9565d48585fc1d19043f7243,wolf_kill,1,train,seat_order_neutral_policy,1.0,0.14285714285714285,6,3
9e18af9cbb44fd794dae4fc9cad8e61117227d4c9565d48585fc1d19043f7243,wolf_kill,6,train,seat_order_neutral_policy,0.3333333333333333,0.42857142857142855,6,1
9e18af9cbb44fd794dae4fc9cad8e61117227d4c9565d48585fc1d19043f7243,wolf_kill,5,train,seat_order_neutral_policy,0.6666666666666666,0.2857142857142857,6,2
9e18af9cbb44fd794dae4fc9cad8e61117227d4c9565d48585fc1d19043f7243,wolf_kill,2,train,seat_order_neutral_policy,0.6666666666666666,0.14285714285714285,6,3
9b867a30d6d2e90f365586cfb6206e7d3b4c7fefb6a3af1d420224e46c42e05c,day_vote,3,train,seat_order_neutral_policy,1.0,0.5714285714285714,3,1
9b867a30d6d2e90f365586cfb6206e7d3b4c7fefb6a3af1d420224e46c42e05c,day_vote,8,train,seat_order_neutral_policy,0.0,0.42857142857142855,3,2
9b867a30d6d2e90f365586cfb6206e7d3b4c7fefb6a3af1d420224e46c42e05c,day_vote,6,train,seat_order_neutral_policy,0.6666666666666666,0.14285714285714285,3,4
9b867a30d6d2e90f365586cfb6206e7d3b4c7fefb6a3af1d420224e46c42e05c,day_vote,5,train,seat_order_neutral_policy,0.3333333333333333,0.2857142857142857,3,3
849cf11c57d1e9655961dc11a14a6acba09e80429da8212738edf25a8f7266f5,seer_check,3,train,seat_order_neutral_policy,0.3333333333333333,0.42857142857142855,9,3
849cf11c57d1e9655961dc11a14a6acba09e80429da8212738edf25a8f7266f5,seer_check,1,train,seat_order_neutral_policy,1.0,0.5714285714285714,9,2
849cf11c57d1e9655961dc11a14a6acba09e80429da8212738edf25a8f7266f5,seer_check,9,train,seat_order_neutral_policy,0.3333333333333333,0.7142857142857143,9,1
849cf11c57d1e9655961dc11a14a6acba09e80429da8212738edf25a8f7266f5,seer_check,4,train,seat_order_neutral_policy,0.6666666666666666,0.42857142857142855,9,3
2b6b64d2492d06e376513fb879969c4c0c9bb20e9399d5bbebef19ca7ef356ae,wolf_kill,9,train,seat_order_neutral_policy,0.3333333333333333,0.42857142857142855,10,4
2b6b64d2492d06e376513fb879969c4c0c9bb20e9399d5bbebef19ca7ef356ae,wolf_kill,10,train,seat_order_neutral_policy,0.6666666666666666,0.7142857142857143,10,1
2b6b64d2492d06e376513fb879969c4c0c9bb20e9399d5bbebef19ca7ef356ae,wolf_kill,6,train,seat_order_neutral_policy,0.3333333333333333,0.5714285714285714,10,2
2b6b64d2492d06e376513fb879969c4c0c9bb20e9399d5bbebef19ca7ef356ae,wolf_kill,2,train,seat_order_neutral_policy,0.6666666666666666,0.5714285714285714,10,2
a8db066f3fd3b6d440671acdb53b5a773adb55071fbc52d065f9fb4d5135b89b,day_vote,8,train,seat_order_neutral_policy,0.3333333333333333,0.5714285714285714,5,2
a8db066f3fd3b6d440671acdb53b5a773adb55071fbc52d065f9fb4d5135b89b,day_vote,1,train,seat_order_neutral_policy,0.3333333333333333,0.5714285714285714,5,2
a8db066f3fd3b6d440671acdb53b5a773adb55071fbc52d065f9fb4d5135b89b,day_vote,5,train,seat_order_neutral_policy,1.0,0.8571428571428571,5,1
a8db066f3fd3b6d440671acdb53b5a773adb55071fbc52d065f9fb4d5135b89b,day_vote,2,train,seat_order_neutral_policy,1.0,0.5714285714285714,5,2
9693f5ef13c95e925c90d12fd6652af0bfd658a5827e7da518f48152cabf47c6,seer_check,3,train,seat_order_neutral_policy,0.3333333333333333,0.7142857142857143,9,2
9693f5ef13c95e925c90d12fd6652af0bfd658a5827e7da518f48152cabf47c6,seer_check,1,train,seat_order_neutral_policy,0.3333333333333333,0.42857142857142855,9,3
9693f5ef13c95e925c90d12fd6652af0bfd658a5827e7da518f48152cabf47c6,seer_check,6,train,seat_order_neutral_policy,0.3333333333333333,0.42857142857142855,9,3
9693f5ef13c95e925c90d12fd6652af0bfd658a5827e7da518f48152cabf47c6,seer_check,9,train,seat_order_neutral_policy,0.3333333333333333,0.8571428571428571,9,1
1d8eb768dae074160895f0760caafd8bd968deb0a0af436c6bcef533cde06d18,wolf_kill,8,train,seat_order_neutral_policy,1.0,0.42857142857142855,4,4
1d8eb768dae074160895f0760caafd8bd968deb0a0af436c6bcef533cde06d18,wolf_kill,1,train,seat_order_neutral_policy,0.6666666666666666,0.5714285714285714,4,3
1d8eb768dae074160895f0760caafd8bd968deb0a0af436c6bcef533cde06d18,wolf_kill,6,train,seat_order_neutral_policy,0.6666666666666666,0.7142857142857143,4,1
1d8eb768dae074160895f0760caafd8bd968deb0a0af436c6bcef533cde06d18,wolf_kill,4,train,seat_order_neutral_policy,0.6666666666666666,0.7142857142857143,4,1
a2d3fd27e718bf399a37bdcc2d5b2daac133fc133ad315579bdc7c7ec17d722f,day_vote,1,train,seat_order_neutral_policy,1.0,0.7142857142857143,6,2
a2d3fd27e718bf399a37bdcc2d5b2daac133fc133ad315579bdc7c7ec17d722f,day_vote,6,train,seat_order_neutral_policy,0.6666666666666666,1.0,6,1
a2d3fd27e718bf399a37bdcc2d5b2daac133fc133ad315579bdc7c7ec17d722f,day_vote,9,train,seat_order_neutral_policy,0.6666666666666666,0.5714285714285714,6,4
a2d3fd27e718bf399a37bdcc2d5b2daac133fc133ad315579bdc7c7ec17d722f,day_vote,3,train,seat_order_neutral_policy,1.0,0.7142857142857143,6,2
67e061be87486a45d738415edff8b1bef12ad55a5b770593dd0b45fa696b79fc,seer_check,2,train,seat_order_neutral_policy,0.6666666666666666,0.2857142857142857,1,1
67e061be87486a45d738415edff8b1bef12ad55a5b770593dd0b45fa696b79fc,seer_check,1,train,seat_order_neutral_policy,0.6666666666666666,0.2857142857142857,1,1
67e061be87486a45d738415edff8b1bef12ad55a5b770593dd0b45fa696b79fc,seer_check,4,train,seat_order_neutral_policy,0.3333333333333333,0.14285714285714285,1,4
67e061be87486a45d738415edff8b1bef12ad55a5b770593dd0b45fa696b79fc,seer_check,5,train,seat_order_neutral_policy,0.6666666666666666,0.2857142857142857,1,1
1acb5eaac67970c36b030bdb1965eee55175dc7bf89913e8aa68dd42505def56,wolf_kill,9,train,seat_order_neutral_policy,0.6666666666666666,0.8571428571428571,4,1
1acb5eaac67970c36b030bdb1965eee55175dc7bf89913e8aa68dd42505def56,wolf_kill,10,train,seat_order_neutral_policy,0.6666666666666666,0.7142857142857143,4,4
1acb5eaac67970c36b030bdb1965eee55175dc7bf89913e8aa68dd42505def56,wolf_kill,8,train,seat_order_neutral_policy,1.0,0.8571428571428571,4,1
1acb5eaac67970c36b030bdb1965eee55175dc7bf89913e8aa68dd42505def56,wolf_kill,4,train,seat_order_neutral_policy,0.6666666666666666,0.8571428571428571,4,1
0bca4cdaecfc18bbd303b26866919ee588e00e0e42f1ffd9c19a757a8674ade6,day_vote,8,train,seat_order_neutral_policy,0.3333333333333333,0.0,2,4
0bca4cdaecfc18bbd303b26866919ee588e00e0e42f1ffd9c19a757a8674ade6,day_vote,1,train,seat_order_neutral_policy,0.6666666666666666,0.2857142857142857,2,2
0bca4cdaecfc18bbd303b26866919ee588e00e0e42f1ffd9c19a757a8674ade6,day_vote,2,train,seat_order_neutral_policy,0.6666666666666666,0.42857142857142855,2,1
0bca4cdaecfc18bbd303b26866919ee588e00e0e42f1ffd9c19a757a8674ade6,day_vote,5,train,seat_order_neutral_policy,1.0,0.14285714285714285,2,3
7bbbb738bb5194542dd1530ec396a37cbeaa7bb07e4d829ec1cd317b1a818cc9,seer_check,2,validation,seat_order_neutral_policy,1.0,0.14285714285714285,1,3
7bbbb738bb5194542dd1530ec396a37cbeaa7bb07e4d829ec1cd317b1a818cc9,seer_check,1,validation,seat_order_neutral_policy,0.6666666666666666,0.5714285714285714,1,1
7bbbb738bb5194542dd1530ec396a37cbeaa7bb07e4d829ec1cd317b1a818cc9,seer_check,4,validation,seat_order_neutral_policy,1.0,0.42857142857142855,1,2
7bbbb738bb5194542dd1530ec396a37cbeaa7bb07e4d829ec1cd317b1a818cc9,seer_check,10,validation,seat_order_neutral_policy,0.3333333333333333,0.14285714285714285,1,3
fb180690ac8ed3f8a9ebe8c6aacfd7e19b9705cd6f263428829ac0f03f4312d1,wolf_kill,8,validation,seat_order_neutral_policy,0.6666666666666666,0.2857142857142857,1,4
fb180690ac8ed3f8a9ebe8c6aacfd7e19b9705cd6f263428829ac0f03f4312d1,wolf_kill,1,validation,seat_order_neutral_policy,0.6666666666666666,0.7142857142857143,1,1
fb180690ac8ed3f8a9ebe8c6aacfd7e19b9705cd6f263428829ac0f03f4312d1,wolf_kill,6,validation,seat_order_neutral_policy,0.3333333333333333,0.5714285714285714,1,2
fb180690ac8ed3f8a9ebe8c6aacfd7e19b9705cd6f263428829ac0f03f4312d1,wolf_kill,5,validation,seat_order_neutral_policy,1.0,0.5714285714285714,1,2
1eee27ea3791d8a6affb3a63858fcdd3b876dd1928621fee2a441762896a6c51,day_vote,8,validation,seat_order_neutral_policy,0.3333333333333333,0.5714285714285714,8,1
1eee27ea3791d8a6affb3a63858fcdd3b876dd1928621fee2a441762896a6c51,day_vote,2,validation,seat_order_neutral_policy,0.6666666666666666,0.2857142857142857,8,4
1eee27ea3791d8a6affb3a63858fcdd3b876dd1928621fee2a441762896a6c51,day_vote,9,validation,seat_order_neutral_policy,1.0,0.42857142857142855,8,2
1eee27ea3791d8a6affb3a63858fcdd3b876dd1928621fee2a441762896a6c51,day_vote,5,validation,seat_order_neutral_policy,0.6666666666666666,0.42857142857142855,8,2
acc345e956e58c06f4d20a770a663787f3dfbdcacdea7fd7665e1f2b8a52d40a,seer_check,3,validation,seat_order_neutral_policy,0.6666666666666666,0.2857142857142857,10,1
acc345e956e58c06f4d20a770a663787f3dfbdcacdea7fd7665e1f2b8a52d40a,seer_check,1,validation,seat_order_neutral_policy,1.0,0.0,10,3
acc345e956e58c06f4d20a770a663787f3dfbdcacdea7fd7665e1f2b8a52d40a,seer_check,4,validation,seat_order_neutral_policy,0.6666666666666666,0.0,10,3
acc345e956e58c06f4d20a770a663787f3dfbdcacdea7fd7665e1f2b8a52d40a,seer_check,10,validation,seat_order_neutral_policy,1.0,0.2857142857142857,10,1
bac00e6521f647c86414730d74e6efab86a76c0256af677a47f63b32a630f5d2,wolf_kill,9,validation,seat_order_neutral_policy,0.6666666666666666,0.7142857142857143,2,1
bac00e6521f647c86414730d74e6efab86a76c0256af677a47f63b32a630f5d2,wolf_kill,2,validation,seat_order_neutral_policy,0.6666666666666666,0.7142857142857143,2,1
bac00e6521f647c86414730d74e6efab86a76c0256af677a47f63b32a630f5d2,wolf_kill,5,validation,seat_order_neutral_policy,0.6666666666666666,0.7142857142857143,2,1
bac00e6521f647c86414730d74e6efab86a76c0256af677a47f63b32a630f5d2,wolf_kill,8,validation,seat_order_neutral_policy,0.6666666666666666,0.7142857142857143,2,1
84165d9e435fe10e553b001187e25874a240da281e8e4271fbce27dda735699d,day_vote,9,validation,seat_order_neutral_policy,0.0,0.2857142857142857,2,1
84165d9e435fe10e553b001187e25874a240da281e8e4271fbce27dda735699d,day_vote,3,validation,seat_order_neutral_policy,0.6666666666666666,0.14285714285714285,2,3
84165d9e435fe10e553b001187e25874a240da281e8e4271fbce27dda735699d,day_vote,6,validation,seat_order_neutral_policy,0.3333333333333333,0.14285714285714285,2,3
84165d9e435fe10e553b001187e25874a240da281e8e4271fbce27dda735699d,day_vote,2,validation,seat_order_neutral_policy,0.6666666666666666,0.2857142857142857,2,1
79004f8e757c87aba719ce14e3835c9a58dcace7e26a7065eba8565cd7bdc69d,seer_check,1,final_test,seat_order_neutral_policy,1.0,0.5714285714285714,1,1
79004f8e757c87aba719ce14e3835c9a58dcace7e26a7065eba8565cd7bdc69d,seer_check,10,final_test,seat_order_neutral_policy,1.0,0.2857142857142857,1,2
79004f8e757c87aba719ce14e3835c9a58dcace7e26a7065eba8565cd7bdc69d,seer_check,3,final_test,seat_order_neutral_policy,1.0,0.14285714285714285,1,4
79004f8e757c87aba719ce14e3835c9a58dcace7e26a7065eba8565cd7bdc69d,seer_check,7,final_test,seat_order_neutral_policy,0.6666666666666666,0.2857142857142857,1,2
186de26c43242820ef074c0793630e6b54970dd665e1dcfde9a8444a8264c068,wolf_kill,8,final_test,seat_order_neutral_policy,0.3333333333333333,0.2857142857142857,2,4
186de26c43242820ef074c0793630e6b54970dd665e1dcfde9a8444a8264c068,wolf_kill,2,final_test,seat_order_neutral_policy,1.0,0.8571428571428571,2,1
186de26c43242820ef074c0793630e6b54970dd665e1dcfde9a8444a8264c068,wolf_kill,4,final_test,seat_order_neutral_policy,0.6666666666666666,0.42857142857142855,2,3
186de26c43242820ef074c0793630e6b54970dd665e1dcfde9a8444a8264c068,wolf_kill,5,final_test,seat_order_neutral_policy,1.0,0.7142857142857143,2,2
eb49aaa259403d949eabef09dc4da31ebb98762708383b4c3b6e86c410a7c36c,day_vote,6,final_test,seat_order_neutral_policy,1.0,0.2857142857142857,1,2
eb49aaa259403d949eabef09dc4da31ebb98762708383b4c3b6e86c410a7c36c,day_vote,1,final_test,seat_order_neutral_policy,0.6666666666666666,0.42857142857142855,1,1
eb49aaa259403d949eabef09dc4da31ebb98762708383b4c3b6e86c410a7c36c,day_vote,8,final_test,seat_order_neutral_policy,0.3333333333333333,0.14285714285714285,1,3
eb49aaa259403d949eabef09dc4da31ebb98762708383b4c3b6e86c410a7c36c,day_vote,3,final_test,seat_order_neutral_policy,0.6666666666666666,0.14285714285714285,1,3
d8ae5db009480ca5ab936284fd8abdfefc526b6cde9156d4ce727e24c08e77b4,seer_check,7,final_test,seat_order_neutral_policy,1.0,0.42857142857142855,1,1
d8ae5db009480ca5ab936284fd8abdfefc526b6cde9156d4ce727e24c08e77b4,seer_check,1,final_test,seat_order_neutral_policy,1.0,0.42857142857142855,1,1
d8ae5db009480ca5ab936284fd8abdfefc526b6cde9156d4ce727e24c08e77b4,seer_check,4,final_test,seat_order_neutral_policy,0.6666666666666666,0.2857142857142857,1,3
d8ae5db009480ca5ab936284fd8abdfefc526b6cde9156d4ce727e24c08e77b4,seer_check,2,final_test,seat_order_neutral_policy,1.0,0.2857142857142857,1,3
85bc33dc95fcfc21c54d7f98ad8d36f045c7d97c26a27c45006b9337f7d75bbe,wolf_kill,9,final_test,seat_order_neutral_policy,0.6666666666666666,0.42857142857142855,3,2
85bc33dc95fcfc21c54d7f98ad8d36f045c7d97c26a27c45006b9337f7d75bbe,wolf_kill,10,final_test,seat_order_neutral_policy,1.0,0.42857142857142855,3,2
85bc33dc95fcfc21c54d7f98ad8d36f045c7d97c26a27c45006b9337f7d75bbe,wolf_kill,3,final_test,seat_order_neutral_policy,1.0,0.7142857142857143,3,1
85bc33dc95fcfc21c54d7f98ad8d36f045c7d97c26a27c45006b9337f7d75bbe,wolf_kill,6,final_test,seat_order_neutral_policy,0.6666666666666666,0.42857142857142855,3,2
9b0e3ab1f927df88a7e4638e2351965a722a65174df57968cd343e3e622614a0,day_vote,1,final_test,seat_order_neutral_policy,0.6666666666666666,0.2857142857142857,7,2
9b0e3ab1f927df88a7e4638e2351965a722a65174df57968cd343e3e622614a0,day_vote,7,final_test,seat_order_neutral_policy,0.6666666666666666,0.42857142857142855,7,1
9b0e3ab1f927df88a7e4638e2351965a722a65174df57968cd343e3e622614a0,day_vote,5,final_test,seat_order_neutral_policy,0.3333333333333333,0.2857142857142857,7,2
9b0e3ab1f927df88a7e4638e2351965a722a65174df57968cd343e3e622614a0,day_vote,2,final_test,seat_order_neutral_policy,1.0,0.2857142857142857,7,2
d625675f5a02b5f8b7aab464b4c05d0558ede09f0eb46cf1885cb7fcee2b5c6f,seer_check,9,final_test,seat_order_neutral_policy,1.0,0.2857142857142857,4,4
d625675f5a02b5f8b7aab464b4c05d0558ede09f0eb46cf1885cb7fcee2b5c6f,seer_check,1,final_test,seat_order_neutral_policy,0.3333333333333333,0.42857142857142855,4,3
d625675f5a02b5f8b7aab464b4c05d0558ede09f0eb46cf1885cb7fcee2b5c6f,seer_check,4,final_test,seat_order_neutral_policy,0.3333333333333333,0.7142857142857143,4,1
d625675f5a02b5f8b7aab464b4c05d0558ede09f0eb46cf1885cb7fcee2b5c6f,seer_check,7,final_test,seat_order_neutral_policy,1.0,0.7142857142857143,4,1
a104c3b601dd722c56ceb493af87f64e1d9193a67580010af08e4077c2221a4f,wolf_kill,1,final_test,seat_order_neutral_policy,0.6666666666666666,0.7142857142857143,1,1
a104c3b601dd722c56ceb493af87f64e1d9193a67580010af08e4077c2221a4f,wolf_kill,4,final_test,seat_order_neutral_policy,0.3333333333333333,0.42857142857142855,1,4
a104c3b601dd722c56ceb493af87f64e1d9193a67580010af08e4077c2221a4f,wolf_kill,9,final_test,seat_order_neutral_policy,1.0,0.7142857142857143,1,1
a104c3b601dd722c56ceb493af87f64e1d9193a67580010af08e4077c2221a4f,wolf_kill,3,final_test,seat_order_neutral_policy,0.6666666666666666,0.7142857142857143,1,1
fd3cc61e2019d25dc42d4e609b0522841ffb9f11666cd9a23e11c2ea8607f4ea,day_vote,3,final_test,seat_order_neutral_policy,0.0,0.0,1,3
fd3cc61e2019d25dc42d4e609b0522841ffb9f11666cd9a23e11c2ea8607f4ea,day_vote,1,final_test,seat_order_neutral_policy,0.3333333333333333,0.42857142857142855,1,1
fd3cc61e2019d25dc42d4e609b0522841ffb9f11666cd9a23e11c2ea8607f4ea,day_vote,4,final_test,seat_order_neutral_policy,0.3333333333333333,0.2857142857142857,1,2
fd3cc61e2019d25dc42d4e609b0522841ffb9f11666cd9a23e11c2ea8607f4ea,day_vote,6,final_test,seat_order_neutral_policy,0.6666666666666666,0.0,1,3
beb8e2a61028dec830fc33e2c689b0de3355c62fb8a0e9db723f26cf5f4c7d47,seer_check,3,final_test,seat_order_neutral_policy,1.0,0.42857142857142855,3,1
beb8e2a61028dec830fc33e2c689b0de3355c62fb8a0e9db723f26cf5f4c7d47,seer_check,1,final_test,seat_order_neutral_policy,0.0,0.2857142857142857,3,2
beb8e2a61028dec830fc33e2c689b0de3355c62fb8a0e9db723f26cf5f4c7d47,seer_check,6,final_test,seat_order_neutral_policy,0.3333333333333333,0.14285714285714285,3,4
beb8e2a61028dec830fc33e2c689b0de3355c62fb8a0e9db723f26cf5f4c7d47,seer_check,9,final_test,seat_order_neutral_policy,1.0,0.2857142857142857,3,2
783cec87d7bef1b513998a625c9b622d0d910116021824da69f2777cc821788a,wolf_kill,9,final_test,seat_order_neutral_policy,0.3333333333333333,0.7142857142857143,10,3
783cec87d7bef1b513998a625c9b622d0d910116021824da69f2777cc821788a,wolf_kill,1,final_test,seat_order_neutral_policy,0.3333333333333333,0.5714285714285714,10,4
783cec87d7bef1b513998a625c9b622d0d910116021824da69f2777cc821788a,wolf_kill,10,final_test,seat_order_neutral_policy,0.3333333333333333,0.8571428571428571,10,1
783cec87d7bef1b513998a625c9b622d0d910116021824da69f2777cc821788a,wolf_kill,4,final_test,seat_order_neutral_policy,0.6666666666666666,0.8571428571428571,10,1
82d0427a1cd8a526dfcf8eb2b202e6b1cc34cec910e59dbed6b6a5d42969f1fb,day_vote,3,final_test,seat_order_neutral_policy,0.3333333333333333,0.42857142857142855,10,4
82d0427a1cd8a526dfcf8eb2b202e6b1cc34cec910e59dbed6b6a5d42969f1fb,day_vote,10,final_test,seat_order_neutral_policy,0.3333333333333333,0.8571428571428571,10,1
82d0427a1cd8a526dfcf8eb2b202e6b1cc34cec910e59dbed6b6a5d42969f1fb,day_vote,7,final_test,seat_order_neutral_policy,1.0,0.7142857142857143,10,2
82d0427a1cd8a526dfcf8eb2b202e6b1cc34cec910e59dbed6b6a5d42969f1fb,day_vote,9,final_test,seat_order_neutral_policy,0.3333333333333333,0.5714285714285714,10,3
52363341af0f40d47f1ce9ae6514a1d247801342a66ad9e585799226a2850b4f,seer_check,4,train,speech_and_herding_policy,0.3333333333333333,0.14285714285714285,2,3
52363341af0f40d47f1ce9ae6514a1d247801342a66ad9e585799226a2850b4f,seer_check,10,train,speech_and_herding_policy,0.6666666666666666,0.14285714285714285,2,3
52363341af0f40d47f1ce9ae6514a1d247801342a66ad9e585799226a2850b4f,seer_check,2,train,speech_and_herding_policy,0.6666666666666666,0.2857142857142857,2,1
52363341af0f40d47f1ce9ae6514a1d247801342a66ad9e585799226a2850b4f,seer_check,5,train,speech_and_herding_policy,0.3333333333333333,0.2857142857142857,2,1
4808798129822d1cd00462285a04d2add6cadc25442d29c2cfd3394c40f9e62d,wolf_kill,1,train,speech_and_herding_policy,0.6666666666666666,0.8571428571428571,1,1
4808798129822d1cd00462285a04d2add6cadc25442d29c2cfd3394c40f9e62d,wolf_kill,9,train,speech_and_herding_policy,1.0,0.7142857142857143,1,3
4808798129822d1cd00462285a04d2add6cadc25442d29c2cfd3394c40f9e62d,wolf_kill,3,train,speech_and_herding_policy,0.6666666666666666,0.42857142857142855,1,4
4808798129822d1cd00462285a04d2add6cadc25442d29c2cfd3394c40f9e62d,wolf_kill,6,train,speech_and_herding_policy,0.6666666666666666,0.8571428571428571,1,1
498ab19a7315f910a6710c726052e4ef9c57157ba2c6fef4a951778e9ac4dfd8,day_vote,9,train,speech_and_herding_policy,0.6666666666666666,0.14285714285714285,10,2
498ab19a7315f910a6710c726052e4ef9c57157ba2c6fef4a951778e9ac4dfd8,day_vote,10,train,speech_and_herding_policy,1.0,0.2857142857142857,10,1
498ab19a7315f910a6710c726052e4ef9c57157ba2c6fef4a951778e9ac4dfd8,day_vote,8,train,speech_and_herding_policy,0.6666666666666666,0.0,10,3
498ab19a7315f910a6710c726052e4ef9c57157ba2c6fef4a951778e9ac4dfd8,day_vote,4,train,speech_and_herding_policy,0.6666666666666666,0.0,10,3
cfb7064608f189b773cdcb539e9a314d9d273dfda3f29d72b434b3f817314b64,seer_check,4,train,speech_and_herding_policy,0.3333333333333333,0.5714285714285714,1,1
cfb7064608f189b773cdcb539e9a314d9d273dfda3f29d72b434b3f817314b64,seer_check,1,train,speech_and_herding_policy,1.0,0.5714285714285714,1,1
cfb7064608f189b773cdcb539e9a314d9d273dfda3f29d72b434b3f817314b64,seer_check,3,train,speech_and_herding_policy,0.0,0.5714285714285714,1,1
cfb7064608f189b773cdcb539e9a314d9d273dfda3f29d72b434b3f817314b64,seer_check,10,train,speech_and_herding_policy,0.6666666666666666,0.42857142857142855,1,4
1c8ac0cdcb3c1831ffc3d3af42369bc131c2d05d2c9c67263d5bd4b747afa60d,wolf_kill,6,train,speech_and_herding_policy,0.6666666666666666,0.42857142857142855,4,3
1c8ac0cdcb3c1831ffc3d3af42369bc131c2d05d2c9c67263d5bd4b747afa60d,wolf_kill,2,train,speech_and_herding_policy,0.6666666666666666,0.42857142857142855,4,3
1c8ac0cdcb3c1831ffc3d3af42369bc131c2d05d2c9c67263d5bd4b747afa60d,wolf_kill,5,train,speech_and_herding_policy,0.6666666666666666,0.5714285714285714,4,1
1c8ac0cdcb3c1831ffc3d3af42369bc131c2d05d2c9c67263d5bd4b747afa60d,wolf_kill,4,train,speech_and_herding_policy,0.3333333333333333,0.5714285714285714,4,1
67b2a413ba6e559e697575825a57ca9a7f2dd61d1c5c795629cabd856c6e9902,day_vote,8,train,speech_and_herding_policy,0.6666666666666666,0.8571428571428571,4,1
67b2a413ba6e559e697575825a57ca9a7f2dd61d1c5c795629cabd856c6e9902,day_vote,10,train,speech_and_herding_policy,0.0,0.7142857142857143,4,3
67b2a413ba6e559e697575825a57ca9a7f2dd61d1c5c795629cabd856c6e9902,day_vote,6,train,speech_and_herding_policy,0.6666666666666666,0.5714285714285714,4,4
67b2a413ba6e559e697575825a57ca9a7f2dd61d1c5c795629cabd856c6e9902,day_vote,4,train,speech_and_herding_policy,1.0,0.8571428571428571,4,1
673eab0017a48449727bdc050f47fcad1bde6ed1c3f13d8230a704494d3e5654,seer_check,8,train,speech_and_herding_policy,0.0,0.14285714285714285,7,3
673eab0017a48449727bdc050f47fcad1bde6ed1c3f13d8230a704494d3e5654,seer_check,1,train,speech_and_herding_policy,0.3333333333333333,0.0,7,4
673eab0017a48449727bdc050f47fcad1bde6ed1c3f13d8230a704494d3e5654,seer_check,5,train,speech_and_herding_policy,0.3333333333333333,0.42857142857142855,7,2
673eab0017a48449727bdc050f47fcad1bde6ed1c3f13d8230a704494d3e5654,seer_check,7,train,speech_and_herding_policy,1.0,0.5714285714285714,7,1
c4b657156d4859f4fa0876d7f7a593c9087f66921e8929213e31f1dad3307720,wolf_kill,10,train,speech_and_herding_policy,0.6666666666666666,0.8571428571428571,1,1
c4b657156d4859f4fa0876d7f7a593c9087f66921e8929213e31f1dad3307720,wolf_kill,1,train,speech_and_herding_policy,0.3333333333333333,0.8571428571428571,1,1
c4b657156d4859f4fa0876d7f7a593c9087f66921e8929213e31f1dad3307720,wolf_kill,3,train,speech_and_herding_policy,0.6666666666666666,0.8571428571428571,1,1
c4b657156d4859f4fa0876d7f7a593c9087f66921e8929213e31f1dad3307720,wolf_kill,5,train,speech_and_herding_policy,0.3333333333333333,0.7142857142857143,1,4
05da491b0de3492fe5dde256588040226ca0ac7c6335e0d5342ca775e432de83,day_vote,4,train,speech_and_herding_policy,0.6666666666666666,0.2857142857142857,10,2
05da491b0de3492fe5dde256588040226ca0ac7c6335e0d5342ca775e432de83,day_vote,10,train,speech_and_herding_policy,0.6666666666666666,0.5714285714285714,10,1
05da491b0de3492fe5dde256588040226ca0ac7c6335e0d5342ca775e432de83,day_vote,7,train,speech_and_herding_policy,1.0,0.2857142857142857,10,2
05da491b0de3492fe5dde256588040226ca0ac7c6335e0d5342ca775e432de83,day_vote,2,train,speech_and_herding_policy,0.0,0.0,10,4
9d9066eedc2e506c691f6aff89f4b22e005da52e0492c4e673ae71e1d51460cc,seer_check,4,train,speech_and_herding_policy,0.6666666666666666,0.5714285714285714,1,2
9d9066eedc2e506c691f6aff89f4b22e005da52e0492c4e673ae71e1d51460cc,seer_check,1,train,speech_and_herding_policy,1.0,0.7142857142857143,1,1
9d9066eedc2e506c691f6aff89f4b22e005da52e0492c4e673ae71e1d51460cc,seer_check,9,train,speech_and_herding_policy,0.6666666666666666,0.42857142857142855,1,3
9d9066eedc2e506c691f6aff89f4b22e005da52e0492c4e673ae71e1d51460cc,seer_check,10,train,speech_and_herding_policy,0.6666666666666666,0.42857142857142855,1,3
8eefb11dadedc38f8f72f499b160c50229df18a190330c4147fabd303108032b,wolf_kill,3,train,speech_and_herding_policy,0.6666666666666666,0.7142857142857143,10,2
8eefb11dadedc38f8f72f499b160c50229df18a190330c4147fabd303108032b,wolf_kill,10,train,speech_and_herding_policy,0.6666666666666666,0.8571428571428571,10,1
8eefb11dadedc38f8f72f499b160c50229df18a190330c4147fabd303108032b,wolf_kill,7,train,speech_and_herding_policy,0.6666666666666666,0.7142857142857143,10,2
8eefb11dadedc38f8f72f499b160c50229df18a190330c4147fabd303108032b,wolf_kill,5,train,speech_and_herding_policy,0.6666666666666666,0.5714285714285714,10,4
8809f06e2416dd70c51f4576ab85b350155b045e054e18728b3e4e9714d26a31,day_vote,5,train,speech_and_herding_policy,1.0,1.0,5,1
8809f06e2416dd70c51f4576ab85b350155b045e054e18728b3e4e9714d26a31,day_vote,10,train,speech_and_herding_policy,0.6666666666666666,0.7142857142857143,5,4
8809f06e2416dd70c51f4576ab85b350155b045e054e18728b3e4e9714d26a31,day_vote,4,train,speech_and_herding_policy,0.3333333333333333,0.8571428571428571,5,2
8809f06e2416dd70c51f4576ab85b350155b045e054e18728b3e4e9714d26a31,day_vote,7,train,speech_and_herding_policy,1.0,0.8571428571428571,5,2
a1315f60340aa6950af1dae88296e44af20e6974dc9aa582082686a010f19fae,seer_check,10,train,speech_and_herding_policy,0.3333333333333333,0.0,8,3
a1315f60340aa6950af1dae88296e44af20e6974dc9aa582082686a010f19fae,seer_check,7,train,speech_and_herding_policy,1.0,0.42857142857142855,8,2
a1315f60340aa6950af1dae88296e44af20e6974dc9aa582082686a010f19fae,seer_check,5,train,speech_and_herding_policy,0.0,0.0,8,3
a1315f60340aa6950af1dae88296e44af20e6974dc9aa582082686a010f19fae,seer_check,8,train,speech_and_herding_policy,0.3333333333333333,0.7142857142857143,8,1
647259eaa36e162c2319c6d737959fcc1563920ec64e2a2c8431d01c885632be,wolf_kill,1,train,speech_and_herding_policy,0.6666666666666666,0.8571428571428571,2,3
647259eaa36e162c2319c6d737959fcc1563920ec64e2a2c8431d01c885632be,wolf_kill,3,train,speech_and_herding_policy,1.0,0.7142857142857143,2,4
647259eaa36e162c2319c6d737959fcc1563920ec64e2a2c8431d01c885632be,wolf_kill,2,train,speech_and_herding_policy,1.0,1.0,2,1
647259eaa36e162c2319c6d737959fcc1563920ec64e2a2c8431d01c885632be,wolf_kill,4,train,speech_and_herding_policy,0.6666666666666666,1.0,2,1
156e5e3d670af7d96c2f4b1241cde06426d1cb4a46227496a34f1fc34fe7e5db,day_vote,3,train,speech_and_herding_policy,0.6666666666666666,0.14285714285714285,10,2
156e5e3d670af7d96c2f4b1241cde06426d1cb4a46227496a34f1fc34fe7e5db,day_vote,10,train,speech_and_herding_policy,0.3333333333333333,0.42857142857142855,10,1
156e5e3d670af7d96c2f4b1241cde06426d1cb4a46227496a34f1fc34fe7e5db,day_vote,4,train,speech_and_herding_policy,0.6666666666666666,0.0,10,4
156e5e3d670af7d96c2f4b1241cde06426d1cb4a46227496a34f1fc34fe7e5db,day_vote,2,train,speech_and_herding_policy,0.0,0.14285714285714285,10,2
34d7089d83a42018cd3005389f40182f184937190c7336068d3af0de74ed7856,seer_check,6,train,speech_and_herding_policy,0.3333333333333333,0.7142857142857143,6,1
34d7089d83a42018cd3005389f40182f184937190c7336068d3af0de74ed7856,seer_check,1,train,speech_and_herding_policy,1.0,0.14285714285714285,6,3
34d7089d83a42018cd3005389f40182f184937190c7336068d3af0de74ed7856,seer_check,4,train,speech_and_herding_policy,0.6666666666666666,0.0,6,4
34d7089d83a42018cd3005389f40182f184937190c7336068d3af0de74ed7856,seer_check,9,train,speech_and_herding_policy,0.0,0.42857142857142855,6,2
09fe26be9abe71c27d6bfc360d69fa7327da439f1c51649f12b208b7f0ee5906,wolf_kill,7,train,speech_and_herding_policy,1.0,0.42857142857142855,1,3
09fe26be9abe71c27d6bfc360d69fa7327da439f1c51649f12b208b7f0ee5906,wolf_kill,1,train,speech_and_herding_policy,0.0,0.7142857142857143,1,1
09fe26be9abe71c27d6bfc360d69fa7327da439f1c51649f12b208b7f0ee5906,wolf_kill,9,train,speech_and_herding_policy,1.0,0.42857142857142855,1,3
09fe26be9abe71c27d6bfc360d69fa7327da439f1c51649f12b208b7f0ee5906,wolf_kill,6,train,speech_and_herding_policy,0.3333333333333333,0.5714285714285714,1,2
e4fb2e6e4dafddbd33577ae8e86edd195c1768ab051a8d821e8cec0027657514,day_vote,8,train,speech_and_herding_policy,0.6666666666666666,0.7142857142857143,8,1
e4fb2e6e4dafddbd33577ae8e86edd195c1768ab051a8d821e8cec0027657514,day_vote,10,train,speech_and_herding_policy,1.0,0.42857142857142855,8,3
e4fb2e6e4dafddbd33577ae8e86edd195c1768ab051a8d821e8cec0027657514,day_vote,5,train,speech_and_herding_policy,0.6666666666666666,0.5714285714285714,8,2
e4fb2e6e4dafddbd33577ae8e86edd195c1768ab051a8d821e8cec0027657514,day_vote,6,train,speech_and_herding_policy,0.3333333333333333,0.2857142857142857,8,4
d2453d78b656a223d65dd1c65735ff94a7f4368e4f9fc9f0afe30e3e9488bda3,seer_check,4,validation,speech_and_herding_policy,0.6666666666666666,0.0,8,4
d2453d78b656a223d65dd1c65735ff94a7f4368e4f9fc9f0afe30e3e9488bda3,seer_check,10,validation,speech_and_herding_policy,0.3333333333333333,0.14285714285714285,8,3
d2453d78b656a223d65dd1c65735ff94a7f4368e4f9fc9f0afe30e3e9488bda3,seer_check,7,validation,speech_and_herding_policy,0.3333333333333333,0.2857142857142857,8,2
d2453d78b656a223d65dd1c65735ff94a7f4368e4f9fc9f0afe30e3e9488bda3,seer_check,8,validation,speech_and_herding_policy,1.0,0.5714285714285714,8,1
2235b17abeca09b511183836dc2be89a9ca34472aca0129cb39c683b869073a2,wolf_kill,1,validation,speech_and_herding_policy,1.0,0.8571428571428571,10,3
2235b17abeca09b511183836dc2be89a9ca34472aca0129cb39c683b869073a2,wolf_kill,4,validation,speech_and_herding_policy,0.6666666666666666,0.7142857142857143,10,4
2235b17abeca09b511183836dc2be89a9ca34472aca0129cb39c683b869073a2,wolf_kill,10,validation,speech_and_herding_policy,0.3333333333333333,1.0,10,1
2235b17abeca09b511183836dc2be89a9ca34472aca0129cb39c683b869073a2,wolf_kill,3,validation,speech_and_herding_policy,0.3333333333333333,1.0,10,1
dc5a799cdd54c51616c909f37ea4abc27b18b6777f45bc2240ce1003a846af70,day_vote,3,validation,speech_and_herding_policy,0.3333333333333333,0.2857142857142857,4,2
dc5a799cdd54c51616c909f37ea4abc27b18b6777f45bc2240ce1003a846af70,day_vote,10,validation,speech_and_herding_policy,0.3333333333333333,0.0,4,4
dc5a799cdd54c51616c909f37ea4abc27b18b6777f45bc2240ce1003a846af70,day_vote,6,validation,speech_and_herding_policy,0.3333333333333333,0.14285714285714285,4,3
dc5a799cdd54c51616c909f37ea4abc27b18b6777f45bc2240ce1003a846af70,day_vote,4,validation,speech_and_herding_policy,1.0,0.42857142857142855,4,1
6472a6f33bfee24a3c2d2ea2de7e07694bf1853ad9d1c96382c3bb9931cb490d,seer_check,10,validation,speech_and_herding_policy,1.0,0.14285714285714285,1,3
6472a6f33bfee24a3c2d2ea2de7e07694bf1853ad9d1c96382c3bb9931cb490d,seer_check,1,validation,speech_and_herding_policy,0.3333333333333333,0.2857142857142857,1,1
6472a6f33bfee24a3c2d2ea2de7e07694bf1853ad9d1c96382c3bb9931cb490d,seer_check,3,validation,speech_and_herding_policy,0.6666666666666666,0.0,1,4
6472a6f33bfee24a3c2d2ea2de7e07694bf1853ad9d1c96382c3bb9931cb490d,seer_check,9,validation,speech_and_herding_policy,1.0,0.2857142857142857,1,1
4e3749b4014f555426daa5739563d16ba3c5cf716df34e70a60823ad2dc78626,wolf_kill,4,validation,speech_and_herding_policy,0.6666666666666666,0.42857142857142855,5,4
4e3749b4014f555426daa5739563d16ba3c5cf716df34e70a60823ad2dc78626,wolf_kill,1,validation,speech_and_herding_policy,0.6666666666666666,0.7142857142857143,5,2
4e3749b4014f555426daa5739563d16ba3c5cf716df34e70a60823ad2dc78626,wolf_kill,5,validation,speech_and_herding_policy,0.6666666666666666,0.8571428571428571,5,1
4e3749b4014f555426daa5739563d16ba3c5cf716df34e70a60823ad2dc78626,wolf_kill,8,validation,speech_and_herding_policy,0.3333333333333333,0.7142857142857143,5,2
29ac27a4169a8aa95a74b07e828222aa85987873a3948069bf8d30f6f376a00b,day_vote,9,validation,speech_and_herding_policy,0.0,0.0,3,4
29ac27a4169a8aa95a74b07e828222aa85987873a3948069bf8d30f6f376a00b,day_vote,10,validation,speech_and_herding_policy,0.3333333333333333,0.14285714285714285,3,3
29ac27a4169a8aa95a74b07e828222aa85987873a3948069bf8d30f6f376a00b,day_vote,3,validation,speech_and_herding_policy,1.0,0.5714285714285714,3,1
29ac27a4169a8aa95a74b07e828222aa85987873a3948069bf8d30f6f376a00b,day_vote,8,validation,speech_and_herding_policy,0.3333333333333333,0.42857142857142855,3,2
d86907bb93988a259fd28c08cd93019b3a25fc00ea21703dc5843262d5bef358,seer_check,7,final_test,speech_and_herding_policy,1.0,0.0,1,4
d86907bb93988a259fd28c08cd93019b3a25fc00ea21703dc5843262d5bef358,seer_check,1,final_test,speech_and_herding_policy,0.3333333333333333,0.2857142857142857,1,1
d86907bb93988a259fd28c08cd93019b3a25fc00ea21703dc5843262d5bef358,seer_check,10,final_test,speech_and_herding_policy,0.6666666666666666,0.2857142857142857,1,1
d86907bb93988a259fd28c08cd93019b3a25fc00ea21703dc5843262d5bef358,seer_check,6,final_test,speech_and_herding_policy,0.6666666666666666,0.14285714285714285,1,3
482b6d4e7d482c7b22f085837747e939f939f6939c3bd623e9ae2bd459b0e427,wolf_kill,8,final_test,speech_and_herding_policy,1.0,0.8571428571428571,1,1
482b6d4e7d482c7b22f085837747e939f939f6939c3bd623e9ae2bd459b0e427,wolf_kill,1,final_test,speech_and_herding_policy,0.3333333333333333,0.8571428571428571,1,1
482b6d4e7d482c7b22f085837747e939f939f6939c3bd623e9ae2bd459b0e427,wolf_kill,10,final_test,speech_and_herding_policy,0.3333333333333333,0.8571428571428571,1,1
482b6d4e7d482c7b22f085837747e939f939f6939c3bd623e9ae2bd459b0e427,wolf_kill,6,final_test,speech_and_herding_policy,0.3333333333333333,0.7142857142857143,1,4
4f1fdd2e56e8f830a2806898b4d308a1207f739a8ada1cc2be33c345d58a81c6,day_vote,9,final_test,speech_and_herding_policy,0.6666666666666666,0.42857142857142855,10,1
4f1fdd2e56e8f830a2806898b4d308a1207f739a8ada1cc2be33c345d58a81c6,day_vote,2,final_test,speech_and_herding_policy,0.0,0.14285714285714285,10,4
4f1fdd2e56e8f830a2806898b4d308a1207f739a8ada1cc2be33c345d58a81c6,day_vote,10,final_test,speech_and_herding_policy,0.0,0.42857142857142855,10,1
4f1fdd2e56e8f830a2806898b4d308a1207f739a8ada1cc2be33c345d58a81c6,day_vote,8,final_test,speech_and_herding_policy,0.0,0.42857142857142855,10,1
15b8f4192aab3e52a001e2553e76f9b9c1229e7a9f8f94537330e3fdaaaca292,seer_check,3,final_test,speech_and_herding_policy,1.0,0.2857142857142857,4,2
15b8f4192aab3e52a001e2553e76f9b9c1229e7a9f8f94537330e3fdaaaca292,seer_check,10,final_test,speech_and_herding_policy,0.3333333333333333,0.2857142857142857,4,2
15b8f4192aab3e52a001e2553e76f9b9c1229e7a9f8f94537330e3fdaaaca292,seer_check,4,final_test,speech_and_herding_policy,0.6666666666666666,0.5714285714285714,4,1
15b8f4192aab3e52a001e2553e76f9b9c1229e7a9f8f94537330e3fdaaaca292,seer_check,2,final_test,speech_and_herding_policy,0.3333333333333333,0.0,4,4
6033c4551689b804475028c032cc807f5842970f094963b65a4c9bd7708f2b29,wolf_kill,1,final_test,speech_and_herding_policy,1.0,0.7142857142857143,10,4
6033c4551689b804475028c032cc807f5842970f094963b65a4c9bd7708f2b29,wolf_kill,10,final_test,speech_and_herding_policy,1.0,0.8571428571428571,10,1
6033c4551689b804475028c032cc807f5842970f094963b65a4c9bd7708f2b29,wolf_kill,9,final_test,speech_and_herding_policy,0.6666666666666666,0.8571428571428571,10,1
6033c4551689b804475028c032cc807f5842970f094963b65a4c9bd7708f2b29,wolf_kill,8,final_test,speech_and_herding_policy,0.3333333333333333,0.8571428571428571,10,1
a0bdec93d7647925ef42a2c250fb61cd2adce654e7539d75bed9a6b2c38d4cee,day_vote,9,final_test,speech_and_herding_policy,0.3333333333333333,0.0,3,2
a0bdec93d7647925ef42a2c250fb61cd2adce654e7539d75bed9a6b2c38d4cee,day_vote,3,final_test,speech_and_herding_policy,1.0,0.2857142857142857,3,1
a0bdec93d7647925ef42a2c250fb61cd2adce654e7539d75bed9a6b2c38d4cee,day_vote,10,final_test,speech_and_herding_policy,0.0,0.0,3,2
a0bdec93d7647925ef42a2c250fb61cd2adce654e7539d75bed9a6b2c38d4cee,day_vote,8,final_test,speech_and_herding_policy,0.6666666666666666,0.0,3,2
92a501c5232c769d840bf2c1cd889e7a480d91ab61bccc14627478b49a29826e,seer_check,6,final_test,speech_and_herding_policy,1.0,0.0,9,2
92a501c5232c769d840bf2c1cd889e7a480d91ab61bccc14627478b49a29826e,seer_check,1,final_test,speech_and_herding_policy,0.3333333333333333,0.0,9,2
92a501c5232c769d840bf2c1cd889e7a480d91ab61bccc14627478b49a29826e,seer_check,4,final_test,speech_and_herding_policy,0.0,0.0,9,2
92a501c5232c769d840bf2c1cd889e7a480d91ab61bccc14627478b49a29826e,seer_check,9,final_test,speech_and_herding_policy,0.6666666666666666,0.2857142857142857,9,1
63288c56e0e5fd524fb3ddbcc34e04278e686e854d79177f5d990cf164c6acf1,wolf_kill,7,final_test,speech_and_herding_policy,0.6666666666666666,1.0,1,1
63288c56e0e5fd524fb3ddbcc34e04278e686e854d79177f5d990cf164c6acf1,wolf_kill,2,final_test,speech_and_herding_policy,0.3333333333333333,0.5714285714285714,1,4
63288c56e0e5fd524fb3ddbcc34e04278e686e854d79177f5d990cf164c6acf1,wolf_kill,1,final_test,speech_and_herding_policy,0.6666666666666666,1.0,1,1
63288c56e0e5fd524fb3ddbcc34e04278e686e854d79177f5d990cf164c6acf1,wolf_kill,8,final_test,speech_and_herding_policy,0.6666666666666666,0.7142857142857143,1,3
f46e85b4a6b174227f2a1ba30b8b2ea38a4092ee846cb87c68ed5e8249796a74,day_vote,9,final_test,speech_and_herding_policy,1.0,0.2857142857142857,10,3
f46e85b4a6b174227f2a1ba30b8b2ea38a4092ee846cb87c68ed5e8249796a74,day_vote,10,final_test,speech_and_herding_policy,0.6666666666666666,0.5714285714285714,10,1
f46e85b4a6b174227f2a1ba30b8b2ea38a4092ee846cb87c68ed5e8249796a74,day_vote,8,final_test,speech_and_herding_policy,0.0,0.0,10,4
f46e85b4a6b174227f2a1ba30b8b2ea38a4092ee846cb87c68ed5e8249796a74,day_vote,5,final_test,speech_and_herding_policy,0.6666666666666666,0.42857142857142855,10,2
3bb4ac102bcc0cb40cadfbc460de9401e51ab265464b8b1ffb3990299207a75c,seer_check,10,final_test,speech_and_herding_policy,0.6666666666666666,0.2857142857142857,7,2
3bb4ac102bcc0cb40cadfbc460de9401e51ab265464b8b1ffb3990299207a75c,seer_check,1,final_test,speech_and_herding_policy,1.0,0.2857142857142857,7,2
3bb4ac102bcc0cb40cadfbc460de9401e51ab265464b8b1ffb3990299207a75c,seer_check,5,final_test,speech_and_herding_policy,0.3333333333333333,0.0,7,4
3bb4ac102bcc0cb40cadfbc460de9401e51ab265464b8b1ffb3990299207a75c,seer_check,7,final_test,speech_and_herding_policy,1.0,0.42857142857142855,7,1
692f24f84489b006721c5e2bea779b01f9aa27473dbe592c14db8c696c8fbb7c,wolf_kill,8,final_test,speech_and_herding_policy,0.0,0.7142857142857143,7,2
692f24f84489b006721c5e2bea779b01f9aa27473dbe592c14db8c696c8fbb7c,wolf_kill,1,final_test,speech_and_herding_policy,0.3333333333333333,0.7142857142857143,7,2
692f24f84489b006721c5e2bea779b01f9aa27473dbe592c14db8c696c8fbb7c,wolf_kill,4,final_test,speech_and_herding_policy,0.3333333333333333,0.5714285714285714,7,4
692f24f84489b006721c5e2bea779b01f9aa27473dbe592c14db8c696c8fbb7c,wolf_kill,7,final_test,speech_and_herding_policy,0.3333333333333333,0.8571428571428571,7,1
1eb59aeecbd609820e22ae6c5ec6eb1fa8d6651269d792ad271a12bf441101f1,day_vote,2,final_test,speech_and_herding_policy,0.3333333333333333,0.42857142857142855,2,1
1eb59aeecbd609820e22ae6c5ec6eb1fa8d6651269d792ad271a12bf441101f1,day_vote,9,final_test,speech_and_herding_policy,0.6666666666666666,0.42857142857142855,2,1
1eb59aeecbd609820e22ae6c5ec6eb1fa8d6651269d792ad271a12bf441101f1,day_vote,7,final_test,speech_and_herding_policy,0.3333333333333333,0.14285714285714285,2,3
1eb59aeecbd609820e22ae6c5ec6eb1fa8d6651269d792ad271a12bf441101f1,day_vote,10,final_test,speech_and_herding_policy,0.0,0.14285714285714285,2,3
6597b68f0d5fb299422f7ffc7cf526860fdee01ab81e772e1ebca3af9f4e0270,seer_check,8,ood_test,deception_enabled_policy,0.3333333333333333,0.5714285714285714,6,2
6597b68f0d5fb299422f7ffc7cf526860fdee01ab81e772e1ebca3af9f4e0270,seer_check,1,ood_test,deception_enabled_policy,0.0,0.2857142857142857,6,4
6597b68f0d5fb299422f7ffc7cf526860fdee01ab81e772e1ebca3af9f4e0270,seer_check,2,ood_test,deception_enabled_policy,1.0,0.5714285714285714,6,2
6597b68f0d5fb299422f7ffc7cf526860fdee01ab81e772e1ebca3af9f4e0270,seer_check,6,ood_test,deception_enabled_policy,1.0,0.7142857142857143,6,1
874430924404602f4f9c994c7d1180155793fbd2ddffa09b07b33c540bf91d00,wolf_kill,3,ood_test,deception_enabled_policy,0.6666666666666666,0.5714285714285714,10,2
874430924404602f4f9c994c7d1180155793fbd2ddffa09b07b33c540bf91d00,wolf_kill,1,ood_test,deception_enabled_policy,1.0,0.42857142857142855,10,3
874430924404602f4f9c994c7d1180155793fbd2ddffa09b07b33c540bf91d00,wolf_kill,10,ood_test,deception_enabled_policy,0.6666666666666666,0.7142857142857143,10,1
874430924404602f4f9c994c7d1180155793fbd2ddffa09b07b33c540bf91d00,wolf_kill,5,ood_test,deception_enabled_policy,0.6666666666666666,0.42857142857142855,10,3
94257c02a38d741264a37ea919ff19feb998fc1dd1cae2abc7e666cdfcd03d21,day_vote,9,ood_test,deception_enabled_policy,0.0,0.2857142857142857,5,1
94257c02a38d741264a37ea919ff19feb998fc1dd1cae2abc7e666cdfcd03d21,day_vote,10,ood_test,deception_enabled_policy,0.0,0.14285714285714285,5,4
94257c02a38d741264a37ea919ff19feb998fc1dd1cae2abc7e666cdfcd03d21,day_vote,5,ood_test,deception_enabled_policy,0.6666666666666666,0.2857142857142857,5,1
94257c02a38d741264a37ea919ff19feb998fc1dd1cae2abc7e666cdfcd03d21,day_vote,7,ood_test,deception_enabled_policy,0.3333333333333333,0.2857142857142857,5,1
d2243da79d078189492f9a6cbdbf59a3286caae56e9106c77527ced963ff7c4a,seer_check,6,ood_test,deception_enabled_policy,1.0,0.2857142857142857,5,3
d2243da79d078189492f9a6cbdbf59a3286caae56e9106c77527ced963ff7c4a,seer_check,10,ood_test,deception_enabled_policy,1.0,0.42857142857142855,5,2
d2243da79d078189492f9a6cbdbf59a3286caae56e9106c77527ced963ff7c4a,seer_check,7,ood_test,deception_enabled_policy,0.0,0.14285714285714285,5,4
d2243da79d078189492f9a6cbdbf59a3286caae56e9106c77527ced963ff7c4a,seer_check,5,ood_test,deception_enabled_policy,1.0,0.7142857142857143,5,1
0cafbe0ddcdadfcc684dd35b83c0afa0a4a16a1b5d5805e05edc994b1ee56bf7,wolf_kill,1,ood_test,deception_enabled_policy,0.0,0.7142857142857143,1,1
0cafbe0ddcdadfcc684dd35b83c0afa0a4a16a1b5d5805e05edc994b1ee56bf7,wolf_kill,5,ood_test,deception_enabled_policy,0.6666666666666666,0.7142857142857143,1,1
0cafbe0ddcdadfcc684dd35b83c0afa0a4a16a1b5d5805e05edc994b1ee56bf7,wolf_kill,9,ood_test,deception_enabled_policy,0.3333333333333333,0.5714285714285714,1,4
0cafbe0ddcdadfcc684dd35b83c0afa0a4a16a1b5d5805e05edc994b1ee56bf7,wolf_kill,6,ood_test,deception_enabled_policy,0.0,0.7142857142857143,1,1
927a419886e7b7e17de82f843471e7502762d79c0ed36289912a9c383a423584,day_vote,3,ood_test,deception_enabled_policy,1.0,0.14285714285714285,10,4
927a419886e7b7e17de82f843471e7502762d79c0ed36289912a9c383a423584,day_vote,10,ood_test,deception_enabled_policy,1.0,0.42857142857142855,10,1
927a419886e7b7e17de82f843471e7502762d79c0ed36289912a9c383a423584,day_vote,7,ood_test,deception_enabled_policy,0.3333333333333333,0.2857142857142857,10,3
927a419886e7b7e17de82f843471e7502762d79c0ed36289912a9c383a423584,day_vote,6,ood_test,deception_enabled_policy,0.3333333333333333,0.42857142857142855,10,1
5eabff48605072f36b683af66b80a69857ffc78f467f1df129c323a89367e9bf,seer_check,8,ood_test,deception_enabled_policy,1.0,0.14285714285714285,1,1
5eabff48605072f36b683af66b80a69857ffc78f467f1df129c323a89367e9bf,seer_check,1,ood_test,deception_enabled_policy,0.0,0.14285714285714285,1,1
5eabff48605072f36b683af66b80a69857ffc78f467f1df129c323a89367e9bf,seer_check,6,ood_test,deception_enabled_policy,1.0,0.14285714285714285,1,1
5eabff48605072f36b683af66b80a69857ffc78f467f1df129c323a89367e9bf,seer_check,5,ood_test,deception_enabled_policy,0.6666666666666666,0.0,1,4
e87e28d6527e797f93453c76cca1df534401275cfed0aa4d92c92010b529c912,wolf_kill,3,ood_test,deception_enabled_policy,1.0,1.0,1,1
e87e28d6527e797f93453c76cca1df534401275cfed0aa4d92c92010b529c912,wolf_kill,1,ood_test,deception_enabled_policy,0.6666666666666666,1.0,1,1
e87e28d6527e797f93453c76cca1df534401275cfed0aa4d92c92010b529c912,wolf_kill,10,ood_test,deception_enabled_policy,1.0,1.0,1,1
e87e28d6527e797f93453c76cca1df534401275cfed0aa4d92c92010b529c912,wolf_kill,5,ood_test,deception_enabled_policy,0.6666666666666666,0.8571428571428571,1,4
8485fad4188d0ce0d60b3521cccd9612b426ad2c62f44e890c2bec277b301059,day_vote,3,ood_test,deception_enabled_policy,0.6666666666666666,0.42857142857142855,3,1
8485fad4188d0ce0d60b3521cccd9612b426ad2c62f44e890c2bec277b301059,day_vote,10,ood_test,deception_enabled_policy,0.0,0.0,3,4
8485fad4188d0ce0d60b3521cccd9612b426ad2c62f44e890c2bec277b301059,day_vote,4,ood_test,deception_enabled_policy,0.6666666666666666,0.42857142857142855,3,1
8485fad4188d0ce0d60b3521cccd9612b426ad2c62f44e890c2bec277b301059,day_vote,5,ood_test,deception_enabled_policy,0.6666666666666666,0.14285714285714285,3,3
783b89701bee18ea02fe7c0efc028aa391831d91875e58a322966afaf4616929,seer_check,5,ood_test,deception_enabled_policy,1.0,0.14285714285714285,8,3
783b89701bee18ea02fe7c0efc028aa391831d91875e58a322966afaf4616929,seer_check,1,ood_test,deception_enabled_policy,0.6666666666666666,0.14285714285714285,8,3
783b89701bee18ea02fe7c0efc028aa391831d91875e58a322966afaf4616929,seer_check,3,ood_test,deception_enabled_policy,0.6666666666666666,0.2857142857142857,8,2
783b89701bee18ea02fe7c0efc028aa391831d91875e58a322966afaf4616929,seer_check,8,ood_test,deception_enabled_policy,0.0,0.42857142857142855,8,1
6afa7bbde3fdba54e68838a5b63a000948b8e8adc116f70aa81f5ae75ed35600,wolf_kill,10,ood_test,deception_enabled_policy,0.6666666666666666,0.5714285714285714,6,3
6afa7bbde3fdba54e68838a5b63a000948b8e8adc116f70aa81f5ae75ed35600,wolf_kill,1,ood_test,deception_enabled_policy,1.0,0.7142857142857143,6,2
6afa7bbde3fdba54e68838a5b63a000948b8e8adc116f70aa81f5ae75ed35600,wolf_kill,9,ood_test,deception_enabled_policy,1.0,0.42857142857142855,6,4
6afa7bbde3fdba54e68838a5b63a000948b8e8adc116f70aa81f5ae75ed35600,wolf_kill,6,ood_test,deception_enabled_policy,1.0,0.8571428571428571,6,1
c124e7c6c854ca44c8704ac114eb50c6974f261668e8b782c5b52d5679abc7f5,day_vote,8,ood_test,deception_enabled_policy,0.0,0.42857142857142855,3,1
c124e7c6c854ca44c8704ac114eb50c6974f261668e8b782c5b52d5679abc7f5,day_vote,10,ood_test,deception_enabled_policy,0.6666666666666666,0.0,3,4
c124e7c6c854ca44c8704ac114eb50c6974f261668e8b782c5b52d5679abc7f5,day_vote,3,ood_test,deception_enabled_policy,0.6666666666666666,0.42857142857142855,3,1
c124e7c6c854ca44c8704ac114eb50c6974f261668e8b782c5b52d5679abc7f5,day_vote,6,ood_test,deception_enabled_policy,0.0,0.42857142857142855,3,1
6d659f64998996dc290a240de64c8b8a998c0b7e20c11489372e4068e4b1f32a,seer_check,6,ood_test,deception_enabled_policy,0.3333333333333333,0.14285714285714285,4,3
6d659f64998996dc290a240de64c8b8a998c0b7e20c11489372e4068e4b1f32a,seer_check,10,ood_test,deception_enabled_policy,1.0,0.5714285714285714,4,2
6d659f64998996dc290a240de64c8b8a998c0b7e20c11489372e4068e4b1f32a,seer_check,8,ood_test,deception_enabled_policy,0.0,0.14285714285714285,4,3
6d659f64998996dc290a240de64c8b8a998c0b7e20c11489372e4068e4b1f32a,seer_check,4,ood_test,deception_enabled_policy,0.6666666666666666,0.7142857142857143,4,1
3e2f852225d0886122d1c209fe8bd69509043666b61fad167b196506022bc444,wolf_kill,1,ood_test,deception_enabled_policy,1.0,1.0,1,1
3e2f852225d0886122d1c209fe8bd69509043666b61fad167b196506022bc444,wolf_kill,9,ood_test,deception_enabled_policy,1.0,1.0,1,1
3e2f852225d0886122d1c209fe8bd69509043666b61fad167b196506022bc444,wolf_kill,8,ood_test,deception_enabled_policy,0.0,0.7142857142857143,1,4
3e2f852225d0886122d1c209fe8bd69509043666b61fad167b196506022bc444,wolf_kill,7,ood_test,deception_enabled_policy,0.6666666666666666,0.8571428571428571,1,3
82b0f9f45c806ee8461624ddf3f640b9ea749d2d58d2ca7d5b51dbbd9e423e81,day_vote,8,ood_test,deception_enabled_policy,0.3333333333333333,0.0,10,4
82b0f9f45c806ee8461624ddf3f640b9ea749d2d58d2ca7d5b51dbbd9e423e81,day_vote,10,ood_test,deception_enabled_policy,0.6666666666666666,0.42857142857142855,10,1
82b0f9f45c806ee8461624ddf3f640b9ea749d2d58d2ca7d5b51dbbd9e423e81,day_vote,5,ood_test,deception_enabled_policy,1.0,0.42857142857142855,10,1
82b0f9f45c806ee8461624ddf3f640b9ea749d2d58d2ca7d5b51dbbd9e423e81,day_vote,7,ood_test,deception_enabled_policy,0.3333333333333333,0.14285714285714285,10,3
df272b78b5d9180d51cbf7c738e07c4a01166e47f875792e9c1183ddd940ba90,seer_check,2,ood_test,deception_enabled_policy,0.6666666666666666,0.42857142857142855,2,1
df272b78b5d9180d51cbf7c738e07c4a01166e47f875792e9c1183ddd940ba90,seer_check,1,ood_test,deception_enabled_policy,0.6666666666666666,0.2857142857142857,2,2
df272b78b5d9180d51cbf7c738e07c4a01166e47f875792e9c1183ddd940ba90,seer_check,6,ood_test,deception_enabled_policy,0.6666666666666666,0.2857142857142857,2,2
df272b78b5d9180d51cbf7c738e07c4a01166e47f875792e9c1183ddd940ba90,seer_check,5,ood_test,deception_enabled_policy,1.0,0.2857142857142857,2,2
7b29afb9fb85882feaf092cb6f92836d2436b726eebd17d1d57d97b2cbbfdf4d,wolf_kill,7,ood_test,deception_enabled_policy,0.3333333333333333,0.5714285714285714,3,3
7b29afb9fb85882feaf092cb6f92836d2436b726eebd17d1d57d97b2cbbfdf4d,wolf_kill,1,ood_test,deception_enabled_policy,1.0,0.8571428571428571,3,2
7b29afb9fb85882feaf092cb6f92836d2436b726eebd17d1d57d97b2cbbfdf4d,wolf_kill,3,ood_test,deception_enabled_policy,1.0,1.0,3,1
7b29afb9fb85882feaf092cb6f92836d2436b726eebd17d1d57d97b2cbbfdf4d,wolf_kill,5,ood_test,deception_enabled_policy,0.6666666666666666,0.5714285714285714,3,3
f32734fe755fdf72b960f74d7f85ad076d80378905dcaa949f4a6987c62f24de,day_vote,2,ood_test,deception_enabled_policy,0.6666666666666666,0.42857142857142855,6,2
f32734fe755fdf72b960f74d7f85ad076d80378905dcaa949f4a6987c62f24de,day_vote,10,ood_test,deception_enabled_policy,0.6666666666666666,0.14285714285714285,6,4
f32734fe755fdf72b960f74d7f85ad076d80378905dcaa949f4a6987c62f24de,day_vote,5,ood_test,deception_enabled_policy,0.0,0.42857142857142855,6,2
f32734fe755fdf72b960f74d7f85ad076d80378905dcaa949f4a6987c62f24de,day_vote,6,ood_test,deception_enabled_policy,1.0,0.7142857142857143,6,1
910f09ae8f497160719f1f5aad8778bc1ebf4bc2162ab63e09fc83119e54fffe,seer_check,5,ood_test,deception_enabled_policy,1.0,0.5714285714285714,5,1
910f09ae8f497160719f1f5aad8778bc1ebf4bc2162ab63e09fc83119e54fffe,seer_check,1,ood_test,deception_enabled_policy,1.0,0.2857142857142857,5,3
910f09ae8f497160719f1f5aad8778bc1ebf4bc2162ab63e09fc83119e54fffe,seer_check,6,ood_test,deception_enabled_policy,0.6666666666666666,0.5714285714285714,5,1
910f09ae8f497160719f1f5aad8778bc1ebf4bc2162ab63e09fc83119e54fffe,seer_check,9,ood_test,deception_enabled_policy,0.0,0.2857142857142857,5,3
75e9a27ef6076ea67ff210fdf6679f65b96b9c027a0c845fad88a768491f31ed,wolf_kill,10,ood_test,deception_enabled_policy,0.3333333333333333,0.42857142857142855,1,4
75e9a27ef6076ea67ff210fdf6679f65b96b9c027a0c845fad88a768491f31ed,wolf_kill,1,ood_test,deception_enabled_policy,0.0,0.7142857142857143,1,1
75e9a27ef6076ea67ff210fdf6679f65b96b9c027a0c845fad88a768491f31ed,wolf_kill,3,ood_test,deception_enabled_policy,1.0,0.7142857142857143,1,1
75e9a27ef6076ea67ff210fdf6679f65b96b9c027a0c845fad88a768491f31ed,wolf_kill,2,ood_test,deception_enabled_policy,0.6666666666666666,0.7142857142857143,1,1
a7a60d3475f6040f635800351074b8eaed0da25d62cccca04e9cec34792801f3,day_vote,7,ood_test,deception_enabled_policy,0.0,0.7142857142857143,6,1
a7a60d3475f6040f635800351074b8eaed0da25d62cccca04e9cec34792801f3,day_vote,2,ood_test,deception_enabled_policy,0.3333333333333333,0.2857142857142857,6,3
a7a60d3475f6040f635800351074b8eaed0da25d62cccca04e9cec34792801f3,day_vote,6,ood_test,deception_enabled_policy,0.3333333333333333,0.7142857142857143,6,1
a7a60d3475f6040f635800351074b8eaed0da25d62cccca04e9cec34792801f3,day_vote,3,ood_test,deception_enabled_policy,0.0,0.2857142857142857,6,3
4bb17204e0235af2b29c4be6a58787ea9a96d4f5464593a0f8261c58e9e3f510,seer_check,7,ood_test,deception_enabled_policy,0.6666666666666666,0.5714285714285714,7,1
4bb17204e0235af2b29c4be6a58787ea9a96d4f5464593a0f8261c58e9e3f510,seer_check,1,ood_test,deception_enabled_policy,1.0,0.14285714285714285,7,3
4bb17204e0235af2b29c4be6a58787ea9a96d4f5464593a0f8261c58e9e3f510,seer_check,4,ood_test,deception_enabled_policy,0.3333333333333333,0.14285714285714285,7,3
4bb17204e0235af2b29c4be6a58787ea9a96d4f5464593a0f8261c58e9e3f510,seer_check,6,ood_test,deception_enabled_policy,1.0,0.2857142857142857,7,2
64ac841f8cf6e7539e953f0e7c7bb0c8f933fc6c800fbe745b0c0a80af5e0997,wolf_kill,2,ood_test,deception_enabled_policy,0.3333333333333333,0.42857142857142855,3,3
64ac841f8cf6e7539e953f0e7c7bb0c8f933fc6c800fbe745b0c0a80af5e0997,wolf_kill,1,ood_test,deception_enabled_policy,0.3333333333333333,0.42857142857142855,3,3
64ac841f8cf6e7539e953f0e7c7bb0c8f933fc6c800fbe745b0c0a80af5e0997,wolf_kill,3,ood_test,deception_enabled_policy,0.0,0.7142857142857143,3,1
64ac841f8cf6e7539e953f0e7c7bb0c8f933fc6c800fbe745b0c0a80af5e0997,wolf_kill,4,ood_test,deception_enabled_policy,1.0,0.5714285714285714,3,2
42a2177115820cf4696b52894ce18da14db4b9ed2a06df8e8ab2c65f10e21541,day_vote,6,ood_test,deception_enabled_policy,0.3333333333333333,0.2857142857142857,6,1
42a2177115820cf4696b52894ce18da14db4b9ed2a06df8e8ab2c65f10e21541,day_vote,10,ood_test,deception_enabled_policy,0.0,0.14285714285714285,6,3
42a2177115820cf4696b52894ce18da14db4b9ed2a06df8e8ab2c65f10e21541,day_vote,8,ood_test,deception_enabled_policy,0.3333333333333333,0.14285714285714285,6,3
42a2177115820cf4696b52894ce18da14db4b9ed2a06df8e8ab2c65f10e21541,day_vote,9,ood_test,deception_enabled_policy,0.3333333333333333,0.2857142857142857,6,1
4be310dea63607030276db90219ab77ac26daaa5e0b1d6d5529e51fbe8be52b5,seer_check,4,ood_test,deception_enabled_policy,0.6666666666666666,0.5714285714285714,4,1
4be310dea63607030276db90219ab77ac26daaa5e0b1d6d5529e51fbe8be52b5,seer_check,1,ood_test,deception_enabled_policy,0.6666666666666666,0.14285714285714285,4,4
4be310dea63607030276db90219ab77ac26daaa5e0b1d6d5529e51fbe8be52b5,seer_check,6,ood_test,deception_enabled_policy,1.0,0.2857142857142857,4,3
4be310dea63607030276db90219ab77ac26daaa5e0b1d6d5529e51fbe8be52b5,seer_check,8,ood_test,deception_enabled_policy,1.0,0.5714285714285714,4,1
70dbce942dda16ef54682961f3029606cb8dbc669574b5698e953d3d6c306f06,wolf_kill,9,ood_test,deception_enabled_policy,0.3333333333333333,0.8571428571428571,2,1
70dbce942dda16ef54682961f3029606cb8dbc669574b5698e953d3d6c306f06,wolf_kill,1,ood_test,deception_enabled_policy,0.6666666666666666,0.5714285714285714,2,4
70dbce942dda16ef54682961f3029606cb8dbc669574b5698e953d3d6c306f06,wolf_kill,2,ood_test,deception_enabled_policy,0.3333333333333333,0.8571428571428571,2,1
70dbce942dda16ef54682961f3029606cb8dbc669574b5698e953d3d6c306f06,wolf_kill,6,ood_test,deception_enabled_policy,0.3333333333333333,0.7142857142857143,2,3
97b6e568329324e9caa98ad9d84a9006d8141216216eec68fdfff37fa0271242,day_vote,4,ood_test,deception_enabled_policy,1.0,0.42857142857142855,6,2
97b6e568329324e9caa98ad9d84a9006d8141216216eec68fdfff37fa0271242,day_vote,5,ood_test,deception_enabled_policy,1.0,0.42857142857142855,6,2
97b6e568329324e9caa98ad9d84a9006d8141216216eec68fdfff37fa0271242,day_vote,9,ood_test,deception_enabled_policy,0.3333333333333333,0.2857142857142857,6,4
97b6e568329324e9caa98ad9d84a9006d8141216216eec68fdfff37fa0271242,day_vote,6,ood_test,deception_enabled_policy,0.6666666666666666,0.5714285714285714,6,1
d0f52277343dd69fba6c4d394d38ad00b802fff41f06a7721114115fe581d6f0,seer_check,7,ood_test,deception_enabled_policy,0.6666666666666666,0.2857142857142857,8,4
d0f52277343dd69fba6c4d394d38ad00b802fff41f06a7721114115fe581d6f0,seer_check,1,ood_test,deception_enabled_policy,1.0,0.42857142857142855,8,3
d0f52277343dd69fba6c4d394d38ad00b802fff41f06a7721114115fe581d6f0,seer_check,6,ood_test,deception_enabled_policy,0.6666666666666666,0.5714285714285714,8,2
d0f52277343dd69fba6c4d394d38ad00b802fff41f06a7721114115fe581d6f0,seer_check,8,ood_test,deception_enabled_policy,1.0,0.7142857142857143,8,1
c6430804a971dfab65d873f3da516432d6f5ac511cb50be72a8361cc9a31f040,wolf_kill,2,ood_test,deception_enabled_policy,1.0,0.7142857142857143,10,1
c6430804a971dfab65d873f3da516432d6f5ac511cb50be72a8361cc9a31f040,wolf_kill,10,ood_test,deception_enabled_policy,0.6666666666666666,0.7142857142857143,10,1
c6430804a971dfab65d873f3da516432d6f5ac511cb50be72a8361cc9a31f040,wolf_kill,3,ood_test,deception_enabled_policy,0.6666666666666666,0.7142857142857143,10,1
c6430804a971dfab65d873f3da516432d6f5ac511cb50be72a8361cc9a31f040,wolf_kill,9,ood_test,deception_enabled_policy,1.0,0.5714285714285714,10,4
77dccde8f4c8454edc9366377c43bc18dca759eab56c768fdf7a106b7d5f3d59,day_vote,10,ood_test,deception_enabled_policy,1.0,1.0,10,1
77dccde8f4c8454edc9366377c43bc18dca759eab56c768fdf7a106b7d5f3d59,day_vote,6,ood_test,deception_enabled_policy,1.0,0.8571428571428571,10,4
77dccde8f4c8454edc9366377c43bc18dca759eab56c768fdf7a106b7d5f3d59,day_vote,9,ood_test,deception_enabled_policy,0.3333333333333333,1.0,10,1
77dccde8f4c8454edc9366377c43bc18dca759eab56c768fdf7a106b7d5f3d59,day_vote,5,ood_test,deception_enabled_policy,0.3333333333333333,1.0,10,1
e7686a57fff9029700a2f91c9236eafcae50540d742f48b3d14f8e80b22166b5,seer_check,1,ood_test,deception_enabled_policy,0.3333333333333333,0.2857142857142857,10,2
e7686a57fff9029700a2f91c9236eafcae50540d742f48b3d14f8e80b22166b5,seer_check,4,ood_test,deception_enabled_policy,1.0,0.0,10,4
e7686a57fff9029700a2f91c9236eafcae50540d742f48b3d14f8e80b22166b5,seer_check,10,ood_test,deception_enabled_policy,1.0,0.42857142857142855,10,1
e7686a57fff9029700a2f91c9236eafcae50540d742f48b3d14f8e80b22166b5,seer_check,7,ood_test,deception_enabled_policy,1.0,0.2857142857142857,10,2
ad2013cb913c077363b6b181470de45d8af3266fa51c9c712101b93f633a34a8,wolf_kill,6,ood_test,deception_enabled_policy,0.6666666666666666,0.7142857142857143,3,2
ad2013cb913c077363b6b181470de45d8af3266fa51c9c712101b93f633a34a8,wolf_kill,10,ood_test,deception_enabled_policy,1.0,0.7142857142857143,3,2
ad2013cb913c077363b6b181470de45d8af3266fa51c9c712101b93f633a34a8,wolf_kill,1,ood_test,deception_enabled_policy,1.0,0.7142857142857143,3,2
ad2013cb913c077363b6b181470de45d8af3266fa51c9c712101b93f633a34a8,wolf_kill,3,ood_test,deception_enabled_policy,0.0,1.0,3,1
e960df96b4c91e63b9da4bbd579370309ad7cfbdfd578ee8b65b1dad409dd445,day_vote,10,ood_test,deception_enabled_policy,0.3333333333333333,0.42857142857142855,10,1
e960df96b4c91e63b9da4bbd579370309ad7cfbdfd578ee8b65b1dad409dd445,day_vote,8,ood_test,deception_enabled_policy,0.6666666666666666,0.14285714285714285,10,4
e960df96b4c91e63b9da4bbd579370309ad7cfbdfd578ee8b65b1dad409dd445,day_vote,9,ood_test,deception_enabled_policy,0.6666666666666666,0.2857142857142857,10,2
e960df96b4c91e63b9da4bbd579370309ad7cfbdfd578ee8b65b1dad409dd445,day_vote,2,ood_test,deception_enabled_policy,0.0,0.2857142857142857,10,2
0fd49a431c5499d2634401cbbf8584618861738c31194eb89d6022582a4694eb,seer_check,1,ood_test,deception_enabled_policy,0.3333333333333333,0.42857142857142855,3,4
0fd49a431c5499d2634401cbbf8584618861738c31194eb89d6022582a4694eb,seer_check,3,ood_test,deception_enabled_policy,1.0,0.5714285714285714,3,1
0fd49a431c5499d2634401cbbf8584618861738c31194eb89d6022582a4694eb,seer_check,8,ood_test,deception_enabled_policy,0.6666666666666666,0.5714285714285714,3,1
0fd49a431c5499d2634401cbbf8584618861738c31194eb89d6022582a4694eb,seer_check,5,ood_test,deception_enabled_policy,1.0,0.5714285714285714,3,1
81ffb0467500e19452d08f574d6b75f0567313efb939c7402f2c85ac14e5c558,wolf_kill,6,ood_test,deception_enabled_policy,1.0,0.5714285714285714,1,2
81ffb0467500e19452d08f574d6b75f0567313efb939c7402f2c85ac14e5c558,wolf_kill,10,ood_test,deception_enabled_policy,0.0,0.2857142857142857,1,4
81ffb0467500e19452d08f574d6b75f0567313efb939c7402f2c85ac14e5c558,wolf_kill,1,ood_test,deception_enabled_policy,0.6666666666666666,0.8571428571428571,1,1
81ffb0467500e19452d08f574d6b75f0567313efb939c7402f2c85ac14e5c558,wolf_kill,7,ood_test,deception_enabled_policy,0.6666666666666666,0.5714285714285714,1,2
dac30c02a385b5f3105e7e3e40731309fee1b334ff2d50795866794c8e7a9dce,day_vote,8,ood_test,deception_enabled_policy,0.6666666666666666,0.14285714285714285,5,2
dac30c02a385b5f3105e7e3e40731309fee1b334ff2d50795866794c8e7a9dce,day_vote,10,ood_test,deception_enabled_policy,0.6666666666666666,0.0,5,3
dac30c02a385b5f3105e7e3e40731309fee1b334ff2d50795866794c8e7a9dce,day_vote,9,ood_test,deception_enabled_policy,0.6666666666666666,0.0,5,3
dac30c02a385b5f3105e7e3e40731309fee1b334ff2d50795866794c8e7a9dce,day_vote,5,ood_test,deception_enabled_policy,0.6666666666666666,0.42857142857142855,5,1
880066823962704ef6c49ce8c36f0fcc1b9678a5b1ef847917eec25b3e5c80e2,seer_check,9,ood_test,risk_heterogeneous_policy,1.0,0.42857142857142855,9,1
880066823962704ef6c49ce8c36f0fcc1b9678a5b1ef847917eec25b3e5c80e2,seer_check,1,ood_test,risk_heterogeneous_policy,0.3333333333333333,0.2857142857142857,9,2
880066823962704ef6c49ce8c36f0fcc1b9678a5b1ef847917eec25b3e5c80e2,seer_check,5,ood_test,risk_heterogeneous_policy,0.6666666666666666,0.2857142857142857,9,2
880066823962704ef6c49ce8c36f0fcc1b9678a5b1ef847917eec25b3e5c80e2,seer_check,10,ood_test,risk_heterogeneous_policy,0.6666666666666666,0.14285714285714285,9,4
a3501b401280a7842c6214ef976418789648b1d5748551021e83fd896b897106,wolf_kill,10,ood_test,risk_heterogeneous_policy,0.6666666666666666,0.8571428571428571,1,1
a3501b401280a7842c6214ef976418789648b1d5748551021e83fd896b897106,wolf_kill,1,ood_test,risk_heterogeneous_policy,0.6666666666666666,0.8571428571428571,1,1
a3501b401280a7842c6214ef976418789648b1d5748551021e83fd896b897106,wolf_kill,4,ood_test,risk_heterogeneous_policy,1.0,0.7142857142857143,1,3
a3501b401280a7842c6214ef976418789648b1d5748551021e83fd896b897106,wolf_kill,2,ood_test,risk_heterogeneous_policy,0.3333333333333333,0.5714285714285714,1,4
f39067db6293a1eef735fdb028cfb1b508c96e842e6995c89348f22fa947399f,day_vote,9,ood_test,risk_heterogeneous_policy,1.0,0.42857142857142855,8,2
f39067db6293a1eef735fdb028cfb1b508c96e842e6995c89348f22fa947399f,day_vote,10,ood_test,risk_heterogeneous_policy,0.0,0.2857142857142857,8,4
f39067db6293a1eef735fdb028cfb1b508c96e842e6995c89348f22fa947399f,day_vote,8,ood_test,risk_heterogeneous_policy,0.6666666666666666,0.7142857142857143,8,1
f39067db6293a1eef735fdb028cfb1b508c96e842e6995c89348f22fa947399f,day_vote,5,ood_test,risk_heterogeneous_policy,1.0,0.42857142857142855,8,2
32165479312a4432faf08847b04bbf4aa8f4e6fceb40583f7570f61713bcb1d3,seer_check,4,ood_test,risk_heterogeneous_policy,0.6666666666666666,0.2857142857142857,7,2
32165479312a4432faf08847b04bbf4aa8f4e6fceb40583f7570f61713bcb1d3,seer_check,1,ood_test,risk_heterogeneous_policy,0.3333333333333333,0.2857142857142857,7,2
32165479312a4432faf08847b04bbf4aa8f4e6fceb40583f7570f61713bcb1d3,seer_check,2,ood_test,risk_heterogeneous_policy,0.6666666666666666,0.14285714285714285,7,4
32165479312a4432faf08847b04bbf4aa8f4e6fceb40583f7570f61713bcb1d3,seer_check,7,ood_test,risk_heterogeneous_policy,1.0,0.7142857142857143,7,1
a9e5f1c2b1d1da32f1a29428acda1566cc7bd794f8ef05a92232e5953e97dea2,wolf_kill,6,ood_test,risk_heterogeneous_policy,1.0,0.42857142857142855,4,4
a9e5f1c2b1d1da32f1a29428acda1566cc7bd794f8ef05a92232e5953e97dea2,wolf_kill,1,ood_test,risk_heterogeneous_policy,0.6666666666666666,0.7142857142857143,4,2
a9e5f1c2b1d1da32f1a29428acda1566cc7bd794f8ef05a92232e5953e97dea2,wolf_kill,4,ood_test,risk_heterogeneous_policy,0.0,1.0,4,1
a9e5f1c2b1d1da32f1a29428acda1566cc7bd794f8ef05a92232e5953e97dea2,wolf_kill,10,ood_test,risk_heterogeneous_policy,0.3333333333333333,0.7142857142857143,4,2
20d6d8ef81ed6fde6a757ab42a015482985980063889e3173d1858bc64b98609,day_vote,5,ood_test,risk_heterogeneous_policy,1.0,0.42857142857142855,10,3
20d6d8ef81ed6fde6a757ab42a015482985980063889e3173d1858bc64b98609,day_vote,10,ood_test,risk_heterogeneous_policy,0.3333333333333333,0.5714285714285714,10,1
20d6d8ef81ed6fde6a757ab42a015482985980063889e3173d1858bc64b98609,day_vote,7,ood_test,risk_heterogeneous_policy,0.6666666666666666,0.5714285714285714,10,1
20d6d8ef81ed6fde6a757ab42a015482985980063889e3173d1858bc64b98609,day_vote,8,ood_test,risk_heterogeneous_policy,0.6666666666666666,0.42857142857142855,10,3
99ffd671687b6f44802d7956451ad2f3c8b2c17b5da41eb7febddadb5ffb6a6a,seer_check,10,ood_test,risk_heterogeneous_policy,0.3333333333333333,0.2857142857142857,10,1
99ffd671687b6f44802d7956451ad2f3c8b2c17b5da41eb7febddadb5ffb6a6a,seer_check,1,ood_test,risk_heterogeneous_policy,0.3333333333333333,0.14285714285714285,10,2
99ffd671687b6f44802d7956451ad2f3c8b2c17b5da41eb7febddadb5ffb6a6a,seer_check,9,ood_test,risk_heterogeneous_policy,0.6666666666666666,0.14285714285714285,10,2
99ffd671687b6f44802d7956451ad2f3c8b2c17b5da41eb7febddadb5ffb6a6a,seer_check,7,ood_test,risk_heterogeneous_policy,0.6666666666666666,0.14285714285714285,10,2
d1dfa58677a46017d2eef630ace6f07c5aeb104be4b252e48cc9e88f6408cad6,wolf_kill,10,ood_test,risk_heterogeneous_policy,0.6666666666666666,0.8571428571428571,1,2
d1dfa58677a46017d2eef630ace6f07c5aeb104be4b252e48cc9e88f6408cad6,wolf_kill,1,ood_test,risk_heterogeneous_policy,0.3333333333333333,1.0,1,1
d1dfa58677a46017d2eef630ace6f07c5aeb104be4b252e48cc9e88f6408cad6,wolf_kill,3,ood_test,risk_heterogeneous_policy,0.6666666666666666,0.8571428571428571,1,2
d1dfa58677a46017d2eef630ace6f07c5aeb104be4b252e48cc9e88f6408cad6,wolf_kill,9,ood_test,risk_heterogeneous_policy,0.6666666666666666,0.7142857142857143,1,4
210aeb0fc27fddccfc82a47d2a940fdc377c25f7a822819040c2daa46e86cad1,day_vote,8,ood_test,risk_heterogeneous_policy,0.6666666666666666,0.0,10,1
210aeb0fc27fddccfc82a47d2a940fdc377c25f7a822819040c2daa46e86cad1,day_vote,2,ood_test,risk_heterogeneous_policy,0.6666666666666666,0.0,10,1
210aeb0fc27fddccfc82a47d2a940fdc377c25f7a822819040c2daa46e86cad1,day_vote,10,ood_test,risk_heterogeneous_policy,0.3333333333333333,0.0,10,1
210aeb0fc27fddccfc82a47d2a940fdc377c25f7a822819040c2daa46e86cad1,day_vote,9,ood_test,risk_heterogeneous_policy,0.6666666666666666,0.0,10,1
14480d391a8913191daba61edf982b31c1053cb8bb748061fc3146b73882e368,seer_check,10,ood_test,risk_heterogeneous_policy,1.0,0.14285714285714285,4,3
14480d391a8913191daba61edf982b31c1053cb8bb748061fc3146b73882e368,seer_check,1,ood_test,risk_heterogeneous_policy,1.0,0.14285714285714285,4,3
14480d391a8913191daba61edf982b31c1053cb8bb748061fc3146b73882e368,seer_check,4,ood_test,risk_heterogeneous_policy,1.0,0.42857142857142855,4,1
14480d391a8913191daba61edf982b31c1053cb8bb748061fc3146b73882e368,seer_check,8,ood_test,risk_heterogeneous_policy,0.3333333333333333,0.42857142857142855,4,1
a4badb8b77592d52297e4430e26ad851f7c97923424b406eab231b2b155d29ac,wolf_kill,10,ood_test,risk_heterogeneous_policy,0.3333333333333333,0.8571428571428571,10,1
a4badb8b77592d52297e4430e26ad851f7c97923424b406eab231b2b155d29ac,wolf_kill,2,ood_test,risk_heterogeneous_policy,0.6666666666666666,0.8571428571428571,10,1
a4badb8b77592d52297e4430e26ad851f7c97923424b406eab231b2b155d29ac,wolf_kill,5,ood_test,risk_heterogeneous_policy,0.6666666666666666,0.7142857142857143,10,3
a4badb8b77592d52297e4430e26ad851f7c97923424b406eab231b2b155d29ac,wolf_kill,3,ood_test,risk_heterogeneous_policy,0.3333333333333333,0.5714285714285714,10,4
753761d52d149826c273e081e053a85b9f4509e69a4d0c847ebed6b33dbfd0aa,day_vote,5,ood_test,risk_heterogeneous_policy,0.3333333333333333,0.7142857142857143,2,1
753761d52d149826c273e081e053a85b9f4509e69a4d0c847ebed6b33dbfd0aa,day_vote,2,ood_test,risk_heterogeneous_policy,0.6666666666666666,0.7142857142857143,2,1
753761d52d149826c273e081e053a85b9f4509e69a4d0c847ebed6b33dbfd0aa,day_vote,10,ood_test,risk_heterogeneous_policy,0.3333333333333333,0.5714285714285714,2,3
753761d52d149826c273e081e053a85b9f4509e69a4d0c847ebed6b33dbfd0aa,day_vote,7,ood_test,risk_heterogeneous_policy,0.3333333333333333,0.5714285714285714,2,3
05c4a1a076779216a27e2026f1335788615c124a3cc6fc4be4918c9b0bd223e0,seer_check,3,ood_test,risk_heterogeneous_policy,0.3333333333333333,0.14285714285714285,1,4
05c4a1a076779216a27e2026f1335788615c124a3cc6fc4be4918c9b0bd223e0,seer_check,1,ood_test,risk_heterogeneous_policy,0.3333333333333333,0.8571428571428571,1,1
05c4a1a076779216a27e2026f1335788615c124a3cc6fc4be4918c9b0bd223e0,seer_check,2,ood_test,risk_heterogeneous_policy,0.6666666666666666,0.5714285714285714,1,2
05c4a1a076779216a27e2026f1335788615c124a3cc6fc4be4918c9b0bd223e0,seer_check,7,ood_test,risk_heterogeneous_policy,0.6666666666666666,0.2857142857142857,1,3
6750d96ee0643274e9c7b098c659734a864c0b7a0015fae0616f1c87cfb7dd32,wolf_kill,1,ood_test,risk_heterogeneous_policy,1.0,0.7142857142857143,1,1
6750d96ee0643274e9c7b098c659734a864c0b7a0015fae0616f1c87cfb7dd32,wolf_kill,5,ood_test,risk_heterogeneous_policy,0.3333333333333333,0.5714285714285714,1,4
6750d96ee0643274e9c7b098c659734a864c0b7a0015fae0616f1c87cfb7dd32,wolf_kill,4,ood_test,risk_heterogeneous_policy,0.3333333333333333,0.7142857142857143,1,1
6750d96ee0643274e9c7b098c659734a864c0b7a0015fae0616f1c87cfb7dd32,wolf_kill,9,ood_test,risk_heterogeneous_policy,0.6666666666666666,0.7142857142857143,1,1
9b8cb125c8d723c44fb34b77b98d91fddc18277153d89600bf9efab79d37da3c,day_vote,8,ood_test,risk_heterogeneous_policy,0.6666666666666666,0.2857142857142857,10,2
9b8cb125c8d723c44fb34b77b98d91fddc18277153d89600bf9efab79d37da3c,day_vote,10,ood_test,risk_heterogeneous_policy,0.0,0.42857142857142855,10,1
9b8cb125c8d723c44fb34b77b98d91fddc18277153d89600bf9efab79d37da3c,day_vote,7,ood_test,risk_heterogeneous_policy,0.6666666666666666,0.0,10,3
9b8cb125c8d723c44fb34b77b98d91fddc18277153d89600bf9efab79d37da3c,day_vote,6,ood_test,risk_heterogeneous_policy,0.3333333333333333,0.0,10,3
b7227df557e6261bc30c692ca6b7f8b11e6b92d9e903a7221a4eaf4a079b4e45,seer_check,7,ood_test,risk_heterogeneous_policy,0.6666666666666666,0.2857142857142857,7,1
b7227df557e6261bc30c692ca6b7f8b11e6b92d9e903a7221a4eaf4a079b4e45,seer_check,1,ood_test,risk_heterogeneous_policy,1.0,0.14285714285714285,7,2
b7227df557e6261bc30c692ca6b7f8b11e6b92d9e903a7221a4eaf4a079b4e45,seer_check,9,ood_test,risk_heterogeneous_policy,0.3333333333333333,0.14285714285714285,7,2
b7227df557e6261bc30c692ca6b7f8b11e6b92d9e903a7221a4eaf4a079b4e45,seer_check,5,ood_test,risk_heterogeneous_policy,0.3333333333333333,0.14285714285714285,7,2
3d25f7e76d0c1b62f6c2b147f35ca83035bd6cc4e690ae18958ea37633de801e,wolf_kill,7,ood_test,risk_heterogeneous_policy,0.3333333333333333,0.7142857142857143,10,2
3d25f7e76d0c1b62f6c2b147f35ca83035bd6cc4e690ae18958ea37633de801e,wolf_kill,1,ood_test,risk_heterogeneous_policy,0.3333333333333333,0.5714285714285714,10,3
3d25f7e76d0c1b62f6c2b147f35ca83035bd6cc4e690ae18958ea37633de801e,wolf_kill,8,ood_test,risk_heterogeneous_policy,0.6666666666666666,0.42857142857142855,10,4
3d25f7e76d0c1b62f6c2b147f35ca83035bd6cc4e690ae18958ea37633de801e,wolf_kill,10,ood_test,risk_heterogeneous_policy,0.6666666666666666,0.8571428571428571,10,1
63be40bc0eb94399895b96a782e8718c22e6270df0464e5ac3432b792fd133b2,day_vote,5,ood_test,risk_heterogeneous_policy,0.6666666666666666,0.42857142857142855,10,1
63be40bc0eb94399895b96a782e8718c22e6270df0464e5ac3432b792fd133b2,day_vote,10,ood_test,risk_heterogeneous_policy,0.3333333333333333,0.42857142857142855,10,1
63be40bc0eb94399895b96a782e8718c22e6270df0464e5ac3432b792fd133b2,day_vote,7,ood_test,risk_heterogeneous_policy,0.3333333333333333,0.14285714285714285,10,4
63be40bc0eb94399895b96a782e8718c22e6270df0464e5ac3432b792fd133b2,day_vote,3,ood_test,risk_heterogeneous_policy,1.0,0.42857142857142855,10,1
db6ec3479b632a84ed618204b9249ce19eea3421791bdeccc726a6a16e9b38b9,seer_check,6,ood_test,risk_heterogeneous_policy,0.3333333333333333,0.14285714285714285,10,4
db6ec3479b632a84ed618204b9249ce19eea3421791bdeccc726a6a16e9b38b9,seer_check,10,ood_test,risk_heterogeneous_policy,0.0,0.5714285714285714,10,1
db6ec3479b632a84ed618204b9249ce19eea3421791bdeccc726a6a16e9b38b9,seer_check,5,ood_test,risk_heterogeneous_policy,1.0,0.2857142857142857,10,3
db6ec3479b632a84ed618204b9249ce19eea3421791bdeccc726a6a16e9b38b9,seer_check,2,ood_test,risk_heterogeneous_policy,1.0,0.42857142857142855,10,2
8671ee66a865e3a4eabfeb0cfaa950cb551bd58a1d43375bb15a9810d9855067,wolf_kill,6,ood_test,risk_heterogeneous_policy,0.6666666666666666,0.7142857142857143,1,2
8671ee66a865e3a4eabfeb0cfaa950cb551bd58a1d43375bb15a9810d9855067,wolf_kill,1,ood_test,risk_heterogeneous_policy,1.0,0.8571428571428571,1,1
8671ee66a865e3a4eabfeb0cfaa950cb551bd58a1d43375bb15a9810d9855067,wolf_kill,9,ood_test,risk_heterogeneous_policy,0.3333333333333333,0.7142857142857143,1,2
8671ee66a865e3a4eabfeb0cfaa950cb551bd58a1d43375bb15a9810d9855067,wolf_kill,8,ood_test,risk_heterogeneous_policy,0.6666666666666666,0.5714285714285714,1,4
fe838fcc6d459288cae198b940e340867f6d0145e5a711bd2b62bb8a8e8141eb,day_vote,8,ood_test,risk_heterogeneous_policy,0.0,0.7142857142857143,4,4
fe838fcc6d459288cae198b940e340867f6d0145e5a711bd2b62bb8a8e8141eb,day_vote,10,ood_test,risk_heterogeneous_policy,0.3333333333333333,0.8571428571428571,4,2
fe838fcc6d459288cae198b940e340867f6d0145e5a711bd2b62bb8a8e8141eb,day_vote,5,ood_test,risk_heterogeneous_policy,0.3333333333333333,0.8571428571428571,4,2
fe838fcc6d459288cae198b940e340867f6d0145e5a711bd2b62bb8a8e8141eb,day_vote,4,ood_test,risk_heterogeneous_policy,0.0,1.0,4,1
bcf286392d95d4968626dde7ea656de807e43c8b0c21873847a115ac6b6bdd9c,seer_check,3,ood_test,risk_heterogeneous_policy,0.0,0.14285714285714285,10,2
bcf286392d95d4968626dde7ea656de807e43c8b0c21873847a115ac6b6bdd9c,seer_check,1,ood_test,risk_heterogeneous_policy,0.6666666666666666,0.0,10,3
bcf286392d95d4968626dde7ea656de807e43c8b0c21873847a115ac6b6bdd9c,seer_check,9,ood_test,risk_heterogeneous_policy,0.6666666666666666,0.0,10,3
bcf286392d95d4968626dde7ea656de807e43c8b0c21873847a115ac6b6bdd9c,seer_check,10,ood_test,risk_heterogeneous_policy,0.3333333333333333,0.2857142857142857,10,1
2b2d6dbbcc8a771496a6c0437aadd0815b31c4faa853a383d12aec5aa97fdada,wolf_kill,3,ood_test,risk_heterogeneous_policy,0.3333333333333333,1.0,3,1
2b2d6dbbcc8a771496a6c0437aadd0815b31c4faa853a383d12aec5aa97fdada,wolf_kill,1,ood_test,risk_heterogeneous_policy,0.6666666666666666,0.8571428571428571,3,2
2b2d6dbbcc8a771496a6c0437aadd0815b31c4faa853a383d12aec5aa97fdada,wolf_kill,9,ood_test,risk_heterogeneous_policy,0.0,0.8571428571428571,3,2
2b2d6dbbcc8a771496a6c0437aadd0815b31c4faa853a383d12aec5aa97fdada,wolf_kill,10,ood_test,risk_heterogeneous_policy,0.6666666666666666,0.8571428571428571,3,2
23c71cfe688205e06c8422e55ae69126af3b2da49d2648ca82ce32a347e1bd30,day_vote,4,ood_test,risk_heterogeneous_policy,0.6666666666666666,0.42857142857142855,4,1
23c71cfe688205e06c8422e55ae69126af3b2da49d2648ca82ce32a347e1bd30,day_vote,2,ood_test,risk_heterogeneous_policy,1.0,0.14285714285714285,4,3
23c71cfe688205e06c8422e55ae69126af3b2da49d2648ca82ce32a347e1bd30,day_vote,8,ood_test,risk_heterogeneous_policy,0.0,0.14285714285714285,4,3
23c71cfe688205e06c8422e55ae69126af3b2da49d2648ca82ce32a347e1bd30,day_vote,9,ood_test,risk_heterogeneous_policy,0.6666666666666666,0.2857142857142857,4,2
ee4a0809faaef32590fe7d873d2715e5101e3aac094b65cafda4231fb8020bdf,day_vote,10,ood_test,risk_heterogeneous_policy,0.3333333333333333,0.14285714285714285,3,4
ee4a0809faaef32590fe7d873d2715e5101e3aac094b65cafda4231fb8020bdf,day_vote,2,ood_test,risk_heterogeneous_policy,0.3333333333333333,0.2857142857142857,3,2
ee4a0809faaef32590fe7d873d2715e5101e3aac094b65cafda4231fb8020bdf,day_vote,3,ood_test,risk_heterogeneous_policy,0.6666666666666666,0.42857142857142855,3,1
ee4a0809faaef32590fe7d873d2715e5101e3aac094b65cafda4231fb8020bdf,day_vote,9,ood_test,risk_heterogeneous_policy,0.6666666666666666,0.2857142857142857,3,2
f5aac9b1021d5b4a70b3c41f3cab2d09cf127d1204951b0ca15c2f414434f9ae,day_vote,6,ood_test,risk_heterogeneous_policy,0.6666666666666666,0.2857142857142857,5,3
f5aac9b1021d5b4a70b3c41f3cab2d09cf127d1204951b0ca15c2f414434f9ae,day_vote,5,ood_test,risk_heterogeneous_policy,0.0,0.42857142857142855,5,1
f5aac9b1021d5b4a70b3c41f3cab2d09cf127d1204951b0ca15c2f414434f9ae,day_vote,3,ood_test,risk_heterogeneous_policy,0.6666666666666666,0.2857142857142857,5,3
f5aac9b1021d5b4a70b3c41f3cab2d09cf127d1204951b0ca15c2f414434f9ae,day_vote,9,ood_test,risk_heterogeneous_policy,0.6666666666666666,0.42857142857142855,5,1
dd470767f4966e86596caa649c230944994db03320f2e7b2d8712eca49355da1,day_vote,9,ood_test,risk_heterogeneous_policy,0.6666666666666666,0.2857142857142857,2,2
dd470767f4966e86596caa649c230944994db03320f2e7b2d8712eca49355da1,day_vote,2,ood_test,risk_heterogeneous_policy,1.0,0.42857142857142855,2,1
dd470767f4966e86596caa649c230944994db03320f2e7b2d8712eca49355da1,day_vote,6,ood_test,risk_heterogeneous_policy,0.3333333333333333,0.14285714285714285,2,4
dd470767f4966e86596caa649c230944994db03320f2e7b2d8712eca49355da1,day_vote,5,ood_test,risk_heterogeneous_policy,0.3333333333333333,0.2857142857142857,2,2
8b196b8e8d3e0231e0231cbf7a02da01f43796ce10e25f4894b64df5aeb07e0d,day_vote,7,ood_test,risk_heterogeneous_policy,0.0,0.5714285714285714,10,1
8b196b8e8d3e0231e0231cbf7a02da01f43796ce10e25f4894b64df5aeb07e0d,day_vote,10,ood_test,risk_heterogeneous_policy,0.6666666666666666,0.5714285714285714,10,1
8b196b8e8d3e0231e0231cbf7a02da01f43796ce10e25f4894b64df5aeb07e0d,day_vote,3,ood_test,risk_heterogeneous_policy,0.6666666666666666,0.42857142857142855,10,4
8b196b8e8d3e0231e0231cbf7a02da01f43796ce10e25f4894b64df5aeb07e0d,day_vote,8,ood_test,risk_heterogeneous_policy,0.6666666666666666,0.5714285714285714,10,1
