matched_set_id,seed,seed_split,behavioral_regime,replicate_index,game_seed
r82_seed820_baseline_rep01,820,r82_independent_replication,baseline,1,68768458973714
r82_seed820_baseline_rep02,820,r82_independent_replication,baseline,2,97440423380426
r82_seed820_baseline_rep03,820,r82_independent_replication,baseline,3,114047955539258
r82_seed820_baseline_rep04,820,r82_independent_replication,baseline,4,144494444715288
r82_seed820_baseline_rep05,820,r82_independent_replication,baseline,5,28372151666691
r82_seed820_speech_enabled_rep01,820,r82_independent_replication,speech_enabled,1,269423230550261
r82_seed820_speech_enabled_rep02,820,r82_independent_replication,speech_enabled,2,258245955092747
r82_seed820_speech_enabled_rep03,820,r82_independent_replication,speech_enabled,3,195212086550844
r82_seed820_speech_enabled_rep04,820,r82_independent_replication,speech_enabled,4,52811938287745
r82_seed820_speech_enabled_rep05,820,r82_independent_replication,speech_enabled,5,247978998283749
r82_seed820_herding_enabled_rep01,820,r82_independent_replication,herding_enabled,1,40475994639259
r82_seed820_herding_enabled_rep02,820,r82_independent_replication,herding_enabled,2,85529601745617
r82_seed820_herding_enabled_rep03,820,r82_independent_replication,herding_enabled,3,281474833540748
r82_seed820_herding_enabled_rep04,820,r82_independent_replication,herding_enabled,4,238552406038033
r82_seed820_herding_enabled_rep05,820,r82_independent_replication,herding_enabled,5,83518354036537
r82_seed820_deception_enabled_rep01,820,r82_independent_replication,deception_enabled,1,261453432741226
r82_seed820_deception_enabled_rep02,820,r82_independent_replication,deception_enabled,2,254028472907016
r82_seed820_deception_enabled_rep03,820,r82_independent_replication,deception_enabled,3,210499478271702
r82_seed820_deception_enabled_rep04,820,r82_independent_replication,deception_enabled,4,100568376259547
r82_seed820_deception_enabled_rep05,820,r82_independent_replication,deception_enabled,5,225458072223692
r82_seed820_heterogeneous_risk_rep01,820,r82_independent_replication,heterogeneous_risk,1,163335578973517
r82_seed820_heterogeneous_risk_rep02,820,r82_independent_replication,heterogeneous_risk,2,123967329481979
r82_seed820_heterogeneous_risk_rep03,820,r82_independent_replication,heterogeneous_risk,3,224735984470406
r82_seed820_heterogeneous_risk_rep04,820,r82_independent_replication,heterogeneous_risk,4,247148723586715
r82_seed820_heterogeneous_risk_rep05,820,r82_independent_replication,heterogeneous_risk,5,89366739384813
r82_seed820_strong_village_information_rep01,820,r82_independent_replication,strong_village_information,1,244834523620758
r82_seed820_strong_village_information_rep02,820,r82_independent_replication,strong_village_information,2,122326961045510
r82_seed820_strong_village_information_rep03,820,r82_independent_replication,strong_village_information,3,98630465601400
r82_seed820_strong_village_information_rep04,820,r82_independent_replication,strong_village_information,4,144225040046555
r82_seed820_strong_village_information_rep05,820,r82_independent_replication,strong_village_information,5,36664363346924
r82_seed820_weak_village_information_rep01,820,r82_independent_replication,weak_village_information,1,33827485986113
r82_seed820_weak_village_information_rep02,820,r82_independent_replication,weak_village_information,2,169911404089979
r82_seed820_weak_village_information_rep03,820,r82_independent_replication,weak_village_information,3,215956384417163
r82_seed820_weak_village_information_rep04,820,r82_independent_replication,weak_village_information,4,126897739570015
r82_seed820_weak_village_information_rep05,820,r82_independent_replication,weak_village_information,5,249651744268382
r82_seed820_high_emotional_speech_rep01,820,r82_independent_replication,high_emotional_speech,1,69028119466859
r82_seed820_high_emotional_speech_rep02,820,r82_independent_replication,high_emotional_speech,2,56562004697610
r82_seed820_high_emotional_speech_rep03,820,r82_independent_replication,high_emotional_speech,3,137106430786186
r82_seed820_high_emotional_speech_rep04,820,r82_independent_replication,high_emotional_speech,4,49937557060720
r82_seed820_high_emotional_speech_rep05,820,r82_independent_replication,high_emotional_speech,5,53513335825565
r82_seed820_low_information_speech_rep01,820,r82_independent_replication,low_information_speech,1,221866219350364
r82_seed820_low_information_speech_rep02,820,r82_independent_replication,low_information_speech,2,12609142293841
r82_seed820_low_information_speech_rep03,820,r82_independent_replication,low_information_speech,3,74648932822394
r82_seed820_low_information_speech_rep04,820,r82_independent_replication,low_information_speech,4,215439322305672
r82_seed820_low_information_speech_rep05,820,r82_independent_replication,low_information_speech,5,218490133047083
r82_seed820_mixed_strategies_rep01,820,r82_independent_replication,mixed_strategies,1,89940181036287
r82_seed820_mixed_strategies_rep02,820,r82_independent_replication,mixed_strategies,2,29348766801105
r82_seed820_mixed_strategies_rep03,820,r82_independent_replication,mixed_strategies,3,41861434835891
r82_seed820_mixed_strategies_rep04,820,r82_independent_replication,mixed_strategies,4,121338233373896
r82_seed820_mixed_strategies_rep05,820,r82_independent_replication,mixed_strategies,5,208723558307553
r82_seed821_baseline_rep01,821,r82_independent_replication,baseline,1,101453710412302
r82_seed821_baseline_rep02,821,r82_independent_replication,baseline,2,235307554414048
r82_seed821_baseline_rep03,821,r82_independent_replication,baseline,3,129958508525679
r82_seed821_baseline_rep04,821,r82_independent_replication,baseline,4,230389013008320
r82_seed821_baseline_rep05,821,r82_independent_replication,baseline,5,254271363173382
r82_seed821_speech_enabled_rep01,821,r82_independent_replication,speech_enabled,1,164186394769597
r82_seed821_speech_enabled_rep02,821,r82_independent_replication,speech_enabled,2,39077826513965
r82_seed821_speech_enabled_rep03,821,r82_independent_replication,speech_enabled,3,160328373503128
r82_seed821_speech_enabled_rep04,821,r82_independent_replication,speech_enabled,4,266064086766274
r82_seed821_speech_enabled_rep05,821,r82_independent_replication,speech_enabled,5,195218426463439
r82_seed821_herding_enabled_rep01,821,r82_independent_replication,herding_enabled,1,94935831992782
r82_seed821_herding_enabled_rep02,821,r82_independent_replication,herding_enabled,2,250404578844514
r82_seed821_herding_enabled_rep03,821,r82_independent_replication,herding_enabled,3,143561213898152
r82_seed821_herding_enabled_rep04,821,r82_independent_replication,herding_enabled,4,117895591663394
r82_seed821_herding_enabled_rep05,821,r82_independent_replication,herding_enabled,5,193736285355914
r82_seed821_deception_enabled_rep01,821,r82_independent_replication,deception_enabled,1,72850172630769
r82_seed821_deception_enabled_rep02,821,r82_independent_replication,deception_enabled,2,151291822457204
r82_seed821_deception_enabled_rep03,821,r82_independent_replication,deception_enabled,3,270495041484666
r82_seed821_deception_enabled_rep04,821,r82_independent_replication,deception_enabled,4,244821768618430
r82_seed821_deception_enabled_rep05,821,r82_independent_replication,deception_enabled,5,259859155185283
r82_seed821_heterogeneous_risk_rep01,821,r82_independent_replication,heterogeneous_risk,1,3084300528784
r82_seed821_heterogeneous_risk_rep02,821,r82_independent_replication,heterogeneous_risk,2,148295711652850
r82_seed821_heterogeneous_risk_rep03,821,r82_independent_replication,heterogeneous_risk,3,242119358560907
r82_seed821_heterogeneous_risk_rep04,821,r82_independent_replication,heterogeneous_risk,4,264334816974171
r82_seed821_heterogeneous_risk_rep05,821,r82_independent_replication,heterogeneous_risk,5,88596835088084
r82_seed821_strong_village_information_rep01,821,r82_independent_replication,strong_village_information,1,115709919469076
r82_seed821_strong_village_information_rep02,821,r82_independent_replication,strong_village_information,2,149859515258279
r82_seed821_strong_village_information_rep03,821,r82_independent_replication,strong_village_information,3,245606684728113
r82_seed821_strong_village_information_rep04,821,r82_independent_replication,strong_village_information,4,33815993326508
r82_seed821_strong_village_information_rep05,821,r82_independent_replication,strong_village_information,5,145543998935204
r82_seed821_weak_village_information_rep01,821,r82_independent_replication,weak_village_information,1,121100043915632
r82_seed821_weak_village_information_rep02,821,r82_independent_replication,weak_village_information,2,52308897492066
r82_seed821_weak_village_information_rep03,821,r82_independent_replication,weak_village_information,3,239757485629083
r82_seed821_weak_village_information_rep04,821,r82_independent_replication,weak_village_information,4,49169199373815
r82_seed821_weak_village_information_rep05,821,r82_independent_replication,weak_village_information,5,187696601883803
r82_seed821_high_emotional_speech_rep01,821,r82_independent_replication,high_emotional_speech,1,88200736747489
r82_seed821_high_emotional_speech_rep02,821,r82_independent_replication,high_emotional_speech,2,32498148782047
r82_seed821_high_emotional_speech_rep03,821,r82_independent_replication,high_emotional_speech,3,99671560234641
r82_seed821_high_emotional_speech_rep04,821,r82_independent_replication,high_emotional_speech,4,42497930550052
r82_seed821_high_emotional_speech_rep05,821,r82_independent_replication,high_emotional_speech,5,221952092306161
r82_seed821_low_information_speech_rep01,821,r82_independent_replication,low_information_speech,1,30167951588904
r82_seed821_low_information_speech_rep02,821,r82_independent_replication,low_information_speech,2,32482974334361
r82_seed821_low_information_speech_rep03,821,r82_independent_replication,low_information_speech,3,120582694968977
r82_seed821_low_information_speech_rep04,821,r82_independent_replication,low_information_speech,4,181904056262273
r82_seed821_low_information_speech_rep05,821,r82_independent_replication,low_information_speech,5,232782732863493
r82_seed821_mixed_strategies_rep01,821,r82_independent_replication,mixed_strategies,1,112764366425822
r82_seed821_mixed_strategies_rep02,821,r82_independent_replication,mixed_strategies,2,233355460667357
r82_seed821_mixed_strategies_rep03,821,r82_independent_replication,mixed_strategies,3,121237039182332
r82_seed821_mixed_strategies_rep04,821,r82_independent_replication,mixed_strategies,4,83226422084678
r82_seed821_mixed_strategies_rep05,821,r82_independent_replication,mixed_strategies,5,233959844859626
r82_seed822_baseline_rep01,822,r82_independent_replication,baseline,1,176577233885116
r82_seed822_baseline_rep02,822,r82_independent_replication,baseline,2,146865664974710
r82_seed822_baseline_rep03,822,r82_independent_replication,baseline,3,276841744643587
r82_seed822_baseline_rep04,822,r82_independent_replication,baseline,4,110292145381324
r82_seed822_baseline_rep05,822,r82_independent_replication,baseline,5,2618550665785
r82_seed822_speech_enabled_rep01,822,r82_independent_replication,speech_enabled,1,266550650801379
r82_seed822_speech_enabled_rep02,822,r82_independent_replication,speech_enabled,2,2768264238975
r82_seed822_speech_enabled_rep03,822,r82_independent_replication,speech_enabled,3,221346646060828
r82_seed822_speech_enabled_rep04,822,r82_independent_replication,speech_enabled,4,82916922698602
r82_seed822_speech_enabled_rep05,822,r82_independent_replication,speech_enabled,5,199446184205083
r82_seed822_herding_enabled_rep01,822,r82_independent_replication,herding_enabled,1,199116453671300
r82_seed822_herding_enabled_rep02,822,r82_independent_replication,herding_enabled,2,269869257094751
r82_seed822_herding_enabled_rep03,822,r82_independent_replication,herding_enabled,3,63367115594215
r82_seed822_herding_enabled_rep04,822,r82_independent_replication,herding_enabled,4,25050645109657
r82_seed822_herding_enabled_rep05,822,r82_independent_replication,herding_enabled,5,268440415189892
r82_seed822_deception_enabled_rep01,822,r82_independent_replication,deception_enabled,1,230893448215135
r82_seed822_deception_enabled_rep02,822,r82_independent_replication,deception_enabled,2,97868239411174
r82_seed822_deception_enabled_rep03,822,r82_independent_replication,deception_enabled,3,201484893985270
r82_seed822_deception_enabled_rep04,822,r82_independent_replication,deception_enabled,4,37261494849126
r82_seed822_deception_enabled_rep05,822,r82_independent_replication,deception_enabled,5,31261482995674
r82_seed822_heterogeneous_risk_rep01,822,r82_independent_replication,heterogeneous_risk,1,85720828456259
r82_seed822_heterogeneous_risk_rep02,822,r82_independent_replication,heterogeneous_risk,2,229767839528063
r82_seed822_heterogeneous_risk_rep03,822,r82_independent_replication,heterogeneous_risk,3,167275236520467
r82_seed822_heterogeneous_risk_rep04,822,r82_independent_replication,heterogeneous_risk,4,75563911532596
r82_seed822_heterogeneous_risk_rep05,822,r82_independent_replication,heterogeneous_risk,5,106401425073757
r82_seed822_strong_village_information_rep01,822,r82_independent_replication,strong_village_information,1,178902834626660
r82_seed822_strong_village_information_rep02,822,r82_independent_replication,strong_village_information,2,97011653770426
r82_seed822_strong_village_information_rep03,822,r82_independent_replication,strong_village_information,3,21165497125261
r82_seed822_strong_village_information_rep04,822,r82_independent_replication,strong_village_information,4,110039284030605
r82_seed822_strong_village_information_rep05,822,r82_independent_replication,strong_village_information,5,279774796769789
r82_seed822_weak_village_information_rep01,822,r82_independent_replication,weak_village_information,1,143052603395742
r82_seed822_weak_village_information_rep02,822,r82_independent_replication,weak_village_information,2,113529440795749
r82_seed822_weak_village_information_rep03,822,r82_independent_replication,weak_village_information,3,40907526538182
r82_seed822_weak_village_information_rep04,822,r82_independent_replication,weak_village_information,4,101761002130687
r82_seed822_weak_village_information_rep05,822,r82_independent_replication,weak_village_information,5,44910979047650
r82_seed822_high_emotional_speech_rep01,822,r82_independent_replication,high_emotional_speech,1,29518563495609
r82_seed822_high_emotional_speech_rep02,822,r82_independent_replication,high_emotional_speech,2,132771607231420
r82_seed822_high_emotional_speech_rep03,822,r82_independent_replication,high_emotional_speech,3,251852682781229
r82_seed822_high_emotional_speech_rep04,822,r82_independent_replication,high_emotional_speech,4,253043324995632
r82_seed822_high_emotional_speech_rep05,822,r82_independent_replication,high_emotional_speech,5,85299409732220
r82_seed822_low_information_speech_rep01,822,r82_independent_replication,low_information_speech,1,69981141610187
r82_seed822_low_information_speech_rep02,822,r82_independent_replication,low_information_speech,2,92220988410764
r82_seed822_low_information_speech_rep03,822,r82_independent_replication,low_information_speech,3,107587030787078
r82_seed822_low_information_speech_rep04,822,r82_independent_replication,low_information_speech,4,241661779554494
r82_seed822_low_information_speech_rep05,822,r82_independent_replication,low_information_speech,5,280538050983444
r82_seed822_mixed_strategies_rep01,822,r82_independent_replication,mixed_strategies,1,13617379318545
r82_seed822_mixed_strategies_rep02,822,r82_independent_replication,mixed_strategies,2,228705895311767
r82_seed822_mixed_strategies_rep03,822,r82_independent_replication,mixed_strategies,3,164897074037139
r82_seed822_mixed_strategies_rep04,822,r82_independent_replication,mixed_strategies,4,110698410054253
r82_seed822_mixed_strategies_rep05,822,r82_independent_replication,mixed_strategies,5,122931367925740
r82_seed823_baseline_rep01,823,r82_independent_replication,baseline,1,139433856915086
r82_seed823_baseline_rep02,823,r82_independent_replication,baseline,2,227730119383786
r82_seed823_baseline_rep03,823,r82_independent_replication,baseline,3,141611607887130
r82_seed823_baseline_rep04,823,r82_independent_replication,baseline,4,138109067782669
r82_seed823_baseline_rep05,823,r82_independent_replication,baseline,5,113582624619643
r82_seed823_speech_enabled_rep01,823,r82_independent_replication,speech_enabled,1,101610702764639
r82_seed823_speech_enabled_rep02,823,r82_independent_replication,speech_enabled,2,16750879442373
r82_seed823_speech_enabled_rep03,823,r82_independent_replication,speech_enabled,3,223645555703664
r82_seed823_speech_enabled_rep04,823,r82_independent_replication,speech_enabled,4,214762870151688
r82_seed823_speech_enabled_rep05,823,r82_independent_replication,speech_enabled,5,108598839367393
r82_seed823_herding_enabled_rep01,823,r82_independent_replication,herding_enabled,1,60948954841490
r82_seed823_herding_enabled_rep02,823,r82_independent_replication,herding_enabled,2,255151416261105
r82_seed823_herding_enabled_rep03,823,r82_independent_replication,herding_enabled,3,280392816688020
r82_seed823_herding_enabled_rep04,823,r82_independent_replication,herding_enabled,4,34737654439112
r82_seed823_herding_enabled_rep05,823,r82_independent_replication,herding_enabled,5,146333905197465
r82_seed823_deception_enabled_rep01,823,r82_independent_replication,deception_enabled,1,145098741782947
r82_seed823_deception_enabled_rep02,823,r82_independent_replication,deception_enabled,2,165472822099161
r82_seed823_deception_enabled_rep03,823,r82_independent_replication,deception_enabled,3,19231393215389
r82_seed823_deception_enabled_rep04,823,r82_independent_replication,deception_enabled,4,89306536284232
r82_seed823_deception_enabled_rep05,823,r82_independent_replication,deception_enabled,5,199860231509227
r82_seed823_heterogeneous_risk_rep01,823,r82_independent_replication,heterogeneous_risk,1,139197577324963
r82_seed823_heterogeneous_risk_rep02,823,r82_independent_replication,heterogeneous_risk,2,33346421559443
r82_seed823_heterogeneous_risk_rep03,823,r82_independent_replication,heterogeneous_risk,3,40116411334438
r82_seed823_heterogeneous_risk_rep04,823,r82_independent_replication,heterogeneous_risk,4,172838238453937
r82_seed823_heterogeneous_risk_rep05,823,r82_independent_replication,heterogeneous_risk,5,280481525329808
r82_seed823_strong_village_information_rep01,823,r82_independent_replication,strong_village_information,1,51165574370025
r82_seed823_strong_village_information_rep02,823,r82_independent_replication,strong_village_information,2,215621699493463
r82_seed823_strong_village_information_rep03,823,r82_independent_replication,strong_village_information,3,25219932411971
r82_seed823_strong_village_information_rep04,823,r82_independent_replication,strong_village_information,4,220268264202535
r82_seed823_strong_village_information_rep05,823,r82_independent_replication,strong_village_information,5,22149684862137
r82_seed823_weak_village_information_rep01,823,r82_independent_replication,weak_village_information,1,187468358910313
r82_seed823_weak_village_information_rep02,823,r82_independent_replication,weak_village_information,2,44093079143077
r82_seed823_weak_village_information_rep03,823,r82_independent_replication,weak_village_information,3,123201081106757
r82_seed823_weak_village_information_rep04,823,r82_independent_replication,weak_village_information,4,272422845825621
r82_seed823_weak_village_information_rep05,823,r82_independent_replication,weak_village_information,5,197967303932179
r82_seed823_high_emotional_speech_rep01,823,r82_independent_replication,high_emotional_speech,1,261494296967367
r82_seed823_high_emotional_speech_rep02,823,r82_independent_replication,high_emotional_speech,2,188026087049834
r82_seed823_high_emotional_speech_rep03,823,r82_independent_replication,high_emotional_speech,3,76999518765599
r82_seed823_high_emotional_speech_rep04,823,r82_independent_replication,high_emotional_speech,4,119912204868446
r82_seed823_high_emotional_speech_rep05,823,r82_independent_replication,high_emotional_speech,5,244723278783006
r82_seed823_low_information_speech_rep01,823,r82_independent_replication,low_information_speech,1,135486037773397
r82_seed823_low_information_speech_rep02,823,r82_independent_replication,low_information_speech,2,221518268895361
r82_seed823_low_information_speech_rep03,823,r82_independent_replication,low_information_speech,3,97755819763311
r82_seed823_low_information_speech_rep04,823,r82_independent_replication,low_information_speech,4,241493731826413
r82_seed823_low_information_speech_rep05,823,r82_independent_replication,low_information_speech,5,212366526341479
r82_seed823_mixed_strategies_rep01,823,r82_independent_replication,mixed_strategies,1,98174829991557
r82_seed823_mixed_strategies_rep02,823,r82_independent_replication,mixed_strategies,2,42561570789685
r82_seed823_mixed_strategies_rep03,823,r82_independent_replication,mixed_strategies,3,10913138422720
r82_seed823_mixed_strategies_rep04,823,r82_independent_replication,mixed_strategies,4,238627766136653
r82_seed823_mixed_strategies_rep05,823,r82_independent_replication,mixed_strategies,5,168724965600608
r82_seed824_baseline_rep01,824,r82_independent_replication,baseline,1,32645214943018
r82_seed824_baseline_rep02,824,r82_independent_replication,baseline,2,269256379852884
r82_seed824_baseline_rep03,824,r82_independent_replication,baseline,3,30700101105293
r82_seed824_baseline_rep04,824,r82_independent_replication,baseline,4,67347762598548
r82_seed824_baseline_rep05,824,r82_independent_replication,baseline,5,55657143262545
r82_seed824_speech_enabled_rep01,824,r82_independent_replication,speech_enabled,1,232509886354117
r82_seed824_speech_enabled_rep02,824,r82_independent_replication,speech_enabled,2,278126821862239
r82_seed824_speech_enabled_rep03,824,r82_independent_replication,speech_enabled,3,169498477366645
r82_seed824_speech_enabled_rep04,824,r82_independent_replication,speech_enabled,4,164012613005945
r82_seed824_speech_enabled_rep05,824,r82_independent_replication,speech_enabled,5,49526497382555
r82_seed824_herding_enabled_rep01,824,r82_independent_replication,herding_enabled,1,266901475444857
r82_seed824_herding_enabled_rep02,824,r82_independent_replication,herding_enabled,2,138401897725967
r82_seed824_herding_enabled_rep03,824,r82_independent_replication,herding_enabled,3,231252625258583
r82_seed824_herding_enabled_rep04,824,r82_independent_replication,herding_enabled,4,69656420378139
r82_seed824_herding_enabled_rep05,824,r82_independent_replication,herding_enabled,5,280187468186554
r82_seed824_deception_enabled_rep01,824,r82_independent_replication,deception_enabled,1,109587653122296
r82_seed824_deception_enabled_rep02,824,r82_independent_replication,deception_enabled,2,36741678676830
r82_seed824_deception_enabled_rep03,824,r82_independent_replication,deception_enabled,3,87252892289158
r82_seed824_deception_enabled_rep04,824,r82_independent_replication,deception_enabled,4,155556305284566
r82_seed824_deception_enabled_rep05,824,r82_independent_replication,deception_enabled,5,195145931972381
r82_seed824_heterogeneous_risk_rep01,824,r82_independent_replication,heterogeneous_risk,1,73138263947405
r82_seed824_heterogeneous_risk_rep02,824,r82_independent_replication,heterogeneous_risk,2,42592354365187
r82_seed824_heterogeneous_risk_rep03,824,r82_independent_replication,heterogeneous_risk,3,57670514401394
r82_seed824_heterogeneous_risk_rep04,824,r82_independent_replication,heterogeneous_risk,4,186599934442855
r82_seed824_heterogeneous_risk_rep05,824,r82_independent_replication,heterogeneous_risk,5,271053592022809
r82_seed824_strong_village_information_rep01,824,r82_independent_replication,strong_village_information,1,130997659241067
r82_seed824_strong_village_information_rep02,824,r82_independent_replication,strong_village_information,2,65708908943389
r82_seed824_strong_village_information_rep03,824,r82_independent_replication,strong_village_information,3,145274552180548
r82_seed824_strong_village_information_rep04,824,r82_independent_replication,strong_village_information,4,237732800111478
r82_seed824_strong_village_information_rep05,824,r82_independent_replication,strong_village_information,5,156171572611378
r82_seed824_weak_village_information_rep01,824,r82_independent_replication,weak_village_information,1,130106973911636
r82_seed824_weak_village_information_rep02,824,r82_independent_replication,weak_village_information,2,169056846530545
r82_seed824_weak_village_information_rep03,824,r82_independent_replication,weak_village_information,3,36394792999946
r82_seed824_weak_village_information_rep04,824,r82_independent_replication,weak_village_information,4,76950401191579
r82_seed824_weak_village_information_rep05,824,r82_independent_replication,weak_village_information,5,177476954457481
r82_seed824_high_emotional_speech_rep01,824,r82_independent_replication,high_emotional_speech,1,222761336697400
r82_seed824_high_emotional_speech_rep02,824,r82_independent_replication,high_emotional_speech,2,254645079884230
r82_seed824_high_emotional_speech_rep03,824,r82_independent_replication,high_emotional_speech,3,208599239954020
r82_seed824_high_emotional_speech_rep04,824,r82_independent_replication,high_emotional_speech,4,241168871999468
r82_seed824_high_emotional_speech_rep05,824,r82_independent_replication,high_emotional_speech,5,83913306179238
r82_seed824_low_information_speech_rep01,824,r82_independent_replication,low_information_speech,1,17175573423297
r82_seed824_low_information_speech_rep02,824,r82_independent_replication,low_information_speech,2,159579753529639
r82_seed824_low_information_speech_rep03,824,r82_independent_replication,low_information_speech,3,155907403978783
r82_seed824_low_information_speech_rep04,824,r82_independent_replication,low_information_speech,4,59203602538712
r82_seed824_low_information_speech_rep05,824,r82_independent_replication,low_information_speech,5,26698728843845
r82_seed824_mixed_strategies_rep01,824,r82_independent_replication,mixed_strategies,1,7723079770165
r82_seed824_mixed_strategies_rep02,824,r82_independent_replication,mixed_strategies,2,84528253565104
r82_seed824_mixed_strategies_rep03,824,r82_independent_replication,mixed_strategies,3,205881826446627
r82_seed824_mixed_strategies_rep04,824,r82_independent_replication,mixed_strategies,4,256085611923818
r82_seed824_mixed_strategies_rep05,824,r82_independent_replication,mixed_strategies,5,166060581920149
r82_seed825_baseline_rep01,825,r82_independent_replication,baseline,1,152565362891717
r82_seed825_baseline_rep02,825,r82_independent_replication,baseline,2,110674929858915
r82_seed825_baseline_rep03,825,r82_independent_replication,baseline,3,13562480785139
r82_seed825_baseline_rep04,825,r82_independent_replication,baseline,4,206204824207089
r82_seed825_baseline_rep05,825,r82_independent_replication,baseline,5,35075746651449
r82_seed825_speech_enabled_rep01,825,r82_independent_replication,speech_enabled,1,58059307329610
r82_seed825_speech_enabled_rep02,825,r82_independent_replication,speech_enabled,2,62669082393878
r82_seed825_speech_enabled_rep03,825,r82_independent_replication,speech_enabled,3,31963105318556
r82_seed825_speech_enabled_rep04,825,r82_independent_replication,speech_enabled,4,262799501777893
r82_seed825_speech_enabled_rep05,825,r82_independent_replication,speech_enabled,5,49825107142378
r82_seed825_herding_enabled_rep01,825,r82_independent_replication,herding_enabled,1,187357101521625
r82_seed825_herding_enabled_rep02,825,r82_independent_replication,herding_enabled,2,16174539063019
r82_seed825_herding_enabled_rep03,825,r82_independent_replication,herding_enabled,3,221753130205973
r82_seed825_herding_enabled_rep04,825,r82_independent_replication,herding_enabled,4,279163706448523
r82_seed825_herding_enabled_rep05,825,r82_independent_replication,herding_enabled,5,49237089994555
r82_seed825_deception_enabled_rep01,825,r82_independent_replication,deception_enabled,1,238812039087431
r82_seed825_deception_enabled_rep02,825,r82_independent_replication,deception_enabled,2,35898382799625
r82_seed825_deception_enabled_rep03,825,r82_independent_replication,deception_enabled,3,42458602867012
r82_seed825_deception_enabled_rep04,825,r82_independent_replication,deception_enabled,4,156129332753775
r82_seed825_deception_enabled_rep05,825,r82_independent_replication,deception_enabled,5,33695632997380
r82_seed825_heterogeneous_risk_rep01,825,r82_independent_replication,heterogeneous_risk,1,180852937268210
r82_seed825_heterogeneous_risk_rep02,825,r82_independent_replication,heterogeneous_risk,2,281178332947774
r82_seed825_heterogeneous_risk_rep03,825,r82_independent_replication,heterogeneous_risk,3,201563948927306
r82_seed825_heterogeneous_risk_rep04,825,r82_independent_replication,heterogeneous_risk,4,4465228924551
r82_seed825_heterogeneous_risk_rep05,825,r82_independent_replication,heterogeneous_risk,5,15583652551942
r82_seed825_strong_village_information_rep01,825,r82_independent_replication,strong_village_information,1,130987159443891
r82_seed825_strong_village_information_rep02,825,r82_independent_replication,strong_village_information,2,215782565509633
r82_seed825_strong_village_information_rep03,825,r82_independent_replication,strong_village_information,3,53634780662529
r82_seed825_strong_village_information_rep04,825,r82_independent_replication,strong_village_information,4,161075340509321
r82_seed825_strong_village_information_rep05,825,r82_independent_replication,strong_village_information,5,256037505318667
r82_seed825_weak_village_information_rep01,825,r82_independent_replication,weak_village_information,1,130286755721457
r82_seed825_weak_village_information_rep02,825,r82_independent_replication,weak_village_information,2,915751810510
r82_seed825_weak_village_information_rep03,825,r82_independent_replication,weak_village_information,3,31444898776239
r82_seed825_weak_village_information_rep04,825,r82_independent_replication,weak_village_information,4,52712378600520
r82_seed825_weak_village_information_rep05,825,r82_independent_replication,weak_village_information,5,244380281674692
r82_seed825_high_emotional_speech_rep01,825,r82_independent_replication,high_emotional_speech,1,269649294638515
r82_seed825_high_emotional_speech_rep02,825,r82_independent_replication,high_emotional_speech,2,31160820350936
r82_seed825_high_emotional_speech_rep03,825,r82_independent_replication,high_emotional_speech,3,112465928740451
r82_seed825_high_emotional_speech_rep04,825,r82_independent_replication,high_emotional_speech,4,249188438680275
r82_seed825_high_emotional_speech_rep05,825,r82_independent_replication,high_emotional_speech,5,145003673293131
r82_seed825_low_information_speech_rep01,825,r82_independent_replication,low_information_speech,1,81045108854784
r82_seed825_low_information_speech_rep02,825,r82_independent_replication,low_information_speech,2,134000920637711
r82_seed825_low_information_speech_rep03,825,r82_independent_replication,low_information_speech,3,254490055823494
r82_seed825_low_information_speech_rep04,825,r82_independent_replication,low_information_speech,4,114124409568667
r82_seed825_low_information_speech_rep05,825,r82_independent_replication,low_information_speech,5,228997754450521
r82_seed825_mixed_strategies_rep01,825,r82_independent_replication,mixed_strategies,1,205664232999117
r82_seed825_mixed_strategies_rep02,825,r82_independent_replication,mixed_strategies,2,84340367445764
r82_seed825_mixed_strategies_rep03,825,r82_independent_replication,mixed_strategies,3,236740272285820
r82_seed825_mixed_strategies_rep04,825,r82_independent_replication,mixed_strategies,4,113420499740662
r82_seed825_mixed_strategies_rep05,825,r82_independent_replication,mixed_strategies,5,185871645146148
r82_seed826_baseline_rep01,826,r82_independent_replication,baseline,1,51765953762698
r82_seed826_baseline_rep02,826,r82_independent_replication,baseline,2,75481677001292
r82_seed826_baseline_rep03,826,r82_independent_replication,baseline,3,267869141706329
r82_seed826_baseline_rep04,826,r82_independent_replication,baseline,4,59086498946410
r82_seed826_baseline_rep05,826,r82_independent_replication,baseline,5,111566134475620
r82_seed826_speech_enabled_rep01,826,r82_independent_replication,speech_enabled,1,21533701887767
r82_seed826_speech_enabled_rep02,826,r82_independent_replication,speech_enabled,2,195970389966359
r82_seed826_speech_enabled_rep03,826,r82_independent_replication,speech_enabled,3,170923178794297
r82_seed826_speech_enabled_rep04,826,r82_independent_replication,speech_enabled,4,207005991324016
r82_seed826_speech_enabled_rep05,826,r82_independent_replication,speech_enabled,5,221461329239688
r82_seed826_herding_enabled_rep01,826,r82_independent_replication,herding_enabled,1,4473509383553
r82_seed826_herding_enabled_rep02,826,r82_independent_replication,herding_enabled,2,110910021040408
r82_seed826_herding_enabled_rep03,826,r82_independent_replication,herding_enabled,3,149436381468383
r82_seed826_herding_enabled_rep04,826,r82_independent_replication,herding_enabled,4,255778326065085
r82_seed826_herding_enabled_rep05,826,r82_independent_replication,herding_enabled,5,187547427654194
r82_seed826_deception_enabled_rep01,826,r82_independent_replication,deception_enabled,1,230663098406885
r82_seed826_deception_enabled_rep02,826,r82_independent_replication,deception_enabled,2,273899086991694
r82_seed826_deception_enabled_rep03,826,r82_independent_replication,deception_enabled,3,143058670242161
r82_seed826_deception_enabled_rep04,826,r82_independent_replication,deception_enabled,4,131679279484604
r82_seed826_deception_enabled_rep05,826,r82_independent_replication,deception_enabled,5,130495646399337
r82_seed826_heterogeneous_risk_rep01,826,r82_independent_replication,heterogeneous_risk,1,242133180731596
r82_seed826_heterogeneous_risk_rep02,826,r82_independent_replication,heterogeneous_risk,2,114479824016044
r82_seed826_heterogeneous_risk_rep03,826,r82_independent_replication,heterogeneous_risk,3,260800399545474
r82_seed826_heterogeneous_risk_rep04,826,r82_independent_replication,heterogeneous_risk,4,12691507177037
r82_seed826_heterogeneous_risk_rep05,826,r82_independent_replication,heterogeneous_risk,5,160295179040034
r82_seed826_strong_village_information_rep01,826,r82_independent_replication,strong_village_information,1,85614694359379
r82_seed826_strong_village_information_rep02,826,r82_independent_replication,strong_village_information,2,111356488364661
r82_seed826_strong_village_information_rep03,826,r82_independent_replication,strong_village_information,3,107944557058332
r82_seed826_strong_village_information_rep04,826,r82_independent_replication,strong_village_information,4,233560487372165
r82_seed826_strong_village_information_rep05,826,r82_independent_replication,strong_village_information,5,213200257854939
r82_seed826_weak_village_information_rep01,826,r82_independent_replication,weak_village_information,1,121453203343151
r82_seed826_weak_village_information_rep02,826,r82_independent_replication,weak_village_information,2,75449606184779
r82_seed826_weak_village_information_rep03,826,r82_independent_replication,weak_village_information,3,83770733752949
r82_seed826_weak_village_information_rep04,826,r82_independent_replication,weak_village_information,4,229414931746018
r82_seed826_weak_village_information_rep05,826,r82_independent_replication,weak_village_information,5,126649004721021
r82_seed826_high_emotional_speech_rep01,826,r82_independent_replication,high_emotional_speech,1,192847494624436
r82_seed826_high_emotional_speech_rep02,826,r82_independent_replication,high_emotional_speech,2,172107097835596
r82_seed826_high_emotional_speech_rep03,826,r82_independent_replication,high_emotional_speech,3,274300548888956
r82_seed826_high_emotional_speech_rep04,826,r82_independent_replication,high_emotional_speech,4,126573686621445
r82_seed826_high_emotional_speech_rep05,826,r82_independent_replication,high_emotional_speech,5,175791605517817
r82_seed826_low_information_speech_rep01,826,r82_independent_replication,low_information_speech,1,270361010098451
r82_seed826_low_information_speech_rep02,826,r82_independent_replication,low_information_speech,2,265271647646595
r82_seed826_low_information_speech_rep03,826,r82_independent_replication,low_information_speech,3,194011640665915
r82_seed826_low_information_speech_rep04,826,r82_independent_replication,low_information_speech,4,120966390838587
r82_seed826_low_information_speech_rep05,826,r82_independent_replication,low_information_speech,5,102152950100223
r82_seed826_mixed_strategies_rep01,826,r82_independent_replication,mixed_strategies,1,272854269230671
r82_seed826_mixed_strategies_rep02,826,r82_independent_replication,mixed_strategies,2,11755187667738
r82_seed826_mixed_strategies_rep03,826,r82_independent_replication,mixed_strategies,3,28391705968054
r82_seed826_mixed_strategies_rep04,826,r82_independent_replication,mixed_strategies,4,116914090299411
r82_seed826_mixed_strategies_rep05,826,r82_independent_replication,mixed_strategies,5,279934442984188
r82_seed827_baseline_rep01,827,r82_independent_replication,baseline,1,152827904490963
r82_seed827_baseline_rep02,827,r82_independent_replication,baseline,2,237344277140146
r82_seed827_baseline_rep03,827,r82_independent_replication,baseline,3,134530874514932
r82_seed827_baseline_rep04,827,r82_independent_replication,baseline,4,228614045926851
r82_seed827_baseline_rep05,827,r82_independent_replication,baseline,5,216055756371934
r82_seed827_speech_enabled_rep01,827,r82_independent_replication,speech_enabled,1,204125427639338
r82_seed827_speech_enabled_rep02,827,r82_independent_replication,speech_enabled,2,249428872885645
r82_seed827_speech_enabled_rep03,827,r82_independent_replication,speech_enabled,3,126584469619131
r82_seed827_speech_enabled_rep04,827,r82_independent_replication,speech_enabled,4,266637452240330
r82_seed827_speech_enabled_rep05,827,r82_independent_replication,speech_enabled,5,15975768042716
r82_seed827_herding_enabled_rep01,827,r82_independent_replication,herding_enabled,1,110865649410610
r82_seed827_herding_enabled_rep02,827,r82_independent_replication,herding_enabled,2,40798523358176
r82_seed827_herding_enabled_rep03,827,r82_independent_replication,herding_enabled,3,84803685446711
r82_seed827_herding_enabled_rep04,827,r82_independent_replication,herding_enabled,4,119426525395639
r82_seed827_herding_enabled_rep05,827,r82_independent_replication,herding_enabled,5,243449275060643
r82_seed827_deception_enabled_rep01,827,r82_independent_replication,deception_enabled,1,249255413113153
r82_seed827_deception_enabled_rep02,827,r82_independent_replication,deception_enabled,2,50676611919290
r82_seed827_deception_enabled_rep03,827,r82_independent_replication,deception_enabled,3,1244354125698
r82_seed827_deception_enabled_rep04,827,r82_independent_replication,deception_enabled,4,144573644880650
r82_seed827_deception_enabled_rep05,827,r82_independent_replication,deception_enabled,5,865877948336
r82_seed827_heterogeneous_risk_rep01,827,r82_independent_replication,heterogeneous_risk,1,92000393289634
r82_seed827_heterogeneous_risk_rep02,827,r82_independent_replication,heterogeneous_risk,2,43529246953121
r82_seed827_heterogeneous_risk_rep03,827,r82_independent_replication,heterogeneous_risk,3,95598895906247
r82_seed827_heterogeneous_risk_rep04,827,r82_independent_replication,heterogeneous_risk,4,27217739956910
r82_seed827_heterogeneous_risk_rep05,827,r82_independent_replication,heterogeneous_risk,5,130438923692449
r82_seed827_strong_village_information_rep01,827,r82_independent_replication,strong_village_information,1,133174377094201
r82_seed827_strong_village_information_rep02,827,r82_independent_replication,strong_village_information,2,258184040314900
r82_seed827_strong_village_information_rep03,827,r82_independent_replication,strong_village_information,3,211569175912234
r82_seed827_strong_village_information_rep04,827,r82_independent_replication,strong_village_information,4,9100829049351
r82_seed827_strong_village_information_rep05,827,r82_independent_replication,strong_village_information,5,263654333601323
r82_seed827_weak_village_information_rep01,827,r82_independent_replication,weak_village_information,1,48639611422968
r82_seed827_weak_village_information_rep02,827,r82_independent_replication,weak_village_information,2,103072857156748
r82_seed827_weak_village_information_rep03,827,r82_independent_replication,weak_village_information,3,166855985964796
r82_seed827_weak_village_information_rep04,827,r82_independent_replication,weak_village_information,4,72809196844333
r82_seed827_weak_village_information_rep05,827,r82_independent_replication,weak_village_information,5,104735729998661
r82_seed827_high_emotional_speech_rep01,827,r82_independent_replication,high_emotional_speech,1,257332103160767
r82_seed827_high_emotional_speech_rep02,827,r82_independent_replication,high_emotional_speech,2,258858527976905
r82_seed827_high_emotional_speech_rep03,827,r82_independent_replication,high_emotional_speech,3,269807472364041
r82_seed827_high_emotional_speech_rep04,827,r82_independent_replication,high_emotional_speech,4,160500585860748
r82_seed827_high_emotional_speech_rep05,827,r82_independent_replication,high_emotional_speech,5,16661125747784
r82_seed827_low_information_speech_rep01,827,r82_independent_replication,low_information_speech,1,151052022178596
r82_seed827_low_information_speech_rep02,827,r82_independent_replication,low_information_speech,2,132626945194161
r82_seed827_low_information_speech_rep03,827,r82_independent_replication,low_information_speech,3,148440100280452
r82_seed827_low_information_speech_rep04,827,r82_independent_replication,low_information_speech,4,269732431189982
r82_seed827_low_information_speech_rep05,827,r82_independent_replication,low_information_speech,5,229174698562775
r82_seed827_mixed_strategies_rep01,827,r82_independent_replication,mixed_strategies,1,115489594847778
r82_seed827_mixed_strategies_rep02,827,r82_independent_replication,mixed_strategies,2,31353789425731
r82_seed827_mixed_strategies_rep03,827,r82_independent_replication,mixed_strategies,3,105853820772521
r82_seed827_mixed_strategies_rep04,827,r82_independent_replication,mixed_strategies,4,166226033871786
r82_seed827_mixed_strategies_rep05,827,r82_independent_replication,mixed_strategies,5,30074169073859
r82_seed828_baseline_rep01,828,r82_independent_replication,baseline,1,173112365737728
r82_seed828_baseline_rep02,828,r82_independent_replication,baseline,2,158296308872070
r82_seed828_baseline_rep03,828,r82_independent_replication,baseline,3,180483211013512
r82_seed828_baseline_rep04,828,r82_independent_replication,baseline,4,23564525821757
r82_seed828_baseline_rep05,828,r82_independent_replication,baseline,5,45415357414849
r82_seed828_speech_enabled_rep01,828,r82_independent_replication,speech_enabled,1,228052951204961
r82_seed828_speech_enabled_rep02,828,r82_independent_replication,speech_enabled,2,67945373539187
r82_seed828_speech_enabled_rep03,828,r82_independent_replication,speech_enabled,3,197967404107858
r82_seed828_speech_enabled_rep04,828,r82_independent_replication,speech_enabled,4,64819999209047
r82_seed828_speech_enabled_rep05,828,r82_independent_replication,speech_enabled,5,99162898216500
r82_seed828_herding_enabled_rep01,828,r82_independent_replication,herding_enabled,1,54629415008734
r82_seed828_herding_enabled_rep02,828,r82_independent_replication,herding_enabled,2,109644119022481
r82_seed828_herding_enabled_rep03,828,r82_independent_replication,herding_enabled,3,150002951659462
r82_seed828_herding_enabled_rep04,828,r82_independent_replication,herding_enabled,4,8204060390593
r82_seed828_herding_enabled_rep05,828,r82_independent_replication,herding_enabled,5,218154737927792
r82_seed828_deception_enabled_rep01,828,r82_independent_replication,deception_enabled,1,209393320247890
r82_seed828_deception_enabled_rep02,828,r82_independent_replication,deception_enabled,2,1100863562578
r82_seed828_deception_enabled_rep03,828,r82_independent_replication,deception_enabled,3,84164674136032
r82_seed828_deception_enabled_rep04,828,r82_independent_replication,deception_enabled,4,281352005244156
r82_seed828_deception_enabled_rep05,828,r82_independent_replication,deception_enabled,5,178677042024363
r82_seed828_heterogeneous_risk_rep01,828,r82_independent_replication,heterogeneous_risk,1,118204383725359
r82_seed828_heterogeneous_risk_rep02,828,r82_independent_replication,heterogeneous_risk,2,254847204430159
r82_seed828_heterogeneous_risk_rep03,828,r82_independent_replication,heterogeneous_risk,3,167208915827704
r82_seed828_heterogeneous_risk_rep04,828,r82_independent_replication,heterogeneous_risk,4,111139141333355
r82_seed828_heterogeneous_risk_rep05,828,r82_independent_replication,heterogeneous_risk,5,222868836812219
r82_seed828_strong_village_information_rep01,828,r82_independent_replication,strong_village_information,1,120418617640331
r82_seed828_strong_village_information_rep02,828,r82_independent_replication,strong_village_information,2,191032458399855
r82_seed828_strong_village_information_rep03,828,r82_independent_replication,strong_village_information,3,224703020840977
r82_seed828_strong_village_information_rep04,828,r82_independent_replication,strong_village_information,4,8738822716454
r82_seed828_strong_village_information_rep05,828,r82_independent_replication,strong_village_information,5,76695480971107
r82_seed828_weak_village_information_rep01,828,r82_independent_replication,weak_village_information,1,146008833977577
r82_seed828_weak_village_information_rep02,828,r82_independent_replication,weak_village_information,2,210976542084738
r82_seed828_weak_village_information_rep03,828,r82_independent_replication,weak_village_information,3,154815764263953
r82_seed828_weak_village_information_rep04,828,r82_independent_replication,weak_village_information,4,195189789814441
r82_seed828_weak_village_information_rep05,828,r82_independent_replication,weak_village_information,5,30214938441542
r82_seed828_high_emotional_speech_rep01,828,r82_independent_replication,high_emotional_speech,1,168530608108458
r82_seed828_high_emotional_speech_rep02,828,r82_independent_replication,high_emotional_speech,2,248786545664865
r82_seed828_high_emotional_speech_rep03,828,r82_independent_replication,high_emotional_speech,3,101063099172634
r82_seed828_high_emotional_speech_rep04,828,r82_independent_replication,high_emotional_speech,4,161171384109046
r82_seed828_high_emotional_speech_rep05,828,r82_independent_replication,high_emotional_speech,5,179263158345134
r82_seed828_low_information_speech_rep01,828,r82_independent_replication,low_information_speech,1,2389572774471
r82_seed828_low_information_speech_rep02,828,r82_independent_replication,low_information_speech,2,53770853034586
r82_seed828_low_information_speech_rep03,828,r82_independent_replication,low_information_speech,3,143380640495152
r82_seed828_low_information_speech_rep04,828,r82_independent_replication,low_information_speech,4,162645907521590
r82_seed828_low_information_speech_rep05,828,r82_independent_replication,low_information_speech,5,152976168178814
r82_seed828_mixed_strategies_rep01,828,r82_independent_replication,mixed_strategies,1,198761980491686
r82_seed828_mixed_strategies_rep02,828,r82_independent_replication,mixed_strategies,2,118345809666034
r82_seed828_mixed_strategies_rep03,828,r82_independent_replication,mixed_strategies,3,104231692976525
r82_seed828_mixed_strategies_rep04,828,r82_independent_replication,mixed_strategies,4,62143667895967
r82_seed828_mixed_strategies_rep05,828,r82_independent_replication,mixed_strategies,5,160226652661843
r82_seed829_baseline_rep01,829,r82_independent_replication,baseline,1,181938144623135
r82_seed829_baseline_rep02,829,r82_independent_replication,baseline,2,212280708124307
r82_seed829_baseline_rep03,829,r82_independent_replication,baseline,3,177439148120284
r82_seed829_baseline_rep04,829,r82_independent_replication,baseline,4,232561555519073
r82_seed829_baseline_rep05,829,r82_independent_replication,baseline,5,231912468764616
r82_seed829_speech_enabled_rep01,829,r82_independent_replication,speech_enabled,1,167550848658121
r82_seed829_speech_enabled_rep02,829,r82_independent_replication,speech_enabled,2,20398496475625
r82_seed829_speech_enabled_rep03,829,r82_independent_replication,speech_enabled,3,38680955691856
r82_seed829_speech_enabled_rep04,829,r82_independent_replication,speech_enabled,4,121316832977942
r82_seed829_speech_enabled_rep05,829,r82_independent_replication,speech_enabled,5,179892632079631
r82_seed829_herding_enabled_rep01,829,r82_independent_replication,herding_enabled,1,177156201336014
r82_seed829_herding_enabled_rep02,829,r82_independent_replication,herding_enabled,2,25274457516045
r82_seed829_herding_enabled_rep03,829,r82_independent_replication,herding_enabled,3,92675092201736
r82_seed829_herding_enabled_rep04,829,r82_independent_replication,herding_enabled,4,200229899859766
r82_seed829_herding_enabled_rep05,829,r82_independent_replication,herding_enabled,5,220559949152658
r82_seed829_deception_enabled_rep01,829,r82_independent_replication,deception_enabled,1,12108161070040
r82_seed829_deception_enabled_rep02,829,r82_independent_replication,deception_enabled,2,123287973523376
r82_seed829_deception_enabled_rep03,829,r82_independent_replication,deception_enabled,3,120426877400868
r82_seed829_deception_enabled_rep04,829,r82_independent_replication,deception_enabled,4,215780087010434
r82_seed829_deception_enabled_rep05,829,r82_independent_replication,deception_enabled,5,241465401889537
r82_seed829_heterogeneous_risk_rep01,829,r82_independent_replication,heterogeneous_risk,1,129108478500262
r82_seed829_heterogeneous_risk_rep02,829,r82_independent_replication,heterogeneous_risk,2,225420367130718
r82_seed829_heterogeneous_risk_rep03,829,r82_independent_replication,heterogeneous_risk,3,248250129293214
r82_seed829_heterogeneous_risk_rep04,829,r82_independent_replication,heterogeneous_risk,4,162604369129740
r82_seed829_heterogeneous_risk_rep05,829,r82_independent_replication,heterogeneous_risk,5,5073183059313
r82_seed829_strong_village_information_rep01,829,r82_independent_replication,strong_village_information,1,90382519868163
r82_seed829_strong_village_information_rep02,829,r82_independent_replication,strong_village_information,2,38978366435641
r82_seed829_strong_village_information_rep03,829,r82_independent_replication,strong_village_information,3,260695382185239
r82_seed829_strong_village_information_rep04,829,r82_independent_replication,strong_village_information,4,81419653662246
r82_seed829_strong_village_information_rep05,829,r82_independent_replication,strong_village_information,5,244397402339365
r82_seed829_weak_village_information_rep01,829,r82_independent_replication,weak_village_information,1,98294902803781
r82_seed829_weak_village_information_rep02,829,r82_independent_replication,weak_village_information,2,178409375775284
r82_seed829_weak_village_information_rep03,829,r82_independent_replication,weak_village_information,3,143134622061655
r82_seed829_weak_village_information_rep04,829,r82_independent_replication,weak_village_information,4,183072711190472
r82_seed829_weak_village_information_rep05,829,r82_independent_replication,weak_village_information,5,132631372987202
r82_seed829_high_emotional_speech_rep01,829,r82_independent_replication,high_emotional_speech,1,251688426863697
r82_seed829_high_emotional_speech_rep02,829,r82_independent_replication,high_emotional_speech,2,4107958724363
r82_seed829_high_emotional_speech_rep03,829,r82_independent_replication,high_emotional_speech,3,179191332257481
r82_seed829_high_emotional_speech_rep04,829,r82_independent_replication,high_emotional_speech,4,245253902606808
r82_seed829_high_emotional_speech_rep05,829,r82_independent_replication,high_emotional_speech,5,78950315315729
r82_seed829_low_information_speech_rep01,829,r82_independent_replication,low_information_speech,1,74547983680481
r82_seed829_low_information_speech_rep02,829,r82_independent_replication,low_information_speech,2,166513854596253
r82_seed829_low_information_speech_rep03,829,r82_independent_replication,low_information_speech,3,228061623195966
r82_seed829_low_information_speech_rep04,829,r82_independent_replication,low_information_speech,4,259736252040871
r82_seed829_low_information_speech_rep05,829,r82_independent_replication,low_information_speech,5,158337118333245
r82_seed829_mixed_strategies_rep01,829,r82_independent_replication,mixed_strategies,1,48670016219447
r82_seed829_mixed_strategies_rep02,829,r82_independent_replication,mixed_strategies,2,189661211030825
r82_seed829_mixed_strategies_rep03,829,r82_independent_replication,mixed_strategies,3,268055033863418
r82_seed829_mixed_strategies_rep04,829,r82_independent_replication,mixed_strategies,4,170738634673163
r82_seed829_mixed_strategies_rep05,829,r82_independent_replication,mixed_strategies,5,152709911811255
r82_seed830_baseline_rep01,830,r82_independent_replication,baseline,1,92996354745314
r82_seed830_baseline_rep02,830,r82_independent_replication,baseline,2,277768502985708
r82_seed830_baseline_rep03,830,r82_independent_replication,baseline,3,191879906017784
r82_seed830_baseline_rep04,830,r82_independent_replication,baseline,4,255245269952531
r82_seed830_baseline_rep05,830,r82_independent_replication,baseline,5,34817829312828
r82_seed830_speech_enabled_rep01,830,r82_independent_replication,speech_enabled,1,148236705130166
r82_seed830_speech_enabled_rep02,830,r82_independent_replication,speech_enabled,2,8659239044322
r82_seed830_speech_enabled_rep03,830,r82_independent_replication,speech_enabled,3,104956409811980
r82_seed830_speech_enabled_rep04,830,r82_independent_replication,speech_enabled,4,84165361712548
r82_seed830_speech_enabled_rep05,830,r82_independent_replication,speech_enabled,5,55646739011166
r82_seed830_herding_enabled_rep01,830,r82_independent_replication,herding_enabled,1,40842761793206
r82_seed830_herding_enabled_rep02,830,r82_independent_replication,herding_enabled,2,211378822175256
r82_seed830_herding_enabled_rep03,830,r82_independent_replication,herding_enabled,3,248731254481175
r82_seed830_herding_enabled_rep04,830,r82_independent_replication,herding_enabled,4,268204234531436
r82_seed830_herding_enabled_rep05,830,r82_independent_replication,herding_enabled,5,61939960100955
r82_seed830_deception_enabled_rep01,830,r82_independent_replication,deception_enabled,1,102473528787853
r82_seed830_deception_enabled_rep02,830,r82_independent_replication,deception_enabled,2,159012118979399
r82_seed830_deception_enabled_rep03,830,r82_independent_replication,deception_enabled,3,104626985224464
r82_seed830_deception_enabled_rep04,830,r82_independent_replication,deception_enabled,4,62012367069934
r82_seed830_deception_enabled_rep05,830,r82_independent_replication,deception_enabled,5,125768389546398
r82_seed830_heterogeneous_risk_rep01,830,r82_independent_replication,heterogeneous_risk,1,32042109961725
r82_seed830_heterogeneous_risk_rep02,830,r82_independent_replication,heterogeneous_risk,2,141694245359769
r82_seed830_heterogeneous_risk_rep03,830,r82_independent_replication,heterogeneous_risk,3,180133805522917
r82_seed830_heterogeneous_risk_rep04,830,r82_independent_replication,heterogeneous_risk,4,204000840551529
r82_seed830_heterogeneous_risk_rep05,830,r82_independent_replication,heterogeneous_risk,5,255112171640273
r82_seed830_strong_village_information_rep01,830,r82_independent_replication,strong_village_information,1,185266088107637
r82_seed830_strong_village_information_rep02,830,r82_independent_replication,strong_village_information,2,83883075525643
r82_seed830_strong_village_information_rep03,830,r82_independent_replication,strong_village_information,3,216774248321037
r82_seed830_strong_village_information_rep04,830,r82_independent_replication,strong_village_information,4,25437195888478
r82_seed830_strong_village_information_rep05,830,r82_independent_replication,strong_village_information,5,126539078952704
r82_seed830_weak_village_information_rep01,830,r82_independent_replication,weak_village_information,1,142509844152375
r82_seed830_weak_village_information_rep02,830,r82_independent_replication,weak_village_information,2,279470058188677
r82_seed830_weak_village_information_rep03,830,r82_independent_replication,weak_village_information,3,173988141522462
r82_seed830_weak_village_information_rep04,830,r82_independent_replication,weak_village_information,4,81789514356964
r82_seed830_weak_village_information_rep05,830,r82_independent_replication,weak_village_information,5,54677178742613
r82_seed830_high_emotional_speech_rep01,830,r82_independent_replication,high_emotional_speech,1,65286638823244
r82_seed830_high_emotional_speech_rep02,830,r82_independent_replication,high_emotional_speech,2,112243300702979
r82_seed830_high_emotional_speech_rep03,830,r82_independent_replication,high_emotional_speech,3,72196021312324
r82_seed830_high_emotional_speech_rep04,830,r82_independent_replication,high_emotional_speech,4,47641203765415
r82_seed830_high_emotional_speech_rep05,830,r82_independent_replication,high_emotional_speech,5,244460932114361
r82_seed830_low_information_speech_rep01,830,r82_independent_replication,low_information_speech,1,169539331198430
r82_seed830_low_information_speech_rep02,830,r82_independent_replication,low_information_speech,2,5734940157124
r82_seed830_low_information_speech_rep03,830,r82_independent_replication,low_information_speech,3,230136530264024
r82_seed830_low_information_speech_rep04,830,r82_independent_replication,low_information_speech,4,118727974170542
r82_seed830_low_information_speech_rep05,830,r82_independent_replication,low_information_speech,5,220237597254172
r82_seed830_mixed_strategies_rep01,830,r82_independent_replication,mixed_strategies,1,50079756387098
r82_seed830_mixed_strategies_rep02,830,r82_independent_replication,mixed_strategies,2,84221960138634
r82_seed830_mixed_strategies_rep03,830,r82_independent_replication,mixed_strategies,3,220483827869508
r82_seed830_mixed_strategies_rep04,830,r82_independent_replication,mixed_strategies,4,145486996850401
r82_seed830_mixed_strategies_rep05,830,r82_independent_replication,mixed_strategies,5,88052858315838
r82_seed831_baseline_rep01,831,r82_independent_replication,baseline,1,241373002136125
r82_seed831_baseline_rep02,831,r82_independent_replication,baseline,2,10833563702143
r82_seed831_baseline_rep03,831,r82_independent_replication,baseline,3,31820337999007
r82_seed831_baseline_rep04,831,r82_independent_replication,baseline,4,227672985768112
r82_seed831_baseline_rep05,831,r82_independent_replication,baseline,5,27966093406676
r82_seed831_speech_enabled_rep01,831,r82_independent_replication,speech_enabled,1,56819819875242
r82_seed831_speech_enabled_rep02,831,r82_independent_replication,speech_enabled,2,170467147155794
r82_seed831_speech_enabled_rep03,831,r82_independent_replication,speech_enabled,3,144483662632785
r82_seed831_speech_enabled_rep04,831,r82_independent_replication,speech_enabled,4,63057800246086
r82_seed831_speech_enabled_rep05,831,r82_independent_replication,speech_enabled,5,253250026338636
r82_seed831_herding_enabled_rep01,831,r82_independent_replication,herding_enabled,1,201298681064463
r82_seed831_herding_enabled_rep02,831,r82_independent_replication,herding_enabled,2,164979898517617
r82_seed831_herding_enabled_rep03,831,r82_independent_replication,herding_enabled,3,191747168970633
r82_seed831_herding_enabled_rep04,831,r82_independent_replication,herding_enabled,4,277683366377705
r82_seed831_herding_enabled_rep05,831,r82_independent_replication,herding_enabled,5,260340904183186
r82_seed831_deception_enabled_rep01,831,r82_independent_replication,deception_enabled,1,247615492823983
r82_seed831_deception_enabled_rep02,831,r82_independent_replication,deception_enabled,2,122131587480451
r82_seed831_deception_enabled_rep03,831,r82_independent_replication,deception_enabled,3,69683804611555
r82_seed831_deception_enabled_rep04,831,r82_independent_replication,deception_enabled,4,259404949399242
r82_seed831_deception_enabled_rep05,831,r82_independent_replication,deception_enabled,5,36752383430891
r82_seed831_heterogeneous_risk_rep01,831,r82_independent_replication,heterogeneous_risk,1,261691062454939
r82_seed831_heterogeneous_risk_rep02,831,r82_independent_replication,heterogeneous_risk,2,38185409407202
r82_seed831_heterogeneous_risk_rep03,831,r82_independent_replication,heterogeneous_risk,3,191254002536491
r82_seed831_heterogeneous_risk_rep04,831,r82_independent_replication,heterogeneous_risk,4,167278197804031
r82_seed831_heterogeneous_risk_rep05,831,r82_independent_replication,heterogeneous_risk,5,91159745050695
r82_seed831_strong_village_information_rep01,831,r82_independent_replication,strong_village_information,1,215891677999909
r82_seed831_strong_village_information_rep02,831,r82_independent_replication,strong_village_information,2,89875491200894
r82_seed831_strong_village_information_rep03,831,r82_independent_replication,strong_village_information,3,269283279388718
r82_seed831_strong_village_information_rep04,831,r82_independent_replication,strong_village_information,4,183186713326125
r82_seed831_strong_village_information_rep05,831,r82_independent_replication,strong_village_information,5,142119975744187
r82_seed831_weak_village_information_rep01,831,r82_independent_replication,weak_village_information,1,204403175040605
r82_seed831_weak_village_information_rep02,831,r82_independent_replication,weak_village_information,2,74015570678017
r82_seed831_weak_village_information_rep03,831,r82_independent_replication,weak_village_information,3,125189784168383
r82_seed831_weak_village_information_rep04,831,r82_independent_replication,weak_village_information,4,242803452417515
r82_seed831_weak_village_information_rep05,831,r82_independent_replication,weak_village_information,5,241083501924916
r82_seed831_high_emotional_speech_rep01,831,r82_independent_replication,high_emotional_speech,1,132141178022177
r82_seed831_high_emotional_speech_rep02,831,r82_independent_replication,high_emotional_speech,2,163259163050119
r82_seed831_high_emotional_speech_rep03,831,r82_independent_replication,high_emotional_speech,3,247984162611794
r82_seed831_high_emotional_speech_rep04,831,r82_independent_replication,high_emotional_speech,4,8243486446482
r82_seed831_high_emotional_speech_rep05,831,r82_independent_replication,high_emotional_speech,5,228174426666380
r82_seed831_low_information_speech_rep01,831,r82_independent_replication,low_information_speech,1,217124670616220
r82_seed831_low_information_speech_rep02,831,r82_independent_replication,low_information_speech,2,200639840609675
r82_seed831_low_information_speech_rep03,831,r82_independent_replication,low_information_speech,3,50072964494487
r82_seed831_low_information_speech_rep04,831,r82_independent_replication,low_information_speech,4,167185596473242
r82_seed831_low_information_speech_rep05,831,r82_independent_replication,low_information_speech,5,244977898708195
r82_seed831_mixed_strategies_rep01,831,r82_independent_replication,mixed_strategies,1,220446084125106
r82_seed831_mixed_strategies_rep02,831,r82_independent_replication,mixed_strategies,2,103640962399560
r82_seed831_mixed_strategies_rep03,831,r82_independent_replication,mixed_strategies,3,39858538934614
r82_seed831_mixed_strategies_rep04,831,r82_independent_replication,mixed_strategies,4,34441651617491
r82_seed831_mixed_strategies_rep05,831,r82_independent_replication,mixed_strategies,5,74214814220741
r82_seed832_baseline_rep01,832,r82_independent_replication,baseline,1,81165217116568
r82_seed832_baseline_rep02,832,r82_independent_replication,baseline,2,61277754529326
r82_seed832_baseline_rep03,832,r82_independent_replication,baseline,3,153173254291432
r82_seed832_baseline_rep04,832,r82_independent_replication,baseline,4,255809672362165
r82_seed832_baseline_rep05,832,r82_independent_replication,baseline,5,20437670325321
r82_seed832_speech_enabled_rep01,832,r82_independent_replication,speech_enabled,1,217334906888227
r82_seed832_speech_enabled_rep02,832,r82_independent_replication,speech_enabled,2,216510837937878
r82_seed832_speech_enabled_rep03,832,r82_independent_replication,speech_enabled,3,143100227677914
r82_seed832_speech_enabled_rep04,832,r82_independent_replication,speech_enabled,4,25540999929147
r82_seed832_speech_enabled_rep05,832,r82_independent_replication,speech_enabled,5,117909856932985
r82_seed832_herding_enabled_rep01,832,r82_independent_replication,herding_enabled,1,32318811393701
r82_seed832_herding_enabled_rep02,832,r82_independent_replication,herding_enabled,2,264717796358458
r82_seed832_herding_enabled_rep03,832,r82_independent_replication,herding_enabled,3,28746605744506
r82_seed832_herding_enabled_rep04,832,r82_independent_replication,herding_enabled,4,92733749766281
r82_seed832_herding_enabled_rep05,832,r82_independent_replication,herding_enabled,5,71181299272921
r82_seed832_deception_enabled_rep01,832,r82_independent_replication,deception_enabled,1,157790298059883
r82_seed832_deception_enabled_rep02,832,r82_independent_replication,deception_enabled,2,47388226679132
r82_seed832_deception_enabled_rep03,832,r82_independent_replication,deception_enabled,3,174498581395212
r82_seed832_deception_enabled_rep04,832,r82_independent_replication,deception_enabled,4,99863124120305
r82_seed832_deception_enabled_rep05,832,r82_independent_replication,deception_enabled,5,76642111990199
r82_seed832_heterogeneous_risk_rep01,832,r82_independent_replication,heterogeneous_risk,1,124237398888527
r82_seed832_heterogeneous_risk_rep02,832,r82_independent_replication,heterogeneous_risk,2,135809824333375
r82_seed832_heterogeneous_risk_rep03,832,r82_independent_replication,heterogeneous_risk,3,95268239901603
r82_seed832_heterogeneous_risk_rep04,832,r82_independent_replication,heterogeneous_risk,4,104743226461642
r82_seed832_heterogeneous_risk_rep05,832,r82_independent_replication,heterogeneous_risk,5,274620902703222
r82_seed832_strong_village_information_rep01,832,r82_independent_replication,strong_village_information,1,235967234875937
r82_seed832_strong_village_information_rep02,832,r82_independent_replication,strong_village_information,2,164312750373190
r82_seed832_strong_village_information_rep03,832,r82_independent_replication,strong_village_information,3,275081691226893
r82_seed832_strong_village_information_rep04,832,r82_independent_replication,strong_village_information,4,192163223653748
r82_seed832_strong_village_information_rep05,832,r82_independent_replication,strong_village_information,5,213867148049957
r82_seed832_weak_village_information_rep01,832,r82_independent_replication,weak_village_information,1,14292736030969
r82_seed832_weak_village_information_rep02,832,r82_independent_replication,weak_village_information,2,173846887760420
r82_seed832_weak_village_information_rep03,832,r82_independent_replication,weak_village_information,3,133691822990687
r82_seed832_weak_village_information_rep04,832,r82_independent_replication,weak_village_information,4,125078875618396
r82_seed832_weak_village_information_rep05,832,r82_independent_replication,weak_village_information,5,131962745589946
r82_seed832_high_emotional_speech_rep01,832,r82_independent_replication,high_emotional_speech,1,268719238122542
r82_seed832_high_emotional_speech_rep02,832,r82_independent_replication,high_emotional_speech,2,219905339140914
r82_seed832_high_emotional_speech_rep03,832,r82_independent_replication,high_emotional_speech,3,261900872903068
r82_seed832_high_emotional_speech_rep04,832,r82_independent_replication,high_emotional_speech,4,71025611650278
r82_seed832_high_emotional_speech_rep05,832,r82_independent_replication,high_emotional_speech,5,106561896688920
r82_seed832_low_information_speech_rep01,832,r82_independent_replication,low_information_speech,1,106245794700017
r82_seed832_low_information_speech_rep02,832,r82_independent_replication,low_information_speech,2,8927306322387
r82_seed832_low_information_speech_rep03,832,r82_independent_replication,low_information_speech,3,249366054616613
r82_seed832_low_information_speech_rep04,832,r82_independent_replication,low_information_speech,4,95382565684187
r82_seed832_low_information_speech_rep05,832,r82_independent_replication,low_information_speech,5,52763992606765
r82_seed832_mixed_strategies_rep01,832,r82_independent_replication,mixed_strategies,1,59531355636338
r82_seed832_mixed_strategies_rep02,832,r82_independent_replication,mixed_strategies,2,61346639255968
r82_seed832_mixed_strategies_rep03,832,r82_independent_replication,mixed_strategies,3,85844035670934
r82_seed832_mixed_strategies_rep04,832,r82_independent_replication,mixed_strategies,4,99557703610250
r82_seed832_mixed_strategies_rep05,832,r82_independent_replication,mixed_strategies,5,90068113679124
r82_seed833_baseline_rep01,833,r82_independent_replication,baseline,1,73946801550638
r82_seed833_baseline_rep02,833,r82_independent_replication,baseline,2,258788233808793
r82_seed833_baseline_rep03,833,r82_independent_replication,baseline,3,57552707028491
r82_seed833_baseline_rep04,833,r82_independent_replication,baseline,4,141300360824423
r82_seed833_baseline_rep05,833,r82_independent_replication,baseline,5,174567833182835
r82_seed833_speech_enabled_rep01,833,r82_independent_replication,speech_enabled,1,18975036219151
r82_seed833_speech_enabled_rep02,833,r82_independent_replication,speech_enabled,2,210577429236886
r82_seed833_speech_enabled_rep03,833,r82_independent_replication,speech_enabled,3,5922449525112
r82_seed833_speech_enabled_rep04,833,r82_independent_replication,speech_enabled,4,105101003717493
r82_seed833_speech_enabled_rep05,833,r82_independent_replication,speech_enabled,5,145646084874930
r82_seed833_herding_enabled_rep01,833,r82_independent_replication,herding_enabled,1,140669686643323
r82_seed833_herding_enabled_rep02,833,r82_independent_replication,herding_enabled,2,133755272334635
r82_seed833_herding_enabled_rep03,833,r82_independent_replication,herding_enabled,3,249303091755720
r82_seed833_herding_enabled_rep04,833,r82_independent_replication,herding_enabled,4,74487488283657
r82_seed833_herding_enabled_rep05,833,r82_independent_replication,herding_enabled,5,235560015512955
r82_seed833_deception_enabled_rep01,833,r82_independent_replication,deception_enabled,1,7606842589501
r82_seed833_deception_enabled_rep02,833,r82_independent_replication,deception_enabled,2,24372423895863
r82_seed833_deception_enabled_rep03,833,r82_independent_replication,deception_enabled,3,213396211844150
r82_seed833_deception_enabled_rep04,833,r82_independent_replication,deception_enabled,4,11546466675936
r82_seed833_deception_enabled_rep05,833,r82_independent_replication,deception_enabled,5,255232396029869
r82_seed833_heterogeneous_risk_rep01,833,r82_independent_replication,heterogeneous_risk,1,234660102794991
r82_seed833_heterogeneous_risk_rep02,833,r82_independent_replication,heterogeneous_risk,2,192423598578527
r82_seed833_heterogeneous_risk_rep03,833,r82_independent_replication,heterogeneous_risk,3,220579525647343
r82_seed833_heterogeneous_risk_rep04,833,r82_independent_replication,heterogeneous_risk,4,190955503150025
r82_seed833_heterogeneous_risk_rep05,833,r82_independent_replication,heterogeneous_risk,5,193984840602758
r82_seed833_strong_village_information_rep01,833,r82_independent_replication,strong_village_information,1,206295354811826
r82_seed833_strong_village_information_rep02,833,r82_independent_replication,strong_village_information,2,58203655974963
r82_seed833_strong_village_information_rep03,833,r82_independent_replication,strong_village_information,3,107875227907595
r82_seed833_strong_village_information_rep04,833,r82_independent_replication,strong_village_information,4,163686298352446
r82_seed833_strong_village_information_rep05,833,r82_independent_replication,strong_village_information,5,197464013989448
r82_seed833_weak_village_information_rep01,833,r82_independent_replication,weak_village_information,1,27742195534031
r82_seed833_weak_village_information_rep02,833,r82_independent_replication,weak_village_information,2,224722192045816
r82_seed833_weak_village_information_rep03,833,r82_independent_replication,weak_village_information,3,193416803080317
r82_seed833_weak_village_information_rep04,833,r82_independent_replication,weak_village_information,4,202126458991558
r82_seed833_weak_village_information_rep05,833,r82_independent_replication,weak_village_information,5,37562648387635
r82_seed833_high_emotional_speech_rep01,833,r82_independent_replication,high_emotional_speech,1,135638381461474
r82_seed833_high_emotional_speech_rep02,833,r82_independent_replication,high_emotional_speech,2,97716130870430
r82_seed833_high_emotional_speech_rep03,833,r82_independent_replication,high_emotional_speech,3,93982164652647
r82_seed833_high_emotional_speech_rep04,833,r82_independent_replication,high_emotional_speech,4,183024196762128
r82_seed833_high_emotional_speech_rep05,833,r82_independent_replication,high_emotional_speech,5,131818361974444
r82_seed833_low_information_speech_rep01,833,r82_independent_replication,low_information_speech,1,182843316979377
r82_seed833_low_information_speech_rep02,833,r82_independent_replication,low_information_speech,2,249974550004004
r82_seed833_low_information_speech_rep03,833,r82_independent_replication,low_information_speech,3,79663200108563
r82_seed833_low_information_speech_rep04,833,r82_independent_replication,low_information_speech,4,108940484490859
r82_seed833_low_information_speech_rep05,833,r82_independent_replication,low_information_speech,5,103612618097572
r82_seed833_mixed_strategies_rep01,833,r82_independent_replication,mixed_strategies,1,280599224973769
r82_seed833_mixed_strategies_rep02,833,r82_independent_replication,mixed_strategies,2,173031393393291
r82_seed833_mixed_strategies_rep03,833,r82_independent_replication,mixed_strategies,3,7333063842855
r82_seed833_mixed_strategies_rep04,833,r82_independent_replication,mixed_strategies,4,187852809606027
r82_seed833_mixed_strategies_rep05,833,r82_independent_replication,mixed_strategies,5,5808148376636
r82_seed834_baseline_rep01,834,r82_independent_replication,baseline,1,45385631305248
r82_seed834_baseline_rep02,834,r82_independent_replication,baseline,2,81654604014783
r82_seed834_baseline_rep03,834,r82_independent_replication,baseline,3,125152652455690
r82_seed834_baseline_rep04,834,r82_independent_replication,baseline,4,205626315798202
r82_seed834_baseline_rep05,834,r82_independent_replication,baseline,5,159513125168364
r82_seed834_speech_enabled_rep01,834,r82_independent_replication,speech_enabled,1,6422158736784
r82_seed834_speech_enabled_rep02,834,r82_independent_replication,speech_enabled,2,184793587449417
r82_seed834_speech_enabled_rep03,834,r82_independent_replication,speech_enabled,3,123158337844165
r82_seed834_speech_enabled_rep04,834,r82_independent_replication,speech_enabled,4,89680095787914
r82_seed834_speech_enabled_rep05,834,r82_independent_replication,speech_enabled,5,26457331716148
r82_seed834_herding_enabled_rep01,834,r82_independent_replication,herding_enabled,1,140659851847686
r82_seed834_herding_enabled_rep02,834,r82_independent_replication,herding_enabled,2,113818456954444
r82_seed834_herding_enabled_rep03,834,r82_independent_replication,herding_enabled,3,173013974480988
r82_seed834_herding_enabled_rep04,834,r82_independent_replication,herding_enabled,4,218741475802031
r82_seed834_herding_enabled_rep05,834,r82_independent_replication,herding_enabled,5,259187020397177
r82_seed834_deception_enabled_rep01,834,r82_independent_replication,deception_enabled,1,98431280521141
r82_seed834_deception_enabled_rep02,834,r82_independent_replication,deception_enabled,2,233359073274225
r82_seed834_deception_enabled_rep03,834,r82_independent_replication,deception_enabled,3,112026683314478
r82_seed834_deception_enabled_rep04,834,r82_independent_replication,deception_enabled,4,229079273009443
r82_seed834_deception_enabled_rep05,834,r82_independent_replication,deception_enabled,5,24622168095375
r82_seed834_heterogeneous_risk_rep01,834,r82_independent_replication,heterogeneous_risk,1,25774346198028
r82_seed834_heterogeneous_risk_rep02,834,r82_independent_replication,heterogeneous_risk,2,149714081144801
r82_seed834_heterogeneous_risk_rep03,834,r82_independent_replication,heterogeneous_risk,3,207502199881294
r82_seed834_heterogeneous_risk_rep04,834,r82_independent_replication,heterogeneous_risk,4,104925811136892
r82_seed834_heterogeneous_risk_rep05,834,r82_independent_replication,heterogeneous_risk,5,114068311427578
r82_seed834_strong_village_information_rep01,834,r82_independent_replication,strong_village_information,1,108612243161742
r82_seed834_strong_village_information_rep02,834,r82_independent_replication,strong_village_information,2,142733827175820
r82_seed834_strong_village_information_rep03,834,r82_independent_replication,strong_village_information,3,234288367968769
r82_seed834_strong_village_information_rep04,834,r82_independent_replication,strong_village_information,4,260991444285279
r82_seed834_strong_village_information_rep05,834,r82_independent_replication,strong_village_information,5,275454131865673
r82_seed834_weak_village_information_rep01,834,r82_independent_replication,weak_village_information,1,121440982117039
r82_seed834_weak_village_information_rep02,834,r82_independent_replication,weak_village_information,2,221343777078578
r82_seed834_weak_village_information_rep03,834,r82_independent_replication,weak_village_information,3,171873022507671
r82_seed834_weak_village_information_rep04,834,r82_independent_replication,weak_village_information,4,251714497326654
r82_seed834_weak_village_information_rep05,834,r82_independent_replication,weak_village_information,5,38390994177925
r82_seed834_high_emotional_speech_rep01,834,r82_independent_replication,high_emotional_speech,1,134891849686120
r82_seed834_high_emotional_speech_rep02,834,r82_independent_replication,high_emotional_speech,2,203745068754772
r82_seed834_high_emotional_speech_rep03,834,r82_independent_replication,high_emotional_speech,3,36741814751602
r82_seed834_high_emotional_speech_rep04,834,r82_independent_replication,high_emotional_speech,4,163698988366350
r82_seed834_high_emotional_speech_rep05,834,r82_independent_replication,high_emotional_speech,5,48407059379353
r82_seed834_low_information_speech_rep01,834,r82_independent_replication,low_information_speech,1,157985737673715
r82_seed834_low_information_speech_rep02,834,r82_independent_replication,low_information_speech,2,155219343304119
r82_seed834_low_information_speech_rep03,834,r82_independent_replication,low_information_speech,3,261245413176273
r82_seed834_low_information_speech_rep04,834,r82_independent_replication,low_information_speech,4,225286820450885
r82_seed834_low_information_speech_rep05,834,r82_independent_replication,low_information_speech,5,95121277661490
r82_seed834_mixed_strategies_rep01,834,r82_independent_replication,mixed_strategies,1,31347314281667
r82_seed834_mixed_strategies_rep02,834,r82_independent_replication,mixed_strategies,2,41938078807604
r82_seed834_mixed_strategies_rep03,834,r82_independent_replication,mixed_strategies,3,170867602834855
r82_seed834_mixed_strategies_rep04,834,r82_independent_replication,mixed_strategies,4,262768859971795
r82_seed834_mixed_strategies_rep05,834,r82_independent_replication,mixed_strategies,5,208798043817968
r82_seed835_baseline_rep01,835,r82_independent_replication,baseline,1,246182344672958
r82_seed835_baseline_rep02,835,r82_independent_replication,baseline,2,13927907243407
r82_seed835_baseline_rep03,835,r82_independent_replication,baseline,3,246626478634513
r82_seed835_baseline_rep04,835,r82_independent_replication,baseline,4,104507631905292
r82_seed835_baseline_rep05,835,r82_independent_replication,baseline,5,112971005317010
r82_seed835_speech_enabled_rep01,835,r82_independent_replication,speech_enabled,1,71900453807872
r82_seed835_speech_enabled_rep02,835,r82_independent_replication,speech_enabled,2,113967304533217
r82_seed835_speech_enabled_rep03,835,r82_independent_replication,speech_enabled,3,236871429227196
r82_seed835_speech_enabled_rep04,835,r82_independent_replication,speech_enabled,4,217926645473468
r82_seed835_speech_enabled_rep05,835,r82_independent_replication,speech_enabled,5,95905680821719
r82_seed835_herding_enabled_rep01,835,r82_independent_replication,herding_enabled,1,133027722364338
r82_seed835_herding_enabled_rep02,835,r82_independent_replication,herding_enabled,2,266399648286289
r82_seed835_herding_enabled_rep03,835,r82_independent_replication,herding_enabled,3,62223816393834
r82_seed835_herding_enabled_rep04,835,r82_independent_replication,herding_enabled,4,78727399613186
r82_seed835_herding_enabled_rep05,835,r82_independent_replication,herding_enabled,5,217472800549408
r82_seed835_deception_enabled_rep01,835,r82_independent_replication,deception_enabled,1,233208851567302
r82_seed835_deception_enabled_rep02,835,r82_independent_replication,deception_enabled,2,90804286291948
r82_seed835_deception_enabled_rep03,835,r82_independent_replication,deception_enabled,3,81597769294681
r82_seed835_deception_enabled_rep04,835,r82_independent_replication,deception_enabled,4,74110736953513
r82_seed835_deception_enabled_rep05,835,r82_independent_replication,deception_enabled,5,120769991488193
r82_seed835_heterogeneous_risk_rep01,835,r82_independent_replication,heterogeneous_risk,1,43837946652643
r82_seed835_heterogeneous_risk_rep02,835,r82_independent_replication,heterogeneous_risk,2,276170074477476
r82_seed835_heterogeneous_risk_rep03,835,r82_independent_replication,heterogeneous_risk,3,111403598039068
r82_seed835_heterogeneous_risk_rep04,835,r82_independent_replication,heterogeneous_risk,4,194964558472820
r82_seed835_heterogeneous_risk_rep05,835,r82_independent_replication,heterogeneous_risk,5,278712896942147
r82_seed835_strong_village_information_rep01,835,r82_independent_replication,strong_village_information,1,9276519158999
r82_seed835_strong_village_information_rep02,835,r82_independent_replication,strong_village_information,2,48113561713694
r82_seed835_strong_village_information_rep03,835,r82_independent_replication,strong_village_information,3,34888377783124
r82_seed835_strong_village_information_rep04,835,r82_independent_replication,strong_village_information,4,257248408866179
r82_seed835_strong_village_information_rep05,835,r82_independent_replication,strong_village_information,5,12682974619364
r82_seed835_weak_village_information_rep01,835,r82_independent_replication,weak_village_information,1,145665819488595
r82_seed835_weak_village_information_rep02,835,r82_independent_replication,weak_village_information,2,221231673506080
r82_seed835_weak_village_information_rep03,835,r82_independent_replication,weak_village_information,3,219791920882416
r82_seed835_weak_village_information_rep04,835,r82_independent_replication,weak_village_information,4,274232377058820
r82_seed835_weak_village_information_rep05,835,r82_independent_replication,weak_village_information,5,167320359661949
r82_seed835_high_emotional_speech_rep01,835,r82_independent_replication,high_emotional_speech,1,79322646390440
r82_seed835_high_emotional_speech_rep02,835,r82_independent_replication,high_emotional_speech,2,195330865126646
r82_seed835_high_emotional_speech_rep03,835,r82_independent_replication,high_emotional_speech,3,159296123674649
r82_seed835_high_emotional_speech_rep04,835,r82_independent_replication,high_emotional_speech,4,46441816975147
r82_seed835_high_emotional_speech_rep05,835,r82_independent_replication,high_emotional_speech,5,158105884006213
r82_seed835_low_information_speech_rep01,835,r82_independent_replication,low_information_speech,1,224484702376068
r82_seed835_low_information_speech_rep02,835,r82_independent_replication,low_information_speech,2,57415616743461
r82_seed835_low_information_speech_rep03,835,r82_independent_replication,low_information_speech,3,20277430569831
r82_seed835_low_information_speech_rep04,835,r82_independent_replication,low_information_speech,4,110951313743560
r82_seed835_low_information_speech_rep05,835,r82_independent_replication,low_information_speech,5,102400928563414
r82_seed835_mixed_strategies_rep01,835,r82_independent_replication,mixed_strategies,1,14794663857285
r82_seed835_mixed_strategies_rep02,835,r82_independent_replication,mixed_strategies,2,125457787332004
r82_seed835_mixed_strategies_rep03,835,r82_independent_replication,mixed_strategies,3,131637123736993
r82_seed835_mixed_strategies_rep04,835,r82_independent_replication,mixed_strategies,4,146810257004877
r82_seed835_mixed_strategies_rep05,835,r82_independent_replication,mixed_strategies,5,157333067362745
r82_seed836_baseline_rep01,836,r82_independent_replication,baseline,1,57265831097011
r82_seed836_baseline_rep02,836,r82_independent_replication,baseline,2,155045256987749
r82_seed836_baseline_rep03,836,r82_independent_replication,baseline,3,59480552706182
r82_seed836_baseline_rep04,836,r82_independent_replication,baseline,4,178811794494372
r82_seed836_baseline_rep05,836,r82_independent_replication,baseline,5,242514758024872
r82_seed836_speech_enabled_rep01,836,r82_independent_replication,speech_enabled,1,56987371010303
r82_seed836_speech_enabled_rep02,836,r82_independent_replication,speech_enabled,2,218304610996715
r82_seed836_speech_enabled_rep03,836,r82_independent_replication,speech_enabled,3,85184089279265
r82_seed836_speech_enabled_rep04,836,r82_independent_replication,speech_enabled,4,167040410390947
r82_seed836_speech_enabled_rep05,836,r82_independent_replication,speech_enabled,5,33869888736608
r82_seed836_herding_enabled_rep01,836,r82_independent_replication,herding_enabled,1,154793019601714
r82_seed836_herding_enabled_rep02,836,r82_independent_replication,herding_enabled,2,119587126529927
r82_seed836_herding_enabled_rep03,836,r82_independent_replication,herding_enabled,3,6138576788528
r82_seed836_herding_enabled_rep04,836,r82_independent_replication,herding_enabled,4,136826754064295
r82_seed836_herding_enabled_rep05,836,r82_independent_replication,herding_enabled,5,68406103819012
r82_seed836_deception_enabled_rep01,836,r82_independent_replication,deception_enabled,1,102922896746025
r82_seed836_deception_enabled_rep02,836,r82_independent_replication,deception_enabled,2,233240462045741
r82_seed836_deception_enabled_rep03,836,r82_independent_replication,deception_enabled,3,87941017317016
r82_seed836_deception_enabled_rep04,836,r82_independent_replication,deception_enabled,4,169869345143412
r82_seed836_deception_enabled_rep05,836,r82_independent_replication,deception_enabled,5,258770324705159
r82_seed836_heterogeneous_risk_rep01,836,r82_independent_replication,heterogeneous_risk,1,105697426344274
r82_seed836_heterogeneous_risk_rep02,836,r82_independent_replication,heterogeneous_risk,2,119575690340017
r82_seed836_heterogeneous_risk_rep03,836,r82_independent_replication,heterogeneous_risk,3,92243927796950
r82_seed836_heterogeneous_risk_rep04,836,r82_independent_replication,heterogeneous_risk,4,178377398166295
r82_seed836_heterogeneous_risk_rep05,836,r82_independent_replication,heterogeneous_risk,5,60148693828931
r82_seed836_strong_village_information_rep01,836,r82_independent_replication,strong_village_information,1,188980029194525
r82_seed836_strong_village_information_rep02,836,r82_independent_replication,strong_village_information,2,176365981724082
r82_seed836_strong_village_information_rep03,836,r82_independent_replication,strong_village_information,3,14322034157442
r82_seed836_strong_village_information_rep04,836,r82_independent_replication,strong_village_information,4,50678598328836
r82_seed836_strong_village_information_rep05,836,r82_independent_replication,strong_village_information,5,199469549763423
r82_seed836_weak_village_information_rep01,836,r82_independent_replication,weak_village_information,1,48174022312676
r82_seed836_weak_village_information_rep02,836,r82_independent_replication,weak_village_information,2,266862446697813
r82_seed836_weak_village_information_rep03,836,r82_independent_replication,weak_village_information,3,51700022828913
r82_seed836_weak_village_information_rep04,836,r82_independent_replication,weak_village_information,4,213003152275245
r82_seed836_weak_village_information_rep05,836,r82_independent_replication,weak_village_information,5,132645078499119
r82_seed836_high_emotional_speech_rep01,836,r82_independent_replication,high_emotional_speech,1,142264015205361
r82_seed836_high_emotional_speech_rep02,836,r82_independent_replication,high_emotional_speech,2,261795737070368
r82_seed836_high_emotional_speech_rep03,836,r82_independent_replication,high_emotional_speech,3,181279343508252
r82_seed836_high_emotional_speech_rep04,836,r82_independent_replication,high_emotional_speech,4,147854963726263
r82_seed836_high_emotional_speech_rep05,836,r82_independent_replication,high_emotional_speech,5,104117708153748
r82_seed836_low_information_speech_rep01,836,r82_independent_replication,low_information_speech,1,52803318524799
r82_seed836_low_information_speech_rep02,836,r82_independent_replication,low_information_speech,2,197496703021380
r82_seed836_low_information_speech_rep03,836,r82_independent_replication,low_information_speech,3,222671444480981
r82_seed836_low_information_speech_rep04,836,r82_independent_replication,low_information_speech,4,174101352409433
r82_seed836_low_information_speech_rep05,836,r82_independent_replication,low_information_speech,5,197426511434601
r82_seed836_mixed_strategies_rep01,836,r82_independent_replication,mixed_strategies,1,1577200425947
r82_seed836_mixed_strategies_rep02,836,r82_independent_replication,mixed_strategies,2,3340392931997
r82_seed836_mixed_strategies_rep03,836,r82_independent_replication,mixed_strategies,3,123511565539305
r82_seed836_mixed_strategies_rep04,836,r82_independent_replication,mixed_strategies,4,106273166979823
r82_seed836_mixed_strategies_rep05,836,r82_independent_replication,mixed_strategies,5,277581811445423
r82_seed837_baseline_rep01,837,r82_independent_replication,baseline,1,149411153032767
r82_seed837_baseline_rep02,837,r82_independent_replication,baseline,2,165172318337573
r82_seed837_baseline_rep03,837,r82_independent_replication,baseline,3,61789515731083
r82_seed837_baseline_rep04,837,r82_independent_replication,baseline,4,215896699950907
r82_seed837_baseline_rep05,837,r82_independent_replication,baseline,5,241947581825766
r82_seed837_speech_enabled_rep01,837,r82_independent_replication,speech_enabled,1,118232843217093
r82_seed837_speech_enabled_rep02,837,r82_independent_replication,speech_enabled,2,25481275391611
r82_seed837_speech_enabled_rep03,837,r82_independent_replication,speech_enabled,3,45291534480514
r82_seed837_speech_enabled_rep04,837,r82_independent_replication,speech_enabled,4,199936908668148
r82_seed837_speech_enabled_rep05,837,r82_independent_replication,speech_enabled,5,251562154934577
r82_seed837_herding_enabled_rep01,837,r82_independent_replication,herding_enabled,1,254506207475122
r82_seed837_herding_enabled_rep02,837,r82_independent_replication,herding_enabled,2,70079640545436
r82_seed837_herding_enabled_rep03,837,r82_independent_replication,herding_enabled,3,270199327049722
r82_seed837_herding_enabled_rep04,837,r82_independent_replication,herding_enabled,4,201395380370662
r82_seed837_herding_enabled_rep05,837,r82_independent_replication,herding_enabled,5,74297556626686
r82_seed837_deception_enabled_rep01,837,r82_independent_replication,deception_enabled,1,67053136609498
r82_seed837_deception_enabled_rep02,837,r82_independent_replication,deception_enabled,2,35694771422336
r82_seed837_deception_enabled_rep03,837,r82_independent_replication,deception_enabled,3,190054124000128
r82_seed837_deception_enabled_rep04,837,r82_independent_replication,deception_enabled,4,51423541253972
r82_seed837_deception_enabled_rep05,837,r82_independent_replication,deception_enabled,5,183090902122372
r82_seed837_heterogeneous_risk_rep01,837,r82_independent_replication,heterogeneous_risk,1,148354211026843
r82_seed837_heterogeneous_risk_rep02,837,r82_independent_replication,heterogeneous_risk,2,227340911743066
r82_seed837_heterogeneous_risk_rep03,837,r82_independent_replication,heterogeneous_risk,3,130831238183193
r82_seed837_heterogeneous_risk_rep04,837,r82_independent_replication,heterogeneous_risk,4,208535696336321
r82_seed837_heterogeneous_risk_rep05,837,r82_independent_replication,heterogeneous_risk,5,214936221424454
r82_seed837_strong_village_information_rep01,837,r82_independent_replication,strong_village_information,1,141033671147836
r82_seed837_strong_village_information_rep02,837,r82_independent_replication,strong_village_information,2,88354892937179
r82_seed837_strong_village_information_rep03,837,r82_independent_replication,strong_village_information,3,166518037544894
r82_seed837_strong_village_information_rep04,837,r82_independent_replication,strong_village_information,4,152416813959602
r82_seed837_strong_village_information_rep05,837,r82_independent_replication,strong_village_information,5,98092912015658
r82_seed837_weak_village_information_rep01,837,r82_independent_replication,weak_village_information,1,188768446660334
r82_seed837_weak_village_information_rep02,837,r82_independent_replication,weak_village_information,2,12385951250718
r82_seed837_weak_village_information_rep03,837,r82_independent_replication,weak_village_information,3,194435217640467
r82_seed837_weak_village_information_rep04,837,r82_independent_replication,weak_village_information,4,175993415213784
r82_seed837_weak_village_information_rep05,837,r82_independent_replication,weak_village_information,5,137490370146674
r82_seed837_high_emotional_speech_rep01,837,r82_independent_replication,high_emotional_speech,1,278216678009793
r82_seed837_high_emotional_speech_rep02,837,r82_independent_replication,high_emotional_speech,2,153951328782036
r82_seed837_high_emotional_speech_rep03,837,r82_independent_replication,high_emotional_speech,3,47007833110389
r82_seed837_high_emotional_speech_rep04,837,r82_independent_replication,high_emotional_speech,4,206828201209289
r82_seed837_high_emotional_speech_rep05,837,r82_independent_replication,high_emotional_speech,5,202510072385160
r82_seed837_low_information_speech_rep01,837,r82_independent_replication,low_information_speech,1,46843370129802
r82_seed837_low_information_speech_rep02,837,r82_independent_replication,low_information_speech,2,136385005473805
r82_seed837_low_information_speech_rep03,837,r82_independent_replication,low_information_speech,3,224656085903418
r82_seed837_low_information_speech_rep04,837,r82_independent_replication,low_information_speech,4,103775116440207
r82_seed837_low_information_speech_rep05,837,r82_independent_replication,low_information_speech,5,110690256829444
r82_seed837_mixed_strategies_rep01,837,r82_independent_replication,mixed_strategies,1,194401750402352
r82_seed837_mixed_strategies_rep02,837,r82_independent_replication,mixed_strategies,2,19399377718544
r82_seed837_mixed_strategies_rep03,837,r82_independent_replication,mixed_strategies,3,272952326224407
r82_seed837_mixed_strategies_rep04,837,r82_independent_replication,mixed_strategies,4,134676431503405
r82_seed837_mixed_strategies_rep05,837,r82_independent_replication,mixed_strategies,5,128815372369456
r82_seed838_baseline_rep01,838,r82_independent_replication,baseline,1,115866751909352
r82_seed838_baseline_rep02,838,r82_independent_replication,baseline,2,24043148635179
r82_seed838_baseline_rep03,838,r82_independent_replication,baseline,3,227454399593165
r82_seed838_baseline_rep04,838,r82_independent_replication,baseline,4,193696062433393
r82_seed838_baseline_rep05,838,r82_independent_replication,baseline,5,189235504305746
r82_seed838_speech_enabled_rep01,838,r82_independent_replication,speech_enabled,1,258239410830109
r82_seed838_speech_enabled_rep02,838,r82_independent_replication,speech_enabled,2,149987706365047
r82_seed838_speech_enabled_rep03,838,r82_independent_replication,speech_enabled,3,113667762510502
r82_seed838_speech_enabled_rep04,838,r82_independent_replication,speech_enabled,4,229388300415472
r82_seed838_speech_enabled_rep05,838,r82_independent_replication,speech_enabled,5,146459733783863
r82_seed838_herding_enabled_rep01,838,r82_independent_replication,herding_enabled,1,129174228248052
r82_seed838_herding_enabled_rep02,838,r82_independent_replication,herding_enabled,2,147750863526762
r82_seed838_herding_enabled_rep03,838,r82_independent_replication,herding_enabled,3,48210109944479
r82_seed838_herding_enabled_rep04,838,r82_independent_replication,herding_enabled,4,203709188469721
r82_seed838_herding_enabled_rep05,838,r82_independent_replication,herding_enabled,5,169834128619065
r82_seed838_deception_enabled_rep01,838,r82_independent_replication,deception_enabled,1,31322882924937
r82_seed838_deception_enabled_rep02,838,r82_independent_replication,deception_enabled,2,198075133131435
r82_seed838_deception_enabled_rep03,838,r82_independent_replication,deception_enabled,3,237659696625220
r82_seed838_deception_enabled_rep04,838,r82_independent_replication,deception_enabled,4,39090245773727
r82_seed838_deception_enabled_rep05,838,r82_independent_replication,deception_enabled,5,244500335135417
r82_seed838_heterogeneous_risk_rep01,838,r82_independent_replication,heterogeneous_risk,1,29620053555724
r82_seed838_heterogeneous_risk_rep02,838,r82_independent_replication,heterogeneous_risk,2,233831561572081
r82_seed838_heterogeneous_risk_rep03,838,r82_independent_replication,heterogeneous_risk,3,183991651250463
r82_seed838_heterogeneous_risk_rep04,838,r82_independent_replication,heterogeneous_risk,4,243356828718827
r82_seed838_heterogeneous_risk_rep05,838,r82_independent_replication,heterogeneous_risk,5,180055713741348
r82_seed838_strong_village_information_rep01,838,r82_independent_replication,strong_village_information,1,75211875743683
r82_seed838_strong_village_information_rep02,838,r82_independent_replication,strong_village_information,2,187085205590729
r82_seed838_strong_village_information_rep03,838,r82_independent_replication,strong_village_information,3,202308359385287
r82_seed838_strong_village_information_rep04,838,r82_independent_replication,strong_village_information,4,99917953928612
r82_seed838_strong_village_information_rep05,838,r82_independent_replication,strong_village_information,5,83118932975182
r82_seed838_weak_village_information_rep01,838,r82_independent_replication,weak_village_information,1,166903123515011
r82_seed838_weak_village_information_rep02,838,r82_independent_replication,weak_village_information,2,53664834326619
r82_seed838_weak_village_information_rep03,838,r82_independent_replication,weak_village_information,3,11578165804954
r82_seed838_weak_village_information_rep04,838,r82_independent_replication,weak_village_information,4,184462388914553
r82_seed838_weak_village_information_rep05,838,r82_independent_replication,weak_village_information,5,134145518021759
r82_seed838_high_emotional_speech_rep01,838,r82_independent_replication,high_emotional_speech,1,10932180338653
r82_seed838_high_emotional_speech_rep02,838,r82_independent_replication,high_emotional_speech,2,98804988468056
r82_seed838_high_emotional_speech_rep03,838,r82_independent_replication,high_emotional_speech,3,150636967324257
r82_seed838_high_emotional_speech_rep04,838,r82_independent_replication,high_emotional_speech,4,115576912575735
r82_seed838_high_emotional_speech_rep05,838,r82_independent_replication,high_emotional_speech,5,149808814360016
r82_seed838_low_information_speech_rep01,838,r82_independent_replication,low_information_speech,1,269488420859836
r82_seed838_low_information_speech_rep02,838,r82_independent_replication,low_information_speech,2,255016652014246
r82_seed838_low_information_speech_rep03,838,r82_independent_replication,low_information_speech,3,155575989503815
r82_seed838_low_information_speech_rep04,838,r82_independent_replication,low_information_speech,4,233005932316036
r82_seed838_low_information_speech_rep05,838,r82_independent_replication,low_information_speech,5,227966697772614
r82_seed838_mixed_strategies_rep01,838,r82_independent_replication,mixed_strategies,1,184897507705225
r82_seed838_mixed_strategies_rep02,838,r82_independent_replication,mixed_strategies,2,271805734959866
r82_seed838_mixed_strategies_rep03,838,r82_independent_replication,mixed_strategies,3,146689977019445
r82_seed838_mixed_strategies_rep04,838,r82_independent_replication,mixed_strategies,4,106972619553623
r82_seed838_mixed_strategies_rep05,838,r82_independent_replication,mixed_strategies,5,17740162625041
r82_seed839_baseline_rep01,839,r82_independent_replication,baseline,1,132488839984330
r82_seed839_baseline_rep02,839,r82_independent_replication,baseline,2,275780092649251
r82_seed839_baseline_rep03,839,r82_independent_replication,baseline,3,242403902021685
r82_seed839_baseline_rep04,839,r82_independent_replication,baseline,4,118204184180460
r82_seed839_baseline_rep05,839,r82_independent_replication,baseline,5,267158489388002
r82_seed839_speech_enabled_rep01,839,r82_independent_replication,speech_enabled,1,239133459978326
r82_seed839_speech_enabled_rep02,839,r82_independent_replication,speech_enabled,2,88241803031939
r82_seed839_speech_enabled_rep03,839,r82_independent_replication,speech_enabled,3,233501899324555
r82_seed839_speech_enabled_rep04,839,r82_independent_replication,speech_enabled,4,229645072144027
r82_seed839_speech_enabled_rep05,839,r82_independent_replication,speech_enabled,5,203442909281856
r82_seed839_herding_enabled_rep01,839,r82_independent_replication,herding_enabled,1,131494091918163
r82_seed839_herding_enabled_rep02,839,r82_independent_replication,herding_enabled,2,63676362269923
r82_seed839_herding_enabled_rep03,839,r82_independent_replication,herding_enabled,3,120097106778021
r82_seed839_herding_enabled_rep04,839,r82_independent_replication,herding_enabled,4,180443697815944
r82_seed839_herding_enabled_rep05,839,r82_independent_replication,herding_enabled,5,280871947478238
r82_seed839_deception_enabled_rep01,839,r82_independent_replication,deception_enabled,1,28798628614123
r82_seed839_deception_enabled_rep02,839,r82_independent_replication,deception_enabled,2,129998035109936
r82_seed839_deception_enabled_rep03,839,r82_independent_replication,deception_enabled,3,108444094444016
r82_seed839_deception_enabled_rep04,839,r82_independent_replication,deception_enabled,4,258864216135128
r82_seed839_deception_enabled_rep05,839,r82_independent_replication,deception_enabled,5,158996641977406
r82_seed839_heterogeneous_risk_rep01,839,r82_independent_replication,heterogeneous_risk,1,12372889101889
r82_seed839_heterogeneous_risk_rep02,839,r82_independent_replication,heterogeneous_risk,2,80739052728533
r82_seed839_heterogeneous_risk_rep03,839,r82_independent_replication,heterogeneous_risk,3,61798540855897
r82_seed839_heterogeneous_risk_rep04,839,r82_independent_replication,heterogeneous_risk,4,61270173804721
r82_seed839_heterogeneous_risk_rep05,839,r82_independent_replication,heterogeneous_risk,5,94407324030117
r82_seed839_strong_village_information_rep01,839,r82_independent_replication,strong_village_information,1,167826373074682
r82_seed839_strong_village_information_rep02,839,r82_independent_replication,strong_village_information,2,8214903458749
r82_seed839_strong_village_information_rep03,839,r82_independent_replication,strong_village_information,3,20641530985693
r82_seed839_strong_village_information_rep04,839,r82_independent_replication,strong_village_information,4,212502123691999
r82_seed839_strong_village_information_rep05,839,r82_independent_replication,strong_village_information,5,75146590511842
r82_seed839_weak_village_information_rep01,839,r82_independent_replication,weak_village_information,1,44924694397609
r82_seed839_weak_village_information_rep02,839,r82_independent_replication,weak_village_information,2,71536273215375
r82_seed839_weak_village_information_rep03,839,r82_independent_replication,weak_village_information,3,109656893157252
r82_seed839_weak_village_information_rep04,839,r82_independent_replication,weak_village_information,4,111805074908099
r82_seed839_weak_village_information_rep05,839,r82_independent_replication,weak_village_information,5,172623500901526
r82_seed839_high_emotional_speech_rep01,839,r82_independent_replication,high_emotional_speech,1,141992115364947
r82_seed839_high_emotional_speech_rep02,839,r82_independent_replication,high_emotional_speech,2,67312894056283
r82_seed839_high_emotional_speech_rep03,839,r82_independent_replication,high_emotional_speech,3,244667425013744
r82_seed839_high_emotional_speech_rep04,839,r82_independent_replication,high_emotional_speech,4,161901634309153
r82_seed839_high_emotional_speech_rep05,839,r82_independent_replication,high_emotional_speech,5,278661400780998
r82_seed839_low_information_speech_rep01,839,r82_independent_replication,low_information_speech,1,165452319537365
r82_seed839_low_information_speech_rep02,839,r82_independent_replication,low_information_speech,2,17551431647358
r82_seed839_low_information_speech_rep03,839,r82_independent_replication,low_information_speech,3,95910823381072
r82_seed839_low_information_speech_rep04,839,r82_independent_replication,low_information_speech,4,71035436325187
r82_seed839_low_information_speech_rep05,839,r82_independent_replication,low_information_speech,5,112176047183577
r82_seed839_mixed_strategies_rep01,839,r82_independent_replication,mixed_strategies,1,108794651215757
r82_seed839_mixed_strategies_rep02,839,r82_independent_replication,mixed_strategies,2,5132876310649
r82_seed839_mixed_strategies_rep03,839,r82_independent_replication,mixed_strategies,3,174994824328044
r82_seed839_mixed_strategies_rep04,839,r82_independent_replication,mixed_strategies,4,17196823342014
r82_seed839_mixed_strategies_rep05,839,r82_independent_replication,mixed_strategies,5,7682033137718
