game_id,matched_set_id,seed,regime,policy,player_uid,reconstructable,missing_reason,reveal_occurred,reveal_round,reveal_phase,first_check_round,first_wolf_found_round,useful_information_round,death_occurred,death_round,death_phase,death_cause,terminal_round,terminal_phase,alive_at_game_end,alive_at_terminal_start,survived_one_full_round_after_reveal,survived_two_full_rounds_after_reveal,died_same_round_as_reveal,died_next_night_after_reveal,rounds_survived_after_reveal,phases_survived_after_reveal,checks_completed_before_death,wolves_found_before_death,useful_information_before_death,village_win
seer_private_only_r61_seed520_baseline_rep01,r61_seed520_baseline_rep01,520,baseline,private_only,5,True,,0,,,1,1,1,1,2,night,night_kill,4,night,0,0,,,,,,,2,1,1,1
seer_immediate_reveal_r61_seed520_baseline_rep01,r61_seed520_baseline_rep01,520,baseline,immediate_reveal,5,True,,1,1,night,1,1,1,1,2,night,night_kill,4,night,0,0,0,0,0,1,1,2,2,1,1,1
seer_reveal_first_wolf_r61_seed520_baseline_rep01,r61_seed520_baseline_rep01,520,baseline,reveal_first_wolf,5,True,,1,1,night,1,1,1,1,2,night,night_kill,4,night,0,0,0,0,0,1,1,2,2,1,1,1
seer_delayed_round_2_r61_seed520_baseline_rep01,r61_seed520_baseline_rep01,520,baseline,delayed_round_2,5,True,,1,2,night,1,1,2,1,2,night,night_kill,4,night,0,0,0,0,1,0,0,0,2,1,1,1
seer_under_threat_r61_seed520_baseline_rep01,r61_seed520_baseline_rep01,520,baseline,under_threat,5,True,,0,,,1,1,1,1,2,night,night_kill,4,night,0,0,,,,,,,2,1,1,1
seer_selective_useful_info_r61_seed520_baseline_rep01,r61_seed520_baseline_rep01,520,baseline,selective_useful_info,5,True,,1,1,night,1,1,1,1,2,night,night_kill,4,night,0,0,0,0,0,1,1,2,2,1,1,1
seer_private_only_r61_seed520_baseline_rep02,r61_seed520_baseline_rep02,520,baseline,private_only,7,True,,0,,,1,1,1,1,1,night,night_kill,4,night,0,0,,,,,,,1,1,1,0
seer_immediate_reveal_r61_seed520_baseline_rep02,r61_seed520_baseline_rep02,520,baseline,immediate_reveal,7,True,,1,1,night,1,1,1,1,1,night,night_kill,4,night,0,0,0,0,1,0,0,0,1,1,1,0
seer_reveal_first_wolf_r61_seed520_baseline_rep02,r61_seed520_baseline_rep02,520,baseline,reveal_first_wolf,7,True,,1,1,night,1,1,1,1,1,night,night_kill,4,night,0,0,0,0,1,0,0,0,1,1,1,0
seer_delayed_round_2_r61_seed520_baseline_rep02,r61_seed520_baseline_rep02,520,baseline,delayed_round_2,7,True,,0,,,1,1,1,1,1,night,night_kill,4,night,0,0,,,,,,,1,1,1,0
seer_under_threat_r61_seed520_baseline_rep02,r61_seed520_baseline_rep02,520,baseline,under_threat,7,True,,0,,,1,1,1,1,1,night,night_kill,4,night,0,0,,,,,,,1,1,1,0
seer_selective_useful_info_r61_seed520_baseline_rep02,r61_seed520_baseline_rep02,520,baseline,selective_useful_info,7,True,,1,1,night,1,1,1,1,1,night,night_kill,4,night,0,0,0,0,1,0,0,0,1,1,1,0
seer_private_only_r61_seed520_baseline_rep03,r61_seed520_baseline_rep03,520,baseline,private_only,4,True,,0,,,1,,,1,1,night,night_kill,3,night,0,0,,,,,,,1,0,0,0
seer_immediate_reveal_r61_seed520_baseline_rep03,r61_seed520_baseline_rep03,520,baseline,immediate_reveal,4,True,,1,1,night,1,,1,1,1,night,night_kill,3,night,0,0,0,0,1,0,0,0,1,0,1,0
seer_reveal_first_wolf_r61_seed520_baseline_rep03,r61_seed520_baseline_rep03,520,baseline,reveal_first_wolf,4,True,,0,,,1,,,1,1,night,night_kill,3,night,0,0,,,,,,,1,0,0,0
seer_delayed_round_2_r61_seed520_baseline_rep03,r61_seed520_baseline_rep03,520,baseline,delayed_round_2,4,True,,0,,,1,,,1,1,night,night_kill,3,night,0,0,,,,,,,1,0,0,0
seer_under_threat_r61_seed520_baseline_rep03,r61_seed520_baseline_rep03,520,baseline,under_threat,4,True,,0,,,1,,,1,1,night,night_kill,3,night,0,0,,,,,,,1,0,0,0
seer_selective_useful_info_r61_seed520_baseline_rep03,r61_seed520_baseline_rep03,520,baseline,selective_useful_info,4,True,,0,,,1,,,1,1,night,night_kill,3,night,0,0,,,,,,,1,0,0,0
seer_private_only_r61_seed520_baseline_rep04,r61_seed520_baseline_rep04,520,baseline,private_only,1,True,,0,,,1,2,2,1,2,night,night_kill,3,day,0,0,,,,,,,2,1,1,1
seer_immediate_reveal_r61_seed520_baseline_rep04,r61_seed520_baseline_rep04,520,baseline,immediate_reveal,1,True,,1,1,night,1,2,1,1,2,night,night_kill,3,day,0,0,0,0,0,1,1,2,2,1,1,1
seer_reveal_first_wolf_r61_seed520_baseline_rep04,r61_seed520_baseline_rep04,520,baseline,reveal_first_wolf,1,True,,1,2,night,1,2,2,1,2,night,night_kill,3,day,0,0,0,0,1,0,0,0,2,1,1,1
seer_delayed_round_2_r61_seed520_baseline_rep04,r61_seed520_baseline_rep04,520,baseline,delayed_round_2,1,True,,1,2,night,1,2,2,1,2,night,night_kill,3,day,0,0,0,0,1,0,0,0,2,1,1,1
seer_under_threat_r61_seed520_baseline_rep04,r61_seed520_baseline_rep04,520,baseline,under_threat,1,True,,0,,,1,2,2,1,2,night,night_kill,3,day,0,0,,,,,,,2,1,1,1
seer_selective_useful_info_r61_seed520_baseline_rep04,r61_seed520_baseline_rep04,520,baseline,selective_useful_info,1,True,,1,2,night,1,2,2,1,2,night,night_kill,3,day,0,0,0,0,1,0,0,0,2,1,1,1
seer_private_only_r61_seed520_baseline_rep05,r61_seed520_baseline_rep05,520,baseline,private_only,6,True,,0,,,1,1,1,1,1,night,night_kill,3,day,0,0,,,,,,,1,1,1,1
seer_immediate_reveal_r61_seed520_baseline_rep05,r61_seed520_baseline_rep05,520,baseline,immediate_reveal,6,True,,1,1,night,1,1,1,1,1,night,night_kill,3,day,0,0,0,0,1,0,0,0,1,1,1,1
seer_reveal_first_wolf_r61_seed520_baseline_rep05,r61_seed520_baseline_rep05,520,baseline,reveal_first_wolf,6,True,,1,1,night,1,1,1,1,1,night,night_kill,3,day,0,0,0,0,1,0,0,0,1,1,1,1
seer_delayed_round_2_r61_seed520_baseline_rep05,r61_seed520_baseline_rep05,520,baseline,delayed_round_2,6,True,,0,,,1,1,1,1,1,night,night_kill,3,day,0,0,,,,,,,1,1,1,1
seer_under_threat_r61_seed520_baseline_rep05,r61_seed520_baseline_rep05,520,baseline,under_threat,6,True,,0,,,1,1,1,1,1,night,night_kill,3,day,0,0,,,,,,,1,1,1,1
seer_selective_useful_info_r61_seed520_baseline_rep05,r61_seed520_baseline_rep05,520,baseline,selective_useful_info,6,True,,1,1,night,1,1,1,1,1,night,night_kill,3,day,0,0,0,0,1,0,0,0,1,1,1,1
seer_private_only_r61_seed520_speech_enabled_rep01,r61_seed520_speech_enabled_rep01,520,speech_enabled,private_only,3,True,,0,,,1,1,1,1,1,night,night_kill,3,night,0,0,,,,,,,1,1,1,0
seer_immediate_reveal_r61_seed520_speech_enabled_rep01,r61_seed520_speech_enabled_rep01,520,speech_enabled,immediate_reveal,3,True,,1,1,night,1,1,1,1,1,night,night_kill,3,night,0,0,0,0,1,0,0,0,1,1,1,0
seer_reveal_first_wolf_r61_seed520_speech_enabled_rep01,r61_seed520_speech_enabled_rep01,520,speech_enabled,reveal_first_wolf,3,True,,1,1,night,1,1,1,1,1,night,night_kill,3,night,0,0,0,0,1,0,0,0,1,1,1,0
seer_delayed_round_2_r61_seed520_speech_enabled_rep01,r61_seed520_speech_enabled_rep01,520,speech_enabled,delayed_round_2,3,True,,0,,,1,1,1,1,1,night,night_kill,3,night,0,0,,,,,,,1,1,1,0
seer_under_threat_r61_seed520_speech_enabled_rep01,r61_seed520_speech_enabled_rep01,520,speech_enabled,under_threat,3,True,,0,,,1,1,1,1,1,night,night_kill,3,night,0,0,,,,,,,1,1,1,0
seer_selective_useful_info_r61_seed520_speech_enabled_rep01,r61_seed520_speech_enabled_rep01,520,speech_enabled,selective_useful_info,3,True,,1,1,night,1,1,1,1,1,night,night_kill,3,night,0,0,0,0,1,0,0,0,1,1,1,0
seer_private_only_r61_seed520_speech_enabled_rep02,r61_seed520_speech_enabled_rep02,520,speech_enabled,private_only,1,True,,0,,,1,,,1,2,night,night_kill,3,day,0,0,,,,,,,2,0,0,0
seer_immediate_reveal_r61_seed520_speech_enabled_rep02,r61_seed520_speech_enabled_rep02,520,speech_enabled,immediate_reveal,1,True,,1,1,night,1,,1,1,2,night,night_kill,3,day,0,0,0,0,0,1,1,2,2,0,1,0
seer_reveal_first_wolf_r61_seed520_speech_enabled_rep02,r61_seed520_speech_enabled_rep02,520,speech_enabled,reveal_first_wolf,1,True,,0,,,1,,,1,2,night,night_kill,3,day,0,0,,,,,,,2,0,0,0
seer_delayed_round_2_r61_seed520_speech_enabled_rep02,r61_seed520_speech_enabled_rep02,520,speech_enabled,delayed_round_2,1,True,,1,2,night,1,,2,1,2,night,night_kill,3,day,0,0,0,0,1,0,0,0,2,0,1,0
seer_under_threat_r61_seed520_speech_enabled_rep02,r61_seed520_speech_enabled_rep02,520,speech_enabled,under_threat,1,True,,0,,,1,,,1,2,night,night_kill,3,day,0,0,,,,,,,2,0,0,0
seer_selective_useful_info_r61_seed520_speech_enabled_rep02,r61_seed520_speech_enabled_rep02,520,speech_enabled,selective_useful_info,1,True,,0,,,1,,,1,2,night,night_kill,3,day,0,0,,,,,,,2,0,0,0
seer_private_only_r61_seed520_speech_enabled_rep03,r61_seed520_speech_enabled_rep03,520,speech_enabled,private_only,3,True,,0,,,1,1,1,1,2,night,night_kill,4,night,0,0,,,,,,,2,1,1,0
seer_immediate_reveal_r61_seed520_speech_enabled_rep03,r61_seed520_speech_enabled_rep03,520,speech_enabled,immediate_reveal,3,True,,1,1,night,1,1,1,1,2,night,night_kill,4,day,0,0,0,0,0,1,1,2,2,1,1,0
seer_reveal_first_wolf_r61_seed520_speech_enabled_rep03,r61_seed520_speech_enabled_rep03,520,speech_enabled,reveal_first_wolf,3,True,,1,1,night,1,1,1,1,2,night,night_kill,4,day,0,0,0,0,0,1,1,2,2,1,1,0
seer_delayed_round_2_r61_seed520_speech_enabled_rep03,r61_seed520_speech_enabled_rep03,520,speech_enabled,delayed_round_2,3,True,,1,2,night,1,1,2,1,2,night,night_kill,4,night,0,0,0,0,1,0,0,0,2,1,1,0
seer_under_threat_r61_seed520_speech_enabled_rep03,r61_seed520_speech_enabled_rep03,520,speech_enabled,under_threat,3,True,,0,,,1,1,1,1,2,night,night_kill,4,night,0,0,,,,,,,2,1,1,0
seer_selective_useful_info_r61_seed520_speech_enabled_rep03,r61_seed520_speech_enabled_rep03,520,speech_enabled,selective_useful_info,3,True,,1,1,night,1,1,1,1,2,night,night_kill,4,day,0,0,0,0,0,1,1,2,2,1,1,0
seer_private_only_r61_seed520_speech_enabled_rep04,r61_seed520_speech_enabled_rep04,520,speech_enabled,private_only,2,True,,0,,,1,,,1,2,night,night_kill,4,night,0,0,,,,,,,2,0,0,1
seer_immediate_reveal_r61_seed520_speech_enabled_rep04,r61_seed520_speech_enabled_rep04,520,speech_enabled,immediate_reveal,2,True,,1,1,night,1,,1,1,2,night,night_kill,4,night,0,0,0,0,0,1,1,2,2,0,1,1
seer_reveal_first_wolf_r61_seed520_speech_enabled_rep04,r61_seed520_speech_enabled_rep04,520,speech_enabled,reveal_first_wolf,2,True,,0,,,1,,,1,2,night,night_kill,4,night,0,0,,,,,,,2,0,0,1
seer_delayed_round_2_r61_seed520_speech_enabled_rep04,r61_seed520_speech_enabled_rep04,520,speech_enabled,delayed_round_2,2,True,,1,2,night,1,,2,1,2,night,night_kill,4,night,0,0,0,0,1,0,0,0,2,0,1,1
seer_under_threat_r61_seed520_speech_enabled_rep04,r61_seed520_speech_enabled_rep04,520,speech_enabled,under_threat,2,True,,0,,,1,,,1,2,night,night_kill,4,night,0,0,,,,,,,2,0,0,1
seer_selective_useful_info_r61_seed520_speech_enabled_rep04,r61_seed520_speech_enabled_rep04,520,speech_enabled,selective_useful_info,2,True,,0,,,1,,,1,2,night,night_kill,4,night,0,0,,,,,,,2,0,0,1
seer_private_only_r61_seed520_speech_enabled_rep05,r61_seed520_speech_enabled_rep05,520,speech_enabled,private_only,7,True,,0,,,1,1,1,1,2,night,night_kill,4,day,0,0,,,,,,,2,1,1,1
seer_immediate_reveal_r61_seed520_speech_enabled_rep05,r61_seed520_speech_enabled_rep05,520,speech_enabled,immediate_reveal,7,True,,1,1,night,1,1,1,1,2,night,night_kill,4,night,0,0,0,0,0,1,1,2,2,1,1,1
seer_reveal_first_wolf_r61_seed520_speech_enabled_rep05,r61_seed520_speech_enabled_rep05,520,speech_enabled,reveal_first_wolf,7,True,,1,1,night,1,1,1,1,2,night,night_kill,4,night,0,0,0,0,0,1,1,2,2,1,1,1
seer_delayed_round_2_r61_seed520_speech_enabled_rep05,r61_seed520_speech_enabled_rep05,520,speech_enabled,delayed_round_2,7,True,,1,2,night,1,1,2,1,2,night,night_kill,4,night,0,0,0,0,1,0,0,0,2,1,1,1
seer_under_threat_r61_seed520_speech_enabled_rep05,r61_seed520_speech_enabled_rep05,520,speech_enabled,under_threat,7,True,,0,,,1,1,1,1,2,night,night_kill,4,day,0,0,,,,,,,2,1,1,1
seer_selective_useful_info_r61_seed520_speech_enabled_rep05,r61_seed520_speech_enabled_rep05,520,speech_enabled,selective_useful_info,7,True,,1,1,night,1,1,1,1,2,night,night_kill,4,night,0,0,0,0,0,1,1,2,2,1,1,1
seer_private_only_r61_seed520_herding_enabled_rep01,r61_seed520_herding_enabled_rep01,520,herding_enabled,private_only,7,True,,0,,,1,,,1,2,night,night_kill,3,night,0,0,,,,,,,2,0,0,0
seer_immediate_reveal_r61_seed520_herding_enabled_rep01,r61_seed520_herding_enabled_rep01,520,herding_enabled,immediate_reveal,7,True,,1,1,night,1,,1,1,2,night,night_kill,4,day,0,0,0,0,0,1,1,2,2,0,1,0
seer_reveal_first_wolf_r61_seed520_herding_enabled_rep01,r61_seed520_herding_enabled_rep01,520,herding_enabled,reveal_first_wolf,7,True,,0,,,1,,,1,2,night,night_kill,3,night,0,0,,,,,,,2,0,0,0
seer_delayed_round_2_r61_seed520_herding_enabled_rep01,r61_seed520_herding_enabled_rep01,520,herding_enabled,delayed_round_2,7,True,,1,2,night,1,,2,1,2,night,night_kill,3,day,0,0,0,0,1,0,0,0,2,0,1,0
seer_under_threat_r61_seed520_herding_enabled_rep01,r61_seed520_herding_enabled_rep01,520,herding_enabled,under_threat,7,True,,0,,,1,,,1,2,night,night_kill,3,night,0,0,,,,,,,2,0,0,0
seer_selective_useful_info_r61_seed520_herding_enabled_rep01,r61_seed520_herding_enabled_rep01,520,herding_enabled,selective_useful_info,7,True,,0,,,1,,,1,2,night,night_kill,3,night,0,0,,,,,,,2,0,0,0
seer_private_only_r61_seed520_herding_enabled_rep02,r61_seed520_herding_enabled_rep02,520,herding_enabled,private_only,7,True,,0,,,1,1,1,1,1,night,night_kill,3,night,0,0,,,,,,,1,1,1,1
seer_immediate_reveal_r61_seed520_herding_enabled_rep02,r61_seed520_herding_enabled_rep02,520,herding_enabled,immediate_reveal,7,True,,1,1,night,1,1,1,1,1,night,night_kill,3,night,0,0,0,0,1,0,0,0,1,1,1,1
seer_reveal_first_wolf_r61_seed520_herding_enabled_rep02,r61_seed520_herding_enabled_rep02,520,herding_enabled,reveal_first_wolf,7,True,,1,1,night,1,1,1,1,1,night,night_kill,3,night,0,0,0,0,1,0,0,0,1,1,1,1
seer_delayed_round_2_r61_seed520_herding_enabled_rep02,r61_seed520_herding_enabled_rep02,520,herding_enabled,delayed_round_2,7,True,,0,,,1,1,1,1,1,night,night_kill,3,night,0,0,,,,,,,1,1,1,1
seer_under_threat_r61_seed520_herding_enabled_rep02,r61_seed520_herding_enabled_rep02,520,herding_enabled,under_threat,7,True,,0,,,1,1,1,1,1,night,night_kill,3,night,0,0,,,,,,,1,1,1,1
seer_selective_useful_info_r61_seed520_herding_enabled_rep02,r61_seed520_herding_enabled_rep02,520,herding_enabled,selective_useful_info,7,True,,1,1,night,1,1,1,1,1,night,night_kill,3,night,0,0,0,0,1,0,0,0,1,1,1,1
seer_private_only_r61_seed520_herding_enabled_rep03,r61_seed520_herding_enabled_rep03,520,herding_enabled,private_only,1,True,,0,,,1,2,2,1,2,night,night_kill,3,night,0,0,,,,,,,2,1,1,0
seer_immediate_reveal_r61_seed520_herding_enabled_rep03,r61_seed520_herding_enabled_rep03,520,herding_enabled,immediate_reveal,1,True,,1,1,night,1,2,1,1,2,night,night_kill,3,night,0,0,0,0,0,1,1,2,2,1,1,0
seer_reveal_first_wolf_r61_seed520_herding_enabled_rep03,r61_seed520_herding_enabled_rep03,520,herding_enabled,reveal_first_wolf,1,True,,1,2,night,1,2,2,1,2,night,night_kill,3,night,0,0,0,0,1,0,0,0,2,1,1,0
seer_delayed_round_2_r61_seed520_herding_enabled_rep03,r61_seed520_herding_enabled_rep03,520,herding_enabled,delayed_round_2,1,True,,1,2,night,1,2,2,1,2,night,night_kill,3,night,0,0,0,0,1,0,0,0,2,1,1,0
seer_under_threat_r61_seed520_herding_enabled_rep03,r61_seed520_herding_enabled_rep03,520,herding_enabled,under_threat,1,True,,0,,,1,2,2,1,2,night,night_kill,3,night,0,0,,,,,,,2,1,1,0
seer_selective_useful_info_r61_seed520_herding_enabled_rep03,r61_seed520_herding_enabled_rep03,520,herding_enabled,selective_useful_info,1,True,,1,2,night,1,2,2,1,2,night,night_kill,3,night,0,0,0,0,1,0,0,0,2,1,1,0
seer_private_only_r61_seed520_herding_enabled_rep04,r61_seed520_herding_enabled_rep04,520,herding_enabled,private_only,1,True,,0,,,1,2,2,1,2,night,night_kill,4,night,0,0,,,,,,,2,1,1,0
seer_immediate_reveal_r61_seed520_herding_enabled_rep04,r61_seed520_herding_enabled_rep04,520,herding_enabled,immediate_reveal,1,True,,1,1,night,1,2,1,1,2,night,night_kill,4,night,0,0,0,0,0,1,1,2,2,1,1,0
seer_reveal_first_wolf_r61_seed520_herding_enabled_rep04,r61_seed520_herding_enabled_rep04,520,herding_enabled,reveal_first_wolf,1,True,,1,2,night,1,2,2,1,2,night,night_kill,4,night,0,0,0,0,1,0,0,0,2,1,1,0
seer_delayed_round_2_r61_seed520_herding_enabled_rep04,r61_seed520_herding_enabled_rep04,520,herding_enabled,delayed_round_2,1,True,,1,2,night,1,2,2,1,2,night,night_kill,4,night,0,0,0,0,1,0,0,0,2,1,1,0
seer_under_threat_r61_seed520_herding_enabled_rep04,r61_seed520_herding_enabled_rep04,520,herding_enabled,under_threat,1,True,,0,,,1,2,2,1,2,night,night_kill,4,night,0,0,,,,,,,2,1,1,0
seer_selective_useful_info_r61_seed520_herding_enabled_rep04,r61_seed520_herding_enabled_rep04,520,herding_enabled,selective_useful_info,1,True,,1,2,night,1,2,2,1,2,night,night_kill,4,night,0,0,0,0,1,0,0,0,2,1,1,0
seer_private_only_r61_seed520_herding_enabled_rep05,r61_seed520_herding_enabled_rep05,520,herding_enabled,private_only,5,True,,0,,,1,2,2,1,2,night,night_kill,3,night,0,0,,,,,,,2,1,1,0
seer_immediate_reveal_r61_seed520_herding_enabled_rep05,r61_seed520_herding_enabled_rep05,520,herding_enabled,immediate_reveal,5,True,,1,1,night,1,2,1,1,2,night,night_kill,3,night,0,0,0,0,0,1,1,2,2,1,1,0
seer_reveal_first_wolf_r61_seed520_herding_enabled_rep05,r61_seed520_herding_enabled_rep05,520,herding_enabled,reveal_first_wolf,5,True,,1,2,night,1,2,2,1,2,night,night_kill,3,night,0,0,0,0,1,0,0,0,2,1,1,0
seer_delayed_round_2_r61_seed520_herding_enabled_rep05,r61_seed520_herding_enabled_rep05,520,herding_enabled,delayed_round_2,5,True,,1,2,night,1,2,2,1,2,night,night_kill,3,night,0,0,0,0,1,0,0,0,2,1,1,0
seer_under_threat_r61_seed520_herding_enabled_rep05,r61_seed520_herding_enabled_rep05,520,herding_enabled,under_threat,5,True,,0,,,1,2,2,1,2,night,night_kill,3,night,0,0,,,,,,,2,1,1,0
seer_selective_useful_info_r61_seed520_herding_enabled_rep05,r61_seed520_herding_enabled_rep05,520,herding_enabled,selective_useful_info,5,True,,1,2,night,1,2,2,1,2,night,night_kill,3,night,0,0,0,0,1,0,0,0,2,1,1,0
seer_private_only_r61_seed520_deception_enabled_rep01,r61_seed520_deception_enabled_rep01,520,deception_enabled,private_only,2,True,,0,,,1,2,2,1,2,night,night_kill,3,day,0,0,,,,,,,2,1,1,0
seer_immediate_reveal_r61_seed520_deception_enabled_rep01,r61_seed520_deception_enabled_rep01,520,deception_enabled,immediate_reveal,2,True,,1,1,night,1,2,1,1,2,night,night_kill,3,day,0,0,0,0,0,1,1,2,2,1,1,0
seer_reveal_first_wolf_r61_seed520_deception_enabled_rep01,r61_seed520_deception_enabled_rep01,520,deception_enabled,reveal_first_wolf,2,True,,1,2,night,1,2,2,1,2,night,night_kill,3,day,0,0,0,0,1,0,0,0,2,1,1,0
seer_delayed_round_2_r61_seed520_deception_enabled_rep01,r61_seed520_deception_enabled_rep01,520,deception_enabled,delayed_round_2,2,True,,1,2,night,1,2,2,1,2,night,night_kill,3,day,0,0,0,0,1,0,0,0,2,1,1,0
seer_under_threat_r61_seed520_deception_enabled_rep01,r61_seed520_deception_enabled_rep01,520,deception_enabled,under_threat,2,True,,0,,,1,2,2,1,2,night,night_kill,3,day,0,0,,,,,,,2,1,1,0
seer_selective_useful_info_r61_seed520_deception_enabled_rep01,r61_seed520_deception_enabled_rep01,520,deception_enabled,selective_useful_info,2,True,,0,,,1,2,2,1,2,night,night_kill,3,day,0,0,,,,,,,2,1,1,0
seer_private_only_r61_seed520_deception_enabled_rep02,r61_seed520_deception_enabled_rep02,520,deception_enabled,private_only,4,True,,0,,,1,,,1,2,night,night_kill,3,night,0,0,,,,,,,2,0,0,0
seer_immediate_reveal_r61_seed520_deception_enabled_rep02,r61_seed520_deception_enabled_rep02,520,deception_enabled,immediate_reveal,4,True,,1,1,night,1,,1,1,2,night,night_kill,4,day,0,0,0,0,0,1,1,2,2,0,1,0
seer_reveal_first_wolf_r61_seed520_deception_enabled_rep02,r61_seed520_deception_enabled_rep02,520,deception_enabled,reveal_first_wolf,4,True,,0,,,1,,,1,2,night,night_kill,3,night,0,0,,,,,,,2,0,0,0
seer_delayed_round_2_r61_seed520_deception_enabled_rep02,r61_seed520_deception_enabled_rep02,520,deception_enabled,delayed_round_2,4,True,,1,2,night,1,,2,1,2,night,night_kill,3,night,0,0,0,0,1,0,0,0,2,0,1,0
seer_under_threat_r61_seed520_deception_enabled_rep02,r61_seed520_deception_enabled_rep02,520,deception_enabled,under_threat,4,True,,0,,,1,,,1,2,night,night_kill,3,night,0,0,,,,,,,2,0,0,0
seer_selective_useful_info_r61_seed520_deception_enabled_rep02,r61_seed520_deception_enabled_rep02,520,deception_enabled,selective_useful_info,4,True,,0,,,1,,,1,2,night,night_kill,3,night,0,0,,,,,,,2,0,0,0
seer_private_only_r61_seed520_deception_enabled_rep03,r61_seed520_deception_enabled_rep03,520,deception_enabled,private_only,10,True,,0,,,1,,,1,2,night,night_kill,3,day,0,0,,,,,,,2,0,0,0
seer_immediate_reveal_r61_seed520_deception_enabled_rep03,r61_seed520_deception_enabled_rep03,520,deception_enabled,immediate_reveal,10,True,,1,1,night,1,,1,1,2,night,night_kill,3,day,0,0,0,0,0,1,1,2,2,0,1,0
seer_reveal_first_wolf_r61_seed520_deception_enabled_rep03,r61_seed520_deception_enabled_rep03,520,deception_enabled,reveal_first_wolf,10,True,,0,,,1,,,1,2,night,night_kill,3,day,0,0,,,,,,,2,0,0,0
seer_delayed_round_2_r61_seed520_deception_enabled_rep03,r61_seed520_deception_enabled_rep03,520,deception_enabled,delayed_round_2,10,True,,1,2,night,1,,2,1,2,night,night_kill,3,day,0,0,0,0,1,0,0,0,2,0,1,0
seer_under_threat_r61_seed520_deception_enabled_rep03,r61_seed520_deception_enabled_rep03,520,deception_enabled,under_threat,10,True,,0,,,1,,,1,2,night,night_kill,3,day,0,0,,,,,,,2,0,0,0
seer_selective_useful_info_r61_seed520_deception_enabled_rep03,r61_seed520_deception_enabled_rep03,520,deception_enabled,selective_useful_info,10,True,,0,,,1,,,1,2,night,night_kill,3,day,0,0,,,,,,,2,0,0,0
seer_private_only_r61_seed520_deception_enabled_rep04,r61_seed520_deception_enabled_rep04,520,deception_enabled,private_only,7,True,,0,,,1,2,2,1,2,day,day_elimination,3,night,0,0,,,,,,,2,1,1,0
seer_immediate_reveal_r61_seed520_deception_enabled_rep04,r61_seed520_deception_enabled_rep04,520,deception_enabled,immediate_reveal,7,True,,1,1,night,1,2,1,1,3,night,night_kill,4,night,0,0,1,1,0,0,2,4,3,1,1,1
seer_reveal_first_wolf_r61_seed520_deception_enabled_rep04,r61_seed520_deception_enabled_rep04,520,deception_enabled,reveal_first_wolf,7,True,,1,2,night,1,2,2,1,3,night,night_kill,4,night,0,0,0,0,0,1,1,2,3,1,1,1
seer_delayed_round_2_r61_seed520_deception_enabled_rep04,r61_seed520_deception_enabled_rep04,520,deception_enabled,delayed_round_2,7,True,,1,2,night,1,2,2,1,3,night,night_kill,4,night,0,0,0,0,0,1,1,2,3,1,1,1
seer_under_threat_r61_seed520_deception_enabled_rep04,r61_seed520_deception_enabled_rep04,520,deception_enabled,under_threat,7,True,,1,2,night,1,2,2,1,3,night,night_kill,4,night,0,0,0,0,0,1,1,2,3,1,1,1
seer_selective_useful_info_r61_seed520_deception_enabled_rep04,r61_seed520_deception_enabled_rep04,520,deception_enabled,selective_useful_info,7,True,,0,,,1,2,2,1,2,day,day_elimination,3,night,0,0,,,,,,,2,1,1,0
seer_private_only_r61_seed520_deception_enabled_rep05,r61_seed520_deception_enabled_rep05,520,deception_enabled,private_only,10,True,,0,,,1,,,1,2,night,night_kill,4,day,0,0,,,,,,,2,0,0,1
seer_immediate_reveal_r61_seed520_deception_enabled_rep05,r61_seed520_deception_enabled_rep05,520,deception_enabled,immediate_reveal,10,True,,1,1,night,1,,1,1,2,night,night_kill,4,day,0,0,0,0,0,1,1,2,2,0,1,1
seer_reveal_first_wolf_r61_seed520_deception_enabled_rep05,r61_seed520_deception_enabled_rep05,520,deception_enabled,reveal_first_wolf,10,True,,0,,,1,,,1,2,night,night_kill,4,day,0,0,,,,,,,2,0,0,1
seer_delayed_round_2_r61_seed520_deception_enabled_rep05,r61_seed520_deception_enabled_rep05,520,deception_enabled,delayed_round_2,10,True,,1,2,night,1,,2,1,2,night,night_kill,4,day,0,0,0,0,1,0,0,0,2,0,1,1
seer_under_threat_r61_seed520_deception_enabled_rep05,r61_seed520_deception_enabled_rep05,520,deception_enabled,under_threat,10,True,,0,,,1,,,1,2,night,night_kill,4,day,0,0,,,,,,,2,0,0,1
seer_selective_useful_info_r61_seed520_deception_enabled_rep05,r61_seed520_deception_enabled_rep05,520,deception_enabled,selective_useful_info,10,True,,0,,,1,,,1,2,night,night_kill,4,day,0,0,,,,,,,2,0,0,1
seer_private_only_r61_seed520_heterogeneous_risk_rep01,r61_seed520_heterogeneous_risk_rep01,520,heterogeneous_risk,private_only,7,True,,0,,,1,1,1,1,2,night,night_kill,4,night,0,0,,,,,,,2,1,1,0
seer_immediate_reveal_r61_seed520_heterogeneous_risk_rep01,r61_seed520_heterogeneous_risk_rep01,520,heterogeneous_risk,immediate_reveal,7,True,,1,1,night,1,1,1,1,2,night,night_kill,4,night,0,0,0,0,0,1,1,2,2,1,1,0
seer_reveal_first_wolf_r61_seed520_heterogeneous_risk_rep01,r61_seed520_heterogeneous_risk_rep01,520,heterogeneous_risk,reveal_first_wolf,7,True,,1,1,night,1,1,1,1,2,night,night_kill,4,night,0,0,0,0,0,1,1,2,2,1,1,0
seer_delayed_round_2_r61_seed520_heterogeneous_risk_rep01,r61_seed520_heterogeneous_risk_rep01,520,heterogeneous_risk,delayed_round_2,7,True,,1,2,night,1,1,2,1,2,night,night_kill,4,night,0,0,0,0,1,0,0,0,2,1,1,0
seer_under_threat_r61_seed520_heterogeneous_risk_rep01,r61_seed520_heterogeneous_risk_rep01,520,heterogeneous_risk,under_threat,7,True,,0,,,1,1,1,1,2,night,night_kill,4,night,0,0,,,,,,,2,1,1,0
seer_selective_useful_info_r61_seed520_heterogeneous_risk_rep01,r61_seed520_heterogeneous_risk_rep01,520,heterogeneous_risk,selective_useful_info,7,True,,1,1,night,1,1,1,1,2,night,night_kill,4,night,0,0,0,0,0,1,1,2,2,1,1,0
seer_private_only_r61_seed520_heterogeneous_risk_rep02,r61_seed520_heterogeneous_risk_rep02,520,heterogeneous_risk,private_only,3,True,,0,,,1,,,1,1,day,day_elimination,3,night,0,0,,,,,,,1,0,0,0
seer_immediate_reveal_r61_seed520_heterogeneous_risk_rep02,r61_seed520_heterogeneous_risk_rep02,520,heterogeneous_risk,immediate_reveal,3,True,,1,1,night,1,,1,1,1,day,day_elimination,3,night,0,0,0,0,1,0,0,1,1,0,1,0
seer_reveal_first_wolf_r61_seed520_heterogeneous_risk_rep02,r61_seed520_heterogeneous_risk_rep02,520,heterogeneous_risk,reveal_first_wolf,3,True,,0,,,1,,,1,1,day,day_elimination,3,night,0,0,,,,,,,1,0,0,0
seer_delayed_round_2_r61_seed520_heterogeneous_risk_rep02,r61_seed520_heterogeneous_risk_rep02,520,heterogeneous_risk,delayed_round_2,3,True,,0,,,1,,,1,1,day,day_elimination,3,night,0,0,,,,,,,1,0,0,0
seer_under_threat_r61_seed520_heterogeneous_risk_rep02,r61_seed520_heterogeneous_risk_rep02,520,heterogeneous_risk,under_threat,3,True,,0,,,1,,,1,1,day,day_elimination,3,night,0,0,,,,,,,1,0,0,0
seer_selective_useful_info_r61_seed520_heterogeneous_risk_rep02,r61_seed520_heterogeneous_risk_rep02,520,heterogeneous_risk,selective_useful_info,3,True,,0,,,1,,,1,1,day,day_elimination,3,night,0,0,,,,,,,1,0,0,0
seer_private_only_r61_seed520_heterogeneous_risk_rep03,r61_seed520_heterogeneous_risk_rep03,520,heterogeneous_risk,private_only,6,True,,0,,,1,,,1,2,night,night_kill,4,day,0,0,,,,,,,2,0,0,0
seer_immediate_reveal_r61_seed520_heterogeneous_risk_rep03,r61_seed520_heterogeneous_risk_rep03,520,heterogeneous_risk,immediate_reveal,6,True,,1,1,night,1,,1,1,2,night,night_kill,4,day,0,0,0,0,0,1,1,2,2,0,1,0
seer_reveal_first_wolf_r61_seed520_heterogeneous_risk_rep03,r61_seed520_heterogeneous_risk_rep03,520,heterogeneous_risk,reveal_first_wolf,6,True,,0,,,1,,,1,2,night,night_kill,4,day,0,0,,,,,,,2,0,0,0
seer_delayed_round_2_r61_seed520_heterogeneous_risk_rep03,r61_seed520_heterogeneous_risk_rep03,520,heterogeneous_risk,delayed_round_2,6,True,,1,2,night,1,,2,1,2,night,night_kill,4,day,0,0,0,0,1,0,0,0,2,0,1,0
seer_under_threat_r61_seed520_heterogeneous_risk_rep03,r61_seed520_heterogeneous_risk_rep03,520,heterogeneous_risk,under_threat,6,True,,0,,,1,,,1,2,night,night_kill,4,day,0,0,,,,,,,2,0,0,0
seer_selective_useful_info_r61_seed520_heterogeneous_risk_rep03,r61_seed520_heterogeneous_risk_rep03,520,heterogeneous_risk,selective_useful_info,6,True,,0,,,1,,,1,2,night,night_kill,4,day,0,0,,,,,,,2,0,0,0
seer_private_only_r61_seed520_heterogeneous_risk_rep04,r61_seed520_heterogeneous_risk_rep04,520,heterogeneous_risk,private_only,4,True,,0,,,1,,,1,1,night,night_kill,4,night,0,0,,,,,,,1,0,0,0
seer_immediate_reveal_r61_seed520_heterogeneous_risk_rep04,r61_seed520_heterogeneous_risk_rep04,520,heterogeneous_risk,immediate_reveal,4,True,,1,1,night,1,,1,1,1,night,night_kill,4,night,0,0,0,0,1,0,0,0,1,0,1,0
seer_reveal_first_wolf_r61_seed520_heterogeneous_risk_rep04,r61_seed520_heterogeneous_risk_rep04,520,heterogeneous_risk,reveal_first_wolf,4,True,,0,,,1,,,1,1,night,night_kill,4,night,0,0,,,,,,,1,0,0,0
seer_delayed_round_2_r61_seed520_heterogeneous_risk_rep04,r61_seed520_heterogeneous_risk_rep04,520,heterogeneous_risk,delayed_round_2,4,True,,0,,,1,,,1,1,night,night_kill,4,night,0,0,,,,,,,1,0,0,0
seer_under_threat_r61_seed520_heterogeneous_risk_rep04,r61_seed520_heterogeneous_risk_rep04,520,heterogeneous_risk,under_threat,4,True,,0,,,1,,,1,1,night,night_kill,4,night,0,0,,,,,,,1,0,0,0
seer_selective_useful_info_r61_seed520_heterogeneous_risk_rep04,r61_seed520_heterogeneous_risk_rep04,520,heterogeneous_risk,selective_useful_info,4,True,,0,,,1,,,1,1,night,night_kill,4,night,0,0,,,,,,,1,0,0,0
seer_private_only_r61_seed520_heterogeneous_risk_rep05,r61_seed520_heterogeneous_risk_rep05,520,heterogeneous_risk,private_only,6,True,,0,,,1,2,2,1,2,night,night_kill,3,day,0,0,,,,,,,2,1,1,1
seer_immediate_reveal_r61_seed520_heterogeneous_risk_rep05,r61_seed520_heterogeneous_risk_rep05,520,heterogeneous_risk,immediate_reveal,6,True,,1,1,night,1,2,1,1,2,night,night_kill,4,day,0,0,0,0,0,1,1,2,2,1,1,1
seer_reveal_first_wolf_r61_seed520_heterogeneous_risk_rep05,r61_seed520_heterogeneous_risk_rep05,520,heterogeneous_risk,reveal_first_wolf,6,True,,1,2,night,1,2,2,1,2,night,night_kill,4,day,0,0,0,0,1,0,0,0,2,1,1,1
seer_delayed_round_2_r61_seed520_heterogeneous_risk_rep05,r61_seed520_heterogeneous_risk_rep05,520,heterogeneous_risk,delayed_round_2,6,True,,1,2,night,1,2,2,1,2,night,night_kill,4,day,0,0,0,0,1,0,0,0,2,1,1,1
seer_under_threat_r61_seed520_heterogeneous_risk_rep05,r61_seed520_heterogeneous_risk_rep05,520,heterogeneous_risk,under_threat,6,True,,0,,,1,2,2,1,2,night,night_kill,3,day,0,0,,,,,,,2,1,1,1
seer_selective_useful_info_r61_seed520_heterogeneous_risk_rep05,r61_seed520_heterogeneous_risk_rep05,520,heterogeneous_risk,selective_useful_info,6,True,,1,2,night,1,2,2,1,2,night,night_kill,4,day,0,0,0,0,1,0,0,0,2,1,1,1
seer_private_only_r61_seed520_strong_village_information_rep01,r61_seed520_strong_village_information_rep01,520,strong_village_information,private_only,10,True,,0,,,1,1,1,1,2,night,night_kill,3,day,0,0,,,,,,,2,2,1,1
seer_immediate_reveal_r61_seed520_strong_village_information_rep01,r61_seed520_strong_village_information_rep01,520,strong_village_information,immediate_reveal,10,True,,1,1,night,1,1,1,1,2,night,night_kill,3,day,0,0,0,0,0,1,1,2,2,2,1,1
seer_reveal_first_wolf_r61_seed520_strong_village_information_rep01,r61_seed520_strong_village_information_rep01,520,strong_village_information,reveal_first_wolf,10,True,,1,1,night,1,1,1,1,2,night,night_kill,3,day,0,0,0,0,0,1,1,2,2,2,1,1
seer_delayed_round_2_r61_seed520_strong_village_information_rep01,r61_seed520_strong_village_information_rep01,520,strong_village_information,delayed_round_2,10,True,,1,2,night,1,1,2,1,2,night,night_kill,3,day,0,0,0,0,1,0,0,0,2,2,1,1
seer_under_threat_r61_seed520_strong_village_information_rep01,r61_seed520_strong_village_information_rep01,520,strong_village_information,under_threat,10,True,,0,,,1,1,1,1,2,night,night_kill,3,day,0,0,,,,,,,2,2,1,1
seer_selective_useful_info_r61_seed520_strong_village_information_rep01,r61_seed520_strong_village_information_rep01,520,strong_village_information,selective_useful_info,10,True,,1,1,night,1,1,1,1,2,night,night_kill,3,day,0,0,0,0,0,1,1,2,2,2,1,1
seer_private_only_r61_seed520_strong_village_information_rep02,r61_seed520_strong_village_information_rep02,520,strong_village_information,private_only,6,True,,0,,,1,,,1,2,night,night_kill,4,night,0,0,,,,,,,2,0,0,1
seer_immediate_reveal_r61_seed520_strong_village_information_rep02,r61_seed520_strong_village_information_rep02,520,strong_village_information,immediate_reveal,6,True,,1,1,night,1,,1,1,2,night,night_kill,4,night,0,0,0,0,0,1,1,2,2,0,1,1
seer_reveal_first_wolf_r61_seed520_strong_village_information_rep02,r61_seed520_strong_village_information_rep02,520,strong_village_information,reveal_first_wolf,6,True,,0,,,1,,,1,2,night,night_kill,4,night,0,0,,,,,,,2,0,0,1
seer_delayed_round_2_r61_seed520_strong_village_information_rep02,r61_seed520_strong_village_information_rep02,520,strong_village_information,delayed_round_2,6,True,,1,2,night,1,,2,1,2,night,night_kill,4,night,0,0,0,0,1,0,0,0,2,0,1,1
seer_under_threat_r61_seed520_strong_village_information_rep02,r61_seed520_strong_village_information_rep02,520,strong_village_information,under_threat,6,True,,0,,,1,,,1,2,night,night_kill,4,night,0,0,,,,,,,2,0,0,1
seer_selective_useful_info_r61_seed520_strong_village_information_rep02,r61_seed520_strong_village_information_rep02,520,strong_village_information,selective_useful_info,6,True,,0,,,1,,,1,2,night,night_kill,4,night,0,0,,,,,,,2,0,0,1
seer_private_only_r61_seed520_strong_village_information_rep03,r61_seed520_strong_village_information_rep03,520,strong_village_information,private_only,1,True,,0,,,1,1,1,1,2,night,night_kill,4,day,0,0,,,,,,,2,1,1,0
seer_immediate_reveal_r61_seed520_strong_village_information_rep03,r61_seed520_strong_village_information_rep03,520,strong_village_information,immediate_reveal,1,True,,1,1,night,1,1,1,1,2,night,night_kill,3,day,0,0,0,0,0,1,1,2,2,1,1,0
seer_reveal_first_wolf_r61_seed520_strong_village_information_rep03,r61_seed520_strong_village_information_rep03,520,strong_village_information,reveal_first_wolf,1,True,,1,1,night,1,1,1,1,2,night,night_kill,3,day,0,0,0,0,0,1,1,2,2,1,1,0
seer_delayed_round_2_r61_seed520_strong_village_information_rep03,r61_seed520_strong_village_information_rep03,520,strong_village_information,delayed_round_2,1,True,,1,2,night,1,1,2,1,2,night,night_kill,4,day,0,0,0,0,1,0,0,0,2,1,1,0
seer_under_threat_r61_seed520_strong_village_information_rep03,r61_seed520_strong_village_information_rep03,520,strong_village_information,under_threat,1,True,,0,,,1,1,1,1,2,night,night_kill,4,day,0,0,,,,,,,2,1,1,0
seer_selective_useful_info_r61_seed520_strong_village_information_rep03,r61_seed520_strong_village_information_rep03,520,strong_village_information,selective_useful_info,1,True,,1,1,night,1,1,1,1,2,night,night_kill,3,day,0,0,0,0,0,1,1,2,2,1,1,0
seer_private_only_r61_seed520_strong_village_information_rep04,r61_seed520_strong_village_information_rep04,520,strong_village_information,private_only,10,True,,0,,,1,2,2,1,2,night,night_kill,4,day,0,0,,,,,,,2,1,1,0
seer_immediate_reveal_r61_seed520_strong_village_information_rep04,r61_seed520_strong_village_information_rep04,520,strong_village_information,immediate_reveal,10,True,,1,1,night,1,2,1,1,2,night,night_kill,4,day,0,0,0,0,0,1,1,2,2,1,1,1
seer_reveal_first_wolf_r61_seed520_strong_village_information_rep04,r61_seed520_strong_village_information_rep04,520,strong_village_information,reveal_first_wolf,10,True,,1,2,night,1,2,2,1,2,night,night_kill,4,day,0,0,0,0,1,0,0,0,2,1,1,1
seer_delayed_round_2_r61_seed520_strong_village_information_rep04,r61_seed520_strong_village_information_rep04,520,strong_village_information,delayed_round_2,10,True,,1,2,night,1,2,2,1,2,night,night_kill,4,day,0,0,0,0,1,0,0,0,2,1,1,1
seer_under_threat_r61_seed520_strong_village_information_rep04,r61_seed520_strong_village_information_rep04,520,strong_village_information,under_threat,10,True,,0,,,1,2,2,1,2,night,night_kill,4,day,0,0,,,,,,,2,1,1,0
seer_selective_useful_info_r61_seed520_strong_village_information_rep04,r61_seed520_strong_village_information_rep04,520,strong_village_information,selective_useful_info,10,True,,1,2,night,1,2,2,1,2,night,night_kill,4,day,0,0,0,0,1,0,0,0,2,1,1,1
seer_private_only_r61_seed520_strong_village_information_rep05,r61_seed520_strong_village_information_rep05,520,strong_village_information,private_only,6,True,,0,,,1,,,1,1,night,night_kill,2,day,0,0,,,,,,,1,0,0,0
seer_immediate_reveal_r61_seed520_strong_village_information_rep05,r61_seed520_strong_village_information_rep05,520,strong_village_information,immediate_reveal,6,True,,1,1,night,1,,1,1,1,night,night_kill,3,day,0,0,0,0,1,0,0,0,1,0,1,0
seer_reveal_first_wolf_r61_seed520_strong_village_information_rep05,r61_seed520_strong_village_information_rep05,520,strong_village_information,reveal_first_wolf,6,True,,0,,,1,,,1,1,night,night_kill,2,day,0,0,,,,,,,1,0,0,0
seer_delayed_round_2_r61_seed520_strong_village_information_rep05,r61_seed520_strong_village_information_rep05,520,strong_village_information,delayed_round_2,6,True,,0,,,1,,,1,1,night,night_kill,2,day,0,0,,,,,,,1,0,0,0
seer_under_threat_r61_seed520_strong_village_information_rep05,r61_seed520_strong_village_information_rep05,520,strong_village_information,under_threat,6,True,,0,,,1,,,1,1,night,night_kill,2,day,0,0,,,,,,,1,0,0,0
seer_selective_useful_info_r61_seed520_strong_village_information_rep05,r61_seed520_strong_village_information_rep05,520,strong_village_information,selective_useful_info,6,True,,0,,,1,,,1,1,night,night_kill,2,day,0,0,,,,,,,1,0,0,0
seer_private_only_r61_seed520_weak_village_information_rep01,r61_seed520_weak_village_information_rep01,520,weak_village_information,private_only,8,True,,0,,,1,,,1,1,night,night_kill,2,night,0,0,,,,,,,1,0,0,0
seer_immediate_reveal_r61_seed520_weak_village_information_rep01,r61_seed520_weak_village_information_rep01,520,weak_village_information,immediate_reveal,8,True,,1,1,night,1,,1,1,1,night,night_kill,2,night,0,0,0,0,1,0,0,0,1,0,1,0
seer_reveal_first_wolf_r61_seed520_weak_village_information_rep01,r61_seed520_weak_village_information_rep01,520,weak_village_information,reveal_first_wolf,8,True,,0,,,1,,,1,1,night,night_kill,2,night,0,0,,,,,,,1,0,0,0
seer_delayed_round_2_r61_seed520_weak_village_information_rep01,r61_seed520_weak_village_information_rep01,520,weak_village_information,delayed_round_2,8,True,,0,,,1,,,1,1,night,night_kill,2,night,0,0,,,,,,,1,0,0,0
seer_under_threat_r61_seed520_weak_village_information_rep01,r61_seed520_weak_village_information_rep01,520,weak_village_information,under_threat,8,True,,0,,,1,,,1,1,night,night_kill,2,night,0,0,,,,,,,1,0,0,0
seer_selective_useful_info_r61_seed520_weak_village_information_rep01,r61_seed520_weak_village_information_rep01,520,weak_village_information,selective_useful_info,8,True,,0,,,1,,,1,1,night,night_kill,2,night,0,0,,,,,,,1,0,0,0
seer_private_only_r61_seed520_weak_village_information_rep02,r61_seed520_weak_village_information_rep02,520,weak_village_information,private_only,8,True,,0,,,1,1,1,1,2,night,night_kill,3,day,0,0,,,,,,,2,1,1,1
seer_immediate_reveal_r61_seed520_weak_village_information_rep02,r61_seed520_weak_village_information_rep02,520,weak_village_information,immediate_reveal,8,True,,1,1,night,1,1,1,1,2,night,night_kill,3,day,0,0,0,0,0,1,1,2,2,1,1,1
seer_reveal_first_wolf_r61_seed520_weak_village_information_rep02,r61_seed520_weak_village_information_rep02,520,weak_village_information,reveal_first_wolf,8,True,,1,1,night,1,1,1,1,2,night,night_kill,3,day,0,0,0,0,0,1,1,2,2,1,1,1
seer_delayed_round_2_r61_seed520_weak_village_information_rep02,r61_seed520_weak_village_information_rep02,520,weak_village_information,delayed_round_2,8,True,,1,2,night,1,1,2,1,2,night,night_kill,3,day,0,0,0,0,1,0,0,0,2,1,1,1
seer_under_threat_r61_seed520_weak_village_information_rep02,r61_seed520_weak_village_information_rep02,520,weak_village_information,under_threat,8,True,,0,,,1,1,1,1,2,night,night_kill,3,day,0,0,,,,,,,2,1,1,1
seer_selective_useful_info_r61_seed520_weak_village_information_rep02,r61_seed520_weak_village_information_rep02,520,weak_village_information,selective_useful_info,8,True,,1,1,night,1,1,1,1,2,night,night_kill,3,day,0,0,0,0,0,1,1,2,2,1,1,1
seer_private_only_r61_seed520_weak_village_information_rep03,r61_seed520_weak_village_information_rep03,520,weak_village_information,private_only,4,True,,0,,,1,,,1,1,night,night_kill,3,night,0,0,,,,,,,1,0,0,0
seer_immediate_reveal_r61_seed520_weak_village_information_rep03,r61_seed520_weak_village_information_rep03,520,weak_village_information,immediate_reveal,4,True,,1,1,night,1,,1,1,1,night,night_kill,3,night,0,0,0,0,1,0,0,0,1,0,1,0
seer_reveal_first_wolf_r61_seed520_weak_village_information_rep03,r61_seed520_weak_village_information_rep03,520,weak_village_information,reveal_first_wolf,4,True,,0,,,1,,,1,1,night,night_kill,3,night,0,0,,,,,,,1,0,0,0
seer_delayed_round_2_r61_seed520_weak_village_information_rep03,r61_seed520_weak_village_information_rep03,520,weak_village_information,delayed_round_2,4,True,,0,,,1,,,1,1,night,night_kill,3,night,0,0,,,,,,,1,0,0,0
seer_under_threat_r61_seed520_weak_village_information_rep03,r61_seed520_weak_village_information_rep03,520,weak_village_information,under_threat,4,True,,0,,,1,,,1,1,night,night_kill,3,night,0,0,,,,,,,1,0,0,0
seer_selective_useful_info_r61_seed520_weak_village_information_rep03,r61_seed520_weak_village_information_rep03,520,weak_village_information,selective_useful_info,4,True,,0,,,1,,,1,1,night,night_kill,3,night,0,0,,,,,,,1,0,0,0
seer_private_only_r61_seed520_weak_village_information_rep04,r61_seed520_weak_village_information_rep04,520,weak_village_information,private_only,6,True,,0,,,1,,,1,1,night,night_kill,2,night,0,0,,,,,,,1,0,0,0
seer_immediate_reveal_r61_seed520_weak_village_information_rep04,r61_seed520_weak_village_information_rep04,520,weak_village_information,immediate_reveal,6,True,,1,1,night,1,,1,1,1,night,night_kill,2,night,0,0,0,0,1,0,0,0,1,0,1,0
seer_reveal_first_wolf_r61_seed520_weak_village_information_rep04,r61_seed520_weak_village_information_rep04,520,weak_village_information,reveal_first_wolf,6,True,,0,,,1,,,1,1,night,night_kill,2,night,0,0,,,,,,,1,0,0,0
seer_delayed_round_2_r61_seed520_weak_village_information_rep04,r61_seed520_weak_village_information_rep04,520,weak_village_information,delayed_round_2,6,True,,0,,,1,,,1,1,night,night_kill,2,night,0,0,,,,,,,1,0,0,0
seer_under_threat_r61_seed520_weak_village_information_rep04,r61_seed520_weak_village_information_rep04,520,weak_village_information,under_threat,6,True,,0,,,1,,,1,1,night,night_kill,2,night,0,0,,,,,,,1,0,0,0
seer_selective_useful_info_r61_seed520_weak_village_information_rep04,r61_seed520_weak_village_information_rep04,520,weak_village_information,selective_useful_info,6,True,,0,,,1,,,1,1,night,night_kill,2,night,0,0,,,,,,,1,0,0,0
seer_private_only_r61_seed520_weak_village_information_rep05,r61_seed520_weak_village_information_rep05,520,weak_village_information,private_only,2,True,,0,,,1,1,1,1,2,night,night_kill,4,night,0,0,,,,,,,2,2,1,1
seer_immediate_reveal_r61_seed520_weak_village_information_rep05,r61_seed520_weak_village_information_rep05,520,weak_village_information,immediate_reveal,2,True,,1,1,night,1,1,1,1,2,night,night_kill,4,day,0,0,0,0,0,1,1,2,2,2,1,0
seer_reveal_first_wolf_r61_seed520_weak_village_information_rep05,r61_seed520_weak_village_information_rep05,520,weak_village_information,reveal_first_wolf,2,True,,1,1,night,1,1,1,1,2,night,night_kill,4,day,0,0,0,0,0,1,1,2,2,2,1,0
seer_delayed_round_2_r61_seed520_weak_village_information_rep05,r61_seed520_weak_village_information_rep05,520,weak_village_information,delayed_round_2,2,True,,1,2,night,1,1,2,1,2,night,night_kill,4,day,0,0,0,0,1,0,0,0,2,2,1,0
seer_under_threat_r61_seed520_weak_village_information_rep05,r61_seed520_weak_village_information_rep05,520,weak_village_information,under_threat,2,True,,0,,,1,1,1,1,2,night,night_kill,4,night,0,0,,,,,,,2,2,1,1
seer_selective_useful_info_r61_seed520_weak_village_information_rep05,r61_seed520_weak_village_information_rep05,520,weak_village_information,selective_useful_info,2,True,,1,1,night,1,1,1,1,2,night,night_kill,4,day,0,0,0,0,0,1,1,2,2,2,1,0
seer_private_only_r61_seed520_high_emotional_speech_rep01,r61_seed520_high_emotional_speech_rep01,520,high_emotional_speech,private_only,8,True,,0,,,1,1,1,1,1,night,night_kill,2,day,0,0,,,,,,,1,1,1,1
seer_immediate_reveal_r61_seed520_high_emotional_speech_rep01,r61_seed520_high_emotional_speech_rep01,520,high_emotional_speech,immediate_reveal,8,True,,1,1,night,1,1,1,1,1,night,night_kill,2,day,0,0,0,0,1,0,0,0,1,1,1,1
seer_reveal_first_wolf_r61_seed520_high_emotional_speech_rep01,r61_seed520_high_emotional_speech_rep01,520,high_emotional_speech,reveal_first_wolf,8,True,,1,1,night,1,1,1,1,1,night,night_kill,2,day,0,0,0,0,1,0,0,0,1,1,1,1
seer_delayed_round_2_r61_seed520_high_emotional_speech_rep01,r61_seed520_high_emotional_speech_rep01,520,high_emotional_speech,delayed_round_2,8,True,,0,,,1,1,1,1,1,night,night_kill,2,day,0,0,,,,,,,1,1,1,1
seer_under_threat_r61_seed520_high_emotional_speech_rep01,r61_seed520_high_emotional_speech_rep01,520,high_emotional_speech,under_threat,8,True,,0,,,1,1,1,1,1,night,night_kill,2,day,0,0,,,,,,,1,1,1,1
seer_selective_useful_info_r61_seed520_high_emotional_speech_rep01,r61_seed520_high_emotional_speech_rep01,520,high_emotional_speech,selective_useful_info,8,True,,1,1,night,1,1,1,1,1,night,night_kill,2,day,0,0,0,0,1,0,0,0,1,1,1,1
seer_private_only_r61_seed520_high_emotional_speech_rep02,r61_seed520_high_emotional_speech_rep02,520,high_emotional_speech,private_only,6,True,,0,,,1,,,1,2,night,night_kill,3,day,0,0,,,,,,,2,0,0,0
seer_immediate_reveal_r61_seed520_high_emotional_speech_rep02,r61_seed520_high_emotional_speech_rep02,520,high_emotional_speech,immediate_reveal,6,True,,1,1,night,1,,1,1,2,night,night_kill,3,day,0,0,0,0,0,1,1,2,2,0,1,0
seer_reveal_first_wolf_r61_seed520_high_emotional_speech_rep02,r61_seed520_high_emotional_speech_rep02,520,high_emotional_speech,reveal_first_wolf,6,True,,0,,,1,,,1,2,night,night_kill,3,day,0,0,,,,,,,2,0,0,0
seer_delayed_round_2_r61_seed520_high_emotional_speech_rep02,r61_seed520_high_emotional_speech_rep02,520,high_emotional_speech,delayed_round_2,6,True,,1,2,night,1,,2,1,2,night,night_kill,3,day,0,0,0,0,1,0,0,0,2,0,1,0
seer_under_threat_r61_seed520_high_emotional_speech_rep02,r61_seed520_high_emotional_speech_rep02,520,high_emotional_speech,under_threat,6,True,,0,,,1,,,1,2,night,night_kill,3,day,0,0,,,,,,,2,0,0,0
seer_selective_useful_info_r61_seed520_high_emotional_speech_rep02,r61_seed520_high_emotional_speech_rep02,520,high_emotional_speech,selective_useful_info,6,True,,0,,,1,,,1,2,night,night_kill,3,day,0,0,,,,,,,2,0,0,0
seer_private_only_r61_seed520_high_emotional_speech_rep03,r61_seed520_high_emotional_speech_rep03,520,high_emotional_speech,private_only,9,True,,0,,,1,,,1,1,day,day_elimination,3,night,0,0,,,,,,,1,0,0,0
seer_immediate_reveal_r61_seed520_high_emotional_speech_rep03,r61_seed520_high_emotional_speech_rep03,520,high_emotional_speech,immediate_reveal,9,True,,1,1,night,1,,1,1,1,day,day_elimination,3,night,0,0,0,0,1,0,0,1,1,0,1,0
seer_reveal_first_wolf_r61_seed520_high_emotional_speech_rep03,r61_seed520_high_emotional_speech_rep03,520,high_emotional_speech,reveal_first_wolf,9,True,,0,,,1,,,1,1,day,day_elimination,3,night,0,0,,,,,,,1,0,0,0
seer_delayed_round_2_r61_seed520_high_emotional_speech_rep03,r61_seed520_high_emotional_speech_rep03,520,high_emotional_speech,delayed_round_2,9,True,,0,,,1,,,1,1,day,day_elimination,3,night,0,0,,,,,,,1,0,0,0
seer_under_threat_r61_seed520_high_emotional_speech_rep03,r61_seed520_high_emotional_speech_rep03,520,high_emotional_speech,under_threat,9,True,,0,,,1,,,1,1,day,day_elimination,3,night,0,0,,,,,,,1,0,0,0
seer_selective_useful_info_r61_seed520_high_emotional_speech_rep03,r61_seed520_high_emotional_speech_rep03,520,high_emotional_speech,selective_useful_info,9,True,,0,,,1,,,1,1,day,day_elimination,3,night,0,0,,,,,,,1,0,0,0
seer_private_only_r61_seed520_high_emotional_speech_rep04,r61_seed520_high_emotional_speech_rep04,520,high_emotional_speech,private_only,4,True,,0,,,1,2,2,1,2,night,night_kill,3,night,0,0,,,,,,,2,1,1,0
seer_immediate_reveal_r61_seed520_high_emotional_speech_rep04,r61_seed520_high_emotional_speech_rep04,520,high_emotional_speech,immediate_reveal,4,True,,1,1,night,1,2,1,1,2,night,night_kill,3,night,0,0,0,0,0,1,1,2,2,1,1,0
seer_reveal_first_wolf_r61_seed520_high_emotional_speech_rep04,r61_seed520_high_emotional_speech_rep04,520,high_emotional_speech,reveal_first_wolf,4,True,,1,2,night,1,2,2,1,2,night,night_kill,3,night,0,0,0,0,1,0,0,0,2,1,1,0
seer_delayed_round_2_r61_seed520_high_emotional_speech_rep04,r61_seed520_high_emotional_speech_rep04,520,high_emotional_speech,delayed_round_2,4,True,,1,2,night,1,2,2,1,2,night,night_kill,3,night,0,0,0,0,1,0,0,0,2,1,1,0
seer_under_threat_r61_seed520_high_emotional_speech_rep04,r61_seed520_high_emotional_speech_rep04,520,high_emotional_speech,under_threat,4,True,,0,,,1,2,2,1,2,night,night_kill,3,night,0,0,,,,,,,2,1,1,0
seer_selective_useful_info_r61_seed520_high_emotional_speech_rep04,r61_seed520_high_emotional_speech_rep04,520,high_emotional_speech,selective_useful_info,4,True,,1,2,night,1,2,2,1,2,night,night_kill,3,night,0,0,0,0,1,0,0,0,2,1,1,0
seer_private_only_r61_seed520_high_emotional_speech_rep05,r61_seed520_high_emotional_speech_rep05,520,high_emotional_speech,private_only,2,True,,0,,,1,,,1,2,night,night_kill,3,day,0,0,,,,,,,2,0,0,0
seer_immediate_reveal_r61_seed520_high_emotional_speech_rep05,r61_seed520_high_emotional_speech_rep05,520,high_emotional_speech,immediate_reveal,2,True,,1,1,night,1,,1,1,2,night,night_kill,4,day,0,0,0,0,0,1,1,2,2,0,1,1
seer_reveal_first_wolf_r61_seed520_high_emotional_speech_rep05,r61_seed520_high_emotional_speech_rep05,520,high_emotional_speech,reveal_first_wolf,2,True,,0,,,1,,,1,2,night,night_kill,3,day,0,0,,,,,,,2,0,0,0
seer_delayed_round_2_r61_seed520_high_emotional_speech_rep05,r61_seed520_high_emotional_speech_rep05,520,high_emotional_speech,delayed_round_2,2,True,,1,2,night,1,,2,1,2,night,night_kill,3,day,0,0,0,0,1,0,0,0,2,0,1,0
seer_under_threat_r61_seed520_high_emotional_speech_rep05,r61_seed520_high_emotional_speech_rep05,520,high_emotional_speech,under_threat,2,True,,0,,,1,,,1,2,night,night_kill,3,day,0,0,,,,,,,2,0,0,0
seer_selective_useful_info_r61_seed520_high_emotional_speech_rep05,r61_seed520_high_emotional_speech_rep05,520,high_emotional_speech,selective_useful_info,2,True,,0,,,1,,,1,2,night,night_kill,3,day,0,0,,,,,,,2,0,0,0
seer_private_only_r61_seed520_low_information_speech_rep01,r61_seed520_low_information_speech_rep01,520,low_information_speech,private_only,7,True,,0,,,1,,,1,2,night,night_kill,4,day,0,0,,,,,,,2,0,0,1
seer_immediate_reveal_r61_seed520_low_information_speech_rep01,r61_seed520_low_information_speech_rep01,520,low_information_speech,immediate_reveal,7,True,,1,1,night,1,,1,1,2,night,night_kill,4,day,0,0,0,0,0,1,1,2,2,0,1,1
seer_reveal_first_wolf_r61_seed520_low_information_speech_rep01,r61_seed520_low_information_speech_rep01,520,low_information_speech,reveal_first_wolf,7,True,,0,,,1,,,1,2,night,night_kill,4,day,0,0,,,,,,,2,0,0,1
seer_delayed_round_2_r61_seed520_low_information_speech_rep01,r61_seed520_low_information_speech_rep01,520,low_information_speech,delayed_round_2,7,True,,1,2,night,1,,2,1,2,night,night_kill,4,day,0,0,0,0,1,0,0,0,2,0,1,1
seer_under_threat_r61_seed520_low_information_speech_rep01,r61_seed520_low_information_speech_rep01,520,low_information_speech,under_threat,7,True,,0,,,1,,,1,2,night,night_kill,4,day,0,0,,,,,,,2,0,0,1
seer_selective_useful_info_r61_seed520_low_information_speech_rep01,r61_seed520_low_information_speech_rep01,520,low_information_speech,selective_useful_info,7,True,,0,,,1,,,1,2,night,night_kill,4,day,0,0,,,,,,,2,0,0,1
seer_private_only_r61_seed520_low_information_speech_rep02,r61_seed520_low_information_speech_rep02,520,low_information_speech,private_only,3,True,,0,,,1,,,1,2,night,night_kill,3,night,0,0,,,,,,,2,0,0,0
seer_immediate_reveal_r61_seed520_low_information_speech_rep02,r61_seed520_low_information_speech_rep02,520,low_information_speech,immediate_reveal,3,True,,1,1,night,1,,1,1,2,night,night_kill,3,night,0,0,0,0,0,1,1,2,2,0,1,0
seer_reveal_first_wolf_r61_seed520_low_information_speech_rep02,r61_seed520_low_information_speech_rep02,520,low_information_speech,reveal_first_wolf,3,True,,0,,,1,,,1,2,night,night_kill,3,night,0,0,,,,,,,2,0,0,0
seer_delayed_round_2_r61_seed520_low_information_speech_rep02,r61_seed520_low_information_speech_rep02,520,low_information_speech,delayed_round_2,3,True,,1,2,night,1,,2,1,2,night,night_kill,3,night,0,0,0,0,1,0,0,0,2,0,1,0
seer_under_threat_r61_seed520_low_information_speech_rep02,r61_seed520_low_information_speech_rep02,520,low_information_speech,under_threat,3,True,,0,,,1,,,1,2,night,night_kill,3,night,0,0,,,,,,,2,0,0,0
seer_selective_useful_info_r61_seed520_low_information_speech_rep02,r61_seed520_low_information_speech_rep02,520,low_information_speech,selective_useful_info,3,True,,0,,,1,,,1,2,night,night_kill,3,night,0,0,,,,,,,2,0,0,0
seer_private_only_r61_seed520_low_information_speech_rep03,r61_seed520_low_information_speech_rep03,520,low_information_speech,private_only,8,True,,0,,,1,,,1,2,night,night_kill,3,night,0,0,,,,,,,2,0,0,0
seer_immediate_reveal_r61_seed520_low_information_speech_rep03,r61_seed520_low_information_speech_rep03,520,low_information_speech,immediate_reveal,8,True,,1,1,night,1,,1,1,2,night,night_kill,3,night,0,0,0,0,0,1,1,2,2,0,1,0
seer_reveal_first_wolf_r61_seed520_low_information_speech_rep03,r61_seed520_low_information_speech_rep03,520,low_information_speech,reveal_first_wolf,8,True,,0,,,1,,,1,2,night,night_kill,3,night,0,0,,,,,,,2,0,0,0
seer_delayed_round_2_r61_seed520_low_information_speech_rep03,r61_seed520_low_information_speech_rep03,520,low_information_speech,delayed_round_2,8,True,,1,2,night,1,,2,1,2,night,night_kill,3,night,0,0,0,0,1,0,0,0,2,0,1,0
seer_under_threat_r61_seed520_low_information_speech_rep03,r61_seed520_low_information_speech_rep03,520,low_information_speech,under_threat,8,True,,0,,,1,,,1,2,night,night_kill,3,night,0,0,,,,,,,2,0,0,0
seer_selective_useful_info_r61_seed520_low_information_speech_rep03,r61_seed520_low_information_speech_rep03,520,low_information_speech,selective_useful_info,8,True,,0,,,1,,,1,2,night,night_kill,3,night,0,0,,,,,,,2,0,0,0
seer_private_only_r61_seed520_low_information_speech_rep04,r61_seed520_low_information_speech_rep04,520,low_information_speech,private_only,6,True,,0,,,1,,,1,2,night,night_kill,3,day,0,0,,,,,,,2,0,0,1
seer_immediate_reveal_r61_seed520_low_information_speech_rep04,r61_seed520_low_information_speech_rep04,520,low_information_speech,immediate_reveal,6,True,,1,1,night,1,,1,1,3,night,night_kill,3,day,0,0,1,1,0,0,2,4,3,0,1,1
seer_reveal_first_wolf_r61_seed520_low_information_speech_rep04,r61_seed520_low_information_speech_rep04,520,low_information_speech,reveal_first_wolf,6,True,,0,,,1,,,1,2,night,night_kill,3,day,0,0,,,,,,,2,0,0,1
seer_delayed_round_2_r61_seed520_low_information_speech_rep04,r61_seed520_low_information_speech_rep04,520,low_information_speech,delayed_round_2,6,True,,1,2,night,1,,2,1,2,night,night_kill,3,day,0,0,0,0,1,0,0,0,2,0,1,1
seer_under_threat_r61_seed520_low_information_speech_rep04,r61_seed520_low_information_speech_rep04,520,low_information_speech,under_threat,6,True,,0,,,1,,,1,2,night,night_kill,3,day,0,0,,,,,,,2,0,0,1
seer_selective_useful_info_r61_seed520_low_information_speech_rep04,r61_seed520_low_information_speech_rep04,520,low_information_speech,selective_useful_info,6,True,,0,,,1,,,1,2,night,night_kill,3,day,0,0,,,,,,,2,0,0,1
seer_private_only_r61_seed520_low_information_speech_rep05,r61_seed520_low_information_speech_rep05,520,low_information_speech,private_only,4,True,,0,,,1,,,1,2,night,night_kill,4,night,0,0,,,,,,,2,0,0,0
seer_immediate_reveal_r61_seed520_low_information_speech_rep05,r61_seed520_low_information_speech_rep05,520,low_information_speech,immediate_reveal,4,True,,1,1,night,1,,1,1,2,night,night_kill,4,night,0,0,0,0,0,1,1,2,2,0,1,0
seer_reveal_first_wolf_r61_seed520_low_information_speech_rep05,r61_seed520_low_information_speech_rep05,520,low_information_speech,reveal_first_wolf,4,True,,0,,,1,,,1,2,night,night_kill,4,night,0,0,,,,,,,2,0,0,0
seer_delayed_round_2_r61_seed520_low_information_speech_rep05,r61_seed520_low_information_speech_rep05,520,low_information_speech,delayed_round_2,4,True,,1,2,night,1,,2,1,2,night,night_kill,3,night,0,0,0,0,1,0,0,0,2,0,1,0
seer_under_threat_r61_seed520_low_information_speech_rep05,r61_seed520_low_information_speech_rep05,520,low_information_speech,under_threat,4,True,,0,,,1,,,1,2,night,night_kill,4,night,0,0,,,,,,,2,0,0,0
seer_selective_useful_info_r61_seed520_low_information_speech_rep05,r61_seed520_low_information_speech_rep05,520,low_information_speech,selective_useful_info,4,True,,0,,,1,,,1,2,night,night_kill,4,night,0,0,,,,,,,2,0,0,0
seer_private_only_r61_seed520_mixed_strategies_rep01,r61_seed520_mixed_strategies_rep01,520,mixed_strategies,private_only,4,True,,0,,,1,,,1,1,night,night_kill,2,night,0,0,,,,,,,1,0,0,0
seer_immediate_reveal_r61_seed520_mixed_strategies_rep01,r61_seed520_mixed_strategies_rep01,520,mixed_strategies,immediate_reveal,4,True,,1,1,night,1,,1,1,1,night,night_kill,2,night,0,0,0,0,1,0,0,0,1,0,1,0
seer_reveal_first_wolf_r61_seed520_mixed_strategies_rep01,r61_seed520_mixed_strategies_rep01,520,mixed_strategies,reveal_first_wolf,4,True,,0,,,1,,,1,1,night,night_kill,2,night,0,0,,,,,,,1,0,0,0
seer_delayed_round_2_r61_seed520_mixed_strategies_rep01,r61_seed520_mixed_strategies_rep01,520,mixed_strategies,delayed_round_2,4,True,,0,,,1,,,1,1,night,night_kill,2,night,0,0,,,,,,,1,0,0,0
seer_under_threat_r61_seed520_mixed_strategies_rep01,r61_seed520_mixed_strategies_rep01,520,mixed_strategies,under_threat,4,True,,0,,,1,,,1,1,night,night_kill,2,night,0,0,,,,,,,1,0,0,0
seer_selective_useful_info_r61_seed520_mixed_strategies_rep01,r61_seed520_mixed_strategies_rep01,520,mixed_strategies,selective_useful_info,4,True,,0,,,1,,,1,1,night,night_kill,2,night,0,0,,,,,,,1,0,0,0
seer_private_only_r61_seed520_mixed_strategies_rep02,r61_seed520_mixed_strategies_rep02,520,mixed_strategies,private_only,7,True,,0,,,1,1,1,1,2,night,night_kill,4,day,0,0,,,,,,,2,1,1,1
seer_immediate_reveal_r61_seed520_mixed_strategies_rep02,r61_seed520_mixed_strategies_rep02,520,mixed_strategies,immediate_reveal,7,True,,1,1,night,1,1,1,1,2,night,night_kill,4,night,0,0,0,0,0,1,1,2,2,1,1,1
seer_reveal_first_wolf_r61_seed520_mixed_strategies_rep02,r61_seed520_mixed_strategies_rep02,520,mixed_strategies,reveal_first_wolf,7,True,,1,1,night,1,1,1,1,2,night,night_kill,4,night,0,0,0,0,0,1,1,2,2,1,1,1
seer_delayed_round_2_r61_seed520_mixed_strategies_rep02,r61_seed520_mixed_strategies_rep02,520,mixed_strategies,delayed_round_2,7,True,,1,2,night,1,1,2,1,2,night,night_kill,4,day,0,0,0,0,1,0,0,0,2,1,1,1
seer_under_threat_r61_seed520_mixed_strategies_rep02,r61_seed520_mixed_strategies_rep02,520,mixed_strategies,under_threat,7,True,,0,,,1,1,1,1,2,night,night_kill,4,day,0,0,,,,,,,2,1,1,1
seer_selective_useful_info_r61_seed520_mixed_strategies_rep02,r61_seed520_mixed_strategies_rep02,520,mixed_strategies,selective_useful_info,7,True,,1,1,night,1,1,1,1,2,night,night_kill,4,night,0,0,0,0,0,1,1,2,2,1,1,1
seer_private_only_r61_seed520_mixed_strategies_rep03,r61_seed520_mixed_strategies_rep03,520,mixed_strategies,private_only,7,True,,0,,,1,1,1,1,2,night,night_kill,4,day,0,0,,,,,,,2,1,1,0
seer_immediate_reveal_r61_seed520_mixed_strategies_rep03,r61_seed520_mixed_strategies_rep03,520,mixed_strategies,immediate_reveal,7,True,,1,1,night,1,1,1,1,2,night,night_kill,4,day,0,0,0,0,0,1,1,2,2,1,1,1
seer_reveal_first_wolf_r61_seed520_mixed_strategies_rep03,r61_seed520_mixed_strategies_rep03,520,mixed_strategies,reveal_first_wolf,7,True,,1,1,night,1,1,1,1,2,night,night_kill,4,day,0,0,0,0,0,1,1,2,2,1,1,0
seer_delayed_round_2_r61_seed520_mixed_strategies_rep03,r61_seed520_mixed_strategies_rep03,520,mixed_strategies,delayed_round_2,7,True,,1,2,night,1,1,2,1,2,night,night_kill,4,day,0,0,0,0,1,0,0,0,2,1,1,1
seer_under_threat_r61_seed520_mixed_strategies_rep03,r61_seed520_mixed_strategies_rep03,520,mixed_strategies,under_threat,7,True,,0,,,1,1,1,1,2,night,night_kill,4,day,0,0,,,,,,,2,1,1,0
seer_selective_useful_info_r61_seed520_mixed_strategies_rep03,r61_seed520_mixed_strategies_rep03,520,mixed_strategies,selective_useful_info,7,True,,1,1,night,1,1,1,1,2,night,night_kill,4,day,0,0,0,0,0,1,1,2,2,1,1,0
seer_private_only_r61_seed520_mixed_strategies_rep04,r61_seed520_mixed_strategies_rep04,520,mixed_strategies,private_only,1,True,,0,,,1,2,2,1,2,night,night_kill,3,day,0,0,,,,,,,2,1,1,0
seer_immediate_reveal_r61_seed520_mixed_strategies_rep04,r61_seed520_mixed_strategies_rep04,520,mixed_strategies,immediate_reveal,1,True,,1,1,night,1,2,1,1,2,night,night_kill,3,day,0,0,0,0,0,1,1,2,2,1,1,0
seer_reveal_first_wolf_r61_seed520_mixed_strategies_rep04,r61_seed520_mixed_strategies_rep04,520,mixed_strategies,reveal_first_wolf,1,True,,1,2,night,1,2,2,1,2,night,night_kill,3,day,0,0,0,0,1,0,0,0,2,1,1,0
seer_delayed_round_2_r61_seed520_mixed_strategies_rep04,r61_seed520_mixed_strategies_rep04,520,mixed_strategies,delayed_round_2,1,True,,1,2,night,1,2,2,1,2,night,night_kill,3,day,0,0,0,0,1,0,0,0,2,1,1,0
seer_under_threat_r61_seed520_mixed_strategies_rep04,r61_seed520_mixed_strategies_rep04,520,mixed_strategies,under_threat,1,True,,0,,,1,2,2,1,2,night,night_kill,3,day,0,0,,,,,,,2,1,1,0
seer_selective_useful_info_r61_seed520_mixed_strategies_rep04,r61_seed520_mixed_strategies_rep04,520,mixed_strategies,selective_useful_info,1,True,,1,2,night,1,2,2,1,2,night,night_kill,3,day,0,0,0,0,1,0,0,0,2,1,1,0
seer_private_only_r61_seed520_mixed_strategies_rep05,r61_seed520_mixed_strategies_rep05,520,mixed_strategies,private_only,5,True,,0,,,1,1,1,1,2,night,night_kill,3,day,0,0,,,,,,,2,1,1,1
seer_immediate_reveal_r61_seed520_mixed_strategies_rep05,r61_seed520_mixed_strategies_rep05,520,mixed_strategies,immediate_reveal,5,True,,1,1,night,1,1,1,1,2,night,night_kill,3,day,0,0,0,0,0,1,1,2,2,1,1,1
seer_reveal_first_wolf_r61_seed520_mixed_strategies_rep05,r61_seed520_mixed_strategies_rep05,520,mixed_strategies,reveal_first_wolf,5,True,,1,1,night,1,1,1,1,2,night,night_kill,3,day,0,0,0,0,0,1,1,2,2,1,1,1
seer_delayed_round_2_r61_seed520_mixed_strategies_rep05,r61_seed520_mixed_strategies_rep05,520,mixed_strategies,delayed_round_2,5,True,,1,2,night,1,1,2,1,2,night,night_kill,3,day,0,0,0,0,1,0,0,0,2,1,1,1
seer_under_threat_r61_seed520_mixed_strategies_rep05,r61_seed520_mixed_strategies_rep05,520,mixed_strategies,under_threat,5,True,,0,,,1,1,1,1,2,night,night_kill,3,day,0,0,,,,,,,2,1,1,1
seer_selective_useful_info_r61_seed520_mixed_strategies_rep05,r61_seed520_mixed_strategies_rep05,520,mixed_strategies,selective_useful_info,5,True,,1,1,night,1,1,1,1,2,night,night_kill,3,day,0,0,0,0,0,1,1,2,2,1,1,1
seer_private_only_r61_seed521_baseline_rep01,r61_seed521_baseline_rep01,521,baseline,private_only,2,True,,0,,,1,2,2,1,2,night,night_kill,3,day,0,0,,,,,,,2,1,1,0
seer_immediate_reveal_r61_seed521_baseline_rep01,r61_seed521_baseline_rep01,521,baseline,immediate_reveal,2,True,,1,1,night,1,2,1,1,2,night,night_kill,3,day,0,0,0,0,0,1,1,2,2,1,1,0
seer_reveal_first_wolf_r61_seed521_baseline_rep01,r61_seed521_baseline_rep01,521,baseline,reveal_first_wolf,2,True,,1,2,night,1,2,2,1,2,night,night_kill,3,day,0,0,0,0,1,0,0,0,2,1,1,0
seer_delayed_round_2_r61_seed521_baseline_rep01,r61_seed521_baseline_rep01,521,baseline,delayed_round_2,2,True,,1,2,night,1,2,2,1,2,night,night_kill,3,day,0,0,0,0,1,0,0,0,2,1,1,0
seer_under_threat_r61_seed521_baseline_rep01,r61_seed521_baseline_rep01,521,baseline,under_threat,2,True,,0,,,1,2,2,1,2,night,night_kill,3,day,0,0,,,,,,,2,1,1,0
seer_selective_useful_info_r61_seed521_baseline_rep01,r61_seed521_baseline_rep01,521,baseline,selective_useful_info,2,True,,1,2,night,1,2,2,1,2,night,night_kill,3,day,0,0,0,0,1,0,0,0,2,1,1,0
seer_private_only_r61_seed521_baseline_rep02,r61_seed521_baseline_rep02,521,baseline,private_only,3,True,,0,,,1,,,1,2,night,night_kill,4,day,0,0,,,,,,,2,0,0,0
seer_immediate_reveal_r61_seed521_baseline_rep02,r61_seed521_baseline_rep02,521,baseline,immediate_reveal,3,True,,1,1,night,1,,1,1,2,day,day_elimination,4,day,0,0,1,0,0,0,1,3,2,0,1,1
seer_reveal_first_wolf_r61_seed521_baseline_rep02,r61_seed521_baseline_rep02,521,baseline,reveal_first_wolf,3,True,,0,,,1,,,1,2,night,night_kill,4,day,0,0,,,,,,,2,0,0,0
seer_delayed_round_2_r61_seed521_baseline_rep02,r61_seed521_baseline_rep02,521,baseline,delayed_round_2,3,True,,1,2,night,1,,2,1,2,night,night_kill,4,day,0,0,0,0,1,0,0,0,2,0,1,0
seer_under_threat_r61_seed521_baseline_rep02,r61_seed521_baseline_rep02,521,baseline,under_threat,3,True,,0,,,1,,,1,2,night,night_kill,4,day,0,0,,,,,,,2,0,0,0
seer_selective_useful_info_r61_seed521_baseline_rep02,r61_seed521_baseline_rep02,521,baseline,selective_useful_info,3,True,,0,,,1,,,1,2,night,night_kill,4,day,0,0,,,,,,,2,0,0,0
seer_private_only_r61_seed521_baseline_rep03,r61_seed521_baseline_rep03,521,baseline,private_only,7,True,,0,,,1,,,1,1,night,night_kill,4,night,0,0,,,,,,,1,0,0,0
seer_immediate_reveal_r61_seed521_baseline_rep03,r61_seed521_baseline_rep03,521,baseline,immediate_reveal,7,True,,1,1,night,1,,1,1,1,night,night_kill,4,night,0,0,0,0,1,0,0,0,1,0,1,0
seer_reveal_first_wolf_r61_seed521_baseline_rep03,r61_seed521_baseline_rep03,521,baseline,reveal_first_wolf,7,True,,0,,,1,,,1,1,night,night_kill,4,night,0,0,,,,,,,1,0,0,0
seer_delayed_round_2_r61_seed521_baseline_rep03,r61_seed521_baseline_rep03,521,baseline,delayed_round_2,7,True,,0,,,1,,,1,1,night,night_kill,4,night,0,0,,,,,,,1,0,0,0
seer_under_threat_r61_seed521_baseline_rep03,r61_seed521_baseline_rep03,521,baseline,under_threat,7,True,,0,,,1,,,1,1,night,night_kill,4,night,0,0,,,,,,,1,0,0,0
seer_selective_useful_info_r61_seed521_baseline_rep03,r61_seed521_baseline_rep03,521,baseline,selective_useful_info,7,True,,0,,,1,,,1,1,night,night_kill,4,night,0,0,,,,,,,1,0,0,0
seer_private_only_r61_seed521_baseline_rep04,r61_seed521_baseline_rep04,521,baseline,private_only,7,True,,0,,,1,2,2,1,2,night,night_kill,4,day,0,0,,,,,,,2,1,1,0
seer_immediate_reveal_r61_seed521_baseline_rep04,r61_seed521_baseline_rep04,521,baseline,immediate_reveal,7,True,,1,1,night,1,2,1,1,2,night,night_kill,4,day,0,0,0,0,0,1,1,2,2,1,1,0
seer_reveal_first_wolf_r61_seed521_baseline_rep04,r61_seed521_baseline_rep04,521,baseline,reveal_first_wolf,7,True,,1,2,night,1,2,2,1,2,night,night_kill,4,day,0,0,0,0,1,0,0,0,2,1,1,0
seer_delayed_round_2_r61_seed521_baseline_rep04,r61_seed521_baseline_rep04,521,baseline,delayed_round_2,7,True,,1,2,night,1,2,2,1,2,night,night_kill,4,day,0,0,0,0,1,0,0,0,2,1,1,0
seer_under_threat_r61_seed521_baseline_rep04,r61_seed521_baseline_rep04,521,baseline,under_threat,7,True,,0,,,1,2,2,1,2,night,night_kill,4,day,0,0,,,,,,,2,1,1,0
seer_selective_useful_info_r61_seed521_baseline_rep04,r61_seed521_baseline_rep04,521,baseline,selective_useful_info,7,True,,1,2,night,1,2,2,1,2,night,night_kill,4,day,0,0,0,0,1,0,0,0,2,1,1,0
seer_private_only_r61_seed521_baseline_rep05,r61_seed521_baseline_rep05,521,baseline,private_only,6,True,,0,,,1,,,1,2,night,night_kill,4,night,0,0,,,,,,,2,0,0,0
seer_immediate_reveal_r61_seed521_baseline_rep05,r61_seed521_baseline_rep05,521,baseline,immediate_reveal,6,True,,1,1,night,1,,1,1,2,night,night_kill,4,night,0,0,0,0,0,1,1,2,2,0,1,0
seer_reveal_first_wolf_r61_seed521_baseline_rep05,r61_seed521_baseline_rep05,521,baseline,reveal_first_wolf,6,True,,0,,,1,,,1,2,night,night_kill,4,night,0,0,,,,,,,2,0,0,0
seer_delayed_round_2_r61_seed521_baseline_rep05,r61_seed521_baseline_rep05,521,baseline,delayed_round_2,6,True,,1,2,night,1,,2,1,2,night,night_kill,4,night,0,0,0,0,1,0,0,0,2,0,1,0
seer_under_threat_r61_seed521_baseline_rep05,r61_seed521_baseline_rep05,521,baseline,under_threat,6,True,,0,,,1,,,1,2,night,night_kill,4,night,0,0,,,,,,,2,0,0,0
seer_selective_useful_info_r61_seed521_baseline_rep05,r61_seed521_baseline_rep05,521,baseline,selective_useful_info,6,True,,0,,,1,,,1,2,night,night_kill,4,night,0,0,,,,,,,2,0,0,0
seer_private_only_r61_seed521_speech_enabled_rep01,r61_seed521_speech_enabled_rep01,521,speech_enabled,private_only,6,True,,0,,,1,1,1,1,1,night,night_kill,4,night,0,0,,,,,,,1,1,1,0
seer_immediate_reveal_r61_seed521_speech_enabled_rep01,r61_seed521_speech_enabled_rep01,521,speech_enabled,immediate_reveal,6,True,,1,1,night,1,1,1,1,1,night,night_kill,4,night,0,0,0,0,1,0,0,0,1,1,1,0
seer_reveal_first_wolf_r61_seed521_speech_enabled_rep01,r61_seed521_speech_enabled_rep01,521,speech_enabled,reveal_first_wolf,6,True,,1,1,night,1,1,1,1,1,night,night_kill,4,night,0,0,0,0,1,0,0,0,1,1,1,0
seer_delayed_round_2_r61_seed521_speech_enabled_rep01,r61_seed521_speech_enabled_rep01,521,speech_enabled,delayed_round_2,6,True,,0,,,1,1,1,1,1,night,night_kill,4,night,0,0,,,,,,,1,1,1,0
seer_under_threat_r61_seed521_speech_enabled_rep01,r61_seed521_speech_enabled_rep01,521,speech_enabled,under_threat,6,True,,0,,,1,1,1,1,1,night,night_kill,4,night,0,0,,,,,,,1,1,1,0
seer_selective_useful_info_r61_seed521_speech_enabled_rep01,r61_seed521_speech_enabled_rep01,521,speech_enabled,selective_useful_info,6,True,,1,1,night,1,1,1,1,1,night,night_kill,4,night,0,0,0,0,1,0,0,0,1,1,1,0
seer_private_only_r61_seed521_speech_enabled_rep02,r61_seed521_speech_enabled_rep02,521,speech_enabled,private_only,1,True,,0,,,1,1,1,1,2,night,night_kill,4,day,0,0,,,,,,,2,1,1,0
seer_immediate_reveal_r61_seed521_speech_enabled_rep02,r61_seed521_speech_enabled_rep02,521,speech_enabled,immediate_reveal,1,True,,1,1,night,1,1,1,1,2,night,night_kill,3,day,0,0,0,0,0,1,1,2,2,1,1,1
seer_reveal_first_wolf_r61_seed521_speech_enabled_rep02,r61_seed521_speech_enabled_rep02,521,speech_enabled,reveal_first_wolf,1,True,,1,1,night,1,1,1,1,2,night,night_kill,3,day,0,0,0,0,0,1,1,2,2,1,1,1
seer_delayed_round_2_r61_seed521_speech_enabled_rep02,r61_seed521_speech_enabled_rep02,521,speech_enabled,delayed_round_2,1,True,,1,2,night,1,1,2,1,2,night,night_kill,4,day,0,0,0,0,1,0,0,0,2,1,1,0
seer_under_threat_r61_seed521_speech_enabled_rep02,r61_seed521_speech_enabled_rep02,521,speech_enabled,under_threat,1,True,,0,,,1,1,1,1,2,night,night_kill,4,day,0,0,,,,,,,2,1,1,0
seer_selective_useful_info_r61_seed521_speech_enabled_rep02,r61_seed521_speech_enabled_rep02,521,speech_enabled,selective_useful_info,1,True,,1,1,night,1,1,1,1,2,night,night_kill,3,day,0,0,0,0,0,1,1,2,2,1,1,1
seer_private_only_r61_seed521_speech_enabled_rep03,r61_seed521_speech_enabled_rep03,521,speech_enabled,private_only,7,True,,0,,,1,1,1,1,2,night,night_kill,3,day,0,0,,,,,,,2,1,1,1
seer_immediate_reveal_r61_seed521_speech_enabled_rep03,r61_seed521_speech_enabled_rep03,521,speech_enabled,immediate_reveal,7,True,,1,1,night,1,1,1,1,2,night,night_kill,3,day,0,0,0,0,0,1,1,2,2,1,1,1
seer_reveal_first_wolf_r61_seed521_speech_enabled_rep03,r61_seed521_speech_enabled_rep03,521,speech_enabled,reveal_first_wolf,7,True,,1,1,night,1,1,1,1,2,night,night_kill,3,day,0,0,0,0,0,1,1,2,2,1,1,1
seer_delayed_round_2_r61_seed521_speech_enabled_rep03,r61_seed521_speech_enabled_rep03,521,speech_enabled,delayed_round_2,7,True,,1,2,night,1,1,2,1,2,night,night_kill,3,day,0,0,0,0,1,0,0,0,2,1,1,1
seer_under_threat_r61_seed521_speech_enabled_rep03,r61_seed521_speech_enabled_rep03,521,speech_enabled,under_threat,7,True,,0,,,1,1,1,1,2,night,night_kill,3,day,0,0,,,,,,,2,1,1,1
seer_selective_useful_info_r61_seed521_speech_enabled_rep03,r61_seed521_speech_enabled_rep03,521,speech_enabled,selective_useful_info,7,True,,1,1,night,1,1,1,1,2,night,night_kill,3,day,0,0,0,0,0,1,1,2,2,1,1,1
seer_private_only_r61_seed521_speech_enabled_rep04,r61_seed521_speech_enabled_rep04,521,speech_enabled,private_only,10,True,,0,,,1,,,1,2,night,night_kill,4,day,0,0,,,,,,,2,0,0,0
seer_immediate_reveal_r61_seed521_speech_enabled_rep04,r61_seed521_speech_enabled_rep04,521,speech_enabled,immediate_reveal,10,True,,1,1,night,1,,1,1,2,night,night_kill,4,day,0,0,0,0,0,1,1,2,2,0,1,1
seer_reveal_first_wolf_r61_seed521_speech_enabled_rep04,r61_seed521_speech_enabled_rep04,521,speech_enabled,reveal_first_wolf,10,True,,0,,,1,,,1,2,night,night_kill,4,day,0,0,,,,,,,2,0,0,0
seer_delayed_round_2_r61_seed521_speech_enabled_rep04,r61_seed521_speech_enabled_rep04,521,speech_enabled,delayed_round_2,10,True,,1,2,night,1,,2,1,2,night,night_kill,4,day,0,0,0,0,1,0,0,0,2,0,1,1
seer_under_threat_r61_seed521_speech_enabled_rep04,r61_seed521_speech_enabled_rep04,521,speech_enabled,under_threat,10,True,,0,,,1,,,1,2,night,night_kill,4,day,0,0,,,,,,,2,0,0,0
seer_selective_useful_info_r61_seed521_speech_enabled_rep04,r61_seed521_speech_enabled_rep04,521,speech_enabled,selective_useful_info,10,True,,0,,,1,,,1,2,night,night_kill,4,day,0,0,,,,,,,2,0,0,0
seer_private_only_r61_seed521_speech_enabled_rep05,r61_seed521_speech_enabled_rep05,521,speech_enabled,private_only,2,True,,0,,,1,,,1,1,night,night_kill,4,day,0,0,,,,,,,1,0,0,0
seer_immediate_reveal_r61_seed521_speech_enabled_rep05,r61_seed521_speech_enabled_rep05,521,speech_enabled,immediate_reveal,2,True,,1,1,night,1,,1,1,1,night,night_kill,4,day,0,0,0,0,1,0,0,0,1,0,1,1
seer_reveal_first_wolf_r61_seed521_speech_enabled_rep05,r61_seed521_speech_enabled_rep05,521,speech_enabled,reveal_first_wolf,2,True,,0,,,1,,,1,1,night,night_kill,4,day,0,0,,,,,,,1,0,0,0
seer_delayed_round_2_r61_seed521_speech_enabled_rep05,r61_seed521_speech_enabled_rep05,521,speech_enabled,delayed_round_2,2,True,,0,,,1,,,1,1,night,night_kill,4,day,0,0,,,,,,,1,0,0,0
seer_under_threat_r61_seed521_speech_enabled_rep05,r61_seed521_speech_enabled_rep05,521,speech_enabled,under_threat,2,True,,0,,,1,,,1,1,night,night_kill,4,day,0,0,,,,,,,1,0,0,0
seer_selective_useful_info_r61_seed521_speech_enabled_rep05,r61_seed521_speech_enabled_rep05,521,speech_enabled,selective_useful_info,2,True,,0,,,1,,,1,1,night,night_kill,4,day,0,0,,,,,,,1,0,0,0
seer_private_only_r61_seed521_herding_enabled_rep01,r61_seed521_herding_enabled_rep01,521,herding_enabled,private_only,9,True,,0,,,1,2,2,1,2,night,night_kill,4,night,0,0,,,,,,,2,1,1,0
seer_immediate_reveal_r61_seed521_herding_enabled_rep01,r61_seed521_herding_enabled_rep01,521,herding_enabled,immediate_reveal,9,True,,1,1,night,1,2,1,1,2,night,night_kill,4,night,0,0,0,0,0,1,1,2,2,1,1,0
seer_reveal_first_wolf_r61_seed521_herding_enabled_rep01,r61_seed521_herding_enabled_rep01,521,herding_enabled,reveal_first_wolf,9,True,,1,2,night,1,2,2,1,2,night,night_kill,4,night,0,0,0,0,1,0,0,0,2,1,1,0
seer_delayed_round_2_r61_seed521_herding_enabled_rep01,r61_seed521_herding_enabled_rep01,521,herding_enabled,delayed_round_2,9,True,,1,2,night,1,2,2,1,2,night,night_kill,4,night,0,0,0,0,1,0,0,0,2,1,1,0
seer_under_threat_r61_seed521_herding_enabled_rep01,r61_seed521_herding_enabled_rep01,521,herding_enabled,under_threat,9,True,,0,,,1,2,2,1,2,night,night_kill,4,night,0,0,,,,,,,2,1,1,0
seer_selective_useful_info_r61_seed521_herding_enabled_rep01,r61_seed521_herding_enabled_rep01,521,herding_enabled,selective_useful_info,9,True,,1,2,night,1,2,2,1,2,night,night_kill,4,night,0,0,0,0,1,0,0,0,2,1,1,0
seer_private_only_r61_seed521_herding_enabled_rep02,r61_seed521_herding_enabled_rep02,521,herding_enabled,private_only,5,True,,0,,,1,1,1,1,2,night,night_kill,3,day,0,0,,,,,,,2,2,1,1
seer_immediate_reveal_r61_seed521_herding_enabled_rep02,r61_seed521_herding_enabled_rep02,521,herding_enabled,immediate_reveal,5,True,,1,1,night,1,1,1,1,2,night,night_kill,3,day,0,0,0,0,0,1,1,2,2,2,1,1
seer_reveal_first_wolf_r61_seed521_herding_enabled_rep02,r61_seed521_herding_enabled_rep02,521,herding_enabled,reveal_first_wolf,5,True,,1,1,night,1,1,1,1,2,night,night_kill,3,day,0,0,0,0,0,1,1,2,2,2,1,1
seer_delayed_round_2_r61_seed521_herding_enabled_rep02,r61_seed521_herding_enabled_rep02,521,herding_enabled,delayed_round_2,5,True,,1,2,night,1,1,2,1,2,night,night_kill,3,day,0,0,0,0,1,0,0,0,2,2,1,1
seer_under_threat_r61_seed521_herding_enabled_rep02,r61_seed521_herding_enabled_rep02,521,herding_enabled,under_threat,5,True,,0,,,1,1,1,1,2,night,night_kill,3,day,0,0,,,,,,,2,2,1,1
seer_selective_useful_info_r61_seed521_herding_enabled_rep02,r61_seed521_herding_enabled_rep02,521,herding_enabled,selective_useful_info,5,True,,1,1,night,1,1,1,1,2,night,night_kill,3,day,0,0,0,0,0,1,1,2,2,2,1,1
seer_private_only_r61_seed521_herding_enabled_rep03,r61_seed521_herding_enabled_rep03,521,herding_enabled,private_only,9,True,,0,,,1,,,1,2,night,night_kill,3,night,0,0,,,,,,,2,0,0,0
seer_immediate_reveal_r61_seed521_herding_enabled_rep03,r61_seed521_herding_enabled_rep03,521,herding_enabled,immediate_reveal,9,True,,1,1,night,1,,1,1,2,night,night_kill,3,night,0,0,0,0,0,1,1,2,2,0,1,0
seer_reveal_first_wolf_r61_seed521_herding_enabled_rep03,r61_seed521_herding_enabled_rep03,521,herding_enabled,reveal_first_wolf,9,True,,0,,,1,,,1,2,night,night_kill,3,night,0,0,,,,,,,2,0,0,0
seer_delayed_round_2_r61_seed521_herding_enabled_rep03,r61_seed521_herding_enabled_rep03,521,herding_enabled,delayed_round_2,9,True,,1,2,night,1,,2,1,2,night,night_kill,3,night,0,0,0,0,1,0,0,0,2,0,1,0
seer_under_threat_r61_seed521_herding_enabled_rep03,r61_seed521_herding_enabled_rep03,521,herding_enabled,under_threat,9,True,,0,,,1,,,1,2,night,night_kill,3,night,0,0,,,,,,,2,0,0,0
seer_selective_useful_info_r61_seed521_herding_enabled_rep03,r61_seed521_herding_enabled_rep03,521,herding_enabled,selective_useful_info,9,True,,0,,,1,,,1,2,night,night_kill,3,night,0,0,,,,,,,2,0,0,0
seer_private_only_r61_seed521_herding_enabled_rep04,r61_seed521_herding_enabled_rep04,521,herding_enabled,private_only,7,True,,0,,,1,1,1,1,2,night,night_kill,4,day,0,0,,,,,,,2,1,1,1
seer_immediate_reveal_r61_seed521_herding_enabled_rep04,r61_seed521_herding_enabled_rep04,521,herding_enabled,immediate_reveal,7,True,,1,1,night,1,1,1,1,2,night,night_kill,4,day,0,0,0,0,0,1,1,2,2,1,1,1
seer_reveal_first_wolf_r61_seed521_herding_enabled_rep04,r61_seed521_herding_enabled_rep04,521,herding_enabled,reveal_first_wolf,7,True,,1,1,night,1,1,1,1,2,night,night_kill,4,day,0,0,0,0,0,1,1,2,2,1,1,1
seer_delayed_round_2_r61_seed521_herding_enabled_rep04,r61_seed521_herding_enabled_rep04,521,herding_enabled,delayed_round_2,7,True,,1,2,night,1,1,2,1,2,night,night_kill,4,day,0,0,0,0,1,0,0,0,2,1,1,1
seer_under_threat_r61_seed521_herding_enabled_rep04,r61_seed521_herding_enabled_rep04,521,herding_enabled,under_threat,7,True,,0,,,1,1,1,1,2,night,night_kill,4,day,0,0,,,,,,,2,1,1,1
seer_selective_useful_info_r61_seed521_herding_enabled_rep04,r61_seed521_herding_enabled_rep04,521,herding_enabled,selective_useful_info,7,True,,1,1,night,1,1,1,1,2,night,night_kill,4,day,0,0,0,0,0,1,1,2,2,1,1,1
seer_private_only_r61_seed521_herding_enabled_rep05,r61_seed521_herding_enabled_rep05,521,herding_enabled,private_only,2,True,,0,,,1,1,1,1,2,night,night_kill,4,day,0,0,,,,,,,2,1,1,0
seer_immediate_reveal_r61_seed521_herding_enabled_rep05,r61_seed521_herding_enabled_rep05,521,herding_enabled,immediate_reveal,2,True,,1,1,night,1,1,1,1,2,night,night_kill,4,day,0,0,0,0,0,1,1,2,2,1,1,0
seer_reveal_first_wolf_r61_seed521_herding_enabled_rep05,r61_seed521_herding_enabled_rep05,521,herding_enabled,reveal_first_wolf,2,True,,1,1,night,1,1,1,1,2,night,night_kill,4,day,0,0,0,0,0,1,1,2,2,1,1,0
seer_delayed_round_2_r61_seed521_herding_enabled_rep05,r61_seed521_herding_enabled_rep05,521,herding_enabled,delayed_round_2,2,True,,1,2,night,1,1,2,1,2,night,night_kill,4,day,0,0,0,0,1,0,0,0,2,1,1,0
seer_under_threat_r61_seed521_herding_enabled_rep05,r61_seed521_herding_enabled_rep05,521,herding_enabled,under_threat,2,True,,0,,,1,1,1,1,2,night,night_kill,4,day,0,0,,,,,,,2,1,1,0
seer_selective_useful_info_r61_seed521_herding_enabled_rep05,r61_seed521_herding_enabled_rep05,521,herding_enabled,selective_useful_info,2,True,,1,1,night,1,1,1,1,2,night,night_kill,4,day,0,0,0,0,0,1,1,2,2,1,1,0
seer_private_only_r61_seed521_deception_enabled_rep01,r61_seed521_deception_enabled_rep01,521,deception_enabled,private_only,5,True,,0,,,1,,,1,2,night,night_kill,4,night,0,0,,,,,,,2,0,0,0
seer_immediate_reveal_r61_seed521_deception_enabled_rep01,r61_seed521_deception_enabled_rep01,521,deception_enabled,immediate_reveal,5,True,,1,1,night,1,,1,1,2,night,night_kill,4,night,0,0,0,0,0,1,1,2,2,0,1,0
seer_reveal_first_wolf_r61_seed521_deception_enabled_rep01,r61_seed521_deception_enabled_rep01,521,deception_enabled,reveal_first_wolf,5,True,,0,,,1,,,1,2,night,night_kill,4,night,0,0,,,,,,,2,0,0,0
seer_delayed_round_2_r61_seed521_deception_enabled_rep01,r61_seed521_deception_enabled_rep01,521,deception_enabled,delayed_round_2,5,True,,1,2,night,1,,2,1,2,night,night_kill,4,night,0,0,0,0,1,0,0,0,2,0,1,0
seer_under_threat_r61_seed521_deception_enabled_rep01,r61_seed521_deception_enabled_rep01,521,deception_enabled,under_threat,5,True,,0,,,1,,,1,2,night,night_kill,4,night,0,0,,,,,,,2,0,0,0
seer_selective_useful_info_r61_seed521_deception_enabled_rep01,r61_seed521_deception_enabled_rep01,521,deception_enabled,selective_useful_info,5,True,,0,,,1,,,1,2,night,night_kill,4,night,0,0,,,,,,,2,0,0,0
seer_private_only_r61_seed521_deception_enabled_rep02,r61_seed521_deception_enabled_rep02,521,deception_enabled,private_only,10,True,,0,,,1,,,1,1,night,night_kill,3,night,0,0,,,,,,,1,0,0,0
seer_immediate_reveal_r61_seed521_deception_enabled_rep02,r61_seed521_deception_enabled_rep02,521,deception_enabled,immediate_reveal,10,True,,1,1,night,1,,1,1,1,night,night_kill,3,night,0,0,0,0,1,0,0,0,1,0,1,0
seer_reveal_first_wolf_r61_seed521_deception_enabled_rep02,r61_seed521_deception_enabled_rep02,521,deception_enabled,reveal_first_wolf,10,True,,0,,,1,,,1,1,night,night_kill,3,night,0,0,,,,,,,1,0,0,0
seer_delayed_round_2_r61_seed521_deception_enabled_rep02,r61_seed521_deception_enabled_rep02,521,deception_enabled,delayed_round_2,10,True,,0,,,1,,,1,1,night,night_kill,3,night,0,0,,,,,,,1,0,0,0
seer_under_threat_r61_seed521_deception_enabled_rep02,r61_seed521_deception_enabled_rep02,521,deception_enabled,under_threat,10,True,,0,,,1,,,1,1,night,night_kill,3,night,0,0,,,,,,,1,0,0,0
seer_selective_useful_info_r61_seed521_deception_enabled_rep02,r61_seed521_deception_enabled_rep02,521,deception_enabled,selective_useful_info,10,True,,0,,,1,,,1,1,night,night_kill,3,night,0,0,,,,,,,1,0,0,0
seer_private_only_r61_seed521_deception_enabled_rep03,r61_seed521_deception_enabled_rep03,521,deception_enabled,private_only,8,True,,0,,,1,,,1,2,night,night_kill,3,night,0,0,,,,,,,2,0,0,1
seer_immediate_reveal_r61_seed521_deception_enabled_rep03,r61_seed521_deception_enabled_rep03,521,deception_enabled,immediate_reveal,8,True,,1,1,night,1,,1,1,2,night,night_kill,4,day,0,0,0,0,0,1,1,2,2,0,1,1
seer_reveal_first_wolf_r61_seed521_deception_enabled_rep03,r61_seed521_deception_enabled_rep03,521,deception_enabled,reveal_first_wolf,8,True,,0,,,1,,,1,2,night,night_kill,3,night,0,0,,,,,,,2,0,0,1
seer_delayed_round_2_r61_seed521_deception_enabled_rep03,r61_seed521_deception_enabled_rep03,521,deception_enabled,delayed_round_2,8,True,,1,2,night,1,,2,1,2,night,night_kill,3,night,0,0,0,0,1,0,0,0,2,0,1,1
seer_under_threat_r61_seed521_deception_enabled_rep03,r61_seed521_deception_enabled_rep03,521,deception_enabled,under_threat,8,True,,0,,,1,,,1,2,night,night_kill,3,night,0,0,,,,,,,2,0,0,1
seer_selective_useful_info_r61_seed521_deception_enabled_rep03,r61_seed521_deception_enabled_rep03,521,deception_enabled,selective_useful_info,8,True,,0,,,1,,,1,2,night,night_kill,3,night,0,0,,,,,,,2,0,0,1
seer_private_only_r61_seed521_deception_enabled_rep04,r61_seed521_deception_enabled_rep04,521,deception_enabled,private_only,1,True,,0,,,1,,,1,2,night,night_kill,3,night,0,0,,,,,,,2,0,0,0
seer_immediate_reveal_r61_seed521_deception_enabled_rep04,r61_seed521_deception_enabled_rep04,521,deception_enabled,immediate_reveal,1,True,,1,1,night,1,,1,1,2,night,night_kill,3,night,0,0,0,0,0,1,1,2,2,0,1,0
seer_reveal_first_wolf_r61_seed521_deception_enabled_rep04,r61_seed521_deception_enabled_rep04,521,deception_enabled,reveal_first_wolf,1,True,,0,,,1,,,1,2,night,night_kill,3,night,0,0,,,,,,,2,0,0,0
seer_delayed_round_2_r61_seed521_deception_enabled_rep04,r61_seed521_deception_enabled_rep04,521,deception_enabled,delayed_round_2,1,True,,1,2,night,1,,2,1,2,night,night_kill,3,night,0,0,0,0,1,0,0,0,2,0,1,0
seer_under_threat_r61_seed521_deception_enabled_rep04,r61_seed521_deception_enabled_rep04,521,deception_enabled,under_threat,1,True,,0,,,1,,,1,2,night,night_kill,3,night,0,0,,,,,,,2,0,0,0
seer_selective_useful_info_r61_seed521_deception_enabled_rep04,r61_seed521_deception_enabled_rep04,521,deception_enabled,selective_useful_info,1,True,,0,,,1,,,1,2,night,night_kill,3,night,0,0,,,,,,,2,0,0,0
seer_private_only_r61_seed521_deception_enabled_rep05,r61_seed521_deception_enabled_rep05,521,deception_enabled,private_only,2,True,,0,,,1,,,1,1,night,night_kill,4,day,0,0,,,,,,,1,0,0,1
seer_immediate_reveal_r61_seed521_deception_enabled_rep05,r61_seed521_deception_enabled_rep05,521,deception_enabled,immediate_reveal,2,True,,1,1,night,1,,1,1,1,night,night_kill,4,day,0,0,0,0,1,0,0,0,1,0,1,1
seer_reveal_first_wolf_r61_seed521_deception_enabled_rep05,r61_seed521_deception_enabled_rep05,521,deception_enabled,reveal_first_wolf,2,True,,0,,,1,,,1,1,night,night_kill,4,day,0,0,,,,,,,1,0,0,1
seer_delayed_round_2_r61_seed521_deception_enabled_rep05,r61_seed521_deception_enabled_rep05,521,deception_enabled,delayed_round_2,2,True,,0,,,1,,,1,1,night,night_kill,4,day,0,0,,,,,,,1,0,0,1
seer_under_threat_r61_seed521_deception_enabled_rep05,r61_seed521_deception_enabled_rep05,521,deception_enabled,under_threat,2,True,,0,,,1,,,1,1,night,night_kill,4,day,0,0,,,,,,,1,0,0,1
seer_selective_useful_info_r61_seed521_deception_enabled_rep05,r61_seed521_deception_enabled_rep05,521,deception_enabled,selective_useful_info,2,True,,0,,,1,,,1,1,night,night_kill,4,day,0,0,,,,,,,1,0,0,1
seer_private_only_r61_seed521_heterogeneous_risk_rep01,r61_seed521_heterogeneous_risk_rep01,521,heterogeneous_risk,private_only,7,True,,0,,,1,2,2,1,2,night,night_kill,4,night,0,0,,,,,,,2,1,1,0
seer_immediate_reveal_r61_seed521_heterogeneous_risk_rep01,r61_seed521_heterogeneous_risk_rep01,521,heterogeneous_risk,immediate_reveal,7,True,,1,1,night,1,2,1,1,2,night,night_kill,4,night,0,0,0,0,0,1,1,2,2,1,1,0
seer_reveal_first_wolf_r61_seed521_heterogeneous_risk_rep01,r61_seed521_heterogeneous_risk_rep01,521,heterogeneous_risk,reveal_first_wolf,7,True,,1,2,night,1,2,2,1,2,night,night_kill,4,night,0,0,0,0,1,0,0,0,2,1,1,0
seer_delayed_round_2_r61_seed521_heterogeneous_risk_rep01,r61_seed521_heterogeneous_risk_rep01,521,heterogeneous_risk,delayed_round_2,7,True,,1,2,night,1,2,2,1,2,night,night_kill,4,night,0,0,0,0,1,0,0,0,2,1,1,0
seer_under_threat_r61_seed521_heterogeneous_risk_rep01,r61_seed521_heterogeneous_risk_rep01,521,heterogeneous_risk,under_threat,7,True,,0,,,1,2,2,1,2,night,night_kill,4,night,0,0,,,,,,,2,1,1,0
seer_selective_useful_info_r61_seed521_heterogeneous_risk_rep01,r61_seed521_heterogeneous_risk_rep01,521,heterogeneous_risk,selective_useful_info,7,True,,0,,,1,2,2,1,2,night,night_kill,4,night,0,0,,,,,,,2,1,1,0
seer_private_only_r61_seed521_heterogeneous_risk_rep02,r61_seed521_heterogeneous_risk_rep02,521,heterogeneous_risk,private_only,1,True,,0,,,1,,,1,1,night,night_kill,3,night,0,0,,,,,,,1,0,0,0
seer_immediate_reveal_r61_seed521_heterogeneous_risk_rep02,r61_seed521_heterogeneous_risk_rep02,521,heterogeneous_risk,immediate_reveal,1,True,,1,1,night,1,,1,1,1,night,night_kill,3,night,0,0,0,0,1,0,0,0,1,0,1,0
seer_reveal_first_wolf_r61_seed521_heterogeneous_risk_rep02,r61_seed521_heterogeneous_risk_rep02,521,heterogeneous_risk,reveal_first_wolf,1,True,,0,,,1,,,1,1,night,night_kill,3,night,0,0,,,,,,,1,0,0,0
seer_delayed_round_2_r61_seed521_heterogeneous_risk_rep02,r61_seed521_heterogeneous_risk_rep02,521,heterogeneous_risk,delayed_round_2,1,True,,0,,,1,,,1,1,night,night_kill,3,night,0,0,,,,,,,1,0,0,0
seer_under_threat_r61_seed521_heterogeneous_risk_rep02,r61_seed521_heterogeneous_risk_rep02,521,heterogeneous_risk,under_threat,1,True,,0,,,1,,,1,1,night,night_kill,3,night,0,0,,,,,,,1,0,0,0
seer_selective_useful_info_r61_seed521_heterogeneous_risk_rep02,r61_seed521_heterogeneous_risk_rep02,521,heterogeneous_risk,selective_useful_info,1,True,,0,,,1,,,1,1,night,night_kill,3,night,0,0,,,,,,,1,0,0,0
seer_private_only_r61_seed521_heterogeneous_risk_rep03,r61_seed521_heterogeneous_risk_rep03,521,heterogeneous_risk,private_only,5,True,,0,,,1,,,1,1,night,night_kill,3,night,0,0,,,,,,,1,0,0,0
seer_immediate_reveal_r61_seed521_heterogeneous_risk_rep03,r61_seed521_heterogeneous_risk_rep03,521,heterogeneous_risk,immediate_reveal,5,True,,1,1,night,1,2,1,1,2,night,night_kill,3,night,0,0,0,0,0,1,1,2,2,1,1,0
seer_reveal_first_wolf_r61_seed521_heterogeneous_risk_rep03,r61_seed521_heterogeneous_risk_rep03,521,heterogeneous_risk,reveal_first_wolf,5,True,,0,,,1,,,1,1,night,night_kill,3,night,0,0,,,,,,,1,0,0,0
seer_delayed_round_2_r61_seed521_heterogeneous_risk_rep03,r61_seed521_heterogeneous_risk_rep03,521,heterogeneous_risk,delayed_round_2,5,True,,0,,,1,,,1,1,night,night_kill,3,night,0,0,,,,,,,1,0,0,0
seer_under_threat_r61_seed521_heterogeneous_risk_rep03,r61_seed521_heterogeneous_risk_rep03,521,heterogeneous_risk,under_threat,5,True,,0,,,1,,,1,1,night,night_kill,3,night,0,0,,,,,,,1,0,0,0
seer_selective_useful_info_r61_seed521_heterogeneous_risk_rep03,r61_seed521_heterogeneous_risk_rep03,521,heterogeneous_risk,selective_useful_info,5,True,,0,,,1,,,1,1,night,night_kill,3,night,0,0,,,,,,,1,0,0,0
seer_private_only_r61_seed521_heterogeneous_risk_rep04,r61_seed521_heterogeneous_risk_rep04,521,heterogeneous_risk,private_only,5,True,,0,,,1,1,1,1,2,night,night_kill,4,night,0,0,,,,,,,2,1,1,1
seer_immediate_reveal_r61_seed521_heterogeneous_risk_rep04,r61_seed521_heterogeneous_risk_rep04,521,heterogeneous_risk,immediate_reveal,5,True,,1,1,night,1,1,1,1,2,night,night_kill,4,night,0,0,0,0,0,1,1,2,2,1,1,1
seer_reveal_first_wolf_r61_seed521_heterogeneous_risk_rep04,r61_seed521_heterogeneous_risk_rep04,521,heterogeneous_risk,reveal_first_wolf,5,True,,1,1,night,1,1,1,1,2,night,night_kill,4,night,0,0,0,0,0,1,1,2,2,1,1,1
seer_delayed_round_2_r61_seed521_heterogeneous_risk_rep04,r61_seed521_heterogeneous_risk_rep04,521,heterogeneous_risk,delayed_round_2,5,True,,1,2,night,1,1,2,1,2,night,night_kill,4,night,0,0,0,0,1,0,0,0,2,1,1,1
seer_under_threat_r61_seed521_heterogeneous_risk_rep04,r61_seed521_heterogeneous_risk_rep04,521,heterogeneous_risk,under_threat,5,True,,0,,,1,1,1,1,2,night,night_kill,4,night,0,0,,,,,,,2,1,1,1
seer_selective_useful_info_r61_seed521_heterogeneous_risk_rep04,r61_seed521_heterogeneous_risk_rep04,521,heterogeneous_risk,selective_useful_info,5,True,,1,1,night,1,1,1,1,2,night,night_kill,4,night,0,0,0,0,0,1,1,2,2,1,1,1
seer_private_only_r61_seed521_heterogeneous_risk_rep05,r61_seed521_heterogeneous_risk_rep05,521,heterogeneous_risk,private_only,4,True,,0,,,1,2,2,1,2,night,night_kill,3,day,0,0,,,,,,,2,1,1,1
seer_immediate_reveal_r61_seed521_heterogeneous_risk_rep05,r61_seed521_heterogeneous_risk_rep05,521,heterogeneous_risk,immediate_reveal,4,True,,1,1,night,1,2,1,1,2,night,night_kill,3,day,0,0,0,0,0,1,1,2,2,1,1,1
seer_reveal_first_wolf_r61_seed521_heterogeneous_risk_rep05,r61_seed521_heterogeneous_risk_rep05,521,heterogeneous_risk,reveal_first_wolf,4,True,,1,2,night,1,2,2,1,2,night,night_kill,3,day,0,0,0,0,1,0,0,0,2,1,1,1
seer_delayed_round_2_r61_seed521_heterogeneous_risk_rep05,r61_seed521_heterogeneous_risk_rep05,521,heterogeneous_risk,delayed_round_2,4,True,,1,2,night,1,2,2,1,2,night,night_kill,3,day,0,0,0,0,1,0,0,0,2,1,1,1
seer_under_threat_r61_seed521_heterogeneous_risk_rep05,r61_seed521_heterogeneous_risk_rep05,521,heterogeneous_risk,under_threat,4,True,,0,,,1,2,2,1,2,night,night_kill,3,day,0,0,,,,,,,2,1,1,1
seer_selective_useful_info_r61_seed521_heterogeneous_risk_rep05,r61_seed521_heterogeneous_risk_rep05,521,heterogeneous_risk,selective_useful_info,4,True,,0,,,1,2,2,1,2,night,night_kill,3,day,0,0,,,,,,,2,1,1,1
seer_private_only_r61_seed521_strong_village_information_rep01,r61_seed521_strong_village_information_rep01,521,strong_village_information,private_only,2,True,,0,,,1,2,2,1,2,night,night_kill,3,night,0,0,,,,,,,2,1,1,0
seer_immediate_reveal_r61_seed521_strong_village_information_rep01,r61_seed521_strong_village_information_rep01,521,strong_village_information,immediate_reveal,2,True,,1,1,night,1,2,1,1,2,night,night_kill,3,night,0,0,0,0,0,1,1,2,2,1,1,0
seer_reveal_first_wolf_r61_seed521_strong_village_information_rep01,r61_seed521_strong_village_information_rep01,521,strong_village_information,reveal_first_wolf,2,True,,1,2,night,1,2,2,1,2,night,night_kill,3,night,0,0,0,0,1,0,0,0,2,1,1,0
seer_delayed_round_2_r61_seed521_strong_village_information_rep01,r61_seed521_strong_village_information_rep01,521,strong_village_information,delayed_round_2,2,True,,1,2,night,1,2,2,1,2,night,night_kill,3,night,0,0,0,0,1,0,0,0,2,1,1,0
seer_under_threat_r61_seed521_strong_village_information_rep01,r61_seed521_strong_village_information_rep01,521,strong_village_information,under_threat,2,True,,0,,,1,2,2,1,2,night,night_kill,3,night,0,0,,,,,,,2,1,1,0
seer_selective_useful_info_r61_seed521_strong_village_information_rep01,r61_seed521_strong_village_information_rep01,521,strong_village_information,selective_useful_info,2,True,,1,2,night,1,2,2,1,2,night,night_kill,3,night,0,0,0,0,1,0,0,0,2,1,1,0
seer_private_only_r61_seed521_strong_village_information_rep02,r61_seed521_strong_village_information_rep02,521,strong_village_information,private_only,6,True,,0,,,1,1,1,1,2,night,night_kill,4,night,0,0,,,,,,,2,1,1,0
seer_immediate_reveal_r61_seed521_strong_village_information_rep02,r61_seed521_strong_village_information_rep02,521,strong_village_information,immediate_reveal,6,True,,1,1,night,1,1,1,1,2,night,night_kill,3,day,0,0,0,0,0,1,1,2,2,1,1,0
seer_reveal_first_wolf_r61_seed521_strong_village_information_rep02,r61_seed521_strong_village_information_rep02,521,strong_village_information,reveal_first_wolf,6,True,,1,1,night,1,1,1,1,2,night,night_kill,3,day,0,0,0,0,0,1,1,2,2,1,1,0
seer_delayed_round_2_r61_seed521_strong_village_information_rep02,r61_seed521_strong_village_information_rep02,521,strong_village_information,delayed_round_2,6,True,,1,2,night,1,1,2,1,2,night,night_kill,4,day,0,0,0,0,1,0,0,0,2,1,1,1
seer_under_threat_r61_seed521_strong_village_information_rep02,r61_seed521_strong_village_information_rep02,521,strong_village_information,under_threat,6,True,,0,,,1,1,1,1,2,night,night_kill,4,night,0,0,,,,,,,2,1,1,0
seer_selective_useful_info_r61_seed521_strong_village_information_rep02,r61_seed521_strong_village_information_rep02,521,strong_village_information,selective_useful_info,6,True,,1,1,night,1,1,1,1,2,night,night_kill,3,day,0,0,0,0,0,1,1,2,2,1,1,0
seer_private_only_r61_seed521_strong_village_information_rep03,r61_seed521_strong_village_information_rep03,521,strong_village_information,private_only,7,True,,0,,,1,1,1,1,2,night,night_kill,4,day,0,0,,,,,,,2,1,1,0
seer_immediate_reveal_r61_seed521_strong_village_information_rep03,r61_seed521_strong_village_information_rep03,521,strong_village_information,immediate_reveal,7,True,,1,1,night,1,1,1,1,2,night,night_kill,3,day,0,0,0,0,0,1,1,2,2,1,1,1
seer_reveal_first_wolf_r61_seed521_strong_village_information_rep03,r61_seed521_strong_village_information_rep03,521,strong_village_information,reveal_first_wolf,7,True,,1,1,night,1,1,1,1,2,night,night_kill,4,day,0,0,0,0,0,1,1,2,2,1,1,1
seer_delayed_round_2_r61_seed521_strong_village_information_rep03,r61_seed521_strong_village_information_rep03,521,strong_village_information,delayed_round_2,7,True,,1,2,night,1,1,2,1,2,night,night_kill,4,day,0,0,0,0,1,0,0,0,2,1,1,1
seer_under_threat_r61_seed521_strong_village_information_rep03,r61_seed521_strong_village_information_rep03,521,strong_village_information,under_threat,7,True,,0,,,1,1,1,1,2,night,night_kill,4,day,0,0,,,,,,,2,1,1,0
seer_selective_useful_info_r61_seed521_strong_village_information_rep03,r61_seed521_strong_village_information_rep03,521,strong_village_information,selective_useful_info,7,True,,1,1,night,1,1,1,1,2,night,night_kill,4,day,0,0,0,0,0,1,1,2,2,1,1,1
seer_private_only_r61_seed521_strong_village_information_rep04,r61_seed521_strong_village_information_rep04,521,strong_village_information,private_only,4,True,,0,,,1,,,1,2,night,night_kill,3,night,0,0,,,,,,,2,0,0,0
seer_immediate_reveal_r61_seed521_strong_village_information_rep04,r61_seed521_strong_village_information_rep04,521,strong_village_information,immediate_reveal,4,True,,1,1,night,1,,1,1,2,night,night_kill,3,night,0,0,0,0,0,1,1,2,2,0,1,0
seer_reveal_first_wolf_r61_seed521_strong_village_information_rep04,r61_seed521_strong_village_information_rep04,521,strong_village_information,reveal_first_wolf,4,True,,0,,,1,,,1,2,night,night_kill,3,night,0,0,,,,,,,2,0,0,0
seer_delayed_round_2_r61_seed521_strong_village_information_rep04,r61_seed521_strong_village_information_rep04,521,strong_village_information,delayed_round_2,4,True,,1,2,night,1,,2,1,2,night,night_kill,3,night,0,0,0,0,1,0,0,0,2,0,1,0
seer_under_threat_r61_seed521_strong_village_information_rep04,r61_seed521_strong_village_information_rep04,521,strong_village_information,under_threat,4,True,,0,,,1,,,1,2,night,night_kill,3,night,0,0,,,,,,,2,0,0,0
seer_selective_useful_info_r61_seed521_strong_village_information_rep04,r61_seed521_strong_village_information_rep04,521,strong_village_information,selective_useful_info,4,True,,0,,,1,,,1,2,night,night_kill,3,night,0,0,,,,,,,2,0,0,0
seer_private_only_r61_seed521_strong_village_information_rep05,r61_seed521_strong_village_information_rep05,521,strong_village_information,private_only,5,True,,0,,,1,,,1,2,night,night_kill,4,day,0,0,,,,,,,2,0,0,1
seer_immediate_reveal_r61_seed521_strong_village_information_rep05,r61_seed521_strong_village_information_rep05,521,strong_village_information,immediate_reveal,5,True,,1,1,night,1,,1,1,2,night,night_kill,4,day,0,0,0,0,0,1,1,2,2,0,1,1
seer_reveal_first_wolf_r61_seed521_strong_village_information_rep05,r61_seed521_strong_village_information_rep05,521,strong_village_information,reveal_first_wolf,5,True,,0,,,1,,,1,2,night,night_kill,4,day,0,0,,,,,,,2,0,0,1
seer_delayed_round_2_r61_seed521_strong_village_information_rep05,r61_seed521_strong_village_information_rep05,521,strong_village_information,delayed_round_2,5,True,,1,2,night,1,,2,1,2,night,night_kill,3,day,0,0,0,0,1,0,0,0,2,0,1,1
seer_under_threat_r61_seed521_strong_village_information_rep05,r61_seed521_strong_village_information_rep05,521,strong_village_information,under_threat,5,True,,0,,,1,,,1,2,night,night_kill,4,day,0,0,,,,,,,2,0,0,1
seer_selective_useful_info_r61_seed521_strong_village_information_rep05,r61_seed521_strong_village_information_rep05,521,strong_village_information,selective_useful_info,5,True,,0,,,1,,,1,2,night,night_kill,4,day,0,0,,,,,,,2,0,0,1
seer_private_only_r61_seed521_weak_village_information_rep01,r61_seed521_weak_village_information_rep01,521,weak_village_information,private_only,8,True,,0,,,1,,,1,1,day,day_elimination,3,night,0,0,,,,,,,1,0,0,0
seer_immediate_reveal_r61_seed521_weak_village_information_rep01,r61_seed521_weak_village_information_rep01,521,weak_village_information,immediate_reveal,8,True,,1,1,night,1,,1,1,1,day,day_elimination,3,night,0,0,0,0,1,0,0,1,1,0,1,0
seer_reveal_first_wolf_r61_seed521_weak_village_information_rep01,r61_seed521_weak_village_information_rep01,521,weak_village_information,reveal_first_wolf,8,True,,0,,,1,,,1,1,day,day_elimination,3,night,0,0,,,,,,,1,0,0,0
seer_delayed_round_2_r61_seed521_weak_village_information_rep01,r61_seed521_weak_village_information_rep01,521,weak_village_information,delayed_round_2,8,True,,0,,,1,,,1,1,day,day_elimination,3,night,0,0,,,,,,,1,0,0,0
seer_under_threat_r61_seed521_weak_village_information_rep01,r61_seed521_weak_village_information_rep01,521,weak_village_information,under_threat,8,True,,0,,,1,,,1,1,day,day_elimination,3,night,0,0,,,,,,,1,0,0,0
seer_selective_useful_info_r61_seed521_weak_village_information_rep01,r61_seed521_weak_village_information_rep01,521,weak_village_information,selective_useful_info,8,True,,0,,,1,,,1,1,day,day_elimination,3,night,0,0,,,,,,,1,0,0,0
seer_private_only_r61_seed521_weak_village_information_rep02,r61_seed521_weak_village_information_rep02,521,weak_village_information,private_only,7,True,,0,,,1,1,1,1,2,night,night_kill,3,day,0,0,,,,,,,2,1,1,0
seer_immediate_reveal_r61_seed521_weak_village_information_rep02,r61_seed521_weak_village_information_rep02,521,weak_village_information,immediate_reveal,7,True,,1,1,night,1,1,1,1,2,night,night_kill,3,day,0,0,0,0,0,1,1,2,2,1,1,0
seer_reveal_first_wolf_r61_seed521_weak_village_information_rep02,r61_seed521_weak_village_information_rep02,521,weak_village_information,reveal_first_wolf,7,True,,1,1,night,1,1,1,1,2,night,night_kill,3,day,0,0,0,0,0,1,1,2,2,1,1,0
seer_delayed_round_2_r61_seed521_weak_village_information_rep02,r61_seed521_weak_village_information_rep02,521,weak_village_information,delayed_round_2,7,True,,1,2,night,1,1,2,1,2,night,night_kill,3,day,0,0,0,0,1,0,0,0,2,1,1,0
seer_under_threat_r61_seed521_weak_village_information_rep02,r61_seed521_weak_village_information_rep02,521,weak_village_information,under_threat,7,True,,0,,,1,1,1,1,2,night,night_kill,3,day,0,0,,,,,,,2,1,1,0
seer_selective_useful_info_r61_seed521_weak_village_information_rep02,r61_seed521_weak_village_information_rep02,521,weak_village_information,selective_useful_info,7,True,,1,1,night,1,1,1,1,2,night,night_kill,3,day,0,0,0,0,0,1,1,2,2,1,1,0
seer_private_only_r61_seed521_weak_village_information_rep03,r61_seed521_weak_village_information_rep03,521,weak_village_information,private_only,5,True,,0,,,1,,,1,1,night,night_kill,2,night,0,0,,,,,,,1,0,0,0
seer_immediate_reveal_r61_seed521_weak_village_information_rep03,r61_seed521_weak_village_information_rep03,521,weak_village_information,immediate_reveal,5,True,,1,1,night,1,,1,1,1,night,night_kill,2,night,0,0,0,0,1,0,0,0,1,0,1,0
seer_reveal_first_wolf_r61_seed521_weak_village_information_rep03,r61_seed521_weak_village_information_rep03,521,weak_village_information,reveal_first_wolf,5,True,,0,,,1,,,1,1,night,night_kill,2,night,0,0,,,,,,,1,0,0,0
seer_delayed_round_2_r61_seed521_weak_village_information_rep03,r61_seed521_weak_village_information_rep03,521,weak_village_information,delayed_round_2,5,True,,0,,,1,,,1,1,night,night_kill,2,night,0,0,,,,,,,1,0,0,0
seer_under_threat_r61_seed521_weak_village_information_rep03,r61_seed521_weak_village_information_rep03,521,weak_village_information,under_threat,5,True,,0,,,1,,,1,1,night,night_kill,2,night,0,0,,,,,,,1,0,0,0
seer_selective_useful_info_r61_seed521_weak_village_information_rep03,r61_seed521_weak_village_information_rep03,521,weak_village_information,selective_useful_info,5,True,,0,,,1,,,1,1,night,night_kill,2,night,0,0,,,,,,,1,0,0,0
seer_private_only_r61_seed521_weak_village_information_rep04,r61_seed521_weak_village_information_rep04,521,weak_village_information,private_only,3,True,,0,,,1,1,1,1,2,night,night_kill,4,day,0,0,,,,,,,2,1,1,0
seer_immediate_reveal_r61_seed521_weak_village_information_rep04,r61_seed521_weak_village_information_rep04,521,weak_village_information,immediate_reveal,3,True,,1,1,night,1,1,1,1,2,night,night_kill,4,day,0,0,0,0,0,1,1,2,2,1,1,0
seer_reveal_first_wolf_r61_seed521_weak_village_information_rep04,r61_seed521_weak_village_information_rep04,521,weak_village_information,reveal_first_wolf,3,True,,1,1,night,1,1,1,1,2,night,night_kill,4,day,0,0,0,0,0,1,1,2,2,1,1,0
seer_delayed_round_2_r61_seed521_weak_village_information_rep04,r61_seed521_weak_village_information_rep04,521,weak_village_information,delayed_round_2,3,True,,1,2,night,1,1,2,1,2,night,night_kill,4,day,0,0,0,0,1,0,0,0,2,1,1,0
seer_under_threat_r61_seed521_weak_village_information_rep04,r61_seed521_weak_village_information_rep04,521,weak_village_information,under_threat,3,True,,0,,,1,1,1,1,2,night,night_kill,4,day,0,0,,,,,,,2,1,1,0
seer_selective_useful_info_r61_seed521_weak_village_information_rep04,r61_seed521_weak_village_information_rep04,521,weak_village_information,selective_useful_info,3,True,,1,1,night,1,1,1,1,2,night,night_kill,4,day,0,0,0,0,0,1,1,2,2,1,1,0
seer_private_only_r61_seed521_weak_village_information_rep05,r61_seed521_weak_village_information_rep05,521,weak_village_information,private_only,5,True,,0,,,1,,,1,2,night,night_kill,4,day,0,0,,,,,,,2,0,0,1
seer_immediate_reveal_r61_seed521_weak_village_information_rep05,r61_seed521_weak_village_information_rep05,521,weak_village_information,immediate_reveal,5,True,,1,1,night,1,,1,1,2,night,night_kill,3,day,0,0,0,0,0,1,1,2,2,0,1,0
seer_reveal_first_wolf_r61_seed521_weak_village_information_rep05,r61_seed521_weak_village_information_rep05,521,weak_village_information,reveal_first_wolf,5,True,,0,,,1,,,1,2,night,night_kill,4,day,0,0,,,,,,,2,0,0,1
seer_delayed_round_2_r61_seed521_weak_village_information_rep05,r61_seed521_weak_village_information_rep05,521,weak_village_information,delayed_round_2,5,True,,1,2,night,1,,2,1,2,night,night_kill,4,day,0,0,0,0,1,0,0,0,2,0,1,0
seer_under_threat_r61_seed521_weak_village_information_rep05,r61_seed521_weak_village_information_rep05,521,weak_village_information,under_threat,5,True,,0,,,1,,,1,2,night,night_kill,4,day,0,0,,,,,,,2,0,0,1
seer_selective_useful_info_r61_seed521_weak_village_information_rep05,r61_seed521_weak_village_information_rep05,521,weak_village_information,selective_useful_info,5,True,,0,,,1,,,1,2,night,night_kill,4,day,0,0,,,,,,,2,0,0,1
seer_private_only_r61_seed521_high_emotional_speech_rep01,r61_seed521_high_emotional_speech_rep01,521,high_emotional_speech,private_only,1,True,,0,,,1,1,1,1,1,night,night_kill,3,night,0,0,,,,,,,1,1,1,0
seer_immediate_reveal_r61_seed521_high_emotional_speech_rep01,r61_seed521_high_emotional_speech_rep01,521,high_emotional_speech,immediate_reveal,1,True,,1,1,night,1,1,1,1,1,night,night_kill,3,night,0,0,0,0,1,0,0,0,1,1,1,0
seer_reveal_first_wolf_r61_seed521_high_emotional_speech_rep01,r61_seed521_high_emotional_speech_rep01,521,high_emotional_speech,reveal_first_wolf,1,True,,1,1,night,1,1,1,1,1,night,night_kill,3,night,0,0,0,0,1,0,0,0,1,1,1,0
seer_delayed_round_2_r61_seed521_high_emotional_speech_rep01,r61_seed521_high_emotional_speech_rep01,521,high_emotional_speech,delayed_round_2,1,True,,0,,,1,1,1,1,1,night,night_kill,3,night,0,0,,,,,,,1,1,1,0
seer_under_threat_r61_seed521_high_emotional_speech_rep01,r61_seed521_high_emotional_speech_rep01,521,high_emotional_speech,under_threat,1,True,,0,,,1,1,1,1,1,night,night_kill,3,night,0,0,,,,,,,1,1,1,0
seer_selective_useful_info_r61_seed521_high_emotional_speech_rep01,r61_seed521_high_emotional_speech_rep01,521,high_emotional_speech,selective_useful_info,1,True,,1,1,night,1,1,1,1,1,night,night_kill,3,night,0,0,0,0,1,0,0,0,1,1,1,0
seer_private_only_r61_seed521_high_emotional_speech_rep02,r61_seed521_high_emotional_speech_rep02,521,high_emotional_speech,private_only,2,True,,0,,,1,,,1,1,night,night_kill,3,night,0,0,,,,,,,1,0,0,0
seer_immediate_reveal_r61_seed521_high_emotional_speech_rep02,r61_seed521_high_emotional_speech_rep02,521,high_emotional_speech,immediate_reveal,2,True,,1,1,night,1,,1,1,1,night,night_kill,3,night,0,0,0,0,1,0,0,0,1,0,1,0
seer_reveal_first_wolf_r61_seed521_high_emotional_speech_rep02,r61_seed521_high_emotional_speech_rep02,521,high_emotional_speech,reveal_first_wolf,2,True,,0,,,1,,,1,1,night,night_kill,3,night,0,0,,,,,,,1,0,0,0
seer_delayed_round_2_r61_seed521_high_emotional_speech_rep02,r61_seed521_high_emotional_speech_rep02,521,high_emotional_speech,delayed_round_2,2,True,,0,,,1,,,1,1,night,night_kill,3,night,0,0,,,,,,,1,0,0,0
seer_under_threat_r61_seed521_high_emotional_speech_rep02,r61_seed521_high_emotional_speech_rep02,521,high_emotional_speech,under_threat,2,True,,0,,,1,,,1,1,night,night_kill,3,night,0,0,,,,,,,1,0,0,0
seer_selective_useful_info_r61_seed521_high_emotional_speech_rep02,r61_seed521_high_emotional_speech_rep02,521,high_emotional_speech,selective_useful_info,2,True,,0,,,1,,,1,1,night,night_kill,3,night,0,0,,,,,,,1,0,0,0
seer_private_only_r61_seed521_high_emotional_speech_rep03,r61_seed521_high_emotional_speech_rep03,521,high_emotional_speech,private_only,9,True,,0,,,1,2,2,1,2,night,night_kill,3,night,0,0,,,,,,,2,1,1,0
seer_immediate_reveal_r61_seed521_high_emotional_speech_rep03,r61_seed521_high_emotional_speech_rep03,521,high_emotional_speech,immediate_reveal,9,True,,1,1,night,1,2,1,1,2,night,night_kill,3,night,0,0,0,0,0,1,1,2,2,1,1,0
seer_reveal_first_wolf_r61_seed521_high_emotional_speech_rep03,r61_seed521_high_emotional_speech_rep03,521,high_emotional_speech,reveal_first_wolf,9,True,,1,2,night,1,2,2,1,2,night,night_kill,3,night,0,0,0,0,1,0,0,0,2,1,1,0
seer_delayed_round_2_r61_seed521_high_emotional_speech_rep03,r61_seed521_high_emotional_speech_rep03,521,high_emotional_speech,delayed_round_2,9,True,,1,2,night,1,2,2,1,2,night,night_kill,3,night,0,0,0,0,1,0,0,0,2,1,1,0
seer_under_threat_r61_seed521_high_emotional_speech_rep03,r61_seed521_high_emotional_speech_rep03,521,high_emotional_speech,under_threat,9,True,,0,,,1,2,2,1,2,night,night_kill,3,night,0,0,,,,,,,2,1,1,0
seer_selective_useful_info_r61_seed521_high_emotional_speech_rep03,r61_seed521_high_emotional_speech_rep03,521,high_emotional_speech,selective_useful_info,9,True,,1,2,night,1,2,2,1,2,night,night_kill,3,night,0,0,0,0,1,0,0,0,2,1,1,0
seer_private_only_r61_seed521_high_emotional_speech_rep04,r61_seed521_high_emotional_speech_rep04,521,high_emotional_speech,private_only,1,True,,0,,,1,,,1,2,night,night_kill,2,night,0,0,,,,,,,2,0,0,0
seer_immediate_reveal_r61_seed521_high_emotional_speech_rep04,r61_seed521_high_emotional_speech_rep04,521,high_emotional_speech,immediate_reveal,1,True,,1,1,night,1,,1,1,2,night,night_kill,3,night,0,0,0,0,0,1,1,2,2,0,1,0
seer_reveal_first_wolf_r61_seed521_high_emotional_speech_rep04,r61_seed521_high_emotional_speech_rep04,521,high_emotional_speech,reveal_first_wolf,1,True,,0,,,1,,,1,2,night,night_kill,2,night,0,0,,,,,,,2,0,0,0
seer_delayed_round_2_r61_seed521_high_emotional_speech_rep04,r61_seed521_high_emotional_speech_rep04,521,high_emotional_speech,delayed_round_2,1,True,,1,2,night,1,,2,1,2,night,night_kill,3,night,0,0,0,0,1,0,0,0,2,0,1,0
seer_under_threat_r61_seed521_high_emotional_speech_rep04,r61_seed521_high_emotional_speech_rep04,521,high_emotional_speech,under_threat,1,True,,0,,,1,,,1,2,night,night_kill,2,night,0,0,,,,,,,2,0,0,0
seer_selective_useful_info_r61_seed521_high_emotional_speech_rep04,r61_seed521_high_emotional_speech_rep04,521,high_emotional_speech,selective_useful_info,1,True,,0,,,1,,,1,2,night,night_kill,2,night,0,0,,,,,,,2,0,0,0
seer_private_only_r61_seed521_high_emotional_speech_rep05,r61_seed521_high_emotional_speech_rep05,521,high_emotional_speech,private_only,7,True,,0,,,1,1,1,1,1,night,night_kill,2,day,0,0,,,,,,,1,1,1,0
seer_immediate_reveal_r61_seed521_high_emotional_speech_rep05,r61_seed521_high_emotional_speech_rep05,521,high_emotional_speech,immediate_reveal,7,True,,1,1,night,1,1,1,1,1,night,night_kill,2,day,0,0,0,0,1,0,0,0,1,1,1,0
seer_reveal_first_wolf_r61_seed521_high_emotional_speech_rep05,r61_seed521_high_emotional_speech_rep05,521,high_emotional_speech,reveal_first_wolf,7,True,,1,1,night,1,1,1,1,1,night,night_kill,2,day,0,0,0,0,1,0,0,0,1,1,1,0
seer_delayed_round_2_r61_seed521_high_emotional_speech_rep05,r61_seed521_high_emotional_speech_rep05,521,high_emotional_speech,delayed_round_2,7,True,,0,,,1,1,1,1,1,night,night_kill,2,day,0,0,,,,,,,1,1,1,0
seer_under_threat_r61_seed521_high_emotional_speech_rep05,r61_seed521_high_emotional_speech_rep05,521,high_emotional_speech,under_threat,7,True,,0,,,1,1,1,1,1,night,night_kill,2,day,0,0,,,,,,,1,1,1,0
seer_selective_useful_info_r61_seed521_high_emotional_speech_rep05,r61_seed521_high_emotional_speech_rep05,521,high_emotional_speech,selective_useful_info,7,True,,1,1,night,1,1,1,1,1,night,night_kill,2,day,0,0,0,0,1,0,0,0,1,1,1,0
seer_private_only_r61_seed521_low_information_speech_rep01,r61_seed521_low_information_speech_rep01,521,low_information_speech,private_only,5,True,,0,,,1,,,1,1,night,night_kill,4,day,0,0,,,,,,,1,0,0,0
seer_immediate_reveal_r61_seed521_low_information_speech_rep01,r61_seed521_low_information_speech_rep01,521,low_information_speech,immediate_reveal,5,True,,1,1,night,1,,1,1,1,night,night_kill,4,day,0,0,0,0,1,0,0,0,1,0,1,0
seer_reveal_first_wolf_r61_seed521_low_information_speech_rep01,r61_seed521_low_information_speech_rep01,521,low_information_speech,reveal_first_wolf,5,True,,0,,,1,,,1,1,night,night_kill,4,day,0,0,,,,,,,1,0,0,0
seer_delayed_round_2_r61_seed521_low_information_speech_rep01,r61_seed521_low_information_speech_rep01,521,low_information_speech,delayed_round_2,5,True,,0,,,1,,,1,1,night,night_kill,4,day,0,0,,,,,,,1,0,0,0
seer_under_threat_r61_seed521_low_information_speech_rep01,r61_seed521_low_information_speech_rep01,521,low_information_speech,under_threat,5,True,,0,,,1,,,1,1,night,night_kill,4,day,0,0,,,,,,,1,0,0,0
seer_selective_useful_info_r61_seed521_low_information_speech_rep01,r61_seed521_low_information_speech_rep01,521,low_information_speech,selective_useful_info,5,True,,0,,,1,,,1,1,night,night_kill,4,day,0,0,,,,,,,1,0,0,0
seer_private_only_r61_seed521_low_information_speech_rep02,r61_seed521_low_information_speech_rep02,521,low_information_speech,private_only,7,True,,0,,,1,1,1,1,2,night,night_kill,4,day,0,0,,,,,,,2,1,1,1
seer_immediate_reveal_r61_seed521_low_information_speech_rep02,r61_seed521_low_information_speech_rep02,521,low_information_speech,immediate_reveal,7,True,,1,1,night,1,1,1,1,2,night,night_kill,4,night,0,0,0,0,0,1,1,2,2,1,1,0
seer_reveal_first_wolf_r61_seed521_low_information_speech_rep02,r61_seed521_low_information_speech_rep02,521,low_information_speech,reveal_first_wolf,7,True,,1,1,night,1,1,1,1,2,night,night_kill,4,night,0,0,0,0,0,1,1,2,2,1,1,0
seer_delayed_round_2_r61_seed521_low_information_speech_rep02,r61_seed521_low_information_speech_rep02,521,low_information_speech,delayed_round_2,7,True,,1,2,night,1,1,2,1,2,night,night_kill,4,day,0,0,0,0,1,0,0,0,2,1,1,1
seer_under_threat_r61_seed521_low_information_speech_rep02,r61_seed521_low_information_speech_rep02,521,low_information_speech,under_threat,7,True,,0,,,1,1,1,1,2,night,night_kill,4,day,0,0,,,,,,,2,1,1,1
seer_selective_useful_info_r61_seed521_low_information_speech_rep02,r61_seed521_low_information_speech_rep02,521,low_information_speech,selective_useful_info,7,True,,1,1,night,1,1,1,1,2,night,night_kill,4,night,0,0,0,0,0,1,1,2,2,1,1,0
seer_private_only_r61_seed521_low_information_speech_rep03,r61_seed521_low_information_speech_rep03,521,low_information_speech,private_only,10,True,,0,,,1,1,1,1,2,night,night_kill,4,night,0,0,,,,,,,2,1,1,0
seer_immediate_reveal_r61_seed521_low_information_speech_rep03,r61_seed521_low_information_speech_rep03,521,low_information_speech,immediate_reveal,10,True,,1,1,night,1,1,1,1,2,night,night_kill,4,day,0,0,0,0,0,1,1,2,2,1,1,1
seer_reveal_first_wolf_r61_seed521_low_information_speech_rep03,r61_seed521_low_information_speech_rep03,521,low_information_speech,reveal_first_wolf,10,True,,1,1,night,1,1,1,1,2,night,night_kill,4,night,0,0,0,0,0,1,1,2,2,1,1,0
seer_delayed_round_2_r61_seed521_low_information_speech_rep03,r61_seed521_low_information_speech_rep03,521,low_information_speech,delayed_round_2,10,True,,1,2,night,1,1,2,1,2,night,night_kill,4,night,0,0,0,0,1,0,0,0,2,1,1,0
seer_under_threat_r61_seed521_low_information_speech_rep03,r61_seed521_low_information_speech_rep03,521,low_information_speech,under_threat,10,True,,0,,,1,1,1,1,2,night,night_kill,4,night,0,0,,,,,,,2,1,1,0
seer_selective_useful_info_r61_seed521_low_information_speech_rep03,r61_seed521_low_information_speech_rep03,521,low_information_speech,selective_useful_info,10,True,,1,1,night,1,1,1,1,2,night,night_kill,4,night,0,0,0,0,0,1,1,2,2,1,1,0
seer_private_only_r61_seed521_low_information_speech_rep04,r61_seed521_low_information_speech_rep04,521,low_information_speech,private_only,9,True,,0,,,1,,,1,2,night,night_kill,3,day,0,0,,,,,,,2,0,0,0
seer_immediate_reveal_r61_seed521_low_information_speech_rep04,r61_seed521_low_information_speech_rep04,521,low_information_speech,immediate_reveal,9,True,,1,1,night,1,,1,1,2,night,night_kill,4,night,0,0,0,0,0,1,1,2,2,0,1,0
seer_reveal_first_wolf_r61_seed521_low_information_speech_rep04,r61_seed521_low_information_speech_rep04,521,low_information_speech,reveal_first_wolf,9,True,,0,,,1,,,1,2,night,night_kill,3,day,0,0,,,,,,,2,0,0,0
seer_delayed_round_2_r61_seed521_low_information_speech_rep04,r61_seed521_low_information_speech_rep04,521,low_information_speech,delayed_round_2,9,True,,1,2,night,1,,2,1,2,night,night_kill,4,night,0,0,0,0,1,0,0,0,2,0,1,0
seer_under_threat_r61_seed521_low_information_speech_rep04,r61_seed521_low_information_speech_rep04,521,low_information_speech,under_threat,9,True,,0,,,1,,,1,2,night,night_kill,3,day,0,0,,,,,,,2,0,0,0
seer_selective_useful_info_r61_seed521_low_information_speech_rep04,r61_seed521_low_information_speech_rep04,521,low_information_speech,selective_useful_info,9,True,,0,,,1,,,1,2,night,night_kill,3,day,0,0,,,,,,,2,0,0,0
seer_private_only_r61_seed521_low_information_speech_rep05,r61_seed521_low_information_speech_rep05,521,low_information_speech,private_only,4,True,,0,,,1,2,2,1,2,night,night_kill,3,day,0,0,,,,,,,2,1,1,0
seer_immediate_reveal_r61_seed521_low_information_speech_rep05,r61_seed521_low_information_speech_rep05,521,low_information_speech,immediate_reveal,4,True,,1,1,night,1,2,1,1,2,night,night_kill,3,day,0,0,0,0,0,1,1,2,2,1,1,0
seer_reveal_first_wolf_r61_seed521_low_information_speech_rep05,r61_seed521_low_information_speech_rep05,521,low_information_speech,reveal_first_wolf,4,True,,1,2,night,1,2,2,1,2,night,night_kill,3,day,0,0,0,0,1,0,0,0,2,1,1,0
seer_delayed_round_2_r61_seed521_low_information_speech_rep05,r61_seed521_low_information_speech_rep05,521,low_information_speech,delayed_round_2,4,True,,1,2,night,1,2,2,1,2,night,night_kill,3,day,0,0,0,0,1,0,0,0,2,1,1,0
seer_under_threat_r61_seed521_low_information_speech_rep05,r61_seed521_low_information_speech_rep05,521,low_information_speech,under_threat,4,True,,0,,,1,2,2,1,2,night,night_kill,3,day,0,0,,,,,,,2,1,1,0
seer_selective_useful_info_r61_seed521_low_information_speech_rep05,r61_seed521_low_information_speech_rep05,521,low_information_speech,selective_useful_info,4,True,,1,2,night,1,2,2,1,2,night,night_kill,3,day,0,0,0,0,1,0,0,0,2,1,1,0
seer_private_only_r61_seed521_mixed_strategies_rep01,r61_seed521_mixed_strategies_rep01,521,mixed_strategies,private_only,3,True,,0,,,1,,,1,1,night,night_kill,4,day,0,0,,,,,,,1,0,0,1
seer_immediate_reveal_r61_seed521_mixed_strategies_rep01,r61_seed521_mixed_strategies_rep01,521,mixed_strategies,immediate_reveal,3,True,,1,1,night,1,,1,1,1,night,night_kill,4,day,0,0,0,0,1,0,0,0,1,0,1,1
seer_reveal_first_wolf_r61_seed521_mixed_strategies_rep01,r61_seed521_mixed_strategies_rep01,521,mixed_strategies,reveal_first_wolf,3,True,,0,,,1,,,1,1,night,night_kill,4,day,0,0,,,,,,,1,0,0,1
seer_delayed_round_2_r61_seed521_mixed_strategies_rep01,r61_seed521_mixed_strategies_rep01,521,mixed_strategies,delayed_round_2,3,True,,0,,,1,,,1,1,night,night_kill,4,day,0,0,,,,,,,1,0,0,1
seer_under_threat_r61_seed521_mixed_strategies_rep01,r61_seed521_mixed_strategies_rep01,521,mixed_strategies,under_threat,3,True,,0,,,1,,,1,1,night,night_kill,4,day,0,0,,,,,,,1,0,0,1
seer_selective_useful_info_r61_seed521_mixed_strategies_rep01,r61_seed521_mixed_strategies_rep01,521,mixed_strategies,selective_useful_info,3,True,,0,,,1,,,1,1,night,night_kill,4,day,0,0,,,,,,,1,0,0,1
seer_private_only_r61_seed521_mixed_strategies_rep02,r61_seed521_mixed_strategies_rep02,521,mixed_strategies,private_only,3,True,,0,,,1,,,1,1,day,hunter_shot,2,day,0,0,,,,,,,1,0,0,0
seer_immediate_reveal_r61_seed521_mixed_strategies_rep02,r61_seed521_mixed_strategies_rep02,521,mixed_strategies,immediate_reveal,3,True,,1,1,night,1,,1,1,1,day,hunter_shot,2,day,0,0,0,0,1,0,0,1,1,0,1,0
seer_reveal_first_wolf_r61_seed521_mixed_strategies_rep02,r61_seed521_mixed_strategies_rep02,521,mixed_strategies,reveal_first_wolf,3,True,,0,,,1,,,1,1,day,hunter_shot,2,day,0,0,,,,,,,1,0,0,0
seer_delayed_round_2_r61_seed521_mixed_strategies_rep02,r61_seed521_mixed_strategies_rep02,521,mixed_strategies,delayed_round_2,3,True,,0,,,1,,,1,1,day,hunter_shot,2,day,0,0,,,,,,,1,0,0,0
seer_under_threat_r61_seed521_mixed_strategies_rep02,r61_seed521_mixed_strategies_rep02,521,mixed_strategies,under_threat,3,True,,0,,,1,,,1,1,day,hunter_shot,2,day,0,0,,,,,,,1,0,0,0
seer_selective_useful_info_r61_seed521_mixed_strategies_rep02,r61_seed521_mixed_strategies_rep02,521,mixed_strategies,selective_useful_info,3,True,,0,,,1,,,1,1,day,hunter_shot,2,day,0,0,,,,,,,1,0,0,0
seer_private_only_r61_seed521_mixed_strategies_rep03,r61_seed521_mixed_strategies_rep03,521,mixed_strategies,private_only,7,True,,0,,,1,,,1,1,night,night_kill,3,night,0,0,,,,,,,1,0,0,0
seer_immediate_reveal_r61_seed521_mixed_strategies_rep03,r61_seed521_mixed_strategies_rep03,521,mixed_strategies,immediate_reveal,7,True,,1,1,night,1,,1,1,1,night,night_kill,3,night,0,0,0,0,1,0,0,0,1,0,1,0
seer_reveal_first_wolf_r61_seed521_mixed_strategies_rep03,r61_seed521_mixed_strategies_rep03,521,mixed_strategies,reveal_first_wolf,7,True,,0,,,1,,,1,1,night,night_kill,3,night,0,0,,,,,,,1,0,0,0
seer_delayed_round_2_r61_seed521_mixed_strategies_rep03,r61_seed521_mixed_strategies_rep03,521,mixed_strategies,delayed_round_2,7,True,,0,,,1,,,1,1,night,night_kill,3,night,0,0,,,,,,,1,0,0,0
seer_under_threat_r61_seed521_mixed_strategies_rep03,r61_seed521_mixed_strategies_rep03,521,mixed_strategies,under_threat,7,True,,0,,,1,,,1,1,night,night_kill,3,night,0,0,,,,,,,1,0,0,0
seer_selective_useful_info_r61_seed521_mixed_strategies_rep03,r61_seed521_mixed_strategies_rep03,521,mixed_strategies,selective_useful_info,7,True,,0,,,1,,,1,1,night,night_kill,3,night,0,0,,,,,,,1,0,0,0
seer_private_only_r61_seed521_mixed_strategies_rep04,r61_seed521_mixed_strategies_rep04,521,mixed_strategies,private_only,8,True,,0,,,1,2,2,1,2,night,night_kill,3,day,0,0,,,,,,,2,1,1,1
seer_immediate_reveal_r61_seed521_mixed_strategies_rep04,r61_seed521_mixed_strategies_rep04,521,mixed_strategies,immediate_reveal,8,True,,1,1,night,1,2,1,1,2,night,night_kill,3,day,0,0,0,0,0,1,1,2,2,1,1,1
seer_reveal_first_wolf_r61_seed521_mixed_strategies_rep04,r61_seed521_mixed_strategies_rep04,521,mixed_strategies,reveal_first_wolf,8,True,,1,2,night,1,2,2,1,2,night,night_kill,3,day,0,0,0,0,1,0,0,0,2,1,1,1
seer_delayed_round_2_r61_seed521_mixed_strategies_rep04,r61_seed521_mixed_strategies_rep04,521,mixed_strategies,delayed_round_2,8,True,,1,2,night,1,2,2,1,2,night,night_kill,3,day,0,0,0,0,1,0,0,0,2,1,1,1
seer_under_threat_r61_seed521_mixed_strategies_rep04,r61_seed521_mixed_strategies_rep04,521,mixed_strategies,under_threat,8,True,,0,,,1,2,2,1,2,night,night_kill,3,day,0,0,,,,,,,2,1,1,1
seer_selective_useful_info_r61_seed521_mixed_strategies_rep04,r61_seed521_mixed_strategies_rep04,521,mixed_strategies,selective_useful_info,8,True,,1,2,night,1,2,2,1,2,night,night_kill,3,day,0,0,0,0,1,0,0,0,2,1,1,1
seer_private_only_r61_seed521_mixed_strategies_rep05,r61_seed521_mixed_strategies_rep05,521,mixed_strategies,private_only,4,True,,0,,,1,1,1,1,2,night,night_kill,4,day,0,0,,,,,,,2,1,1,1
seer_immediate_reveal_r61_seed521_mixed_strategies_rep05,r61_seed521_mixed_strategies_rep05,521,mixed_strategies,immediate_reveal,4,True,,1,1,night,1,1,1,1,2,night,night_kill,4,day,0,0,0,0,0,1,1,2,2,1,1,1
seer_reveal_first_wolf_r61_seed521_mixed_strategies_rep05,r61_seed521_mixed_strategies_rep05,521,mixed_strategies,reveal_first_wolf,4,True,,1,1,night,1,1,1,1,2,night,night_kill,4,day,0,0,0,0,0,1,1,2,2,1,1,1
seer_delayed_round_2_r61_seed521_mixed_strategies_rep05,r61_seed521_mixed_strategies_rep05,521,mixed_strategies,delayed_round_2,4,True,,1,2,night,1,1,2,1,2,night,night_kill,4,day,0,0,0,0,1,0,0,0,2,1,1,1
seer_under_threat_r61_seed521_mixed_strategies_rep05,r61_seed521_mixed_strategies_rep05,521,mixed_strategies,under_threat,4,True,,0,,,1,1,1,1,2,night,night_kill,4,day,0,0,,,,,,,2,1,1,1
seer_selective_useful_info_r61_seed521_mixed_strategies_rep05,r61_seed521_mixed_strategies_rep05,521,mixed_strategies,selective_useful_info,4,True,,1,1,night,1,1,1,1,2,night,night_kill,4,day,0,0,0,0,0,1,1,2,2,1,1,1
seer_private_only_r61_seed522_baseline_rep01,r61_seed522_baseline_rep01,522,baseline,private_only,10,True,,0,,,1,,,1,1,day,day_elimination,3,night,0,0,,,,,,,1,0,0,0
seer_immediate_reveal_r61_seed522_baseline_rep01,r61_seed522_baseline_rep01,522,baseline,immediate_reveal,10,True,,1,1,night,1,,1,1,1,day,day_elimination,3,night,0,0,0,0,1,0,0,1,1,0,1,0
seer_reveal_first_wolf_r61_seed522_baseline_rep01,r61_seed522_baseline_rep01,522,baseline,reveal_first_wolf,10,True,,0,,,1,,,1,1,day,day_elimination,3,night,0,0,,,,,,,1,0,0,0
seer_delayed_round_2_r61_seed522_baseline_rep01,r61_seed522_baseline_rep01,522,baseline,delayed_round_2,10,True,,0,,,1,,,1,1,day,day_elimination,3,night,0,0,,,,,,,1,0,0,0
seer_under_threat_r61_seed522_baseline_rep01,r61_seed522_baseline_rep01,522,baseline,under_threat,10,True,,0,,,1,,,1,1,day,day_elimination,3,night,0,0,,,,,,,1,0,0,0
seer_selective_useful_info_r61_seed522_baseline_rep01,r61_seed522_baseline_rep01,522,baseline,selective_useful_info,10,True,,0,,,1,,,1,1,day,day_elimination,3,night,0,0,,,,,,,1,0,0,0
seer_private_only_r61_seed522_baseline_rep02,r61_seed522_baseline_rep02,522,baseline,private_only,7,True,,0,,,1,,,1,2,night,night_kill,4,day,0,0,,,,,,,2,0,0,1
seer_immediate_reveal_r61_seed522_baseline_rep02,r61_seed522_baseline_rep02,522,baseline,immediate_reveal,7,True,,1,1,night,1,,1,1,2,night,night_kill,4,day,0,0,0,0,0,1,1,2,2,0,1,1
seer_reveal_first_wolf_r61_seed522_baseline_rep02,r61_seed522_baseline_rep02,522,baseline,reveal_first_wolf,7,True,,0,,,1,,,1,2,night,night_kill,4,day,0,0,,,,,,,2,0,0,1
seer_delayed_round_2_r61_seed522_baseline_rep02,r61_seed522_baseline_rep02,522,baseline,delayed_round_2,7,True,,1,2,night,1,,2,1,2,night,night_kill,4,day,0,0,0,0,1,0,0,0,2,0,1,1
seer_under_threat_r61_seed522_baseline_rep02,r61_seed522_baseline_rep02,522,baseline,under_threat,7,True,,0,,,1,,,1,2,night,night_kill,4,day,0,0,,,,,,,2,0,0,1
seer_selective_useful_info_r61_seed522_baseline_rep02,r61_seed522_baseline_rep02,522,baseline,selective_useful_info,7,True,,0,,,1,,,1,2,night,night_kill,4,day,0,0,,,,,,,2,0,0,1
seer_private_only_r61_seed522_baseline_rep03,r61_seed522_baseline_rep03,522,baseline,private_only,9,True,,0,,,1,,,1,1,night,night_kill,4,day,0,0,,,,,,,1,0,0,0
seer_immediate_reveal_r61_seed522_baseline_rep03,r61_seed522_baseline_rep03,522,baseline,immediate_reveal,9,True,,1,1,night,1,,1,1,1,night,night_kill,4,day,0,0,0,0,1,0,0,0,1,0,1,0
seer_reveal_first_wolf_r61_seed522_baseline_rep03,r61_seed522_baseline_rep03,522,baseline,reveal_first_wolf,9,True,,0,,,1,,,1,1,night,night_kill,4,day,0,0,,,,,,,1,0,0,0
seer_delayed_round_2_r61_seed522_baseline_rep03,r61_seed522_baseline_rep03,522,baseline,delayed_round_2,9,True,,0,,,1,,,1,1,night,night_kill,4,day,0,0,,,,,,,1,0,0,0
seer_under_threat_r61_seed522_baseline_rep03,r61_seed522_baseline_rep03,522,baseline,under_threat,9,True,,0,,,1,,,1,1,night,night_kill,4,day,0,0,,,,,,,1,0,0,0
seer_selective_useful_info_r61_seed522_baseline_rep03,r61_seed522_baseline_rep03,522,baseline,selective_useful_info,9,True,,0,,,1,,,1,1,night,night_kill,4,day,0,0,,,,,,,1,0,0,0
seer_private_only_r61_seed522_baseline_rep04,r61_seed522_baseline_rep04,522,baseline,private_only,5,True,,0,,,1,1,1,1,2,night,night_kill,4,night,0,0,,,,,,,2,1,1,0
seer_immediate_reveal_r61_seed522_baseline_rep04,r61_seed522_baseline_rep04,522,baseline,immediate_reveal,5,True,,1,1,night,1,1,1,1,2,night,night_kill,4,night,0,0,0,0,0,1,1,2,2,1,1,0
seer_reveal_first_wolf_r61_seed522_baseline_rep04,r61_seed522_baseline_rep04,522,baseline,reveal_first_wolf,5,True,,1,1,night,1,1,1,1,2,night,night_kill,4,night,0,0,0,0,0,1,1,2,2,1,1,0
seer_delayed_round_2_r61_seed522_baseline_rep04,r61_seed522_baseline_rep04,522,baseline,delayed_round_2,5,True,,1,2,night,1,1,2,1,2,night,night_kill,4,night,0,0,0,0,1,0,0,0,2,1,1,0
seer_under_threat_r61_seed522_baseline_rep04,r61_seed522_baseline_rep04,522,baseline,under_threat,5,True,,0,,,1,1,1,1,2,night,night_kill,4,night,0,0,,,,,,,2,1,1,0
seer_selective_useful_info_r61_seed522_baseline_rep04,r61_seed522_baseline_rep04,522,baseline,selective_useful_info,5,True,,1,1,night,1,1,1,1,2,night,night_kill,4,night,0,0,0,0,0,1,1,2,2,1,1,0
seer_private_only_r61_seed522_baseline_rep05,r61_seed522_baseline_rep05,522,baseline,private_only,2,True,,0,,,1,,,1,1,night,night_kill,2,night,0,0,,,,,,,1,0,0,0
seer_immediate_reveal_r61_seed522_baseline_rep05,r61_seed522_baseline_rep05,522,baseline,immediate_reveal,2,True,,1,1,night,1,,1,1,1,night,night_kill,2,night,0,0,0,0,1,0,0,0,1,0,1,0
seer_reveal_first_wolf_r61_seed522_baseline_rep05,r61_seed522_baseline_rep05,522,baseline,reveal_first_wolf,2,True,,0,,,1,,,1,1,night,night_kill,2,night,0,0,,,,,,,1,0,0,0
seer_delayed_round_2_r61_seed522_baseline_rep05,r61_seed522_baseline_rep05,522,baseline,delayed_round_2,2,True,,0,,,1,,,1,1,night,night_kill,2,night,0,0,,,,,,,1,0,0,0
seer_under_threat_r61_seed522_baseline_rep05,r61_seed522_baseline_rep05,522,baseline,under_threat,2,True,,0,,,1,,,1,1,night,night_kill,2,night,0,0,,,,,,,1,0,0,0
seer_selective_useful_info_r61_seed522_baseline_rep05,r61_seed522_baseline_rep05,522,baseline,selective_useful_info,2,True,,0,,,1,,,1,1,night,night_kill,2,night,0,0,,,,,,,1,0,0,0
seer_private_only_r61_seed522_speech_enabled_rep01,r61_seed522_speech_enabled_rep01,522,speech_enabled,private_only,4,True,,0,,,1,1,1,1,2,night,night_kill,4,day,0,0,,,,,,,2,1,1,1
seer_immediate_reveal_r61_seed522_speech_enabled_rep01,r61_seed522_speech_enabled_rep01,522,speech_enabled,immediate_reveal,4,True,,1,1,night,1,1,1,1,2,night,night_kill,4,day,0,0,0,0,0,1,1,2,2,1,1,1
seer_reveal_first_wolf_r61_seed522_speech_enabled_rep01,r61_seed522_speech_enabled_rep01,522,speech_enabled,reveal_first_wolf,4,True,,1,1,night,1,1,1,1,2,night,night_kill,4,day,0,0,0,0,0,1,1,2,2,1,1,1
seer_delayed_round_2_r61_seed522_speech_enabled_rep01,r61_seed522_speech_enabled_rep01,522,speech_enabled,delayed_round_2,4,True,,1,2,night,1,1,2,1,2,night,night_kill,4,day,0,0,0,0,1,0,0,0,2,1,1,1
seer_under_threat_r61_seed522_speech_enabled_rep01,r61_seed522_speech_enabled_rep01,522,speech_enabled,under_threat,4,True,,0,,,1,1,1,1,2,night,night_kill,4,day,0,0,,,,,,,2,1,1,1
seer_selective_useful_info_r61_seed522_speech_enabled_rep01,r61_seed522_speech_enabled_rep01,522,speech_enabled,selective_useful_info,4,True,,1,1,night,1,1,1,1,2,night,night_kill,4,day,0,0,0,0,0,1,1,2,2,1,1,1
seer_private_only_r61_seed522_speech_enabled_rep02,r61_seed522_speech_enabled_rep02,522,speech_enabled,private_only,10,True,,0,,,1,1,1,1,2,night,night_kill,2,day,0,0,,,,,,,2,2,1,1
seer_immediate_reveal_r61_seed522_speech_enabled_rep02,r61_seed522_speech_enabled_rep02,522,speech_enabled,immediate_reveal,10,True,,1,1,night,1,1,1,1,2,night,night_kill,2,day,0,0,0,0,0,1,1,2,2,2,1,1
seer_reveal_first_wolf_r61_seed522_speech_enabled_rep02,r61_seed522_speech_enabled_rep02,522,speech_enabled,reveal_first_wolf,10,True,,1,1,night,1,1,1,1,2,night,night_kill,2,day,0,0,0,0,0,1,1,2,2,2,1,1
seer_delayed_round_2_r61_seed522_speech_enabled_rep02,r61_seed522_speech_enabled_rep02,522,speech_enabled,delayed_round_2,10,True,,1,2,night,1,1,2,1,2,night,night_kill,2,day,0,0,0,0,1,0,0,0,2,2,1,1
seer_under_threat_r61_seed522_speech_enabled_rep02,r61_seed522_speech_enabled_rep02,522,speech_enabled,under_threat,10,True,,0,,,1,1,1,1,2,night,night_kill,2,day,0,0,,,,,,,2,2,1,1
seer_selective_useful_info_r61_seed522_speech_enabled_rep02,r61_seed522_speech_enabled_rep02,522,speech_enabled,selective_useful_info,10,True,,1,1,night,1,1,1,1,2,night,night_kill,2,day,0,0,0,0,0,1,1,2,2,2,1,1
seer_private_only_r61_seed522_speech_enabled_rep03,r61_seed522_speech_enabled_rep03,522,speech_enabled,private_only,1,True,,0,,,1,,,1,1,night,night_kill,3,night,0,0,,,,,,,1,0,0,0
seer_immediate_reveal_r61_seed522_speech_enabled_rep03,r61_seed522_speech_enabled_rep03,522,speech_enabled,immediate_reveal,1,True,,1,1,night,1,,1,1,1,night,night_kill,3,night,0,0,0,0,1,0,0,0,1,0,1,0
seer_reveal_first_wolf_r61_seed522_speech_enabled_rep03,r61_seed522_speech_enabled_rep03,522,speech_enabled,reveal_first_wolf,1,True,,0,,,1,,,1,1,night,night_kill,3,night,0,0,,,,,,,1,0,0,0
seer_delayed_round_2_r61_seed522_speech_enabled_rep03,r61_seed522_speech_enabled_rep03,522,speech_enabled,delayed_round_2,1,True,,0,,,1,,,1,1,night,night_kill,3,night,0,0,,,,,,,1,0,0,0
seer_under_threat_r61_seed522_speech_enabled_rep03,r61_seed522_speech_enabled_rep03,522,speech_enabled,under_threat,1,True,,0,,,1,,,1,1,night,night_kill,3,night,0,0,,,,,,,1,0,0,0
seer_selective_useful_info_r61_seed522_speech_enabled_rep03,r61_seed522_speech_enabled_rep03,522,speech_enabled,selective_useful_info,1,True,,0,,,1,,,1,1,night,night_kill,3,night,0,0,,,,,,,1,0,0,0
seer_private_only_r61_seed522_speech_enabled_rep04,r61_seed522_speech_enabled_rep04,522,speech_enabled,private_only,4,True,,0,,,1,2,2,1,2,night,night_kill,3,night,0,0,,,,,,,2,1,1,0
seer_immediate_reveal_r61_seed522_speech_enabled_rep04,r61_seed522_speech_enabled_rep04,522,speech_enabled,immediate_reveal,4,True,,1,1,night,1,2,1,1,2,night,night_kill,3,day,0,0,0,0,0,1,1,2,2,1,1,1
seer_reveal_first_wolf_r61_seed522_speech_enabled_rep04,r61_seed522_speech_enabled_rep04,522,speech_enabled,reveal_first_wolf,4,True,,1,2,night,1,2,2,1,2,night,night_kill,3,night,0,0,0,0,1,0,0,0,2,1,1,0
seer_delayed_round_2_r61_seed522_speech_enabled_rep04,r61_seed522_speech_enabled_rep04,522,speech_enabled,delayed_round_2,4,True,,1,2,night,1,2,2,1,2,night,night_kill,3,night,0,0,0,0,1,0,0,0,2,1,1,0
seer_under_threat_r61_seed522_speech_enabled_rep04,r61_seed522_speech_enabled_rep04,522,speech_enabled,under_threat,4,True,,0,,,1,2,2,1,2,night,night_kill,3,night,0,0,,,,,,,2,1,1,0
seer_selective_useful_info_r61_seed522_speech_enabled_rep04,r61_seed522_speech_enabled_rep04,522,speech_enabled,selective_useful_info,4,True,,1,2,night,1,2,2,1,2,night,night_kill,3,night,0,0,0,0,1,0,0,0,2,1,1,0
seer_private_only_r61_seed522_speech_enabled_rep05,r61_seed522_speech_enabled_rep05,522,speech_enabled,private_only,2,True,,0,,,1,,,1,2,night,night_kill,4,night,0,0,,,,,,,2,0,0,0
seer_immediate_reveal_r61_seed522_speech_enabled_rep05,r61_seed522_speech_enabled_rep05,522,speech_enabled,immediate_reveal,2,True,,1,1,night,1,,1,1,2,night,night_kill,4,night,0,0,0,0,0,1,1,2,2,0,1,0
seer_reveal_first_wolf_r61_seed522_speech_enabled_rep05,r61_seed522_speech_enabled_rep05,522,speech_enabled,reveal_first_wolf,2,True,,0,,,1,,,1,2,night,night_kill,4,night,0,0,,,,,,,2,0,0,0
seer_delayed_round_2_r61_seed522_speech_enabled_rep05,r61_seed522_speech_enabled_rep05,522,speech_enabled,delayed_round_2,2,True,,1,2,night,1,,2,1,2,night,night_kill,4,night,0,0,0,0,1,0,0,0,2,0,1,0
seer_under_threat_r61_seed522_speech_enabled_rep05,r61_seed522_speech_enabled_rep05,522,speech_enabled,under_threat,2,True,,0,,,1,,,1,2,night,night_kill,4,night,0,0,,,,,,,2,0,0,0
seer_selective_useful_info_r61_seed522_speech_enabled_rep05,r61_seed522_speech_enabled_rep05,522,speech_enabled,selective_useful_info,2,True,,0,,,1,,,1,2,night,night_kill,4,night,0,0,,,,,,,2,0,0,0
seer_private_only_r61_seed522_herding_enabled_rep01,r61_seed522_herding_enabled_rep01,522,herding_enabled,private_only,9,True,,0,,,1,1,1,1,1,night,night_kill,3,night,0,0,,,,,,,1,1,1,0
seer_immediate_reveal_r61_seed522_herding_enabled_rep01,r61_seed522_herding_enabled_rep01,522,herding_enabled,immediate_reveal,9,True,,1,1,night,1,1,1,1,1,night,night_kill,3,night,0,0,0,0,1,0,0,0,1,1,1,0
seer_reveal_first_wolf_r61_seed522_herding_enabled_rep01,r61_seed522_herding_enabled_rep01,522,herding_enabled,reveal_first_wolf,9,True,,1,1,night,1,1,1,1,1,night,night_kill,3,night,0,0,0,0,1,0,0,0,1,1,1,0
seer_delayed_round_2_r61_seed522_herding_enabled_rep01,r61_seed522_herding_enabled_rep01,522,herding_enabled,delayed_round_2,9,True,,0,,,1,1,1,1,1,night,night_kill,3,night,0,0,,,,,,,1,1,1,0
seer_under_threat_r61_seed522_herding_enabled_rep01,r61_seed522_herding_enabled_rep01,522,herding_enabled,under_threat,9,True,,0,,,1,1,1,1,1,night,night_kill,3,night,0,0,,,,,,,1,1,1,0
seer_selective_useful_info_r61_seed522_herding_enabled_rep01,r61_seed522_herding_enabled_rep01,522,herding_enabled,selective_useful_info,9,True,,1,1,night,1,1,1,1,1,night,night_kill,3,night,0,0,0,0,1,0,0,0,1,1,1,0
seer_private_only_r61_seed522_herding_enabled_rep02,r61_seed522_herding_enabled_rep02,522,herding_enabled,private_only,1,True,,0,,,1,,,1,2,night,night_kill,4,night,0,0,,,,,,,2,0,0,0
seer_immediate_reveal_r61_seed522_herding_enabled_rep02,r61_seed522_herding_enabled_rep02,522,herding_enabled,immediate_reveal,1,True,,1,1,night,1,,1,1,2,night,night_kill,4,night,0,0,0,0,0,1,1,2,2,0,1,0
seer_reveal_first_wolf_r61_seed522_herding_enabled_rep02,r61_seed522_herding_enabled_rep02,522,herding_enabled,reveal_first_wolf,1,True,,0,,,1,,,1,2,night,night_kill,4,night,0,0,,,,,,,2,0,0,0
seer_delayed_round_2_r61_seed522_herding_enabled_rep02,r61_seed522_herding_enabled_rep02,522,herding_enabled,delayed_round_2,1,True,,1,2,night,1,,2,1,2,night,night_kill,4,night,0,0,0,0,1,0,0,0,2,0,1,0
seer_under_threat_r61_seed522_herding_enabled_rep02,r61_seed522_herding_enabled_rep02,522,herding_enabled,under_threat,1,True,,0,,,1,,,1,2,night,night_kill,4,night,0,0,,,,,,,2,0,0,0
seer_selective_useful_info_r61_seed522_herding_enabled_rep02,r61_seed522_herding_enabled_rep02,522,herding_enabled,selective_useful_info,1,True,,0,,,1,,,1,2,night,night_kill,4,night,0,0,,,,,,,2,0,0,0
seer_private_only_r61_seed522_herding_enabled_rep03,r61_seed522_herding_enabled_rep03,522,herding_enabled,private_only,9,True,,0,,,1,,,1,2,night,night_kill,3,day,0,0,,,,,,,2,0,0,1
seer_immediate_reveal_r61_seed522_herding_enabled_rep03,r61_seed522_herding_enabled_rep03,522,herding_enabled,immediate_reveal,9,True,,1,1,night,1,,1,1,2,night,night_kill,3,day,0,0,0,0,0,1,1,2,2,0,1,1
seer_reveal_first_wolf_r61_seed522_herding_enabled_rep03,r61_seed522_herding_enabled_rep03,522,herding_enabled,reveal_first_wolf,9,True,,0,,,1,,,1,2,night,night_kill,3,day,0,0,,,,,,,2,0,0,1
seer_delayed_round_2_r61_seed522_herding_enabled_rep03,r61_seed522_herding_enabled_rep03,522,herding_enabled,delayed_round_2,9,True,,1,2,night,1,,2,1,2,night,night_kill,3,day,0,0,0,0,1,0,0,0,2,0,1,1
seer_under_threat_r61_seed522_herding_enabled_rep03,r61_seed522_herding_enabled_rep03,522,herding_enabled,under_threat,9,True,,0,,,1,,,1,2,night,night_kill,3,day,0,0,,,,,,,2,0,0,1
seer_selective_useful_info_r61_seed522_herding_enabled_rep03,r61_seed522_herding_enabled_rep03,522,herding_enabled,selective_useful_info,9,True,,0,,,1,,,1,2,night,night_kill,3,day,0,0,,,,,,,2,0,0,1
seer_private_only_r61_seed522_herding_enabled_rep04,r61_seed522_herding_enabled_rep04,522,herding_enabled,private_only,8,True,,0,,,1,2,2,1,2,night,night_kill,3,day,0,0,,,,,,,2,1,1,0
seer_immediate_reveal_r61_seed522_herding_enabled_rep04,r61_seed522_herding_enabled_rep04,522,herding_enabled,immediate_reveal,8,True,,1,1,night,1,2,1,1,2,night,night_kill,3,day,0,0,0,0,0,1,1,2,2,1,1,0
seer_reveal_first_wolf_r61_seed522_herding_enabled_rep04,r61_seed522_herding_enabled_rep04,522,herding_enabled,reveal_first_wolf,8,True,,1,2,night,1,2,2,1,2,night,night_kill,3,day,0,0,0,0,1,0,0,0,2,1,1,0
seer_delayed_round_2_r61_seed522_herding_enabled_rep04,r61_seed522_herding_enabled_rep04,522,herding_enabled,delayed_round_2,8,True,,1,2,night,1,2,2,1,2,night,night_kill,3,day,0,0,0,0,1,0,0,0,2,1,1,0
seer_under_threat_r61_seed522_herding_enabled_rep04,r61_seed522_herding_enabled_rep04,522,herding_enabled,under_threat,8,True,,0,,,1,2,2,1,2,night,night_kill,3,day,0,0,,,,,,,2,1,1,0
seer_selective_useful_info_r61_seed522_herding_enabled_rep04,r61_seed522_herding_enabled_rep04,522,herding_enabled,selective_useful_info,8,True,,1,2,night,1,2,2,1,2,night,night_kill,3,day,0,0,0,0,1,0,0,0,2,1,1,0
seer_private_only_r61_seed522_herding_enabled_rep05,r61_seed522_herding_enabled_rep05,522,herding_enabled,private_only,1,True,,0,,,1,1,1,1,1,night,night_kill,3,day,0,0,,,,,,,1,1,1,0
seer_immediate_reveal_r61_seed522_herding_enabled_rep05,r61_seed522_herding_enabled_rep05,522,herding_enabled,immediate_reveal,1,True,,1,1,night,1,1,1,1,1,night,night_kill,3,day,0,0,0,0,1,0,0,0,1,1,1,0
seer_reveal_first_wolf_r61_seed522_herding_enabled_rep05,r61_seed522_herding_enabled_rep05,522,herding_enabled,reveal_first_wolf,1,True,,1,1,night,1,1,1,1,1,night,night_kill,3,day,0,0,0,0,1,0,0,0,1,1,1,0
seer_delayed_round_2_r61_seed522_herding_enabled_rep05,r61_seed522_herding_enabled_rep05,522,herding_enabled,delayed_round_2,1,True,,0,,,1,1,1,1,1,night,night_kill,3,day,0,0,,,,,,,1,1,1,0
seer_under_threat_r61_seed522_herding_enabled_rep05,r61_seed522_herding_enabled_rep05,522,herding_enabled,under_threat,1,True,,0,,,1,1,1,1,1,night,night_kill,3,day,0,0,,,,,,,1,1,1,0
seer_selective_useful_info_r61_seed522_herding_enabled_rep05,r61_seed522_herding_enabled_rep05,522,herding_enabled,selective_useful_info,1,True,,1,1,night,1,1,1,1,1,night,night_kill,3,day,0,0,0,0,1,0,0,0,1,1,1,0
seer_private_only_r61_seed522_deception_enabled_rep01,r61_seed522_deception_enabled_rep01,522,deception_enabled,private_only,6,True,,0,,,1,,,1,1,night,night_kill,2,night,0,0,,,,,,,1,0,0,0
seer_immediate_reveal_r61_seed522_deception_enabled_rep01,r61_seed522_deception_enabled_rep01,522,deception_enabled,immediate_reveal,6,True,,1,1,night,1,,1,1,1,night,night_kill,2,night,0,0,0,0,1,0,0,0,1,0,1,0
seer_reveal_first_wolf_r61_seed522_deception_enabled_rep01,r61_seed522_deception_enabled_rep01,522,deception_enabled,reveal_first_wolf,6,True,,0,,,1,,,1,1,night,night_kill,2,night,0,0,,,,,,,1,0,0,0
seer_delayed_round_2_r61_seed522_deception_enabled_rep01,r61_seed522_deception_enabled_rep01,522,deception_enabled,delayed_round_2,6,True,,0,,,1,,,1,1,night,night_kill,2,night,0,0,,,,,,,1,0,0,0
seer_under_threat_r61_seed522_deception_enabled_rep01,r61_seed522_deception_enabled_rep01,522,deception_enabled,under_threat,6,True,,0,,,1,,,1,1,night,night_kill,2,night,0,0,,,,,,,1,0,0,0
seer_selective_useful_info_r61_seed522_deception_enabled_rep01,r61_seed522_deception_enabled_rep01,522,deception_enabled,selective_useful_info,6,True,,0,,,1,,,1,1,night,night_kill,2,night,0,0,,,,,,,1,0,0,0
seer_private_only_r61_seed522_deception_enabled_rep02,r61_seed522_deception_enabled_rep02,522,deception_enabled,private_only,9,True,,0,,,1,2,2,1,2,night,night_kill,3,night,0,0,,,,,,,2,1,1,0
seer_immediate_reveal_r61_seed522_deception_enabled_rep02,r61_seed522_deception_enabled_rep02,522,deception_enabled,immediate_reveal,9,True,,1,1,night,1,2,1,1,2,night,night_kill,3,night,0,0,0,0,0,1,1,2,2,1,1,0
seer_reveal_first_wolf_r61_seed522_deception_enabled_rep02,r61_seed522_deception_enabled_rep02,522,deception_enabled,reveal_first_wolf,9,True,,1,2,night,1,2,2,1,2,night,night_kill,3,night,0,0,0,0,1,0,0,0,2,1,1,0
seer_delayed_round_2_r61_seed522_deception_enabled_rep02,r61_seed522_deception_enabled_rep02,522,deception_enabled,delayed_round_2,9,True,,1,2,night,1,2,2,1,2,night,night_kill,3,night,0,0,0,0,1,0,0,0,2,1,1,0
seer_under_threat_r61_seed522_deception_enabled_rep02,r61_seed522_deception_enabled_rep02,522,deception_enabled,under_threat,9,True,,0,,,1,2,2,1,2,night,night_kill,3,night,0,0,,,,,,,2,1,1,0
seer_selective_useful_info_r61_seed522_deception_enabled_rep02,r61_seed522_deception_enabled_rep02,522,deception_enabled,selective_useful_info,9,True,,1,2,night,1,2,2,1,2,night,night_kill,3,night,0,0,0,0,1,0,0,0,2,1,1,0
seer_private_only_r61_seed522_deception_enabled_rep03,r61_seed522_deception_enabled_rep03,522,deception_enabled,private_only,4,True,,0,,,1,,,1,1,night,night_kill,3,night,0,0,,,,,,,1,0,0,0
seer_immediate_reveal_r61_seed522_deception_enabled_rep03,r61_seed522_deception_enabled_rep03,522,deception_enabled,immediate_reveal,4,True,,1,1,night,1,,1,1,1,night,night_kill,3,night,0,0,0,0,1,0,0,0,1,0,1,0
seer_reveal_first_wolf_r61_seed522_deception_enabled_rep03,r61_seed522_deception_enabled_rep03,522,deception_enabled,reveal_first_wolf,4,True,,0,,,1,,,1,1,night,night_kill,3,night,0,0,,,,,,,1,0,0,0
seer_delayed_round_2_r61_seed522_deception_enabled_rep03,r61_seed522_deception_enabled_rep03,522,deception_enabled,delayed_round_2,4,True,,0,,,1,,,1,1,night,night_kill,3,night,0,0,,,,,,,1,0,0,0
seer_under_threat_r61_seed522_deception_enabled_rep03,r61_seed522_deception_enabled_rep03,522,deception_enabled,under_threat,4,True,,0,,,1,,,1,1,night,night_kill,3,night,0,0,,,,,,,1,0,0,0
seer_selective_useful_info_r61_seed522_deception_enabled_rep03,r61_seed522_deception_enabled_rep03,522,deception_enabled,selective_useful_info,4,True,,0,,,1,,,1,1,night,night_kill,3,night,0,0,,,,,,,1,0,0,0
seer_private_only_r61_seed522_deception_enabled_rep04,r61_seed522_deception_enabled_rep04,522,deception_enabled,private_only,7,True,,0,,,1,,,1,2,night,night_kill,3,day,0,0,,,,,,,2,0,0,0
seer_immediate_reveal_r61_seed522_deception_enabled_rep04,r61_seed522_deception_enabled_rep04,522,deception_enabled,immediate_reveal,7,True,,1,1,night,1,,1,1,2,night,night_kill,3,day,0,0,0,0,0,1,1,2,2,0,1,0
seer_reveal_first_wolf_r61_seed522_deception_enabled_rep04,r61_seed522_deception_enabled_rep04,522,deception_enabled,reveal_first_wolf,7,True,,0,,,1,,,1,2,night,night_kill,3,day,0,0,,,,,,,2,0,0,0
seer_delayed_round_2_r61_seed522_deception_enabled_rep04,r61_seed522_deception_enabled_rep04,522,deception_enabled,delayed_round_2,7,True,,1,2,night,1,,2,1,2,night,night_kill,3,day,0,0,0,0,1,0,0,0,2,0,1,0
seer_under_threat_r61_seed522_deception_enabled_rep04,r61_seed522_deception_enabled_rep04,522,deception_enabled,under_threat,7,True,,0,,,1,,,1,2,night,night_kill,3,day,0,0,,,,,,,2,0,0,0
seer_selective_useful_info_r61_seed522_deception_enabled_rep04,r61_seed522_deception_enabled_rep04,522,deception_enabled,selective_useful_info,7,True,,0,,,1,,,1,2,night,night_kill,3,day,0,0,,,,,,,2,0,0,0
seer_private_only_r61_seed522_deception_enabled_rep05,r61_seed522_deception_enabled_rep05,522,deception_enabled,private_only,5,True,,0,,,1,,,1,2,night,night_kill,4,night,0,0,,,,,,,2,0,0,1
seer_immediate_reveal_r61_seed522_deception_enabled_rep05,r61_seed522_deception_enabled_rep05,522,deception_enabled,immediate_reveal,5,True,,1,1,night,1,,1,1,2,night,night_kill,4,night,0,0,0,0,0,1,1,2,2,0,1,1
seer_reveal_first_wolf_r61_seed522_deception_enabled_rep05,r61_seed522_deception_enabled_rep05,522,deception_enabled,reveal_first_wolf,5,True,,0,,,1,,,1,2,night,night_kill,4,night,0,0,,,,,,,2,0,0,1
seer_delayed_round_2_r61_seed522_deception_enabled_rep05,r61_seed522_deception_enabled_rep05,522,deception_enabled,delayed_round_2,5,True,,1,2,night,1,,2,1,2,night,night_kill,4,night,0,0,0,0,1,0,0,0,2,0,1,1
seer_under_threat_r61_seed522_deception_enabled_rep05,r61_seed522_deception_enabled_rep05,522,deception_enabled,under_threat,5,True,,0,,,1,,,1,2,night,night_kill,4,night,0,0,,,,,,,2,0,0,1
seer_selective_useful_info_r61_seed522_deception_enabled_rep05,r61_seed522_deception_enabled_rep05,522,deception_enabled,selective_useful_info,5,True,,0,,,1,,,1,2,night,night_kill,4,night,0,0,,,,,,,2,0,0,1
seer_private_only_r61_seed522_heterogeneous_risk_rep01,r61_seed522_heterogeneous_risk_rep01,522,heterogeneous_risk,private_only,1,True,,0,,,1,,,1,1,day,day_elimination,2,night,0,0,,,,,,,1,0,0,0
seer_immediate_reveal_r61_seed522_heterogeneous_risk_rep01,r61_seed522_heterogeneous_risk_rep01,522,heterogeneous_risk,immediate_reveal,1,True,,1,1,night,1,,1,1,1,day,day_elimination,2,night,0,0,0,0,1,0,0,1,1,0,1,0
seer_reveal_first_wolf_r61_seed522_heterogeneous_risk_rep01,r61_seed522_heterogeneous_risk_rep01,522,heterogeneous_risk,reveal_first_wolf,1,True,,0,,,1,,,1,1,day,day_elimination,2,night,0,0,,,,,,,1,0,0,0
seer_delayed_round_2_r61_seed522_heterogeneous_risk_rep01,r61_seed522_heterogeneous_risk_rep01,522,heterogeneous_risk,delayed_round_2,1,True,,0,,,1,,,1,1,day,day_elimination,2,night,0,0,,,,,,,1,0,0,0
seer_under_threat_r61_seed522_heterogeneous_risk_rep01,r61_seed522_heterogeneous_risk_rep01,522,heterogeneous_risk,under_threat,1,True,,0,,,1,,,1,1,day,day_elimination,2,night,0,0,,,,,,,1,0,0,0
seer_selective_useful_info_r61_seed522_heterogeneous_risk_rep01,r61_seed522_heterogeneous_risk_rep01,522,heterogeneous_risk,selective_useful_info,1,True,,0,,,1,,,1,1,day,day_elimination,2,night,0,0,,,,,,,1,0,0,0
seer_private_only_r61_seed522_heterogeneous_risk_rep02,r61_seed522_heterogeneous_risk_rep02,522,heterogeneous_risk,private_only,3,True,,0,,,1,,,1,1,day,day_elimination,3,night,0,0,,,,,,,1,0,0,0
seer_immediate_reveal_r61_seed522_heterogeneous_risk_rep02,r61_seed522_heterogeneous_risk_rep02,522,heterogeneous_risk,immediate_reveal,3,True,,1,1,night,1,,1,1,1,day,day_elimination,3,night,0,0,0,0,1,0,0,1,1,0,1,0
seer_reveal_first_wolf_r61_seed522_heterogeneous_risk_rep02,r61_seed522_heterogeneous_risk_rep02,522,heterogeneous_risk,reveal_first_wolf,3,True,,0,,,1,,,1,1,day,day_elimination,3,night,0,0,,,,,,,1,0,0,0
seer_delayed_round_2_r61_seed522_heterogeneous_risk_rep02,r61_seed522_heterogeneous_risk_rep02,522,heterogeneous_risk,delayed_round_2,3,True,,0,,,1,,,1,1,day,day_elimination,3,night,0,0,,,,,,,1,0,0,0
seer_under_threat_r61_seed522_heterogeneous_risk_rep02,r61_seed522_heterogeneous_risk_rep02,522,heterogeneous_risk,under_threat,3,True,,0,,,1,,,1,1,day,day_elimination,3,night,0,0,,,,,,,1,0,0,0
seer_selective_useful_info_r61_seed522_heterogeneous_risk_rep02,r61_seed522_heterogeneous_risk_rep02,522,heterogeneous_risk,selective_useful_info,3,True,,0,,,1,,,1,1,day,day_elimination,3,night,0,0,,,,,,,1,0,0,0
seer_private_only_r61_seed522_heterogeneous_risk_rep03,r61_seed522_heterogeneous_risk_rep03,522,heterogeneous_risk,private_only,7,True,,0,,,1,2,2,1,2,night,night_kill,2,day,0,0,,,,,,,2,1,1,0
seer_immediate_reveal_r61_seed522_heterogeneous_risk_rep03,r61_seed522_heterogeneous_risk_rep03,522,heterogeneous_risk,immediate_reveal,7,True,,1,1,night,1,2,1,1,2,night,night_kill,4,night,0,0,0,0,0,1,1,2,2,1,1,1
seer_reveal_first_wolf_r61_seed522_heterogeneous_risk_rep03,r61_seed522_heterogeneous_risk_rep03,522,heterogeneous_risk,reveal_first_wolf,7,True,,1,2,night,1,2,2,1,2,night,night_kill,3,day,0,0,0,0,1,0,0,0,2,1,1,0
seer_delayed_round_2_r61_seed522_heterogeneous_risk_rep03,r61_seed522_heterogeneous_risk_rep03,522,heterogeneous_risk,delayed_round_2,7,True,,1,2,night,1,2,2,1,2,night,night_kill,3,day,0,0,0,0,1,0,0,0,2,1,1,0
seer_under_threat_r61_seed522_heterogeneous_risk_rep03,r61_seed522_heterogeneous_risk_rep03,522,heterogeneous_risk,under_threat,7,True,,0,,,1,2,2,1,2,night,night_kill,2,day,0,0,,,,,,,2,1,1,0
seer_selective_useful_info_r61_seed522_heterogeneous_risk_rep03,r61_seed522_heterogeneous_risk_rep03,522,heterogeneous_risk,selective_useful_info,7,True,,1,2,night,1,2,2,1,2,night,night_kill,3,day,0,0,0,0,1,0,0,0,2,1,1,0
seer_private_only_r61_seed522_heterogeneous_risk_rep04,r61_seed522_heterogeneous_risk_rep04,522,heterogeneous_risk,private_only,8,True,,0,,,1,,,1,2,night,night_kill,3,day,0,0,,,,,,,2,0,0,1
seer_immediate_reveal_r61_seed522_heterogeneous_risk_rep04,r61_seed522_heterogeneous_risk_rep04,522,heterogeneous_risk,immediate_reveal,8,True,,1,1,night,1,,1,1,2,night,night_kill,3,day,0,0,0,0,0,1,1,2,2,0,1,1
seer_reveal_first_wolf_r61_seed522_heterogeneous_risk_rep04,r61_seed522_heterogeneous_risk_rep04,522,heterogeneous_risk,reveal_first_wolf,8,True,,0,,,1,,,1,2,night,night_kill,3,day,0,0,,,,,,,2,0,0,1
seer_delayed_round_2_r61_seed522_heterogeneous_risk_rep04,r61_seed522_heterogeneous_risk_rep04,522,heterogeneous_risk,delayed_round_2,8,True,,1,2,night,1,,2,1,2,night,night_kill,3,day,0,0,0,0,1,0,0,0,2,0,1,1
seer_under_threat_r61_seed522_heterogeneous_risk_rep04,r61_seed522_heterogeneous_risk_rep04,522,heterogeneous_risk,under_threat,8,True,,0,,,1,,,1,2,night,night_kill,3,day,0,0,,,,,,,2,0,0,1
seer_selective_useful_info_r61_seed522_heterogeneous_risk_rep04,r61_seed522_heterogeneous_risk_rep04,522,heterogeneous_risk,selective_useful_info,8,True,,0,,,1,,,1,2,night,night_kill,3,day,0,0,,,,,,,2,0,0,1
seer_private_only_r61_seed522_heterogeneous_risk_rep05,r61_seed522_heterogeneous_risk_rep05,522,heterogeneous_risk,private_only,5,True,,0,,,1,,,1,2,day,day_elimination,3,night,0,0,,,,,,,2,0,0,0
seer_immediate_reveal_r61_seed522_heterogeneous_risk_rep05,r61_seed522_heterogeneous_risk_rep05,522,heterogeneous_risk,immediate_reveal,5,True,,1,1,night,1,,1,1,2,day,day_elimination,3,night,0,0,1,0,0,0,1,3,2,0,1,0
seer_reveal_first_wolf_r61_seed522_heterogeneous_risk_rep05,r61_seed522_heterogeneous_risk_rep05,522,heterogeneous_risk,reveal_first_wolf,5,True,,0,,,1,,,1,2,day,day_elimination,3,night,0,0,,,,,,,2,0,0,0
seer_delayed_round_2_r61_seed522_heterogeneous_risk_rep05,r61_seed522_heterogeneous_risk_rep05,522,heterogeneous_risk,delayed_round_2,5,True,,1,2,night,1,,2,1,2,day,day_elimination,3,night,0,0,0,0,1,0,0,1,2,0,1,0
seer_under_threat_r61_seed522_heterogeneous_risk_rep05,r61_seed522_heterogeneous_risk_rep05,522,heterogeneous_risk,under_threat,5,True,,0,,,1,,,1,2,day,day_elimination,3,night,0,0,,,,,,,2,0,0,0
seer_selective_useful_info_r61_seed522_heterogeneous_risk_rep05,r61_seed522_heterogeneous_risk_rep05,522,heterogeneous_risk,selective_useful_info,5,True,,0,,,1,,,1,2,day,day_elimination,3,night,0,0,,,,,,,2,0,0,0
seer_private_only_r61_seed522_strong_village_information_rep01,r61_seed522_strong_village_information_rep01,522,strong_village_information,private_only,9,True,,0,,,1,1,1,1,2,night,night_kill,4,day,0,0,,,,,,,2,1,1,0
seer_immediate_reveal_r61_seed522_strong_village_information_rep01,r61_seed522_strong_village_information_rep01,522,strong_village_information,immediate_reveal,9,True,,1,1,night,1,1,1,1,2,night,night_kill,4,day,0,0,0,0,0,1,1,2,2,1,1,1
seer_reveal_first_wolf_r61_seed522_strong_village_information_rep01,r61_seed522_strong_village_information_rep01,522,strong_village_information,reveal_first_wolf,9,True,,1,1,night,1,1,1,1,2,night,night_kill,4,day,0,0,0,0,0,1,1,2,2,1,1,1
seer_delayed_round_2_r61_seed522_strong_village_information_rep01,r61_seed522_strong_village_information_rep01,522,strong_village_information,delayed_round_2,9,True,,1,2,night,1,1,2,1,2,night,night_kill,4,day,0,0,0,0,1,0,0,0,2,1,1,1
seer_under_threat_r61_seed522_strong_village_information_rep01,r61_seed522_strong_village_information_rep01,522,strong_village_information,under_threat,9,True,,0,,,1,1,1,1,2,night,night_kill,4,day,0,0,,,,,,,2,1,1,0
seer_selective_useful_info_r61_seed522_strong_village_information_rep01,r61_seed522_strong_village_information_rep01,522,strong_village_information,selective_useful_info,9,True,,1,1,night,1,1,1,1,2,night,night_kill,4,day,0,0,0,0,0,1,1,2,2,1,1,1
seer_private_only_r61_seed522_strong_village_information_rep02,r61_seed522_strong_village_information_rep02,522,strong_village_information,private_only,1,True,,0,,,1,1,1,1,1,night,night_kill,3,night,0,0,,,,,,,1,1,1,0
seer_immediate_reveal_r61_seed522_strong_village_information_rep02,r61_seed522_strong_village_information_rep02,522,strong_village_information,immediate_reveal,1,True,,1,1,night,1,1,1,1,1,night,night_kill,3,night,0,0,0,0,1,0,0,0,1,1,1,0
seer_reveal_first_wolf_r61_seed522_strong_village_information_rep02,r61_seed522_strong_village_information_rep02,522,strong_village_information,reveal_first_wolf,1,True,,1,1,night,1,1,1,1,1,night,night_kill,3,night,0,0,0,0,1,0,0,0,1,1,1,0
seer_delayed_round_2_r61_seed522_strong_village_information_rep02,r61_seed522_strong_village_information_rep02,522,strong_village_information,delayed_round_2,1,True,,0,,,1,1,1,1,1,night,night_kill,3,night,0,0,,,,,,,1,1,1,0
seer_under_threat_r61_seed522_strong_village_information_rep02,r61_seed522_strong_village_information_rep02,522,strong_village_information,under_threat,1,True,,0,,,1,1,1,1,1,night,night_kill,3,night,0,0,,,,,,,1,1,1,0
seer_selective_useful_info_r61_seed522_strong_village_information_rep02,r61_seed522_strong_village_information_rep02,522,strong_village_information,selective_useful_info,1,True,,1,1,night,1,1,1,1,1,night,night_kill,3,night,0,0,0,0,1,0,0,0,1,1,1,0
seer_private_only_r61_seed522_strong_village_information_rep03,r61_seed522_strong_village_information_rep03,522,strong_village_information,private_only,9,True,,0,,,1,1,1,1,2,night,night_kill,4,night,0,0,,,,,,,2,1,1,1
seer_immediate_reveal_r61_seed522_strong_village_information_rep03,r61_seed522_strong_village_information_rep03,522,strong_village_information,immediate_reveal,9,True,,1,1,night,1,1,1,1,2,night,night_kill,4,night,0,0,0,0,0,1,1,2,2,1,1,0
seer_reveal_first_wolf_r61_seed522_strong_village_information_rep03,r61_seed522_strong_village_information_rep03,522,strong_village_information,reveal_first_wolf,9,True,,1,1,night,1,1,1,1,2,night,night_kill,4,night,0,0,0,0,0,1,1,2,2,1,1,0
seer_delayed_round_2_r61_seed522_strong_village_information_rep03,r61_seed522_strong_village_information_rep03,522,strong_village_information,delayed_round_2,9,True,,1,2,night,1,1,2,1,2,night,night_kill,4,night,0,0,0,0,1,0,0,0,2,1,1,1
seer_under_threat_r61_seed522_strong_village_information_rep03,r61_seed522_strong_village_information_rep03,522,strong_village_information,under_threat,9,True,,0,,,1,1,1,1,2,night,night_kill,4,night,0,0,,,,,,,2,1,1,1
seer_selective_useful_info_r61_seed522_strong_village_information_rep03,r61_seed522_strong_village_information_rep03,522,strong_village_information,selective_useful_info,9,True,,1,1,night,1,1,1,1,2,night,night_kill,4,night,0,0,0,0,0,1,1,2,2,1,1,0
seer_private_only_r61_seed522_strong_village_information_rep04,r61_seed522_strong_village_information_rep04,522,strong_village_information,private_only,10,True,,0,,,1,2,2,1,2,night,night_kill,3,day,0,0,,,,,,,2,1,1,1
seer_immediate_reveal_r61_seed522_strong_village_information_rep04,r61_seed522_strong_village_information_rep04,522,strong_village_information,immediate_reveal,10,True,,1,1,night,1,2,1,1,2,night,night_kill,3,day,0,0,0,0,0,1,1,2,2,1,1,1
seer_reveal_first_wolf_r61_seed522_strong_village_information_rep04,r61_seed522_strong_village_information_rep04,522,strong_village_information,reveal_first_wolf,10,True,,1,2,night,1,2,2,1,2,night,night_kill,3,day,0,0,0,0,1,0,0,0,2,1,1,1
seer_delayed_round_2_r61_seed522_strong_village_information_rep04,r61_seed522_strong_village_information_rep04,522,strong_village_information,delayed_round_2,10,True,,1,2,night,1,2,2,1,2,night,night_kill,3,day,0,0,0,0,1,0,0,0,2,1,1,1
seer_under_threat_r61_seed522_strong_village_information_rep04,r61_seed522_strong_village_information_rep04,522,strong_village_information,under_threat,10,True,,0,,,1,2,2,1,2,night,night_kill,3,day,0,0,,,,,,,2,1,1,1
seer_selective_useful_info_r61_seed522_strong_village_information_rep04,r61_seed522_strong_village_information_rep04,522,strong_village_information,selective_useful_info,10,True,,1,2,night,1,2,2,1,2,night,night_kill,3,day,0,0,0,0,1,0,0,0,2,1,1,1
seer_private_only_r61_seed522_strong_village_information_rep05,r61_seed522_strong_village_information_rep05,522,strong_village_information,private_only,10,True,,0,,,1,,,1,1,night,night_kill,3,day,0,0,,,,,,,1,0,0,0
seer_immediate_reveal_r61_seed522_strong_village_information_rep05,r61_seed522_strong_village_information_rep05,522,strong_village_information,immediate_reveal,10,True,,1,1,night,1,,1,1,1,night,night_kill,4,day,0,0,0,0,1,0,0,0,1,0,1,1
seer_reveal_first_wolf_r61_seed522_strong_village_information_rep05,r61_seed522_strong_village_information_rep05,522,strong_village_information,reveal_first_wolf,10,True,,0,,,1,,,1,1,night,night_kill,3,day,0,0,,,,,,,1,0,0,0
seer_delayed_round_2_r61_seed522_strong_village_information_rep05,r61_seed522_strong_village_information_rep05,522,strong_village_information,delayed_round_2,10,True,,0,,,1,,,1,1,night,night_kill,3,day,0,0,,,,,,,1,0,0,0
seer_under_threat_r61_seed522_strong_village_information_rep05,r61_seed522_strong_village_information_rep05,522,strong_village_information,under_threat,10,True,,0,,,1,,,1,1,night,night_kill,3,day,0,0,,,,,,,1,0,0,0
seer_selective_useful_info_r61_seed522_strong_village_information_rep05,r61_seed522_strong_village_information_rep05,522,strong_village_information,selective_useful_info,10,True,,0,,,1,,,1,1,night,night_kill,3,day,0,0,,,,,,,1,0,0,0
seer_private_only_r61_seed522_weak_village_information_rep01,r61_seed522_weak_village_information_rep01,522,weak_village_information,private_only,1,True,,0,,,1,1,1,1,1,night,night_kill,4,night,0,0,,,,,,,1,1,1,0
seer_immediate_reveal_r61_seed522_weak_village_information_rep01,r61_seed522_weak_village_information_rep01,522,weak_village_information,immediate_reveal,1,True,,1,1,night,1,1,1,1,1,night,night_kill,4,night,0,0,0,0,1,0,0,0,1,1,1,0
seer_reveal_first_wolf_r61_seed522_weak_village_information_rep01,r61_seed522_weak_village_information_rep01,522,weak_village_information,reveal_first_wolf,1,True,,1,1,night,1,1,1,1,1,night,night_kill,4,night,0,0,0,0,1,0,0,0,1,1,1,0
seer_delayed_round_2_r61_seed522_weak_village_information_rep01,r61_seed522_weak_village_information_rep01,522,weak_village_information,delayed_round_2,1,True,,0,,,1,1,1,1,1,night,night_kill,4,night,0,0,,,,,,,1,1,1,0
seer_under_threat_r61_seed522_weak_village_information_rep01,r61_seed522_weak_village_information_rep01,522,weak_village_information,under_threat,1,True,,0,,,1,1,1,1,1,night,night_kill,4,night,0,0,,,,,,,1,1,1,0
seer_selective_useful_info_r61_seed522_weak_village_information_rep01,r61_seed522_weak_village_information_rep01,522,weak_village_information,selective_useful_info,1,True,,1,1,night,1,1,1,1,1,night,night_kill,4,night,0,0,0,0,1,0,0,0,1,1,1,0
seer_private_only_r61_seed522_weak_village_information_rep02,r61_seed522_weak_village_information_rep02,522,weak_village_information,private_only,2,True,,0,,,1,1,1,1,1,night,night_kill,4,night,0,0,,,,,,,1,1,1,0
seer_immediate_reveal_r61_seed522_weak_village_information_rep02,r61_seed522_weak_village_information_rep02,522,weak_village_information,immediate_reveal,2,True,,1,1,night,1,1,1,1,1,night,night_kill,4,night,0,0,0,0,1,0,0,0,1,1,1,0
seer_reveal_first_wolf_r61_seed522_weak_village_information_rep02,r61_seed522_weak_village_information_rep02,522,weak_village_information,reveal_first_wolf,2,True,,1,1,night,1,1,1,1,1,night,night_kill,4,night,0,0,0,0,1,0,0,0,1,1,1,0
seer_delayed_round_2_r61_seed522_weak_village_information_rep02,r61_seed522_weak_village_information_rep02,522,weak_village_information,delayed_round_2,2,True,,0,,,1,1,1,1,1,night,night_kill,4,night,0,0,,,,,,,1,1,1,0
seer_under_threat_r61_seed522_weak_village_information_rep02,r61_seed522_weak_village_information_rep02,522,weak_village_information,under_threat,2,True,,0,,,1,1,1,1,1,night,night_kill,4,night,0,0,,,,,,,1,1,1,0
seer_selective_useful_info_r61_seed522_weak_village_information_rep02,r61_seed522_weak_village_information_rep02,522,weak_village_information,selective_useful_info,2,True,,1,1,night,1,1,1,1,1,night,night_kill,4,night,0,0,0,0,1,0,0,0,1,1,1,0
seer_private_only_r61_seed522_weak_village_information_rep03,r61_seed522_weak_village_information_rep03,522,weak_village_information,private_only,8,True,,0,,,1,,,1,1,day,day_elimination,3,night,0,0,,,,,,,1,0,0,0
seer_immediate_reveal_r61_seed522_weak_village_information_rep03,r61_seed522_weak_village_information_rep03,522,weak_village_information,immediate_reveal,8,True,,1,1,night,1,,1,1,1,day,day_elimination,3,night,0,0,0,0,1,0,0,1,1,0,1,0
seer_reveal_first_wolf_r61_seed522_weak_village_information_rep03,r61_seed522_weak_village_information_rep03,522,weak_village_information,reveal_first_wolf,8,True,,0,,,1,,,1,1,day,day_elimination,3,night,0,0,,,,,,,1,0,0,0
seer_delayed_round_2_r61_seed522_weak_village_information_rep03,r61_seed522_weak_village_information_rep03,522,weak_village_information,delayed_round_2,8,True,,0,,,1,,,1,1,day,day_elimination,3,night,0,0,,,,,,,1,0,0,0
seer_under_threat_r61_seed522_weak_village_information_rep03,r61_seed522_weak_village_information_rep03,522,weak_village_information,under_threat,8,True,,0,,,1,,,1,1,day,day_elimination,3,night,0,0,,,,,,,1,0,0,0
seer_selective_useful_info_r61_seed522_weak_village_information_rep03,r61_seed522_weak_village_information_rep03,522,weak_village_information,selective_useful_info,8,True,,0,,,1,,,1,1,day,day_elimination,3,night,0,0,,,,,,,1,0,0,0
seer_private_only_r61_seed522_weak_village_information_rep04,r61_seed522_weak_village_information_rep04,522,weak_village_information,private_only,3,True,,0,,,1,,,1,1,night,night_kill,3,day,0,0,,,,,,,1,0,0,0
seer_immediate_reveal_r61_seed522_weak_village_information_rep04,r61_seed522_weak_village_information_rep04,522,weak_village_information,immediate_reveal,3,True,,1,1,night,1,,1,1,1,night,night_kill,4,day,0,0,0,0,1,0,0,0,1,0,1,1
seer_reveal_first_wolf_r61_seed522_weak_village_information_rep04,r61_seed522_weak_village_information_rep04,522,weak_village_information,reveal_first_wolf,3,True,,0,,,1,,,1,1,night,night_kill,3,day,0,0,,,,,,,1,0,0,0
seer_delayed_round_2_r61_seed522_weak_village_information_rep04,r61_seed522_weak_village_information_rep04,522,weak_village_information,delayed_round_2,3,True,,0,,,1,,,1,1,night,night_kill,3,day,0,0,,,,,,,1,0,0,0
seer_under_threat_r61_seed522_weak_village_information_rep04,r61_seed522_weak_village_information_rep04,522,weak_village_information,under_threat,3,True,,0,,,1,,,1,1,night,night_kill,3,day,0,0,,,,,,,1,0,0,0
seer_selective_useful_info_r61_seed522_weak_village_information_rep04,r61_seed522_weak_village_information_rep04,522,weak_village_information,selective_useful_info,3,True,,0,,,1,,,1,1,night,night_kill,3,day,0,0,,,,,,,1,0,0,0
seer_private_only_r61_seed522_weak_village_information_rep05,r61_seed522_weak_village_information_rep05,522,weak_village_information,private_only,8,True,,0,,,1,,,1,1,night,night_kill,2,night,0,0,,,,,,,1,0,0,0
seer_immediate_reveal_r61_seed522_weak_village_information_rep05,r61_seed522_weak_village_information_rep05,522,weak_village_information,immediate_reveal,8,True,,1,1,night,1,,1,1,1,night,night_kill,2,night,0,0,0,0,1,0,0,0,1,0,1,0
seer_reveal_first_wolf_r61_seed522_weak_village_information_rep05,r61_seed522_weak_village_information_rep05,522,weak_village_information,reveal_first_wolf,8,True,,0,,,1,,,1,1,night,night_kill,2,night,0,0,,,,,,,1,0,0,0
seer_delayed_round_2_r61_seed522_weak_village_information_rep05,r61_seed522_weak_village_information_rep05,522,weak_village_information,delayed_round_2,8,True,,0,,,1,,,1,1,night,night_kill,2,night,0,0,,,,,,,1,0,0,0
seer_under_threat_r61_seed522_weak_village_information_rep05,r61_seed522_weak_village_information_rep05,522,weak_village_information,under_threat,8,True,,0,,,1,,,1,1,night,night_kill,2,night,0,0,,,,,,,1,0,0,0
seer_selective_useful_info_r61_seed522_weak_village_information_rep05,r61_seed522_weak_village_information_rep05,522,weak_village_information,selective_useful_info,8,True,,0,,,1,,,1,1,night,night_kill,2,night,0,0,,,,,,,1,0,0,0
seer_private_only_r61_seed522_high_emotional_speech_rep01,r61_seed522_high_emotional_speech_rep01,522,high_emotional_speech,private_only,7,True,,0,,,1,,,1,1,day,day_elimination,3,night,0,0,,,,,,,1,0,0,0
seer_immediate_reveal_r61_seed522_high_emotional_speech_rep01,r61_seed522_high_emotional_speech_rep01,522,high_emotional_speech,immediate_reveal,7,True,,1,1,night,1,,1,1,1,day,day_elimination,3,night,0,0,0,0,1,0,0,1,1,0,1,0
seer_reveal_first_wolf_r61_seed522_high_emotional_speech_rep01,r61_seed522_high_emotional_speech_rep01,522,high_emotional_speech,reveal_first_wolf,7,True,,0,,,1,,,1,1,day,day_elimination,3,night,0,0,,,,,,,1,0,0,0
seer_delayed_round_2_r61_seed522_high_emotional_speech_rep01,r61_seed522_high_emotional_speech_rep01,522,high_emotional_speech,delayed_round_2,7,True,,0,,,1,,,1,1,day,day_elimination,3,night,0,0,,,,,,,1,0,0,0
seer_under_threat_r61_seed522_high_emotional_speech_rep01,r61_seed522_high_emotional_speech_rep01,522,high_emotional_speech,under_threat,7,True,,0,,,1,,,1,1,day,day_elimination,3,night,0,0,,,,,,,1,0,0,0
seer_selective_useful_info_r61_seed522_high_emotional_speech_rep01,r61_seed522_high_emotional_speech_rep01,522,high_emotional_speech,selective_useful_info,7,True,,0,,,1,,,1,1,day,day_elimination,3,night,0,0,,,,,,,1,0,0,0
seer_private_only_r61_seed522_high_emotional_speech_rep02,r61_seed522_high_emotional_speech_rep02,522,high_emotional_speech,private_only,2,True,,0,,,1,,,1,2,night,night_kill,2,night,0,0,,,,,,,2,0,0,0
seer_immediate_reveal_r61_seed522_high_emotional_speech_rep02,r61_seed522_high_emotional_speech_rep02,522,high_emotional_speech,immediate_reveal,2,True,,1,1,night,1,,1,1,2,night,night_kill,2,night,0,0,0,0,0,1,1,2,2,0,1,0
seer_reveal_first_wolf_r61_seed522_high_emotional_speech_rep02,r61_seed522_high_emotional_speech_rep02,522,high_emotional_speech,reveal_first_wolf,2,True,,0,,,1,,,1,2,night,night_kill,2,night,0,0,,,,,,,2,0,0,0
seer_delayed_round_2_r61_seed522_high_emotional_speech_rep02,r61_seed522_high_emotional_speech_rep02,522,high_emotional_speech,delayed_round_2,2,True,,1,2,night,1,,2,1,2,night,night_kill,2,night,0,0,0,0,1,0,0,0,2,0,1,0
seer_under_threat_r61_seed522_high_emotional_speech_rep02,r61_seed522_high_emotional_speech_rep02,522,high_emotional_speech,under_threat,2,True,,0,,,1,,,1,2,night,night_kill,2,night,0,0,,,,,,,2,0,0,0
seer_selective_useful_info_r61_seed522_high_emotional_speech_rep02,r61_seed522_high_emotional_speech_rep02,522,high_emotional_speech,selective_useful_info,2,True,,0,,,1,,,1,2,night,night_kill,2,night,0,0,,,,,,,2,0,0,0
seer_private_only_r61_seed522_high_emotional_speech_rep03,r61_seed522_high_emotional_speech_rep03,522,high_emotional_speech,private_only,5,True,,0,,,1,1,1,1,1,night,night_kill,3,night,0,0,,,,,,,1,1,1,0
seer_immediate_reveal_r61_seed522_high_emotional_speech_rep03,r61_seed522_high_emotional_speech_rep03,522,high_emotional_speech,immediate_reveal,5,True,,1,1,night,1,1,1,1,1,night,night_kill,3,night,0,0,0,0,1,0,0,0,1,1,1,0
seer_reveal_first_wolf_r61_seed522_high_emotional_speech_rep03,r61_seed522_high_emotional_speech_rep03,522,high_emotional_speech,reveal_first_wolf,5,True,,1,1,night,1,1,1,1,1,night,night_kill,3,night,0,0,0,0,1,0,0,0,1,1,1,0
seer_delayed_round_2_r61_seed522_high_emotional_speech_rep03,r61_seed522_high_emotional_speech_rep03,522,high_emotional_speech,delayed_round_2,5,True,,0,,,1,1,1,1,1,night,night_kill,3,night,0,0,,,,,,,1,1,1,0
seer_under_threat_r61_seed522_high_emotional_speech_rep03,r61_seed522_high_emotional_speech_rep03,522,high_emotional_speech,under_threat,5,True,,0,,,1,1,1,1,1,night,night_kill,3,night,0,0,,,,,,,1,1,1,0
seer_selective_useful_info_r61_seed522_high_emotional_speech_rep03,r61_seed522_high_emotional_speech_rep03,522,high_emotional_speech,selective_useful_info,5,True,,1,1,night,1,1,1,1,1,night,night_kill,3,night,0,0,0,0,1,0,0,0,1,1,1,0
seer_private_only_r61_seed522_high_emotional_speech_rep04,r61_seed522_high_emotional_speech_rep04,522,high_emotional_speech,private_only,3,True,,0,,,1,1,1,1,2,night,night_kill,3,day,0,0,,,,,,,2,1,1,1
seer_immediate_reveal_r61_seed522_high_emotional_speech_rep04,r61_seed522_high_emotional_speech_rep04,522,high_emotional_speech,immediate_reveal,3,True,,1,1,night,1,1,1,1,2,night,night_kill,4,day,0,0,0,0,0,1,1,2,2,1,1,1
seer_reveal_first_wolf_r61_seed522_high_emotional_speech_rep04,r61_seed522_high_emotional_speech_rep04,522,high_emotional_speech,reveal_first_wolf,3,True,,1,1,night,1,1,1,1,2,night,night_kill,4,day,0,0,0,0,0,1,1,2,2,1,1,1
seer_delayed_round_2_r61_seed522_high_emotional_speech_rep04,r61_seed522_high_emotional_speech_rep04,522,high_emotional_speech,delayed_round_2,3,True,,1,2,night,1,1,2,1,2,night,night_kill,3,day,0,0,0,0,1,0,0,0,2,1,1,1
seer_under_threat_r61_seed522_high_emotional_speech_rep04,r61_seed522_high_emotional_speech_rep04,522,high_emotional_speech,under_threat,3,True,,1,2,night,1,1,2,1,2,night,night_kill,3,day,0,0,0,0,1,0,0,0,2,1,1,1
seer_selective_useful_info_r61_seed522_high_emotional_speech_rep04,r61_seed522_high_emotional_speech_rep04,522,high_emotional_speech,selective_useful_info,3,True,,1,1,night,1,1,1,1,2,night,night_kill,4,day,0,0,0,0,0,1,1,2,2,1,1,1
seer_private_only_r61_seed522_high_emotional_speech_rep05,r61_seed522_high_emotional_speech_rep05,522,high_emotional_speech,private_only,2,True,,0,,,1,1,1,1,1,night,night_kill,3,day,0,0,,,,,,,1,1,1,1
seer_immediate_reveal_r61_seed522_high_emotional_speech_rep05,r61_seed522_high_emotional_speech_rep05,522,high_emotional_speech,immediate_reveal,2,True,,1,1,night,1,1,1,1,1,night,night_kill,3,day,0,0,0,0,1,0,0,0,1,1,1,1
seer_reveal_first_wolf_r61_seed522_high_emotional_speech_rep05,r61_seed522_high_emotional_speech_rep05,522,high_emotional_speech,reveal_first_wolf,2,True,,1,1,night,1,1,1,1,1,night,night_kill,3,day,0,0,0,0,1,0,0,0,1,1,1,1
seer_delayed_round_2_r61_seed522_high_emotional_speech_rep05,r61_seed522_high_emotional_speech_rep05,522,high_emotional_speech,delayed_round_2,2,True,,0,,,1,1,1,1,1,night,night_kill,3,day,0,0,,,,,,,1,1,1,1
seer_under_threat_r61_seed522_high_emotional_speech_rep05,r61_seed522_high_emotional_speech_rep05,522,high_emotional_speech,under_threat,2,True,,0,,,1,1,1,1,1,night,night_kill,3,day,0,0,,,,,,,1,1,1,1
seer_selective_useful_info_r61_seed522_high_emotional_speech_rep05,r61_seed522_high_emotional_speech_rep05,522,high_emotional_speech,selective_useful_info,2,True,,1,1,night,1,1,1,1,1,night,night_kill,3,day,0,0,0,0,1,0,0,0,1,1,1,1
seer_private_only_r61_seed522_low_information_speech_rep01,r61_seed522_low_information_speech_rep01,522,low_information_speech,private_only,4,True,,0,,,1,,,1,2,night,night_kill,4,night,0,0,,,,,,,2,0,0,1
seer_immediate_reveal_r61_seed522_low_information_speech_rep01,r61_seed522_low_information_speech_rep01,522,low_information_speech,immediate_reveal,4,True,,1,1,night,1,,1,1,2,night,night_kill,4,night,0,0,0,0,0,1,1,2,2,0,1,1
seer_reveal_first_wolf_r61_seed522_low_information_speech_rep01,r61_seed522_low_information_speech_rep01,522,low_information_speech,reveal_first_wolf,4,True,,0,,,1,,,1,2,night,night_kill,4,night,0,0,,,,,,,2,0,0,1
seer_delayed_round_2_r61_seed522_low_information_speech_rep01,r61_seed522_low_information_speech_rep01,522,low_information_speech,delayed_round_2,4,True,,1,2,night,1,,2,1,2,night,night_kill,4,night,0,0,0,0,1,0,0,0,2,0,1,1
seer_under_threat_r61_seed522_low_information_speech_rep01,r61_seed522_low_information_speech_rep01,522,low_information_speech,under_threat,4,True,,0,,,1,,,1,2,night,night_kill,4,night,0,0,,,,,,,2,0,0,1
seer_selective_useful_info_r61_seed522_low_information_speech_rep01,r61_seed522_low_information_speech_rep01,522,low_information_speech,selective_useful_info,4,True,,0,,,1,,,1,2,night,night_kill,4,night,0,0,,,,,,,2,0,0,1
seer_private_only_r61_seed522_low_information_speech_rep02,r61_seed522_low_information_speech_rep02,522,low_information_speech,private_only,9,True,,0,,,1,1,1,1,2,night,night_kill,4,night,0,0,,,,,,,2,1,1,1
seer_immediate_reveal_r61_seed522_low_information_speech_rep02,r61_seed522_low_information_speech_rep02,522,low_information_speech,immediate_reveal,9,True,,1,1,night,1,1,1,1,2,night,night_kill,4,night,0,0,0,0,0,1,1,2,2,1,1,1
seer_reveal_first_wolf_r61_seed522_low_information_speech_rep02,r61_seed522_low_information_speech_rep02,522,low_information_speech,reveal_first_wolf,9,True,,1,1,night,1,1,1,1,2,night,night_kill,4,night,0,0,0,0,0,1,1,2,2,1,1,1
seer_delayed_round_2_r61_seed522_low_information_speech_rep02,r61_seed522_low_information_speech_rep02,522,low_information_speech,delayed_round_2,9,True,,1,2,night,1,1,2,1,2,night,night_kill,4,night,0,0,0,0,1,0,0,0,2,1,1,1
seer_under_threat_r61_seed522_low_information_speech_rep02,r61_seed522_low_information_speech_rep02,522,low_information_speech,under_threat,9,True,,0,,,1,1,1,1,2,night,night_kill,4,night,0,0,,,,,,,2,1,1,1
seer_selective_useful_info_r61_seed522_low_information_speech_rep02,r61_seed522_low_information_speech_rep02,522,low_information_speech,selective_useful_info,9,True,,1,1,night,1,1,1,1,2,night,night_kill,4,night,0,0,0,0,0,1,1,2,2,1,1,1
seer_private_only_r61_seed522_low_information_speech_rep03,r61_seed522_low_information_speech_rep03,522,low_information_speech,private_only,4,True,,0,,,1,1,1,1,2,night,night_kill,2,day,0,0,,,,,,,2,2,1,1
seer_immediate_reveal_r61_seed522_low_information_speech_rep03,r61_seed522_low_information_speech_rep03,522,low_information_speech,immediate_reveal,4,True,,1,1,night,1,1,1,1,2,night,night_kill,2,day,0,0,0,0,0,1,1,2,2,2,1,1
seer_reveal_first_wolf_r61_seed522_low_information_speech_rep03,r61_seed522_low_information_speech_rep03,522,low_information_speech,reveal_first_wolf,4,True,,1,1,night,1,1,1,1,2,night,night_kill,2,day,0,0,0,0,0,1,1,2,2,2,1,1
seer_delayed_round_2_r61_seed522_low_information_speech_rep03,r61_seed522_low_information_speech_rep03,522,low_information_speech,delayed_round_2,4,True,,1,2,night,1,1,2,1,2,night,night_kill,2,day,0,0,0,0,1,0,0,0,2,2,1,1
seer_under_threat_r61_seed522_low_information_speech_rep03,r61_seed522_low_information_speech_rep03,522,low_information_speech,under_threat,4,True,,0,,,1,1,1,1,2,night,night_kill,2,day,0,0,,,,,,,2,2,1,1
seer_selective_useful_info_r61_seed522_low_information_speech_rep03,r61_seed522_low_information_speech_rep03,522,low_information_speech,selective_useful_info,4,True,,1,1,night,1,1,1,1,2,night,night_kill,2,day,0,0,0,0,0,1,1,2,2,2,1,1
seer_private_only_r61_seed522_low_information_speech_rep04,r61_seed522_low_information_speech_rep04,522,low_information_speech,private_only,5,True,,0,,,1,,,1,1,night,night_kill,4,night,0,0,,,,,,,1,0,0,0
seer_immediate_reveal_r61_seed522_low_information_speech_rep04,r61_seed522_low_information_speech_rep04,522,low_information_speech,immediate_reveal,5,True,,1,1,night,1,,1,1,1,night,night_kill,4,night,0,0,0,0,1,0,0,0,1,0,1,0
seer_reveal_first_wolf_r61_seed522_low_information_speech_rep04,r61_seed522_low_information_speech_rep04,522,low_information_speech,reveal_first_wolf,5,True,,0,,,1,,,1,1,night,night_kill,4,night,0,0,,,,,,,1,0,0,0
seer_delayed_round_2_r61_seed522_low_information_speech_rep04,r61_seed522_low_information_speech_rep04,522,low_information_speech,delayed_round_2,5,True,,0,,,1,,,1,1,night,night_kill,4,night,0,0,,,,,,,1,0,0,0
seer_under_threat_r61_seed522_low_information_speech_rep04,r61_seed522_low_information_speech_rep04,522,low_information_speech,under_threat,5,True,,0,,,1,,,1,1,night,night_kill,4,night,0,0,,,,,,,1,0,0,0
seer_selective_useful_info_r61_seed522_low_information_speech_rep04,r61_seed522_low_information_speech_rep04,522,low_information_speech,selective_useful_info,5,True,,0,,,1,,,1,1,night,night_kill,4,night,0,0,,,,,,,1,0,0,0
seer_private_only_r61_seed522_low_information_speech_rep05,r61_seed522_low_information_speech_rep05,522,low_information_speech,private_only,5,True,,0,,,1,1,1,1,2,night,night_kill,4,night,0,0,,,,,,,2,1,1,1
seer_immediate_reveal_r61_seed522_low_information_speech_rep05,r61_seed522_low_information_speech_rep05,522,low_information_speech,immediate_reveal,5,True,,1,1,night,1,1,1,1,2,night,night_kill,4,night,0,0,0,0,0,1,1,2,2,1,1,1
seer_reveal_first_wolf_r61_seed522_low_information_speech_rep05,r61_seed522_low_information_speech_rep05,522,low_information_speech,reveal_first_wolf,5,True,,1,1,night,1,1,1,1,2,night,night_kill,4,night,0,0,0,0,0,1,1,2,2,1,1,1
seer_delayed_round_2_r61_seed522_low_information_speech_rep05,r61_seed522_low_information_speech_rep05,522,low_information_speech,delayed_round_2,5,True,,1,2,night,1,1,2,1,2,night,night_kill,4,night,0,0,0,0,1,0,0,0,2,1,1,1
seer_under_threat_r61_seed522_low_information_speech_rep05,r61_seed522_low_information_speech_rep05,522,low_information_speech,under_threat,5,True,,0,,,1,1,1,1,2,night,night_kill,4,night,0,0,,,,,,,2,1,1,1
seer_selective_useful_info_r61_seed522_low_information_speech_rep05,r61_seed522_low_information_speech_rep05,522,low_information_speech,selective_useful_info,5,True,,1,1,night,1,1,1,1,2,night,night_kill,4,night,0,0,0,0,0,1,1,2,2,1,1,1
seer_private_only_r61_seed522_mixed_strategies_rep01,r61_seed522_mixed_strategies_rep01,522,mixed_strategies,private_only,6,True,,0,,,1,,,1,2,night,night_kill,3,night,0,0,,,,,,,2,0,0,0
seer_immediate_reveal_r61_seed522_mixed_strategies_rep01,r61_seed522_mixed_strategies_rep01,522,mixed_strategies,immediate_reveal,6,True,,1,1,night,1,,1,1,2,night,night_kill,3,night,0,0,0,0,0,1,1,2,2,0,1,0
seer_reveal_first_wolf_r61_seed522_mixed_strategies_rep01,r61_seed522_mixed_strategies_rep01,522,mixed_strategies,reveal_first_wolf,6,True,,0,,,1,,,1,2,night,night_kill,3,night,0,0,,,,,,,2,0,0,0
seer_delayed_round_2_r61_seed522_mixed_strategies_rep01,r61_seed522_mixed_strategies_rep01,522,mixed_strategies,delayed_round_2,6,True,,1,2,night,1,,2,1,2,night,night_kill,3,night,0,0,0,0,1,0,0,0,2,0,1,0
seer_under_threat_r61_seed522_mixed_strategies_rep01,r61_seed522_mixed_strategies_rep01,522,mixed_strategies,under_threat,6,True,,0,,,1,,,1,2,night,night_kill,3,night,0,0,,,,,,,2,0,0,0
seer_selective_useful_info_r61_seed522_mixed_strategies_rep01,r61_seed522_mixed_strategies_rep01,522,mixed_strategies,selective_useful_info,6,True,,0,,,1,,,1,2,night,night_kill,3,night,0,0,,,,,,,2,0,0,0
seer_private_only_r61_seed522_mixed_strategies_rep02,r61_seed522_mixed_strategies_rep02,522,mixed_strategies,private_only,5,True,,0,,,1,,,1,2,night,night_kill,4,night,0,0,,,,,,,2,0,0,1
seer_immediate_reveal_r61_seed522_mixed_strategies_rep02,r61_seed522_mixed_strategies_rep02,522,mixed_strategies,immediate_reveal,5,True,,1,1,night,1,,1,1,2,night,night_kill,4,night,0,0,0,0,0,1,1,2,2,0,1,1
seer_reveal_first_wolf_r61_seed522_mixed_strategies_rep02,r61_seed522_mixed_strategies_rep02,522,mixed_strategies,reveal_first_wolf,5,True,,0,,,1,,,1,2,night,night_kill,4,night,0,0,,,,,,,2,0,0,1
seer_delayed_round_2_r61_seed522_mixed_strategies_rep02,r61_seed522_mixed_strategies_rep02,522,mixed_strategies,delayed_round_2,5,True,,1,2,night,1,,2,1,2,night,night_kill,4,night,0,0,0,0,1,0,0,0,2,0,1,1
seer_under_threat_r61_seed522_mixed_strategies_rep02,r61_seed522_mixed_strategies_rep02,522,mixed_strategies,under_threat,5,True,,0,,,1,,,1,2,night,night_kill,4,night,0,0,,,,,,,2,0,0,1
seer_selective_useful_info_r61_seed522_mixed_strategies_rep02,r61_seed522_mixed_strategies_rep02,522,mixed_strategies,selective_useful_info,5,True,,0,,,1,,,1,2,night,night_kill,4,night,0,0,,,,,,,2,0,0,1
seer_private_only_r61_seed522_mixed_strategies_rep03,r61_seed522_mixed_strategies_rep03,522,mixed_strategies,private_only,9,True,,0,,,1,1,1,1,2,night,night_kill,4,night,0,0,,,,,,,2,2,1,1
seer_immediate_reveal_r61_seed522_mixed_strategies_rep03,r61_seed522_mixed_strategies_rep03,522,mixed_strategies,immediate_reveal,9,True,,1,1,night,1,1,1,1,2,night,night_kill,4,night,0,0,0,0,0,1,1,2,2,2,1,0
seer_reveal_first_wolf_r61_seed522_mixed_strategies_rep03,r61_seed522_mixed_strategies_rep03,522,mixed_strategies,reveal_first_wolf,9,True,,1,1,night,1,1,1,1,2,night,night_kill,4,night,0,0,0,0,0,1,1,2,2,2,1,0
seer_delayed_round_2_r61_seed522_mixed_strategies_rep03,r61_seed522_mixed_strategies_rep03,522,mixed_strategies,delayed_round_2,9,True,,1,2,night,1,1,2,1,2,night,night_kill,3,day,0,0,0,0,1,0,0,0,2,2,1,1
seer_under_threat_r61_seed522_mixed_strategies_rep03,r61_seed522_mixed_strategies_rep03,522,mixed_strategies,under_threat,9,True,,0,,,1,1,1,1,2,night,night_kill,4,night,0,0,,,,,,,2,2,1,1
seer_selective_useful_info_r61_seed522_mixed_strategies_rep03,r61_seed522_mixed_strategies_rep03,522,mixed_strategies,selective_useful_info,9,True,,1,1,night,1,1,1,1,2,night,night_kill,4,night,0,0,0,0,0,1,1,2,2,2,1,0
seer_private_only_r61_seed522_mixed_strategies_rep04,r61_seed522_mixed_strategies_rep04,522,mixed_strategies,private_only,4,True,,0,,,1,,,1,2,night,night_kill,3,day,0,0,,,,,,,2,0,0,1
seer_immediate_reveal_r61_seed522_mixed_strategies_rep04,r61_seed522_mixed_strategies_rep04,522,mixed_strategies,immediate_reveal,4,True,,1,1,night,1,,1,1,2,night,night_kill,4,night,0,0,0,0,0,1,1,2,2,0,1,0
seer_reveal_first_wolf_r61_seed522_mixed_strategies_rep04,r61_seed522_mixed_strategies_rep04,522,mixed_strategies,reveal_first_wolf,4,True,,0,,,1,,,1,2,night,night_kill,3,day,0,0,,,,,,,2,0,0,1
seer_delayed_round_2_r61_seed522_mixed_strategies_rep04,r61_seed522_mixed_strategies_rep04,522,mixed_strategies,delayed_round_2,4,True,,1,2,night,1,,2,1,2,night,night_kill,4,night,0,0,0,0,1,0,0,0,2,0,1,0
seer_under_threat_r61_seed522_mixed_strategies_rep04,r61_seed522_mixed_strategies_rep04,522,mixed_strategies,under_threat,4,True,,0,,,1,,,1,2,night,night_kill,3,day,0,0,,,,,,,2,0,0,1
seer_selective_useful_info_r61_seed522_mixed_strategies_rep04,r61_seed522_mixed_strategies_rep04,522,mixed_strategies,selective_useful_info,4,True,,0,,,1,,,1,2,night,night_kill,3,day,0,0,,,,,,,2,0,0,1
seer_private_only_r61_seed522_mixed_strategies_rep05,r61_seed522_mixed_strategies_rep05,522,mixed_strategies,private_only,10,True,,0,,,1,1,1,1,2,night,night_kill,4,night,0,0,,,,,,,2,1,1,0
seer_immediate_reveal_r61_seed522_mixed_strategies_rep05,r61_seed522_mixed_strategies_rep05,522,mixed_strategies,immediate_reveal,10,True,,1,1,night,1,1,1,1,2,night,night_kill,4,night,0,0,0,0,0,1,1,2,2,1,1,0
seer_reveal_first_wolf_r61_seed522_mixed_strategies_rep05,r61_seed522_mixed_strategies_rep05,522,mixed_strategies,reveal_first_wolf,10,True,,1,1,night,1,1,1,1,2,night,night_kill,4,night,0,0,0,0,0,1,1,2,2,1,1,0
seer_delayed_round_2_r61_seed522_mixed_strategies_rep05,r61_seed522_mixed_strategies_rep05,522,mixed_strategies,delayed_round_2,10,True,,1,2,night,1,1,2,1,2,night,night_kill,4,night,0,0,0,0,1,0,0,0,2,1,1,0
seer_under_threat_r61_seed522_mixed_strategies_rep05,r61_seed522_mixed_strategies_rep05,522,mixed_strategies,under_threat,10,True,,0,,,1,1,1,1,2,night,night_kill,4,night,0,0,,,,,,,2,1,1,0
seer_selective_useful_info_r61_seed522_mixed_strategies_rep05,r61_seed522_mixed_strategies_rep05,522,mixed_strategies,selective_useful_info,10,True,,1,1,night,1,1,1,1,2,night,night_kill,4,night,0,0,0,0,0,1,1,2,2,1,1,0
seer_private_only_r61_seed523_baseline_rep01,r61_seed523_baseline_rep01,523,baseline,private_only,7,True,,0,,,1,,,1,2,night,night_kill,4,day,0,0,,,,,,,2,0,0,1
seer_immediate_reveal_r61_seed523_baseline_rep01,r61_seed523_baseline_rep01,523,baseline,immediate_reveal,7,True,,1,1,night,1,,1,1,2,night,night_kill,4,day,0,0,0,0,0,1,1,2,2,0,1,1
seer_reveal_first_wolf_r61_seed523_baseline_rep01,r61_seed523_baseline_rep01,523,baseline,reveal_first_wolf,7,True,,0,,,1,,,1,2,night,night_kill,4,day,0,0,,,,,,,2,0,0,1
seer_delayed_round_2_r61_seed523_baseline_rep01,r61_seed523_baseline_rep01,523,baseline,delayed_round_2,7,True,,1,2,night,1,,2,1,2,night,night_kill,4,day,0,0,0,0,1,0,0,0,2,0,1,1
seer_under_threat_r61_seed523_baseline_rep01,r61_seed523_baseline_rep01,523,baseline,under_threat,7,True,,0,,,1,,,1,2,night,night_kill,4,day,0,0,,,,,,,2,0,0,1
seer_selective_useful_info_r61_seed523_baseline_rep01,r61_seed523_baseline_rep01,523,baseline,selective_useful_info,7,True,,0,,,1,,,1,2,night,night_kill,4,day,0,0,,,,,,,2,0,0,1
seer_private_only_r61_seed523_baseline_rep02,r61_seed523_baseline_rep02,523,baseline,private_only,6,True,,0,,,1,1,1,1,2,night,night_kill,4,day,0,0,,,,,,,2,1,1,0
seer_immediate_reveal_r61_seed523_baseline_rep02,r61_seed523_baseline_rep02,523,baseline,immediate_reveal,6,True,,1,1,night,1,1,1,1,2,night,night_kill,4,day,0,0,0,0,0,1,1,2,2,1,1,0
seer_reveal_first_wolf_r61_seed523_baseline_rep02,r61_seed523_baseline_rep02,523,baseline,reveal_first_wolf,6,True,,1,1,night,1,1,1,1,2,night,night_kill,4,day,0,0,0,0,0,1,1,2,2,1,1,0
seer_delayed_round_2_r61_seed523_baseline_rep02,r61_seed523_baseline_rep02,523,baseline,delayed_round_2,6,True,,1,2,night,1,1,2,1,2,night,night_kill,4,day,0,0,0,0,1,0,0,0,2,1,1,0
seer_under_threat_r61_seed523_baseline_rep02,r61_seed523_baseline_rep02,523,baseline,under_threat,6,True,,0,,,1,1,1,1,2,night,night_kill,4,day,0,0,,,,,,,2,1,1,0
seer_selective_useful_info_r61_seed523_baseline_rep02,r61_seed523_baseline_rep02,523,baseline,selective_useful_info,6,True,,1,1,night,1,1,1,1,2,night,night_kill,4,day,0,0,0,0,0,1,1,2,2,1,1,0
seer_private_only_r61_seed523_baseline_rep03,r61_seed523_baseline_rep03,523,baseline,private_only,1,True,,0,,,1,1,1,1,2,night,night_kill,4,day,0,0,,,,,,,2,1,1,1
seer_immediate_reveal_r61_seed523_baseline_rep03,r61_seed523_baseline_rep03,523,baseline,immediate_reveal,1,True,,1,1,night,1,1,1,1,2,night,night_kill,4,day,0,0,0,0,0,1,1,2,2,1,1,1
seer_reveal_first_wolf_r61_seed523_baseline_rep03,r61_seed523_baseline_rep03,523,baseline,reveal_first_wolf,1,True,,1,1,night,1,1,1,1,2,night,night_kill,4,day,0,0,0,0,0,1,1,2,2,1,1,1
seer_delayed_round_2_r61_seed523_baseline_rep03,r61_seed523_baseline_rep03,523,baseline,delayed_round_2,1,True,,1,2,night,1,1,2,1,2,night,night_kill,4,day,0,0,0,0,1,0,0,0,2,1,1,1
seer_under_threat_r61_seed523_baseline_rep03,r61_seed523_baseline_rep03,523,baseline,under_threat,1,True,,0,,,1,1,1,1,2,night,night_kill,4,day,0,0,,,,,,,2,1,1,1
seer_selective_useful_info_r61_seed523_baseline_rep03,r61_seed523_baseline_rep03,523,baseline,selective_useful_info,1,True,,1,1,night,1,1,1,1,2,night,night_kill,4,day,0,0,0,0,0,1,1,2,2,1,1,1
seer_private_only_r61_seed523_baseline_rep04,r61_seed523_baseline_rep04,523,baseline,private_only,10,True,,0,,,1,,,1,2,night,night_kill,4,day,0,0,,,,,,,2,0,0,0
seer_immediate_reveal_r61_seed523_baseline_rep04,r61_seed523_baseline_rep04,523,baseline,immediate_reveal,10,True,,1,1,night,1,,1,1,2,night,night_kill,4,day,0,0,0,0,0,1,1,2,2,0,1,0
seer_reveal_first_wolf_r61_seed523_baseline_rep04,r61_seed523_baseline_rep04,523,baseline,reveal_first_wolf,10,True,,0,,,1,,,1,2,night,night_kill,4,day,0,0,,,,,,,2,0,0,0
seer_delayed_round_2_r61_seed523_baseline_rep04,r61_seed523_baseline_rep04,523,baseline,delayed_round_2,10,True,,1,2,night,1,,2,1,2,night,night_kill,4,day,0,0,0,0,1,0,0,0,2,0,1,0
seer_under_threat_r61_seed523_baseline_rep04,r61_seed523_baseline_rep04,523,baseline,under_threat,10,True,,0,,,1,,,1,2,night,night_kill,4,day,0,0,,,,,,,2,0,0,0
seer_selective_useful_info_r61_seed523_baseline_rep04,r61_seed523_baseline_rep04,523,baseline,selective_useful_info,10,True,,0,,,1,,,1,2,night,night_kill,4,day,0,0,,,,,,,2,0,0,0
seer_private_only_r61_seed523_baseline_rep05,r61_seed523_baseline_rep05,523,baseline,private_only,3,True,,0,,,1,2,2,1,2,night,night_kill,3,night,0,0,,,,,,,2,1,1,0
seer_immediate_reveal_r61_seed523_baseline_rep05,r61_seed523_baseline_rep05,523,baseline,immediate_reveal,3,True,,1,1,night,1,2,1,1,2,night,night_kill,3,night,0,0,0,0,0,1,1,2,2,1,1,0
seer_reveal_first_wolf_r61_seed523_baseline_rep05,r61_seed523_baseline_rep05,523,baseline,reveal_first_wolf,3,True,,1,2,night,1,2,2,1,2,night,night_kill,3,night,0,0,0,0,1,0,0,0,2,1,1,0
seer_delayed_round_2_r61_seed523_baseline_rep05,r61_seed523_baseline_rep05,523,baseline,delayed_round_2,3,True,,1,2,night,1,2,2,1,2,night,night_kill,3,night,0,0,0,0,1,0,0,0,2,1,1,0
seer_under_threat_r61_seed523_baseline_rep05,r61_seed523_baseline_rep05,523,baseline,under_threat,3,True,,0,,,1,2,2,1,2,night,night_kill,3,night,0,0,,,,,,,2,1,1,0
seer_selective_useful_info_r61_seed523_baseline_rep05,r61_seed523_baseline_rep05,523,baseline,selective_useful_info,3,True,,1,2,night,1,2,2,1,2,night,night_kill,3,night,0,0,0,0,1,0,0,0,2,1,1,0
seer_private_only_r61_seed523_speech_enabled_rep01,r61_seed523_speech_enabled_rep01,523,speech_enabled,private_only,9,True,,0,,,1,2,2,1,2,night,night_kill,4,night,0,0,,,,,,,2,1,1,0
seer_immediate_reveal_r61_seed523_speech_enabled_rep01,r61_seed523_speech_enabled_rep01,523,speech_enabled,immediate_reveal,9,True,,1,1,night,1,2,1,1,2,night,night_kill,4,night,0,0,0,0,0,1,1,2,2,1,1,0
seer_reveal_first_wolf_r61_seed523_speech_enabled_rep01,r61_seed523_speech_enabled_rep01,523,speech_enabled,reveal_first_wolf,9,True,,1,2,night,1,2,2,1,2,night,night_kill,4,night,0,0,0,0,1,0,0,0,2,1,1,0
seer_delayed_round_2_r61_seed523_speech_enabled_rep01,r61_seed523_speech_enabled_rep01,523,speech_enabled,delayed_round_2,9,True,,1,2,night,1,2,2,1,2,night,night_kill,4,night,0,0,0,0,1,0,0,0,2,1,1,0
seer_under_threat_r61_seed523_speech_enabled_rep01,r61_seed523_speech_enabled_rep01,523,speech_enabled,under_threat,9,True,,0,,,1,2,2,1,2,night,night_kill,4,night,0,0,,,,,,,2,1,1,0
seer_selective_useful_info_r61_seed523_speech_enabled_rep01,r61_seed523_speech_enabled_rep01,523,speech_enabled,selective_useful_info,9,True,,1,2,night,1,2,2,1,2,night,night_kill,4,night,0,0,0,0,1,0,0,0,2,1,1,0
seer_private_only_r61_seed523_speech_enabled_rep02,r61_seed523_speech_enabled_rep02,523,speech_enabled,private_only,7,True,,0,,,1,,,1,2,night,night_kill,4,night,0,0,,,,,,,2,0,0,0
seer_immediate_reveal_r61_seed523_speech_enabled_rep02,r61_seed523_speech_enabled_rep02,523,speech_enabled,immediate_reveal,7,True,,1,1,night,1,,1,1,2,night,night_kill,4,night,0,0,0,0,0,1,1,2,2,0,1,0
seer_reveal_first_wolf_r61_seed523_speech_enabled_rep02,r61_seed523_speech_enabled_rep02,523,speech_enabled,reveal_first_wolf,7,True,,0,,,1,,,1,2,night,night_kill,4,night,0,0,,,,,,,2,0,0,0
seer_delayed_round_2_r61_seed523_speech_enabled_rep02,r61_seed523_speech_enabled_rep02,523,speech_enabled,delayed_round_2,7,True,,1,2,night,1,,2,1,2,night,night_kill,4,night,0,0,0,0,1,0,0,0,2,0,1,0
seer_under_threat_r61_seed523_speech_enabled_rep02,r61_seed523_speech_enabled_rep02,523,speech_enabled,under_threat,7,True,,0,,,1,,,1,2,night,night_kill,4,night,0,0,,,,,,,2,0,0,0
seer_selective_useful_info_r61_seed523_speech_enabled_rep02,r61_seed523_speech_enabled_rep02,523,speech_enabled,selective_useful_info,7,True,,0,,,1,,,1,2,night,night_kill,4,night,0,0,,,,,,,2,0,0,0
seer_private_only_r61_seed523_speech_enabled_rep03,r61_seed523_speech_enabled_rep03,523,speech_enabled,private_only,10,True,,0,,,1,2,2,1,2,night,night_kill,3,night,0,0,,,,,,,2,1,1,0
seer_immediate_reveal_r61_seed523_speech_enabled_rep03,r61_seed523_speech_enabled_rep03,523,speech_enabled,immediate_reveal,10,True,,1,1,night,1,2,1,1,2,night,night_kill,3,night,0,0,0,0,0,1,1,2,2,1,1,0
seer_reveal_first_wolf_r61_seed523_speech_enabled_rep03,r61_seed523_speech_enabled_rep03,523,speech_enabled,reveal_first_wolf,10,True,,1,2,night,1,2,2,1,2,night,night_kill,3,night,0,0,0,0,1,0,0,0,2,1,1,0
seer_delayed_round_2_r61_seed523_speech_enabled_rep03,r61_seed523_speech_enabled_rep03,523,speech_enabled,delayed_round_2,10,True,,1,2,night,1,2,2,1,2,night,night_kill,3,night,0,0,0,0,1,0,0,0,2,1,1,0
seer_under_threat_r61_seed523_speech_enabled_rep03,r61_seed523_speech_enabled_rep03,523,speech_enabled,under_threat,10,True,,0,,,1,2,2,1,2,night,night_kill,3,night,0,0,,,,,,,2,1,1,0
seer_selective_useful_info_r61_seed523_speech_enabled_rep03,r61_seed523_speech_enabled_rep03,523,speech_enabled,selective_useful_info,10,True,,1,2,night,1,2,2,1,2,night,night_kill,3,night,0,0,0,0,1,0,0,0,2,1,1,0
seer_private_only_r61_seed523_speech_enabled_rep04,r61_seed523_speech_enabled_rep04,523,speech_enabled,private_only,9,True,,0,,,1,1,1,1,2,night,night_kill,4,day,0,0,,,,,,,2,1,1,0
seer_immediate_reveal_r61_seed523_speech_enabled_rep04,r61_seed523_speech_enabled_rep04,523,speech_enabled,immediate_reveal,9,True,,1,1,night,1,1,1,1,2,night,night_kill,4,day,0,0,0,0,0,1,1,2,2,1,1,1
seer_reveal_first_wolf_r61_seed523_speech_enabled_rep04,r61_seed523_speech_enabled_rep04,523,speech_enabled,reveal_first_wolf,9,True,,1,1,night,1,1,1,1,2,night,night_kill,4,day,0,0,0,0,0,1,1,2,2,1,1,0
seer_delayed_round_2_r61_seed523_speech_enabled_rep04,r61_seed523_speech_enabled_rep04,523,speech_enabled,delayed_round_2,9,True,,1,2,night,1,1,2,1,2,night,night_kill,4,day,0,0,0,0,1,0,0,0,2,1,1,0
seer_under_threat_r61_seed523_speech_enabled_rep04,r61_seed523_speech_enabled_rep04,523,speech_enabled,under_threat,9,True,,0,,,1,1,1,1,2,night,night_kill,4,day,0,0,,,,,,,2,1,1,0
seer_selective_useful_info_r61_seed523_speech_enabled_rep04,r61_seed523_speech_enabled_rep04,523,speech_enabled,selective_useful_info,9,True,,1,1,night,1,1,1,1,2,night,night_kill,4,day,0,0,0,0,0,1,1,2,2,1,1,0
seer_private_only_r61_seed523_speech_enabled_rep05,r61_seed523_speech_enabled_rep05,523,speech_enabled,private_only,4,True,,0,,,1,,,1,2,night,night_kill,3,day,0,0,,,,,,,2,0,0,1
seer_immediate_reveal_r61_seed523_speech_enabled_rep05,r61_seed523_speech_enabled_rep05,523,speech_enabled,immediate_reveal,4,True,,1,1,night,1,,1,1,2,night,night_kill,3,day,0,0,0,0,0,1,1,2,2,0,1,1
seer_reveal_first_wolf_r61_seed523_speech_enabled_rep05,r61_seed523_speech_enabled_rep05,523,speech_enabled,reveal_first_wolf,4,True,,0,,,1,,,1,2,night,night_kill,3,day,0,0,,,,,,,2,0,0,1
seer_delayed_round_2_r61_seed523_speech_enabled_rep05,r61_seed523_speech_enabled_rep05,523,speech_enabled,delayed_round_2,4,True,,1,2,night,1,,2,1,2,night,night_kill,3,day,0,0,0,0,1,0,0,0,2,0,1,1
seer_under_threat_r61_seed523_speech_enabled_rep05,r61_seed523_speech_enabled_rep05,523,speech_enabled,under_threat,4,True,,0,,,1,,,1,2,night,night_kill,3,day,0,0,,,,,,,2,0,0,1
seer_selective_useful_info_r61_seed523_speech_enabled_rep05,r61_seed523_speech_enabled_rep05,523,speech_enabled,selective_useful_info,4,True,,0,,,1,,,1,2,night,night_kill,3,day,0,0,,,,,,,2,0,0,1
seer_private_only_r61_seed523_herding_enabled_rep01,r61_seed523_herding_enabled_rep01,523,herding_enabled,private_only,6,True,,0,,,1,,,1,1,night,night_kill,3,day,0,0,,,,,,,1,0,0,1
seer_immediate_reveal_r61_seed523_herding_enabled_rep01,r61_seed523_herding_enabled_rep01,523,herding_enabled,immediate_reveal,6,True,,1,1,night,1,,1,1,1,night,night_kill,3,day,0,0,0,0,1,0,0,0,1,0,1,1
seer_reveal_first_wolf_r61_seed523_herding_enabled_rep01,r61_seed523_herding_enabled_rep01,523,herding_enabled,reveal_first_wolf,6,True,,0,,,1,,,1,1,night,night_kill,3,day,0,0,,,,,,,1,0,0,1
seer_delayed_round_2_r61_seed523_herding_enabled_rep01,r61_seed523_herding_enabled_rep01,523,herding_enabled,delayed_round_2,6,True,,0,,,1,,,1,1,night,night_kill,3,day,0,0,,,,,,,1,0,0,1
seer_under_threat_r61_seed523_herding_enabled_rep01,r61_seed523_herding_enabled_rep01,523,herding_enabled,under_threat,6,True,,0,,,1,,,1,1,night,night_kill,3,day,0,0,,,,,,,1,0,0,1
seer_selective_useful_info_r61_seed523_herding_enabled_rep01,r61_seed523_herding_enabled_rep01,523,herding_enabled,selective_useful_info,6,True,,0,,,1,,,1,1,night,night_kill,3,day,0,0,,,,,,,1,0,0,1
seer_private_only_r61_seed523_herding_enabled_rep02,r61_seed523_herding_enabled_rep02,523,herding_enabled,private_only,10,True,,0,,,1,,,1,1,night,night_kill,3,night,0,0,,,,,,,1,0,0,0
seer_immediate_reveal_r61_seed523_herding_enabled_rep02,r61_seed523_herding_enabled_rep02,523,herding_enabled,immediate_reveal,10,True,,1,1,night,1,,1,1,1,night,night_kill,3,night,0,0,0,0,1,0,0,0,1,0,1,0
seer_reveal_first_wolf_r61_seed523_herding_enabled_rep02,r61_seed523_herding_enabled_rep02,523,herding_enabled,reveal_first_wolf,10,True,,0,,,1,,,1,1,night,night_kill,3,night,0,0,,,,,,,1,0,0,0
seer_delayed_round_2_r61_seed523_herding_enabled_rep02,r61_seed523_herding_enabled_rep02,523,herding_enabled,delayed_round_2,10,True,,0,,,1,,,1,1,night,night_kill,3,night,0,0,,,,,,,1,0,0,0
seer_under_threat_r61_seed523_herding_enabled_rep02,r61_seed523_herding_enabled_rep02,523,herding_enabled,under_threat,10,True,,0,,,1,,,1,1,night,night_kill,3,night,0,0,,,,,,,1,0,0,0
seer_selective_useful_info_r61_seed523_herding_enabled_rep02,r61_seed523_herding_enabled_rep02,523,herding_enabled,selective_useful_info,10,True,,0,,,1,,,1,1,night,night_kill,3,night,0,0,,,,,,,1,0,0,0
seer_private_only_r61_seed523_herding_enabled_rep03,r61_seed523_herding_enabled_rep03,523,herding_enabled,private_only,1,True,,0,,,1,,,1,2,night,night_kill,3,day,0,0,,,,,,,2,0,0,1
seer_immediate_reveal_r61_seed523_herding_enabled_rep03,r61_seed523_herding_enabled_rep03,523,herding_enabled,immediate_reveal,1,True,,1,1,night,1,,1,1,2,night,night_kill,3,day,0,0,0,0,0,1,1,2,2,0,1,1
seer_reveal_first_wolf_r61_seed523_herding_enabled_rep03,r61_seed523_herding_enabled_rep03,523,herding_enabled,reveal_first_wolf,1,True,,0,,,1,,,1,2,night,night_kill,3,day,0,0,,,,,,,2,0,0,1
seer_delayed_round_2_r61_seed523_herding_enabled_rep03,r61_seed523_herding_enabled_rep03,523,herding_enabled,delayed_round_2,1,True,,1,2,night,1,,2,1,2,night,night_kill,3,day,0,0,0,0,1,0,0,0,2,0,1,1
seer_under_threat_r61_seed523_herding_enabled_rep03,r61_seed523_herding_enabled_rep03,523,herding_enabled,under_threat,1,True,,0,,,1,,,1,2,night,night_kill,3,day,0,0,,,,,,,2,0,0,1
seer_selective_useful_info_r61_seed523_herding_enabled_rep03,r61_seed523_herding_enabled_rep03,523,herding_enabled,selective_useful_info,1,True,,0,,,1,,,1,2,night,night_kill,3,day,0,0,,,,,,,2,0,0,1
seer_private_only_r61_seed523_herding_enabled_rep04,r61_seed523_herding_enabled_rep04,523,herding_enabled,private_only,3,True,,0,,,1,,,1,1,night,night_kill,4,day,0,0,,,,,,,1,0,0,0
seer_immediate_reveal_r61_seed523_herding_enabled_rep04,r61_seed523_herding_enabled_rep04,523,herding_enabled,immediate_reveal,3,True,,1,1,night,1,,1,1,2,night,night_kill,2,night,0,0,0,0,0,1,1,2,2,0,1,0
seer_reveal_first_wolf_r61_seed523_herding_enabled_rep04,r61_seed523_herding_enabled_rep04,523,herding_enabled,reveal_first_wolf,3,True,,0,,,1,,,1,1,night,night_kill,4,day,0,0,,,,,,,1,0,0,0
seer_delayed_round_2_r61_seed523_herding_enabled_rep04,r61_seed523_herding_enabled_rep04,523,herding_enabled,delayed_round_2,3,True,,0,,,1,,,1,1,night,night_kill,4,day,0,0,,,,,,,1,0,0,0
seer_under_threat_r61_seed523_herding_enabled_rep04,r61_seed523_herding_enabled_rep04,523,herding_enabled,under_threat,3,True,,0,,,1,,,1,1,night,night_kill,4,day,0,0,,,,,,,1,0,0,0
seer_selective_useful_info_r61_seed523_herding_enabled_rep04,r61_seed523_herding_enabled_rep04,523,herding_enabled,selective_useful_info,3,True,,0,,,1,,,1,1,night,night_kill,4,day,0,0,,,,,,,1,0,0,0
seer_private_only_r61_seed523_herding_enabled_rep05,r61_seed523_herding_enabled_rep05,523,herding_enabled,private_only,6,True,,0,,,1,1,1,1,2,night,night_kill,4,day,0,0,,,,,,,2,1,1,0
seer_immediate_reveal_r61_seed523_herding_enabled_rep05,r61_seed523_herding_enabled_rep05,523,herding_enabled,immediate_reveal,6,True,,1,1,night,1,1,1,1,2,night,night_kill,4,day,0,0,0,0,0,1,1,2,2,1,1,0
seer_reveal_first_wolf_r61_seed523_herding_enabled_rep05,r61_seed523_herding_enabled_rep05,523,herding_enabled,reveal_first_wolf,6,True,,1,1,night,1,1,1,1,2,night,night_kill,4,day,0,0,0,0,0,1,1,2,2,1,1,0
seer_delayed_round_2_r61_seed523_herding_enabled_rep05,r61_seed523_herding_enabled_rep05,523,herding_enabled,delayed_round_2,6,True,,1,2,night,1,1,2,1,2,night,night_kill,4,day,0,0,0,0,1,0,0,0,2,1,1,0
seer_under_threat_r61_seed523_herding_enabled_rep05,r61_seed523_herding_enabled_rep05,523,herding_enabled,under_threat,6,True,,0,,,1,1,1,1,2,night,night_kill,4,day,0,0,,,,,,,2,1,1,0
seer_selective_useful_info_r61_seed523_herding_enabled_rep05,r61_seed523_herding_enabled_rep05,523,herding_enabled,selective_useful_info,6,True,,1,1,night,1,1,1,1,2,night,night_kill,4,day,0,0,0,0,0,1,1,2,2,1,1,0
seer_private_only_r61_seed523_deception_enabled_rep01,r61_seed523_deception_enabled_rep01,523,deception_enabled,private_only,4,True,,0,,,1,1,1,1,2,night,night_kill,3,day,0,0,,,,,,,2,2,1,1
seer_immediate_reveal_r61_seed523_deception_enabled_rep01,r61_seed523_deception_enabled_rep01,523,deception_enabled,immediate_reveal,4,True,,1,1,night,1,1,1,1,2,night,night_kill,3,day,0,0,0,0,0,1,1,2,2,2,1,1
seer_reveal_first_wolf_r61_seed523_deception_enabled_rep01,r61_seed523_deception_enabled_rep01,523,deception_enabled,reveal_first_wolf,4,True,,1,1,night,1,1,1,1,2,night,night_kill,3,day,0,0,0,0,0,1,1,2,2,2,1,1
seer_delayed_round_2_r61_seed523_deception_enabled_rep01,r61_seed523_deception_enabled_rep01,523,deception_enabled,delayed_round_2,4,True,,1,2,night,1,1,2,1,2,night,night_kill,3,day,0,0,0,0,1,0,0,0,2,2,1,1
seer_under_threat_r61_seed523_deception_enabled_rep01,r61_seed523_deception_enabled_rep01,523,deception_enabled,under_threat,4,True,,0,,,1,1,1,1,2,night,night_kill,3,day,0,0,,,,,,,2,2,1,1
seer_selective_useful_info_r61_seed523_deception_enabled_rep01,r61_seed523_deception_enabled_rep01,523,deception_enabled,selective_useful_info,4,True,,1,1,night,1,1,1,1,2,night,night_kill,3,day,0,0,0,0,0,1,1,2,2,2,1,1
seer_private_only_r61_seed523_deception_enabled_rep02,r61_seed523_deception_enabled_rep02,523,deception_enabled,private_only,2,True,,0,,,1,2,2,1,2,night,night_kill,3,night,0,0,,,,,,,2,1,1,0
seer_immediate_reveal_r61_seed523_deception_enabled_rep02,r61_seed523_deception_enabled_rep02,523,deception_enabled,immediate_reveal,2,True,,1,1,night,1,2,1,1,2,night,night_kill,3,night,0,0,0,0,0,1,1,2,2,1,1,0
seer_reveal_first_wolf_r61_seed523_deception_enabled_rep02,r61_seed523_deception_enabled_rep02,523,deception_enabled,reveal_first_wolf,2,True,,1,2,night,1,2,2,1,2,night,night_kill,3,night,0,0,0,0,1,0,0,0,2,1,1,0
seer_delayed_round_2_r61_seed523_deception_enabled_rep02,r61_seed523_deception_enabled_rep02,523,deception_enabled,delayed_round_2,2,True,,1,2,night,1,2,2,1,2,night,night_kill,3,night,0,0,0,0,1,0,0,0,2,1,1,0
seer_under_threat_r61_seed523_deception_enabled_rep02,r61_seed523_deception_enabled_rep02,523,deception_enabled,under_threat,2,True,,0,,,1,2,2,1,2,night,night_kill,3,night,0,0,,,,,,,2,1,1,0
seer_selective_useful_info_r61_seed523_deception_enabled_rep02,r61_seed523_deception_enabled_rep02,523,deception_enabled,selective_useful_info,2,True,,1,2,night,1,2,2,1,2,night,night_kill,3,night,0,0,0,0,1,0,0,0,2,1,1,0
seer_private_only_r61_seed523_deception_enabled_rep03,r61_seed523_deception_enabled_rep03,523,deception_enabled,private_only,8,True,,0,,,1,,,1,1,day,day_elimination,3,night,0,0,,,,,,,1,0,0,0
seer_immediate_reveal_r61_seed523_deception_enabled_rep03,r61_seed523_deception_enabled_rep03,523,deception_enabled,immediate_reveal,8,True,,1,1,night,1,,1,1,1,day,day_elimination,3,night,0,0,0,0,1,0,0,1,1,0,1,0
seer_reveal_first_wolf_r61_seed523_deception_enabled_rep03,r61_seed523_deception_enabled_rep03,523,deception_enabled,reveal_first_wolf,8,True,,0,,,1,,,1,1,day,day_elimination,3,night,0,0,,,,,,,1,0,0,0
seer_delayed_round_2_r61_seed523_deception_enabled_rep03,r61_seed523_deception_enabled_rep03,523,deception_enabled,delayed_round_2,8,True,,0,,,1,,,1,1,day,day_elimination,3,night,0,0,,,,,,,1,0,0,0
seer_under_threat_r61_seed523_deception_enabled_rep03,r61_seed523_deception_enabled_rep03,523,deception_enabled,under_threat,8,True,,0,,,1,,,1,1,day,day_elimination,3,night,0,0,,,,,,,1,0,0,0
seer_selective_useful_info_r61_seed523_deception_enabled_rep03,r61_seed523_deception_enabled_rep03,523,deception_enabled,selective_useful_info,8,True,,0,,,1,,,1,1,day,day_elimination,3,night,0,0,,,,,,,1,0,0,0
seer_private_only_r61_seed523_deception_enabled_rep04,r61_seed523_deception_enabled_rep04,523,deception_enabled,private_only,4,True,,0,,,1,,,1,2,night,night_kill,2,day,0,0,,,,,,,2,0,0,0
seer_immediate_reveal_r61_seed523_deception_enabled_rep04,r61_seed523_deception_enabled_rep04,523,deception_enabled,immediate_reveal,4,True,,1,1,night,1,,1,1,2,night,night_kill,3,day,0,0,0,0,0,1,1,2,2,0,1,0
seer_reveal_first_wolf_r61_seed523_deception_enabled_rep04,r61_seed523_deception_enabled_rep04,523,deception_enabled,reveal_first_wolf,4,True,,0,,,1,,,1,2,night,night_kill,2,day,0,0,,,,,,,2,0,0,0
seer_delayed_round_2_r61_seed523_deception_enabled_rep04,r61_seed523_deception_enabled_rep04,523,deception_enabled,delayed_round_2,4,True,,1,2,night,1,,2,1,2,night,night_kill,2,day,0,0,0,0,1,0,0,0,2,0,1,0
seer_under_threat_r61_seed523_deception_enabled_rep04,r61_seed523_deception_enabled_rep04,523,deception_enabled,under_threat,4,True,,0,,,1,,,1,2,night,night_kill,2,day,0,0,,,,,,,2,0,0,0
seer_selective_useful_info_r61_seed523_deception_enabled_rep04,r61_seed523_deception_enabled_rep04,523,deception_enabled,selective_useful_info,4,True,,0,,,1,,,1,2,night,night_kill,2,day,0,0,,,,,,,2,0,0,0
seer_private_only_r61_seed523_deception_enabled_rep05,r61_seed523_deception_enabled_rep05,523,deception_enabled,private_only,8,True,,0,,,1,2,2,1,2,night,night_kill,3,night,0,0,,,,,,,2,1,1,0
seer_immediate_reveal_r61_seed523_deception_enabled_rep05,r61_seed523_deception_enabled_rep05,523,deception_enabled,immediate_reveal,8,True,,1,1,night,1,2,1,1,2,night,night_kill,3,night,0,0,0,0,0,1,1,2,2,1,1,0
seer_reveal_first_wolf_r61_seed523_deception_enabled_rep05,r61_seed523_deception_enabled_rep05,523,deception_enabled,reveal_first_wolf,8,True,,1,2,night,1,2,2,1,2,night,night_kill,3,night,0,0,0,0,1,0,0,0,2,1,1,0
seer_delayed_round_2_r61_seed523_deception_enabled_rep05,r61_seed523_deception_enabled_rep05,523,deception_enabled,delayed_round_2,8,True,,1,2,night,1,2,2,1,2,night,night_kill,3,night,0,0,0,0,1,0,0,0,2,1,1,0
seer_under_threat_r61_seed523_deception_enabled_rep05,r61_seed523_deception_enabled_rep05,523,deception_enabled,under_threat,8,True,,0,,,1,2,2,1,2,night,night_kill,3,night,0,0,,,,,,,2,1,1,0
seer_selective_useful_info_r61_seed523_deception_enabled_rep05,r61_seed523_deception_enabled_rep05,523,deception_enabled,selective_useful_info,8,True,,1,2,night,1,2,2,1,2,night,night_kill,3,night,0,0,0,0,1,0,0,0,2,1,1,0
seer_private_only_r61_seed523_heterogeneous_risk_rep01,r61_seed523_heterogeneous_risk_rep01,523,heterogeneous_risk,private_only,4,True,,0,,,1,,,1,1,night,night_kill,2,day,0,0,,,,,,,1,0,0,0
seer_immediate_reveal_r61_seed523_heterogeneous_risk_rep01,r61_seed523_heterogeneous_risk_rep01,523,heterogeneous_risk,immediate_reveal,4,True,,1,1,night,1,,1,1,1,night,night_kill,2,day,0,0,0,0,1,0,0,0,1,0,1,0
seer_reveal_first_wolf_r61_seed523_heterogeneous_risk_rep01,r61_seed523_heterogeneous_risk_rep01,523,heterogeneous_risk,reveal_first_wolf,4,True,,0,,,1,,,1,1,night,night_kill,2,day,0,0,,,,,,,1,0,0,0
seer_delayed_round_2_r61_seed523_heterogeneous_risk_rep01,r61_seed523_heterogeneous_risk_rep01,523,heterogeneous_risk,delayed_round_2,4,True,,0,,,1,,,1,1,night,night_kill,2,day,0,0,,,,,,,1,0,0,0
seer_under_threat_r61_seed523_heterogeneous_risk_rep01,r61_seed523_heterogeneous_risk_rep01,523,heterogeneous_risk,under_threat,4,True,,0,,,1,,,1,1,night,night_kill,2,day,0,0,,,,,,,1,0,0,0
seer_selective_useful_info_r61_seed523_heterogeneous_risk_rep01,r61_seed523_heterogeneous_risk_rep01,523,heterogeneous_risk,selective_useful_info,4,True,,0,,,1,,,1,1,night,night_kill,2,day,0,0,,,,,,,1,0,0,0
seer_private_only_r61_seed523_heterogeneous_risk_rep02,r61_seed523_heterogeneous_risk_rep02,523,heterogeneous_risk,private_only,2,True,,0,,,1,1,1,1,2,night,night_kill,4,day,0,0,,,,,,,2,1,1,0
seer_immediate_reveal_r61_seed523_heterogeneous_risk_rep02,r61_seed523_heterogeneous_risk_rep02,523,heterogeneous_risk,immediate_reveal,2,True,,1,1,night,1,1,1,1,2,night,night_kill,4,day,0,0,0,0,0,1,1,2,2,1,1,0
seer_reveal_first_wolf_r61_seed523_heterogeneous_risk_rep02,r61_seed523_heterogeneous_risk_rep02,523,heterogeneous_risk,reveal_first_wolf,2,True,,1,1,night,1,1,1,1,2,night,night_kill,4,day,0,0,0,0,0,1,1,2,2,1,1,0
seer_delayed_round_2_r61_seed523_heterogeneous_risk_rep02,r61_seed523_heterogeneous_risk_rep02,523,heterogeneous_risk,delayed_round_2,2,True,,1,2,night,1,1,2,1,2,night,night_kill,4,day,0,0,0,0,1,0,0,0,2,1,1,0
seer_under_threat_r61_seed523_heterogeneous_risk_rep02,r61_seed523_heterogeneous_risk_rep02,523,heterogeneous_risk,under_threat,2,True,,0,,,1,1,1,1,2,night,night_kill,4,day,0,0,,,,,,,2,1,1,0
seer_selective_useful_info_r61_seed523_heterogeneous_risk_rep02,r61_seed523_heterogeneous_risk_rep02,523,heterogeneous_risk,selective_useful_info,2,True,,1,1,night,1,1,1,1,2,night,night_kill,4,day,0,0,0,0,0,1,1,2,2,1,1,0
seer_private_only_r61_seed523_heterogeneous_risk_rep03,r61_seed523_heterogeneous_risk_rep03,523,heterogeneous_risk,private_only,5,True,,0,,,1,,,1,2,night,night_kill,4,night,0,0,,,,,,,2,0,0,1
seer_immediate_reveal_r61_seed523_heterogeneous_risk_rep03,r61_seed523_heterogeneous_risk_rep03,523,heterogeneous_risk,immediate_reveal,5,True,,1,1,night,1,,1,1,2,night,night_kill,3,night,0,0,0,0,0,1,1,2,2,0,1,1
seer_reveal_first_wolf_r61_seed523_heterogeneous_risk_rep03,r61_seed523_heterogeneous_risk_rep03,523,heterogeneous_risk,reveal_first_wolf,5,True,,0,,,1,,,1,2,night,night_kill,4,night,0,0,,,,,,,2,0,0,1
seer_delayed_round_2_r61_seed523_heterogeneous_risk_rep03,r61_seed523_heterogeneous_risk_rep03,523,heterogeneous_risk,delayed_round_2,5,True,,1,2,night,1,,2,1,2,night,night_kill,3,night,0,0,0,0,1,0,0,0,2,0,1,1
seer_under_threat_r61_seed523_heterogeneous_risk_rep03,r61_seed523_heterogeneous_risk_rep03,523,heterogeneous_risk,under_threat,5,True,,0,,,1,,,1,2,night,night_kill,4,night,0,0,,,,,,,2,0,0,1
seer_selective_useful_info_r61_seed523_heterogeneous_risk_rep03,r61_seed523_heterogeneous_risk_rep03,523,heterogeneous_risk,selective_useful_info,5,True,,0,,,1,,,1,2,night,night_kill,4,night,0,0,,,,,,,2,0,0,1
seer_private_only_r61_seed523_heterogeneous_risk_rep04,r61_seed523_heterogeneous_risk_rep04,523,heterogeneous_risk,private_only,2,True,,0,,,1,,,1,2,night,night_kill,2,day,0,0,,,,,,,2,0,0,0
seer_immediate_reveal_r61_seed523_heterogeneous_risk_rep04,r61_seed523_heterogeneous_risk_rep04,523,heterogeneous_risk,immediate_reveal,2,True,,1,1,night,1,,1,1,2,night,night_kill,2,day,0,0,0,0,0,1,1,2,2,0,1,0
seer_reveal_first_wolf_r61_seed523_heterogeneous_risk_rep04,r61_seed523_heterogeneous_risk_rep04,523,heterogeneous_risk,reveal_first_wolf,2,True,,0,,,1,,,1,2,night,night_kill,2,day,0,0,,,,,,,2,0,0,0
seer_delayed_round_2_r61_seed523_heterogeneous_risk_rep04,r61_seed523_heterogeneous_risk_rep04,523,heterogeneous_risk,delayed_round_2,2,True,,1,2,night,1,,2,1,2,night,night_kill,2,day,0,0,0,0,1,0,0,0,2,0,1,0
seer_under_threat_r61_seed523_heterogeneous_risk_rep04,r61_seed523_heterogeneous_risk_rep04,523,heterogeneous_risk,under_threat,2,True,,0,,,1,,,1,2,night,night_kill,2,day,0,0,,,,,,,2,0,0,0
seer_selective_useful_info_r61_seed523_heterogeneous_risk_rep04,r61_seed523_heterogeneous_risk_rep04,523,heterogeneous_risk,selective_useful_info,2,True,,0,,,1,,,1,2,night,night_kill,2,day,0,0,,,,,,,2,0,0,0
seer_private_only_r61_seed523_heterogeneous_risk_rep05,r61_seed523_heterogeneous_risk_rep05,523,heterogeneous_risk,private_only,1,True,,0,,,1,,,1,1,night,night_kill,2,day,0,0,,,,,,,1,0,0,0
seer_immediate_reveal_r61_seed523_heterogeneous_risk_rep05,r61_seed523_heterogeneous_risk_rep05,523,heterogeneous_risk,immediate_reveal,1,True,,1,1,night,1,,1,1,1,day,day_elimination,2,night,0,0,0,0,1,0,0,1,1,0,1,0
seer_reveal_first_wolf_r61_seed523_heterogeneous_risk_rep05,r61_seed523_heterogeneous_risk_rep05,523,heterogeneous_risk,reveal_first_wolf,1,True,,0,,,1,,,1,1,night,night_kill,2,day,0,0,,,,,,,1,0,0,0
seer_delayed_round_2_r61_seed523_heterogeneous_risk_rep05,r61_seed523_heterogeneous_risk_rep05,523,heterogeneous_risk,delayed_round_2,1,True,,0,,,1,,,1,1,night,night_kill,2,day,0,0,,,,,,,1,0,0,0
seer_under_threat_r61_seed523_heterogeneous_risk_rep05,r61_seed523_heterogeneous_risk_rep05,523,heterogeneous_risk,under_threat,1,True,,0,,,1,,,1,1,night,night_kill,2,day,0,0,,,,,,,1,0,0,0
seer_selective_useful_info_r61_seed523_heterogeneous_risk_rep05,r61_seed523_heterogeneous_risk_rep05,523,heterogeneous_risk,selective_useful_info,1,True,,0,,,1,,,1,1,night,night_kill,2,day,0,0,,,,,,,1,0,0,0
seer_private_only_r61_seed523_strong_village_information_rep01,r61_seed523_strong_village_information_rep01,523,strong_village_information,private_only,6,True,,0,,,1,,,1,1,day,day_elimination,3,night,0,0,,,,,,,1,0,0,0
seer_immediate_reveal_r61_seed523_strong_village_information_rep01,r61_seed523_strong_village_information_rep01,523,strong_village_information,immediate_reveal,6,True,,1,1,night,1,,1,1,1,day,day_elimination,3,night,0,0,0,0,1,0,0,1,1,0,1,0
seer_reveal_first_wolf_r61_seed523_strong_village_information_rep01,r61_seed523_strong_village_information_rep01,523,strong_village_information,reveal_first_wolf,6,True,,0,,,1,,,1,1,day,day_elimination,3,night,0,0,,,,,,,1,0,0,0
seer_delayed_round_2_r61_seed523_strong_village_information_rep01,r61_seed523_strong_village_information_rep01,523,strong_village_information,delayed_round_2,6,True,,0,,,1,,,1,1,day,day_elimination,3,night,0,0,,,,,,,1,0,0,0
seer_under_threat_r61_seed523_strong_village_information_rep01,r61_seed523_strong_village_information_rep01,523,strong_village_information,under_threat,6,True,,0,,,1,,,1,1,day,day_elimination,3,night,0,0,,,,,,,1,0,0,0
seer_selective_useful_info_r61_seed523_strong_village_information_rep01,r61_seed523_strong_village_information_rep01,523,strong_village_information,selective_useful_info,6,True,,0,,,1,,,1,1,day,day_elimination,3,night,0,0,,,,,,,1,0,0,0
seer_private_only_r61_seed523_strong_village_information_rep02,r61_seed523_strong_village_information_rep02,523,strong_village_information,private_only,5,True,,0,,,1,,,1,1,day,day_elimination,3,night,0,0,,,,,,,1,0,0,0
seer_immediate_reveal_r61_seed523_strong_village_information_rep02,r61_seed523_strong_village_information_rep02,523,strong_village_information,immediate_reveal,5,True,,1,1,night,1,,1,1,1,day,day_elimination,3,night,0,0,0,0,1,0,0,1,1,0,1,0
seer_reveal_first_wolf_r61_seed523_strong_village_information_rep02,r61_seed523_strong_village_information_rep02,523,strong_village_information,reveal_first_wolf,5,True,,0,,,1,,,1,1,day,day_elimination,3,night,0,0,,,,,,,1,0,0,0
seer_delayed_round_2_r61_seed523_strong_village_information_rep02,r61_seed523_strong_village_information_rep02,523,strong_village_information,delayed_round_2,5,True,,0,,,1,,,1,1,day,day_elimination,3,night,0,0,,,,,,,1,0,0,0
seer_under_threat_r61_seed523_strong_village_information_rep02,r61_seed523_strong_village_information_rep02,523,strong_village_information,under_threat,5,True,,0,,,1,,,1,1,day,day_elimination,3,night,0,0,,,,,,,1,0,0,0
seer_selective_useful_info_r61_seed523_strong_village_information_rep02,r61_seed523_strong_village_information_rep02,523,strong_village_information,selective_useful_info,5,True,,0,,,1,,,1,1,day,day_elimination,3,night,0,0,,,,,,,1,0,0,0
seer_private_only_r61_seed523_strong_village_information_rep03,r61_seed523_strong_village_information_rep03,523,strong_village_information,private_only,3,True,,0,,,1,1,1,1,2,night,night_kill,4,day,0,0,,,,,,,2,1,1,0
seer_immediate_reveal_r61_seed523_strong_village_information_rep03,r61_seed523_strong_village_information_rep03,523,strong_village_information,immediate_reveal,3,True,,1,1,night,1,1,1,1,2,night,night_kill,4,day,0,0,0,0,0,1,1,2,2,1,1,0
seer_reveal_first_wolf_r61_seed523_strong_village_information_rep03,r61_seed523_strong_village_information_rep03,523,strong_village_information,reveal_first_wolf,3,True,,1,1,night,1,1,1,1,2,night,night_kill,4,day,0,0,0,0,0,1,1,2,2,1,1,0
seer_delayed_round_2_r61_seed523_strong_village_information_rep03,r61_seed523_strong_village_information_rep03,523,strong_village_information,delayed_round_2,3,True,,1,2,night,1,1,2,1,2,night,night_kill,4,day,0,0,0,0,1,0,0,0,2,1,1,0
seer_under_threat_r61_seed523_strong_village_information_rep03,r61_seed523_strong_village_information_rep03,523,strong_village_information,under_threat,3,True,,0,,,1,1,1,1,2,night,night_kill,4,day,0,0,,,,,,,2,1,1,0
seer_selective_useful_info_r61_seed523_strong_village_information_rep03,r61_seed523_strong_village_information_rep03,523,strong_village_information,selective_useful_info,3,True,,1,1,night,1,1,1,1,2,night,night_kill,4,day,0,0,0,0,0,1,1,2,2,1,1,0
seer_private_only_r61_seed523_strong_village_information_rep04,r61_seed523_strong_village_information_rep04,523,strong_village_information,private_only,9,True,,0,,,1,,,1,2,night,night_kill,4,night,0,0,,,,,,,2,0,0,0
seer_immediate_reveal_r61_seed523_strong_village_information_rep04,r61_seed523_strong_village_information_rep04,523,strong_village_information,immediate_reveal,9,True,,1,1,night,1,,1,1,2,night,night_kill,4,night,0,0,0,0,0,1,1,2,2,0,1,0
seer_reveal_first_wolf_r61_seed523_strong_village_information_rep04,r61_seed523_strong_village_information_rep04,523,strong_village_information,reveal_first_wolf,9,True,,0,,,1,,,1,2,night,night_kill,4,night,0,0,,,,,,,2,0,0,0
seer_delayed_round_2_r61_seed523_strong_village_information_rep04,r61_seed523_strong_village_information_rep04,523,strong_village_information,delayed_round_2,9,True,,1,2,night,1,,2,1,2,night,night_kill,4,night,0,0,0,0,1,0,0,0,2,0,1,0
seer_under_threat_r61_seed523_strong_village_information_rep04,r61_seed523_strong_village_information_rep04,523,strong_village_information,under_threat,9,True,,0,,,1,,,1,2,night,night_kill,4,night,0,0,,,,,,,2,0,0,0
seer_selective_useful_info_r61_seed523_strong_village_information_rep04,r61_seed523_strong_village_information_rep04,523,strong_village_information,selective_useful_info,9,True,,0,,,1,,,1,2,night,night_kill,4,night,0,0,,,,,,,2,0,0,0
seer_private_only_r61_seed523_strong_village_information_rep05,r61_seed523_strong_village_information_rep05,523,strong_village_information,private_only,6,True,,0,,,1,,,1,2,night,night_kill,4,night,0,0,,,,,,,2,0,0,0
seer_immediate_reveal_r61_seed523_strong_village_information_rep05,r61_seed523_strong_village_information_rep05,523,strong_village_information,immediate_reveal,6,True,,1,1,night,1,,1,1,2,night,night_kill,4,night,0,0,0,0,0,1,1,2,2,0,1,0
seer_reveal_first_wolf_r61_seed523_strong_village_information_rep05,r61_seed523_strong_village_information_rep05,523,strong_village_information,reveal_first_wolf,6,True,,0,,,1,,,1,2,night,night_kill,4,night,0,0,,,,,,,2,0,0,0
seer_delayed_round_2_r61_seed523_strong_village_information_rep05,r61_seed523_strong_village_information_rep05,523,strong_village_information,delayed_round_2,6,True,,1,2,night,1,,2,1,2,night,night_kill,4,night,0,0,0,0,1,0,0,0,2,0,1,0
seer_under_threat_r61_seed523_strong_village_information_rep05,r61_seed523_strong_village_information_rep05,523,strong_village_information,under_threat,6,True,,0,,,1,,,1,2,night,night_kill,4,night,0,0,,,,,,,2,0,0,0
seer_selective_useful_info_r61_seed523_strong_village_information_rep05,r61_seed523_strong_village_information_rep05,523,strong_village_information,selective_useful_info,6,True,,0,,,1,,,1,2,night,night_kill,4,night,0,0,,,,,,,2,0,0,0
seer_private_only_r61_seed523_weak_village_information_rep01,r61_seed523_weak_village_information_rep01,523,weak_village_information,private_only,2,True,,0,,,1,,,1,1,night,night_kill,4,night,0,0,,,,,,,1,0,0,0
seer_immediate_reveal_r61_seed523_weak_village_information_rep01,r61_seed523_weak_village_information_rep01,523,weak_village_information,immediate_reveal,2,True,,1,1,night,1,,1,1,1,night,night_kill,4,night,0,0,0,0,1,0,0,0,1,0,1,0
seer_reveal_first_wolf_r61_seed523_weak_village_information_rep01,r61_seed523_weak_village_information_rep01,523,weak_village_information,reveal_first_wolf,2,True,,0,,,1,,,1,1,night,night_kill,4,night,0,0,,,,,,,1,0,0,0
seer_delayed_round_2_r61_seed523_weak_village_information_rep01,r61_seed523_weak_village_information_rep01,523,weak_village_information,delayed_round_2,2,True,,0,,,1,,,1,1,night,night_kill,4,night,0,0,,,,,,,1,0,0,0
seer_under_threat_r61_seed523_weak_village_information_rep01,r61_seed523_weak_village_information_rep01,523,weak_village_information,under_threat,2,True,,0,,,1,,,1,1,night,night_kill,4,night,0,0,,,,,,,1,0,0,0
seer_selective_useful_info_r61_seed523_weak_village_information_rep01,r61_seed523_weak_village_information_rep01,523,weak_village_information,selective_useful_info,2,True,,0,,,1,,,1,1,night,night_kill,4,night,0,0,,,,,,,1,0,0,0
seer_private_only_r61_seed523_weak_village_information_rep02,r61_seed523_weak_village_information_rep02,523,weak_village_information,private_only,4,True,,0,,,1,1,1,1,2,night,night_kill,4,day,0,0,,,,,,,2,1,1,0
seer_immediate_reveal_r61_seed523_weak_village_information_rep02,r61_seed523_weak_village_information_rep02,523,weak_village_information,immediate_reveal,4,True,,1,1,night,1,1,1,1,2,night,night_kill,4,day,0,0,0,0,0,1,1,2,2,1,1,0
seer_reveal_first_wolf_r61_seed523_weak_village_information_rep02,r61_seed523_weak_village_information_rep02,523,weak_village_information,reveal_first_wolf,4,True,,1,1,night,1,1,1,1,2,night,night_kill,4,day,0,0,0,0,0,1,1,2,2,1,1,0
seer_delayed_round_2_r61_seed523_weak_village_information_rep02,r61_seed523_weak_village_information_rep02,523,weak_village_information,delayed_round_2,4,True,,1,2,night,1,1,2,1,2,night,night_kill,4,day,0,0,0,0,1,0,0,0,2,1,1,0
seer_under_threat_r61_seed523_weak_village_information_rep02,r61_seed523_weak_village_information_rep02,523,weak_village_information,under_threat,4,True,,0,,,1,1,1,1,2,night,night_kill,4,day,0,0,,,,,,,2,1,1,0
seer_selective_useful_info_r61_seed523_weak_village_information_rep02,r61_seed523_weak_village_information_rep02,523,weak_village_information,selective_useful_info,4,True,,1,1,night,1,1,1,1,2,night,night_kill,4,day,0,0,0,0,0,1,1,2,2,1,1,0
seer_private_only_r61_seed523_weak_village_information_rep03,r61_seed523_weak_village_information_rep03,523,weak_village_information,private_only,8,True,,0,,,1,2,2,1,2,night,night_kill,4,night,0,0,,,,,,,2,1,1,0
seer_immediate_reveal_r61_seed523_weak_village_information_rep03,r61_seed523_weak_village_information_rep03,523,weak_village_information,immediate_reveal,8,True,,1,1,night,1,2,1,1,2,night,night_kill,3,night,0,0,0,0,0,1,1,2,2,1,1,0
seer_reveal_first_wolf_r61_seed523_weak_village_information_rep03,r61_seed523_weak_village_information_rep03,523,weak_village_information,reveal_first_wolf,8,True,,1,2,night,1,2,2,1,2,night,night_kill,3,night,0,0,0,0,1,0,0,0,2,1,1,0
seer_delayed_round_2_r61_seed523_weak_village_information_rep03,r61_seed523_weak_village_information_rep03,523,weak_village_information,delayed_round_2,8,True,,1,2,night,1,2,2,1,2,night,night_kill,3,night,0,0,0,0,1,0,0,0,2,1,1,0
seer_under_threat_r61_seed523_weak_village_information_rep03,r61_seed523_weak_village_information_rep03,523,weak_village_information,under_threat,8,True,,0,,,1,2,2,1,2,night,night_kill,4,night,0,0,,,,,,,2,1,1,0
seer_selective_useful_info_r61_seed523_weak_village_information_rep03,r61_seed523_weak_village_information_rep03,523,weak_village_information,selective_useful_info,8,True,,1,2,night,1,2,2,1,2,night,night_kill,3,night,0,0,0,0,1,0,0,0,2,1,1,0
seer_private_only_r61_seed523_weak_village_information_rep04,r61_seed523_weak_village_information_rep04,523,weak_village_information,private_only,3,True,,0,,,1,,,1,1,night,night_kill,3,night,0,0,,,,,,,1,0,0,0
seer_immediate_reveal_r61_seed523_weak_village_information_rep04,r61_seed523_weak_village_information_rep04,523,weak_village_information,immediate_reveal,3,True,,1,1,night,1,,1,1,1,night,night_kill,3,night,0,0,0,0,1,0,0,0,1,0,1,0
seer_reveal_first_wolf_r61_seed523_weak_village_information_rep04,r61_seed523_weak_village_information_rep04,523,weak_village_information,reveal_first_wolf,3,True,,0,,,1,,,1,1,night,night_kill,3,night,0,0,,,,,,,1,0,0,0
seer_delayed_round_2_r61_seed523_weak_village_information_rep04,r61_seed523_weak_village_information_rep04,523,weak_village_information,delayed_round_2,3,True,,0,,,1,,,1,1,night,night_kill,3,night,0,0,,,,,,,1,0,0,0
seer_under_threat_r61_seed523_weak_village_information_rep04,r61_seed523_weak_village_information_rep04,523,weak_village_information,under_threat,3,True,,0,,,1,,,1,1,night,night_kill,3,night,0,0,,,,,,,1,0,0,0
seer_selective_useful_info_r61_seed523_weak_village_information_rep04,r61_seed523_weak_village_information_rep04,523,weak_village_information,selective_useful_info,3,True,,0,,,1,,,1,1,night,night_kill,3,night,0,0,,,,,,,1,0,0,0
seer_private_only_r61_seed523_weak_village_information_rep05,r61_seed523_weak_village_information_rep05,523,weak_village_information,private_only,9,True,,0,,,1,2,2,1,2,night,night_kill,3,night,0,0,,,,,,,2,1,1,0
seer_immediate_reveal_r61_seed523_weak_village_information_rep05,r61_seed523_weak_village_information_rep05,523,weak_village_information,immediate_reveal,9,True,,1,1,night,1,2,1,1,2,night,night_kill,3,day,0,0,0,0,0,1,1,2,2,1,1,0
seer_reveal_first_wolf_r61_seed523_weak_village_information_rep05,r61_seed523_weak_village_information_rep05,523,weak_village_information,reveal_first_wolf,9,True,,1,2,night,1,2,2,1,2,night,night_kill,3,day,0,0,0,0,1,0,0,0,2,1,1,0
seer_delayed_round_2_r61_seed523_weak_village_information_rep05,r61_seed523_weak_village_information_rep05,523,weak_village_information,delayed_round_2,9,True,,1,2,night,1,2,2,1,2,night,night_kill,3,day,0,0,0,0,1,0,0,0,2,1,1,0
seer_under_threat_r61_seed523_weak_village_information_rep05,r61_seed523_weak_village_information_rep05,523,weak_village_information,under_threat,9,True,,0,,,1,2,2,1,2,night,night_kill,3,night,0,0,,,,,,,2,1,1,0
seer_selective_useful_info_r61_seed523_weak_village_information_rep05,r61_seed523_weak_village_information_rep05,523,weak_village_information,selective_useful_info,9,True,,1,2,night,1,2,2,1,2,night,night_kill,3,day,0,0,0,0,1,0,0,0,2,1,1,0
seer_private_only_r61_seed523_high_emotional_speech_rep01,r61_seed523_high_emotional_speech_rep01,523,high_emotional_speech,private_only,8,True,,0,,,1,2,2,1,2,night,night_kill,3,day,0,0,,,,,,,2,1,1,0
seer_immediate_reveal_r61_seed523_high_emotional_speech_rep01,r61_seed523_high_emotional_speech_rep01,523,high_emotional_speech,immediate_reveal,8,True,,1,1,night,1,2,1,1,2,night,night_kill,3,day,0,0,0,0,0,1,1,2,2,1,1,0
seer_reveal_first_wolf_r61_seed523_high_emotional_speech_rep01,r61_seed523_high_emotional_speech_rep01,523,high_emotional_speech,reveal_first_wolf,8,True,,1,2,night,1,2,2,1,2,night,night_kill,3,day,0,0,0,0,1,0,0,0,2,1,1,0
seer_delayed_round_2_r61_seed523_high_emotional_speech_rep01,r61_seed523_high_emotional_speech_rep01,523,high_emotional_speech,delayed_round_2,8,True,,1,2,night,1,2,2,1,2,night,night_kill,3,day,0,0,0,0,1,0,0,0,2,1,1,0
seer_under_threat_r61_seed523_high_emotional_speech_rep01,r61_seed523_high_emotional_speech_rep01,523,high_emotional_speech,under_threat,8,True,,0,,,1,2,2,1,2,night,night_kill,3,day,0,0,,,,,,,2,1,1,0
seer_selective_useful_info_r61_seed523_high_emotional_speech_rep01,r61_seed523_high_emotional_speech_rep01,523,high_emotional_speech,selective_useful_info,8,True,,1,2,night,1,2,2,1,2,night,night_kill,3,day,0,0,0,0,1,0,0,0,2,1,1,0
seer_private_only_r61_seed523_high_emotional_speech_rep02,r61_seed523_high_emotional_speech_rep02,523,high_emotional_speech,private_only,7,True,,0,,,1,2,2,1,2,night,night_kill,4,night,0,0,,,,,,,2,1,1,0
seer_immediate_reveal_r61_seed523_high_emotional_speech_rep02,r61_seed523_high_emotional_speech_rep02,523,high_emotional_speech,immediate_reveal,7,True,,1,1,night,1,2,1,1,2,night,night_kill,4,night,0,0,0,0,0,1,1,2,2,1,1,0
seer_reveal_first_wolf_r61_seed523_high_emotional_speech_rep02,r61_seed523_high_emotional_speech_rep02,523,high_emotional_speech,reveal_first_wolf,7,True,,1,2,night,1,2,2,1,2,night,night_kill,4,night,0,0,0,0,1,0,0,0,2,1,1,0
seer_delayed_round_2_r61_seed523_high_emotional_speech_rep02,r61_seed523_high_emotional_speech_rep02,523,high_emotional_speech,delayed_round_2,7,True,,1,2,night,1,2,2,1,2,night,night_kill,4,night,0,0,0,0,1,0,0,0,2,1,1,0
seer_under_threat_r61_seed523_high_emotional_speech_rep02,r61_seed523_high_emotional_speech_rep02,523,high_emotional_speech,under_threat,7,True,,0,,,1,2,2,1,2,night,night_kill,4,night,0,0,,,,,,,2,1,1,0
seer_selective_useful_info_r61_seed523_high_emotional_speech_rep02,r61_seed523_high_emotional_speech_rep02,523,high_emotional_speech,selective_useful_info,7,True,,1,2,night,1,2,2,1,2,night,night_kill,4,night,0,0,0,0,1,0,0,0,2,1,1,0
seer_private_only_r61_seed523_high_emotional_speech_rep03,r61_seed523_high_emotional_speech_rep03,523,high_emotional_speech,private_only,1,True,,0,,,1,,,1,2,night,night_kill,4,day,0,0,,,,,,,2,0,0,0
seer_immediate_reveal_r61_seed523_high_emotional_speech_rep03,r61_seed523_high_emotional_speech_rep03,523,high_emotional_speech,immediate_reveal,1,True,,1,1,night,1,,1,1,2,night,night_kill,4,day,0,0,0,0,0,1,1,2,2,0,1,1
seer_reveal_first_wolf_r61_seed523_high_emotional_speech_rep03,r61_seed523_high_emotional_speech_rep03,523,high_emotional_speech,reveal_first_wolf,1,True,,0,,,1,,,1,2,night,night_kill,4,day,0,0,,,,,,,2,0,0,0
seer_delayed_round_2_r61_seed523_high_emotional_speech_rep03,r61_seed523_high_emotional_speech_rep03,523,high_emotional_speech,delayed_round_2,1,True,,1,2,night,1,,2,1,2,night,night_kill,4,day,0,0,0,0,1,0,0,0,2,0,1,1
seer_under_threat_r61_seed523_high_emotional_speech_rep03,r61_seed523_high_emotional_speech_rep03,523,high_emotional_speech,under_threat,1,True,,0,,,1,,,1,2,night,night_kill,4,day,0,0,,,,,,,2,0,0,0
seer_selective_useful_info_r61_seed523_high_emotional_speech_rep03,r61_seed523_high_emotional_speech_rep03,523,high_emotional_speech,selective_useful_info,1,True,,0,,,1,,,1,2,night,night_kill,4,day,0,0,,,,,,,2,0,0,0
seer_private_only_r61_seed523_high_emotional_speech_rep04,r61_seed523_high_emotional_speech_rep04,523,high_emotional_speech,private_only,5,True,,0,,,1,2,2,1,2,night,night_kill,3,night,0,0,,,,,,,2,1,1,0
seer_immediate_reveal_r61_seed523_high_emotional_speech_rep04,r61_seed523_high_emotional_speech_rep04,523,high_emotional_speech,immediate_reveal,5,True,,1,1,night,1,2,1,1,2,night,night_kill,3,night,0,0,0,0,0,1,1,2,2,1,1,0
seer_reveal_first_wolf_r61_seed523_high_emotional_speech_rep04,r61_seed523_high_emotional_speech_rep04,523,high_emotional_speech,reveal_first_wolf,5,True,,1,2,night,1,2,2,1,2,night,night_kill,3,night,0,0,0,0,1,0,0,0,2,1,1,0
seer_delayed_round_2_r61_seed523_high_emotional_speech_rep04,r61_seed523_high_emotional_speech_rep04,523,high_emotional_speech,delayed_round_2,5,True,,1,2,night,1,2,2,1,2,night,night_kill,3,night,0,0,0,0,1,0,0,0,2,1,1,0
seer_under_threat_r61_seed523_high_emotional_speech_rep04,r61_seed523_high_emotional_speech_rep04,523,high_emotional_speech,under_threat,5,True,,0,,,1,2,2,1,2,night,night_kill,3,night,0,0,,,,,,,2,1,1,0
seer_selective_useful_info_r61_seed523_high_emotional_speech_rep04,r61_seed523_high_emotional_speech_rep04,523,high_emotional_speech,selective_useful_info,5,True,,1,2,night,1,2,2,1,2,night,night_kill,3,night,0,0,0,0,1,0,0,0,2,1,1,0
seer_private_only_r61_seed523_high_emotional_speech_rep05,r61_seed523_high_emotional_speech_rep05,523,high_emotional_speech,private_only,6,True,,0,,,1,,,1,1,night,night_kill,4,day,0,0,,,,,,,1,0,0,0
seer_immediate_reveal_r61_seed523_high_emotional_speech_rep05,r61_seed523_high_emotional_speech_rep05,523,high_emotional_speech,immediate_reveal,6,True,,1,1,night,1,,1,1,1,night,night_kill,4,day,0,0,0,0,1,0,0,0,1,0,1,0
seer_reveal_first_wolf_r61_seed523_high_emotional_speech_rep05,r61_seed523_high_emotional_speech_rep05,523,high_emotional_speech,reveal_first_wolf,6,True,,0,,,1,,,1,1,night,night_kill,4,day,0,0,,,,,,,1,0,0,0
seer_delayed_round_2_r61_seed523_high_emotional_speech_rep05,r61_seed523_high_emotional_speech_rep05,523,high_emotional_speech,delayed_round_2,6,True,,0,,,1,,,1,1,night,night_kill,4,day,0,0,,,,,,,1,0,0,0
seer_under_threat_r61_seed523_high_emotional_speech_rep05,r61_seed523_high_emotional_speech_rep05,523,high_emotional_speech,under_threat,6,True,,0,,,1,,,1,1,night,night_kill,4,day,0,0,,,,,,,1,0,0,0
seer_selective_useful_info_r61_seed523_high_emotional_speech_rep05,r61_seed523_high_emotional_speech_rep05,523,high_emotional_speech,selective_useful_info,6,True,,0,,,1,,,1,1,night,night_kill,4,day,0,0,,,,,,,1,0,0,0
seer_private_only_r61_seed523_low_information_speech_rep01,r61_seed523_low_information_speech_rep01,523,low_information_speech,private_only,3,True,,0,,,1,1,1,1,2,night,night_kill,4,night,0,0,,,,,,,2,2,1,0
seer_immediate_reveal_r61_seed523_low_information_speech_rep01,r61_seed523_low_information_speech_rep01,523,low_information_speech,immediate_reveal,3,True,,1,1,night,1,1,1,1,2,night,night_kill,4,night,0,0,0,0,0,1,1,2,2,2,1,1
seer_reveal_first_wolf_r61_seed523_low_information_speech_rep01,r61_seed523_low_information_speech_rep01,523,low_information_speech,reveal_first_wolf,3,True,,1,1,night,1,1,1,1,2,night,night_kill,4,night,0,0,0,0,0,1,1,2,2,2,1,1
seer_delayed_round_2_r61_seed523_low_information_speech_rep01,r61_seed523_low_information_speech_rep01,523,low_information_speech,delayed_round_2,3,True,,1,2,night,1,1,2,1,2,night,night_kill,4,night,0,0,0,0,1,0,0,0,2,2,1,0
seer_under_threat_r61_seed523_low_information_speech_rep01,r61_seed523_low_information_speech_rep01,523,low_information_speech,under_threat,3,True,,0,,,1,1,1,1,2,night,night_kill,4,night,0,0,,,,,,,2,2,1,0
seer_selective_useful_info_r61_seed523_low_information_speech_rep01,r61_seed523_low_information_speech_rep01,523,low_information_speech,selective_useful_info,3,True,,1,1,night,1,1,1,1,2,night,night_kill,4,night,0,0,0,0,0,1,1,2,2,2,1,1
seer_private_only_r61_seed523_low_information_speech_rep02,r61_seed523_low_information_speech_rep02,523,low_information_speech,private_only,2,True,,0,,,1,,,1,1,night,night_kill,4,night,0,0,,,,,,,1,0,0,0
seer_immediate_reveal_r61_seed523_low_information_speech_rep02,r61_seed523_low_information_speech_rep02,523,low_information_speech,immediate_reveal,2,True,,1,1,night,1,,1,1,1,night,night_kill,4,night,0,0,0,0,1,0,0,0,1,0,1,0
seer_reveal_first_wolf_r61_seed523_low_information_speech_rep02,r61_seed523_low_information_speech_rep02,523,low_information_speech,reveal_first_wolf,2,True,,0,,,1,,,1,1,night,night_kill,4,night,0,0,,,,,,,1,0,0,0
seer_delayed_round_2_r61_seed523_low_information_speech_rep02,r61_seed523_low_information_speech_rep02,523,low_information_speech,delayed_round_2,2,True,,0,,,1,,,1,1,night,night_kill,4,night,0,0,,,,,,,1,0,0,0
seer_under_threat_r61_seed523_low_information_speech_rep02,r61_seed523_low_information_speech_rep02,523,low_information_speech,under_threat,2,True,,0,,,1,,,1,1,night,night_kill,4,night,0,0,,,,,,,1,0,0,0
seer_selective_useful_info_r61_seed523_low_information_speech_rep02,r61_seed523_low_information_speech_rep02,523,low_information_speech,selective_useful_info,2,True,,0,,,1,,,1,1,night,night_kill,4,night,0,0,,,,,,,1,0,0,0
seer_private_only_r61_seed523_low_information_speech_rep03,r61_seed523_low_information_speech_rep03,523,low_information_speech,private_only,8,True,,0,,,1,,,1,2,night,night_kill,3,night,0,0,,,,,,,2,0,0,0
seer_immediate_reveal_r61_seed523_low_information_speech_rep03,r61_seed523_low_information_speech_rep03,523,low_information_speech,immediate_reveal,8,True,,1,1,night,1,,1,1,2,night,night_kill,3,night,0,0,0,0,0,1,1,2,2,0,1,0
seer_reveal_first_wolf_r61_seed523_low_information_speech_rep03,r61_seed523_low_information_speech_rep03,523,low_information_speech,reveal_first_wolf,8,True,,0,,,1,,,1,2,night,night_kill,3,night,0,0,,,,,,,2,0,0,0
seer_delayed_round_2_r61_seed523_low_information_speech_rep03,r61_seed523_low_information_speech_rep03,523,low_information_speech,delayed_round_2,8,True,,1,2,night,1,,2,1,2,night,night_kill,3,night,0,0,0,0,1,0,0,0,2,0,1,0
seer_under_threat_r61_seed523_low_information_speech_rep03,r61_seed523_low_information_speech_rep03,523,low_information_speech,under_threat,8,True,,0,,,1,,,1,2,night,night_kill,3,night,0,0,,,,,,,2,0,0,0
seer_selective_useful_info_r61_seed523_low_information_speech_rep03,r61_seed523_low_information_speech_rep03,523,low_information_speech,selective_useful_info,8,True,,0,,,1,,,1,2,night,night_kill,3,night,0,0,,,,,,,2,0,0,0
seer_private_only_r61_seed523_low_information_speech_rep04,r61_seed523_low_information_speech_rep04,523,low_information_speech,private_only,7,True,,0,,,1,,,1,2,night,night_kill,4,day,0,0,,,,,,,2,0,0,1
seer_immediate_reveal_r61_seed523_low_information_speech_rep04,r61_seed523_low_information_speech_rep04,523,low_information_speech,immediate_reveal,7,True,,1,1,night,1,,1,1,2,night,night_kill,4,day,0,0,0,0,0,1,1,2,2,0,1,1
seer_reveal_first_wolf_r61_seed523_low_information_speech_rep04,r61_seed523_low_information_speech_rep04,523,low_information_speech,reveal_first_wolf,7,True,,0,,,1,,,1,2,night,night_kill,4,day,0,0,,,,,,,2,0,0,1
seer_delayed_round_2_r61_seed523_low_information_speech_rep04,r61_seed523_low_information_speech_rep04,523,low_information_speech,delayed_round_2,7,True,,1,2,night,1,,2,1,2,night,night_kill,4,day,0,0,0,0,1,0,0,0,2,0,1,1
seer_under_threat_r61_seed523_low_information_speech_rep04,r61_seed523_low_information_speech_rep04,523,low_information_speech,under_threat,7,True,,0,,,1,,,1,2,night,night_kill,4,day,0,0,,,,,,,2,0,0,1
seer_selective_useful_info_r61_seed523_low_information_speech_rep04,r61_seed523_low_information_speech_rep04,523,low_information_speech,selective_useful_info,7,True,,0,,,1,,,1,2,night,night_kill,4,day,0,0,,,,,,,2,0,0,1
seer_private_only_r61_seed523_low_information_speech_rep05,r61_seed523_low_information_speech_rep05,523,low_information_speech,private_only,10,True,,0,,,1,,,1,2,night,night_kill,3,night,0,0,,,,,,,2,0,0,0
seer_immediate_reveal_r61_seed523_low_information_speech_rep05,r61_seed523_low_information_speech_rep05,523,low_information_speech,immediate_reveal,10,True,,1,1,night,1,,1,1,2,night,night_kill,3,night,0,0,0,0,0,1,1,2,2,0,1,0
seer_reveal_first_wolf_r61_seed523_low_information_speech_rep05,r61_seed523_low_information_speech_rep05,523,low_information_speech,reveal_first_wolf,10,True,,0,,,1,,,1,2,night,night_kill,3,night,0,0,,,,,,,2,0,0,0
seer_delayed_round_2_r61_seed523_low_information_speech_rep05,r61_seed523_low_information_speech_rep05,523,low_information_speech,delayed_round_2,10,True,,1,2,night,1,,2,1,2,night,night_kill,3,night,0,0,0,0,1,0,0,0,2,0,1,0
seer_under_threat_r61_seed523_low_information_speech_rep05,r61_seed523_low_information_speech_rep05,523,low_information_speech,under_threat,10,True,,0,,,1,,,1,2,night,night_kill,3,night,0,0,,,,,,,2,0,0,0
seer_selective_useful_info_r61_seed523_low_information_speech_rep05,r61_seed523_low_information_speech_rep05,523,low_information_speech,selective_useful_info,10,True,,0,,,1,,,1,2,night,night_kill,3,night,0,0,,,,,,,2,0,0,0
seer_private_only_r61_seed523_mixed_strategies_rep01,r61_seed523_mixed_strategies_rep01,523,mixed_strategies,private_only,5,True,,0,,,1,2,2,1,2,night,night_kill,3,night,0,0,,,,,,,2,1,1,0
seer_immediate_reveal_r61_seed523_mixed_strategies_rep01,r61_seed523_mixed_strategies_rep01,523,mixed_strategies,immediate_reveal,5,True,,1,1,night,1,2,1,1,2,night,night_kill,3,night,0,0,0,0,0,1,1,2,2,1,1,0
seer_reveal_first_wolf_r61_seed523_mixed_strategies_rep01,r61_seed523_mixed_strategies_rep01,523,mixed_strategies,reveal_first_wolf,5,True,,1,2,night,1,2,2,1,2,night,night_kill,3,night,0,0,0,0,1,0,0,0,2,1,1,0
seer_delayed_round_2_r61_seed523_mixed_strategies_rep01,r61_seed523_mixed_strategies_rep01,523,mixed_strategies,delayed_round_2,5,True,,1,2,night,1,2,2,1,2,night,night_kill,3,night,0,0,0,0,1,0,0,0,2,1,1,0
seer_under_threat_r61_seed523_mixed_strategies_rep01,r61_seed523_mixed_strategies_rep01,523,mixed_strategies,under_threat,5,True,,0,,,1,2,2,1,2,night,night_kill,3,night,0,0,,,,,,,2,1,1,0
seer_selective_useful_info_r61_seed523_mixed_strategies_rep01,r61_seed523_mixed_strategies_rep01,523,mixed_strategies,selective_useful_info,5,True,,1,2,night,1,2,2,1,2,night,night_kill,3,night,0,0,0,0,1,0,0,0,2,1,1,0
seer_private_only_r61_seed523_mixed_strategies_rep02,r61_seed523_mixed_strategies_rep02,523,mixed_strategies,private_only,10,True,,0,,,1,,,1,1,night,night_kill,3,night,0,0,,,,,,,1,0,0,0
seer_immediate_reveal_r61_seed523_mixed_strategies_rep02,r61_seed523_mixed_strategies_rep02,523,mixed_strategies,immediate_reveal,10,True,,1,1,night,1,,1,1,1,night,night_kill,4,night,0,0,0,0,1,0,0,0,1,0,1,0
seer_reveal_first_wolf_r61_seed523_mixed_strategies_rep02,r61_seed523_mixed_strategies_rep02,523,mixed_strategies,reveal_first_wolf,10,True,,0,,,1,,,1,1,night,night_kill,3,night,0,0,,,,,,,1,0,0,0
seer_delayed_round_2_r61_seed523_mixed_strategies_rep02,r61_seed523_mixed_strategies_rep02,523,mixed_strategies,delayed_round_2,10,True,,0,,,1,,,1,1,night,night_kill,3,night,0,0,,,,,,,1,0,0,0
seer_under_threat_r61_seed523_mixed_strategies_rep02,r61_seed523_mixed_strategies_rep02,523,mixed_strategies,under_threat,10,True,,0,,,1,,,1,1,night,night_kill,3,night,0,0,,,,,,,1,0,0,0
seer_selective_useful_info_r61_seed523_mixed_strategies_rep02,r61_seed523_mixed_strategies_rep02,523,mixed_strategies,selective_useful_info,10,True,,0,,,1,,,1,1,night,night_kill,3,night,0,0,,,,,,,1,0,0,0
seer_private_only_r61_seed523_mixed_strategies_rep03,r61_seed523_mixed_strategies_rep03,523,mixed_strategies,private_only,5,True,,0,,,1,1,1,1,2,night,night_kill,4,day,0,0,,,,,,,2,1,1,0
seer_immediate_reveal_r61_seed523_mixed_strategies_rep03,r61_seed523_mixed_strategies_rep03,523,mixed_strategies,immediate_reveal,5,True,,1,1,night,1,1,1,1,2,night,night_kill,4,day,0,0,0,0,0,1,1,2,2,1,1,0
seer_reveal_first_wolf_r61_seed523_mixed_strategies_rep03,r61_seed523_mixed_strategies_rep03,523,mixed_strategies,reveal_first_wolf,5,True,,1,1,night,1,1,1,1,2,night,night_kill,4,day,0,0,0,0,0,1,1,2,2,1,1,0
seer_delayed_round_2_r61_seed523_mixed_strategies_rep03,r61_seed523_mixed_strategies_rep03,523,mixed_strategies,delayed_round_2,5,True,,1,2,night,1,1,2,1,2,night,night_kill,4,day,0,0,0,0,1,0,0,0,2,1,1,0
seer_under_threat_r61_seed523_mixed_strategies_rep03,r61_seed523_mixed_strategies_rep03,523,mixed_strategies,under_threat,5,True,,0,,,1,1,1,1,2,night,night_kill,4,day,0,0,,,,,,,2,1,1,0
seer_selective_useful_info_r61_seed523_mixed_strategies_rep03,r61_seed523_mixed_strategies_rep03,523,mixed_strategies,selective_useful_info,5,True,,1,1,night,1,1,1,1,2,night,night_kill,4,day,0,0,0,0,0,1,1,2,2,1,1,0
seer_private_only_r61_seed523_mixed_strategies_rep04,r61_seed523_mixed_strategies_rep04,523,mixed_strategies,private_only,1,True,,0,,,1,,,1,1,night,night_kill,3,night,0,0,,,,,,,1,0,0,0
seer_immediate_reveal_r61_seed523_mixed_strategies_rep04,r61_seed523_mixed_strategies_rep04,523,mixed_strategies,immediate_reveal,1,True,,1,1,night,1,,1,1,1,night,night_kill,3,night,0,0,0,0,1,0,0,0,1,0,1,0
seer_reveal_first_wolf_r61_seed523_mixed_strategies_rep04,r61_seed523_mixed_strategies_rep04,523,mixed_strategies,reveal_first_wolf,1,True,,0,,,1,,,1,1,night,night_kill,3,night,0,0,,,,,,,1,0,0,0
seer_delayed_round_2_r61_seed523_mixed_strategies_rep04,r61_seed523_mixed_strategies_rep04,523,mixed_strategies,delayed_round_2,1,True,,0,,,1,,,1,1,night,night_kill,3,night,0,0,,,,,,,1,0,0,0
seer_under_threat_r61_seed523_mixed_strategies_rep04,r61_seed523_mixed_strategies_rep04,523,mixed_strategies,under_threat,1,True,,0,,,1,,,1,1,night,night_kill,3,night,0,0,,,,,,,1,0,0,0
seer_selective_useful_info_r61_seed523_mixed_strategies_rep04,r61_seed523_mixed_strategies_rep04,523,mixed_strategies,selective_useful_info,1,True,,0,,,1,,,1,1,night,night_kill,3,night,0,0,,,,,,,1,0,0,0
seer_private_only_r61_seed523_mixed_strategies_rep05,r61_seed523_mixed_strategies_rep05,523,mixed_strategies,private_only,1,True,,0,,,1,,,1,2,night,night_kill,4,night,0,0,,,,,,,2,0,0,0
seer_immediate_reveal_r61_seed523_mixed_strategies_rep05,r61_seed523_mixed_strategies_rep05,523,mixed_strategies,immediate_reveal,1,True,,1,1,night,1,,1,1,2,night,night_kill,3,day,0,0,0,0,0,1,1,2,2,0,1,1
seer_reveal_first_wolf_r61_seed523_mixed_strategies_rep05,r61_seed523_mixed_strategies_rep05,523,mixed_strategies,reveal_first_wolf,1,True,,0,,,1,,,1,2,night,night_kill,4,night,0,0,,,,,,,2,0,0,0
seer_delayed_round_2_r61_seed523_mixed_strategies_rep05,r61_seed523_mixed_strategies_rep05,523,mixed_strategies,delayed_round_2,1,True,,1,2,night,1,,2,1,2,night,night_kill,3,day,0,0,0,0,1,0,0,0,2,0,1,1
seer_under_threat_r61_seed523_mixed_strategies_rep05,r61_seed523_mixed_strategies_rep05,523,mixed_strategies,under_threat,1,True,,0,,,1,,,1,2,night,night_kill,4,night,0,0,,,,,,,2,0,0,0
seer_selective_useful_info_r61_seed523_mixed_strategies_rep05,r61_seed523_mixed_strategies_rep05,523,mixed_strategies,selective_useful_info,1,True,,0,,,1,,,1,2,night,night_kill,4,night,0,0,,,,,,,2,0,0,0
