decision_id,observation_id,game_id,seed,base_game_index,round,phase,decision_type,actor_uid,actor_team,actor_role_if_self_known,candidate_uid,action_legal,action_selected_by_existing_policy,existing_policy_name,selected_candidate_uid,dataset_split,split_group_id,round_number,phase_is_night,phase_is_day,decision_type_is_seer_check,decision_type_is_wolf_kill,decision_type_is_day_vote,actor_team_is_wolf,actor_team_is_village,alive_count,dead_count,public_revealed_role_count,public_information_entropy_proxy,number_of_public_check_results,number_of_previous_eliminations,actor_suspicion_score,actor_p_wolf,actor_risk_conservative,actor_risk_aggressive,actor_previous_votes_made,actor_previous_speeches_made,actor_known_teammate_count,candidate_alive,candidate_checked_by_actor_status,candidate_public_role_known,candidate_suspicion_score,candidate_p_wolf,candidate_received_accusations,candidate_made_accusations,candidate_wrong_accusation_count,candidate_vote_received_count,candidate_vote_made_count,candidate_vote_switch_count,candidate_speech_count,candidate_defense_count,candidate_role_claim_count,candidate_special_role_claim_count,candidate_trust_from_actor,candidate_conflict_with_actor,candidate_support_from_actor,candidate_public_influence_proxy,candidate_physical_seat_numeric,candidate_seat_is_edge,candidate_side_is_left,candidate_distance_from_actor,candidate_search_coverage_bonus,candidate_was_previously_targeted_by_actor,candidate_known_wolf_to_actor,candidate_known_village_to_actor,candidate_current_vote_count,current_vote_total,candidate_uncertainty_proxy,candidate_survival_proxy,true_candidate_role_label,candidate_is_wolf_label,candidate_is_special_label,check_target_is_wolf,vote_target_is_wolf_label,eventual_winner_label,actor_team_win_label,rollout_count,rollout_team_win_rate,rollout_team_win_standard_error,rollout_immediate_success_rate,rollout_secondary_reward_mean,rollout_value_rank_within_decision,rollout_best_action,rollout_existing_policy_regret,rollout_mode
be4341bbf6bf57f038796a7faf565790d89bd2139a0cad6755809ee1b400dc06,8ff7d110279a221d34a92135cbf890bc48b66cca776d128bd47df42741753a89,ml_stage1_seed_42_game_1,42,1,1,night,seer_check,9,village,seer,4,1,1,information_gain_proxy,4,train,seed_42_game_1,1,1,0,1,0,0,0,1,10,0,0,0.3,0,0,0.0,0.3,0,0,0,0,0,1,0,0,0.0,0.3,0,0,0,0,0,0,0,0,0,0,0.5,0,0,0.0,4,0,1,5,1.0,0,0,0,0,0,0.3,1.425,villager,0,0,0,0,wolf,0,5,0.2,0.1788854381999832,0.0,1.3,6,1,0.6000000000000001,observation_safe_surrogate
be4341bbf6bf57f038796a7faf565790d89bd2139a0cad6755809ee1b400dc06,8ff7d110279a221d34a92135cbf890bc48b66cca776d128bd47df42741753a89,ml_stage1_seed_42_game_1,42,1,1,night,seer_check,9,village,seer,1,1,0,information_gain_proxy,4,train,seed_42_game_1,1,1,0,1,0,0,0,1,10,0,0,0.3,0,0,0.0,0.3,0,0,0,0,0,1,0,0,0.0,0.3,0,0,0,0,0,0,0,0,0,0,0.5,0,0,0.0,1,1,1,2,0.4,0,0,0,0,0,0.3,1.425,hunter,0,1,0,0,wolf,0,5,0.8,0.17888543819998315,0.0,0.7,1,1,0.6000000000000001,observation_safe_surrogate
be4341bbf6bf57f038796a7faf565790d89bd2139a0cad6755809ee1b400dc06,8ff7d110279a221d34a92135cbf890bc48b66cca776d128bd47df42741753a89,ml_stage1_seed_42_game_1,42,1,1,night,seer_check,9,village,seer,2,1,0,information_gain_proxy,4,train,seed_42_game_1,1,1,0,1,0,0,0,1,10,0,0,0.3,0,0,0.0,0.3,0,0,0,0,0,1,0,0,0.0,0.3,0,0,0,0,0,0,0,0,0,0,0.5,0,0,0.0,2,0,1,3,0.6,0,0,0,0,0,0.3,1.425,werewolf,1,0,1,1,wolf,0,5,0.8,0.17888543819998315,1.0,0.9,1,1,0.6000000000000001,observation_safe_surrogate
be4341bbf6bf57f038796a7faf565790d89bd2139a0cad6755809ee1b400dc06,8ff7d110279a221d34a92135cbf890bc48b66cca776d128bd47df42741753a89,ml_stage1_seed_42_game_1,42,1,1,night,seer_check,9,village,seer,6,1,0,information_gain_proxy,4,train,seed_42_game_1,1,1,0,1,0,0,0,1,10,0,0,0.3,0,0,0.0,0.3,0,0,0,0,0,1,0,0,0.0,0.3,0,0,0,0,0,0,0,0,0,0,0.5,0,0,0.0,6,1,0,3,0.6,0,0,0,0,0,0.3,1.425,villager,0,0,0,0,wolf,0,5,0.6,0.21908902300206645,0.0,0.9,3,1,0.6000000000000001,observation_safe_surrogate
be4341bbf6bf57f038796a7faf565790d89bd2139a0cad6755809ee1b400dc06,8ff7d110279a221d34a92135cbf890bc48b66cca776d128bd47df42741753a89,ml_stage1_seed_42_game_1,42,1,1,night,seer_check,9,village,seer,5,1,0,information_gain_proxy,4,train,seed_42_game_1,1,1,0,1,0,0,0,1,10,0,0,0.3,0,0,0.0,0.3,0,0,0,0,0,1,0,0,0.0,0.3,0,0,0,0,0,0,0,0,0,0,0.5,0,0,0.0,5,1,1,4,0.8,0,0,0,0,0,0.3,1.425,witch,0,1,0,0,wolf,0,5,0.4,0.21908902300206645,0.0,1.1,5,1,0.6000000000000001,observation_safe_surrogate
be4341bbf6bf57f038796a7faf565790d89bd2139a0cad6755809ee1b400dc06,8ff7d110279a221d34a92135cbf890bc48b66cca776d128bd47df42741753a89,ml_stage1_seed_42_game_1,42,1,1,night,seer_check,9,village,seer,10,1,0,information_gain_proxy,4,train,seed_42_game_1,1,1,0,1,0,0,0,1,10,0,0,0.3,0,0,0.0,0.3,0,0,0,0,0,1,0,0,0.0,0.3,0,0,0,0,0,0,0,0,0,0,0.5,0,0,0.0,10,1,0,1,0.2,0,0,0,0,0,0.3,1.425,werewolf,1,0,1,1,wolf,0,5,0.6,0.21908902300206645,1.0,0.5,3,1,0.6000000000000001,observation_safe_surrogate
357cc83a1054806630b1d0041468542631813bbd68505687b68fbedd12b0aba1,0507913bc3e9386d283fbf7fd6e7f571b8391a7952e196d285bd790f976588c6,ml_stage1_seed_42_game_1,42,1,2,night,seer_check,9,village,seer,10,1,0,information_gain_proxy,6,train,seed_42_game_1,2,1,0,1,0,0,0,1,8,2,2,0.320075,0,2,0.0,0.3,0,0,1,1,0,1,0,0,0.07575,0.41774999999999995,1,1,1,0,1,0,1,0,0,0,0.3,0,0,1.0,10,1,0,1,0.8,0,0,0,0,0,0.41774999999999995,1.376625,werewolf,1,0,1,1,wolf,0,5,0.8,0.17888543819998315,1.0,1.21775,1,10,0.20000000000000007,observation_safe_surrogate
357cc83a1054806630b1d0041468542631813bbd68505687b68fbedd12b0aba1,0507913bc3e9386d283fbf7fd6e7f571b8391a7952e196d285bd790f976588c6,ml_stage1_seed_42_game_1,42,1,2,night,seer_check,9,village,seer,2,1,0,information_gain_proxy,6,train,seed_42_game_1,2,1,0,1,0,0,0,1,8,2,2,0.320075,0,2,0.0,0.3,0,0,1,1,0,1,0,0,0.00375,0.30374999999999996,0,1,0,0,1,0,1,0,0,0,0.48,0,0,1.0,2,0,1,3,0.4,0,0,0,0,0,0.30374999999999996,1.423125,werewolf,1,0,1,1,wolf,0,5,0.8,0.17888543819998315,1.0,0.70375,1,10,0.20000000000000007,observation_safe_surrogate
357cc83a1054806630b1d0041468542631813bbd68505687b68fbedd12b0aba1,0507913bc3e9386d283fbf7fd6e7f571b8391a7952e196d285bd790f976588c6,ml_stage1_seed_42_game_1,42,1,2,night,seer_check,9,village,seer,5,1,0,information_gain_proxy,6,train,seed_42_game_1,2,1,0,1,0,0,0,1,8,2,2,0.320075,0,2,0.0,0.3,0,0,1,1,0,1,0,0,0.03,0.32999999999999996,0,1,1,0,1,0,1,0,0,0,0.32,0,0,1.0,5,1,1,4,0.2,0,0,0,0,0,0.32999999999999996,1.41,witch,0,1,0,0,wolf,0,5,0.4,0.21908902300206645,0.0,0.53,5,10,0.20000000000000007,observation_safe_surrogate
357cc83a1054806630b1d0041468542631813bbd68505687b68fbedd12b0aba1,0507913bc3e9386d283fbf7fd6e7f571b8391a7952e196d285bd790f976588c6,ml_stage1_seed_42_game_1,42,1,2,night,seer_check,9,village,seer,6,1,1,information_gain_proxy,6,train,seed_42_game_1,2,1,0,1,0,0,0,1,8,2,2,0.320075,0,2,0.0,0.3,0,0,1,1,0,1,0,0,0.006999999999999999,0.314,0,0,0,0,1,0,1,1,0,0,0.5,0,0,1.0,6,1,0,3,0.4,0,0,0,0,0,0.314,1.41975,villager,0,0,0,0,wolf,0,5,0.6,0.21908902300206645,0.0,0.714,3,10,0.20000000000000007,observation_safe_surrogate
357cc83a1054806630b1d0041468542631813bbd68505687b68fbedd12b0aba1,0507913bc3e9386d283fbf7fd6e7f571b8391a7952e196d285bd790f976588c6,ml_stage1_seed_42_game_1,42,1,2,night,seer_check,9,village,seer,7,1,0,information_gain_proxy,6,train,seed_42_game_1,2,1,0,1,0,0,0,1,8,2,2,0.320075,0,2,0.0,0.3,0,0,1,1,0,1,0,0,0.006999999999999999,0.314,0,0,0,0,1,0,1,1,0,0,0.5,0,0,1.0,7,0,0,2,0.6,0,0,0,0,0,0.314,1.41975,villager,0,0,0,0,wolf,0,5,0.6,0.21908902300206645,0.0,0.9139999999999999,3,10,0.20000000000000007,observation_safe_surrogate
357cc83a1054806630b1d0041468542631813bbd68505687b68fbedd12b0aba1,0507913bc3e9386d283fbf7fd6e7f571b8391a7952e196d285bd790f976588c6,ml_stage1_seed_42_game_1,42,1,2,night,seer_check,9,village,seer,8,1,0,information_gain_proxy,6,train,seed_42_game_1,2,1,0,1,0,0,0,1,8,2,2,0.320075,0,2,0.0,0.3,0,0,1,1,0,1,0,0,0.034999999999999996,0.37,1,0,0,0,1,0,1,0,0,0,0.5,0,0,1.0,8,0,0,1,0.8,0,0,0,0,0,0.37,1.39875,villager,0,0,0,0,wolf,0,5,0.2,0.1788854381999832,0.0,1.17,6,10,0.20000000000000007,observation_safe_surrogate
5bf1c5742099574d18aefdf0d6ceec6bf96293d8c80c7501bb25b128f844a797,bc80cbfa644cf1eca4b7cc1ca56a6a6e660ed8d77ba163da4279dba5d618d031,ml_stage1_seed_42_game_2,42,2,1,night,seer_check,8,village,seer,3,1,1,information_gain_proxy,3,train,seed_42_game_2,1,1,0,1,0,0,0,1,10,0,0,0.3,0,0,0.0,0.3,0,0,0,0,0,1,0,0,0.0,0.3,0,0,0,0,0,0,0,0,0,0,0.5,0,0,0.0,3,0,1,5,1.0,0,0,0,0,0,0.3,1.425,hunter,0,1,0,0,wolf,0,5,0.8,0.17888543819998315,0.0,1.3,2,6,0.19999999999999996,observation_safe_surrogate
5bf1c5742099574d18aefdf0d6ceec6bf96293d8c80c7501bb25b128f844a797,bc80cbfa644cf1eca4b7cc1ca56a6a6e660ed8d77ba163da4279dba5d618d031,ml_stage1_seed_42_game_2,42,2,1,night,seer_check,8,village,seer,1,1,0,information_gain_proxy,3,train,seed_42_game_2,1,1,0,1,0,0,0,1,10,0,0,0.3,0,0,0.0,0.3,0,0,0,0,0,1,0,0,0.0,0.3,0,0,0,0,0,0,0,0,0,0,0.5,0,0,0.0,1,1,1,3,0.6,0,0,0,0,0,0.3,1.425,witch,0,1,0,0,wolf,0,5,0.4,0.21908902300206645,0.0,0.9,5,6,0.19999999999999996,observation_safe_surrogate
5bf1c5742099574d18aefdf0d6ceec6bf96293d8c80c7501bb25b128f844a797,bc80cbfa644cf1eca4b7cc1ca56a6a6e660ed8d77ba163da4279dba5d618d031,ml_stage1_seed_42_game_2,42,2,1,night,seer_check,8,village,seer,6,1,0,information_gain_proxy,3,train,seed_42_game_2,1,1,0,1,0,0,0,1,10,0,0,0.3,0,0,0.0,0.3,0,0,0,0,0,1,0,0,0.0,0.3,0,0,0,0,0,0,0,0,0,0,0.5,0,0,0.0,6,1,0,2,0.4,0,0,0,0,0,0.3,1.425,werewolf,1,0,1,1,wolf,0,5,1.0,0.0,1.0,0.7,1,6,0.19999999999999996,observation_safe_surrogate
5bf1c5742099574d18aefdf0d6ceec6bf96293d8c80c7501bb25b128f844a797,bc80cbfa644cf1eca4b7cc1ca56a6a6e660ed8d77ba163da4279dba5d618d031,ml_stage1_seed_42_game_2,42,2,1,night,seer_check,8,village,seer,4,1,0,information_gain_proxy,3,train,seed_42_game_2,1,1,0,1,0,0,0,1,10,0,0,0.3,0,0,0.0,0.3,0,0,0,0,0,1,0,0,0.0,0.3,0,0,0,0,0,0,0,0,0,0,0.5,0,0,0.0,4,0,1,4,0.8,0,0,0,0,0,0.3,1.425,villager,0,0,0,0,wolf,0,5,0.4,0.21908902300206645,0.0,1.1,5,6,0.19999999999999996,observation_safe_surrogate
5bf1c5742099574d18aefdf0d6ceec6bf96293d8c80c7501bb25b128f844a797,bc80cbfa644cf1eca4b7cc1ca56a6a6e660ed8d77ba163da4279dba5d618d031,ml_stage1_seed_42_game_2,42,2,1,night,seer_check,8,village,seer,7,1,0,information_gain_proxy,3,train,seed_42_game_2,1,1,0,1,0,0,0,1,10,0,0,0.3,0,0,0.0,0.3,0,0,0,0,0,1,0,0,0.0,0.3,0,0,0,0,0,0,0,0,0,0,0.5,0,0,0.0,7,0,0,1,0.2,0,0,0,0,0,0.3,1.425,werewolf,1,0,1,1,wolf,0,5,0.8,0.17888543819998315,1.0,0.5,2,6,0.19999999999999996,observation_safe_surrogate
5bf1c5742099574d18aefdf0d6ceec6bf96293d8c80c7501bb25b128f844a797,bc80cbfa644cf1eca4b7cc1ca56a6a6e660ed8d77ba163da4279dba5d618d031,ml_stage1_seed_42_game_2,42,2,1,night,seer_check,8,village,seer,5,1,0,information_gain_proxy,3,train,seed_42_game_2,1,1,0,1,0,0,0,1,10,0,0,0.3,0,0,0.0,0.3,0,0,0,0,0,1,0,0,0.0,0.3,0,0,0,0,0,0,0,0,0,0,0.5,0,0,0.0,5,1,1,3,0.6,0,0,0,0,0,0.3,1.425,villager,0,0,0,0,wolf,0,5,0.8,0.17888543819998315,0.0,0.9,2,6,0.19999999999999996,observation_safe_surrogate
dccf7f05a7a2333213fbc4d5aaf0cd6d65867546748ac636853239da7e5d73bd,a69a1e9404429837185a3144e83c49a948755b9b4b84c653c12833df2fd3ec58,ml_stage1_seed_42_game_2,42,2,2,night,seer_check,8,village,seer,10,1,1,information_gain_proxy,10,train,seed_42_game_2,2,1,0,1,0,0,0,1,8,2,2,0.351775,0,2,0.034999999999999996,0.44999999999999996,0,0,1,1,0,1,0,0,0.0,0.244,0,0,0,0,1,0,1,0,0,0,0.5,0,1,1.0,10,1,0,2,0.6,0,0,0,0,0,0.244,1.439,villager,0,0,0,0,wolf,0,5,0.4,0.21908902300206645,0.0,0.844,4,7,0.6,observation_safe_surrogate
dccf7f05a7a2333213fbc4d5aaf0cd6d65867546748ac636853239da7e5d73bd,a69a1e9404429837185a3144e83c49a948755b9b4b84c653c12833df2fd3ec58,ml_stage1_seed_42_game_2,42,2,2,night,seer_check,8,village,seer,4,1,0,information_gain_proxy,10,train,seed_42_game_2,2,1,0,1,0,0,0,1,8,2,2,0.351775,0,2,0.034999999999999996,0.44999999999999996,0,0,1,1,0,1,0,0,0.034999999999999996,0.41,1,0,0,1,1,0,1,0,0,0,0.5,0,0,1.5,4,0,1,4,0.2,0,0,0,0,0,0.41,1.38875,villager,0,0,0,0,wolf,0,5,0.2,0.1788854381999832,0.0,0.61,6,7,0.6,observation_safe_surrogate
dccf7f05a7a2333213fbc4d5aaf0cd6d65867546748ac636853239da7e5d73bd,a69a1e9404429837185a3144e83c49a948755b9b4b84c653c12833df2fd3ec58,ml_stage1_seed_42_game_2,42,2,2,night,seer_check,8,village,seer,1,1,0,information_gain_proxy,10,train,seed_42_game_2,2,1,0,1,0,0,0,1,8,2,2,0.351775,0,2,0.034999999999999996,0.44999999999999996,0,0,1,1,0,1,0,0,0.034999999999999996,0.314,1,1,0,0,1,0,1,0,0,0,0.5,0,0,1.0,1,1,1,3,0.4,0,0,0,0,0,0.314,1.41275,witch,0,1,0,0,wolf,0,5,0.6,0.21908902300206645,0.0,0.714,3,7,0.6,observation_safe_surrogate
dccf7f05a7a2333213fbc4d5aaf0cd6d65867546748ac636853239da7e5d73bd,a69a1e9404429837185a3144e83c49a948755b9b4b84c653c12833df2fd3ec58,ml_stage1_seed_42_game_2,42,2,2,night,seer_check,8,village,seer,2,1,0,information_gain_proxy,10,train,seed_42_game_2,2,1,0,1,0,0,0,1,8,2,2,0.351775,0,2,0.034999999999999996,0.44999999999999996,0,0,1,1,0,1,0,0,0.0,0.3,0,0,0,0,1,0,1,0,0,0,0.5,0,0,1.0,2,0,1,4,0.2,0,0,0,0,0,0.3,1.425,villager,0,0,0,0,wolf,0,5,0.4,0.21908902300206645,0.0,0.5,4,7,0.6,observation_safe_surrogate
dccf7f05a7a2333213fbc4d5aaf0cd6d65867546748ac636853239da7e5d73bd,a69a1e9404429837185a3144e83c49a948755b9b4b84c653c12833df2fd3ec58,ml_stage1_seed_42_game_2,42,2,2,night,seer_check,8,village,seer,9,1,0,information_gain_proxy,10,train,seed_42_game_2,2,1,0,1,0,0,0,1,8,2,2,0.351775,0,2,0.034999999999999996,0.44999999999999996,0,0,1,1,0,1,0,0,0.00375,0.30374999999999996,0,1,0,0,1,0,1,0,0,0,0.48,1,0,1.0,9,0,0,1,0.8,1,0,0,0,0,0.30374999999999996,1.423125,werewolf,1,0,1,1,wolf,0,5,0.8,0.17888543819998315,1.0,1.10375,2,7,0.6,observation_safe_surrogate
dccf7f05a7a2333213fbc4d5aaf0cd6d65867546748ac636853239da7e5d73bd,a69a1e9404429837185a3144e83c49a948755b9b4b84c653c12833df2fd3ec58,ml_stage1_seed_42_game_2,42,2,2,night,seer_check,8,village,seer,7,1,0,information_gain_proxy,10,train,seed_42_game_2,2,1,0,1,0,0,0,1,8,2,2,0.351775,0,2,0.034999999999999996,0.44999999999999996,0,0,1,1,0,1,0,0,0.00375,0.30374999999999996,0,1,0,0,1,0,1,0,0,0,0.48,0,0,1.0,7,0,0,1,0.8,0,0,0,0,0,0.30374999999999996,1.423125,werewolf,1,0,1,1,wolf,0,5,1.0,0.0,1.0,1.10375,1,7,0.6,observation_safe_surrogate
6ae913916904b7e5eb954b968a9c9a88f69a6125e6ab6d3daea8f9bf57a7ebf0,c6a281487790812d398dde5d00a4ffef7010e42e6b6196d0246f13af2239a89e,ml_stage1_seed_42_game_3,42,3,1,night,seer_check,1,village,seer,6,1,1,information_gain_proxy,6,train,seed_42_game_3,1,1,0,1,0,0,0,1,10,0,0,0.3,0,0,0.0,0.3,0,0,0,0,0,1,0,0,0.0,0.3,0,0,0,0,0,0,0,0,0,0,0.5,0,0,0.0,6,1,0,5,1.0,0,0,0,0,0,0.3,1.425,villager,0,0,0,0,wolf,0,5,0.6,0.21908902300206645,0.0,1.3,4,4,0.4,observation_safe_surrogate
6ae913916904b7e5eb954b968a9c9a88f69a6125e6ab6d3daea8f9bf57a7ebf0,c6a281487790812d398dde5d00a4ffef7010e42e6b6196d0246f13af2239a89e,ml_stage1_seed_42_game_3,42,3,1,night,seer_check,1,village,seer,10,1,0,information_gain_proxy,6,train,seed_42_game_3,1,1,0,1,0,0,0,1,10,0,0,0.3,0,0,0.0,0.3,0,0,0,0,0,1,0,0,0.0,0.3,0,0,0,0,0,0,0,0,0,0,0.5,0,0,0.0,10,1,0,1,0.2,0,0,0,0,0,0.3,1.425,villager,0,0,0,0,wolf,0,5,0.4,0.21908902300206645,0.0,0.5,5,4,0.4,observation_safe_surrogate
6ae913916904b7e5eb954b968a9c9a88f69a6125e6ab6d3daea8f9bf57a7ebf0,c6a281487790812d398dde5d00a4ffef7010e42e6b6196d0246f13af2239a89e,ml_stage1_seed_42_game_3,42,3,1,night,seer_check,1,village,seer,3,1,0,information_gain_proxy,6,train,seed_42_game_3,1,1,0,1,0,0,0,1,10,0,0,0.3,0,0,0.0,0.3,0,0,0,0,0,1,0,0,0.0,0.3,0,0,0,0,0,0,0,0,0,0,0.5,0,0,0.0,3,0,1,2,0.4,0,0,0,0,0,0.3,1.425,villager,0,0,0,0,wolf,0,5,0.8,0.17888543819998315,0.0,0.7,3,4,0.4,observation_safe_surrogate
6ae913916904b7e5eb954b968a9c9a88f69a6125e6ab6d3daea8f9bf57a7ebf0,c6a281487790812d398dde5d00a4ffef7010e42e6b6196d0246f13af2239a89e,ml_stage1_seed_42_game_3,42,3,1,night,seer_check,1,village,seer,7,1,0,information_gain_proxy,6,train,seed_42_game_3,1,1,0,1,0,0,0,1,10,0,0,0.3,0,0,0.0,0.3,0,0,0,0,0,1,0,0,0.0,0.3,0,0,0,0,0,0,0,0,0,0,0.5,0,0,0.0,7,0,0,4,0.8,0,0,0,0,0,0.3,1.425,werewolf,1,0,1,1,wolf,0,5,1.0,0.0,1.0,1.1,1,4,0.4,observation_safe_surrogate
6ae913916904b7e5eb954b968a9c9a88f69a6125e6ab6d3daea8f9bf57a7ebf0,c6a281487790812d398dde5d00a4ffef7010e42e6b6196d0246f13af2239a89e,ml_stage1_seed_42_game_3,42,3,1,night,seer_check,1,village,seer,4,1,0,information_gain_proxy,6,train,seed_42_game_3,1,1,0,1,0,0,0,1,10,0,0,0.3,0,0,0.0,0.3,0,0,0,0,0,1,0,0,0.0,0.3,0,0,0,0,0,0,0,0,0,0,0.5,0,0,0.0,4,0,1,3,0.6,0,0,0,0,0,0.3,1.425,werewolf,1,0,1,1,wolf,0,5,1.0,0.0,1.0,0.9,1,4,0.4,observation_safe_surrogate
6ae913916904b7e5eb954b968a9c9a88f69a6125e6ab6d3daea8f9bf57a7ebf0,c6a281487790812d398dde5d00a4ffef7010e42e6b6196d0246f13af2239a89e,ml_stage1_seed_42_game_3,42,3,1,night,seer_check,1,village,seer,8,1,0,information_gain_proxy,6,train,seed_42_game_3,1,1,0,1,0,0,0,1,10,0,0,0.3,0,0,0.0,0.3,0,0,0,0,0,1,0,0,0.0,0.3,0,0,0,0,0,0,0,0,0,0,0.5,0,0,0.0,8,0,0,3,0.6,0,0,0,0,0,0.3,1.425,villager,0,0,0,0,wolf,0,5,0.4,0.21908902300206645,0.0,0.9,5,4,0.4,observation_safe_surrogate
3b6047e225549da8cba778425c819b0464f5b08a012bc87ff8644ec886e782e8,df0077a4321041c551550b6d77b4c84a26c306b74bdbb99f805fe9cdf0767722,ml_stage1_seed_42_game_4,42,4,1,night,seer_check,4,village,seer,9,1,1,information_gain_proxy,9,train,seed_42_game_4,1,1,0,1,0,0,0,1,10,0,0,0.3,0,0,0.0,0.3,0,0,0,0,0,1,0,0,0.0,0.3,0,0,0,0,0,0,0,0,0,0,0.5,0,0,0.0,9,0,0,5,1.0,0,0,0,0,0,0.3,1.425,villager,0,0,0,0,wolf,0,5,0.8,0.17888543819998315,0.0,1.3,2,5,0.19999999999999996,observation_safe_surrogate
3b6047e225549da8cba778425c819b0464f5b08a012bc87ff8644ec886e782e8,df0077a4321041c551550b6d77b4c84a26c306b74bdbb99f805fe9cdf0767722,ml_stage1_seed_42_game_4,42,4,1,night,seer_check,4,village,seer,1,1,0,information_gain_proxy,9,train,seed_42_game_4,1,1,0,1,0,0,0,1,10,0,0,0.3,0,0,0.0,0.3,0,0,0,0,0,1,0,0,0.0,0.3,0,0,0,0,0,0,0,0,0,0,0.5,0,0,0.0,1,1,1,3,0.6,0,0,0,0,0,0.3,1.425,villager,0,0,0,0,wolf,0,5,0.8,0.17888543819998315,0.0,0.9,2,5,0.19999999999999996,observation_safe_surrogate
3b6047e225549da8cba778425c819b0464f5b08a012bc87ff8644ec886e782e8,df0077a4321041c551550b6d77b4c84a26c306b74bdbb99f805fe9cdf0767722,ml_stage1_seed_42_game_4,42,4,1,night,seer_check,4,village,seer,7,1,0,information_gain_proxy,9,train,seed_42_game_4,1,1,0,1,0,0,0,1,10,0,0,0.3,0,0,0.0,0.3,0,0,0,0,0,1,0,0,0.0,0.3,0,0,0,0,0,0,0,0,0,0,0.5,0,0,0.0,7,0,0,3,0.6,0,0,0,0,0,0.3,1.425,werewolf,1,0,1,1,wolf,0,5,0.6,0.21908902300206645,1.0,0.9,4,5,0.19999999999999996,observation_safe_surrogate
3b6047e225549da8cba778425c819b0464f5b08a012bc87ff8644ec886e782e8,df0077a4321041c551550b6d77b4c84a26c306b74bdbb99f805fe9cdf0767722,ml_stage1_seed_42_game_4,42,4,1,night,seer_check,4,village,seer,2,1,0,information_gain_proxy,9,train,seed_42_game_4,1,1,0,1,0,0,0,1,10,0,0,0.3,0,0,0.0,0.3,0,0,0,0,0,1,0,0,0.0,0.3,0,0,0,0,0,0,0,0,0,0,0.5,0,0,0.0,2,0,1,2,0.4,0,0,0,0,0,0.3,1.425,villager,0,0,0,0,wolf,0,5,0.6,0.21908902300206645,0.0,0.7,4,5,0.19999999999999996,observation_safe_surrogate
3b6047e225549da8cba778425c819b0464f5b08a012bc87ff8644ec886e782e8,df0077a4321041c551550b6d77b4c84a26c306b74bdbb99f805fe9cdf0767722,ml_stage1_seed_42_game_4,42,4,1,night,seer_check,4,village,seer,5,1,0,information_gain_proxy,9,train,seed_42_game_4,1,1,0,1,0,0,0,1,10,0,0,0.3,0,0,0.0,0.3,0,0,0,0,0,1,0,0,0.0,0.3,0,0,0,0,0,0,0,0,0,0,0.5,0,0,0.0,5,1,1,1,0.2,0,0,0,0,0,0.3,1.425,werewolf,1,0,1,1,wolf,0,5,1.0,0.0,1.0,0.5,1,5,0.19999999999999996,observation_safe_surrogate
3b6047e225549da8cba778425c819b0464f5b08a012bc87ff8644ec886e782e8,df0077a4321041c551550b6d77b4c84a26c306b74bdbb99f805fe9cdf0767722,ml_stage1_seed_42_game_4,42,4,1,night,seer_check,4,village,seer,3,1,0,information_gain_proxy,9,train,seed_42_game_4,1,1,0,1,0,0,0,1,10,0,0,0.3,0,0,0.0,0.3,0,0,0,0,0,1,0,0,0.0,0.3,0,0,0,0,0,0,0,0,0,0,0.5,0,0,0.0,3,0,1,1,0.2,0,0,0,0,0,0.3,1.425,hunter,0,1,0,0,wolf,0,5,0.6,0.21908902300206645,0.0,0.5,4,5,0.19999999999999996,observation_safe_surrogate
81f05630bd807dec2f5c03c477ac5b7c1bc6f5aa2288c937485fd6bdadc12b66,5413a71f01d9749feed45b68a467b0389174842f8992b590fbba101a714c7072,ml_stage1_seed_42_game_5,42,5,1,night,seer_check,5,village,seer,10,1,1,information_gain_proxy,10,train,seed_42_game_5,1,1,0,1,0,0,0,1,10,0,0,0.3,0,0,0.0,0.3,0,0,0,0,0,1,0,0,0.0,0.3,0,0,0,0,0,0,0,0,0,0,0.5,0,0,0.0,10,1,0,5,1.0,0,0,0,0,0,0.3,1.425,werewolf,1,0,1,1,village,1,5,1.0,0.0,1.0,1.3,1,1,0.0,observation_safe_surrogate
81f05630bd807dec2f5c03c477ac5b7c1bc6f5aa2288c937485fd6bdadc12b66,5413a71f01d9749feed45b68a467b0389174842f8992b590fbba101a714c7072,ml_stage1_seed_42_game_5,42,5,1,night,seer_check,5,village,seer,1,1,0,information_gain_proxy,10,train,seed_42_game_5,1,1,0,1,0,0,0,1,10,0,0,0.3,0,0,0.0,0.3,0,0,0,0,0,1,0,0,0.0,0.3,0,0,0,0,0,0,0,0,0,0,0.5,0,0,0.0,1,1,1,4,0.8,0,0,0,0,0,0.3,1.425,werewolf,1,0,1,1,village,1,5,1.0,0.0,1.0,1.1,1,1,0.0,observation_safe_surrogate
81f05630bd807dec2f5c03c477ac5b7c1bc6f5aa2288c937485fd6bdadc12b66,5413a71f01d9749feed45b68a467b0389174842f8992b590fbba101a714c7072,ml_stage1_seed_42_game_5,42,5,1,night,seer_check,5,village,seer,8,1,0,information_gain_proxy,10,train,seed_42_game_5,1,1,0,1,0,0,0,1,10,0,0,0.3,0,0,0.0,0.3,0,0,0,0,0,1,0,0,0.0,0.3,0,0,0,0,0,0,0,0,0,0,0.5,0,0,0.0,8,0,0,3,0.6,0,0,0,0,0,0.3,1.425,villager,0,0,0,0,village,1,5,0.6,0.21908902300206645,0.0,0.9,3,1,0.0,observation_safe_surrogate
81f05630bd807dec2f5c03c477ac5b7c1bc6f5aa2288c937485fd6bdadc12b66,5413a71f01d9749feed45b68a467b0389174842f8992b590fbba101a714c7072,ml_stage1_seed_42_game_5,42,5,1,night,seer_check,5,village,seer,3,1,0,information_gain_proxy,10,train,seed_42_game_5,1,1,0,1,0,0,0,1,10,0,0,0.3,0,0,0.0,0.3,0,0,0,0,0,1,0,0,0.0,0.3,0,0,0,0,0,0,0,0,0,0,0.5,0,0,0.0,3,0,1,2,0.4,0,0,0,0,0,0.3,1.425,witch,0,1,0,0,village,1,5,0.6,0.21908902300206645,0.0,0.7,3,1,0.0,observation_safe_surrogate
81f05630bd807dec2f5c03c477ac5b7c1bc6f5aa2288c937485fd6bdadc12b66,5413a71f01d9749feed45b68a467b0389174842f8992b590fbba101a714c7072,ml_stage1_seed_42_game_5,42,5,1,night,seer_check,5,village,seer,4,1,0,information_gain_proxy,10,train,seed_42_game_5,1,1,0,1,0,0,0,1,10,0,0,0.3,0,0,0.0,0.3,0,0,0,0,0,1,0,0,0.0,0.3,0,0,0,0,0,0,0,0,0,0,0.5,0,0,0.0,4,0,1,1,0.2,0,0,0,0,0,0.3,1.425,villager,0,0,0,0,village,1,5,0.4,0.21908902300206645,0.0,0.5,6,1,0.0,observation_safe_surrogate
81f05630bd807dec2f5c03c477ac5b7c1bc6f5aa2288c937485fd6bdadc12b66,5413a71f01d9749feed45b68a467b0389174842f8992b590fbba101a714c7072,ml_stage1_seed_42_game_5,42,5,1,night,seer_check,5,village,seer,9,1,0,information_gain_proxy,10,train,seed_42_game_5,1,1,0,1,0,0,0,1,10,0,0,0.3,0,0,0.0,0.3,0,0,0,0,0,1,0,0,0.0,0.3,0,0,0,0,0,0,0,0,0,0,0.5,0,0,0.0,9,0,0,4,0.8,0,0,0,0,0,0.3,1.425,villager,0,0,0,0,village,1,5,0.6,0.21908902300206645,0.0,1.1,3,1,0.0,observation_safe_surrogate
a06c9e377cd33ae71c43d45b4a5fc717e672b7ea71e60eb0f43bca9af51bae74,5b17f8c7088c054114d70310ee7cc9da55c5115aefee33fed6d539b75b4b2468,ml_stage1_seed_42_game_5,42,5,2,night,seer_check,5,village,seer,2,1,1,information_gain_proxy,2,train,seed_42_game_5,2,1,0,1,0,0,0,1,9,1,1,0.320275,0,1,0.07699999999999999,0.534,0,0,1,1,0,1,0,0,0.0,0.3,0,0,0,0,1,0,1,0,0,0,0.5,0,0,1.0,2,0,1,3,0.4,0,0,0,0,0,0.3,1.425,hunter,0,1,0,0,village,1,5,0.4,0.21908902300206645,0.0,0.7,4,3,0.19999999999999996,observation_safe_surrogate
a06c9e377cd33ae71c43d45b4a5fc717e672b7ea71e60eb0f43bca9af51bae74,5b17f8c7088c054114d70310ee7cc9da55c5115aefee33fed6d539b75b4b2468,ml_stage1_seed_42_game_5,42,5,2,night,seer_check,5,village,seer,3,1,0,information_gain_proxy,2,train,seed_42_game_5,2,1,0,1,0,0,0,1,9,1,1,0.320275,0,1,0.07699999999999999,0.534,0,0,1,1,0,1,0,0,0.0595,0.419,1,0,0,0,1,0,1,0,0,0,0.5,0,0,1.0,3,0,1,2,0.6,0,0,0,0,0,0.419,1.380375,witch,0,1,0,0,village,1,5,0.6,0.21908902300206645,0.0,1.019,1,3,0.19999999999999996,observation_safe_surrogate
a06c9e377cd33ae71c43d45b4a5fc717e672b7ea71e60eb0f43bca9af51bae74,5b17f8c7088c054114d70310ee7cc9da55c5115aefee33fed6d539b75b4b2468,ml_stage1_seed_42_game_5,42,5,2,night,seer_check,5,village,seer,4,1,0,information_gain_proxy,2,train,seed_42_game_5,2,1,0,1,0,0,0,1,9,1,1,0.320275,0,1,0.07699999999999999,0.534,0,0,1,1,0,1,0,0,0.0,0.3,0,0,0,0,1,0,1,0,0,0,0.5,0,0,1.0,4,0,1,1,0.8,0,0,0,0,0,0.3,1.425,villager,0,0,0,0,village,1,5,0.6,0.21908902300206645,0.0,1.1,1,3,0.19999999999999996,observation_safe_surrogate
a06c9e377cd33ae71c43d45b4a5fc717e672b7ea71e60eb0f43bca9af51bae74,5b17f8c7088c054114d70310ee7cc9da55c5115aefee33fed6d539b75b4b2468,ml_stage1_seed_42_game_5,42,5,2,night,seer_check,5,village,seer,6,1,0,information_gain_proxy,2,train,seed_42_game_5,2,1,0,1,0,0,0,1,9,1,1,0.320275,0,1,0.07699999999999999,0.534,0,0,1,1,0,1,0,0,0.006999999999999999,0.314,0,0,0,0,1,0,1,1,0,0,0.5,0,0,1.0,6,1,0,1,0.8,0,0,0,0,0,0.314,1.41975,villager,0,0,0,0,village,1,5,0.6,0.21908902300206645,0.0,1.114,1,3,0.19999999999999996,observation_safe_surrogate
a06c9e377cd33ae71c43d45b4a5fc717e672b7ea71e60eb0f43bca9af51bae74,5b17f8c7088c054114d70310ee7cc9da55c5115aefee33fed6d539b75b4b2468,ml_stage1_seed_42_game_5,42,5,2,night,seer_check,5,village,seer,8,1,0,information_gain_proxy,2,train,seed_42_game_5,2,1,0,1,0,0,0,1,9,1,1,0.320275,0,1,0.07699999999999999,0.534,0,0,1,1,0,1,0,0,0.0,0.3,0,0,0,0,1,0,1,0,0,0,0.5,0,0,1.0,8,0,0,3,0.4,0,0,0,0,0,0.3,1.425,villager,0,0,0,0,village,1,5,0.4,0.21908902300206645,0.0,0.7,4,3,0.19999999999999996,observation_safe_surrogate
a06c9e377cd33ae71c43d45b4a5fc717e672b7ea71e60eb0f43bca9af51bae74,5b17f8c7088c054114d70310ee7cc9da55c5115aefee33fed6d539b75b4b2468,ml_stage1_seed_42_game_5,42,5,2,night,seer_check,5,village,seer,9,1,0,information_gain_proxy,2,train,seed_42_game_5,2,1,0,1,0,0,0,1,9,1,1,0.320275,0,1,0.07699999999999999,0.534,0,0,1,1,0,1,0,0,0.034999999999999996,0.37,1,1,0,0,1,0,1,0,0,0,0.5,0,0,1.0,9,0,0,4,0.2,0,0,0,0,0,0.37,1.39875,villager,0,0,0,0,village,1,5,0.2,0.1788854381999832,0.0,0.5700000000000001,6,3,0.19999999999999996,observation_safe_surrogate
c2f0eb7198dd807bc2c18772c609bb10816f0f9cafe67ed462a7a5fcdd995e0f,1dc28d89850c8be43daa9d6aa0b665f7a87a9fc18ea0905495b4d839bf159a00,ml_stage1_seed_42_game_6,42,6,1,night,seer_check,3,village,seer,8,1,1,information_gain_proxy,8,train,seed_42_game_6,1,1,0,1,0,0,0,1,10,0,0,0.3,0,0,0.0,0.3,0,0,0,0,0,1,0,0,0.0,0.3,0,0,0,0,0,0,0,0,0,0,0.5,0,0,0.0,8,0,0,5,1.0,0,0,0,0,0,0.3,1.425,villager,0,0,0,0,village,1,5,0.8,0.17888543819998315,0.0,1.3,2,9,0.19999999999999996,observation_safe_surrogate
c2f0eb7198dd807bc2c18772c609bb10816f0f9cafe67ed462a7a5fcdd995e0f,1dc28d89850c8be43daa9d6aa0b665f7a87a9fc18ea0905495b4d839bf159a00,ml_stage1_seed_42_game_6,42,6,1,night,seer_check,3,village,seer,1,1,0,information_gain_proxy,8,train,seed_42_game_6,1,1,0,1,0,0,0,1,10,0,0,0.3,0,0,0.0,0.3,0,0,0,0,0,1,0,0,0.0,0.3,0,0,0,0,0,0,0,0,0,0,0.5,0,0,0.0,1,1,1,2,0.4,0,0,0,0,0,0.3,1.425,villager,0,0,0,0,village,1,5,0.2,0.1788854381999832,0.0,0.7,6,9,0.19999999999999996,observation_safe_surrogate
c2f0eb7198dd807bc2c18772c609bb10816f0f9cafe67ed462a7a5fcdd995e0f,1dc28d89850c8be43daa9d6aa0b665f7a87a9fc18ea0905495b4d839bf159a00,ml_stage1_seed_42_game_6,42,6,1,night,seer_check,3,village,seer,4,1,0,information_gain_proxy,8,train,seed_42_game_6,1,1,0,1,0,0,0,1,10,0,0,0.3,0,0,0.0,0.3,0,0,0,0,0,1,0,0,0.0,0.3,0,0,0,0,0,0,0,0,0,0,0.5,0,0,0.0,4,0,1,1,0.2,0,0,0,0,0,0.3,1.425,werewolf,1,0,1,1,village,1,5,0.6,0.21908902300206645,1.0,0.5,5,9,0.19999999999999996,observation_safe_surrogate
c2f0eb7198dd807bc2c18772c609bb10816f0f9cafe67ed462a7a5fcdd995e0f,1dc28d89850c8be43daa9d6aa0b665f7a87a9fc18ea0905495b4d839bf159a00,ml_stage1_seed_42_game_6,42,6,1,night,seer_check,3,village,seer,9,1,0,information_gain_proxy,8,train,seed_42_game_6,1,1,0,1,0,0,0,1,10,0,0,0.3,0,0,0.0,0.3,0,0,0,0,0,1,0,0,0.0,0.3,0,0,0,0,0,0,0,0,0,0,0.5,0,0,0.0,9,0,0,4,0.8,0,0,0,0,0,0.3,1.425,villager,0,0,0,0,village,1,5,1.0,0.0,0.0,1.1,1,9,0.19999999999999996,observation_safe_surrogate
c2f0eb7198dd807bc2c18772c609bb10816f0f9cafe67ed462a7a5fcdd995e0f,1dc28d89850c8be43daa9d6aa0b665f7a87a9fc18ea0905495b4d839bf159a00,ml_stage1_seed_42_game_6,42,6,1,night,seer_check,3,village,seer,6,1,0,information_gain_proxy,8,train,seed_42_game_6,1,1,0,1,0,0,0,1,10,0,0,0.3,0,0,0.0,0.3,0,0,0,0,0,1,0,0,0.0,0.3,0,0,0,0,0,0,0,0,0,0,0.5,0,0,0.0,6,1,0,3,0.6,0,0,0,0,0,0.3,1.425,werewolf,1,0,1,1,village,1,5,0.8,0.17888543819998315,1.0,0.9,2,9,0.19999999999999996,observation_safe_surrogate
c2f0eb7198dd807bc2c18772c609bb10816f0f9cafe67ed462a7a5fcdd995e0f,1dc28d89850c8be43daa9d6aa0b665f7a87a9fc18ea0905495b4d839bf159a00,ml_stage1_seed_42_game_6,42,6,1,night,seer_check,3,village,seer,5,1,0,information_gain_proxy,8,train,seed_42_game_6,1,1,0,1,0,0,0,1,10,0,0,0.3,0,0,0.0,0.3,0,0,0,0,0,1,0,0,0.0,0.3,0,0,0,0,0,0,0,0,0,0,0.5,0,0,0.0,5,1,1,2,0.4,0,0,0,0,0,0.3,1.425,werewolf,1,0,1,1,village,1,5,0.8,0.17888543819998315,1.0,0.7,2,9,0.19999999999999996,observation_safe_surrogate
bcdf48c33b992ea3d00a3d935e1bfcf1a0da3f6d84d26acd19d7ad546b5e7d5f,2414abc3ad84efa63b6aeac457f07845fcdd31ed833b2cf1a5e50363f0fbec9f,ml_stage1_seed_42_game_7,42,7,1,night,seer_check,4,village,seer,9,1,1,information_gain_proxy,9,train,seed_42_game_7,1,1,0,1,0,0,0,1,10,0,0,0.3,0,0,0.0,0.3,0,0,0,0,0,1,0,0,0.0,0.3,0,0,0,0,0,0,0,0,0,0,0.5,0,0,0.0,9,0,0,5,1.0,0,0,0,0,0,0.3,1.425,villager,0,0,0,0,wolf,0,5,0.2,0.1788854381999832,0.0,1.3,5,6,0.8,observation_safe_surrogate
bcdf48c33b992ea3d00a3d935e1bfcf1a0da3f6d84d26acd19d7ad546b5e7d5f,2414abc3ad84efa63b6aeac457f07845fcdd31ed833b2cf1a5e50363f0fbec9f,ml_stage1_seed_42_game_7,42,7,1,night,seer_check,4,village,seer,1,1,0,information_gain_proxy,9,train,seed_42_game_7,1,1,0,1,0,0,0,1,10,0,0,0.3,0,0,0.0,0.3,0,0,0,0,0,1,0,0,0.0,0.3,0,0,0,0,0,0,0,0,0,0,0.5,0,0,0.0,1,1,1,3,0.6,0,0,0,0,0,0.3,1.425,witch,0,1,0,0,wolf,0,5,0.4,0.21908902300206645,0.0,0.9,2,6,0.8,observation_safe_surrogate
bcdf48c33b992ea3d00a3d935e1bfcf1a0da3f6d84d26acd19d7ad546b5e7d5f,2414abc3ad84efa63b6aeac457f07845fcdd31ed833b2cf1a5e50363f0fbec9f,ml_stage1_seed_42_game_7,42,7,1,night,seer_check,4,village,seer,3,1,0,information_gain_proxy,9,train,seed_42_game_7,1,1,0,1,0,0,0,1,10,0,0,0.3,0,0,0.0,0.3,0,0,0,0,0,1,0,0,0.0,0.3,0,0,0,0,0,0,0,0,0,0,0.5,0,0,0.0,3,0,1,1,0.2,0,0,0,0,0,0.3,1.425,villager,0,0,0,0,wolf,0,5,0.2,0.1788854381999832,0.0,0.5,5,6,0.8,observation_safe_surrogate
bcdf48c33b992ea3d00a3d935e1bfcf1a0da3f6d84d26acd19d7ad546b5e7d5f,2414abc3ad84efa63b6aeac457f07845fcdd31ed833b2cf1a5e50363f0fbec9f,ml_stage1_seed_42_game_7,42,7,1,night,seer_check,4,village,seer,8,1,0,information_gain_proxy,9,train,seed_42_game_7,1,1,0,1,0,0,0,1,10,0,0,0.3,0,0,0.0,0.3,0,0,0,0,0,1,0,0,0.0,0.3,0,0,0,0,0,0,0,0,0,0,0.5,0,0,0.0,8,0,0,4,0.8,0,0,0,0,0,0.3,1.425,villager,0,0,0,0,wolf,0,5,0.4,0.21908902300206645,0.0,1.1,2,6,0.8,observation_safe_surrogate
bcdf48c33b992ea3d00a3d935e1bfcf1a0da3f6d84d26acd19d7ad546b5e7d5f,2414abc3ad84efa63b6aeac457f07845fcdd31ed833b2cf1a5e50363f0fbec9f,ml_stage1_seed_42_game_7,42,7,1,night,seer_check,4,village,seer,10,1,0,information_gain_proxy,9,train,seed_42_game_7,1,1,0,1,0,0,0,1,10,0,0,0.3,0,0,0.0,0.3,0,0,0,0,0,1,0,0,0.0,0.3,0,0,0,0,0,0,0,0,0,0,0.5,0,0,0.0,10,1,0,4,0.8,0,0,0,0,0,0.3,1.425,hunter,0,1,0,0,wolf,0,5,0.4,0.21908902300206645,0.0,1.1,2,6,0.8,observation_safe_surrogate
bcdf48c33b992ea3d00a3d935e1bfcf1a0da3f6d84d26acd19d7ad546b5e7d5f,2414abc3ad84efa63b6aeac457f07845fcdd31ed833b2cf1a5e50363f0fbec9f,ml_stage1_seed_42_game_7,42,7,1,night,seer_check,4,village,seer,6,1,0,information_gain_proxy,9,train,seed_42_game_7,1,1,0,1,0,0,0,1,10,0,0,0.3,0,0,0.0,0.3,0,0,0,0,0,1,0,0,0.0,0.3,0,0,0,0,0,0,0,0,0,0,0.5,0,0,0.0,6,1,0,2,0.4,0,0,0,0,0,0.3,1.425,werewolf,1,0,1,1,wolf,0,5,1.0,0.0,1.0,0.7,1,6,0.8,observation_safe_surrogate
02f0e5bcc13bb760b3d3d5c4069309788b7e2451dd19619115f876b313d56838,c50538738d6894d3861d51aeea626e30902b6c6bab07c2131bdeb14fd7c8bfd6,ml_stage1_seed_42_game_7,42,7,2,night,seer_check,4,village,seer,1,1,1,information_gain_proxy,1,train,seed_42_game_7,2,1,0,1,0,0,0,1,9,1,1,0.290825,0,1,0.0,0.3,0,0,1,1,0,1,0,0,0.034999999999999996,0.314,1,1,0,0,1,0,1,0,0,0,0.5,0,1,1.0,1,1,1,3,0.4,0,0,0,0,0,0.314,1.41275,witch,0,1,0,0,wolf,0,5,0.4,0.21908902300206645,0.0,0.714,5,7,0.6,observation_safe_surrogate
02f0e5bcc13bb760b3d3d5c4069309788b7e2451dd19619115f876b313d56838,c50538738d6894d3861d51aeea626e30902b6c6bab07c2131bdeb14fd7c8bfd6,ml_stage1_seed_42_game_7,42,7,2,night,seer_check,4,village,seer,5,1,0,information_gain_proxy,1,train,seed_42_game_7,2,1,0,1,0,0,0,1,9,1,1,0.290825,0,1,0.0,0.3,0,0,1,1,0,1,0,0,0.034999999999999996,0.41,1,1,0,1,1,0,1,0,0,0,0.5,0,0,1.5,5,1,1,1,0.8,0,0,0,0,0,0.41,1.38875,villager,0,0,0,0,wolf,0,5,0.8,0.17888543819998315,0.0,1.21,2,7,0.6,observation_safe_surrogate
02f0e5bcc13bb760b3d3d5c4069309788b7e2451dd19619115f876b313d56838,c50538738d6894d3861d51aeea626e30902b6c6bab07c2131bdeb14fd7c8bfd6,ml_stage1_seed_42_game_7,42,7,2,night,seer_check,4,village,seer,6,1,0,information_gain_proxy,1,train,seed_42_game_7,2,1,0,1,0,0,0,1,9,1,1,0.290825,0,1,0.0,0.3,0,0,1,1,0,1,0,0,0.03375,0.33375,0,1,1,0,1,0,1,0,0,0,0.3,0,0,1.0,6,1,0,2,0.6,0,0,0,0,0,0.33375,1.408125,werewolf,1,0,1,1,wolf,0,5,0.8,0.17888543819998315,1.0,0.9337500000000001,2,7,0.6,observation_safe_surrogate
02f0e5bcc13bb760b3d3d5c4069309788b7e2451dd19619115f876b313d56838,c50538738d6894d3861d51aeea626e30902b6c6bab07c2131bdeb14fd7c8bfd6,ml_stage1_seed_42_game_7,42,7,2,night,seer_check,4,village,seer,8,1,0,information_gain_proxy,1,train,seed_42_game_7,2,1,0,1,0,0,0,1,9,1,1,0.290825,0,1,0.0,0.3,0,0,1,1,0,1,0,0,0.0,0.3,0,0,0,0,1,0,1,0,0,0,0.5,0,0,1.0,8,0,0,4,0.2,0,0,0,0,0,0.3,1.425,villager,0,0,0,0,wolf,0,5,0.6,0.21908902300206645,0.0,0.5,4,7,0.6,observation_safe_surrogate
02f0e5bcc13bb760b3d3d5c4069309788b7e2451dd19619115f876b313d56838,c50538738d6894d3861d51aeea626e30902b6c6bab07c2131bdeb14fd7c8bfd6,ml_stage1_seed_42_game_7,42,7,2,night,seer_check,4,village,seer,10,1,0,information_gain_proxy,1,train,seed_42_game_7,2,1,0,1,0,0,0,1,9,1,1,0.290825,0,1,0.0,0.3,0,0,1,1,0,1,0,0,0.0,0.244,0,0,0,0,1,0,1,0,0,0,0.5,0,0,1.0,10,1,0,4,0.2,0,0,0,0,0,0.244,1.439,hunter,0,1,0,0,wolf,0,5,0.2,0.1788854381999832,0.0,0.44400000000000006,6,7,0.6,observation_safe_surrogate
02f0e5bcc13bb760b3d3d5c4069309788b7e2451dd19619115f876b313d56838,c50538738d6894d3861d51aeea626e30902b6c6bab07c2131bdeb14fd7c8bfd6,ml_stage1_seed_42_game_7,42,7,2,night,seer_check,4,village,seer,7,1,0,information_gain_proxy,1,train,seed_42_game_7,2,1,0,1,0,0,0,1,9,1,1,0.290825,0,1,0.0,0.3,0,0,1,1,0,1,0,0,0.00375,0.30374999999999996,0,1,0,0,1,0,1,0,0,0,0.48,0,0,1.0,7,0,0,3,0.4,0,0,0,0,0,0.30374999999999996,1.423125,werewolf,1,0,1,1,wolf,0,5,1.0,0.0,1.0,0.70375,1,7,0.6,observation_safe_surrogate
e3785380e1afe5980133ff62585fef536f251563201f0742e672ff0b0b3a5d84,2ad9f2595c76ef103db8de8e157b9217f2116c4741be6c2cdd3923d3d3f01458,ml_stage1_seed_42_game_8,42,8,1,night,seer_check,2,village,seer,7,1,1,information_gain_proxy,7,train,seed_42_game_8,1,1,0,1,0,0,0,1,10,0,0,0.3,0,0,0.0,0.3,0,0,0,0,0,1,0,0,0.0,0.3,0,0,0,0,0,0,0,0,0,0,0.5,0,0,0.0,7,0,0,5,1.0,0,0,0,0,0,0.3,1.425,villager,0,0,0,0,wolf,0,5,0.8,0.17888543819998315,0.0,1.3,1,1,0.0,observation_safe_surrogate
e3785380e1afe5980133ff62585fef536f251563201f0742e672ff0b0b3a5d84,2ad9f2595c76ef103db8de8e157b9217f2116c4741be6c2cdd3923d3d3f01458,ml_stage1_seed_42_game_8,42,8,1,night,seer_check,2,village,seer,1,1,0,information_gain_proxy,7,train,seed_42_game_8,1,1,0,1,0,0,0,1,10,0,0,0.3,0,0,0.0,0.3,0,0,0,0,0,1,0,0,0.0,0.3,0,0,0,0,0,0,0,0,0,0,0.5,0,0,0.0,1,1,1,1,0.2,0,0,0,0,0,0.3,1.425,witch,0,1,0,0,wolf,0,5,0.8,0.17888543819998315,0.0,0.5,1,1,0.0,observation_safe_surrogate
e3785380e1afe5980133ff62585fef536f251563201f0742e672ff0b0b3a5d84,2ad9f2595c76ef103db8de8e157b9217f2116c4741be6c2cdd3923d3d3f01458,ml_stage1_seed_42_game_8,42,8,1,night,seer_check,2,village,seer,3,1,0,information_gain_proxy,7,train,seed_42_game_8,1,1,0,1,0,0,0,1,10,0,0,0.3,0,0,0.0,0.3,0,0,0,0,0,1,0,0,0.0,0.3,0,0,0,0,0,0,0,0,0,0,0.5,0,0,0.0,3,0,1,1,0.2,0,0,0,0,0,0.3,1.425,werewolf,1,0,1,1,wolf,0,5,0.6,0.21908902300206645,1.0,0.5,4,1,0.0,observation_safe_surrogate
e3785380e1afe5980133ff62585fef536f251563201f0742e672ff0b0b3a5d84,2ad9f2595c76ef103db8de8e157b9217f2116c4741be6c2cdd3923d3d3f01458,ml_stage1_seed_42_game_8,42,8,1,night,seer_check,2,village,seer,9,1,0,information_gain_proxy,7,train,seed_42_game_8,1,1,0,1,0,0,0,1,10,0,0,0.3,0,0,0.0,0.3,0,0,0,0,0,1,0,0,0.0,0.3,0,0,0,0,0,0,0,0,0,0,0.5,0,0,0.0,9,0,0,3,0.6,0,0,0,0,0,0.3,1.425,villager,0,0,0,0,wolf,0,5,0.8,0.17888543819998315,0.0,0.9,1,1,0.0,observation_safe_surrogate
e3785380e1afe5980133ff62585fef536f251563201f0742e672ff0b0b3a5d84,2ad9f2595c76ef103db8de8e157b9217f2116c4741be6c2cdd3923d3d3f01458,ml_stage1_seed_42_game_8,42,8,1,night,seer_check,2,village,seer,6,1,0,information_gain_proxy,7,train,seed_42_game_8,1,1,0,1,0,0,0,1,10,0,0,0.3,0,0,0.0,0.3,0,0,0,0,0,1,0,0,0.0,0.3,0,0,0,0,0,0,0,0,0,0,0.5,0,0,0.0,6,1,0,4,0.8,0,0,0,0,0,0.3,1.425,werewolf,1,0,1,1,wolf,0,5,0.6,0.21908902300206645,1.0,1.1,4,1,0.0,observation_safe_surrogate
e3785380e1afe5980133ff62585fef536f251563201f0742e672ff0b0b3a5d84,2ad9f2595c76ef103db8de8e157b9217f2116c4741be6c2cdd3923d3d3f01458,ml_stage1_seed_42_game_8,42,8,1,night,seer_check,2,village,seer,8,1,0,information_gain_proxy,7,train,seed_42_game_8,1,1,0,1,0,0,0,1,10,0,0,0.3,0,0,0.0,0.3,0,0,0,0,0,1,0,0,0.0,0.3,0,0,0,0,0,0,0,0,0,0,0.5,0,0,0.0,8,0,0,4,0.8,0,0,0,0,0,0.3,1.425,villager,0,0,0,0,wolf,0,5,0.4,0.21908902300206645,0.0,1.1,6,1,0.0,observation_safe_surrogate
66910bd6695ea6042f98d57753de02e8d1885e9dfda2e9dda5eb4bdb9d33b2dc,c7e7abf3deb690d3d99bcb1e433b26bf34df12e814a7144a8ca66ce8866e4997,ml_stage1_seed_42_game_9,42,9,1,night,seer_check,3,village,seer,8,1,1,information_gain_proxy,8,train,seed_42_game_9,1,1,0,1,0,0,0,1,10,0,0,0.3,0,0,0.0,0.3,0,0,0,0,0,1,0,0,0.0,0.3,0,0,0,0,0,0,0,0,0,0,0.5,0,0,0.0,8,0,0,5,1.0,0,0,0,0,0,0.3,1.425,witch,0,1,0,0,wolf,0,5,0.2,0.1788854381999832,0.0,1.3,6,1,0.6000000000000001,observation_safe_surrogate
66910bd6695ea6042f98d57753de02e8d1885e9dfda2e9dda5eb4bdb9d33b2dc,c7e7abf3deb690d3d99bcb1e433b26bf34df12e814a7144a8ca66ce8866e4997,ml_stage1_seed_42_game_9,42,9,1,night,seer_check,3,village,seer,1,1,0,information_gain_proxy,8,train,seed_42_game_9,1,1,0,1,0,0,0,1,10,0,0,0.3,0,0,0.0,0.3,0,0,0,0,0,1,0,0,0.0,0.3,0,0,0,0,0,0,0,0,0,0,0.5,0,0,0.0,1,1,1,2,0.4,0,0,0,0,0,0.3,1.425,villager,0,0,0,0,wolf,0,5,0.8,0.17888543819998315,0.0,0.7,1,1,0.6000000000000001,observation_safe_surrogate
66910bd6695ea6042f98d57753de02e8d1885e9dfda2e9dda5eb4bdb9d33b2dc,c7e7abf3deb690d3d99bcb1e433b26bf34df12e814a7144a8ca66ce8866e4997,ml_stage1_seed_42_game_9,42,9,1,night,seer_check,3,village,seer,6,1,0,information_gain_proxy,8,train,seed_42_game_9,1,1,0,1,0,0,0,1,10,0,0,0.3,0,0,0.0,0.3,0,0,0,0,0,1,0,0,0.0,0.3,0,0,0,0,0,0,0,0,0,0,0.5,0,0,0.0,6,1,0,3,0.6,0,0,0,0,0,0.3,1.425,villager,0,0,0,0,wolf,0,5,0.4,0.21908902300206645,0.0,0.9,5,1,0.6000000000000001,observation_safe_surrogate
66910bd6695ea6042f98d57753de02e8d1885e9dfda2e9dda5eb4bdb9d33b2dc,c7e7abf3deb690d3d99bcb1e433b26bf34df12e814a7144a8ca66ce8866e4997,ml_stage1_seed_42_game_9,42,9,1,night,seer_check,3,village,seer,7,1,0,information_gain_proxy,8,train,seed_42_game_9,1,1,0,1,0,0,0,1,10,0,0,0.3,0,0,0.0,0.3,0,0,0,0,0,1,0,0,0.0,0.3,0,0,0,0,0,0,0,0,0,0,0.5,0,0,0.0,7,0,0,4,0.8,0,0,0,0,0,0.3,1.425,villager,0,0,0,0,wolf,0,5,0.8,0.17888543819998315,0.0,1.1,1,1,0.6000000000000001,observation_safe_surrogate
66910bd6695ea6042f98d57753de02e8d1885e9dfda2e9dda5eb4bdb9d33b2dc,c7e7abf3deb690d3d99bcb1e433b26bf34df12e814a7144a8ca66ce8866e4997,ml_stage1_seed_42_game_9,42,9,1,night,seer_check,3,village,seer,10,1,0,information_gain_proxy,8,train,seed_42_game_9,1,1,0,1,0,0,0,1,10,0,0,0.3,0,0,0.0,0.3,0,0,0,0,0,1,0,0,0.0,0.3,0,0,0,0,0,0,0,0,0,0,0.5,0,0,0.0,10,1,0,3,0.6,0,0,0,0,0,0.3,1.425,werewolf,1,0,1,1,wolf,0,5,0.6,0.21908902300206645,1.0,0.9,3,1,0.6000000000000001,observation_safe_surrogate
66910bd6695ea6042f98d57753de02e8d1885e9dfda2e9dda5eb4bdb9d33b2dc,c7e7abf3deb690d3d99bcb1e433b26bf34df12e814a7144a8ca66ce8866e4997,ml_stage1_seed_42_game_9,42,9,1,night,seer_check,3,village,seer,2,1,0,information_gain_proxy,8,train,seed_42_game_9,1,1,0,1,0,0,0,1,10,0,0,0.3,0,0,0.0,0.3,0,0,0,0,0,1,0,0,0.0,0.3,0,0,0,0,0,0,0,0,0,0,0.5,0,0,0.0,2,0,1,1,0.2,0,0,0,0,0,0.3,1.425,werewolf,1,0,1,1,wolf,0,5,0.6,0.21908902300206645,1.0,0.5,3,1,0.6000000000000001,observation_safe_surrogate
fcbd0c66067a89e40269987aeb8e1e413bed4cdeaab16e6267da9bcb347ea58a,5e88ea2680de941be98c3e427efec624cb7186d019e13bc51d1c72557ceae6ee,ml_stage1_seed_42_game_10,42,10,1,night,seer_check,1,village,seer,6,1,1,information_gain_proxy,6,train,seed_42_game_10,1,1,0,1,0,0,0,1,10,0,0,0.3,0,0,0.0,0.3,0,0,0,0,0,1,0,0,0.0,0.3,0,0,0,0,0,0,0,0,0,0,0.5,0,0,0.0,6,1,0,5,1.0,0,0,0,0,0,0.3,1.425,villager,0,0,0,0,wolf,0,5,0.4,0.21908902300206645,0.0,1.3,5,10,0.4,observation_safe_surrogate
fcbd0c66067a89e40269987aeb8e1e413bed4cdeaab16e6267da9bcb347ea58a,5e88ea2680de941be98c3e427efec624cb7186d019e13bc51d1c72557ceae6ee,ml_stage1_seed_42_game_10,42,10,1,night,seer_check,1,village,seer,10,1,0,information_gain_proxy,6,train,seed_42_game_10,1,1,0,1,0,0,0,1,10,0,0,0.3,0,0,0.0,0.3,0,0,0,0,0,1,0,0,0.0,0.3,0,0,0,0,0,0,0,0,0,0,0.5,0,0,0.0,10,1,0,1,0.2,0,0,0,0,0,0.3,1.425,werewolf,1,0,1,1,wolf,0,5,0.8,0.17888543819998315,1.0,0.5,1,10,0.4,observation_safe_surrogate
fcbd0c66067a89e40269987aeb8e1e413bed4cdeaab16e6267da9bcb347ea58a,5e88ea2680de941be98c3e427efec624cb7186d019e13bc51d1c72557ceae6ee,ml_stage1_seed_42_game_10,42,10,1,night,seer_check,1,village,seer,7,1,0,information_gain_proxy,6,train,seed_42_game_10,1,1,0,1,0,0,0,1,10,0,0,0.3,0,0,0.0,0.3,0,0,0,0,0,1,0,0,0.0,0.3,0,0,0,0,0,0,0,0,0,0,0.5,0,0,0.0,7,0,0,4,0.8,0,0,0,0,0,0.3,1.425,hunter,0,1,0,0,wolf,0,5,0.4,0.21908902300206645,0.0,1.1,5,10,0.4,observation_safe_surrogate
fcbd0c66067a89e40269987aeb8e1e413bed4cdeaab16e6267da9bcb347ea58a,5e88ea2680de941be98c3e427efec624cb7186d019e13bc51d1c72557ceae6ee,ml_stage1_seed_42_game_10,42,10,1,night,seer_check,1,village,seer,5,1,0,information_gain_proxy,6,train,seed_42_game_10,1,1,0,1,0,0,0,1,10,0,0,0.3,0,0,0.0,0.3,0,0,0,0,0,1,0,0,0.0,0.3,0,0,0,0,0,0,0,0,0,0,0.5,0,0,0.0,5,1,1,4,0.8,0,0,0,0,0,0.3,1.425,werewolf,1,0,1,1,wolf,0,5,0.8,0.17888543819998315,1.0,1.1,1,10,0.4,observation_safe_surrogate
fcbd0c66067a89e40269987aeb8e1e413bed4cdeaab16e6267da9bcb347ea58a,5e88ea2680de941be98c3e427efec624cb7186d019e13bc51d1c72557ceae6ee,ml_stage1_seed_42_game_10,42,10,1,night,seer_check,1,village,seer,4,1,0,information_gain_proxy,6,train,seed_42_game_10,1,1,0,1,0,0,0,1,10,0,0,0.3,0,0,0.0,0.3,0,0,0,0,0,1,0,0,0.0,0.3,0,0,0,0,0,0,0,0,0,0,0.5,0,0,0.0,4,0,1,3,0.6,0,0,0,0,0,0.3,1.425,villager,0,0,0,0,wolf,0,5,0.8,0.17888543819998315,0.0,0.9,1,10,0.4,observation_safe_surrogate
fcbd0c66067a89e40269987aeb8e1e413bed4cdeaab16e6267da9bcb347ea58a,5e88ea2680de941be98c3e427efec624cb7186d019e13bc51d1c72557ceae6ee,ml_stage1_seed_42_game_10,42,10,1,night,seer_check,1,village,seer,3,1,0,information_gain_proxy,6,train,seed_42_game_10,1,1,0,1,0,0,0,1,10,0,0,0.3,0,0,0.0,0.3,0,0,0,0,0,1,0,0,0.0,0.3,0,0,0,0,0,0,0,0,0,0,0.5,0,0,0.0,3,0,1,2,0.4,0,0,0,0,0,0.3,1.425,villager,0,0,0,0,wolf,0,5,0.6,0.21908902300206645,0.0,0.7,4,10,0.4,observation_safe_surrogate
2389387a751f767d83ec1fa6aa78d04c14087e9bbddb4faa5605f2e1413e2de3,d57fd5913093442f81a853e239b27823772794bf68c7dc81b1c782087d40046f,ml_stage1_seed_42_game_10,42,10,2,night,seer_check,1,village,seer,4,1,1,information_gain_proxy,4,train,seed_42_game_10,2,1,0,1,0,0,0,1,9,1,1,0.31962499999999994,0,1,0.0,0.244,0,0,1,1,0,1,0,0,0.0,0.3,0,0,0,0,1,0,1,0,0,0,0.5,0,1,1.0,4,0,1,3,0.4,0,0,0,0,0,0.3,1.425,villager,0,0,0,0,wolf,0,5,0.4,0.21908902300206645,0.0,0.7,5,10,0.6,observation_safe_surrogate
2389387a751f767d83ec1fa6aa78d04c14087e9bbddb4faa5605f2e1413e2de3,d57fd5913093442f81a853e239b27823772794bf68c7dc81b1c782087d40046f,ml_stage1_seed_42_game_10,42,10,2,night,seer_check,1,village,seer,9,1,0,information_gain_proxy,4,train,seed_42_game_10,2,1,0,1,0,0,0,1,9,1,1,0.31962499999999994,0,1,0.0,0.244,0,0,1,1,0,1,0,0,0.065,0.56,1,1,1,4,1,0,1,0,0,0,0.32,0,0,3.0,9,0,0,2,0.6,0,0,0,0,0,0.43999999999999995,1.34375,witch,0,1,0,0,wolf,0,5,0.8,0.17888543819998315,0.0,1.04,2,10,0.6,observation_safe_surrogate
2389387a751f767d83ec1fa6aa78d04c14087e9bbddb4faa5605f2e1413e2de3,d57fd5913093442f81a853e239b27823772794bf68c7dc81b1c782087d40046f,ml_stage1_seed_42_game_10,42,10,2,night,seer_check,1,village,seer,7,1,0,information_gain_proxy,4,train,seed_42_game_10,2,1,0,1,0,0,0,1,9,1,1,0.31962499999999994,0,1,0.0,0.244,0,0,1,1,0,1,0,0,0.041999999999999996,0.384,1,0,0,0,1,0,1,1,0,0,0.5,0,0,1.0,7,0,0,4,0.2,0,0,0,0,0,0.384,1.3935,hunter,0,1,0,0,wolf,0,5,0.6,0.21908902300206645,0.0,0.5840000000000001,3,10,0.6,observation_safe_surrogate
2389387a751f767d83ec1fa6aa78d04c14087e9bbddb4faa5605f2e1413e2de3,d57fd5913093442f81a853e239b27823772794bf68c7dc81b1c782087d40046f,ml_stage1_seed_42_game_10,42,10,2,night,seer_check,1,village,seer,8,1,0,information_gain_proxy,4,train,seed_42_game_10,2,1,0,1,0,0,0,1,9,1,1,0.31962499999999994,0,1,0.0,0.244,0,0,1,1,0,1,0,0,0.034999999999999996,0.37,1,0,0,0,1,0,1,0,0,0,0.5,0,0,1.0,8,0,0,3,0.4,0,0,0,0,0,0.37,1.39875,villager,0,0,0,0,wolf,0,5,0.4,0.21908902300206645,0.0,0.77,5,10,0.6,observation_safe_surrogate
2389387a751f767d83ec1fa6aa78d04c14087e9bbddb4faa5605f2e1413e2de3,d57fd5913093442f81a853e239b27823772794bf68c7dc81b1c782087d40046f,ml_stage1_seed_42_game_10,42,10,2,night,seer_check,1,village,seer,10,1,0,information_gain_proxy,4,train,seed_42_game_10,2,1,0,1,0,0,0,1,9,1,1,0.31962499999999994,0,1,0.0,0.244,0,0,1,1,0,1,0,0,0.02825,0.35274999999999995,0,1,0,0,1,0,1,0,0,0,0.48,0,0,1.0,10,1,0,1,0.8,0,0,0,0,0,0.35274999999999995,1.40475,werewolf,1,0,1,1,wolf,0,5,1.0,0.0,1.0,1.15275,1,10,0.6,observation_safe_surrogate
2389387a751f767d83ec1fa6aa78d04c14087e9bbddb4faa5605f2e1413e2de3,d57fd5913093442f81a853e239b27823772794bf68c7dc81b1c782087d40046f,ml_stage1_seed_42_game_10,42,10,2,night,seer_check,1,village,seer,5,1,0,information_gain_proxy,4,train,seed_42_game_10,2,1,0,1,0,0,0,1,9,1,1,0.31962499999999994,0,1,0.0,0.244,0,0,1,1,0,1,0,0,0.00375,0.30374999999999996,0,1,0,0,1,0,1,0,0,0,0.48,0,0,1.0,5,1,1,4,0.2,0,0,0,0,0,0.30374999999999996,1.423125,werewolf,1,0,1,1,wolf,0,5,0.6,0.21908902300206645,1.0,0.5037499999999999,3,10,0.6,observation_safe_surrogate
1dad207cd14df3eb6626c206b19713871b5e3fc31701d0778a5c9db4fa29c4ed,edb2d4f4133873ac5e72e423970977dfe79627b4b484adc67871909408fe4303,ml_stage1_seed_42_game_11,42,11,1,night,seer_check,8,village,seer,3,1,1,information_gain_proxy,3,train,seed_42_game_11,1,1,0,1,0,0,0,1,10,0,0,0.3,0,0,0.0,0.3,0,0,0,0,0,1,0,0,0.0,0.3,0,0,0,0,0,0,0,0,0,0,0.5,0,0,0.0,3,0,1,5,1.0,0,0,0,0,0,0.3,1.425,villager,0,0,0,0,wolf,0,5,0.8,0.17888543819998315,0.0,1.3,1,10,0.0,observation_safe_surrogate
1dad207cd14df3eb6626c206b19713871b5e3fc31701d0778a5c9db4fa29c4ed,edb2d4f4133873ac5e72e423970977dfe79627b4b484adc67871909408fe4303,ml_stage1_seed_42_game_11,42,11,1,night,seer_check,8,village,seer,1,1,0,information_gain_proxy,3,train,seed_42_game_11,1,1,0,1,0,0,0,1,10,0,0,0.3,0,0,0.0,0.3,0,0,0,0,0,1,0,0,0.0,0.3,0,0,0,0,0,0,0,0,0,0,0.5,0,0,0.0,1,1,1,3,0.6,0,0,0,0,0,0.3,1.425,villager,0,0,0,0,wolf,0,5,0.6,0.21908902300206645,0.0,0.9,5,10,0.0,observation_safe_surrogate
1dad207cd14df3eb6626c206b19713871b5e3fc31701d0778a5c9db4fa29c4ed,edb2d4f4133873ac5e72e423970977dfe79627b4b484adc67871909408fe4303,ml_stage1_seed_42_game_11,42,11,1,night,seer_check,8,village,seer,6,1,0,information_gain_proxy,3,train,seed_42_game_11,1,1,0,1,0,0,0,1,10,0,0,0.3,0,0,0.0,0.3,0,0,0,0,0,1,0,0,0.0,0.3,0,0,0,0,0,0,0,0,0,0,0.5,0,0,0.0,6,1,0,2,0.4,0,0,0,0,0,0.3,1.425,hunter,0,1,0,0,wolf,0,5,0.4,0.21908902300206645,0.0,0.7,6,10,0.0,observation_safe_surrogate
1dad207cd14df3eb6626c206b19713871b5e3fc31701d0778a5c9db4fa29c4ed,edb2d4f4133873ac5e72e423970977dfe79627b4b484adc67871909408fe4303,ml_stage1_seed_42_game_11,42,11,1,night,seer_check,8,village,seer,10,1,0,information_gain_proxy,3,train,seed_42_game_11,1,1,0,1,0,0,0,1,10,0,0,0.3,0,0,0.0,0.3,0,0,0,0,0,1,0,0,0.0,0.3,0,0,0,0,0,0,0,0,0,0,0.5,0,0,0.0,10,1,0,2,0.4,0,0,0,0,0,0.3,1.425,werewolf,1,0,1,1,wolf,0,5,0.8,0.17888543819998315,1.0,0.7,1,10,0.0,observation_safe_surrogate
1dad207cd14df3eb6626c206b19713871b5e3fc31701d0778a5c9db4fa29c4ed,edb2d4f4133873ac5e72e423970977dfe79627b4b484adc67871909408fe4303,ml_stage1_seed_42_game_11,42,11,1,night,seer_check,8,village,seer,7,1,0,information_gain_proxy,3,train,seed_42_game_11,1,1,0,1,0,0,0,1,10,0,0,0.3,0,0,0.0,0.3,0,0,0,0,0,1,0,0,0.0,0.3,0,0,0,0,0,0,0,0,0,0,0.5,0,0,0.0,7,0,0,1,0.2,0,0,0,0,0,0.3,1.425,werewolf,1,0,1,1,wolf,0,5,0.8,0.17888543819998315,1.0,0.5,1,10,0.0,observation_safe_surrogate
1dad207cd14df3eb6626c206b19713871b5e3fc31701d0778a5c9db4fa29c4ed,edb2d4f4133873ac5e72e423970977dfe79627b4b484adc67871909408fe4303,ml_stage1_seed_42_game_11,42,11,1,night,seer_check,8,village,seer,9,1,0,information_gain_proxy,3,train,seed_42_game_11,1,1,0,1,0,0,0,1,10,0,0,0.3,0,0,0.0,0.3,0,0,0,0,0,1,0,0,0.0,0.3,0,0,0,0,0,0,0,0,0,0,0.5,0,0,0.0,9,0,0,1,0.2,0,0,0,0,0,0.3,1.425,werewolf,1,0,1,1,wolf,0,5,0.8,0.17888543819998315,1.0,0.5,1,10,0.0,observation_safe_surrogate
a821ac7e8633eda12e02bf3e6ceacf17679070f4c754b7ca54817ba0d82a741f,7014a74cf719b1a6397b840848acae5b92af91e3428bb78e062d9bf740e3481f,ml_stage1_seed_42_game_12,42,12,1,night,seer_check,3,village,seer,8,1,1,information_gain_proxy,8,train,seed_42_game_12,1,1,0,1,0,0,0,1,10,0,0,0.3,0,0,0.0,0.3,0,0,0,0,0,1,0,0,0.0,0.3,0,0,0,0,0,0,0,0,0,0,0.5,0,0,0.0,8,0,0,5,1.0,0,0,0,0,0,0.3,1.425,werewolf,1,0,1,1,village,1,5,0.8,0.17888543819998315,1.0,1.3,1,1,0.0,observation_safe_surrogate
a821ac7e8633eda12e02bf3e6ceacf17679070f4c754b7ca54817ba0d82a741f,7014a74cf719b1a6397b840848acae5b92af91e3428bb78e062d9bf740e3481f,ml_stage1_seed_42_game_12,42,12,1,night,seer_check,3,village,seer,1,1,0,information_gain_proxy,8,train,seed_42_game_12,1,1,0,1,0,0,0,1,10,0,0,0.3,0,0,0.0,0.3,0,0,0,0,0,1,0,0,0.0,0.3,0,0,0,0,0,0,0,0,0,0,0.5,0,0,0.0,1,1,1,2,0.4,0,0,0,0,0,0.3,1.425,werewolf,1,0,1,1,village,1,5,0.8,0.17888543819998315,1.0,0.7,1,1,0.0,observation_safe_surrogate
a821ac7e8633eda12e02bf3e6ceacf17679070f4c754b7ca54817ba0d82a741f,7014a74cf719b1a6397b840848acae5b92af91e3428bb78e062d9bf740e3481f,ml_stage1_seed_42_game_12,42,12,1,night,seer_check,3,village,seer,10,1,0,information_gain_proxy,8,train,seed_42_game_12,1,1,0,1,0,0,0,1,10,0,0,0.3,0,0,0.0,0.3,0,0,0,0,0,1,0,0,0.0,0.3,0,0,0,0,0,0,0,0,0,0,0.5,0,0,0.0,10,1,0,3,0.6,0,0,0,0,0,0.3,1.425,werewolf,1,0,1,1,village,1,5,0.8,0.17888543819998315,1.0,0.9,1,1,0.0,observation_safe_surrogate
a821ac7e8633eda12e02bf3e6ceacf17679070f4c754b7ca54817ba0d82a741f,7014a74cf719b1a6397b840848acae5b92af91e3428bb78e062d9bf740e3481f,ml_stage1_seed_42_game_12,42,12,1,night,seer_check,3,village,seer,7,1,0,information_gain_proxy,8,train,seed_42_game_12,1,1,0,1,0,0,0,1,10,0,0,0.3,0,0,0.0,0.3,0,0,0,0,0,1,0,0,0.0,0.3,0,0,0,0,0,0,0,0,0,0,0.5,0,0,0.0,7,0,0,4,0.8,0,0,0,0,0,0.3,1.425,villager,0,0,0,0,village,1,5,0.4,0.21908902300206645,0.0,1.1,4,1,0.0,observation_safe_surrogate
a821ac7e8633eda12e02bf3e6ceacf17679070f4c754b7ca54817ba0d82a741f,7014a74cf719b1a6397b840848acae5b92af91e3428bb78e062d9bf740e3481f,ml_stage1_seed_42_game_12,42,12,1,night,seer_check,3,village,seer,4,1,0,information_gain_proxy,8,train,seed_42_game_12,1,1,0,1,0,0,0,1,10,0,0,0.3,0,0,0.0,0.3,0,0,0,0,0,1,0,0,0.0,0.3,0,0,0,0,0,0,0,0,0,0,0.5,0,0,0.0,4,0,1,1,0.2,0,0,0,0,0,0.3,1.425,villager,0,0,0,0,village,1,5,0.4,0.21908902300206645,0.0,0.5,4,1,0.0,observation_safe_surrogate
a821ac7e8633eda12e02bf3e6ceacf17679070f4c754b7ca54817ba0d82a741f,7014a74cf719b1a6397b840848acae5b92af91e3428bb78e062d9bf740e3481f,ml_stage1_seed_42_game_12,42,12,1,night,seer_check,3,village,seer,2,1,0,information_gain_proxy,8,train,seed_42_game_12,1,1,0,1,0,0,0,1,10,0,0,0.3,0,0,0.0,0.3,0,0,0,0,0,1,0,0,0.0,0.3,0,0,0,0,0,0,0,0,0,0,0.5,0,0,0.0,2,0,1,1,0.2,0,0,0,0,0,0.3,1.425,villager,0,0,0,0,village,1,5,0.2,0.1788854381999832,0.0,0.5,6,1,0.0,observation_safe_surrogate
954a71a970b0b87f288a5586ae8d5d66db2d48a6831b3a924a02407bcb0e2620,57f86bb6d6308e71b3dfb2f24d98eeef21d7439bef9d8f205e53cc757c5a4211,ml_stage1_seed_42_game_12,42,12,2,night,seer_check,3,village,seer,5,1,1,information_gain_proxy,5,train,seed_42_game_12,2,1,0,1,0,0,0,1,9,1,1,0.31487499999999996,0,1,0.0595,0.419,0,0,1,1,0,1,0,0,0.041999999999999996,0.384,1,0,0,0,1,0,1,1,0,0,0.5,0,0,1.0,5,1,1,2,0.6,0,0,0,0,0,0.384,1.3935,witch,0,1,0,0,village,1,5,0.6,0.21908902300206645,0.0,0.984,3,10,0.4,observation_safe_surrogate
954a71a970b0b87f288a5586ae8d5d66db2d48a6831b3a924a02407bcb0e2620,57f86bb6d6308e71b3dfb2f24d98eeef21d7439bef9d8f205e53cc757c5a4211,ml_stage1_seed_42_game_12,42,12,2,night,seer_check,3,village,seer,2,1,0,information_gain_proxy,5,train,seed_42_game_12,2,1,0,1,0,0,0,1,9,1,1,0.31487499999999996,0,1,0.0595,0.419,0,0,1,1,0,1,0,0,0.034999999999999996,0.41,1,0,0,1,1,0,1,0,0,0,0.5,0,0,1.5,2,0,1,1,0.8,0,0,0,0,0,0.41,1.38875,villager,0,0,0,0,village,1,5,0.4,0.21908902300206645,0.0,1.21,5,10,0.4,observation_safe_surrogate
954a71a970b0b87f288a5586ae8d5d66db2d48a6831b3a924a02407bcb0e2620,57f86bb6d6308e71b3dfb2f24d98eeef21d7439bef9d8f205e53cc757c5a4211,ml_stage1_seed_42_game_12,42,12,2,night,seer_check,3,village,seer,4,1,0,information_gain_proxy,5,train,seed_42_game_12,2,1,0,1,0,0,0,1,9,1,1,0.31487499999999996,0,1,0.0595,0.419,0,0,1,1,0,1,0,0,0.0,0.3,0,0,0,0,1,0,1,0,0,0,0.5,0,0,1.0,4,0,1,1,0.8,0,0,0,0,0,0.3,1.425,villager,0,0,0,0,village,1,5,0.4,0.21908902300206645,0.0,1.1,5,10,0.4,observation_safe_surrogate
954a71a970b0b87f288a5586ae8d5d66db2d48a6831b3a924a02407bcb0e2620,57f86bb6d6308e71b3dfb2f24d98eeef21d7439bef9d8f205e53cc757c5a4211,ml_stage1_seed_42_game_12,42,12,2,night,seer_check,3,village,seer,1,1,0,information_gain_proxy,5,train,seed_42_game_12,2,1,0,1,0,0,0,1,9,1,1,0.31487499999999996,0,1,0.0595,0.419,0,0,1,1,0,1,0,0,0.0,0.24774999999999997,0,1,0,0,1,0,1,0,0,0,0.48,0,0,1.0,1,1,1,2,0.6,0,0,0,0,0,0.24774999999999997,1.4380625,werewolf,1,0,1,1,village,1,5,0.8,0.17888543819998315,1.0,0.8477499999999999,2,10,0.4,observation_safe_surrogate
954a71a970b0b87f288a5586ae8d5d66db2d48a6831b3a924a02407bcb0e2620,57f86bb6d6308e71b3dfb2f24d98eeef21d7439bef9d8f205e53cc757c5a4211,ml_stage1_seed_42_game_12,42,12,2,night,seer_check,3,village,seer,10,1,0,information_gain_proxy,5,train,seed_42_game_12,2,1,0,1,0,0,0,1,9,1,1,0.31487499999999996,0,1,0.0595,0.419,0,0,1,1,0,1,0,0,0.00375,0.30374999999999996,0,1,0,0,1,0,1,0,0,0,0.48,0,0,1.0,10,1,0,3,0.4,0,0,0,0,0,0.30374999999999996,1.423125,werewolf,1,0,1,1,village,1,5,1.0,0.0,1.0,0.70375,1,10,0.4,observation_safe_surrogate
954a71a970b0b87f288a5586ae8d5d66db2d48a6831b3a924a02407bcb0e2620,57f86bb6d6308e71b3dfb2f24d98eeef21d7439bef9d8f205e53cc757c5a4211,ml_stage1_seed_42_game_12,42,12,2,night,seer_check,3,village,seer,7,1,0,information_gain_proxy,5,train,seed_42_game_12,2,1,0,1,0,0,0,1,9,1,1,0.31487499999999996,0,1,0.0595,0.419,0,0,1,1,0,1,0,0,0.041999999999999996,0.384,1,0,0,0,1,0,1,1,0,0,0.5,0,0,1.0,7,0,0,4,0.2,0,0,0,0,0,0.384,1.3935,villager,0,0,0,0,village,1,5,0.6,0.21908902300206645,0.0,0.5840000000000001,3,10,0.4,observation_safe_surrogate
3ec87c711828779aae42a1d20907bd83b8d904ecf35bff4cc0f2b54617e96173,855128fdbc140845cd46e1efa693f2d0f6550d754983d705823b581c99c42551,ml_stage1_seed_43_game_1,43,1,1,night,seer_check,7,village,seer,2,1,1,information_gain_proxy,2,train,seed_43_game_1,1,1,0,1,0,0,0,1,10,0,0,0.3,0,0,0.0,0.3,0,0,0,0,0,1,0,0,0.0,0.3,0,0,0,0,0,0,0,0,0,0,0.5,0,0,0.0,2,0,1,5,1.0,0,0,0,0,0,0.3,1.425,villager,0,0,0,0,village,1,5,0.4,0.21908902300206645,0.0,1.3,4,4,0.4,observation_safe_surrogate
3ec87c711828779aae42a1d20907bd83b8d904ecf35bff4cc0f2b54617e96173,855128fdbc140845cd46e1efa693f2d0f6550d754983d705823b581c99c42551,ml_stage1_seed_43_game_1,43,1,1,night,seer_check,7,village,seer,1,1,0,information_gain_proxy,2,train,seed_43_game_1,1,1,0,1,0,0,0,1,10,0,0,0.3,0,0,0.0,0.3,0,0,0,0,0,1,0,0,0.0,0.3,0,0,0,0,0,0,0,0,0,0,0.5,0,0,0.0,1,1,1,4,0.8,0,0,0,0,0,0.3,1.425,hunter,0,1,0,0,village,1,5,0.4,0.21908902300206645,0.0,1.1,4,4,0.4,observation_safe_surrogate
3ec87c711828779aae42a1d20907bd83b8d904ecf35bff4cc0f2b54617e96173,855128fdbc140845cd46e1efa693f2d0f6550d754983d705823b581c99c42551,ml_stage1_seed_43_game_1,43,1,1,night,seer_check,7,village,seer,8,1,0,information_gain_proxy,2,train,seed_43_game_1,1,1,0,1,0,0,0,1,10,0,0,0.3,0,0,0.0,0.3,0,0,0,0,0,1,0,0,0.0,0.3,0,0,0,0,0,0,0,0,0,0,0.5,0,0,0.0,8,0,0,1,0.2,0,0,0,0,0,0.3,1.425,witch,0,1,0,0,village,1,5,0.6,0.21908902300206645,0.0,0.5,2,4,0.4,observation_safe_surrogate
3ec87c711828779aae42a1d20907bd83b8d904ecf35bff4cc0f2b54617e96173,855128fdbc140845cd46e1efa693f2d0f6550d754983d705823b581c99c42551,ml_stage1_seed_43_game_1,43,1,1,night,seer_check,7,village,seer,10,1,0,information_gain_proxy,2,train,seed_43_game_1,1,1,0,1,0,0,0,1,10,0,0,0.3,0,0,0.0,0.3,0,0,0,0,0,1,0,0,0.0,0.3,0,0,0,0,0,0,0,0,0,0,0.5,0,0,0.0,10,1,0,3,0.6,0,0,0,0,0,0.3,1.425,villager,0,0,0,0,village,1,5,0.6,0.21908902300206645,0.0,0.9,2,4,0.4,observation_safe_surrogate
3ec87c711828779aae42a1d20907bd83b8d904ecf35bff4cc0f2b54617e96173,855128fdbc140845cd46e1efa693f2d0f6550d754983d705823b581c99c42551,ml_stage1_seed_43_game_1,43,1,1,night,seer_check,7,village,seer,4,1,0,information_gain_proxy,2,train,seed_43_game_1,1,1,0,1,0,0,0,1,10,0,0,0.3,0,0,0.0,0.3,0,0,0,0,0,1,0,0,0.0,0.3,0,0,0,0,0,0,0,0,0,0,0.5,0,0,0.0,4,0,1,3,0.6,0,0,0,0,0,0.3,1.425,villager,0,0,0,0,village,1,5,0.8,0.17888543819998315,0.0,0.9,1,4,0.4,observation_safe_surrogate
3ec87c711828779aae42a1d20907bd83b8d904ecf35bff4cc0f2b54617e96173,855128fdbc140845cd46e1efa693f2d0f6550d754983d705823b581c99c42551,ml_stage1_seed_43_game_1,43,1,1,night,seer_check,7,village,seer,5,1,0,information_gain_proxy,2,train,seed_43_game_1,1,1,0,1,0,0,0,1,10,0,0,0.3,0,0,0.0,0.3,0,0,0,0,0,1,0,0,0.0,0.3,0,0,0,0,0,0,0,0,0,0,0.5,0,0,0.0,5,1,1,2,0.4,0,0,0,0,0,0.3,1.425,werewolf,1,0,1,1,village,1,5,0.2,0.1788854381999832,1.0,0.7,6,4,0.4,observation_safe_surrogate
a2c91e6919bcd84faf470145b0879b642bee00d08c14a546653f838baa6baff3,0d0de626d664718b1a8aa611581c1098cd96f84fdc717a48b6ddef0c127f2530,ml_stage1_seed_43_game_1,43,1,2,night,seer_check,7,village,seer,10,1,1,information_gain_proxy,10,train,seed_43_game_1,2,1,0,1,0,0,0,1,9,1,1,0.316925,0,1,0.041999999999999996,0.384,0,0,1,1,0,1,0,0,0.0,0.244,0,0,0,0,1,0,1,0,0,0,0.5,0,0,1.0,10,1,0,3,0.4,0,0,0,0,0,0.244,1.439,villager,0,0,0,0,village,1,5,0.8,0.17888543819998315,0.0,0.644,2,5,0.19999999999999996,observation_safe_surrogate
a2c91e6919bcd84faf470145b0879b642bee00d08c14a546653f838baa6baff3,0d0de626d664718b1a8aa611581c1098cd96f84fdc717a48b6ddef0c127f2530,ml_stage1_seed_43_game_1,43,1,2,night,seer_check,7,village,seer,8,1,0,information_gain_proxy,10,train,seed_43_game_1,2,1,0,1,0,0,0,1,9,1,1,0.316925,0,1,0.041999999999999996,0.384,0,0,1,1,0,1,0,0,0.034999999999999996,0.48999999999999994,1,0,0,3,1,0,1,0,0,0,0.5,0,0,2.5,8,0,0,1,0.8,0,0,0,0,0,0.48999999999999994,1.36875,witch,0,1,0,0,village,1,5,0.2,0.1788854381999832,0.0,1.29,6,5,0.19999999999999996,observation_safe_surrogate
a2c91e6919bcd84faf470145b0879b642bee00d08c14a546653f838baa6baff3,0d0de626d664718b1a8aa611581c1098cd96f84fdc717a48b6ddef0c127f2530,ml_stage1_seed_43_game_1,43,1,2,night,seer_check,7,village,seer,6,1,0,information_gain_proxy,10,train,seed_43_game_1,2,1,0,1,0,0,0,1,9,1,1,0.316925,0,1,0.041999999999999996,0.384,0,0,1,1,0,1,0,0,0.06874999999999999,0.4437499999999999,1,1,1,1,1,0,1,0,0,0,0.3,0,0,1.5,6,1,0,1,0.8,0,0,0,0,0,0.4437499999999999,1.3718750000000002,werewolf,1,0,1,1,village,1,5,0.6,0.21908902300206645,1.0,1.24375,4,5,0.19999999999999996,observation_safe_surrogate
a2c91e6919bcd84faf470145b0879b642bee00d08c14a546653f838baa6baff3,0d0de626d664718b1a8aa611581c1098cd96f84fdc717a48b6ddef0c127f2530,ml_stage1_seed_43_game_1,43,1,2,night,seer_check,7,village,seer,5,1,0,information_gain_proxy,10,train,seed_43_game_1,2,1,0,1,0,0,0,1,9,1,1,0.316925,0,1,0.041999999999999996,0.384,0,0,1,1,0,1,0,0,0.00375,0.30374999999999996,0,1,0,0,1,0,1,0,0,0,0.48,1,0,1.0,5,1,1,2,0.6,1,0,0,0,0,0.30374999999999996,1.423125,werewolf,1,0,1,1,village,1,5,1.0,0.0,1.0,0.9037499999999999,1,5,0.19999999999999996,observation_safe_surrogate
a2c91e6919bcd84faf470145b0879b642bee00d08c14a546653f838baa6baff3,0d0de626d664718b1a8aa611581c1098cd96f84fdc717a48b6ddef0c127f2530,ml_stage1_seed_43_game_1,43,1,2,night,seer_check,7,village,seer,9,1,0,information_gain_proxy,10,train,seed_43_game_1,2,1,0,1,0,0,0,1,9,1,1,0.316925,0,1,0.041999999999999996,0.384,0,0,1,1,0,1,0,0,0.00375,0.30374999999999996,0,1,0,0,1,0,1,0,0,0,0.48,0,0,1.0,9,0,0,2,0.6,0,0,0,0,0,0.30374999999999996,1.423125,werewolf,1,0,1,1,village,1,5,0.8,0.17888543819998315,1.0,0.9037499999999999,2,5,0.19999999999999996,observation_safe_surrogate
a2c91e6919bcd84faf470145b0879b642bee00d08c14a546653f838baa6baff3,0d0de626d664718b1a8aa611581c1098cd96f84fdc717a48b6ddef0c127f2530,ml_stage1_seed_43_game_1,43,1,2,night,seer_check,7,village,seer,4,1,0,information_gain_proxy,10,train,seed_43_game_1,2,1,0,1,0,0,0,1,9,1,1,0.316925,0,1,0.041999999999999996,0.384,0,0,1,1,0,1,0,0,0.0,0.3,0,0,0,0,1,0,1,0,0,0,0.5,0,0,1.0,4,0,1,3,0.4,0,0,0,0,0,0.3,1.425,villager,0,0,0,0,village,1,5,0.6,0.21908902300206645,0.0,0.7,4,5,0.19999999999999996,observation_safe_surrogate
935bbfd0f11c546e0d35c56790595bb363f47736a94b01b2f0310283814bab9e,f38bf4c6a07d5c4c3b39edd5d219464a6b935633c0054d3e531cdaa18df96aab,ml_stage1_seed_43_game_2,43,2,1,night,seer_check,1,village,seer,6,1,1,information_gain_proxy,6,train,seed_43_game_2,1,1,0,1,0,0,0,1,10,0,0,0.3,0,0,0.0,0.3,0,0,0,0,0,1,0,0,0.0,0.3,0,0,0,0,0,0,0,0,0,0,0.5,0,0,0.0,6,1,0,5,1.0,0,0,0,0,0,0.3,1.425,witch,0,1,0,0,village,1,5,0.2,0.1788854381999832,0.0,1.3,4,10,0.39999999999999997,observation_safe_surrogate
935bbfd0f11c546e0d35c56790595bb363f47736a94b01b2f0310283814bab9e,f38bf4c6a07d5c4c3b39edd5d219464a6b935633c0054d3e531cdaa18df96aab,ml_stage1_seed_43_game_2,43,2,1,night,seer_check,1,village,seer,10,1,0,information_gain_proxy,6,train,seed_43_game_2,1,1,0,1,0,0,0,1,10,0,0,0.3,0,0,0.0,0.3,0,0,0,0,0,1,0,0,0.0,0.3,0,0,0,0,0,0,0,0,0,0,0.5,0,0,0.0,10,1,0,1,0.2,0,0,0,0,0,0.3,1.425,werewolf,1,0,1,1,village,1,5,0.6,0.21908902300206645,1.0,0.5,1,10,0.39999999999999997,observation_safe_surrogate
935bbfd0f11c546e0d35c56790595bb363f47736a94b01b2f0310283814bab9e,f38bf4c6a07d5c4c3b39edd5d219464a6b935633c0054d3e531cdaa18df96aab,ml_stage1_seed_43_game_2,43,2,1,night,seer_check,1,village,seer,5,1,0,information_gain_proxy,6,train,seed_43_game_2,1,1,0,1,0,0,0,1,10,0,0,0.3,0,0,0.0,0.3,0,0,0,0,0,1,0,0,0.0,0.3,0,0,0,0,0,0,0,0,0,0,0.5,0,0,0.0,5,1,1,4,0.8,0,0,0,0,0,0.3,1.425,villager,0,0,0,0,village,1,5,0.6,0.21908902300206645,0.0,1.1,1,10,0.39999999999999997,observation_safe_surrogate
935bbfd0f11c546e0d35c56790595bb363f47736a94b01b2f0310283814bab9e,f38bf4c6a07d5c4c3b39edd5d219464a6b935633c0054d3e531cdaa18df96aab,ml_stage1_seed_43_game_2,43,2,1,night,seer_check,1,village,seer,7,1,0,information_gain_proxy,6,train,seed_43_game_2,1,1,0,1,0,0,0,1,10,0,0,0.3,0,0,0.0,0.3,0,0,0,0,0,1,0,0,0.0,0.3,0,0,0,0,0,0,0,0,0,0,0.5,0,0,0.0,7,0,0,4,0.8,0,0,0,0,0,0.3,1.425,villager,0,0,0,0,village,1,5,0.2,0.1788854381999832,0.0,1.1,4,10,0.39999999999999997,observation_safe_surrogate
935bbfd0f11c546e0d35c56790595bb363f47736a94b01b2f0310283814bab9e,f38bf4c6a07d5c4c3b39edd5d219464a6b935633c0054d3e531cdaa18df96aab,ml_stage1_seed_43_game_2,43,2,1,night,seer_check,1,village,seer,9,1,0,information_gain_proxy,6,train,seed_43_game_2,1,1,0,1,0,0,0,1,10,0,0,0.3,0,0,0.0,0.3,0,0,0,0,0,1,0,0,0.0,0.3,0,0,0,0,0,0,0,0,0,0,0.5,0,0,0.0,9,0,0,2,0.4,0,0,0,0,0,0.3,1.425,werewolf,1,0,1,1,village,1,5,0.4,0.21908902300206645,1.0,0.7,3,10,0.39999999999999997,observation_safe_surrogate
935bbfd0f11c546e0d35c56790595bb363f47736a94b01b2f0310283814bab9e,f38bf4c6a07d5c4c3b39edd5d219464a6b935633c0054d3e531cdaa18df96aab,ml_stage1_seed_43_game_2,43,2,1,night,seer_check,1,village,seer,3,1,0,information_gain_proxy,6,train,seed_43_game_2,1,1,0,1,0,0,0,1,10,0,0,0.3,0,0,0.0,0.3,0,0,0,0,0,1,0,0,0.0,0.3,0,0,0,0,0,0,0,0,0,0,0.5,0,0,0.0,3,0,1,2,0.4,0,0,0,0,0,0.3,1.425,villager,0,0,0,0,village,1,5,0.2,0.1788854381999832,0.0,0.7,4,10,0.39999999999999997,observation_safe_surrogate
231710f38917486444d19adb37dbab6aedab00fb50dde83d4fef89768a51f394,a3d06de38e394efa35be6797ff4e40478e2cd09ec59f2ab9304df5970c3c8dd2,ml_stage1_seed_43_game_2,43,2,2,night,seer_check,1,village,seer,4,1,1,information_gain_proxy,4,train,seed_43_game_2,2,1,0,1,0,0,0,1,9,1,1,0.31232499999999996,0,1,0.034999999999999996,0.44999999999999996,0,0,1,1,0,1,0,0,0.00375,0.30374999999999996,0,1,0,0,1,0,1,0,0,0,0.48,0,0,1.0,4,0,1,3,0.4,0,0,0,0,0,0.30374999999999996,1.423125,werewolf,1,0,1,1,village,1,5,1.0,0.0,1.0,0.70375,1,4,0.0,observation_safe_surrogate
231710f38917486444d19adb37dbab6aedab00fb50dde83d4fef89768a51f394,a3d06de38e394efa35be6797ff4e40478e2cd09ec59f2ab9304df5970c3c8dd2,ml_stage1_seed_43_game_2,43,2,2,night,seer_check,1,village,seer,3,1,0,information_gain_proxy,4,train,seed_43_game_2,2,1,0,1,0,0,0,1,9,1,1,0.31232499999999996,0,1,0.034999999999999996,0.44999999999999996,0,0,1,1,0,1,0,0,0.041999999999999996,0.38399999999999995,1,1,0,0,1,0,1,0,0,0,0.5,1,0,1.0,3,0,1,2,0.6,1,0,0,0,0,0.38399999999999995,1.3935,villager,0,0,0,0,village,1,5,0.6,0.21908902300206645,0.0,0.984,4,4,0.0,observation_safe_surrogate
231710f38917486444d19adb37dbab6aedab00fb50dde83d4fef89768a51f394,a3d06de38e394efa35be6797ff4e40478e2cd09ec59f2ab9304df5970c3c8dd2,ml_stage1_seed_43_game_2,43,2,2,night,seer_check,1,village,seer,9,1,0,information_gain_proxy,4,train,seed_43_game_2,2,1,0,1,0,0,0,1,9,1,1,0.31232499999999996,0,1,0.034999999999999996,0.44999999999999996,0,0,1,1,0,1,0,0,0.03375,0.33375,0,1,1,0,1,0,1,0,0,0,0.3,0,0,1.0,9,0,0,2,0.6,0,0,0,0,0,0.33375,1.408125,werewolf,1,0,1,1,village,1,5,0.8,0.17888543819998315,1.0,0.9337500000000001,2,4,0.0,observation_safe_surrogate
231710f38917486444d19adb37dbab6aedab00fb50dde83d4fef89768a51f394,a3d06de38e394efa35be6797ff4e40478e2cd09ec59f2ab9304df5970c3c8dd2,ml_stage1_seed_43_game_2,43,2,2,night,seer_check,1,village,seer,2,1,0,information_gain_proxy,4,train,seed_43_game_2,2,1,0,1,0,0,0,1,9,1,1,0.31232499999999996,0,1,0.034999999999999996,0.44999999999999996,0,0,1,1,0,1,0,0,0.034999999999999996,0.37,1,0,0,0,1,0,1,0,0,0,0.5,0,0,1.0,2,0,1,1,0.8,0,0,0,0,0,0.37,1.39875,villager,0,0,0,0,village,1,5,0.4,0.21908902300206645,0.0,1.17,5,4,0.0,observation_safe_surrogate
231710f38917486444d19adb37dbab6aedab00fb50dde83d4fef89768a51f394,a3d06de38e394efa35be6797ff4e40478e2cd09ec59f2ab9304df5970c3c8dd2,ml_stage1_seed_43_game_2,43,2,2,night,seer_check,1,village,seer,5,1,0,information_gain_proxy,4,train,seed_43_game_2,2,1,0,1,0,0,0,1,9,1,1,0.31232499999999996,0,1,0.034999999999999996,0.44999999999999996,0,0,1,1,0,1,0,0,0.0,0.3,0,1,0,0,1,0,1,0,0,0,0.5,1,0,1.0,5,1,1,4,0.2,1,0,0,0,0,0.3,1.425,villager,0,0,0,0,village,1,5,0.4,0.21908902300206645,0.0,0.5,5,4,0.0,observation_safe_surrogate
231710f38917486444d19adb37dbab6aedab00fb50dde83d4fef89768a51f394,a3d06de38e394efa35be6797ff4e40478e2cd09ec59f2ab9304df5970c3c8dd2,ml_stage1_seed_43_game_2,43,2,2,night,seer_check,1,village,seer,10,1,0,information_gain_proxy,4,train,seed_43_game_2,2,1,0,1,0,0,0,1,9,1,1,0.31232499999999996,0,1,0.034999999999999996,0.44999999999999996,0,0,1,1,0,1,0,0,0.03375,0.27775,0,1,1,0,1,0,1,0,0,0,0.3,0,0,1.0,10,1,0,1,0.8,0,0,0,0,0,0.27775,1.422125,werewolf,1,0,1,1,village,1,5,0.8,0.17888543819998315,1.0,1.07775,2,4,0.0,observation_safe_surrogate
603aeddb98d270e5040295ab32b1267a8a84f9ae08d90f7c1a6b254a1dd8899c,cbad39c0f312215b9808161c1eed9afc37e876faf89c7c040119b4beb1432513,ml_stage1_seed_43_game_3,43,3,1,night,seer_check,9,village,seer,4,1,1,information_gain_proxy,4,train,seed_43_game_3,1,1,0,1,0,0,0,1,10,0,0,0.3,0,0,0.0,0.3,0,0,0,0,0,1,0,0,0.0,0.3,0,0,0,0,0,0,0,0,0,0,0.5,0,0,0.0,4,0,1,5,1.0,0,0,0,0,0,0.3,1.425,villager,0,0,0,0,wolf,0,5,0.8,0.17888543819998315,0.0,1.3,2,2,0.19999999999999996,observation_safe_surrogate
603aeddb98d270e5040295ab32b1267a8a84f9ae08d90f7c1a6b254a1dd8899c,cbad39c0f312215b9808161c1eed9afc37e876faf89c7c040119b4beb1432513,ml_stage1_seed_43_game_3,43,3,1,night,seer_check,9,village,seer,1,1,0,information_gain_proxy,4,train,seed_43_game_3,1,1,0,1,0,0,0,1,10,0,0,0.3,0,0,0.0,0.3,0,0,0,0,0,1,0,0,0.0,0.3,0,0,0,0,0,0,0,0,0,0,0.5,0,0,0.0,1,1,1,2,0.4,0,0,0,0,0,0.3,1.425,werewolf,1,0,1,1,wolf,0,5,0.8,0.17888543819998315,1.0,0.7,2,2,0.19999999999999996,observation_safe_surrogate
603aeddb98d270e5040295ab32b1267a8a84f9ae08d90f7c1a6b254a1dd8899c,cbad39c0f312215b9808161c1eed9afc37e876faf89c7c040119b4beb1432513,ml_stage1_seed_43_game_3,43,3,1,night,seer_check,9,village,seer,3,1,0,information_gain_proxy,4,train,seed_43_game_3,1,1,0,1,0,0,0,1,10,0,0,0.3,0,0,0.0,0.3,0,0,0,0,0,1,0,0,0.0,0.3,0,0,0,0,0,0,0,0,0,0,0.5,0,0,0.0,3,0,1,4,0.8,0,0,0,0,0,0.3,1.425,hunter,0,1,0,0,wolf,0,5,0.2,0.1788854381999832,0.0,1.1,5,2,0.19999999999999996,observation_safe_surrogate
603aeddb98d270e5040295ab32b1267a8a84f9ae08d90f7c1a6b254a1dd8899c,cbad39c0f312215b9808161c1eed9afc37e876faf89c7c040119b4beb1432513,ml_stage1_seed_43_game_3,43,3,1,night,seer_check,9,village,seer,7,1,0,information_gain_proxy,4,train,seed_43_game_3,1,1,0,1,0,0,0,1,10,0,0,0.3,0,0,0.0,0.3,0,0,0,0,0,1,0,0,0.0,0.3,0,0,0,0,0,0,0,0,0,0,0.5,0,0,0.0,7,0,0,2,0.4,0,0,0,0,0,0.3,1.425,villager,0,0,0,0,wolf,0,5,0.2,0.1788854381999832,0.0,0.7,5,2,0.19999999999999996,observation_safe_surrogate
603aeddb98d270e5040295ab32b1267a8a84f9ae08d90f7c1a6b254a1dd8899c,cbad39c0f312215b9808161c1eed9afc37e876faf89c7c040119b4beb1432513,ml_stage1_seed_43_game_3,43,3,1,night,seer_check,9,village,seer,6,1,0,information_gain_proxy,4,train,seed_43_game_3,1,1,0,1,0,0,0,1,10,0,0,0.3,0,0,0.0,0.3,0,0,0,0,0,1,0,0,0.0,0.3,0,0,0,0,0,0,0,0,0,0,0.5,0,0,0.0,6,1,0,3,0.6,0,0,0,0,0,0.3,1.425,werewolf,1,0,1,1,wolf,0,5,0.8,0.17888543819998315,1.0,0.9,2,2,0.19999999999999996,observation_safe_surrogate
603aeddb98d270e5040295ab32b1267a8a84f9ae08d90f7c1a6b254a1dd8899c,cbad39c0f312215b9808161c1eed9afc37e876faf89c7c040119b4beb1432513,ml_stage1_seed_43_game_3,43,3,1,night,seer_check,9,village,seer,2,1,0,information_gain_proxy,4,train,seed_43_game_3,1,1,0,1,0,0,0,1,10,0,0,0.3,0,0,0.0,0.3,0,0,0,0,0,1,0,0,0.0,0.3,0,0,0,0,0,0,0,0,0,0,0.5,0,0,0.0,2,0,1,3,0.6,0,0,0,0,0,0.3,1.425,werewolf,1,0,1,1,wolf,0,5,1.0,0.0,1.0,0.9,1,2,0.19999999999999996,observation_safe_surrogate
4150709ee3c5d5d07e0b3d6bec973da8b92e3104911d71705d203eac7f05d8ae,e942d12313e3ab265a99c87b97aa6fb48b6d8eb4480ec535e6e4238096eed371,ml_stage1_seed_43_game_4,43,4,1,night,seer_check,1,village,seer,6,1,1,information_gain_proxy,6,train,seed_43_game_4,1,1,0,1,0,0,0,1,10,0,0,0.3,0,0,0.0,0.3,0,0,0,0,0,1,0,0,0.0,0.3,0,0,0,0,0,0,0,0,0,0,0.5,0,0,0.0,6,1,0,5,1.0,0,0,0,0,0,0.3,1.425,hunter,0,1,0,0,wolf,0,5,0.4,0.21908902300206645,0.0,1.3,4,10,0.4,observation_safe_surrogate
4150709ee3c5d5d07e0b3d6bec973da8b92e3104911d71705d203eac7f05d8ae,e942d12313e3ab265a99c87b97aa6fb48b6d8eb4480ec535e6e4238096eed371,ml_stage1_seed_43_game_4,43,4,1,night,seer_check,1,village,seer,10,1,0,information_gain_proxy,6,train,seed_43_game_4,1,1,0,1,0,0,0,1,10,0,0,0.3,0,0,0.0,0.3,0,0,0,0,0,1,0,0,0.0,0.3,0,0,0,0,0,0,0,0,0,0,0.5,0,0,0.0,10,1,0,1,0.2,0,0,0,0,0,0.3,1.425,werewolf,1,0,1,1,wolf,0,5,0.8,0.17888543819998315,1.0,0.5,1,10,0.4,observation_safe_surrogate
4150709ee3c5d5d07e0b3d6bec973da8b92e3104911d71705d203eac7f05d8ae,e942d12313e3ab265a99c87b97aa6fb48b6d8eb4480ec535e6e4238096eed371,ml_stage1_seed_43_game_4,43,4,1,night,seer_check,1,village,seer,3,1,0,information_gain_proxy,6,train,seed_43_game_4,1,1,0,1,0,0,0,1,10,0,0,0.3,0,0,0.0,0.3,0,0,0,0,0,1,0,0,0.0,0.3,0,0,0,0,0,0,0,0,0,0,0.5,0,0,0.0,3,0,1,2,0.4,0,0,0,0,0,0.3,1.425,witch,0,1,0,0,wolf,0,5,0.2,0.1788854381999832,0.0,0.7,6,10,0.4,observation_safe_surrogate
4150709ee3c5d5d07e0b3d6bec973da8b92e3104911d71705d203eac7f05d8ae,e942d12313e3ab265a99c87b97aa6fb48b6d8eb4480ec535e6e4238096eed371,ml_stage1_seed_43_game_4,43,4,1,night,seer_check,1,village,seer,8,1,0,information_gain_proxy,6,train,seed_43_game_4,1,1,0,1,0,0,0,1,10,0,0,0.3,0,0,0.0,0.3,0,0,0,0,0,1,0,0,0.0,0.3,0,0,0,0,0,0,0,0,0,0,0.5,0,0,0.0,8,0,0,3,0.6,0,0,0,0,0,0.3,1.425,villager,0,0,0,0,wolf,0,5,0.4,0.21908902300206645,0.0,0.9,4,10,0.4,observation_safe_surrogate
4150709ee3c5d5d07e0b3d6bec973da8b92e3104911d71705d203eac7f05d8ae,e942d12313e3ab265a99c87b97aa6fb48b6d8eb4480ec535e6e4238096eed371,ml_stage1_seed_43_game_4,43,4,1,night,seer_check,1,village,seer,9,1,0,information_gain_proxy,6,train,seed_43_game_4,1,1,0,1,0,0,0,1,10,0,0,0.3,0,0,0.0,0.3,0,0,0,0,0,1,0,0,0.0,0.3,0,0,0,0,0,0,0,0,0,0,0.5,0,0,0.0,9,0,0,2,0.4,0,0,0,0,0,0.3,1.425,werewolf,1,0,1,1,wolf,0,5,0.6,0.21908902300206645,1.0,0.7,3,10,0.4,observation_safe_surrogate
4150709ee3c5d5d07e0b3d6bec973da8b92e3104911d71705d203eac7f05d8ae,e942d12313e3ab265a99c87b97aa6fb48b6d8eb4480ec535e6e4238096eed371,ml_stage1_seed_43_game_4,43,4,1,night,seer_check,1,village,seer,4,1,0,information_gain_proxy,6,train,seed_43_game_4,1,1,0,1,0,0,0,1,10,0,0,0.3,0,0,0.0,0.3,0,0,0,0,0,1,0,0,0.0,0.3,0,0,0,0,0,0,0,0,0,0,0.5,0,0,0.0,4,0,1,3,0.6,0,0,0,0,0,0.3,1.425,villager,0,0,0,0,wolf,0,5,0.8,0.17888543819998315,0.0,0.9,1,10,0.4,observation_safe_surrogate
880b5aac422bc9796ce0761dd0f69f0c15aa230947c051faed45f2cdba7a5e2d,f39ae4972959d3178a8f86c953ae1cc8fe8c052dbca9aebee00692e4f9c8e93a,ml_stage1_seed_43_game_5,43,5,1,night,seer_check,5,village,seer,10,1,1,information_gain_proxy,10,train,seed_43_game_5,1,1,0,1,0,0,0,1,10,0,0,0.3,0,0,0.0,0.3,0,0,0,0,0,1,0,0,0.0,0.3,0,0,0,0,0,0,0,0,0,0,0.5,0,0,0.0,10,1,0,5,1.0,0,0,0,0,0,0.3,1.425,werewolf,1,0,1,1,wolf,0,5,1.0,0.0,1.0,1.3,1,10,0.0,observation_safe_surrogate
880b5aac422bc9796ce0761dd0f69f0c15aa230947c051faed45f2cdba7a5e2d,f39ae4972959d3178a8f86c953ae1cc8fe8c052dbca9aebee00692e4f9c8e93a,ml_stage1_seed_43_game_5,43,5,1,night,seer_check,5,village,seer,1,1,0,information_gain_proxy,10,train,seed_43_game_5,1,1,0,1,0,0,0,1,10,0,0,0.3,0,0,0.0,0.3,0,0,0,0,0,1,0,0,0.0,0.3,0,0,0,0,0,0,0,0,0,0,0.5,0,0,0.0,1,1,1,4,0.8,0,0,0,0,0,0.3,1.425,villager,0,0,0,0,wolf,0,5,0.2,0.1788854381999832,0.0,1.1,5,10,0.0,observation_safe_surrogate
880b5aac422bc9796ce0761dd0f69f0c15aa230947c051faed45f2cdba7a5e2d,f39ae4972959d3178a8f86c953ae1cc8fe8c052dbca9aebee00692e4f9c8e93a,ml_stage1_seed_43_game_5,43,5,1,night,seer_check,5,village,seer,8,1,0,information_gain_proxy,10,train,seed_43_game_5,1,1,0,1,0,0,0,1,10,0,0,0.3,0,0,0.0,0.3,0,0,0,0,0,1,0,0,0.0,0.3,0,0,0,0,0,0,0,0,0,0,0.5,0,0,0.0,8,0,0,3,0.6,0,0,0,0,0,0.3,1.425,villager,0,0,0,0,wolf,0,5,0.4,0.21908902300206645,0.0,0.9,3,10,0.0,observation_safe_surrogate
880b5aac422bc9796ce0761dd0f69f0c15aa230947c051faed45f2cdba7a5e2d,f39ae4972959d3178a8f86c953ae1cc8fe8c052dbca9aebee00692e4f9c8e93a,ml_stage1_seed_43_game_5,43,5,1,night,seer_check,5,village,seer,9,1,0,information_gain_proxy,10,train,seed_43_game_5,1,1,0,1,0,0,0,1,10,0,0,0.3,0,0,0.0,0.3,0,0,0,0,0,1,0,0,0.0,0.3,0,0,0,0,0,0,0,0,0,0,0.5,0,0,0.0,9,0,0,4,0.8,0,0,0,0,0,0.3,1.425,villager,0,0,0,0,wolf,0,5,0.2,0.1788854381999832,0.0,1.1,5,10,0.0,observation_safe_surrogate
880b5aac422bc9796ce0761dd0f69f0c15aa230947c051faed45f2cdba7a5e2d,f39ae4972959d3178a8f86c953ae1cc8fe8c052dbca9aebee00692e4f9c8e93a,ml_stage1_seed_43_game_5,43,5,1,night,seer_check,5,village,seer,6,1,0,information_gain_proxy,10,train,seed_43_game_5,1,1,0,1,0,0,0,1,10,0,0,0.3,0,0,0.0,0.3,0,0,0,0,0,1,0,0,0.0,0.3,0,0,0,0,0,0,0,0,0,0,0.5,0,0,0.0,6,1,0,1,0.2,0,0,0,0,0,0.3,1.425,hunter,0,1,0,0,wolf,0,5,0.4,0.21908902300206645,0.0,0.5,3,10,0.0,observation_safe_surrogate
880b5aac422bc9796ce0761dd0f69f0c15aa230947c051faed45f2cdba7a5e2d,f39ae4972959d3178a8f86c953ae1cc8fe8c052dbca9aebee00692e4f9c8e93a,ml_stage1_seed_43_game_5,43,5,1,night,seer_check,5,village,seer,4,1,0,information_gain_proxy,10,train,seed_43_game_5,1,1,0,1,0,0,0,1,10,0,0,0.3,0,0,0.0,0.3,0,0,0,0,0,1,0,0,0.0,0.3,0,0,0,0,0,0,0,0,0,0,0.5,0,0,0.0,4,0,1,1,0.2,0,0,0,0,0,0.3,1.425,witch,0,1,0,0,wolf,0,5,0.8,0.17888543819998315,0.0,0.5,2,10,0.0,observation_safe_surrogate
359e8573d7735b59f15b7ea6d726d8a80911b41a990eb3989a3f45fe8cca260a,8651fcabbac2dba29a01a8da3acb3abb63fdea4d32c77adb484dc23656bf2ef0,ml_stage1_seed_43_game_5,43,5,2,night,seer_check,5,village,seer,2,1,1,information_gain_proxy,2,train,seed_43_game_5,2,1,0,1,0,0,0,1,9,1,1,0.3148749999999999,0,1,0.034999999999999996,0.37,0,0,1,1,0,1,0,0,0.00375,0.30374999999999996,0,1,0,0,1,0,1,0,0,0,0.48,0,0,1.0,2,0,1,3,0.4,0,0,0,0,0,0.30374999999999996,1.423125,werewolf,1,0,1,1,wolf,0,5,1.0,0.0,1.0,0.70375,1,2,0.0,observation_safe_surrogate
359e8573d7735b59f15b7ea6d726d8a80911b41a990eb3989a3f45fe8cca260a,8651fcabbac2dba29a01a8da3acb3abb63fdea4d32c77adb484dc23656bf2ef0,ml_stage1_seed_43_game_5,43,5,2,night,seer_check,5,village,seer,8,1,0,information_gain_proxy,2,train,seed_43_game_5,2,1,0,1,0,0,0,1,9,1,1,0.3148749999999999,0,1,0.034999999999999996,0.37,0,0,1,1,0,1,0,0,0.06999999999999999,0.48,2,0,0,1,1,0,1,0,0,0,0.5,0,0,1.5,8,0,0,3,0.4,0,0,0,0,0,0.48,1.3624999999999998,villager,0,0,0,0,wolf,0,5,0.2,0.1788854381999832,0.0,0.8800000000000001,6,2,0.0,observation_safe_surrogate
359e8573d7735b59f15b7ea6d726d8a80911b41a990eb3989a3f45fe8cca260a,8651fcabbac2dba29a01a8da3acb3abb63fdea4d32c77adb484dc23656bf2ef0,ml_stage1_seed_43_game_5,43,5,2,night,seer_check,5,village,seer,7,1,0,information_gain_proxy,2,train,seed_43_game_5,2,1,0,1,0,0,0,1,9,1,1,0.3148749999999999,0,1,0.034999999999999996,0.37,0,0,1,1,0,1,0,0,0.00375,0.30374999999999996,0,1,0,0,1,0,1,0,0,0,0.48,1,0,1.0,7,0,0,2,0.6,1,0,0,0,0,0.30374999999999996,1.423125,werewolf,1,0,1,1,wolf,0,5,0.8,0.17888543819998315,1.0,0.9037499999999999,2,2,0.0,observation_safe_surrogate
359e8573d7735b59f15b7ea6d726d8a80911b41a990eb3989a3f45fe8cca260a,8651fcabbac2dba29a01a8da3acb3abb63fdea4d32c77adb484dc23656bf2ef0,ml_stage1_seed_43_game_5,43,5,2,night,seer_check,5,village,seer,4,1,0,information_gain_proxy,2,train,seed_43_game_5,2,1,0,1,0,0,0,1,9,1,1,0.3148749999999999,0,1,0.034999999999999996,0.37,0,0,1,1,0,1,0,0,0.0,0.3,0,0,0,0,1,0,1,0,0,0,0.5,0,0,1.0,4,0,1,1,0.8,0,0,0,0,0,0.3,1.425,witch,0,1,0,0,wolf,0,5,0.6,0.21908902300206645,0.0,1.1,3,2,0.0,observation_safe_surrogate
359e8573d7735b59f15b7ea6d726d8a80911b41a990eb3989a3f45fe8cca260a,8651fcabbac2dba29a01a8da3acb3abb63fdea4d32c77adb484dc23656bf2ef0,ml_stage1_seed_43_game_5,43,5,2,night,seer_check,5,village,seer,9,1,0,information_gain_proxy,2,train,seed_43_game_5,2,1,0,1,0,0,0,1,9,1,1,0.3148749999999999,0,1,0.034999999999999996,0.37,0,0,1,1,0,1,0,0,0.0,0.3,0,1,0,0,1,0,1,0,0,0,0.5,0,0,1.0,9,0,0,4,0.2,0,0,0,0,0,0.3,1.425,villager,0,0,0,0,wolf,0,5,0.6,0.21908902300206645,0.0,0.5,3,2,0.0,observation_safe_surrogate
359e8573d7735b59f15b7ea6d726d8a80911b41a990eb3989a3f45fe8cca260a,8651fcabbac2dba29a01a8da3acb3abb63fdea4d32c77adb484dc23656bf2ef0,ml_stage1_seed_43_game_5,43,5,2,night,seer_check,5,village,seer,3,1,0,information_gain_proxy,2,train,seed_43_game_5,2,1,0,1,0,0,0,1,9,1,1,0.3148749999999999,0,1,0.034999999999999996,0.37,0,0,1,1,0,1,0,0,0.063,0.426,2,0,0,0,1,0,1,0,1,1,0.5,0,0,1.0,3,0,1,2,0.6,0,0,0,0,0,0.426,1.37775,villager,0,0,0,0,wolf,0,5,0.6,0.21908902300206645,0.0,1.026,3,2,0.0,observation_safe_surrogate
da7197e4c1c2094b9205ca88e147376ce9c50533a96bc71af3f0602ce117e9ca,84159cd61dd1907828edad4622b9e26a408a0ed2edd6bc83f5bd28510496b522,ml_stage1_seed_43_game_6,43,6,1,night,seer_check,1,village,seer,6,1,1,information_gain_proxy,6,train,seed_43_game_6,1,1,0,1,0,0,0,1,10,0,0,0.3,0,0,0.0,0.3,0,0,0,0,0,1,0,0,0.0,0.3,0,0,0,0,0,0,0,0,0,0,0.5,0,0,0.0,6,1,0,5,1.0,0,0,0,0,0,0.3,1.425,witch,0,1,0,0,wolf,0,5,0.6,0.21908902300206645,0.0,1.3,4,10,0.20000000000000007,observation_safe_surrogate
da7197e4c1c2094b9205ca88e147376ce9c50533a96bc71af3f0602ce117e9ca,84159cd61dd1907828edad4622b9e26a408a0ed2edd6bc83f5bd28510496b522,ml_stage1_seed_43_game_6,43,6,1,night,seer_check,1,village,seer,10,1,0,information_gain_proxy,6,train,seed_43_game_6,1,1,0,1,0,0,0,1,10,0,0,0.3,0,0,0.0,0.3,0,0,0,0,0,1,0,0,0.0,0.3,0,0,0,0,0,0,0,0,0,0,0.5,0,0,0.0,10,1,0,1,0.2,0,0,0,0,0,0.3,1.425,werewolf,1,0,1,1,wolf,0,5,0.8,0.17888543819998315,1.0,0.5,1,10,0.20000000000000007,observation_safe_surrogate
da7197e4c1c2094b9205ca88e147376ce9c50533a96bc71af3f0602ce117e9ca,84159cd61dd1907828edad4622b9e26a408a0ed2edd6bc83f5bd28510496b522,ml_stage1_seed_43_game_6,43,6,1,night,seer_check,1,village,seer,3,1,0,information_gain_proxy,6,train,seed_43_game_6,1,1,0,1,0,0,0,1,10,0,0,0.3,0,0,0.0,0.3,0,0,0,0,0,1,0,0,0.0,0.3,0,0,0,0,0,0,0,0,0,0,0.5,0,0,0.0,3,0,1,2,0.4,0,0,0,0,0,0.3,1.425,hunter,0,1,0,0,wolf,0,5,0.2,0.1788854381999832,0.0,0.7,6,10,0.20000000000000007,observation_safe_surrogate
da7197e4c1c2094b9205ca88e147376ce9c50533a96bc71af3f0602ce117e9ca,84159cd61dd1907828edad4622b9e26a408a0ed2edd6bc83f5bd28510496b522,ml_stage1_seed_43_game_6,43,6,1,night,seer_check,1,village,seer,8,1,0,information_gain_proxy,6,train,seed_43_game_6,1,1,0,1,0,0,0,1,10,0,0,0.3,0,0,0.0,0.3,0,0,0,0,0,1,0,0,0.0,0.3,0,0,0,0,0,0,0,0,0,0,0.5,0,0,0.0,8,0,0,3,0.6,0,0,0,0,0,0.3,1.425,villager,0,0,0,0,wolf,0,5,0.8,0.17888543819998315,0.0,0.9,1,10,0.20000000000000007,observation_safe_surrogate
da7197e4c1c2094b9205ca88e147376ce9c50533a96bc71af3f0602ce117e9ca,84159cd61dd1907828edad4622b9e26a408a0ed2edd6bc83f5bd28510496b522,ml_stage1_seed_43_game_6,43,6,1,night,seer_check,1,village,seer,9,1,0,information_gain_proxy,6,train,seed_43_game_6,1,1,0,1,0,0,0,1,10,0,0,0.3,0,0,0.0,0.3,0,0,0,0,0,1,0,0,0.0,0.3,0,0,0,0,0,0,0,0,0,0,0.5,0,0,0.0,9,0,0,2,0.4,0,0,0,0,0,0.3,1.425,villager,0,0,0,0,wolf,0,5,0.4,0.21908902300206645,0.0,0.7,5,10,0.20000000000000007,observation_safe_surrogate
da7197e4c1c2094b9205ca88e147376ce9c50533a96bc71af3f0602ce117e9ca,84159cd61dd1907828edad4622b9e26a408a0ed2edd6bc83f5bd28510496b522,ml_stage1_seed_43_game_6,43,6,1,night,seer_check,1,village,seer,2,1,0,information_gain_proxy,6,train,seed_43_game_6,1,1,0,1,0,0,0,1,10,0,0,0.3,0,0,0.0,0.3,0,0,0,0,0,1,0,0,0.0,0.3,0,0,0,0,0,0,0,0,0,0,0.5,0,0,0.0,2,0,1,1,0.2,0,0,0,0,0,0.3,1.425,werewolf,1,0,1,1,wolf,0,5,0.8,0.17888543819998315,1.0,0.5,1,10,0.20000000000000007,observation_safe_surrogate
394f7a8092c0863a82c88a9351690198cdb27542eee807ca5faafaac1213eda0,6d5add62758c35f274b32a70f9e1f4dc6d1a068d82e80539b59f9dd9a3b338c9,ml_stage1_seed_43_game_6,43,6,2,night,seer_check,1,village,seer,2,1,0,information_gain_proxy,4,train,seed_43_game_6,2,1,0,1,0,0,0,1,8,2,2,0.32267499999999993,0,2,0.034999999999999996,0.314,0,0,1,1,0,1,0,0,0.00375,0.30374999999999996,0,1,0,0,1,0,1,0,0,0,0.48,0,0,1.0,2,0,1,1,0.8,0,0,0,0,0,0.30374999999999996,1.423125,werewolf,1,0,1,1,wolf,0,5,0.6,0.21908902300206645,1.0,1.10375,2,7,0.6,observation_safe_surrogate
394f7a8092c0863a82c88a9351690198cdb27542eee807ca5faafaac1213eda0,6d5add62758c35f274b32a70f9e1f4dc6d1a068d82e80539b59f9dd9a3b338c9,ml_stage1_seed_43_game_6,43,6,2,night,seer_check,1,village,seer,4,1,1,information_gain_proxy,4,train,seed_43_game_6,2,1,0,1,0,0,0,1,8,2,2,0.32267499999999993,0,2,0.034999999999999996,0.314,0,0,1,1,0,1,0,0,0.0,0.3,0,0,0,0,1,0,1,0,0,0,0.5,0,1,1.0,4,0,1,3,0.4,0,0,0,0,0,0.3,1.425,villager,0,0,0,0,wolf,0,5,0.4,0.21908902300206645,0.0,0.7,3,7,0.6,observation_safe_surrogate
394f7a8092c0863a82c88a9351690198cdb27542eee807ca5faafaac1213eda0,6d5add62758c35f274b32a70f9e1f4dc6d1a068d82e80539b59f9dd9a3b338c9,ml_stage1_seed_43_game_6,43,6,2,night,seer_check,1,village,seer,5,1,0,information_gain_proxy,4,train,seed_43_game_6,2,1,0,1,0,0,0,1,8,2,2,0.32267499999999993,0,2,0.034999999999999996,0.314,0,0,1,1,0,1,0,0,0.034999999999999996,0.37,1,1,0,0,1,0,1,0,0,0,0.5,1,0,1.0,5,1,1,4,0.2,1,0,0,0,0,0.37,1.39875,villager,0,0,0,0,wolf,0,5,0.4,0.21908902300206645,0.0,0.5700000000000001,3,7,0.6,observation_safe_surrogate
394f7a8092c0863a82c88a9351690198cdb27542eee807ca5faafaac1213eda0,6d5add62758c35f274b32a70f9e1f4dc6d1a068d82e80539b59f9dd9a3b338c9,ml_stage1_seed_43_game_6,43,6,2,night,seer_check,1,village,seer,7,1,0,information_gain_proxy,4,train,seed_43_game_6,2,1,0,1,0,0,0,1,8,2,2,0.32267499999999993,0,2,0.034999999999999996,0.314,0,0,1,1,0,1,0,0,0.00375,0.30374999999999996,0,1,0,0,1,0,1,0,0,0,0.48,0,0,1.0,7,0,0,4,0.2,0,0,0,0,0,0.30374999999999996,1.423125,werewolf,1,0,1,1,wolf,0,5,1.0,0.0,1.0,0.5037499999999999,1,7,0.6,observation_safe_surrogate
394f7a8092c0863a82c88a9351690198cdb27542eee807ca5faafaac1213eda0,6d5add62758c35f274b32a70f9e1f4dc6d1a068d82e80539b59f9dd9a3b338c9,ml_stage1_seed_43_game_6,43,6,2,night,seer_check,1,village,seer,8,1,0,information_gain_proxy,4,train,seed_43_game_6,2,1,0,1,0,0,0,1,8,2,2,0.32267499999999993,0,2,0.034999999999999996,0.314,0,0,1,1,0,1,0,0,0.034999999999999996,0.37,1,0,0,0,1,0,1,0,0,0,0.5,0,0,1.0,8,0,0,3,0.4,0,0,0,0,0,0.37,1.39875,villager,0,0,0,0,wolf,0,5,0.4,0.21908902300206645,0.0,0.77,3,7,0.6,observation_safe_surrogate
394f7a8092c0863a82c88a9351690198cdb27542eee807ca5faafaac1213eda0,6d5add62758c35f274b32a70f9e1f4dc6d1a068d82e80539b59f9dd9a3b338c9,ml_stage1_seed_43_game_6,43,6,2,night,seer_check,1,village,seer,9,1,0,information_gain_proxy,4,train,seed_43_game_6,2,1,0,1,0,0,0,1,8,2,2,0.32267499999999993,0,2,0.034999999999999996,0.314,0,0,1,1,0,1,0,0,0.065,0.4,1,1,1,0,1,0,1,0,0,0,0.32,0,0,1.0,9,0,0,2,0.6,0,0,0,0,0,0.4,1.38375,villager,0,0,0,0,wolf,0,5,0.2,0.1788854381999832,0.0,1.0,6,7,0.6,observation_safe_surrogate
ad29afb1bc616e7f84761e74fecb329e8dc10c8d790a6145c0697b8604c53870,d0826accaa7c53904db9f08d3bb814b494e61070bff920741cbec4f4503c335c,ml_stage1_seed_43_game_7,43,7,1,night,seer_check,3,village,seer,8,1,1,information_gain_proxy,8,train,seed_43_game_7,1,1,0,1,0,0,0,1,10,0,0,0.3,0,0,0.0,0.3,0,0,0,0,0,1,0,0,0.0,0.3,0,0,0,0,0,0,0,0,0,0,0.5,0,0,0.0,8,0,0,5,1.0,0,0,0,0,0,0.3,1.425,werewolf,1,0,1,1,village,1,5,0.8,0.17888543819998315,1.0,1.3,1,10,0.0,observation_safe_surrogate
ad29afb1bc616e7f84761e74fecb329e8dc10c8d790a6145c0697b8604c53870,d0826accaa7c53904db9f08d3bb814b494e61070bff920741cbec4f4503c335c,ml_stage1_seed_43_game_7,43,7,1,night,seer_check,3,village,seer,1,1,0,information_gain_proxy,8,train,seed_43_game_7,1,1,0,1,0,0,0,1,10,0,0,0.3,0,0,0.0,0.3,0,0,0,0,0,1,0,0,0.0,0.3,0,0,0,0,0,0,0,0,0,0,0.5,0,0,0.0,1,1,1,2,0.4,0,0,0,0,0,0.3,1.425,witch,0,1,0,0,village,1,5,0.4,0.21908902300206645,0.0,0.7,6,10,0.0,observation_safe_surrogate
ad29afb1bc616e7f84761e74fecb329e8dc10c8d790a6145c0697b8604c53870,d0826accaa7c53904db9f08d3bb814b494e61070bff920741cbec4f4503c335c,ml_stage1_seed_43_game_7,43,7,1,night,seer_check,3,village,seer,6,1,0,information_gain_proxy,8,train,seed_43_game_7,1,1,0,1,0,0,0,1,10,0,0,0.3,0,0,0.0,0.3,0,0,0,0,0,1,0,0,0.0,0.3,0,0,0,0,0,0,0,0,0,0,0.5,0,0,0.0,6,1,0,3,0.6,0,0,0,0,0,0.3,1.425,villager,0,0,0,0,village,1,5,0.6,0.21908902300206645,0.0,0.9,3,10,0.0,observation_safe_surrogate
ad29afb1bc616e7f84761e74fecb329e8dc10c8d790a6145c0697b8604c53870,d0826accaa7c53904db9f08d3bb814b494e61070bff920741cbec4f4503c335c,ml_stage1_seed_43_game_7,43,7,1,night,seer_check,3,village,seer,5,1,0,information_gain_proxy,8,train,seed_43_game_7,1,1,0,1,0,0,0,1,10,0,0,0.3,0,0,0.0,0.3,0,0,0,0,0,1,0,0,0.0,0.3,0,0,0,0,0,0,0,0,0,0,0.5,0,0,0.0,5,1,1,2,0.4,0,0,0,0,0,0.3,1.425,villager,0,0,0,0,village,1,5,0.6,0.21908902300206645,0.0,0.7,3,10,0.0,observation_safe_surrogate
ad29afb1bc616e7f84761e74fecb329e8dc10c8d790a6145c0697b8604c53870,d0826accaa7c53904db9f08d3bb814b494e61070bff920741cbec4f4503c335c,ml_stage1_seed_43_game_7,43,7,1,night,seer_check,3,village,seer,2,1,0,information_gain_proxy,8,train,seed_43_game_7,1,1,0,1,0,0,0,1,10,0,0,0.3,0,0,0.0,0.3,0,0,0,0,0,1,0,0,0.0,0.3,0,0,0,0,0,0,0,0,0,0,0.5,0,0,0.0,2,0,1,1,0.2,0,0,0,0,0,0.3,1.425,villager,0,0,0,0,village,1,5,0.6,0.21908902300206645,0.0,0.5,3,10,0.0,observation_safe_surrogate
ad29afb1bc616e7f84761e74fecb329e8dc10c8d790a6145c0697b8604c53870,d0826accaa7c53904db9f08d3bb814b494e61070bff920741cbec4f4503c335c,ml_stage1_seed_43_game_7,43,7,1,night,seer_check,3,village,seer,10,1,0,information_gain_proxy,8,train,seed_43_game_7,1,1,0,1,0,0,0,1,10,0,0,0.3,0,0,0.0,0.3,0,0,0,0,0,1,0,0,0.0,0.3,0,0,0,0,0,0,0,0,0,0,0.5,0,0,0.0,10,1,0,3,0.6,0,0,0,0,0,0.3,1.425,werewolf,1,0,1,1,village,1,5,0.8,0.17888543819998315,1.0,0.9,1,10,0.0,observation_safe_surrogate
311f736862f88214ff1193e1cd9e11b2e5f11d5e695a79ac2d377665b2cffba2,7be54175f4f69d3c6dcb434618c131e057fb1c40b306cbd4225f2d0892be10b3,ml_stage1_seed_43_game_7,43,7,2,night,seer_check,3,village,seer,1,1,1,information_gain_proxy,1,train,seed_43_game_7,2,1,0,1,0,0,0,1,9,1,1,0.32397499999999996,0,1,0.07699999999999999,0.49399999999999994,0,0,1,1,0,1,0,0,0.06999999999999999,0.384,2,1,0,0,1,0,1,0,0,0,0.5,1,0,1.0,1,1,1,2,0.6,1,0,0,0,0,0.384,1.3864999999999998,witch,0,1,0,0,village,1,5,0.8,0.17888543819998315,0.0,0.984,1,1,0.0,observation_safe_surrogate
311f736862f88214ff1193e1cd9e11b2e5f11d5e695a79ac2d377665b2cffba2,7be54175f4f69d3c6dcb434618c131e057fb1c40b306cbd4225f2d0892be10b3,ml_stage1_seed_43_game_7,43,7,2,night,seer_check,3,village,seer,6,1,0,information_gain_proxy,1,train,seed_43_game_7,2,1,0,1,0,0,0,1,9,1,1,0.32397499999999996,0,1,0.07699999999999999,0.49399999999999994,0,0,1,1,0,1,0,0,0.048999999999999995,0.398,2,0,0,0,1,0,1,1,0,0,0.5,1,0,1.0,6,1,0,3,0.4,1,0,0,0,0,0.398,1.38825,villager,0,0,0,0,village,1,5,0.2,0.1788854381999832,0.0,0.798,6,1,0.0,observation_safe_surrogate
311f736862f88214ff1193e1cd9e11b2e5f11d5e695a79ac2d377665b2cffba2,7be54175f4f69d3c6dcb434618c131e057fb1c40b306cbd4225f2d0892be10b3,ml_stage1_seed_43_game_7,43,7,2,night,seer_check,3,village,seer,10,1,0,information_gain_proxy,1,train,seed_43_game_7,2,1,0,1,0,0,0,1,9,1,1,0.32397499999999996,0,1,0.07699999999999999,0.49399999999999994,0,0,1,1,0,1,0,0,0.00375,0.30374999999999996,0,1,0,0,1,0,1,0,0,0,0.48,0,0,1.0,10,1,0,3,0.4,0,0,0,0,0,0.30374999999999996,1.423125,werewolf,1,0,1,1,village,1,5,0.8,0.17888543819998315,1.0,0.70375,1,1,0.0,observation_safe_surrogate
311f736862f88214ff1193e1cd9e11b2e5f11d5e695a79ac2d377665b2cffba2,7be54175f4f69d3c6dcb434618c131e057fb1c40b306cbd4225f2d0892be10b3,ml_stage1_seed_43_game_7,43,7,2,night,seer_check,3,village,seer,2,1,0,information_gain_proxy,1,train,seed_43_game_7,2,1,0,1,0,0,0,1,9,1,1,0.32397499999999996,0,1,0.07699999999999999,0.49399999999999994,0,0,1,1,0,1,0,0,0.0,0.3,0,0,0,0,1,0,1,0,0,0,0.5,0,0,1.0,2,0,1,1,0.8,0,0,0,0,0,0.3,1.425,villager,0,0,0,0,village,1,5,0.6,0.21908902300206645,0.0,1.1,4,1,0.0,observation_safe_surrogate
311f736862f88214ff1193e1cd9e11b2e5f11d5e695a79ac2d377665b2cffba2,7be54175f4f69d3c6dcb434618c131e057fb1c40b306cbd4225f2d0892be10b3,ml_stage1_seed_43_game_7,43,7,2,night,seer_check,3,village,seer,7,1,0,information_gain_proxy,1,train,seed_43_game_7,2,1,0,1,0,0,0,1,9,1,1,0.32397499999999996,0,1,0.07699999999999999,0.49399999999999994,0,0,1,1,0,1,0,0,0.00375,0.30374999999999996,0,1,0,0,1,0,1,0,0,0,0.48,0,0,1.0,7,0,0,4,0.2,0,0,0,0,0,0.30374999999999996,1.423125,werewolf,1,0,1,1,village,1,5,0.8,0.17888543819998315,1.0,0.5037499999999999,1,1,0.0,observation_safe_surrogate
311f736862f88214ff1193e1cd9e11b2e5f11d5e695a79ac2d377665b2cffba2,7be54175f4f69d3c6dcb434618c131e057fb1c40b306cbd4225f2d0892be10b3,ml_stage1_seed_43_game_7,43,7,2,night,seer_check,3,village,seer,9,1,0,information_gain_proxy,1,train,seed_43_game_7,2,1,0,1,0,0,0,1,9,1,1,0.32397499999999996,0,1,0.07699999999999999,0.49399999999999994,0,0,1,1,0,1,0,0,0.0,0.3,0,1,0,0,1,0,1,0,0,0,0.5,1,0,1.0,9,0,0,4,0.2,1,0,0,0,0,0.3,1.425,villager,0,0,0,0,village,1,5,0.6,0.21908902300206645,0.0,0.5,4,1,0.0,observation_safe_surrogate
65ecb1488e4a9a5f8b56a0cd8c8e0ce65921d542c2a5e34eecb33a66694f7f0b,6160e3a64fd5bc44da8fa85b9ce6c50a0560f09d180611e9a557b87b6853d22f,ml_stage1_seed_43_game_8,43,8,1,night,seer_check,3,village,seer,8,1,1,information_gain_proxy,8,train,seed_43_game_8,1,1,0,1,0,0,0,1,10,0,0,0.3,0,0,0.0,0.3,0,0,0,0,0,1,0,0,0.0,0.3,0,0,0,0,0,0,0,0,0,0,0.5,0,0,0.0,8,0,0,5,1.0,0,0,0,0,0,0.3,1.425,hunter,0,1,0,0,wolf,0,5,0.4,0.21908902300206645,0.0,1.3,3,4,0.4,observation_safe_surrogate
65ecb1488e4a9a5f8b56a0cd8c8e0ce65921d542c2a5e34eecb33a66694f7f0b,6160e3a64fd5bc44da8fa85b9ce6c50a0560f09d180611e9a557b87b6853d22f,ml_stage1_seed_43_game_8,43,8,1,night,seer_check,3,village,seer,1,1,0,information_gain_proxy,8,train,seed_43_game_8,1,1,0,1,0,0,0,1,10,0,0,0.3,0,0,0.0,0.3,0,0,0,0,0,1,0,0,0.0,0.3,0,0,0,0,0,0,0,0,0,0,0.5,0,0,0.0,1,1,1,2,0.4,0,0,0,0,0,0.3,1.425,villager,0,0,0,0,wolf,0,5,0.2,0.1788854381999832,0.0,0.7,5,4,0.4,observation_safe_surrogate
65ecb1488e4a9a5f8b56a0cd8c8e0ce65921d542c2a5e34eecb33a66694f7f0b,6160e3a64fd5bc44da8fa85b9ce6c50a0560f09d180611e9a557b87b6853d22f,ml_stage1_seed_43_game_8,43,8,1,night,seer_check,3,village,seer,5,1,0,information_gain_proxy,8,train,seed_43_game_8,1,1,0,1,0,0,0,1,10,0,0,0.3,0,0,0.0,0.3,0,0,0,0,0,1,0,0,0.0,0.3,0,0,0,0,0,0,0,0,0,0,0.5,0,0,0.0,5,1,1,2,0.4,0,0,0,0,0,0.3,1.425,villager,0,0,0,0,wolf,0,5,0.2,0.1788854381999832,0.0,0.7,5,4,0.4,observation_safe_surrogate
65ecb1488e4a9a5f8b56a0cd8c8e0ce65921d542c2a5e34eecb33a66694f7f0b,6160e3a64fd5bc44da8fa85b9ce6c50a0560f09d180611e9a557b87b6853d22f,ml_stage1_seed_43_game_8,43,8,1,night,seer_check,3,village,seer,4,1,0,information_gain_proxy,8,train,seed_43_game_8,1,1,0,1,0,0,0,1,10,0,0,0.3,0,0,0.0,0.3,0,0,0,0,0,1,0,0,0.0,0.3,0,0,0,0,0,0,0,0,0,0,0.5,0,0,0.0,4,0,1,1,0.2,0,0,0,0,0,0.3,1.425,werewolf,1,0,1,1,wolf,0,5,0.8,0.17888543819998315,1.0,0.5,1,4,0.4,observation_safe_surrogate
65ecb1488e4a9a5f8b56a0cd8c8e0ce65921d542c2a5e34eecb33a66694f7f0b,6160e3a64fd5bc44da8fa85b9ce6c50a0560f09d180611e9a557b87b6853d22f,ml_stage1_seed_43_game_8,43,8,1,night,seer_check,3,village,seer,9,1,0,information_gain_proxy,8,train,seed_43_game_8,1,1,0,1,0,0,0,1,10,0,0,0.3,0,0,0.0,0.3,0,0,0,0,0,1,0,0,0.0,0.3,0,0,0,0,0,0,0,0,0,0,0.5,0,0,0.0,9,0,0,4,0.8,0,0,0,0,0,0.3,1.425,werewolf,1,0,1,1,wolf,0,5,0.6,0.21908902300206645,1.0,1.1,2,4,0.4,observation_safe_surrogate
65ecb1488e4a9a5f8b56a0cd8c8e0ce65921d542c2a5e34eecb33a66694f7f0b,6160e3a64fd5bc44da8fa85b9ce6c50a0560f09d180611e9a557b87b6853d22f,ml_stage1_seed_43_game_8,43,8,1,night,seer_check,3,village,seer,6,1,0,information_gain_proxy,8,train,seed_43_game_8,1,1,0,1,0,0,0,1,10,0,0,0.3,0,0,0.0,0.3,0,0,0,0,0,1,0,0,0.0,0.3,0,0,0,0,0,0,0,0,0,0,0.5,0,0,0.0,6,1,0,3,0.6,0,0,0,0,0,0.3,1.425,witch,0,1,0,0,wolf,0,5,0.4,0.21908902300206645,0.0,0.9,3,4,0.4,observation_safe_surrogate
895a43b7453801316ec82fc339ddc59986baf9774b463e6ea5f983cf58c3b231,32a0ba3565bd6cf72e38e8da03221dd40c3c90c48f7283eebc3e502d01a8f5ce,ml_stage1_seed_43_game_9,43,9,1,night,seer_check,7,village,seer,2,1,1,information_gain_proxy,2,train,seed_43_game_9,1,1,0,1,0,0,0,1,10,0,0,0.3,0,0,0.0,0.3,0,0,0,0,0,1,0,0,0.0,0.3,0,0,0,0,0,0,0,0,0,0,0.5,0,0,0.0,2,0,1,5,1.0,0,0,0,0,0,0.3,1.425,werewolf,1,0,1,1,village,1,5,0.8,0.17888543819998315,1.0,1.3,2,9,0.19999999999999996,observation_safe_surrogate
895a43b7453801316ec82fc339ddc59986baf9774b463e6ea5f983cf58c3b231,32a0ba3565bd6cf72e38e8da03221dd40c3c90c48f7283eebc3e502d01a8f5ce,ml_stage1_seed_43_game_9,43,9,1,night,seer_check,7,village,seer,1,1,0,information_gain_proxy,2,train,seed_43_game_9,1,1,0,1,0,0,0,1,10,0,0,0.3,0,0,0.0,0.3,0,0,0,0,0,1,0,0,0.0,0.3,0,0,0,0,0,0,0,0,0,0,0.5,0,0,0.0,1,1,1,4,0.8,0,0,0,0,0,0.3,1.425,hunter,0,1,0,0,village,1,5,0.0,0.0,0.0,1.1,6,9,0.19999999999999996,observation_safe_surrogate
895a43b7453801316ec82fc339ddc59986baf9774b463e6ea5f983cf58c3b231,32a0ba3565bd6cf72e38e8da03221dd40c3c90c48f7283eebc3e502d01a8f5ce,ml_stage1_seed_43_game_9,43,9,1,night,seer_check,7,village,seer,6,1,0,information_gain_proxy,2,train,seed_43_game_9,1,1,0,1,0,0,0,1,10,0,0,0.3,0,0,0.0,0.3,0,0,0,0,0,1,0,0,0.0,0.3,0,0,0,0,0,0,0,0,0,0,0.5,0,0,0.0,6,1,0,1,0.2,0,0,0,0,0,0.3,1.425,villager,0,0,0,0,village,1,5,0.2,0.1788854381999832,0.0,0.5,5,9,0.19999999999999996,observation_safe_surrogate
895a43b7453801316ec82fc339ddc59986baf9774b463e6ea5f983cf58c3b231,32a0ba3565bd6cf72e38e8da03221dd40c3c90c48f7283eebc3e502d01a8f5ce,ml_stage1_seed_43_game_9,43,9,1,night,seer_check,7,village,seer,4,1,0,information_gain_proxy,2,train,seed_43_game_9,1,1,0,1,0,0,0,1,10,0,0,0.3,0,0,0.0,0.3,0,0,0,0,0,1,0,0,0.0,0.3,0,0,0,0,0,0,0,0,0,0,0.5,0,0,0.0,4,0,1,3,0.6,0,0,0,0,0,0.3,1.425,villager,0,0,0,0,village,1,5,0.4,0.21908902300206645,0.0,0.9,3,9,0.19999999999999996,observation_safe_surrogate
895a43b7453801316ec82fc339ddc59986baf9774b463e6ea5f983cf58c3b231,32a0ba3565bd6cf72e38e8da03221dd40c3c90c48f7283eebc3e502d01a8f5ce,ml_stage1_seed_43_game_9,43,9,1,night,seer_check,7,village,seer,9,1,0,information_gain_proxy,2,train,seed_43_game_9,1,1,0,1,0,0,0,1,10,0,0,0.3,0,0,0.0,0.3,0,0,0,0,0,1,0,0,0.0,0.3,0,0,0,0,0,0,0,0,0,0,0.5,0,0,0.0,9,0,0,2,0.4,0,0,0,0,0,0.3,1.425,werewolf,1,0,1,1,village,1,5,1.0,0.0,1.0,0.7,1,9,0.19999999999999996,observation_safe_surrogate
895a43b7453801316ec82fc339ddc59986baf9774b463e6ea5f983cf58c3b231,32a0ba3565bd6cf72e38e8da03221dd40c3c90c48f7283eebc3e502d01a8f5ce,ml_stage1_seed_43_game_9,43,9,1,night,seer_check,7,village,seer,3,1,0,information_gain_proxy,2,train,seed_43_game_9,1,1,0,1,0,0,0,1,10,0,0,0.3,0,0,0.0,0.3,0,0,0,0,0,1,0,0,0.0,0.3,0,0,0,0,0,0,0,0,0,0,0.5,0,0,0.0,3,0,1,4,0.8,0,0,0,0,0,0.3,1.425,villager,0,0,0,0,village,1,5,0.4,0.21908902300206645,0.0,1.1,3,9,0.19999999999999996,observation_safe_surrogate
5473057e6c38b339f1c0174fe3875156555649b3dee3186b2c6913f0b36996c9,dd2d99d8df6261f8eb1df5aca012afba43316d1cd486136b837ce15e9d9a6127,ml_stage1_seed_43_game_9,43,9,2,night,seer_check,7,village,seer,10,1,1,information_gain_proxy,10,train,seed_43_game_9,2,1,0,1,0,0,0,1,9,1,1,0.30034999999999995,0,1,0.07699999999999999,0.534,0,0,1,1,0,1,0,0,0.00375,0.24775,0,1,0,0,1,0,1,0,0,0,0.48,1,0,1.0,10,1,0,3,0.4,1,0,0,0,0,0.24775,1.437125,werewolf,1,0,1,1,village,1,5,1.0,0.0,1.0,0.64775,1,10,0.0,observation_safe_surrogate
5473057e6c38b339f1c0174fe3875156555649b3dee3186b2c6913f0b36996c9,dd2d99d8df6261f8eb1df5aca012afba43316d1cd486136b837ce15e9d9a6127,ml_stage1_seed_43_game_9,43,9,2,night,seer_check,7,village,seer,3,1,0,information_gain_proxy,10,train,seed_43_game_9,2,1,0,1,0,0,0,1,9,1,1,0.30034999999999995,0,1,0.07699999999999999,0.534,0,0,1,1,0,1,0,0,0.013999999999999999,0.32799999999999996,2,0,0,0,1,0,1,1,0,0,0.5,0,0,1.0,3,0,1,4,0.2,0,0,0,0,0,0.32799999999999996,1.4144999999999999,villager,0,0,0,0,village,1,5,0.4,0.21908902300206645,0.0,0.528,4,10,0.0,observation_safe_surrogate
5473057e6c38b339f1c0174fe3875156555649b3dee3186b2c6913f0b36996c9,dd2d99d8df6261f8eb1df5aca012afba43316d1cd486136b837ce15e9d9a6127,ml_stage1_seed_43_game_9,43,9,2,night,seer_check,7,village,seer,1,1,0,information_gain_proxy,10,train,seed_43_game_9,2,1,0,1,0,0,0,1,9,1,1,0.30034999999999995,0,1,0.07699999999999999,0.534,0,0,1,1,0,1,0,0,0.034999999999999996,0.314,1,1,0,0,1,0,1,0,0,0,0.5,0,0,1.0,1,1,1,4,0.2,0,0,0,0,0,0.314,1.41275,hunter,0,1,0,0,village,1,5,0.6,0.21908902300206645,0.0,0.514,2,10,0.0,observation_safe_surrogate
5473057e6c38b339f1c0174fe3875156555649b3dee3186b2c6913f0b36996c9,dd2d99d8df6261f8eb1df5aca012afba43316d1cd486136b837ce15e9d9a6127,ml_stage1_seed_43_game_9,43,9,2,night,seer_check,7,village,seer,9,1,0,information_gain_proxy,10,train,seed_43_game_9,2,1,0,1,0,0,0,1,9,1,1,0.30034999999999995,0,1,0.07699999999999999,0.534,0,0,1,1,0,1,0,0,0.00375,0.30374999999999996,0,1,0,0,1,0,1,0,0,0,0.48,1,0,1.0,9,0,0,2,0.6,1,0,0,0,0,0.30374999999999996,1.423125,werewolf,1,0,1,1,village,1,5,0.6,0.21908902300206645,1.0,0.9037499999999999,2,10,0.0,observation_safe_surrogate
5473057e6c38b339f1c0174fe3875156555649b3dee3186b2c6913f0b36996c9,dd2d99d8df6261f8eb1df5aca012afba43316d1cd486136b837ce15e9d9a6127,ml_stage1_seed_43_game_9,43,9,2,night,seer_check,7,village,seer,5,1,0,information_gain_proxy,10,train,seed_43_game_9,2,1,0,1,0,0,0,1,9,1,1,0.30034999999999995,0,1,0.07699999999999999,0.534,0,0,1,1,0,1,0,0,0.0,0.3,0,1,0,0,1,0,1,0,0,0,0.5,0,0,1.0,5,1,1,2,0.6,0,0,0,0,0,0.3,1.425,witch,0,1,0,0,village,1,5,0.4,0.21908902300206645,0.0,0.9,4,10,0.0,observation_safe_surrogate
5473057e6c38b339f1c0174fe3875156555649b3dee3186b2c6913f0b36996c9,dd2d99d8df6261f8eb1df5aca012afba43316d1cd486136b837ce15e9d9a6127,ml_stage1_seed_43_game_9,43,9,2,night,seer_check,7,village,seer,4,1,0,information_gain_proxy,10,train,seed_43_game_9,2,1,0,1,0,0,0,1,9,1,1,0.30034999999999995,0,1,0.07699999999999999,0.534,0,0,1,1,0,1,0,0,0.0,0.3,0,0,0,0,1,0,1,0,0,0,0.5,0,0,1.0,4,0,1,3,0.4,0,0,0,0,0,0.3,1.425,villager,0,0,0,0,village,1,5,0.2,0.1788854381999832,0.0,0.7,6,10,0.0,observation_safe_surrogate
45c090b9344b6495b76cfbaaabad72e0c6e6d6ec26baf08b967b8e77dd36f443,93146eedb1402cb176af536100963e194916d311de47ebe98c4a1149f26a30a5,ml_stage1_seed_43_game_10,43,10,1,night,seer_check,6,village,seer,1,1,1,information_gain_proxy,1,train,seed_43_game_10,1,1,0,1,0,0,0,1,10,0,0,0.3,0,0,0.0,0.3,0,0,0,0,0,1,0,0,0.0,0.3,0,0,0,0,0,0,0,0,0,0,0.5,0,0,0.0,1,1,1,5,1.0,0,0,0,0,0,0.3,1.425,werewolf,1,0,1,1,village,1,5,0.8,0.17888543819998315,1.0,1.3,1,1,0.0,observation_safe_surrogate
45c090b9344b6495b76cfbaaabad72e0c6e6d6ec26baf08b967b8e77dd36f443,93146eedb1402cb176af536100963e194916d311de47ebe98c4a1149f26a30a5,ml_stage1_seed_43_game_10,43,10,1,night,seer_check,6,village,seer,4,1,0,information_gain_proxy,1,train,seed_43_game_10,1,1,0,1,0,0,0,1,10,0,0,0.3,0,0,0.0,0.3,0,0,0,0,0,1,0,0,0.0,0.3,0,0,0,0,0,0,0,0,0,0,0.5,0,0,0.0,4,0,1,2,0.4,0,0,0,0,0,0.3,1.425,villager,0,0,0,0,village,1,5,0.4,0.21908902300206645,0.0,0.7,5,1,0.0,observation_safe_surrogate
45c090b9344b6495b76cfbaaabad72e0c6e6d6ec26baf08b967b8e77dd36f443,93146eedb1402cb176af536100963e194916d311de47ebe98c4a1149f26a30a5,ml_stage1_seed_43_game_10,43,10,1,night,seer_check,6,village,seer,7,1,0,information_gain_proxy,1,train,seed_43_game_10,1,1,0,1,0,0,0,1,10,0,0,0.3,0,0,0.0,0.3,0,0,0,0,0,1,0,0,0.0,0.3,0,0,0,0,0,0,0,0,0,0,0.5,0,0,0.0,7,0,0,1,0.2,0,0,0,0,0,0.3,1.425,villager,0,0,0,0,village,1,5,0.6,0.21908902300206645,0.0,0.5,2,1,0.0,observation_safe_surrogate
45c090b9344b6495b76cfbaaabad72e0c6e6d6ec26baf08b967b8e77dd36f443,93146eedb1402cb176af536100963e194916d311de47ebe98c4a1149f26a30a5,ml_stage1_seed_43_game_10,43,10,1,night,seer_check,6,village,seer,5,1,0,information_gain_proxy,1,train,seed_43_game_10,1,1,0,1,0,0,0,1,10,0,0,0.3,0,0,0.0,0.3,0,0,0,0,0,1,0,0,0.0,0.3,0,0,0,0,0,0,0,0,0,0,0.5,0,0,0.0,5,1,1,1,0.2,0,0,0,0,0,0.3,1.425,villager,0,0,0,0,village,1,5,0.4,0.21908902300206645,0.0,0.5,5,1,0.0,observation_safe_surrogate
45c090b9344b6495b76cfbaaabad72e0c6e6d6ec26baf08b967b8e77dd36f443,93146eedb1402cb176af536100963e194916d311de47ebe98c4a1149f26a30a5,ml_stage1_seed_43_game_10,43,10,1,night,seer_check,6,village,seer,3,1,0,information_gain_proxy,1,train,seed_43_game_10,1,1,0,1,0,0,0,1,10,0,0,0.3,0,0,0.0,0.3,0,0,0,0,0,1,0,0,0.0,0.3,0,0,0,0,0,0,0,0,0,0,0.5,0,0,0.0,3,0,1,3,0.6,0,0,0,0,0,0.3,1.425,villager,0,0,0,0,village,1,5,0.6,0.21908902300206645,0.0,0.9,2,1,0.0,observation_safe_surrogate
45c090b9344b6495b76cfbaaabad72e0c6e6d6ec26baf08b967b8e77dd36f443,93146eedb1402cb176af536100963e194916d311de47ebe98c4a1149f26a30a5,ml_stage1_seed_43_game_10,43,10,1,night,seer_check,6,village,seer,8,1,0,information_gain_proxy,1,train,seed_43_game_10,1,1,0,1,0,0,0,1,10,0,0,0.3,0,0,0.0,0.3,0,0,0,0,0,1,0,0,0.0,0.3,0,0,0,0,0,0,0,0,0,0,0.5,0,0,0.0,8,0,0,2,0.4,0,0,0,0,0,0.3,1.425,werewolf,1,0,1,1,village,1,5,0.6,0.21908902300206645,1.0,0.7,2,1,0.0,observation_safe_surrogate
c0217ad1b7a573cdf1014ff19d433157728ea6256f9e01b3b59ed5e0256ceee3,24df9b5af87798929fe03a9d6ee74ff9119021a365e516c50d0b1a697a09dc36,ml_stage1_seed_43_game_10,43,10,2,night,seer_check,6,village,seer,9,1,1,information_gain_proxy,9,train,seed_43_game_10,2,1,0,1,0,0,0,1,9,1,1,0.30894999999999995,0,1,0.006999999999999999,0.314,0,0,1,1,0,1,0,0,0.034999999999999996,0.41,1,1,0,1,1,0,1,0,0,0,0.5,0,0,1.5,9,0,0,3,0.4,0,0,0,0,0,0.41,1.38875,witch,0,1,0,0,village,1,5,0.4,0.21908902300206645,0.0,0.8100000000000002,3,2,0.4,observation_safe_surrogate
c0217ad1b7a573cdf1014ff19d433157728ea6256f9e01b3b59ed5e0256ceee3,24df9b5af87798929fe03a9d6ee74ff9119021a365e516c50d0b1a697a09dc36,ml_stage1_seed_43_game_10,43,10,2,night,seer_check,6,village,seer,7,1,0,information_gain_proxy,9,train,seed_43_game_10,2,1,0,1,0,0,0,1,9,1,1,0.30894999999999995,0,1,0.006999999999999999,0.314,0,0,1,1,0,1,0,0,0.063,0.426,2,0,0,0,1,0,1,0,1,1,0.5,0,0,1.0,7,0,0,1,0.8,0,0,0,0,0,0.426,1.37775,villager,0,0,0,0,village,1,5,0.4,0.21908902300206645,0.0,1.226,3,2,0.4,observation_safe_surrogate
c0217ad1b7a573cdf1014ff19d433157728ea6256f9e01b3b59ed5e0256ceee3,24df9b5af87798929fe03a9d6ee74ff9119021a365e516c50d0b1a697a09dc36,ml_stage1_seed_43_game_10,43,10,2,night,seer_check,6,village,seer,8,1,0,information_gain_proxy,9,train,seed_43_game_10,2,1,0,1,0,0,0,1,9,1,1,0.30894999999999995,0,1,0.006999999999999999,0.314,0,0,1,1,0,1,0,0,0.00375,0.30374999999999996,0,1,0,0,1,0,1,0,0,0,0.48,0,0,1.0,8,0,0,2,0.6,0,0,0,0,0,0.30374999999999996,1.423125,werewolf,1,0,1,1,village,1,5,0.6,0.21908902300206645,1.0,0.9037499999999999,2,2,0.4,observation_safe_surrogate
c0217ad1b7a573cdf1014ff19d433157728ea6256f9e01b3b59ed5e0256ceee3,24df9b5af87798929fe03a9d6ee74ff9119021a365e516c50d0b1a697a09dc36,ml_stage1_seed_43_game_10,43,10,2,night,seer_check,6,village,seer,3,1,0,information_gain_proxy,9,train,seed_43_game_10,2,1,0,1,0,0,0,1,9,1,1,0.30894999999999995,0,1,0.006999999999999999,0.314,0,0,1,1,0,1,0,0,0.027999999999999997,0.356,1,0,0,0,1,0,1,0,1,1,0.5,0,0,1.0,3,0,1,3,0.4,0,0,0,0,0,0.356,1.404,villager,0,0,0,0,village,1,5,0.2,0.1788854381999832,0.0,0.756,5,2,0.4,observation_safe_surrogate
c0217ad1b7a573cdf1014ff19d433157728ea6256f9e01b3b59ed5e0256ceee3,24df9b5af87798929fe03a9d6ee74ff9119021a365e516c50d0b1a697a09dc36,ml_stage1_seed_43_game_10,43,10,2,night,seer_check,6,village,seer,10,1,0,information_gain_proxy,9,train,seed_43_game_10,2,1,0,1,0,0,0,1,9,1,1,0.30894999999999995,0,1,0.006999999999999999,0.314,0,0,1,1,0,1,0,0,0.0,0.3,0,0,0,0,1,0,1,0,0,0,0.5,0,0,1.0,10,1,0,4,0.2,0,0,0,0,0,0.3,1.425,hunter,0,1,0,0,village,1,5,0.2,0.1788854381999832,0.0,0.5,5,2,0.4,observation_safe_surrogate
c0217ad1b7a573cdf1014ff19d433157728ea6256f9e01b3b59ed5e0256ceee3,24df9b5af87798929fe03a9d6ee74ff9119021a365e516c50d0b1a697a09dc36,ml_stage1_seed_43_game_10,43,10,2,night,seer_check,6,village,seer,2,1,0,information_gain_proxy,9,train,seed_43_game_10,2,1,0,1,0,0,0,1,9,1,1,0.30894999999999995,0,1,0.006999999999999999,0.314,0,0,1,1,0,1,0,0,0.00375,0.30374999999999996,0,1,0,0,1,0,1,0,0,0,0.48,0,0,1.0,2,0,1,4,0.2,0,0,0,0,0,0.30374999999999996,1.423125,werewolf,1,0,1,1,village,1,5,0.8,0.17888543819998315,1.0,0.5037499999999999,1,2,0.4,observation_safe_surrogate
ed792283495d66d0fb512461c8732bb7dd899c75f8fae5fbf47544773512b85a,1fda37bc81a1201dbefd553aa16102d0620771064d4e2fe6b20d1082bf6a218a,ml_stage1_seed_43_game_11,43,11,1,night,seer_check,4,village,seer,9,1,1,information_gain_proxy,9,train,seed_43_game_11,1,1,0,1,0,0,0,1,10,0,0,0.3,0,0,0.0,0.3,0,0,0,0,0,1,0,0,0.0,0.3,0,0,0,0,0,0,0,0,0,0,0.5,0,0,0.0,9,0,0,5,1.0,0,0,0,0,0,0.3,1.425,villager,0,0,0,0,wolf,0,5,0.4,0.21908902300206645,0.0,1.3,3,10,0.6,observation_safe_surrogate
ed792283495d66d0fb512461c8732bb7dd899c75f8fae5fbf47544773512b85a,1fda37bc81a1201dbefd553aa16102d0620771064d4e2fe6b20d1082bf6a218a,ml_stage1_seed_43_game_11,43,11,1,night,seer_check,4,village,seer,1,1,0,information_gain_proxy,9,train,seed_43_game_11,1,1,0,1,0,0,0,1,10,0,0,0.3,0,0,0.0,0.3,0,0,0,0,0,1,0,0,0.0,0.3,0,0,0,0,0,0,0,0,0,0,0.5,0,0,0.0,1,1,1,3,0.6,0,0,0,0,0,0.3,1.425,hunter,0,1,0,0,wolf,0,5,0.0,0.0,0.0,0.9,6,10,0.6,observation_safe_surrogate
ed792283495d66d0fb512461c8732bb7dd899c75f8fae5fbf47544773512b85a,1fda37bc81a1201dbefd553aa16102d0620771064d4e2fe6b20d1082bf6a218a,ml_stage1_seed_43_game_11,43,11,1,night,seer_check,4,village,seer,10,1,0,information_gain_proxy,9,train,seed_43_game_11,1,1,0,1,0,0,0,1,10,0,0,0.3,0,0,0.0,0.3,0,0,0,0,0,1,0,0,0.0,0.3,0,0,0,0,0,0,0,0,0,0,0.5,0,0,0.0,10,1,0,4,0.8,0,0,0,0,0,0.3,1.425,werewolf,1,0,1,1,wolf,0,5,1.0,0.0,1.0,1.1,1,10,0.6,observation_safe_surrogate
ed792283495d66d0fb512461c8732bb7dd899c75f8fae5fbf47544773512b85a,1fda37bc81a1201dbefd553aa16102d0620771064d4e2fe6b20d1082bf6a218a,ml_stage1_seed_43_game_11,43,11,1,night,seer_check,4,village,seer,2,1,0,information_gain_proxy,9,train,seed_43_game_11,1,1,0,1,0,0,0,1,10,0,0,0.3,0,0,0.0,0.3,0,0,0,0,0,1,0,0,0.0,0.3,0,0,0,0,0,0,0,0,0,0,0.5,0,0,0.0,2,0,1,2,0.4,0,0,0,0,0,0.3,1.425,werewolf,1,0,1,1,wolf,0,5,1.0,0.0,1.0,0.7,1,10,0.6,observation_safe_surrogate
ed792283495d66d0fb512461c8732bb7dd899c75f8fae5fbf47544773512b85a,1fda37bc81a1201dbefd553aa16102d0620771064d4e2fe6b20d1082bf6a218a,ml_stage1_seed_43_game_11,43,11,1,night,seer_check,4,village,seer,8,1,0,information_gain_proxy,9,train,seed_43_game_11,1,1,0,1,0,0,0,1,10,0,0,0.3,0,0,0.0,0.3,0,0,0,0,0,1,0,0,0.0,0.3,0,0,0,0,0,0,0,0,0,0,0.5,0,0,0.0,8,0,0,4,0.8,0,0,0,0,0,0.3,1.425,villager,0,0,0,0,wolf,0,5,0.4,0.21908902300206645,0.0,1.1,3,10,0.6,observation_safe_surrogate
ed792283495d66d0fb512461c8732bb7dd899c75f8fae5fbf47544773512b85a,1fda37bc81a1201dbefd553aa16102d0620771064d4e2fe6b20d1082bf6a218a,ml_stage1_seed_43_game_11,43,11,1,night,seer_check,4,village,seer,6,1,0,information_gain_proxy,9,train,seed_43_game_11,1,1,0,1,0,0,0,1,10,0,0,0.3,0,0,0.0,0.3,0,0,0,0,0,1,0,0,0.0,0.3,0,0,0,0,0,0,0,0,0,0,0.5,0,0,0.0,6,1,0,2,0.4,0,0,0,0,0,0.3,1.425,villager,0,0,0,0,wolf,0,5,0.4,0.21908902300206645,0.0,0.7,3,10,0.6,observation_safe_surrogate
85e48f79ce7f670c435927e361ae0589ead60c3d044efaf1a4d5b7c48bed2cc8,c09fc85f700067e0fbb00db90c608acfd8ea773e548a2c274d04a5047fe52b96,ml_stage1_seed_43_game_11,43,11,2,night,seer_check,4,village,seer,1,1,1,information_gain_proxy,1,train,seed_43_game_11,2,1,0,1,0,0,0,1,9,1,1,0.329225,0,1,0.0,0.3,0,0,1,1,0,1,0,0,0.034999999999999996,0.314,1,1,0,0,1,0,1,0,0,0,0.5,0,1,1.0,1,1,1,3,0.4,0,0,0,0,0,0.314,1.41275,hunter,0,1,0,0,wolf,0,5,0.2,0.1788854381999832,0.0,0.714,6,10,0.6000000000000001,observation_safe_surrogate
85e48f79ce7f670c435927e361ae0589ead60c3d044efaf1a4d5b7c48bed2cc8,c09fc85f700067e0fbb00db90c608acfd8ea773e548a2c274d04a5047fe52b96,ml_stage1_seed_43_game_11,43,11,2,night,seer_check,4,village,seer,5,1,0,information_gain_proxy,1,train,seed_43_game_11,2,1,0,1,0,0,0,1,9,1,1,0.329225,0,1,0.0,0.3,0,0,1,1,0,1,0,0,0.034999999999999996,0.48999999999999994,1,1,0,3,1,0,1,0,0,0,0.5,0,0,2.5,5,1,1,1,0.8,0,0,0,0,0,0.48999999999999994,1.36875,witch,0,1,0,0,wolf,0,5,0.4,0.21908902300206645,0.0,1.29,4,10,0.6000000000000001,observation_safe_surrogate
85e48f79ce7f670c435927e361ae0589ead60c3d044efaf1a4d5b7c48bed2cc8,c09fc85f700067e0fbb00db90c608acfd8ea773e548a2c274d04a5047fe52b96,ml_stage1_seed_43_game_11,43,11,2,night,seer_check,4,village,seer,7,1,0,information_gain_proxy,1,train,seed_43_game_11,2,1,0,1,0,0,0,1,9,1,1,0.329225,0,1,0.0,0.3,0,0,1,1,0,1,0,0,0.00375,0.30374999999999996,0,1,0,0,1,0,1,0,0,0,0.48,0,0,1.0,7,0,0,3,0.4,0,0,0,0,0,0.30374999999999996,1.423125,werewolf,1,0,1,1,wolf,0,5,0.8,0.17888543819998315,1.0,0.70375,1,10,0.6000000000000001,observation_safe_surrogate
85e48f79ce7f670c435927e361ae0589ead60c3d044efaf1a4d5b7c48bed2cc8,c09fc85f700067e0fbb00db90c608acfd8ea773e548a2c274d04a5047fe52b96,ml_stage1_seed_43_game_11,43,11,2,night,seer_check,4,village,seer,10,1,0,information_gain_proxy,1,train,seed_43_game_11,2,1,0,1,0,0,0,1,9,1,1,0.329225,0,1,0.0,0.3,0,0,1,1,0,1,0,0,0.02825,0.35274999999999995,0,1,0,0,1,0,1,0,0,0,0.48,0,0,1.0,10,1,0,4,0.2,0,0,0,0,0,0.35274999999999995,1.40475,werewolf,1,0,1,1,wolf,0,5,0.8,0.17888543819998315,1.0,0.55275,1,10,0.6000000000000001,observation_safe_surrogate
85e48f79ce7f670c435927e361ae0589ead60c3d044efaf1a4d5b7c48bed2cc8,c09fc85f700067e0fbb00db90c608acfd8ea773e548a2c274d04a5047fe52b96,ml_stage1_seed_43_game_11,43,11,2,night,seer_check,4,village,seer,6,1,0,information_gain_proxy,1,train,seed_43_game_11,2,1,0,1,0,0,0,1,9,1,1,0.329225,0,1,0.0,0.3,0,0,1,1,0,1,0,0,0.006999999999999999,0.314,0,0,0,0,1,0,1,1,0,0,0.5,0,0,1.0,6,1,0,2,0.6,0,0,0,0,0,0.314,1.41975,villager,0,0,0,0,wolf,0,5,0.4,0.21908902300206645,0.0,0.9139999999999999,4,10,0.6000000000000001,observation_safe_surrogate
85e48f79ce7f670c435927e361ae0589ead60c3d044efaf1a4d5b7c48bed2cc8,c09fc85f700067e0fbb00db90c608acfd8ea773e548a2c274d04a5047fe52b96,ml_stage1_seed_43_game_11,43,11,2,night,seer_check,4,village,seer,2,1,0,information_gain_proxy,1,train,seed_43_game_11,2,1,0,1,0,0,0,1,9,1,1,0.329225,0,1,0.0,0.3,0,0,1,1,0,1,0,0,0.00375,0.30374999999999996,0,1,0,0,1,0,1,0,0,0,0.48,0,0,1.0,2,0,1,2,0.6,0,0,0,0,0,0.30374999999999996,1.423125,werewolf,1,0,1,1,wolf,0,5,0.8,0.17888543819998315,1.0,0.9037499999999999,1,10,0.6000000000000001,observation_safe_surrogate
e4e156a3503d5d161e9cfe941eecc09a6a64e8e6cb5548359c65c43d42903b02,9bf138fe9870f9fc17d11c0daae499e9d5cf139959fe28b00a6013c4e8974de1,ml_stage1_seed_43_game_12,43,12,1,night,seer_check,1,village,seer,6,1,1,information_gain_proxy,6,train,seed_43_game_12,1,1,0,1,0,0,0,1,10,0,0,0.3,0,0,0.0,0.3,0,0,0,0,0,1,0,0,0.0,0.3,0,0,0,0,0,0,0,0,0,0,0.5,0,0,0.0,6,1,0,5,1.0,0,0,0,0,0,0.3,1.425,werewolf,1,0,1,1,wolf,0,5,0.8,0.17888543819998315,1.0,1.3,1,10,0.0,observation_safe_surrogate
e4e156a3503d5d161e9cfe941eecc09a6a64e8e6cb5548359c65c43d42903b02,9bf138fe9870f9fc17d11c0daae499e9d5cf139959fe28b00a6013c4e8974de1,ml_stage1_seed_43_game_12,43,12,1,night,seer_check,1,village,seer,10,1,0,information_gain_proxy,6,train,seed_43_game_12,1,1,0,1,0,0,0,1,10,0,0,0.3,0,0,0.0,0.3,0,0,0,0,0,1,0,0,0.0,0.3,0,0,0,0,0,0,0,0,0,0,0.5,0,0,0.0,10,1,0,1,0.2,0,0,0,0,0,0.3,1.425,werewolf,1,0,1,1,wolf,0,5,0.8,0.17888543819998315,1.0,0.5,1,10,0.0,observation_safe_surrogate
e4e156a3503d5d161e9cfe941eecc09a6a64e8e6cb5548359c65c43d42903b02,9bf138fe9870f9fc17d11c0daae499e9d5cf139959fe28b00a6013c4e8974de1,ml_stage1_seed_43_game_12,43,12,1,night,seer_check,1,village,seer,4,1,0,information_gain_proxy,6,train,seed_43_game_12,1,1,0,1,0,0,0,1,10,0,0,0.3,0,0,0.0,0.3,0,0,0,0,0,1,0,0,0.0,0.3,0,0,0,0,0,0,0,0,0,0,0.5,0,0,0.0,4,0,1,3,0.6,0,0,0,0,0,0.3,1.425,villager,0,0,0,0,wolf,0,5,0.2,0.1788854381999832,0.0,0.9,6,10,0.0,observation_safe_surrogate
e4e156a3503d5d161e9cfe941eecc09a6a64e8e6cb5548359c65c43d42903b02,9bf138fe9870f9fc17d11c0daae499e9d5cf139959fe28b00a6013c4e8974de1,ml_stage1_seed_43_game_12,43,12,1,night,seer_check,1,village,seer,9,1,0,information_gain_proxy,6,train,seed_43_game_12,1,1,0,1,0,0,0,1,10,0,0,0.3,0,0,0.0,0.3,0,0,0,0,0,1,0,0,0.0,0.3,0,0,0,0,0,0,0,0,0,0,0.5,0,0,0.0,9,0,0,2,0.4,0,0,0,0,0,0.3,1.425,hunter,0,1,0,0,wolf,0,5,0.4,0.21908902300206645,0.0,0.7,4,10,0.0,observation_safe_surrogate
e4e156a3503d5d161e9cfe941eecc09a6a64e8e6cb5548359c65c43d42903b02,9bf138fe9870f9fc17d11c0daae499e9d5cf139959fe28b00a6013c4e8974de1,ml_stage1_seed_43_game_12,43,12,1,night,seer_check,1,village,seer,2,1,0,information_gain_proxy,6,train,seed_43_game_12,1,1,0,1,0,0,0,1,10,0,0,0.3,0,0,0.0,0.3,0,0,0,0,0,1,0,0,0.0,0.3,0,0,0,0,0,0,0,0,0,0,0.5,0,0,0.0,2,0,1,1,0.2,0,0,0,0,0,0.3,1.425,witch,0,1,0,0,wolf,0,5,0.6,0.21908902300206645,0.0,0.5,3,10,0.0,observation_safe_surrogate
e4e156a3503d5d161e9cfe941eecc09a6a64e8e6cb5548359c65c43d42903b02,9bf138fe9870f9fc17d11c0daae499e9d5cf139959fe28b00a6013c4e8974de1,ml_stage1_seed_43_game_12,43,12,1,night,seer_check,1,village,seer,7,1,0,information_gain_proxy,6,train,seed_43_game_12,1,1,0,1,0,0,0,1,10,0,0,0.3,0,0,0.0,0.3,0,0,0,0,0,1,0,0,0.0,0.3,0,0,0,0,0,0,0,0,0,0,0.5,0,0,0.0,7,0,0,4,0.8,0,0,0,0,0,0.3,1.425,werewolf,1,0,1,1,wolf,0,5,0.4,0.21908902300206645,1.0,1.1,4,10,0.0,observation_safe_surrogate
a37cb4e5f040647bc8ec8f300ee9ea07778b8bc4fbde58558b8b870ac5cdd9cb,e0c56b71540d158aa2a389013263fe8a62e73cd692c074fc6c018489ef219922,ml_stage1_seed_43_game_12,43,12,2,night,seer_check,1,village,seer,4,1,1,information_gain_proxy,4,train,seed_43_game_12,2,1,0,1,0,0,0,1,9,1,1,0.31907499999999994,0,1,0.034999999999999996,0.314,0,0,1,1,0,1,0,0,0.034999999999999996,0.37,1,0,0,0,1,0,1,0,0,0,0.5,0,1,1.0,4,0,1,3,0.4,0,0,0,0,0,0.37,1.39875,villager,0,0,0,0,wolf,0,5,0.6,0.21908902300206645,0.0,0.77,2,10,0.20000000000000007,observation_safe_surrogate
a37cb4e5f040647bc8ec8f300ee9ea07778b8bc4fbde58558b8b870ac5cdd9cb,e0c56b71540d158aa2a389013263fe8a62e73cd692c074fc6c018489ef219922,ml_stage1_seed_43_game_12,43,12,2,night,seer_check,1,village,seer,3,1,0,information_gain_proxy,4,train,seed_43_game_12,2,1,0,1,0,0,0,1,9,1,1,0.31907499999999994,0,1,0.034999999999999996,0.314,0,0,1,1,0,1,0,0,0.07699999999999999,0.49399999999999994,2,1,0,1,1,0,1,0,0,0,0.6599999999999999,1,0,1.5,3,0,1,2,0.6,1,0,0,0,0,0.49399999999999994,1.35725,villager,0,0,0,0,wolf,0,5,0.4,0.21908902300206645,0.0,1.0939999999999999,4,10,0.20000000000000007,observation_safe_surrogate
a37cb4e5f040647bc8ec8f300ee9ea07778b8bc4fbde58558b8b870ac5cdd9cb,e0c56b71540d158aa2a389013263fe8a62e73cd692c074fc6c018489ef219922,ml_stage1_seed_43_game_12,43,12,2,night,seer_check,1,village,seer,10,1,0,information_gain_proxy,4,train,seed_43_game_12,2,1,0,1,0,0,0,1,9,1,1,0.31907499999999994,0,1,0.034999999999999996,0.314,0,0,1,1,0,1,0,0,0.02825,0.35274999999999995,0,1,0,0,1,0,1,0,0,0,0.48,0,0,1.0,10,1,0,1,0.8,0,0,0,0,0,0.35274999999999995,1.40475,werewolf,1,0,1,1,wolf,0,5,0.8,0.17888543819998315,1.0,1.15275,1,10,0.20000000000000007,observation_safe_surrogate
a37cb4e5f040647bc8ec8f300ee9ea07778b8bc4fbde58558b8b870ac5cdd9cb,e0c56b71540d158aa2a389013263fe8a62e73cd692c074fc6c018489ef219922,ml_stage1_seed_43_game_12,43,12,2,night,seer_check,1,village,seer,5,1,0,information_gain_proxy,4,train,seed_43_game_12,2,1,0,1,0,0,0,1,9,1,1,0.31907499999999994,0,1,0.034999999999999996,0.314,0,0,1,1,0,1,0,0,0.0,0.3,0,1,0,0,1,0,1,0,0,0,0.5,1,0,1.0,5,1,1,4,0.2,1,0,0,0,0,0.3,1.425,villager,0,0,0,0,wolf,0,5,0.4,0.21908902300206645,0.0,0.5,4,10,0.20000000000000007,observation_safe_surrogate
a37cb4e5f040647bc8ec8f300ee9ea07778b8bc4fbde58558b8b870ac5cdd9cb,e0c56b71540d158aa2a389013263fe8a62e73cd692c074fc6c018489ef219922,ml_stage1_seed_43_game_12,43,12,2,night,seer_check,1,village,seer,9,1,0,information_gain_proxy,4,train,seed_43_game_12,2,1,0,1,0,0,0,1,9,1,1,0.31907499999999994,0,1,0.034999999999999996,0.314,0,0,1,1,0,1,0,0,0.034999999999999996,0.37,1,1,0,0,1,0,1,0,0,0,0.5,0,0,1.0,9,0,0,2,0.6,0,0,0,0,0,0.37,1.39875,hunter,0,1,0,0,wolf,0,5,0.2,0.1788854381999832,0.0,0.97,6,10,0.20000000000000007,observation_safe_surrogate
a37cb4e5f040647bc8ec8f300ee9ea07778b8bc4fbde58558b8b870ac5cdd9cb,e0c56b71540d158aa2a389013263fe8a62e73cd692c074fc6c018489ef219922,ml_stage1_seed_43_game_12,43,12,2,night,seer_check,1,village,seer,8,1,0,information_gain_proxy,4,train,seed_43_game_12,2,1,0,1,0,0,0,1,9,1,1,0.31907499999999994,0,1,0.034999999999999996,0.314,0,0,1,1,0,1,0,0,0.034999999999999996,0.37,1,0,0,0,1,0,1,0,0,0,0.5,0,0,1.0,8,0,0,3,0.4,0,0,0,0,0,0.37,1.39875,villager,0,0,0,0,wolf,0,5,0.6,0.21908902300206645,0.0,0.77,2,10,0.20000000000000007,observation_safe_surrogate
0bd4e07187dccf811e3446eff881960ca25146ebd1e7f361a887b516b50adfa3,7d212bd98a96893b71e55e5bbb82a6f49d895d51d85cdb628dfadcd9cdd86303,ml_stage1_seed_44_game_1,44,1,1,night,seer_check,4,village,seer,9,1,1,information_gain_proxy,9,train,seed_44_game_1,1,1,0,1,0,0,0,1,10,0,0,0.3,0,0,0.0,0.3,0,0,0,0,0,1,0,0,0.0,0.3,0,0,0,0,0,0,0,0,0,0,0.5,0,0,0.0,9,0,0,5,1.0,0,0,0,0,0,0.3,1.425,werewolf,1,0,1,1,village,1,5,0.8,0.17888543819998315,1.0,1.3,1,6,0.0,observation_safe_surrogate
0bd4e07187dccf811e3446eff881960ca25146ebd1e7f361a887b516b50adfa3,7d212bd98a96893b71e55e5bbb82a6f49d895d51d85cdb628dfadcd9cdd86303,ml_stage1_seed_44_game_1,44,1,1,night,seer_check,4,village,seer,1,1,0,information_gain_proxy,9,train,seed_44_game_1,1,1,0,1,0,0,0,1,10,0,0,0.3,0,0,0.0,0.3,0,0,0,0,0,1,0,0,0.0,0.3,0,0,0,0,0,0,0,0,0,0,0.5,0,0,0.0,1,1,1,3,0.6,0,0,0,0,0,0.3,1.425,werewolf,1,0,1,1,village,1,5,0.6,0.21908902300206645,1.0,0.9,3,6,0.0,observation_safe_surrogate
0bd4e07187dccf811e3446eff881960ca25146ebd1e7f361a887b516b50adfa3,7d212bd98a96893b71e55e5bbb82a6f49d895d51d85cdb628dfadcd9cdd86303,ml_stage1_seed_44_game_1,44,1,1,night,seer_check,4,village,seer,3,1,0,information_gain_proxy,9,train,seed_44_game_1,1,1,0,1,0,0,0,1,10,0,0,0.3,0,0,0.0,0.3,0,0,0,0,0,1,0,0,0.0,0.3,0,0,0,0,0,0,0,0,0,0,0.5,0,0,0.0,3,0,1,1,0.2,0,0,0,0,0,0.3,1.425,werewolf,1,0,1,1,village,1,5,0.4,0.21908902300206645,1.0,0.5,4,6,0.0,observation_safe_surrogate
0bd4e07187dccf811e3446eff881960ca25146ebd1e7f361a887b516b50adfa3,7d212bd98a96893b71e55e5bbb82a6f49d895d51d85cdb628dfadcd9cdd86303,ml_stage1_seed_44_game_1,44,1,1,night,seer_check,4,village,seer,7,1,0,information_gain_proxy,9,train,seed_44_game_1,1,1,0,1,0,0,0,1,10,0,0,0.3,0,0,0.0,0.3,0,0,0,0,0,1,0,0,0.0,0.3,0,0,0,0,0,0,0,0,0,0,0.5,0,0,0.0,7,0,0,3,0.6,0,0,0,0,0,0.3,1.425,villager,0,0,0,0,village,1,5,0.2,0.1788854381999832,0.0,0.9,6,6,0.0,observation_safe_surrogate
0bd4e07187dccf811e3446eff881960ca25146ebd1e7f361a887b516b50adfa3,7d212bd98a96893b71e55e5bbb82a6f49d895d51d85cdb628dfadcd9cdd86303,ml_stage1_seed_44_game_1,44,1,1,night,seer_check,4,village,seer,10,1,0,information_gain_proxy,9,train,seed_44_game_1,1,1,0,1,0,0,0,1,10,0,0,0.3,0,0,0.0,0.3,0,0,0,0,0,1,0,0,0.0,0.3,0,0,0,0,0,0,0,0,0,0,0.5,0,0,0.0,10,1,0,4,0.8,0,0,0,0,0,0.3,1.425,villager,0,0,0,0,village,1,5,0.4,0.21908902300206645,0.0,1.1,4,6,0.0,observation_safe_surrogate
0bd4e07187dccf811e3446eff881960ca25146ebd1e7f361a887b516b50adfa3,7d212bd98a96893b71e55e5bbb82a6f49d895d51d85cdb628dfadcd9cdd86303,ml_stage1_seed_44_game_1,44,1,1,night,seer_check,4,village,seer,6,1,0,information_gain_proxy,9,train,seed_44_game_1,1,1,0,1,0,0,0,1,10,0,0,0.3,0,0,0.0,0.3,0,0,0,0,0,1,0,0,0.0,0.3,0,0,0,0,0,0,0,0,0,0,0.5,0,0,0.0,6,1,0,2,0.4,0,0,0,0,0,0.3,1.425,hunter,0,1,0,0,village,1,5,0.8,0.17888543819998315,0.0,0.7,1,6,0.0,observation_safe_surrogate
61e71fcbee293df37ab262b0d6bbf37ed2f766b27573bb6d34f8a2386184734b,75ef3d03f7e5abe38e8675a5db8d65e504e657147bf2ea7351ce0fea5a47b449,ml_stage1_seed_44_game_1,44,1,2,night,seer_check,4,village,seer,1,1,1,information_gain_proxy,1,train,seed_44_game_1,2,1,0,1,0,0,0,1,9,1,1,0.31137499999999996,0,1,0.034999999999999996,0.37,0,0,1,1,0,1,0,0,0.03874999999999999,0.37374999999999997,1,1,0,0,1,0,1,0,0,0,0.48,0,0,1.0,1,1,1,3,0.4,0,0,0,0,0,0.37374999999999997,1.3968749999999999,werewolf,1,0,1,1,village,1,5,1.0,0.0,1.0,0.7737499999999999,1,1,0.0,observation_safe_surrogate
61e71fcbee293df37ab262b0d6bbf37ed2f766b27573bb6d34f8a2386184734b,75ef3d03f7e5abe38e8675a5db8d65e504e657147bf2ea7351ce0fea5a47b449,ml_stage1_seed_44_game_1,44,1,2,night,seer_check,4,village,seer,6,1,0,information_gain_proxy,1,train,seed_44_game_1,2,1,0,1,0,0,0,1,9,1,1,0.31137499999999996,0,1,0.034999999999999996,0.37,0,0,1,1,0,1,0,0,0.048999999999999995,0.438,2,0,0,1,1,0,1,1,0,0,0.5,0,0,1.5,6,1,0,2,0.6,0,0,0,0,0,0.438,1.37825,hunter,0,1,0,0,village,1,5,0.8,0.17888543819998315,0.0,1.038,2,1,0.0,observation_safe_surrogate
61e71fcbee293df37ab262b0d6bbf37ed2f766b27573bb6d34f8a2386184734b,75ef3d03f7e5abe38e8675a5db8d65e504e657147bf2ea7351ce0fea5a47b449,ml_stage1_seed_44_game_1,44,1,2,night,seer_check,4,village,seer,5,1,0,information_gain_proxy,1,train,seed_44_game_1,2,1,0,1,0,0,0,1,9,1,1,0.31137499999999996,0,1,0.034999999999999996,0.37,0,0,1,1,0,1,0,0,0.0,0.3,0,1,0,0,1,0,1,0,0,0,0.5,0,0,1.0,5,1,1,1,0.8,0,0,0,0,0,0.3,1.425,villager,0,0,0,0,village,1,5,0.2,0.1788854381999832,0.0,1.1,6,1,0.0,observation_safe_surrogate
61e71fcbee293df37ab262b0d6bbf37ed2f766b27573bb6d34f8a2386184734b,75ef3d03f7e5abe38e8675a5db8d65e504e657147bf2ea7351ce0fea5a47b449,ml_stage1_seed_44_game_1,44,1,2,night,seer_check,4,village,seer,8,1,0,information_gain_proxy,1,train,seed_44_game_1,2,1,0,1,0,0,0,1,9,1,1,0.31137499999999996,0,1,0.034999999999999996,0.37,0,0,1,1,0,1,0,0,0.0,0.3,0,0,0,0,1,0,1,0,0,0,0.5,0,0,1.0,8,0,0,4,0.2,0,0,0,0,0,0.3,1.425,witch,0,1,0,0,village,1,5,0.4,0.21908902300206645,0.0,0.5,4,1,0.0,observation_safe_surrogate
61e71fcbee293df37ab262b0d6bbf37ed2f766b27573bb6d34f8a2386184734b,75ef3d03f7e5abe38e8675a5db8d65e504e657147bf2ea7351ce0fea5a47b449,ml_stage1_seed_44_game_1,44,1,2,night,seer_check,4,village,seer,2,1,0,information_gain_proxy,1,train,seed_44_game_1,2,1,0,1,0,0,0,1,9,1,1,0.31137499999999996,0,1,0.034999999999999996,0.37,0,0,1,1,0,1,0,0,0.0,0.3,0,0,0,0,1,0,1,0,0,0,0.5,0,0,1.0,2,0,1,2,0.6,0,0,0,0,0,0.3,1.425,villager,0,0,0,0,village,1,5,0.8,0.17888543819998315,0.0,0.9,2,1,0.0,observation_safe_surrogate
61e71fcbee293df37ab262b0d6bbf37ed2f766b27573bb6d34f8a2386184734b,75ef3d03f7e5abe38e8675a5db8d65e504e657147bf2ea7351ce0fea5a47b449,ml_stage1_seed_44_game_1,44,1,2,night,seer_check,4,village,seer,10,1,0,information_gain_proxy,1,train,seed_44_game_1,2,1,0,1,0,0,0,1,9,1,1,0.31137499999999996,0,1,0.034999999999999996,0.37,0,0,1,1,0,1,0,0,0.0,0.27899999999999997,1,0,0,0,1,0,1,0,0,0,0.5,1,0,1.0,10,1,0,4,0.2,1,0,0,0,0,0.27899999999999997,1.43025,villager,0,0,0,0,village,1,5,0.4,0.21908902300206645,0.0,0.479,4,1,0.0,observation_safe_surrogate
6154ee8f2d75217d57bfc1ae10b3923a2a8fb2a89c6531a5f2fd1a1fda9637da,f56973691a51be17da1f1ba8ac853f926690bde9a0a54fc2ca126d6ea549fff9,ml_stage1_seed_44_game_2,44,2,1,night,seer_check,9,village,seer,4,1,1,information_gain_proxy,4,train,seed_44_game_2,1,1,0,1,0,0,0,1,10,0,0,0.3,0,0,0.0,0.3,0,0,0,0,0,1,0,0,0.0,0.3,0,0,0,0,0,0,0,0,0,0,0.5,0,0,0.0,4,0,1,5,1.0,0,0,0,0,0,0.3,1.425,villager,0,0,0,0,wolf,0,5,0.6,0.21908902300206645,0.0,1.3,4,2,0.20000000000000007,observation_safe_surrogate
6154ee8f2d75217d57bfc1ae10b3923a2a8fb2a89c6531a5f2fd1a1fda9637da,f56973691a51be17da1f1ba8ac853f926690bde9a0a54fc2ca126d6ea549fff9,ml_stage1_seed_44_game_2,44,2,1,night,seer_check,9,village,seer,1,1,0,information_gain_proxy,4,train,seed_44_game_2,1,1,0,1,0,0,0,1,10,0,0,0.3,0,0,0.0,0.3,0,0,0,0,0,1,0,0,0.0,0.3,0,0,0,0,0,0,0,0,0,0,0.5,0,0,0.0,1,1,1,2,0.4,0,0,0,0,0,0.3,1.425,witch,0,1,0,0,wolf,0,5,0.2,0.1788854381999832,0.0,0.7,5,2,0.20000000000000007,observation_safe_surrogate
6154ee8f2d75217d57bfc1ae10b3923a2a8fb2a89c6531a5f2fd1a1fda9637da,f56973691a51be17da1f1ba8ac853f926690bde9a0a54fc2ca126d6ea549fff9,ml_stage1_seed_44_game_2,44,2,1,night,seer_check,9,village,seer,2,1,0,information_gain_proxy,4,train,seed_44_game_2,1,1,0,1,0,0,0,1,10,0,0,0.3,0,0,0.0,0.3,0,0,0,0,0,1,0,0,0.0,0.3,0,0,0,0,0,0,0,0,0,0,0.5,0,0,0.0,2,0,1,3,0.6,0,0,0,0,0,0.3,1.425,villager,0,0,0,0,wolf,0,5,0.8,0.17888543819998315,0.0,0.9,1,2,0.20000000000000007,observation_safe_surrogate
6154ee8f2d75217d57bfc1ae10b3923a2a8fb2a89c6531a5f2fd1a1fda9637da,f56973691a51be17da1f1ba8ac853f926690bde9a0a54fc2ca126d6ea549fff9,ml_stage1_seed_44_game_2,44,2,1,night,seer_check,9,village,seer,7,1,0,information_gain_proxy,4,train,seed_44_game_2,1,1,0,1,0,0,0,1,10,0,0,0.3,0,0,0.0,0.3,0,0,0,0,0,1,0,0,0.0,0.3,0,0,0,0,0,0,0,0,0,0,0.5,0,0,0.0,7,0,0,2,0.4,0,0,0,0,0,0.3,1.425,villager,0,0,0,0,wolf,0,5,0.2,0.1788854381999832,0.0,0.7,5,2,0.20000000000000007,observation_safe_surrogate
6154ee8f2d75217d57bfc1ae10b3923a2a8fb2a89c6531a5f2fd1a1fda9637da,f56973691a51be17da1f1ba8ac853f926690bde9a0a54fc2ca126d6ea549fff9,ml_stage1_seed_44_game_2,44,2,1,night,seer_check,9,village,seer,3,1,0,information_gain_proxy,4,train,seed_44_game_2,1,1,0,1,0,0,0,1,10,0,0,0.3,0,0,0.0,0.3,0,0,0,0,0,1,0,0,0.0,0.3,0,0,0,0,0,0,0,0,0,0,0.5,0,0,0.0,3,0,1,4,0.8,0,0,0,0,0,0.3,1.425,werewolf,1,0,1,1,wolf,0,5,0.8,0.17888543819998315,1.0,1.1,1,2,0.20000000000000007,observation_safe_surrogate
6154ee8f2d75217d57bfc1ae10b3923a2a8fb2a89c6531a5f2fd1a1fda9637da,f56973691a51be17da1f1ba8ac853f926690bde9a0a54fc2ca126d6ea549fff9,ml_stage1_seed_44_game_2,44,2,1,night,seer_check,9,village,seer,8,1,0,information_gain_proxy,4,train,seed_44_game_2,1,1,0,1,0,0,0,1,10,0,0,0.3,0,0,0.0,0.3,0,0,0,0,0,1,0,0,0.0,0.3,0,0,0,0,0,0,0,0,0,0,0.5,0,0,0.0,8,0,0,1,0.2,0,0,0,0,0,0.3,1.425,werewolf,1,0,1,1,wolf,0,5,0.8,0.17888543819998315,1.0,0.5,1,2,0.20000000000000007,observation_safe_surrogate
725796ab0b5363a740be8199ef0b501a387a85dec86f7da4243fc5c7328d4f1c,1b23822694a59524e0f55de76ddaead2a4f5a5ad9b98e518b47694357e851960,ml_stage1_seed_44_game_2,44,2,2,night,seer_check,9,village,seer,6,1,1,information_gain_proxy,6,train,seed_44_game_2,2,1,0,1,0,0,0,1,9,1,1,0.303175,0,1,0.0,0.3,0,0,1,1,0,1,0,0,0.041999999999999996,0.424,1,0,0,1,1,0,1,1,0,0,0.5,0,0,1.5,6,1,0,3,0.4,0,0,0,0,0,0.424,1.3835000000000002,villager,0,0,0,0,wolf,0,5,0.4,0.21908902300206645,0.0,0.8240000000000001,4,10,0.6,observation_safe_surrogate
725796ab0b5363a740be8199ef0b501a387a85dec86f7da4243fc5c7328d4f1c,1b23822694a59524e0f55de76ddaead2a4f5a5ad9b98e518b47694357e851960,ml_stage1_seed_44_game_2,44,2,2,night,seer_check,9,village,seer,1,1,0,information_gain_proxy,6,train,seed_44_game_2,2,1,0,1,0,0,0,1,9,1,1,0.303175,0,1,0.0,0.3,0,0,1,1,0,1,0,0,0.034999999999999996,0.314,1,1,0,0,1,0,1,0,0,0,0.5,0,0,1.0,1,1,1,2,0.6,0,0,0,0,0,0.314,1.41275,witch,0,1,0,0,wolf,0,5,0.4,0.21908902300206645,0.0,0.9139999999999999,4,10,0.6,observation_safe_surrogate
725796ab0b5363a740be8199ef0b501a387a85dec86f7da4243fc5c7328d4f1c,1b23822694a59524e0f55de76ddaead2a4f5a5ad9b98e518b47694357e851960,ml_stage1_seed_44_game_2,44,2,2,night,seer_check,9,village,seer,7,1,0,information_gain_proxy,6,train,seed_44_game_2,2,1,0,1,0,0,0,1,9,1,1,0.303175,0,1,0.0,0.3,0,0,1,1,0,1,0,0,0.041999999999999996,0.384,1,0,0,0,1,0,1,1,0,0,0.5,0,0,1.0,7,0,0,2,0.6,0,0,0,0,0,0.384,1.3935,villager,0,0,0,0,wolf,0,5,0.6,0.21908902300206645,0.0,0.984,2,10,0.6,observation_safe_surrogate
725796ab0b5363a740be8199ef0b501a387a85dec86f7da4243fc5c7328d4f1c,1b23822694a59524e0f55de76ddaead2a4f5a5ad9b98e518b47694357e851960,ml_stage1_seed_44_game_2,44,2,2,night,seer_check,9,village,seer,10,1,0,information_gain_proxy,6,train,seed_44_game_2,2,1,0,1,0,0,0,1,9,1,1,0.303175,0,1,0.0,0.3,0,0,1,1,0,1,0,0,0.00375,0.30374999999999996,0,1,0,0,1,0,1,0,0,0,0.48,0,0,1.0,10,1,0,1,0.8,0,0,0,0,0,0.30374999999999996,1.423125,werewolf,1,0,1,1,wolf,0,5,1.0,0.0,1.0,1.10375,1,10,0.6,observation_safe_surrogate
725796ab0b5363a740be8199ef0b501a387a85dec86f7da4243fc5c7328d4f1c,1b23822694a59524e0f55de76ddaead2a4f5a5ad9b98e518b47694357e851960,ml_stage1_seed_44_game_2,44,2,2,night,seer_check,9,village,seer,2,1,0,information_gain_proxy,6,train,seed_44_game_2,2,1,0,1,0,0,0,1,9,1,1,0.303175,0,1,0.0,0.3,0,0,1,1,0,1,0,0,0.034999999999999996,0.37,1,0,0,0,1,0,1,0,0,0,0.5,0,0,1.0,2,0,1,3,0.4,0,0,0,0,0,0.37,1.39875,villager,0,0,0,0,wolf,0,5,0.6,0.21908902300206645,0.0,0.77,2,10,0.6,observation_safe_surrogate
725796ab0b5363a740be8199ef0b501a387a85dec86f7da4243fc5c7328d4f1c,1b23822694a59524e0f55de76ddaead2a4f5a5ad9b98e518b47694357e851960,ml_stage1_seed_44_game_2,44,2,2,night,seer_check,9,village,seer,8,1,0,information_gain_proxy,6,train,seed_44_game_2,2,1,0,1,0,0,0,1,9,1,1,0.303175,0,1,0.0,0.3,0,0,1,1,0,1,0,0,0.00375,0.30374999999999996,0,1,0,0,1,0,1,0,0,0,0.48,0,0,1.0,8,0,0,1,0.8,0,0,0,0,0,0.30374999999999996,1.423125,werewolf,1,0,1,1,wolf,0,5,0.4,0.21908902300206645,1.0,1.10375,4,10,0.6,observation_safe_surrogate
6b6abe7fe1aa0ad7c62940d78bdecaa4debfc4ac32a5159a2630d10e0d5f00b4,f92b93ffae751f424e0276b03f195682bbcd166e6a66a44371b9a09d920c3465,ml_stage1_seed_44_game_3,44,3,1,night,seer_check,7,village,seer,2,1,1,information_gain_proxy,2,train,seed_44_game_3,1,1,0,1,0,0,0,1,10,0,0,0.3,0,0,0.0,0.3,0,0,0,0,0,1,0,0,0.0,0.3,0,0,0,0,0,0,0,0,0,0,0.5,0,0,0.0,2,0,1,5,1.0,0,0,0,0,0,0.3,1.425,villager,0,0,0,0,village,1,5,0.4,0.21908902300206645,0.0,1.3,5,1,0.6,observation_safe_surrogate
6b6abe7fe1aa0ad7c62940d78bdecaa4debfc4ac32a5159a2630d10e0d5f00b4,f92b93ffae751f424e0276b03f195682bbcd166e6a66a44371b9a09d920c3465,ml_stage1_seed_44_game_3,44,3,1,night,seer_check,7,village,seer,1,1,0,information_gain_proxy,2,train,seed_44_game_3,1,1,0,1,0,0,0,1,10,0,0,0.3,0,0,0.0,0.3,0,0,0,0,0,1,0,0,0.0,0.3,0,0,0,0,0,0,0,0,0,0,0.5,0,0,0.0,1,1,1,4,0.8,0,0,0,0,0,0.3,1.425,werewolf,1,0,1,1,village,1,5,1.0,0.0,1.0,1.1,1,1,0.6,observation_safe_surrogate
6b6abe7fe1aa0ad7c62940d78bdecaa4debfc4ac32a5159a2630d10e0d5f00b4,f92b93ffae751f424e0276b03f195682bbcd166e6a66a44371b9a09d920c3465,ml_stage1_seed_44_game_3,44,3,1,night,seer_check,7,village,seer,8,1,0,information_gain_proxy,2,train,seed_44_game_3,1,1,0,1,0,0,0,1,10,0,0,0.3,0,0,0.0,0.3,0,0,0,0,0,1,0,0,0.0,0.3,0,0,0,0,0,0,0,0,0,0,0.5,0,0,0.0,8,0,0,1,0.2,0,0,0,0,0,0.3,1.425,witch,0,1,0,0,village,1,5,0.6,0.21908902300206645,0.0,0.5,4,1,0.6,observation_safe_surrogate
6b6abe7fe1aa0ad7c62940d78bdecaa4debfc4ac32a5159a2630d10e0d5f00b4,f92b93ffae751f424e0276b03f195682bbcd166e6a66a44371b9a09d920c3465,ml_stage1_seed_44_game_3,44,3,1,night,seer_check,7,village,seer,3,1,0,information_gain_proxy,2,train,seed_44_game_3,1,1,0,1,0,0,0,1,10,0,0,0.3,0,0,0.0,0.3,0,0,0,0,0,1,0,0,0.0,0.3,0,0,0,0,0,0,0,0,0,0,0.5,0,0,0.0,3,0,1,4,0.8,0,0,0,0,0,0.3,1.425,werewolf,1,0,1,1,village,1,5,0.8,0.17888543819998315,1.0,1.1,3,1,0.6,observation_safe_surrogate
6b6abe7fe1aa0ad7c62940d78bdecaa4debfc4ac32a5159a2630d10e0d5f00b4,f92b93ffae751f424e0276b03f195682bbcd166e6a66a44371b9a09d920c3465,ml_stage1_seed_44_game_3,44,3,1,night,seer_check,7,village,seer,4,1,0,information_gain_proxy,2,train,seed_44_game_3,1,1,0,1,0,0,0,1,10,0,0,0.3,0,0,0.0,0.3,0,0,0,0,0,1,0,0,0.0,0.3,0,0,0,0,0,0,0,0,0,0,0.5,0,0,0.0,4,0,1,3,0.6,0,0,0,0,0,0.3,1.425,villager,0,0,0,0,village,1,5,0.2,0.1788854381999832,0.0,0.9,6,1,0.6,observation_safe_surrogate
6b6abe7fe1aa0ad7c62940d78bdecaa4debfc4ac32a5159a2630d10e0d5f00b4,f92b93ffae751f424e0276b03f195682bbcd166e6a66a44371b9a09d920c3465,ml_stage1_seed_44_game_3,44,3,1,night,seer_check,7,village,seer,6,1,0,information_gain_proxy,2,train,seed_44_game_3,1,1,0,1,0,0,0,1,10,0,0,0.3,0,0,0.0,0.3,0,0,0,0,0,1,0,0,0.0,0.3,0,0,0,0,0,0,0,0,0,0,0.5,0,0,0.0,6,1,0,1,0.2,0,0,0,0,0,0.3,1.425,werewolf,1,0,1,1,village,1,5,1.0,0.0,1.0,0.5,1,1,0.6,observation_safe_surrogate
939b66ffcd149b87a325a1c17c96b7d1fd12b54f1ffb3c102d421b45534644b2,56be82ba66b5910bdb63159d02b31a7f59b951366b4de5a9acd84b6e0c7948c0,ml_stage1_seed_44_game_3,44,3,2,night,seer_check,7,village,seer,10,1,1,information_gain_proxy,10,train,seed_44_game_3,2,1,0,1,0,0,0,1,9,1,1,0.31277499999999997,0,1,0.041999999999999996,0.384,0,0,1,1,0,1,0,0,0.0,0.27899999999999997,1,0,0,0,1,0,1,0,0,0,0.5,0,0,1.0,10,1,0,3,0.4,0,0,0,0,0,0.27899999999999997,1.43025,hunter,0,1,0,0,village,1,5,0.2,0.1788854381999832,0.0,0.679,6,1,0.8,observation_safe_surrogate
939b66ffcd149b87a325a1c17c96b7d1fd12b54f1ffb3c102d421b45534644b2,56be82ba66b5910bdb63159d02b31a7f59b951366b4de5a9acd84b6e0c7948c0,ml_stage1_seed_44_game_3,44,3,2,night,seer_check,7,village,seer,3,1,0,information_gain_proxy,10,train,seed_44_game_3,2,1,0,1,0,0,0,1,9,1,1,0.31277499999999997,0,1,0.041999999999999996,0.384,0,0,1,1,0,1,0,0,0.09325,0.65275,1,1,1,5,1,0,1,0,0,0,0.3,0,0,3.5,3,0,1,4,0.2,0,0,0,0,0,0.34724999999999995,1.3135,werewolf,1,0,1,1,village,1,5,0.4,0.21908902300206645,1.0,0.54725,4,1,0.8,observation_safe_surrogate
939b66ffcd149b87a325a1c17c96b7d1fd12b54f1ffb3c102d421b45534644b2,56be82ba66b5910bdb63159d02b31a7f59b951366b4de5a9acd84b6e0c7948c0,ml_stage1_seed_44_game_3,44,3,2,night,seer_check,7,village,seer,1,1,0,information_gain_proxy,10,train,seed_44_game_3,2,1,0,1,0,0,0,1,9,1,1,0.31277499999999997,0,1,0.041999999999999996,0.384,0,0,1,1,0,1,0,0,0.03874999999999999,0.37374999999999997,1,1,0,0,1,0,1,0,0,0,0.48,1,0,1.0,1,1,1,4,0.2,1,0,0,0,0,0.37374999999999997,1.3968749999999999,werewolf,1,0,1,1,village,1,5,1.0,0.0,1.0,0.57375,1,1,0.8,observation_safe_surrogate
939b66ffcd149b87a325a1c17c96b7d1fd12b54f1ffb3c102d421b45534644b2,56be82ba66b5910bdb63159d02b31a7f59b951366b4de5a9acd84b6e0c7948c0,ml_stage1_seed_44_game_3,44,3,2,night,seer_check,7,village,seer,9,1,0,information_gain_proxy,10,train,seed_44_game_3,2,1,0,1,0,0,0,1,9,1,1,0.31277499999999997,0,1,0.041999999999999996,0.384,0,0,1,1,0,1,0,0,0.0,0.3,0,1,0,0,1,0,1,0,0,0,0.5,0,0,1.0,9,0,0,2,0.6,0,0,0,0,0,0.3,1.425,villager,0,0,0,0,village,1,5,0.4,0.21908902300206645,0.0,0.9,4,1,0.8,observation_safe_surrogate
939b66ffcd149b87a325a1c17c96b7d1fd12b54f1ffb3c102d421b45534644b2,56be82ba66b5910bdb63159d02b31a7f59b951366b4de5a9acd84b6e0c7948c0,ml_stage1_seed_44_game_3,44,3,2,night,seer_check,7,village,seer,5,1,0,information_gain_proxy,10,train,seed_44_game_3,2,1,0,1,0,0,0,1,9,1,1,0.31277499999999997,0,1,0.041999999999999996,0.384,0,0,1,1,0,1,0,0,0.0,0.3,0,1,0,0,1,0,1,0,0,0,0.5,0,0,1.0,5,1,1,2,0.6,0,0,0,0,0,0.3,1.425,villager,0,0,0,0,village,1,5,0.6,0.21908902300206645,0.0,0.9,2,1,0.8,observation_safe_surrogate
939b66ffcd149b87a325a1c17c96b7d1fd12b54f1ffb3c102d421b45534644b2,56be82ba66b5910bdb63159d02b31a7f59b951366b4de5a9acd84b6e0c7948c0,ml_stage1_seed_44_game_3,44,3,2,night,seer_check,7,village,seer,8,1,0,information_gain_proxy,10,train,seed_44_game_3,2,1,0,1,0,0,0,1,9,1,1,0.31277499999999997,0,1,0.041999999999999996,0.384,0,0,1,1,0,1,0,0,0.0,0.3,0,0,0,0,1,0,1,0,0,0,0.5,0,0,1.0,8,0,0,1,0.8,0,0,0,0,0,0.3,1.425,witch,0,1,0,0,village,1,5,0.6,0.21908902300206645,0.0,1.1,2,1,0.8,observation_safe_surrogate
b1303f740da8af2532246fa6845637946192018c34dad61f227bdc8b490b2246,3f02c09b2d01a91604201b040f42c20e5a2ca0fb88e0d16640abc43bf6e6dfd6,ml_stage1_seed_44_game_4,44,4,1,night,seer_check,10,village,seer,5,1,1,information_gain_proxy,5,train,seed_44_game_4,1,1,0,1,0,0,0,1,10,0,0,0.3,0,0,0.0,0.3,0,0,0,0,0,1,0,0,0.0,0.3,0,0,0,0,0,0,0,0,0,0,0.5,0,0,0.0,5,1,1,5,1.0,0,0,0,0,0,0.3,1.425,werewolf,1,0,1,1,village,1,5,1.0,0.0,1.0,1.3,1,5,0.0,observation_safe_surrogate
b1303f740da8af2532246fa6845637946192018c34dad61f227bdc8b490b2246,3f02c09b2d01a91604201b040f42c20e5a2ca0fb88e0d16640abc43bf6e6dfd6,ml_stage1_seed_44_game_4,44,4,1,night,seer_check,10,village,seer,1,1,0,information_gain_proxy,5,train,seed_44_game_4,1,1,0,1,0,0,0,1,10,0,0,0.3,0,0,0.0,0.3,0,0,0,0,0,1,0,0,0.0,0.3,0,0,0,0,0,0,0,0,0,0,0.5,0,0,0.0,1,1,1,1,0.2,0,0,0,0,0,0.3,1.425,villager,0,0,0,0,village,1,5,0.8,0.17888543819998315,0.0,0.5,2,5,0.0,observation_safe_surrogate
b1303f740da8af2532246fa6845637946192018c34dad61f227bdc8b490b2246,3f02c09b2d01a91604201b040f42c20e5a2ca0fb88e0d16640abc43bf6e6dfd6,ml_stage1_seed_44_game_4,44,4,1,night,seer_check,10,village,seer,9,1,0,information_gain_proxy,5,train,seed_44_game_4,1,1,0,1,0,0,0,1,10,0,0,0.3,0,0,0.0,0.3,0,0,0,0,0,1,0,0,0.0,0.3,0,0,0,0,0,0,0,0,0,0,0.5,0,0,0.0,9,0,0,1,0.2,0,0,0,0,0,0.3,1.425,villager,0,0,0,0,village,1,5,0.6,0.21908902300206645,0.0,0.5,3,5,0.0,observation_safe_surrogate
b1303f740da8af2532246fa6845637946192018c34dad61f227bdc8b490b2246,3f02c09b2d01a91604201b040f42c20e5a2ca0fb88e0d16640abc43bf6e6dfd6,ml_stage1_seed_44_game_4,44,4,1,night,seer_check,10,village,seer,2,1,0,information_gain_proxy,5,train,seed_44_game_4,1,1,0,1,0,0,0,1,10,0,0,0.3,0,0,0.0,0.3,0,0,0,0,0,1,0,0,0.0,0.3,0,0,0,0,0,0,0,0,0,0,0.5,0,0,0.0,2,0,1,2,0.4,0,0,0,0,0,0.3,1.425,villager,0,0,0,0,village,1,5,0.6,0.21908902300206645,0.0,0.7,3,5,0.0,observation_safe_surrogate
b1303f740da8af2532246fa6845637946192018c34dad61f227bdc8b490b2246,3f02c09b2d01a91604201b040f42c20e5a2ca0fb88e0d16640abc43bf6e6dfd6,ml_stage1_seed_44_game_4,44,4,1,night,seer_check,10,village,seer,8,1,0,information_gain_proxy,5,train,seed_44_game_4,1,1,0,1,0,0,0,1,10,0,0,0.3,0,0,0.0,0.3,0,0,0,0,0,1,0,0,0.0,0.3,0,0,0,0,0,0,0,0,0,0,0.5,0,0,0.0,8,0,0,2,0.4,0,0,0,0,0,0.3,1.425,werewolf,1,0,1,1,village,1,5,0.6,0.21908902300206645,1.0,0.7,3,5,0.0,observation_safe_surrogate
b1303f740da8af2532246fa6845637946192018c34dad61f227bdc8b490b2246,3f02c09b2d01a91604201b040f42c20e5a2ca0fb88e0d16640abc43bf6e6dfd6,ml_stage1_seed_44_game_4,44,4,1,night,seer_check,10,village,seer,6,1,0,information_gain_proxy,5,train,seed_44_game_4,1,1,0,1,0,0,0,1,10,0,0,0.3,0,0,0.0,0.3,0,0,0,0,0,1,0,0,0.0,0.3,0,0,0,0,0,0,0,0,0,0,0.5,0,0,0.0,6,1,0,4,0.8,0,0,0,0,0,0.3,1.425,witch,0,1,0,0,village,1,5,0.2,0.1788854381999832,0.0,1.1,6,5,0.0,observation_safe_surrogate
a929f9e1180c30a1b7f0566317b10e1cce7366cee9207cd07db0fea7362da412,de71e6bc1a9f09836b7c94310b41ec49e4d629e38cf45b7dc4fe2758285f4700,ml_stage1_seed_44_game_5,44,5,1,night,seer_check,4,village,seer,9,1,1,information_gain_proxy,9,train,seed_44_game_5,1,1,0,1,0,0,0,1,10,0,0,0.3,0,0,0.0,0.3,0,0,0,0,0,1,0,0,0.0,0.3,0,0,0,0,0,0,0,0,0,0,0.5,0,0,0.0,9,0,0,5,1.0,0,0,0,0,0,0.3,1.425,witch,0,1,0,0,wolf,0,5,0.6,0.21908902300206645,0.0,1.3,4,8,0.4,observation_safe_surrogate
a929f9e1180c30a1b7f0566317b10e1cce7366cee9207cd07db0fea7362da412,de71e6bc1a9f09836b7c94310b41ec49e4d629e38cf45b7dc4fe2758285f4700,ml_stage1_seed_44_game_5,44,5,1,night,seer_check,4,village,seer,1,1,0,information_gain_proxy,9,train,seed_44_game_5,1,1,0,1,0,0,0,1,10,0,0,0.3,0,0,0.0,0.3,0,0,0,0,0,1,0,0,0.0,0.3,0,0,0,0,0,0,0,0,0,0,0.5,0,0,0.0,1,1,1,3,0.6,0,0,0,0,0,0.3,1.425,villager,0,0,0,0,wolf,0,5,0.6,0.21908902300206645,0.0,0.9,4,8,0.4,observation_safe_surrogate
a929f9e1180c30a1b7f0566317b10e1cce7366cee9207cd07db0fea7362da412,de71e6bc1a9f09836b7c94310b41ec49e4d629e38cf45b7dc4fe2758285f4700,ml_stage1_seed_44_game_5,44,5,1,night,seer_check,4,village,seer,2,1,0,information_gain_proxy,9,train,seed_44_game_5,1,1,0,1,0,0,0,1,10,0,0,0.3,0,0,0.0,0.3,0,0,0,0,0,1,0,0,0.0,0.3,0,0,0,0,0,0,0,0,0,0,0.5,0,0,0.0,2,0,1,2,0.4,0,0,0,0,0,0.3,1.425,hunter,0,1,0,0,wolf,0,5,0.4,0.21908902300206645,0.0,0.7,6,8,0.4,observation_safe_surrogate
a929f9e1180c30a1b7f0566317b10e1cce7366cee9207cd07db0fea7362da412,de71e6bc1a9f09836b7c94310b41ec49e4d629e38cf45b7dc4fe2758285f4700,ml_stage1_seed_44_game_5,44,5,1,night,seer_check,4,village,seer,8,1,0,information_gain_proxy,9,train,seed_44_game_5,1,1,0,1,0,0,0,1,10,0,0,0.3,0,0,0.0,0.3,0,0,0,0,0,1,0,0,0.0,0.3,0,0,0,0,0,0,0,0,0,0,0.5,0,0,0.0,8,0,0,4,0.8,0,0,0,0,0,0.3,1.425,werewolf,1,0,1,1,wolf,0,5,1.0,0.0,1.0,1.1,1,8,0.4,observation_safe_surrogate
a929f9e1180c30a1b7f0566317b10e1cce7366cee9207cd07db0fea7362da412,de71e6bc1a9f09836b7c94310b41ec49e4d629e38cf45b7dc4fe2758285f4700,ml_stage1_seed_44_game_5,44,5,1,night,seer_check,4,village,seer,5,1,0,information_gain_proxy,9,train,seed_44_game_5,1,1,0,1,0,0,0,1,10,0,0,0.3,0,0,0.0,0.3,0,0,0,0,0,1,0,0,0.0,0.3,0,0,0,0,0,0,0,0,0,0,0.5,0,0,0.0,5,1,1,1,0.2,0,0,0,0,0,0.3,1.425,villager,0,0,0,0,wolf,0,5,0.8,0.17888543819998315,0.0,0.5,2,8,0.4,observation_safe_surrogate
a929f9e1180c30a1b7f0566317b10e1cce7366cee9207cd07db0fea7362da412,de71e6bc1a9f09836b7c94310b41ec49e4d629e38cf45b7dc4fe2758285f4700,ml_stage1_seed_44_game_5,44,5,1,night,seer_check,4,village,seer,3,1,0,information_gain_proxy,9,train,seed_44_game_5,1,1,0,1,0,0,0,1,10,0,0,0.3,0,0,0.0,0.3,0,0,0,0,0,1,0,0,0.0,0.3,0,0,0,0,0,0,0,0,0,0,0.5,0,0,0.0,3,0,1,1,0.2,0,0,0,0,0,0.3,1.425,werewolf,1,0,1,1,wolf,0,5,0.8,0.17888543819998315,1.0,0.5,2,8,0.4,observation_safe_surrogate
99f7bb235c7d20e926fa57d80ce9b1de9a84ef27e61e7d1de2a16c936079433c,a8e9c09e1c2dae18093405cdcb931c8646d5d3a6da1cb9e097f89f954218fc4d,ml_stage1_seed_44_game_5,44,5,2,night,seer_check,4,village,seer,1,1,1,information_gain_proxy,1,train,seed_44_game_5,2,1,0,1,0,0,0,1,9,1,1,0.31377499999999997,0,1,0.0,0.3,0,0,1,1,0,1,0,0,0.034999999999999996,0.314,1,1,0,0,1,0,1,0,0,0,0.5,0,1,1.0,1,1,1,3,0.4,0,0,0,0,0,0.314,1.41275,villager,0,0,0,0,wolf,0,5,0.4,0.21908902300206645,0.0,0.714,3,6,0.6,observation_safe_surrogate
99f7bb235c7d20e926fa57d80ce9b1de9a84ef27e61e7d1de2a16c936079433c,a8e9c09e1c2dae18093405cdcb931c8646d5d3a6da1cb9e097f89f954218fc4d,ml_stage1_seed_44_game_5,44,5,2,night,seer_check,4,village,seer,2,1,0,information_gain_proxy,1,train,seed_44_game_5,2,1,0,1,0,0,0,1,9,1,1,0.31377499999999997,0,1,0.0,0.3,0,0,1,1,0,1,0,0,0.06999999999999999,0.6000000000000001,2,0,0,4,1,0,1,0,0,0,0.5,0,0,3.0,2,0,1,2,0.6,0,0,0,0,0,0.3999999999999999,1.3325,hunter,0,1,0,0,wolf,0,5,0.8,0.17888543819998315,0.0,0.9999999999999998,2,6,0.6,observation_safe_surrogate
99f7bb235c7d20e926fa57d80ce9b1de9a84ef27e61e7d1de2a16c936079433c,a8e9c09e1c2dae18093405cdcb931c8646d5d3a6da1cb9e097f89f954218fc4d,ml_stage1_seed_44_game_5,44,5,2,night,seer_check,4,village,seer,7,1,0,information_gain_proxy,1,train,seed_44_game_5,2,1,0,1,0,0,0,1,9,1,1,0.31377499999999997,0,1,0.0,0.3,0,0,1,1,0,1,0,0,0.041999999999999996,0.424,1,0,0,1,1,0,1,1,0,0,0.5,0,0,1.5,7,0,0,3,0.4,0,0,0,0,0,0.424,1.3835000000000002,villager,0,0,0,0,wolf,0,5,0.4,0.21908902300206645,0.0,0.8240000000000001,3,6,0.6,observation_safe_surrogate
99f7bb235c7d20e926fa57d80ce9b1de9a84ef27e61e7d1de2a16c936079433c,a8e9c09e1c2dae18093405cdcb931c8646d5d3a6da1cb9e097f89f954218fc4d,ml_stage1_seed_44_game_5,44,5,2,night,seer_check,4,village,seer,6,1,0,information_gain_proxy,1,train,seed_44_game_5,2,1,0,1,0,0,0,1,9,1,1,0.31377499999999997,0,1,0.0,0.3,0,0,1,1,0,1,0,0,0.00375,0.30374999999999996,0,1,0,0,1,0,1,0,0,0,0.48,0,0,1.0,6,1,0,2,0.6,0,0,0,0,0,0.30374999999999996,1.423125,werewolf,1,0,1,1,wolf,0,5,1.0,0.0,1.0,0.9037499999999999,1,6,0.6,observation_safe_surrogate
99f7bb235c7d20e926fa57d80ce9b1de9a84ef27e61e7d1de2a16c936079433c,a8e9c09e1c2dae18093405cdcb931c8646d5d3a6da1cb9e097f89f954218fc4d,ml_stage1_seed_44_game_5,44,5,2,night,seer_check,4,village,seer,10,1,0,information_gain_proxy,1,train,seed_44_game_5,2,1,0,1,0,0,0,1,9,1,1,0.31377499999999997,0,1,0.0,0.3,0,0,1,1,0,1,0,0,0.0,0.3,0,0,0,0,1,0,1,0,0,0,0.5,0,0,1.0,10,1,0,4,0.2,0,0,0,0,0,0.3,1.425,villager,0,0,0,0,wolf,0,5,0.2,0.1788854381999832,0.0,0.5,5,6,0.6,observation_safe_surrogate
99f7bb235c7d20e926fa57d80ce9b1de9a84ef27e61e7d1de2a16c936079433c,a8e9c09e1c2dae18093405cdcb931c8646d5d3a6da1cb9e097f89f954218fc4d,ml_stage1_seed_44_game_5,44,5,2,night,seer_check,4,village,seer,5,1,0,information_gain_proxy,1,train,seed_44_game_5,2,1,0,1,0,0,0,1,9,1,1,0.31377499999999997,0,1,0.0,0.3,0,0,1,1,0,1,0,0,0.0,0.3,0,1,0,0,1,0,1,0,0,0,0.5,0,0,1.0,5,1,1,1,0.8,0,0,0,0,0,0.3,1.425,villager,0,0,0,0,wolf,0,5,0.2,0.1788854381999832,0.0,1.1,5,6,0.6,observation_safe_surrogate
7ce6799a5376952967fb3faaad1543645a872c90baceac5c07658f31f31004a8,71894eed33c9a74b208ad51491f9514688c14ea8a59f43eb019eee0837f73a20,ml_stage1_seed_44_game_6,44,6,1,night,seer_check,8,village,seer,3,1,1,information_gain_proxy,3,train,seed_44_game_6,1,1,0,1,0,0,0,1,10,0,0,0.3,0,0,0.0,0.3,0,0,0,0,0,1,0,0,0.0,0.3,0,0,0,0,0,0,0,0,0,0,0.5,0,0,0.0,3,0,1,5,1.0,0,0,0,0,0,0.3,1.425,werewolf,1,0,1,1,wolf,0,5,1.0,0.0,1.0,1.3,1,1,0.0,observation_safe_surrogate
7ce6799a5376952967fb3faaad1543645a872c90baceac5c07658f31f31004a8,71894eed33c9a74b208ad51491f9514688c14ea8a59f43eb019eee0837f73a20,ml_stage1_seed_44_game_6,44,6,1,night,seer_check,8,village,seer,1,1,0,information_gain_proxy,3,train,seed_44_game_6,1,1,0,1,0,0,0,1,10,0,0,0.3,0,0,0.0,0.3,0,0,0,0,0,1,0,0,0.0,0.3,0,0,0,0,0,0,0,0,0,0,0.5,0,0,0.0,1,1,1,3,0.6,0,0,0,0,0,0.3,1.425,werewolf,1,0,1,1,wolf,0,5,1.0,0.0,1.0,0.9,1,1,0.0,observation_safe_surrogate
7ce6799a5376952967fb3faaad1543645a872c90baceac5c07658f31f31004a8,71894eed33c9a74b208ad51491f9514688c14ea8a59f43eb019eee0837f73a20,ml_stage1_seed_44_game_6,44,6,1,night,seer_check,8,village,seer,5,1,0,information_gain_proxy,3,train,seed_44_game_6,1,1,0,1,0,0,0,1,10,0,0,0.3,0,0,0.0,0.3,0,0,0,0,0,1,0,0,0.0,0.3,0,0,0,0,0,0,0,0,0,0,0.5,0,0,0.0,5,1,1,3,0.6,0,0,0,0,0,0.3,1.425,witch,0,1,0,0,wolf,0,5,0.6,0.21908902300206645,0.0,0.9,5,1,0.0,observation_safe_surrogate
7ce6799a5376952967fb3faaad1543645a872c90baceac5c07658f31f31004a8,71894eed33c9a74b208ad51491f9514688c14ea8a59f43eb019eee0837f73a20,ml_stage1_seed_44_game_6,44,6,1,night,seer_check,8,village,seer,7,1,0,information_gain_proxy,3,train,seed_44_game_6,1,1,0,1,0,0,0,1,10,0,0,0.3,0,0,0.0,0.3,0,0,0,0,0,1,0,0,0.0,0.3,0,0,0,0,0,0,0,0,0,0,0.5,0,0,0.0,7,0,0,1,0.2,0,0,0,0,0,0.3,1.425,villager,0,0,0,0,wolf,0,5,1.0,0.0,0.0,0.5,1,1,0.0,observation_safe_surrogate
7ce6799a5376952967fb3faaad1543645a872c90baceac5c07658f31f31004a8,71894eed33c9a74b208ad51491f9514688c14ea8a59f43eb019eee0837f73a20,ml_stage1_seed_44_game_6,44,6,1,night,seer_check,8,village,seer,10,1,0,information_gain_proxy,3,train,seed_44_game_6,1,1,0,1,0,0,0,1,10,0,0,0.3,0,0,0.0,0.3,0,0,0,0,0,1,0,0,0.0,0.3,0,0,0,0,0,0,0,0,0,0,0.5,0,0,0.0,10,1,0,2,0.4,0,0,0,0,0,0.3,1.425,hunter,0,1,0,0,wolf,0,5,0.6,0.21908902300206645,0.0,0.7,5,1,0.0,observation_safe_surrogate
7ce6799a5376952967fb3faaad1543645a872c90baceac5c07658f31f31004a8,71894eed33c9a74b208ad51491f9514688c14ea8a59f43eb019eee0837f73a20,ml_stage1_seed_44_game_6,44,6,1,night,seer_check,8,village,seer,9,1,0,information_gain_proxy,3,train,seed_44_game_6,1,1,0,1,0,0,0,1,10,0,0,0.3,0,0,0.0,0.3,0,0,0,0,0,1,0,0,0.0,0.3,0,0,0,0,0,0,0,0,0,0,0.5,0,0,0.0,9,0,0,1,0.2,0,0,0,0,0,0.3,1.425,werewolf,1,0,1,1,wolf,0,5,0.8,0.17888543819998315,1.0,0.5,4,1,0.0,observation_safe_surrogate
7e8e4741c0b215f5d9691367bb3bb1c4b50be1c3cf61c594f79d9773a278bc0f,9fda564b576a6887ce69c3ea07962f83753d4d7508fe2761bc801fba4f2d9315,ml_stage1_seed_44_game_6,44,6,2,night,seer_check,8,village,seer,6,1,1,information_gain_proxy,6,train,seed_44_game_6,2,1,0,1,0,0,0,1,9,1,1,0.29247499999999993,0,1,0.034999999999999996,0.41,0,0,1,1,0,1,0,0,0.013999999999999999,0.328,1,0,0,0,1,0,1,1,0,0,0.5,0,0,1.0,6,1,0,2,0.6,0,0,0,0,0,0.328,1.4144999999999999,villager,0,0,0,0,wolf,0,5,0.4,0.21908902300206645,0.0,0.9279999999999999,5,1,0.4,observation_safe_surrogate
7e8e4741c0b215f5d9691367bb3bb1c4b50be1c3cf61c594f79d9773a278bc0f,9fda564b576a6887ce69c3ea07962f83753d4d7508fe2761bc801fba4f2d9315,ml_stage1_seed_44_game_6,44,6,2,night,seer_check,8,village,seer,2,1,0,information_gain_proxy,6,train,seed_44_game_6,2,1,0,1,0,0,0,1,9,1,1,0.29247499999999993,0,1,0.034999999999999996,0.41,0,0,1,1,0,1,0,0,0.034999999999999996,0.37,1,0,0,0,1,0,1,0,0,0,0.5,0,0,1.0,2,0,1,4,0.2,0,0,0,0,0,0.37,1.39875,villager,0,0,0,0,wolf,0,5,0.8,0.17888543819998315,0.0,0.5700000000000001,1,1,0.4,observation_safe_surrogate
7e8e4741c0b215f5d9691367bb3bb1c4b50be1c3cf61c594f79d9773a278bc0f,9fda564b576a6887ce69c3ea07962f83753d4d7508fe2761bc801fba4f2d9315,ml_stage1_seed_44_game_6,44,6,2,night,seer_check,8,village,seer,1,1,0,information_gain_proxy,6,train,seed_44_game_6,2,1,0,1,0,0,0,1,9,1,1,0.29247499999999993,0,1,0.034999999999999996,0.41,0,0,1,1,0,1,0,0,0.034999999999999996,0.31775,1,1,0,0,1,0,1,0,0,0,0.48,0,0,1.0,1,1,1,3,0.4,0,0,0,0,0,0.31775,1.4118125,werewolf,1,0,1,1,wolf,0,5,0.8,0.17888543819998315,1.0,0.71775,1,1,0.4,observation_safe_surrogate
7e8e4741c0b215f5d9691367bb3bb1c4b50be1c3cf61c594f79d9773a278bc0f,9fda564b576a6887ce69c3ea07962f83753d4d7508fe2761bc801fba4f2d9315,ml_stage1_seed_44_game_6,44,6,2,night,seer_check,8,village,seer,9,1,0,information_gain_proxy,6,train,seed_44_game_6,2,1,0,1,0,0,0,1,9,1,1,0.29247499999999993,0,1,0.034999999999999996,0.41,0,0,1,1,0,1,0,0,0.00375,0.30374999999999996,0,1,0,0,1,0,1,0,0,0,0.48,1,0,1.0,9,0,0,1,0.8,1,0,0,0,0,0.30374999999999996,1.423125,werewolf,1,0,1,1,wolf,0,5,0.8,0.17888543819998315,1.0,1.10375,1,1,0.4,observation_safe_surrogate
7e8e4741c0b215f5d9691367bb3bb1c4b50be1c3cf61c594f79d9773a278bc0f,9fda564b576a6887ce69c3ea07962f83753d4d7508fe2761bc801fba4f2d9315,ml_stage1_seed_44_game_6,44,6,2,night,seer_check,8,village,seer,5,1,0,information_gain_proxy,6,train,seed_44_game_6,2,1,0,1,0,0,0,1,9,1,1,0.29247499999999993,0,1,0.034999999999999996,0.41,0,0,1,1,0,1,0,0,0.0,0.3,0,1,0,0,1,0,1,0,0,0,0.5,0,0,1.0,5,1,1,3,0.4,0,0,0,0,0,0.3,1.425,witch,0,1,0,0,wolf,0,5,0.4,0.21908902300206645,0.0,0.7,5,1,0.4,observation_safe_surrogate
7e8e4741c0b215f5d9691367bb3bb1c4b50be1c3cf61c594f79d9773a278bc0f,9fda564b576a6887ce69c3ea07962f83753d4d7508fe2761bc801fba4f2d9315,ml_stage1_seed_44_game_6,44,6,2,night,seer_check,8,village,seer,10,1,0,information_gain_proxy,6,train,seed_44_game_6,2,1,0,1,0,0,0,1,9,1,1,0.29247499999999993,0,1,0.034999999999999996,0.41,0,0,1,1,0,1,0,0,0.0,0.244,0,0,0,0,1,0,1,0,0,0,0.5,0,1,1.0,10,1,0,2,0.6,0,0,0,0,0,0.244,1.439,hunter,0,1,0,0,wolf,0,5,0.6,0.21908902300206645,0.0,0.844,4,1,0.4,observation_safe_surrogate
68b78f4b34f5cf9da93c16ea9a22be6a7982b7d7424e454f16444142e4ed535f,b336e30145e940d3ed1ed19645a85b9ef1cce141571fae18dc26d8374e25ee6b,ml_stage1_seed_44_game_7,44,7,1,night,seer_check,7,village,seer,2,1,1,information_gain_proxy,2,train,seed_44_game_7,1,1,0,1,0,0,0,1,10,0,0,0.3,0,0,0.0,0.3,0,0,0,0,0,1,0,0,0.0,0.3,0,0,0,0,0,0,0,0,0,0,0.5,0,0,0.0,2,0,1,5,1.0,0,0,0,0,0,0.3,1.425,hunter,0,1,0,0,wolf,0,5,0.0,0.0,0.0,1.3,6,6,1.0,observation_safe_surrogate
68b78f4b34f5cf9da93c16ea9a22be6a7982b7d7424e454f16444142e4ed535f,b336e30145e940d3ed1ed19645a85b9ef1cce141571fae18dc26d8374e25ee6b,ml_stage1_seed_44_game_7,44,7,1,night,seer_check,7,village,seer,1,1,0,information_gain_proxy,2,train,seed_44_game_7,1,1,0,1,0,0,0,1,10,0,0,0.3,0,0,0.0,0.3,0,0,0,0,0,1,0,0,0.0,0.3,0,0,0,0,0,0,0,0,0,0,0.5,0,0,0.0,1,1,1,4,0.8,0,0,0,0,0,0.3,1.425,villager,0,0,0,0,wolf,0,5,0.4,0.21908902300206645,0.0,1.1,5,6,1.0,observation_safe_surrogate
68b78f4b34f5cf9da93c16ea9a22be6a7982b7d7424e454f16444142e4ed535f,b336e30145e940d3ed1ed19645a85b9ef1cce141571fae18dc26d8374e25ee6b,ml_stage1_seed_44_game_7,44,7,1,night,seer_check,7,village,seer,10,1,0,information_gain_proxy,2,train,seed_44_game_7,1,1,0,1,0,0,0,1,10,0,0,0.3,0,0,0.0,0.3,0,0,0,0,0,1,0,0,0.0,0.3,0,0,0,0,0,0,0,0,0,0,0.5,0,0,0.0,10,1,0,3,0.6,0,0,0,0,0,0.3,1.425,werewolf,1,0,1,1,wolf,0,5,0.8,0.17888543819998315,1.0,0.9,2,6,1.0,observation_safe_surrogate
68b78f4b34f5cf9da93c16ea9a22be6a7982b7d7424e454f16444142e4ed535f,b336e30145e940d3ed1ed19645a85b9ef1cce141571fae18dc26d8374e25ee6b,ml_stage1_seed_44_game_7,44,7,1,night,seer_check,7,village,seer,8,1,0,information_gain_proxy,2,train,seed_44_game_7,1,1,0,1,0,0,0,1,10,0,0,0.3,0,0,0.0,0.3,0,0,0,0,0,1,0,0,0.0,0.3,0,0,0,0,0,0,0,0,0,0,0.5,0,0,0.0,8,0,0,1,0.2,0,0,0,0,0,0.3,1.425,villager,0,0,0,0,wolf,0,5,0.6,0.21908902300206645,0.0,0.5,4,6,1.0,observation_safe_surrogate
68b78f4b34f5cf9da93c16ea9a22be6a7982b7d7424e454f16444142e4ed535f,b336e30145e940d3ed1ed19645a85b9ef1cce141571fae18dc26d8374e25ee6b,ml_stage1_seed_44_game_7,44,7,1,night,seer_check,7,village,seer,6,1,0,information_gain_proxy,2,train,seed_44_game_7,1,1,0,1,0,0,0,1,10,0,0,0.3,0,0,0.0,0.3,0,0,0,0,0,1,0,0,0.0,0.3,0,0,0,0,0,0,0,0,0,0,0.5,0,0,0.0,6,1,0,1,0.2,0,0,0,0,0,0.3,1.425,werewolf,1,0,1,1,wolf,0,5,1.0,0.0,1.0,0.5,1,6,1.0,observation_safe_surrogate
68b78f4b34f5cf9da93c16ea9a22be6a7982b7d7424e454f16444142e4ed535f,b336e30145e940d3ed1ed19645a85b9ef1cce141571fae18dc26d8374e25ee6b,ml_stage1_seed_44_game_7,44,7,1,night,seer_check,7,village,seer,3,1,0,information_gain_proxy,2,train,seed_44_game_7,1,1,0,1,0,0,0,1,10,0,0,0.3,0,0,0.0,0.3,0,0,0,0,0,1,0,0,0.0,0.3,0,0,0,0,0,0,0,0,0,0,0.5,0,0,0.0,3,0,1,4,0.8,0,0,0,0,0,0.3,1.425,werewolf,1,0,1,1,wolf,0,5,0.8,0.17888543819998315,1.0,1.1,2,6,1.0,observation_safe_surrogate
88c062bc47e97ef2178a9372740656b48bf53db5dca9fd22d9ed2fd80cb3ea0b,436b126af086e53905e872405a6a1d7ae7c2f89ac7fbfdd9b42e848d5adb0356,ml_stage1_seed_44_game_8,44,8,1,night,seer_check,3,village,seer,8,1,1,information_gain_proxy,8,train,seed_44_game_8,1,1,0,1,0,0,0,1,10,0,0,0.3,0,0,0.0,0.3,0,0,0,0,0,1,0,0,0.0,0.3,0,0,0,0,0,0,0,0,0,0,0.5,0,0,0.0,8,0,0,5,1.0,0,0,0,0,0,0.3,1.425,werewolf,1,0,1,1,wolf,0,5,1.0,0.0,1.0,1.3,1,8,0.0,observation_safe_surrogate
88c062bc47e97ef2178a9372740656b48bf53db5dca9fd22d9ed2fd80cb3ea0b,436b126af086e53905e872405a6a1d7ae7c2f89ac7fbfdd9b42e848d5adb0356,ml_stage1_seed_44_game_8,44,8,1,night,seer_check,3,village,seer,1,1,0,information_gain_proxy,8,train,seed_44_game_8,1,1,0,1,0,0,0,1,10,0,0,0.3,0,0,0.0,0.3,0,0,0,0,0,1,0,0,0.0,0.3,0,0,0,0,0,0,0,0,0,0,0.5,0,0,0.0,1,1,1,2,0.4,0,0,0,0,0,0.3,1.425,villager,0,0,0,0,wolf,0,5,0.2,0.1788854381999832,0.0,0.7,6,8,0.0,observation_safe_surrogate
88c062bc47e97ef2178a9372740656b48bf53db5dca9fd22d9ed2fd80cb3ea0b,436b126af086e53905e872405a6a1d7ae7c2f89ac7fbfdd9b42e848d5adb0356,ml_stage1_seed_44_game_8,44,8,1,night,seer_check,3,village,seer,2,1,0,information_gain_proxy,8,train,seed_44_game_8,1,1,0,1,0,0,0,1,10,0,0,0.3,0,0,0.0,0.3,0,0,0,0,0,1,0,0,0.0,0.3,0,0,0,0,0,0,0,0,0,0,0.5,0,0,0.0,2,0,1,1,0.2,0,0,0,0,0,0.3,1.425,villager,0,0,0,0,wolf,0,5,0.6,0.21908902300206645,0.0,0.5,4,8,0.0,observation_safe_surrogate
88c062bc47e97ef2178a9372740656b48bf53db5dca9fd22d9ed2fd80cb3ea0b,436b126af086e53905e872405a6a1d7ae7c2f89ac7fbfdd9b42e848d5adb0356,ml_stage1_seed_44_game_8,44,8,1,night,seer_check,3,village,seer,9,1,0,information_gain_proxy,8,train,seed_44_game_8,1,1,0,1,0,0,0,1,10,0,0,0.3,0,0,0.0,0.3,0,0,0,0,0,1,0,0,0.0,0.3,0,0,0,0,0,0,0,0,0,0,0.5,0,0,0.0,9,0,0,4,0.8,0,0,0,0,0,0.3,1.425,werewolf,1,0,1,1,wolf,0,5,0.8,0.17888543819998315,1.0,1.1,2,8,0.0,observation_safe_surrogate
88c062bc47e97ef2178a9372740656b48bf53db5dca9fd22d9ed2fd80cb3ea0b,436b126af086e53905e872405a6a1d7ae7c2f89ac7fbfdd9b42e848d5adb0356,ml_stage1_seed_44_game_8,44,8,1,night,seer_check,3,village,seer,10,1,0,information_gain_proxy,8,train,seed_44_game_8,1,1,0,1,0,0,0,1,10,0,0,0.3,0,0,0.0,0.3,0,0,0,0,0,1,0,0,0.0,0.3,0,0,0,0,0,0,0,0,0,0,0.5,0,0,0.0,10,1,0,3,0.6,0,0,0,0,0,0.3,1.425,werewolf,1,0,1,1,wolf,0,5,0.8,0.17888543819998315,1.0,0.9,2,8,0.0,observation_safe_surrogate
88c062bc47e97ef2178a9372740656b48bf53db5dca9fd22d9ed2fd80cb3ea0b,436b126af086e53905e872405a6a1d7ae7c2f89ac7fbfdd9b42e848d5adb0356,ml_stage1_seed_44_game_8,44,8,1,night,seer_check,3,village,seer,6,1,0,information_gain_proxy,8,train,seed_44_game_8,1,1,0,1,0,0,0,1,10,0,0,0.3,0,0,0.0,0.3,0,0,0,0,0,1,0,0,0.0,0.3,0,0,0,0,0,0,0,0,0,0,0.5,0,0,0.0,6,1,0,3,0.6,0,0,0,0,0,0.3,1.425,villager,0,0,0,0,wolf,0,5,0.4,0.21908902300206645,0.0,0.9,5,8,0.0,observation_safe_surrogate
20a8007a982b1de3f682dae73adf1851c4834c5cf48c7043c953c87bbb674888,2b3fb694d177eef83000440bb7def7af70d015da86fa25ef1c0f49034c2d8b3c,ml_stage1_seed_44_game_8,44,8,2,night,seer_check,3,village,seer,1,1,1,information_gain_proxy,1,train,seed_44_game_8,2,1,0,1,0,0,0,1,9,1,1,0.3167749999999999,0,1,0.041999999999999996,0.38399999999999995,0,0,1,1,0,1,0,0,0.06999999999999999,0.384,2,1,0,0,1,0,1,0,0,0,0.5,1,0,1.0,1,1,1,2,0.6,1,0,0,0,0,0.384,1.3864999999999998,villager,0,0,0,0,wolf,0,5,0.4,0.21908902300206645,0.0,0.984,4,5,0.4,observation_safe_surrogate
20a8007a982b1de3f682dae73adf1851c4834c5cf48c7043c953c87bbb674888,2b3fb694d177eef83000440bb7def7af70d015da86fa25ef1c0f49034c2d8b3c,ml_stage1_seed_44_game_8,44,8,2,night,seer_check,3,village,seer,6,1,0,information_gain_proxy,1,train,seed_44_game_8,2,1,0,1,0,0,0,1,9,1,1,0.3167749999999999,0,1,0.041999999999999996,0.38399999999999995,0,0,1,1,0,1,0,0,0.08399999999999999,0.508,3,0,0,1,1,0,1,1,0,0,0.5,1,0,1.5,6,1,0,3,0.4,1,0,0,0,0,0.492,1.352,villager,0,0,0,0,wolf,0,5,0.8,0.17888543819998315,0.0,0.892,1,5,0.4,observation_safe_surrogate
20a8007a982b1de3f682dae73adf1851c4834c5cf48c7043c953c87bbb674888,2b3fb694d177eef83000440bb7def7af70d015da86fa25ef1c0f49034c2d8b3c,ml_stage1_seed_44_game_8,44,8,2,night,seer_check,3,village,seer,4,1,0,information_gain_proxy,1,train,seed_44_game_8,2,1,0,1,0,0,0,1,9,1,1,0.3167749999999999,0,1,0.041999999999999996,0.38399999999999995,0,0,1,1,0,1,0,0,0.0,0.3,0,0,0,0,1,0,1,0,0,0,0.5,0,0,1.0,4,0,1,1,0.8,0,0,0,0,0,0.3,1.425,hunter,0,1,0,0,wolf,0,5,0.6,0.21908902300206645,0.0,1.1,3,5,0.4,observation_safe_surrogate
20a8007a982b1de3f682dae73adf1851c4834c5cf48c7043c953c87bbb674888,2b3fb694d177eef83000440bb7def7af70d015da86fa25ef1c0f49034c2d8b3c,ml_stage1_seed_44_game_8,44,8,2,night,seer_check,3,village,seer,9,1,0,information_gain_proxy,1,train,seed_44_game_8,2,1,0,1,0,0,0,1,9,1,1,0.3167749999999999,0,1,0.041999999999999996,0.38399999999999995,0,0,1,1,0,1,0,0,0.00375,0.30374999999999996,0,1,0,0,1,0,1,0,0,0,0.48,0,0,1.0,9,0,0,4,0.2,0,0,0,0,0,0.30374999999999996,1.423125,werewolf,1,0,1,1,wolf,0,5,0.4,0.21908902300206645,1.0,0.5037499999999999,4,5,0.4,observation_safe_surrogate
20a8007a982b1de3f682dae73adf1851c4834c5cf48c7043c953c87bbb674888,2b3fb694d177eef83000440bb7def7af70d015da86fa25ef1c0f49034c2d8b3c,ml_stage1_seed_44_game_8,44,8,2,night,seer_check,3,village,seer,7,1,0,information_gain_proxy,1,train,seed_44_game_8,2,1,0,1,0,0,0,1,9,1,1,0.3167749999999999,0,1,0.041999999999999996,0.38399999999999995,0,0,1,1,0,1,0,0,0.006999999999999999,0.314,0,0,0,0,1,0,1,1,0,0,0.5,0,0,1.0,7,0,0,4,0.2,0,0,0,0,0,0.314,1.41975,villager,0,0,0,0,wolf,0,5,0.4,0.21908902300206645,0.0,0.514,4,5,0.4,observation_safe_surrogate
20a8007a982b1de3f682dae73adf1851c4834c5cf48c7043c953c87bbb674888,2b3fb694d177eef83000440bb7def7af70d015da86fa25ef1c0f49034c2d8b3c,ml_stage1_seed_44_game_8,44,8,2,night,seer_check,3,village,seer,5,1,0,information_gain_proxy,1,train,seed_44_game_8,2,1,0,1,0,0,0,1,9,1,1,0.3167749999999999,0,1,0.041999999999999996,0.38399999999999995,0,0,1,1,0,1,0,0,0.0,0.3,0,1,0,0,1,0,1,0,0,0,0.5,0,0,1.0,5,1,1,2,0.6,0,0,0,0,0,0.3,1.425,witch,0,1,0,0,wolf,0,5,0.8,0.17888543819998315,0.0,0.9,1,5,0.4,observation_safe_surrogate
d86de7e98d9cece29ad132ae2fc989c1541f09810928d57783404146d6c014ba,1f97358b717a84f363e63b4daaaf56475e30d9feee59281931048cb21c9f3cab,ml_stage1_seed_44_game_9,44,9,1,night,seer_check,3,village,seer,8,1,1,information_gain_proxy,8,train,seed_44_game_9,1,1,0,1,0,0,0,1,10,0,0,0.3,0,0,0.0,0.3,0,0,0,0,0,1,0,0,0.0,0.3,0,0,0,0,0,0,0,0,0,0,0.5,0,0,0.0,8,0,0,5,1.0,0,0,0,0,0,0.3,1.425,villager,0,0,0,0,village,1,5,0.4,0.21908902300206645,0.0,1.3,5,2,0.4,observation_safe_surrogate
d86de7e98d9cece29ad132ae2fc989c1541f09810928d57783404146d6c014ba,1f97358b717a84f363e63b4daaaf56475e30d9feee59281931048cb21c9f3cab,ml_stage1_seed_44_game_9,44,9,1,night,seer_check,3,village,seer,1,1,0,information_gain_proxy,8,train,seed_44_game_9,1,1,0,1,0,0,0,1,10,0,0,0.3,0,0,0.0,0.3,0,0,0,0,0,1,0,0,0.0,0.3,0,0,0,0,0,0,0,0,0,0,0.5,0,0,0.0,1,1,1,2,0.4,0,0,0,0,0,0.3,1.425,villager,0,0,0,0,village,1,5,0.2,0.1788854381999832,0.0,0.7,6,2,0.4,observation_safe_surrogate
d86de7e98d9cece29ad132ae2fc989c1541f09810928d57783404146d6c014ba,1f97358b717a84f363e63b4daaaf56475e30d9feee59281931048cb21c9f3cab,ml_stage1_seed_44_game_9,44,9,1,night,seer_check,3,village,seer,2,1,0,information_gain_proxy,8,train,seed_44_game_9,1,1,0,1,0,0,0,1,10,0,0,0.3,0,0,0.0,0.3,0,0,0,0,0,1,0,0,0.0,0.3,0,0,0,0,0,0,0,0,0,0,0.5,0,0,0.0,2,0,1,1,0.2,0,0,0,0,0,0.3,1.425,werewolf,1,0,1,1,village,1,5,0.8,0.17888543819998315,1.0,0.5,1,2,0.4,observation_safe_surrogate
d86de7e98d9cece29ad132ae2fc989c1541f09810928d57783404146d6c014ba,1f97358b717a84f363e63b4daaaf56475e30d9feee59281931048cb21c9f3cab,ml_stage1_seed_44_game_9,44,9,1,night,seer_check,3,village,seer,7,1,0,information_gain_proxy,8,train,seed_44_game_9,1,1,0,1,0,0,0,1,10,0,0,0.3,0,0,0.0,0.3,0,0,0,0,0,1,0,0,0.0,0.3,0,0,0,0,0,0,0,0,0,0,0.5,0,0,0.0,7,0,0,4,0.8,0,0,0,0,0,0.3,1.425,witch,0,1,0,0,village,1,5,0.6,0.21908902300206645,0.0,1.1,3,2,0.4,observation_safe_surrogate
d86de7e98d9cece29ad132ae2fc989c1541f09810928d57783404146d6c014ba,1f97358b717a84f363e63b4daaaf56475e30d9feee59281931048cb21c9f3cab,ml_stage1_seed_44_game_9,44,9,1,night,seer_check,3,village,seer,10,1,0,information_gain_proxy,8,train,seed_44_game_9,1,1,0,1,0,0,0,1,10,0,0,0.3,0,0,0.0,0.3,0,0,0,0,0,1,0,0,0.0,0.3,0,0,0,0,0,0,0,0,0,0,0.5,0,0,0.0,10,1,0,3,0.6,0,0,0,0,0,0.3,1.425,werewolf,1,0,1,1,village,1,5,0.6,0.21908902300206645,1.0,0.9,3,2,0.4,observation_safe_surrogate
d86de7e98d9cece29ad132ae2fc989c1541f09810928d57783404146d6c014ba,1f97358b717a84f363e63b4daaaf56475e30d9feee59281931048cb21c9f3cab,ml_stage1_seed_44_game_9,44,9,1,night,seer_check,3,village,seer,9,1,0,information_gain_proxy,8,train,seed_44_game_9,1,1,0,1,0,0,0,1,10,0,0,0.3,0,0,0.0,0.3,0,0,0,0,0,1,0,0,0.0,0.3,0,0,0,0,0,0,0,0,0,0,0.5,0,0,0.0,9,0,0,4,0.8,0,0,0,0,0,0.3,1.425,werewolf,1,0,1,1,village,1,5,0.8,0.17888543819998315,1.0,1.1,1,2,0.4,observation_safe_surrogate
56ade18c348d253bde6ff8654ba6dc62dda0c583e70e0095186b6c86b4e511f9,dc5661608e3e6bfad4e639abe3dff720dd746a8f1047e475233729d63c210fa9,ml_stage1_seed_44_game_10,44,10,1,night,seer_check,5,village,seer,10,1,1,information_gain_proxy,10,train,seed_44_game_10,1,1,0,1,0,0,0,1,10,0,0,0.3,0,0,0.0,0.3,0,0,0,0,0,1,0,0,0.0,0.3,0,0,0,0,0,0,0,0,0,0,0.5,0,0,0.0,10,1,0,5,1.0,0,0,0,0,0,0.3,1.425,werewolf,1,0,1,1,wolf,0,5,1.0,0.0,1.0,1.3,1,10,0.0,observation_safe_surrogate
56ade18c348d253bde6ff8654ba6dc62dda0c583e70e0095186b6c86b4e511f9,dc5661608e3e6bfad4e639abe3dff720dd746a8f1047e475233729d63c210fa9,ml_stage1_seed_44_game_10,44,10,1,night,seer_check,5,village,seer,1,1,0,information_gain_proxy,10,train,seed_44_game_10,1,1,0,1,0,0,0,1,10,0,0,0.3,0,0,0.0,0.3,0,0,0,0,0,1,0,0,0.0,0.3,0,0,0,0,0,0,0,0,0,0,0.5,0,0,0.0,1,1,1,4,0.8,0,0,0,0,0,0.3,1.425,witch,0,1,0,0,wolf,0,5,0.2,0.1788854381999832,0.0,1.1,6,10,0.0,observation_safe_surrogate
56ade18c348d253bde6ff8654ba6dc62dda0c583e70e0095186b6c86b4e511f9,dc5661608e3e6bfad4e639abe3dff720dd746a8f1047e475233729d63c210fa9,ml_stage1_seed_44_game_10,44,10,1,night,seer_check,5,village,seer,8,1,0,information_gain_proxy,10,train,seed_44_game_10,1,1,0,1,0,0,0,1,10,0,0,0.3,0,0,0.0,0.3,0,0,0,0,0,1,0,0,0.0,0.3,0,0,0,0,0,0,0,0,0,0,0.5,0,0,0.0,8,0,0,3,0.6,0,0,0,0,0,0.3,1.425,werewolf,1,0,1,1,wolf,0,5,0.6,0.21908902300206645,1.0,0.9,3,10,0.0,observation_safe_surrogate
56ade18c348d253bde6ff8654ba6dc62dda0c583e70e0095186b6c86b4e511f9,dc5661608e3e6bfad4e639abe3dff720dd746a8f1047e475233729d63c210fa9,ml_stage1_seed_44_game_10,44,10,1,night,seer_check,5,village,seer,6,1,0,information_gain_proxy,10,train,seed_44_game_10,1,1,0,1,0,0,0,1,10,0,0,0.3,0,0,0.0,0.3,0,0,0,0,0,1,0,0,0.0,0.3,0,0,0,0,0,0,0,0,0,0,0.5,0,0,0.0,6,1,0,1,0.2,0,0,0,0,0,0.3,1.425,villager,0,0,0,0,wolf,0,5,0.6,0.21908902300206645,0.0,0.5,3,10,0.0,observation_safe_surrogate
56ade18c348d253bde6ff8654ba6dc62dda0c583e70e0095186b6c86b4e511f9,dc5661608e3e6bfad4e639abe3dff720dd746a8f1047e475233729d63c210fa9,ml_stage1_seed_44_game_10,44,10,1,night,seer_check,5,village,seer,9,1,0,information_gain_proxy,10,train,seed_44_game_10,1,1,0,1,0,0,0,1,10,0,0,0.3,0,0,0.0,0.3,0,0,0,0,0,1,0,0,0.0,0.3,0,0,0,0,0,0,0,0,0,0,0.5,0,0,0.0,9,0,0,4,0.8,0,0,0,0,0,0.3,1.425,werewolf,1,0,1,1,wolf,0,5,0.8,0.17888543819998315,1.0,1.1,2,10,0.0,observation_safe_surrogate
56ade18c348d253bde6ff8654ba6dc62dda0c583e70e0095186b6c86b4e511f9,dc5661608e3e6bfad4e639abe3dff720dd746a8f1047e475233729d63c210fa9,ml_stage1_seed_44_game_10,44,10,1,night,seer_check,5,village,seer,2,1,0,information_gain_proxy,10,train,seed_44_game_10,1,1,0,1,0,0,0,1,10,0,0,0.3,0,0,0.0,0.3,0,0,0,0,0,1,0,0,0.0,0.3,0,0,0,0,0,0,0,0,0,0,0.5,0,0,0.0,2,0,1,3,0.6,0,0,0,0,0,0.3,1.425,villager,0,0,0,0,wolf,0,5,0.6,0.21908902300206645,0.0,0.9,3,10,0.0,observation_safe_surrogate
da0945eb1d7a612f1344b0baec4756207efb87da0202a2b890d53ce7c1b0e509,3814715c8dfa022a11578a6cdbbcc4546177e73a6f2c3b1742b0250eb7908f4b,ml_stage1_seed_44_game_10,44,10,2,night,seer_check,5,village,seer,2,1,1,information_gain_proxy,2,train,seed_44_game_10,2,1,0,1,0,0,0,1,9,1,1,0.31837499999999996,0,1,0.06999999999999999,0.48,0,0,1,1,0,1,0,0,0.0,0.3,0,0,0,0,1,0,1,0,0,0,0.5,0,0,1.0,2,0,1,3,0.4,0,0,0,0,0,0.3,1.425,villager,0,0,0,0,wolf,0,5,0.4,0.21908902300206645,0.0,0.7,6,4,0.4,observation_safe_surrogate
da0945eb1d7a612f1344b0baec4756207efb87da0202a2b890d53ce7c1b0e509,3814715c8dfa022a11578a6cdbbcc4546177e73a6f2c3b1742b0250eb7908f4b,ml_stage1_seed_44_game_10,44,10,2,night,seer_check,5,village,seer,6,1,0,information_gain_proxy,2,train,seed_44_game_10,2,1,0,1,0,0,0,1,9,1,1,0.31837499999999996,0,1,0.06999999999999999,0.48,0,0,1,1,0,1,0,0,0.048999999999999995,0.398,2,0,0,0,1,0,1,1,0,0,0.5,0,0,1.0,6,1,0,1,0.8,0,0,0,0,0,0.398,1.38825,villager,0,0,0,0,wolf,0,5,0.6,0.21908902300206645,0.0,1.198,4,4,0.4,observation_safe_surrogate
da0945eb1d7a612f1344b0baec4756207efb87da0202a2b890d53ce7c1b0e509,3814715c8dfa022a11578a6cdbbcc4546177e73a6f2c3b1742b0250eb7908f4b,ml_stage1_seed_44_game_10,44,10,2,night,seer_check,5,village,seer,1,1,0,information_gain_proxy,2,train,seed_44_game_10,2,1,0,1,0,0,0,1,9,1,1,0.31837499999999996,0,1,0.06999999999999999,0.48,0,0,1,1,0,1,0,0,0.034999999999999996,0.314,1,1,0,0,1,0,1,0,0,0,0.5,1,0,1.0,1,1,1,4,0.2,1,0,0,0,0,0.314,1.41275,witch,0,1,0,0,wolf,0,5,0.6,0.21908902300206645,0.0,0.514,4,4,0.4,observation_safe_surrogate
da0945eb1d7a612f1344b0baec4756207efb87da0202a2b890d53ce7c1b0e509,3814715c8dfa022a11578a6cdbbcc4546177e73a6f2c3b1742b0250eb7908f4b,ml_stage1_seed_44_game_10,44,10,2,night,seer_check,5,village,seer,9,1,0,information_gain_proxy,2,train,seed_44_game_10,2,1,0,1,0,0,0,1,9,1,1,0.31837499999999996,0,1,0.06999999999999999,0.48,0,0,1,1,0,1,0,0,0.00375,0.30374999999999996,0,1,0,0,1,0,1,0,0,0,0.48,0,0,1.0,9,0,0,4,0.2,0,0,0,0,0,0.30374999999999996,1.423125,werewolf,1,0,1,1,wolf,0,5,0.8,0.17888543819998315,1.0,0.5037499999999999,1,4,0.4,observation_safe_surrogate
da0945eb1d7a612f1344b0baec4756207efb87da0202a2b890d53ce7c1b0e509,3814715c8dfa022a11578a6cdbbcc4546177e73a6f2c3b1742b0250eb7908f4b,ml_stage1_seed_44_game_10,44,10,2,night,seer_check,5,village,seer,4,1,0,information_gain_proxy,2,train,seed_44_game_10,2,1,0,1,0,0,0,1,9,1,1,0.31837499999999996,0,1,0.06999999999999999,0.48,0,0,1,1,0,1,0,0,0.0,0.3,0,0,0,0,1,0,1,0,0,0,0.5,0,0,1.0,4,0,1,1,0.8,0,0,0,0,0,0.3,1.425,villager,0,0,0,0,wolf,0,5,0.8,0.17888543819998315,0.0,1.1,1,4,0.4,observation_safe_surrogate
da0945eb1d7a612f1344b0baec4756207efb87da0202a2b890d53ce7c1b0e509,3814715c8dfa022a11578a6cdbbcc4546177e73a6f2c3b1742b0250eb7908f4b,ml_stage1_seed_44_game_10,44,10,2,night,seer_check,5,village,seer,8,1,0,information_gain_proxy,2,train,seed_44_game_10,2,1,0,1,0,0,0,1,9,1,1,0.31837499999999996,0,1,0.06999999999999999,0.48,0,0,1,1,0,1,0,0,0.00375,0.30374999999999996,0,1,0,0,1,0,1,0,0,0,0.48,1,0,1.0,8,0,0,3,0.4,1,0,0,0,0,0.30374999999999996,1.423125,werewolf,1,0,1,1,wolf,0,5,0.8,0.17888543819998315,1.0,0.70375,1,4,0.4,observation_safe_surrogate
8f4e7f4952247521a9ab39afb1051f61764a6a6e8291eed02fbeb937a90300ef,07e17f3d62f4f728547ddb0e1582767a291ef33c9f687424742478b3d6f3856a,ml_stage1_seed_44_game_11,44,11,1,night,seer_check,3,village,seer,8,1,1,information_gain_proxy,8,train,seed_44_game_11,1,1,0,1,0,0,0,1,10,0,0,0.3,0,0,0.0,0.3,0,0,0,0,0,1,0,0,0.0,0.3,0,0,0,0,0,0,0,0,0,0,0.5,0,0,0.0,8,0,0,5,1.0,0,0,0,0,0,0.3,1.425,witch,0,1,0,0,wolf,0,5,0.6,0.21908902300206645,0.0,1.3,3,10,0.20000000000000007,observation_safe_surrogate
8f4e7f4952247521a9ab39afb1051f61764a6a6e8291eed02fbeb937a90300ef,07e17f3d62f4f728547ddb0e1582767a291ef33c9f687424742478b3d6f3856a,ml_stage1_seed_44_game_11,44,11,1,night,seer_check,3,village,seer,1,1,0,information_gain_proxy,8,train,seed_44_game_11,1,1,0,1,0,0,0,1,10,0,0,0.3,0,0,0.0,0.3,0,0,0,0,0,1,0,0,0.0,0.3,0,0,0,0,0,0,0,0,0,0,0.5,0,0,0.0,1,1,1,2,0.4,0,0,0,0,0,0.3,1.425,villager,0,0,0,0,wolf,0,5,0.4,0.21908902300206645,0.0,0.7,5,10,0.20000000000000007,observation_safe_surrogate
8f4e7f4952247521a9ab39afb1051f61764a6a6e8291eed02fbeb937a90300ef,07e17f3d62f4f728547ddb0e1582767a291ef33c9f687424742478b3d6f3856a,ml_stage1_seed_44_game_11,44,11,1,night,seer_check,3,village,seer,4,1,0,information_gain_proxy,8,train,seed_44_game_11,1,1,0,1,0,0,0,1,10,0,0,0.3,0,0,0.0,0.3,0,0,0,0,0,1,0,0,0.0,0.3,0,0,0,0,0,0,0,0,0,0,0.5,0,0,0.0,4,0,1,1,0.2,0,0,0,0,0,0.3,1.425,villager,0,0,0,0,wolf,0,5,0.2,0.1788854381999832,0.0,0.5,6,10,0.20000000000000007,observation_safe_surrogate
8f4e7f4952247521a9ab39afb1051f61764a6a6e8291eed02fbeb937a90300ef,07e17f3d62f4f728547ddb0e1582767a291ef33c9f687424742478b3d6f3856a,ml_stage1_seed_44_game_11,44,11,1,night,seer_check,3,village,seer,9,1,0,information_gain_proxy,8,train,seed_44_game_11,1,1,0,1,0,0,0,1,10,0,0,0.3,0,0,0.0,0.3,0,0,0,0,0,1,0,0,0.0,0.3,0,0,0,0,0,0,0,0,0,0,0.5,0,0,0.0,9,0,0,4,0.8,0,0,0,0,0,0.3,1.425,villager,0,0,0,0,wolf,0,5,0.8,0.17888543819998315,0.0,1.1,1,10,0.20000000000000007,observation_safe_surrogate
8f4e7f4952247521a9ab39afb1051f61764a6a6e8291eed02fbeb937a90300ef,07e17f3d62f4f728547ddb0e1582767a291ef33c9f687424742478b3d6f3856a,ml_stage1_seed_44_game_11,44,11,1,night,seer_check,3,village,seer,5,1,0,information_gain_proxy,8,train,seed_44_game_11,1,1,0,1,0,0,0,1,10,0,0,0.3,0,0,0.0,0.3,0,0,0,0,0,1,0,0,0.0,0.3,0,0,0,0,0,0,0,0,0,0,0.5,0,0,0.0,5,1,1,2,0.4,0,0,0,0,0,0.3,1.425,werewolf,1,0,1,1,wolf,0,5,0.6,0.21908902300206645,1.0,0.7,3,10,0.20000000000000007,observation_safe_surrogate
8f4e7f4952247521a9ab39afb1051f61764a6a6e8291eed02fbeb937a90300ef,07e17f3d62f4f728547ddb0e1582767a291ef33c9f687424742478b3d6f3856a,ml_stage1_seed_44_game_11,44,11,1,night,seer_check,3,village,seer,10,1,0,information_gain_proxy,8,train,seed_44_game_11,1,1,0,1,0,0,0,1,10,0,0,0.3,0,0,0.0,0.3,0,0,0,0,0,1,0,0,0.0,0.3,0,0,0,0,0,0,0,0,0,0,0.5,0,0,0.0,10,1,0,3,0.6,0,0,0,0,0,0.3,1.425,werewolf,1,0,1,1,wolf,0,5,0.8,0.17888543819998315,1.0,0.9,1,10,0.20000000000000007,observation_safe_surrogate
eaafca6e93680611bc0e9c4dcd5baf5f337b908d455332182fb469e7425f77f4,7a188af8645a946be166e51aaaa90fbf448ce7a1feeca5b2d6a89c76fd9c5c19,ml_stage1_seed_44_game_12,44,12,1,night,seer_check,9,village,seer,4,1,1,information_gain_proxy,4,train,seed_44_game_12,1,1,0,1,0,0,0,1,10,0,0,0.3,0,0,0.0,0.3,0,0,0,0,0,1,0,0,0.0,0.3,0,0,0,0,0,0,0,0,0,0,0.5,0,0,0.0,4,0,1,5,1.0,0,0,0,0,0,0.3,1.425,villager,0,0,0,0,wolf,0,5,0.8,0.17888543819998315,0.0,1.3,2,6,0.19999999999999996,observation_safe_surrogate
eaafca6e93680611bc0e9c4dcd5baf5f337b908d455332182fb469e7425f77f4,7a188af8645a946be166e51aaaa90fbf448ce7a1feeca5b2d6a89c76fd9c5c19,ml_stage1_seed_44_game_12,44,12,1,night,seer_check,9,village,seer,1,1,0,information_gain_proxy,4,train,seed_44_game_12,1,1,0,1,0,0,0,1,10,0,0,0.3,0,0,0.0,0.3,0,0,0,0,0,1,0,0,0.0,0.3,0,0,0,0,0,0,0,0,0,0,0.5,0,0,0.0,1,1,1,2,0.4,0,0,0,0,0,0.3,1.425,villager,0,0,0,0,wolf,0,5,0.4,0.21908902300206645,0.0,0.7,4,6,0.19999999999999996,observation_safe_surrogate
eaafca6e93680611bc0e9c4dcd5baf5f337b908d455332182fb469e7425f77f4,7a188af8645a946be166e51aaaa90fbf448ce7a1feeca5b2d6a89c76fd9c5c19,ml_stage1_seed_44_game_12,44,12,1,night,seer_check,9,village,seer,7,1,0,information_gain_proxy,4,train,seed_44_game_12,1,1,0,1,0,0,0,1,10,0,0,0.3,0,0,0.0,0.3,0,0,0,0,0,1,0,0,0.0,0.3,0,0,0,0,0,0,0,0,0,0,0.5,0,0,0.0,7,0,0,2,0.4,0,0,0,0,0,0.3,1.425,hunter,0,1,0,0,wolf,0,5,0.4,0.21908902300206645,0.0,0.7,4,6,0.19999999999999996,observation_safe_surrogate
eaafca6e93680611bc0e9c4dcd5baf5f337b908d455332182fb469e7425f77f4,7a188af8645a946be166e51aaaa90fbf448ce7a1feeca5b2d6a89c76fd9c5c19,ml_stage1_seed_44_game_12,44,12,1,night,seer_check,9,village,seer,10,1,0,information_gain_proxy,4,train,seed_44_game_12,1,1,0,1,0,0,0,1,10,0,0,0.3,0,0,0.0,0.3,0,0,0,0,0,1,0,0,0.0,0.3,0,0,0,0,0,0,0,0,0,0,0.5,0,0,0.0,10,1,0,1,0.2,0,0,0,0,0,0.3,1.425,witch,0,1,0,0,wolf,0,5,0.2,0.1788854381999832,0.0,0.5,6,6,0.19999999999999996,observation_safe_surrogate
eaafca6e93680611bc0e9c4dcd5baf5f337b908d455332182fb469e7425f77f4,7a188af8645a946be166e51aaaa90fbf448ce7a1feeca5b2d6a89c76fd9c5c19,ml_stage1_seed_44_game_12,44,12,1,night,seer_check,9,village,seer,6,1,0,information_gain_proxy,4,train,seed_44_game_12,1,1,0,1,0,0,0,1,10,0,0,0.3,0,0,0.0,0.3,0,0,0,0,0,1,0,0,0.0,0.3,0,0,0,0,0,0,0,0,0,0,0.5,0,0,0.0,6,1,0,3,0.6,0,0,0,0,0,0.3,1.425,werewolf,1,0,1,1,wolf,0,5,1.0,0.0,1.0,0.9,1,6,0.19999999999999996,observation_safe_surrogate
eaafca6e93680611bc0e9c4dcd5baf5f337b908d455332182fb469e7425f77f4,7a188af8645a946be166e51aaaa90fbf448ce7a1feeca5b2d6a89c76fd9c5c19,ml_stage1_seed_44_game_12,44,12,1,night,seer_check,9,village,seer,3,1,0,information_gain_proxy,4,train,seed_44_game_12,1,1,0,1,0,0,0,1,10,0,0,0.3,0,0,0.0,0.3,0,0,0,0,0,1,0,0,0.0,0.3,0,0,0,0,0,0,0,0,0,0,0.5,0,0,0.0,3,0,1,4,0.8,0,0,0,0,0,0.3,1.425,villager,0,0,0,0,wolf,0,5,0.6,0.21908902300206645,0.0,1.1,3,6,0.19999999999999996,observation_safe_surrogate
84099af6448a64919ac8b29b0350e50778cf48da577c1bd279a6448c54cbec6d,549f312c5e48dd41013dab3dcfef27f3668c9e5c7d6bc2e5ca2f5a399677eda6,ml_stage1_seed_45_game_1,45,1,1,night,seer_check,3,village,seer,8,1,1,information_gain_proxy,8,validation,seed_45_game_1,1,1,0,1,0,0,0,1,10,0,0,0.3,0,0,0.0,0.3,0,0,0,0,0,1,0,0,0.0,0.3,0,0,0,0,0,0,0,0,0,0,0.5,0,0,0.0,8,0,0,5,1.0,0,0,0,0,0,0.3,1.425,werewolf,1,0,1,1,village,1,5,0.6,0.21908902300206645,1.0,1.3,3,7,0.4,observation_safe_surrogate
84099af6448a64919ac8b29b0350e50778cf48da577c1bd279a6448c54cbec6d,549f312c5e48dd41013dab3dcfef27f3668c9e5c7d6bc2e5ca2f5a399677eda6,ml_stage1_seed_45_game_1,45,1,1,night,seer_check,3,village,seer,1,1,0,information_gain_proxy,8,validation,seed_45_game_1,1,1,0,1,0,0,0,1,10,0,0,0.3,0,0,0.0,0.3,0,0,0,0,0,1,0,0,0.0,0.3,0,0,0,0,0,0,0,0,0,0,0.5,0,0,0.0,1,1,1,2,0.4,0,0,0,0,0,0.3,1.425,villager,0,0,0,0,village,1,5,0.8,0.17888543819998315,0.0,0.7,2,7,0.4,observation_safe_surrogate
84099af6448a64919ac8b29b0350e50778cf48da577c1bd279a6448c54cbec6d,549f312c5e48dd41013dab3dcfef27f3668c9e5c7d6bc2e5ca2f5a399677eda6,ml_stage1_seed_45_game_1,45,1,1,night,seer_check,3,village,seer,6,1,0,information_gain_proxy,8,validation,seed_45_game_1,1,1,0,1,0,0,0,1,10,0,0,0.3,0,0,0.0,0.3,0,0,0,0,0,1,0,0,0.0,0.3,0,0,0,0,0,0,0,0,0,0,0.5,0,0,0.0,6,1,0,3,0.6,0,0,0,0,0,0.3,1.425,villager,0,0,0,0,village,1,5,0.4,0.21908902300206645,0.0,0.9,5,7,0.4,observation_safe_surrogate
84099af6448a64919ac8b29b0350e50778cf48da577c1bd279a6448c54cbec6d,549f312c5e48dd41013dab3dcfef27f3668c9e5c7d6bc2e5ca2f5a399677eda6,ml_stage1_seed_45_game_1,45,1,1,night,seer_check,3,village,seer,9,1,0,information_gain_proxy,8,validation,seed_45_game_1,1,1,0,1,0,0,0,1,10,0,0,0.3,0,0,0.0,0.3,0,0,0,0,0,1,0,0,0.0,0.3,0,0,0,0,0,0,0,0,0,0,0.5,0,0,0.0,9,0,0,4,0.8,0,0,0,0,0,0.3,1.425,witch,0,1,0,0,village,1,5,0.4,0.21908902300206645,0.0,1.1,5,7,0.4,observation_safe_surrogate
84099af6448a64919ac8b29b0350e50778cf48da577c1bd279a6448c54cbec6d,549f312c5e48dd41013dab3dcfef27f3668c9e5c7d6bc2e5ca2f5a399677eda6,ml_stage1_seed_45_game_1,45,1,1,night,seer_check,3,village,seer,7,1,0,information_gain_proxy,8,validation,seed_45_game_1,1,1,0,1,0,0,0,1,10,0,0,0.3,0,0,0.0,0.3,0,0,0,0,0,1,0,0,0.0,0.3,0,0,0,0,0,0,0,0,0,0,0.5,0,0,0.0,7,0,0,4,0.8,0,0,0,0,0,0.3,1.425,werewolf,1,0,1,1,village,1,5,1.0,0.0,1.0,1.1,1,7,0.4,observation_safe_surrogate
84099af6448a64919ac8b29b0350e50778cf48da577c1bd279a6448c54cbec6d,549f312c5e48dd41013dab3dcfef27f3668c9e5c7d6bc2e5ca2f5a399677eda6,ml_stage1_seed_45_game_1,45,1,1,night,seer_check,3,village,seer,5,1,0,information_gain_proxy,8,validation,seed_45_game_1,1,1,0,1,0,0,0,1,10,0,0,0.3,0,0,0.0,0.3,0,0,0,0,0,1,0,0,0.0,0.3,0,0,0,0,0,0,0,0,0,0,0.5,0,0,0.0,5,1,1,2,0.4,0,0,0,0,0,0.3,1.425,villager,0,0,0,0,village,1,5,0.6,0.21908902300206645,0.0,0.7,3,7,0.4,observation_safe_surrogate
0becc063cd30fa4f359104bc8ea2ac5edc57c1e1e428f9bf3be15c208e1a71a1,1253e478ac2e3f9c75a77c19c55ac93abc7ce546e8f600beb087f1770e1f431b,ml_stage1_seed_45_game_1,45,1,2,night,seer_check,3,village,seer,1,1,1,information_gain_proxy,1,validation,seed_45_game_1,2,1,0,1,0,0,0,1,9,1,1,0.32397499999999996,0,1,0.07699999999999999,0.49399999999999994,0,0,1,1,0,1,0,0,0.06999999999999999,0.384,2,1,0,0,1,0,1,0,0,0,0.5,1,0,1.0,1,1,1,2,0.6,1,0,0,0,0,0.384,1.3864999999999998,villager,0,0,0,0,village,1,5,0.6,0.21908902300206645,0.0,0.984,3,10,0.20000000000000007,observation_safe_surrogate
0becc063cd30fa4f359104bc8ea2ac5edc57c1e1e428f9bf3be15c208e1a71a1,1253e478ac2e3f9c75a77c19c55ac93abc7ce546e8f600beb087f1770e1f431b,ml_stage1_seed_45_game_1,45,1,2,night,seer_check,3,village,seer,6,1,0,information_gain_proxy,1,validation,seed_45_game_1,2,1,0,1,0,0,0,1,9,1,1,0.32397499999999996,0,1,0.07699999999999999,0.49399999999999994,0,0,1,1,0,1,0,0,0.048999999999999995,0.398,2,0,0,0,1,0,1,1,0,0,0.5,1,0,1.0,6,1,0,3,0.4,1,0,0,0,0,0.398,1.38825,villager,0,0,0,0,village,1,5,0.2,0.1788854381999832,0.0,0.798,5,10,0.20000000000000007,observation_safe_surrogate
0becc063cd30fa4f359104bc8ea2ac5edc57c1e1e428f9bf3be15c208e1a71a1,1253e478ac2e3f9c75a77c19c55ac93abc7ce546e8f600beb087f1770e1f431b,ml_stage1_seed_45_game_1,45,1,2,night,seer_check,3,village,seer,2,1,0,information_gain_proxy,1,validation,seed_45_game_1,2,1,0,1,0,0,0,1,9,1,1,0.32397499999999996,0,1,0.07699999999999999,0.49399999999999994,0,0,1,1,0,1,0,0,0.0,0.3,0,0,0,0,1,0,1,0,0,0,0.5,0,0,1.0,2,0,1,1,0.8,0,0,0,0,0,0.3,1.425,villager,0,0,0,0,village,1,5,0.4,0.21908902300206645,0.0,1.1,4,10,0.20000000000000007,observation_safe_surrogate
0becc063cd30fa4f359104bc8ea2ac5edc57c1e1e428f9bf3be15c208e1a71a1,1253e478ac2e3f9c75a77c19c55ac93abc7ce546e8f600beb087f1770e1f431b,ml_stage1_seed_45_game_1,45,1,2,night,seer_check,3,village,seer,7,1,0,information_gain_proxy,1,validation,seed_45_game_1,2,1,0,1,0,0,0,1,9,1,1,0.32397499999999996,0,1,0.07699999999999999,0.49399999999999994,0,0,1,1,0,1,0,0,0.00375,0.30374999999999996,0,1,0,0,1,0,1,0,0,0,0.48,0,0,1.0,7,0,0,4,0.2,0,0,0,0,0,0.30374999999999996,1.423125,werewolf,1,0,1,1,village,1,5,0.8,0.17888543819998315,1.0,0.5037499999999999,1,10,0.20000000000000007,observation_safe_surrogate
0becc063cd30fa4f359104bc8ea2ac5edc57c1e1e428f9bf3be15c208e1a71a1,1253e478ac2e3f9c75a77c19c55ac93abc7ce546e8f600beb087f1770e1f431b,ml_stage1_seed_45_game_1,45,1,2,night,seer_check,3,village,seer,10,1,0,information_gain_proxy,1,validation,seed_45_game_1,2,1,0,1,0,0,0,1,9,1,1,0.32397499999999996,0,1,0.07699999999999999,0.49399999999999994,0,0,1,1,0,1,0,0,0.00375,0.30374999999999996,0,1,0,0,1,0,1,0,0,0,0.48,0,0,1.0,10,1,0,3,0.4,0,0,0,0,0,0.30374999999999996,1.423125,werewolf,1,0,1,1,village,1,5,0.8,0.17888543819998315,1.0,0.70375,1,10,0.20000000000000007,observation_safe_surrogate
0becc063cd30fa4f359104bc8ea2ac5edc57c1e1e428f9bf3be15c208e1a71a1,1253e478ac2e3f9c75a77c19c55ac93abc7ce546e8f600beb087f1770e1f431b,ml_stage1_seed_45_game_1,45,1,2,night,seer_check,3,village,seer,4,1,0,information_gain_proxy,1,validation,seed_45_game_1,2,1,0,1,0,0,0,1,9,1,1,0.32397499999999996,0,1,0.07699999999999999,0.49399999999999994,0,0,1,1,0,1,0,0,0.034999999999999996,0.37,1,0,0,0,1,0,1,0,0,0,0.5,0,0,1.0,4,0,1,1,0.8,0,0,0,0,0,0.37,1.39875,hunter,0,1,0,0,village,1,5,0.2,0.1788854381999832,0.0,1.17,5,10,0.20000000000000007,observation_safe_surrogate
affd781d78fee481e0e10d082aa5eff3e554785e19687c42c99424ef5cc6d1c2,f4c49d44a5d87bc9f9b15c418abb43a523c913550eec79c4185f014f89684969,ml_stage1_seed_45_game_2,45,2,1,night,seer_check,3,village,seer,8,1,1,information_gain_proxy,8,validation,seed_45_game_2,1,1,0,1,0,0,0,1,10,0,0,0.3,0,0,0.0,0.3,0,0,0,0,0,1,0,0,0.0,0.3,0,0,0,0,0,0,0,0,0,0,0.5,0,0,0.0,8,0,0,5,1.0,0,0,0,0,0,0.3,1.425,villager,0,0,0,0,village,1,5,0.6,0.21908902300206645,0.0,1.3,3,5,0.20000000000000007,observation_safe_surrogate
affd781d78fee481e0e10d082aa5eff3e554785e19687c42c99424ef5cc6d1c2,f4c49d44a5d87bc9f9b15c418abb43a523c913550eec79c4185f014f89684969,ml_stage1_seed_45_game_2,45,2,1,night,seer_check,3,village,seer,1,1,0,information_gain_proxy,8,validation,seed_45_game_2,1,1,0,1,0,0,0,1,10,0,0,0.3,0,0,0.0,0.3,0,0,0,0,0,1,0,0,0.0,0.3,0,0,0,0,0,0,0,0,0,0,0.5,0,0,0.0,1,1,1,2,0.4,0,0,0,0,0,0.3,1.425,villager,0,0,0,0,village,1,5,0.6,0.21908902300206645,0.0,0.7,3,5,0.20000000000000007,observation_safe_surrogate
affd781d78fee481e0e10d082aa5eff3e554785e19687c42c99424ef5cc6d1c2,f4c49d44a5d87bc9f9b15c418abb43a523c913550eec79c4185f014f89684969,ml_stage1_seed_45_game_2,45,2,1,night,seer_check,3,village,seer,7,1,0,information_gain_proxy,8,validation,seed_45_game_2,1,1,0,1,0,0,0,1,10,0,0,0.3,0,0,0.0,0.3,0,0,0,0,0,1,0,0,0.0,0.3,0,0,0,0,0,0,0,0,0,0,0.5,0,0,0.0,7,0,0,4,0.8,0,0,0,0,0,0.3,1.425,villager,0,0,0,0,village,1,5,0.2,0.1788854381999832,0.0,1.1,6,5,0.20000000000000007,observation_safe_surrogate
affd781d78fee481e0e10d082aa5eff3e554785e19687c42c99424ef5cc6d1c2,f4c49d44a5d87bc9f9b15c418abb43a523c913550eec79c4185f014f89684969,ml_stage1_seed_45_game_2,45,2,1,night,seer_check,3,village,seer,6,1,0,information_gain_proxy,8,validation,seed_45_game_2,1,1,0,1,0,0,0,1,10,0,0,0.3,0,0,0.0,0.3,0,0,0,0,0,1,0,0,0.0,0.3,0,0,0,0,0,0,0,0,0,0,0.5,0,0,0.0,6,1,0,3,0.6,0,0,0,0,0,0.3,1.425,werewolf,1,0,1,1,village,1,5,0.8,0.17888543819998315,1.0,0.9,1,5,0.20000000000000007,observation_safe_surrogate
affd781d78fee481e0e10d082aa5eff3e554785e19687c42c99424ef5cc6d1c2,f4c49d44a5d87bc9f9b15c418abb43a523c913550eec79c4185f014f89684969,ml_stage1_seed_45_game_2,45,2,1,night,seer_check,3,village,seer,5,1,0,information_gain_proxy,8,validation,seed_45_game_2,1,1,0,1,0,0,0,1,10,0,0,0.3,0,0,0.0,0.3,0,0,0,0,0,1,0,0,0.0,0.3,0,0,0,0,0,0,0,0,0,0,0.5,0,0,0.0,5,1,1,2,0.4,0,0,0,0,0,0.3,1.425,witch,0,1,0,0,village,1,5,0.8,0.17888543819998315,0.0,0.7,1,5,0.20000000000000007,observation_safe_surrogate
affd781d78fee481e0e10d082aa5eff3e554785e19687c42c99424ef5cc6d1c2,f4c49d44a5d87bc9f9b15c418abb43a523c913550eec79c4185f014f89684969,ml_stage1_seed_45_game_2,45,2,1,night,seer_check,3,village,seer,9,1,0,information_gain_proxy,8,validation,seed_45_game_2,1,1,0,1,0,0,0,1,10,0,0,0.3,0,0,0.0,0.3,0,0,0,0,0,1,0,0,0.0,0.3,0,0,0,0,0,0,0,0,0,0,0.5,0,0,0.0,9,0,0,4,0.8,0,0,0,0,0,0.3,1.425,hunter,0,1,0,0,village,1,5,0.6,0.21908902300206645,0.0,1.1,3,5,0.20000000000000007,observation_safe_surrogate
215a84417183a37658da6042034f8f46d0ef46c7b565e8876923eb9fa21d72ec,4b2433887e70a7ec329be8b076510a64ec635f9a900f2b893a3568b6745cf653,ml_stage1_seed_45_game_3,45,3,1,night,seer_check,10,village,seer,5,1,1,information_gain_proxy,5,validation,seed_45_game_3,1,1,0,1,0,0,0,1,10,0,0,0.3,0,0,0.0,0.3,0,0,0,0,0,1,0,0,0.0,0.3,0,0,0,0,0,0,0,0,0,0,0.5,0,0,0.0,5,1,1,5,1.0,0,0,0,0,0,0.3,1.425,werewolf,1,0,1,1,village,1,5,0.8,0.17888543819998315,1.0,1.3,2,1,0.19999999999999996,observation_safe_surrogate
215a84417183a37658da6042034f8f46d0ef46c7b565e8876923eb9fa21d72ec,4b2433887e70a7ec329be8b076510a64ec635f9a900f2b893a3568b6745cf653,ml_stage1_seed_45_game_3,45,3,1,night,seer_check,10,village,seer,1,1,0,information_gain_proxy,5,validation,seed_45_game_3,1,1,0,1,0,0,0,1,10,0,0,0.3,0,0,0.0,0.3,0,0,0,0,0,1,0,0,0.0,0.3,0,0,0,0,0,0,0,0,0,0,0.5,0,0,0.0,1,1,1,1,0.2,0,0,0,0,0,0.3,1.425,werewolf,1,0,1,1,village,1,5,1.0,0.0,1.0,0.5,1,1,0.19999999999999996,observation_safe_surrogate
215a84417183a37658da6042034f8f46d0ef46c7b565e8876923eb9fa21d72ec,4b2433887e70a7ec329be8b076510a64ec635f9a900f2b893a3568b6745cf653,ml_stage1_seed_45_game_3,45,3,1,night,seer_check,10,village,seer,7,1,0,information_gain_proxy,5,validation,seed_45_game_3,1,1,0,1,0,0,0,1,10,0,0,0.3,0,0,0.0,0.3,0,0,0,0,0,1,0,0,0.0,0.3,0,0,0,0,0,0,0,0,0,0,0.5,0,0,0.0,7,0,0,3,0.6,0,0,0,0,0,0.3,1.425,villager,0,0,0,0,village,1,5,0.6,0.21908902300206645,0.0,0.9,3,1,0.19999999999999996,observation_safe_surrogate
215a84417183a37658da6042034f8f46d0ef46c7b565e8876923eb9fa21d72ec,4b2433887e70a7ec329be8b076510a64ec635f9a900f2b893a3568b6745cf653,ml_stage1_seed_45_game_3,45,3,1,night,seer_check,10,village,seer,9,1,0,information_gain_proxy,5,validation,seed_45_game_3,1,1,0,1,0,0,0,1,10,0,0,0.3,0,0,0.0,0.3,0,0,0,0,0,1,0,0,0.0,0.3,0,0,0,0,0,0,0,0,0,0,0.5,0,0,0.0,9,0,0,1,0.2,0,0,0,0,0,0.3,1.425,werewolf,1,0,1,1,village,1,5,0.6,0.21908902300206645,1.0,0.5,3,1,0.19999999999999996,observation_safe_surrogate
215a84417183a37658da6042034f8f46d0ef46c7b565e8876923eb9fa21d72ec,4b2433887e70a7ec329be8b076510a64ec635f9a900f2b893a3568b6745cf653,ml_stage1_seed_45_game_3,45,3,1,night,seer_check,10,village,seer,2,1,0,information_gain_proxy,5,validation,seed_45_game_3,1,1,0,1,0,0,0,1,10,0,0,0.3,0,0,0.0,0.3,0,0,0,0,0,1,0,0,0.0,0.3,0,0,0,0,0,0,0,0,0,0,0.5,0,0,0.0,2,0,1,2,0.4,0,0,0,0,0,0.3,1.425,witch,0,1,0,0,village,1,5,0.4,0.21908902300206645,0.0,0.7,6,1,0.19999999999999996,observation_safe_surrogate
215a84417183a37658da6042034f8f46d0ef46c7b565e8876923eb9fa21d72ec,4b2433887e70a7ec329be8b076510a64ec635f9a900f2b893a3568b6745cf653,ml_stage1_seed_45_game_3,45,3,1,night,seer_check,10,village,seer,6,1,0,information_gain_proxy,5,validation,seed_45_game_3,1,1,0,1,0,0,0,1,10,0,0,0.3,0,0,0.0,0.3,0,0,0,0,0,1,0,0,0.0,0.3,0,0,0,0,0,0,0,0,0,0,0.5,0,0,0.0,6,1,0,4,0.8,0,0,0,0,0,0.3,1.425,villager,0,0,0,0,village,1,5,0.6,0.21908902300206645,0.0,1.1,3,1,0.19999999999999996,observation_safe_surrogate
a77c13c026719399507f8727cc88ffca2dfab64750b7d52d1311487d0b116a47,ea98d54a4ca0e9c8543546677c341920c9cc46e153a4dfa76186a0cc022d4a68,ml_stage1_seed_45_game_3,45,3,2,night,seer_check,10,village,seer,7,1,1,information_gain_proxy,7,validation,seed_45_game_3,2,1,0,1,0,0,0,1,9,1,1,0.2966749999999999,0,1,0.013999999999999999,0.328,0,0,1,1,0,1,0,0,0.006999999999999999,0.314,0,0,0,0,1,0,1,1,0,0,0.5,0,0,1.0,7,0,0,3,0.4,0,0,0,0,0,0.314,1.41975,villager,0,0,0,0,village,1,5,1.0,0.0,0.0,0.714,1,7,0.0,observation_safe_surrogate
a77c13c026719399507f8727cc88ffca2dfab64750b7d52d1311487d0b116a47,ea98d54a4ca0e9c8543546677c341920c9cc46e153a4dfa76186a0cc022d4a68,ml_stage1_seed_45_game_3,45,3,2,night,seer_check,10,village,seer,3,1,0,information_gain_proxy,7,validation,seed_45_game_3,2,1,0,1,0,0,0,1,9,1,1,0.2966749999999999,0,1,0.013999999999999999,0.328,0,0,1,1,0,1,0,0,0.0245,0.38899999999999996,0,0,0,1,1,0,1,0,0,0,0.5,0,0,1.5,3,0,1,3,0.4,0,0,0,0,0,0.38899999999999996,1.396625,villager,0,0,0,0,village,1,5,0.6,0.21908902300206645,0.0,0.7889999999999999,2,7,0.0,observation_safe_surrogate
a77c13c026719399507f8727cc88ffca2dfab64750b7d52d1311487d0b116a47,ea98d54a4ca0e9c8543546677c341920c9cc46e153a4dfa76186a0cc022d4a68,ml_stage1_seed_45_game_3,45,3,2,night,seer_check,10,village,seer,8,1,0,information_gain_proxy,7,validation,seed_45_game_3,2,1,0,1,0,0,0,1,9,1,1,0.2966749999999999,0,1,0.013999999999999999,0.328,0,0,1,1,0,1,0,0,0.034999999999999996,0.37,1,0,0,0,1,0,1,0,0,0,0.5,0,1,1.0,8,0,0,2,0.6,0,0,0,0,0,0.37,1.39875,hunter,0,1,0,0,village,1,5,0.4,0.21908902300206645,0.0,0.97,5,7,0.0,observation_safe_surrogate
a77c13c026719399507f8727cc88ffca2dfab64750b7d52d1311487d0b116a47,ea98d54a4ca0e9c8543546677c341920c9cc46e153a4dfa76186a0cc022d4a68,ml_stage1_seed_45_game_3,45,3,2,night,seer_check,10,village,seer,2,1,0,information_gain_proxy,7,validation,seed_45_game_3,2,1,0,1,0,0,0,1,9,1,1,0.2966749999999999,0,1,0.013999999999999999,0.328,0,0,1,1,0,1,0,0,0.0,0.3,0,0,0,0,1,0,1,0,0,0,0.5,0,0,1.0,2,0,1,2,0.6,0,0,0,0,0,0.3,1.425,witch,0,1,0,0,village,1,5,0.6,0.21908902300206645,0.0,0.9,2,7,0.0,observation_safe_surrogate
a77c13c026719399507f8727cc88ffca2dfab64750b7d52d1311487d0b116a47,ea98d54a4ca0e9c8543546677c341920c9cc46e153a4dfa76186a0cc022d4a68,ml_stage1_seed_45_game_3,45,3,2,night,seer_check,10,village,seer,1,1,0,information_gain_proxy,7,validation,seed_45_game_3,2,1,0,1,0,0,0,1,9,1,1,0.2966749999999999,0,1,0.013999999999999999,0.328,0,0,1,1,0,1,0,0,0.0,0.24774999999999997,0,1,0,0,1,0,1,0,0,0,0.48,0,0,1.0,1,1,1,1,0.8,0,0,0,0,0,0.24774999999999997,1.4380625,werewolf,1,0,1,1,village,1,5,0.6,0.21908902300206645,1.0,1.04775,2,7,0.0,observation_safe_surrogate
a77c13c026719399507f8727cc88ffca2dfab64750b7d52d1311487d0b116a47,ea98d54a4ca0e9c8543546677c341920c9cc46e153a4dfa76186a0cc022d4a68,ml_stage1_seed_45_game_3,45,3,2,night,seer_check,10,village,seer,6,1,0,information_gain_proxy,7,validation,seed_45_game_3,2,1,0,1,0,0,0,1,9,1,1,0.2966749999999999,0,1,0.013999999999999999,0.328,0,0,1,1,0,1,0,0,0.013999999999999999,0.328,1,0,0,0,1,0,1,1,0,0,0.5,0,0,1.0,6,1,0,4,0.2,0,0,0,0,0,0.328,1.4144999999999999,villager,0,0,0,0,village,1,5,0.4,0.21908902300206645,0.0,0.528,5,7,0.0,observation_safe_surrogate
70aba7bd963df6a1105d025526016613b6da4a66de7f5392cf8631e09625845f,1a2630ed608e0eb52787025df678c6e5a6b5fc8d26da3b846f68403ef41183dc,ml_stage1_seed_45_game_4,45,4,1,night,seer_check,3,village,seer,8,1,1,information_gain_proxy,8,validation,seed_45_game_4,1,1,0,1,0,0,0,1,10,0,0,0.3,0,0,0.0,0.3,0,0,0,0,0,1,0,0,0.0,0.3,0,0,0,0,0,0,0,0,0,0,0.5,0,0,0.0,8,0,0,5,1.0,0,0,0,0,0,0.3,1.425,villager,0,0,0,0,wolf,0,5,0.4,0.21908902300206645,0.0,1.3,3,1,0.4,observation_safe_surrogate
70aba7bd963df6a1105d025526016613b6da4a66de7f5392cf8631e09625845f,1a2630ed608e0eb52787025df678c6e5a6b5fc8d26da3b846f68403ef41183dc,ml_stage1_seed_45_game_4,45,4,1,night,seer_check,3,village,seer,1,1,0,information_gain_proxy,8,validation,seed_45_game_4,1,1,0,1,0,0,0,1,10,0,0,0.3,0,0,0.0,0.3,0,0,0,0,0,1,0,0,0.0,0.3,0,0,0,0,0,0,0,0,0,0,0.5,0,0,0.0,1,1,1,2,0.4,0,0,0,0,0,0.3,1.425,werewolf,1,0,1,1,wolf,0,5,0.8,0.17888543819998315,1.0,0.7,1,1,0.4,observation_safe_surrogate
70aba7bd963df6a1105d025526016613b6da4a66de7f5392cf8631e09625845f,1a2630ed608e0eb52787025df678c6e5a6b5fc8d26da3b846f68403ef41183dc,ml_stage1_seed_45_game_4,45,4,1,night,seer_check,3,village,seer,10,1,0,information_gain_proxy,8,validation,seed_45_game_4,1,1,0,1,0,0,0,1,10,0,0,0.3,0,0,0.0,0.3,0,0,0,0,0,1,0,0,0.0,0.3,0,0,0,0,0,0,0,0,0,0,0.5,0,0,0.0,10,1,0,3,0.6,0,0,0,0,0,0.3,1.425,villager,0,0,0,0,wolf,0,5,0.2,0.1788854381999832,0.0,0.9,6,1,0.4,observation_safe_surrogate
70aba7bd963df6a1105d025526016613b6da4a66de7f5392cf8631e09625845f,1a2630ed608e0eb52787025df678c6e5a6b5fc8d26da3b846f68403ef41183dc,ml_stage1_seed_45_game_4,45,4,1,night,seer_check,3,village,seer,7,1,0,information_gain_proxy,8,validation,seed_45_game_4,1,1,0,1,0,0,0,1,10,0,0,0.3,0,0,0.0,0.3,0,0,0,0,0,1,0,0,0.0,0.3,0,0,0,0,0,0,0,0,0,0,0.5,0,0,0.0,7,0,0,4,0.8,0,0,0,0,0,0.3,1.425,villager,0,0,0,0,wolf,0,5,0.4,0.21908902300206645,0.0,1.1,3,1,0.4,observation_safe_surrogate
70aba7bd963df6a1105d025526016613b6da4a66de7f5392cf8631e09625845f,1a2630ed608e0eb52787025df678c6e5a6b5fc8d26da3b846f68403ef41183dc,ml_stage1_seed_45_game_4,45,4,1,night,seer_check,3,village,seer,9,1,0,information_gain_proxy,8,validation,seed_45_game_4,1,1,0,1,0,0,0,1,10,0,0,0.3,0,0,0.0,0.3,0,0,0,0,0,1,0,0,0.0,0.3,0,0,0,0,0,0,0,0,0,0,0.5,0,0,0.0,9,0,0,4,0.8,0,0,0,0,0,0.3,1.425,hunter,0,1,0,0,wolf,0,5,0.4,0.21908902300206645,0.0,1.1,3,1,0.4,observation_safe_surrogate
70aba7bd963df6a1105d025526016613b6da4a66de7f5392cf8631e09625845f,1a2630ed608e0eb52787025df678c6e5a6b5fc8d26da3b846f68403ef41183dc,ml_stage1_seed_45_game_4,45,4,1,night,seer_check,3,village,seer,5,1,0,information_gain_proxy,8,validation,seed_45_game_4,1,1,0,1,0,0,0,1,10,0,0,0.3,0,0,0.0,0.3,0,0,0,0,0,1,0,0,0.0,0.3,0,0,0,0,0,0,0,0,0,0,0.5,0,0,0.0,5,1,1,2,0.4,0,0,0,0,0,0.3,1.425,witch,0,1,0,0,wolf,0,5,0.6,0.21908902300206645,0.0,0.7,2,1,0.4,observation_safe_surrogate
1b245289912b54f45c9963a9b1a74e1c4934f41b078e67f65a1a9914a57759fc,451a74fe1194c6af60513e7313b5dde1eff99fe8592a3b2991698ef82efabd25,ml_stage1_seed_45_game_4,45,4,2,night,seer_check,3,village,seer,1,1,1,information_gain_proxy,1,validation,seed_45_game_4,2,1,0,1,0,0,0,1,9,1,1,0.33752499999999996,0,1,0.027999999999999997,0.39599999999999996,0,0,1,1,0,1,0,0,0.00375,0.30374999999999996,0,1,0,0,1,0,1,0,0,0,0.48,0,0,1.0,1,1,1,2,0.6,0,0,0,0,0,0.30374999999999996,1.423125,werewolf,1,0,1,1,wolf,0,5,1.0,0.0,1.0,0.9037499999999999,1,1,0.0,observation_safe_surrogate
1b245289912b54f45c9963a9b1a74e1c4934f41b078e67f65a1a9914a57759fc,451a74fe1194c6af60513e7313b5dde1eff99fe8592a3b2991698ef82efabd25,ml_stage1_seed_45_game_4,45,4,2,night,seer_check,3,village,seer,9,1,0,information_gain_proxy,1,validation,seed_45_game_4,2,1,0,1,0,0,0,1,9,1,1,0.33752499999999996,0,1,0.027999999999999997,0.39599999999999996,0,0,1,1,0,1,0,0,0.034999999999999996,0.48999999999999994,1,1,0,3,1,0,1,0,0,0,0.5,1,0,2.5,9,0,0,4,0.2,1,0,0,0,0,0.48999999999999994,1.36875,hunter,0,1,0,0,wolf,0,5,0.4,0.21908902300206645,0.0,0.69,5,1,0.0,observation_safe_surrogate
1b245289912b54f45c9963a9b1a74e1c4934f41b078e67f65a1a9914a57759fc,451a74fe1194c6af60513e7313b5dde1eff99fe8592a3b2991698ef82efabd25,ml_stage1_seed_45_game_4,45,4,2,night,seer_check,3,village,seer,7,1,0,information_gain_proxy,1,validation,seed_45_game_4,2,1,0,1,0,0,0,1,9,1,1,0.33752499999999996,0,1,0.027999999999999997,0.39599999999999996,0,0,1,1,0,1,0,0,0.041999999999999996,0.424,1,0,0,1,1,0,1,1,0,0,0.5,0,0,1.5,7,0,0,4,0.2,0,0,0,0,0,0.424,1.3835000000000002,villager,0,0,0,0,wolf,0,5,0.6,0.21908902300206645,0.0,0.624,2,1,0.0,observation_safe_surrogate
1b245289912b54f45c9963a9b1a74e1c4934f41b078e67f65a1a9914a57759fc,451a74fe1194c6af60513e7313b5dde1eff99fe8592a3b2991698ef82efabd25,ml_stage1_seed_45_game_4,45,4,2,night,seer_check,3,village,seer,2,1,0,information_gain_proxy,1,validation,seed_45_game_4,2,1,0,1,0,0,0,1,9,1,1,0.33752499999999996,0,1,0.027999999999999997,0.39599999999999996,0,0,1,1,0,1,0,0,0.00375,0.30374999999999996,0,1,0,0,1,0,1,0,0,0,0.48,0,0,1.0,2,0,1,1,0.8,0,0,0,0,0,0.30374999999999996,1.423125,werewolf,1,0,1,1,wolf,0,5,0.6,0.21908902300206645,1.0,1.10375,2,1,0.0,observation_safe_surrogate
1b245289912b54f45c9963a9b1a74e1c4934f41b078e67f65a1a9914a57759fc,451a74fe1194c6af60513e7313b5dde1eff99fe8592a3b2991698ef82efabd25,ml_stage1_seed_45_game_4,45,4,2,night,seer_check,3,village,seer,6,1,0,information_gain_proxy,1,validation,seed_45_game_4,2,1,0,1,0,0,0,1,9,1,1,0.33752499999999996,0,1,0.027999999999999997,0.39599999999999996,0,0,1,1,0,1,0,0,0.006999999999999999,0.314,0,0,0,0,1,0,1,1,0,0,0.5,0,0,1.0,6,1,0,3,0.4,0,0,0,0,0,0.314,1.41975,villager,0,0,0,0,wolf,0,5,0.4,0.21908902300206645,0.0,0.714,5,1,0.0,observation_safe_surrogate
1b245289912b54f45c9963a9b1a74e1c4934f41b078e67f65a1a9914a57759fc,451a74fe1194c6af60513e7313b5dde1eff99fe8592a3b2991698ef82efabd25,ml_stage1_seed_45_game_4,45,4,2,night,seer_check,3,village,seer,10,1,0,information_gain_proxy,1,validation,seed_45_game_4,2,1,0,1,0,0,0,1,9,1,1,0.33752499999999996,0,1,0.027999999999999997,0.39599999999999996,0,0,1,1,0,1,0,0,0.0,0.244,0,0,0,0,1,0,1,0,0,0,0.5,0,0,1.0,10,1,0,3,0.4,0,0,0,0,0,0.244,1.439,villager,0,0,0,0,wolf,0,5,0.6,0.21908902300206645,0.0,0.644,2,1,0.0,observation_safe_surrogate
fdd52bae8f4392d1f52bc60ae4987e3777656078d67098c13fa1c243b54216c8,2a99bc3b1b99618c489d7c124933523d19577ece79116b0fb9358136a02ef2ed,ml_stage1_seed_45_game_5,45,5,1,night,seer_check,8,village,seer,3,1,1,information_gain_proxy,3,validation,seed_45_game_5,1,1,0,1,0,0,0,1,10,0,0,0.3,0,0,0.0,0.3,0,0,0,0,0,1,0,0,0.0,0.3,0,0,0,0,0,0,0,0,0,0,0.5,0,0,0.0,3,0,1,5,1.0,0,0,0,0,0,0.3,1.425,villager,0,0,0,0,village,1,5,0.6,0.21908902300206645,0.0,1.3,3,4,0.20000000000000007,observation_safe_surrogate
fdd52bae8f4392d1f52bc60ae4987e3777656078d67098c13fa1c243b54216c8,2a99bc3b1b99618c489d7c124933523d19577ece79116b0fb9358136a02ef2ed,ml_stage1_seed_45_game_5,45,5,1,night,seer_check,8,village,seer,1,1,0,information_gain_proxy,3,validation,seed_45_game_5,1,1,0,1,0,0,0,1,10,0,0,0.3,0,0,0.0,0.3,0,0,0,0,0,1,0,0,0.0,0.3,0,0,0,0,0,0,0,0,0,0,0.5,0,0,0.0,1,1,1,3,0.6,0,0,0,0,0,0.3,1.425,villager,0,0,0,0,village,1,5,0.6,0.21908902300206645,0.0,0.9,3,4,0.20000000000000007,observation_safe_surrogate
fdd52bae8f4392d1f52bc60ae4987e3777656078d67098c13fa1c243b54216c8,2a99bc3b1b99618c489d7c124933523d19577ece79116b0fb9358136a02ef2ed,ml_stage1_seed_45_game_5,45,5,1,night,seer_check,8,village,seer,6,1,0,information_gain_proxy,3,validation,seed_45_game_5,1,1,0,1,0,0,0,1,10,0,0,0.3,0,0,0.0,0.3,0,0,0,0,0,1,0,0,0.0,0.3,0,0,0,0,0,0,0,0,0,0,0.5,0,0,0.0,6,1,0,2,0.4,0,0,0,0,0,0.3,1.425,werewolf,1,0,1,1,village,1,5,0.8,0.17888543819998315,1.0,0.7,1,4,0.20000000000000007,observation_safe_surrogate
fdd52bae8f4392d1f52bc60ae4987e3777656078d67098c13fa1c243b54216c8,2a99bc3b1b99618c489d7c124933523d19577ece79116b0fb9358136a02ef2ed,ml_stage1_seed_45_game_5,45,5,1,night,seer_check,8,village,seer,4,1,0,information_gain_proxy,3,validation,seed_45_game_5,1,1,0,1,0,0,0,1,10,0,0,0.3,0,0,0.0,0.3,0,0,0,0,0,1,0,0,0.0,0.3,0,0,0,0,0,0,0,0,0,0,0.5,0,0,0.0,4,0,1,4,0.8,0,0,0,0,0,0.3,1.425,werewolf,1,0,1,1,village,1,5,0.8,0.17888543819998315,1.0,1.1,1,4,0.20000000000000007,observation_safe_surrogate
fdd52bae8f4392d1f52bc60ae4987e3777656078d67098c13fa1c243b54216c8,2a99bc3b1b99618c489d7c124933523d19577ece79116b0fb9358136a02ef2ed,ml_stage1_seed_45_game_5,45,5,1,night,seer_check,8,village,seer,7,1,0,information_gain_proxy,3,validation,seed_45_game_5,1,1,0,1,0,0,0,1,10,0,0,0.3,0,0,0.0,0.3,0,0,0,0,0,1,0,0,0.0,0.3,0,0,0,0,0,0,0,0,0,0,0.5,0,0,0.0,7,0,0,1,0.2,0,0,0,0,0,0.3,1.425,villager,0,0,0,0,village,1,5,0.6,0.21908902300206645,0.0,0.5,3,4,0.20000000000000007,observation_safe_surrogate
fdd52bae8f4392d1f52bc60ae4987e3777656078d67098c13fa1c243b54216c8,2a99bc3b1b99618c489d7c124933523d19577ece79116b0fb9358136a02ef2ed,ml_stage1_seed_45_game_5,45,5,1,night,seer_check,8,village,seer,2,1,0,information_gain_proxy,3,validation,seed_45_game_5,1,1,0,1,0,0,0,1,10,0,0,0.3,0,0,0.0,0.3,0,0,0,0,0,1,0,0,0.0,0.3,0,0,0,0,0,0,0,0,0,0,0.5,0,0,0.0,2,0,1,4,0.8,0,0,0,0,0,0.3,1.425,hunter,0,1,0,0,village,1,5,0.2,0.1788854381999832,0.0,1.1,6,4,0.20000000000000007,observation_safe_surrogate
28250d77f533d88948acf442a94a06e6dcfeb3594091befea7b87d1cff21bf30,ddfae39203e5f239be164c73e5984d65d0cf29dbc96b78924b8e2ff74edcf73a,ml_stage1_seed_45_game_5,45,5,2,night,seer_check,8,village,seer,6,1,1,information_gain_proxy,6,validation,seed_45_game_5,2,1,0,1,0,0,0,1,9,1,1,0.33852499999999996,0,1,0.034999999999999996,0.37,0,0,1,1,0,1,0,0,0.06874999999999999,0.40374999999999994,1,1,1,0,1,0,1,0,0,0,0.3,0,0,1.0,6,1,0,2,0.6,0,0,0,0,0,0.40374999999999994,1.3818750000000002,werewolf,1,0,1,1,village,1,5,0.6,0.21908902300206645,1.0,1.00375,2,4,0.20000000000000007,observation_safe_surrogate
28250d77f533d88948acf442a94a06e6dcfeb3594091befea7b87d1cff21bf30,ddfae39203e5f239be164c73e5984d65d0cf29dbc96b78924b8e2ff74edcf73a,ml_stage1_seed_45_game_5,45,5,2,night,seer_check,8,village,seer,2,1,0,information_gain_proxy,6,validation,seed_45_game_5,2,1,0,1,0,0,0,1,9,1,1,0.33852499999999996,0,1,0.034999999999999996,0.37,0,0,1,1,0,1,0,0,0.05249999999999999,0.44499999999999995,2,0,0,1,1,0,1,0,0,0,0.5,0,0,1.5,2,0,1,4,0.2,0,0,0,0,0,0.44499999999999995,1.3756249999999999,hunter,0,1,0,0,village,1,5,0.4,0.21908902300206645,0.0,0.645,5,4,0.20000000000000007,observation_safe_surrogate
28250d77f533d88948acf442a94a06e6dcfeb3594091befea7b87d1cff21bf30,ddfae39203e5f239be164c73e5984d65d0cf29dbc96b78924b8e2ff74edcf73a,ml_stage1_seed_45_game_5,45,5,2,night,seer_check,8,village,seer,9,1,0,information_gain_proxy,6,validation,seed_45_game_5,2,1,0,1,0,0,0,1,9,1,1,0.33852499999999996,0,1,0.034999999999999996,0.37,0,0,1,1,0,1,0,0,0.03,0.32999999999999996,0,1,1,0,1,0,1,0,0,0,0.32,0,0,1.0,9,0,0,1,0.8,0,0,0,0,0,0.32999999999999996,1.41,villager,0,0,0,0,village,1,5,0.6,0.21908902300206645,0.0,1.13,2,4,0.20000000000000007,observation_safe_surrogate
28250d77f533d88948acf442a94a06e6dcfeb3594091befea7b87d1cff21bf30,ddfae39203e5f239be164c73e5984d65d0cf29dbc96b78924b8e2ff74edcf73a,ml_stage1_seed_45_game_5,45,5,2,night,seer_check,8,village,seer,7,1,0,information_gain_proxy,6,validation,seed_45_game_5,2,1,0,1,0,0,0,1,9,1,1,0.33852499999999996,0,1,0.034999999999999996,0.37,0,0,1,1,0,1,0,0,0.006999999999999999,0.314,0,0,0,0,1,0,1,1,0,0,0.5,0,0,1.0,7,0,0,1,0.8,0,0,0,0,0,0.314,1.41975,villager,0,0,0,0,village,1,5,0.6,0.21908902300206645,0.0,1.114,2,4,0.20000000000000007,observation_safe_surrogate
28250d77f533d88948acf442a94a06e6dcfeb3594091befea7b87d1cff21bf30,ddfae39203e5f239be164c73e5984d65d0cf29dbc96b78924b8e2ff74edcf73a,ml_stage1_seed_45_game_5,45,5,2,night,seer_check,8,village,seer,4,1,0,information_gain_proxy,6,validation,seed_45_game_5,2,1,0,1,0,0,0,1,9,1,1,0.33852499999999996,0,1,0.034999999999999996,0.37,0,0,1,1,0,1,0,0,0.00375,0.30374999999999996,0,1,0,0,1,0,1,0,0,0,0.48,0,0,1.0,4,0,1,4,0.2,0,0,0,0,0,0.30374999999999996,1.423125,werewolf,1,0,1,1,village,1,5,0.8,0.17888543819998315,1.0,0.5037499999999999,1,4,0.20000000000000007,observation_safe_surrogate
28250d77f533d88948acf442a94a06e6dcfeb3594091befea7b87d1cff21bf30,ddfae39203e5f239be164c73e5984d65d0cf29dbc96b78924b8e2ff74edcf73a,ml_stage1_seed_45_game_5,45,5,2,night,seer_check,8,village,seer,1,1,0,information_gain_proxy,6,validation,seed_45_game_5,2,1,0,1,0,0,0,1,9,1,1,0.33852499999999996,0,1,0.034999999999999996,0.37,0,0,1,1,0,1,0,0,0.0,0.3,0,1,0,0,1,0,1,0,0,0,0.5,0,0,1.0,1,1,1,3,0.4,0,0,0,0,0,0.3,1.425,villager,0,0,0,0,village,1,5,0.4,0.21908902300206645,0.0,0.7,5,4,0.20000000000000007,observation_safe_surrogate
7e796ef62baa52ae44c12eda6e4f11a7bca06e81bd7c1c1706740276990ecb06,fbc3bcc2f84486cd4cc808cee97027919fa58d5ecc79863ad725ef6ed9ea8246,ml_stage1_seed_45_game_6,45,6,1,night,seer_check,10,village,seer,5,1,1,information_gain_proxy,5,validation,seed_45_game_6,1,1,0,1,0,0,0,1,10,0,0,0.3,0,0,0.0,0.3,0,0,0,0,0,1,0,0,0.0,0.3,0,0,0,0,0,0,0,0,0,0,0.5,0,0,0.0,5,1,1,5,1.0,0,0,0,0,0,0.3,1.425,werewolf,1,0,1,1,wolf,0,5,0.4,0.21908902300206645,1.0,1.3,3,1,0.19999999999999996,observation_safe_surrogate
7e796ef62baa52ae44c12eda6e4f11a7bca06e81bd7c1c1706740276990ecb06,fbc3bcc2f84486cd4cc808cee97027919fa58d5ecc79863ad725ef6ed9ea8246,ml_stage1_seed_45_game_6,45,6,1,night,seer_check,10,village,seer,1,1,0,information_gain_proxy,5,validation,seed_45_game_6,1,1,0,1,0,0,0,1,10,0,0,0.3,0,0,0.0,0.3,0,0,0,0,0,1,0,0,0.0,0.3,0,0,0,0,0,0,0,0,0,0,0.5,0,0,0.0,1,1,1,1,0.2,0,0,0,0,0,0.3,1.425,werewolf,1,0,1,1,wolf,0,5,0.6,0.21908902300206645,1.0,0.5,1,1,0.19999999999999996,observation_safe_surrogate
7e796ef62baa52ae44c12eda6e4f11a7bca06e81bd7c1c1706740276990ecb06,fbc3bcc2f84486cd4cc808cee97027919fa58d5ecc79863ad725ef6ed9ea8246,ml_stage1_seed_45_game_6,45,6,1,night,seer_check,10,village,seer,8,1,0,information_gain_proxy,5,validation,seed_45_game_6,1,1,0,1,0,0,0,1,10,0,0,0.3,0,0,0.0,0.3,0,0,0,0,0,1,0,0,0.0,0.3,0,0,0,0,0,0,0,0,0,0,0.5,0,0,0.0,8,0,0,2,0.4,0,0,0,0,0,0.3,1.425,villager,0,0,0,0,wolf,0,5,0.2,0.1788854381999832,0.0,0.7,5,1,0.19999999999999996,observation_safe_surrogate
7e796ef62baa52ae44c12eda6e4f11a7bca06e81bd7c1c1706740276990ecb06,fbc3bcc2f84486cd4cc808cee97027919fa58d5ecc79863ad725ef6ed9ea8246,ml_stage1_seed_45_game_6,45,6,1,night,seer_check,10,village,seer,4,1,0,information_gain_proxy,5,validation,seed_45_game_6,1,1,0,1,0,0,0,1,10,0,0,0.3,0,0,0.0,0.3,0,0,0,0,0,1,0,0,0.0,0.3,0,0,0,0,0,0,0,0,0,0,0.5,0,0,0.0,4,0,1,4,0.8,0,0,0,0,0,0.3,1.425,witch,0,1,0,0,wolf,0,5,0.6,0.21908902300206645,0.0,1.1,1,1,0.19999999999999996,observation_safe_surrogate
7e796ef62baa52ae44c12eda6e4f11a7bca06e81bd7c1c1706740276990ecb06,fbc3bcc2f84486cd4cc808cee97027919fa58d5ecc79863ad725ef6ed9ea8246,ml_stage1_seed_45_game_6,45,6,1,night,seer_check,10,village,seer,7,1,0,information_gain_proxy,5,validation,seed_45_game_6,1,1,0,1,0,0,0,1,10,0,0,0.3,0,0,0.0,0.3,0,0,0,0,0,1,0,0,0.0,0.3,0,0,0,0,0,0,0,0,0,0,0.5,0,0,0.0,7,0,0,3,0.6,0,0,0,0,0,0.3,1.425,villager,0,0,0,0,wolf,0,5,0.4,0.21908902300206645,0.0,0.9,3,1,0.19999999999999996,observation_safe_surrogate
7e796ef62baa52ae44c12eda6e4f11a7bca06e81bd7c1c1706740276990ecb06,fbc3bcc2f84486cd4cc808cee97027919fa58d5ecc79863ad725ef6ed9ea8246,ml_stage1_seed_45_game_6,45,6,1,night,seer_check,10,village,seer,6,1,0,information_gain_proxy,5,validation,seed_45_game_6,1,1,0,1,0,0,0,1,10,0,0,0.3,0,0,0.0,0.3,0,0,0,0,0,1,0,0,0.0,0.3,0,0,0,0,0,0,0,0,0,0,0.5,0,0,0.0,6,1,0,4,0.8,0,0,0,0,0,0.3,1.425,villager,0,0,0,0,wolf,0,5,0.2,0.1788854381999832,0.0,1.1,5,1,0.19999999999999996,observation_safe_surrogate
635c8c5beb945b1b782459e97d5197ee2e1034385bd97793139966beb0ba21bb,c88da6ab86974d55ce1b7c2a78ab788bd7fe0735e1591e30057482a51819bcdb,ml_stage1_seed_45_game_6,45,6,2,night,seer_check,10,village,seer,7,1,1,information_gain_proxy,7,validation,seed_45_game_6,2,1,0,1,0,0,0,1,9,1,1,0.2966749999999999,0,1,0.013999999999999999,0.328,0,0,1,1,0,1,0,0,0.006999999999999999,0.314,0,0,0,0,1,0,1,1,0,0,0.5,0,0,1.0,7,0,0,3,0.4,0,0,0,0,0,0.314,1.41975,villager,0,0,0,0,wolf,0,5,0.8,0.17888543819998315,0.0,0.714,2,1,0.19999999999999996,observation_safe_surrogate
635c8c5beb945b1b782459e97d5197ee2e1034385bd97793139966beb0ba21bb,c88da6ab86974d55ce1b7c2a78ab788bd7fe0735e1591e30057482a51819bcdb,ml_stage1_seed_45_game_6,45,6,2,night,seer_check,10,village,seer,8,1,0,information_gain_proxy,7,validation,seed_45_game_6,2,1,0,1,0,0,0,1,9,1,1,0.2966749999999999,0,1,0.013999999999999999,0.328,0,0,1,1,0,1,0,0,0.034999999999999996,0.41,1,0,0,1,1,0,1,0,0,0,0.5,0,1,1.5,8,0,0,2,0.6,0,0,0,0,0,0.41,1.38875,villager,0,0,0,0,wolf,0,5,0.6,0.21908902300206645,0.0,1.01,3,1,0.19999999999999996,observation_safe_surrogate
635c8c5beb945b1b782459e97d5197ee2e1034385bd97793139966beb0ba21bb,c88da6ab86974d55ce1b7c2a78ab788bd7fe0735e1591e30057482a51819bcdb,ml_stage1_seed_45_game_6,45,6,2,night,seer_check,10,village,seer,2,1,0,information_gain_proxy,7,validation,seed_45_game_6,2,1,0,1,0,0,0,1,9,1,1,0.2966749999999999,0,1,0.013999999999999999,0.328,0,0,1,1,0,1,0,0,0.0,0.3,0,0,0,0,1,0,1,0,0,0,0.5,0,0,1.0,2,0,1,2,0.6,0,0,0,0,0,0.3,1.425,hunter,0,1,0,0,wolf,0,5,0.6,0.21908902300206645,0.0,0.9,3,1,0.19999999999999996,observation_safe_surrogate
635c8c5beb945b1b782459e97d5197ee2e1034385bd97793139966beb0ba21bb,c88da6ab86974d55ce1b7c2a78ab788bd7fe0735e1591e30057482a51819bcdb,ml_stage1_seed_45_game_6,45,6,2,night,seer_check,10,village,seer,1,1,0,information_gain_proxy,7,validation,seed_45_game_6,2,1,0,1,0,0,0,1,9,1,1,0.2966749999999999,0,1,0.013999999999999999,0.328,0,0,1,1,0,1,0,0,0.0,0.24774999999999997,0,1,0,0,1,0,1,0,0,0,0.48,0,0,1.0,1,1,1,1,0.8,0,0,0,0,0,0.24774999999999997,1.4380625,werewolf,1,0,1,1,wolf,0,5,1.0,0.0,1.0,1.04775,1,1,0.19999999999999996,observation_safe_surrogate
635c8c5beb945b1b782459e97d5197ee2e1034385bd97793139966beb0ba21bb,c88da6ab86974d55ce1b7c2a78ab788bd7fe0735e1591e30057482a51819bcdb,ml_stage1_seed_45_game_6,45,6,2,night,seer_check,10,village,seer,4,1,0,information_gain_proxy,7,validation,seed_45_game_6,2,1,0,1,0,0,0,1,9,1,1,0.2966749999999999,0,1,0.013999999999999999,0.328,0,0,1,1,0,1,0,0,0.0,0.3,0,0,0,0,1,0,1,0,0,0,0.5,0,0,1.0,4,0,1,4,0.2,0,0,0,0,0,0.3,1.425,witch,0,1,0,0,wolf,0,5,0.6,0.21908902300206645,0.0,0.5,3,1,0.19999999999999996,observation_safe_surrogate
635c8c5beb945b1b782459e97d5197ee2e1034385bd97793139966beb0ba21bb,c88da6ab86974d55ce1b7c2a78ab788bd7fe0735e1591e30057482a51819bcdb,ml_stage1_seed_45_game_6,45,6,2,night,seer_check,10,village,seer,3,1,0,information_gain_proxy,7,validation,seed_45_game_6,2,1,0,1,0,0,0,1,9,1,1,0.2966749999999999,0,1,0.013999999999999999,0.328,0,0,1,1,0,1,0,0,0.0245,0.349,0,0,0,0,1,0,1,0,0,0,0.5,0,0,1.0,3,0,1,3,0.4,0,0,0,0,0,0.349,1.406625,villager,0,0,0,0,wolf,0,5,0.4,0.21908902300206645,0.0,0.749,6,1,0.19999999999999996,observation_safe_surrogate
48ab8792d2ee5ea2ab14d8162f00b3412c6947d1b2fe26a383d209a2b572fd78,1025d28d4f5c8b850bb10e70efbf7ace9ed9d65332a13cf51490b869b159fd52,ml_stage1_seed_45_game_7,45,7,1,night,seer_check,3,village,seer,8,1,1,information_gain_proxy,8,validation,seed_45_game_7,1,1,0,1,0,0,0,1,10,0,0,0.3,0,0,0.0,0.3,0,0,0,0,0,1,0,0,0.0,0.3,0,0,0,0,0,0,0,0,0,0,0.5,0,0,0.0,8,0,0,5,1.0,0,0,0,0,0,0.3,1.425,villager,0,0,0,0,village,1,5,1.0,0.0,0.0,1.3,1,10,0.0,observation_safe_surrogate
48ab8792d2ee5ea2ab14d8162f00b3412c6947d1b2fe26a383d209a2b572fd78,1025d28d4f5c8b850bb10e70efbf7ace9ed9d65332a13cf51490b869b159fd52,ml_stage1_seed_45_game_7,45,7,1,night,seer_check,3,village,seer,1,1,0,information_gain_proxy,8,validation,seed_45_game_7,1,1,0,1,0,0,0,1,10,0,0,0.3,0,0,0.0,0.3,0,0,0,0,0,1,0,0,0.0,0.3,0,0,0,0,0,0,0,0,0,0,0.5,0,0,0.0,1,1,1,2,0.4,0,0,0,0,0,0.3,1.425,villager,0,0,0,0,village,1,5,0.6,0.21908902300206645,0.0,0.7,5,10,0.0,observation_safe_surrogate
48ab8792d2ee5ea2ab14d8162f00b3412c6947d1b2fe26a383d209a2b572fd78,1025d28d4f5c8b850bb10e70efbf7ace9ed9d65332a13cf51490b869b159fd52,ml_stage1_seed_45_game_7,45,7,1,night,seer_check,3,village,seer,2,1,0,information_gain_proxy,8,validation,seed_45_game_7,1,1,0,1,0,0,0,1,10,0,0,0.3,0,0,0.0,0.3,0,0,0,0,0,1,0,0,0.0,0.3,0,0,0,0,0,0,0,0,0,0,0.5,0,0,0.0,2,0,1,1,0.2,0,0,0,0,0,0.3,1.425,hunter,0,1,0,0,village,1,5,0.4,0.21908902300206645,0.0,0.5,6,10,0.0,observation_safe_surrogate
48ab8792d2ee5ea2ab14d8162f00b3412c6947d1b2fe26a383d209a2b572fd78,1025d28d4f5c8b850bb10e70efbf7ace9ed9d65332a13cf51490b869b159fd52,ml_stage1_seed_45_game_7,45,7,1,night,seer_check,3,village,seer,5,1,0,information_gain_proxy,8,validation,seed_45_game_7,1,1,0,1,0,0,0,1,10,0,0,0.3,0,0,0.0,0.3,0,0,0,0,0,1,0,0,0.0,0.3,0,0,0,0,0,0,0,0,0,0,0.5,0,0,0.0,5,1,1,2,0.4,0,0,0,0,0,0.3,1.425,witch,0,1,0,0,village,1,5,0.8,0.17888543819998315,0.0,0.7,3,10,0.0,observation_safe_surrogate
48ab8792d2ee5ea2ab14d8162f00b3412c6947d1b2fe26a383d209a2b572fd78,1025d28d4f5c8b850bb10e70efbf7ace9ed9d65332a13cf51490b869b159fd52,ml_stage1_seed_45_game_7,45,7,1,night,seer_check,3,village,seer,9,1,0,information_gain_proxy,8,validation,seed_45_game_7,1,1,0,1,0,0,0,1,10,0,0,0.3,0,0,0.0,0.3,0,0,0,0,0,1,0,0,0.0,0.3,0,0,0,0,0,0,0,0,0,0,0.5,0,0,0.0,9,0,0,4,0.8,0,0,0,0,0,0.3,1.425,werewolf,1,0,1,1,village,1,5,0.8,0.17888543819998315,1.0,1.1,3,10,0.0,observation_safe_surrogate
48ab8792d2ee5ea2ab14d8162f00b3412c6947d1b2fe26a383d209a2b572fd78,1025d28d4f5c8b850bb10e70efbf7ace9ed9d65332a13cf51490b869b159fd52,ml_stage1_seed_45_game_7,45,7,1,night,seer_check,3,village,seer,10,1,0,information_gain_proxy,8,validation,seed_45_game_7,1,1,0,1,0,0,0,1,10,0,0,0.3,0,0,0.0,0.3,0,0,0,0,0,1,0,0,0.0,0.3,0,0,0,0,0,0,0,0,0,0,0.5,0,0,0.0,10,1,0,3,0.6,0,0,0,0,0,0.3,1.425,werewolf,1,0,1,1,village,1,5,1.0,0.0,1.0,0.9,1,10,0.0,observation_safe_surrogate
4bdd1815d41e5db599ec2cb45e4c07873cd575cfd00a41f496480f270e7ff2f9,22db545f5cfe8438b6f424c01a3ba2b3f0ffe5a9027362b66c01123c00da1413,ml_stage1_seed_45_game_8,45,8,1,night,seer_check,6,village,seer,1,1,1,information_gain_proxy,1,validation,seed_45_game_8,1,1,0,1,0,0,0,1,10,0,0,0.3,0,0,0.0,0.3,0,0,0,0,0,1,0,0,0.0,0.3,0,0,0,0,0,0,0,0,0,0,0.5,0,0,0.0,1,1,1,5,1.0,0,0,0,0,0,0.3,1.425,witch,0,1,0,0,wolf,0,5,0.4,0.21908902300206645,0.0,1.3,3,8,0.6,observation_safe_surrogate
4bdd1815d41e5db599ec2cb45e4c07873cd575cfd00a41f496480f270e7ff2f9,22db545f5cfe8438b6f424c01a3ba2b3f0ffe5a9027362b66c01123c00da1413,ml_stage1_seed_45_game_8,45,8,1,night,seer_check,6,village,seer,10,1,0,information_gain_proxy,1,validation,seed_45_game_8,1,1,0,1,0,0,0,1,10,0,0,0.3,0,0,0.0,0.3,0,0,0,0,0,1,0,0,0.0,0.3,0,0,0,0,0,0,0,0,0,0,0.5,0,0,0.0,10,1,0,4,0.8,0,0,0,0,0,0.3,1.425,villager,0,0,0,0,wolf,0,5,0.4,0.21908902300206645,0.0,1.1,3,8,0.6,observation_safe_surrogate
4bdd1815d41e5db599ec2cb45e4c07873cd575cfd00a41f496480f270e7ff2f9,22db545f5cfe8438b6f424c01a3ba2b3f0ffe5a9027362b66c01123c00da1413,ml_stage1_seed_45_game_8,45,8,1,night,seer_check,6,village,seer,9,1,0,information_gain_proxy,1,validation,seed_45_game_8,1,1,0,1,0,0,0,1,10,0,0,0.3,0,0,0.0,0.3,0,0,0,0,0,1,0,0,0.0,0.3,0,0,0,0,0,0,0,0,0,0,0.5,0,0,0.0,9,0,0,3,0.6,0,0,0,0,0,0.3,1.425,werewolf,1,0,1,1,wolf,0,5,0.6,0.21908902300206645,1.0,0.9,2,8,0.6,observation_safe_surrogate
4bdd1815d41e5db599ec2cb45e4c07873cd575cfd00a41f496480f270e7ff2f9,22db545f5cfe8438b6f424c01a3ba2b3f0ffe5a9027362b66c01123c00da1413,ml_stage1_seed_45_game_8,45,8,1,night,seer_check,6,village,seer,2,1,0,information_gain_proxy,1,validation,seed_45_game_8,1,1,0,1,0,0,0,1,10,0,0,0.3,0,0,0.0,0.3,0,0,0,0,0,1,0,0,0.0,0.3,0,0,0,0,0,0,0,0,0,0,0.5,0,0,0.0,2,0,1,4,0.8,0,0,0,0,0,0.3,1.425,villager,0,0,0,0,wolf,0,5,0.2,0.1788854381999832,0.0,1.1,6,8,0.6,observation_safe_surrogate
4bdd1815d41e5db599ec2cb45e4c07873cd575cfd00a41f496480f270e7ff2f9,22db545f5cfe8438b6f424c01a3ba2b3f0ffe5a9027362b66c01123c00da1413,ml_stage1_seed_45_game_8,45,8,1,night,seer_check,6,village,seer,4,1,0,information_gain_proxy,1,validation,seed_45_game_8,1,1,0,1,0,0,0,1,10,0,0,0.3,0,0,0.0,0.3,0,0,0,0,0,1,0,0,0.0,0.3,0,0,0,0,0,0,0,0,0,0,0.5,0,0,0.0,4,0,1,2,0.4,0,0,0,0,0,0.3,1.425,villager,0,0,0,0,wolf,0,5,0.4,0.21908902300206645,0.0,0.7,3,8,0.6,observation_safe_surrogate
4bdd1815d41e5db599ec2cb45e4c07873cd575cfd00a41f496480f270e7ff2f9,22db545f5cfe8438b6f424c01a3ba2b3f0ffe5a9027362b66c01123c00da1413,ml_stage1_seed_45_game_8,45,8,1,night,seer_check,6,village,seer,8,1,0,information_gain_proxy,1,validation,seed_45_game_8,1,1,0,1,0,0,0,1,10,0,0,0.3,0,0,0.0,0.3,0,0,0,0,0,1,0,0,0.0,0.3,0,0,0,0,0,0,0,0,0,0,0.5,0,0,0.0,8,0,0,2,0.4,0,0,0,0,0,0.3,1.425,werewolf,1,0,1,1,wolf,0,5,1.0,0.0,1.0,0.7,1,8,0.6,observation_safe_surrogate
e42cc5bc8264aa5b59d2976dde7473b83b1389c4629daf5e90752481f2db7ca7,a1d0328c33eb2cda1a45f9d7c32429e2e804b85022d844c6b5de5196939c7e8b,ml_stage1_seed_45_game_9,45,9,1,night,seer_check,2,village,seer,7,1,1,information_gain_proxy,7,validation,seed_45_game_9,1,1,0,1,0,0,0,1,10,0,0,0.3,0,0,0.0,0.3,0,0,0,0,0,1,0,0,0.0,0.3,0,0,0,0,0,0,0,0,0,0,0.5,0,0,0.0,7,0,0,5,1.0,0,0,0,0,0,0.3,1.425,werewolf,1,0,1,1,wolf,0,5,1.0,0.0,1.0,1.3,1,7,0.0,observation_safe_surrogate
e42cc5bc8264aa5b59d2976dde7473b83b1389c4629daf5e90752481f2db7ca7,a1d0328c33eb2cda1a45f9d7c32429e2e804b85022d844c6b5de5196939c7e8b,ml_stage1_seed_45_game_9,45,9,1,night,seer_check,2,village,seer,1,1,0,information_gain_proxy,7,validation,seed_45_game_9,1,1,0,1,0,0,0,1,10,0,0,0.3,0,0,0.0,0.3,0,0,0,0,0,1,0,0,0.0,0.3,0,0,0,0,0,0,0,0,0,0,0.5,0,0,0.0,1,1,1,1,0.2,0,0,0,0,0,0.3,1.425,villager,0,0,0,0,wolf,0,5,0.8,0.17888543819998315,0.0,0.5,2,7,0.0,observation_safe_surrogate
e42cc5bc8264aa5b59d2976dde7473b83b1389c4629daf5e90752481f2db7ca7,a1d0328c33eb2cda1a45f9d7c32429e2e804b85022d844c6b5de5196939c7e8b,ml_stage1_seed_45_game_9,45,9,1,night,seer_check,2,village,seer,9,1,0,information_gain_proxy,7,validation,seed_45_game_9,1,1,0,1,0,0,0,1,10,0,0,0.3,0,0,0.0,0.3,0,0,0,0,0,1,0,0,0.0,0.3,0,0,0,0,0,0,0,0,0,0,0.5,0,0,0.0,9,0,0,3,0.6,0,0,0,0,0,0.3,1.425,villager,0,0,0,0,wolf,0,5,0.2,0.1788854381999832,0.0,0.9,5,7,0.0,observation_safe_surrogate
e42cc5bc8264aa5b59d2976dde7473b83b1389c4629daf5e90752481f2db7ca7,a1d0328c33eb2cda1a45f9d7c32429e2e804b85022d844c6b5de5196939c7e8b,ml_stage1_seed_45_game_9,45,9,1,night,seer_check,2,village,seer,3,1,0,information_gain_proxy,7,validation,seed_45_game_9,1,1,0,1,0,0,0,1,10,0,0,0.3,0,0,0.0,0.3,0,0,0,0,0,1,0,0,0.0,0.3,0,0,0,0,0,0,0,0,0,0,0.5,0,0,0.0,3,0,1,1,0.2,0,0,0,0,0,0.3,1.425,hunter,0,1,0,0,wolf,0,5,0.2,0.1788854381999832,0.0,0.5,5,7,0.0,observation_safe_surrogate
e42cc5bc8264aa5b59d2976dde7473b83b1389c4629daf5e90752481f2db7ca7,a1d0328c33eb2cda1a45f9d7c32429e2e804b85022d844c6b5de5196939c7e8b,ml_stage1_seed_45_game_9,45,9,1,night,seer_check,2,village,seer,4,1,0,information_gain_proxy,7,validation,seed_45_game_9,1,1,0,1,0,0,0,1,10,0,0,0.3,0,0,0.0,0.3,0,0,0,0,0,1,0,0,0.0,0.3,0,0,0,0,0,0,0,0,0,0,0.5,0,0,0.0,4,0,1,2,0.4,0,0,0,0,0,0.3,1.425,werewolf,1,0,1,1,wolf,0,5,0.4,0.21908902300206645,1.0,0.7,4,7,0.0,observation_safe_surrogate
e42cc5bc8264aa5b59d2976dde7473b83b1389c4629daf5e90752481f2db7ca7,a1d0328c33eb2cda1a45f9d7c32429e2e804b85022d844c6b5de5196939c7e8b,ml_stage1_seed_45_game_9,45,9,1,night,seer_check,2,village,seer,5,1,0,information_gain_proxy,7,validation,seed_45_game_9,1,1,0,1,0,0,0,1,10,0,0,0.3,0,0,0.0,0.3,0,0,0,0,0,1,0,0,0.0,0.3,0,0,0,0,0,0,0,0,0,0,0.5,0,0,0.0,5,1,1,3,0.6,0,0,0,0,0,0.3,1.425,villager,0,0,0,0,wolf,0,5,0.6,0.21908902300206645,0.0,0.9,3,7,0.0,observation_safe_surrogate
60589466f31cf7715560c88d034161cea09941c413f7d1e405cbba96cbc08183,bdceea19c92834d09421e466a52e6074e4a0c59e1015015bd19e4548d63bd09c,ml_stage1_seed_45_game_10,45,10,1,night,seer_check,4,village,seer,9,1,1,information_gain_proxy,9,validation,seed_45_game_10,1,1,0,1,0,0,0,1,10,0,0,0.3,0,0,0.0,0.3,0,0,0,0,0,1,0,0,0.0,0.3,0,0,0,0,0,0,0,0,0,0,0.5,0,0,0.0,9,0,0,5,1.0,0,0,0,0,0,0.3,1.425,villager,0,0,0,0,wolf,0,5,0.4,0.21908902300206645,0.0,1.3,5,1,0.4,observation_safe_surrogate
60589466f31cf7715560c88d034161cea09941c413f7d1e405cbba96cbc08183,bdceea19c92834d09421e466a52e6074e4a0c59e1015015bd19e4548d63bd09c,ml_stage1_seed_45_game_10,45,10,1,night,seer_check,4,village,seer,1,1,0,information_gain_proxy,9,validation,seed_45_game_10,1,1,0,1,0,0,0,1,10,0,0,0.3,0,0,0.0,0.3,0,0,0,0,0,1,0,0,0.0,0.3,0,0,0,0,0,0,0,0,0,0,0.5,0,0,0.0,1,1,1,3,0.6,0,0,0,0,0,0.3,1.425,werewolf,1,0,1,1,wolf,0,5,0.8,0.17888543819998315,1.0,0.9,1,1,0.4,observation_safe_surrogate
60589466f31cf7715560c88d034161cea09941c413f7d1e405cbba96cbc08183,bdceea19c92834d09421e466a52e6074e4a0c59e1015015bd19e4548d63bd09c,ml_stage1_seed_45_game_10,45,10,1,night,seer_check,4,village,seer,10,1,0,information_gain_proxy,9,validation,seed_45_game_10,1,1,0,1,0,0,0,1,10,0,0,0.3,0,0,0.0,0.3,0,0,0,0,0,1,0,0,0.0,0.3,0,0,0,0,0,0,0,0,0,0,0.5,0,0,0.0,10,1,0,4,0.8,0,0,0,0,0,0.3,1.425,hunter,0,1,0,0,wolf,0,5,0.6,0.21908902300206645,0.0,1.1,3,1,0.4,observation_safe_surrogate
60589466f31cf7715560c88d034161cea09941c413f7d1e405cbba96cbc08183,bdceea19c92834d09421e466a52e6074e4a0c59e1015015bd19e4548d63bd09c,ml_stage1_seed_45_game_10,45,10,1,night,seer_check,4,village,seer,6,1,0,information_gain_proxy,9,validation,seed_45_game_10,1,1,0,1,0,0,0,1,10,0,0,0.3,0,0,0.0,0.3,0,0,0,0,0,1,0,0,0.0,0.3,0,0,0,0,0,0,0,0,0,0,0.5,0,0,0.0,6,1,0,2,0.4,0,0,0,0,0,0.3,1.425,villager,0,0,0,0,wolf,0,5,0.4,0.21908902300206645,0.0,0.7,5,1,0.4,observation_safe_surrogate
60589466f31cf7715560c88d034161cea09941c413f7d1e405cbba96cbc08183,bdceea19c92834d09421e466a52e6074e4a0c59e1015015bd19e4548d63bd09c,ml_stage1_seed_45_game_10,45,10,1,night,seer_check,4,village,seer,3,1,0,information_gain_proxy,9,validation,seed_45_game_10,1,1,0,1,0,0,0,1,10,0,0,0.3,0,0,0.0,0.3,0,0,0,0,0,1,0,0,0.0,0.3,0,0,0,0,0,0,0,0,0,0,0.5,0,0,0.0,3,0,1,1,0.2,0,0,0,0,0,0.3,1.425,werewolf,1,0,1,1,wolf,0,5,0.8,0.17888543819998315,1.0,0.5,1,1,0.4,observation_safe_surrogate
60589466f31cf7715560c88d034161cea09941c413f7d1e405cbba96cbc08183,bdceea19c92834d09421e466a52e6074e4a0c59e1015015bd19e4548d63bd09c,ml_stage1_seed_45_game_10,45,10,1,night,seer_check,4,village,seer,7,1,0,information_gain_proxy,9,validation,seed_45_game_10,1,1,0,1,0,0,0,1,10,0,0,0.3,0,0,0.0,0.3,0,0,0,0,0,1,0,0,0.0,0.3,0,0,0,0,0,0,0,0,0,0,0.5,0,0,0.0,7,0,0,3,0.6,0,0,0,0,0,0.3,1.425,villager,0,0,0,0,wolf,0,5,0.6,0.21908902300206645,0.0,0.9,3,1,0.4,observation_safe_surrogate
b5586e1ff33753795170d33c6f89ce49b0da693f0b50c18068b15a4b08c8d5ce,479e79856f3ddc5dd3527fc4075329d9f9149b43ea22db0530cb2de4b7090f02,ml_stage1_seed_45_game_11,45,11,1,night,seer_check,2,village,seer,7,1,1,information_gain_proxy,7,validation,seed_45_game_11,1,1,0,1,0,0,0,1,10,0,0,0.3,0,0,0.0,0.3,0,0,0,0,0,1,0,0,0.0,0.3,0,0,0,0,0,0,0,0,0,0,0.5,0,0,0.0,7,0,0,5,1.0,0,0,0,0,0,0.3,1.425,hunter,0,1,0,0,wolf,0,5,0.2,0.1788854381999832,0.0,1.3,6,1,0.8,observation_safe_surrogate
b5586e1ff33753795170d33c6f89ce49b0da693f0b50c18068b15a4b08c8d5ce,479e79856f3ddc5dd3527fc4075329d9f9149b43ea22db0530cb2de4b7090f02,ml_stage1_seed_45_game_11,45,11,1,night,seer_check,2,village,seer,1,1,0,information_gain_proxy,7,validation,seed_45_game_11,1,1,0,1,0,0,0,1,10,0,0,0.3,0,0,0.0,0.3,0,0,0,0,0,1,0,0,0.0,0.3,0,0,0,0,0,0,0,0,0,0,0.5,0,0,0.0,1,1,1,1,0.2,0,0,0,0,0,0.3,1.425,werewolf,1,0,1,1,wolf,0,5,1.0,0.0,1.0,0.5,1,1,0.8,observation_safe_surrogate
b5586e1ff33753795170d33c6f89ce49b0da693f0b50c18068b15a4b08c8d5ce,479e79856f3ddc5dd3527fc4075329d9f9149b43ea22db0530cb2de4b7090f02,ml_stage1_seed_45_game_11,45,11,1,night,seer_check,2,village,seer,8,1,0,information_gain_proxy,7,validation,seed_45_game_11,1,1,0,1,0,0,0,1,10,0,0,0.3,0,0,0.0,0.3,0,0,0,0,0,1,0,0,0.0,0.3,0,0,0,0,0,0,0,0,0,0,0.5,0,0,0.0,8,0,0,4,0.8,0,0,0,0,0,0.3,1.425,werewolf,1,0,1,1,wolf,0,5,0.8,0.17888543819998315,1.0,1.1,3,1,0.8,observation_safe_surrogate
b5586e1ff33753795170d33c6f89ce49b0da693f0b50c18068b15a4b08c8d5ce,479e79856f3ddc5dd3527fc4075329d9f9149b43ea22db0530cb2de4b7090f02,ml_stage1_seed_45_game_11,45,11,1,night,seer_check,2,village,seer,4,1,0,information_gain_proxy,7,validation,seed_45_game_11,1,1,0,1,0,0,0,1,10,0,0,0.3,0,0,0.0,0.3,0,0,0,0,0,1,0,0,0.0,0.3,0,0,0,0,0,0,0,0,0,0,0.5,0,0,0.0,4,0,1,2,0.4,0,0,0,0,0,0.3,1.425,villager,0,0,0,0,wolf,0,5,0.4,0.21908902300206645,0.0,0.7,5,1,0.8,observation_safe_surrogate
b5586e1ff33753795170d33c6f89ce49b0da693f0b50c18068b15a4b08c8d5ce,479e79856f3ddc5dd3527fc4075329d9f9149b43ea22db0530cb2de4b7090f02,ml_stage1_seed_45_game_11,45,11,1,night,seer_check,2,village,seer,5,1,0,information_gain_proxy,7,validation,seed_45_game_11,1,1,0,1,0,0,0,1,10,0,0,0.3,0,0,0.0,0.3,0,0,0,0,0,1,0,0,0.0,0.3,0,0,0,0,0,0,0,0,0,0,0.5,0,0,0.0,5,1,1,3,0.6,0,0,0,0,0,0.3,1.425,werewolf,1,0,1,1,wolf,0,5,1.0,0.0,1.0,0.9,1,1,0.8,observation_safe_surrogate
b5586e1ff33753795170d33c6f89ce49b0da693f0b50c18068b15a4b08c8d5ce,479e79856f3ddc5dd3527fc4075329d9f9149b43ea22db0530cb2de4b7090f02,ml_stage1_seed_45_game_11,45,11,1,night,seer_check,2,village,seer,10,1,0,information_gain_proxy,7,validation,seed_45_game_11,1,1,0,1,0,0,0,1,10,0,0,0.3,0,0,0.0,0.3,0,0,0,0,0,1,0,0,0.0,0.3,0,0,0,0,0,0,0,0,0,0,0.5,0,0,0.0,10,1,0,2,0.4,0,0,0,0,0,0.3,1.425,witch,0,1,0,0,wolf,0,5,0.6,0.21908902300206645,0.0,0.7,4,1,0.8,observation_safe_surrogate
4a2730d3957743bf6193031edb41796c2d5abae8637faa845eef963cf90b502b,643fcc7fa6929a5c1683672528c234d1278554454caf653c9ff525cc965c1210,ml_stage1_seed_45_game_11,45,11,2,night,seer_check,2,village,seer,5,1,1,information_gain_proxy,5,validation,seed_45_game_11,2,1,0,1,0,0,0,1,9,1,1,0.32182499999999997,0,1,0.0,0.3,0,0,1,1,0,1,0,0,0.00375,0.30374999999999996,0,1,0,0,1,0,1,0,0,0,0.48,0,0,1.0,5,1,1,3,0.4,0,0,0,0,0,0.30374999999999996,1.423125,werewolf,1,0,1,1,wolf,0,5,0.6,0.21908902300206645,1.0,0.70375,2,8,0.20000000000000007,observation_safe_surrogate
4a2730d3957743bf6193031edb41796c2d5abae8637faa845eef963cf90b502b,643fcc7fa6929a5c1683672528c234d1278554454caf653c9ff525cc965c1210,ml_stage1_seed_45_game_11,45,11,2,night,seer_check,2,village,seer,9,1,0,information_gain_proxy,5,validation,seed_45_game_11,2,1,0,1,0,0,0,1,9,1,1,0.32182499999999997,0,1,0.0,0.3,0,0,1,1,0,1,0,0,0.03,0.32999999999999996,0,1,1,0,1,0,1,0,0,0,0.32,0,0,1.0,9,0,0,3,0.4,0,0,0,0,0,0.32999999999999996,1.41,villager,0,0,0,0,wolf,0,5,0.6,0.21908902300206645,0.0,0.73,2,8,0.20000000000000007,observation_safe_surrogate
4a2730d3957743bf6193031edb41796c2d5abae8637faa845eef963cf90b502b,643fcc7fa6929a5c1683672528c234d1278554454caf653c9ff525cc965c1210,ml_stage1_seed_45_game_11,45,11,2,night,seer_check,2,village,seer,6,1,0,information_gain_proxy,5,validation,seed_45_game_11,2,1,0,1,0,0,0,1,9,1,1,0.32182499999999997,0,1,0.0,0.3,0,0,1,1,0,1,0,0,0.013999999999999999,0.328,1,0,0,0,1,0,1,1,0,0,0.5,0,0,1.0,6,1,0,4,0.2,0,0,0,0,0,0.328,1.4144999999999999,villager,0,0,0,0,wolf,0,5,0.2,0.1788854381999832,0.0,0.528,5,8,0.20000000000000007,observation_safe_surrogate
4a2730d3957743bf6193031edb41796c2d5abae8637faa845eef963cf90b502b,643fcc7fa6929a5c1683672528c234d1278554454caf653c9ff525cc965c1210,ml_stage1_seed_45_game_11,45,11,2,night,seer_check,2,village,seer,8,1,0,information_gain_proxy,5,validation,seed_45_game_11,2,1,0,1,0,0,0,1,9,1,1,0.32182499999999997,0,1,0.0,0.3,0,0,1,1,0,1,0,0,0.00375,0.30374999999999996,0,1,0,0,1,0,1,0,0,0,0.48,0,0,1.0,8,0,0,4,0.2,0,0,0,0,0,0.30374999999999996,1.423125,werewolf,1,0,1,1,wolf,0,5,0.8,0.17888543819998315,1.0,0.5037499999999999,1,8,0.20000000000000007,observation_safe_surrogate
4a2730d3957743bf6193031edb41796c2d5abae8637faa845eef963cf90b502b,643fcc7fa6929a5c1683672528c234d1278554454caf653c9ff525cc965c1210,ml_stage1_seed_45_game_11,45,11,2,night,seer_check,2,village,seer,1,1,0,information_gain_proxy,5,validation,seed_45_game_11,2,1,0,1,0,0,0,1,9,1,1,0.32182499999999997,0,1,0.0,0.3,0,0,1,1,0,1,0,0,0.0,0.24774999999999997,0,1,0,0,1,0,1,0,0,0,0.48,0,0,1.0,1,1,1,1,0.8,0,0,0,0,0,0.24774999999999997,1.4380625,werewolf,1,0,1,1,wolf,0,5,0.4,0.21908902300206645,1.0,1.04775,4,8,0.20000000000000007,observation_safe_surrogate
4a2730d3957743bf6193031edb41796c2d5abae8637faa845eef963cf90b502b,643fcc7fa6929a5c1683672528c234d1278554454caf653c9ff525cc965c1210,ml_stage1_seed_45_game_11,45,11,2,night,seer_check,2,village,seer,10,1,0,information_gain_proxy,5,validation,seed_45_game_11,2,1,0,1,0,0,0,1,9,1,1,0.32182499999999997,0,1,0.0,0.3,0,0,1,1,0,1,0,0,0.0,0.3,0,0,0,0,1,0,1,0,0,0,0.5,0,0,1.0,10,1,0,2,0.6,0,0,0,0,0,0.3,1.425,witch,0,1,0,0,wolf,0,5,0.0,0.0,0.0,0.9,6,8,0.20000000000000007,observation_safe_surrogate
b75a20243196914aa1495f7fa38e7d07525d99ee976afc46afdd6d2903b5ee0f,9dfbfa91ceb419001e6e05f30a976cc9b70dc2cf1978b5d1c3746b38a7596233,ml_stage1_seed_45_game_12,45,12,1,night,seer_check,5,village,seer,10,1,1,information_gain_proxy,10,validation,seed_45_game_12,1,1,0,1,0,0,0,1,10,0,0,0.3,0,0,0.0,0.3,0,0,0,0,0,1,0,0,0.0,0.3,0,0,0,0,0,0,0,0,0,0,0.5,0,0,0.0,10,1,0,5,1.0,0,0,0,0,0,0.3,1.425,villager,0,0,0,0,village,1,5,0.8,0.17888543819998315,0.0,1.3,3,3,0.19999999999999996,observation_safe_surrogate
b75a20243196914aa1495f7fa38e7d07525d99ee976afc46afdd6d2903b5ee0f,9dfbfa91ceb419001e6e05f30a976cc9b70dc2cf1978b5d1c3746b38a7596233,ml_stage1_seed_45_game_12,45,12,1,night,seer_check,5,village,seer,1,1,0,information_gain_proxy,10,validation,seed_45_game_12,1,1,0,1,0,0,0,1,10,0,0,0.3,0,0,0.0,0.3,0,0,0,0,0,1,0,0,0.0,0.3,0,0,0,0,0,0,0,0,0,0,0.5,0,0,0.0,1,1,1,4,0.8,0,0,0,0,0,0.3,1.425,werewolf,1,0,1,1,village,1,5,0.8,0.17888543819998315,1.0,1.1,3,3,0.19999999999999996,observation_safe_surrogate
b75a20243196914aa1495f7fa38e7d07525d99ee976afc46afdd6d2903b5ee0f,9dfbfa91ceb419001e6e05f30a976cc9b70dc2cf1978b5d1c3746b38a7596233,ml_stage1_seed_45_game_12,45,12,1,night,seer_check,5,village,seer,7,1,0,information_gain_proxy,10,validation,seed_45_game_12,1,1,0,1,0,0,0,1,10,0,0,0.3,0,0,0.0,0.3,0,0,0,0,0,1,0,0,0.0,0.3,0,0,0,0,0,0,0,0,0,0,0.5,0,0,0.0,7,0,0,2,0.4,0,0,0,0,0,0.3,1.425,hunter,0,1,0,0,village,1,5,1.0,0.0,0.0,0.7,1,3,0.19999999999999996,observation_safe_surrogate
b75a20243196914aa1495f7fa38e7d07525d99ee976afc46afdd6d2903b5ee0f,9dfbfa91ceb419001e6e05f30a976cc9b70dc2cf1978b5d1c3746b38a7596233,ml_stage1_seed_45_game_12,45,12,1,night,seer_check,5,village,seer,3,1,0,information_gain_proxy,10,validation,seed_45_game_12,1,1,0,1,0,0,0,1,10,0,0,0.3,0,0,0.0,0.3,0,0,0,0,0,1,0,0,0.0,0.3,0,0,0,0,0,0,0,0,0,0,0.5,0,0,0.0,3,0,1,2,0.4,0,0,0,0,0,0.3,1.425,werewolf,1,0,1,1,village,1,5,1.0,0.0,1.0,0.7,1,3,0.19999999999999996,observation_safe_surrogate
b75a20243196914aa1495f7fa38e7d07525d99ee976afc46afdd6d2903b5ee0f,9dfbfa91ceb419001e6e05f30a976cc9b70dc2cf1978b5d1c3746b38a7596233,ml_stage1_seed_45_game_12,45,12,1,night,seer_check,5,village,seer,8,1,0,information_gain_proxy,10,validation,seed_45_game_12,1,1,0,1,0,0,0,1,10,0,0,0.3,0,0,0.0,0.3,0,0,0,0,0,1,0,0,0.0,0.3,0,0,0,0,0,0,0,0,0,0,0.5,0,0,0.0,8,0,0,3,0.6,0,0,0,0,0,0.3,1.425,villager,0,0,0,0,village,1,5,0.6,0.21908902300206645,0.0,0.9,6,3,0.19999999999999996,observation_safe_surrogate
b75a20243196914aa1495f7fa38e7d07525d99ee976afc46afdd6d2903b5ee0f,9dfbfa91ceb419001e6e05f30a976cc9b70dc2cf1978b5d1c3746b38a7596233,ml_stage1_seed_45_game_12,45,12,1,night,seer_check,5,village,seer,9,1,0,information_gain_proxy,10,validation,seed_45_game_12,1,1,0,1,0,0,0,1,10,0,0,0.3,0,0,0.0,0.3,0,0,0,0,0,1,0,0,0.0,0.3,0,0,0,0,0,0,0,0,0,0,0.5,0,0,0.0,9,0,0,4,0.8,0,0,0,0,0,0.3,1.425,villager,0,0,0,0,village,1,5,0.8,0.17888543819998315,0.0,1.1,3,3,0.19999999999999996,observation_safe_surrogate
87180e40938aad25226491d897b521803b723e32f6291840dd0c2253c710836f,aebaf80db50ec229f582a30d5d73a135348d95a3a853aca5ea849908ae126dd8,ml_stage1_seed_45_game_12,45,12,2,night,seer_check,5,village,seer,2,1,1,information_gain_proxy,2,validation,seed_45_game_12,2,1,0,1,0,0,0,1,9,1,1,0.34357499999999996,0,1,0.0,0.3,0,0,1,1,0,1,0,0,0.00375,0.30374999999999996,0,1,0,0,1,0,1,0,0,0,0.48,0,0,1.0,2,0,1,3,0.4,0,0,0,0,0,0.30374999999999996,1.423125,werewolf,1,0,1,1,village,1,5,1.0,0.0,1.0,0.70375,1,2,0.0,observation_safe_surrogate
87180e40938aad25226491d897b521803b723e32f6291840dd0c2253c710836f,aebaf80db50ec229f582a30d5d73a135348d95a3a853aca5ea849908ae126dd8,ml_stage1_seed_45_game_12,45,12,2,night,seer_check,5,village,seer,9,1,0,information_gain_proxy,2,validation,seed_45_game_12,2,1,0,1,0,0,0,1,9,1,1,0.34357499999999996,0,1,0.0,0.3,0,0,1,1,0,1,0,0,0.034999999999999996,0.48999999999999994,1,1,0,3,1,0,1,0,0,0,0.5,0,0,2.5,9,0,0,4,0.2,0,0,0,0,0,0.48999999999999994,1.36875,villager,0,0,0,0,village,1,5,0.4,0.21908902300206645,0.0,0.69,6,2,0.0,observation_safe_surrogate
87180e40938aad25226491d897b521803b723e32f6291840dd0c2253c710836f,aebaf80db50ec229f582a30d5d73a135348d95a3a853aca5ea849908ae126dd8,ml_stage1_seed_45_game_12,45,12,2,night,seer_check,5,village,seer,7,1,0,information_gain_proxy,2,validation,seed_45_game_12,2,1,0,1,0,0,0,1,9,1,1,0.34357499999999996,0,1,0.0,0.3,0,0,1,1,0,1,0,0,0.041999999999999996,0.46399999999999997,1,0,0,2,1,0,1,1,0,0,0.5,0,0,2.0,7,0,0,2,0.6,0,0,0,0,0,0.46399999999999997,1.3735,hunter,0,1,0,0,village,1,5,0.8,0.17888543819998315,0.0,1.064,3,2,0.0,observation_safe_surrogate
87180e40938aad25226491d897b521803b723e32f6291840dd0c2253c710836f,aebaf80db50ec229f582a30d5d73a135348d95a3a853aca5ea849908ae126dd8,ml_stage1_seed_45_game_12,45,12,2,night,seer_check,5,village,seer,4,1,0,information_gain_proxy,2,validation,seed_45_game_12,2,1,0,1,0,0,0,1,9,1,1,0.34357499999999996,0,1,0.0,0.3,0,0,1,1,0,1,0,0,0.034999999999999996,0.37,1,1,0,0,1,0,1,0,0,0,0.5,0,0,1.0,4,0,1,1,0.8,0,0,0,0,0,0.37,1.39875,witch,0,1,0,0,village,1,5,0.6,0.21908902300206645,0.0,1.17,4,2,0.0,observation_safe_surrogate
87180e40938aad25226491d897b521803b723e32f6291840dd0c2253c710836f,aebaf80db50ec229f582a30d5d73a135348d95a3a853aca5ea849908ae126dd8,ml_stage1_seed_45_game_12,45,12,2,night,seer_check,5,village,seer,8,1,0,information_gain_proxy,2,validation,seed_45_game_12,2,1,0,1,0,0,0,1,9,1,1,0.34357499999999996,0,1,0.0,0.3,0,0,1,1,0,1,0,0,0.0,0.3,0,0,0,0,1,0,1,0,0,0,0.5,0,0,1.0,8,0,0,3,0.4,0,0,0,0,0,0.3,1.425,villager,0,0,0,0,village,1,5,0.6,0.21908902300206645,0.0,0.7,4,2,0.0,observation_safe_surrogate
87180e40938aad25226491d897b521803b723e32f6291840dd0c2253c710836f,aebaf80db50ec229f582a30d5d73a135348d95a3a853aca5ea849908ae126dd8,ml_stage1_seed_45_game_12,45,12,2,night,seer_check,5,village,seer,3,1,0,information_gain_proxy,2,validation,seed_45_game_12,2,1,0,1,0,0,0,1,9,1,1,0.34357499999999996,0,1,0.0,0.3,0,0,1,1,0,1,0,0,0.021249999999999998,0.33874999999999994,1,1,0,0,1,0,1,0,0,0,0.48,0,0,1.0,3,0,1,2,0.6,0,0,0,0,0,0.33874999999999994,1.41,werewolf,1,0,1,1,village,1,5,1.0,0.0,1.0,0.93875,1,2,0.0,observation_safe_surrogate
42545f9d888b44206ac16c77b1a38ade6fb830a930dfa90bbc920ddc4c5cf26a,2d1cacca0b74c4a8702b6df77ad51ba5d1e3af32bb4d56e3f21b0e34e030ccc6,ml_stage1_seed_46_game_1,46,1,1,night,seer_check,1,village,seer,6,1,1,information_gain_proxy,6,test,seed_46_game_1,1,1,0,1,0,0,0,1,10,0,0,0.3,0,0,0.0,0.3,0,0,0,0,0,1,0,0,0.0,0.3,0,0,0,0,0,0,0,0,0,0,0.5,0,0,0.0,6,1,0,5,1.0,0,0,0,0,0,0.3,1.425,hunter,0,1,0,0,wolf,0,5,0.6,0.21908902300206645,0.0,1.3,4,5,0.4,observation_safe_surrogate
42545f9d888b44206ac16c77b1a38ade6fb830a930dfa90bbc920ddc4c5cf26a,2d1cacca0b74c4a8702b6df77ad51ba5d1e3af32bb4d56e3f21b0e34e030ccc6,ml_stage1_seed_46_game_1,46,1,1,night,seer_check,1,village,seer,10,1,0,information_gain_proxy,6,test,seed_46_game_1,1,1,0,1,0,0,0,1,10,0,0,0.3,0,0,0.0,0.3,0,0,0,0,0,1,0,0,0.0,0.3,0,0,0,0,0,0,0,0,0,0,0.5,0,0,0.0,10,1,0,1,0.2,0,0,0,0,0,0.3,1.425,villager,0,0,0,0,wolf,0,5,0.4,0.21908902300206645,0.0,0.5,5,5,0.4,observation_safe_surrogate
42545f9d888b44206ac16c77b1a38ade6fb830a930dfa90bbc920ddc4c5cf26a,2d1cacca0b74c4a8702b6df77ad51ba5d1e3af32bb4d56e3f21b0e34e030ccc6,ml_stage1_seed_46_game_1,46,1,1,night,seer_check,1,village,seer,7,1,0,information_gain_proxy,6,test,seed_46_game_1,1,1,0,1,0,0,0,1,10,0,0,0.3,0,0,0.0,0.3,0,0,0,0,0,1,0,0,0.0,0.3,0,0,0,0,0,0,0,0,0,0,0.5,0,0,0.0,7,0,0,4,0.8,0,0,0,0,0,0.3,1.425,villager,0,0,0,0,wolf,0,5,0.8,0.17888543819998315,0.0,1.1,2,5,0.4,observation_safe_surrogate
42545f9d888b44206ac16c77b1a38ade6fb830a930dfa90bbc920ddc4c5cf26a,2d1cacca0b74c4a8702b6df77ad51ba5d1e3af32bb4d56e3f21b0e34e030ccc6,ml_stage1_seed_46_game_1,46,1,1,night,seer_check,1,village,seer,8,1,0,information_gain_proxy,6,test,seed_46_game_1,1,1,0,1,0,0,0,1,10,0,0,0.3,0,0,0.0,0.3,0,0,0,0,0,1,0,0,0.0,0.3,0,0,0,0,0,0,0,0,0,0,0.5,0,0,0.0,8,0,0,3,0.6,0,0,0,0,0,0.3,1.425,villager,0,0,0,0,wolf,0,5,0.2,0.1788854381999832,0.0,0.9,6,5,0.4,observation_safe_surrogate
42545f9d888b44206ac16c77b1a38ade6fb830a930dfa90bbc920ddc4c5cf26a,2d1cacca0b74c4a8702b6df77ad51ba5d1e3af32bb4d56e3f21b0e34e030ccc6,ml_stage1_seed_46_game_1,46,1,1,night,seer_check,1,village,seer,4,1,0,information_gain_proxy,6,test,seed_46_game_1,1,1,0,1,0,0,0,1,10,0,0,0.3,0,0,0.0,0.3,0,0,0,0,0,1,0,0,0.0,0.3,0,0,0,0,0,0,0,0,0,0,0.5,0,0,0.0,4,0,1,3,0.6,0,0,0,0,0,0.3,1.425,werewolf,1,0,1,1,wolf,0,5,0.8,0.17888543819998315,1.0,0.9,2,5,0.4,observation_safe_surrogate
42545f9d888b44206ac16c77b1a38ade6fb830a930dfa90bbc920ddc4c5cf26a,2d1cacca0b74c4a8702b6df77ad51ba5d1e3af32bb4d56e3f21b0e34e030ccc6,ml_stage1_seed_46_game_1,46,1,1,night,seer_check,1,village,seer,5,1,0,information_gain_proxy,6,test,seed_46_game_1,1,1,0,1,0,0,0,1,10,0,0,0.3,0,0,0.0,0.3,0,0,0,0,0,1,0,0,0.0,0.3,0,0,0,0,0,0,0,0,0,0,0.5,0,0,0.0,5,1,1,4,0.8,0,0,0,0,0,0.3,1.425,werewolf,1,0,1,1,wolf,0,5,1.0,0.0,1.0,1.1,1,5,0.4,observation_safe_surrogate
871057f5cdea29ee8fc10576f20d06f8ba6d5a71f94d694a56a3135cdeb51a13,b89493f78d6cb7ea6cb285d6a97957ef3627894f622ea9873ef0c01f7151ca04,ml_stage1_seed_46_game_2,46,2,1,night,seer_check,10,village,seer,5,1,1,information_gain_proxy,5,test,seed_46_game_2,1,1,0,1,0,0,0,1,10,0,0,0.3,0,0,0.0,0.3,0,0,0,0,0,1,0,0,0.0,0.3,0,0,0,0,0,0,0,0,0,0,0.5,0,0,0.0,5,1,1,5,1.0,0,0,0,0,0,0.3,1.425,werewolf,1,0,1,1,wolf,0,5,1.0,0.0,1.0,1.3,1,5,0.0,observation_safe_surrogate
871057f5cdea29ee8fc10576f20d06f8ba6d5a71f94d694a56a3135cdeb51a13,b89493f78d6cb7ea6cb285d6a97957ef3627894f622ea9873ef0c01f7151ca04,ml_stage1_seed_46_game_2,46,2,1,night,seer_check,10,village,seer,1,1,0,information_gain_proxy,5,test,seed_46_game_2,1,1,0,1,0,0,0,1,10,0,0,0.3,0,0,0.0,0.3,0,0,0,0,0,1,0,0,0.0,0.3,0,0,0,0,0,0,0,0,0,0,0.5,0,0,0.0,1,1,1,1,0.2,0,0,0,0,0,0.3,1.425,witch,0,1,0,0,wolf,0,5,0.2,0.1788854381999832,0.0,0.5,5,5,0.0,observation_safe_surrogate
871057f5cdea29ee8fc10576f20d06f8ba6d5a71f94d694a56a3135cdeb51a13,b89493f78d6cb7ea6cb285d6a97957ef3627894f622ea9873ef0c01f7151ca04,ml_stage1_seed_46_game_2,46,2,1,night,seer_check,10,village,seer,4,1,0,information_gain_proxy,5,test,seed_46_game_2,1,1,0,1,0,0,0,1,10,0,0,0.3,0,0,0.0,0.3,0,0,0,0,0,1,0,0,0.0,0.3,0,0,0,0,0,0,0,0,0,0,0.5,0,0,0.0,4,0,1,4,0.8,0,0,0,0,0,0.3,1.425,villager,0,0,0,0,wolf,0,5,0.6,0.21908902300206645,0.0,1.1,2,5,0.0,observation_safe_surrogate
871057f5cdea29ee8fc10576f20d06f8ba6d5a71f94d694a56a3135cdeb51a13,b89493f78d6cb7ea6cb285d6a97957ef3627894f622ea9873ef0c01f7151ca04,ml_stage1_seed_46_game_2,46,2,1,night,seer_check,10,village,seer,7,1,0,information_gain_proxy,5,test,seed_46_game_2,1,1,0,1,0,0,0,1,10,0,0,0.3,0,0,0.0,0.3,0,0,0,0,0,1,0,0,0.0,0.3,0,0,0,0,0,0,0,0,0,0,0.5,0,0,0.0,7,0,0,3,0.6,0,0,0,0,0,0.3,1.425,villager,0,0,0,0,wolf,0,5,0.4,0.21908902300206645,0.0,0.9,4,5,0.0,observation_safe_surrogate
871057f5cdea29ee8fc10576f20d06f8ba6d5a71f94d694a56a3135cdeb51a13,b89493f78d6cb7ea6cb285d6a97957ef3627894f622ea9873ef0c01f7151ca04,ml_stage1_seed_46_game_2,46,2,1,night,seer_check,10,village,seer,8,1,0,information_gain_proxy,5,test,seed_46_game_2,1,1,0,1,0,0,0,1,10,0,0,0.3,0,0,0.0,0.3,0,0,0,0,0,1,0,0,0.0,0.3,0,0,0,0,0,0,0,0,0,0,0.5,0,0,0.0,8,0,0,2,0.4,0,0,0,0,0,0.3,1.425,werewolf,1,0,1,1,wolf,0,5,0.6,0.21908902300206645,1.0,0.7,2,5,0.0,observation_safe_surrogate
871057f5cdea29ee8fc10576f20d06f8ba6d5a71f94d694a56a3135cdeb51a13,b89493f78d6cb7ea6cb285d6a97957ef3627894f622ea9873ef0c01f7151ca04,ml_stage1_seed_46_game_2,46,2,1,night,seer_check,10,village,seer,6,1,0,information_gain_proxy,5,test,seed_46_game_2,1,1,0,1,0,0,0,1,10,0,0,0.3,0,0,0.0,0.3,0,0,0,0,0,1,0,0,0.0,0.3,0,0,0,0,0,0,0,0,0,0,0.5,0,0,0.0,6,1,0,4,0.8,0,0,0,0,0,0.3,1.425,villager,0,0,0,0,wolf,0,5,0.2,0.1788854381999832,0.0,1.1,5,5,0.0,observation_safe_surrogate
0ca045214a383f184d45e1c74fe1a604dc5d5729543465689ab7176c4fd84799,2878f243535c03476cdfa37ecc3fb5e080c73cb809ea64a06218620055ba111c,ml_stage1_seed_46_game_2,46,2,2,night,seer_check,10,village,seer,7,1,1,information_gain_proxy,7,test,seed_46_game_2,2,1,0,1,0,0,0,1,9,1,1,0.3148749999999999,0,1,0.034999999999999996,0.37,0,0,1,1,0,1,0,0,0.041999999999999996,0.424,1,0,0,1,1,0,1,1,0,0,0.5,0,0,1.5,7,0,0,3,0.4,0,0,0,0,0,0.424,1.3835000000000002,villager,0,0,0,0,wolf,0,5,0.4,0.21908902300206645,0.0,0.8240000000000001,5,8,0.6,observation_safe_surrogate
0ca045214a383f184d45e1c74fe1a604dc5d5729543465689ab7176c4fd84799,2878f243535c03476cdfa37ecc3fb5e080c73cb809ea64a06218620055ba111c,ml_stage1_seed_46_game_2,46,2,2,night,seer_check,10,village,seer,6,1,0,information_gain_proxy,7,test,seed_46_game_2,2,1,0,1,0,0,0,1,9,1,1,0.3148749999999999,0,1,0.034999999999999996,0.37,0,0,1,1,0,1,0,0,0.048999999999999995,0.398,2,0,0,0,1,0,1,1,0,0,0.5,0,0,1.0,6,1,0,4,0.2,0,0,0,0,0,0.398,1.38825,villager,0,0,0,0,wolf,0,5,0.6,0.21908902300206645,0.0,0.5980000000000001,3,8,0.6,observation_safe_surrogate
0ca045214a383f184d45e1c74fe1a604dc5d5729543465689ab7176c4fd84799,2878f243535c03476cdfa37ecc3fb5e080c73cb809ea64a06218620055ba111c,ml_stage1_seed_46_game_2,46,2,2,night,seer_check,10,village,seer,1,1,0,information_gain_proxy,7,test,seed_46_game_2,2,1,0,1,0,0,0,1,9,1,1,0.3148749999999999,0,1,0.034999999999999996,0.37,0,0,1,1,0,1,0,0,0.0,0.244,0,1,0,0,1,0,1,0,0,0,0.5,0,0,1.0,1,1,1,1,0.8,0,0,0,0,0,0.244,1.439,witch,0,1,0,0,wolf,0,5,0.6,0.21908902300206645,0.0,1.044,3,8,0.6,observation_safe_surrogate
0ca045214a383f184d45e1c74fe1a604dc5d5729543465689ab7176c4fd84799,2878f243535c03476cdfa37ecc3fb5e080c73cb809ea64a06218620055ba111c,ml_stage1_seed_46_game_2,46,2,2,night,seer_check,10,village,seer,2,1,0,information_gain_proxy,7,test,seed_46_game_2,2,1,0,1,0,0,0,1,9,1,1,0.3148749999999999,0,1,0.034999999999999996,0.37,0,0,1,1,0,1,0,0,0.017499999999999998,0.33499999999999996,1,0,0,0,1,0,1,0,0,0,0.5,1,0,1.0,2,0,1,2,0.6,1,0,0,0,0,0.33499999999999996,1.411875,hunter,0,1,0,0,wolf,0,5,0.2,0.1788854381999832,0.0,0.9349999999999999,6,8,0.6,observation_safe_surrogate
0ca045214a383f184d45e1c74fe1a604dc5d5729543465689ab7176c4fd84799,2878f243535c03476cdfa37ecc3fb5e080c73cb809ea64a06218620055ba111c,ml_stage1_seed_46_game_2,46,2,2,night,seer_check,10,village,seer,9,1,0,information_gain_proxy,7,test,seed_46_game_2,2,1,0,1,0,0,0,1,9,1,1,0.3148749999999999,0,1,0.034999999999999996,0.37,0,0,1,1,0,1,0,0,0.00375,0.30374999999999996,0,1,0,0,1,0,1,0,0,0,0.48,0,0,1.0,9,0,0,1,0.8,0,0,0,0,0,0.30374999999999996,1.423125,werewolf,1,0,1,1,wolf,0,5,1.0,0.0,1.0,1.10375,1,8,0.6,observation_safe_surrogate
0ca045214a383f184d45e1c74fe1a604dc5d5729543465689ab7176c4fd84799,2878f243535c03476cdfa37ecc3fb5e080c73cb809ea64a06218620055ba111c,ml_stage1_seed_46_game_2,46,2,2,night,seer_check,10,village,seer,8,1,0,information_gain_proxy,7,test,seed_46_game_2,2,1,0,1,0,0,0,1,9,1,1,0.3148749999999999,0,1,0.034999999999999996,0.37,0,0,1,1,0,1,0,0,0.00375,0.30374999999999996,0,1,0,0,1,0,1,0,0,0,0.48,0,0,1.0,8,0,0,2,0.6,0,0,0,0,0,0.30374999999999996,1.423125,werewolf,1,0,1,1,wolf,0,5,1.0,0.0,1.0,0.9037499999999999,1,8,0.6,observation_safe_surrogate
e75a9dbb4bc65e3f10ad4b108678d2da7c06d0870f1ce62d153de1766f7773b4,bc47a4aa2eb0184b5cd293565e19c6b7a2d889e1c87709f7fdb19ce585ae0a64,ml_stage1_seed_46_game_3,46,3,1,night,seer_check,7,village,seer,2,1,1,information_gain_proxy,2,test,seed_46_game_3,1,1,0,1,0,0,0,1,10,0,0,0.3,0,0,0.0,0.3,0,0,0,0,0,1,0,0,0.0,0.3,0,0,0,0,0,0,0,0,0,0,0.5,0,0,0.0,2,0,1,5,1.0,0,0,0,0,0,0.3,1.425,villager,0,0,0,0,wolf,0,5,0.6,0.21908902300206645,0.0,1.3,3,9,0.4,observation_safe_surrogate
e75a9dbb4bc65e3f10ad4b108678d2da7c06d0870f1ce62d153de1766f7773b4,bc47a4aa2eb0184b5cd293565e19c6b7a2d889e1c87709f7fdb19ce585ae0a64,ml_stage1_seed_46_game_3,46,3,1,night,seer_check,7,village,seer,1,1,0,information_gain_proxy,2,test,seed_46_game_3,1,1,0,1,0,0,0,1,10,0,0,0.3,0,0,0.0,0.3,0,0,0,0,0,1,0,0,0.0,0.3,0,0,0,0,0,0,0,0,0,0,0.5,0,0,0.0,1,1,1,4,0.8,0,0,0,0,0,0.3,1.425,witch,0,1,0,0,wolf,0,5,0.4,0.21908902300206645,0.0,1.1,4,9,0.4,observation_safe_surrogate
e75a9dbb4bc65e3f10ad4b108678d2da7c06d0870f1ce62d153de1766f7773b4,bc47a4aa2eb0184b5cd293565e19c6b7a2d889e1c87709f7fdb19ce585ae0a64,ml_stage1_seed_46_game_3,46,3,1,night,seer_check,7,village,seer,5,1,0,information_gain_proxy,2,test,seed_46_game_3,1,1,0,1,0,0,0,1,10,0,0,0.3,0,0,0.0,0.3,0,0,0,0,0,1,0,0,0.0,0.3,0,0,0,0,0,0,0,0,0,0,0.5,0,0,0.0,5,1,1,2,0.4,0,0,0,0,0,0.3,1.425,villager,0,0,0,0,wolf,0,5,0.4,0.21908902300206645,0.0,0.7,4,9,0.4,observation_safe_surrogate
e75a9dbb4bc65e3f10ad4b108678d2da7c06d0870f1ce62d153de1766f7773b4,bc47a4aa2eb0184b5cd293565e19c6b7a2d889e1c87709f7fdb19ce585ae0a64,ml_stage1_seed_46_game_3,46,3,1,night,seer_check,7,village,seer,9,1,0,information_gain_proxy,2,test,seed_46_game_3,1,1,0,1,0,0,0,1,10,0,0,0.3,0,0,0.0,0.3,0,0,0,0,0,1,0,0,0.0,0.3,0,0,0,0,0,0,0,0,0,0,0.5,0,0,0.0,9,0,0,2,0.4,0,0,0,0,0,0.3,1.425,werewolf,1,0,1,1,wolf,0,5,1.0,0.0,1.0,0.7,1,9,0.4,observation_safe_surrogate
e75a9dbb4bc65e3f10ad4b108678d2da7c06d0870f1ce62d153de1766f7773b4,bc47a4aa2eb0184b5cd293565e19c6b7a2d889e1c87709f7fdb19ce585ae0a64,ml_stage1_seed_46_game_3,46,3,1,night,seer_check,7,village,seer,6,1,0,information_gain_proxy,2,test,seed_46_game_3,1,1,0,1,0,0,0,1,10,0,0,0.3,0,0,0.0,0.3,0,0,0,0,0,1,0,0,0.0,0.3,0,0,0,0,0,0,0,0,0,0,0.5,0,0,0.0,6,1,0,1,0.2,0,0,0,0,0,0.3,1.425,hunter,0,1,0,0,wolf,0,5,0.4,0.21908902300206645,0.0,0.5,4,9,0.4,observation_safe_surrogate
e75a9dbb4bc65e3f10ad4b108678d2da7c06d0870f1ce62d153de1766f7773b4,bc47a4aa2eb0184b5cd293565e19c6b7a2d889e1c87709f7fdb19ce585ae0a64,ml_stage1_seed_46_game_3,46,3,1,night,seer_check,7,village,seer,10,1,0,information_gain_proxy,2,test,seed_46_game_3,1,1,0,1,0,0,0,1,10,0,0,0.3,0,0,0.0,0.3,0,0,0,0,0,1,0,0,0.0,0.3,0,0,0,0,0,0,0,0,0,0,0.5,0,0,0.0,10,1,0,3,0.6,0,0,0,0,0,0.3,1.425,werewolf,1,0,1,1,wolf,0,5,0.8,0.17888543819998315,1.0,0.9,2,9,0.4,observation_safe_surrogate
77afb55bc98d4aa62b5fd77405df54f70c5f4d39c7f48955fb80d2a1df5871d8,a40c81ee9675323084844e61b508122ded162462a04c091104d4ec5673835f6c,ml_stage1_seed_46_game_4,46,4,1,night,seer_check,9,village,seer,4,1,1,information_gain_proxy,4,test,seed_46_game_4,1,1,0,1,0,0,0,1,10,0,0,0.3,0,0,0.0,0.3,0,0,0,0,0,1,0,0,0.0,0.3,0,0,0,0,0,0,0,0,0,0,0.5,0,0,0.0,4,0,1,5,1.0,0,0,0,0,0,0.3,1.425,werewolf,1,0,1,1,wolf,0,5,0.8,0.17888543819998315,1.0,1.3,2,3,0.19999999999999996,observation_safe_surrogate
77afb55bc98d4aa62b5fd77405df54f70c5f4d39c7f48955fb80d2a1df5871d8,a40c81ee9675323084844e61b508122ded162462a04c091104d4ec5673835f6c,ml_stage1_seed_46_game_4,46,4,1,night,seer_check,9,village,seer,1,1,0,information_gain_proxy,4,test,seed_46_game_4,1,1,0,1,0,0,0,1,10,0,0,0.3,0,0,0.0,0.3,0,0,0,0,0,1,0,0,0.0,0.3,0,0,0,0,0,0,0,0,0,0,0.5,0,0,0.0,1,1,1,2,0.4,0,0,0,0,0,0.3,1.425,villager,0,0,0,0,wolf,0,5,0.6,0.21908902300206645,0.0,0.7,3,3,0.19999999999999996,observation_safe_surrogate
77afb55bc98d4aa62b5fd77405df54f70c5f4d39c7f48955fb80d2a1df5871d8,a40c81ee9675323084844e61b508122ded162462a04c091104d4ec5673835f6c,ml_stage1_seed_46_game_4,46,4,1,night,seer_check,9,village,seer,5,1,0,information_gain_proxy,4,test,seed_46_game_4,1,1,0,1,0,0,0,1,10,0,0,0.3,0,0,0.0,0.3,0,0,0,0,0,1,0,0,0.0,0.3,0,0,0,0,0,0,0,0,0,0,0.5,0,0,0.0,5,1,1,4,0.8,0,0,0,0,0,0.3,1.425,villager,0,0,0,0,wolf,0,5,0.4,0.21908902300206645,0.0,1.1,4,3,0.19999999999999996,observation_safe_surrogate
77afb55bc98d4aa62b5fd77405df54f70c5f4d39c7f48955fb80d2a1df5871d8,a40c81ee9675323084844e61b508122ded162462a04c091104d4ec5673835f6c,ml_stage1_seed_46_game_4,46,4,1,night,seer_check,9,village,seer,7,1,0,information_gain_proxy,4,test,seed_46_game_4,1,1,0,1,0,0,0,1,10,0,0,0.3,0,0,0.0,0.3,0,0,0,0,0,1,0,0,0.0,0.3,0,0,0,0,0,0,0,0,0,0,0.5,0,0,0.0,7,0,0,2,0.4,0,0,0,0,0,0.3,1.425,villager,0,0,0,0,wolf,0,5,0.2,0.1788854381999832,0.0,0.7,6,3,0.19999999999999996,observation_safe_surrogate
77afb55bc98d4aa62b5fd77405df54f70c5f4d39c7f48955fb80d2a1df5871d8,a40c81ee9675323084844e61b508122ded162462a04c091104d4ec5673835f6c,ml_stage1_seed_46_game_4,46,4,1,night,seer_check,9,village,seer,8,1,0,information_gain_proxy,4,test,seed_46_game_4,1,1,0,1,0,0,0,1,10,0,0,0.3,0,0,0.0,0.3,0,0,0,0,0,1,0,0,0.0,0.3,0,0,0,0,0,0,0,0,0,0,0.5,0,0,0.0,8,0,0,1,0.2,0,0,0,0,0,0.3,1.425,hunter,0,1,0,0,wolf,0,5,0.4,0.21908902300206645,0.0,0.5,4,3,0.19999999999999996,observation_safe_surrogate
77afb55bc98d4aa62b5fd77405df54f70c5f4d39c7f48955fb80d2a1df5871d8,a40c81ee9675323084844e61b508122ded162462a04c091104d4ec5673835f6c,ml_stage1_seed_46_game_4,46,4,1,night,seer_check,9,village,seer,3,1,0,information_gain_proxy,4,test,seed_46_game_4,1,1,0,1,0,0,0,1,10,0,0,0.3,0,0,0.0,0.3,0,0,0,0,0,1,0,0,0.0,0.3,0,0,0,0,0,0,0,0,0,0,0.5,0,0,0.0,3,0,1,4,0.8,0,0,0,0,0,0.3,1.425,werewolf,1,0,1,1,wolf,0,5,1.0,0.0,1.0,1.1,1,3,0.19999999999999996,observation_safe_surrogate
992beabfe9220c0fb43ec9a4343af4e1255c70423f70f022eedac5356aa115f0,81d9040c14422ff0a00a7a355eb90d83236ec3466c99c7cfcb85ab6c21e2987b,ml_stage1_seed_46_game_4,46,4,2,night,seer_check,9,village,seer,6,1,1,information_gain_proxy,6,test,seed_46_game_4,2,1,0,1,0,0,0,1,9,1,1,0.32047499999999995,0,1,0.034999999999999996,0.37,0,0,1,1,0,1,0,0,0.006999999999999999,0.314,0,0,0,0,1,0,1,1,0,0,0.5,0,0,1.0,6,1,0,3,0.4,0,0,0,0,0,0.314,1.41975,villager,0,0,0,0,wolf,0,5,0.2,0.1788854381999832,0.0,0.714,4,3,0.6000000000000001,observation_safe_surrogate
992beabfe9220c0fb43ec9a4343af4e1255c70423f70f022eedac5356aa115f0,81d9040c14422ff0a00a7a355eb90d83236ec3466c99c7cfcb85ab6c21e2987b,ml_stage1_seed_46_game_4,46,4,2,night,seer_check,9,village,seer,3,1,0,information_gain_proxy,6,test,seed_46_game_4,2,1,0,1,0,0,0,1,9,1,1,0.32047499999999995,0,1,0.034999999999999996,0.37,0,0,1,1,0,1,0,0,0.06325,0.4627499999999999,2,1,0,1,1,0,1,0,0,0,0.48,1,0,1.5,3,0,1,4,0.2,1,0,0,0,0,0.4627499999999999,1.3685,werewolf,1,0,1,1,wolf,0,5,0.8,0.17888543819998315,1.0,0.66275,1,3,0.6000000000000001,observation_safe_surrogate
992beabfe9220c0fb43ec9a4343af4e1255c70423f70f022eedac5356aa115f0,81d9040c14422ff0a00a7a355eb90d83236ec3466c99c7cfcb85ab6c21e2987b,ml_stage1_seed_46_game_4,46,4,2,night,seer_check,9,village,seer,7,1,0,information_gain_proxy,6,test,seed_46_game_4,2,1,0,1,0,0,0,1,9,1,1,0.32047499999999995,0,1,0.034999999999999996,0.37,0,0,1,1,0,1,0,0,0.006999999999999999,0.314,0,0,0,0,1,0,1,1,0,0,0.5,0,0,1.0,7,0,0,2,0.6,0,0,0,0,0,0.314,1.41975,villager,0,0,0,0,wolf,0,5,0.0,0.0,0.0,0.9139999999999999,6,3,0.6000000000000001,observation_safe_surrogate
992beabfe9220c0fb43ec9a4343af4e1255c70423f70f022eedac5356aa115f0,81d9040c14422ff0a00a7a355eb90d83236ec3466c99c7cfcb85ab6c21e2987b,ml_stage1_seed_46_game_4,46,4,2,night,seer_check,9,village,seer,8,1,0,information_gain_proxy,6,test,seed_46_game_4,2,1,0,1,0,0,0,1,9,1,1,0.32047499999999995,0,1,0.034999999999999996,0.37,0,0,1,1,0,1,0,0,0.034999999999999996,0.37,1,0,0,0,1,0,1,0,0,0,0.5,0,0,1.0,8,0,0,1,0.8,0,0,0,0,0,0.37,1.39875,hunter,0,1,0,0,wolf,0,5,0.2,0.1788854381999832,0.0,1.17,4,3,0.6000000000000001,observation_safe_surrogate
992beabfe9220c0fb43ec9a4343af4e1255c70423f70f022eedac5356aa115f0,81d9040c14422ff0a00a7a355eb90d83236ec3466c99c7cfcb85ab6c21e2987b,ml_stage1_seed_46_game_4,46,4,2,night,seer_check,9,village,seer,2,1,0,information_gain_proxy,6,test,seed_46_game_4,2,1,0,1,0,0,0,1,9,1,1,0.32047499999999995,0,1,0.034999999999999996,0.37,0,0,1,1,0,1,0,0,0.034999999999999996,0.37,1,0,0,0,1,0,1,0,0,0,0.5,0,0,1.0,2,0,1,3,0.4,0,0,0,0,0,0.37,1.39875,witch,0,1,0,0,wolf,0,5,0.6,0.21908902300206645,0.0,0.77,2,3,0.6000000000000001,observation_safe_surrogate
992beabfe9220c0fb43ec9a4343af4e1255c70423f70f022eedac5356aa115f0,81d9040c14422ff0a00a7a355eb90d83236ec3466c99c7cfcb85ab6c21e2987b,ml_stage1_seed_46_game_4,46,4,2,night,seer_check,9,village,seer,5,1,0,information_gain_proxy,6,test,seed_46_game_4,2,1,0,1,0,0,0,1,9,1,1,0.32047499999999995,0,1,0.034999999999999996,0.37,0,0,1,1,0,1,0,0,0.0,0.3,0,1,0,0,1,0,1,0,0,0,0.5,0,0,1.0,5,1,1,4,0.2,0,0,0,0,0,0.3,1.425,villager,0,0,0,0,wolf,0,5,0.4,0.21908902300206645,0.0,0.5,3,3,0.6000000000000001,observation_safe_surrogate
0bd851ca20b6447b5e2785217127004b7c8fe93a52f80dabc6ca13c52624eeb5,aeabe8f737f0b1cb7cb5d27ba9dca40dc9ff2b4e00c3e3c713bccc24f003ca60,ml_stage1_seed_46_game_5,46,5,1,night,seer_check,5,village,seer,10,1,1,information_gain_proxy,10,test,seed_46_game_5,1,1,0,1,0,0,0,1,10,0,0,0.3,0,0,0.0,0.3,0,0,0,0,0,1,0,0,0.0,0.3,0,0,0,0,0,0,0,0,0,0,0.5,0,0,0.0,10,1,0,5,1.0,0,0,0,0,0,0.3,1.425,villager,0,0,0,0,wolf,0,5,0.4,0.21908902300206645,0.0,1.3,4,9,0.6,observation_safe_surrogate
0bd851ca20b6447b5e2785217127004b7c8fe93a52f80dabc6ca13c52624eeb5,aeabe8f737f0b1cb7cb5d27ba9dca40dc9ff2b4e00c3e3c713bccc24f003ca60,ml_stage1_seed_46_game_5,46,5,1,night,seer_check,5,village,seer,1,1,0,information_gain_proxy,10,test,seed_46_game_5,1,1,0,1,0,0,0,1,10,0,0,0.3,0,0,0.0,0.3,0,0,0,0,0,1,0,0,0.0,0.3,0,0,0,0,0,0,0,0,0,0,0.5,0,0,0.0,1,1,1,4,0.8,0,0,0,0,0,0.3,1.425,werewolf,1,0,1,1,wolf,0,5,0.4,0.21908902300206645,1.0,1.1,4,9,0.6,observation_safe_surrogate
0bd851ca20b6447b5e2785217127004b7c8fe93a52f80dabc6ca13c52624eeb5,aeabe8f737f0b1cb7cb5d27ba9dca40dc9ff2b4e00c3e3c713bccc24f003ca60,ml_stage1_seed_46_game_5,46,5,1,night,seer_check,5,village,seer,9,1,0,information_gain_proxy,10,test,seed_46_game_5,1,1,0,1,0,0,0,1,10,0,0,0.3,0,0,0.0,0.3,0,0,0,0,0,1,0,0,0.0,0.3,0,0,0,0,0,0,0,0,0,0,0.5,0,0,0.0,9,0,0,4,0.8,0,0,0,0,0,0.3,1.425,werewolf,1,0,1,1,wolf,0,5,1.0,0.0,1.0,1.1,1,9,0.6,observation_safe_surrogate
0bd851ca20b6447b5e2785217127004b7c8fe93a52f80dabc6ca13c52624eeb5,aeabe8f737f0b1cb7cb5d27ba9dca40dc9ff2b4e00c3e3c713bccc24f003ca60,ml_stage1_seed_46_game_5,46,5,1,night,seer_check,5,village,seer,3,1,0,information_gain_proxy,10,test,seed_46_game_5,1,1,0,1,0,0,0,1,10,0,0,0.3,0,0,0.0,0.3,0,0,0,0,0,1,0,0,0.0,0.3,0,0,0,0,0,0,0,0,0,0,0.5,0,0,0.0,3,0,1,2,0.4,0,0,0,0,0,0.3,1.425,villager,0,0,0,0,wolf,0,5,0.2,0.1788854381999832,0.0,0.7,6,9,0.6,observation_safe_surrogate
0bd851ca20b6447b5e2785217127004b7c8fe93a52f80dabc6ca13c52624eeb5,aeabe8f737f0b1cb7cb5d27ba9dca40dc9ff2b4e00c3e3c713bccc24f003ca60,ml_stage1_seed_46_game_5,46,5,1,night,seer_check,5,village,seer,2,1,0,information_gain_proxy,10,test,seed_46_game_5,1,1,0,1,0,0,0,1,10,0,0,0.3,0,0,0.0,0.3,0,0,0,0,0,1,0,0,0.0,0.3,0,0,0,0,0,0,0,0,0,0,0.5,0,0,0.0,2,0,1,3,0.6,0,0,0,0,0,0.3,1.425,werewolf,1,0,1,1,wolf,0,5,0.8,0.17888543819998315,1.0,0.9,2,9,0.6,observation_safe_surrogate
0bd851ca20b6447b5e2785217127004b7c8fe93a52f80dabc6ca13c52624eeb5,aeabe8f737f0b1cb7cb5d27ba9dca40dc9ff2b4e00c3e3c713bccc24f003ca60,ml_stage1_seed_46_game_5,46,5,1,night,seer_check,5,village,seer,4,1,0,information_gain_proxy,10,test,seed_46_game_5,1,1,0,1,0,0,0,1,10,0,0,0.3,0,0,0.0,0.3,0,0,0,0,0,1,0,0,0.0,0.3,0,0,0,0,0,0,0,0,0,0,0.5,0,0,0.0,4,0,1,1,0.2,0,0,0,0,0,0.3,1.425,witch,0,1,0,0,wolf,0,5,0.6,0.21908902300206645,0.0,0.5,3,9,0.6,observation_safe_surrogate
cfe2b8f4cd0e9f503ad75612a32a2fd3466b960e51b1f2b269ef277ccaf552c9,727cc99e5a6ace10d4c2f44b526c27e139d399d6a11af6f8ce3e1d3098a0ee80,ml_stage1_seed_46_game_5,46,5,2,night,seer_check,5,village,seer,2,1,1,information_gain_proxy,2,test,seed_46_game_5,2,1,0,1,0,0,0,1,9,1,1,0.30222499999999997,0,1,0.0,0.3,0,0,1,1,0,1,0,0,0.05125,0.4087499999999999,1,1,1,1,1,0,1,0,0,0,0.3,0,0,1.5,2,0,1,3,0.4,0,0,0,0,0,0.4087499999999999,1.3850000000000002,werewolf,1,0,1,1,wolf,0,5,0.8,0.17888543819998315,1.0,0.8087499999999999,1,2,0.0,observation_safe_surrogate
cfe2b8f4cd0e9f503ad75612a32a2fd3466b960e51b1f2b269ef277ccaf552c9,727cc99e5a6ace10d4c2f44b526c27e139d399d6a11af6f8ce3e1d3098a0ee80,ml_stage1_seed_46_game_5,46,5,2,night,seer_check,5,village,seer,7,1,0,information_gain_proxy,2,test,seed_46_game_5,2,1,0,1,0,0,0,1,9,1,1,0.30222499999999997,0,1,0.0,0.3,0,0,1,1,0,1,0,0,0.006999999999999999,0.314,0,0,0,0,1,0,1,1,0,0,0.5,0,0,1.0,7,0,0,2,0.6,0,0,0,0,0,0.314,1.41975,hunter,0,1,0,0,wolf,0,5,0.2,0.1788854381999832,0.0,0.9139999999999999,5,2,0.0,observation_safe_surrogate
cfe2b8f4cd0e9f503ad75612a32a2fd3466b960e51b1f2b269ef277ccaf552c9,727cc99e5a6ace10d4c2f44b526c27e139d399d6a11af6f8ce3e1d3098a0ee80,ml_stage1_seed_46_game_5,46,5,2,night,seer_check,5,village,seer,3,1,0,information_gain_proxy,2,test,seed_46_game_5,2,1,0,1,0,0,0,1,9,1,1,0.30222499999999997,0,1,0.0,0.3,0,0,1,1,0,1,0,0,0.010499999999999999,0.321,0,0,0,0,1,0,1,0,1,1,0.5,0,0,1.0,3,0,1,2,0.6,0,0,0,0,0,0.321,1.417125,villager,0,0,0,0,wolf,0,5,0.8,0.17888543819998315,0.0,0.921,1,2,0.0,observation_safe_surrogate
cfe2b8f4cd0e9f503ad75612a32a2fd3466b960e51b1f2b269ef277ccaf552c9,727cc99e5a6ace10d4c2f44b526c27e139d399d6a11af6f8ce3e1d3098a0ee80,ml_stage1_seed_46_game_5,46,5,2,night,seer_check,5,village,seer,9,1,0,information_gain_proxy,2,test,seed_46_game_5,2,1,0,1,0,0,0,1,9,1,1,0.30222499999999997,0,1,0.0,0.3,0,0,1,1,0,1,0,0,0.03375,0.33375,0,1,1,0,1,0,1,0,0,0,0.3,0,0,1.0,9,0,0,4,0.2,0,0,0,0,0,0.33375,1.408125,werewolf,1,0,1,1,wolf,0,5,0.4,0.21908902300206645,1.0,0.53375,3,2,0.0,observation_safe_surrogate
cfe2b8f4cd0e9f503ad75612a32a2fd3466b960e51b1f2b269ef277ccaf552c9,727cc99e5a6ace10d4c2f44b526c27e139d399d6a11af6f8ce3e1d3098a0ee80,ml_stage1_seed_46_game_5,46,5,2,night,seer_check,5,village,seer,1,1,0,information_gain_proxy,2,test,seed_46_game_5,2,1,0,1,0,0,0,1,9,1,1,0.30222499999999997,0,1,0.0,0.3,0,0,1,1,0,1,0,0,0.034999999999999996,0.31775,1,1,0,0,1,0,1,0,0,0,0.48,1,0,1.0,1,1,1,4,0.2,1,0,0,0,0,0.31775,1.4118125,werewolf,1,0,1,1,wolf,0,5,0.2,0.1788854381999832,1.0,0.5177499999999999,5,2,0.0,observation_safe_surrogate
cfe2b8f4cd0e9f503ad75612a32a2fd3466b960e51b1f2b269ef277ccaf552c9,727cc99e5a6ace10d4c2f44b526c27e139d399d6a11af6f8ce3e1d3098a0ee80,ml_stage1_seed_46_game_5,46,5,2,night,seer_check,5,village,seer,4,1,0,information_gain_proxy,2,test,seed_46_game_5,2,1,0,1,0,0,0,1,9,1,1,0.30222499999999997,0,1,0.0,0.3,0,0,1,1,0,1,0,0,0.0,0.3,0,0,0,0,1,0,1,0,0,0,0.5,0,0,1.0,4,0,1,1,0.8,0,0,0,0,0,0.3,1.425,witch,0,1,0,0,wolf,0,5,0.4,0.21908902300206645,0.0,1.1,3,2,0.0,observation_safe_surrogate
80925e055a959efeed1ac18f7a9f7f82d99297695a60c4c828c106b1b1f31ead,785d718c73d8e6004d884fe03cbb2c9581921169ca1901e2188c36904859391a,ml_stage1_seed_46_game_6,46,6,1,night,seer_check,6,village,seer,1,1,1,information_gain_proxy,1,test,seed_46_game_6,1,1,0,1,0,0,0,1,10,0,0,0.3,0,0,0.0,0.3,0,0,0,0,0,1,0,0,0.0,0.3,0,0,0,0,0,0,0,0,0,0,0.5,0,0,0.0,1,1,1,5,1.0,0,0,0,0,0,0.3,1.425,witch,0,1,0,0,wolf,0,5,0.6,0.21908902300206645,0.0,1.3,2,8,0.20000000000000007,observation_safe_surrogate
80925e055a959efeed1ac18f7a9f7f82d99297695a60c4c828c106b1b1f31ead,785d718c73d8e6004d884fe03cbb2c9581921169ca1901e2188c36904859391a,ml_stage1_seed_46_game_6,46,6,1,night,seer_check,6,village,seer,10,1,0,information_gain_proxy,1,test,seed_46_game_6,1,1,0,1,0,0,0,1,10,0,0,0.3,0,0,0.0,0.3,0,0,0,0,0,1,0,0,0.0,0.3,0,0,0,0,0,0,0,0,0,0,0.5,0,0,0.0,10,1,0,4,0.8,0,0,0,0,0,0.3,1.425,werewolf,1,0,1,1,wolf,0,5,0.4,0.21908902300206645,1.0,1.1,3,8,0.20000000000000007,observation_safe_surrogate
80925e055a959efeed1ac18f7a9f7f82d99297695a60c4c828c106b1b1f31ead,785d718c73d8e6004d884fe03cbb2c9581921169ca1901e2188c36904859391a,ml_stage1_seed_46_game_6,46,6,1,night,seer_check,6,village,seer,3,1,0,information_gain_proxy,1,test,seed_46_game_6,1,1,0,1,0,0,0,1,10,0,0,0.3,0,0,0.0,0.3,0,0,0,0,0,1,0,0,0.0,0.3,0,0,0,0,0,0,0,0,0,0,0.5,0,0,0.0,3,0,1,3,0.6,0,0,0,0,0,0.3,1.425,hunter,0,1,0,0,wolf,0,5,0.4,0.21908902300206645,0.0,0.9,3,8,0.20000000000000007,observation_safe_surrogate
80925e055a959efeed1ac18f7a9f7f82d99297695a60c4c828c106b1b1f31ead,785d718c73d8e6004d884fe03cbb2c9581921169ca1901e2188c36904859391a,ml_stage1_seed_46_game_6,46,6,1,night,seer_check,6,village,seer,8,1,0,information_gain_proxy,1,test,seed_46_game_6,1,1,0,1,0,0,0,1,10,0,0,0.3,0,0,0.0,0.3,0,0,0,0,0,1,0,0,0.0,0.3,0,0,0,0,0,0,0,0,0,0,0.5,0,0,0.0,8,0,0,2,0.4,0,0,0,0,0,0.3,1.425,werewolf,1,0,1,1,wolf,0,5,0.8,0.17888543819998315,1.0,0.7,1,8,0.20000000000000007,observation_safe_surrogate
80925e055a959efeed1ac18f7a9f7f82d99297695a60c4c828c106b1b1f31ead,785d718c73d8e6004d884fe03cbb2c9581921169ca1901e2188c36904859391a,ml_stage1_seed_46_game_6,46,6,1,night,seer_check,6,village,seer,7,1,0,information_gain_proxy,1,test,seed_46_game_6,1,1,0,1,0,0,0,1,10,0,0,0.3,0,0,0.0,0.3,0,0,0,0,0,1,0,0,0.0,0.3,0,0,0,0,0,0,0,0,0,0,0.5,0,0,0.0,7,0,0,1,0.2,0,0,0,0,0,0.3,1.425,villager,0,0,0,0,wolf,0,5,0.4,0.21908902300206645,0.0,0.5,3,8,0.20000000000000007,observation_safe_surrogate
80925e055a959efeed1ac18f7a9f7f82d99297695a60c4c828c106b1b1f31ead,785d718c73d8e6004d884fe03cbb2c9581921169ca1901e2188c36904859391a,ml_stage1_seed_46_game_6,46,6,1,night,seer_check,6,village,seer,5,1,0,information_gain_proxy,1,test,seed_46_game_6,1,1,0,1,0,0,0,1,10,0,0,0.3,0,0,0.0,0.3,0,0,0,0,0,1,0,0,0.0,0.3,0,0,0,0,0,0,0,0,0,0,0.5,0,0,0.0,5,1,1,1,0.2,0,0,0,0,0,0.3,1.425,villager,0,0,0,0,wolf,0,5,0.2,0.1788854381999832,0.0,0.5,6,8,0.20000000000000007,observation_safe_surrogate
0c3c36e14c61ca075ec6dfbaffbf051d68f2d790dc65a59fd91518007dcec5bb,dce2b390f70f9bf3f398659c82d120d3d37025b99ba8929ef321779e423259dc,ml_stage1_seed_46_game_7,46,7,1,night,seer_check,7,village,seer,2,1,1,information_gain_proxy,2,test,seed_46_game_7,1,1,0,1,0,0,0,1,10,0,0,0.3,0,0,0.0,0.3,0,0,0,0,0,1,0,0,0.0,0.3,0,0,0,0,0,0,0,0,0,0,0.5,0,0,0.0,2,0,1,5,1.0,0,0,0,0,0,0.3,1.425,villager,0,0,0,0,village,1,5,0.4,0.21908902300206645,0.0,1.3,4,1,0.6,observation_safe_surrogate
0c3c36e14c61ca075ec6dfbaffbf051d68f2d790dc65a59fd91518007dcec5bb,dce2b390f70f9bf3f398659c82d120d3d37025b99ba8929ef321779e423259dc,ml_stage1_seed_46_game_7,46,7,1,night,seer_check,7,village,seer,1,1,0,information_gain_proxy,2,test,seed_46_game_7,1,1,0,1,0,0,0,1,10,0,0,0.3,0,0,0.0,0.3,0,0,0,0,0,1,0,0,0.0,0.3,0,0,0,0,0,0,0,0,0,0,0.5,0,0,0.0,1,1,1,4,0.8,0,0,0,0,0,0.3,1.425,werewolf,1,0,1,1,village,1,5,1.0,0.0,1.0,1.1,1,1,0.6,observation_safe_surrogate
0c3c36e14c61ca075ec6dfbaffbf051d68f2d790dc65a59fd91518007dcec5bb,dce2b390f70f9bf3f398659c82d120d3d37025b99ba8929ef321779e423259dc,ml_stage1_seed_46_game_7,46,7,1,night,seer_check,7,village,seer,8,1,0,information_gain_proxy,2,test,seed_46_game_7,1,1,0,1,0,0,0,1,10,0,0,0.3,0,0,0.0,0.3,0,0,0,0,0,1,0,0,0.0,0.3,0,0,0,0,0,0,0,0,0,0,0.5,0,0,0.0,8,0,0,1,0.2,0,0,0,0,0,0.3,1.425,villager,0,0,0,0,village,1,5,0.4,0.21908902300206645,0.0,0.5,4,1,0.6,observation_safe_surrogate
0c3c36e14c61ca075ec6dfbaffbf051d68f2d790dc65a59fd91518007dcec5bb,dce2b390f70f9bf3f398659c82d120d3d37025b99ba8929ef321779e423259dc,ml_stage1_seed_46_game_7,46,7,1,night,seer_check,7,village,seer,9,1,0,information_gain_proxy,2,test,seed_46_game_7,1,1,0,1,0,0,0,1,10,0,0,0.3,0,0,0.0,0.3,0,0,0,0,0,1,0,0,0.0,0.3,0,0,0,0,0,0,0,0,0,0,0.5,0,0,0.0,9,0,0,2,0.4,0,0,0,0,0,0.3,1.425,villager,0,0,0,0,village,1,5,0.6,0.21908902300206645,0.0,0.7,2,1,0.6,observation_safe_surrogate
0c3c36e14c61ca075ec6dfbaffbf051d68f2d790dc65a59fd91518007dcec5bb,dce2b390f70f9bf3f398659c82d120d3d37025b99ba8929ef321779e423259dc,ml_stage1_seed_46_game_7,46,7,1,night,seer_check,7,village,seer,3,1,0,information_gain_proxy,2,test,seed_46_game_7,1,1,0,1,0,0,0,1,10,0,0,0.3,0,0,0.0,0.3,0,0,0,0,0,1,0,0,0.0,0.3,0,0,0,0,0,0,0,0,0,0,0.5,0,0,0.0,3,0,1,4,0.8,0,0,0,0,0,0.3,1.425,witch,0,1,0,0,village,1,5,0.6,0.21908902300206645,0.0,1.1,2,1,0.6,observation_safe_surrogate
0c3c36e14c61ca075ec6dfbaffbf051d68f2d790dc65a59fd91518007dcec5bb,dce2b390f70f9bf3f398659c82d120d3d37025b99ba8929ef321779e423259dc,ml_stage1_seed_46_game_7,46,7,1,night,seer_check,7,village,seer,10,1,0,information_gain_proxy,2,test,seed_46_game_7,1,1,0,1,0,0,0,1,10,0,0,0.3,0,0,0.0,0.3,0,0,0,0,0,1,0,0,0.0,0.3,0,0,0,0,0,0,0,0,0,0,0.5,0,0,0.0,10,1,0,3,0.6,0,0,0,0,0,0.3,1.425,hunter,0,1,0,0,village,1,5,0.4,0.21908902300206645,0.0,0.9,4,1,0.6,observation_safe_surrogate
5f8b9c9794bf4bbcb38827534d095e5fb4b37a2cb206c4ab87d7e5f2cb93233d,080028097b567eb1fe55d68751c20ad91300b4788e3dedda9f3c2681369e675a,ml_stage1_seed_46_game_7,46,7,2,night,seer_check,7,village,seer,10,1,1,information_gain_proxy,10,test,seed_46_game_7,2,1,0,1,0,0,0,1,9,1,1,0.287025,0,1,0.041999999999999996,0.384,0,0,1,1,0,1,0,0,0.0,0.244,0,0,0,0,1,0,1,0,0,0,0.5,0,0,1.0,10,1,0,3,0.4,0,0,0,0,0,0.244,1.439,hunter,0,1,0,0,village,1,5,0.6,0.21908902300206645,0.0,0.644,4,1,0.4,observation_safe_surrogate
5f8b9c9794bf4bbcb38827534d095e5fb4b37a2cb206c4ab87d7e5f2cb93233d,080028097b567eb1fe55d68751c20ad91300b4788e3dedda9f3c2681369e675a,ml_stage1_seed_46_game_7,46,7,2,night,seer_check,7,village,seer,1,1,0,information_gain_proxy,10,test,seed_46_game_7,2,1,0,1,0,0,0,1,9,1,1,0.287025,0,1,0.041999999999999996,0.384,0,0,1,1,0,1,0,0,0.03874999999999999,0.41374999999999995,1,1,0,1,1,0,1,0,0,0,0.48,1,0,1.5,1,1,1,4,0.2,1,0,0,0,0,0.41374999999999995,1.3868749999999999,werewolf,1,0,1,1,village,1,5,1.0,0.0,1.0,0.61375,1,1,0.4,observation_safe_surrogate
5f8b9c9794bf4bbcb38827534d095e5fb4b37a2cb206c4ab87d7e5f2cb93233d,080028097b567eb1fe55d68751c20ad91300b4788e3dedda9f3c2681369e675a,ml_stage1_seed_46_game_7,46,7,2,night,seer_check,7,village,seer,5,1,0,information_gain_proxy,10,test,seed_46_game_7,2,1,0,1,0,0,0,1,9,1,1,0.287025,0,1,0.041999999999999996,0.384,0,0,1,1,0,1,0,0,0.0,0.3,0,1,0,0,1,0,1,0,0,0,0.5,0,0,1.0,5,1,1,2,0.6,0,0,0,0,0,0.3,1.425,villager,0,0,0,0,village,1,5,0.8,0.17888543819998315,0.0,0.9,3,1,0.4,observation_safe_surrogate
5f8b9c9794bf4bbcb38827534d095e5fb4b37a2cb206c4ab87d7e5f2cb93233d,080028097b567eb1fe55d68751c20ad91300b4788e3dedda9f3c2681369e675a,ml_stage1_seed_46_game_7,46,7,2,night,seer_check,7,village,seer,6,1,0,information_gain_proxy,10,test,seed_46_game_7,2,1,0,1,0,0,0,1,9,1,1,0.287025,0,1,0.041999999999999996,0.384,0,0,1,1,0,1,0,0,0.03375,0.33375,0,1,1,0,1,0,1,0,0,0,0.3,0,0,1.0,6,1,0,1,0.8,0,0,0,0,0,0.33375,1.408125,werewolf,1,0,1,1,village,1,5,0.6,0.21908902300206645,1.0,1.13375,4,1,0.4,observation_safe_surrogate
5f8b9c9794bf4bbcb38827534d095e5fb4b37a2cb206c4ab87d7e5f2cb93233d,080028097b567eb1fe55d68751c20ad91300b4788e3dedda9f3c2681369e675a,ml_stage1_seed_46_game_7,46,7,2,night,seer_check,7,village,seer,4,1,0,information_gain_proxy,10,test,seed_46_game_7,2,1,0,1,0,0,0,1,9,1,1,0.287025,0,1,0.041999999999999996,0.384,0,0,1,1,0,1,0,0,0.03375,0.33375,0,1,1,0,1,0,1,0,0,0,0.3,0,0,1.0,4,0,1,3,0.4,0,0,0,0,0,0.33375,1.408125,werewolf,1,0,1,1,village,1,5,1.0,0.0,1.0,0.73375,1,1,0.4,observation_safe_surrogate
5f8b9c9794bf4bbcb38827534d095e5fb4b37a2cb206c4ab87d7e5f2cb93233d,080028097b567eb1fe55d68751c20ad91300b4788e3dedda9f3c2681369e675a,ml_stage1_seed_46_game_7,46,7,2,night,seer_check,7,village,seer,8,1,0,information_gain_proxy,10,test,seed_46_game_7,2,1,0,1,0,0,0,1,9,1,1,0.287025,0,1,0.041999999999999996,0.384,0,0,1,1,0,1,0,0,0.0,0.3,0,0,0,0,1,0,1,0,0,0,0.5,0,0,1.0,8,0,0,1,0.8,0,0,0,0,0,0.3,1.425,villager,0,0,0,0,village,1,5,0.4,0.21908902300206645,0.0,1.1,6,1,0.4,observation_safe_surrogate
2adc1376a163f0034fc40410ea282cfe26138732051dfed96d50974fe58a784e,4447aed991d7850570d969763b740d815c7b40ff569915fd4663b78d1209f8b4,ml_stage1_seed_46_game_8,46,8,1,night,seer_check,10,village,seer,5,1,1,information_gain_proxy,5,test,seed_46_game_8,1,1,0,1,0,0,0,1,10,0,0,0.3,0,0,0.0,0.3,0,0,0,0,0,1,0,0,0.0,0.3,0,0,0,0,0,0,0,0,0,0,0.5,0,0,0.0,5,1,1,5,1.0,0,0,0,0,0,0.3,1.425,witch,0,1,0,0,wolf,0,5,0.6,0.21908902300206645,0.0,1.3,3,1,0.4,observation_safe_surrogate
2adc1376a163f0034fc40410ea282cfe26138732051dfed96d50974fe58a784e,4447aed991d7850570d969763b740d815c7b40ff569915fd4663b78d1209f8b4,ml_stage1_seed_46_game_8,46,8,1,night,seer_check,10,village,seer,1,1,0,information_gain_proxy,5,test,seed_46_game_8,1,1,0,1,0,0,0,1,10,0,0,0.3,0,0,0.0,0.3,0,0,0,0,0,1,0,0,0.0,0.3,0,0,0,0,0,0,0,0,0,0,0.5,0,0,0.0,1,1,1,1,0.2,0,0,0,0,0,0.3,1.425,villager,0,0,0,0,wolf,0,5,1.0,0.0,0.0,0.5,1,1,0.4,observation_safe_surrogate
2adc1376a163f0034fc40410ea282cfe26138732051dfed96d50974fe58a784e,4447aed991d7850570d969763b740d815c7b40ff569915fd4663b78d1209f8b4,ml_stage1_seed_46_game_8,46,8,1,night,seer_check,10,village,seer,3,1,0,information_gain_proxy,5,test,seed_46_game_8,1,1,0,1,0,0,0,1,10,0,0,0.3,0,0,0.0,0.3,0,0,0,0,0,1,0,0,0.0,0.3,0,0,0,0,0,0,0,0,0,0,0.5,0,0,0.0,3,0,1,3,0.6,0,0,0,0,0,0.3,1.425,villager,0,0,0,0,wolf,0,5,0.4,0.21908902300206645,0.0,0.9,4,1,0.4,observation_safe_surrogate
2adc1376a163f0034fc40410ea282cfe26138732051dfed96d50974fe58a784e,4447aed991d7850570d969763b740d815c7b40ff569915fd4663b78d1209f8b4,ml_stage1_seed_46_game_8,46,8,1,night,seer_check,10,village,seer,6,1,0,information_gain_proxy,5,test,seed_46_game_8,1,1,0,1,0,0,0,1,10,0,0,0.3,0,0,0.0,0.3,0,0,0,0,0,1,0,0,0.0,0.3,0,0,0,0,0,0,0,0,0,0,0.5,0,0,0.0,6,1,0,4,0.8,0,0,0,0,0,0.3,1.425,villager,0,0,0,0,wolf,0,5,0.4,0.21908902300206645,0.0,1.1,4,1,0.4,observation_safe_surrogate
2adc1376a163f0034fc40410ea282cfe26138732051dfed96d50974fe58a784e,4447aed991d7850570d969763b740d815c7b40ff569915fd4663b78d1209f8b4,ml_stage1_seed_46_game_8,46,8,1,night,seer_check,10,village,seer,4,1,0,information_gain_proxy,5,test,seed_46_game_8,1,1,0,1,0,0,0,1,10,0,0,0.3,0,0,0.0,0.3,0,0,0,0,0,1,0,0,0.0,0.3,0,0,0,0,0,0,0,0,0,0,0.5,0,0,0.0,4,0,1,4,0.8,0,0,0,0,0,0.3,1.425,villager,0,0,0,0,wolf,0,5,0.4,0.21908902300206645,0.0,1.1,4,1,0.4,observation_safe_surrogate
2adc1376a163f0034fc40410ea282cfe26138732051dfed96d50974fe58a784e,4447aed991d7850570d969763b740d815c7b40ff569915fd4663b78d1209f8b4,ml_stage1_seed_46_game_8,46,8,1,night,seer_check,10,village,seer,9,1,0,information_gain_proxy,5,test,seed_46_game_8,1,1,0,1,0,0,0,1,10,0,0,0.3,0,0,0.0,0.3,0,0,0,0,0,1,0,0,0.0,0.3,0,0,0,0,0,0,0,0,0,0,0.5,0,0,0.0,9,0,0,1,0.2,0,0,0,0,0,0.3,1.425,werewolf,1,0,1,1,wolf,0,5,1.0,0.0,1.0,0.5,1,1,0.4,observation_safe_surrogate
dfede0d27d9789494c783aeba57b18a21209d7bb7fc19f8b0a3797154a6f8432,0b7646a7fb706ace20d1216e078c02ef0f63aaf275ba8b0a2a14c720d5731066,ml_stage1_seed_46_game_8,46,8,2,night,seer_check,10,village,seer,1,1,0,information_gain_proxy,8,test,seed_46_game_8,2,1,0,1,0,0,0,1,8,2,2,0.31432499999999997,0,2,0.0,0.3,0,0,1,1,0,1,0,0,0.034999999999999996,0.314,1,1,0,0,1,0,1,0,0,0,0.5,0,0,1.0,1,1,1,1,0.8,0,0,0,0,0,0.314,1.41275,villager,0,0,0,0,wolf,0,5,0.6,0.21908902300206645,0.0,1.114,3,8,0.0,observation_safe_surrogate
dfede0d27d9789494c783aeba57b18a21209d7bb7fc19f8b0a3797154a6f8432,0b7646a7fb706ace20d1216e078c02ef0f63aaf275ba8b0a2a14c720d5731066,ml_stage1_seed_46_game_8,46,8,2,night,seer_check,10,village,seer,2,1,0,information_gain_proxy,8,test,seed_46_game_8,2,1,0,1,0,0,0,1,8,2,2,0.31432499999999997,0,2,0.0,0.3,0,0,1,1,0,1,0,0,0.03375,0.33375,0,1,1,0,1,0,1,0,0,0,0.3,0,0,1.0,2,0,1,2,0.6,0,0,0,0,0,0.33375,1.408125,werewolf,1,0,1,1,wolf,0,5,0.8,0.17888543819998315,1.0,0.9337500000000001,2,8,0.0,observation_safe_surrogate
dfede0d27d9789494c783aeba57b18a21209d7bb7fc19f8b0a3797154a6f8432,0b7646a7fb706ace20d1216e078c02ef0f63aaf275ba8b0a2a14c720d5731066,ml_stage1_seed_46_game_8,46,8,2,night,seer_check,10,village,seer,3,1,0,information_gain_proxy,8,test,seed_46_game_8,2,1,0,1,0,0,0,1,8,2,2,0.31432499999999997,0,2,0.0,0.3,0,0,1,1,0,1,0,0,0.027999999999999997,0.39599999999999996,1,0,0,1,1,0,1,0,1,1,0.5,0,0,1.5,3,0,1,3,0.4,0,0,0,0,0,0.39599999999999996,1.394,villager,0,0,0,0,wolf,0,5,0.4,0.21908902300206645,0.0,0.796,5,8,0.0,observation_safe_surrogate
dfede0d27d9789494c783aeba57b18a21209d7bb7fc19f8b0a3797154a6f8432,0b7646a7fb706ace20d1216e078c02ef0f63aaf275ba8b0a2a14c720d5731066,ml_stage1_seed_46_game_8,46,8,2,night,seer_check,10,village,seer,4,1,0,information_gain_proxy,8,test,seed_46_game_8,2,1,0,1,0,0,0,1,8,2,2,0.31432499999999997,0,2,0.0,0.3,0,0,1,1,0,1,0,0,0.0,0.3,0,0,0,0,1,0,1,0,0,0,0.5,0,0,1.0,4,0,1,4,0.2,0,0,0,0,0,0.3,1.425,villager,0,0,0,0,wolf,0,5,0.6,0.21908902300206645,0.0,0.5,3,8,0.0,observation_safe_surrogate
dfede0d27d9789494c783aeba57b18a21209d7bb7fc19f8b0a3797154a6f8432,0b7646a7fb706ace20d1216e078c02ef0f63aaf275ba8b0a2a14c720d5731066,ml_stage1_seed_46_game_8,46,8,2,night,seer_check,10,village,seer,8,1,1,information_gain_proxy,8,test,seed_46_game_8,2,1,0,1,0,0,0,1,8,2,2,0.31432499999999997,0,2,0.0,0.3,0,0,1,1,0,1,0,0,0.03375,0.33375,0,1,1,0,1,0,1,0,0,0,0.39999999999999997,0,0,1.0,8,0,0,2,0.6,0,0,0,0,0,0.33375,1.408125,werewolf,1,0,1,1,wolf,0,5,1.0,0.0,1.0,0.9337500000000001,1,8,0.0,observation_safe_surrogate
dfede0d27d9789494c783aeba57b18a21209d7bb7fc19f8b0a3797154a6f8432,0b7646a7fb706ace20d1216e078c02ef0f63aaf275ba8b0a2a14c720d5731066,ml_stage1_seed_46_game_8,46,8,2,night,seer_check,10,village,seer,9,1,0,information_gain_proxy,8,test,seed_46_game_8,2,1,0,1,0,0,0,1,8,2,2,0.31432499999999997,0,2,0.0,0.3,0,0,1,1,0,1,0,0,0.03375,0.33375,0,1,1,0,1,0,1,0,0,0,0.3,0,0,1.0,9,0,0,1,0.8,0,0,0,0,0,0.33375,1.408125,werewolf,1,0,1,1,wolf,0,5,0.4,0.21908902300206645,1.0,1.13375,5,8,0.0,observation_safe_surrogate
1c016dcc8ab5d161d2642fad510d82d20489e66d47dc784f76255b4fceacbc3e,fe804ba09aae7e862a2120f5ccf490e9c44b6cc27505b1d0b558d04d182b87f9,ml_stage1_seed_46_game_9,46,9,1,night,seer_check,5,village,seer,10,1,1,information_gain_proxy,10,test,seed_46_game_9,1,1,0,1,0,0,0,1,10,0,0,0.3,0,0,0.0,0.3,0,0,0,0,0,1,0,0,0.0,0.3,0,0,0,0,0,0,0,0,0,0,0.5,0,0,0.0,10,1,0,5,1.0,0,0,0,0,0,0.3,1.425,villager,0,0,0,0,wolf,0,5,0.4,0.21908902300206645,0.0,1.3,3,8,0.6,observation_safe_surrogate
1c016dcc8ab5d161d2642fad510d82d20489e66d47dc784f76255b4fceacbc3e,fe804ba09aae7e862a2120f5ccf490e9c44b6cc27505b1d0b558d04d182b87f9,ml_stage1_seed_46_game_9,46,9,1,night,seer_check,5,village,seer,1,1,0,information_gain_proxy,10,test,seed_46_game_9,1,1,0,1,0,0,0,1,10,0,0,0.3,0,0,0.0,0.3,0,0,0,0,0,1,0,0,0.0,0.3,0,0,0,0,0,0,0,0,0,0,0.5,0,0,0.0,1,1,1,4,0.8,0,0,0,0,0,0.3,1.425,hunter,0,1,0,0,wolf,0,5,0.4,0.21908902300206645,0.0,1.1,3,8,0.6,observation_safe_surrogate
1c016dcc8ab5d161d2642fad510d82d20489e66d47dc784f76255b4fceacbc3e,fe804ba09aae7e862a2120f5ccf490e9c44b6cc27505b1d0b558d04d182b87f9,ml_stage1_seed_46_game_9,46,9,1,night,seer_check,5,village,seer,7,1,0,information_gain_proxy,10,test,seed_46_game_9,1,1,0,1,0,0,0,1,10,0,0,0.3,0,0,0.0,0.3,0,0,0,0,0,1,0,0,0.0,0.3,0,0,0,0,0,0,0,0,0,0,0.5,0,0,0.0,7,0,0,2,0.4,0,0,0,0,0,0.3,1.425,werewolf,1,0,1,1,wolf,0,5,0.8,0.17888543819998315,1.0,0.7,2,8,0.6,observation_safe_surrogate
1c016dcc8ab5d161d2642fad510d82d20489e66d47dc784f76255b4fceacbc3e,fe804ba09aae7e862a2120f5ccf490e9c44b6cc27505b1d0b558d04d182b87f9,ml_stage1_seed_46_game_9,46,9,1,night,seer_check,5,village,seer,3,1,0,information_gain_proxy,10,test,seed_46_game_9,1,1,0,1,0,0,0,1,10,0,0,0.3,0,0,0.0,0.3,0,0,0,0,0,1,0,0,0.0,0.3,0,0,0,0,0,0,0,0,0,0,0.5,0,0,0.0,3,0,1,2,0.4,0,0,0,0,0,0.3,1.425,villager,0,0,0,0,wolf,0,5,0.2,0.1788854381999832,0.0,0.7,5,8,0.6,observation_safe_surrogate
1c016dcc8ab5d161d2642fad510d82d20489e66d47dc784f76255b4fceacbc3e,fe804ba09aae7e862a2120f5ccf490e9c44b6cc27505b1d0b558d04d182b87f9,ml_stage1_seed_46_game_9,46,9,1,night,seer_check,5,village,seer,9,1,0,information_gain_proxy,10,test,seed_46_game_9,1,1,0,1,0,0,0,1,10,0,0,0.3,0,0,0.0,0.3,0,0,0,0,0,1,0,0,0.0,0.3,0,0,0,0,0,0,0,0,0,0,0.5,0,0,0.0,9,0,0,4,0.8,0,0,0,0,0,0.3,1.425,witch,0,1,0,0,wolf,0,5,0.2,0.1788854381999832,0.0,1.1,5,8,0.6,observation_safe_surrogate
1c016dcc8ab5d161d2642fad510d82d20489e66d47dc784f76255b4fceacbc3e,fe804ba09aae7e862a2120f5ccf490e9c44b6cc27505b1d0b558d04d182b87f9,ml_stage1_seed_46_game_9,46,9,1,night,seer_check,5,village,seer,8,1,0,information_gain_proxy,10,test,seed_46_game_9,1,1,0,1,0,0,0,1,10,0,0,0.3,0,0,0.0,0.3,0,0,0,0,0,1,0,0,0.0,0.3,0,0,0,0,0,0,0,0,0,0,0.5,0,0,0.0,8,0,0,3,0.6,0,0,0,0,0,0.3,1.425,werewolf,1,0,1,1,wolf,0,5,1.0,0.0,1.0,0.9,1,8,0.6,observation_safe_surrogate
4127a9bbb875dae8efcbde19dfac3ce4adca92f31f79ffc9669042722639f7f3,751488f9c05feb4d02831fedee4f207ca4b938c85506e4358612158504f8d76e,ml_stage1_seed_46_game_9,46,9,2,night,seer_check,5,village,seer,2,1,1,information_gain_proxy,2,test,seed_46_game_9,2,1,0,1,0,0,0,1,9,1,1,0.36122499999999996,0,1,0.034999999999999996,0.44999999999999996,0,0,1,1,0,1,0,0,0.00375,0.30374999999999996,0,1,0,0,1,0,1,0,0,0,0.48,0,0,1.0,2,0,1,3,0.4,0,0,0,0,0,0.30374999999999996,1.423125,werewolf,1,0,1,1,wolf,0,5,0.8,0.17888543819998315,1.0,0.70375,2,8,0.19999999999999996,observation_safe_surrogate
4127a9bbb875dae8efcbde19dfac3ce4adca92f31f79ffc9669042722639f7f3,751488f9c05feb4d02831fedee4f207ca4b938c85506e4358612158504f8d76e,ml_stage1_seed_46_game_9,46,9,2,night,seer_check,5,village,seer,9,1,0,information_gain_proxy,2,test,seed_46_game_9,2,1,0,1,0,0,0,1,9,1,1,0.36122499999999996,0,1,0.034999999999999996,0.44999999999999996,0,0,1,1,0,1,0,0,0.034999999999999996,0.48999999999999994,1,1,0,3,1,0,1,0,0,0,0.5,0,0,2.5,9,0,0,4,0.2,0,0,0,0,0,0.48999999999999994,1.36875,witch,0,1,0,0,wolf,0,5,0.6,0.21908902300206645,0.0,0.69,3,8,0.19999999999999996,observation_safe_surrogate
4127a9bbb875dae8efcbde19dfac3ce4adca92f31f79ffc9669042722639f7f3,751488f9c05feb4d02831fedee4f207ca4b938c85506e4358612158504f8d76e,ml_stage1_seed_46_game_9,46,9,2,night,seer_check,5,village,seer,3,1,0,information_gain_proxy,2,test,seed_46_game_9,2,1,0,1,0,0,0,1,9,1,1,0.36122499999999996,0,1,0.034999999999999996,0.44999999999999996,0,0,1,1,0,1,0,0,0.0455,0.43099999999999994,2,0,0,1,1,0,1,0,1,1,0.5,0,0,1.5,3,0,1,2,0.6,0,0,0,0,0,0.43099999999999994,1.380875,villager,0,0,0,0,wolf,0,5,0.4,0.21908902300206645,0.0,1.031,4,8,0.19999999999999996,observation_safe_surrogate
4127a9bbb875dae8efcbde19dfac3ce4adca92f31f79ffc9669042722639f7f3,751488f9c05feb4d02831fedee4f207ca4b938c85506e4358612158504f8d76e,ml_stage1_seed_46_game_9,46,9,2,night,seer_check,5,village,seer,8,1,0,information_gain_proxy,2,test,seed_46_game_9,2,1,0,1,0,0,0,1,9,1,1,0.36122499999999996,0,1,0.034999999999999996,0.44999999999999996,0,0,1,1,0,1,0,0,0.03375,0.33375,0,1,1,0,1,0,1,0,0,0,0.3,0,0,1.0,8,0,0,3,0.4,0,0,0,0,0,0.33375,1.408125,werewolf,1,0,1,1,wolf,0,5,1.0,0.0,1.0,0.73375,1,8,0.19999999999999996,observation_safe_surrogate
4127a9bbb875dae8efcbde19dfac3ce4adca92f31f79ffc9669042722639f7f3,751488f9c05feb4d02831fedee4f207ca4b938c85506e4358612158504f8d76e,ml_stage1_seed_46_game_9,46,9,2,night,seer_check,5,village,seer,7,1,0,information_gain_proxy,2,test,seed_46_game_9,2,1,0,1,0,0,0,1,9,1,1,0.36122499999999996,0,1,0.034999999999999996,0.44999999999999996,0,0,1,1,0,1,0,0,0.00375,0.30374999999999996,0,1,0,0,1,0,1,0,0,0,0.48,1,0,1.0,7,0,0,2,0.6,1,0,0,0,0,0.30374999999999996,1.423125,werewolf,1,0,1,1,wolf,0,5,0.4,0.21908902300206645,1.0,0.9037499999999999,4,8,0.19999999999999996,observation_safe_surrogate
4127a9bbb875dae8efcbde19dfac3ce4adca92f31f79ffc9669042722639f7f3,751488f9c05feb4d02831fedee4f207ca4b938c85506e4358612158504f8d76e,ml_stage1_seed_46_game_9,46,9,2,night,seer_check,5,village,seer,4,1,0,information_gain_proxy,2,test,seed_46_game_9,2,1,0,1,0,0,0,1,9,1,1,0.36122499999999996,0,1,0.034999999999999996,0.44999999999999996,0,0,1,1,0,1,0,0,0.0,0.3,0,0,0,0,1,0,1,0,0,0,0.5,0,0,1.0,4,0,1,1,0.8,0,0,0,0,0,0.3,1.425,villager,0,0,0,0,wolf,0,5,0.4,0.21908902300206645,0.0,1.1,4,8,0.19999999999999996,observation_safe_surrogate
4a365c12c380b0cf79130e4dc525a2333aa1625d5892e97f20ee9b4105b756f2,0ef38765a036928a98a97bade4b3944d1a8433dbff20da14dc7edba848177d33,ml_stage1_seed_46_game_10,46,10,1,night,seer_check,9,village,seer,4,1,1,information_gain_proxy,4,test,seed_46_game_10,1,1,0,1,0,0,0,1,10,0,0,0.3,0,0,0.0,0.3,0,0,0,0,0,1,0,0,0.0,0.3,0,0,0,0,0,0,0,0,0,0,0.5,0,0,0.0,4,0,1,5,1.0,0,0,0,0,0,0.3,1.425,werewolf,1,0,1,1,village,1,5,0.6,0.21908902300206645,1.0,1.3,1,2,0.0,observation_safe_surrogate
4a365c12c380b0cf79130e4dc525a2333aa1625d5892e97f20ee9b4105b756f2,0ef38765a036928a98a97bade4b3944d1a8433dbff20da14dc7edba848177d33,ml_stage1_seed_46_game_10,46,10,1,night,seer_check,9,village,seer,1,1,0,information_gain_proxy,4,test,seed_46_game_10,1,1,0,1,0,0,0,1,10,0,0,0.3,0,0,0.0,0.3,0,0,0,0,0,1,0,0,0.0,0.3,0,0,0,0,0,0,0,0,0,0,0.5,0,0,0.0,1,1,1,2,0.4,0,0,0,0,0,0.3,1.425,villager,0,0,0,0,village,1,5,0.4,0.21908902300206645,0.0,0.7,4,2,0.0,observation_safe_surrogate
4a365c12c380b0cf79130e4dc525a2333aa1625d5892e97f20ee9b4105b756f2,0ef38765a036928a98a97bade4b3944d1a8433dbff20da14dc7edba848177d33,ml_stage1_seed_46_game_10,46,10,1,night,seer_check,9,village,seer,7,1,0,information_gain_proxy,4,test,seed_46_game_10,1,1,0,1,0,0,0,1,10,0,0,0.3,0,0,0.0,0.3,0,0,0,0,0,1,0,0,0.0,0.3,0,0,0,0,0,0,0,0,0,0,0.5,0,0,0.0,7,0,0,2,0.4,0,0,0,0,0,0.3,1.425,witch,0,1,0,0,village,1,5,0.6,0.21908902300206645,0.0,0.7,1,2,0.0,observation_safe_surrogate
4a365c12c380b0cf79130e4dc525a2333aa1625d5892e97f20ee9b4105b756f2,0ef38765a036928a98a97bade4b3944d1a8433dbff20da14dc7edba848177d33,ml_stage1_seed_46_game_10,46,10,1,night,seer_check,9,village,seer,3,1,0,information_gain_proxy,4,test,seed_46_game_10,1,1,0,1,0,0,0,1,10,0,0,0.3,0,0,0.0,0.3,0,0,0,0,0,1,0,0,0.0,0.3,0,0,0,0,0,0,0,0,0,0,0.5,0,0,0.0,3,0,1,4,0.8,0,0,0,0,0,0.3,1.425,villager,0,0,0,0,village,1,5,0.4,0.21908902300206645,0.0,1.1,4,2,0.0,observation_safe_surrogate
4a365c12c380b0cf79130e4dc525a2333aa1625d5892e97f20ee9b4105b756f2,0ef38765a036928a98a97bade4b3944d1a8433dbff20da14dc7edba848177d33,ml_stage1_seed_46_game_10,46,10,1,night,seer_check,9,village,seer,6,1,0,information_gain_proxy,4,test,seed_46_game_10,1,1,0,1,0,0,0,1,10,0,0,0.3,0,0,0.0,0.3,0,0,0,0,0,1,0,0,0.0,0.3,0,0,0,0,0,0,0,0,0,0,0.5,0,0,0.0,6,1,0,3,0.6,0,0,0,0,0,0.3,1.425,hunter,0,1,0,0,village,1,5,0.4,0.21908902300206645,0.0,0.9,4,2,0.0,observation_safe_surrogate
4a365c12c380b0cf79130e4dc525a2333aa1625d5892e97f20ee9b4105b756f2,0ef38765a036928a98a97bade4b3944d1a8433dbff20da14dc7edba848177d33,ml_stage1_seed_46_game_10,46,10,1,night,seer_check,9,village,seer,2,1,0,information_gain_proxy,4,test,seed_46_game_10,1,1,0,1,0,0,0,1,10,0,0,0.3,0,0,0.0,0.3,0,0,0,0,0,1,0,0,0.0,0.3,0,0,0,0,0,0,0,0,0,0,0.5,0,0,0.0,2,0,1,3,0.6,0,0,0,0,0,0.3,1.425,villager,0,0,0,0,village,1,5,0.6,0.21908902300206645,0.0,0.9,1,2,0.0,observation_safe_surrogate
9c833c1176a569c7914628e8e5ed19bc8a9533be95a0551e3ec64aedb9e6ba03,6644f48cb3d6959acda90cd5a85f9c4c27fdfb5bdea38562aff86cf9ce3d3e39,ml_stage1_seed_46_game_10,46,10,2,night,seer_check,9,village,seer,6,1,1,information_gain_proxy,6,test,seed_46_game_10,2,1,0,1,0,0,0,1,9,1,1,0.32747499999999996,0,1,0.0,0.3,0,0,1,1,0,1,0,0,0.013999999999999999,0.328,1,0,0,0,1,0,1,1,0,0,0.5,0,0,1.0,6,1,0,3,0.4,0,0,0,0,0,0.328,1.4144999999999999,hunter,0,1,0,0,village,1,5,0.4,0.21908902300206645,0.0,0.728,5,3,0.6,observation_safe_surrogate
9c833c1176a569c7914628e8e5ed19bc8a9533be95a0551e3ec64aedb9e6ba03,6644f48cb3d6959acda90cd5a85f9c4c27fdfb5bdea38562aff86cf9ce3d3e39,ml_stage1_seed_46_game_10,46,10,2,night,seer_check,9,village,seer,7,1,0,information_gain_proxy,6,test,seed_46_game_10,2,1,0,1,0,0,0,1,9,1,1,0.32747499999999996,0,1,0.0,0.3,0,0,1,1,0,1,0,0,0.07699999999999999,0.494,2,0,0,1,1,0,1,1,0,0,0.5,0,0,1.5,7,0,0,2,0.6,0,0,0,0,0,0.494,1.35725,witch,0,1,0,0,village,1,5,0.6,0.21908902300206645,0.0,1.0939999999999999,4,3,0.6,observation_safe_surrogate
9c833c1176a569c7914628e8e5ed19bc8a9533be95a0551e3ec64aedb9e6ba03,6644f48cb3d6959acda90cd5a85f9c4c27fdfb5bdea38562aff86cf9ce3d3e39,ml_stage1_seed_46_game_10,46,10,2,night,seer_check,9,village,seer,3,1,0,information_gain_proxy,6,test,seed_46_game_10,2,1,0,1,0,0,0,1,9,1,1,0.32747499999999996,0,1,0.0,0.3,0,0,1,1,0,1,0,0,0.07699999999999999,0.45399999999999996,2,1,0,0,1,0,1,0,0,0,0.5,1,0,1.0,3,0,1,4,0.2,1,0,0,0,0,0.45399999999999996,1.36725,villager,0,0,0,0,village,1,5,1.0,0.0,0.0,0.6539999999999999,1,3,0.6,observation_safe_surrogate
9c833c1176a569c7914628e8e5ed19bc8a9533be95a0551e3ec64aedb9e6ba03,6644f48cb3d6959acda90cd5a85f9c4c27fdfb5bdea38562aff86cf9ce3d3e39,ml_stage1_seed_46_game_10,46,10,2,night,seer_check,9,village,seer,2,1,0,information_gain_proxy,6,test,seed_46_game_10,2,1,0,1,0,0,0,1,9,1,1,0.32747499999999996,0,1,0.0,0.3,0,0,1,1,0,1,0,0,0.017499999999999998,0.33499999999999996,1,0,0,0,1,0,1,0,0,0,0.5,0,0,1.0,2,0,1,3,0.4,0,0,0,0,0,0.33499999999999996,1.411875,villager,0,0,0,0,village,1,5,0.8,0.17888543819998315,0.0,0.735,2,3,0.6,observation_safe_surrogate
9c833c1176a569c7914628e8e5ed19bc8a9533be95a0551e3ec64aedb9e6ba03,6644f48cb3d6959acda90cd5a85f9c4c27fdfb5bdea38562aff86cf9ce3d3e39,ml_stage1_seed_46_game_10,46,10,2,night,seer_check,9,village,seer,10,1,0,information_gain_proxy,6,test,seed_46_game_10,2,1,0,1,0,0,0,1,9,1,1,0.32747499999999996,0,1,0.0,0.3,0,0,1,1,0,1,0,0,0.034999999999999996,0.37,1,1,0,0,1,0,1,0,0,0,0.5,0,0,1.0,10,1,0,1,0.8,0,0,0,0,0,0.37,1.39875,villager,0,0,0,0,village,1,5,0.2,0.1788854381999832,0.0,1.17,6,3,0.6,observation_safe_surrogate
9c833c1176a569c7914628e8e5ed19bc8a9533be95a0551e3ec64aedb9e6ba03,6644f48cb3d6959acda90cd5a85f9c4c27fdfb5bdea38562aff86cf9ce3d3e39,ml_stage1_seed_46_game_10,46,10,2,night,seer_check,9,village,seer,5,1,0,information_gain_proxy,6,test,seed_46_game_10,2,1,0,1,0,0,0,1,9,1,1,0.32747499999999996,0,1,0.0,0.3,0,0,1,1,0,1,0,0,0.00375,0.30374999999999996,0,1,0,0,1,0,1,0,0,0,0.48,0,0,1.0,5,1,1,4,0.2,0,0,0,0,0,0.30374999999999996,1.423125,werewolf,1,0,1,1,village,1,5,0.8,0.17888543819998315,1.0,0.5037499999999999,2,3,0.6,observation_safe_surrogate
d7ff5341f3b666453681be1e77f7922dfdff22993a52ffa605651fb939066718,316b5f725399554c39298fdd2081603bd50edd106c7671a273d81ea8f51541d5,ml_stage1_seed_46_game_11,46,11,1,night,seer_check,1,village,seer,6,1,1,information_gain_proxy,6,test,seed_46_game_11,1,1,0,1,0,0,0,1,10,0,0,0.3,0,0,0.0,0.3,0,0,0,0,0,1,0,0,0.0,0.3,0,0,0,0,0,0,0,0,0,0,0.5,0,0,0.0,6,1,0,5,1.0,0,0,0,0,0,0.3,1.425,villager,0,0,0,0,village,1,5,0.8,0.17888543819998315,0.0,1.3,1,6,0.0,observation_safe_surrogate
d7ff5341f3b666453681be1e77f7922dfdff22993a52ffa605651fb939066718,316b5f725399554c39298fdd2081603bd50edd106c7671a273d81ea8f51541d5,ml_stage1_seed_46_game_11,46,11,1,night,seer_check,1,village,seer,10,1,0,information_gain_proxy,6,test,seed_46_game_11,1,1,0,1,0,0,0,1,10,0,0,0.3,0,0,0.0,0.3,0,0,0,0,0,1,0,0,0.0,0.3,0,0,0,0,0,0,0,0,0,0,0.5,0,0,0.0,10,1,0,1,0.2,0,0,0,0,0,0.3,1.425,villager,0,0,0,0,village,1,5,0.4,0.21908902300206645,0.0,0.5,4,6,0.0,observation_safe_surrogate
d7ff5341f3b666453681be1e77f7922dfdff22993a52ffa605651fb939066718,316b5f725399554c39298fdd2081603bd50edd106c7671a273d81ea8f51541d5,ml_stage1_seed_46_game_11,46,11,1,night,seer_check,1,village,seer,5,1,0,information_gain_proxy,6,test,seed_46_game_11,1,1,0,1,0,0,0,1,10,0,0,0.3,0,0,0.0,0.3,0,0,0,0,0,1,0,0,0.0,0.3,0,0,0,0,0,0,0,0,0,0,0.5,0,0,0.0,5,1,1,4,0.8,0,0,0,0,0,0.3,1.425,hunter,0,1,0,0,village,1,5,0.2,0.1788854381999832,0.0,1.1,5,6,0.0,observation_safe_surrogate
d7ff5341f3b666453681be1e77f7922dfdff22993a52ffa605651fb939066718,316b5f725399554c39298fdd2081603bd50edd106c7671a273d81ea8f51541d5,ml_stage1_seed_46_game_11,46,11,1,night,seer_check,1,village,seer,4,1,0,information_gain_proxy,6,test,seed_46_game_11,1,1,0,1,0,0,0,1,10,0,0,0.3,0,0,0.0,0.3,0,0,0,0,0,1,0,0,0.0,0.3,0,0,0,0,0,0,0,0,0,0,0.5,0,0,0.0,4,0,1,3,0.6,0,0,0,0,0,0.3,1.425,villager,0,0,0,0,village,1,5,0.6,0.21908902300206645,0.0,0.9,3,6,0.0,observation_safe_surrogate
d7ff5341f3b666453681be1e77f7922dfdff22993a52ffa605651fb939066718,316b5f725399554c39298fdd2081603bd50edd106c7671a273d81ea8f51541d5,ml_stage1_seed_46_game_11,46,11,1,night,seer_check,1,village,seer,7,1,0,information_gain_proxy,6,test,seed_46_game_11,1,1,0,1,0,0,0,1,10,0,0,0.3,0,0,0.0,0.3,0,0,0,0,0,1,0,0,0.0,0.3,0,0,0,0,0,0,0,0,0,0,0.5,0,0,0.0,7,0,0,4,0.8,0,0,0,0,0,0.3,1.425,villager,0,0,0,0,village,1,5,0.2,0.1788854381999832,0.0,1.1,5,6,0.0,observation_safe_surrogate
d7ff5341f3b666453681be1e77f7922dfdff22993a52ffa605651fb939066718,316b5f725399554c39298fdd2081603bd50edd106c7671a273d81ea8f51541d5,ml_stage1_seed_46_game_11,46,11,1,night,seer_check,1,village,seer,9,1,0,information_gain_proxy,6,test,seed_46_game_11,1,1,0,1,0,0,0,1,10,0,0,0.3,0,0,0.0,0.3,0,0,0,0,0,1,0,0,0.0,0.3,0,0,0,0,0,0,0,0,0,0,0.5,0,0,0.0,9,0,0,2,0.4,0,0,0,0,0,0.3,1.425,werewolf,1,0,1,1,village,1,5,0.8,0.17888543819998315,1.0,0.7,1,6,0.0,observation_safe_surrogate
16345b7e2b0ee610d50359c4cec3786ac4137843baa1f1f91e922eb462cfbc82,5bca498d4fc10220e2c66bb9d0b369f1db5082af0ec9f996b370fae342d24088,ml_stage1_seed_46_game_11,46,11,2,night,seer_check,1,village,seer,4,1,1,information_gain_proxy,4,test,seed_46_game_11,2,1,0,1,0,0,0,1,9,1,1,0.344375,0,1,0.034999999999999996,0.354,0,0,1,1,0,1,0,0,0.0,0.3,0,0,0,0,1,0,1,0,0,0,0.5,0,1,1.0,4,0,1,3,0.4,0,0,0,0,0,0.3,1.425,villager,0,0,0,0,village,1,5,0.4,0.21908902300206645,0.0,0.7,5,2,0.19999999999999996,observation_safe_surrogate
16345b7e2b0ee610d50359c4cec3786ac4137843baa1f1f91e922eb462cfbc82,5bca498d4fc10220e2c66bb9d0b369f1db5082af0ec9f996b370fae342d24088,ml_stage1_seed_46_game_11,46,11,2,night,seer_check,1,village,seer,3,1,0,information_gain_proxy,4,test,seed_46_game_11,2,1,0,1,0,0,0,1,9,1,1,0.344375,0,1,0.034999999999999996,0.354,0,0,1,1,0,1,0,0,0.04575,0.54775,1,1,0,4,1,0,1,0,0,0,0.48,1,0,3.0,3,0,1,2,0.6,1,0,0,0,0,0.45225000000000004,1.351625,werewolf,1,0,1,1,village,1,5,0.6,0.21908902300206645,1.0,1.05225,1,2,0.19999999999999996,observation_safe_surrogate
16345b7e2b0ee610d50359c4cec3786ac4137843baa1f1f91e922eb462cfbc82,5bca498d4fc10220e2c66bb9d0b369f1db5082af0ec9f996b370fae342d24088,ml_stage1_seed_46_game_11,46,11,2,night,seer_check,1,village,seer,10,1,0,information_gain_proxy,4,test,seed_46_game_11,2,1,0,1,0,0,0,1,9,1,1,0.344375,0,1,0.034999999999999996,0.354,0,0,1,1,0,1,0,0,0.0,0.3,0,0,0,0,1,0,1,0,0,0,0.5,0,0,1.0,10,1,0,1,0.8,0,0,0,0,0,0.3,1.425,villager,0,0,0,0,village,1,5,0.4,0.21908902300206645,0.0,1.1,5,2,0.19999999999999996,observation_safe_surrogate
16345b7e2b0ee610d50359c4cec3786ac4137843baa1f1f91e922eb462cfbc82,5bca498d4fc10220e2c66bb9d0b369f1db5082af0ec9f996b370fae342d24088,ml_stage1_seed_46_game_11,46,11,2,night,seer_check,1,village,seer,5,1,0,information_gain_proxy,4,test,seed_46_game_11,2,1,0,1,0,0,0,1,9,1,1,0.344375,0,1,0.034999999999999996,0.354,0,0,1,1,0,1,0,0,0.0,0.3,0,1,0,0,1,0,1,0,0,0,0.5,1,0,1.0,5,1,1,4,0.2,1,0,0,0,0,0.3,1.425,hunter,0,1,0,0,village,1,5,0.6,0.21908902300206645,0.0,0.5,1,2,0.19999999999999996,observation_safe_surrogate
16345b7e2b0ee610d50359c4cec3786ac4137843baa1f1f91e922eb462cfbc82,5bca498d4fc10220e2c66bb9d0b369f1db5082af0ec9f996b370fae342d24088,ml_stage1_seed_46_game_11,46,11,2,night,seer_check,1,village,seer,9,1,0,information_gain_proxy,4,test,seed_46_game_11,2,1,0,1,0,0,0,1,9,1,1,0.344375,0,1,0.034999999999999996,0.354,0,0,1,1,0,1,0,0,0.03375,0.33375,0,1,1,0,1,0,1,0,0,0,0.3,0,0,1.0,9,0,0,2,0.6,0,0,0,0,0,0.33375,1.408125,werewolf,1,0,1,1,village,1,5,0.6,0.21908902300206645,1.0,0.9337500000000001,1,2,0.19999999999999996,observation_safe_surrogate
16345b7e2b0ee610d50359c4cec3786ac4137843baa1f1f91e922eb462cfbc82,5bca498d4fc10220e2c66bb9d0b369f1db5082af0ec9f996b370fae342d24088,ml_stage1_seed_46_game_11,46,11,2,night,seer_check,1,village,seer,2,1,0,information_gain_proxy,4,test,seed_46_game_11,2,1,0,1,0,0,0,1,9,1,1,0.344375,0,1,0.034999999999999996,0.354,0,0,1,1,0,1,0,0,0.034999999999999996,0.41,1,0,0,1,1,0,1,0,0,0,0.5,0,0,1.5,2,0,1,1,0.8,0,0,0,0,0,0.41,1.38875,witch,0,1,0,0,village,1,5,0.6,0.21908902300206645,0.0,1.21,1,2,0.19999999999999996,observation_safe_surrogate
6ffd4dfcdfa9dc0789232bc46fb4b986989a37ed0c211b3182b9735955e2434e,f80f5bd7c13a5257a0ae8fe6b66dc542c22514af6c1acc897a4111880129a5d4,ml_stage1_seed_46_game_12,46,12,1,night,seer_check,9,village,seer,4,1,1,information_gain_proxy,4,test,seed_46_game_12,1,1,0,1,0,0,0,1,10,0,0,0.3,0,0,0.0,0.3,0,0,0,0,0,1,0,0,0.0,0.3,0,0,0,0,0,0,0,0,0,0,0.5,0,0,0.0,4,0,1,5,1.0,0,0,0,0,0,0.3,1.425,villager,0,0,0,0,wolf,0,5,0.6,0.21908902300206645,0.0,1.3,2,5,0.20000000000000007,observation_safe_surrogate
6ffd4dfcdfa9dc0789232bc46fb4b986989a37ed0c211b3182b9735955e2434e,f80f5bd7c13a5257a0ae8fe6b66dc542c22514af6c1acc897a4111880129a5d4,ml_stage1_seed_46_game_12,46,12,1,night,seer_check,9,village,seer,1,1,0,information_gain_proxy,4,test,seed_46_game_12,1,1,0,1,0,0,0,1,10,0,0,0.3,0,0,0.0,0.3,0,0,0,0,0,1,0,0,0.0,0.3,0,0,0,0,0,0,0,0,0,0,0.5,0,0,0.0,1,1,1,2,0.4,0,0,0,0,0,0.3,1.425,werewolf,1,0,1,1,wolf,0,5,0.6,0.21908902300206645,1.0,0.7,2,5,0.20000000000000007,observation_safe_surrogate
6ffd4dfcdfa9dc0789232bc46fb4b986989a37ed0c211b3182b9735955e2434e,f80f5bd7c13a5257a0ae8fe6b66dc542c22514af6c1acc897a4111880129a5d4,ml_stage1_seed_46_game_12,46,12,1,night,seer_check,9,village,seer,6,1,0,information_gain_proxy,4,test,seed_46_game_12,1,1,0,1,0,0,0,1,10,0,0,0.3,0,0,0.0,0.3,0,0,0,0,0,1,0,0,0.0,0.3,0,0,0,0,0,0,0,0,0,0,0.5,0,0,0.0,6,1,0,3,0.6,0,0,0,0,0,0.3,1.425,villager,0,0,0,0,wolf,0,5,0.4,0.21908902300206645,0.0,0.9,5,5,0.20000000000000007,observation_safe_surrogate
6ffd4dfcdfa9dc0789232bc46fb4b986989a37ed0c211b3182b9735955e2434e,f80f5bd7c13a5257a0ae8fe6b66dc542c22514af6c1acc897a4111880129a5d4,ml_stage1_seed_46_game_12,46,12,1,night,seer_check,9,village,seer,5,1,0,information_gain_proxy,4,test,seed_46_game_12,1,1,0,1,0,0,0,1,10,0,0,0.3,0,0,0.0,0.3,0,0,0,0,0,1,0,0,0.0,0.3,0,0,0,0,0,0,0,0,0,0,0.5,0,0,0.0,5,1,1,4,0.8,0,0,0,0,0,0.3,1.425,hunter,0,1,0,0,wolf,0,5,0.8,0.17888543819998315,0.0,1.1,1,5,0.20000000000000007,observation_safe_surrogate
6ffd4dfcdfa9dc0789232bc46fb4b986989a37ed0c211b3182b9735955e2434e,f80f5bd7c13a5257a0ae8fe6b66dc542c22514af6c1acc897a4111880129a5d4,ml_stage1_seed_46_game_12,46,12,1,night,seer_check,9,village,seer,7,1,0,information_gain_proxy,4,test,seed_46_game_12,1,1,0,1,0,0,0,1,10,0,0,0.3,0,0,0.0,0.3,0,0,0,0,0,1,0,0,0.0,0.3,0,0,0,0,0,0,0,0,0,0,0.5,0,0,0.0,7,0,0,2,0.4,0,0,0,0,0,0.3,1.425,witch,0,1,0,0,wolf,0,5,0.4,0.21908902300206645,0.0,0.7,5,5,0.20000000000000007,observation_safe_surrogate
6ffd4dfcdfa9dc0789232bc46fb4b986989a37ed0c211b3182b9735955e2434e,f80f5bd7c13a5257a0ae8fe6b66dc542c22514af6c1acc897a4111880129a5d4,ml_stage1_seed_46_game_12,46,12,1,night,seer_check,9,village,seer,2,1,0,information_gain_proxy,4,test,seed_46_game_12,1,1,0,1,0,0,0,1,10,0,0,0.3,0,0,0.0,0.3,0,0,0,0,0,1,0,0,0.0,0.3,0,0,0,0,0,0,0,0,0,0,0.5,0,0,0.0,2,0,1,3,0.6,0,0,0,0,0,0.3,1.425,werewolf,1,0,1,1,wolf,0,5,0.6,0.21908902300206645,1.0,0.9,2,5,0.20000000000000007,observation_safe_surrogate
4cb882fc9b256f06056c41dd7c4b15447f618e15789911fd0b4fafa3fbf570c9,02240232a3f9c2471e89ae50c94ceeccbe8e6adc465bc0e57ce37943b3126044,ml_stage1_seed_46_game_12,46,12,2,night,seer_check,9,village,seer,6,1,1,information_gain_proxy,6,test,seed_46_game_12,2,1,0,1,0,0,0,1,9,1,1,0.352525,0,1,0.065,0.48,0,0,1,1,0,1,0,0,0.013999999999999999,0.328,1,0,0,0,1,0,1,1,0,0,0.5,0,0,1.0,6,1,0,3,0.4,0,0,0,0,0,0.328,1.4144999999999999,villager,0,0,0,0,wolf,0,5,0.4,0.21908902300206645,0.0,0.728,5,1,0.4,observation_safe_surrogate
4cb882fc9b256f06056c41dd7c4b15447f618e15789911fd0b4fafa3fbf570c9,02240232a3f9c2471e89ae50c94ceeccbe8e6adc465bc0e57ce37943b3126044,ml_stage1_seed_46_game_12,46,12,2,night,seer_check,9,village,seer,8,1,0,information_gain_proxy,6,test,seed_46_game_12,2,1,0,1,0,0,0,1,9,1,1,0.352525,0,1,0.065,0.48,0,0,1,1,0,1,0,0,0.034999999999999996,0.48999999999999994,1,0,0,3,1,0,1,0,0,0,0.5,0,0,2.5,8,0,0,1,0.8,0,0,0,0,0,0.48999999999999994,1.36875,villager,0,0,0,0,wolf,0,5,0.4,0.21908902300206645,0.0,1.29,5,1,0.4,observation_safe_surrogate
4cb882fc9b256f06056c41dd7c4b15447f618e15789911fd0b4fafa3fbf570c9,02240232a3f9c2471e89ae50c94ceeccbe8e6adc465bc0e57ce37943b3126044,ml_stage1_seed_46_game_12,46,12,2,night,seer_check,9,village,seer,1,1,0,information_gain_proxy,6,test,seed_46_game_12,2,1,0,1,0,0,0,1,9,1,1,0.352525,0,1,0.065,0.48,0,0,1,1,0,1,0,0,0.034999999999999996,0.31775,1,1,0,0,1,0,1,0,0,0,0.48,0,0,1.0,1,1,1,2,0.6,0,0,0,0,0,0.31775,1.4118125,werewolf,1,0,1,1,wolf,0,5,0.8,0.17888543819998315,1.0,0.9177500000000001,1,1,0.4,observation_safe_surrogate
4cb882fc9b256f06056c41dd7c4b15447f618e15789911fd0b4fafa3fbf570c9,02240232a3f9c2471e89ae50c94ceeccbe8e6adc465bc0e57ce37943b3126044,ml_stage1_seed_46_game_12,46,12,2,night,seer_check,9,village,seer,10,1,0,information_gain_proxy,6,test,seed_46_game_12,2,1,0,1,0,0,0,1,9,1,1,0.352525,0,1,0.065,0.48,0,0,1,1,0,1,0,0,0.02825,0.35274999999999995,0,1,0,0,1,0,1,0,0,0,0.48,1,0,1.0,10,1,0,1,0.8,1,0,0,0,0,0.35274999999999995,1.40475,werewolf,1,0,1,1,wolf,0,5,0.8,0.17888543819998315,1.0,1.15275,1,1,0.4,observation_safe_surrogate
4cb882fc9b256f06056c41dd7c4b15447f618e15789911fd0b4fafa3fbf570c9,02240232a3f9c2471e89ae50c94ceeccbe8e6adc465bc0e57ce37943b3126044,ml_stage1_seed_46_game_12,46,12,2,night,seer_check,9,village,seer,7,1,0,information_gain_proxy,6,test,seed_46_game_12,2,1,0,1,0,0,0,1,9,1,1,0.352525,0,1,0.065,0.48,0,0,1,1,0,1,0,0,0.006999999999999999,0.354,0,0,0,1,1,0,1,1,0,0,0.5,0,0,1.5,7,0,0,2,0.6,0,0,0,0,0,0.354,1.40975,witch,0,1,0,0,wolf,0,5,0.6,0.21908902300206645,0.0,0.954,3,1,0.4,observation_safe_surrogate
4cb882fc9b256f06056c41dd7c4b15447f618e15789911fd0b4fafa3fbf570c9,02240232a3f9c2471e89ae50c94ceeccbe8e6adc465bc0e57ce37943b3126044,ml_stage1_seed_46_game_12,46,12,2,night,seer_check,9,village,seer,2,1,0,information_gain_proxy,6,test,seed_46_game_12,2,1,0,1,0,0,0,1,9,1,1,0.352525,0,1,0.065,0.48,0,0,1,1,0,1,0,0,0.00375,0.30374999999999996,0,1,0,0,1,0,1,0,0,0,0.48,0,0,1.0,2,0,1,3,0.4,0,0,0,0,0,0.30374999999999996,1.423125,werewolf,1,0,1,1,wolf,0,5,0.6,0.21908902300206645,1.0,0.70375,3,1,0.4,observation_safe_surrogate
