base_configuration_id,base_game_index,behavioral_regime,dataset_split,game_family_id,game_id,seed,utterance_count,winner
r2_train_balanced_social,1,balanced_social,train,train_balanced_social_300_1,r2_train_balanced_social_seed_300_game_1,300,28,village
r2_train_balanced_social,2,balanced_social,train,train_balanced_social_300_2,r2_train_balanced_social_seed_300_game_2,300,16,wolf
r2_train_balanced_social,3,balanced_social,train,train_balanced_social_300_3,r2_train_balanced_social_seed_300_game_3,300,23,wolf
r2_train_balanced_social,4,balanced_social,train,train_balanced_social_300_4,r2_train_balanced_social_seed_300_game_4,300,18,wolf
r2_train_balanced_social,5,balanced_social,train,train_balanced_social_300_5,r2_train_balanced_social_seed_300_game_5,300,23,wolf
r2_train_balanced_social,6,balanced_social,train,train_balanced_social_300_6,r2_train_balanced_social_seed_300_game_6,300,17,wolf
r2_train_balanced_social,7,balanced_social,train,train_balanced_social_300_7,r2_train_balanced_social_seed_300_game_7,300,24,wolf
r2_train_balanced_social,8,balanced_social,train,train_balanced_social_300_8,r2_train_balanced_social_seed_300_game_8,300,17,village
r2_train_balanced_social,9,balanced_social,train,train_balanced_social_300_9,r2_train_balanced_social_seed_300_game_9,300,17,wolf
r2_train_balanced_social,10,balanced_social,train,train_balanced_social_300_10,r2_train_balanced_social_seed_300_game_10,300,26,wolf
r2_train_balanced_social,11,balanced_social,train,train_balanced_social_300_11,r2_train_balanced_social_seed_300_game_11,300,17,wolf
r2_train_balanced_social,12,balanced_social,train,train_balanced_social_300_12,r2_train_balanced_social_seed_300_game_12,300,22,village
r2_train_balanced_social,13,balanced_social,train,train_balanced_social_300_13,r2_train_balanced_social_seed_300_game_13,300,25,village
r2_train_balanced_social,14,balanced_social,train,train_balanced_social_300_14,r2_train_balanced_social_seed_300_game_14,300,17,wolf
r2_train_balanced_social,15,balanced_social,train,train_balanced_social_300_15,r2_train_balanced_social_seed_300_game_15,300,14,wolf
r2_train_balanced_social,16,balanced_social,train,train_balanced_social_300_16,r2_train_balanced_social_seed_300_game_16,300,22,wolf
r2_train_balanced_social,17,balanced_social,train,train_balanced_social_300_17,r2_train_balanced_social_seed_300_game_17,300,22,village
r2_train_balanced_social,18,balanced_social,train,train_balanced_social_300_18,r2_train_balanced_social_seed_300_game_18,300,22,wolf
r2_train_balanced_social,19,balanced_social,train,train_balanced_social_300_19,r2_train_balanced_social_seed_300_game_19,300,17,wolf
r2_train_balanced_social,20,balanced_social,train,train_balanced_social_300_20,r2_train_balanced_social_seed_300_game_20,300,21,wolf
r2_train_deception_adaptive,1,deception_adaptive,train,train_deception_adaptive_300_1,r2_train_deception_adaptive_seed_300_game_1,300,21,village
r2_train_deception_adaptive,2,deception_adaptive,train,train_deception_adaptive_300_2,r2_train_deception_adaptive_seed_300_game_2,300,23,village
r2_train_deception_adaptive,3,deception_adaptive,train,train_deception_adaptive_300_3,r2_train_deception_adaptive_seed_300_game_3,300,18,wolf
r2_train_deception_adaptive,4,deception_adaptive,train,train_deception_adaptive_300_4,r2_train_deception_adaptive_seed_300_game_4,300,10,wolf
r2_train_deception_adaptive,5,deception_adaptive,train,train_deception_adaptive_300_5,r2_train_deception_adaptive_seed_300_game_5,300,24,village
r2_train_deception_adaptive,6,deception_adaptive,train,train_deception_adaptive_300_6,r2_train_deception_adaptive_seed_300_game_6,300,22,wolf
r2_train_deception_adaptive,7,deception_adaptive,train,train_deception_adaptive_300_7,r2_train_deception_adaptive_seed_300_game_7,300,24,wolf
r2_train_deception_adaptive,8,deception_adaptive,train,train_deception_adaptive_300_8,r2_train_deception_adaptive_seed_300_game_8,300,16,wolf
r2_train_deception_adaptive,9,deception_adaptive,train,train_deception_adaptive_300_9,r2_train_deception_adaptive_seed_300_game_9,300,16,wolf
r2_train_deception_adaptive,10,deception_adaptive,train,train_deception_adaptive_300_10,r2_train_deception_adaptive_seed_300_game_10,300,16,wolf
r2_train_deception_adaptive,11,deception_adaptive,train,train_deception_adaptive_300_11,r2_train_deception_adaptive_seed_300_game_11,300,18,village
r2_train_deception_adaptive,12,deception_adaptive,train,train_deception_adaptive_300_12,r2_train_deception_adaptive_seed_300_game_12,300,18,village
r2_train_deception_adaptive,13,deception_adaptive,train,train_deception_adaptive_300_13,r2_train_deception_adaptive_seed_300_game_13,300,17,wolf
r2_train_deception_adaptive,14,deception_adaptive,train,train_deception_adaptive_300_14,r2_train_deception_adaptive_seed_300_game_14,300,16,wolf
r2_train_deception_adaptive,15,deception_adaptive,train,train_deception_adaptive_300_15,r2_train_deception_adaptive_seed_300_game_15,300,23,wolf
r2_train_deception_adaptive,16,deception_adaptive,train,train_deception_adaptive_300_16,r2_train_deception_adaptive_seed_300_game_16,300,23,wolf
r2_train_deception_adaptive,17,deception_adaptive,train,train_deception_adaptive_300_17,r2_train_deception_adaptive_seed_300_game_17,300,17,wolf
r2_train_deception_adaptive,18,deception_adaptive,train,train_deception_adaptive_300_18,r2_train_deception_adaptive_seed_300_game_18,300,19,village
r2_train_deception_adaptive,19,deception_adaptive,train,train_deception_adaptive_300_19,r2_train_deception_adaptive_seed_300_game_19,300,22,wolf
r2_train_deception_adaptive,20,deception_adaptive,train,train_deception_adaptive_300_20,r2_train_deception_adaptive_seed_300_game_20,300,24,wolf
r2_train_trust_weighted_memory,1,trust_weighted_memory,train,train_trust_weighted_memory_300_1,r2_train_trust_weighted_memory_seed_300_game_1,300,17,wolf
r2_train_trust_weighted_memory,2,trust_weighted_memory,train,train_trust_weighted_memory_300_2,r2_train_trust_weighted_memory_seed_300_game_2,300,17,wolf
r2_train_trust_weighted_memory,3,trust_weighted_memory,train,train_trust_weighted_memory_300_3,r2_train_trust_weighted_memory_seed_300_game_3,300,17,wolf
r2_train_trust_weighted_memory,4,trust_weighted_memory,train,train_trust_weighted_memory_300_4,r2_train_trust_weighted_memory_seed_300_game_4,300,21,wolf
r2_train_trust_weighted_memory,5,trust_weighted_memory,train,train_trust_weighted_memory_300_5,r2_train_trust_weighted_memory_seed_300_game_5,300,17,village
r2_train_trust_weighted_memory,6,trust_weighted_memory,train,train_trust_weighted_memory_300_6,r2_train_trust_weighted_memory_seed_300_game_6,300,22,wolf
r2_train_trust_weighted_memory,7,trust_weighted_memory,train,train_trust_weighted_memory_300_7,r2_train_trust_weighted_memory_seed_300_game_7,300,22,village
r2_train_trust_weighted_memory,8,trust_weighted_memory,train,train_trust_weighted_memory_300_8,r2_train_trust_weighted_memory_seed_300_game_8,300,24,village
r2_train_trust_weighted_memory,9,trust_weighted_memory,train,train_trust_weighted_memory_300_9,r2_train_trust_weighted_memory_seed_300_game_9,300,19,village
r2_train_trust_weighted_memory,10,trust_weighted_memory,train,train_trust_weighted_memory_300_10,r2_train_trust_weighted_memory_seed_300_game_10,300,17,wolf
r2_train_trust_weighted_memory,11,trust_weighted_memory,train,train_trust_weighted_memory_300_11,r2_train_trust_weighted_memory_seed_300_game_11,300,9,wolf
r2_train_trust_weighted_memory,12,trust_weighted_memory,train,train_trust_weighted_memory_300_12,r2_train_trust_weighted_memory_seed_300_game_12,300,17,wolf
r2_train_trust_weighted_memory,13,trust_weighted_memory,train,train_trust_weighted_memory_300_13,r2_train_trust_weighted_memory_seed_300_game_13,300,18,wolf
r2_train_trust_weighted_memory,14,trust_weighted_memory,train,train_trust_weighted_memory_300_14,r2_train_trust_weighted_memory_seed_300_game_14,300,17,wolf
r2_train_trust_weighted_memory,15,trust_weighted_memory,train,train_trust_weighted_memory_300_15,r2_train_trust_weighted_memory_seed_300_game_15,300,22,village
r2_train_trust_weighted_memory,16,trust_weighted_memory,train,train_trust_weighted_memory_300_16,r2_train_trust_weighted_memory_seed_300_game_16,300,17,wolf
r2_train_trust_weighted_memory,17,trust_weighted_memory,train,train_trust_weighted_memory_300_17,r2_train_trust_weighted_memory_seed_300_game_17,300,17,wolf
r2_train_trust_weighted_memory,18,trust_weighted_memory,train,train_trust_weighted_memory_300_18,r2_train_trust_weighted_memory_seed_300_game_18,300,22,wolf
r2_train_trust_weighted_memory,19,trust_weighted_memory,train,train_trust_weighted_memory_300_19,r2_train_trust_weighted_memory_seed_300_game_19,300,17,wolf
r2_train_trust_weighted_memory,20,trust_weighted_memory,train,train_trust_weighted_memory_300_20,r2_train_trust_weighted_memory_seed_300_game_20,300,17,wolf
r2_train_random_vote_speech,1,random_vote_speech,train,train_random_vote_speech_300_1,r2_train_random_vote_speech_seed_300_game_1,300,17,wolf
r2_train_random_vote_speech,2,random_vote_speech,train,train_random_vote_speech_300_2,r2_train_random_vote_speech_seed_300_game_2,300,17,wolf
r2_train_random_vote_speech,3,random_vote_speech,train,train_random_vote_speech_300_3,r2_train_random_vote_speech_seed_300_game_3,300,20,village
r2_train_random_vote_speech,4,random_vote_speech,train,train_random_vote_speech_300_4,r2_train_random_vote_speech_seed_300_game_4,300,16,wolf
r2_train_random_vote_speech,5,random_vote_speech,train,train_random_vote_speech_300_5,r2_train_random_vote_speech_seed_300_game_5,300,25,wolf
r2_train_random_vote_speech,6,random_vote_speech,train,train_random_vote_speech_300_6,r2_train_random_vote_speech_seed_300_game_6,300,21,wolf
r2_train_random_vote_speech,7,random_vote_speech,train,train_random_vote_speech_300_7,r2_train_random_vote_speech_seed_300_game_7,300,17,village
r2_train_random_vote_speech,8,random_vote_speech,train,train_random_vote_speech_300_8,r2_train_random_vote_speech_seed_300_game_8,300,22,wolf
r2_train_random_vote_speech,9,random_vote_speech,train,train_random_vote_speech_300_9,r2_train_random_vote_speech_seed_300_game_9,300,15,village
r2_train_random_vote_speech,10,random_vote_speech,train,train_random_vote_speech_300_10,r2_train_random_vote_speech_seed_300_game_10,300,22,wolf
r2_train_random_vote_speech,11,random_vote_speech,train,train_random_vote_speech_300_11,r2_train_random_vote_speech_seed_300_game_11,300,16,wolf
r2_train_random_vote_speech,12,random_vote_speech,train,train_random_vote_speech_300_12,r2_train_random_vote_speech_seed_300_game_12,300,18,wolf
r2_train_random_vote_speech,13,random_vote_speech,train,train_random_vote_speech_300_13,r2_train_random_vote_speech_seed_300_game_13,300,24,village
r2_train_random_vote_speech,14,random_vote_speech,train,train_random_vote_speech_300_14,r2_train_random_vote_speech_seed_300_game_14,300,25,village
r2_train_random_vote_speech,15,random_vote_speech,train,train_random_vote_speech_300_15,r2_train_random_vote_speech_seed_300_game_15,300,25,wolf
r2_train_random_vote_speech,16,random_vote_speech,train,train_random_vote_speech_300_16,r2_train_random_vote_speech_seed_300_game_16,300,26,wolf
r2_train_random_vote_speech,17,random_vote_speech,train,train_random_vote_speech_300_17,r2_train_random_vote_speech_seed_300_game_17,300,18,wolf
r2_train_random_vote_speech,18,random_vote_speech,train,train_random_vote_speech_300_18,r2_train_random_vote_speech_seed_300_game_18,300,19,village
r2_train_random_vote_speech,19,random_vote_speech,train,train_random_vote_speech_300_19,r2_train_random_vote_speech_seed_300_game_19,300,22,wolf
r2_train_random_vote_speech,20,random_vote_speech,train,train_random_vote_speech_300_20,r2_train_random_vote_speech_seed_300_game_20,300,25,wolf
r2_train_balanced_social,1,balanced_social,train,train_balanced_social_301_1,r2_train_balanced_social_seed_301_game_1,301,22,wolf
r2_train_balanced_social,2,balanced_social,train,train_balanced_social_301_2,r2_train_balanced_social_seed_301_game_2,301,17,wolf
r2_train_balanced_social,3,balanced_social,train,train_balanced_social_301_3,r2_train_balanced_social_seed_301_game_3,301,25,wolf
r2_train_balanced_social,4,balanced_social,train,train_balanced_social_301_4,r2_train_balanced_social_seed_301_game_4,301,21,wolf
r2_train_balanced_social,5,balanced_social,train,train_balanced_social_301_5,r2_train_balanced_social_seed_301_game_5,301,17,village
r2_train_balanced_social,6,balanced_social,train,train_balanced_social_301_6,r2_train_balanced_social_seed_301_game_6,301,23,village
r2_train_balanced_social,7,balanced_social,train,train_balanced_social_301_7,r2_train_balanced_social_seed_301_game_7,301,17,wolf
r2_train_balanced_social,8,balanced_social,train,train_balanced_social_301_8,r2_train_balanced_social_seed_301_game_8,301,18,wolf
r2_train_balanced_social,9,balanced_social,train,train_balanced_social_301_9,r2_train_balanced_social_seed_301_game_9,301,17,village
r2_train_balanced_social,10,balanced_social,train,train_balanced_social_301_10,r2_train_balanced_social_seed_301_game_10,301,18,wolf
r2_train_balanced_social,11,balanced_social,train,train_balanced_social_301_11,r2_train_balanced_social_seed_301_game_11,301,28,wolf
r2_train_balanced_social,12,balanced_social,train,train_balanced_social_301_12,r2_train_balanced_social_seed_301_game_12,301,23,wolf
r2_train_balanced_social,13,balanced_social,train,train_balanced_social_301_13,r2_train_balanced_social_seed_301_game_13,301,21,wolf
r2_train_balanced_social,14,balanced_social,train,train_balanced_social_301_14,r2_train_balanced_social_seed_301_game_14,301,25,village
r2_train_balanced_social,15,balanced_social,train,train_balanced_social_301_15,r2_train_balanced_social_seed_301_game_15,301,21,village
r2_train_balanced_social,16,balanced_social,train,train_balanced_social_301_16,r2_train_balanced_social_seed_301_game_16,301,24,wolf
r2_train_balanced_social,17,balanced_social,train,train_balanced_social_301_17,r2_train_balanced_social_seed_301_game_17,301,18,wolf
r2_train_balanced_social,18,balanced_social,train,train_balanced_social_301_18,r2_train_balanced_social_seed_301_game_18,301,14,wolf
r2_train_balanced_social,19,balanced_social,train,train_balanced_social_301_19,r2_train_balanced_social_seed_301_game_19,301,22,wolf
r2_train_balanced_social,20,balanced_social,train,train_balanced_social_301_20,r2_train_balanced_social_seed_301_game_20,301,13,wolf
r2_train_deception_adaptive,1,deception_adaptive,train,train_deception_adaptive_301_1,r2_train_deception_adaptive_seed_301_game_1,301,18,wolf
r2_train_deception_adaptive,2,deception_adaptive,train,train_deception_adaptive_301_2,r2_train_deception_adaptive_seed_301_game_2,301,16,wolf
r2_train_deception_adaptive,3,deception_adaptive,train,train_deception_adaptive_301_3,r2_train_deception_adaptive_seed_301_game_3,301,25,village
r2_train_deception_adaptive,4,deception_adaptive,train,train_deception_adaptive_301_4,r2_train_deception_adaptive_seed_301_game_4,301,9,wolf
r2_train_deception_adaptive,5,deception_adaptive,train,train_deception_adaptive_301_5,r2_train_deception_adaptive_seed_301_game_5,301,24,village
r2_train_deception_adaptive,6,deception_adaptive,train,train_deception_adaptive_301_6,r2_train_deception_adaptive_seed_301_game_6,301,17,wolf
r2_train_deception_adaptive,7,deception_adaptive,train,train_deception_adaptive_301_7,r2_train_deception_adaptive_seed_301_game_7,301,17,wolf
r2_train_deception_adaptive,8,deception_adaptive,train,train_deception_adaptive_301_8,r2_train_deception_adaptive_seed_301_game_8,301,24,village
r2_train_deception_adaptive,9,deception_adaptive,train,train_deception_adaptive_301_9,r2_train_deception_adaptive_seed_301_game_9,301,22,wolf
r2_train_deception_adaptive,10,deception_adaptive,train,train_deception_adaptive_301_10,r2_train_deception_adaptive_seed_301_game_10,301,9,wolf
r2_train_deception_adaptive,11,deception_adaptive,train,train_deception_adaptive_301_11,r2_train_deception_adaptive_seed_301_game_11,301,22,wolf
r2_train_deception_adaptive,12,deception_adaptive,train,train_deception_adaptive_301_12,r2_train_deception_adaptive_seed_301_game_12,301,16,wolf
r2_train_deception_adaptive,13,deception_adaptive,train,train_deception_adaptive_301_13,r2_train_deception_adaptive_seed_301_game_13,301,26,wolf
r2_train_deception_adaptive,14,deception_adaptive,train,train_deception_adaptive_301_14,r2_train_deception_adaptive_seed_301_game_14,301,24,wolf
r2_train_deception_adaptive,15,deception_adaptive,train,train_deception_adaptive_301_15,r2_train_deception_adaptive_seed_301_game_15,301,22,village
r2_train_deception_adaptive,16,deception_adaptive,train,train_deception_adaptive_301_16,r2_train_deception_adaptive_seed_301_game_16,301,25,village
r2_train_deception_adaptive,17,deception_adaptive,train,train_deception_adaptive_301_17,r2_train_deception_adaptive_seed_301_game_17,301,16,wolf
r2_train_deception_adaptive,18,deception_adaptive,train,train_deception_adaptive_301_18,r2_train_deception_adaptive_seed_301_game_18,301,22,village
r2_train_deception_adaptive,19,deception_adaptive,train,train_deception_adaptive_301_19,r2_train_deception_adaptive_seed_301_game_19,301,25,village
r2_train_deception_adaptive,20,deception_adaptive,train,train_deception_adaptive_301_20,r2_train_deception_adaptive_seed_301_game_20,301,17,wolf
r2_train_trust_weighted_memory,1,trust_weighted_memory,train,train_trust_weighted_memory_301_1,r2_train_trust_weighted_memory_seed_301_game_1,301,17,wolf
r2_train_trust_weighted_memory,2,trust_weighted_memory,train,train_trust_weighted_memory_301_2,r2_train_trust_weighted_memory_seed_301_game_2,301,15,wolf
r2_train_trust_weighted_memory,3,trust_weighted_memory,train,train_trust_weighted_memory_301_3,r2_train_trust_weighted_memory_seed_301_game_3,301,24,wolf
r2_train_trust_weighted_memory,4,trust_weighted_memory,train,train_trust_weighted_memory_301_4,r2_train_trust_weighted_memory_seed_301_game_4,301,17,village
r2_train_trust_weighted_memory,5,trust_weighted_memory,train,train_trust_weighted_memory_301_5,r2_train_trust_weighted_memory_seed_301_game_5,301,22,village
r2_train_trust_weighted_memory,6,trust_weighted_memory,train,train_trust_weighted_memory_301_6,r2_train_trust_weighted_memory_seed_301_game_6,301,23,wolf
r2_train_trust_weighted_memory,7,trust_weighted_memory,train,train_trust_weighted_memory_301_7,r2_train_trust_weighted_memory_seed_301_game_7,301,22,wolf
r2_train_trust_weighted_memory,8,trust_weighted_memory,train,train_trust_weighted_memory_301_8,r2_train_trust_weighted_memory_seed_301_game_8,301,16,wolf
r2_train_trust_weighted_memory,9,trust_weighted_memory,train,train_trust_weighted_memory_301_9,r2_train_trust_weighted_memory_seed_301_game_9,301,24,wolf
r2_train_trust_weighted_memory,10,trust_weighted_memory,train,train_trust_weighted_memory_301_10,r2_train_trust_weighted_memory_seed_301_game_10,301,18,wolf
r2_train_trust_weighted_memory,11,trust_weighted_memory,train,train_trust_weighted_memory_301_11,r2_train_trust_weighted_memory_seed_301_game_11,301,28,village
r2_train_trust_weighted_memory,12,trust_weighted_memory,train,train_trust_weighted_memory_301_12,r2_train_trust_weighted_memory_seed_301_game_12,301,24,wolf
r2_train_trust_weighted_memory,13,trust_weighted_memory,train,train_trust_weighted_memory_301_13,r2_train_trust_weighted_memory_seed_301_game_13,301,24,wolf
r2_train_trust_weighted_memory,14,trust_weighted_memory,train,train_trust_weighted_memory_301_14,r2_train_trust_weighted_memory_seed_301_game_14,301,22,village
r2_train_trust_weighted_memory,15,trust_weighted_memory,train,train_trust_weighted_memory_301_15,r2_train_trust_weighted_memory_seed_301_game_15,301,24,village
r2_train_trust_weighted_memory,16,trust_weighted_memory,train,train_trust_weighted_memory_301_16,r2_train_trust_weighted_memory_seed_301_game_16,301,23,village
r2_train_trust_weighted_memory,17,trust_weighted_memory,train,train_trust_weighted_memory_301_17,r2_train_trust_weighted_memory_seed_301_game_17,301,16,wolf
r2_train_trust_weighted_memory,18,trust_weighted_memory,train,train_trust_weighted_memory_301_18,r2_train_trust_weighted_memory_seed_301_game_18,301,24,wolf
r2_train_trust_weighted_memory,19,trust_weighted_memory,train,train_trust_weighted_memory_301_19,r2_train_trust_weighted_memory_seed_301_game_19,301,17,wolf
r2_train_trust_weighted_memory,20,trust_weighted_memory,train,train_trust_weighted_memory_301_20,r2_train_trust_weighted_memory_seed_301_game_20,301,22,wolf
r2_train_random_vote_speech,1,random_vote_speech,train,train_random_vote_speech_301_1,r2_train_random_vote_speech_seed_301_game_1,301,20,wolf
r2_train_random_vote_speech,2,random_vote_speech,train,train_random_vote_speech_301_2,r2_train_random_vote_speech_seed_301_game_2,301,19,wolf
r2_train_random_vote_speech,3,random_vote_speech,train,train_random_vote_speech_301_3,r2_train_random_vote_speech_seed_301_game_3,301,19,wolf
r2_train_random_vote_speech,4,random_vote_speech,train,train_random_vote_speech_301_4,r2_train_random_vote_speech_seed_301_game_4,301,19,wolf
r2_train_random_vote_speech,5,random_vote_speech,train,train_random_vote_speech_301_5,r2_train_random_vote_speech_seed_301_game_5,301,25,wolf
r2_train_random_vote_speech,6,random_vote_speech,train,train_random_vote_speech_301_6,r2_train_random_vote_speech_seed_301_game_6,301,22,wolf
r2_train_random_vote_speech,7,random_vote_speech,train,train_random_vote_speech_301_7,r2_train_random_vote_speech_seed_301_game_7,301,22,wolf
r2_train_random_vote_speech,8,random_vote_speech,train,train_random_vote_speech_301_8,r2_train_random_vote_speech_seed_301_game_8,301,25,wolf
r2_train_random_vote_speech,9,random_vote_speech,train,train_random_vote_speech_301_9,r2_train_random_vote_speech_seed_301_game_9,301,22,wolf
r2_train_random_vote_speech,10,random_vote_speech,train,train_random_vote_speech_301_10,r2_train_random_vote_speech_seed_301_game_10,301,21,wolf
r2_train_random_vote_speech,11,random_vote_speech,train,train_random_vote_speech_301_11,r2_train_random_vote_speech_seed_301_game_11,301,17,wolf
r2_train_random_vote_speech,12,random_vote_speech,train,train_random_vote_speech_301_12,r2_train_random_vote_speech_seed_301_game_12,301,24,wolf
r2_train_random_vote_speech,13,random_vote_speech,train,train_random_vote_speech_301_13,r2_train_random_vote_speech_seed_301_game_13,301,14,wolf
r2_train_random_vote_speech,14,random_vote_speech,train,train_random_vote_speech_301_14,r2_train_random_vote_speech_seed_301_game_14,301,25,village
r2_train_random_vote_speech,15,random_vote_speech,train,train_random_vote_speech_301_15,r2_train_random_vote_speech_seed_301_game_15,301,23,village
r2_train_random_vote_speech,16,random_vote_speech,train,train_random_vote_speech_301_16,r2_train_random_vote_speech_seed_301_game_16,301,27,wolf
r2_train_random_vote_speech,17,random_vote_speech,train,train_random_vote_speech_301_17,r2_train_random_vote_speech_seed_301_game_17,301,17,wolf
r2_train_random_vote_speech,18,random_vote_speech,train,train_random_vote_speech_301_18,r2_train_random_vote_speech_seed_301_game_18,301,25,wolf
r2_train_random_vote_speech,19,random_vote_speech,train,train_random_vote_speech_301_19,r2_train_random_vote_speech_seed_301_game_19,301,20,village
r2_train_random_vote_speech,20,random_vote_speech,train,train_random_vote_speech_301_20,r2_train_random_vote_speech_seed_301_game_20,301,25,wolf
r2_train_balanced_social,1,balanced_social,train,train_balanced_social_302_1,r2_train_balanced_social_seed_302_game_1,302,24,village
r2_train_balanced_social,2,balanced_social,train,train_balanced_social_302_2,r2_train_balanced_social_seed_302_game_2,302,21,village
r2_train_balanced_social,3,balanced_social,train,train_balanced_social_302_3,r2_train_balanced_social_seed_302_game_3,302,23,wolf
r2_train_balanced_social,4,balanced_social,train,train_balanced_social_302_4,r2_train_balanced_social_seed_302_game_4,302,18,village
r2_train_balanced_social,5,balanced_social,train,train_balanced_social_302_5,r2_train_balanced_social_seed_302_game_5,302,25,village
r2_train_balanced_social,6,balanced_social,train,train_balanced_social_302_6,r2_train_balanced_social_seed_302_game_6,302,16,wolf
r2_train_balanced_social,7,balanced_social,train,train_balanced_social_302_7,r2_train_balanced_social_seed_302_game_7,302,23,wolf
r2_train_balanced_social,8,balanced_social,train,train_balanced_social_302_8,r2_train_balanced_social_seed_302_game_8,302,22,village
r2_train_balanced_social,9,balanced_social,train,train_balanced_social_302_9,r2_train_balanced_social_seed_302_game_9,302,21,wolf
r2_train_balanced_social,10,balanced_social,train,train_balanced_social_302_10,r2_train_balanced_social_seed_302_game_10,302,8,village
r2_train_balanced_social,11,balanced_social,train,train_balanced_social_302_11,r2_train_balanced_social_seed_302_game_11,302,20,wolf
r2_train_balanced_social,12,balanced_social,train,train_balanced_social_302_12,r2_train_balanced_social_seed_302_game_12,302,20,village
r2_train_balanced_social,13,balanced_social,train,train_balanced_social_302_13,r2_train_balanced_social_seed_302_game_13,302,25,village
r2_train_balanced_social,14,balanced_social,train,train_balanced_social_302_14,r2_train_balanced_social_seed_302_game_14,302,17,village
r2_train_balanced_social,15,balanced_social,train,train_balanced_social_302_15,r2_train_balanced_social_seed_302_game_15,302,16,wolf
r2_train_balanced_social,16,balanced_social,train,train_balanced_social_302_16,r2_train_balanced_social_seed_302_game_16,302,24,wolf
r2_train_balanced_social,17,balanced_social,train,train_balanced_social_302_17,r2_train_balanced_social_seed_302_game_17,302,26,wolf
r2_train_balanced_social,18,balanced_social,train,train_balanced_social_302_18,r2_train_balanced_social_seed_302_game_18,302,17,wolf
r2_train_balanced_social,19,balanced_social,train,train_balanced_social_302_19,r2_train_balanced_social_seed_302_game_19,302,17,village
r2_train_balanced_social,20,balanced_social,train,train_balanced_social_302_20,r2_train_balanced_social_seed_302_game_20,302,28,village
r2_train_deception_adaptive,1,deception_adaptive,train,train_deception_adaptive_302_1,r2_train_deception_adaptive_seed_302_game_1,302,17,wolf
r2_train_deception_adaptive,2,deception_adaptive,train,train_deception_adaptive_302_2,r2_train_deception_adaptive_seed_302_game_2,302,17,wolf
r2_train_deception_adaptive,3,deception_adaptive,train,train_deception_adaptive_302_3,r2_train_deception_adaptive_seed_302_game_3,302,20,wolf
r2_train_deception_adaptive,4,deception_adaptive,train,train_deception_adaptive_302_4,r2_train_deception_adaptive_seed_302_game_4,302,25,village
r2_train_deception_adaptive,5,deception_adaptive,train,train_deception_adaptive_302_5,r2_train_deception_adaptive_seed_302_game_5,302,23,wolf
r2_train_deception_adaptive,6,deception_adaptive,train,train_deception_adaptive_302_6,r2_train_deception_adaptive_seed_302_game_6,302,20,wolf
r2_train_deception_adaptive,7,deception_adaptive,train,train_deception_adaptive_302_7,r2_train_deception_adaptive_seed_302_game_7,302,23,wolf
r2_train_deception_adaptive,8,deception_adaptive,train,train_deception_adaptive_302_8,r2_train_deception_adaptive_seed_302_game_8,302,18,wolf
r2_train_deception_adaptive,9,deception_adaptive,train,train_deception_adaptive_302_9,r2_train_deception_adaptive_seed_302_game_9,302,18,wolf
r2_train_deception_adaptive,10,deception_adaptive,train,train_deception_adaptive_302_10,r2_train_deception_adaptive_seed_302_game_10,302,17,wolf
r2_train_deception_adaptive,11,deception_adaptive,train,train_deception_adaptive_302_11,r2_train_deception_adaptive_seed_302_game_11,302,23,village
r2_train_deception_adaptive,12,deception_adaptive,train,train_deception_adaptive_302_12,r2_train_deception_adaptive_seed_302_game_12,302,24,wolf
r2_train_deception_adaptive,13,deception_adaptive,train,train_deception_adaptive_302_13,r2_train_deception_adaptive_seed_302_game_13,302,16,wolf
r2_train_deception_adaptive,14,deception_adaptive,train,train_deception_adaptive_302_14,r2_train_deception_adaptive_seed_302_game_14,302,17,village
r2_train_deception_adaptive,15,deception_adaptive,train,train_deception_adaptive_302_15,r2_train_deception_adaptive_seed_302_game_15,302,9,wolf
r2_train_deception_adaptive,16,deception_adaptive,train,train_deception_adaptive_302_16,r2_train_deception_adaptive_seed_302_game_16,302,18,wolf
r2_train_deception_adaptive,17,deception_adaptive,train,train_deception_adaptive_302_17,r2_train_deception_adaptive_seed_302_game_17,302,18,wolf
r2_train_deception_adaptive,18,deception_adaptive,train,train_deception_adaptive_302_18,r2_train_deception_adaptive_seed_302_game_18,302,20,wolf
r2_train_deception_adaptive,19,deception_adaptive,train,train_deception_adaptive_302_19,r2_train_deception_adaptive_seed_302_game_19,302,21,wolf
r2_train_deception_adaptive,20,deception_adaptive,train,train_deception_adaptive_302_20,r2_train_deception_adaptive_seed_302_game_20,302,16,wolf
r2_train_trust_weighted_memory,1,trust_weighted_memory,train,train_trust_weighted_memory_302_1,r2_train_trust_weighted_memory_seed_302_game_1,302,21,village
r2_train_trust_weighted_memory,2,trust_weighted_memory,train,train_trust_weighted_memory_302_2,r2_train_trust_weighted_memory_seed_302_game_2,302,17,wolf
r2_train_trust_weighted_memory,3,trust_weighted_memory,train,train_trust_weighted_memory_302_3,r2_train_trust_weighted_memory_seed_302_game_3,302,16,wolf
r2_train_trust_weighted_memory,4,trust_weighted_memory,train,train_trust_weighted_memory_302_4,r2_train_trust_weighted_memory_seed_302_game_4,302,17,wolf
r2_train_trust_weighted_memory,5,trust_weighted_memory,train,train_trust_weighted_memory_302_5,r2_train_trust_weighted_memory_seed_302_game_5,302,10,wolf
r2_train_trust_weighted_memory,6,trust_weighted_memory,train,train_trust_weighted_memory_302_6,r2_train_trust_weighted_memory_seed_302_game_6,302,27,village
r2_train_trust_weighted_memory,7,trust_weighted_memory,train,train_trust_weighted_memory_302_7,r2_train_trust_weighted_memory_seed_302_game_7,302,19,wolf
r2_train_trust_weighted_memory,8,trust_weighted_memory,train,train_trust_weighted_memory_302_8,r2_train_trust_weighted_memory_seed_302_game_8,302,22,wolf
r2_train_trust_weighted_memory,9,trust_weighted_memory,train,train_trust_weighted_memory_302_9,r2_train_trust_weighted_memory_seed_302_game_9,302,28,village
r2_train_trust_weighted_memory,10,trust_weighted_memory,train,train_trust_weighted_memory_302_10,r2_train_trust_weighted_memory_seed_302_game_10,302,26,village
r2_train_trust_weighted_memory,11,trust_weighted_memory,train,train_trust_weighted_memory_302_11,r2_train_trust_weighted_memory_seed_302_game_11,302,20,wolf
r2_train_trust_weighted_memory,12,trust_weighted_memory,train,train_trust_weighted_memory_302_12,r2_train_trust_weighted_memory_seed_302_game_12,302,26,village
r2_train_trust_weighted_memory,13,trust_weighted_memory,train,train_trust_weighted_memory_302_13,r2_train_trust_weighted_memory_seed_302_game_13,302,16,wolf
r2_train_trust_weighted_memory,14,trust_weighted_memory,train,train_trust_weighted_memory_302_14,r2_train_trust_weighted_memory_seed_302_game_14,302,9,wolf
r2_train_trust_weighted_memory,15,trust_weighted_memory,train,train_trust_weighted_memory_302_15,r2_train_trust_weighted_memory_seed_302_game_15,302,22,village
r2_train_trust_weighted_memory,16,trust_weighted_memory,train,train_trust_weighted_memory_302_16,r2_train_trust_weighted_memory_seed_302_game_16,302,24,village
r2_train_trust_weighted_memory,17,trust_weighted_memory,train,train_trust_weighted_memory_302_17,r2_train_trust_weighted_memory_seed_302_game_17,302,24,village
r2_train_trust_weighted_memory,18,trust_weighted_memory,train,train_trust_weighted_memory_302_18,r2_train_trust_weighted_memory_seed_302_game_18,302,26,village
r2_train_trust_weighted_memory,19,trust_weighted_memory,train,train_trust_weighted_memory_302_19,r2_train_trust_weighted_memory_seed_302_game_19,302,16,wolf
r2_train_trust_weighted_memory,20,trust_weighted_memory,train,train_trust_weighted_memory_302_20,r2_train_trust_weighted_memory_seed_302_game_20,302,16,wolf
r2_train_random_vote_speech,1,random_vote_speech,train,train_random_vote_speech_302_1,r2_train_random_vote_speech_seed_302_game_1,302,18,village
r2_train_random_vote_speech,2,random_vote_speech,train,train_random_vote_speech_302_2,r2_train_random_vote_speech_seed_302_game_2,302,18,wolf
r2_train_random_vote_speech,3,random_vote_speech,train,train_random_vote_speech_302_3,r2_train_random_vote_speech_seed_302_game_3,302,17,wolf
r2_train_random_vote_speech,4,random_vote_speech,train,train_random_vote_speech_302_4,r2_train_random_vote_speech_seed_302_game_4,302,22,wolf
r2_train_random_vote_speech,5,random_vote_speech,train,train_random_vote_speech_302_5,r2_train_random_vote_speech_seed_302_game_5,302,17,village
r2_train_random_vote_speech,6,random_vote_speech,train,train_random_vote_speech_302_6,r2_train_random_vote_speech_seed_302_game_6,302,25,wolf
r2_train_random_vote_speech,7,random_vote_speech,train,train_random_vote_speech_302_7,r2_train_random_vote_speech_seed_302_game_7,302,24,wolf
r2_train_random_vote_speech,8,random_vote_speech,train,train_random_vote_speech_302_8,r2_train_random_vote_speech_seed_302_game_8,302,23,village
r2_train_random_vote_speech,9,random_vote_speech,train,train_random_vote_speech_302_9,r2_train_random_vote_speech_seed_302_game_9,302,24,wolf
r2_train_random_vote_speech,10,random_vote_speech,train,train_random_vote_speech_302_10,r2_train_random_vote_speech_seed_302_game_10,302,21,wolf
r2_train_random_vote_speech,11,random_vote_speech,train,train_random_vote_speech_302_11,r2_train_random_vote_speech_seed_302_game_11,302,17,wolf
r2_train_random_vote_speech,12,random_vote_speech,train,train_random_vote_speech_302_12,r2_train_random_vote_speech_seed_302_game_12,302,25,village
r2_train_random_vote_speech,13,random_vote_speech,train,train_random_vote_speech_302_13,r2_train_random_vote_speech_seed_302_game_13,302,17,village
r2_train_random_vote_speech,14,random_vote_speech,train,train_random_vote_speech_302_14,r2_train_random_vote_speech_seed_302_game_14,302,22,village
r2_train_random_vote_speech,15,random_vote_speech,train,train_random_vote_speech_302_15,r2_train_random_vote_speech_seed_302_game_15,302,18,village
r2_train_random_vote_speech,16,random_vote_speech,train,train_random_vote_speech_302_16,r2_train_random_vote_speech_seed_302_game_16,302,22,wolf
r2_train_random_vote_speech,17,random_vote_speech,train,train_random_vote_speech_302_17,r2_train_random_vote_speech_seed_302_game_17,302,16,wolf
r2_train_random_vote_speech,18,random_vote_speech,train,train_random_vote_speech_302_18,r2_train_random_vote_speech_seed_302_game_18,302,25,wolf
r2_train_random_vote_speech,19,random_vote_speech,train,train_random_vote_speech_302_19,r2_train_random_vote_speech_seed_302_game_19,302,22,wolf
r2_train_random_vote_speech,20,random_vote_speech,train,train_random_vote_speech_302_20,r2_train_random_vote_speech_seed_302_game_20,302,24,village
r2_train_balanced_social,1,balanced_social,train,train_balanced_social_303_1,r2_train_balanced_social_seed_303_game_1,303,26,wolf
r2_train_balanced_social,2,balanced_social,train,train_balanced_social_303_2,r2_train_balanced_social_seed_303_game_2,303,19,wolf
r2_train_balanced_social,3,balanced_social,train,train_balanced_social_303_3,r2_train_balanced_social_seed_303_game_3,303,14,wolf
r2_train_balanced_social,4,balanced_social,train,train_balanced_social_303_4,r2_train_balanced_social_seed_303_game_4,303,23,village
r2_train_balanced_social,5,balanced_social,train,train_balanced_social_303_5,r2_train_balanced_social_seed_303_game_5,303,28,wolf
r2_train_balanced_social,6,balanced_social,train,train_balanced_social_303_6,r2_train_balanced_social_seed_303_game_6,303,23,wolf
r2_train_balanced_social,7,balanced_social,train,train_balanced_social_303_7,r2_train_balanced_social_seed_303_game_7,303,26,wolf
r2_train_balanced_social,8,balanced_social,train,train_balanced_social_303_8,r2_train_balanced_social_seed_303_game_8,303,19,wolf
r2_train_balanced_social,9,balanced_social,train,train_balanced_social_303_9,r2_train_balanced_social_seed_303_game_9,303,16,wolf
r2_train_balanced_social,10,balanced_social,train,train_balanced_social_303_10,r2_train_balanced_social_seed_303_game_10,303,24,village
r2_train_balanced_social,11,balanced_social,train,train_balanced_social_303_11,r2_train_balanced_social_seed_303_game_11,303,16,wolf
r2_train_balanced_social,12,balanced_social,train,train_balanced_social_303_12,r2_train_balanced_social_seed_303_game_12,303,22,village
r2_train_balanced_social,13,balanced_social,train,train_balanced_social_303_13,r2_train_balanced_social_seed_303_game_13,303,22,village
r2_train_balanced_social,14,balanced_social,train,train_balanced_social_303_14,r2_train_balanced_social_seed_303_game_14,303,25,wolf
r2_train_balanced_social,15,balanced_social,train,train_balanced_social_303_15,r2_train_balanced_social_seed_303_game_15,303,22,wolf
r2_train_balanced_social,16,balanced_social,train,train_balanced_social_303_16,r2_train_balanced_social_seed_303_game_16,303,22,wolf
r2_train_balanced_social,17,balanced_social,train,train_balanced_social_303_17,r2_train_balanced_social_seed_303_game_17,303,22,wolf
r2_train_balanced_social,18,balanced_social,train,train_balanced_social_303_18,r2_train_balanced_social_seed_303_game_18,303,17,wolf
r2_train_balanced_social,19,balanced_social,train,train_balanced_social_303_19,r2_train_balanced_social_seed_303_game_19,303,14,wolf
r2_train_balanced_social,20,balanced_social,train,train_balanced_social_303_20,r2_train_balanced_social_seed_303_game_20,303,17,village
r2_train_deception_adaptive,1,deception_adaptive,train,train_deception_adaptive_303_1,r2_train_deception_adaptive_seed_303_game_1,303,19,village
r2_train_deception_adaptive,2,deception_adaptive,train,train_deception_adaptive_303_2,r2_train_deception_adaptive_seed_303_game_2,303,21,wolf
r2_train_deception_adaptive,3,deception_adaptive,train,train_deception_adaptive_303_3,r2_train_deception_adaptive_seed_303_game_3,303,21,village
r2_train_deception_adaptive,4,deception_adaptive,train,train_deception_adaptive_303_4,r2_train_deception_adaptive_seed_303_game_4,303,17,wolf
r2_train_deception_adaptive,5,deception_adaptive,train,train_deception_adaptive_303_5,r2_train_deception_adaptive_seed_303_game_5,303,21,village
r2_train_deception_adaptive,6,deception_adaptive,train,train_deception_adaptive_303_6,r2_train_deception_adaptive_seed_303_game_6,303,15,wolf
r2_train_deception_adaptive,7,deception_adaptive,train,train_deception_adaptive_303_7,r2_train_deception_adaptive_seed_303_game_7,303,24,wolf
r2_train_deception_adaptive,8,deception_adaptive,train,train_deception_adaptive_303_8,r2_train_deception_adaptive_seed_303_game_8,303,10,wolf
r2_train_deception_adaptive,9,deception_adaptive,train,train_deception_adaptive_303_9,r2_train_deception_adaptive_seed_303_game_9,303,22,village
r2_train_deception_adaptive,10,deception_adaptive,train,train_deception_adaptive_303_10,r2_train_deception_adaptive_seed_303_game_10,303,24,wolf
r2_train_deception_adaptive,11,deception_adaptive,train,train_deception_adaptive_303_11,r2_train_deception_adaptive_seed_303_game_11,303,17,wolf
r2_train_deception_adaptive,12,deception_adaptive,train,train_deception_adaptive_303_12,r2_train_deception_adaptive_seed_303_game_12,303,10,wolf
r2_train_deception_adaptive,13,deception_adaptive,train,train_deception_adaptive_303_13,r2_train_deception_adaptive_seed_303_game_13,303,16,wolf
r2_train_deception_adaptive,14,deception_adaptive,train,train_deception_adaptive_303_14,r2_train_deception_adaptive_seed_303_game_14,303,22,village
r2_train_deception_adaptive,15,deception_adaptive,train,train_deception_adaptive_303_15,r2_train_deception_adaptive_seed_303_game_15,303,16,wolf
r2_train_deception_adaptive,16,deception_adaptive,train,train_deception_adaptive_303_16,r2_train_deception_adaptive_seed_303_game_16,303,24,wolf
r2_train_deception_adaptive,17,deception_adaptive,train,train_deception_adaptive_303_17,r2_train_deception_adaptive_seed_303_game_17,303,22,village
r2_train_deception_adaptive,18,deception_adaptive,train,train_deception_adaptive_303_18,r2_train_deception_adaptive_seed_303_game_18,303,13,wolf
r2_train_deception_adaptive,19,deception_adaptive,train,train_deception_adaptive_303_19,r2_train_deception_adaptive_seed_303_game_19,303,22,wolf
r2_train_deception_adaptive,20,deception_adaptive,train,train_deception_adaptive_303_20,r2_train_deception_adaptive_seed_303_game_20,303,24,wolf
r2_train_trust_weighted_memory,1,trust_weighted_memory,train,train_trust_weighted_memory_303_1,r2_train_trust_weighted_memory_seed_303_game_1,303,18,wolf
r2_train_trust_weighted_memory,2,trust_weighted_memory,train,train_trust_weighted_memory_303_2,r2_train_trust_weighted_memory_seed_303_game_2,303,24,village
r2_train_trust_weighted_memory,3,trust_weighted_memory,train,train_trust_weighted_memory_303_3,r2_train_trust_weighted_memory_seed_303_game_3,303,22,village
r2_train_trust_weighted_memory,4,trust_weighted_memory,train,train_trust_weighted_memory_303_4,r2_train_trust_weighted_memory_seed_303_game_4,303,26,village
r2_train_trust_weighted_memory,5,trust_weighted_memory,train,train_trust_weighted_memory_303_5,r2_train_trust_weighted_memory_seed_303_game_5,303,9,wolf
r2_train_trust_weighted_memory,6,trust_weighted_memory,train,train_trust_weighted_memory_303_6,r2_train_trust_weighted_memory_seed_303_game_6,303,21,wolf
r2_train_trust_weighted_memory,7,trust_weighted_memory,train,train_trust_weighted_memory_303_7,r2_train_trust_weighted_memory_seed_303_game_7,303,26,village
r2_train_trust_weighted_memory,8,trust_weighted_memory,train,train_trust_weighted_memory_303_8,r2_train_trust_weighted_memory_seed_303_game_8,303,21,village
r2_train_trust_weighted_memory,9,trust_weighted_memory,train,train_trust_weighted_memory_303_9,r2_train_trust_weighted_memory_seed_303_game_9,303,23,village
r2_train_trust_weighted_memory,10,trust_weighted_memory,train,train_trust_weighted_memory_303_10,r2_train_trust_weighted_memory_seed_303_game_10,303,24,wolf
r2_train_trust_weighted_memory,11,trust_weighted_memory,train,train_trust_weighted_memory_303_11,r2_train_trust_weighted_memory_seed_303_game_11,303,22,wolf
r2_train_trust_weighted_memory,12,trust_weighted_memory,train,train_trust_weighted_memory_303_12,r2_train_trust_weighted_memory_seed_303_game_12,303,23,wolf
r2_train_trust_weighted_memory,13,trust_weighted_memory,train,train_trust_weighted_memory_303_13,r2_train_trust_weighted_memory_seed_303_game_13,303,17,wolf
r2_train_trust_weighted_memory,14,trust_weighted_memory,train,train_trust_weighted_memory_303_14,r2_train_trust_weighted_memory_seed_303_game_14,303,9,wolf
r2_train_trust_weighted_memory,15,trust_weighted_memory,train,train_trust_weighted_memory_303_15,r2_train_trust_weighted_memory_seed_303_game_15,303,21,village
r2_train_trust_weighted_memory,16,trust_weighted_memory,train,train_trust_weighted_memory_303_16,r2_train_trust_weighted_memory_seed_303_game_16,303,9,wolf
r2_train_trust_weighted_memory,17,trust_weighted_memory,train,train_trust_weighted_memory_303_17,r2_train_trust_weighted_memory_seed_303_game_17,303,19,wolf
r2_train_trust_weighted_memory,18,trust_weighted_memory,train,train_trust_weighted_memory_303_18,r2_train_trust_weighted_memory_seed_303_game_18,303,9,wolf
r2_train_trust_weighted_memory,19,trust_weighted_memory,train,train_trust_weighted_memory_303_19,r2_train_trust_weighted_memory_seed_303_game_19,303,20,wolf
r2_train_trust_weighted_memory,20,trust_weighted_memory,train,train_trust_weighted_memory_303_20,r2_train_trust_weighted_memory_seed_303_game_20,303,24,village
r2_train_random_vote_speech,1,random_vote_speech,train,train_random_vote_speech_303_1,r2_train_random_vote_speech_seed_303_game_1,303,17,wolf
r2_train_random_vote_speech,2,random_vote_speech,train,train_random_vote_speech_303_2,r2_train_random_vote_speech_seed_303_game_2,303,17,wolf
r2_train_random_vote_speech,3,random_vote_speech,train,train_random_vote_speech_303_3,r2_train_random_vote_speech_seed_303_game_3,303,22,village
r2_train_random_vote_speech,4,random_vote_speech,train,train_random_vote_speech_303_4,r2_train_random_vote_speech_seed_303_game_4,303,21,wolf
r2_train_random_vote_speech,5,random_vote_speech,train,train_random_vote_speech_303_5,r2_train_random_vote_speech_seed_303_game_5,303,25,village
r2_train_random_vote_speech,6,random_vote_speech,train,train_random_vote_speech_303_6,r2_train_random_vote_speech_seed_303_game_6,303,19,wolf
r2_train_random_vote_speech,7,random_vote_speech,train,train_random_vote_speech_303_7,r2_train_random_vote_speech_seed_303_game_7,303,18,wolf
r2_train_random_vote_speech,8,random_vote_speech,train,train_random_vote_speech_303_8,r2_train_random_vote_speech_seed_303_game_8,303,25,wolf
r2_train_random_vote_speech,9,random_vote_speech,train,train_random_vote_speech_303_9,r2_train_random_vote_speech_seed_303_game_9,303,25,wolf
r2_train_random_vote_speech,10,random_vote_speech,train,train_random_vote_speech_303_10,r2_train_random_vote_speech_seed_303_game_10,303,25,wolf
r2_train_random_vote_speech,11,random_vote_speech,train,train_random_vote_speech_303_11,r2_train_random_vote_speech_seed_303_game_11,303,25,village
r2_train_random_vote_speech,12,random_vote_speech,train,train_random_vote_speech_303_12,r2_train_random_vote_speech_seed_303_game_12,303,25,wolf
r2_train_random_vote_speech,13,random_vote_speech,train,train_random_vote_speech_303_13,r2_train_random_vote_speech_seed_303_game_13,303,18,wolf
r2_train_random_vote_speech,14,random_vote_speech,train,train_random_vote_speech_303_14,r2_train_random_vote_speech_seed_303_game_14,303,17,wolf
r2_train_random_vote_speech,15,random_vote_speech,train,train_random_vote_speech_303_15,r2_train_random_vote_speech_seed_303_game_15,303,22,village
r2_train_random_vote_speech,16,random_vote_speech,train,train_random_vote_speech_303_16,r2_train_random_vote_speech_seed_303_game_16,303,25,wolf
r2_train_random_vote_speech,17,random_vote_speech,train,train_random_vote_speech_303_17,r2_train_random_vote_speech_seed_303_game_17,303,20,wolf
r2_train_random_vote_speech,18,random_vote_speech,train,train_random_vote_speech_303_18,r2_train_random_vote_speech_seed_303_game_18,303,25,wolf
r2_train_random_vote_speech,19,random_vote_speech,train,train_random_vote_speech_303_19,r2_train_random_vote_speech_seed_303_game_19,303,20,wolf
r2_train_random_vote_speech,20,random_vote_speech,train,train_random_vote_speech_303_20,r2_train_random_vote_speech_seed_303_game_20,303,18,wolf
r2_train_balanced_social,1,balanced_social,train,train_balanced_social_304_1,r2_train_balanced_social_seed_304_game_1,304,27,wolf
r2_train_balanced_social,2,balanced_social,train,train_balanced_social_304_2,r2_train_balanced_social_seed_304_game_2,304,22,wolf
r2_train_balanced_social,3,balanced_social,train,train_balanced_social_304_3,r2_train_balanced_social_seed_304_game_3,304,28,wolf
r2_train_balanced_social,4,balanced_social,train,train_balanced_social_304_4,r2_train_balanced_social_seed_304_game_4,304,23,wolf
r2_train_balanced_social,5,balanced_social,train,train_balanced_social_304_5,r2_train_balanced_social_seed_304_game_5,304,23,village
r2_train_balanced_social,6,balanced_social,train,train_balanced_social_304_6,r2_train_balanced_social_seed_304_game_6,304,18,village
r2_train_balanced_social,7,balanced_social,train,train_balanced_social_304_7,r2_train_balanced_social_seed_304_game_7,304,24,wolf
r2_train_balanced_social,8,balanced_social,train,train_balanced_social_304_8,r2_train_balanced_social_seed_304_game_8,304,28,wolf
r2_train_balanced_social,9,balanced_social,train,train_balanced_social_304_9,r2_train_balanced_social_seed_304_game_9,304,24,wolf
r2_train_balanced_social,10,balanced_social,train,train_balanced_social_304_10,r2_train_balanced_social_seed_304_game_10,304,17,village
r2_train_balanced_social,11,balanced_social,train,train_balanced_social_304_11,r2_train_balanced_social_seed_304_game_11,304,22,wolf
r2_train_balanced_social,12,balanced_social,train,train_balanced_social_304_12,r2_train_balanced_social_seed_304_game_12,304,28,village
r2_train_balanced_social,13,balanced_social,train,train_balanced_social_304_13,r2_train_balanced_social_seed_304_game_13,304,17,wolf
r2_train_balanced_social,14,balanced_social,train,train_balanced_social_304_14,r2_train_balanced_social_seed_304_game_14,304,16,wolf
r2_train_balanced_social,15,balanced_social,train,train_balanced_social_304_15,r2_train_balanced_social_seed_304_game_15,304,18,wolf
r2_train_balanced_social,16,balanced_social,train,train_balanced_social_304_16,r2_train_balanced_social_seed_304_game_16,304,25,wolf
r2_train_balanced_social,17,balanced_social,train,train_balanced_social_304_17,r2_train_balanced_social_seed_304_game_17,304,22,wolf
r2_train_balanced_social,18,balanced_social,train,train_balanced_social_304_18,r2_train_balanced_social_seed_304_game_18,304,24,village
r2_train_balanced_social,19,balanced_social,train,train_balanced_social_304_19,r2_train_balanced_social_seed_304_game_19,304,24,wolf
r2_train_balanced_social,20,balanced_social,train,train_balanced_social_304_20,r2_train_balanced_social_seed_304_game_20,304,14,wolf
r2_train_deception_adaptive,1,deception_adaptive,train,train_deception_adaptive_304_1,r2_train_deception_adaptive_seed_304_game_1,304,22,village
r2_train_deception_adaptive,2,deception_adaptive,train,train_deception_adaptive_304_2,r2_train_deception_adaptive_seed_304_game_2,304,9,wolf
r2_train_deception_adaptive,3,deception_adaptive,train,train_deception_adaptive_304_3,r2_train_deception_adaptive_seed_304_game_3,304,21,wolf
r2_train_deception_adaptive,4,deception_adaptive,train,train_deception_adaptive_304_4,r2_train_deception_adaptive_seed_304_game_4,304,14,wolf
r2_train_deception_adaptive,5,deception_adaptive,train,train_deception_adaptive_304_5,r2_train_deception_adaptive_seed_304_game_5,304,17,wolf
r2_train_deception_adaptive,6,deception_adaptive,train,train_deception_adaptive_304_6,r2_train_deception_adaptive_seed_304_game_6,304,10,wolf
r2_train_deception_adaptive,7,deception_adaptive,train,train_deception_adaptive_304_7,r2_train_deception_adaptive_seed_304_game_7,304,21,wolf
r2_train_deception_adaptive,8,deception_adaptive,train,train_deception_adaptive_304_8,r2_train_deception_adaptive_seed_304_game_8,304,26,village
r2_train_deception_adaptive,9,deception_adaptive,train,train_deception_adaptive_304_9,r2_train_deception_adaptive_seed_304_game_9,304,16,wolf
r2_train_deception_adaptive,10,deception_adaptive,train,train_deception_adaptive_304_10,r2_train_deception_adaptive_seed_304_game_10,304,16,wolf
r2_train_deception_adaptive,11,deception_adaptive,train,train_deception_adaptive_304_11,r2_train_deception_adaptive_seed_304_game_11,304,21,wolf
r2_train_deception_adaptive,12,deception_adaptive,train,train_deception_adaptive_304_12,r2_train_deception_adaptive_seed_304_game_12,304,16,wolf
r2_train_deception_adaptive,13,deception_adaptive,train,train_deception_adaptive_304_13,r2_train_deception_adaptive_seed_304_game_13,304,24,village
r2_train_deception_adaptive,14,deception_adaptive,train,train_deception_adaptive_304_14,r2_train_deception_adaptive_seed_304_game_14,304,23,wolf
r2_train_deception_adaptive,15,deception_adaptive,train,train_deception_adaptive_304_15,r2_train_deception_adaptive_seed_304_game_15,304,22,village
r2_train_deception_adaptive,16,deception_adaptive,train,train_deception_adaptive_304_16,r2_train_deception_adaptive_seed_304_game_16,304,24,wolf
r2_train_deception_adaptive,17,deception_adaptive,train,train_deception_adaptive_304_17,r2_train_deception_adaptive_seed_304_game_17,304,9,wolf
r2_train_deception_adaptive,18,deception_adaptive,train,train_deception_adaptive_304_18,r2_train_deception_adaptive_seed_304_game_18,304,9,wolf
r2_train_deception_adaptive,19,deception_adaptive,train,train_deception_adaptive_304_19,r2_train_deception_adaptive_seed_304_game_19,304,18,wolf
r2_train_deception_adaptive,20,deception_adaptive,train,train_deception_adaptive_304_20,r2_train_deception_adaptive_seed_304_game_20,304,18,wolf
r2_train_trust_weighted_memory,1,trust_weighted_memory,train,train_trust_weighted_memory_304_1,r2_train_trust_weighted_memory_seed_304_game_1,304,23,wolf
r2_train_trust_weighted_memory,2,trust_weighted_memory,train,train_trust_weighted_memory_304_2,r2_train_trust_weighted_memory_seed_304_game_2,304,25,village
r2_train_trust_weighted_memory,3,trust_weighted_memory,train,train_trust_weighted_memory_304_3,r2_train_trust_weighted_memory_seed_304_game_3,304,25,wolf
r2_train_trust_weighted_memory,4,trust_weighted_memory,train,train_trust_weighted_memory_304_4,r2_train_trust_weighted_memory_seed_304_game_4,304,17,wolf
r2_train_trust_weighted_memory,5,trust_weighted_memory,train,train_trust_weighted_memory_304_5,r2_train_trust_weighted_memory_seed_304_game_5,304,9,wolf
r2_train_trust_weighted_memory,6,trust_weighted_memory,train,train_trust_weighted_memory_304_6,r2_train_trust_weighted_memory_seed_304_game_6,304,13,wolf
r2_train_trust_weighted_memory,7,trust_weighted_memory,train,train_trust_weighted_memory_304_7,r2_train_trust_weighted_memory_seed_304_game_7,304,22,wolf
r2_train_trust_weighted_memory,8,trust_weighted_memory,train,train_trust_weighted_memory_304_8,r2_train_trust_weighted_memory_seed_304_game_8,304,17,wolf
r2_train_trust_weighted_memory,9,trust_weighted_memory,train,train_trust_weighted_memory_304_9,r2_train_trust_weighted_memory_seed_304_game_9,304,21,wolf
r2_train_trust_weighted_memory,10,trust_weighted_memory,train,train_trust_weighted_memory_304_10,r2_train_trust_weighted_memory_seed_304_game_10,304,17,village
r2_train_trust_weighted_memory,11,trust_weighted_memory,train,train_trust_weighted_memory_304_11,r2_train_trust_weighted_memory_seed_304_game_11,304,27,village
r2_train_trust_weighted_memory,12,trust_weighted_memory,train,train_trust_weighted_memory_304_12,r2_train_trust_weighted_memory_seed_304_game_12,304,22,wolf
r2_train_trust_weighted_memory,13,trust_weighted_memory,train,train_trust_weighted_memory_304_13,r2_train_trust_weighted_memory_seed_304_game_13,304,23,wolf
r2_train_trust_weighted_memory,14,trust_weighted_memory,train,train_trust_weighted_memory_304_14,r2_train_trust_weighted_memory_seed_304_game_14,304,13,village
r2_train_trust_weighted_memory,15,trust_weighted_memory,train,train_trust_weighted_memory_304_15,r2_train_trust_weighted_memory_seed_304_game_15,304,22,village
r2_train_trust_weighted_memory,16,trust_weighted_memory,train,train_trust_weighted_memory_304_16,r2_train_trust_weighted_memory_seed_304_game_16,304,17,wolf
r2_train_trust_weighted_memory,17,trust_weighted_memory,train,train_trust_weighted_memory_304_17,r2_train_trust_weighted_memory_seed_304_game_17,304,26,village
r2_train_trust_weighted_memory,18,trust_weighted_memory,train,train_trust_weighted_memory_304_18,r2_train_trust_weighted_memory_seed_304_game_18,304,27,wolf
r2_train_trust_weighted_memory,19,trust_weighted_memory,train,train_trust_weighted_memory_304_19,r2_train_trust_weighted_memory_seed_304_game_19,304,10,wolf
r2_train_trust_weighted_memory,20,trust_weighted_memory,train,train_trust_weighted_memory_304_20,r2_train_trust_weighted_memory_seed_304_game_20,304,23,village
r2_train_random_vote_speech,1,random_vote_speech,train,train_random_vote_speech_304_1,r2_train_random_vote_speech_seed_304_game_1,304,26,wolf
r2_train_random_vote_speech,2,random_vote_speech,train,train_random_vote_speech_304_2,r2_train_random_vote_speech_seed_304_game_2,304,21,wolf
r2_train_random_vote_speech,3,random_vote_speech,train,train_random_vote_speech_304_3,r2_train_random_vote_speech_seed_304_game_3,304,15,wolf
r2_train_random_vote_speech,4,random_vote_speech,train,train_random_vote_speech_304_4,r2_train_random_vote_speech_seed_304_game_4,304,22,wolf
r2_train_random_vote_speech,5,random_vote_speech,train,train_random_vote_speech_304_5,r2_train_random_vote_speech_seed_304_game_5,304,22,wolf
r2_train_random_vote_speech,6,random_vote_speech,train,train_random_vote_speech_304_6,r2_train_random_vote_speech_seed_304_game_6,304,26,wolf
r2_train_random_vote_speech,7,random_vote_speech,train,train_random_vote_speech_304_7,r2_train_random_vote_speech_seed_304_game_7,304,22,wolf
r2_train_random_vote_speech,8,random_vote_speech,train,train_random_vote_speech_304_8,r2_train_random_vote_speech_seed_304_game_8,304,22,wolf
r2_train_random_vote_speech,9,random_vote_speech,train,train_random_vote_speech_304_9,r2_train_random_vote_speech_seed_304_game_9,304,21,village
r2_train_random_vote_speech,10,random_vote_speech,train,train_random_vote_speech_304_10,r2_train_random_vote_speech_seed_304_game_10,304,22,wolf
r2_train_random_vote_speech,11,random_vote_speech,train,train_random_vote_speech_304_11,r2_train_random_vote_speech_seed_304_game_11,304,22,village
r2_train_random_vote_speech,12,random_vote_speech,train,train_random_vote_speech_304_12,r2_train_random_vote_speech_seed_304_game_12,304,21,wolf
r2_train_random_vote_speech,13,random_vote_speech,train,train_random_vote_speech_304_13,r2_train_random_vote_speech_seed_304_game_13,304,17,wolf
r2_train_random_vote_speech,14,random_vote_speech,train,train_random_vote_speech_304_14,r2_train_random_vote_speech_seed_304_game_14,304,26,wolf
r2_train_random_vote_speech,15,random_vote_speech,train,train_random_vote_speech_304_15,r2_train_random_vote_speech_seed_304_game_15,304,21,village
r2_train_random_vote_speech,16,random_vote_speech,train,train_random_vote_speech_304_16,r2_train_random_vote_speech_seed_304_game_16,304,22,wolf
r2_train_random_vote_speech,17,random_vote_speech,train,train_random_vote_speech_304_17,r2_train_random_vote_speech_seed_304_game_17,304,18,village
r2_train_random_vote_speech,18,random_vote_speech,train,train_random_vote_speech_304_18,r2_train_random_vote_speech_seed_304_game_18,304,22,village
r2_train_random_vote_speech,19,random_vote_speech,train,train_random_vote_speech_304_19,r2_train_random_vote_speech_seed_304_game_19,304,20,wolf
r2_train_random_vote_speech,20,random_vote_speech,train,train_random_vote_speech_304_20,r2_train_random_vote_speech_seed_304_game_20,304,17,wolf
r2_train_balanced_social,1,balanced_social,train,train_balanced_social_305_1,r2_train_balanced_social_seed_305_game_1,305,22,village
r2_train_balanced_social,2,balanced_social,train,train_balanced_social_305_2,r2_train_balanced_social_seed_305_game_2,305,23,wolf
r2_train_balanced_social,3,balanced_social,train,train_balanced_social_305_3,r2_train_balanced_social_seed_305_game_3,305,17,village
r2_train_balanced_social,4,balanced_social,train,train_balanced_social_305_4,r2_train_balanced_social_seed_305_game_4,305,27,village
r2_train_balanced_social,5,balanced_social,train,train_balanced_social_305_5,r2_train_balanced_social_seed_305_game_5,305,24,wolf
r2_train_balanced_social,6,balanced_social,train,train_balanced_social_305_6,r2_train_balanced_social_seed_305_game_6,305,22,wolf
r2_train_balanced_social,7,balanced_social,train,train_balanced_social_305_7,r2_train_balanced_social_seed_305_game_7,305,23,village
r2_train_balanced_social,8,balanced_social,train,train_balanced_social_305_8,r2_train_balanced_social_seed_305_game_8,305,25,wolf
r2_train_balanced_social,9,balanced_social,train,train_balanced_social_305_9,r2_train_balanced_social_seed_305_game_9,305,21,village
r2_train_balanced_social,10,balanced_social,train,train_balanced_social_305_10,r2_train_balanced_social_seed_305_game_10,305,21,wolf
r2_train_balanced_social,11,balanced_social,train,train_balanced_social_305_11,r2_train_balanced_social_seed_305_game_11,305,28,wolf
r2_train_balanced_social,12,balanced_social,train,train_balanced_social_305_12,r2_train_balanced_social_seed_305_game_12,305,23,village
r2_train_balanced_social,13,balanced_social,train,train_balanced_social_305_13,r2_train_balanced_social_seed_305_game_13,305,28,village
r2_train_balanced_social,14,balanced_social,train,train_balanced_social_305_14,r2_train_balanced_social_seed_305_game_14,305,21,village
r2_train_balanced_social,15,balanced_social,train,train_balanced_social_305_15,r2_train_balanced_social_seed_305_game_15,305,27,village
r2_train_balanced_social,16,balanced_social,train,train_balanced_social_305_16,r2_train_balanced_social_seed_305_game_16,305,22,wolf
r2_train_balanced_social,17,balanced_social,train,train_balanced_social_305_17,r2_train_balanced_social_seed_305_game_17,305,19,wolf
r2_train_balanced_social,18,balanced_social,train,train_balanced_social_305_18,r2_train_balanced_social_seed_305_game_18,305,17,wolf
r2_train_balanced_social,19,balanced_social,train,train_balanced_social_305_19,r2_train_balanced_social_seed_305_game_19,305,17,wolf
r2_train_balanced_social,20,balanced_social,train,train_balanced_social_305_20,r2_train_balanced_social_seed_305_game_20,305,26,wolf
r2_train_deception_adaptive,1,deception_adaptive,train,train_deception_adaptive_305_1,r2_train_deception_adaptive_seed_305_game_1,305,10,wolf
r2_train_deception_adaptive,2,deception_adaptive,train,train_deception_adaptive_305_2,r2_train_deception_adaptive_seed_305_game_2,305,23,wolf
r2_train_deception_adaptive,3,deception_adaptive,train,train_deception_adaptive_305_3,r2_train_deception_adaptive_seed_305_game_3,305,21,wolf
r2_train_deception_adaptive,4,deception_adaptive,train,train_deception_adaptive_305_4,r2_train_deception_adaptive_seed_305_game_4,305,17,wolf
r2_train_deception_adaptive,5,deception_adaptive,train,train_deception_adaptive_305_5,r2_train_deception_adaptive_seed_305_game_5,305,21,wolf
r2_train_deception_adaptive,6,deception_adaptive,train,train_deception_adaptive_305_6,r2_train_deception_adaptive_seed_305_game_6,305,26,village
r2_train_deception_adaptive,7,deception_adaptive,train,train_deception_adaptive_305_7,r2_train_deception_adaptive_seed_305_game_7,305,23,wolf
r2_train_deception_adaptive,8,deception_adaptive,train,train_deception_adaptive_305_8,r2_train_deception_adaptive_seed_305_game_8,305,26,wolf
r2_train_deception_adaptive,9,deception_adaptive,train,train_deception_adaptive_305_9,r2_train_deception_adaptive_seed_305_game_9,305,21,wolf
r2_train_deception_adaptive,10,deception_adaptive,train,train_deception_adaptive_305_10,r2_train_deception_adaptive_seed_305_game_10,305,17,wolf
r2_train_deception_adaptive,11,deception_adaptive,train,train_deception_adaptive_305_11,r2_train_deception_adaptive_seed_305_game_11,305,9,wolf
r2_train_deception_adaptive,12,deception_adaptive,train,train_deception_adaptive_305_12,r2_train_deception_adaptive_seed_305_game_12,305,20,village
r2_train_deception_adaptive,13,deception_adaptive,train,train_deception_adaptive_305_13,r2_train_deception_adaptive_seed_305_game_13,305,17,wolf
r2_train_deception_adaptive,14,deception_adaptive,train,train_deception_adaptive_305_14,r2_train_deception_adaptive_seed_305_game_14,305,17,wolf
r2_train_deception_adaptive,15,deception_adaptive,train,train_deception_adaptive_305_15,r2_train_deception_adaptive_seed_305_game_15,305,17,village
r2_train_deception_adaptive,16,deception_adaptive,train,train_deception_adaptive_305_16,r2_train_deception_adaptive_seed_305_game_16,305,9,wolf
r2_train_deception_adaptive,17,deception_adaptive,train,train_deception_adaptive_305_17,r2_train_deception_adaptive_seed_305_game_17,305,24,village
r2_train_deception_adaptive,18,deception_adaptive,train,train_deception_adaptive_305_18,r2_train_deception_adaptive_seed_305_game_18,305,22,wolf
r2_train_deception_adaptive,19,deception_adaptive,train,train_deception_adaptive_305_19,r2_train_deception_adaptive_seed_305_game_19,305,22,wolf
r2_train_deception_adaptive,20,deception_adaptive,train,train_deception_adaptive_305_20,r2_train_deception_adaptive_seed_305_game_20,305,20,wolf
r2_train_trust_weighted_memory,1,trust_weighted_memory,train,train_trust_weighted_memory_305_1,r2_train_trust_weighted_memory_seed_305_game_1,305,26,wolf
r2_train_trust_weighted_memory,2,trust_weighted_memory,train,train_trust_weighted_memory_305_2,r2_train_trust_weighted_memory_seed_305_game_2,305,14,wolf
r2_train_trust_weighted_memory,3,trust_weighted_memory,train,train_trust_weighted_memory_305_3,r2_train_trust_weighted_memory_seed_305_game_3,305,17,wolf
r2_train_trust_weighted_memory,4,trust_weighted_memory,train,train_trust_weighted_memory_305_4,r2_train_trust_weighted_memory_seed_305_game_4,305,20,wolf
r2_train_trust_weighted_memory,5,trust_weighted_memory,train,train_trust_weighted_memory_305_5,r2_train_trust_weighted_memory_seed_305_game_5,305,26,village
r2_train_trust_weighted_memory,6,trust_weighted_memory,train,train_trust_weighted_memory_305_6,r2_train_trust_weighted_memory_seed_305_game_6,305,21,wolf
r2_train_trust_weighted_memory,7,trust_weighted_memory,train,train_trust_weighted_memory_305_7,r2_train_trust_weighted_memory_seed_305_game_7,305,17,wolf
r2_train_trust_weighted_memory,8,trust_weighted_memory,train,train_trust_weighted_memory_305_8,r2_train_trust_weighted_memory_seed_305_game_8,305,16,wolf
r2_train_trust_weighted_memory,9,trust_weighted_memory,train,train_trust_weighted_memory_305_9,r2_train_trust_weighted_memory_seed_305_game_9,305,24,village
r2_train_trust_weighted_memory,10,trust_weighted_memory,train,train_trust_weighted_memory_305_10,r2_train_trust_weighted_memory_seed_305_game_10,305,24,village
r2_train_trust_weighted_memory,11,trust_weighted_memory,train,train_trust_weighted_memory_305_11,r2_train_trust_weighted_memory_seed_305_game_11,305,18,wolf
r2_train_trust_weighted_memory,12,trust_weighted_memory,train,train_trust_weighted_memory_305_12,r2_train_trust_weighted_memory_seed_305_game_12,305,25,wolf
r2_train_trust_weighted_memory,13,trust_weighted_memory,train,train_trust_weighted_memory_305_13,r2_train_trust_weighted_memory_seed_305_game_13,305,21,village
r2_train_trust_weighted_memory,14,trust_weighted_memory,train,train_trust_weighted_memory_305_14,r2_train_trust_weighted_memory_seed_305_game_14,305,24,village
r2_train_trust_weighted_memory,15,trust_weighted_memory,train,train_trust_weighted_memory_305_15,r2_train_trust_weighted_memory_seed_305_game_15,305,27,village
r2_train_trust_weighted_memory,16,trust_weighted_memory,train,train_trust_weighted_memory_305_16,r2_train_trust_weighted_memory_seed_305_game_16,305,22,wolf
r2_train_trust_weighted_memory,17,trust_weighted_memory,train,train_trust_weighted_memory_305_17,r2_train_trust_weighted_memory_seed_305_game_17,305,18,wolf
r2_train_trust_weighted_memory,18,trust_weighted_memory,train,train_trust_weighted_memory_305_18,r2_train_trust_weighted_memory_seed_305_game_18,305,17,wolf
r2_train_trust_weighted_memory,19,trust_weighted_memory,train,train_trust_weighted_memory_305_19,r2_train_trust_weighted_memory_seed_305_game_19,305,26,village
r2_train_trust_weighted_memory,20,trust_weighted_memory,train,train_trust_weighted_memory_305_20,r2_train_trust_weighted_memory_seed_305_game_20,305,18,wolf
r2_train_random_vote_speech,1,random_vote_speech,train,train_random_vote_speech_305_1,r2_train_random_vote_speech_seed_305_game_1,305,17,wolf
r2_train_random_vote_speech,2,random_vote_speech,train,train_random_vote_speech_305_2,r2_train_random_vote_speech_seed_305_game_2,305,18,wolf
r2_train_random_vote_speech,3,random_vote_speech,train,train_random_vote_speech_305_3,r2_train_random_vote_speech_seed_305_game_3,305,18,wolf
r2_train_random_vote_speech,4,random_vote_speech,train,train_random_vote_speech_305_4,r2_train_random_vote_speech_seed_305_game_4,305,21,wolf
r2_train_random_vote_speech,5,random_vote_speech,train,train_random_vote_speech_305_5,r2_train_random_vote_speech_seed_305_game_5,305,17,wolf
r2_train_random_vote_speech,6,random_vote_speech,train,train_random_vote_speech_305_6,r2_train_random_vote_speech_seed_305_game_6,305,25,village
r2_train_random_vote_speech,7,random_vote_speech,train,train_random_vote_speech_305_7,r2_train_random_vote_speech_seed_305_game_7,305,22,wolf
r2_train_random_vote_speech,8,random_vote_speech,train,train_random_vote_speech_305_8,r2_train_random_vote_speech_seed_305_game_8,305,18,wolf
r2_train_random_vote_speech,9,random_vote_speech,train,train_random_vote_speech_305_9,r2_train_random_vote_speech_seed_305_game_9,305,17,wolf
r2_train_random_vote_speech,10,random_vote_speech,train,train_random_vote_speech_305_10,r2_train_random_vote_speech_seed_305_game_10,305,16,wolf
r2_train_random_vote_speech,11,random_vote_speech,train,train_random_vote_speech_305_11,r2_train_random_vote_speech_seed_305_game_11,305,17,wolf
r2_train_random_vote_speech,12,random_vote_speech,train,train_random_vote_speech_305_12,r2_train_random_vote_speech_seed_305_game_12,305,20,village
r2_train_random_vote_speech,13,random_vote_speech,train,train_random_vote_speech_305_13,r2_train_random_vote_speech_seed_305_game_13,305,20,wolf
r2_train_random_vote_speech,14,random_vote_speech,train,train_random_vote_speech_305_14,r2_train_random_vote_speech_seed_305_game_14,305,16,village
r2_train_random_vote_speech,15,random_vote_speech,train,train_random_vote_speech_305_15,r2_train_random_vote_speech_seed_305_game_15,305,16,wolf
r2_train_random_vote_speech,16,random_vote_speech,train,train_random_vote_speech_305_16,r2_train_random_vote_speech_seed_305_game_16,305,20,wolf
r2_train_random_vote_speech,17,random_vote_speech,train,train_random_vote_speech_305_17,r2_train_random_vote_speech_seed_305_game_17,305,10,wolf
r2_train_random_vote_speech,18,random_vote_speech,train,train_random_vote_speech_305_18,r2_train_random_vote_speech_seed_305_game_18,305,18,wolf
r2_train_random_vote_speech,19,random_vote_speech,train,train_random_vote_speech_305_19,r2_train_random_vote_speech_seed_305_game_19,305,16,wolf
r2_train_random_vote_speech,20,random_vote_speech,train,train_random_vote_speech_305_20,r2_train_random_vote_speech_seed_305_game_20,305,14,wolf
r2_train_balanced_social,1,balanced_social,train,train_balanced_social_306_1,r2_train_balanced_social_seed_306_game_1,306,17,wolf
r2_train_balanced_social,2,balanced_social,train,train_balanced_social_306_2,r2_train_balanced_social_seed_306_game_2,306,23,village
r2_train_balanced_social,3,balanced_social,train,train_balanced_social_306_3,r2_train_balanced_social_seed_306_game_3,306,24,wolf
r2_train_balanced_social,4,balanced_social,train,train_balanced_social_306_4,r2_train_balanced_social_seed_306_game_4,306,17,village
r2_train_balanced_social,5,balanced_social,train,train_balanced_social_306_5,r2_train_balanced_social_seed_306_game_5,306,22,village
r2_train_balanced_social,6,balanced_social,train,train_balanced_social_306_6,r2_train_balanced_social_seed_306_game_6,306,26,village
r2_train_balanced_social,7,balanced_social,train,train_balanced_social_306_7,r2_train_balanced_social_seed_306_game_7,306,17,village
r2_train_balanced_social,8,balanced_social,train,train_balanced_social_306_8,r2_train_balanced_social_seed_306_game_8,306,21,wolf
r2_train_balanced_social,9,balanced_social,train,train_balanced_social_306_9,r2_train_balanced_social_seed_306_game_9,306,22,village
r2_train_balanced_social,10,balanced_social,train,train_balanced_social_306_10,r2_train_balanced_social_seed_306_game_10,306,22,wolf
r2_train_balanced_social,11,balanced_social,train,train_balanced_social_306_11,r2_train_balanced_social_seed_306_game_11,306,17,village
r2_train_balanced_social,12,balanced_social,train,train_balanced_social_306_12,r2_train_balanced_social_seed_306_game_12,306,14,wolf
r2_train_balanced_social,13,balanced_social,train,train_balanced_social_306_13,r2_train_balanced_social_seed_306_game_13,306,21,wolf
r2_train_balanced_social,14,balanced_social,train,train_balanced_social_306_14,r2_train_balanced_social_seed_306_game_14,306,17,wolf
r2_train_balanced_social,15,balanced_social,train,train_balanced_social_306_15,r2_train_balanced_social_seed_306_game_15,306,22,wolf
r2_train_balanced_social,16,balanced_social,train,train_balanced_social_306_16,r2_train_balanced_social_seed_306_game_16,306,21,wolf
r2_train_balanced_social,17,balanced_social,train,train_balanced_social_306_17,r2_train_balanced_social_seed_306_game_17,306,22,wolf
r2_train_balanced_social,18,balanced_social,train,train_balanced_social_306_18,r2_train_balanced_social_seed_306_game_18,306,22,wolf
r2_train_balanced_social,19,balanced_social,train,train_balanced_social_306_19,r2_train_balanced_social_seed_306_game_19,306,26,village
r2_train_balanced_social,20,balanced_social,train,train_balanced_social_306_20,r2_train_balanced_social_seed_306_game_20,306,26,village
r2_train_deception_adaptive,1,deception_adaptive,train,train_deception_adaptive_306_1,r2_train_deception_adaptive_seed_306_game_1,306,17,wolf
r2_train_deception_adaptive,2,deception_adaptive,train,train_deception_adaptive_306_2,r2_train_deception_adaptive_seed_306_game_2,306,21,village
r2_train_deception_adaptive,3,deception_adaptive,train,train_deception_adaptive_306_3,r2_train_deception_adaptive_seed_306_game_3,306,16,wolf
r2_train_deception_adaptive,4,deception_adaptive,train,train_deception_adaptive_306_4,r2_train_deception_adaptive_seed_306_game_4,306,18,wolf
r2_train_deception_adaptive,5,deception_adaptive,train,train_deception_adaptive_306_5,r2_train_deception_adaptive_seed_306_game_5,306,23,village
r2_train_deception_adaptive,6,deception_adaptive,train,train_deception_adaptive_306_6,r2_train_deception_adaptive_seed_306_game_6,306,16,wolf
r2_train_deception_adaptive,7,deception_adaptive,train,train_deception_adaptive_306_7,r2_train_deception_adaptive_seed_306_game_7,306,9,wolf
r2_train_deception_adaptive,8,deception_adaptive,train,train_deception_adaptive_306_8,r2_train_deception_adaptive_seed_306_game_8,306,25,village
r2_train_deception_adaptive,9,deception_adaptive,train,train_deception_adaptive_306_9,r2_train_deception_adaptive_seed_306_game_9,306,25,village
r2_train_deception_adaptive,10,deception_adaptive,train,train_deception_adaptive_306_10,r2_train_deception_adaptive_seed_306_game_10,306,21,wolf
r2_train_deception_adaptive,11,deception_adaptive,train,train_deception_adaptive_306_11,r2_train_deception_adaptive_seed_306_game_11,306,18,village
r2_train_deception_adaptive,12,deception_adaptive,train,train_deception_adaptive_306_12,r2_train_deception_adaptive_seed_306_game_12,306,17,wolf
r2_train_deception_adaptive,13,deception_adaptive,train,train_deception_adaptive_306_13,r2_train_deception_adaptive_seed_306_game_13,306,18,wolf
r2_train_deception_adaptive,14,deception_adaptive,train,train_deception_adaptive_306_14,r2_train_deception_adaptive_seed_306_game_14,306,24,wolf
r2_train_deception_adaptive,15,deception_adaptive,train,train_deception_adaptive_306_15,r2_train_deception_adaptive_seed_306_game_15,306,18,village
r2_train_deception_adaptive,16,deception_adaptive,train,train_deception_adaptive_306_16,r2_train_deception_adaptive_seed_306_game_16,306,24,wolf
r2_train_deception_adaptive,17,deception_adaptive,train,train_deception_adaptive_306_17,r2_train_deception_adaptive_seed_306_game_17,306,22,village
r2_train_deception_adaptive,18,deception_adaptive,train,train_deception_adaptive_306_18,r2_train_deception_adaptive_seed_306_game_18,306,18,wolf
r2_train_deception_adaptive,19,deception_adaptive,train,train_deception_adaptive_306_19,r2_train_deception_adaptive_seed_306_game_19,306,21,wolf
r2_train_deception_adaptive,20,deception_adaptive,train,train_deception_adaptive_306_20,r2_train_deception_adaptive_seed_306_game_20,306,24,wolf
r2_train_trust_weighted_memory,1,trust_weighted_memory,train,train_trust_weighted_memory_306_1,r2_train_trust_weighted_memory_seed_306_game_1,306,17,wolf
r2_train_trust_weighted_memory,2,trust_weighted_memory,train,train_trust_weighted_memory_306_2,r2_train_trust_weighted_memory_seed_306_game_2,306,15,wolf
r2_train_trust_weighted_memory,3,trust_weighted_memory,train,train_trust_weighted_memory_306_3,r2_train_trust_weighted_memory_seed_306_game_3,306,23,wolf
r2_train_trust_weighted_memory,4,trust_weighted_memory,train,train_trust_weighted_memory_306_4,r2_train_trust_weighted_memory_seed_306_game_4,306,24,wolf
r2_train_trust_weighted_memory,5,trust_weighted_memory,train,train_trust_weighted_memory_306_5,r2_train_trust_weighted_memory_seed_306_game_5,306,17,wolf
r2_train_trust_weighted_memory,6,trust_weighted_memory,train,train_trust_weighted_memory_306_6,r2_train_trust_weighted_memory_seed_306_game_6,306,22,village
r2_train_trust_weighted_memory,7,trust_weighted_memory,train,train_trust_weighted_memory_306_7,r2_train_trust_weighted_memory_seed_306_game_7,306,24,village
r2_train_trust_weighted_memory,8,trust_weighted_memory,train,train_trust_weighted_memory_306_8,r2_train_trust_weighted_memory_seed_306_game_8,306,17,wolf
r2_train_trust_weighted_memory,9,trust_weighted_memory,train,train_trust_weighted_memory_306_9,r2_train_trust_weighted_memory_seed_306_game_9,306,28,wolf
r2_train_trust_weighted_memory,10,trust_weighted_memory,train,train_trust_weighted_memory_306_10,r2_train_trust_weighted_memory_seed_306_game_10,306,18,wolf
r2_train_trust_weighted_memory,11,trust_weighted_memory,train,train_trust_weighted_memory_306_11,r2_train_trust_weighted_memory_seed_306_game_11,306,16,wolf
r2_train_trust_weighted_memory,12,trust_weighted_memory,train,train_trust_weighted_memory_306_12,r2_train_trust_weighted_memory_seed_306_game_12,306,17,village
r2_train_trust_weighted_memory,13,trust_weighted_memory,train,train_trust_weighted_memory_306_13,r2_train_trust_weighted_memory_seed_306_game_13,306,23,wolf
r2_train_trust_weighted_memory,14,trust_weighted_memory,train,train_trust_weighted_memory_306_14,r2_train_trust_weighted_memory_seed_306_game_14,306,24,village
r2_train_trust_weighted_memory,15,trust_weighted_memory,train,train_trust_weighted_memory_306_15,r2_train_trust_weighted_memory_seed_306_game_15,306,23,wolf
r2_train_trust_weighted_memory,16,trust_weighted_memory,train,train_trust_weighted_memory_306_16,r2_train_trust_weighted_memory_seed_306_game_16,306,25,village
r2_train_trust_weighted_memory,17,trust_weighted_memory,train,train_trust_weighted_memory_306_17,r2_train_trust_weighted_memory_seed_306_game_17,306,22,village
r2_train_trust_weighted_memory,18,trust_weighted_memory,train,train_trust_weighted_memory_306_18,r2_train_trust_weighted_memory_seed_306_game_18,306,21,village
r2_train_trust_weighted_memory,19,trust_weighted_memory,train,train_trust_weighted_memory_306_19,r2_train_trust_weighted_memory_seed_306_game_19,306,25,wolf
r2_train_trust_weighted_memory,20,trust_weighted_memory,train,train_trust_weighted_memory_306_20,r2_train_trust_weighted_memory_seed_306_game_20,306,25,village
r2_train_random_vote_speech,1,random_vote_speech,train,train_random_vote_speech_306_1,r2_train_random_vote_speech_seed_306_game_1,306,17,wolf
r2_train_random_vote_speech,2,random_vote_speech,train,train_random_vote_speech_306_2,r2_train_random_vote_speech_seed_306_game_2,306,21,wolf
r2_train_random_vote_speech,3,random_vote_speech,train,train_random_vote_speech_306_3,r2_train_random_vote_speech_seed_306_game_3,306,22,village
r2_train_random_vote_speech,4,random_vote_speech,train,train_random_vote_speech_306_4,r2_train_random_vote_speech_seed_306_game_4,306,21,wolf
r2_train_random_vote_speech,5,random_vote_speech,train,train_random_vote_speech_306_5,r2_train_random_vote_speech_seed_306_game_5,306,21,wolf
r2_train_random_vote_speech,6,random_vote_speech,train,train_random_vote_speech_306_6,r2_train_random_vote_speech_seed_306_game_6,306,18,wolf
r2_train_random_vote_speech,7,random_vote_speech,train,train_random_vote_speech_306_7,r2_train_random_vote_speech_seed_306_game_7,306,25,wolf
r2_train_random_vote_speech,8,random_vote_speech,train,train_random_vote_speech_306_8,r2_train_random_vote_speech_seed_306_game_8,306,20,wolf
r2_train_random_vote_speech,9,random_vote_speech,train,train_random_vote_speech_306_9,r2_train_random_vote_speech_seed_306_game_9,306,23,wolf
r2_train_random_vote_speech,10,random_vote_speech,train,train_random_vote_speech_306_10,r2_train_random_vote_speech_seed_306_game_10,306,25,wolf
r2_train_random_vote_speech,11,random_vote_speech,train,train_random_vote_speech_306_11,r2_train_random_vote_speech_seed_306_game_11,306,22,wolf
r2_train_random_vote_speech,12,random_vote_speech,train,train_random_vote_speech_306_12,r2_train_random_vote_speech_seed_306_game_12,306,16,wolf
r2_train_random_vote_speech,13,random_vote_speech,train,train_random_vote_speech_306_13,r2_train_random_vote_speech_seed_306_game_13,306,18,wolf
r2_train_random_vote_speech,14,random_vote_speech,train,train_random_vote_speech_306_14,r2_train_random_vote_speech_seed_306_game_14,306,22,wolf
r2_train_random_vote_speech,15,random_vote_speech,train,train_random_vote_speech_306_15,r2_train_random_vote_speech_seed_306_game_15,306,24,wolf
r2_train_random_vote_speech,16,random_vote_speech,train,train_random_vote_speech_306_16,r2_train_random_vote_speech_seed_306_game_16,306,19,wolf
r2_train_random_vote_speech,17,random_vote_speech,train,train_random_vote_speech_306_17,r2_train_random_vote_speech_seed_306_game_17,306,17,village
r2_train_random_vote_speech,18,random_vote_speech,train,train_random_vote_speech_306_18,r2_train_random_vote_speech_seed_306_game_18,306,22,wolf
r2_train_random_vote_speech,19,random_vote_speech,train,train_random_vote_speech_306_19,r2_train_random_vote_speech_seed_306_game_19,306,20,wolf
r2_train_random_vote_speech,20,random_vote_speech,train,train_random_vote_speech_306_20,r2_train_random_vote_speech_seed_306_game_20,306,22,wolf
r2_train_balanced_social,1,balanced_social,train,train_balanced_social_307_1,r2_train_balanced_social_seed_307_game_1,307,23,village
r2_train_balanced_social,2,balanced_social,train,train_balanced_social_307_2,r2_train_balanced_social_seed_307_game_2,307,16,wolf
r2_train_balanced_social,3,balanced_social,train,train_balanced_social_307_3,r2_train_balanced_social_seed_307_game_3,307,24,wolf
r2_train_balanced_social,4,balanced_social,train,train_balanced_social_307_4,r2_train_balanced_social_seed_307_game_4,307,18,wolf
r2_train_balanced_social,5,balanced_social,train,train_balanced_social_307_5,r2_train_balanced_social_seed_307_game_5,307,28,wolf
r2_train_balanced_social,6,balanced_social,train,train_balanced_social_307_6,r2_train_balanced_social_seed_307_game_6,307,16,wolf
r2_train_balanced_social,7,balanced_social,train,train_balanced_social_307_7,r2_train_balanced_social_seed_307_game_7,307,17,wolf
r2_train_balanced_social,8,balanced_social,train,train_balanced_social_307_8,r2_train_balanced_social_seed_307_game_8,307,26,wolf
r2_train_balanced_social,9,balanced_social,train,train_balanced_social_307_9,r2_train_balanced_social_seed_307_game_9,307,24,wolf
r2_train_balanced_social,10,balanced_social,train,train_balanced_social_307_10,r2_train_balanced_social_seed_307_game_10,307,26,wolf
r2_train_balanced_social,11,balanced_social,train,train_balanced_social_307_11,r2_train_balanced_social_seed_307_game_11,307,17,wolf
r2_train_balanced_social,12,balanced_social,train,train_balanced_social_307_12,r2_train_balanced_social_seed_307_game_12,307,21,wolf
r2_train_balanced_social,13,balanced_social,train,train_balanced_social_307_13,r2_train_balanced_social_seed_307_game_13,307,24,wolf
r2_train_balanced_social,14,balanced_social,train,train_balanced_social_307_14,r2_train_balanced_social_seed_307_game_14,307,21,wolf
r2_train_balanced_social,15,balanced_social,train,train_balanced_social_307_15,r2_train_balanced_social_seed_307_game_15,307,16,wolf
r2_train_balanced_social,16,balanced_social,train,train_balanced_social_307_16,r2_train_balanced_social_seed_307_game_16,307,22,wolf
r2_train_balanced_social,17,balanced_social,train,train_balanced_social_307_17,r2_train_balanced_social_seed_307_game_17,307,23,wolf
r2_train_balanced_social,18,balanced_social,train,train_balanced_social_307_18,r2_train_balanced_social_seed_307_game_18,307,20,wolf
r2_train_balanced_social,19,balanced_social,train,train_balanced_social_307_19,r2_train_balanced_social_seed_307_game_19,307,23,village
r2_train_balanced_social,20,balanced_social,train,train_balanced_social_307_20,r2_train_balanced_social_seed_307_game_20,307,26,wolf
r2_train_deception_adaptive,1,deception_adaptive,train,train_deception_adaptive_307_1,r2_train_deception_adaptive_seed_307_game_1,307,26,village
r2_train_deception_adaptive,2,deception_adaptive,train,train_deception_adaptive_307_2,r2_train_deception_adaptive_seed_307_game_2,307,25,wolf
r2_train_deception_adaptive,3,deception_adaptive,train,train_deception_adaptive_307_3,r2_train_deception_adaptive_seed_307_game_3,307,23,village
r2_train_deception_adaptive,4,deception_adaptive,train,train_deception_adaptive_307_4,r2_train_deception_adaptive_seed_307_game_4,307,23,village
r2_train_deception_adaptive,5,deception_adaptive,train,train_deception_adaptive_307_5,r2_train_deception_adaptive_seed_307_game_5,307,20,wolf
r2_train_deception_adaptive,6,deception_adaptive,train,train_deception_adaptive_307_6,r2_train_deception_adaptive_seed_307_game_6,307,17,wolf
r2_train_deception_adaptive,7,deception_adaptive,train,train_deception_adaptive_307_7,r2_train_deception_adaptive_seed_307_game_7,307,10,wolf
r2_train_deception_adaptive,8,deception_adaptive,train,train_deception_adaptive_307_8,r2_train_deception_adaptive_seed_307_game_8,307,22,wolf
r2_train_deception_adaptive,9,deception_adaptive,train,train_deception_adaptive_307_9,r2_train_deception_adaptive_seed_307_game_9,307,22,village
r2_train_deception_adaptive,10,deception_adaptive,train,train_deception_adaptive_307_10,r2_train_deception_adaptive_seed_307_game_10,307,18,wolf
r2_train_deception_adaptive,11,deception_adaptive,train,train_deception_adaptive_307_11,r2_train_deception_adaptive_seed_307_game_11,307,15,wolf
r2_train_deception_adaptive,12,deception_adaptive,train,train_deception_adaptive_307_12,r2_train_deception_adaptive_seed_307_game_12,307,26,village
r2_train_deception_adaptive,13,deception_adaptive,train,train_deception_adaptive_307_13,r2_train_deception_adaptive_seed_307_game_13,307,18,wolf
r2_train_deception_adaptive,14,deception_adaptive,train,train_deception_adaptive_307_14,r2_train_deception_adaptive_seed_307_game_14,307,18,wolf
r2_train_deception_adaptive,15,deception_adaptive,train,train_deception_adaptive_307_15,r2_train_deception_adaptive_seed_307_game_15,307,22,wolf
r2_train_deception_adaptive,16,deception_adaptive,train,train_deception_adaptive_307_16,r2_train_deception_adaptive_seed_307_game_16,307,17,wolf
r2_train_deception_adaptive,17,deception_adaptive,train,train_deception_adaptive_307_17,r2_train_deception_adaptive_seed_307_game_17,307,18,village
r2_train_deception_adaptive,18,deception_adaptive,train,train_deception_adaptive_307_18,r2_train_deception_adaptive_seed_307_game_18,307,18,wolf
r2_train_deception_adaptive,19,deception_adaptive,train,train_deception_adaptive_307_19,r2_train_deception_adaptive_seed_307_game_19,307,28,wolf
r2_train_deception_adaptive,20,deception_adaptive,train,train_deception_adaptive_307_20,r2_train_deception_adaptive_seed_307_game_20,307,9,wolf
r2_train_trust_weighted_memory,1,trust_weighted_memory,train,train_trust_weighted_memory_307_1,r2_train_trust_weighted_memory_seed_307_game_1,307,26,village
r2_train_trust_weighted_memory,2,trust_weighted_memory,train,train_trust_weighted_memory_307_2,r2_train_trust_weighted_memory_seed_307_game_2,307,10,wolf
r2_train_trust_weighted_memory,3,trust_weighted_memory,train,train_trust_weighted_memory_307_3,r2_train_trust_weighted_memory_seed_307_game_3,307,21,village
r2_train_trust_weighted_memory,4,trust_weighted_memory,train,train_trust_weighted_memory_307_4,r2_train_trust_weighted_memory_seed_307_game_4,307,20,village
r2_train_trust_weighted_memory,5,trust_weighted_memory,train,train_trust_weighted_memory_307_5,r2_train_trust_weighted_memory_seed_307_game_5,307,17,wolf
r2_train_trust_weighted_memory,6,trust_weighted_memory,train,train_trust_weighted_memory_307_6,r2_train_trust_weighted_memory_seed_307_game_6,307,16,wolf
r2_train_trust_weighted_memory,7,trust_weighted_memory,train,train_trust_weighted_memory_307_7,r2_train_trust_weighted_memory_seed_307_game_7,307,20,village
r2_train_trust_weighted_memory,8,trust_weighted_memory,train,train_trust_weighted_memory_307_8,r2_train_trust_weighted_memory_seed_307_game_8,307,24,village
r2_train_trust_weighted_memory,9,trust_weighted_memory,train,train_trust_weighted_memory_307_9,r2_train_trust_weighted_memory_seed_307_game_9,307,21,wolf
r2_train_trust_weighted_memory,10,trust_weighted_memory,train,train_trust_weighted_memory_307_10,r2_train_trust_weighted_memory_seed_307_game_10,307,22,wolf
r2_train_trust_weighted_memory,11,trust_weighted_memory,train,train_trust_weighted_memory_307_11,r2_train_trust_weighted_memory_seed_307_game_11,307,20,village
r2_train_trust_weighted_memory,12,trust_weighted_memory,train,train_trust_weighted_memory_307_12,r2_train_trust_weighted_memory_seed_307_game_12,307,13,wolf
r2_train_trust_weighted_memory,13,trust_weighted_memory,train,train_trust_weighted_memory_307_13,r2_train_trust_weighted_memory_seed_307_game_13,307,15,wolf
r2_train_trust_weighted_memory,14,trust_weighted_memory,train,train_trust_weighted_memory_307_14,r2_train_trust_weighted_memory_seed_307_game_14,307,20,wolf
r2_train_trust_weighted_memory,15,trust_weighted_memory,train,train_trust_weighted_memory_307_15,r2_train_trust_weighted_memory_seed_307_game_15,307,21,village
r2_train_trust_weighted_memory,16,trust_weighted_memory,train,train_trust_weighted_memory_307_16,r2_train_trust_weighted_memory_seed_307_game_16,307,21,wolf
r2_train_trust_weighted_memory,17,trust_weighted_memory,train,train_trust_weighted_memory_307_17,r2_train_trust_weighted_memory_seed_307_game_17,307,21,wolf
r2_train_trust_weighted_memory,18,trust_weighted_memory,train,train_trust_weighted_memory_307_18,r2_train_trust_weighted_memory_seed_307_game_18,307,17,village
r2_train_trust_weighted_memory,19,trust_weighted_memory,train,train_trust_weighted_memory_307_19,r2_train_trust_weighted_memory_seed_307_game_19,307,18,wolf
r2_train_trust_weighted_memory,20,trust_weighted_memory,train,train_trust_weighted_memory_307_20,r2_train_trust_weighted_memory_seed_307_game_20,307,21,village
r2_train_random_vote_speech,1,random_vote_speech,train,train_random_vote_speech_307_1,r2_train_random_vote_speech_seed_307_game_1,307,28,wolf
r2_train_random_vote_speech,2,random_vote_speech,train,train_random_vote_speech_307_2,r2_train_random_vote_speech_seed_307_game_2,307,17,wolf
r2_train_random_vote_speech,3,random_vote_speech,train,train_random_vote_speech_307_3,r2_train_random_vote_speech_seed_307_game_3,307,21,wolf
r2_train_random_vote_speech,4,random_vote_speech,train,train_random_vote_speech_307_4,r2_train_random_vote_speech_seed_307_game_4,307,25,wolf
r2_train_random_vote_speech,5,random_vote_speech,train,train_random_vote_speech_307_5,r2_train_random_vote_speech_seed_307_game_5,307,9,wolf
r2_train_random_vote_speech,6,random_vote_speech,train,train_random_vote_speech_307_6,r2_train_random_vote_speech_seed_307_game_6,307,22,village
r2_train_random_vote_speech,7,random_vote_speech,train,train_random_vote_speech_307_7,r2_train_random_vote_speech_seed_307_game_7,307,20,wolf
r2_train_random_vote_speech,8,random_vote_speech,train,train_random_vote_speech_307_8,r2_train_random_vote_speech_seed_307_game_8,307,17,wolf
r2_train_random_vote_speech,9,random_vote_speech,train,train_random_vote_speech_307_9,r2_train_random_vote_speech_seed_307_game_9,307,24,village
r2_train_random_vote_speech,10,random_vote_speech,train,train_random_vote_speech_307_10,r2_train_random_vote_speech_seed_307_game_10,307,20,village
r2_train_random_vote_speech,11,random_vote_speech,train,train_random_vote_speech_307_11,r2_train_random_vote_speech_seed_307_game_11,307,22,wolf
r2_train_random_vote_speech,12,random_vote_speech,train,train_random_vote_speech_307_12,r2_train_random_vote_speech_seed_307_game_12,307,25,wolf
r2_train_random_vote_speech,13,random_vote_speech,train,train_random_vote_speech_307_13,r2_train_random_vote_speech_seed_307_game_13,307,22,village
r2_train_random_vote_speech,14,random_vote_speech,train,train_random_vote_speech_307_14,r2_train_random_vote_speech_seed_307_game_14,307,23,wolf
r2_train_random_vote_speech,15,random_vote_speech,train,train_random_vote_speech_307_15,r2_train_random_vote_speech_seed_307_game_15,307,21,wolf
r2_train_random_vote_speech,16,random_vote_speech,train,train_random_vote_speech_307_16,r2_train_random_vote_speech_seed_307_game_16,307,17,wolf
r2_train_random_vote_speech,17,random_vote_speech,train,train_random_vote_speech_307_17,r2_train_random_vote_speech_seed_307_game_17,307,18,wolf
r2_train_random_vote_speech,18,random_vote_speech,train,train_random_vote_speech_307_18,r2_train_random_vote_speech_seed_307_game_18,307,17,village
r2_train_random_vote_speech,19,random_vote_speech,train,train_random_vote_speech_307_19,r2_train_random_vote_speech_seed_307_game_19,307,20,village
r2_train_random_vote_speech,20,random_vote_speech,train,train_random_vote_speech_307_20,r2_train_random_vote_speech_seed_307_game_20,307,20,wolf
r2_train_balanced_social,1,balanced_social,train,train_balanced_social_308_1,r2_train_balanced_social_seed_308_game_1,308,26,village
r2_train_balanced_social,2,balanced_social,train,train_balanced_social_308_2,r2_train_balanced_social_seed_308_game_2,308,21,village
r2_train_balanced_social,3,balanced_social,train,train_balanced_social_308_3,r2_train_balanced_social_seed_308_game_3,308,22,wolf
r2_train_balanced_social,4,balanced_social,train,train_balanced_social_308_4,r2_train_balanced_social_seed_308_game_4,308,25,village
r2_train_balanced_social,5,balanced_social,train,train_balanced_social_308_5,r2_train_balanced_social_seed_308_game_5,308,23,wolf
r2_train_balanced_social,6,balanced_social,train,train_balanced_social_308_6,r2_train_balanced_social_seed_308_game_6,308,21,village
r2_train_balanced_social,7,balanced_social,train,train_balanced_social_308_7,r2_train_balanced_social_seed_308_game_7,308,16,wolf
r2_train_balanced_social,8,balanced_social,train,train_balanced_social_308_8,r2_train_balanced_social_seed_308_game_8,308,22,village
r2_train_balanced_social,9,balanced_social,train,train_balanced_social_308_9,r2_train_balanced_social_seed_308_game_9,308,22,wolf
r2_train_balanced_social,10,balanced_social,train,train_balanced_social_308_10,r2_train_balanced_social_seed_308_game_10,308,22,wolf
r2_train_balanced_social,11,balanced_social,train,train_balanced_social_308_11,r2_train_balanced_social_seed_308_game_11,308,20,wolf
r2_train_balanced_social,12,balanced_social,train,train_balanced_social_308_12,r2_train_balanced_social_seed_308_game_12,308,22,wolf
r2_train_balanced_social,13,balanced_social,train,train_balanced_social_308_13,r2_train_balanced_social_seed_308_game_13,308,20,village
r2_train_balanced_social,14,balanced_social,train,train_balanced_social_308_14,r2_train_balanced_social_seed_308_game_14,308,22,wolf
r2_train_balanced_social,15,balanced_social,train,train_balanced_social_308_15,r2_train_balanced_social_seed_308_game_15,308,21,wolf
r2_train_balanced_social,16,balanced_social,train,train_balanced_social_308_16,r2_train_balanced_social_seed_308_game_16,308,17,wolf
r2_train_balanced_social,17,balanced_social,train,train_balanced_social_308_17,r2_train_balanced_social_seed_308_game_17,308,21,wolf
r2_train_balanced_social,18,balanced_social,train,train_balanced_social_308_18,r2_train_balanced_social_seed_308_game_18,308,18,wolf
r2_train_balanced_social,19,balanced_social,train,train_balanced_social_308_19,r2_train_balanced_social_seed_308_game_19,308,23,wolf
r2_train_balanced_social,20,balanced_social,train,train_balanced_social_308_20,r2_train_balanced_social_seed_308_game_20,308,17,wolf
r2_train_deception_adaptive,1,deception_adaptive,train,train_deception_adaptive_308_1,r2_train_deception_adaptive_seed_308_game_1,308,22,wolf
r2_train_deception_adaptive,2,deception_adaptive,train,train_deception_adaptive_308_2,r2_train_deception_adaptive_seed_308_game_2,308,18,wolf
r2_train_deception_adaptive,3,deception_adaptive,train,train_deception_adaptive_308_3,r2_train_deception_adaptive_seed_308_game_3,308,21,village
r2_train_deception_adaptive,4,deception_adaptive,train,train_deception_adaptive_308_4,r2_train_deception_adaptive_seed_308_game_4,308,9,wolf
r2_train_deception_adaptive,5,deception_adaptive,train,train_deception_adaptive_308_5,r2_train_deception_adaptive_seed_308_game_5,308,10,wolf
r2_train_deception_adaptive,6,deception_adaptive,train,train_deception_adaptive_308_6,r2_train_deception_adaptive_seed_308_game_6,308,18,wolf
r2_train_deception_adaptive,7,deception_adaptive,train,train_deception_adaptive_308_7,r2_train_deception_adaptive_seed_308_game_7,308,27,wolf
r2_train_deception_adaptive,8,deception_adaptive,train,train_deception_adaptive_308_8,r2_train_deception_adaptive_seed_308_game_8,308,17,wolf
r2_train_deception_adaptive,9,deception_adaptive,train,train_deception_adaptive_308_9,r2_train_deception_adaptive_seed_308_game_9,308,22,wolf
r2_train_deception_adaptive,10,deception_adaptive,train,train_deception_adaptive_308_10,r2_train_deception_adaptive_seed_308_game_10,308,23,wolf
r2_train_deception_adaptive,11,deception_adaptive,train,train_deception_adaptive_308_11,r2_train_deception_adaptive_seed_308_game_11,308,19,wolf
r2_train_deception_adaptive,12,deception_adaptive,train,train_deception_adaptive_308_12,r2_train_deception_adaptive_seed_308_game_12,308,24,village
r2_train_deception_adaptive,13,deception_adaptive,train,train_deception_adaptive_308_13,r2_train_deception_adaptive_seed_308_game_13,308,17,wolf
r2_train_deception_adaptive,14,deception_adaptive,train,train_deception_adaptive_308_14,r2_train_deception_adaptive_seed_308_game_14,308,22,village
r2_train_deception_adaptive,15,deception_adaptive,train,train_deception_adaptive_308_15,r2_train_deception_adaptive_seed_308_game_15,308,23,wolf
r2_train_deception_adaptive,16,deception_adaptive,train,train_deception_adaptive_308_16,r2_train_deception_adaptive_seed_308_game_16,308,17,wolf
r2_train_deception_adaptive,17,deception_adaptive,train,train_deception_adaptive_308_17,r2_train_deception_adaptive_seed_308_game_17,308,22,village
r2_train_deception_adaptive,18,deception_adaptive,train,train_deception_adaptive_308_18,r2_train_deception_adaptive_seed_308_game_18,308,24,village
r2_train_deception_adaptive,19,deception_adaptive,train,train_deception_adaptive_308_19,r2_train_deception_adaptive_seed_308_game_19,308,26,wolf
r2_train_deception_adaptive,20,deception_adaptive,train,train_deception_adaptive_308_20,r2_train_deception_adaptive_seed_308_game_20,308,23,village
r2_train_trust_weighted_memory,1,trust_weighted_memory,train,train_trust_weighted_memory_308_1,r2_train_trust_weighted_memory_seed_308_game_1,308,23,wolf
r2_train_trust_weighted_memory,2,trust_weighted_memory,train,train_trust_weighted_memory_308_2,r2_train_trust_weighted_memory_seed_308_game_2,308,26,village
r2_train_trust_weighted_memory,3,trust_weighted_memory,train,train_trust_weighted_memory_308_3,r2_train_trust_weighted_memory_seed_308_game_3,308,18,village
r2_train_trust_weighted_memory,4,trust_weighted_memory,train,train_trust_weighted_memory_308_4,r2_train_trust_weighted_memory_seed_308_game_4,308,23,wolf
r2_train_trust_weighted_memory,5,trust_weighted_memory,train,train_trust_weighted_memory_308_5,r2_train_trust_weighted_memory_seed_308_game_5,308,27,village
r2_train_trust_weighted_memory,6,trust_weighted_memory,train,train_trust_weighted_memory_308_6,r2_train_trust_weighted_memory_seed_308_game_6,308,17,village
r2_train_trust_weighted_memory,7,trust_weighted_memory,train,train_trust_weighted_memory_308_7,r2_train_trust_weighted_memory_seed_308_game_7,308,18,wolf
r2_train_trust_weighted_memory,8,trust_weighted_memory,train,train_trust_weighted_memory_308_8,r2_train_trust_weighted_memory_seed_308_game_8,308,22,village
r2_train_trust_weighted_memory,9,trust_weighted_memory,train,train_trust_weighted_memory_308_9,r2_train_trust_weighted_memory_seed_308_game_9,308,27,village
r2_train_trust_weighted_memory,10,trust_weighted_memory,train,train_trust_weighted_memory_308_10,r2_train_trust_weighted_memory_seed_308_game_10,308,22,wolf
r2_train_trust_weighted_memory,11,trust_weighted_memory,train,train_trust_weighted_memory_308_11,r2_train_trust_weighted_memory_seed_308_game_11,308,23,wolf
r2_train_trust_weighted_memory,12,trust_weighted_memory,train,train_trust_weighted_memory_308_12,r2_train_trust_weighted_memory_seed_308_game_12,308,21,village
r2_train_trust_weighted_memory,13,trust_weighted_memory,train,train_trust_weighted_memory_308_13,r2_train_trust_weighted_memory_seed_308_game_13,308,22,wolf
r2_train_trust_weighted_memory,14,trust_weighted_memory,train,train_trust_weighted_memory_308_14,r2_train_trust_weighted_memory_seed_308_game_14,308,24,village
r2_train_trust_weighted_memory,15,trust_weighted_memory,train,train_trust_weighted_memory_308_15,r2_train_trust_weighted_memory_seed_308_game_15,308,28,wolf
r2_train_trust_weighted_memory,16,trust_weighted_memory,train,train_trust_weighted_memory_308_16,r2_train_trust_weighted_memory_seed_308_game_16,308,22,wolf
r2_train_trust_weighted_memory,17,trust_weighted_memory,train,train_trust_weighted_memory_308_17,r2_train_trust_weighted_memory_seed_308_game_17,308,17,wolf
r2_train_trust_weighted_memory,18,trust_weighted_memory,train,train_trust_weighted_memory_308_18,r2_train_trust_weighted_memory_seed_308_game_18,308,21,wolf
r2_train_trust_weighted_memory,19,trust_weighted_memory,train,train_trust_weighted_memory_308_19,r2_train_trust_weighted_memory_seed_308_game_19,308,17,wolf
r2_train_trust_weighted_memory,20,trust_weighted_memory,train,train_trust_weighted_memory_308_20,r2_train_trust_weighted_memory_seed_308_game_20,308,22,village
r2_train_random_vote_speech,1,random_vote_speech,train,train_random_vote_speech_308_1,r2_train_random_vote_speech_seed_308_game_1,308,21,wolf
r2_train_random_vote_speech,2,random_vote_speech,train,train_random_vote_speech_308_2,r2_train_random_vote_speech_seed_308_game_2,308,23,wolf
r2_train_random_vote_speech,3,random_vote_speech,train,train_random_vote_speech_308_3,r2_train_random_vote_speech_seed_308_game_3,308,22,wolf
r2_train_random_vote_speech,4,random_vote_speech,train,train_random_vote_speech_308_4,r2_train_random_vote_speech_seed_308_game_4,308,21,wolf
r2_train_random_vote_speech,5,random_vote_speech,train,train_random_vote_speech_308_5,r2_train_random_vote_speech_seed_308_game_5,308,18,wolf
r2_train_random_vote_speech,6,random_vote_speech,train,train_random_vote_speech_308_6,r2_train_random_vote_speech_seed_308_game_6,308,17,wolf
r2_train_random_vote_speech,7,random_vote_speech,train,train_random_vote_speech_308_7,r2_train_random_vote_speech_seed_308_game_7,308,17,wolf
r2_train_random_vote_speech,8,random_vote_speech,train,train_random_vote_speech_308_8,r2_train_random_vote_speech_seed_308_game_8,308,27,wolf
r2_train_random_vote_speech,9,random_vote_speech,train,train_random_vote_speech_308_9,r2_train_random_vote_speech_seed_308_game_9,308,22,wolf
r2_train_random_vote_speech,10,random_vote_speech,train,train_random_vote_speech_308_10,r2_train_random_vote_speech_seed_308_game_10,308,22,wolf
r2_train_random_vote_speech,11,random_vote_speech,train,train_random_vote_speech_308_11,r2_train_random_vote_speech_seed_308_game_11,308,20,wolf
r2_train_random_vote_speech,12,random_vote_speech,train,train_random_vote_speech_308_12,r2_train_random_vote_speech_seed_308_game_12,308,22,village
r2_train_random_vote_speech,13,random_vote_speech,train,train_random_vote_speech_308_13,r2_train_random_vote_speech_seed_308_game_13,308,22,wolf
r2_train_random_vote_speech,14,random_vote_speech,train,train_random_vote_speech_308_14,r2_train_random_vote_speech_seed_308_game_14,308,26,village
r2_train_random_vote_speech,15,random_vote_speech,train,train_random_vote_speech_308_15,r2_train_random_vote_speech_seed_308_game_15,308,18,wolf
r2_train_random_vote_speech,16,random_vote_speech,train,train_random_vote_speech_308_16,r2_train_random_vote_speech_seed_308_game_16,308,18,wolf
r2_train_random_vote_speech,17,random_vote_speech,train,train_random_vote_speech_308_17,r2_train_random_vote_speech_seed_308_game_17,308,28,village
r2_train_random_vote_speech,18,random_vote_speech,train,train_random_vote_speech_308_18,r2_train_random_vote_speech_seed_308_game_18,308,23,wolf
r2_train_random_vote_speech,19,random_vote_speech,train,train_random_vote_speech_308_19,r2_train_random_vote_speech_seed_308_game_19,308,20,wolf
r2_train_random_vote_speech,20,random_vote_speech,train,train_random_vote_speech_308_20,r2_train_random_vote_speech_seed_308_game_20,308,17,village
r2_train_balanced_social,1,balanced_social,train,train_balanced_social_309_1,r2_train_balanced_social_seed_309_game_1,309,9,wolf
r2_train_balanced_social,2,balanced_social,train,train_balanced_social_309_2,r2_train_balanced_social_seed_309_game_2,309,23,wolf
r2_train_balanced_social,3,balanced_social,train,train_balanced_social_309_3,r2_train_balanced_social_seed_309_game_3,309,17,wolf
r2_train_balanced_social,4,balanced_social,train,train_balanced_social_309_4,r2_train_balanced_social_seed_309_game_4,309,26,village
r2_train_balanced_social,5,balanced_social,train,train_balanced_social_309_5,r2_train_balanced_social_seed_309_game_5,309,24,wolf
r2_train_balanced_social,6,balanced_social,train,train_balanced_social_309_6,r2_train_balanced_social_seed_309_game_6,309,24,village
r2_train_balanced_social,7,balanced_social,train,train_balanced_social_309_7,r2_train_balanced_social_seed_309_game_7,309,16,wolf
r2_train_balanced_social,8,balanced_social,train,train_balanced_social_309_8,r2_train_balanced_social_seed_309_game_8,309,17,wolf
r2_train_balanced_social,9,balanced_social,train,train_balanced_social_309_9,r2_train_balanced_social_seed_309_game_9,309,25,wolf
r2_train_balanced_social,10,balanced_social,train,train_balanced_social_309_10,r2_train_balanced_social_seed_309_game_10,309,27,wolf
r2_train_balanced_social,11,balanced_social,train,train_balanced_social_309_11,r2_train_balanced_social_seed_309_game_11,309,26,village
r2_train_balanced_social,12,balanced_social,train,train_balanced_social_309_12,r2_train_balanced_social_seed_309_game_12,309,17,wolf
r2_train_balanced_social,13,balanced_social,train,train_balanced_social_309_13,r2_train_balanced_social_seed_309_game_13,309,24,wolf
r2_train_balanced_social,14,balanced_social,train,train_balanced_social_309_14,r2_train_balanced_social_seed_309_game_14,309,21,wolf
r2_train_balanced_social,15,balanced_social,train,train_balanced_social_309_15,r2_train_balanced_social_seed_309_game_15,309,23,wolf
r2_train_balanced_social,16,balanced_social,train,train_balanced_social_309_16,r2_train_balanced_social_seed_309_game_16,309,24,wolf
r2_train_balanced_social,17,balanced_social,train,train_balanced_social_309_17,r2_train_balanced_social_seed_309_game_17,309,21,wolf
r2_train_balanced_social,18,balanced_social,train,train_balanced_social_309_18,r2_train_balanced_social_seed_309_game_18,309,27,wolf
r2_train_balanced_social,19,balanced_social,train,train_balanced_social_309_19,r2_train_balanced_social_seed_309_game_19,309,26,wolf
r2_train_balanced_social,20,balanced_social,train,train_balanced_social_309_20,r2_train_balanced_social_seed_309_game_20,309,27,wolf
r2_train_deception_adaptive,1,deception_adaptive,train,train_deception_adaptive_309_1,r2_train_deception_adaptive_seed_309_game_1,309,18,wolf
r2_train_deception_adaptive,2,deception_adaptive,train,train_deception_adaptive_309_2,r2_train_deception_adaptive_seed_309_game_2,309,27,wolf
r2_train_deception_adaptive,3,deception_adaptive,train,train_deception_adaptive_309_3,r2_train_deception_adaptive_seed_309_game_3,309,20,wolf
r2_train_deception_adaptive,4,deception_adaptive,train,train_deception_adaptive_309_4,r2_train_deception_adaptive_seed_309_game_4,309,14,wolf
r2_train_deception_adaptive,5,deception_adaptive,train,train_deception_adaptive_309_5,r2_train_deception_adaptive_seed_309_game_5,309,16,wolf
r2_train_deception_adaptive,6,deception_adaptive,train,train_deception_adaptive_309_6,r2_train_deception_adaptive_seed_309_game_6,309,24,wolf
r2_train_deception_adaptive,7,deception_adaptive,train,train_deception_adaptive_309_7,r2_train_deception_adaptive_seed_309_game_7,309,22,wolf
r2_train_deception_adaptive,8,deception_adaptive,train,train_deception_adaptive_309_8,r2_train_deception_adaptive_seed_309_game_8,309,18,wolf
r2_train_deception_adaptive,9,deception_adaptive,train,train_deception_adaptive_309_9,r2_train_deception_adaptive_seed_309_game_9,309,21,village
r2_train_deception_adaptive,10,deception_adaptive,train,train_deception_adaptive_309_10,r2_train_deception_adaptive_seed_309_game_10,309,20,village
r2_train_deception_adaptive,11,deception_adaptive,train,train_deception_adaptive_309_11,r2_train_deception_adaptive_seed_309_game_11,309,25,village
r2_train_deception_adaptive,12,deception_adaptive,train,train_deception_adaptive_309_12,r2_train_deception_adaptive_seed_309_game_12,309,24,wolf
r2_train_deception_adaptive,13,deception_adaptive,train,train_deception_adaptive_309_13,r2_train_deception_adaptive_seed_309_game_13,309,17,wolf
r2_train_deception_adaptive,14,deception_adaptive,train,train_deception_adaptive_309_14,r2_train_deception_adaptive_seed_309_game_14,309,9,wolf
r2_train_deception_adaptive,15,deception_adaptive,train,train_deception_adaptive_309_15,r2_train_deception_adaptive_seed_309_game_15,309,21,wolf
r2_train_deception_adaptive,16,deception_adaptive,train,train_deception_adaptive_309_16,r2_train_deception_adaptive_seed_309_game_16,309,23,wolf
r2_train_deception_adaptive,17,deception_adaptive,train,train_deception_adaptive_309_17,r2_train_deception_adaptive_seed_309_game_17,309,16,wolf
r2_train_deception_adaptive,18,deception_adaptive,train,train_deception_adaptive_309_18,r2_train_deception_adaptive_seed_309_game_18,309,9,wolf
r2_train_deception_adaptive,19,deception_adaptive,train,train_deception_adaptive_309_19,r2_train_deception_adaptive_seed_309_game_19,309,23,wolf
r2_train_deception_adaptive,20,deception_adaptive,train,train_deception_adaptive_309_20,r2_train_deception_adaptive_seed_309_game_20,309,17,village
r2_train_trust_weighted_memory,1,trust_weighted_memory,train,train_trust_weighted_memory_309_1,r2_train_trust_weighted_memory_seed_309_game_1,309,22,wolf
r2_train_trust_weighted_memory,2,trust_weighted_memory,train,train_trust_weighted_memory_309_2,r2_train_trust_weighted_memory_seed_309_game_2,309,10,wolf
r2_train_trust_weighted_memory,3,trust_weighted_memory,train,train_trust_weighted_memory_309_3,r2_train_trust_weighted_memory_seed_309_game_3,309,24,wolf
r2_train_trust_weighted_memory,4,trust_weighted_memory,train,train_trust_weighted_memory_309_4,r2_train_trust_weighted_memory_seed_309_game_4,309,15,wolf
r2_train_trust_weighted_memory,5,trust_weighted_memory,train,train_trust_weighted_memory_309_5,r2_train_trust_weighted_memory_seed_309_game_5,309,15,wolf
r2_train_trust_weighted_memory,6,trust_weighted_memory,train,train_trust_weighted_memory_309_6,r2_train_trust_weighted_memory_seed_309_game_6,309,22,wolf
r2_train_trust_weighted_memory,7,trust_weighted_memory,train,train_trust_weighted_memory_309_7,r2_train_trust_weighted_memory_seed_309_game_7,309,9,wolf
r2_train_trust_weighted_memory,8,trust_weighted_memory,train,train_trust_weighted_memory_309_8,r2_train_trust_weighted_memory_seed_309_game_8,309,23,village
r2_train_trust_weighted_memory,9,trust_weighted_memory,train,train_trust_weighted_memory_309_9,r2_train_trust_weighted_memory_seed_309_game_9,309,19,village
r2_train_trust_weighted_memory,10,trust_weighted_memory,train,train_trust_weighted_memory_309_10,r2_train_trust_weighted_memory_seed_309_game_10,309,24,village
r2_train_trust_weighted_memory,11,trust_weighted_memory,train,train_trust_weighted_memory_309_11,r2_train_trust_weighted_memory_seed_309_game_11,309,24,village
r2_train_trust_weighted_memory,12,trust_weighted_memory,train,train_trust_weighted_memory_309_12,r2_train_trust_weighted_memory_seed_309_game_12,309,28,wolf
r2_train_trust_weighted_memory,13,trust_weighted_memory,train,train_trust_weighted_memory_309_13,r2_train_trust_weighted_memory_seed_309_game_13,309,22,village
r2_train_trust_weighted_memory,14,trust_weighted_memory,train,train_trust_weighted_memory_309_14,r2_train_trust_weighted_memory_seed_309_game_14,309,14,wolf
r2_train_trust_weighted_memory,15,trust_weighted_memory,train,train_trust_weighted_memory_309_15,r2_train_trust_weighted_memory_seed_309_game_15,309,17,wolf
r2_train_trust_weighted_memory,16,trust_weighted_memory,train,train_trust_weighted_memory_309_16,r2_train_trust_weighted_memory_seed_309_game_16,309,16,wolf
r2_train_trust_weighted_memory,17,trust_weighted_memory,train,train_trust_weighted_memory_309_17,r2_train_trust_weighted_memory_seed_309_game_17,309,9,wolf
r2_train_trust_weighted_memory,18,trust_weighted_memory,train,train_trust_weighted_memory_309_18,r2_train_trust_weighted_memory_seed_309_game_18,309,16,wolf
r2_train_trust_weighted_memory,19,trust_weighted_memory,train,train_trust_weighted_memory_309_19,r2_train_trust_weighted_memory_seed_309_game_19,309,21,wolf
r2_train_trust_weighted_memory,20,trust_weighted_memory,train,train_trust_weighted_memory_309_20,r2_train_trust_weighted_memory_seed_309_game_20,309,17,wolf
r2_train_random_vote_speech,1,random_vote_speech,train,train_random_vote_speech_309_1,r2_train_random_vote_speech_seed_309_game_1,309,23,wolf
r2_train_random_vote_speech,2,random_vote_speech,train,train_random_vote_speech_309_2,r2_train_random_vote_speech_seed_309_game_2,309,17,wolf
r2_train_random_vote_speech,3,random_vote_speech,train,train_random_vote_speech_309_3,r2_train_random_vote_speech_seed_309_game_3,309,23,wolf
r2_train_random_vote_speech,4,random_vote_speech,train,train_random_vote_speech_309_4,r2_train_random_vote_speech_seed_309_game_4,309,23,wolf
r2_train_random_vote_speech,5,random_vote_speech,train,train_random_vote_speech_309_5,r2_train_random_vote_speech_seed_309_game_5,309,22,wolf
r2_train_random_vote_speech,6,random_vote_speech,train,train_random_vote_speech_309_6,r2_train_random_vote_speech_seed_309_game_6,309,14,wolf
r2_train_random_vote_speech,7,random_vote_speech,train,train_random_vote_speech_309_7,r2_train_random_vote_speech_seed_309_game_7,309,20,village
r2_train_random_vote_speech,8,random_vote_speech,train,train_random_vote_speech_309_8,r2_train_random_vote_speech_seed_309_game_8,309,20,wolf
r2_train_random_vote_speech,9,random_vote_speech,train,train_random_vote_speech_309_9,r2_train_random_vote_speech_seed_309_game_9,309,16,village
r2_train_random_vote_speech,10,random_vote_speech,train,train_random_vote_speech_309_10,r2_train_random_vote_speech_seed_309_game_10,309,17,wolf
r2_train_random_vote_speech,11,random_vote_speech,train,train_random_vote_speech_309_11,r2_train_random_vote_speech_seed_309_game_11,309,20,wolf
r2_train_random_vote_speech,12,random_vote_speech,train,train_random_vote_speech_309_12,r2_train_random_vote_speech_seed_309_game_12,309,28,wolf
r2_train_random_vote_speech,13,random_vote_speech,train,train_random_vote_speech_309_13,r2_train_random_vote_speech_seed_309_game_13,309,22,village
r2_train_random_vote_speech,14,random_vote_speech,train,train_random_vote_speech_309_14,r2_train_random_vote_speech_seed_309_game_14,309,18,wolf
r2_train_random_vote_speech,15,random_vote_speech,train,train_random_vote_speech_309_15,r2_train_random_vote_speech_seed_309_game_15,309,25,village
r2_train_random_vote_speech,16,random_vote_speech,train,train_random_vote_speech_309_16,r2_train_random_vote_speech_seed_309_game_16,309,15,village
r2_train_random_vote_speech,17,random_vote_speech,train,train_random_vote_speech_309_17,r2_train_random_vote_speech_seed_309_game_17,309,22,village
r2_train_random_vote_speech,18,random_vote_speech,train,train_random_vote_speech_309_18,r2_train_random_vote_speech_seed_309_game_18,309,22,village
r2_train_random_vote_speech,19,random_vote_speech,train,train_random_vote_speech_309_19,r2_train_random_vote_speech_seed_309_game_19,309,19,wolf
r2_train_random_vote_speech,20,random_vote_speech,train,train_random_vote_speech_309_20,r2_train_random_vote_speech_seed_309_game_20,309,25,wolf
r2_validation_balanced_social,1,balanced_social,validation,validation_balanced_social_310_1,r2_validation_balanced_social_seed_310_game_1,310,26,wolf
r2_validation_balanced_social,2,balanced_social,validation,validation_balanced_social_310_2,r2_validation_balanced_social_seed_310_game_2,310,24,wolf
r2_validation_balanced_social,3,balanced_social,validation,validation_balanced_social_310_3,r2_validation_balanced_social_seed_310_game_3,310,26,village
r2_validation_balanced_social,4,balanced_social,validation,validation_balanced_social_310_4,r2_validation_balanced_social_seed_310_game_4,310,21,wolf
r2_validation_balanced_social,5,balanced_social,validation,validation_balanced_social_310_5,r2_validation_balanced_social_seed_310_game_5,310,27,wolf
r2_validation_balanced_social,6,balanced_social,validation,validation_balanced_social_310_6,r2_validation_balanced_social_seed_310_game_6,310,26,village
r2_validation_balanced_social,7,balanced_social,validation,validation_balanced_social_310_7,r2_validation_balanced_social_seed_310_game_7,310,28,village
r2_validation_balanced_social,8,balanced_social,validation,validation_balanced_social_310_8,r2_validation_balanced_social_seed_310_game_8,310,22,wolf
r2_validation_balanced_social,9,balanced_social,validation,validation_balanced_social_310_9,r2_validation_balanced_social_seed_310_game_9,310,23,wolf
r2_validation_balanced_social,10,balanced_social,validation,validation_balanced_social_310_10,r2_validation_balanced_social_seed_310_game_10,310,20,wolf
r2_validation_deception_adaptive,1,deception_adaptive,validation,validation_deception_adaptive_310_1,r2_validation_deception_adaptive_seed_310_game_1,310,17,wolf
r2_validation_deception_adaptive,2,deception_adaptive,validation,validation_deception_adaptive_310_2,r2_validation_deception_adaptive_seed_310_game_2,310,22,village
r2_validation_deception_adaptive,3,deception_adaptive,validation,validation_deception_adaptive_310_3,r2_validation_deception_adaptive_seed_310_game_3,310,19,village
r2_validation_deception_adaptive,4,deception_adaptive,validation,validation_deception_adaptive_310_4,r2_validation_deception_adaptive_seed_310_game_4,310,22,village
r2_validation_deception_adaptive,5,deception_adaptive,validation,validation_deception_adaptive_310_5,r2_validation_deception_adaptive_seed_310_game_5,310,22,village
r2_validation_deception_adaptive,6,deception_adaptive,validation,validation_deception_adaptive_310_6,r2_validation_deception_adaptive_seed_310_game_6,310,24,wolf
r2_validation_deception_adaptive,7,deception_adaptive,validation,validation_deception_adaptive_310_7,r2_validation_deception_adaptive_seed_310_game_7,310,22,wolf
r2_validation_deception_adaptive,8,deception_adaptive,validation,validation_deception_adaptive_310_8,r2_validation_deception_adaptive_seed_310_game_8,310,17,wolf
r2_validation_deception_adaptive,9,deception_adaptive,validation,validation_deception_adaptive_310_9,r2_validation_deception_adaptive_seed_310_game_9,310,18,village
r2_validation_deception_adaptive,10,deception_adaptive,validation,validation_deception_adaptive_310_10,r2_validation_deception_adaptive_seed_310_game_10,310,17,wolf
r2_validation_trust_weighted_memory,1,trust_weighted_memory,validation,validation_trust_weighted_memory_310_1,r2_validation_trust_weighted_memory_seed_310_game_1,310,14,village
r2_validation_trust_weighted_memory,2,trust_weighted_memory,validation,validation_trust_weighted_memory_310_2,r2_validation_trust_weighted_memory_seed_310_game_2,310,25,village
r2_validation_trust_weighted_memory,3,trust_weighted_memory,validation,validation_trust_weighted_memory_310_3,r2_validation_trust_weighted_memory_seed_310_game_3,310,23,village
r2_validation_trust_weighted_memory,4,trust_weighted_memory,validation,validation_trust_weighted_memory_310_4,r2_validation_trust_weighted_memory_seed_310_game_4,310,15,village
r2_validation_trust_weighted_memory,5,trust_weighted_memory,validation,validation_trust_weighted_memory_310_5,r2_validation_trust_weighted_memory_seed_310_game_5,310,26,village
r2_validation_trust_weighted_memory,6,trust_weighted_memory,validation,validation_trust_weighted_memory_310_6,r2_validation_trust_weighted_memory_seed_310_game_6,310,25,wolf
r2_validation_trust_weighted_memory,7,trust_weighted_memory,validation,validation_trust_weighted_memory_310_7,r2_validation_trust_weighted_memory_seed_310_game_7,310,18,village
r2_validation_trust_weighted_memory,8,trust_weighted_memory,validation,validation_trust_weighted_memory_310_8,r2_validation_trust_weighted_memory_seed_310_game_8,310,22,village
r2_validation_trust_weighted_memory,9,trust_weighted_memory,validation,validation_trust_weighted_memory_310_9,r2_validation_trust_weighted_memory_seed_310_game_9,310,9,wolf
r2_validation_trust_weighted_memory,10,trust_weighted_memory,validation,validation_trust_weighted_memory_310_10,r2_validation_trust_weighted_memory_seed_310_game_10,310,16,village
r2_validation_random_vote_speech,1,random_vote_speech,validation,validation_random_vote_speech_310_1,r2_validation_random_vote_speech_seed_310_game_1,310,16,wolf
r2_validation_random_vote_speech,2,random_vote_speech,validation,validation_random_vote_speech_310_2,r2_validation_random_vote_speech_seed_310_game_2,310,24,wolf
r2_validation_random_vote_speech,3,random_vote_speech,validation,validation_random_vote_speech_310_3,r2_validation_random_vote_speech_seed_310_game_3,310,19,wolf
r2_validation_random_vote_speech,4,random_vote_speech,validation,validation_random_vote_speech_310_4,r2_validation_random_vote_speech_seed_310_game_4,310,15,village
r2_validation_random_vote_speech,5,random_vote_speech,validation,validation_random_vote_speech_310_5,r2_validation_random_vote_speech_seed_310_game_5,310,25,wolf
r2_validation_random_vote_speech,6,random_vote_speech,validation,validation_random_vote_speech_310_6,r2_validation_random_vote_speech_seed_310_game_6,310,25,village
r2_validation_random_vote_speech,7,random_vote_speech,validation,validation_random_vote_speech_310_7,r2_validation_random_vote_speech_seed_310_game_7,310,15,wolf
r2_validation_random_vote_speech,8,random_vote_speech,validation,validation_random_vote_speech_310_8,r2_validation_random_vote_speech_seed_310_game_8,310,22,village
r2_validation_random_vote_speech,9,random_vote_speech,validation,validation_random_vote_speech_310_9,r2_validation_random_vote_speech_seed_310_game_9,310,23,village
r2_validation_random_vote_speech,10,random_vote_speech,validation,validation_random_vote_speech_310_10,r2_validation_random_vote_speech_seed_310_game_10,310,14,wolf
r2_validation_balanced_social,1,balanced_social,validation,validation_balanced_social_311_1,r2_validation_balanced_social_seed_311_game_1,311,17,wolf
r2_validation_balanced_social,2,balanced_social,validation,validation_balanced_social_311_2,r2_validation_balanced_social_seed_311_game_2,311,18,wolf
r2_validation_balanced_social,3,balanced_social,validation,validation_balanced_social_311_3,r2_validation_balanced_social_seed_311_game_3,311,18,wolf
r2_validation_balanced_social,4,balanced_social,validation,validation_balanced_social_311_4,r2_validation_balanced_social_seed_311_game_4,311,22,village
r2_validation_balanced_social,5,balanced_social,validation,validation_balanced_social_311_5,r2_validation_balanced_social_seed_311_game_5,311,26,village
r2_validation_balanced_social,6,balanced_social,validation,validation_balanced_social_311_6,r2_validation_balanced_social_seed_311_game_6,311,24,wolf
r2_validation_balanced_social,7,balanced_social,validation,validation_balanced_social_311_7,r2_validation_balanced_social_seed_311_game_7,311,16,village
r2_validation_balanced_social,8,balanced_social,validation,validation_balanced_social_311_8,r2_validation_balanced_social_seed_311_game_8,311,23,wolf
r2_validation_balanced_social,9,balanced_social,validation,validation_balanced_social_311_9,r2_validation_balanced_social_seed_311_game_9,311,10,wolf
r2_validation_balanced_social,10,balanced_social,validation,validation_balanced_social_311_10,r2_validation_balanced_social_seed_311_game_10,311,17,wolf
r2_validation_deception_adaptive,1,deception_adaptive,validation,validation_deception_adaptive_311_1,r2_validation_deception_adaptive_seed_311_game_1,311,24,village
r2_validation_deception_adaptive,2,deception_adaptive,validation,validation_deception_adaptive_311_2,r2_validation_deception_adaptive_seed_311_game_2,311,18,village
r2_validation_deception_adaptive,3,deception_adaptive,validation,validation_deception_adaptive_311_3,r2_validation_deception_adaptive_seed_311_game_3,311,17,wolf
r2_validation_deception_adaptive,4,deception_adaptive,validation,validation_deception_adaptive_311_4,r2_validation_deception_adaptive_seed_311_game_4,311,19,village
r2_validation_deception_adaptive,5,deception_adaptive,validation,validation_deception_adaptive_311_5,r2_validation_deception_adaptive_seed_311_game_5,311,24,village
r2_validation_deception_adaptive,6,deception_adaptive,validation,validation_deception_adaptive_311_6,r2_validation_deception_adaptive_seed_311_game_6,311,17,wolf
r2_validation_deception_adaptive,7,deception_adaptive,validation,validation_deception_adaptive_311_7,r2_validation_deception_adaptive_seed_311_game_7,311,21,wolf
r2_validation_deception_adaptive,8,deception_adaptive,validation,validation_deception_adaptive_311_8,r2_validation_deception_adaptive_seed_311_game_8,311,20,wolf
r2_validation_deception_adaptive,9,deception_adaptive,validation,validation_deception_adaptive_311_9,r2_validation_deception_adaptive_seed_311_game_9,311,23,wolf
r2_validation_deception_adaptive,10,deception_adaptive,validation,validation_deception_adaptive_311_10,r2_validation_deception_adaptive_seed_311_game_10,311,28,wolf
r2_validation_trust_weighted_memory,1,trust_weighted_memory,validation,validation_trust_weighted_memory_311_1,r2_validation_trust_weighted_memory_seed_311_game_1,311,22,village
r2_validation_trust_weighted_memory,2,trust_weighted_memory,validation,validation_trust_weighted_memory_311_2,r2_validation_trust_weighted_memory_seed_311_game_2,311,27,village
r2_validation_trust_weighted_memory,3,trust_weighted_memory,validation,validation_trust_weighted_memory_311_3,r2_validation_trust_weighted_memory_seed_311_game_3,311,17,wolf
r2_validation_trust_weighted_memory,4,trust_weighted_memory,validation,validation_trust_weighted_memory_311_4,r2_validation_trust_weighted_memory_seed_311_game_4,311,24,wolf
r2_validation_trust_weighted_memory,5,trust_weighted_memory,validation,validation_trust_weighted_memory_311_5,r2_validation_trust_weighted_memory_seed_311_game_5,311,17,wolf
r2_validation_trust_weighted_memory,6,trust_weighted_memory,validation,validation_trust_weighted_memory_311_6,r2_validation_trust_weighted_memory_seed_311_game_6,311,10,wolf
r2_validation_trust_weighted_memory,7,trust_weighted_memory,validation,validation_trust_weighted_memory_311_7,r2_validation_trust_weighted_memory_seed_311_game_7,311,27,village
r2_validation_trust_weighted_memory,8,trust_weighted_memory,validation,validation_trust_weighted_memory_311_8,r2_validation_trust_weighted_memory_seed_311_game_8,311,24,wolf
r2_validation_trust_weighted_memory,9,trust_weighted_memory,validation,validation_trust_weighted_memory_311_9,r2_validation_trust_weighted_memory_seed_311_game_9,311,26,village
r2_validation_trust_weighted_memory,10,trust_weighted_memory,validation,validation_trust_weighted_memory_311_10,r2_validation_trust_weighted_memory_seed_311_game_10,311,18,wolf
r2_validation_random_vote_speech,1,random_vote_speech,validation,validation_random_vote_speech_311_1,r2_validation_random_vote_speech_seed_311_game_1,311,21,wolf
r2_validation_random_vote_speech,2,random_vote_speech,validation,validation_random_vote_speech_311_2,r2_validation_random_vote_speech_seed_311_game_2,311,16,wolf
r2_validation_random_vote_speech,3,random_vote_speech,validation,validation_random_vote_speech_311_3,r2_validation_random_vote_speech_seed_311_game_3,311,18,wolf
r2_validation_random_vote_speech,4,random_vote_speech,validation,validation_random_vote_speech_311_4,r2_validation_random_vote_speech_seed_311_game_4,311,20,wolf
r2_validation_random_vote_speech,5,random_vote_speech,validation,validation_random_vote_speech_311_5,r2_validation_random_vote_speech_seed_311_game_5,311,25,village
r2_validation_random_vote_speech,6,random_vote_speech,validation,validation_random_vote_speech_311_6,r2_validation_random_vote_speech_seed_311_game_6,311,21,village
r2_validation_random_vote_speech,7,random_vote_speech,validation,validation_random_vote_speech_311_7,r2_validation_random_vote_speech_seed_311_game_7,311,17,village
r2_validation_random_vote_speech,8,random_vote_speech,validation,validation_random_vote_speech_311_8,r2_validation_random_vote_speech_seed_311_game_8,311,9,wolf
r2_validation_random_vote_speech,9,random_vote_speech,validation,validation_random_vote_speech_311_9,r2_validation_random_vote_speech_seed_311_game_9,311,26,wolf
r2_validation_random_vote_speech,10,random_vote_speech,validation,validation_random_vote_speech_311_10,r2_validation_random_vote_speech_seed_311_game_10,311,17,wolf
r2_validation_balanced_social,1,balanced_social,validation,validation_balanced_social_312_1,r2_validation_balanced_social_seed_312_game_1,312,18,wolf
r2_validation_balanced_social,2,balanced_social,validation,validation_balanced_social_312_2,r2_validation_balanced_social_seed_312_game_2,312,25,village
r2_validation_balanced_social,3,balanced_social,validation,validation_balanced_social_312_3,r2_validation_balanced_social_seed_312_game_3,312,23,village
r2_validation_balanced_social,4,balanced_social,validation,validation_balanced_social_312_4,r2_validation_balanced_social_seed_312_game_4,312,23,wolf
r2_validation_balanced_social,5,balanced_social,validation,validation_balanced_social_312_5,r2_validation_balanced_social_seed_312_game_5,312,24,wolf
r2_validation_balanced_social,6,balanced_social,validation,validation_balanced_social_312_6,r2_validation_balanced_social_seed_312_game_6,312,25,wolf
r2_validation_balanced_social,7,balanced_social,validation,validation_balanced_social_312_7,r2_validation_balanced_social_seed_312_game_7,312,24,village
r2_validation_balanced_social,8,balanced_social,validation,validation_balanced_social_312_8,r2_validation_balanced_social_seed_312_game_8,312,23,wolf
r2_validation_balanced_social,9,balanced_social,validation,validation_balanced_social_312_9,r2_validation_balanced_social_seed_312_game_9,312,24,village
r2_validation_balanced_social,10,balanced_social,validation,validation_balanced_social_312_10,r2_validation_balanced_social_seed_312_game_10,312,22,wolf
r2_validation_deception_adaptive,1,deception_adaptive,validation,validation_deception_adaptive_312_1,r2_validation_deception_adaptive_seed_312_game_1,312,14,wolf
r2_validation_deception_adaptive,2,deception_adaptive,validation,validation_deception_adaptive_312_2,r2_validation_deception_adaptive_seed_312_game_2,312,17,village
r2_validation_deception_adaptive,3,deception_adaptive,validation,validation_deception_adaptive_312_3,r2_validation_deception_adaptive_seed_312_game_3,312,27,wolf
r2_validation_deception_adaptive,4,deception_adaptive,validation,validation_deception_adaptive_312_4,r2_validation_deception_adaptive_seed_312_game_4,312,22,wolf
r2_validation_deception_adaptive,5,deception_adaptive,validation,validation_deception_adaptive_312_5,r2_validation_deception_adaptive_seed_312_game_5,312,17,wolf
r2_validation_deception_adaptive,6,deception_adaptive,validation,validation_deception_adaptive_312_6,r2_validation_deception_adaptive_seed_312_game_6,312,22,village
r2_validation_deception_adaptive,7,deception_adaptive,validation,validation_deception_adaptive_312_7,r2_validation_deception_adaptive_seed_312_game_7,312,17,wolf
r2_validation_deception_adaptive,8,deception_adaptive,validation,validation_deception_adaptive_312_8,r2_validation_deception_adaptive_seed_312_game_8,312,27,wolf
r2_validation_deception_adaptive,9,deception_adaptive,validation,validation_deception_adaptive_312_9,r2_validation_deception_adaptive_seed_312_game_9,312,25,village
r2_validation_deception_adaptive,10,deception_adaptive,validation,validation_deception_adaptive_312_10,r2_validation_deception_adaptive_seed_312_game_10,312,25,wolf
r2_validation_trust_weighted_memory,1,trust_weighted_memory,validation,validation_trust_weighted_memory_312_1,r2_validation_trust_weighted_memory_seed_312_game_1,312,18,wolf
r2_validation_trust_weighted_memory,2,trust_weighted_memory,validation,validation_trust_weighted_memory_312_2,r2_validation_trust_weighted_memory_seed_312_game_2,312,24,village
r2_validation_trust_weighted_memory,3,trust_weighted_memory,validation,validation_trust_weighted_memory_312_3,r2_validation_trust_weighted_memory_seed_312_game_3,312,22,wolf
r2_validation_trust_weighted_memory,4,trust_weighted_memory,validation,validation_trust_weighted_memory_312_4,r2_validation_trust_weighted_memory_seed_312_game_4,312,24,wolf
r2_validation_trust_weighted_memory,5,trust_weighted_memory,validation,validation_trust_weighted_memory_312_5,r2_validation_trust_weighted_memory_seed_312_game_5,312,22,wolf
r2_validation_trust_weighted_memory,6,trust_weighted_memory,validation,validation_trust_weighted_memory_312_6,r2_validation_trust_weighted_memory_seed_312_game_6,312,22,wolf
r2_validation_trust_weighted_memory,7,trust_weighted_memory,validation,validation_trust_weighted_memory_312_7,r2_validation_trust_weighted_memory_seed_312_game_7,312,27,village
r2_validation_trust_weighted_memory,8,trust_weighted_memory,validation,validation_trust_weighted_memory_312_8,r2_validation_trust_weighted_memory_seed_312_game_8,312,17,wolf
r2_validation_trust_weighted_memory,9,trust_weighted_memory,validation,validation_trust_weighted_memory_312_9,r2_validation_trust_weighted_memory_seed_312_game_9,312,20,village
r2_validation_trust_weighted_memory,10,trust_weighted_memory,validation,validation_trust_weighted_memory_312_10,r2_validation_trust_weighted_memory_seed_312_game_10,312,24,village
r2_validation_random_vote_speech,1,random_vote_speech,validation,validation_random_vote_speech_312_1,r2_validation_random_vote_speech_seed_312_game_1,312,21,wolf
r2_validation_random_vote_speech,2,random_vote_speech,validation,validation_random_vote_speech_312_2,r2_validation_random_vote_speech_seed_312_game_2,312,22,village
r2_validation_random_vote_speech,3,random_vote_speech,validation,validation_random_vote_speech_312_3,r2_validation_random_vote_speech_seed_312_game_3,312,17,wolf
r2_validation_random_vote_speech,4,random_vote_speech,validation,validation_random_vote_speech_312_4,r2_validation_random_vote_speech_seed_312_game_4,312,16,wolf
r2_validation_random_vote_speech,5,random_vote_speech,validation,validation_random_vote_speech_312_5,r2_validation_random_vote_speech_seed_312_game_5,312,20,wolf
r2_validation_random_vote_speech,6,random_vote_speech,validation,validation_random_vote_speech_312_6,r2_validation_random_vote_speech_seed_312_game_6,312,24,wolf
r2_validation_random_vote_speech,7,random_vote_speech,validation,validation_random_vote_speech_312_7,r2_validation_random_vote_speech_seed_312_game_7,312,25,wolf
r2_validation_random_vote_speech,8,random_vote_speech,validation,validation_random_vote_speech_312_8,r2_validation_random_vote_speech_seed_312_game_8,312,14,wolf
r2_validation_random_vote_speech,9,random_vote_speech,validation,validation_random_vote_speech_312_9,r2_validation_random_vote_speech_seed_312_game_9,312,16,village
r2_validation_random_vote_speech,10,random_vote_speech,validation,validation_random_vote_speech_312_10,r2_validation_random_vote_speech_seed_312_game_10,312,25,wolf
r2_validation_balanced_social,1,balanced_social,validation,validation_balanced_social_313_1,r2_validation_balanced_social_seed_313_game_1,313,23,wolf
r2_validation_balanced_social,2,balanced_social,validation,validation_balanced_social_313_2,r2_validation_balanced_social_seed_313_game_2,313,16,village
r2_validation_balanced_social,3,balanced_social,validation,validation_balanced_social_313_3,r2_validation_balanced_social_seed_313_game_3,313,21,wolf
r2_validation_balanced_social,4,balanced_social,validation,validation_balanced_social_313_4,r2_validation_balanced_social_seed_313_game_4,313,20,wolf
r2_validation_balanced_social,5,balanced_social,validation,validation_balanced_social_313_5,r2_validation_balanced_social_seed_313_game_5,313,19,wolf
r2_validation_balanced_social,6,balanced_social,validation,validation_balanced_social_313_6,r2_validation_balanced_social_seed_313_game_6,313,23,village
r2_validation_balanced_social,7,balanced_social,validation,validation_balanced_social_313_7,r2_validation_balanced_social_seed_313_game_7,313,23,wolf
r2_validation_balanced_social,8,balanced_social,validation,validation_balanced_social_313_8,r2_validation_balanced_social_seed_313_game_8,313,18,wolf
r2_validation_balanced_social,9,balanced_social,validation,validation_balanced_social_313_9,r2_validation_balanced_social_seed_313_game_9,313,18,wolf
r2_validation_balanced_social,10,balanced_social,validation,validation_balanced_social_313_10,r2_validation_balanced_social_seed_313_game_10,313,16,wolf
r2_validation_deception_adaptive,1,deception_adaptive,validation,validation_deception_adaptive_313_1,r2_validation_deception_adaptive_seed_313_game_1,313,18,wolf
r2_validation_deception_adaptive,2,deception_adaptive,validation,validation_deception_adaptive_313_2,r2_validation_deception_adaptive_seed_313_game_2,313,22,village
r2_validation_deception_adaptive,3,deception_adaptive,validation,validation_deception_adaptive_313_3,r2_validation_deception_adaptive_seed_313_game_3,313,16,wolf
r2_validation_deception_adaptive,4,deception_adaptive,validation,validation_deception_adaptive_313_4,r2_validation_deception_adaptive_seed_313_game_4,313,16,wolf
r2_validation_deception_adaptive,5,deception_adaptive,validation,validation_deception_adaptive_313_5,r2_validation_deception_adaptive_seed_313_game_5,313,23,wolf
r2_validation_deception_adaptive,6,deception_adaptive,validation,validation_deception_adaptive_313_6,r2_validation_deception_adaptive_seed_313_game_6,313,18,wolf
r2_validation_deception_adaptive,7,deception_adaptive,validation,validation_deception_adaptive_313_7,r2_validation_deception_adaptive_seed_313_game_7,313,28,village
r2_validation_deception_adaptive,8,deception_adaptive,validation,validation_deception_adaptive_313_8,r2_validation_deception_adaptive_seed_313_game_8,313,18,wolf
r2_validation_deception_adaptive,9,deception_adaptive,validation,validation_deception_adaptive_313_9,r2_validation_deception_adaptive_seed_313_game_9,313,27,wolf
r2_validation_deception_adaptive,10,deception_adaptive,validation,validation_deception_adaptive_313_10,r2_validation_deception_adaptive_seed_313_game_10,313,17,wolf
r2_validation_trust_weighted_memory,1,trust_weighted_memory,validation,validation_trust_weighted_memory_313_1,r2_validation_trust_weighted_memory_seed_313_game_1,313,21,village
r2_validation_trust_weighted_memory,2,trust_weighted_memory,validation,validation_trust_weighted_memory_313_2,r2_validation_trust_weighted_memory_seed_313_game_2,313,10,wolf
r2_validation_trust_weighted_memory,3,trust_weighted_memory,validation,validation_trust_weighted_memory_313_3,r2_validation_trust_weighted_memory_seed_313_game_3,313,26,village
r2_validation_trust_weighted_memory,4,trust_weighted_memory,validation,validation_trust_weighted_memory_313_4,r2_validation_trust_weighted_memory_seed_313_game_4,313,22,village
r2_validation_trust_weighted_memory,5,trust_weighted_memory,validation,validation_trust_weighted_memory_313_5,r2_validation_trust_weighted_memory_seed_313_game_5,313,15,wolf
r2_validation_trust_weighted_memory,6,trust_weighted_memory,validation,validation_trust_weighted_memory_313_6,r2_validation_trust_weighted_memory_seed_313_game_6,313,23,village
r2_validation_trust_weighted_memory,7,trust_weighted_memory,validation,validation_trust_weighted_memory_313_7,r2_validation_trust_weighted_memory_seed_313_game_7,313,18,village
r2_validation_trust_weighted_memory,8,trust_weighted_memory,validation,validation_trust_weighted_memory_313_8,r2_validation_trust_weighted_memory_seed_313_game_8,313,22,wolf
r2_validation_trust_weighted_memory,9,trust_weighted_memory,validation,validation_trust_weighted_memory_313_9,r2_validation_trust_weighted_memory_seed_313_game_9,313,23,wolf
r2_validation_trust_weighted_memory,10,trust_weighted_memory,validation,validation_trust_weighted_memory_313_10,r2_validation_trust_weighted_memory_seed_313_game_10,313,17,wolf
r2_validation_random_vote_speech,1,random_vote_speech,validation,validation_random_vote_speech_313_1,r2_validation_random_vote_speech_seed_313_game_1,313,8,wolf
r2_validation_random_vote_speech,2,random_vote_speech,validation,validation_random_vote_speech_313_2,r2_validation_random_vote_speech_seed_313_game_2,313,25,wolf
r2_validation_random_vote_speech,3,random_vote_speech,validation,validation_random_vote_speech_313_3,r2_validation_random_vote_speech_seed_313_game_3,313,15,wolf
r2_validation_random_vote_speech,4,random_vote_speech,validation,validation_random_vote_speech_313_4,r2_validation_random_vote_speech_seed_313_game_4,313,14,wolf
r2_validation_random_vote_speech,5,random_vote_speech,validation,validation_random_vote_speech_313_5,r2_validation_random_vote_speech_seed_313_game_5,313,25,wolf
r2_validation_random_vote_speech,6,random_vote_speech,validation,validation_random_vote_speech_313_6,r2_validation_random_vote_speech_seed_313_game_6,313,18,wolf
r2_validation_random_vote_speech,7,random_vote_speech,validation,validation_random_vote_speech_313_7,r2_validation_random_vote_speech_seed_313_game_7,313,9,wolf
r2_validation_random_vote_speech,8,random_vote_speech,validation,validation_random_vote_speech_313_8,r2_validation_random_vote_speech_seed_313_game_8,313,21,wolf
r2_validation_random_vote_speech,9,random_vote_speech,validation,validation_random_vote_speech_313_9,r2_validation_random_vote_speech_seed_313_game_9,313,22,village
r2_validation_random_vote_speech,10,random_vote_speech,validation,validation_random_vote_speech_313_10,r2_validation_random_vote_speech_seed_313_game_10,313,20,wolf
r2_validation_balanced_social,1,balanced_social,validation,validation_balanced_social_314_1,r2_validation_balanced_social_seed_314_game_1,314,18,wolf
r2_validation_balanced_social,2,balanced_social,validation,validation_balanced_social_314_2,r2_validation_balanced_social_seed_314_game_2,314,24,village
r2_validation_balanced_social,3,balanced_social,validation,validation_balanced_social_314_3,r2_validation_balanced_social_seed_314_game_3,314,24,wolf
r2_validation_balanced_social,4,balanced_social,validation,validation_balanced_social_314_4,r2_validation_balanced_social_seed_314_game_4,314,22,wolf
r2_validation_balanced_social,5,balanced_social,validation,validation_balanced_social_314_5,r2_validation_balanced_social_seed_314_game_5,314,27,wolf
r2_validation_balanced_social,6,balanced_social,validation,validation_balanced_social_314_6,r2_validation_balanced_social_seed_314_game_6,314,26,wolf
r2_validation_balanced_social,7,balanced_social,validation,validation_balanced_social_314_7,r2_validation_balanced_social_seed_314_game_7,314,20,village
r2_validation_balanced_social,8,balanced_social,validation,validation_balanced_social_314_8,r2_validation_balanced_social_seed_314_game_8,314,22,wolf
r2_validation_balanced_social,9,balanced_social,validation,validation_balanced_social_314_9,r2_validation_balanced_social_seed_314_game_9,314,22,village
r2_validation_balanced_social,10,balanced_social,validation,validation_balanced_social_314_10,r2_validation_balanced_social_seed_314_game_10,314,24,wolf
r2_validation_deception_adaptive,1,deception_adaptive,validation,validation_deception_adaptive_314_1,r2_validation_deception_adaptive_seed_314_game_1,314,23,village
r2_validation_deception_adaptive,2,deception_adaptive,validation,validation_deception_adaptive_314_2,r2_validation_deception_adaptive_seed_314_game_2,314,24,wolf
r2_validation_deception_adaptive,3,deception_adaptive,validation,validation_deception_adaptive_314_3,r2_validation_deception_adaptive_seed_314_game_3,314,17,wolf
r2_validation_deception_adaptive,4,deception_adaptive,validation,validation_deception_adaptive_314_4,r2_validation_deception_adaptive_seed_314_game_4,314,18,wolf
r2_validation_deception_adaptive,5,deception_adaptive,validation,validation_deception_adaptive_314_5,r2_validation_deception_adaptive_seed_314_game_5,314,20,wolf
r2_validation_deception_adaptive,6,deception_adaptive,validation,validation_deception_adaptive_314_6,r2_validation_deception_adaptive_seed_314_game_6,314,26,village
r2_validation_deception_adaptive,7,deception_adaptive,validation,validation_deception_adaptive_314_7,r2_validation_deception_adaptive_seed_314_game_7,314,21,village
r2_validation_deception_adaptive,8,deception_adaptive,validation,validation_deception_adaptive_314_8,r2_validation_deception_adaptive_seed_314_game_8,314,24,village
r2_validation_deception_adaptive,9,deception_adaptive,validation,validation_deception_adaptive_314_9,r2_validation_deception_adaptive_seed_314_game_9,314,23,wolf
r2_validation_deception_adaptive,10,deception_adaptive,validation,validation_deception_adaptive_314_10,r2_validation_deception_adaptive_seed_314_game_10,314,24,village
r2_validation_trust_weighted_memory,1,trust_weighted_memory,validation,validation_trust_weighted_memory_314_1,r2_validation_trust_weighted_memory_seed_314_game_1,314,21,village
r2_validation_trust_weighted_memory,2,trust_weighted_memory,validation,validation_trust_weighted_memory_314_2,r2_validation_trust_weighted_memory_seed_314_game_2,314,24,village
r2_validation_trust_weighted_memory,3,trust_weighted_memory,validation,validation_trust_weighted_memory_314_3,r2_validation_trust_weighted_memory_seed_314_game_3,314,22,village
r2_validation_trust_weighted_memory,4,trust_weighted_memory,validation,validation_trust_weighted_memory_314_4,r2_validation_trust_weighted_memory_seed_314_game_4,314,21,wolf
r2_validation_trust_weighted_memory,5,trust_weighted_memory,validation,validation_trust_weighted_memory_314_5,r2_validation_trust_weighted_memory_seed_314_game_5,314,17,village
r2_validation_trust_weighted_memory,6,trust_weighted_memory,validation,validation_trust_weighted_memory_314_6,r2_validation_trust_weighted_memory_seed_314_game_6,314,17,wolf
r2_validation_trust_weighted_memory,7,trust_weighted_memory,validation,validation_trust_weighted_memory_314_7,r2_validation_trust_weighted_memory_seed_314_game_7,314,24,village
r2_validation_trust_weighted_memory,8,trust_weighted_memory,validation,validation_trust_weighted_memory_314_8,r2_validation_trust_weighted_memory_seed_314_game_8,314,18,wolf
r2_validation_trust_weighted_memory,9,trust_weighted_memory,validation,validation_trust_weighted_memory_314_9,r2_validation_trust_weighted_memory_seed_314_game_9,314,22,village
r2_validation_trust_weighted_memory,10,trust_weighted_memory,validation,validation_trust_weighted_memory_314_10,r2_validation_trust_weighted_memory_seed_314_game_10,314,24,wolf
r2_validation_random_vote_speech,1,random_vote_speech,validation,validation_random_vote_speech_314_1,r2_validation_random_vote_speech_seed_314_game_1,314,17,wolf
r2_validation_random_vote_speech,2,random_vote_speech,validation,validation_random_vote_speech_314_2,r2_validation_random_vote_speech_seed_314_game_2,314,17,wolf
r2_validation_random_vote_speech,3,random_vote_speech,validation,validation_random_vote_speech_314_3,r2_validation_random_vote_speech_seed_314_game_3,314,22,village
r2_validation_random_vote_speech,4,random_vote_speech,validation,validation_random_vote_speech_314_4,r2_validation_random_vote_speech_seed_314_game_4,314,25,village
r2_validation_random_vote_speech,5,random_vote_speech,validation,validation_random_vote_speech_314_5,r2_validation_random_vote_speech_seed_314_game_5,314,17,wolf
r2_validation_random_vote_speech,6,random_vote_speech,validation,validation_random_vote_speech_314_6,r2_validation_random_vote_speech_seed_314_game_6,314,17,wolf
r2_validation_random_vote_speech,7,random_vote_speech,validation,validation_random_vote_speech_314_7,r2_validation_random_vote_speech_seed_314_game_7,314,16,wolf
r2_validation_random_vote_speech,8,random_vote_speech,validation,validation_random_vote_speech_314_8,r2_validation_random_vote_speech_seed_314_game_8,314,21,wolf
r2_validation_random_vote_speech,9,random_vote_speech,validation,validation_random_vote_speech_314_9,r2_validation_random_vote_speech_seed_314_game_9,314,25,wolf
r2_validation_random_vote_speech,10,random_vote_speech,validation,validation_random_vote_speech_314_10,r2_validation_random_vote_speech_seed_314_game_10,314,17,village
r2_final_test_balanced_social,1,balanced_social,final_test,final_test_balanced_social_315_1,r2_final_test_balanced_social_seed_315_game_1,315,22,wolf
r2_final_test_balanced_social,2,balanced_social,final_test,final_test_balanced_social_315_2,r2_final_test_balanced_social_seed_315_game_2,315,24,wolf
r2_final_test_balanced_social,3,balanced_social,final_test,final_test_balanced_social_315_3,r2_final_test_balanced_social_seed_315_game_3,315,26,village
r2_final_test_balanced_social,4,balanced_social,final_test,final_test_balanced_social_315_4,r2_final_test_balanced_social_seed_315_game_4,315,25,wolf
r2_final_test_balanced_social,5,balanced_social,final_test,final_test_balanced_social_315_5,r2_final_test_balanced_social_seed_315_game_5,315,25,village
r2_final_test_balanced_social,6,balanced_social,final_test,final_test_balanced_social_315_6,r2_final_test_balanced_social_seed_315_game_6,315,18,wolf
r2_final_test_balanced_social,7,balanced_social,final_test,final_test_balanced_social_315_7,r2_final_test_balanced_social_seed_315_game_7,315,17,village
r2_final_test_balanced_social,8,balanced_social,final_test,final_test_balanced_social_315_8,r2_final_test_balanced_social_seed_315_game_8,315,26,village
r2_final_test_balanced_social,9,balanced_social,final_test,final_test_balanced_social_315_9,r2_final_test_balanced_social_seed_315_game_9,315,22,wolf
r2_final_test_balanced_social,10,balanced_social,final_test,final_test_balanced_social_315_10,r2_final_test_balanced_social_seed_315_game_10,315,13,village
r2_final_test_deception_adaptive,1,deception_adaptive,final_test,final_test_deception_adaptive_315_1,r2_final_test_deception_adaptive_seed_315_game_1,315,21,wolf
r2_final_test_deception_adaptive,2,deception_adaptive,final_test,final_test_deception_adaptive_315_2,r2_final_test_deception_adaptive_seed_315_game_2,315,17,wolf
r2_final_test_deception_adaptive,3,deception_adaptive,final_test,final_test_deception_adaptive_315_3,r2_final_test_deception_adaptive_seed_315_game_3,315,22,wolf
r2_final_test_deception_adaptive,4,deception_adaptive,final_test,final_test_deception_adaptive_315_4,r2_final_test_deception_adaptive_seed_315_game_4,315,21,wolf
r2_final_test_deception_adaptive,5,deception_adaptive,final_test,final_test_deception_adaptive_315_5,r2_final_test_deception_adaptive_seed_315_game_5,315,9,wolf
r2_final_test_deception_adaptive,6,deception_adaptive,final_test,final_test_deception_adaptive_315_6,r2_final_test_deception_adaptive_seed_315_game_6,315,18,wolf
r2_final_test_deception_adaptive,7,deception_adaptive,final_test,final_test_deception_adaptive_315_7,r2_final_test_deception_adaptive_seed_315_game_7,315,17,wolf
r2_final_test_deception_adaptive,8,deception_adaptive,final_test,final_test_deception_adaptive_315_8,r2_final_test_deception_adaptive_seed_315_game_8,315,22,wolf
r2_final_test_deception_adaptive,9,deception_adaptive,final_test,final_test_deception_adaptive_315_9,r2_final_test_deception_adaptive_seed_315_game_9,315,16,wolf
r2_final_test_deception_adaptive,10,deception_adaptive,final_test,final_test_deception_adaptive_315_10,r2_final_test_deception_adaptive_seed_315_game_10,315,18,wolf
r2_final_test_trust_weighted_memory,1,trust_weighted_memory,final_test,final_test_trust_weighted_memory_315_1,r2_final_test_trust_weighted_memory_seed_315_game_1,315,17,wolf
r2_final_test_trust_weighted_memory,2,trust_weighted_memory,final_test,final_test_trust_weighted_memory_315_2,r2_final_test_trust_weighted_memory_seed_315_game_2,315,28,village
r2_final_test_trust_weighted_memory,3,trust_weighted_memory,final_test,final_test_trust_weighted_memory_315_3,r2_final_test_trust_weighted_memory_seed_315_game_3,315,17,village
r2_final_test_trust_weighted_memory,4,trust_weighted_memory,final_test,final_test_trust_weighted_memory_315_4,r2_final_test_trust_weighted_memory_seed_315_game_4,315,26,village
r2_final_test_trust_weighted_memory,5,trust_weighted_memory,final_test,final_test_trust_weighted_memory_315_5,r2_final_test_trust_weighted_memory_seed_315_game_5,315,26,village
r2_final_test_trust_weighted_memory,6,trust_weighted_memory,final_test,final_test_trust_weighted_memory_315_6,r2_final_test_trust_weighted_memory_seed_315_game_6,315,22,wolf
r2_final_test_trust_weighted_memory,7,trust_weighted_memory,final_test,final_test_trust_weighted_memory_315_7,r2_final_test_trust_weighted_memory_seed_315_game_7,315,22,wolf
r2_final_test_trust_weighted_memory,8,trust_weighted_memory,final_test,final_test_trust_weighted_memory_315_8,r2_final_test_trust_weighted_memory_seed_315_game_8,315,18,wolf
r2_final_test_trust_weighted_memory,9,trust_weighted_memory,final_test,final_test_trust_weighted_memory_315_9,r2_final_test_trust_weighted_memory_seed_315_game_9,315,17,village
r2_final_test_trust_weighted_memory,10,trust_weighted_memory,final_test,final_test_trust_weighted_memory_315_10,r2_final_test_trust_weighted_memory_seed_315_game_10,315,27,village
r2_final_test_random_vote_speech,1,random_vote_speech,final_test,final_test_random_vote_speech_315_1,r2_final_test_random_vote_speech_seed_315_game_1,315,16,wolf
r2_final_test_random_vote_speech,2,random_vote_speech,final_test,final_test_random_vote_speech_315_2,r2_final_test_random_vote_speech_seed_315_game_2,315,17,wolf
r2_final_test_random_vote_speech,3,random_vote_speech,final_test,final_test_random_vote_speech_315_3,r2_final_test_random_vote_speech_seed_315_game_3,315,22,wolf
r2_final_test_random_vote_speech,4,random_vote_speech,final_test,final_test_random_vote_speech_315_4,r2_final_test_random_vote_speech_seed_315_game_4,315,25,village
r2_final_test_random_vote_speech,5,random_vote_speech,final_test,final_test_random_vote_speech_315_5,r2_final_test_random_vote_speech_seed_315_game_5,315,18,wolf
r2_final_test_random_vote_speech,6,random_vote_speech,final_test,final_test_random_vote_speech_315_6,r2_final_test_random_vote_speech_seed_315_game_6,315,16,wolf
r2_final_test_random_vote_speech,7,random_vote_speech,final_test,final_test_random_vote_speech_315_7,r2_final_test_random_vote_speech_seed_315_game_7,315,21,wolf
r2_final_test_random_vote_speech,8,random_vote_speech,final_test,final_test_random_vote_speech_315_8,r2_final_test_random_vote_speech_seed_315_game_8,315,22,wolf
r2_final_test_random_vote_speech,9,random_vote_speech,final_test,final_test_random_vote_speech_315_9,r2_final_test_random_vote_speech_seed_315_game_9,315,21,wolf
r2_final_test_random_vote_speech,10,random_vote_speech,final_test,final_test_random_vote_speech_315_10,r2_final_test_random_vote_speech_seed_315_game_10,315,18,wolf
r2_final_test_balanced_social,1,balanced_social,final_test,final_test_balanced_social_316_1,r2_final_test_balanced_social_seed_316_game_1,316,24,village
r2_final_test_balanced_social,2,balanced_social,final_test,final_test_balanced_social_316_2,r2_final_test_balanced_social_seed_316_game_2,316,21,village
r2_final_test_balanced_social,3,balanced_social,final_test,final_test_balanced_social_316_3,r2_final_test_balanced_social_seed_316_game_3,316,17,wolf
r2_final_test_balanced_social,4,balanced_social,final_test,final_test_balanced_social_316_4,r2_final_test_balanced_social_seed_316_game_4,316,16,wolf
r2_final_test_balanced_social,5,balanced_social,final_test,final_test_balanced_social_316_5,r2_final_test_balanced_social_seed_316_game_5,316,23,wolf
r2_final_test_balanced_social,6,balanced_social,final_test,final_test_balanced_social_316_6,r2_final_test_balanced_social_seed_316_game_6,316,23,wolf
r2_final_test_balanced_social,7,balanced_social,final_test,final_test_balanced_social_316_7,r2_final_test_balanced_social_seed_316_game_7,316,17,wolf
r2_final_test_balanced_social,8,balanced_social,final_test,final_test_balanced_social_316_8,r2_final_test_balanced_social_seed_316_game_8,316,22,wolf
r2_final_test_balanced_social,9,balanced_social,final_test,final_test_balanced_social_316_9,r2_final_test_balanced_social_seed_316_game_9,316,24,village
r2_final_test_balanced_social,10,balanced_social,final_test,final_test_balanced_social_316_10,r2_final_test_balanced_social_seed_316_game_10,316,23,wolf
r2_final_test_deception_adaptive,1,deception_adaptive,final_test,final_test_deception_adaptive_316_1,r2_final_test_deception_adaptive_seed_316_game_1,316,25,village
r2_final_test_deception_adaptive,2,deception_adaptive,final_test,final_test_deception_adaptive_316_2,r2_final_test_deception_adaptive_seed_316_game_2,316,16,wolf
r2_final_test_deception_adaptive,3,deception_adaptive,final_test,final_test_deception_adaptive_316_3,r2_final_test_deception_adaptive_seed_316_game_3,316,21,wolf
r2_final_test_deception_adaptive,4,deception_adaptive,final_test,final_test_deception_adaptive_316_4,r2_final_test_deception_adaptive_seed_316_game_4,316,17,village
r2_final_test_deception_adaptive,5,deception_adaptive,final_test,final_test_deception_adaptive_316_5,r2_final_test_deception_adaptive_seed_316_game_5,316,26,village
r2_final_test_deception_adaptive,6,deception_adaptive,final_test,final_test_deception_adaptive_316_6,r2_final_test_deception_adaptive_seed_316_game_6,316,22,village
r2_final_test_deception_adaptive,7,deception_adaptive,final_test,final_test_deception_adaptive_316_7,r2_final_test_deception_adaptive_seed_316_game_7,316,13,wolf
r2_final_test_deception_adaptive,8,deception_adaptive,final_test,final_test_deception_adaptive_316_8,r2_final_test_deception_adaptive_seed_316_game_8,316,10,wolf
r2_final_test_deception_adaptive,9,deception_adaptive,final_test,final_test_deception_adaptive_316_9,r2_final_test_deception_adaptive_seed_316_game_9,316,17,wolf
r2_final_test_deception_adaptive,10,deception_adaptive,final_test,final_test_deception_adaptive_316_10,r2_final_test_deception_adaptive_seed_316_game_10,316,22,wolf
r2_final_test_trust_weighted_memory,1,trust_weighted_memory,final_test,final_test_trust_weighted_memory_316_1,r2_final_test_trust_weighted_memory_seed_316_game_1,316,26,wolf
r2_final_test_trust_weighted_memory,2,trust_weighted_memory,final_test,final_test_trust_weighted_memory_316_2,r2_final_test_trust_weighted_memory_seed_316_game_2,316,9,wolf
r2_final_test_trust_weighted_memory,3,trust_weighted_memory,final_test,final_test_trust_weighted_memory_316_3,r2_final_test_trust_weighted_memory_seed_316_game_3,316,16,wolf
r2_final_test_trust_weighted_memory,4,trust_weighted_memory,final_test,final_test_trust_weighted_memory_316_4,r2_final_test_trust_weighted_memory_seed_316_game_4,316,24,village
r2_final_test_trust_weighted_memory,5,trust_weighted_memory,final_test,final_test_trust_weighted_memory_316_5,r2_final_test_trust_weighted_memory_seed_316_game_5,316,27,village
r2_final_test_trust_weighted_memory,6,trust_weighted_memory,final_test,final_test_trust_weighted_memory_316_6,r2_final_test_trust_weighted_memory_seed_316_game_6,316,15,wolf
r2_final_test_trust_weighted_memory,7,trust_weighted_memory,final_test,final_test_trust_weighted_memory_316_7,r2_final_test_trust_weighted_memory_seed_316_game_7,316,23,wolf
r2_final_test_trust_weighted_memory,8,trust_weighted_memory,final_test,final_test_trust_weighted_memory_316_8,r2_final_test_trust_weighted_memory_seed_316_game_8,316,24,village
r2_final_test_trust_weighted_memory,9,trust_weighted_memory,final_test,final_test_trust_weighted_memory_316_9,r2_final_test_trust_weighted_memory_seed_316_game_9,316,18,wolf
r2_final_test_trust_weighted_memory,10,trust_weighted_memory,final_test,final_test_trust_weighted_memory_316_10,r2_final_test_trust_weighted_memory_seed_316_game_10,316,21,village
r2_final_test_random_vote_speech,1,random_vote_speech,final_test,final_test_random_vote_speech_316_1,r2_final_test_random_vote_speech_seed_316_game_1,316,13,wolf
r2_final_test_random_vote_speech,2,random_vote_speech,final_test,final_test_random_vote_speech_316_2,r2_final_test_random_vote_speech_seed_316_game_2,316,23,village
r2_final_test_random_vote_speech,3,random_vote_speech,final_test,final_test_random_vote_speech_316_3,r2_final_test_random_vote_speech_seed_316_game_3,316,17,village
r2_final_test_random_vote_speech,4,random_vote_speech,final_test,final_test_random_vote_speech_316_4,r2_final_test_random_vote_speech_seed_316_game_4,316,25,wolf
r2_final_test_random_vote_speech,5,random_vote_speech,final_test,final_test_random_vote_speech_316_5,r2_final_test_random_vote_speech_seed_316_game_5,316,17,wolf
r2_final_test_random_vote_speech,6,random_vote_speech,final_test,final_test_random_vote_speech_316_6,r2_final_test_random_vote_speech_seed_316_game_6,316,18,village
r2_final_test_random_vote_speech,7,random_vote_speech,final_test,final_test_random_vote_speech_316_7,r2_final_test_random_vote_speech_seed_316_game_7,316,14,wolf
r2_final_test_random_vote_speech,8,random_vote_speech,final_test,final_test_random_vote_speech_316_8,r2_final_test_random_vote_speech_seed_316_game_8,316,17,wolf
r2_final_test_random_vote_speech,9,random_vote_speech,final_test,final_test_random_vote_speech_316_9,r2_final_test_random_vote_speech_seed_316_game_9,316,10,village
r2_final_test_random_vote_speech,10,random_vote_speech,final_test,final_test_random_vote_speech_316_10,r2_final_test_random_vote_speech_seed_316_game_10,316,19,wolf
r2_final_test_balanced_social,1,balanced_social,final_test,final_test_balanced_social_317_1,r2_final_test_balanced_social_seed_317_game_1,317,17,wolf
r2_final_test_balanced_social,2,balanced_social,final_test,final_test_balanced_social_317_2,r2_final_test_balanced_social_seed_317_game_2,317,28,village
r2_final_test_balanced_social,3,balanced_social,final_test,final_test_balanced_social_317_3,r2_final_test_balanced_social_seed_317_game_3,317,22,village
r2_final_test_balanced_social,4,balanced_social,final_test,final_test_balanced_social_317_4,r2_final_test_balanced_social_seed_317_game_4,317,18,wolf
r2_final_test_balanced_social,5,balanced_social,final_test,final_test_balanced_social_317_5,r2_final_test_balanced_social_seed_317_game_5,317,24,village
r2_final_test_balanced_social,6,balanced_social,final_test,final_test_balanced_social_317_6,r2_final_test_balanced_social_seed_317_game_6,317,20,wolf
r2_final_test_balanced_social,7,balanced_social,final_test,final_test_balanced_social_317_7,r2_final_test_balanced_social_seed_317_game_7,317,25,wolf
r2_final_test_balanced_social,8,balanced_social,final_test,final_test_balanced_social_317_8,r2_final_test_balanced_social_seed_317_game_8,317,23,wolf
r2_final_test_balanced_social,9,balanced_social,final_test,final_test_balanced_social_317_9,r2_final_test_balanced_social_seed_317_game_9,317,18,wolf
r2_final_test_balanced_social,10,balanced_social,final_test,final_test_balanced_social_317_10,r2_final_test_balanced_social_seed_317_game_10,317,16,wolf
r2_final_test_deception_adaptive,1,deception_adaptive,final_test,final_test_deception_adaptive_317_1,r2_final_test_deception_adaptive_seed_317_game_1,317,24,village
r2_final_test_deception_adaptive,2,deception_adaptive,final_test,final_test_deception_adaptive_317_2,r2_final_test_deception_adaptive_seed_317_game_2,317,21,wolf
r2_final_test_deception_adaptive,3,deception_adaptive,final_test,final_test_deception_adaptive_317_3,r2_final_test_deception_adaptive_seed_317_game_3,317,10,wolf
r2_final_test_deception_adaptive,4,deception_adaptive,final_test,final_test_deception_adaptive_317_4,r2_final_test_deception_adaptive_seed_317_game_4,317,18,village
r2_final_test_deception_adaptive,5,deception_adaptive,final_test,final_test_deception_adaptive_317_5,r2_final_test_deception_adaptive_seed_317_game_5,317,26,wolf
r2_final_test_deception_adaptive,6,deception_adaptive,final_test,final_test_deception_adaptive_317_6,r2_final_test_deception_adaptive_seed_317_game_6,317,15,wolf
r2_final_test_deception_adaptive,7,deception_adaptive,final_test,final_test_deception_adaptive_317_7,r2_final_test_deception_adaptive_seed_317_game_7,317,24,village
r2_final_test_deception_adaptive,8,deception_adaptive,final_test,final_test_deception_adaptive_317_8,r2_final_test_deception_adaptive_seed_317_game_8,317,17,wolf
r2_final_test_deception_adaptive,9,deception_adaptive,final_test,final_test_deception_adaptive_317_9,r2_final_test_deception_adaptive_seed_317_game_9,317,22,village
r2_final_test_deception_adaptive,10,deception_adaptive,final_test,final_test_deception_adaptive_317_10,r2_final_test_deception_adaptive_seed_317_game_10,317,22,wolf
r2_final_test_trust_weighted_memory,1,trust_weighted_memory,final_test,final_test_trust_weighted_memory_317_1,r2_final_test_trust_weighted_memory_seed_317_game_1,317,26,village
r2_final_test_trust_weighted_memory,2,trust_weighted_memory,final_test,final_test_trust_weighted_memory_317_2,r2_final_test_trust_weighted_memory_seed_317_game_2,317,27,village
r2_final_test_trust_weighted_memory,3,trust_weighted_memory,final_test,final_test_trust_weighted_memory_317_3,r2_final_test_trust_weighted_memory_seed_317_game_3,317,24,wolf
r2_final_test_trust_weighted_memory,4,trust_weighted_memory,final_test,final_test_trust_weighted_memory_317_4,r2_final_test_trust_weighted_memory_seed_317_game_4,317,19,village
r2_final_test_trust_weighted_memory,5,trust_weighted_memory,final_test,final_test_trust_weighted_memory_317_5,r2_final_test_trust_weighted_memory_seed_317_game_5,317,23,wolf
r2_final_test_trust_weighted_memory,6,trust_weighted_memory,final_test,final_test_trust_weighted_memory_317_6,r2_final_test_trust_weighted_memory_seed_317_game_6,317,23,wolf
r2_final_test_trust_weighted_memory,7,trust_weighted_memory,final_test,final_test_trust_weighted_memory_317_7,r2_final_test_trust_weighted_memory_seed_317_game_7,317,24,wolf
r2_final_test_trust_weighted_memory,8,trust_weighted_memory,final_test,final_test_trust_weighted_memory_317_8,r2_final_test_trust_weighted_memory_seed_317_game_8,317,25,village
r2_final_test_trust_weighted_memory,9,trust_weighted_memory,final_test,final_test_trust_weighted_memory_317_9,r2_final_test_trust_weighted_memory_seed_317_game_9,317,17,wolf
r2_final_test_trust_weighted_memory,10,trust_weighted_memory,final_test,final_test_trust_weighted_memory_317_10,r2_final_test_trust_weighted_memory_seed_317_game_10,317,26,village
r2_final_test_random_vote_speech,1,random_vote_speech,final_test,final_test_random_vote_speech_317_1,r2_final_test_random_vote_speech_seed_317_game_1,317,22,wolf
r2_final_test_random_vote_speech,2,random_vote_speech,final_test,final_test_random_vote_speech_317_2,r2_final_test_random_vote_speech_seed_317_game_2,317,18,wolf
r2_final_test_random_vote_speech,3,random_vote_speech,final_test,final_test_random_vote_speech_317_3,r2_final_test_random_vote_speech_seed_317_game_3,317,21,wolf
r2_final_test_random_vote_speech,4,random_vote_speech,final_test,final_test_random_vote_speech_317_4,r2_final_test_random_vote_speech_seed_317_game_4,317,18,wolf
r2_final_test_random_vote_speech,5,random_vote_speech,final_test,final_test_random_vote_speech_317_5,r2_final_test_random_vote_speech_seed_317_game_5,317,17,wolf
r2_final_test_random_vote_speech,6,random_vote_speech,final_test,final_test_random_vote_speech_317_6,r2_final_test_random_vote_speech_seed_317_game_6,317,22,wolf
r2_final_test_random_vote_speech,7,random_vote_speech,final_test,final_test_random_vote_speech_317_7,r2_final_test_random_vote_speech_seed_317_game_7,317,25,wolf
r2_final_test_random_vote_speech,8,random_vote_speech,final_test,final_test_random_vote_speech_317_8,r2_final_test_random_vote_speech_seed_317_game_8,317,23,village
r2_final_test_random_vote_speech,9,random_vote_speech,final_test,final_test_random_vote_speech_317_9,r2_final_test_random_vote_speech_seed_317_game_9,317,21,wolf
r2_final_test_random_vote_speech,10,random_vote_speech,final_test,final_test_random_vote_speech_317_10,r2_final_test_random_vote_speech_seed_317_game_10,317,16,wolf
r2_final_test_balanced_social,1,balanced_social,final_test,final_test_balanced_social_318_1,r2_final_test_balanced_social_seed_318_game_1,318,17,wolf
r2_final_test_balanced_social,2,balanced_social,final_test,final_test_balanced_social_318_2,r2_final_test_balanced_social_seed_318_game_2,318,21,wolf
r2_final_test_balanced_social,3,balanced_social,final_test,final_test_balanced_social_318_3,r2_final_test_balanced_social_seed_318_game_3,318,28,wolf
r2_final_test_balanced_social,4,balanced_social,final_test,final_test_balanced_social_318_4,r2_final_test_balanced_social_seed_318_game_4,318,26,wolf
r2_final_test_balanced_social,5,balanced_social,final_test,final_test_balanced_social_318_5,r2_final_test_balanced_social_seed_318_game_5,318,18,wolf
r2_final_test_balanced_social,6,balanced_social,final_test,final_test_balanced_social_318_6,r2_final_test_balanced_social_seed_318_game_6,318,27,village
r2_final_test_balanced_social,7,balanced_social,final_test,final_test_balanced_social_318_7,r2_final_test_balanced_social_seed_318_game_7,318,17,wolf
r2_final_test_balanced_social,8,balanced_social,final_test,final_test_balanced_social_318_8,r2_final_test_balanced_social_seed_318_game_8,318,25,wolf
r2_final_test_balanced_social,9,balanced_social,final_test,final_test_balanced_social_318_9,r2_final_test_balanced_social_seed_318_game_9,318,20,wolf
r2_final_test_balanced_social,10,balanced_social,final_test,final_test_balanced_social_318_10,r2_final_test_balanced_social_seed_318_game_10,318,24,wolf
r2_final_test_deception_adaptive,1,deception_adaptive,final_test,final_test_deception_adaptive_318_1,r2_final_test_deception_adaptive_seed_318_game_1,318,27,village
r2_final_test_deception_adaptive,2,deception_adaptive,final_test,final_test_deception_adaptive_318_2,r2_final_test_deception_adaptive_seed_318_game_2,318,23,wolf
r2_final_test_deception_adaptive,3,deception_adaptive,final_test,final_test_deception_adaptive_318_3,r2_final_test_deception_adaptive_seed_318_game_3,318,19,wolf
r2_final_test_deception_adaptive,4,deception_adaptive,final_test,final_test_deception_adaptive_318_4,r2_final_test_deception_adaptive_seed_318_game_4,318,22,village
r2_final_test_deception_adaptive,5,deception_adaptive,final_test,final_test_deception_adaptive_318_5,r2_final_test_deception_adaptive_seed_318_game_5,318,24,wolf
r2_final_test_deception_adaptive,6,deception_adaptive,final_test,final_test_deception_adaptive_318_6,r2_final_test_deception_adaptive_seed_318_game_6,318,26,wolf
r2_final_test_deception_adaptive,7,deception_adaptive,final_test,final_test_deception_adaptive_318_7,r2_final_test_deception_adaptive_seed_318_game_7,318,24,wolf
r2_final_test_deception_adaptive,8,deception_adaptive,final_test,final_test_deception_adaptive_318_8,r2_final_test_deception_adaptive_seed_318_game_8,318,14,wolf
r2_final_test_deception_adaptive,9,deception_adaptive,final_test,final_test_deception_adaptive_318_9,r2_final_test_deception_adaptive_seed_318_game_9,318,17,village
r2_final_test_deception_adaptive,10,deception_adaptive,final_test,final_test_deception_adaptive_318_10,r2_final_test_deception_adaptive_seed_318_game_10,318,14,wolf
r2_final_test_trust_weighted_memory,1,trust_weighted_memory,final_test,final_test_trust_weighted_memory_318_1,r2_final_test_trust_weighted_memory_seed_318_game_1,318,23,wolf
r2_final_test_trust_weighted_memory,2,trust_weighted_memory,final_test,final_test_trust_weighted_memory_318_2,r2_final_test_trust_weighted_memory_seed_318_game_2,318,19,village
r2_final_test_trust_weighted_memory,3,trust_weighted_memory,final_test,final_test_trust_weighted_memory_318_3,r2_final_test_trust_weighted_memory_seed_318_game_3,318,17,wolf
r2_final_test_trust_weighted_memory,4,trust_weighted_memory,final_test,final_test_trust_weighted_memory_318_4,r2_final_test_trust_weighted_memory_seed_318_game_4,318,23,wolf
r2_final_test_trust_weighted_memory,5,trust_weighted_memory,final_test,final_test_trust_weighted_memory_318_5,r2_final_test_trust_weighted_memory_seed_318_game_5,318,9,wolf
r2_final_test_trust_weighted_memory,6,trust_weighted_memory,final_test,final_test_trust_weighted_memory_318_6,r2_final_test_trust_weighted_memory_seed_318_game_6,318,16,wolf
r2_final_test_trust_weighted_memory,7,trust_weighted_memory,final_test,final_test_trust_weighted_memory_318_7,r2_final_test_trust_weighted_memory_seed_318_game_7,318,22,village
r2_final_test_trust_weighted_memory,8,trust_weighted_memory,final_test,final_test_trust_weighted_memory_318_8,r2_final_test_trust_weighted_memory_seed_318_game_8,318,25,village
r2_final_test_trust_weighted_memory,9,trust_weighted_memory,final_test,final_test_trust_weighted_memory_318_9,r2_final_test_trust_weighted_memory_seed_318_game_9,318,17,wolf
r2_final_test_trust_weighted_memory,10,trust_weighted_memory,final_test,final_test_trust_weighted_memory_318_10,r2_final_test_trust_weighted_memory_seed_318_game_10,318,16,wolf
r2_final_test_random_vote_speech,1,random_vote_speech,final_test,final_test_random_vote_speech_318_1,r2_final_test_random_vote_speech_seed_318_game_1,318,16,wolf
r2_final_test_random_vote_speech,2,random_vote_speech,final_test,final_test_random_vote_speech_318_2,r2_final_test_random_vote_speech_seed_318_game_2,318,17,village
r2_final_test_random_vote_speech,3,random_vote_speech,final_test,final_test_random_vote_speech_318_3,r2_final_test_random_vote_speech_seed_318_game_3,318,21,village
r2_final_test_random_vote_speech,4,random_vote_speech,final_test,final_test_random_vote_speech_318_4,r2_final_test_random_vote_speech_seed_318_game_4,318,21,wolf
r2_final_test_random_vote_speech,5,random_vote_speech,final_test,final_test_random_vote_speech_318_5,r2_final_test_random_vote_speech_seed_318_game_5,318,10,wolf
r2_final_test_random_vote_speech,6,random_vote_speech,final_test,final_test_random_vote_speech_318_6,r2_final_test_random_vote_speech_seed_318_game_6,318,24,wolf
r2_final_test_random_vote_speech,7,random_vote_speech,final_test,final_test_random_vote_speech_318_7,r2_final_test_random_vote_speech_seed_318_game_7,318,15,wolf
r2_final_test_random_vote_speech,8,random_vote_speech,final_test,final_test_random_vote_speech_318_8,r2_final_test_random_vote_speech_seed_318_game_8,318,22,wolf
r2_final_test_random_vote_speech,9,random_vote_speech,final_test,final_test_random_vote_speech_318_9,r2_final_test_random_vote_speech_seed_318_game_9,318,24,wolf
r2_final_test_random_vote_speech,10,random_vote_speech,final_test,final_test_random_vote_speech_318_10,r2_final_test_random_vote_speech_seed_318_game_10,318,21,wolf
r2_final_test_balanced_social,1,balanced_social,final_test,final_test_balanced_social_319_1,r2_final_test_balanced_social_seed_319_game_1,319,27,wolf
r2_final_test_balanced_social,2,balanced_social,final_test,final_test_balanced_social_319_2,r2_final_test_balanced_social_seed_319_game_2,319,28,wolf
r2_final_test_balanced_social,3,balanced_social,final_test,final_test_balanced_social_319_3,r2_final_test_balanced_social_seed_319_game_3,319,26,village
r2_final_test_balanced_social,4,balanced_social,final_test,final_test_balanced_social_319_4,r2_final_test_balanced_social_seed_319_game_4,319,26,wolf
r2_final_test_balanced_social,5,balanced_social,final_test,final_test_balanced_social_319_5,r2_final_test_balanced_social_seed_319_game_5,319,19,wolf
r2_final_test_balanced_social,6,balanced_social,final_test,final_test_balanced_social_319_6,r2_final_test_balanced_social_seed_319_game_6,319,21,wolf
r2_final_test_balanced_social,7,balanced_social,final_test,final_test_balanced_social_319_7,r2_final_test_balanced_social_seed_319_game_7,319,21,wolf
r2_final_test_balanced_social,8,balanced_social,final_test,final_test_balanced_social_319_8,r2_final_test_balanced_social_seed_319_game_8,319,17,wolf
r2_final_test_balanced_social,9,balanced_social,final_test,final_test_balanced_social_319_9,r2_final_test_balanced_social_seed_319_game_9,319,22,wolf
r2_final_test_balanced_social,10,balanced_social,final_test,final_test_balanced_social_319_10,r2_final_test_balanced_social_seed_319_game_10,319,28,wolf
r2_final_test_deception_adaptive,1,deception_adaptive,final_test,final_test_deception_adaptive_319_1,r2_final_test_deception_adaptive_seed_319_game_1,319,18,village
r2_final_test_deception_adaptive,2,deception_adaptive,final_test,final_test_deception_adaptive_319_2,r2_final_test_deception_adaptive_seed_319_game_2,319,23,wolf
r2_final_test_deception_adaptive,3,deception_adaptive,final_test,final_test_deception_adaptive_319_3,r2_final_test_deception_adaptive_seed_319_game_3,319,14,village
r2_final_test_deception_adaptive,4,deception_adaptive,final_test,final_test_deception_adaptive_319_4,r2_final_test_deception_adaptive_seed_319_game_4,319,27,village
r2_final_test_deception_adaptive,5,deception_adaptive,final_test,final_test_deception_adaptive_319_5,r2_final_test_deception_adaptive_seed_319_game_5,319,24,village
r2_final_test_deception_adaptive,6,deception_adaptive,final_test,final_test_deception_adaptive_319_6,r2_final_test_deception_adaptive_seed_319_game_6,319,23,wolf
r2_final_test_deception_adaptive,7,deception_adaptive,final_test,final_test_deception_adaptive_319_7,r2_final_test_deception_adaptive_seed_319_game_7,319,26,village
r2_final_test_deception_adaptive,8,deception_adaptive,final_test,final_test_deception_adaptive_319_8,r2_final_test_deception_adaptive_seed_319_game_8,319,26,village
r2_final_test_deception_adaptive,9,deception_adaptive,final_test,final_test_deception_adaptive_319_9,r2_final_test_deception_adaptive_seed_319_game_9,319,22,village
r2_final_test_deception_adaptive,10,deception_adaptive,final_test,final_test_deception_adaptive_319_10,r2_final_test_deception_adaptive_seed_319_game_10,319,16,wolf
r2_final_test_trust_weighted_memory,1,trust_weighted_memory,final_test,final_test_trust_weighted_memory_319_1,r2_final_test_trust_weighted_memory_seed_319_game_1,319,17,wolf
r2_final_test_trust_weighted_memory,2,trust_weighted_memory,final_test,final_test_trust_weighted_memory_319_2,r2_final_test_trust_weighted_memory_seed_319_game_2,319,16,wolf
r2_final_test_trust_weighted_memory,3,trust_weighted_memory,final_test,final_test_trust_weighted_memory_319_3,r2_final_test_trust_weighted_memory_seed_319_game_3,319,17,wolf
r2_final_test_trust_weighted_memory,4,trust_weighted_memory,final_test,final_test_trust_weighted_memory_319_4,r2_final_test_trust_weighted_memory_seed_319_game_4,319,22,wolf
r2_final_test_trust_weighted_memory,5,trust_weighted_memory,final_test,final_test_trust_weighted_memory_319_5,r2_final_test_trust_weighted_memory_seed_319_game_5,319,27,village
r2_final_test_trust_weighted_memory,6,trust_weighted_memory,final_test,final_test_trust_weighted_memory_319_6,r2_final_test_trust_weighted_memory_seed_319_game_6,319,18,wolf
r2_final_test_trust_weighted_memory,7,trust_weighted_memory,final_test,final_test_trust_weighted_memory_319_7,r2_final_test_trust_weighted_memory_seed_319_game_7,319,26,village
r2_final_test_trust_weighted_memory,8,trust_weighted_memory,final_test,final_test_trust_weighted_memory_319_8,r2_final_test_trust_weighted_memory_seed_319_game_8,319,15,wolf
r2_final_test_trust_weighted_memory,9,trust_weighted_memory,final_test,final_test_trust_weighted_memory_319_9,r2_final_test_trust_weighted_memory_seed_319_game_9,319,16,wolf
r2_final_test_trust_weighted_memory,10,trust_weighted_memory,final_test,final_test_trust_weighted_memory_319_10,r2_final_test_trust_weighted_memory_seed_319_game_10,319,24,wolf
r2_final_test_random_vote_speech,1,random_vote_speech,final_test,final_test_random_vote_speech_319_1,r2_final_test_random_vote_speech_seed_319_game_1,319,26,wolf
r2_final_test_random_vote_speech,2,random_vote_speech,final_test,final_test_random_vote_speech_319_2,r2_final_test_random_vote_speech_seed_319_game_2,319,16,wolf
r2_final_test_random_vote_speech,3,random_vote_speech,final_test,final_test_random_vote_speech_319_3,r2_final_test_random_vote_speech_seed_319_game_3,319,25,wolf
r2_final_test_random_vote_speech,4,random_vote_speech,final_test,final_test_random_vote_speech_319_4,r2_final_test_random_vote_speech_seed_319_game_4,319,16,wolf
r2_final_test_random_vote_speech,5,random_vote_speech,final_test,final_test_random_vote_speech_319_5,r2_final_test_random_vote_speech_seed_319_game_5,319,16,wolf
r2_final_test_random_vote_speech,6,random_vote_speech,final_test,final_test_random_vote_speech_319_6,r2_final_test_random_vote_speech_seed_319_game_6,319,16,wolf
r2_final_test_random_vote_speech,7,random_vote_speech,final_test,final_test_random_vote_speech_319_7,r2_final_test_random_vote_speech_seed_319_game_7,319,21,wolf
r2_final_test_random_vote_speech,8,random_vote_speech,final_test,final_test_random_vote_speech_319_8,r2_final_test_random_vote_speech_seed_319_game_8,319,28,wolf
r2_final_test_random_vote_speech,9,random_vote_speech,final_test,final_test_random_vote_speech_319_9,r2_final_test_random_vote_speech_seed_319_game_9,319,15,wolf
r2_final_test_random_vote_speech,10,random_vote_speech,final_test,final_test_random_vote_speech_319_10,r2_final_test_random_vote_speech_seed_319_game_10,319,23,wolf
r2_final_test_balanced_social,1,balanced_social,final_test,final_test_balanced_social_320_1,r2_final_test_balanced_social_seed_320_game_1,320,16,wolf
r2_final_test_balanced_social,2,balanced_social,final_test,final_test_balanced_social_320_2,r2_final_test_balanced_social_seed_320_game_2,320,24,wolf
r2_final_test_balanced_social,3,balanced_social,final_test,final_test_balanced_social_320_3,r2_final_test_balanced_social_seed_320_game_3,320,18,wolf
r2_final_test_balanced_social,4,balanced_social,final_test,final_test_balanced_social_320_4,r2_final_test_balanced_social_seed_320_game_4,320,23,wolf
r2_final_test_balanced_social,5,balanced_social,final_test,final_test_balanced_social_320_5,r2_final_test_balanced_social_seed_320_game_5,320,17,wolf
r2_final_test_balanced_social,6,balanced_social,final_test,final_test_balanced_social_320_6,r2_final_test_balanced_social_seed_320_game_6,320,23,wolf
r2_final_test_balanced_social,7,balanced_social,final_test,final_test_balanced_social_320_7,r2_final_test_balanced_social_seed_320_game_7,320,17,wolf
r2_final_test_balanced_social,8,balanced_social,final_test,final_test_balanced_social_320_8,r2_final_test_balanced_social_seed_320_game_8,320,22,village
r2_final_test_balanced_social,9,balanced_social,final_test,final_test_balanced_social_320_9,r2_final_test_balanced_social_seed_320_game_9,320,18,wolf
r2_final_test_balanced_social,10,balanced_social,final_test,final_test_balanced_social_320_10,r2_final_test_balanced_social_seed_320_game_10,320,27,village
r2_final_test_deception_adaptive,1,deception_adaptive,final_test,final_test_deception_adaptive_320_1,r2_final_test_deception_adaptive_seed_320_game_1,320,26,village
r2_final_test_deception_adaptive,2,deception_adaptive,final_test,final_test_deception_adaptive_320_2,r2_final_test_deception_adaptive_seed_320_game_2,320,16,wolf
r2_final_test_deception_adaptive,3,deception_adaptive,final_test,final_test_deception_adaptive_320_3,r2_final_test_deception_adaptive_seed_320_game_3,320,27,village
r2_final_test_deception_adaptive,4,deception_adaptive,final_test,final_test_deception_adaptive_320_4,r2_final_test_deception_adaptive_seed_320_game_4,320,16,wolf
r2_final_test_deception_adaptive,5,deception_adaptive,final_test,final_test_deception_adaptive_320_5,r2_final_test_deception_adaptive_seed_320_game_5,320,9,wolf
r2_final_test_deception_adaptive,6,deception_adaptive,final_test,final_test_deception_adaptive_320_6,r2_final_test_deception_adaptive_seed_320_game_6,320,18,village
r2_final_test_deception_adaptive,7,deception_adaptive,final_test,final_test_deception_adaptive_320_7,r2_final_test_deception_adaptive_seed_320_game_7,320,27,wolf
r2_final_test_deception_adaptive,8,deception_adaptive,final_test,final_test_deception_adaptive_320_8,r2_final_test_deception_adaptive_seed_320_game_8,320,23,wolf
r2_final_test_deception_adaptive,9,deception_adaptive,final_test,final_test_deception_adaptive_320_9,r2_final_test_deception_adaptive_seed_320_game_9,320,24,wolf
r2_final_test_deception_adaptive,10,deception_adaptive,final_test,final_test_deception_adaptive_320_10,r2_final_test_deception_adaptive_seed_320_game_10,320,23,village
r2_final_test_trust_weighted_memory,1,trust_weighted_memory,final_test,final_test_trust_weighted_memory_320_1,r2_final_test_trust_weighted_memory_seed_320_game_1,320,22,village
r2_final_test_trust_weighted_memory,2,trust_weighted_memory,final_test,final_test_trust_weighted_memory_320_2,r2_final_test_trust_weighted_memory_seed_320_game_2,320,16,wolf
r2_final_test_trust_weighted_memory,3,trust_weighted_memory,final_test,final_test_trust_weighted_memory_320_3,r2_final_test_trust_weighted_memory_seed_320_game_3,320,17,wolf
r2_final_test_trust_weighted_memory,4,trust_weighted_memory,final_test,final_test_trust_weighted_memory_320_4,r2_final_test_trust_weighted_memory_seed_320_game_4,320,14,wolf
r2_final_test_trust_weighted_memory,5,trust_weighted_memory,final_test,final_test_trust_weighted_memory_320_5,r2_final_test_trust_weighted_memory_seed_320_game_5,320,17,wolf
r2_final_test_trust_weighted_memory,6,trust_weighted_memory,final_test,final_test_trust_weighted_memory_320_6,r2_final_test_trust_weighted_memory_seed_320_game_6,320,17,wolf
r2_final_test_trust_weighted_memory,7,trust_weighted_memory,final_test,final_test_trust_weighted_memory_320_7,r2_final_test_trust_weighted_memory_seed_320_game_7,320,17,wolf
r2_final_test_trust_weighted_memory,8,trust_weighted_memory,final_test,final_test_trust_weighted_memory_320_8,r2_final_test_trust_weighted_memory_seed_320_game_8,320,26,wolf
r2_final_test_trust_weighted_memory,9,trust_weighted_memory,final_test,final_test_trust_weighted_memory_320_9,r2_final_test_trust_weighted_memory_seed_320_game_9,320,26,village
r2_final_test_trust_weighted_memory,10,trust_weighted_memory,final_test,final_test_trust_weighted_memory_320_10,r2_final_test_trust_weighted_memory_seed_320_game_10,320,18,wolf
r2_final_test_random_vote_speech,1,random_vote_speech,final_test,final_test_random_vote_speech_320_1,r2_final_test_random_vote_speech_seed_320_game_1,320,16,wolf
r2_final_test_random_vote_speech,2,random_vote_speech,final_test,final_test_random_vote_speech_320_2,r2_final_test_random_vote_speech_seed_320_game_2,320,20,wolf
r2_final_test_random_vote_speech,3,random_vote_speech,final_test,final_test_random_vote_speech_320_3,r2_final_test_random_vote_speech_seed_320_game_3,320,25,wolf
r2_final_test_random_vote_speech,4,random_vote_speech,final_test,final_test_random_vote_speech_320_4,r2_final_test_random_vote_speech_seed_320_game_4,320,25,wolf
r2_final_test_random_vote_speech,5,random_vote_speech,final_test,final_test_random_vote_speech_320_5,r2_final_test_random_vote_speech_seed_320_game_5,320,15,wolf
r2_final_test_random_vote_speech,6,random_vote_speech,final_test,final_test_random_vote_speech_320_6,r2_final_test_random_vote_speech_seed_320_game_6,320,16,wolf
r2_final_test_random_vote_speech,7,random_vote_speech,final_test,final_test_random_vote_speech_320_7,r2_final_test_random_vote_speech_seed_320_game_7,320,22,wolf
r2_final_test_random_vote_speech,8,random_vote_speech,final_test,final_test_random_vote_speech_320_8,r2_final_test_random_vote_speech_seed_320_game_8,320,25,wolf
r2_final_test_random_vote_speech,9,random_vote_speech,final_test,final_test_random_vote_speech_320_9,r2_final_test_random_vote_speech_seed_320_game_9,320,20,wolf
r2_final_test_random_vote_speech,10,random_vote_speech,final_test,final_test_random_vote_speech_320_10,r2_final_test_random_vote_speech_seed_320_game_10,320,22,wolf
r2_final_test_balanced_social,1,balanced_social,final_test,final_test_balanced_social_321_1,r2_final_test_balanced_social_seed_321_game_1,321,24,wolf
r2_final_test_balanced_social,2,balanced_social,final_test,final_test_balanced_social_321_2,r2_final_test_balanced_social_seed_321_game_2,321,24,village
r2_final_test_balanced_social,3,balanced_social,final_test,final_test_balanced_social_321_3,r2_final_test_balanced_social_seed_321_game_3,321,24,wolf
r2_final_test_balanced_social,4,balanced_social,final_test,final_test_balanced_social_321_4,r2_final_test_balanced_social_seed_321_game_4,321,27,wolf
r2_final_test_balanced_social,5,balanced_social,final_test,final_test_balanced_social_321_5,r2_final_test_balanced_social_seed_321_game_5,321,22,wolf
r2_final_test_balanced_social,6,balanced_social,final_test,final_test_balanced_social_321_6,r2_final_test_balanced_social_seed_321_game_6,321,21,wolf
r2_final_test_balanced_social,7,balanced_social,final_test,final_test_balanced_social_321_7,r2_final_test_balanced_social_seed_321_game_7,321,24,wolf
r2_final_test_balanced_social,8,balanced_social,final_test,final_test_balanced_social_321_8,r2_final_test_balanced_social_seed_321_game_8,321,17,wolf
r2_final_test_balanced_social,9,balanced_social,final_test,final_test_balanced_social_321_9,r2_final_test_balanced_social_seed_321_game_9,321,23,wolf
r2_final_test_balanced_social,10,balanced_social,final_test,final_test_balanced_social_321_10,r2_final_test_balanced_social_seed_321_game_10,321,28,village
r2_final_test_deception_adaptive,1,deception_adaptive,final_test,final_test_deception_adaptive_321_1,r2_final_test_deception_adaptive_seed_321_game_1,321,22,wolf
r2_final_test_deception_adaptive,2,deception_adaptive,final_test,final_test_deception_adaptive_321_2,r2_final_test_deception_adaptive_seed_321_game_2,321,17,village
r2_final_test_deception_adaptive,3,deception_adaptive,final_test,final_test_deception_adaptive_321_3,r2_final_test_deception_adaptive_seed_321_game_3,321,16,wolf
r2_final_test_deception_adaptive,4,deception_adaptive,final_test,final_test_deception_adaptive_321_4,r2_final_test_deception_adaptive_seed_321_game_4,321,26,village
r2_final_test_deception_adaptive,5,deception_adaptive,final_test,final_test_deception_adaptive_321_5,r2_final_test_deception_adaptive_seed_321_game_5,321,24,village
r2_final_test_deception_adaptive,6,deception_adaptive,final_test,final_test_deception_adaptive_321_6,r2_final_test_deception_adaptive_seed_321_game_6,321,17,wolf
r2_final_test_deception_adaptive,7,deception_adaptive,final_test,final_test_deception_adaptive_321_7,r2_final_test_deception_adaptive_seed_321_game_7,321,22,village
r2_final_test_deception_adaptive,8,deception_adaptive,final_test,final_test_deception_adaptive_321_8,r2_final_test_deception_adaptive_seed_321_game_8,321,15,wolf
r2_final_test_deception_adaptive,9,deception_adaptive,final_test,final_test_deception_adaptive_321_9,r2_final_test_deception_adaptive_seed_321_game_9,321,10,wolf
r2_final_test_deception_adaptive,10,deception_adaptive,final_test,final_test_deception_adaptive_321_10,r2_final_test_deception_adaptive_seed_321_game_10,321,17,village
r2_final_test_trust_weighted_memory,1,trust_weighted_memory,final_test,final_test_trust_weighted_memory_321_1,r2_final_test_trust_weighted_memory_seed_321_game_1,321,16,wolf
r2_final_test_trust_weighted_memory,2,trust_weighted_memory,final_test,final_test_trust_weighted_memory_321_2,r2_final_test_trust_weighted_memory_seed_321_game_2,321,16,wolf
r2_final_test_trust_weighted_memory,3,trust_weighted_memory,final_test,final_test_trust_weighted_memory_321_3,r2_final_test_trust_weighted_memory_seed_321_game_3,321,24,village
r2_final_test_trust_weighted_memory,4,trust_weighted_memory,final_test,final_test_trust_weighted_memory_321_4,r2_final_test_trust_weighted_memory_seed_321_game_4,321,24,village
r2_final_test_trust_weighted_memory,5,trust_weighted_memory,final_test,final_test_trust_weighted_memory_321_5,r2_final_test_trust_weighted_memory_seed_321_game_5,321,23,wolf
r2_final_test_trust_weighted_memory,6,trust_weighted_memory,final_test,final_test_trust_weighted_memory_321_6,r2_final_test_trust_weighted_memory_seed_321_game_6,321,18,wolf
r2_final_test_trust_weighted_memory,7,trust_weighted_memory,final_test,final_test_trust_weighted_memory_321_7,r2_final_test_trust_weighted_memory_seed_321_game_7,321,20,village
r2_final_test_trust_weighted_memory,8,trust_weighted_memory,final_test,final_test_trust_weighted_memory_321_8,r2_final_test_trust_weighted_memory_seed_321_game_8,321,18,wolf
r2_final_test_trust_weighted_memory,9,trust_weighted_memory,final_test,final_test_trust_weighted_memory_321_9,r2_final_test_trust_weighted_memory_seed_321_game_9,321,23,village
r2_final_test_trust_weighted_memory,10,trust_weighted_memory,final_test,final_test_trust_weighted_memory_321_10,r2_final_test_trust_weighted_memory_seed_321_game_10,321,21,wolf
r2_final_test_random_vote_speech,1,random_vote_speech,final_test,final_test_random_vote_speech_321_1,r2_final_test_random_vote_speech_seed_321_game_1,321,18,wolf
r2_final_test_random_vote_speech,2,random_vote_speech,final_test,final_test_random_vote_speech_321_2,r2_final_test_random_vote_speech_seed_321_game_2,321,23,wolf
r2_final_test_random_vote_speech,3,random_vote_speech,final_test,final_test_random_vote_speech_321_3,r2_final_test_random_vote_speech_seed_321_game_3,321,22,wolf
r2_final_test_random_vote_speech,4,random_vote_speech,final_test,final_test_random_vote_speech_321_4,r2_final_test_random_vote_speech_seed_321_game_4,321,18,wolf
r2_final_test_random_vote_speech,5,random_vote_speech,final_test,final_test_random_vote_speech_321_5,r2_final_test_random_vote_speech_seed_321_game_5,321,18,wolf
r2_final_test_random_vote_speech,6,random_vote_speech,final_test,final_test_random_vote_speech_321_6,r2_final_test_random_vote_speech_seed_321_game_6,321,8,wolf
r2_final_test_random_vote_speech,7,random_vote_speech,final_test,final_test_random_vote_speech_321_7,r2_final_test_random_vote_speech_seed_321_game_7,321,21,village
r2_final_test_random_vote_speech,8,random_vote_speech,final_test,final_test_random_vote_speech_321_8,r2_final_test_random_vote_speech_seed_321_game_8,321,22,wolf
r2_final_test_random_vote_speech,9,random_vote_speech,final_test,final_test_random_vote_speech_321_9,r2_final_test_random_vote_speech_seed_321_game_9,321,18,wolf
r2_final_test_random_vote_speech,10,random_vote_speech,final_test,final_test_random_vote_speech_321_10,r2_final_test_random_vote_speech_seed_321_game_10,321,18,wolf
r2_final_test_balanced_social,1,balanced_social,final_test,final_test_balanced_social_322_1,r2_final_test_balanced_social_seed_322_game_1,322,21,wolf
r2_final_test_balanced_social,2,balanced_social,final_test,final_test_balanced_social_322_2,r2_final_test_balanced_social_seed_322_game_2,322,17,wolf
r2_final_test_balanced_social,3,balanced_social,final_test,final_test_balanced_social_322_3,r2_final_test_balanced_social_seed_322_game_3,322,20,wolf
r2_final_test_balanced_social,4,balanced_social,final_test,final_test_balanced_social_322_4,r2_final_test_balanced_social_seed_322_game_4,322,26,village
r2_final_test_balanced_social,5,balanced_social,final_test,final_test_balanced_social_322_5,r2_final_test_balanced_social_seed_322_game_5,322,27,village
r2_final_test_balanced_social,6,balanced_social,final_test,final_test_balanced_social_322_6,r2_final_test_balanced_social_seed_322_game_6,322,27,wolf
r2_final_test_balanced_social,7,balanced_social,final_test,final_test_balanced_social_322_7,r2_final_test_balanced_social_seed_322_game_7,322,17,wolf
r2_final_test_balanced_social,8,balanced_social,final_test,final_test_balanced_social_322_8,r2_final_test_balanced_social_seed_322_game_8,322,22,wolf
r2_final_test_balanced_social,9,balanced_social,final_test,final_test_balanced_social_322_9,r2_final_test_balanced_social_seed_322_game_9,322,25,village
r2_final_test_balanced_social,10,balanced_social,final_test,final_test_balanced_social_322_10,r2_final_test_balanced_social_seed_322_game_10,322,17,village
r2_final_test_deception_adaptive,1,deception_adaptive,final_test,final_test_deception_adaptive_322_1,r2_final_test_deception_adaptive_seed_322_game_1,322,9,wolf
r2_final_test_deception_adaptive,2,deception_adaptive,final_test,final_test_deception_adaptive_322_2,r2_final_test_deception_adaptive_seed_322_game_2,322,17,wolf
r2_final_test_deception_adaptive,3,deception_adaptive,final_test,final_test_deception_adaptive_322_3,r2_final_test_deception_adaptive_seed_322_game_3,322,20,village
r2_final_test_deception_adaptive,4,deception_adaptive,final_test,final_test_deception_adaptive_322_4,r2_final_test_deception_adaptive_seed_322_game_4,322,17,village
r2_final_test_deception_adaptive,5,deception_adaptive,final_test,final_test_deception_adaptive_322_5,r2_final_test_deception_adaptive_seed_322_game_5,322,25,wolf
r2_final_test_deception_adaptive,6,deception_adaptive,final_test,final_test_deception_adaptive_322_6,r2_final_test_deception_adaptive_seed_322_game_6,322,17,wolf
r2_final_test_deception_adaptive,7,deception_adaptive,final_test,final_test_deception_adaptive_322_7,r2_final_test_deception_adaptive_seed_322_game_7,322,17,wolf
r2_final_test_deception_adaptive,8,deception_adaptive,final_test,final_test_deception_adaptive_322_8,r2_final_test_deception_adaptive_seed_322_game_8,322,21,wolf
r2_final_test_deception_adaptive,9,deception_adaptive,final_test,final_test_deception_adaptive_322_9,r2_final_test_deception_adaptive_seed_322_game_9,322,16,wolf
r2_final_test_deception_adaptive,10,deception_adaptive,final_test,final_test_deception_adaptive_322_10,r2_final_test_deception_adaptive_seed_322_game_10,322,18,wolf
r2_final_test_trust_weighted_memory,1,trust_weighted_memory,final_test,final_test_trust_weighted_memory_322_1,r2_final_test_trust_weighted_memory_seed_322_game_1,322,27,wolf
r2_final_test_trust_weighted_memory,2,trust_weighted_memory,final_test,final_test_trust_weighted_memory_322_2,r2_final_test_trust_weighted_memory_seed_322_game_2,322,17,wolf
r2_final_test_trust_weighted_memory,3,trust_weighted_memory,final_test,final_test_trust_weighted_memory_322_3,r2_final_test_trust_weighted_memory_seed_322_game_3,322,21,village
r2_final_test_trust_weighted_memory,4,trust_weighted_memory,final_test,final_test_trust_weighted_memory_322_4,r2_final_test_trust_weighted_memory_seed_322_game_4,322,23,wolf
r2_final_test_trust_weighted_memory,5,trust_weighted_memory,final_test,final_test_trust_weighted_memory_322_5,r2_final_test_trust_weighted_memory_seed_322_game_5,322,17,wolf
r2_final_test_trust_weighted_memory,6,trust_weighted_memory,final_test,final_test_trust_weighted_memory_322_6,r2_final_test_trust_weighted_memory_seed_322_game_6,322,21,village
r2_final_test_trust_weighted_memory,7,trust_weighted_memory,final_test,final_test_trust_weighted_memory_322_7,r2_final_test_trust_weighted_memory_seed_322_game_7,322,28,wolf
r2_final_test_trust_weighted_memory,8,trust_weighted_memory,final_test,final_test_trust_weighted_memory_322_8,r2_final_test_trust_weighted_memory_seed_322_game_8,322,17,wolf
r2_final_test_trust_weighted_memory,9,trust_weighted_memory,final_test,final_test_trust_weighted_memory_322_9,r2_final_test_trust_weighted_memory_seed_322_game_9,322,21,wolf
r2_final_test_trust_weighted_memory,10,trust_weighted_memory,final_test,final_test_trust_weighted_memory_322_10,r2_final_test_trust_weighted_memory_seed_322_game_10,322,28,wolf
r2_final_test_random_vote_speech,1,random_vote_speech,final_test,final_test_random_vote_speech_322_1,r2_final_test_random_vote_speech_seed_322_game_1,322,23,wolf
r2_final_test_random_vote_speech,2,random_vote_speech,final_test,final_test_random_vote_speech_322_2,r2_final_test_random_vote_speech_seed_322_game_2,322,17,wolf
r2_final_test_random_vote_speech,3,random_vote_speech,final_test,final_test_random_vote_speech_322_3,r2_final_test_random_vote_speech_seed_322_game_3,322,25,wolf
r2_final_test_random_vote_speech,4,random_vote_speech,final_test,final_test_random_vote_speech_322_4,r2_final_test_random_vote_speech_seed_322_game_4,322,25,village
r2_final_test_random_vote_speech,5,random_vote_speech,final_test,final_test_random_vote_speech_322_5,r2_final_test_random_vote_speech_seed_322_game_5,322,15,wolf
r2_final_test_random_vote_speech,6,random_vote_speech,final_test,final_test_random_vote_speech_322_6,r2_final_test_random_vote_speech_seed_322_game_6,322,18,wolf
r2_final_test_random_vote_speech,7,random_vote_speech,final_test,final_test_random_vote_speech_322_7,r2_final_test_random_vote_speech_seed_322_game_7,322,16,wolf
r2_final_test_random_vote_speech,8,random_vote_speech,final_test,final_test_random_vote_speech_322_8,r2_final_test_random_vote_speech_seed_322_game_8,322,24,wolf
r2_final_test_random_vote_speech,9,random_vote_speech,final_test,final_test_random_vote_speech_322_9,r2_final_test_random_vote_speech_seed_322_game_9,322,25,wolf
r2_final_test_random_vote_speech,10,random_vote_speech,final_test,final_test_random_vote_speech_322_10,r2_final_test_random_vote_speech_seed_322_game_10,322,22,wolf
r2_final_test_balanced_social,1,balanced_social,final_test,final_test_balanced_social_323_1,r2_final_test_balanced_social_seed_323_game_1,323,16,wolf
r2_final_test_balanced_social,2,balanced_social,final_test,final_test_balanced_social_323_2,r2_final_test_balanced_social_seed_323_game_2,323,21,wolf
r2_final_test_balanced_social,3,balanced_social,final_test,final_test_balanced_social_323_3,r2_final_test_balanced_social_seed_323_game_3,323,17,wolf
r2_final_test_balanced_social,4,balanced_social,final_test,final_test_balanced_social_323_4,r2_final_test_balanced_social_seed_323_game_4,323,22,wolf
r2_final_test_balanced_social,5,balanced_social,final_test,final_test_balanced_social_323_5,r2_final_test_balanced_social_seed_323_game_5,323,21,wolf
r2_final_test_balanced_social,6,balanced_social,final_test,final_test_balanced_social_323_6,r2_final_test_balanced_social_seed_323_game_6,323,17,village
r2_final_test_balanced_social,7,balanced_social,final_test,final_test_balanced_social_323_7,r2_final_test_balanced_social_seed_323_game_7,323,16,wolf
r2_final_test_balanced_social,8,balanced_social,final_test,final_test_balanced_social_323_8,r2_final_test_balanced_social_seed_323_game_8,323,19,village
r2_final_test_balanced_social,9,balanced_social,final_test,final_test_balanced_social_323_9,r2_final_test_balanced_social_seed_323_game_9,323,25,wolf
r2_final_test_balanced_social,10,balanced_social,final_test,final_test_balanced_social_323_10,r2_final_test_balanced_social_seed_323_game_10,323,18,wolf
r2_final_test_deception_adaptive,1,deception_adaptive,final_test,final_test_deception_adaptive_323_1,r2_final_test_deception_adaptive_seed_323_game_1,323,22,wolf
r2_final_test_deception_adaptive,2,deception_adaptive,final_test,final_test_deception_adaptive_323_2,r2_final_test_deception_adaptive_seed_323_game_2,323,23,village
r2_final_test_deception_adaptive,3,deception_adaptive,final_test,final_test_deception_adaptive_323_3,r2_final_test_deception_adaptive_seed_323_game_3,323,20,village
r2_final_test_deception_adaptive,4,deception_adaptive,final_test,final_test_deception_adaptive_323_4,r2_final_test_deception_adaptive_seed_323_game_4,323,17,wolf
r2_final_test_deception_adaptive,5,deception_adaptive,final_test,final_test_deception_adaptive_323_5,r2_final_test_deception_adaptive_seed_323_game_5,323,28,village
r2_final_test_deception_adaptive,6,deception_adaptive,final_test,final_test_deception_adaptive_323_6,r2_final_test_deception_adaptive_seed_323_game_6,323,15,wolf
r2_final_test_deception_adaptive,7,deception_adaptive,final_test,final_test_deception_adaptive_323_7,r2_final_test_deception_adaptive_seed_323_game_7,323,26,village
r2_final_test_deception_adaptive,8,deception_adaptive,final_test,final_test_deception_adaptive_323_8,r2_final_test_deception_adaptive_seed_323_game_8,323,9,wolf
r2_final_test_deception_adaptive,9,deception_adaptive,final_test,final_test_deception_adaptive_323_9,r2_final_test_deception_adaptive_seed_323_game_9,323,28,village
r2_final_test_deception_adaptive,10,deception_adaptive,final_test,final_test_deception_adaptive_323_10,r2_final_test_deception_adaptive_seed_323_game_10,323,17,wolf
r2_final_test_trust_weighted_memory,1,trust_weighted_memory,final_test,final_test_trust_weighted_memory_323_1,r2_final_test_trust_weighted_memory_seed_323_game_1,323,24,village
r2_final_test_trust_weighted_memory,2,trust_weighted_memory,final_test,final_test_trust_weighted_memory_323_2,r2_final_test_trust_weighted_memory_seed_323_game_2,323,16,wolf
r2_final_test_trust_weighted_memory,3,trust_weighted_memory,final_test,final_test_trust_weighted_memory_323_3,r2_final_test_trust_weighted_memory_seed_323_game_3,323,19,wolf
r2_final_test_trust_weighted_memory,4,trust_weighted_memory,final_test,final_test_trust_weighted_memory_323_4,r2_final_test_trust_weighted_memory_seed_323_game_4,323,17,village
r2_final_test_trust_weighted_memory,5,trust_weighted_memory,final_test,final_test_trust_weighted_memory_323_5,r2_final_test_trust_weighted_memory_seed_323_game_5,323,25,village
r2_final_test_trust_weighted_memory,6,trust_weighted_memory,final_test,final_test_trust_weighted_memory_323_6,r2_final_test_trust_weighted_memory_seed_323_game_6,323,15,wolf
r2_final_test_trust_weighted_memory,7,trust_weighted_memory,final_test,final_test_trust_weighted_memory_323_7,r2_final_test_trust_weighted_memory_seed_323_game_7,323,25,wolf
r2_final_test_trust_weighted_memory,8,trust_weighted_memory,final_test,final_test_trust_weighted_memory_323_8,r2_final_test_trust_weighted_memory_seed_323_game_8,323,13,wolf
r2_final_test_trust_weighted_memory,9,trust_weighted_memory,final_test,final_test_trust_weighted_memory_323_9,r2_final_test_trust_weighted_memory_seed_323_game_9,323,28,wolf
r2_final_test_trust_weighted_memory,10,trust_weighted_memory,final_test,final_test_trust_weighted_memory_323_10,r2_final_test_trust_weighted_memory_seed_323_game_10,323,17,wolf
r2_final_test_random_vote_speech,1,random_vote_speech,final_test,final_test_random_vote_speech_323_1,r2_final_test_random_vote_speech_seed_323_game_1,323,23,wolf
r2_final_test_random_vote_speech,2,random_vote_speech,final_test,final_test_random_vote_speech_323_2,r2_final_test_random_vote_speech_seed_323_game_2,323,25,village
r2_final_test_random_vote_speech,3,random_vote_speech,final_test,final_test_random_vote_speech_323_3,r2_final_test_random_vote_speech_seed_323_game_3,323,15,village
r2_final_test_random_vote_speech,4,random_vote_speech,final_test,final_test_random_vote_speech_323_4,r2_final_test_random_vote_speech_seed_323_game_4,323,20,village
r2_final_test_random_vote_speech,5,random_vote_speech,final_test,final_test_random_vote_speech_323_5,r2_final_test_random_vote_speech_seed_323_game_5,323,22,wolf
r2_final_test_random_vote_speech,6,random_vote_speech,final_test,final_test_random_vote_speech_323_6,r2_final_test_random_vote_speech_seed_323_game_6,323,25,wolf
r2_final_test_random_vote_speech,7,random_vote_speech,final_test,final_test_random_vote_speech_323_7,r2_final_test_random_vote_speech_seed_323_game_7,323,16,wolf
r2_final_test_random_vote_speech,8,random_vote_speech,final_test,final_test_random_vote_speech_323_8,r2_final_test_random_vote_speech_seed_323_game_8,323,22,wolf
r2_final_test_random_vote_speech,9,random_vote_speech,final_test,final_test_random_vote_speech_323_9,r2_final_test_random_vote_speech_seed_323_game_9,323,22,wolf
r2_final_test_random_vote_speech,10,random_vote_speech,final_test,final_test_random_vote_speech_323_10,r2_final_test_random_vote_speech_seed_323_game_10,323,21,wolf
r2_final_test_balanced_social,1,balanced_social,final_test,final_test_balanced_social_324_1,r2_final_test_balanced_social_seed_324_game_1,324,15,village
r2_final_test_balanced_social,2,balanced_social,final_test,final_test_balanced_social_324_2,r2_final_test_balanced_social_seed_324_game_2,324,28,village
r2_final_test_balanced_social,3,balanced_social,final_test,final_test_balanced_social_324_3,r2_final_test_balanced_social_seed_324_game_3,324,26,wolf
r2_final_test_balanced_social,4,balanced_social,final_test,final_test_balanced_social_324_4,r2_final_test_balanced_social_seed_324_game_4,324,17,wolf
r2_final_test_balanced_social,5,balanced_social,final_test,final_test_balanced_social_324_5,r2_final_test_balanced_social_seed_324_game_5,324,24,wolf
r2_final_test_balanced_social,6,balanced_social,final_test,final_test_balanced_social_324_6,r2_final_test_balanced_social_seed_324_game_6,324,20,village
r2_final_test_balanced_social,7,balanced_social,final_test,final_test_balanced_social_324_7,r2_final_test_balanced_social_seed_324_game_7,324,23,wolf
r2_final_test_balanced_social,8,balanced_social,final_test,final_test_balanced_social_324_8,r2_final_test_balanced_social_seed_324_game_8,324,22,wolf
r2_final_test_balanced_social,9,balanced_social,final_test,final_test_balanced_social_324_9,r2_final_test_balanced_social_seed_324_game_9,324,20,wolf
r2_final_test_balanced_social,10,balanced_social,final_test,final_test_balanced_social_324_10,r2_final_test_balanced_social_seed_324_game_10,324,21,wolf
r2_final_test_deception_adaptive,1,deception_adaptive,final_test,final_test_deception_adaptive_324_1,r2_final_test_deception_adaptive_seed_324_game_1,324,21,village
r2_final_test_deception_adaptive,2,deception_adaptive,final_test,final_test_deception_adaptive_324_2,r2_final_test_deception_adaptive_seed_324_game_2,324,22,village
r2_final_test_deception_adaptive,3,deception_adaptive,final_test,final_test_deception_adaptive_324_3,r2_final_test_deception_adaptive_seed_324_game_3,324,22,village
r2_final_test_deception_adaptive,4,deception_adaptive,final_test,final_test_deception_adaptive_324_4,r2_final_test_deception_adaptive_seed_324_game_4,324,24,wolf
r2_final_test_deception_adaptive,5,deception_adaptive,final_test,final_test_deception_adaptive_324_5,r2_final_test_deception_adaptive_seed_324_game_5,324,27,village
r2_final_test_deception_adaptive,6,deception_adaptive,final_test,final_test_deception_adaptive_324_6,r2_final_test_deception_adaptive_seed_324_game_6,324,21,village
r2_final_test_deception_adaptive,7,deception_adaptive,final_test,final_test_deception_adaptive_324_7,r2_final_test_deception_adaptive_seed_324_game_7,324,21,village
r2_final_test_deception_adaptive,8,deception_adaptive,final_test,final_test_deception_adaptive_324_8,r2_final_test_deception_adaptive_seed_324_game_8,324,9,wolf
r2_final_test_deception_adaptive,9,deception_adaptive,final_test,final_test_deception_adaptive_324_9,r2_final_test_deception_adaptive_seed_324_game_9,324,19,wolf
r2_final_test_deception_adaptive,10,deception_adaptive,final_test,final_test_deception_adaptive_324_10,r2_final_test_deception_adaptive_seed_324_game_10,324,19,village
r2_final_test_trust_weighted_memory,1,trust_weighted_memory,final_test,final_test_trust_weighted_memory_324_1,r2_final_test_trust_weighted_memory_seed_324_game_1,324,18,wolf
r2_final_test_trust_weighted_memory,2,trust_weighted_memory,final_test,final_test_trust_weighted_memory_324_2,r2_final_test_trust_weighted_memory_seed_324_game_2,324,21,village
r2_final_test_trust_weighted_memory,3,trust_weighted_memory,final_test,final_test_trust_weighted_memory_324_3,r2_final_test_trust_weighted_memory_seed_324_game_3,324,26,village
r2_final_test_trust_weighted_memory,4,trust_weighted_memory,final_test,final_test_trust_weighted_memory_324_4,r2_final_test_trust_weighted_memory_seed_324_game_4,324,17,wolf
r2_final_test_trust_weighted_memory,5,trust_weighted_memory,final_test,final_test_trust_weighted_memory_324_5,r2_final_test_trust_weighted_memory_seed_324_game_5,324,17,wolf
r2_final_test_trust_weighted_memory,6,trust_weighted_memory,final_test,final_test_trust_weighted_memory_324_6,r2_final_test_trust_weighted_memory_seed_324_game_6,324,22,wolf
r2_final_test_trust_weighted_memory,7,trust_weighted_memory,final_test,final_test_trust_weighted_memory_324_7,r2_final_test_trust_weighted_memory_seed_324_game_7,324,15,wolf
r2_final_test_trust_weighted_memory,8,trust_weighted_memory,final_test,final_test_trust_weighted_memory_324_8,r2_final_test_trust_weighted_memory_seed_324_game_8,324,17,wolf
r2_final_test_trust_weighted_memory,9,trust_weighted_memory,final_test,final_test_trust_weighted_memory_324_9,r2_final_test_trust_weighted_memory_seed_324_game_9,324,22,village
r2_final_test_trust_weighted_memory,10,trust_weighted_memory,final_test,final_test_trust_weighted_memory_324_10,r2_final_test_trust_weighted_memory_seed_324_game_10,324,22,village
r2_final_test_random_vote_speech,1,random_vote_speech,final_test,final_test_random_vote_speech_324_1,r2_final_test_random_vote_speech_seed_324_game_1,324,22,wolf
r2_final_test_random_vote_speech,2,random_vote_speech,final_test,final_test_random_vote_speech_324_2,r2_final_test_random_vote_speech_seed_324_game_2,324,22,wolf
r2_final_test_random_vote_speech,3,random_vote_speech,final_test,final_test_random_vote_speech_324_3,r2_final_test_random_vote_speech_seed_324_game_3,324,21,village
r2_final_test_random_vote_speech,4,random_vote_speech,final_test,final_test_random_vote_speech_324_4,r2_final_test_random_vote_speech_seed_324_game_4,324,17,wolf
r2_final_test_random_vote_speech,5,random_vote_speech,final_test,final_test_random_vote_speech_324_5,r2_final_test_random_vote_speech_seed_324_game_5,324,25,wolf
r2_final_test_random_vote_speech,6,random_vote_speech,final_test,final_test_random_vote_speech_324_6,r2_final_test_random_vote_speech_seed_324_game_6,324,24,village
r2_final_test_random_vote_speech,7,random_vote_speech,final_test,final_test_random_vote_speech_324_7,r2_final_test_random_vote_speech_seed_324_game_7,324,25,wolf
r2_final_test_random_vote_speech,8,random_vote_speech,final_test,final_test_random_vote_speech_324_8,r2_final_test_random_vote_speech_seed_324_game_8,324,21,wolf
r2_final_test_random_vote_speech,9,random_vote_speech,final_test,final_test_random_vote_speech_324_9,r2_final_test_random_vote_speech_seed_324_game_9,324,17,wolf
r2_final_test_random_vote_speech,10,random_vote_speech,final_test,final_test_random_vote_speech_324_10,r2_final_test_random_vote_speech_seed_324_game_10,324,24,wolf
r2_ood_template_balanced_social,1,balanced_social,ood_template,ood_template_balanced_social_325_1,r2_ood_template_balanced_social_seed_325_game_1,325,21,wolf
r2_ood_template_balanced_social,2,balanced_social,ood_template,ood_template_balanced_social_325_2,r2_ood_template_balanced_social_seed_325_game_2,325,27,wolf
r2_ood_template_balanced_social,3,balanced_social,ood_template,ood_template_balanced_social_325_3,r2_ood_template_balanced_social_seed_325_game_3,325,9,wolf
r2_ood_template_balanced_social,4,balanced_social,ood_template,ood_template_balanced_social_325_4,r2_ood_template_balanced_social_seed_325_game_4,325,23,wolf
r2_ood_template_balanced_social,5,balanced_social,ood_template,ood_template_balanced_social_325_5,r2_ood_template_balanced_social_seed_325_game_5,325,26,wolf
r2_ood_template_deception_adaptive,1,deception_adaptive,ood_template,ood_template_deception_adaptive_325_1,r2_ood_template_deception_adaptive_seed_325_game_1,325,13,wolf
r2_ood_template_deception_adaptive,2,deception_adaptive,ood_template,ood_template_deception_adaptive_325_2,r2_ood_template_deception_adaptive_seed_325_game_2,325,20,village
r2_ood_template_deception_adaptive,3,deception_adaptive,ood_template,ood_template_deception_adaptive_325_3,r2_ood_template_deception_adaptive_seed_325_game_3,325,18,wolf
r2_ood_template_deception_adaptive,4,deception_adaptive,ood_template,ood_template_deception_adaptive_325_4,r2_ood_template_deception_adaptive_seed_325_game_4,325,25,village
r2_ood_template_deception_adaptive,5,deception_adaptive,ood_template,ood_template_deception_adaptive_325_5,r2_ood_template_deception_adaptive_seed_325_game_5,325,18,village
r2_ood_template_trust_weighted_memory,1,trust_weighted_memory,ood_template,ood_template_trust_weighted_memory_325_1,r2_ood_template_trust_weighted_memory_seed_325_game_1,325,21,village
r2_ood_template_trust_weighted_memory,2,trust_weighted_memory,ood_template,ood_template_trust_weighted_memory_325_2,r2_ood_template_trust_weighted_memory_seed_325_game_2,325,17,wolf
r2_ood_template_trust_weighted_memory,3,trust_weighted_memory,ood_template,ood_template_trust_weighted_memory_325_3,r2_ood_template_trust_weighted_memory_seed_325_game_3,325,26,wolf
r2_ood_template_trust_weighted_memory,4,trust_weighted_memory,ood_template,ood_template_trust_weighted_memory_325_4,r2_ood_template_trust_weighted_memory_seed_325_game_4,325,26,village
r2_ood_template_trust_weighted_memory,5,trust_weighted_memory,ood_template,ood_template_trust_weighted_memory_325_5,r2_ood_template_trust_weighted_memory_seed_325_game_5,325,20,village
r2_ood_template_random_vote_speech,1,random_vote_speech,ood_template,ood_template_random_vote_speech_325_1,r2_ood_template_random_vote_speech_seed_325_game_1,325,27,wolf
r2_ood_template_random_vote_speech,2,random_vote_speech,ood_template,ood_template_random_vote_speech_325_2,r2_ood_template_random_vote_speech_seed_325_game_2,325,24,wolf
r2_ood_template_random_vote_speech,3,random_vote_speech,ood_template,ood_template_random_vote_speech_325_3,r2_ood_template_random_vote_speech_seed_325_game_3,325,17,village
r2_ood_template_random_vote_speech,4,random_vote_speech,ood_template,ood_template_random_vote_speech_325_4,r2_ood_template_random_vote_speech_seed_325_game_4,325,9,wolf
r2_ood_template_random_vote_speech,5,random_vote_speech,ood_template,ood_template_random_vote_speech_325_5,r2_ood_template_random_vote_speech_seed_325_game_5,325,17,wolf
r2_ood_template_balanced_social,1,balanced_social,ood_template,ood_template_balanced_social_326_1,r2_ood_template_balanced_social_seed_326_game_1,326,21,wolf
r2_ood_template_balanced_social,2,balanced_social,ood_template,ood_template_balanced_social_326_2,r2_ood_template_balanced_social_seed_326_game_2,326,23,wolf
r2_ood_template_balanced_social,3,balanced_social,ood_template,ood_template_balanced_social_326_3,r2_ood_template_balanced_social_seed_326_game_3,326,21,wolf
r2_ood_template_balanced_social,4,balanced_social,ood_template,ood_template_balanced_social_326_4,r2_ood_template_balanced_social_seed_326_game_4,326,28,wolf
r2_ood_template_balanced_social,5,balanced_social,ood_template,ood_template_balanced_social_326_5,r2_ood_template_balanced_social_seed_326_game_5,326,28,village
r2_ood_template_deception_adaptive,1,deception_adaptive,ood_template,ood_template_deception_adaptive_326_1,r2_ood_template_deception_adaptive_seed_326_game_1,326,16,wolf
r2_ood_template_deception_adaptive,2,deception_adaptive,ood_template,ood_template_deception_adaptive_326_2,r2_ood_template_deception_adaptive_seed_326_game_2,326,20,wolf
r2_ood_template_deception_adaptive,3,deception_adaptive,ood_template,ood_template_deception_adaptive_326_3,r2_ood_template_deception_adaptive_seed_326_game_3,326,14,wolf
r2_ood_template_deception_adaptive,4,deception_adaptive,ood_template,ood_template_deception_adaptive_326_4,r2_ood_template_deception_adaptive_seed_326_game_4,326,16,wolf
r2_ood_template_deception_adaptive,5,deception_adaptive,ood_template,ood_template_deception_adaptive_326_5,r2_ood_template_deception_adaptive_seed_326_game_5,326,17,wolf
r2_ood_template_trust_weighted_memory,1,trust_weighted_memory,ood_template,ood_template_trust_weighted_memory_326_1,r2_ood_template_trust_weighted_memory_seed_326_game_1,326,9,wolf
r2_ood_template_trust_weighted_memory,2,trust_weighted_memory,ood_template,ood_template_trust_weighted_memory_326_2,r2_ood_template_trust_weighted_memory_seed_326_game_2,326,17,wolf
r2_ood_template_trust_weighted_memory,3,trust_weighted_memory,ood_template,ood_template_trust_weighted_memory_326_3,r2_ood_template_trust_weighted_memory_seed_326_game_3,326,16,wolf
r2_ood_template_trust_weighted_memory,4,trust_weighted_memory,ood_template,ood_template_trust_weighted_memory_326_4,r2_ood_template_trust_weighted_memory_seed_326_game_4,326,23,village
r2_ood_template_trust_weighted_memory,5,trust_weighted_memory,ood_template,ood_template_trust_weighted_memory_326_5,r2_ood_template_trust_weighted_memory_seed_326_game_5,326,24,wolf
r2_ood_template_random_vote_speech,1,random_vote_speech,ood_template,ood_template_random_vote_speech_326_1,r2_ood_template_random_vote_speech_seed_326_game_1,326,15,village
r2_ood_template_random_vote_speech,2,random_vote_speech,ood_template,ood_template_random_vote_speech_326_2,r2_ood_template_random_vote_speech_seed_326_game_2,326,10,wolf
r2_ood_template_random_vote_speech,3,random_vote_speech,ood_template,ood_template_random_vote_speech_326_3,r2_ood_template_random_vote_speech_seed_326_game_3,326,25,wolf
r2_ood_template_random_vote_speech,4,random_vote_speech,ood_template,ood_template_random_vote_speech_326_4,r2_ood_template_random_vote_speech_seed_326_game_4,326,20,wolf
r2_ood_template_random_vote_speech,5,random_vote_speech,ood_template,ood_template_random_vote_speech_326_5,r2_ood_template_random_vote_speech_seed_326_game_5,326,28,wolf
r2_ood_template_balanced_social,1,balanced_social,ood_template,ood_template_balanced_social_327_1,r2_ood_template_balanced_social_seed_327_game_1,327,17,village
r2_ood_template_balanced_social,2,balanced_social,ood_template,ood_template_balanced_social_327_2,r2_ood_template_balanced_social_seed_327_game_2,327,24,wolf
r2_ood_template_balanced_social,3,balanced_social,ood_template,ood_template_balanced_social_327_3,r2_ood_template_balanced_social_seed_327_game_3,327,17,wolf
r2_ood_template_balanced_social,4,balanced_social,ood_template,ood_template_balanced_social_327_4,r2_ood_template_balanced_social_seed_327_game_4,327,27,village
r2_ood_template_balanced_social,5,balanced_social,ood_template,ood_template_balanced_social_327_5,r2_ood_template_balanced_social_seed_327_game_5,327,16,village
r2_ood_template_deception_adaptive,1,deception_adaptive,ood_template,ood_template_deception_adaptive_327_1,r2_ood_template_deception_adaptive_seed_327_game_1,327,16,wolf
r2_ood_template_deception_adaptive,2,deception_adaptive,ood_template,ood_template_deception_adaptive_327_2,r2_ood_template_deception_adaptive_seed_327_game_2,327,22,wolf
r2_ood_template_deception_adaptive,3,deception_adaptive,ood_template,ood_template_deception_adaptive_327_3,r2_ood_template_deception_adaptive_seed_327_game_3,327,22,wolf
r2_ood_template_deception_adaptive,4,deception_adaptive,ood_template,ood_template_deception_adaptive_327_4,r2_ood_template_deception_adaptive_seed_327_game_4,327,22,wolf
r2_ood_template_deception_adaptive,5,deception_adaptive,ood_template,ood_template_deception_adaptive_327_5,r2_ood_template_deception_adaptive_seed_327_game_5,327,27,village
r2_ood_template_trust_weighted_memory,1,trust_weighted_memory,ood_template,ood_template_trust_weighted_memory_327_1,r2_ood_template_trust_weighted_memory_seed_327_game_1,327,17,wolf
r2_ood_template_trust_weighted_memory,2,trust_weighted_memory,ood_template,ood_template_trust_weighted_memory_327_2,r2_ood_template_trust_weighted_memory_seed_327_game_2,327,17,wolf
r2_ood_template_trust_weighted_memory,3,trust_weighted_memory,ood_template,ood_template_trust_weighted_memory_327_3,r2_ood_template_trust_weighted_memory_seed_327_game_3,327,24,wolf
r2_ood_template_trust_weighted_memory,4,trust_weighted_memory,ood_template,ood_template_trust_weighted_memory_327_4,r2_ood_template_trust_weighted_memory_seed_327_game_4,327,14,wolf
r2_ood_template_trust_weighted_memory,5,trust_weighted_memory,ood_template,ood_template_trust_weighted_memory_327_5,r2_ood_template_trust_weighted_memory_seed_327_game_5,327,23,village
r2_ood_template_random_vote_speech,1,random_vote_speech,ood_template,ood_template_random_vote_speech_327_1,r2_ood_template_random_vote_speech_seed_327_game_1,327,21,wolf
r2_ood_template_random_vote_speech,2,random_vote_speech,ood_template,ood_template_random_vote_speech_327_2,r2_ood_template_random_vote_speech_seed_327_game_2,327,22,village
r2_ood_template_random_vote_speech,3,random_vote_speech,ood_template,ood_template_random_vote_speech_327_3,r2_ood_template_random_vote_speech_seed_327_game_3,327,23,village
r2_ood_template_random_vote_speech,4,random_vote_speech,ood_template,ood_template_random_vote_speech_327_4,r2_ood_template_random_vote_speech_seed_327_game_4,327,16,wolf
r2_ood_template_random_vote_speech,5,random_vote_speech,ood_template,ood_template_random_vote_speech_327_5,r2_ood_template_random_vote_speech_seed_327_game_5,327,18,wolf
r2_ood_template_balanced_social,1,balanced_social,ood_template,ood_template_balanced_social_328_1,r2_ood_template_balanced_social_seed_328_game_1,328,26,wolf
r2_ood_template_balanced_social,2,balanced_social,ood_template,ood_template_balanced_social_328_2,r2_ood_template_balanced_social_seed_328_game_2,328,17,wolf
r2_ood_template_balanced_social,3,balanced_social,ood_template,ood_template_balanced_social_328_3,r2_ood_template_balanced_social_seed_328_game_3,328,26,wolf
r2_ood_template_balanced_social,4,balanced_social,ood_template,ood_template_balanced_social_328_4,r2_ood_template_balanced_social_seed_328_game_4,328,16,wolf
r2_ood_template_balanced_social,5,balanced_social,ood_template,ood_template_balanced_social_328_5,r2_ood_template_balanced_social_seed_328_game_5,328,21,wolf
r2_ood_template_deception_adaptive,1,deception_adaptive,ood_template,ood_template_deception_adaptive_328_1,r2_ood_template_deception_adaptive_seed_328_game_1,328,24,village
r2_ood_template_deception_adaptive,2,deception_adaptive,ood_template,ood_template_deception_adaptive_328_2,r2_ood_template_deception_adaptive_seed_328_game_2,328,22,village
r2_ood_template_deception_adaptive,3,deception_adaptive,ood_template,ood_template_deception_adaptive_328_3,r2_ood_template_deception_adaptive_seed_328_game_3,328,17,wolf
r2_ood_template_deception_adaptive,4,deception_adaptive,ood_template,ood_template_deception_adaptive_328_4,r2_ood_template_deception_adaptive_seed_328_game_4,328,16,wolf
r2_ood_template_deception_adaptive,5,deception_adaptive,ood_template,ood_template_deception_adaptive_328_5,r2_ood_template_deception_adaptive_seed_328_game_5,328,17,wolf
r2_ood_template_trust_weighted_memory,1,trust_weighted_memory,ood_template,ood_template_trust_weighted_memory_328_1,r2_ood_template_trust_weighted_memory_seed_328_game_1,328,22,wolf
r2_ood_template_trust_weighted_memory,2,trust_weighted_memory,ood_template,ood_template_trust_weighted_memory_328_2,r2_ood_template_trust_weighted_memory_seed_328_game_2,328,17,wolf
r2_ood_template_trust_weighted_memory,3,trust_weighted_memory,ood_template,ood_template_trust_weighted_memory_328_3,r2_ood_template_trust_weighted_memory_seed_328_game_3,328,21,wolf
r2_ood_template_trust_weighted_memory,4,trust_weighted_memory,ood_template,ood_template_trust_weighted_memory_328_4,r2_ood_template_trust_weighted_memory_seed_328_game_4,328,17,wolf
r2_ood_template_trust_weighted_memory,5,trust_weighted_memory,ood_template,ood_template_trust_weighted_memory_328_5,r2_ood_template_trust_weighted_memory_seed_328_game_5,328,23,wolf
r2_ood_template_random_vote_speech,1,random_vote_speech,ood_template,ood_template_random_vote_speech_328_1,r2_ood_template_random_vote_speech_seed_328_game_1,328,15,wolf
r2_ood_template_random_vote_speech,2,random_vote_speech,ood_template,ood_template_random_vote_speech_328_2,r2_ood_template_random_vote_speech_seed_328_game_2,328,20,wolf
r2_ood_template_random_vote_speech,3,random_vote_speech,ood_template,ood_template_random_vote_speech_328_3,r2_ood_template_random_vote_speech_seed_328_game_3,328,24,wolf
r2_ood_template_random_vote_speech,4,random_vote_speech,ood_template,ood_template_random_vote_speech_328_4,r2_ood_template_random_vote_speech_seed_328_game_4,328,22,village
r2_ood_template_random_vote_speech,5,random_vote_speech,ood_template,ood_template_random_vote_speech_328_5,r2_ood_template_random_vote_speech_seed_328_game_5,328,22,wolf
r2_ood_template_balanced_social,1,balanced_social,ood_template,ood_template_balanced_social_329_1,r2_ood_template_balanced_social_seed_329_game_1,329,25,village
r2_ood_template_balanced_social,2,balanced_social,ood_template,ood_template_balanced_social_329_2,r2_ood_template_balanced_social_seed_329_game_2,329,28,wolf
r2_ood_template_balanced_social,3,balanced_social,ood_template,ood_template_balanced_social_329_3,r2_ood_template_balanced_social_seed_329_game_3,329,22,wolf
r2_ood_template_balanced_social,4,balanced_social,ood_template,ood_template_balanced_social_329_4,r2_ood_template_balanced_social_seed_329_game_4,329,22,wolf
r2_ood_template_balanced_social,5,balanced_social,ood_template,ood_template_balanced_social_329_5,r2_ood_template_balanced_social_seed_329_game_5,329,26,wolf
r2_ood_template_deception_adaptive,1,deception_adaptive,ood_template,ood_template_deception_adaptive_329_1,r2_ood_template_deception_adaptive_seed_329_game_1,329,21,wolf
r2_ood_template_deception_adaptive,2,deception_adaptive,ood_template,ood_template_deception_adaptive_329_2,r2_ood_template_deception_adaptive_seed_329_game_2,329,24,wolf
r2_ood_template_deception_adaptive,3,deception_adaptive,ood_template,ood_template_deception_adaptive_329_3,r2_ood_template_deception_adaptive_seed_329_game_3,329,13,wolf
r2_ood_template_deception_adaptive,4,deception_adaptive,ood_template,ood_template_deception_adaptive_329_4,r2_ood_template_deception_adaptive_seed_329_game_4,329,24,wolf
r2_ood_template_deception_adaptive,5,deception_adaptive,ood_template,ood_template_deception_adaptive_329_5,r2_ood_template_deception_adaptive_seed_329_game_5,329,24,village
r2_ood_template_trust_weighted_memory,1,trust_weighted_memory,ood_template,ood_template_trust_weighted_memory_329_1,r2_ood_template_trust_weighted_memory_seed_329_game_1,329,25,village
r2_ood_template_trust_weighted_memory,2,trust_weighted_memory,ood_template,ood_template_trust_weighted_memory_329_2,r2_ood_template_trust_weighted_memory_seed_329_game_2,329,16,wolf
r2_ood_template_trust_weighted_memory,3,trust_weighted_memory,ood_template,ood_template_trust_weighted_memory_329_3,r2_ood_template_trust_weighted_memory_seed_329_game_3,329,23,village
r2_ood_template_trust_weighted_memory,4,trust_weighted_memory,ood_template,ood_template_trust_weighted_memory_329_4,r2_ood_template_trust_weighted_memory_seed_329_game_4,329,14,wolf
r2_ood_template_trust_weighted_memory,5,trust_weighted_memory,ood_template,ood_template_trust_weighted_memory_329_5,r2_ood_template_trust_weighted_memory_seed_329_game_5,329,23,village
r2_ood_template_random_vote_speech,1,random_vote_speech,ood_template,ood_template_random_vote_speech_329_1,r2_ood_template_random_vote_speech_seed_329_game_1,329,22,village
r2_ood_template_random_vote_speech,2,random_vote_speech,ood_template,ood_template_random_vote_speech_329_2,r2_ood_template_random_vote_speech_seed_329_game_2,329,20,wolf
r2_ood_template_random_vote_speech,3,random_vote_speech,ood_template,ood_template_random_vote_speech_329_3,r2_ood_template_random_vote_speech_seed_329_game_3,329,20,wolf
r2_ood_template_random_vote_speech,4,random_vote_speech,ood_template,ood_template_random_vote_speech_329_4,r2_ood_template_random_vote_speech_seed_329_game_4,329,24,wolf
r2_ood_template_random_vote_speech,5,random_vote_speech,ood_template,ood_template_random_vote_speech_329_5,r2_ood_template_random_vote_speech_seed_329_game_5,329,23,wolf
r2_ood_regime_risk_heterogeneous,1,risk_heterogeneous,ood_regime,ood_regime_risk_heterogeneous_330_1,r2_ood_regime_risk_heterogeneous_seed_330_game_1,330,22,wolf
r2_ood_regime_risk_heterogeneous,2,risk_heterogeneous,ood_regime,ood_regime_risk_heterogeneous_330_2,r2_ood_regime_risk_heterogeneous_seed_330_game_2,330,21,wolf
r2_ood_regime_risk_heterogeneous,3,risk_heterogeneous,ood_regime,ood_regime_risk_heterogeneous_330_3,r2_ood_regime_risk_heterogeneous_seed_330_game_3,330,16,village
r2_ood_regime_risk_heterogeneous,4,risk_heterogeneous,ood_regime,ood_regime_risk_heterogeneous_330_4,r2_ood_regime_risk_heterogeneous_seed_330_game_4,330,24,village
r2_ood_regime_risk_heterogeneous,5,risk_heterogeneous,ood_regime,ood_regime_risk_heterogeneous_330_5,r2_ood_regime_risk_heterogeneous_seed_330_game_5,330,10,wolf
r2_ood_regime_risk_heterogeneous,6,risk_heterogeneous,ood_regime,ood_regime_risk_heterogeneous_330_6,r2_ood_regime_risk_heterogeneous_seed_330_game_6,330,15,wolf
r2_ood_regime_risk_heterogeneous,7,risk_heterogeneous,ood_regime,ood_regime_risk_heterogeneous_330_7,r2_ood_regime_risk_heterogeneous_seed_330_game_7,330,26,village
r2_ood_regime_risk_heterogeneous,8,risk_heterogeneous,ood_regime,ood_regime_risk_heterogeneous_330_8,r2_ood_regime_risk_heterogeneous_seed_330_game_8,330,17,wolf
r2_ood_regime_risk_heterogeneous,9,risk_heterogeneous,ood_regime,ood_regime_risk_heterogeneous_330_9,r2_ood_regime_risk_heterogeneous_seed_330_game_9,330,23,village
r2_ood_regime_risk_heterogeneous,10,risk_heterogeneous,ood_regime,ood_regime_risk_heterogeneous_330_10,r2_ood_regime_risk_heterogeneous_seed_330_game_10,330,17,wolf
r2_ood_regime_last_words_enabled,1,last_words_enabled,ood_regime,ood_regime_last_words_enabled_330_1,r2_ood_regime_last_words_enabled_seed_330_game_1,330,25,wolf
r2_ood_regime_last_words_enabled,2,last_words_enabled,ood_regime,ood_regime_last_words_enabled_330_2,r2_ood_regime_last_words_enabled_seed_330_game_2,330,26,wolf
r2_ood_regime_last_words_enabled,3,last_words_enabled,ood_regime,ood_regime_last_words_enabled_330_3,r2_ood_regime_last_words_enabled_seed_330_game_3,330,19,wolf
r2_ood_regime_last_words_enabled,4,last_words_enabled,ood_regime,ood_regime_last_words_enabled_330_4,r2_ood_regime_last_words_enabled_seed_330_game_4,330,19,wolf
r2_ood_regime_last_words_enabled,5,last_words_enabled,ood_regime,ood_regime_last_words_enabled_330_5,r2_ood_regime_last_words_enabled_seed_330_game_5,330,20,wolf
r2_ood_regime_last_words_enabled,6,last_words_enabled,ood_regime,ood_regime_last_words_enabled_330_6,r2_ood_regime_last_words_enabled_seed_330_game_6,330,20,wolf
r2_ood_regime_last_words_enabled,7,last_words_enabled,ood_regime,ood_regime_last_words_enabled_330_7,r2_ood_regime_last_words_enabled_seed_330_game_7,330,32,village
r2_ood_regime_last_words_enabled,8,last_words_enabled,ood_regime,ood_regime_last_words_enabled_330_8,r2_ood_regime_last_words_enabled_seed_330_game_8,330,30,wolf
r2_ood_regime_last_words_enabled,9,last_words_enabled,ood_regime,ood_regime_last_words_enabled_330_9,r2_ood_regime_last_words_enabled_seed_330_game_9,330,19,village
r2_ood_regime_last_words_enabled,10,last_words_enabled,ood_regime,ood_regime_last_words_enabled_330_10,r2_ood_regime_last_words_enabled_seed_330_game_10,330,20,wolf
r2_ood_regime_risk_heterogeneous,1,risk_heterogeneous,ood_regime,ood_regime_risk_heterogeneous_331_1,r2_ood_regime_risk_heterogeneous_seed_331_game_1,331,17,wolf
r2_ood_regime_risk_heterogeneous,2,risk_heterogeneous,ood_regime,ood_regime_risk_heterogeneous_331_2,r2_ood_regime_risk_heterogeneous_seed_331_game_2,331,17,wolf
r2_ood_regime_risk_heterogeneous,3,risk_heterogeneous,ood_regime,ood_regime_risk_heterogeneous_331_3,r2_ood_regime_risk_heterogeneous_seed_331_game_3,331,21,wolf
r2_ood_regime_risk_heterogeneous,4,risk_heterogeneous,ood_regime,ood_regime_risk_heterogeneous_331_4,r2_ood_regime_risk_heterogeneous_seed_331_game_4,331,16,wolf
r2_ood_regime_risk_heterogeneous,5,risk_heterogeneous,ood_regime,ood_regime_risk_heterogeneous_331_5,r2_ood_regime_risk_heterogeneous_seed_331_game_5,331,17,wolf
r2_ood_regime_risk_heterogeneous,6,risk_heterogeneous,ood_regime,ood_regime_risk_heterogeneous_331_6,r2_ood_regime_risk_heterogeneous_seed_331_game_6,331,22,wolf
r2_ood_regime_risk_heterogeneous,7,risk_heterogeneous,ood_regime,ood_regime_risk_heterogeneous_331_7,r2_ood_regime_risk_heterogeneous_seed_331_game_7,331,22,village
r2_ood_regime_risk_heterogeneous,8,risk_heterogeneous,ood_regime,ood_regime_risk_heterogeneous_331_8,r2_ood_regime_risk_heterogeneous_seed_331_game_8,331,17,wolf
r2_ood_regime_risk_heterogeneous,9,risk_heterogeneous,ood_regime,ood_regime_risk_heterogeneous_331_9,r2_ood_regime_risk_heterogeneous_seed_331_game_9,331,24,wolf
r2_ood_regime_risk_heterogeneous,10,risk_heterogeneous,ood_regime,ood_regime_risk_heterogeneous_331_10,r2_ood_regime_risk_heterogeneous_seed_331_game_10,331,21,wolf
r2_ood_regime_last_words_enabled,1,last_words_enabled,ood_regime,ood_regime_last_words_enabled_331_1,r2_ood_regime_last_words_enabled_seed_331_game_1,331,27,wolf
r2_ood_regime_last_words_enabled,2,last_words_enabled,ood_regime,ood_regime_last_words_enabled_331_2,r2_ood_regime_last_words_enabled_seed_331_game_2,331,19,wolf
r2_ood_regime_last_words_enabled,3,last_words_enabled,ood_regime,ood_regime_last_words_enabled_331_3,r2_ood_regime_last_words_enabled_seed_331_game_3,331,11,wolf
r2_ood_regime_last_words_enabled,4,last_words_enabled,ood_regime,ood_regime_last_words_enabled_331_4,r2_ood_regime_last_words_enabled_seed_331_game_4,331,19,village
r2_ood_regime_last_words_enabled,5,last_words_enabled,ood_regime,ood_regime_last_words_enabled_331_5,r2_ood_regime_last_words_enabled_seed_331_game_5,331,19,wolf
r2_ood_regime_last_words_enabled,6,last_words_enabled,ood_regime,ood_regime_last_words_enabled_331_6,r2_ood_regime_last_words_enabled_seed_331_game_6,331,11,wolf
r2_ood_regime_last_words_enabled,7,last_words_enabled,ood_regime,ood_regime_last_words_enabled_331_7,r2_ood_regime_last_words_enabled_seed_331_game_7,331,19,wolf
r2_ood_regime_last_words_enabled,8,last_words_enabled,ood_regime,ood_regime_last_words_enabled_331_8,r2_ood_regime_last_words_enabled_seed_331_game_8,331,26,wolf
r2_ood_regime_last_words_enabled,9,last_words_enabled,ood_regime,ood_regime_last_words_enabled_331_9,r2_ood_regime_last_words_enabled_seed_331_game_9,331,20,wolf
r2_ood_regime_last_words_enabled,10,last_words_enabled,ood_regime,ood_regime_last_words_enabled_331_10,r2_ood_regime_last_words_enabled_seed_331_game_10,331,18,village
r2_ood_regime_risk_heterogeneous,1,risk_heterogeneous,ood_regime,ood_regime_risk_heterogeneous_332_1,r2_ood_regime_risk_heterogeneous_seed_332_game_1,332,17,village
r2_ood_regime_risk_heterogeneous,2,risk_heterogeneous,ood_regime,ood_regime_risk_heterogeneous_332_2,r2_ood_regime_risk_heterogeneous_seed_332_game_2,332,18,wolf
r2_ood_regime_risk_heterogeneous,3,risk_heterogeneous,ood_regime,ood_regime_risk_heterogeneous_332_3,r2_ood_regime_risk_heterogeneous_seed_332_game_3,332,23,wolf
r2_ood_regime_risk_heterogeneous,4,risk_heterogeneous,ood_regime,ood_regime_risk_heterogeneous_332_4,r2_ood_regime_risk_heterogeneous_seed_332_game_4,332,20,wolf
r2_ood_regime_risk_heterogeneous,5,risk_heterogeneous,ood_regime,ood_regime_risk_heterogeneous_332_5,r2_ood_regime_risk_heterogeneous_seed_332_game_5,332,24,wolf
r2_ood_regime_risk_heterogeneous,6,risk_heterogeneous,ood_regime,ood_regime_risk_heterogeneous_332_6,r2_ood_regime_risk_heterogeneous_seed_332_game_6,332,9,wolf
r2_ood_regime_risk_heterogeneous,7,risk_heterogeneous,ood_regime,ood_regime_risk_heterogeneous_332_7,r2_ood_regime_risk_heterogeneous_seed_332_game_7,332,17,wolf
r2_ood_regime_risk_heterogeneous,8,risk_heterogeneous,ood_regime,ood_regime_risk_heterogeneous_332_8,r2_ood_regime_risk_heterogeneous_seed_332_game_8,332,18,wolf
r2_ood_regime_risk_heterogeneous,9,risk_heterogeneous,ood_regime,ood_regime_risk_heterogeneous_332_9,r2_ood_regime_risk_heterogeneous_seed_332_game_9,332,18,wolf
r2_ood_regime_risk_heterogeneous,10,risk_heterogeneous,ood_regime,ood_regime_risk_heterogeneous_332_10,r2_ood_regime_risk_heterogeneous_seed_332_game_10,332,24,wolf
r2_ood_regime_last_words_enabled,1,last_words_enabled,ood_regime,ood_regime_last_words_enabled_332_1,r2_ood_regime_last_words_enabled_seed_332_game_1,332,19,wolf
r2_ood_regime_last_words_enabled,2,last_words_enabled,ood_regime,ood_regime_last_words_enabled_332_2,r2_ood_regime_last_words_enabled_seed_332_game_2,332,19,wolf
r2_ood_regime_last_words_enabled,3,last_words_enabled,ood_regime,ood_regime_last_words_enabled_332_3,r2_ood_regime_last_words_enabled_seed_332_game_3,332,24,wolf
r2_ood_regime_last_words_enabled,4,last_words_enabled,ood_regime,ood_regime_last_words_enabled_332_4,r2_ood_regime_last_words_enabled_seed_332_game_4,332,23,village
r2_ood_regime_last_words_enabled,5,last_words_enabled,ood_regime,ood_regime_last_words_enabled_332_5,r2_ood_regime_last_words_enabled_seed_332_game_5,332,27,wolf
r2_ood_regime_last_words_enabled,6,last_words_enabled,ood_regime,ood_regime_last_words_enabled_332_6,r2_ood_regime_last_words_enabled_seed_332_game_6,332,30,village
r2_ood_regime_last_words_enabled,7,last_words_enabled,ood_regime,ood_regime_last_words_enabled_332_7,r2_ood_regime_last_words_enabled_seed_332_game_7,332,24,village
r2_ood_regime_last_words_enabled,8,last_words_enabled,ood_regime,ood_regime_last_words_enabled_332_8,r2_ood_regime_last_words_enabled_seed_332_game_8,332,27,wolf
r2_ood_regime_last_words_enabled,9,last_words_enabled,ood_regime,ood_regime_last_words_enabled_332_9,r2_ood_regime_last_words_enabled_seed_332_game_9,332,20,wolf
r2_ood_regime_last_words_enabled,10,last_words_enabled,ood_regime,ood_regime_last_words_enabled_332_10,r2_ood_regime_last_words_enabled_seed_332_game_10,332,11,wolf
r2_ood_regime_risk_heterogeneous,1,risk_heterogeneous,ood_regime,ood_regime_risk_heterogeneous_333_1,r2_ood_regime_risk_heterogeneous_seed_333_game_1,333,22,village
r2_ood_regime_risk_heterogeneous,2,risk_heterogeneous,ood_regime,ood_regime_risk_heterogeneous_333_2,r2_ood_regime_risk_heterogeneous_seed_333_game_2,333,15,wolf
r2_ood_regime_risk_heterogeneous,3,risk_heterogeneous,ood_regime,ood_regime_risk_heterogeneous_333_3,r2_ood_regime_risk_heterogeneous_seed_333_game_3,333,17,wolf
r2_ood_regime_risk_heterogeneous,4,risk_heterogeneous,ood_regime,ood_regime_risk_heterogeneous_333_4,r2_ood_regime_risk_heterogeneous_seed_333_game_4,333,24,wolf
r2_ood_regime_risk_heterogeneous,5,risk_heterogeneous,ood_regime,ood_regime_risk_heterogeneous_333_5,r2_ood_regime_risk_heterogeneous_seed_333_game_5,333,23,village
r2_ood_regime_risk_heterogeneous,6,risk_heterogeneous,ood_regime,ood_regime_risk_heterogeneous_333_6,r2_ood_regime_risk_heterogeneous_seed_333_game_6,333,17,wolf
r2_ood_regime_risk_heterogeneous,7,risk_heterogeneous,ood_regime,ood_regime_risk_heterogeneous_333_7,r2_ood_regime_risk_heterogeneous_seed_333_game_7,333,26,wolf
r2_ood_regime_risk_heterogeneous,8,risk_heterogeneous,ood_regime,ood_regime_risk_heterogeneous_333_8,r2_ood_regime_risk_heterogeneous_seed_333_game_8,333,22,village
r2_ood_regime_risk_heterogeneous,9,risk_heterogeneous,ood_regime,ood_regime_risk_heterogeneous_333_9,r2_ood_regime_risk_heterogeneous_seed_333_game_9,333,24,wolf
r2_ood_regime_risk_heterogeneous,10,risk_heterogeneous,ood_regime,ood_regime_risk_heterogeneous_333_10,r2_ood_regime_risk_heterogeneous_seed_333_game_10,333,26,village
r2_ood_regime_last_words_enabled,1,last_words_enabled,ood_regime,ood_regime_last_words_enabled_333_1,r2_ood_regime_last_words_enabled_seed_333_game_1,333,25,wolf
r2_ood_regime_last_words_enabled,2,last_words_enabled,ood_regime,ood_regime_last_words_enabled_333_2,r2_ood_regime_last_words_enabled_seed_333_game_2,333,11,wolf
r2_ood_regime_last_words_enabled,3,last_words_enabled,ood_regime,ood_regime_last_words_enabled_333_3,r2_ood_regime_last_words_enabled_seed_333_game_3,333,24,wolf
r2_ood_regime_last_words_enabled,4,last_words_enabled,ood_regime,ood_regime_last_words_enabled_333_4,r2_ood_regime_last_words_enabled_seed_333_game_4,333,24,wolf
r2_ood_regime_last_words_enabled,5,last_words_enabled,ood_regime,ood_regime_last_words_enabled_333_5,r2_ood_regime_last_words_enabled_seed_333_game_5,333,25,wolf
r2_ood_regime_last_words_enabled,6,last_words_enabled,ood_regime,ood_regime_last_words_enabled_333_6,r2_ood_regime_last_words_enabled_seed_333_game_6,333,24,wolf
r2_ood_regime_last_words_enabled,7,last_words_enabled,ood_regime,ood_regime_last_words_enabled_333_7,r2_ood_regime_last_words_enabled_seed_333_game_7,333,20,wolf
r2_ood_regime_last_words_enabled,8,last_words_enabled,ood_regime,ood_regime_last_words_enabled_333_8,r2_ood_regime_last_words_enabled_seed_333_game_8,333,31,village
r2_ood_regime_last_words_enabled,9,last_words_enabled,ood_regime,ood_regime_last_words_enabled_333_9,r2_ood_regime_last_words_enabled_seed_333_game_9,333,30,village
r2_ood_regime_last_words_enabled,10,last_words_enabled,ood_regime,ood_regime_last_words_enabled_333_10,r2_ood_regime_last_words_enabled_seed_333_game_10,333,20,wolf
r2_ood_regime_risk_heterogeneous,1,risk_heterogeneous,ood_regime,ood_regime_risk_heterogeneous_334_1,r2_ood_regime_risk_heterogeneous_seed_334_game_1,334,17,wolf
r2_ood_regime_risk_heterogeneous,2,risk_heterogeneous,ood_regime,ood_regime_risk_heterogeneous_334_2,r2_ood_regime_risk_heterogeneous_seed_334_game_2,334,22,wolf
r2_ood_regime_risk_heterogeneous,3,risk_heterogeneous,ood_regime,ood_regime_risk_heterogeneous_334_3,r2_ood_regime_risk_heterogeneous_seed_334_game_3,334,23,wolf
r2_ood_regime_risk_heterogeneous,4,risk_heterogeneous,ood_regime,ood_regime_risk_heterogeneous_334_4,r2_ood_regime_risk_heterogeneous_seed_334_game_4,334,18,wolf
r2_ood_regime_risk_heterogeneous,5,risk_heterogeneous,ood_regime,ood_regime_risk_heterogeneous_334_5,r2_ood_regime_risk_heterogeneous_seed_334_game_5,334,25,village
r2_ood_regime_risk_heterogeneous,6,risk_heterogeneous,ood_regime,ood_regime_risk_heterogeneous_334_6,r2_ood_regime_risk_heterogeneous_seed_334_game_6,334,16,wolf
r2_ood_regime_risk_heterogeneous,7,risk_heterogeneous,ood_regime,ood_regime_risk_heterogeneous_334_7,r2_ood_regime_risk_heterogeneous_seed_334_game_7,334,18,wolf
r2_ood_regime_risk_heterogeneous,8,risk_heterogeneous,ood_regime,ood_regime_risk_heterogeneous_334_8,r2_ood_regime_risk_heterogeneous_seed_334_game_8,334,17,village
r2_ood_regime_risk_heterogeneous,9,risk_heterogeneous,ood_regime,ood_regime_risk_heterogeneous_334_9,r2_ood_regime_risk_heterogeneous_seed_334_game_9,334,18,village
r2_ood_regime_risk_heterogeneous,10,risk_heterogeneous,ood_regime,ood_regime_risk_heterogeneous_334_10,r2_ood_regime_risk_heterogeneous_seed_334_game_10,334,24,village
r2_ood_regime_last_words_enabled,1,last_words_enabled,ood_regime,ood_regime_last_words_enabled_334_1,r2_ood_regime_last_words_enabled_seed_334_game_1,334,27,wolf
r2_ood_regime_last_words_enabled,2,last_words_enabled,ood_regime,ood_regime_last_words_enabled_334_2,r2_ood_regime_last_words_enabled_seed_334_game_2,334,20,wolf
r2_ood_regime_last_words_enabled,3,last_words_enabled,ood_regime,ood_regime_last_words_enabled_334_3,r2_ood_regime_last_words_enabled_seed_334_game_3,334,20,wolf
r2_ood_regime_last_words_enabled,4,last_words_enabled,ood_regime,ood_regime_last_words_enabled_334_4,r2_ood_regime_last_words_enabled_seed_334_game_4,334,24,village
r2_ood_regime_last_words_enabled,5,last_words_enabled,ood_regime,ood_regime_last_words_enabled_334_5,r2_ood_regime_last_words_enabled_seed_334_game_5,334,23,wolf
r2_ood_regime_last_words_enabled,6,last_words_enabled,ood_regime,ood_regime_last_words_enabled_334_6,r2_ood_regime_last_words_enabled_seed_334_game_6,334,27,wolf
r2_ood_regime_last_words_enabled,7,last_words_enabled,ood_regime,ood_regime_last_words_enabled_334_7,r2_ood_regime_last_words_enabled_seed_334_game_7,334,25,wolf
r2_ood_regime_last_words_enabled,8,last_words_enabled,ood_regime,ood_regime_last_words_enabled_334_8,r2_ood_regime_last_words_enabled_seed_334_game_8,334,19,village
r2_ood_regime_last_words_enabled,9,last_words_enabled,ood_regime,ood_regime_last_words_enabled_334_9,r2_ood_regime_last_words_enabled_seed_334_game_9,334,27,wolf
r2_ood_regime_last_words_enabled,10,last_words_enabled,ood_regime,ood_regime_last_words_enabled_334_10,r2_ood_regime_last_words_enabled_seed_334_game_10,334,31,wolf
