experiment_component,pair_id,game_id,seed,base_game_index,reference_or_replay,strategy,mirrored,physical_direction,actor_mapping,physical_mapping,action_log_id,action_count,reference_action_count,replay_action_count,action_sequence_exact_match,state_sequence_exact_match,winner_match,total_rounds_match,final_alive_set_match,first_divergence_event_index,first_divergence_round,first_divergence_phase,first_divergence_type,mirrored_action_sequence_match,first_check_mirror_match,full_check_sequence_mirror_match,vote_sequence_mirror_match,speech_sequence_mirror_match,winner_mirror_match,rounds_mirror_match,final_alive_mirror_match,winner,village_win,wolf_win,total_rounds,seer_actor_uid,seer_survived_to_game_end,total_seer_checks,found_wolf_by_check_1,found_wolf_by_check_2,found_wolf_by_check_3
supplied_action_replay,same_action_seed_42_base_1,same_action_seed_42_base_1,42,1,reference_replay_pair,physical_clockwise,0,same_physical_actions,"{""1"":""villager"",""2"":""villager"",""3"":""werewolf"",""4"":""werewolf"",""5"":""hunter"",""6"":""villager"",""7"":""witch"",""8"":""villager"",""9"":""seer"",""10"":""werewolf""}","{""1"":1,""2"":2,""3"":3,""4"":4,""5"":5,""6"":6,""7"":7,""8"":8,""9"":9,""10"":10}",same_action_reference_seed_42_base_1_physical_clockwise,69,69,69,1,1,1,1,1,,,,none,,,,,,,,,wolf,0,1,5,9,0,3,1,1,1
supplied_action_replay,same_action_seed_42_base_2,same_action_seed_42_base_2,42,2,reference_replay_pair,physical_clockwise,0,same_physical_actions,"{""1"":""werewolf"",""2"":""werewolf"",""3"":""werewolf"",""4"":""villager"",""5"":""seer"",""6"":""villager"",""7"":""hunter"",""8"":""witch"",""9"":""villager"",""10"":""villager""}","{""1"":1,""2"":2,""3"":3,""4"":4,""5"":5,""6"":6,""7"":7,""8"":8,""9"":9,""10"":10}",same_action_reference_seed_42_base_2_physical_clockwise,57,57,57,1,1,1,1,1,,,,none,,,,,,,,,wolf,0,1,4,5,0,1,0,0,0
supplied_action_replay,same_action_seed_42_base_3,same_action_seed_42_base_3,42,3,reference_replay_pair,physical_clockwise,0,same_physical_actions,"{""1"":""witch"",""2"":""werewolf"",""3"":""seer"",""4"":""werewolf"",""5"":""werewolf"",""6"":""hunter"",""7"":""villager"",""8"":""villager"",""9"":""villager"",""10"":""villager""}","{""1"":1,""2"":2,""3"":3,""4"":4,""5"":5,""6"":6,""7"":7,""8"":8,""9"":9,""10"":10}",same_action_reference_seed_42_base_3_physical_clockwise,64,64,64,1,1,1,1,1,,,,none,,,,,,,,,wolf,0,1,4,3,0,4,1,1,1
supplied_action_replay,same_action_seed_42_base_4,same_action_seed_42_base_4,42,4,reference_replay_pair,physical_clockwise,0,same_physical_actions,"{""1"":""witch"",""2"":""hunter"",""3"":""werewolf"",""4"":""villager"",""5"":""seer"",""6"":""werewolf"",""7"":""villager"",""8"":""werewolf"",""9"":""villager"",""10"":""villager""}","{""1"":1,""2"":2,""3"":3,""4"":4,""5"":5,""6"":6,""7"":7,""8"":8,""9"":9,""10"":10}",same_action_reference_seed_42_base_4_physical_clockwise,60,60,60,1,1,1,1,1,,,,none,,,,,,,,,village,1,0,4,5,1,4,1,1,1
supplied_action_replay,same_action_seed_42_base_5,same_action_seed_42_base_5,42,5,reference_replay_pair,physical_clockwise,0,same_physical_actions,"{""1"":""villager"",""2"":""werewolf"",""3"":""villager"",""4"":""werewolf"",""5"":""seer"",""6"":""villager"",""7"":""witch"",""8"":""villager"",""9"":""hunter"",""10"":""werewolf""}","{""1"":1,""2"":2,""3"":3,""4"":4,""5"":5,""6"":6,""7"":7,""8"":8,""9"":9,""10"":10}",same_action_reference_seed_42_base_5_physical_clockwise,58,58,58,1,1,1,1,1,,,,none,,,,,,,,,village,1,0,3,5,1,3,0,0,0
supplied_action_replay,same_action_seed_42_base_6,same_action_seed_42_base_6,42,6,reference_replay_pair,physical_clockwise,0,same_physical_actions,"{""1"":""villager"",""2"":""hunter"",""3"":""seer"",""4"":""werewolf"",""5"":""werewolf"",""6"":""villager"",""7"":""villager"",""8"":""werewolf"",""9"":""witch"",""10"":""villager""}","{""1"":1,""2"":2,""3"":3,""4"":4,""5"":5,""6"":6,""7"":7,""8"":8,""9"":9,""10"":10}",same_action_reference_seed_42_base_6_physical_clockwise,54,54,54,1,1,1,1,1,,,,none,,,,,,,,,village,1,0,3,3,0,2,1,1,1
supplied_action_replay,same_action_seed_42_base_7,same_action_seed_42_base_7,42,7,reference_replay_pair,physical_clockwise,0,same_physical_actions,"{""1"":""werewolf"",""2"":""villager"",""3"":""hunter"",""4"":""werewolf"",""5"":""witch"",""6"":""seer"",""7"":""villager"",""8"":""villager"",""9"":""villager"",""10"":""werewolf""}","{""1"":1,""2"":2,""3"":3,""4"":4,""5"":5,""6"":6,""7"":7,""8"":8,""9"":9,""10"":10}",same_action_reference_seed_42_base_7_physical_clockwise,24,24,24,1,1,1,1,1,,,,none,,,,,,,,,wolf,0,1,2,6,0,2,0,0,0
supplied_action_replay,same_action_seed_42_base_8,same_action_seed_42_base_8,42,8,reference_replay_pair,physical_clockwise,0,same_physical_actions,"{""1"":""werewolf"",""2"":""hunter"",""3"":""villager"",""4"":""seer"",""5"":""witch"",""6"":""werewolf"",""7"":""villager"",""8"":""werewolf"",""9"":""villager"",""10"":""villager""}","{""1"":1,""2"":2,""3"":3,""4"":4,""5"":5,""6"":6,""7"":7,""8"":8,""9"":9,""10"":10}",same_action_reference_seed_42_base_8_physical_clockwise,55,55,55,1,1,1,1,1,,,,none,,,,,,,,,wolf,0,1,4,4,0,1,0,0,0
supplied_action_replay,same_action_seed_42_base_9,same_action_seed_42_base_9,42,9,reference_replay_pair,physical_clockwise,0,same_physical_actions,"{""1"":""villager"",""2"":""werewolf"",""3"":""werewolf"",""4"":""villager"",""5"":""hunter"",""6"":""seer"",""7"":""villager"",""8"":""villager"",""9"":""witch"",""10"":""werewolf""}","{""1"":1,""2"":2,""3"":3,""4"":4,""5"":5,""6"":6,""7"":7,""8"":8,""9"":9,""10"":10}",same_action_reference_seed_42_base_9_physical_clockwise,53,53,53,1,1,1,1,1,,,,none,,,,,,,,,wolf,0,1,3,6,0,1,0,0,0
supplied_action_replay,same_action_seed_42_base_10,same_action_seed_42_base_10,42,10,reference_replay_pair,physical_clockwise,0,same_physical_actions,"{""1"":""villager"",""2"":""villager"",""3"":""hunter"",""4"":""werewolf"",""5"":""villager"",""6"":""witch"",""7"":""villager"",""8"":""werewolf"",""9"":""seer"",""10"":""werewolf""}","{""1"":1,""2"":2,""3"":3,""4"":4,""5"":5,""6"":6,""7"":7,""8"":8,""9"":9,""10"":10}",same_action_reference_seed_42_base_10_physical_clockwise,45,45,45,1,1,1,1,1,,,,none,,,,,,,,,wolf,0,1,4,9,0,1,1,1,1
supplied_action_replay,same_action_seed_42_base_11,same_action_seed_42_base_11,42,11,reference_replay_pair,physical_clockwise,0,same_physical_actions,"{""1"":""werewolf"",""2"":""villager"",""3"":""villager"",""4"":""hunter"",""5"":""werewolf"",""6"":""villager"",""7"":""werewolf"",""8"":""seer"",""9"":""witch"",""10"":""villager""}","{""1"":1,""2"":2,""3"":3,""4"":4,""5"":5,""6"":6,""7"":7,""8"":8,""9"":9,""10"":10}",same_action_reference_seed_42_base_11_physical_clockwise,57,57,57,1,1,1,1,1,,,,none,,,,,,,,,wolf,0,1,4,8,0,3,0,0,1
supplied_action_replay,same_action_seed_42_base_12,same_action_seed_42_base_12,42,12,reference_replay_pair,physical_clockwise,0,same_physical_actions,"{""1"":""villager"",""2"":""villager"",""3"":""villager"",""4"":""werewolf"",""5"":""witch"",""6"":""seer"",""7"":""werewolf"",""8"":""hunter"",""9"":""werewolf"",""10"":""villager""}","{""1"":1,""2"":2,""3"":3,""4"":4,""5"":5,""6"":6,""7"":7,""8"":8,""9"":9,""10"":10}",same_action_reference_seed_42_base_12_physical_clockwise,51,51,51,1,1,1,1,1,,,,none,,,,,,,,,village,1,0,3,6,0,3,1,1,1
supplied_action_replay,same_action_seed_42_base_13,same_action_seed_42_base_13,42,13,reference_replay_pair,physical_clockwise,0,same_physical_actions,"{""1"":""werewolf"",""2"":""hunter"",""3"":""villager"",""4"":""seer"",""5"":""villager"",""6"":""werewolf"",""7"":""villager"",""8"":""villager"",""9"":""werewolf"",""10"":""witch""}","{""1"":1,""2"":2,""3"":3,""4"":4,""5"":5,""6"":6,""7"":7,""8"":8,""9"":9,""10"":10}",same_action_reference_seed_42_base_13_physical_clockwise,44,44,44,1,1,1,1,1,,,,none,,,,,,,,,village,1,0,3,4,0,2,0,1,1
supplied_action_replay,same_action_seed_42_base_14,same_action_seed_42_base_14,42,14,reference_replay_pair,physical_clockwise,0,same_physical_actions,"{""1"":""witch"",""2"":""werewolf"",""3"":""seer"",""4"":""werewolf"",""5"":""werewolf"",""6"":""villager"",""7"":""villager"",""8"":""villager"",""9"":""villager"",""10"":""hunter""}","{""1"":1,""2"":2,""3"":3,""4"":4,""5"":5,""6"":6,""7"":7,""8"":8,""9"":9,""10"":10}",same_action_reference_seed_42_base_14_physical_clockwise,58,58,58,1,1,1,1,1,,,,none,,,,,,,,,wolf,0,1,4,3,0,2,1,1,1
supplied_action_replay,same_action_seed_42_base_15,same_action_seed_42_base_15,42,15,reference_replay_pair,physical_clockwise,0,same_physical_actions,"{""1"":""hunter"",""2"":""werewolf"",""3"":""werewolf"",""4"":""werewolf"",""5"":""villager"",""6"":""villager"",""7"":""villager"",""8"":""witch"",""9"":""seer"",""10"":""villager""}","{""1"":1,""2"":2,""3"":3,""4"":4,""5"":5,""6"":6,""7"":7,""8"":8,""9"":9,""10"":10}",same_action_reference_seed_42_base_15_physical_clockwise,63,63,63,1,1,1,1,1,,,,none,,,,,,,,,wolf,0,1,4,9,0,3,0,0,1
supplied_action_replay,same_action_seed_42_base_16,same_action_seed_42_base_16,42,16,reference_replay_pair,physical_clockwise,0,same_physical_actions,"{""1"":""hunter"",""2"":""villager"",""3"":""villager"",""4"":""werewolf"",""5"":""werewolf"",""6"":""villager"",""7"":""seer"",""8"":""witch"",""9"":""villager"",""10"":""werewolf""}","{""1"":1,""2"":2,""3"":3,""4"":4,""5"":5,""6"":6,""7"":7,""8"":8,""9"":9,""10"":10}",same_action_reference_seed_42_base_16_physical_clockwise,62,62,62,1,1,1,1,1,,,,none,,,,,,,,,village,1,0,4,7,0,2,0,0,0
supplied_action_replay,same_action_seed_42_base_17,same_action_seed_42_base_17,42,17,reference_replay_pair,physical_clockwise,0,same_physical_actions,"{""1"":""witch"",""2"":""seer"",""3"":""villager"",""4"":""villager"",""5"":""werewolf"",""6"":""werewolf"",""7"":""villager"",""8"":""werewolf"",""9"":""villager"",""10"":""hunter""}","{""1"":1,""2"":2,""3"":3,""4"":4,""5"":5,""6"":6,""7"":7,""8"":8,""9"":9,""10"":10}",same_action_reference_seed_42_base_17_physical_clockwise,64,64,64,1,1,1,1,1,,,,none,,,,,,,,,village,1,0,4,2,1,4,0,0,0
supplied_action_replay,same_action_seed_42_base_18,same_action_seed_42_base_18,42,18,reference_replay_pair,physical_clockwise,0,same_physical_actions,"{""1"":""hunter"",""2"":""werewolf"",""3"":""seer"",""4"":""werewolf"",""5"":""villager"",""6"":""villager"",""7"":""villager"",""8"":""witch"",""9"":""villager"",""10"":""werewolf""}","{""1"":1,""2"":2,""3"":3,""4"":4,""5"":5,""6"":6,""7"":7,""8"":8,""9"":9,""10"":10}",same_action_reference_seed_42_base_18_physical_clockwise,58,58,58,1,1,1,1,1,,,,none,,,,,,,,,wolf,0,1,3,3,0,2,1,1,1
supplied_action_replay,same_action_seed_42_base_19,same_action_seed_42_base_19,42,19,reference_replay_pair,physical_clockwise,0,same_physical_actions,"{""1"":""seer"",""2"":""villager"",""3"":""werewolf"",""4"":""witch"",""5"":""villager"",""6"":""werewolf"",""7"":""villager"",""8"":""werewolf"",""9"":""villager"",""10"":""hunter""}","{""1"":1,""2"":2,""3"":3,""4"":4,""5"":5,""6"":6,""7"":7,""8"":8,""9"":9,""10"":10}",same_action_reference_seed_42_base_19_physical_clockwise,59,59,59,1,1,1,1,1,,,,none,,,,,,,,,wolf,0,1,4,1,0,3,0,1,1
supplied_action_replay,same_action_seed_42_base_20,same_action_seed_42_base_20,42,20,reference_replay_pair,physical_clockwise,0,same_physical_actions,"{""1"":""werewolf"",""2"":""hunter"",""3"":""villager"",""4"":""villager"",""5"":""werewolf"",""6"":""villager"",""7"":""villager"",""8"":""seer"",""9"":""werewolf"",""10"":""witch""}","{""1"":1,""2"":2,""3"":3,""4"":4,""5"":5,""6"":6,""7"":7,""8"":8,""9"":9,""10"":10}",same_action_reference_seed_42_base_20_physical_clockwise,66,66,66,1,1,1,1,1,,,,none,,,,,,,,,village,1,0,4,8,0,4,1,1,1
supplied_action_replay,same_action_seed_42_base_21,same_action_seed_42_base_21,42,21,reference_replay_pair,physical_clockwise,0,same_physical_actions,"{""1"":""werewolf"",""2"":""hunter"",""3"":""villager"",""4"":""witch"",""5"":""seer"",""6"":""werewolf"",""7"":""villager"",""8"":""villager"",""9"":""werewolf"",""10"":""villager""}","{""1"":1,""2"":2,""3"":3,""4"":4,""5"":5,""6"":6,""7"":7,""8"":8,""9"":9,""10"":10}",same_action_reference_seed_42_base_21_physical_clockwise,59,59,59,1,1,1,1,1,,,,none,,,,,,,,,wolf,0,1,3,5,0,3,1,1,1
supplied_action_replay,same_action_seed_42_base_22,same_action_seed_42_base_22,42,22,reference_replay_pair,physical_clockwise,0,same_physical_actions,"{""1"":""witch"",""2"":""werewolf"",""3"":""seer"",""4"":""hunter"",""5"":""werewolf"",""6"":""villager"",""7"":""villager"",""8"":""villager"",""9"":""villager"",""10"":""werewolf""}","{""1"":1,""2"":2,""3"":3,""4"":4,""5"":5,""6"":6,""7"":7,""8"":8,""9"":9,""10"":10}",same_action_reference_seed_42_base_22_physical_clockwise,56,56,56,1,1,1,1,1,,,,none,,,,,,,,,wolf,0,1,4,3,0,4,0,1,1
supplied_action_replay,same_action_seed_42_base_23,same_action_seed_42_base_23,42,23,reference_replay_pair,physical_clockwise,0,same_physical_actions,"{""1"":""villager"",""2"":""villager"",""3"":""witch"",""4"":""werewolf"",""5"":""hunter"",""6"":""werewolf"",""7"":""werewolf"",""8"":""seer"",""9"":""villager"",""10"":""villager""}","{""1"":1,""2"":2,""3"":3,""4"":4,""5"":5,""6"":6,""7"":7,""8"":8,""9"":9,""10"":10}",same_action_reference_seed_42_base_23_physical_clockwise,55,55,55,1,1,1,1,1,,,,none,,,,,,,,,village,1,0,3,8,1,3,0,0,0
supplied_action_replay,same_action_seed_42_base_24,same_action_seed_42_base_24,42,24,reference_replay_pair,physical_clockwise,0,same_physical_actions,"{""1"":""witch"",""2"":""hunter"",""3"":""villager"",""4"":""villager"",""5"":""villager"",""6"":""werewolf"",""7"":""werewolf"",""8"":""werewolf"",""9"":""seer"",""10"":""villager""}","{""1"":1,""2"":2,""3"":3,""4"":4,""5"":5,""6"":6,""7"":7,""8"":8,""9"":9,""10"":10}",same_action_reference_seed_42_base_24_physical_clockwise,65,65,65,1,1,1,1,1,,,,none,,,,,,,,,wolf,0,1,4,9,0,3,0,0,0
supplied_action_replay,same_action_seed_42_base_25,same_action_seed_42_base_25,42,25,reference_replay_pair,physical_clockwise,0,same_physical_actions,"{""1"":""werewolf"",""2"":""villager"",""3"":""werewolf"",""4"":""seer"",""5"":""villager"",""6"":""villager"",""7"":""hunter"",""8"":""witch"",""9"":""werewolf"",""10"":""villager""}","{""1"":1,""2"":2,""3"":3,""4"":4,""5"":5,""6"":6,""7"":7,""8"":8,""9"":9,""10"":10}",same_action_reference_seed_42_base_25_physical_clockwise,57,57,57,1,1,1,1,1,,,,none,,,,,,,,,wolf,0,1,4,4,0,3,0,0,0
supplied_action_replay,same_action_seed_42_base_26,same_action_seed_42_base_26,42,26,reference_replay_pair,physical_clockwise,0,same_physical_actions,"{""1"":""witch"",""2"":""seer"",""3"":""hunter"",""4"":""villager"",""5"":""villager"",""6"":""villager"",""7"":""werewolf"",""8"":""villager"",""9"":""werewolf"",""10"":""werewolf""}","{""1"":1,""2"":2,""3"":3,""4"":4,""5"":5,""6"":6,""7"":7,""8"":8,""9"":9,""10"":10}",same_action_reference_seed_42_base_26_physical_clockwise,61,61,61,1,1,1,1,1,,,,none,,,,,,,,,wolf,0,1,4,2,0,1,0,0,0
supplied_action_replay,same_action_seed_42_base_27,same_action_seed_42_base_27,42,27,reference_replay_pair,physical_clockwise,0,same_physical_actions,"{""1"":""werewolf"",""2"":""villager"",""3"":""hunter"",""4"":""witch"",""5"":""werewolf"",""6"":""villager"",""7"":""seer"",""8"":""villager"",""9"":""werewolf"",""10"":""villager""}","{""1"":1,""2"":2,""3"":3,""4"":4,""5"":5,""6"":6,""7"":7,""8"":8,""9"":9,""10"":10}",same_action_reference_seed_42_base_27_physical_clockwise,55,55,55,1,1,1,1,1,,,,none,,,,,,,,,wolf,0,1,4,7,0,3,0,1,1
supplied_action_replay,same_action_seed_42_base_28,same_action_seed_42_base_28,42,28,reference_replay_pair,physical_clockwise,0,same_physical_actions,"{""1"":""villager"",""2"":""villager"",""3"":""villager"",""4"":""werewolf"",""5"":""seer"",""6"":""witch"",""7"":""werewolf"",""8"":""hunter"",""9"":""werewolf"",""10"":""villager""}","{""1"":1,""2"":2,""3"":3,""4"":4,""5"":5,""6"":6,""7"":7,""8"":8,""9"":9,""10"":10}",same_action_reference_seed_42_base_28_physical_clockwise,52,52,52,1,1,1,1,1,,,,none,,,,,,,,,wolf,0,1,4,5,0,2,0,1,1
supplied_action_replay,same_action_seed_42_base_29,same_action_seed_42_base_29,42,29,reference_replay_pair,physical_clockwise,0,same_physical_actions,"{""1"":""werewolf"",""2"":""werewolf"",""3"":""witch"",""4"":""hunter"",""5"":""villager"",""6"":""villager"",""7"":""werewolf"",""8"":""seer"",""9"":""villager"",""10"":""villager""}","{""1"":1,""2"":2,""3"":3,""4"":4,""5"":5,""6"":6,""7"":7,""8"":8,""9"":9,""10"":10}",same_action_reference_seed_42_base_29_physical_clockwise,23,23,23,1,1,1,1,1,,,,none,,,,,,,,,wolf,0,1,2,8,0,1,0,0,0
supplied_action_replay,same_action_seed_42_base_30,same_action_seed_42_base_30,42,30,reference_replay_pair,physical_clockwise,0,same_physical_actions,"{""1"":""villager"",""2"":""seer"",""3"":""werewolf"",""4"":""villager"",""5"":""witch"",""6"":""villager"",""7"":""hunter"",""8"":""werewolf"",""9"":""villager"",""10"":""werewolf""}","{""1"":1,""2"":2,""3"":3,""4"":4,""5"":5,""6"":6,""7"":7,""8"":8,""9"":9,""10"":10}",same_action_reference_seed_42_base_30_physical_clockwise,65,65,65,1,1,1,1,1,,,,none,,,,,,,,,village,1,0,4,2,0,3,1,1,1
supplied_action_replay,same_action_seed_42_base_31,same_action_seed_42_base_31,42,31,reference_replay_pair,physical_clockwise,0,same_physical_actions,"{""1"":""villager"",""2"":""villager"",""3"":""werewolf"",""4"":""werewolf"",""5"":""werewolf"",""6"":""seer"",""7"":""witch"",""8"":""villager"",""9"":""villager"",""10"":""hunter""}","{""1"":1,""2"":2,""3"":3,""4"":4,""5"":5,""6"":6,""7"":7,""8"":8,""9"":9,""10"":10}",same_action_reference_seed_42_base_31_physical_clockwise,42,42,42,1,1,1,1,1,,,,none,,,,,,,,,wolf,0,1,2,6,0,2,0,0,0
supplied_action_replay,same_action_seed_42_base_32,same_action_seed_42_base_32,42,32,reference_replay_pair,physical_clockwise,0,same_physical_actions,"{""1"":""villager"",""2"":""werewolf"",""3"":""werewolf"",""4"":""werewolf"",""5"":""villager"",""6"":""villager"",""7"":""hunter"",""8"":""villager"",""9"":""witch"",""10"":""seer""}","{""1"":1,""2"":2,""3"":3,""4"":4,""5"":5,""6"":6,""7"":7,""8"":8,""9"":9,""10"":10}",same_action_reference_seed_42_base_32_physical_clockwise,55,55,55,1,1,1,1,1,,,,none,,,,,,,,,village,1,0,3,10,0,3,0,1,1
supplied_action_replay,same_action_seed_42_base_33,same_action_seed_42_base_33,42,33,reference_replay_pair,physical_clockwise,0,same_physical_actions,"{""1"":""villager"",""2"":""werewolf"",""3"":""villager"",""4"":""werewolf"",""5"":""seer"",""6"":""werewolf"",""7"":""hunter"",""8"":""villager"",""9"":""witch"",""10"":""villager""}","{""1"":1,""2"":2,""3"":3,""4"":4,""5"":5,""6"":6,""7"":7,""8"":8,""9"":9,""10"":10}",same_action_reference_seed_42_base_33_physical_clockwise,52,52,52,1,1,1,1,1,,,,none,,,,,,,,,wolf,0,1,4,5,1,4,1,1,1
supplied_action_replay,same_action_seed_42_base_34,same_action_seed_42_base_34,42,34,reference_replay_pair,physical_clockwise,0,same_physical_actions,"{""1"":""witch"",""2"":""villager"",""3"":""werewolf"",""4"":""hunter"",""5"":""werewolf"",""6"":""seer"",""7"":""werewolf"",""8"":""villager"",""9"":""villager"",""10"":""villager""}","{""1"":1,""2"":2,""3"":3,""4"":4,""5"":5,""6"":6,""7"":7,""8"":8,""9"":9,""10"":10}",same_action_reference_seed_42_base_34_physical_clockwise,69,69,69,1,1,1,1,1,,,,none,,,,,,,,,village,1,0,4,6,0,4,1,1,1
supplied_action_replay,same_action_seed_42_base_35,same_action_seed_42_base_35,42,35,reference_replay_pair,physical_clockwise,0,same_physical_actions,"{""1"":""villager"",""2"":""hunter"",""3"":""werewolf"",""4"":""witch"",""5"":""villager"",""6"":""werewolf"",""7"":""villager"",""8"":""werewolf"",""9"":""villager"",""10"":""seer""}","{""1"":1,""2"":2,""3"":3,""4"":4,""5"":5,""6"":6,""7"":7,""8"":8,""9"":9,""10"":10}",same_action_reference_seed_42_base_35_physical_clockwise,38,38,38,1,1,1,1,1,,,,none,,,,,,,,,wolf,0,1,2,10,1,2,0,0,0
supplied_action_replay,same_action_seed_42_base_36,same_action_seed_42_base_36,42,36,reference_replay_pair,physical_clockwise,0,same_physical_actions,"{""1"":""villager"",""2"":""seer"",""3"":""werewolf"",""4"":""werewolf"",""5"":""villager"",""6"":""villager"",""7"":""witch"",""8"":""werewolf"",""9"":""villager"",""10"":""hunter""}","{""1"":1,""2"":2,""3"":3,""4"":4,""5"":5,""6"":6,""7"":7,""8"":8,""9"":9,""10"":10}",same_action_reference_seed_42_base_36_physical_clockwise,54,54,54,1,1,1,1,1,,,,none,,,,,,,,,village,1,0,3,2,0,2,1,1,1
supplied_action_replay,same_action_seed_42_base_37,same_action_seed_42_base_37,42,37,reference_replay_pair,physical_clockwise,0,same_physical_actions,"{""1"":""hunter"",""2"":""werewolf"",""3"":""villager"",""4"":""witch"",""5"":""villager"",""6"":""villager"",""7"":""werewolf"",""8"":""werewolf"",""9"":""seer"",""10"":""villager""}","{""1"":1,""2"":2,""3"":3,""4"":4,""5"":5,""6"":6,""7"":7,""8"":8,""9"":9,""10"":10}",same_action_reference_seed_42_base_37_physical_clockwise,69,69,69,1,1,1,1,1,,,,none,,,,,,,,,wolf,0,1,5,9,0,3,0,0,0
supplied_action_replay,same_action_seed_42_base_38,same_action_seed_42_base_38,42,38,reference_replay_pair,physical_clockwise,0,same_physical_actions,"{""1"":""seer"",""2"":""villager"",""3"":""werewolf"",""4"":""villager"",""5"":""villager"",""6"":""villager"",""7"":""werewolf"",""8"":""hunter"",""9"":""witch"",""10"":""werewolf""}","{""1"":1,""2"":2,""3"":3,""4"":4,""5"":5,""6"":6,""7"":7,""8"":8,""9"":9,""10"":10}",same_action_reference_seed_42_base_38_physical_clockwise,64,64,64,1,1,1,1,1,,,,none,,,,,,,,,village,1,0,4,1,1,4,0,1,1
supplied_action_replay,same_action_seed_42_base_39,same_action_seed_42_base_39,42,39,reference_replay_pair,physical_clockwise,0,same_physical_actions,"{""1"":""villager"",""2"":""hunter"",""3"":""villager"",""4"":""werewolf"",""5"":""werewolf"",""6"":""witch"",""7"":""villager"",""8"":""seer"",""9"":""villager"",""10"":""werewolf""}","{""1"":1,""2"":2,""3"":3,""4"":4,""5"":5,""6"":6,""7"":7,""8"":8,""9"":9,""10"":10}",same_action_reference_seed_42_base_39_physical_clockwise,58,58,58,1,1,1,1,1,,,,none,,,,,,,,,wolf,0,1,4,8,1,4,0,1,1
supplied_action_replay,same_action_seed_42_base_40,same_action_seed_42_base_40,42,40,reference_replay_pair,physical_clockwise,0,same_physical_actions,"{""1"":""villager"",""2"":""werewolf"",""3"":""villager"",""4"":""hunter"",""5"":""werewolf"",""6"":""villager"",""7"":""villager"",""8"":""werewolf"",""9"":""witch"",""10"":""seer""}","{""1"":1,""2"":2,""3"":3,""4"":4,""5"":5,""6"":6,""7"":7,""8"":8,""9"":9,""10"":10}",same_action_reference_seed_42_base_40_physical_clockwise,58,58,58,1,1,1,1,1,,,,none,,,,,,,,,village,1,0,3,10,1,3,0,0,0
supplied_action_replay,same_action_seed_42_base_41,same_action_seed_42_base_41,42,41,reference_replay_pair,physical_clockwise,0,same_physical_actions,"{""1"":""witch"",""2"":""villager"",""3"":""villager"",""4"":""seer"",""5"":""hunter"",""6"":""villager"",""7"":""werewolf"",""8"":""villager"",""9"":""werewolf"",""10"":""werewolf""}","{""1"":1,""2"":2,""3"":3,""4"":4,""5"":5,""6"":6,""7"":7,""8"":8,""9"":9,""10"":10}",same_action_reference_seed_42_base_41_physical_clockwise,70,70,70,1,1,1,1,1,,,,none,,,,,,,,,wolf,0,1,5,4,0,4,0,0,1
supplied_action_replay,same_action_seed_42_base_42,same_action_seed_42_base_42,42,42,reference_replay_pair,physical_clockwise,0,same_physical_actions,"{""1"":""villager"",""2"":""werewolf"",""3"":""werewolf"",""4"":""witch"",""5"":""werewolf"",""6"":""seer"",""7"":""villager"",""8"":""hunter"",""9"":""villager"",""10"":""villager""}","{""1"":1,""2"":2,""3"":3,""4"":4,""5"":5,""6"":6,""7"":7,""8"":8,""9"":9,""10"":10}",same_action_reference_seed_42_base_42_physical_clockwise,53,53,53,1,1,1,1,1,,,,none,,,,,,,,,wolf,0,1,4,6,0,3,0,0,0
supplied_action_replay,same_action_seed_42_base_43,same_action_seed_42_base_43,42,43,reference_replay_pair,physical_clockwise,0,same_physical_actions,"{""1"":""werewolf"",""2"":""hunter"",""3"":""villager"",""4"":""werewolf"",""5"":""werewolf"",""6"":""villager"",""7"":""witch"",""8"":""seer"",""9"":""villager"",""10"":""villager""}","{""1"":1,""2"":2,""3"":3,""4"":4,""5"":5,""6"":6,""7"":7,""8"":8,""9"":9,""10"":10}",same_action_reference_seed_42_base_43_physical_clockwise,39,39,39,1,1,1,1,1,,,,none,,,,,,,,,wolf,0,1,3,8,0,1,0,0,0
supplied_action_replay,same_action_seed_42_base_44,same_action_seed_42_base_44,42,44,reference_replay_pair,physical_clockwise,0,same_physical_actions,"{""1"":""villager"",""2"":""werewolf"",""3"":""villager"",""4"":""seer"",""5"":""villager"",""6"":""hunter"",""7"":""werewolf"",""8"":""werewolf"",""9"":""witch"",""10"":""villager""}","{""1"":1,""2"":2,""3"":3,""4"":4,""5"":5,""6"":6,""7"":7,""8"":8,""9"":9,""10"":10}",same_action_reference_seed_42_base_44_physical_clockwise,43,43,43,1,1,1,1,1,,,,none,,,,,,,,,wolf,0,1,3,4,1,3,0,0,1
supplied_action_replay,same_action_seed_42_base_45,same_action_seed_42_base_45,42,45,reference_replay_pair,physical_clockwise,0,same_physical_actions,"{""1"":""witch"",""2"":""werewolf"",""3"":""villager"",""4"":""seer"",""5"":""villager"",""6"":""werewolf"",""7"":""hunter"",""8"":""villager"",""9"":""werewolf"",""10"":""villager""}","{""1"":1,""2"":2,""3"":3,""4"":4,""5"":5,""6"":6,""7"":7,""8"":8,""9"":9,""10"":10}",same_action_reference_seed_42_base_45_physical_clockwise,69,69,69,1,1,1,1,1,,,,none,,,,,,,,,village,1,0,4,4,1,4,0,1,1
supplied_action_replay,same_action_seed_42_base_46,same_action_seed_42_base_46,42,46,reference_replay_pair,physical_clockwise,0,same_physical_actions,"{""1"":""villager"",""2"":""werewolf"",""3"":""villager"",""4"":""villager"",""5"":""hunter"",""6"":""werewolf"",""7"":""seer"",""8"":""werewolf"",""9"":""witch"",""10"":""villager""}","{""1"":1,""2"":2,""3"":3,""4"":4,""5"":5,""6"":6,""7"":7,""8"":8,""9"":9,""10"":10}",same_action_reference_seed_42_base_46_physical_clockwise,51,51,51,1,1,1,1,1,,,,none,,,,,,,,,wolf,0,1,4,7,0,3,1,1,1
supplied_action_replay,same_action_seed_42_base_47,same_action_seed_42_base_47,42,47,reference_replay_pair,physical_clockwise,0,same_physical_actions,"{""1"":""villager"",""2"":""werewolf"",""3"":""villager"",""4"":""werewolf"",""5"":""hunter"",""6"":""villager"",""7"":""villager"",""8"":""witch"",""9"":""werewolf"",""10"":""seer""}","{""1"":1,""2"":2,""3"":3,""4"":4,""5"":5,""6"":6,""7"":7,""8"":8,""9"":9,""10"":10}",same_action_reference_seed_42_base_47_physical_clockwise,64,64,64,1,1,1,1,1,,,,none,,,,,,,,,village,1,0,4,10,0,4,0,1,1
supplied_action_replay,same_action_seed_42_base_48,same_action_seed_42_base_48,42,48,reference_replay_pair,physical_clockwise,0,same_physical_actions,"{""1"":""werewolf"",""2"":""villager"",""3"":""seer"",""4"":""villager"",""5"":""witch"",""6"":""werewolf"",""7"":""villager"",""8"":""hunter"",""9"":""werewolf"",""10"":""villager""}","{""1"":1,""2"":2,""3"":3,""4"":4,""5"":5,""6"":6,""7"":7,""8"":8,""9"":9,""10"":10}",same_action_reference_seed_42_base_48_physical_clockwise,62,62,62,1,1,1,1,1,,,,none,,,,,,,,,wolf,0,1,4,3,0,2,0,1,1
supplied_action_replay,same_action_seed_42_base_49,same_action_seed_42_base_49,42,49,reference_replay_pair,physical_clockwise,0,same_physical_actions,"{""1"":""werewolf"",""2"":""villager"",""3"":""werewolf"",""4"":""villager"",""5"":""seer"",""6"":""witch"",""7"":""hunter"",""8"":""villager"",""9"":""werewolf"",""10"":""villager""}","{""1"":1,""2"":2,""3"":3,""4"":4,""5"":5,""6"":6,""7"":7,""8"":8,""9"":9,""10"":10}",same_action_reference_seed_42_base_49_physical_clockwise,69,69,69,1,1,1,1,1,,,,none,,,,,,,,,village,1,0,4,5,1,4,0,0,0
supplied_action_replay,same_action_seed_42_base_50,same_action_seed_42_base_50,42,50,reference_replay_pair,physical_clockwise,0,same_physical_actions,"{""1"":""villager"",""2"":""seer"",""3"":""werewolf"",""4"":""hunter"",""5"":""werewolf"",""6"":""villager"",""7"":""villager"",""8"":""villager"",""9"":""witch"",""10"":""werewolf""}","{""1"":1,""2"":2,""3"":3,""4"":4,""5"":5,""6"":6,""7"":7,""8"":8,""9"":9,""10"":10}",same_action_reference_seed_42_base_50_physical_clockwise,37,37,37,1,1,1,1,1,,,,none,,,,,,,,,village,1,0,2,2,0,1,1,1,1
supplied_action_replay,same_action_seed_42_base_51,same_action_seed_42_base_51,42,51,reference_replay_pair,physical_clockwise,0,same_physical_actions,"{""1"":""villager"",""2"":""villager"",""3"":""villager"",""4"":""werewolf"",""5"":""seer"",""6"":""villager"",""7"":""hunter"",""8"":""werewolf"",""9"":""witch"",""10"":""werewolf""}","{""1"":1,""2"":2,""3"":3,""4"":4,""5"":5,""6"":6,""7"":7,""8"":8,""9"":9,""10"":10}",same_action_reference_seed_42_base_51_physical_clockwise,23,23,23,1,1,1,1,1,,,,none,,,,,,,,,wolf,0,1,2,5,0,1,0,0,0
supplied_action_replay,same_action_seed_42_base_52,same_action_seed_42_base_52,42,52,reference_replay_pair,physical_clockwise,0,same_physical_actions,"{""1"":""villager"",""2"":""villager"",""3"":""werewolf"",""4"":""hunter"",""5"":""werewolf"",""6"":""seer"",""7"":""villager"",""8"":""witch"",""9"":""werewolf"",""10"":""villager""}","{""1"":1,""2"":2,""3"":3,""4"":4,""5"":5,""6"":6,""7"":7,""8"":8,""9"":9,""10"":10}",same_action_reference_seed_42_base_52_physical_clockwise,62,62,62,1,1,1,1,1,,,,none,,,,,,,,,wolf,0,1,4,6,0,2,0,0,0
supplied_action_replay,same_action_seed_42_base_53,same_action_seed_42_base_53,42,53,reference_replay_pair,physical_clockwise,0,same_physical_actions,"{""1"":""seer"",""2"":""villager"",""3"":""villager"",""4"":""villager"",""5"":""werewolf"",""6"":""hunter"",""7"":""werewolf"",""8"":""villager"",""9"":""witch"",""10"":""werewolf""}","{""1"":1,""2"":2,""3"":3,""4"":4,""5"":5,""6"":6,""7"":7,""8"":8,""9"":9,""10"":10}",same_action_reference_seed_42_base_53_physical_clockwise,42,42,42,1,1,1,1,1,,,,none,,,,,,,,,village,1,0,2,1,1,2,0,0,0
supplied_action_replay,same_action_seed_42_base_54,same_action_seed_42_base_54,42,54,reference_replay_pair,physical_clockwise,0,same_physical_actions,"{""1"":""villager"",""2"":""seer"",""3"":""hunter"",""4"":""werewolf"",""5"":""witch"",""6"":""werewolf"",""7"":""villager"",""8"":""villager"",""9"":""werewolf"",""10"":""villager""}","{""1"":1,""2"":2,""3"":3,""4"":4,""5"":5,""6"":6,""7"":7,""8"":8,""9"":9,""10"":10}",same_action_reference_seed_42_base_54_physical_clockwise,69,69,69,1,1,1,1,1,,,,none,,,,,,,,,wolf,0,1,5,2,0,3,0,1,1
supplied_action_replay,same_action_seed_42_base_55,same_action_seed_42_base_55,42,55,reference_replay_pair,physical_clockwise,0,same_physical_actions,"{""1"":""witch"",""2"":""seer"",""3"":""werewolf"",""4"":""villager"",""5"":""villager"",""6"":""villager"",""7"":""villager"",""8"":""werewolf"",""9"":""werewolf"",""10"":""hunter""}","{""1"":1,""2"":2,""3"":3,""4"":4,""5"":5,""6"":6,""7"":7,""8"":8,""9"":9,""10"":10}",same_action_reference_seed_42_base_55_physical_clockwise,34,34,34,1,1,1,1,1,,,,none,,,,,,,,,wolf,0,1,2,2,0,2,1,1,1
supplied_action_replay,same_action_seed_42_base_56,same_action_seed_42_base_56,42,56,reference_replay_pair,physical_clockwise,0,same_physical_actions,"{""1"":""villager"",""2"":""villager"",""3"":""witch"",""4"":""villager"",""5"":""seer"",""6"":""werewolf"",""7"":""werewolf"",""8"":""villager"",""9"":""werewolf"",""10"":""hunter""}","{""1"":1,""2"":2,""3"":3,""4"":4,""5"":5,""6"":6,""7"":7,""8"":8,""9"":9,""10"":10}",same_action_reference_seed_42_base_56_physical_clockwise,46,46,46,1,1,1,1,1,,,,none,,,,,,,,,wolf,0,1,3,5,0,2,1,1,1
supplied_action_replay,same_action_seed_42_base_57,same_action_seed_42_base_57,42,57,reference_replay_pair,physical_clockwise,0,same_physical_actions,"{""1"":""werewolf"",""2"":""villager"",""3"":""werewolf"",""4"":""villager"",""5"":""witch"",""6"":""hunter"",""7"":""werewolf"",""8"":""seer"",""9"":""villager"",""10"":""villager""}","{""1"":1,""2"":2,""3"":3,""4"":4,""5"":5,""6"":6,""7"":7,""8"":8,""9"":9,""10"":10}",same_action_reference_seed_42_base_57_physical_clockwise,60,60,60,1,1,1,1,1,,,,none,,,,,,,,,village,1,0,4,8,0,2,0,0,0
supplied_action_replay,same_action_seed_42_base_58,same_action_seed_42_base_58,42,58,reference_replay_pair,physical_clockwise,0,same_physical_actions,"{""1"":""werewolf"",""2"":""witch"",""3"":""hunter"",""4"":""werewolf"",""5"":""villager"",""6"":""villager"",""7"":""werewolf"",""8"":""villager"",""9"":""villager"",""10"":""seer""}","{""1"":1,""2"":2,""3"":3,""4"":4,""5"":5,""6"":6,""7"":7,""8"":8,""9"":9,""10"":10}",same_action_reference_seed_42_base_58_physical_clockwise,37,37,37,1,1,1,1,1,,,,none,,,,,,,,,wolf,0,1,3,10,1,3,1,1,1
supplied_action_replay,same_action_seed_42_base_59,same_action_seed_42_base_59,42,59,reference_replay_pair,physical_clockwise,0,same_physical_actions,"{""1"":""werewolf"",""2"":""werewolf"",""3"":""villager"",""4"":""witch"",""5"":""villager"",""6"":""werewolf"",""7"":""villager"",""8"":""seer"",""9"":""villager"",""10"":""hunter""}","{""1"":1,""2"":2,""3"":3,""4"":4,""5"":5,""6"":6,""7"":7,""8"":8,""9"":9,""10"":10}",same_action_reference_seed_42_base_59_physical_clockwise,43,43,43,1,1,1,1,1,,,,none,,,,,,,,,wolf,0,1,3,8,0,1,0,0,0
supplied_action_replay,same_action_seed_42_base_60,same_action_seed_42_base_60,42,60,reference_replay_pair,physical_clockwise,0,same_physical_actions,"{""1"":""villager"",""2"":""seer"",""3"":""witch"",""4"":""hunter"",""5"":""villager"",""6"":""villager"",""7"":""werewolf"",""8"":""werewolf"",""9"":""villager"",""10"":""werewolf""}","{""1"":1,""2"":2,""3"":3,""4"":4,""5"":5,""6"":6,""7"":7,""8"":8,""9"":9,""10"":10}",same_action_reference_seed_42_base_60_physical_clockwise,59,59,59,1,1,1,1,1,,,,none,,,,,,,,,village,1,0,4,2,0,3,0,0,0
supplied_action_replay,same_action_seed_42_base_61,same_action_seed_42_base_61,42,61,reference_replay_pair,physical_clockwise,0,same_physical_actions,"{""1"":""villager"",""2"":""witch"",""3"":""villager"",""4"":""villager"",""5"":""hunter"",""6"":""seer"",""7"":""villager"",""8"":""werewolf"",""9"":""werewolf"",""10"":""werewolf""}","{""1"":1,""2"":2,""3"":3,""4"":4,""5"":5,""6"":6,""7"":7,""8"":8,""9"":9,""10"":10}",same_action_reference_seed_42_base_61_physical_clockwise,64,64,64,1,1,1,1,1,,,,none,,,,,,,,,village,1,0,4,6,1,4,0,1,1
supplied_action_replay,same_action_seed_42_base_62,same_action_seed_42_base_62,42,62,reference_replay_pair,physical_clockwise,0,same_physical_actions,"{""1"":""hunter"",""2"":""villager"",""3"":""werewolf"",""4"":""villager"",""5"":""villager"",""6"":""werewolf"",""7"":""seer"",""8"":""witch"",""9"":""villager"",""10"":""werewolf""}","{""1"":1,""2"":2,""3"":3,""4"":4,""5"":5,""6"":6,""7"":7,""8"":8,""9"":9,""10"":10}",same_action_reference_seed_42_base_62_physical_clockwise,37,37,37,1,1,1,1,1,,,,none,,,,,,,,,wolf,0,1,2,7,0,1,0,0,0
supplied_action_replay,same_action_seed_42_base_63,same_action_seed_42_base_63,42,63,reference_replay_pair,physical_clockwise,0,same_physical_actions,"{""1"":""villager"",""2"":""werewolf"",""3"":""villager"",""4"":""seer"",""5"":""villager"",""6"":""werewolf"",""7"":""villager"",""8"":""hunter"",""9"":""werewolf"",""10"":""witch""}","{""1"":1,""2"":2,""3"":3,""4"":4,""5"":5,""6"":6,""7"":7,""8"":8,""9"":9,""10"":10}",same_action_reference_seed_42_base_63_physical_clockwise,58,58,58,1,1,1,1,1,,,,none,,,,,,,,,wolf,0,1,4,4,0,2,0,0,0
supplied_action_replay,same_action_seed_42_base_64,same_action_seed_42_base_64,42,64,reference_replay_pair,physical_clockwise,0,same_physical_actions,"{""1"":""werewolf"",""2"":""villager"",""3"":""werewolf"",""4"":""hunter"",""5"":""witch"",""6"":""villager"",""7"":""seer"",""8"":""villager"",""9"":""werewolf"",""10"":""villager""}","{""1"":1,""2"":2,""3"":3,""4"":4,""5"":5,""6"":6,""7"":7,""8"":8,""9"":9,""10"":10}",same_action_reference_seed_42_base_64_physical_clockwise,58,58,58,1,1,1,1,1,,,,none,,,,,,,,,wolf,0,1,4,7,0,2,0,0,0
supplied_action_replay,same_action_seed_42_base_65,same_action_seed_42_base_65,42,65,reference_replay_pair,physical_clockwise,0,same_physical_actions,"{""1"":""villager"",""2"":""seer"",""3"":""villager"",""4"":""witch"",""5"":""werewolf"",""6"":""hunter"",""7"":""villager"",""8"":""werewolf"",""9"":""villager"",""10"":""werewolf""}","{""1"":1,""2"":2,""3"":3,""4"":4,""5"":5,""6"":6,""7"":7,""8"":8,""9"":9,""10"":10}",same_action_reference_seed_42_base_65_physical_clockwise,45,45,45,1,1,1,1,1,,,,none,,,,,,,,,wolf,0,1,3,2,1,3,0,0,1
supplied_action_replay,same_action_seed_42_base_66,same_action_seed_42_base_66,42,66,reference_replay_pair,physical_clockwise,0,same_physical_actions,"{""1"":""villager"",""2"":""villager"",""3"":""villager"",""4"":""werewolf"",""5"":""seer"",""6"":""werewolf"",""7"":""witch"",""8"":""hunter"",""9"":""villager"",""10"":""werewolf""}","{""1"":1,""2"":2,""3"":3,""4"":4,""5"":5,""6"":6,""7"":7,""8"":8,""9"":9,""10"":10}",same_action_reference_seed_42_base_66_physical_clockwise,59,59,59,1,1,1,1,1,,,,none,,,,,,,,,village,1,0,4,5,0,3,1,1,1
supplied_action_replay,same_action_seed_42_base_67,same_action_seed_42_base_67,42,67,reference_replay_pair,physical_clockwise,0,same_physical_actions,"{""1"":""villager"",""2"":""villager"",""3"":""werewolf"",""4"":""hunter"",""5"":""villager"",""6"":""seer"",""7"":""villager"",""8"":""werewolf"",""9"":""witch"",""10"":""werewolf""}","{""1"":1,""2"":2,""3"":3,""4"":4,""5"":5,""6"":6,""7"":7,""8"":8,""9"":9,""10"":10}",same_action_reference_seed_42_base_67_physical_clockwise,61,61,61,1,1,1,1,1,,,,none,,,,,,,,,wolf,0,1,4,6,0,1,0,0,0
supplied_action_replay,same_action_seed_42_base_68,same_action_seed_42_base_68,42,68,reference_replay_pair,physical_clockwise,0,same_physical_actions,"{""1"":""werewolf"",""2"":""villager"",""3"":""seer"",""4"":""witch"",""5"":""villager"",""6"":""villager"",""7"":""werewolf"",""8"":""werewolf"",""9"":""hunter"",""10"":""villager""}","{""1"":1,""2"":2,""3"":3,""4"":4,""5"":5,""6"":6,""7"":7,""8"":8,""9"":9,""10"":10}",same_action_reference_seed_42_base_68_physical_clockwise,55,55,55,1,1,1,1,1,,,,none,,,,,,,,,wolf,0,1,3,3,0,3,0,0,0
supplied_action_replay,same_action_seed_42_base_69,same_action_seed_42_base_69,42,69,reference_replay_pair,physical_clockwise,0,same_physical_actions,"{""1"":""werewolf"",""2"":""hunter"",""3"":""seer"",""4"":""witch"",""5"":""werewolf"",""6"":""villager"",""7"":""villager"",""8"":""villager"",""9"":""werewolf"",""10"":""villager""}","{""1"":1,""2"":2,""3"":3,""4"":4,""5"":5,""6"":6,""7"":7,""8"":8,""9"":9,""10"":10}",same_action_reference_seed_42_base_69_physical_clockwise,63,63,63,1,1,1,1,1,,,,none,,,,,,,,,village,1,0,4,3,0,3,0,1,1
supplied_action_replay,same_action_seed_42_base_70,same_action_seed_42_base_70,42,70,reference_replay_pair,physical_clockwise,0,same_physical_actions,"{""1"":""villager"",""2"":""villager"",""3"":""villager"",""4"":""villager"",""5"":""werewolf"",""6"":""hunter"",""7"":""werewolf"",""8"":""werewolf"",""9"":""seer"",""10"":""witch""}","{""1"":1,""2"":2,""3"":3,""4"":4,""5"":5,""6"":6,""7"":7,""8"":8,""9"":9,""10"":10}",same_action_reference_seed_42_base_70_physical_clockwise,56,56,56,1,1,1,1,1,,,,none,,,,,,,,,village,1,0,3,9,0,2,0,0,0
supplied_action_replay,same_action_seed_42_base_71,same_action_seed_42_base_71,42,71,reference_replay_pair,physical_clockwise,0,same_physical_actions,"{""1"":""werewolf"",""2"":""villager"",""3"":""hunter"",""4"":""werewolf"",""5"":""seer"",""6"":""villager"",""7"":""witch"",""8"":""villager"",""9"":""werewolf"",""10"":""villager""}","{""1"":1,""2"":2,""3"":3,""4"":4,""5"":5,""6"":6,""7"":7,""8"":8,""9"":9,""10"":10}",same_action_reference_seed_42_base_71_physical_clockwise,46,46,46,1,1,1,1,1,,,,none,,,,,,,,,village,1,0,3,5,1,3,0,0,1
supplied_action_replay,same_action_seed_42_base_72,same_action_seed_42_base_72,42,72,reference_replay_pair,physical_clockwise,0,same_physical_actions,"{""1"":""villager"",""2"":""werewolf"",""3"":""werewolf"",""4"":""villager"",""5"":""villager"",""6"":""werewolf"",""7"":""villager"",""8"":""seer"",""9"":""witch"",""10"":""hunter""}","{""1"":1,""2"":2,""3"":3,""4"":4,""5"":5,""6"":6,""7"":7,""8"":8,""9"":9,""10"":10}",same_action_reference_seed_42_base_72_physical_clockwise,55,55,55,1,1,1,1,1,,,,none,,,,,,,,,wolf,0,1,3,8,0,3,0,0,1
supplied_action_replay,same_action_seed_42_base_73,same_action_seed_42_base_73,42,73,reference_replay_pair,physical_clockwise,0,same_physical_actions,"{""1"":""villager"",""2"":""witch"",""3"":""hunter"",""4"":""werewolf"",""5"":""seer"",""6"":""villager"",""7"":""werewolf"",""8"":""villager"",""9"":""villager"",""10"":""werewolf""}","{""1"":1,""2"":2,""3"":3,""4"":4,""5"":5,""6"":6,""7"":7,""8"":8,""9"":9,""10"":10}",same_action_reference_seed_42_base_73_physical_clockwise,41,41,41,1,1,1,1,1,,,,none,,,,,,,,,village,1,0,3,5,1,3,0,1,1
supplied_action_replay,same_action_seed_42_base_74,same_action_seed_42_base_74,42,74,reference_replay_pair,physical_clockwise,0,same_physical_actions,"{""1"":""werewolf"",""2"":""villager"",""3"":""seer"",""4"":""villager"",""5"":""hunter"",""6"":""werewolf"",""7"":""witch"",""8"":""villager"",""9"":""werewolf"",""10"":""villager""}","{""1"":1,""2"":2,""3"":3,""4"":4,""5"":5,""6"":6,""7"":7,""8"":8,""9"":9,""10"":10}",same_action_reference_seed_42_base_74_physical_clockwise,56,56,56,1,1,1,1,1,,,,none,,,,,,,,,wolf,0,1,4,3,0,2,0,0,0
supplied_action_replay,same_action_seed_42_base_75,same_action_seed_42_base_75,42,75,reference_replay_pair,physical_clockwise,0,same_physical_actions,"{""1"":""werewolf"",""2"":""villager"",""3"":""hunter"",""4"":""werewolf"",""5"":""witch"",""6"":""villager"",""7"":""villager"",""8"":""villager"",""9"":""werewolf"",""10"":""seer""}","{""1"":1,""2"":2,""3"":3,""4"":4,""5"":5,""6"":6,""7"":7,""8"":8,""9"":9,""10"":10}",same_action_reference_seed_42_base_75_physical_clockwise,46,46,46,1,1,1,1,1,,,,none,,,,,,,,,village,1,0,3,10,1,3,1,1,1
supplied_action_replay,same_action_seed_42_base_76,same_action_seed_42_base_76,42,76,reference_replay_pair,physical_clockwise,0,same_physical_actions,"{""1"":""villager"",""2"":""villager"",""3"":""seer"",""4"":""werewolf"",""5"":""witch"",""6"":""hunter"",""7"":""villager"",""8"":""villager"",""9"":""werewolf"",""10"":""werewolf""}","{""1"":1,""2"":2,""3"":3,""4"":4,""5"":5,""6"":6,""7"":7,""8"":8,""9"":9,""10"":10}",same_action_reference_seed_42_base_76_physical_clockwise,60,60,60,1,1,1,1,1,,,,none,,,,,,,,,wolf,0,1,4,3,1,4,1,1,1
supplied_action_replay,same_action_seed_42_base_77,same_action_seed_42_base_77,42,77,reference_replay_pair,physical_clockwise,0,same_physical_actions,"{""1"":""villager"",""2"":""werewolf"",""3"":""villager"",""4"":""hunter"",""5"":""werewolf"",""6"":""werewolf"",""7"":""seer"",""8"":""villager"",""9"":""witch"",""10"":""villager""}","{""1"":1,""2"":2,""3"":3,""4"":4,""5"":5,""6"":6,""7"":7,""8"":8,""9"":9,""10"":10}",same_action_reference_seed_42_base_77_physical_clockwise,45,45,45,1,1,1,1,1,,,,none,,,,,,,,,wolf,0,1,3,7,1,3,0,0,0
supplied_action_replay,same_action_seed_42_base_78,same_action_seed_42_base_78,42,78,reference_replay_pair,physical_clockwise,0,same_physical_actions,"{""1"":""witch"",""2"":""werewolf"",""3"":""villager"",""4"":""hunter"",""5"":""villager"",""6"":""seer"",""7"":""villager"",""8"":""werewolf"",""9"":""werewolf"",""10"":""villager""}","{""1"":1,""2"":2,""3"":3,""4"":4,""5"":5,""6"":6,""7"":7,""8"":8,""9"":9,""10"":10}",same_action_reference_seed_42_base_78_physical_clockwise,64,64,64,1,1,1,1,1,,,,none,,,,,,,,,village,1,0,4,6,1,4,0,1,1
supplied_action_replay,same_action_seed_42_base_79,same_action_seed_42_base_79,42,79,reference_replay_pair,physical_clockwise,0,same_physical_actions,"{""1"":""villager"",""2"":""werewolf"",""3"":""seer"",""4"":""villager"",""5"":""villager"",""6"":""werewolf"",""7"":""witch"",""8"":""werewolf"",""9"":""hunter"",""10"":""villager""}","{""1"":1,""2"":2,""3"":3,""4"":4,""5"":5,""6"":6,""7"":7,""8"":8,""9"":9,""10"":10}",same_action_reference_seed_42_base_79_physical_clockwise,42,42,42,1,1,1,1,1,,,,none,,,,,,,,,wolf,0,1,3,3,0,2,0,0,0
supplied_action_replay,same_action_seed_42_base_80,same_action_seed_42_base_80,42,80,reference_replay_pair,physical_clockwise,0,same_physical_actions,"{""1"":""villager"",""2"":""seer"",""3"":""villager"",""4"":""werewolf"",""5"":""villager"",""6"":""villager"",""7"":""werewolf"",""8"":""hunter"",""9"":""werewolf"",""10"":""witch""}","{""1"":1,""2"":2,""3"":3,""4"":4,""5"":5,""6"":6,""7"":7,""8"":8,""9"":9,""10"":10}",same_action_reference_seed_42_base_80_physical_clockwise,69,69,69,1,1,1,1,1,,,,none,,,,,,,,,village,1,0,4,2,1,4,0,0,1
supplied_action_replay,same_action_seed_42_base_81,same_action_seed_42_base_81,42,81,reference_replay_pair,physical_clockwise,0,same_physical_actions,"{""1"":""villager"",""2"":""villager"",""3"":""villager"",""4"":""villager"",""5"":""werewolf"",""6"":""witch"",""7"":""seer"",""8"":""werewolf"",""9"":""werewolf"",""10"":""hunter""}","{""1"":1,""2"":2,""3"":3,""4"":4,""5"":5,""6"":6,""7"":7,""8"":8,""9"":9,""10"":10}",same_action_reference_seed_42_base_81_physical_clockwise,54,54,54,1,1,1,1,1,,,,none,,,,,,,,,wolf,0,1,4,7,0,2,1,1,1
supplied_action_replay,same_action_seed_42_base_82,same_action_seed_42_base_82,42,82,reference_replay_pair,physical_clockwise,0,same_physical_actions,"{""1"":""villager"",""2"":""villager"",""3"":""villager"",""4"":""werewolf"",""5"":""witch"",""6"":""werewolf"",""7"":""hunter"",""8"":""villager"",""9"":""werewolf"",""10"":""seer""}","{""1"":1,""2"":2,""3"":3,""4"":4,""5"":5,""6"":6,""7"":7,""8"":8,""9"":9,""10"":10}",same_action_reference_seed_42_base_82_physical_clockwise,41,41,41,1,1,1,1,1,,,,none,,,,,,,,,wolf,0,1,3,10,0,1,0,0,0
supplied_action_replay,same_action_seed_42_base_83,same_action_seed_42_base_83,42,83,reference_replay_pair,physical_clockwise,0,same_physical_actions,"{""1"":""villager"",""2"":""villager"",""3"":""witch"",""4"":""villager"",""5"":""werewolf"",""6"":""hunter"",""7"":""villager"",""8"":""werewolf"",""9"":""werewolf"",""10"":""seer""}","{""1"":1,""2"":2,""3"":3,""4"":4,""5"":5,""6"":6,""7"":7,""8"":8,""9"":9,""10"":10}",same_action_reference_seed_42_base_83_physical_clockwise,43,43,43,1,1,1,1,1,,,,none,,,,,,,,,wolf,0,1,3,10,0,1,0,0,0
supplied_action_replay,same_action_seed_42_base_84,same_action_seed_42_base_84,42,84,reference_replay_pair,physical_clockwise,0,same_physical_actions,"{""1"":""villager"",""2"":""villager"",""3"":""werewolf"",""4"":""werewolf"",""5"":""witch"",""6"":""villager"",""7"":""hunter"",""8"":""seer"",""9"":""werewolf"",""10"":""villager""}","{""1"":1,""2"":2,""3"":3,""4"":4,""5"":5,""6"":6,""7"":7,""8"":8,""9"":9,""10"":10}",same_action_reference_seed_42_base_84_physical_clockwise,47,47,47,1,1,1,1,1,,,,none,,,,,,,,,wolf,0,1,4,8,0,3,1,1,1
supplied_action_replay,same_action_seed_42_base_85,same_action_seed_42_base_85,42,85,reference_replay_pair,physical_clockwise,0,same_physical_actions,"{""1"":""villager"",""2"":""werewolf"",""3"":""werewolf"",""4"":""villager"",""5"":""witch"",""6"":""werewolf"",""7"":""villager"",""8"":""hunter"",""9"":""seer"",""10"":""villager""}","{""1"":1,""2"":2,""3"":3,""4"":4,""5"":5,""6"":6,""7"":7,""8"":8,""9"":9,""10"":10}",same_action_reference_seed_42_base_85_physical_clockwise,67,67,67,1,1,1,1,1,,,,none,,,,,,,,,wolf,0,1,5,9,0,3,0,1,1
supplied_action_replay,same_action_seed_42_base_86,same_action_seed_42_base_86,42,86,reference_replay_pair,physical_clockwise,0,same_physical_actions,"{""1"":""werewolf"",""2"":""witch"",""3"":""hunter"",""4"":""werewolf"",""5"":""villager"",""6"":""villager"",""7"":""villager"",""8"":""seer"",""9"":""villager"",""10"":""werewolf""}","{""1"":1,""2"":2,""3"":3,""4"":4,""5"":5,""6"":6,""7"":7,""8"":8,""9"":9,""10"":10}",same_action_reference_seed_42_base_86_physical_clockwise,53,53,53,1,1,1,1,1,,,,none,,,,,,,,,wolf,0,1,3,8,0,1,0,0,0
supplied_action_replay,same_action_seed_42_base_87,same_action_seed_42_base_87,42,87,reference_replay_pair,physical_clockwise,0,same_physical_actions,"{""1"":""villager"",""2"":""villager"",""3"":""witch"",""4"":""seer"",""5"":""werewolf"",""6"":""werewolf"",""7"":""hunter"",""8"":""werewolf"",""9"":""villager"",""10"":""villager""}","{""1"":1,""2"":2,""3"":3,""4"":4,""5"":5,""6"":6,""7"":7,""8"":8,""9"":9,""10"":10}",same_action_reference_seed_42_base_87_physical_clockwise,54,54,54,1,1,1,1,1,,,,none,,,,,,,,,village,1,0,3,4,0,3,1,1,1
supplied_action_replay,same_action_seed_42_base_88,same_action_seed_42_base_88,42,88,reference_replay_pair,physical_clockwise,0,same_physical_actions,"{""1"":""villager"",""2"":""werewolf"",""3"":""seer"",""4"":""werewolf"",""5"":""werewolf"",""6"":""villager"",""7"":""hunter"",""8"":""villager"",""9"":""villager"",""10"":""witch""}","{""1"":1,""2"":2,""3"":3,""4"":4,""5"":5,""6"":6,""7"":7,""8"":8,""9"":9,""10"":10}",same_action_reference_seed_42_base_88_physical_clockwise,62,62,62,1,1,1,1,1,,,,none,,,,,,,,,wolf,0,1,4,3,0,2,1,1,1
supplied_action_replay,same_action_seed_42_base_89,same_action_seed_42_base_89,42,89,reference_replay_pair,physical_clockwise,0,same_physical_actions,"{""1"":""villager"",""2"":""hunter"",""3"":""villager"",""4"":""witch"",""5"":""villager"",""6"":""werewolf"",""7"":""seer"",""8"":""villager"",""9"":""werewolf"",""10"":""werewolf""}","{""1"":1,""2"":2,""3"":3,""4"":4,""5"":5,""6"":6,""7"":7,""8"":8,""9"":9,""10"":10}",same_action_reference_seed_42_base_89_physical_clockwise,70,70,70,1,1,1,1,1,,,,none,,,,,,,,,wolf,0,1,5,7,0,4,0,1,1
supplied_action_replay,same_action_seed_42_base_90,same_action_seed_42_base_90,42,90,reference_replay_pair,physical_clockwise,0,same_physical_actions,"{""1"":""villager"",""2"":""seer"",""3"":""werewolf"",""4"":""witch"",""5"":""werewolf"",""6"":""hunter"",""7"":""villager"",""8"":""villager"",""9"":""villager"",""10"":""werewolf""}","{""1"":1,""2"":2,""3"":3,""4"":4,""5"":5,""6"":6,""7"":7,""8"":8,""9"":9,""10"":10}",same_action_reference_seed_42_base_90_physical_clockwise,58,58,58,1,1,1,1,1,,,,none,,,,,,,,,village,1,0,4,2,0,2,1,1,1
supplied_action_replay,same_action_seed_42_base_91,same_action_seed_42_base_91,42,91,reference_replay_pair,physical_clockwise,0,same_physical_actions,"{""1"":""villager"",""2"":""villager"",""3"":""witch"",""4"":""werewolf"",""5"":""villager"",""6"":""villager"",""7"":""werewolf"",""8"":""seer"",""9"":""hunter"",""10"":""werewolf""}","{""1"":1,""2"":2,""3"":3,""4"":4,""5"":5,""6"":6,""7"":7,""8"":8,""9"":9,""10"":10}",same_action_reference_seed_42_base_91_physical_clockwise,37,37,37,1,1,1,1,1,,,,none,,,,,,,,,wolf,0,1,2,8,0,1,0,0,0
supplied_action_replay,same_action_seed_42_base_92,same_action_seed_42_base_92,42,92,reference_replay_pair,physical_clockwise,0,same_physical_actions,"{""1"":""villager"",""2"":""villager"",""3"":""seer"",""4"":""villager"",""5"":""villager"",""6"":""werewolf"",""7"":""werewolf"",""8"":""hunter"",""9"":""werewolf"",""10"":""witch""}","{""1"":1,""2"":2,""3"":3,""4"":4,""5"":5,""6"":6,""7"":7,""8"":8,""9"":9,""10"":10}",same_action_reference_seed_42_base_92_physical_clockwise,42,42,42,1,1,1,1,1,,,,none,,,,,,,,,wolf,0,1,3,3,0,2,0,0,0
supplied_action_replay,same_action_seed_42_base_93,same_action_seed_42_base_93,42,93,reference_replay_pair,physical_clockwise,0,same_physical_actions,"{""1"":""villager"",""2"":""villager"",""3"":""hunter"",""4"":""werewolf"",""5"":""villager"",""6"":""seer"",""7"":""villager"",""8"":""werewolf"",""9"":""witch"",""10"":""werewolf""}","{""1"":1,""2"":2,""3"":3,""4"":4,""5"":5,""6"":6,""7"":7,""8"":8,""9"":9,""10"":10}",same_action_reference_seed_42_base_93_physical_clockwise,50,50,50,1,1,1,1,1,,,,none,,,,,,,,,wolf,0,1,4,6,0,2,0,1,1
supplied_action_replay,same_action_seed_42_base_94,same_action_seed_42_base_94,42,94,reference_replay_pair,physical_clockwise,0,same_physical_actions,"{""1"":""seer"",""2"":""werewolf"",""3"":""werewolf"",""4"":""villager"",""5"":""witch"",""6"":""werewolf"",""7"":""villager"",""8"":""villager"",""9"":""hunter"",""10"":""villager""}","{""1"":1,""2"":2,""3"":3,""4"":4,""5"":5,""6"":6,""7"":7,""8"":8,""9"":9,""10"":10}",same_action_reference_seed_42_base_94_physical_clockwise,62,62,62,1,1,1,1,1,,,,none,,,,,,,,,wolf,0,1,4,1,0,2,1,1,1
supplied_action_replay,same_action_seed_42_base_95,same_action_seed_42_base_95,42,95,reference_replay_pair,physical_clockwise,0,same_physical_actions,"{""1"":""werewolf"",""2"":""villager"",""3"":""villager"",""4"":""witch"",""5"":""seer"",""6"":""villager"",""7"":""werewolf"",""8"":""werewolf"",""9"":""villager"",""10"":""hunter""}","{""1"":1,""2"":2,""3"":3,""4"":4,""5"":5,""6"":6,""7"":7,""8"":8,""9"":9,""10"":10}",same_action_reference_seed_42_base_95_physical_clockwise,54,54,54,1,1,1,1,1,,,,none,,,,,,,,,wolf,0,1,4,5,0,2,0,1,1
supplied_action_replay,same_action_seed_42_base_96,same_action_seed_42_base_96,42,96,reference_replay_pair,physical_clockwise,0,same_physical_actions,"{""1"":""werewolf"",""2"":""seer"",""3"":""villager"",""4"":""hunter"",""5"":""werewolf"",""6"":""witch"",""7"":""villager"",""8"":""villager"",""9"":""villager"",""10"":""werewolf""}","{""1"":1,""2"":2,""3"":3,""4"":4,""5"":5,""6"":6,""7"":7,""8"":8,""9"":9,""10"":10}",same_action_reference_seed_42_base_96_physical_clockwise,45,45,45,1,1,1,1,1,,,,none,,,,,,,,,wolf,0,1,3,2,1,3,0,0,1
supplied_action_replay,same_action_seed_42_base_97,same_action_seed_42_base_97,42,97,reference_replay_pair,physical_clockwise,0,same_physical_actions,"{""1"":""seer"",""2"":""villager"",""3"":""werewolf"",""4"":""hunter"",""5"":""witch"",""6"":""villager"",""7"":""villager"",""8"":""villager"",""9"":""werewolf"",""10"":""werewolf""}","{""1"":1,""2"":2,""3"":3,""4"":4,""5"":5,""6"":6,""7"":7,""8"":8,""9"":9,""10"":10}",same_action_reference_seed_42_base_97_physical_clockwise,55,55,55,1,1,1,1,1,,,,none,,,,,,,,,wolf,0,1,4,1,0,1,0,0,0
supplied_action_replay,same_action_seed_42_base_98,same_action_seed_42_base_98,42,98,reference_replay_pair,physical_clockwise,0,same_physical_actions,"{""1"":""villager"",""2"":""werewolf"",""3"":""werewolf"",""4"":""witch"",""5"":""villager"",""6"":""villager"",""7"":""hunter"",""8"":""seer"",""9"":""werewolf"",""10"":""villager""}","{""1"":1,""2"":2,""3"":3,""4"":4,""5"":5,""6"":6,""7"":7,""8"":8,""9"":9,""10"":10}",same_action_reference_seed_42_base_98_physical_clockwise,46,46,46,1,1,1,1,1,,,,none,,,,,,,,,village,1,0,3,8,0,1,1,1,1
supplied_action_replay,same_action_seed_42_base_99,same_action_seed_42_base_99,42,99,reference_replay_pair,physical_clockwise,0,same_physical_actions,"{""1"":""werewolf"",""2"":""werewolf"",""3"":""witch"",""4"":""seer"",""5"":""hunter"",""6"":""villager"",""7"":""villager"",""8"":""villager"",""9"":""werewolf"",""10"":""villager""}","{""1"":1,""2"":2,""3"":3,""4"":4,""5"":5,""6"":6,""7"":7,""8"":8,""9"":9,""10"":10}",same_action_reference_seed_42_base_99_physical_clockwise,28,28,28,1,1,1,1,1,,,,none,,,,,,,,,wolf,0,1,2,4,1,2,0,0,0
supplied_action_replay,same_action_seed_42_base_100,same_action_seed_42_base_100,42,100,reference_replay_pair,physical_clockwise,0,same_physical_actions,"{""1"":""werewolf"",""2"":""villager"",""3"":""werewolf"",""4"":""seer"",""5"":""witch"",""6"":""werewolf"",""7"":""villager"",""8"":""villager"",""9"":""villager"",""10"":""hunter""}","{""1"":1,""2"":2,""3"":3,""4"":4,""5"":5,""6"":6,""7"":7,""8"":8,""9"":9,""10"":10}",same_action_reference_seed_42_base_100_physical_clockwise,68,68,68,1,1,1,1,1,,,,none,,,,,,,,,wolf,0,1,4,4,0,4,0,1,1
supplied_action_replay,same_action_seed_42_base_101,same_action_seed_42_base_101,42,101,reference_replay_pair,physical_clockwise,0,same_physical_actions,"{""1"":""hunter"",""2"":""werewolf"",""3"":""seer"",""4"":""villager"",""5"":""villager"",""6"":""villager"",""7"":""werewolf"",""8"":""witch"",""9"":""werewolf"",""10"":""villager""}","{""1"":1,""2"":2,""3"":3,""4"":4,""5"":5,""6"":6,""7"":7,""8"":8,""9"":9,""10"":10}",same_action_reference_seed_42_base_101_physical_clockwise,42,42,42,1,1,1,1,1,,,,none,,,,,,,,,wolf,0,1,2,3,0,2,0,0,0
supplied_action_replay,same_action_seed_42_base_102,same_action_seed_42_base_102,42,102,reference_replay_pair,physical_clockwise,0,same_physical_actions,"{""1"":""witch"",""2"":""villager"",""3"":""villager"",""4"":""seer"",""5"":""werewolf"",""6"":""werewolf"",""7"":""hunter"",""8"":""villager"",""9"":""werewolf"",""10"":""villager""}","{""1"":1,""2"":2,""3"":3,""4"":4,""5"":5,""6"":6,""7"":7,""8"":8,""9"":9,""10"":10}",same_action_reference_seed_42_base_102_physical_clockwise,53,53,53,1,1,1,1,1,,,,none,,,,,,,,,village,1,0,3,4,0,2,1,1,1
supplied_action_replay,same_action_seed_42_base_103,same_action_seed_42_base_103,42,103,reference_replay_pair,physical_clockwise,0,same_physical_actions,"{""1"":""villager"",""2"":""witch"",""3"":""hunter"",""4"":""villager"",""5"":""seer"",""6"":""werewolf"",""7"":""villager"",""8"":""villager"",""9"":""werewolf"",""10"":""werewolf""}","{""1"":1,""2"":2,""3"":3,""4"":4,""5"":5,""6"":6,""7"":7,""8"":8,""9"":9,""10"":10}",same_action_reference_seed_42_base_103_physical_clockwise,69,69,69,1,1,1,1,1,,,,none,,,,,,,,,wolf,0,1,4,5,0,3,1,1,1
supplied_action_replay,same_action_seed_42_base_104,same_action_seed_42_base_104,42,104,reference_replay_pair,physical_clockwise,0,same_physical_actions,"{""1"":""seer"",""2"":""werewolf"",""3"":""villager"",""4"":""witch"",""5"":""villager"",""6"":""werewolf"",""7"":""hunter"",""8"":""villager"",""9"":""villager"",""10"":""werewolf""}","{""1"":1,""2"":2,""3"":3,""4"":4,""5"":5,""6"":6,""7"":7,""8"":8,""9"":9,""10"":10}",same_action_reference_seed_42_base_104_physical_clockwise,58,58,58,1,1,1,1,1,,,,none,,,,,,,,,wolf,0,1,4,1,0,2,1,1,1
supplied_action_replay,same_action_seed_42_base_105,same_action_seed_42_base_105,42,105,reference_replay_pair,physical_clockwise,0,same_physical_actions,"{""1"":""hunter"",""2"":""werewolf"",""3"":""witch"",""4"":""werewolf"",""5"":""villager"",""6"":""villager"",""7"":""seer"",""8"":""villager"",""9"":""werewolf"",""10"":""villager""}","{""1"":1,""2"":2,""3"":3,""4"":4,""5"":5,""6"":6,""7"":7,""8"":8,""9"":9,""10"":10}",same_action_reference_seed_42_base_105_physical_clockwise,23,23,23,1,1,1,1,1,,,,none,,,,,,,,,wolf,0,1,2,7,0,1,0,0,0
supplied_action_replay,same_action_seed_42_base_106,same_action_seed_42_base_106,42,106,reference_replay_pair,physical_clockwise,0,same_physical_actions,"{""1"":""villager"",""2"":""werewolf"",""3"":""werewolf"",""4"":""witch"",""5"":""villager"",""6"":""villager"",""7"":""werewolf"",""8"":""hunter"",""9"":""villager"",""10"":""seer""}","{""1"":1,""2"":2,""3"":3,""4"":4,""5"":5,""6"":6,""7"":7,""8"":8,""9"":9,""10"":10}",same_action_reference_seed_42_base_106_physical_clockwise,70,70,70,1,1,1,1,1,,,,none,,,,,,,,,village,1,0,4,10,0,4,0,1,1
supplied_action_replay,same_action_seed_42_base_107,same_action_seed_42_base_107,42,107,reference_replay_pair,physical_clockwise,0,same_physical_actions,"{""1"":""villager"",""2"":""werewolf"",""3"":""werewolf"",""4"":""villager"",""5"":""witch"",""6"":""seer"",""7"":""werewolf"",""8"":""villager"",""9"":""villager"",""10"":""hunter""}","{""1"":1,""2"":2,""3"":3,""4"":4,""5"":5,""6"":6,""7"":7,""8"":8,""9"":9,""10"":10}",same_action_reference_seed_42_base_107_physical_clockwise,67,67,67,1,1,1,1,1,,,,none,,,,,,,,,village,1,0,4,6,0,2,1,1,1
supplied_action_replay,same_action_seed_42_base_108,same_action_seed_42_base_108,42,108,reference_replay_pair,physical_clockwise,0,same_physical_actions,"{""1"":""hunter"",""2"":""werewolf"",""3"":""werewolf"",""4"":""villager"",""5"":""seer"",""6"":""werewolf"",""7"":""witch"",""8"":""villager"",""9"":""villager"",""10"":""villager""}","{""1"":1,""2"":2,""3"":3,""4"":4,""5"":5,""6"":6,""7"":7,""8"":8,""9"":9,""10"":10}",same_action_reference_seed_42_base_108_physical_clockwise,66,66,66,1,1,1,1,1,,,,none,,,,,,,,,village,1,0,4,5,0,4,1,1,1
supplied_action_replay,same_action_seed_42_base_109,same_action_seed_42_base_109,42,109,reference_replay_pair,physical_clockwise,0,same_physical_actions,"{""1"":""witch"",""2"":""werewolf"",""3"":""villager"",""4"":""hunter"",""5"":""seer"",""6"":""werewolf"",""7"":""villager"",""8"":""villager"",""9"":""werewolf"",""10"":""villager""}","{""1"":1,""2"":2,""3"":3,""4"":4,""5"":5,""6"":6,""7"":7,""8"":8,""9"":9,""10"":10}",same_action_reference_seed_42_base_109_physical_clockwise,56,56,56,1,1,1,1,1,,,,none,,,,,,,,,village,1,0,3,5,0,2,1,1,1
supplied_action_replay,same_action_seed_42_base_110,same_action_seed_42_base_110,42,110,reference_replay_pair,physical_clockwise,0,same_physical_actions,"{""1"":""witch"",""2"":""werewolf"",""3"":""seer"",""4"":""villager"",""5"":""villager"",""6"":""werewolf"",""7"":""villager"",""8"":""werewolf"",""9"":""hunter"",""10"":""villager""}","{""1"":1,""2"":2,""3"":3,""4"":4,""5"":5,""6"":6,""7"":7,""8"":8,""9"":9,""10"":10}",same_action_reference_seed_42_base_110_physical_clockwise,68,68,68,1,1,1,1,1,,,,none,,,,,,,,,village,1,0,4,3,0,4,0,0,1
supplied_action_replay,same_action_seed_42_base_111,same_action_seed_42_base_111,42,111,reference_replay_pair,physical_clockwise,0,same_physical_actions,"{""1"":""villager"",""2"":""werewolf"",""3"":""villager"",""4"":""villager"",""5"":""werewolf"",""6"":""seer"",""7"":""villager"",""8"":""hunter"",""9"":""witch"",""10"":""werewolf""}","{""1"":1,""2"":2,""3"":3,""4"":4,""5"":5,""6"":6,""7"":7,""8"":8,""9"":9,""10"":10}",same_action_reference_seed_42_base_111_physical_clockwise,70,70,70,1,1,1,1,1,,,,none,,,,,,,,,village,1,0,4,6,0,4,0,0,1
supplied_action_replay,same_action_seed_42_base_112,same_action_seed_42_base_112,42,112,reference_replay_pair,physical_clockwise,0,same_physical_actions,"{""1"":""werewolf"",""2"":""werewolf"",""3"":""hunter"",""4"":""villager"",""5"":""werewolf"",""6"":""villager"",""7"":""seer"",""8"":""witch"",""9"":""villager"",""10"":""villager""}","{""1"":1,""2"":2,""3"":3,""4"":4,""5"":5,""6"":6,""7"":7,""8"":8,""9"":9,""10"":10}",same_action_reference_seed_42_base_112_physical_clockwise,43,43,43,1,1,1,1,1,,,,none,,,,,,,,,village,1,0,3,7,0,1,0,0,0
supplied_action_replay,same_action_seed_42_base_113,same_action_seed_42_base_113,42,113,reference_replay_pair,physical_clockwise,0,same_physical_actions,"{""1"":""werewolf"",""2"":""villager"",""3"":""villager"",""4"":""witch"",""5"":""villager"",""6"":""villager"",""7"":""hunter"",""8"":""werewolf"",""9"":""werewolf"",""10"":""seer""}","{""1"":1,""2"":2,""3"":3,""4"":4,""5"":5,""6"":6,""7"":7,""8"":8,""9"":9,""10"":10}",same_action_reference_seed_42_base_113_physical_clockwise,57,57,57,1,1,1,1,1,,,,none,,,,,,,,,wolf,0,1,3,10,1,3,1,1,1
supplied_action_replay,same_action_seed_42_base_114,same_action_seed_42_base_114,42,114,reference_replay_pair,physical_clockwise,0,same_physical_actions,"{""1"":""werewolf"",""2"":""villager"",""3"":""villager"",""4"":""werewolf"",""5"":""seer"",""6"":""villager"",""7"":""hunter"",""8"":""villager"",""9"":""werewolf"",""10"":""witch""}","{""1"":1,""2"":2,""3"":3,""4"":4,""5"":5,""6"":6,""7"":7,""8"":8,""9"":9,""10"":10}",same_action_reference_seed_42_base_114_physical_clockwise,60,60,60,1,1,1,1,1,,,,none,,,,,,,,,wolf,0,1,4,5,1,4,0,0,1
supplied_action_replay,same_action_seed_42_base_115,same_action_seed_42_base_115,42,115,reference_replay_pair,physical_clockwise,0,same_physical_actions,"{""1"":""villager"",""2"":""witch"",""3"":""werewolf"",""4"":""villager"",""5"":""seer"",""6"":""werewolf"",""7"":""villager"",""8"":""werewolf"",""9"":""hunter"",""10"":""villager""}","{""1"":1,""2"":2,""3"":3,""4"":4,""5"":5,""6"":6,""7"":7,""8"":8,""9"":9,""10"":10}",same_action_reference_seed_42_base_115_physical_clockwise,46,46,46,1,1,1,1,1,,,,none,,,,,,,,,village,1,0,3,5,1,3,1,1,1
supplied_action_replay,same_action_seed_42_base_116,same_action_seed_42_base_116,42,116,reference_replay_pair,physical_clockwise,0,same_physical_actions,"{""1"":""seer"",""2"":""villager"",""3"":""werewolf"",""4"":""werewolf"",""5"":""villager"",""6"":""villager"",""7"":""werewolf"",""8"":""villager"",""9"":""witch"",""10"":""hunter""}","{""1"":1,""2"":2,""3"":3,""4"":4,""5"":5,""6"":6,""7"":7,""8"":8,""9"":9,""10"":10}",same_action_reference_seed_42_base_116_physical_clockwise,55,55,55,1,1,1,1,1,,,,none,,,,,,,,,village,1,0,3,1,1,3,0,1,1
supplied_action_replay,same_action_seed_42_base_117,same_action_seed_42_base_117,42,117,reference_replay_pair,physical_clockwise,0,same_physical_actions,"{""1"":""witch"",""2"":""werewolf"",""3"":""hunter"",""4"":""villager"",""5"":""villager"",""6"":""seer"",""7"":""villager"",""8"":""werewolf"",""9"":""villager"",""10"":""werewolf""}","{""1"":1,""2"":2,""3"":3,""4"":4,""5"":5,""6"":6,""7"":7,""8"":8,""9"":9,""10"":10}",same_action_reference_seed_42_base_117_physical_clockwise,51,51,51,1,1,1,1,1,,,,none,,,,,,,,,wolf,0,1,4,6,0,3,0,1,1
supplied_action_replay,same_action_seed_42_base_118,same_action_seed_42_base_118,42,118,reference_replay_pair,physical_clockwise,0,same_physical_actions,"{""1"":""villager"",""2"":""witch"",""3"":""villager"",""4"":""villager"",""5"":""seer"",""6"":""villager"",""7"":""werewolf"",""8"":""hunter"",""9"":""werewolf"",""10"":""werewolf""}","{""1"":1,""2"":2,""3"":3,""4"":4,""5"":5,""6"":6,""7"":7,""8"":8,""9"":9,""10"":10}",same_action_reference_seed_42_base_118_physical_clockwise,68,68,68,1,1,1,1,1,,,,none,,,,,,,,,wolf,0,1,5,5,0,2,0,0,0
supplied_action_replay,same_action_seed_42_base_119,same_action_seed_42_base_119,42,119,reference_replay_pair,physical_clockwise,0,same_physical_actions,"{""1"":""seer"",""2"":""hunter"",""3"":""witch"",""4"":""werewolf"",""5"":""villager"",""6"":""villager"",""7"":""werewolf"",""8"":""villager"",""9"":""werewolf"",""10"":""villager""}","{""1"":1,""2"":2,""3"":3,""4"":4,""5"":5,""6"":6,""7"":7,""8"":8,""9"":9,""10"":10}",same_action_reference_seed_42_base_119_physical_clockwise,51,51,51,1,1,1,1,1,,,,none,,,,,,,,,wolf,0,1,4,1,0,3,0,0,1
supplied_action_replay,same_action_seed_42_base_120,same_action_seed_42_base_120,42,120,reference_replay_pair,physical_clockwise,0,same_physical_actions,"{""1"":""villager"",""2"":""werewolf"",""3"":""hunter"",""4"":""villager"",""5"":""werewolf"",""6"":""werewolf"",""7"":""villager"",""8"":""seer"",""9"":""witch"",""10"":""villager""}","{""1"":1,""2"":2,""3"":3,""4"":4,""5"":5,""6"":6,""7"":7,""8"":8,""9"":9,""10"":10}",same_action_reference_seed_42_base_120_physical_clockwise,68,68,68,1,1,1,1,1,,,,none,,,,,,,,,wolf,0,1,4,8,0,4,0,0,0
supplied_action_replay,same_action_seed_42_base_121,same_action_seed_42_base_121,42,121,reference_replay_pair,physical_clockwise,0,same_physical_actions,"{""1"":""werewolf"",""2"":""hunter"",""3"":""seer"",""4"":""villager"",""5"":""villager"",""6"":""werewolf"",""7"":""werewolf"",""8"":""villager"",""9"":""villager"",""10"":""witch""}","{""1"":1,""2"":2,""3"":3,""4"":4,""5"":5,""6"":6,""7"":7,""8"":8,""9"":9,""10"":10}",same_action_reference_seed_42_base_121_physical_clockwise,58,58,58,1,1,1,1,1,,,,none,,,,,,,,,wolf,0,1,4,3,0,2,0,0,0
supplied_action_replay,same_action_seed_42_base_122,same_action_seed_42_base_122,42,122,reference_replay_pair,physical_clockwise,0,same_physical_actions,"{""1"":""werewolf"",""2"":""villager"",""3"":""werewolf"",""4"":""villager"",""5"":""seer"",""6"":""witch"",""7"":""werewolf"",""8"":""villager"",""9"":""villager"",""10"":""hunter""}","{""1"":1,""2"":2,""3"":3,""4"":4,""5"":5,""6"":6,""7"":7,""8"":8,""9"":9,""10"":10}",same_action_reference_seed_42_base_122_physical_clockwise,42,42,42,1,1,1,1,1,,,,none,,,,,,,,,wolf,0,1,3,5,0,2,0,0,0
supplied_action_replay,same_action_seed_42_base_123,same_action_seed_42_base_123,42,123,reference_replay_pair,physical_clockwise,0,same_physical_actions,"{""1"":""villager"",""2"":""hunter"",""3"":""witch"",""4"":""villager"",""5"":""villager"",""6"":""werewolf"",""7"":""villager"",""8"":""werewolf"",""9"":""seer"",""10"":""werewolf""}","{""1"":1,""2"":2,""3"":3,""4"":4,""5"":5,""6"":6,""7"":7,""8"":8,""9"":9,""10"":10}",same_action_reference_seed_42_base_123_physical_clockwise,53,53,53,1,1,1,1,1,,,,none,,,,,,,,,wolf,0,1,4,9,0,3,1,1,1
supplied_action_replay,same_action_seed_42_base_124,same_action_seed_42_base_124,42,124,reference_replay_pair,physical_clockwise,0,same_physical_actions,"{""1"":""villager"",""2"":""werewolf"",""3"":""hunter"",""4"":""werewolf"",""5"":""witch"",""6"":""werewolf"",""7"":""seer"",""8"":""villager"",""9"":""villager"",""10"":""villager""}","{""1"":1,""2"":2,""3"":3,""4"":4,""5"":5,""6"":6,""7"":7,""8"":8,""9"":9,""10"":10}",same_action_reference_seed_42_base_124_physical_clockwise,43,43,43,1,1,1,1,1,,,,none,,,,,,,,,wolf,0,1,3,7,0,1,0,0,0
supplied_action_replay,same_action_seed_42_base_125,same_action_seed_42_base_125,42,125,reference_replay_pair,physical_clockwise,0,same_physical_actions,"{""1"":""witch"",""2"":""werewolf"",""3"":""hunter"",""4"":""villager"",""5"":""villager"",""6"":""seer"",""7"":""villager"",""8"":""werewolf"",""9"":""villager"",""10"":""werewolf""}","{""1"":1,""2"":2,""3"":3,""4"":4,""5"":5,""6"":6,""7"":7,""8"":8,""9"":9,""10"":10}",same_action_reference_seed_42_base_125_physical_clockwise,55,55,55,1,1,1,1,1,,,,none,,,,,,,,,village,1,0,3,6,1,3,0,1,1
supplied_action_replay,same_action_seed_42_base_126,same_action_seed_42_base_126,42,126,reference_replay_pair,physical_clockwise,0,same_physical_actions,"{""1"":""villager"",""2"":""villager"",""3"":""werewolf"",""4"":""seer"",""5"":""hunter"",""6"":""werewolf"",""7"":""villager"",""8"":""werewolf"",""9"":""villager"",""10"":""witch""}","{""1"":1,""2"":2,""3"":3,""4"":4,""5"":5,""6"":6,""7"":7,""8"":8,""9"":9,""10"":10}",same_action_reference_seed_42_base_126_physical_clockwise,67,67,67,1,1,1,1,1,,,,none,,,,,,,,,wolf,0,1,5,4,0,3,0,1,1
supplied_action_replay,same_action_seed_42_base_127,same_action_seed_42_base_127,42,127,reference_replay_pair,physical_clockwise,0,same_physical_actions,"{""1"":""villager"",""2"":""villager"",""3"":""villager"",""4"":""villager"",""5"":""witch"",""6"":""werewolf"",""7"":""hunter"",""8"":""seer"",""9"":""werewolf"",""10"":""werewolf""}","{""1"":1,""2"":2,""3"":3,""4"":4,""5"":5,""6"":6,""7"":7,""8"":8,""9"":9,""10"":10}",same_action_reference_seed_42_base_127_physical_clockwise,64,64,64,1,1,1,1,1,,,,none,,,,,,,,,wolf,0,1,4,8,0,4,1,1,1
supplied_action_replay,same_action_seed_42_base_128,same_action_seed_42_base_128,42,128,reference_replay_pair,physical_clockwise,0,same_physical_actions,"{""1"":""werewolf"",""2"":""villager"",""3"":""hunter"",""4"":""werewolf"",""5"":""villager"",""6"":""witch"",""7"":""villager"",""8"":""werewolf"",""9"":""seer"",""10"":""villager""}","{""1"":1,""2"":2,""3"":3,""4"":4,""5"":5,""6"":6,""7"":7,""8"":8,""9"":9,""10"":10}",same_action_reference_seed_42_base_128_physical_clockwise,58,58,58,1,1,1,1,1,,,,none,,,,,,,,,village,1,0,4,9,0,3,0,1,1
supplied_action_replay,same_action_seed_42_base_129,same_action_seed_42_base_129,42,129,reference_replay_pair,physical_clockwise,0,same_physical_actions,"{""1"":""werewolf"",""2"":""villager"",""3"":""hunter"",""4"":""villager"",""5"":""villager"",""6"":""witch"",""7"":""seer"",""8"":""werewolf"",""9"":""werewolf"",""10"":""villager""}","{""1"":1,""2"":2,""3"":3,""4"":4,""5"":5,""6"":6,""7"":7,""8"":8,""9"":9,""10"":10}",same_action_reference_seed_42_base_129_physical_clockwise,62,62,62,1,1,1,1,1,,,,none,,,,,,,,,village,1,0,4,7,0,2,1,1,1
supplied_action_replay,same_action_seed_42_base_130,same_action_seed_42_base_130,42,130,reference_replay_pair,physical_clockwise,0,same_physical_actions,"{""1"":""werewolf"",""2"":""hunter"",""3"":""werewolf"",""4"":""villager"",""5"":""villager"",""6"":""seer"",""7"":""villager"",""8"":""werewolf"",""9"":""witch"",""10"":""villager""}","{""1"":1,""2"":2,""3"":3,""4"":4,""5"":5,""6"":6,""7"":7,""8"":8,""9"":9,""10"":10}",same_action_reference_seed_42_base_130_physical_clockwise,54,54,54,1,1,1,1,1,,,,none,,,,,,,,,village,1,0,3,6,1,3,0,1,1
supplied_action_replay,same_action_seed_42_base_131,same_action_seed_42_base_131,42,131,reference_replay_pair,physical_clockwise,0,same_physical_actions,"{""1"":""werewolf"",""2"":""hunter"",""3"":""witch"",""4"":""villager"",""5"":""werewolf"",""6"":""villager"",""7"":""werewolf"",""8"":""villager"",""9"":""villager"",""10"":""seer""}","{""1"":1,""2"":2,""3"":3,""4"":4,""5"":5,""6"":6,""7"":7,""8"":8,""9"":9,""10"":10}",same_action_reference_seed_42_base_131_physical_clockwise,65,65,65,1,1,1,1,1,,,,none,,,,,,,,,wolf,0,1,4,10,0,3,1,1,1
supplied_action_replay,same_action_seed_42_base_132,same_action_seed_42_base_132,42,132,reference_replay_pair,physical_clockwise,0,same_physical_actions,"{""1"":""werewolf"",""2"":""villager"",""3"":""villager"",""4"":""villager"",""5"":""seer"",""6"":""werewolf"",""7"":""hunter"",""8"":""villager"",""9"":""werewolf"",""10"":""witch""}","{""1"":1,""2"":2,""3"":3,""4"":4,""5"":5,""6"":6,""7"":7,""8"":8,""9"":9,""10"":10}",same_action_reference_seed_42_base_132_physical_clockwise,56,56,56,1,1,1,1,1,,,,none,,,,,,,,,wolf,0,1,3,5,0,2,1,1,1
supplied_action_replay,same_action_seed_42_base_133,same_action_seed_42_base_133,42,133,reference_replay_pair,physical_clockwise,0,same_physical_actions,"{""1"":""villager"",""2"":""villager"",""3"":""witch"",""4"":""werewolf"",""5"":""villager"",""6"":""werewolf"",""7"":""hunter"",""8"":""werewolf"",""9"":""villager"",""10"":""seer""}","{""1"":1,""2"":2,""3"":3,""4"":4,""5"":5,""6"":6,""7"":7,""8"":8,""9"":9,""10"":10}",same_action_reference_seed_42_base_133_physical_clockwise,62,62,62,1,1,1,1,1,,,,none,,,,,,,,,wolf,0,1,4,10,0,2,0,0,0
supplied_action_replay,same_action_seed_42_base_134,same_action_seed_42_base_134,42,134,reference_replay_pair,physical_clockwise,0,same_physical_actions,"{""1"":""werewolf"",""2"":""villager"",""3"":""hunter"",""4"":""werewolf"",""5"":""villager"",""6"":""villager"",""7"":""werewolf"",""8"":""seer"",""9"":""villager"",""10"":""witch""}","{""1"":1,""2"":2,""3"":3,""4"":4,""5"":5,""6"":6,""7"":7,""8"":8,""9"":9,""10"":10}",same_action_reference_seed_42_base_134_physical_clockwise,43,43,43,1,1,1,1,1,,,,none,,,,,,,,,wolf,0,1,3,8,0,1,0,0,0
supplied_action_replay,same_action_seed_42_base_135,same_action_seed_42_base_135,42,135,reference_replay_pair,physical_clockwise,0,same_physical_actions,"{""1"":""villager"",""2"":""witch"",""3"":""villager"",""4"":""werewolf"",""5"":""werewolf"",""6"":""seer"",""7"":""villager"",""8"":""hunter"",""9"":""werewolf"",""10"":""villager""}","{""1"":1,""2"":2,""3"":3,""4"":4,""5"":5,""6"":6,""7"":7,""8"":8,""9"":9,""10"":10}",same_action_reference_seed_42_base_135_physical_clockwise,53,53,53,1,1,1,1,1,,,,none,,,,,,,,,wolf,0,1,4,6,0,3,0,0,0
supplied_action_replay,same_action_seed_42_base_136,same_action_seed_42_base_136,42,136,reference_replay_pair,physical_clockwise,0,same_physical_actions,"{""1"":""villager"",""2"":""villager"",""3"":""werewolf"",""4"":""werewolf"",""5"":""villager"",""6"":""seer"",""7"":""werewolf"",""8"":""villager"",""9"":""witch"",""10"":""hunter""}","{""1"":1,""2"":2,""3"":3,""4"":4,""5"":5,""6"":6,""7"":7,""8"":8,""9"":9,""10"":10}",same_action_reference_seed_42_base_136_physical_clockwise,54,54,54,1,1,1,1,1,,,,none,,,,,,,,,wolf,0,1,3,6,0,2,1,1,1
supplied_action_replay,same_action_seed_42_base_137,same_action_seed_42_base_137,42,137,reference_replay_pair,physical_clockwise,0,same_physical_actions,"{""1"":""werewolf"",""2"":""villager"",""3"":""villager"",""4"":""villager"",""5"":""witch"",""6"":""hunter"",""7"":""werewolf"",""8"":""werewolf"",""9"":""villager"",""10"":""seer""}","{""1"":1,""2"":2,""3"":3,""4"":4,""5"":5,""6"":6,""7"":7,""8"":8,""9"":9,""10"":10}",same_action_reference_seed_42_base_137_physical_clockwise,50,50,50,1,1,1,1,1,,,,none,,,,,,,,,wolf,0,1,4,10,1,4,1,1,1
supplied_action_replay,same_action_seed_42_base_138,same_action_seed_42_base_138,42,138,reference_replay_pair,physical_clockwise,0,same_physical_actions,"{""1"":""seer"",""2"":""villager"",""3"":""hunter"",""4"":""werewolf"",""5"":""villager"",""6"":""witch"",""7"":""werewolf"",""8"":""villager"",""9"":""villager"",""10"":""werewolf""}","{""1"":1,""2"":2,""3"":3,""4"":4,""5"":5,""6"":6,""7"":7,""8"":8,""9"":9,""10"":10}",same_action_reference_seed_42_base_138_physical_clockwise,68,68,68,1,1,1,1,1,,,,none,,,,,,,,,village,1,0,4,1,0,4,0,0,1
supplied_action_replay,same_action_seed_42_base_139,same_action_seed_42_base_139,42,139,reference_replay_pair,physical_clockwise,0,same_physical_actions,"{""1"":""villager"",""2"":""werewolf"",""3"":""witch"",""4"":""seer"",""5"":""werewolf"",""6"":""villager"",""7"":""villager"",""8"":""villager"",""9"":""werewolf"",""10"":""hunter""}","{""1"":1,""2"":2,""3"":3,""4"":4,""5"":5,""6"":6,""7"":7,""8"":8,""9"":9,""10"":10}",same_action_reference_seed_42_base_139_physical_clockwise,58,58,58,1,1,1,1,1,,,,none,,,,,,,,,wolf,0,1,3,4,0,2,1,1,1
supplied_action_replay,same_action_seed_42_base_140,same_action_seed_42_base_140,42,140,reference_replay_pair,physical_clockwise,0,same_physical_actions,"{""1"":""villager"",""2"":""werewolf"",""3"":""werewolf"",""4"":""seer"",""5"":""villager"",""6"":""villager"",""7"":""witch"",""8"":""hunter"",""9"":""villager"",""10"":""werewolf""}","{""1"":1,""2"":2,""3"":3,""4"":4,""5"":5,""6"":6,""7"":7,""8"":8,""9"":9,""10"":10}",same_action_reference_seed_42_base_140_physical_clockwise,46,46,46,1,1,1,1,1,,,,none,,,,,,,,,village,1,0,3,4,0,1,0,0,0
supplied_action_replay,same_action_seed_42_base_141,same_action_seed_42_base_141,42,141,reference_replay_pair,physical_clockwise,0,same_physical_actions,"{""1"":""werewolf"",""2"":""villager"",""3"":""hunter"",""4"":""villager"",""5"":""villager"",""6"":""witch"",""7"":""seer"",""8"":""werewolf"",""9"":""villager"",""10"":""werewolf""}","{""1"":1,""2"":2,""3"":3,""4"":4,""5"":5,""6"":6,""7"":7,""8"":8,""9"":9,""10"":10}",same_action_reference_seed_42_base_141_physical_clockwise,46,46,46,1,1,1,1,1,,,,none,,,,,,,,,village,1,0,3,7,1,3,1,1,1
supplied_action_replay,same_action_seed_42_base_142,same_action_seed_42_base_142,42,142,reference_replay_pair,physical_clockwise,0,same_physical_actions,"{""1"":""werewolf"",""2"":""werewolf"",""3"":""witch"",""4"":""villager"",""5"":""werewolf"",""6"":""villager"",""7"":""villager"",""8"":""seer"",""9"":""villager"",""10"":""hunter""}","{""1"":1,""2"":2,""3"":3,""4"":4,""5"":5,""6"":6,""7"":7,""8"":8,""9"":9,""10"":10}",same_action_reference_seed_42_base_142_physical_clockwise,45,45,45,1,1,1,1,1,,,,none,,,,,,,,,wolf,0,1,3,8,1,3,0,0,1
supplied_action_replay,same_action_seed_42_base_143,same_action_seed_42_base_143,42,143,reference_replay_pair,physical_clockwise,0,same_physical_actions,"{""1"":""werewolf"",""2"":""hunter"",""3"":""werewolf"",""4"":""villager"",""5"":""seer"",""6"":""villager"",""7"":""witch"",""8"":""villager"",""9"":""werewolf"",""10"":""villager""}","{""1"":1,""2"":2,""3"":3,""4"":4,""5"":5,""6"":6,""7"":7,""8"":8,""9"":9,""10"":10}",same_action_reference_seed_42_base_143_physical_clockwise,57,57,57,1,1,1,1,1,,,,none,,,,,,,,,village,1,0,3,5,0,2,0,0,0
supplied_action_replay,same_action_seed_42_base_144,same_action_seed_42_base_144,42,144,reference_replay_pair,physical_clockwise,0,same_physical_actions,"{""1"":""villager"",""2"":""witch"",""3"":""werewolf"",""4"":""werewolf"",""5"":""werewolf"",""6"":""villager"",""7"":""hunter"",""8"":""villager"",""9"":""villager"",""10"":""seer""}","{""1"":1,""2"":2,""3"":3,""4"":4,""5"":5,""6"":6,""7"":7,""8"":8,""9"":9,""10"":10}",same_action_reference_seed_42_base_144_physical_clockwise,67,67,67,1,1,1,1,1,,,,none,,,,,,,,,village,1,0,4,10,1,4,0,0,1
supplied_action_replay,same_action_seed_42_base_145,same_action_seed_42_base_145,42,145,reference_replay_pair,physical_clockwise,0,same_physical_actions,"{""1"":""werewolf"",""2"":""witch"",""3"":""villager"",""4"":""hunter"",""5"":""seer"",""6"":""villager"",""7"":""werewolf"",""8"":""werewolf"",""9"":""villager"",""10"":""villager""}","{""1"":1,""2"":2,""3"":3,""4"":4,""5"":5,""6"":6,""7"":7,""8"":8,""9"":9,""10"":10}",same_action_reference_seed_42_base_145_physical_clockwise,55,55,55,1,1,1,1,1,,,,none,,,,,,,,,village,1,0,3,5,1,3,0,1,1
supplied_action_replay,same_action_seed_42_base_146,same_action_seed_42_base_146,42,146,reference_replay_pair,physical_clockwise,0,same_physical_actions,"{""1"":""hunter"",""2"":""villager"",""3"":""villager"",""4"":""witch"",""5"":""werewolf"",""6"":""werewolf"",""7"":""seer"",""8"":""villager"",""9"":""werewolf"",""10"":""villager""}","{""1"":1,""2"":2,""3"":3,""4"":4,""5"":5,""6"":6,""7"":7,""8"":8,""9"":9,""10"":10}",same_action_reference_seed_42_base_146_physical_clockwise,54,54,54,1,1,1,1,1,,,,none,,,,,,,,,village,1,0,3,7,1,3,0,0,0
supplied_action_replay,same_action_seed_42_base_147,same_action_seed_42_base_147,42,147,reference_replay_pair,physical_clockwise,0,same_physical_actions,"{""1"":""seer"",""2"":""hunter"",""3"":""witch"",""4"":""villager"",""5"":""villager"",""6"":""werewolf"",""7"":""villager"",""8"":""werewolf"",""9"":""villager"",""10"":""werewolf""}","{""1"":1,""2"":2,""3"":3,""4"":4,""5"":5,""6"":6,""7"":7,""8"":8,""9"":9,""10"":10}",same_action_reference_seed_42_base_147_physical_clockwise,70,70,70,1,1,1,1,1,,,,none,,,,,,,,,wolf,0,1,4,1,0,4,0,0,1
supplied_action_replay,same_action_seed_42_base_148,same_action_seed_42_base_148,42,148,reference_replay_pair,physical_clockwise,0,same_physical_actions,"{""1"":""villager"",""2"":""hunter"",""3"":""villager"",""4"":""seer"",""5"":""werewolf"",""6"":""witch"",""7"":""villager"",""8"":""werewolf"",""9"":""werewolf"",""10"":""villager""}","{""1"":1,""2"":2,""3"":3,""4"":4,""5"":5,""6"":6,""7"":7,""8"":8,""9"":9,""10"":10}",same_action_reference_seed_42_base_148_physical_clockwise,69,69,69,1,1,1,1,1,,,,none,,,,,,,,,wolf,0,1,5,4,0,3,1,1,1
supplied_action_replay,same_action_seed_42_base_149,same_action_seed_42_base_149,42,149,reference_replay_pair,physical_clockwise,0,same_physical_actions,"{""1"":""werewolf"",""2"":""werewolf"",""3"":""villager"",""4"":""seer"",""5"":""werewolf"",""6"":""witch"",""7"":""villager"",""8"":""villager"",""9"":""villager"",""10"":""hunter""}","{""1"":1,""2"":2,""3"":3,""4"":4,""5"":5,""6"":6,""7"":7,""8"":8,""9"":9,""10"":10}",same_action_reference_seed_42_base_149_physical_clockwise,57,57,57,1,1,1,1,1,,,,none,,,,,,,,,village,1,0,3,4,0,2,1,1,1
supplied_action_replay,same_action_seed_42_base_150,same_action_seed_42_base_150,42,150,reference_replay_pair,physical_clockwise,0,same_physical_actions,"{""1"":""witch"",""2"":""villager"",""3"":""villager"",""4"":""villager"",""5"":""seer"",""6"":""werewolf"",""7"":""werewolf"",""8"":""hunter"",""9"":""villager"",""10"":""werewolf""}","{""1"":1,""2"":2,""3"":3,""4"":4,""5"":5,""6"":6,""7"":7,""8"":8,""9"":9,""10"":10}",same_action_reference_seed_42_base_150_physical_clockwise,55,55,55,1,1,1,1,1,,,,none,,,,,,,,,wolf,0,1,4,5,0,3,1,1,1
supplied_action_replay,same_action_seed_42_base_151,same_action_seed_42_base_151,42,151,reference_replay_pair,physical_clockwise,0,same_physical_actions,"{""1"":""werewolf"",""2"":""villager"",""3"":""werewolf"",""4"":""werewolf"",""5"":""witch"",""6"":""villager"",""7"":""villager"",""8"":""hunter"",""9"":""seer"",""10"":""villager""}","{""1"":1,""2"":2,""3"":3,""4"":4,""5"":5,""6"":6,""7"":7,""8"":8,""9"":9,""10"":10}",same_action_reference_seed_42_base_151_physical_clockwise,64,64,64,1,1,1,1,1,,,,none,,,,,,,,,village,1,0,4,9,0,4,0,1,1
supplied_action_replay,same_action_seed_42_base_152,same_action_seed_42_base_152,42,152,reference_replay_pair,physical_clockwise,0,same_physical_actions,"{""1"":""villager"",""2"":""villager"",""3"":""werewolf"",""4"":""villager"",""5"":""seer"",""6"":""witch"",""7"":""villager"",""8"":""werewolf"",""9"":""hunter"",""10"":""werewolf""}","{""1"":1,""2"":2,""3"":3,""4"":4,""5"":5,""6"":6,""7"":7,""8"":8,""9"":9,""10"":10}",same_action_reference_seed_42_base_152_physical_clockwise,51,51,51,1,1,1,1,1,,,,none,,,,,,,,,wolf,0,1,3,5,0,1,0,0,0
supplied_action_replay,same_action_seed_42_base_153,same_action_seed_42_base_153,42,153,reference_replay_pair,physical_clockwise,0,same_physical_actions,"{""1"":""villager"",""2"":""witch"",""3"":""villager"",""4"":""werewolf"",""5"":""werewolf"",""6"":""hunter"",""7"":""villager"",""8"":""villager"",""9"":""werewolf"",""10"":""seer""}","{""1"":1,""2"":2,""3"":3,""4"":4,""5"":5,""6"":6,""7"":7,""8"":8,""9"":9,""10"":10}",same_action_reference_seed_42_base_153_physical_clockwise,64,64,64,1,1,1,1,1,,,,none,,,,,,,,,village,1,0,4,10,1,4,0,0,1
supplied_action_replay,same_action_seed_42_base_154,same_action_seed_42_base_154,42,154,reference_replay_pair,physical_clockwise,0,same_physical_actions,"{""1"":""witch"",""2"":""werewolf"",""3"":""villager"",""4"":""seer"",""5"":""villager"",""6"":""villager"",""7"":""hunter"",""8"":""werewolf"",""9"":""villager"",""10"":""werewolf""}","{""1"":1,""2"":2,""3"":3,""4"":4,""5"":5,""6"":6,""7"":7,""8"":8,""9"":9,""10"":10}",same_action_reference_seed_42_base_154_physical_clockwise,70,70,70,1,1,1,1,1,,,,none,,,,,,,,,wolf,0,1,5,4,0,4,0,0,0
supplied_action_replay,same_action_seed_42_base_155,same_action_seed_42_base_155,42,155,reference_replay_pair,physical_clockwise,0,same_physical_actions,"{""1"":""villager"",""2"":""hunter"",""3"":""villager"",""4"":""werewolf"",""5"":""witch"",""6"":""seer"",""7"":""werewolf"",""8"":""werewolf"",""9"":""villager"",""10"":""villager""}","{""1"":1,""2"":2,""3"":3,""4"":4,""5"":5,""6"":6,""7"":7,""8"":8,""9"":9,""10"":10}",same_action_reference_seed_42_base_155_physical_clockwise,68,68,68,1,1,1,1,1,,,,none,,,,,,,,,village,1,0,4,6,1,4,1,1,1
supplied_action_replay,same_action_seed_42_base_156,same_action_seed_42_base_156,42,156,reference_replay_pair,physical_clockwise,0,same_physical_actions,"{""1"":""villager"",""2"":""villager"",""3"":""villager"",""4"":""werewolf"",""5"":""seer"",""6"":""werewolf"",""7"":""witch"",""8"":""werewolf"",""9"":""hunter"",""10"":""villager""}","{""1"":1,""2"":2,""3"":3,""4"":4,""5"":5,""6"":6,""7"":7,""8"":8,""9"":9,""10"":10}",same_action_reference_seed_42_base_156_physical_clockwise,58,58,58,1,1,1,1,1,,,,none,,,,,,,,,wolf,0,1,4,5,0,2,1,1,1
supplied_action_replay,same_action_seed_42_base_157,same_action_seed_42_base_157,42,157,reference_replay_pair,physical_clockwise,0,same_physical_actions,"{""1"":""villager"",""2"":""villager"",""3"":""seer"",""4"":""hunter"",""5"":""villager"",""6"":""werewolf"",""7"":""werewolf"",""8"":""witch"",""9"":""villager"",""10"":""werewolf""}","{""1"":1,""2"":2,""3"":3,""4"":4,""5"":5,""6"":6,""7"":7,""8"":8,""9"":9,""10"":10}",same_action_reference_seed_42_base_157_physical_clockwise,54,54,54,1,1,1,1,1,,,,none,,,,,,,,,village,1,0,3,3,0,1,0,0,0
supplied_action_replay,same_action_seed_42_base_158,same_action_seed_42_base_158,42,158,reference_replay_pair,physical_clockwise,0,same_physical_actions,"{""1"":""hunter"",""2"":""werewolf"",""3"":""werewolf"",""4"":""witch"",""5"":""seer"",""6"":""werewolf"",""7"":""villager"",""8"":""villager"",""9"":""villager"",""10"":""villager""}","{""1"":1,""2"":2,""3"":3,""4"":4,""5"":5,""6"":6,""7"":7,""8"":8,""9"":9,""10"":10}",same_action_reference_seed_42_base_158_physical_clockwise,68,68,68,1,1,1,1,1,,,,none,,,,,,,,,village,1,0,4,5,0,3,1,1,1
supplied_action_replay,same_action_seed_42_base_159,same_action_seed_42_base_159,42,159,reference_replay_pair,physical_clockwise,0,same_physical_actions,"{""1"":""villager"",""2"":""villager"",""3"":""seer"",""4"":""hunter"",""5"":""werewolf"",""6"":""werewolf"",""7"":""witch"",""8"":""villager"",""9"":""werewolf"",""10"":""villager""}","{""1"":1,""2"":2,""3"":3,""4"":4,""5"":5,""6"":6,""7"":7,""8"":8,""9"":9,""10"":10}",same_action_reference_seed_42_base_159_physical_clockwise,55,55,55,1,1,1,1,1,,,,none,,,,,,,,,village,1,0,3,3,0,3,0,1,1
supplied_action_replay,same_action_seed_42_base_160,same_action_seed_42_base_160,42,160,reference_replay_pair,physical_clockwise,0,same_physical_actions,"{""1"":""villager"",""2"":""villager"",""3"":""werewolf"",""4"":""werewolf"",""5"":""hunter"",""6"":""seer"",""7"":""villager"",""8"":""werewolf"",""9"":""witch"",""10"":""villager""}","{""1"":1,""2"":2,""3"":3,""4"":4,""5"":5,""6"":6,""7"":7,""8"":8,""9"":9,""10"":10}",same_action_reference_seed_42_base_160_physical_clockwise,27,27,27,1,1,1,1,1,,,,none,,,,,,,,,wolf,0,1,2,6,0,1,0,0,0
supplied_action_replay,same_action_seed_42_base_161,same_action_seed_42_base_161,42,161,reference_replay_pair,physical_clockwise,0,same_physical_actions,"{""1"":""villager"",""2"":""witch"",""3"":""werewolf"",""4"":""seer"",""5"":""villager"",""6"":""werewolf"",""7"":""villager"",""8"":""villager"",""9"":""hunter"",""10"":""werewolf""}","{""1"":1,""2"":2,""3"":3,""4"":4,""5"":5,""6"":6,""7"":7,""8"":8,""9"":9,""10"":10}",same_action_reference_seed_42_base_161_physical_clockwise,44,44,44,1,1,1,1,1,,,,none,,,,,,,,,wolf,0,1,3,4,0,2,0,1,1
supplied_action_replay,same_action_seed_42_base_162,same_action_seed_42_base_162,42,162,reference_replay_pair,physical_clockwise,0,same_physical_actions,"{""1"":""werewolf"",""2"":""hunter"",""3"":""villager"",""4"":""villager"",""5"":""witch"",""6"":""villager"",""7"":""seer"",""8"":""werewolf"",""9"":""werewolf"",""10"":""villager""}","{""1"":1,""2"":2,""3"":3,""4"":4,""5"":5,""6"":6,""7"":7,""8"":8,""9"":9,""10"":10}",same_action_reference_seed_42_base_162_physical_clockwise,63,63,63,1,1,1,1,1,,,,none,,,,,,,,,village,1,0,4,7,0,3,1,1,1
supplied_action_replay,same_action_seed_42_base_163,same_action_seed_42_base_163,42,163,reference_replay_pair,physical_clockwise,0,same_physical_actions,"{""1"":""villager"",""2"":""werewolf"",""3"":""werewolf"",""4"":""hunter"",""5"":""witch"",""6"":""seer"",""7"":""villager"",""8"":""villager"",""9"":""villager"",""10"":""werewolf""}","{""1"":1,""2"":2,""3"":3,""4"":4,""5"":5,""6"":6,""7"":7,""8"":8,""9"":9,""10"":10}",same_action_reference_seed_42_base_163_physical_clockwise,53,53,53,1,1,1,1,1,,,,none,,,,,,,,,wolf,0,1,4,6,0,1,0,0,0
supplied_action_replay,same_action_seed_42_base_164,same_action_seed_42_base_164,42,164,reference_replay_pair,physical_clockwise,0,same_physical_actions,"{""1"":""werewolf"",""2"":""hunter"",""3"":""seer"",""4"":""werewolf"",""5"":""villager"",""6"":""villager"",""7"":""villager"",""8"":""villager"",""9"":""werewolf"",""10"":""witch""}","{""1"":1,""2"":2,""3"":3,""4"":4,""5"":5,""6"":6,""7"":7,""8"":8,""9"":9,""10"":10}",same_action_reference_seed_42_base_164_physical_clockwise,64,64,64,1,1,1,1,1,,,,none,,,,,,,,,wolf,0,1,4,3,0,2,1,1,1
supplied_action_replay,same_action_seed_42_base_165,same_action_seed_42_base_165,42,165,reference_replay_pair,physical_clockwise,0,same_physical_actions,"{""1"":""villager"",""2"":""seer"",""3"":""witch"",""4"":""werewolf"",""5"":""hunter"",""6"":""villager"",""7"":""werewolf"",""8"":""werewolf"",""9"":""villager"",""10"":""villager""}","{""1"":1,""2"":2,""3"":3,""4"":4,""5"":5,""6"":6,""7"":7,""8"":8,""9"":9,""10"":10}",same_action_reference_seed_42_base_165_physical_clockwise,65,65,65,1,1,1,1,1,,,,none,,,,,,,,,wolf,0,1,5,2,0,1,0,0,0
supplied_action_replay,same_action_seed_42_base_166,same_action_seed_42_base_166,42,166,reference_replay_pair,physical_clockwise,0,same_physical_actions,"{""1"":""villager"",""2"":""witch"",""3"":""hunter"",""4"":""villager"",""5"":""villager"",""6"":""werewolf"",""7"":""villager"",""8"":""seer"",""9"":""werewolf"",""10"":""werewolf""}","{""1"":1,""2"":2,""3"":3,""4"":4,""5"":5,""6"":6,""7"":7,""8"":8,""9"":9,""10"":10}",same_action_reference_seed_42_base_166_physical_clockwise,56,56,56,1,1,1,1,1,,,,none,,,,,,,,,village,1,0,3,8,1,3,1,1,1
supplied_action_replay,same_action_seed_42_base_167,same_action_seed_42_base_167,42,167,reference_replay_pair,physical_clockwise,0,same_physical_actions,"{""1"":""werewolf"",""2"":""villager"",""3"":""villager"",""4"":""hunter"",""5"":""werewolf"",""6"":""witch"",""7"":""villager"",""8"":""seer"",""9"":""villager"",""10"":""werewolf""}","{""1"":1,""2"":2,""3"":3,""4"":4,""5"":5,""6"":6,""7"":7,""8"":8,""9"":9,""10"":10}",same_action_reference_seed_42_base_167_physical_clockwise,64,64,64,1,1,1,1,1,,,,none,,,,,,,,,village,1,0,4,8,0,4,0,1,1
supplied_action_replay,same_action_seed_42_base_168,same_action_seed_42_base_168,42,168,reference_replay_pair,physical_clockwise,0,same_physical_actions,"{""1"":""werewolf"",""2"":""villager"",""3"":""seer"",""4"":""werewolf"",""5"":""villager"",""6"":""hunter"",""7"":""villager"",""8"":""witch"",""9"":""villager"",""10"":""werewolf""}","{""1"":1,""2"":2,""3"":3,""4"":4,""5"":5,""6"":6,""7"":7,""8"":8,""9"":9,""10"":10}",same_action_reference_seed_42_base_168_physical_clockwise,60,60,60,1,1,1,1,1,,,,none,,,,,,,,,wolf,0,1,4,3,1,4,1,1,1
supplied_action_replay,same_action_seed_42_base_169,same_action_seed_42_base_169,42,169,reference_replay_pair,physical_clockwise,0,same_physical_actions,"{""1"":""werewolf"",""2"":""villager"",""3"":""witch"",""4"":""werewolf"",""5"":""villager"",""6"":""hunter"",""7"":""seer"",""8"":""villager"",""9"":""villager"",""10"":""werewolf""}","{""1"":1,""2"":2,""3"":3,""4"":4,""5"":5,""6"":6,""7"":7,""8"":8,""9"":9,""10"":10}",same_action_reference_seed_42_base_169_physical_clockwise,56,56,56,1,1,1,1,1,,,,none,,,,,,,,,wolf,0,1,4,7,0,4,0,1,1
supplied_action_replay,same_action_seed_42_base_170,same_action_seed_42_base_170,42,170,reference_replay_pair,physical_clockwise,0,same_physical_actions,"{""1"":""seer"",""2"":""villager"",""3"":""villager"",""4"":""werewolf"",""5"":""witch"",""6"":""werewolf"",""7"":""villager"",""8"":""villager"",""9"":""werewolf"",""10"":""hunter""}","{""1"":1,""2"":2,""3"":3,""4"":4,""5"":5,""6"":6,""7"":7,""8"":8,""9"":9,""10"":10}",same_action_reference_seed_42_base_170_physical_clockwise,45,45,45,1,1,1,1,1,,,,none,,,,,,,,,village,1,0,3,1,1,3,0,0,1
supplied_action_replay,same_action_seed_42_base_171,same_action_seed_42_base_171,42,171,reference_replay_pair,physical_clockwise,0,same_physical_actions,"{""1"":""villager"",""2"":""seer"",""3"":""villager"",""4"":""villager"",""5"":""werewolf"",""6"":""werewolf"",""7"":""villager"",""8"":""witch"",""9"":""hunter"",""10"":""werewolf""}","{""1"":1,""2"":2,""3"":3,""4"":4,""5"":5,""6"":6,""7"":7,""8"":8,""9"":9,""10"":10}",same_action_reference_seed_42_base_171_physical_clockwise,43,43,43,1,1,1,1,1,,,,none,,,,,,,,,wolf,0,1,3,2,0,3,0,1,1
supplied_action_replay,same_action_seed_42_base_172,same_action_seed_42_base_172,42,172,reference_replay_pair,physical_clockwise,0,same_physical_actions,"{""1"":""werewolf"",""2"":""werewolf"",""3"":""villager"",""4"":""werewolf"",""5"":""seer"",""6"":""hunter"",""7"":""villager"",""8"":""villager"",""9"":""villager"",""10"":""witch""}","{""1"":1,""2"":2,""3"":3,""4"":4,""5"":5,""6"":6,""7"":7,""8"":8,""9"":9,""10"":10}",same_action_reference_seed_42_base_172_physical_clockwise,37,37,37,1,1,1,1,1,,,,none,,,,,,,,,wolf,0,1,3,5,1,3,0,0,0
supplied_action_replay,same_action_seed_42_base_173,same_action_seed_42_base_173,42,173,reference_replay_pair,physical_clockwise,0,same_physical_actions,"{""1"":""villager"",""2"":""werewolf"",""3"":""witch"",""4"":""werewolf"",""5"":""villager"",""6"":""villager"",""7"":""hunter"",""8"":""seer"",""9"":""werewolf"",""10"":""villager""}","{""1"":1,""2"":2,""3"":3,""4"":4,""5"":5,""6"":6,""7"":7,""8"":8,""9"":9,""10"":10}",same_action_reference_seed_42_base_173_physical_clockwise,69,69,69,1,1,1,1,1,,,,none,,,,,,,,,wolf,0,1,5,8,0,3,1,1,1
supplied_action_replay,same_action_seed_42_base_174,same_action_seed_42_base_174,42,174,reference_replay_pair,physical_clockwise,0,same_physical_actions,"{""1"":""villager"",""2"":""witch"",""3"":""hunter"",""4"":""werewolf"",""5"":""villager"",""6"":""seer"",""7"":""villager"",""8"":""werewolf"",""9"":""villager"",""10"":""werewolf""}","{""1"":1,""2"":2,""3"":3,""4"":4,""5"":5,""6"":6,""7"":7,""8"":8,""9"":9,""10"":10}",same_action_reference_seed_42_base_174_physical_clockwise,66,66,66,1,1,1,1,1,,,,none,,,,,,,,,village,1,0,4,6,0,2,0,1,1
supplied_action_replay,same_action_seed_42_base_175,same_action_seed_42_base_175,42,175,reference_replay_pair,physical_clockwise,0,same_physical_actions,"{""1"":""werewolf"",""2"":""villager"",""3"":""seer"",""4"":""villager"",""5"":""werewolf"",""6"":""witch"",""7"":""werewolf"",""8"":""hunter"",""9"":""villager"",""10"":""villager""}","{""1"":1,""2"":2,""3"":3,""4"":4,""5"":5,""6"":6,""7"":7,""8"":8,""9"":9,""10"":10}",same_action_reference_seed_42_base_175_physical_clockwise,39,39,39,1,1,1,1,1,,,,none,,,,,,,,,wolf,0,1,3,3,0,1,0,0,0
supplied_action_replay,same_action_seed_42_base_176,same_action_seed_42_base_176,42,176,reference_replay_pair,physical_clockwise,0,same_physical_actions,"{""1"":""villager"",""2"":""seer"",""3"":""hunter"",""4"":""werewolf"",""5"":""villager"",""6"":""witch"",""7"":""werewolf"",""8"":""villager"",""9"":""villager"",""10"":""werewolf""}","{""1"":1,""2"":2,""3"":3,""4"":4,""5"":5,""6"":6,""7"":7,""8"":8,""9"":9,""10"":10}",same_action_reference_seed_42_base_176_physical_clockwise,43,43,43,1,1,1,1,1,,,,none,,,,,,,,,wolf,0,1,3,2,0,3,0,1,1
supplied_action_replay,same_action_seed_42_base_177,same_action_seed_42_base_177,42,177,reference_replay_pair,physical_clockwise,0,same_physical_actions,"{""1"":""villager"",""2"":""witch"",""3"":""villager"",""4"":""villager"",""5"":""werewolf"",""6"":""werewolf"",""7"":""seer"",""8"":""hunter"",""9"":""villager"",""10"":""werewolf""}","{""1"":1,""2"":2,""3"":3,""4"":4,""5"":5,""6"":6,""7"":7,""8"":8,""9"":9,""10"":10}",same_action_reference_seed_42_base_177_physical_clockwise,56,56,56,1,1,1,1,1,,,,none,,,,,,,,,wolf,0,1,4,7,0,4,0,0,0
supplied_action_replay,same_action_seed_42_base_178,same_action_seed_42_base_178,42,178,reference_replay_pair,physical_clockwise,0,same_physical_actions,"{""1"":""werewolf"",""2"":""villager"",""3"":""witch"",""4"":""villager"",""5"":""werewolf"",""6"":""werewolf"",""7"":""seer"",""8"":""villager"",""9"":""villager"",""10"":""hunter""}","{""1"":1,""2"":2,""3"":3,""4"":4,""5"":5,""6"":6,""7"":7,""8"":8,""9"":9,""10"":10}",same_action_reference_seed_42_base_178_physical_clockwise,58,58,58,1,1,1,1,1,,,,none,,,,,,,,,village,1,0,3,7,1,3,0,0,0
supplied_action_replay,same_action_seed_42_base_179,same_action_seed_42_base_179,42,179,reference_replay_pair,physical_clockwise,0,same_physical_actions,"{""1"":""villager"",""2"":""werewolf"",""3"":""witch"",""4"":""villager"",""5"":""villager"",""6"":""werewolf"",""7"":""hunter"",""8"":""villager"",""9"":""werewolf"",""10"":""seer""}","{""1"":1,""2"":2,""3"":3,""4"":4,""5"":5,""6"":6,""7"":7,""8"":8,""9"":9,""10"":10}",same_action_reference_seed_42_base_179_physical_clockwise,55,55,55,1,1,1,1,1,,,,none,,,,,,,,,village,1,0,3,10,1,3,0,1,1
supplied_action_replay,same_action_seed_42_base_180,same_action_seed_42_base_180,42,180,reference_replay_pair,physical_clockwise,0,same_physical_actions,"{""1"":""villager"",""2"":""hunter"",""3"":""villager"",""4"":""villager"",""5"":""werewolf"",""6"":""seer"",""7"":""werewolf"",""8"":""villager"",""9"":""witch"",""10"":""werewolf""}","{""1"":1,""2"":2,""3"":3,""4"":4,""5"":5,""6"":6,""7"":7,""8"":8,""9"":9,""10"":10}",same_action_reference_seed_42_base_180_physical_clockwise,59,59,59,1,1,1,1,1,,,,none,,,,,,,,,wolf,0,1,4,6,0,3,1,1,1
supplied_action_replay,same_action_seed_42_base_181,same_action_seed_42_base_181,42,181,reference_replay_pair,physical_clockwise,0,same_physical_actions,"{""1"":""seer"",""2"":""villager"",""3"":""werewolf"",""4"":""witch"",""5"":""villager"",""6"":""werewolf"",""7"":""hunter"",""8"":""villager"",""9"":""werewolf"",""10"":""villager""}","{""1"":1,""2"":2,""3"":3,""4"":4,""5"":5,""6"":6,""7"":7,""8"":8,""9"":9,""10"":10}",same_action_reference_seed_42_base_181_physical_clockwise,64,64,64,1,1,1,1,1,,,,none,,,,,,,,,village,1,0,4,1,0,4,0,1,1
supplied_action_replay,same_action_seed_42_base_182,same_action_seed_42_base_182,42,182,reference_replay_pair,physical_clockwise,0,same_physical_actions,"{""1"":""seer"",""2"":""villager"",""3"":""witch"",""4"":""werewolf"",""5"":""villager"",""6"":""villager"",""7"":""villager"",""8"":""werewolf"",""9"":""hunter"",""10"":""werewolf""}","{""1"":1,""2"":2,""3"":3,""4"":4,""5"":5,""6"":6,""7"":7,""8"":8,""9"":9,""10"":10}",same_action_reference_seed_42_base_182_physical_clockwise,55,55,55,1,1,1,1,1,,,,none,,,,,,,,,village,1,0,3,1,1,3,0,0,0
supplied_action_replay,same_action_seed_42_base_183,same_action_seed_42_base_183,42,183,reference_replay_pair,physical_clockwise,0,same_physical_actions,"{""1"":""villager"",""2"":""hunter"",""3"":""werewolf"",""4"":""werewolf"",""5"":""werewolf"",""6"":""villager"",""7"":""seer"",""8"":""villager"",""9"":""witch"",""10"":""villager""}","{""1"":1,""2"":2,""3"":3,""4"":4,""5"":5,""6"":6,""7"":7,""8"":8,""9"":9,""10"":10}",same_action_reference_seed_42_base_183_physical_clockwise,58,58,58,1,1,1,1,1,,,,none,,,,,,,,,village,1,0,4,7,1,4,0,0,0
supplied_action_replay,same_action_seed_42_base_184,same_action_seed_42_base_184,42,184,reference_replay_pair,physical_clockwise,0,same_physical_actions,"{""1"":""werewolf"",""2"":""villager"",""3"":""villager"",""4"":""werewolf"",""5"":""villager"",""6"":""werewolf"",""7"":""seer"",""8"":""villager"",""9"":""witch"",""10"":""hunter""}","{""1"":1,""2"":2,""3"":3,""4"":4,""5"":5,""6"":6,""7"":7,""8"":8,""9"":9,""10"":10}",same_action_reference_seed_42_base_184_physical_clockwise,44,44,44,1,1,1,1,1,,,,none,,,,,,,,,wolf,0,1,2,7,1,2,0,0,0
supplied_action_replay,same_action_seed_42_base_185,same_action_seed_42_base_185,42,185,reference_replay_pair,physical_clockwise,0,same_physical_actions,"{""1"":""seer"",""2"":""witch"",""3"":""villager"",""4"":""werewolf"",""5"":""villager"",""6"":""werewolf"",""7"":""hunter"",""8"":""villager"",""9"":""werewolf"",""10"":""villager""}","{""1"":1,""2"":2,""3"":3,""4"":4,""5"":5,""6"":6,""7"":7,""8"":8,""9"":9,""10"":10}",same_action_reference_seed_42_base_185_physical_clockwise,44,44,44,1,1,1,1,1,,,,none,,,,,,,,,wolf,0,1,3,1,0,2,0,0,0
supplied_action_replay,same_action_seed_42_base_186,same_action_seed_42_base_186,42,186,reference_replay_pair,physical_clockwise,0,same_physical_actions,"{""1"":""hunter"",""2"":""werewolf"",""3"":""villager"",""4"":""witch"",""5"":""seer"",""6"":""werewolf"",""7"":""werewolf"",""8"":""villager"",""9"":""villager"",""10"":""villager""}","{""1"":1,""2"":2,""3"":3,""4"":4,""5"":5,""6"":6,""7"":7,""8"":8,""9"":9,""10"":10}",same_action_reference_seed_42_base_186_physical_clockwise,69,69,69,1,1,1,1,1,,,,none,,,,,,,,,wolf,0,1,5,5,0,3,1,1,1
supplied_action_replay,same_action_seed_42_base_187,same_action_seed_42_base_187,42,187,reference_replay_pair,physical_clockwise,0,same_physical_actions,"{""1"":""witch"",""2"":""villager"",""3"":""villager"",""4"":""seer"",""5"":""villager"",""6"":""werewolf"",""7"":""villager"",""8"":""werewolf"",""9"":""werewolf"",""10"":""hunter""}","{""1"":1,""2"":2,""3"":3,""4"":4,""5"":5,""6"":6,""7"":7,""8"":8,""9"":9,""10"":10}",same_action_reference_seed_42_base_187_physical_clockwise,44,44,44,1,1,1,1,1,,,,none,,,,,,,,,wolf,0,1,3,4,0,2,0,1,1
supplied_action_replay,same_action_seed_42_base_188,same_action_seed_42_base_188,42,188,reference_replay_pair,physical_clockwise,0,same_physical_actions,"{""1"":""villager"",""2"":""seer"",""3"":""hunter"",""4"":""villager"",""5"":""witch"",""6"":""werewolf"",""7"":""werewolf"",""8"":""villager"",""9"":""werewolf"",""10"":""villager""}","{""1"":1,""2"":2,""3"":3,""4"":4,""5"":5,""6"":6,""7"":7,""8"":8,""9"":9,""10"":10}",same_action_reference_seed_42_base_188_physical_clockwise,40,40,40,1,1,1,1,1,,,,none,,,,,,,,,wolf,0,1,3,2,0,2,0,0,0
supplied_action_replay,same_action_seed_42_base_189,same_action_seed_42_base_189,42,189,reference_replay_pair,physical_clockwise,0,same_physical_actions,"{""1"":""werewolf"",""2"":""villager"",""3"":""villager"",""4"":""werewolf"",""5"":""villager"",""6"":""werewolf"",""7"":""hunter"",""8"":""witch"",""9"":""villager"",""10"":""seer""}","{""1"":1,""2"":2,""3"":3,""4"":4,""5"":5,""6"":6,""7"":7,""8"":8,""9"":9,""10"":10}",same_action_reference_seed_42_base_189_physical_clockwise,64,64,64,1,1,1,1,1,,,,none,,,,,,,,,village,1,0,4,10,1,4,1,1,1
supplied_action_replay,same_action_seed_42_base_190,same_action_seed_42_base_190,42,190,reference_replay_pair,physical_clockwise,0,same_physical_actions,"{""1"":""villager"",""2"":""hunter"",""3"":""villager"",""4"":""witch"",""5"":""seer"",""6"":""villager"",""7"":""werewolf"",""8"":""werewolf"",""9"":""villager"",""10"":""werewolf""}","{""1"":1,""2"":2,""3"":3,""4"":4,""5"":5,""6"":6,""7"":7,""8"":8,""9"":9,""10"":10}",same_action_reference_seed_42_base_190_physical_clockwise,62,62,62,1,1,1,1,1,,,,none,,,,,,,,,wolf,0,1,4,5,0,2,0,1,1
supplied_action_replay,same_action_seed_42_base_191,same_action_seed_42_base_191,42,191,reference_replay_pair,physical_clockwise,0,same_physical_actions,"{""1"":""villager"",""2"":""villager"",""3"":""werewolf"",""4"":""witch"",""5"":""werewolf"",""6"":""villager"",""7"":""villager"",""8"":""werewolf"",""9"":""seer"",""10"":""hunter""}","{""1"":1,""2"":2,""3"":3,""4"":4,""5"":5,""6"":6,""7"":7,""8"":8,""9"":9,""10"":10}",same_action_reference_seed_42_base_191_physical_clockwise,53,53,53,1,1,1,1,1,,,,none,,,,,,,,,wolf,0,1,3,9,0,1,0,0,0
supplied_action_replay,same_action_seed_42_base_192,same_action_seed_42_base_192,42,192,reference_replay_pair,physical_clockwise,0,same_physical_actions,"{""1"":""villager"",""2"":""villager"",""3"":""witch"",""4"":""werewolf"",""5"":""werewolf"",""6"":""villager"",""7"":""hunter"",""8"":""villager"",""9"":""seer"",""10"":""werewolf""}","{""1"":1,""2"":2,""3"":3,""4"":4,""5"":5,""6"":6,""7"":7,""8"":8,""9"":9,""10"":10}",same_action_reference_seed_42_base_192_physical_clockwise,57,57,57,1,1,1,1,1,,,,none,,,,,,,,,wolf,0,1,4,9,0,3,1,1,1
supplied_action_replay,same_action_seed_42_base_193,same_action_seed_42_base_193,42,193,reference_replay_pair,physical_clockwise,0,same_physical_actions,"{""1"":""werewolf"",""2"":""werewolf"",""3"":""hunter"",""4"":""villager"",""5"":""villager"",""6"":""werewolf"",""7"":""villager"",""8"":""villager"",""9"":""witch"",""10"":""seer""}","{""1"":1,""2"":2,""3"":3,""4"":4,""5"":5,""6"":6,""7"":7,""8"":8,""9"":9,""10"":10}",same_action_reference_seed_42_base_193_physical_clockwise,53,53,53,1,1,1,1,1,,,,none,,,,,,,,,village,1,0,4,10,0,3,1,1,1
supplied_action_replay,same_action_seed_42_base_194,same_action_seed_42_base_194,42,194,reference_replay_pair,physical_clockwise,0,same_physical_actions,"{""1"":""villager"",""2"":""villager"",""3"":""seer"",""4"":""hunter"",""5"":""villager"",""6"":""werewolf"",""7"":""werewolf"",""8"":""werewolf"",""9"":""villager"",""10"":""witch""}","{""1"":1,""2"":2,""3"":3,""4"":4,""5"":5,""6"":6,""7"":7,""8"":8,""9"":9,""10"":10}",same_action_reference_seed_42_base_194_physical_clockwise,39,39,39,1,1,1,1,1,,,,none,,,,,,,,,wolf,0,1,3,3,0,3,0,1,1
supplied_action_replay,same_action_seed_42_base_195,same_action_seed_42_base_195,42,195,reference_replay_pair,physical_clockwise,0,same_physical_actions,"{""1"":""villager"",""2"":""werewolf"",""3"":""werewolf"",""4"":""werewolf"",""5"":""villager"",""6"":""seer"",""7"":""villager"",""8"":""hunter"",""9"":""witch"",""10"":""villager""}","{""1"":1,""2"":2,""3"":3,""4"":4,""5"":5,""6"":6,""7"":7,""8"":8,""9"":9,""10"":10}",same_action_reference_seed_42_base_195_physical_clockwise,45,45,45,1,1,1,1,1,,,,none,,,,,,,,,wolf,0,1,3,6,0,3,0,0,0
supplied_action_replay,same_action_seed_42_base_196,same_action_seed_42_base_196,42,196,reference_replay_pair,physical_clockwise,0,same_physical_actions,"{""1"":""villager"",""2"":""werewolf"",""3"":""werewolf"",""4"":""villager"",""5"":""hunter"",""6"":""villager"",""7"":""seer"",""8"":""werewolf"",""9"":""witch"",""10"":""villager""}","{""1"":1,""2"":2,""3"":3,""4"":4,""5"":5,""6"":6,""7"":7,""8"":8,""9"":9,""10"":10}",same_action_reference_seed_42_base_196_physical_clockwise,45,45,45,1,1,1,1,1,,,,none,,,,,,,,,wolf,0,1,3,7,0,3,1,1,1
supplied_action_replay,same_action_seed_42_base_197,same_action_seed_42_base_197,42,197,reference_replay_pair,physical_clockwise,0,same_physical_actions,"{""1"":""witch"",""2"":""werewolf"",""3"":""hunter"",""4"":""villager"",""5"":""villager"",""6"":""werewolf"",""7"":""villager"",""8"":""seer"",""9"":""werewolf"",""10"":""villager""}","{""1"":1,""2"":2,""3"":3,""4"":4,""5"":5,""6"":6,""7"":7,""8"":8,""9"":9,""10"":10}",same_action_reference_seed_42_base_197_physical_clockwise,59,59,59,1,1,1,1,1,,,,none,,,,,,,,,wolf,0,1,4,8,0,3,1,1,1
supplied_action_replay,same_action_seed_42_base_198,same_action_seed_42_base_198,42,198,reference_replay_pair,physical_clockwise,0,same_physical_actions,"{""1"":""werewolf"",""2"":""villager"",""3"":""villager"",""4"":""hunter"",""5"":""werewolf"",""6"":""villager"",""7"":""seer"",""8"":""werewolf"",""9"":""villager"",""10"":""witch""}","{""1"":1,""2"":2,""3"":3,""4"":4,""5"":5,""6"":6,""7"":7,""8"":8,""9"":9,""10"":10}",same_action_reference_seed_42_base_198_physical_clockwise,49,49,49,1,1,1,1,1,,,,none,,,,,,,,,wolf,0,1,3,7,0,1,1,1,1
supplied_action_replay,same_action_seed_42_base_199,same_action_seed_42_base_199,42,199,reference_replay_pair,physical_clockwise,0,same_physical_actions,"{""1"":""seer"",""2"":""witch"",""3"":""hunter"",""4"":""villager"",""5"":""villager"",""6"":""werewolf"",""7"":""werewolf"",""8"":""villager"",""9"":""villager"",""10"":""werewolf""}","{""1"":1,""2"":2,""3"":3,""4"":4,""5"":5,""6"":6,""7"":7,""8"":8,""9"":9,""10"":10}",same_action_reference_seed_42_base_199_physical_clockwise,55,55,55,1,1,1,1,1,,,,none,,,,,,,,,wolf,0,1,4,1,0,1,0,0,0
supplied_action_replay,same_action_seed_42_base_200,same_action_seed_42_base_200,42,200,reference_replay_pair,physical_clockwise,0,same_physical_actions,"{""1"":""hunter"",""2"":""villager"",""3"":""werewolf"",""4"":""witch"",""5"":""seer"",""6"":""villager"",""7"":""werewolf"",""8"":""villager"",""9"":""villager"",""10"":""werewolf""}","{""1"":1,""2"":2,""3"":3,""4"":4,""5"":5,""6"":6,""7"":7,""8"":8,""9"":9,""10"":10}",same_action_reference_seed_42_base_200_physical_clockwise,52,52,52,1,1,1,1,1,,,,none,,,,,,,,,wolf,0,1,4,5,0,2,0,1,1
supplied_action_replay,same_action_seed_43_base_1,same_action_seed_43_base_1,43,1,reference_replay_pair,physical_clockwise,0,same_physical_actions,"{""1"":""villager"",""2"":""villager"",""3"":""hunter"",""4"":""seer"",""5"":""werewolf"",""6"":""werewolf"",""7"":""witch"",""8"":""villager"",""9"":""villager"",""10"":""werewolf""}","{""1"":1,""2"":2,""3"":3,""4"":4,""5"":5,""6"":6,""7"":7,""8"":8,""9"":9,""10"":10}",same_action_reference_seed_43_base_1_physical_clockwise,56,56,56,1,1,1,1,1,,,,none,,,,,,,,,village,1,0,3,4,1,3,1,1,1
supplied_action_replay,same_action_seed_43_base_2,same_action_seed_43_base_2,43,2,reference_replay_pair,physical_clockwise,0,same_physical_actions,"{""1"":""werewolf"",""2"":""villager"",""3"":""villager"",""4"":""werewolf"",""5"":""hunter"",""6"":""villager"",""7"":""werewolf"",""8"":""villager"",""9"":""witch"",""10"":""seer""}","{""1"":1,""2"":2,""3"":3,""4"":4,""5"":5,""6"":6,""7"":7,""8"":8,""9"":9,""10"":10}",same_action_reference_seed_43_base_2_physical_clockwise,71,71,71,1,1,1,1,1,,,,none,,,,,,,,,wolf,0,1,5,10,1,5,1,1,1
supplied_action_replay,same_action_seed_43_base_3,same_action_seed_43_base_3,43,3,reference_replay_pair,physical_clockwise,0,same_physical_actions,"{""1"":""witch"",""2"":""villager"",""3"":""seer"",""4"":""hunter"",""5"":""werewolf"",""6"":""werewolf"",""7"":""villager"",""8"":""villager"",""9"":""werewolf"",""10"":""villager""}","{""1"":1,""2"":2,""3"":3,""4"":4,""5"":5,""6"":6,""7"":7,""8"":8,""9"":9,""10"":10}",same_action_reference_seed_43_base_3_physical_clockwise,39,39,39,1,1,1,1,1,,,,none,,,,,,,,,wolf,0,1,3,3,0,1,0,0,0
supplied_action_replay,same_action_seed_43_base_4,same_action_seed_43_base_4,43,4,reference_replay_pair,physical_clockwise,0,same_physical_actions,"{""1"":""werewolf"",""2"":""seer"",""3"":""werewolf"",""4"":""werewolf"",""5"":""witch"",""6"":""villager"",""7"":""villager"",""8"":""villager"",""9"":""hunter"",""10"":""villager""}","{""1"":1,""2"":2,""3"":3,""4"":4,""5"":5,""6"":6,""7"":7,""8"":8,""9"":9,""10"":10}",same_action_reference_seed_43_base_4_physical_clockwise,42,42,42,1,1,1,1,1,,,,none,,,,,,,,,village,1,0,2,2,1,2,1,1,1
supplied_action_replay,same_action_seed_43_base_5,same_action_seed_43_base_5,43,5,reference_replay_pair,physical_clockwise,0,same_physical_actions,"{""1"":""werewolf"",""2"":""villager"",""3"":""witch"",""4"":""seer"",""5"":""villager"",""6"":""villager"",""7"":""villager"",""8"":""werewolf"",""9"":""werewolf"",""10"":""hunter""}","{""1"":1,""2"":2,""3"":3,""4"":4,""5"":5,""6"":6,""7"":7,""8"":8,""9"":9,""10"":10}",same_action_reference_seed_43_base_5_physical_clockwise,71,71,71,1,1,1,1,1,,,,none,,,,,,,,,wolf,0,1,5,4,1,5,0,0,1
supplied_action_replay,same_action_seed_43_base_6,same_action_seed_43_base_6,43,6,reference_replay_pair,physical_clockwise,0,same_physical_actions,"{""1"":""werewolf"",""2"":""seer"",""3"":""villager"",""4"":""villager"",""5"":""villager"",""6"":""werewolf"",""7"":""hunter"",""8"":""werewolf"",""9"":""witch"",""10"":""villager""}","{""1"":1,""2"":2,""3"":3,""4"":4,""5"":5,""6"":6,""7"":7,""8"":8,""9"":9,""10"":10}",same_action_reference_seed_43_base_6_physical_clockwise,69,69,69,1,1,1,1,1,,,,none,,,,,,,,,wolf,0,1,5,2,0,3,0,0,0
supplied_action_replay,same_action_seed_43_base_7,same_action_seed_43_base_7,43,7,reference_replay_pair,physical_clockwise,0,same_physical_actions,"{""1"":""villager"",""2"":""seer"",""3"":""werewolf"",""4"":""werewolf"",""5"":""witch"",""6"":""villager"",""7"":""villager"",""8"":""hunter"",""9"":""werewolf"",""10"":""villager""}","{""1"":1,""2"":2,""3"":3,""4"":4,""5"":5,""6"":6,""7"":7,""8"":8,""9"":9,""10"":10}",same_action_reference_seed_43_base_7_physical_clockwise,35,35,35,1,1,1,1,1,,,,none,,,,,,,,,wolf,0,1,3,2,0,1,1,1,1
supplied_action_replay,same_action_seed_43_base_8,same_action_seed_43_base_8,43,8,reference_replay_pair,physical_clockwise,0,same_physical_actions,"{""1"":""werewolf"",""2"":""villager"",""3"":""werewolf"",""4"":""witch"",""5"":""hunter"",""6"":""villager"",""7"":""villager"",""8"":""villager"",""9"":""seer"",""10"":""werewolf""}","{""1"":1,""2"":2,""3"":3,""4"":4,""5"":5,""6"":6,""7"":7,""8"":8,""9"":9,""10"":10}",same_action_reference_seed_43_base_8_physical_clockwise,42,42,42,1,1,1,1,1,,,,none,,,,,,,,,village,1,0,2,9,1,2,1,1,1
supplied_action_replay,same_action_seed_43_base_9,same_action_seed_43_base_9,43,9,reference_replay_pair,physical_clockwise,0,same_physical_actions,"{""1"":""villager"",""2"":""villager"",""3"":""villager"",""4"":""werewolf"",""5"":""werewolf"",""6"":""witch"",""7"":""seer"",""8"":""hunter"",""9"":""villager"",""10"":""werewolf""}","{""1"":1,""2"":2,""3"":3,""4"":4,""5"":5,""6"":6,""7"":7,""8"":8,""9"":9,""10"":10}",same_action_reference_seed_43_base_9_physical_clockwise,55,55,55,1,1,1,1,1,,,,none,,,,,,,,,village,1,0,3,7,0,3,0,1,1
supplied_action_replay,same_action_seed_43_base_10,same_action_seed_43_base_10,43,10,reference_replay_pair,physical_clockwise,0,same_physical_actions,"{""1"":""villager"",""2"":""seer"",""3"":""villager"",""4"":""werewolf"",""5"":""villager"",""6"":""werewolf"",""7"":""werewolf"",""8"":""witch"",""9"":""villager"",""10"":""hunter""}","{""1"":1,""2"":2,""3"":3,""4"":4,""5"":5,""6"":6,""7"":7,""8"":8,""9"":9,""10"":10}",same_action_reference_seed_43_base_10_physical_clockwise,57,57,57,1,1,1,1,1,,,,none,,,,,,,,,village,1,0,3,2,1,3,0,1,1
supplied_action_replay,same_action_seed_43_base_11,same_action_seed_43_base_11,43,11,reference_replay_pair,physical_clockwise,0,same_physical_actions,"{""1"":""villager"",""2"":""hunter"",""3"":""werewolf"",""4"":""villager"",""5"":""seer"",""6"":""villager"",""7"":""werewolf"",""8"":""werewolf"",""9"":""witch"",""10"":""villager""}","{""1"":1,""2"":2,""3"":3,""4"":4,""5"":5,""6"":6,""7"":7,""8"":8,""9"":9,""10"":10}",same_action_reference_seed_43_base_11_physical_clockwise,55,55,55,1,1,1,1,1,,,,none,,,,,,,,,village,1,0,3,5,0,3,0,1,1
supplied_action_replay,same_action_seed_43_base_12,same_action_seed_43_base_12,43,12,reference_replay_pair,physical_clockwise,0,same_physical_actions,"{""1"":""werewolf"",""2"":""villager"",""3"":""seer"",""4"":""villager"",""5"":""witch"",""6"":""hunter"",""7"":""villager"",""8"":""villager"",""9"":""werewolf"",""10"":""werewolf""}","{""1"":1,""2"":2,""3"":3,""4"":4,""5"":5,""6"":6,""7"":7,""8"":8,""9"":9,""10"":10}",same_action_reference_seed_43_base_12_physical_clockwise,51,51,51,1,1,1,1,1,,,,none,,,,,,,,,village,1,0,4,3,0,1,0,0,0
supplied_action_replay,same_action_seed_43_base_13,same_action_seed_43_base_13,43,13,reference_replay_pair,physical_clockwise,0,same_physical_actions,"{""1"":""villager"",""2"":""villager"",""3"":""witch"",""4"":""werewolf"",""5"":""seer"",""6"":""villager"",""7"":""werewolf"",""8"":""villager"",""9"":""werewolf"",""10"":""hunter""}","{""1"":1,""2"":2,""3"":3,""4"":4,""5"":5,""6"":6,""7"":7,""8"":8,""9"":9,""10"":10}",same_action_reference_seed_43_base_13_physical_clockwise,63,63,63,1,1,1,1,1,,,,none,,,,,,,,,village,1,0,4,5,0,3,0,1,1
supplied_action_replay,same_action_seed_43_base_14,same_action_seed_43_base_14,43,14,reference_replay_pair,physical_clockwise,0,same_physical_actions,"{""1"":""villager"",""2"":""werewolf"",""3"":""werewolf"",""4"":""villager"",""5"":""hunter"",""6"":""villager"",""7"":""seer"",""8"":""witch"",""9"":""villager"",""10"":""werewolf""}","{""1"":1,""2"":2,""3"":3,""4"":4,""5"":5,""6"":6,""7"":7,""8"":8,""9"":9,""10"":10}",same_action_reference_seed_43_base_14_physical_clockwise,69,69,69,1,1,1,1,1,,,,none,,,,,,,,,village,1,0,4,7,0,4,0,0,0
supplied_action_replay,same_action_seed_43_base_15,same_action_seed_43_base_15,43,15,reference_replay_pair,physical_clockwise,0,same_physical_actions,"{""1"":""villager"",""2"":""werewolf"",""3"":""villager"",""4"":""werewolf"",""5"":""villager"",""6"":""villager"",""7"":""werewolf"",""8"":""witch"",""9"":""seer"",""10"":""hunter""}","{""1"":1,""2"":2,""3"":3,""4"":4,""5"":5,""6"":6,""7"":7,""8"":8,""9"":9,""10"":10}",same_action_reference_seed_43_base_15_physical_clockwise,56,56,56,1,1,1,1,1,,,,none,,,,,,,,,wolf,0,1,4,9,0,2,0,0,0
supplied_action_replay,same_action_seed_43_base_16,same_action_seed_43_base_16,43,16,reference_replay_pair,physical_clockwise,0,same_physical_actions,"{""1"":""witch"",""2"":""villager"",""3"":""werewolf"",""4"":""villager"",""5"":""werewolf"",""6"":""villager"",""7"":""seer"",""8"":""villager"",""9"":""werewolf"",""10"":""hunter""}","{""1"":1,""2"":2,""3"":3,""4"":4,""5"":5,""6"":6,""7"":7,""8"":8,""9"":9,""10"":10}",same_action_reference_seed_43_base_16_physical_clockwise,54,54,54,1,1,1,1,1,,,,none,,,,,,,,,wolf,0,1,4,7,0,2,0,1,1
supplied_action_replay,same_action_seed_43_base_17,same_action_seed_43_base_17,43,17,reference_replay_pair,physical_clockwise,0,same_physical_actions,"{""1"":""villager"",""2"":""werewolf"",""3"":""seer"",""4"":""villager"",""5"":""villager"",""6"":""werewolf"",""7"":""villager"",""8"":""hunter"",""9"":""witch"",""10"":""werewolf""}","{""1"":1,""2"":2,""3"":3,""4"":4,""5"":5,""6"":6,""7"":7,""8"":8,""9"":9,""10"":10}",same_action_reference_seed_43_base_17_physical_clockwise,69,69,69,1,1,1,1,1,,,,none,,,,,,,,,village,1,0,4,3,0,4,0,1,1
supplied_action_replay,same_action_seed_43_base_18,same_action_seed_43_base_18,43,18,reference_replay_pair,physical_clockwise,0,same_physical_actions,"{""1"":""villager"",""2"":""villager"",""3"":""villager"",""4"":""seer"",""5"":""hunter"",""6"":""villager"",""7"":""werewolf"",""8"":""werewolf"",""9"":""witch"",""10"":""werewolf""}","{""1"":1,""2"":2,""3"":3,""4"":4,""5"":5,""6"":6,""7"":7,""8"":8,""9"":9,""10"":10}",same_action_reference_seed_43_base_18_physical_clockwise,65,65,65,1,1,1,1,1,,,,none,,,,,,,,,wolf,0,1,5,4,0,1,0,0,0
supplied_action_replay,same_action_seed_43_base_19,same_action_seed_43_base_19,43,19,reference_replay_pair,physical_clockwise,0,same_physical_actions,"{""1"":""witch"",""2"":""seer"",""3"":""werewolf"",""4"":""villager"",""5"":""werewolf"",""6"":""villager"",""7"":""hunter"",""8"":""villager"",""9"":""villager"",""10"":""werewolf""}","{""1"":1,""2"":2,""3"":3,""4"":4,""5"":5,""6"":6,""7"":7,""8"":8,""9"":9,""10"":10}",same_action_reference_seed_43_base_19_physical_clockwise,59,59,59,1,1,1,1,1,,,,none,,,,,,,,,village,1,0,4,2,0,3,1,1,1
supplied_action_replay,same_action_seed_43_base_20,same_action_seed_43_base_20,43,20,reference_replay_pair,physical_clockwise,0,same_physical_actions,"{""1"":""villager"",""2"":""villager"",""3"":""villager"",""4"":""hunter"",""5"":""werewolf"",""6"":""werewolf"",""7"":""werewolf"",""8"":""villager"",""9"":""seer"",""10"":""witch""}","{""1"":1,""2"":2,""3"":3,""4"":4,""5"":5,""6"":6,""7"":7,""8"":8,""9"":9,""10"":10}",same_action_reference_seed_43_base_20_physical_clockwise,64,64,64,1,1,1,1,1,,,,none,,,,,,,,,village,1,0,4,9,0,2,0,0,0
supplied_action_replay,same_action_seed_43_base_21,same_action_seed_43_base_21,43,21,reference_replay_pair,physical_clockwise,0,same_physical_actions,"{""1"":""seer"",""2"":""villager"",""3"":""witch"",""4"":""hunter"",""5"":""villager"",""6"":""werewolf"",""7"":""werewolf"",""8"":""werewolf"",""9"":""villager"",""10"":""villager""}","{""1"":1,""2"":2,""3"":3,""4"":4,""5"":5,""6"":6,""7"":7,""8"":8,""9"":9,""10"":10}",same_action_reference_seed_43_base_21_physical_clockwise,63,63,63,1,1,1,1,1,,,,none,,,,,,,,,village,1,0,4,1,0,3,0,0,0
supplied_action_replay,same_action_seed_43_base_22,same_action_seed_43_base_22,43,22,reference_replay_pair,physical_clockwise,0,same_physical_actions,"{""1"":""witch"",""2"":""villager"",""3"":""villager"",""4"":""villager"",""5"":""werewolf"",""6"":""werewolf"",""7"":""villager"",""8"":""werewolf"",""9"":""seer"",""10"":""hunter""}","{""1"":1,""2"":2,""3"":3,""4"":4,""5"":5,""6"":6,""7"":7,""8"":8,""9"":9,""10"":10}",same_action_reference_seed_43_base_22_physical_clockwise,41,41,41,1,1,1,1,1,,,,none,,,,,,,,,wolf,0,1,2,9,0,1,0,0,0
supplied_action_replay,same_action_seed_43_base_23,same_action_seed_43_base_23,43,23,reference_replay_pair,physical_clockwise,0,same_physical_actions,"{""1"":""villager"",""2"":""villager"",""3"":""seer"",""4"":""werewolf"",""5"":""werewolf"",""6"":""hunter"",""7"":""werewolf"",""8"":""witch"",""9"":""villager"",""10"":""villager""}","{""1"":1,""2"":2,""3"":3,""4"":4,""5"":5,""6"":6,""7"":7,""8"":8,""9"":9,""10"":10}",same_action_reference_seed_43_base_23_physical_clockwise,45,45,45,1,1,1,1,1,,,,none,,,,,,,,,village,1,0,3,3,0,3,1,1,1
supplied_action_replay,same_action_seed_43_base_24,same_action_seed_43_base_24,43,24,reference_replay_pair,physical_clockwise,0,same_physical_actions,"{""1"":""villager"",""2"":""seer"",""3"":""villager"",""4"":""witch"",""5"":""villager"",""6"":""hunter"",""7"":""werewolf"",""8"":""werewolf"",""9"":""villager"",""10"":""werewolf""}","{""1"":1,""2"":2,""3"":3,""4"":4,""5"":5,""6"":6,""7"":7,""8"":8,""9"":9,""10"":10}",same_action_reference_seed_43_base_24_physical_clockwise,60,60,60,1,1,1,1,1,,,,none,,,,,,,,,village,1,0,4,2,1,4,0,0,1
supplied_action_replay,same_action_seed_43_base_25,same_action_seed_43_base_25,43,25,reference_replay_pair,physical_clockwise,0,same_physical_actions,"{""1"":""hunter"",""2"":""seer"",""3"":""villager"",""4"":""villager"",""5"":""werewolf"",""6"":""witch"",""7"":""werewolf"",""8"":""villager"",""9"":""werewolf"",""10"":""villager""}","{""1"":1,""2"":2,""3"":3,""4"":4,""5"":5,""6"":6,""7"":7,""8"":8,""9"":9,""10"":10}",same_action_reference_seed_43_base_25_physical_clockwise,42,42,42,1,1,1,1,1,,,,none,,,,,,,,,wolf,0,1,2,2,0,2,0,0,0
supplied_action_replay,same_action_seed_43_base_26,same_action_seed_43_base_26,43,26,reference_replay_pair,physical_clockwise,0,same_physical_actions,"{""1"":""werewolf"",""2"":""villager"",""3"":""hunter"",""4"":""witch"",""5"":""villager"",""6"":""werewolf"",""7"":""villager"",""8"":""villager"",""9"":""werewolf"",""10"":""seer""}","{""1"":1,""2"":2,""3"":3,""4"":4,""5"":5,""6"":6,""7"":7,""8"":8,""9"":9,""10"":10}",same_action_reference_seed_43_base_26_physical_clockwise,68,68,68,1,1,1,1,1,,,,none,,,,,,,,,village,1,0,4,10,0,4,1,1,1
supplied_action_replay,same_action_seed_43_base_27,same_action_seed_43_base_27,43,27,reference_replay_pair,physical_clockwise,0,same_physical_actions,"{""1"":""villager"",""2"":""witch"",""3"":""hunter"",""4"":""werewolf"",""5"":""villager"",""6"":""werewolf"",""7"":""werewolf"",""8"":""villager"",""9"":""seer"",""10"":""villager""}","{""1"":1,""2"":2,""3"":3,""4"":4,""5"":5,""6"":6,""7"":7,""8"":8,""9"":9,""10"":10}",same_action_reference_seed_43_base_27_physical_clockwise,58,58,58,1,1,1,1,1,,,,none,,,,,,,,,village,1,0,3,9,1,3,0,0,0
supplied_action_replay,same_action_seed_43_base_28,same_action_seed_43_base_28,43,28,reference_replay_pair,physical_clockwise,0,same_physical_actions,"{""1"":""seer"",""2"":""villager"",""3"":""werewolf"",""4"":""werewolf"",""5"":""villager"",""6"":""villager"",""7"":""villager"",""8"":""hunter"",""9"":""werewolf"",""10"":""witch""}","{""1"":1,""2"":2,""3"":3,""4"":4,""5"":5,""6"":6,""7"":7,""8"":8,""9"":9,""10"":10}",same_action_reference_seed_43_base_28_physical_clockwise,66,66,66,1,1,1,1,1,,,,none,,,,,,,,,wolf,0,1,4,1,0,4,0,1,1
supplied_action_replay,same_action_seed_43_base_29,same_action_seed_43_base_29,43,29,reference_replay_pair,physical_clockwise,0,same_physical_actions,"{""1"":""werewolf"",""2"":""hunter"",""3"":""witch"",""4"":""werewolf"",""5"":""villager"",""6"":""seer"",""7"":""villager"",""8"":""villager"",""9"":""werewolf"",""10"":""villager""}","{""1"":1,""2"":2,""3"":3,""4"":4,""5"":5,""6"":6,""7"":7,""8"":8,""9"":9,""10"":10}",same_action_reference_seed_43_base_29_physical_clockwise,68,68,68,1,1,1,1,1,,,,none,,,,,,,,,wolf,0,1,5,6,0,2,0,0,0
supplied_action_replay,same_action_seed_43_base_30,same_action_seed_43_base_30,43,30,reference_replay_pair,physical_clockwise,0,same_physical_actions,"{""1"":""villager"",""2"":""villager"",""3"":""seer"",""4"":""villager"",""5"":""werewolf"",""6"":""hunter"",""7"":""werewolf"",""8"":""werewolf"",""9"":""villager"",""10"":""witch""}","{""1"":1,""2"":2,""3"":3,""4"":4,""5"":5,""6"":6,""7"":7,""8"":8,""9"":9,""10"":10}",same_action_reference_seed_43_base_30_physical_clockwise,54,54,54,1,1,1,1,1,,,,none,,,,,,,,,wolf,0,1,4,3,0,2,0,1,1
supplied_action_replay,same_action_seed_43_base_31,same_action_seed_43_base_31,43,31,reference_replay_pair,physical_clockwise,0,same_physical_actions,"{""1"":""villager"",""2"":""villager"",""3"":""seer"",""4"":""werewolf"",""5"":""villager"",""6"":""villager"",""7"":""hunter"",""8"":""werewolf"",""9"":""werewolf"",""10"":""witch""}","{""1"":1,""2"":2,""3"":3,""4"":4,""5"":5,""6"":6,""7"":7,""8"":8,""9"":9,""10"":10}",same_action_reference_seed_43_base_31_physical_clockwise,58,58,58,1,1,1,1,1,,,,none,,,,,,,,,village,1,0,3,3,1,3,1,1,1
supplied_action_replay,same_action_seed_43_base_32,same_action_seed_43_base_32,43,32,reference_replay_pair,physical_clockwise,0,same_physical_actions,"{""1"":""villager"",""2"":""werewolf"",""3"":""werewolf"",""4"":""hunter"",""5"":""werewolf"",""6"":""villager"",""7"":""villager"",""8"":""villager"",""9"":""seer"",""10"":""witch""}","{""1"":1,""2"":2,""3"":3,""4"":4,""5"":5,""6"":6,""7"":7,""8"":8,""9"":9,""10"":10}",same_action_reference_seed_43_base_32_physical_clockwise,44,44,44,1,1,1,1,1,,,,none,,,,,,,,,village,1,0,3,9,0,3,0,0,1
supplied_action_replay,same_action_seed_43_base_33,same_action_seed_43_base_33,43,33,reference_replay_pair,physical_clockwise,0,same_physical_actions,"{""1"":""villager"",""2"":""villager"",""3"":""werewolf"",""4"":""seer"",""5"":""villager"",""6"":""werewolf"",""7"":""villager"",""8"":""witch"",""9"":""hunter"",""10"":""werewolf""}","{""1"":1,""2"":2,""3"":3,""4"":4,""5"":5,""6"":6,""7"":7,""8"":8,""9"":9,""10"":10}",same_action_reference_seed_43_base_33_physical_clockwise,50,50,50,1,1,1,1,1,,,,none,,,,,,,,,village,1,0,3,4,0,1,0,0,0
supplied_action_replay,same_action_seed_43_base_34,same_action_seed_43_base_34,43,34,reference_replay_pair,physical_clockwise,0,same_physical_actions,"{""1"":""villager"",""2"":""werewolf"",""3"":""werewolf"",""4"":""witch"",""5"":""villager"",""6"":""werewolf"",""7"":""seer"",""8"":""villager"",""9"":""villager"",""10"":""hunter""}","{""1"":1,""2"":2,""3"":3,""4"":4,""5"":5,""6"":6,""7"":7,""8"":8,""9"":9,""10"":10}",same_action_reference_seed_43_base_34_physical_clockwise,59,59,59,1,1,1,1,1,,,,none,,,,,,,,,wolf,0,1,4,7,0,3,0,0,0
supplied_action_replay,same_action_seed_43_base_35,same_action_seed_43_base_35,43,35,reference_replay_pair,physical_clockwise,0,same_physical_actions,"{""1"":""werewolf"",""2"":""villager"",""3"":""werewolf"",""4"":""villager"",""5"":""hunter"",""6"":""villager"",""7"":""seer"",""8"":""witch"",""9"":""werewolf"",""10"":""villager""}","{""1"":1,""2"":2,""3"":3,""4"":4,""5"":5,""6"":6,""7"":7,""8"":8,""9"":9,""10"":10}",same_action_reference_seed_43_base_35_physical_clockwise,53,53,53,1,1,1,1,1,,,,none,,,,,,,,,wolf,0,1,4,7,0,1,0,0,0
supplied_action_replay,same_action_seed_43_base_36,same_action_seed_43_base_36,43,36,reference_replay_pair,physical_clockwise,0,same_physical_actions,"{""1"":""werewolf"",""2"":""villager"",""3"":""werewolf"",""4"":""villager"",""5"":""witch"",""6"":""seer"",""7"":""werewolf"",""8"":""villager"",""9"":""hunter"",""10"":""villager""}","{""1"":1,""2"":2,""3"":3,""4"":4,""5"":5,""6"":6,""7"":7,""8"":8,""9"":9,""10"":10}",same_action_reference_seed_43_base_36_physical_clockwise,49,49,49,1,1,1,1,1,,,,none,,,,,,,,,village,1,0,3,6,0,2,1,1,1
supplied_action_replay,same_action_seed_43_base_37,same_action_seed_43_base_37,43,37,reference_replay_pair,physical_clockwise,0,same_physical_actions,"{""1"":""werewolf"",""2"":""witch"",""3"":""werewolf"",""4"":""werewolf"",""5"":""villager"",""6"":""villager"",""7"":""seer"",""8"":""hunter"",""9"":""villager"",""10"":""villager""}","{""1"":1,""2"":2,""3"":3,""4"":4,""5"":5,""6"":6,""7"":7,""8"":8,""9"":9,""10"":10}",same_action_reference_seed_43_base_37_physical_clockwise,64,64,64,1,1,1,1,1,,,,none,,,,,,,,,village,1,0,4,7,0,2,0,0,0
supplied_action_replay,same_action_seed_43_base_38,same_action_seed_43_base_38,43,38,reference_replay_pair,physical_clockwise,0,same_physical_actions,"{""1"":""werewolf"",""2"":""werewolf"",""3"":""villager"",""4"":""witch"",""5"":""hunter"",""6"":""seer"",""7"":""villager"",""8"":""werewolf"",""9"":""villager"",""10"":""villager""}","{""1"":1,""2"":2,""3"":3,""4"":4,""5"":5,""6"":6,""7"":7,""8"":8,""9"":9,""10"":10}",same_action_reference_seed_43_base_38_physical_clockwise,59,59,59,1,1,1,1,1,,,,none,,,,,,,,,wolf,0,1,4,6,0,3,0,1,1
supplied_action_replay,same_action_seed_43_base_39,same_action_seed_43_base_39,43,39,reference_replay_pair,physical_clockwise,0,same_physical_actions,"{""1"":""werewolf"",""2"":""hunter"",""3"":""werewolf"",""4"":""villager"",""5"":""villager"",""6"":""werewolf"",""7"":""witch"",""8"":""seer"",""9"":""villager"",""10"":""villager""}","{""1"":1,""2"":2,""3"":3,""4"":4,""5"":5,""6"":6,""7"":7,""8"":8,""9"":9,""10"":10}",same_action_reference_seed_43_base_39_physical_clockwise,61,61,61,1,1,1,1,1,,,,none,,,,,,,,,wolf,0,1,4,8,0,1,0,0,0
supplied_action_replay,same_action_seed_43_base_40,same_action_seed_43_base_40,43,40,reference_replay_pair,physical_clockwise,0,same_physical_actions,"{""1"":""seer"",""2"":""villager"",""3"":""villager"",""4"":""werewolf"",""5"":""villager"",""6"":""werewolf"",""7"":""hunter"",""8"":""werewolf"",""9"":""villager"",""10"":""witch""}","{""1"":1,""2"":2,""3"":3,""4"":4,""5"":5,""6"":6,""7"":7,""8"":8,""9"":9,""10"":10}",same_action_reference_seed_43_base_40_physical_clockwise,23,23,23,1,1,1,1,1,,,,none,,,,,,,,,wolf,0,1,2,1,0,1,0,0,0
supplied_action_replay,same_action_seed_43_base_41,same_action_seed_43_base_41,43,41,reference_replay_pair,physical_clockwise,0,same_physical_actions,"{""1"":""villager"",""2"":""werewolf"",""3"":""villager"",""4"":""hunter"",""5"":""villager"",""6"":""werewolf"",""7"":""witch"",""8"":""seer"",""9"":""werewolf"",""10"":""villager""}","{""1"":1,""2"":2,""3"":3,""4"":4,""5"":5,""6"":6,""7"":7,""8"":8,""9"":9,""10"":10}",same_action_reference_seed_43_base_41_physical_clockwise,56,56,56,1,1,1,1,1,,,,none,,,,,,,,,wolf,0,1,4,8,0,2,1,1,1
supplied_action_replay,same_action_seed_43_base_42,same_action_seed_43_base_42,43,42,reference_replay_pair,physical_clockwise,0,same_physical_actions,"{""1"":""werewolf"",""2"":""villager"",""3"":""witch"",""4"":""villager"",""5"":""villager"",""6"":""seer"",""7"":""villager"",""8"":""werewolf"",""9"":""hunter"",""10"":""werewolf""}","{""1"":1,""2"":2,""3"":3,""4"":4,""5"":5,""6"":6,""7"":7,""8"":8,""9"":9,""10"":10}",same_action_reference_seed_43_base_42_physical_clockwise,53,53,53,1,1,1,1,1,,,,none,,,,,,,,,wolf,0,1,4,6,0,1,0,0,0
supplied_action_replay,same_action_seed_43_base_43,same_action_seed_43_base_43,43,43,reference_replay_pair,physical_clockwise,0,same_physical_actions,"{""1"":""werewolf"",""2"":""villager"",""3"":""witch"",""4"":""villager"",""5"":""villager"",""6"":""villager"",""7"":""werewolf"",""8"":""werewolf"",""9"":""seer"",""10"":""hunter""}","{""1"":1,""2"":2,""3"":3,""4"":4,""5"":5,""6"":6,""7"":7,""8"":8,""9"":9,""10"":10}",same_action_reference_seed_43_base_43_physical_clockwise,22,22,22,1,1,1,1,1,,,,none,,,,,,,,,wolf,0,1,2,9,1,2,0,1,1
supplied_action_replay,same_action_seed_43_base_44,same_action_seed_43_base_44,43,44,reference_replay_pair,physical_clockwise,0,same_physical_actions,"{""1"":""villager"",""2"":""werewolf"",""3"":""werewolf"",""4"":""villager"",""5"":""hunter"",""6"":""villager"",""7"":""villager"",""8"":""werewolf"",""9"":""witch"",""10"":""seer""}","{""1"":1,""2"":2,""3"":3,""4"":4,""5"":5,""6"":6,""7"":7,""8"":8,""9"":9,""10"":10}",same_action_reference_seed_43_base_44_physical_clockwise,53,53,53,1,1,1,1,1,,,,none,,,,,,,,,wolf,0,1,4,10,0,1,0,0,0
supplied_action_replay,same_action_seed_43_base_45,same_action_seed_43_base_45,43,45,reference_replay_pair,physical_clockwise,0,same_physical_actions,"{""1"":""villager"",""2"":""werewolf"",""3"":""villager"",""4"":""witch"",""5"":""werewolf"",""6"":""werewolf"",""7"":""seer"",""8"":""villager"",""9"":""hunter"",""10"":""villager""}","{""1"":1,""2"":2,""3"":3,""4"":4,""5"":5,""6"":6,""7"":7,""8"":8,""9"":9,""10"":10}",same_action_reference_seed_43_base_45_physical_clockwise,55,55,55,1,1,1,1,1,,,,none,,,,,,,,,village,1,0,3,7,1,3,0,0,0
supplied_action_replay,same_action_seed_43_base_46,same_action_seed_43_base_46,43,46,reference_replay_pair,physical_clockwise,0,same_physical_actions,"{""1"":""witch"",""2"":""seer"",""3"":""werewolf"",""4"":""villager"",""5"":""villager"",""6"":""werewolf"",""7"":""werewolf"",""8"":""villager"",""9"":""villager"",""10"":""hunter""}","{""1"":1,""2"":2,""3"":3,""4"":4,""5"":5,""6"":6,""7"":7,""8"":8,""9"":9,""10"":10}",same_action_reference_seed_43_base_46_physical_clockwise,56,56,56,1,1,1,1,1,,,,none,,,,,,,,,wolf,0,1,3,2,0,2,1,1,1
supplied_action_replay,same_action_seed_43_base_47,same_action_seed_43_base_47,43,47,reference_replay_pair,physical_clockwise,0,same_physical_actions,"{""1"":""villager"",""2"":""werewolf"",""3"":""seer"",""4"":""witch"",""5"":""werewolf"",""6"":""werewolf"",""7"":""hunter"",""8"":""villager"",""9"":""villager"",""10"":""villager""}","{""1"":1,""2"":2,""3"":3,""4"":4,""5"":5,""6"":6,""7"":7,""8"":8,""9"":9,""10"":10}",same_action_reference_seed_43_base_47_physical_clockwise,60,60,60,1,1,1,1,1,,,,none,,,,,,,,,village,1,0,4,3,1,4,0,1,1
supplied_action_replay,same_action_seed_43_base_48,same_action_seed_43_base_48,43,48,reference_replay_pair,physical_clockwise,0,same_physical_actions,"{""1"":""witch"",""2"":""villager"",""3"":""villager"",""4"":""hunter"",""5"":""villager"",""6"":""seer"",""7"":""werewolf"",""8"":""werewolf"",""9"":""villager"",""10"":""werewolf""}","{""1"":1,""2"":2,""3"":3,""4"":4,""5"":5,""6"":6,""7"":7,""8"":8,""9"":9,""10"":10}",same_action_reference_seed_43_base_48_physical_clockwise,65,65,65,1,1,1,1,1,,,,none,,,,,,,,,wolf,0,1,4,6,0,3,1,1,1
supplied_action_replay,same_action_seed_43_base_49,same_action_seed_43_base_49,43,49,reference_replay_pair,physical_clockwise,0,same_physical_actions,"{""1"":""villager"",""2"":""villager"",""3"":""hunter"",""4"":""villager"",""5"":""werewolf"",""6"":""seer"",""7"":""villager"",""8"":""werewolf"",""9"":""witch"",""10"":""werewolf""}","{""1"":1,""2"":2,""3"":3,""4"":4,""5"":5,""6"":6,""7"":7,""8"":8,""9"":9,""10"":10}",same_action_reference_seed_43_base_49_physical_clockwise,54,54,54,1,1,1,1,1,,,,none,,,,,,,,,wolf,0,1,4,6,0,2,0,1,1
supplied_action_replay,same_action_seed_43_base_50,same_action_seed_43_base_50,43,50,reference_replay_pair,physical_clockwise,0,same_physical_actions,"{""1"":""villager"",""2"":""seer"",""3"":""villager"",""4"":""werewolf"",""5"":""villager"",""6"":""hunter"",""7"":""witch"",""8"":""werewolf"",""9"":""werewolf"",""10"":""villager""}","{""1"":1,""2"":2,""3"":3,""4"":4,""5"":5,""6"":6,""7"":7,""8"":8,""9"":9,""10"":10}",same_action_reference_seed_43_base_50_physical_clockwise,23,23,23,1,1,1,1,1,,,,none,,,,,,,,,wolf,0,1,2,2,0,1,0,0,0
supplied_action_replay,same_action_seed_43_base_51,same_action_seed_43_base_51,43,51,reference_replay_pair,physical_clockwise,0,same_physical_actions,"{""1"":""villager"",""2"":""villager"",""3"":""werewolf"",""4"":""witch"",""5"":""hunter"",""6"":""seer"",""7"":""werewolf"",""8"":""werewolf"",""9"":""villager"",""10"":""villager""}","{""1"":1,""2"":2,""3"":3,""4"":4,""5"":5,""6"":6,""7"":7,""8"":8,""9"":9,""10"":10}",same_action_reference_seed_43_base_51_physical_clockwise,44,44,44,1,1,1,1,1,,,,none,,,,,,,,,village,1,0,3,6,0,2,1,1,1
supplied_action_replay,same_action_seed_43_base_52,same_action_seed_43_base_52,43,52,reference_replay_pair,physical_clockwise,0,same_physical_actions,"{""1"":""villager"",""2"":""seer"",""3"":""villager"",""4"":""werewolf"",""5"":""hunter"",""6"":""werewolf"",""7"":""witch"",""8"":""villager"",""9"":""villager"",""10"":""werewolf""}","{""1"":1,""2"":2,""3"":3,""4"":4,""5"":5,""6"":6,""7"":7,""8"":8,""9"":9,""10"":10}",same_action_reference_seed_43_base_52_physical_clockwise,53,53,53,1,1,1,1,1,,,,none,,,,,,,,,wolf,0,1,4,2,0,1,0,0,0
supplied_action_replay,same_action_seed_43_base_53,same_action_seed_43_base_53,43,53,reference_replay_pair,physical_clockwise,0,same_physical_actions,"{""1"":""seer"",""2"":""werewolf"",""3"":""villager"",""4"":""witch"",""5"":""villager"",""6"":""villager"",""7"":""villager"",""8"":""werewolf"",""9"":""werewolf"",""10"":""hunter""}","{""1"":1,""2"":2,""3"":3,""4"":4,""5"":5,""6"":6,""7"":7,""8"":8,""9"":9,""10"":10}",same_action_reference_seed_43_base_53_physical_clockwise,59,59,59,1,1,1,1,1,,,,none,,,,,,,,,wolf,0,1,4,1,0,3,1,1,1
supplied_action_replay,same_action_seed_43_base_54,same_action_seed_43_base_54,43,54,reference_replay_pair,physical_clockwise,0,same_physical_actions,"{""1"":""seer"",""2"":""werewolf"",""3"":""villager"",""4"":""villager"",""5"":""hunter"",""6"":""villager"",""7"":""villager"",""8"":""werewolf"",""9"":""witch"",""10"":""werewolf""}","{""1"":1,""2"":2,""3"":3,""4"":4,""5"":5,""6"":6,""7"":7,""8"":8,""9"":9,""10"":10}",same_action_reference_seed_43_base_54_physical_clockwise,59,59,59,1,1,1,1,1,,,,none,,,,,,,,,wolf,0,1,4,1,0,3,1,1,1
supplied_action_replay,same_action_seed_43_base_55,same_action_seed_43_base_55,43,55,reference_replay_pair,physical_clockwise,0,same_physical_actions,"{""1"":""witch"",""2"":""werewolf"",""3"":""werewolf"",""4"":""werewolf"",""5"":""villager"",""6"":""villager"",""7"":""villager"",""8"":""seer"",""9"":""hunter"",""10"":""villager""}","{""1"":1,""2"":2,""3"":3,""4"":4,""5"":5,""6"":6,""7"":7,""8"":8,""9"":9,""10"":10}",same_action_reference_seed_43_base_55_physical_clockwise,41,41,41,1,1,1,1,1,,,,none,,,,,,,,,wolf,0,1,2,8,0,1,0,0,0
supplied_action_replay,same_action_seed_43_base_56,same_action_seed_43_base_56,43,56,reference_replay_pair,physical_clockwise,0,same_physical_actions,"{""1"":""seer"",""2"":""villager"",""3"":""werewolf"",""4"":""villager"",""5"":""villager"",""6"":""villager"",""7"":""werewolf"",""8"":""werewolf"",""9"":""witch"",""10"":""hunter""}","{""1"":1,""2"":2,""3"":3,""4"":4,""5"":5,""6"":6,""7"":7,""8"":8,""9"":9,""10"":10}",same_action_reference_seed_43_base_56_physical_clockwise,61,61,61,1,1,1,1,1,,,,none,,,,,,,,,wolf,0,1,4,1,0,1,0,0,0
supplied_action_replay,same_action_seed_43_base_57,same_action_seed_43_base_57,43,57,reference_replay_pair,physical_clockwise,0,same_physical_actions,"{""1"":""hunter"",""2"":""werewolf"",""3"":""villager"",""4"":""seer"",""5"":""villager"",""6"":""villager"",""7"":""witch"",""8"":""werewolf"",""9"":""werewolf"",""10"":""villager""}","{""1"":1,""2"":2,""3"":3,""4"":4,""5"":5,""6"":6,""7"":7,""8"":8,""9"":9,""10"":10}",same_action_reference_seed_43_base_57_physical_clockwise,58,58,58,1,1,1,1,1,,,,none,,,,,,,,,village,1,0,3,4,1,3,0,0,0
supplied_action_replay,same_action_seed_43_base_58,same_action_seed_43_base_58,43,58,reference_replay_pair,physical_clockwise,0,same_physical_actions,"{""1"":""werewolf"",""2"":""villager"",""3"":""hunter"",""4"":""villager"",""5"":""villager"",""6"":""villager"",""7"":""witch"",""8"":""werewolf"",""9"":""werewolf"",""10"":""seer""}","{""1"":1,""2"":2,""3"":3,""4"":4,""5"":5,""6"":6,""7"":7,""8"":8,""9"":9,""10"":10}",same_action_reference_seed_43_base_58_physical_clockwise,53,53,53,1,1,1,1,1,,,,none,,,,,,,,,village,1,0,4,10,0,3,1,1,1
supplied_action_replay,same_action_seed_43_base_59,same_action_seed_43_base_59,43,59,reference_replay_pair,physical_clockwise,0,same_physical_actions,"{""1"":""werewolf"",""2"":""hunter"",""3"":""werewolf"",""4"":""seer"",""5"":""villager"",""6"":""werewolf"",""7"":""villager"",""8"":""villager"",""9"":""witch"",""10"":""villager""}","{""1"":1,""2"":2,""3"":3,""4"":4,""5"":5,""6"":6,""7"":7,""8"":8,""9"":9,""10"":10}",same_action_reference_seed_43_base_59_physical_clockwise,53,53,53,1,1,1,1,1,,,,none,,,,,,,,,wolf,0,1,3,4,0,1,0,0,0
supplied_action_replay,same_action_seed_43_base_60,same_action_seed_43_base_60,43,60,reference_replay_pair,physical_clockwise,0,same_physical_actions,"{""1"":""villager"",""2"":""werewolf"",""3"":""villager"",""4"":""hunter"",""5"":""werewolf"",""6"":""werewolf"",""7"":""villager"",""8"":""witch"",""9"":""villager"",""10"":""seer""}","{""1"":1,""2"":2,""3"":3,""4"":4,""5"":5,""6"":6,""7"":7,""8"":8,""9"":9,""10"":10}",same_action_reference_seed_43_base_60_physical_clockwise,60,60,60,1,1,1,1,1,,,,none,,,,,,,,,village,1,0,4,10,0,4,0,1,1
supplied_action_replay,same_action_seed_43_base_61,same_action_seed_43_base_61,43,61,reference_replay_pair,physical_clockwise,0,same_physical_actions,"{""1"":""villager"",""2"":""witch"",""3"":""villager"",""4"":""werewolf"",""5"":""hunter"",""6"":""werewolf"",""7"":""villager"",""8"":""werewolf"",""9"":""seer"",""10"":""villager""}","{""1"":1,""2"":2,""3"":3,""4"":4,""5"":5,""6"":6,""7"":7,""8"":8,""9"":9,""10"":10}",same_action_reference_seed_43_base_61_physical_clockwise,56,56,56,1,1,1,1,1,,,,none,,,,,,,,,wolf,0,1,4,9,1,4,0,0,0
supplied_action_replay,same_action_seed_43_base_62,same_action_seed_43_base_62,43,62,reference_replay_pair,physical_clockwise,0,same_physical_actions,"{""1"":""villager"",""2"":""seer"",""3"":""villager"",""4"":""witch"",""5"":""villager"",""6"":""hunter"",""7"":""villager"",""8"":""werewolf"",""9"":""werewolf"",""10"":""werewolf""}","{""1"":1,""2"":2,""3"":3,""4"":4,""5"":5,""6"":6,""7"":7,""8"":8,""9"":9,""10"":10}",same_action_reference_seed_43_base_62_physical_clockwise,57,57,57,1,1,1,1,1,,,,none,,,,,,,,,wolf,0,1,3,2,0,3,0,0,0
supplied_action_replay,same_action_seed_43_base_63,same_action_seed_43_base_63,43,63,reference_replay_pair,physical_clockwise,0,same_physical_actions,"{""1"":""hunter"",""2"":""villager"",""3"":""villager"",""4"":""seer"",""5"":""witch"",""6"":""werewolf"",""7"":""villager"",""8"":""villager"",""9"":""werewolf"",""10"":""werewolf""}","{""1"":1,""2"":2,""3"":3,""4"":4,""5"":5,""6"":6,""7"":7,""8"":8,""9"":9,""10"":10}",same_action_reference_seed_43_base_63_physical_clockwise,57,57,57,1,1,1,1,1,,,,none,,,,,,,,,village,1,0,4,4,0,3,0,1,1
supplied_action_replay,same_action_seed_43_base_64,same_action_seed_43_base_64,43,64,reference_replay_pair,physical_clockwise,0,same_physical_actions,"{""1"":""witch"",""2"":""hunter"",""3"":""werewolf"",""4"":""villager"",""5"":""villager"",""6"":""villager"",""7"":""villager"",""8"":""seer"",""9"":""werewolf"",""10"":""werewolf""}","{""1"":1,""2"":2,""3"":3,""4"":4,""5"":5,""6"":6,""7"":7,""8"":8,""9"":9,""10"":10}",same_action_reference_seed_43_base_64_physical_clockwise,57,57,57,1,1,1,1,1,,,,none,,,,,,,,,wolf,0,1,4,8,0,3,1,1,1
supplied_action_replay,same_action_seed_43_base_65,same_action_seed_43_base_65,43,65,reference_replay_pair,physical_clockwise,0,same_physical_actions,"{""1"":""villager"",""2"":""villager"",""3"":""hunter"",""4"":""villager"",""5"":""villager"",""6"":""seer"",""7"":""werewolf"",""8"":""witch"",""9"":""werewolf"",""10"":""werewolf""}","{""1"":1,""2"":2,""3"":3,""4"":4,""5"":5,""6"":6,""7"":7,""8"":8,""9"":9,""10"":10}",same_action_reference_seed_43_base_65_physical_clockwise,56,56,56,1,1,1,1,1,,,,none,,,,,,,,,village,1,0,3,6,1,3,1,1,1
supplied_action_replay,same_action_seed_43_base_66,same_action_seed_43_base_66,43,66,reference_replay_pair,physical_clockwise,0,same_physical_actions,"{""1"":""villager"",""2"":""villager"",""3"":""werewolf"",""4"":""hunter"",""5"":""werewolf"",""6"":""werewolf"",""7"":""seer"",""8"":""villager"",""9"":""witch"",""10"":""villager""}","{""1"":1,""2"":2,""3"":3,""4"":4,""5"":5,""6"":6,""7"":7,""8"":8,""9"":9,""10"":10}",same_action_reference_seed_43_base_66_physical_clockwise,42,42,42,1,1,1,1,1,,,,none,,,,,,,,,wolf,0,1,2,7,0,2,0,0,0
supplied_action_replay,same_action_seed_43_base_67,same_action_seed_43_base_67,43,67,reference_replay_pair,physical_clockwise,0,same_physical_actions,"{""1"":""werewolf"",""2"":""werewolf"",""3"":""witch"",""4"":""villager"",""5"":""seer"",""6"":""villager"",""7"":""villager"",""8"":""villager"",""9"":""werewolf"",""10"":""hunter""}","{""1"":1,""2"":2,""3"":3,""4"":4,""5"":5,""6"":6,""7"":7,""8"":8,""9"":9,""10"":10}",same_action_reference_seed_43_base_67_physical_clockwise,37,37,37,1,1,1,1,1,,,,none,,,,,,,,,wolf,0,1,2,5,0,1,0,0,0
supplied_action_replay,same_action_seed_43_base_68,same_action_seed_43_base_68,43,68,reference_replay_pair,physical_clockwise,0,same_physical_actions,"{""1"":""werewolf"",""2"":""villager"",""3"":""seer"",""4"":""witch"",""5"":""villager"",""6"":""villager"",""7"":""werewolf"",""8"":""villager"",""9"":""hunter"",""10"":""werewolf""}","{""1"":1,""2"":2,""3"":3,""4"":4,""5"":5,""6"":6,""7"":7,""8"":8,""9"":9,""10"":10}",same_action_reference_seed_43_base_68_physical_clockwise,54,54,54,1,1,1,1,1,,,,none,,,,,,,,,wolf,0,1,4,3,0,2,0,0,0
supplied_action_replay,same_action_seed_43_base_69,same_action_seed_43_base_69,43,69,reference_replay_pair,physical_clockwise,0,same_physical_actions,"{""1"":""villager"",""2"":""werewolf"",""3"":""villager"",""4"":""seer"",""5"":""werewolf"",""6"":""hunter"",""7"":""werewolf"",""8"":""villager"",""9"":""witch"",""10"":""villager""}","{""1"":1,""2"":2,""3"":3,""4"":4,""5"":5,""6"":6,""7"":7,""8"":8,""9"":9,""10"":10}",same_action_reference_seed_43_base_69_physical_clockwise,59,59,59,1,1,1,1,1,,,,none,,,,,,,,,village,1,0,4,4,0,3,1,1,1
supplied_action_replay,same_action_seed_43_base_70,same_action_seed_43_base_70,43,70,reference_replay_pair,physical_clockwise,0,same_physical_actions,"{""1"":""villager"",""2"":""werewolf"",""3"":""werewolf"",""4"":""hunter"",""5"":""witch"",""6"":""villager"",""7"":""seer"",""8"":""villager"",""9"":""werewolf"",""10"":""villager""}","{""1"":1,""2"":2,""3"":3,""4"":4,""5"":5,""6"":6,""7"":7,""8"":8,""9"":9,""10"":10}",same_action_reference_seed_43_base_70_physical_clockwise,58,58,58,1,1,1,1,1,,,,none,,,,,,,,,village,1,0,4,7,1,4,0,1,1
supplied_action_replay,same_action_seed_43_base_71,same_action_seed_43_base_71,43,71,reference_replay_pair,physical_clockwise,0,same_physical_actions,"{""1"":""villager"",""2"":""hunter"",""3"":""seer"",""4"":""witch"",""5"":""werewolf"",""6"":""werewolf"",""7"":""villager"",""8"":""villager"",""9"":""werewolf"",""10"":""villager""}","{""1"":1,""2"":2,""3"":3,""4"":4,""5"":5,""6"":6,""7"":7,""8"":8,""9"":9,""10"":10}",same_action_reference_seed_43_base_71_physical_clockwise,43,43,43,1,1,1,1,1,,,,none,,,,,,,,,wolf,0,1,3,3,1,3,0,1,1
supplied_action_replay,same_action_seed_43_base_72,same_action_seed_43_base_72,43,72,reference_replay_pair,physical_clockwise,0,same_physical_actions,"{""1"":""hunter"",""2"":""villager"",""3"":""werewolf"",""4"":""werewolf"",""5"":""villager"",""6"":""seer"",""7"":""villager"",""8"":""witch"",""9"":""villager"",""10"":""werewolf""}","{""1"":1,""2"":2,""3"":3,""4"":4,""5"":5,""6"":6,""7"":7,""8"":8,""9"":9,""10"":10}",same_action_reference_seed_43_base_72_physical_clockwise,60,60,60,1,1,1,1,1,,,,none,,,,,,,,,village,1,0,4,6,0,3,0,0,0
supplied_action_replay,same_action_seed_43_base_73,same_action_seed_43_base_73,43,73,reference_replay_pair,physical_clockwise,0,same_physical_actions,"{""1"":""villager"",""2"":""werewolf"",""3"":""seer"",""4"":""werewolf"",""5"":""witch"",""6"":""hunter"",""7"":""villager"",""8"":""villager"",""9"":""werewolf"",""10"":""villager""}","{""1"":1,""2"":2,""3"":3,""4"":4,""5"":5,""6"":6,""7"":7,""8"":8,""9"":9,""10"":10}",same_action_reference_seed_43_base_73_physical_clockwise,69,69,69,1,1,1,1,1,,,,none,,,,,,,,,village,1,0,4,3,1,4,1,1,1
supplied_action_replay,same_action_seed_43_base_74,same_action_seed_43_base_74,43,74,reference_replay_pair,physical_clockwise,0,same_physical_actions,"{""1"":""werewolf"",""2"":""villager"",""3"":""werewolf"",""4"":""seer"",""5"":""villager"",""6"":""hunter"",""7"":""villager"",""8"":""villager"",""9"":""witch"",""10"":""werewolf""}","{""1"":1,""2"":2,""3"":3,""4"":4,""5"":5,""6"":6,""7"":7,""8"":8,""9"":9,""10"":10}",same_action_reference_seed_43_base_74_physical_clockwise,58,58,58,1,1,1,1,1,,,,none,,,,,,,,,wolf,0,1,4,4,0,4,0,0,0
supplied_action_replay,same_action_seed_43_base_75,same_action_seed_43_base_75,43,75,reference_replay_pair,physical_clockwise,0,same_physical_actions,"{""1"":""villager"",""2"":""werewolf"",""3"":""werewolf"",""4"":""villager"",""5"":""villager"",""6"":""werewolf"",""7"":""hunter"",""8"":""witch"",""9"":""seer"",""10"":""villager""}","{""1"":1,""2"":2,""3"":3,""4"":4,""5"":5,""6"":6,""7"":7,""8"":8,""9"":9,""10"":10}",same_action_reference_seed_43_base_75_physical_clockwise,70,70,70,1,1,1,1,1,,,,none,,,,,,,,,wolf,0,1,4,9,1,4,0,0,1
supplied_action_replay,same_action_seed_43_base_76,same_action_seed_43_base_76,43,76,reference_replay_pair,physical_clockwise,0,same_physical_actions,"{""1"":""werewolf"",""2"":""witch"",""3"":""villager"",""4"":""werewolf"",""5"":""hunter"",""6"":""werewolf"",""7"":""villager"",""8"":""villager"",""9"":""seer"",""10"":""villager""}","{""1"":1,""2"":2,""3"":3,""4"":4,""5"":5,""6"":6,""7"":7,""8"":8,""9"":9,""10"":10}",same_action_reference_seed_43_base_76_physical_clockwise,53,53,53,1,1,1,1,1,,,,none,,,,,,,,,wolf,0,1,4,9,0,3,0,1,1
supplied_action_replay,same_action_seed_43_base_77,same_action_seed_43_base_77,43,77,reference_replay_pair,physical_clockwise,0,same_physical_actions,"{""1"":""villager"",""2"":""hunter"",""3"":""werewolf"",""4"":""villager"",""5"":""werewolf"",""6"":""witch"",""7"":""villager"",""8"":""villager"",""9"":""seer"",""10"":""werewolf""}","{""1"":1,""2"":2,""3"":3,""4"":4,""5"":5,""6"":6,""7"":7,""8"":8,""9"":9,""10"":10}",same_action_reference_seed_43_base_77_physical_clockwise,39,39,39,1,1,1,1,1,,,,none,,,,,,,,,wolf,0,1,3,9,0,1,1,1,1
supplied_action_replay,same_action_seed_43_base_78,same_action_seed_43_base_78,43,78,reference_replay_pair,physical_clockwise,0,same_physical_actions,"{""1"":""werewolf"",""2"":""seer"",""3"":""werewolf"",""4"":""villager"",""5"":""witch"",""6"":""villager"",""7"":""villager"",""8"":""hunter"",""9"":""werewolf"",""10"":""villager""}","{""1"":1,""2"":2,""3"":3,""4"":4,""5"":5,""6"":6,""7"":7,""8"":8,""9"":9,""10"":10}",same_action_reference_seed_43_base_78_physical_clockwise,48,48,48,1,1,1,1,1,,,,none,,,,,,,,,village,1,0,3,2,0,3,1,1,1
supplied_action_replay,same_action_seed_43_base_79,same_action_seed_43_base_79,43,79,reference_replay_pair,physical_clockwise,0,same_physical_actions,"{""1"":""villager"",""2"":""witch"",""3"":""villager"",""4"":""villager"",""5"":""werewolf"",""6"":""hunter"",""7"":""villager"",""8"":""werewolf"",""9"":""werewolf"",""10"":""seer""}","{""1"":1,""2"":2,""3"":3,""4"":4,""5"":5,""6"":6,""7"":7,""8"":8,""9"":9,""10"":10}",same_action_reference_seed_43_base_79_physical_clockwise,50,50,50,1,1,1,1,1,,,,none,,,,,,,,,village,1,0,3,10,1,3,0,0,0
supplied_action_replay,same_action_seed_43_base_80,same_action_seed_43_base_80,43,80,reference_replay_pair,physical_clockwise,0,same_physical_actions,"{""1"":""villager"",""2"":""werewolf"",""3"":""witch"",""4"":""werewolf"",""5"":""hunter"",""6"":""villager"",""7"":""werewolf"",""8"":""villager"",""9"":""villager"",""10"":""seer""}","{""1"":1,""2"":2,""3"":3,""4"":4,""5"":5,""6"":6,""7"":7,""8"":8,""9"":9,""10"":10}",same_action_reference_seed_43_base_80_physical_clockwise,58,58,58,1,1,1,1,1,,,,none,,,,,,,,,wolf,0,1,4,10,1,4,0,0,1
supplied_action_replay,same_action_seed_43_base_81,same_action_seed_43_base_81,43,81,reference_replay_pair,physical_clockwise,0,same_physical_actions,"{""1"":""werewolf"",""2"":""witch"",""3"":""werewolf"",""4"":""werewolf"",""5"":""villager"",""6"":""villager"",""7"":""seer"",""8"":""villager"",""9"":""villager"",""10"":""hunter""}","{""1"":1,""2"":2,""3"":3,""4"":4,""5"":5,""6"":6,""7"":7,""8"":8,""9"":9,""10"":10}",same_action_reference_seed_43_base_81_physical_clockwise,24,24,24,1,1,1,1,1,,,,none,,,,,,,,,wolf,0,1,2,7,1,2,0,0,0
supplied_action_replay,same_action_seed_43_base_82,same_action_seed_43_base_82,43,82,reference_replay_pair,physical_clockwise,0,same_physical_actions,"{""1"":""villager"",""2"":""werewolf"",""3"":""werewolf"",""4"":""villager"",""5"":""werewolf"",""6"":""hunter"",""7"":""villager"",""8"":""seer"",""9"":""witch"",""10"":""villager""}","{""1"":1,""2"":2,""3"":3,""4"":4,""5"":5,""6"":6,""7"":7,""8"":8,""9"":9,""10"":10}",same_action_reference_seed_43_base_82_physical_clockwise,24,24,24,1,1,1,1,1,,,,none,,,,,,,,,wolf,0,1,2,8,1,2,0,1,1
supplied_action_replay,same_action_seed_43_base_83,same_action_seed_43_base_83,43,83,reference_replay_pair,physical_clockwise,0,same_physical_actions,"{""1"":""witch"",""2"":""villager"",""3"":""hunter"",""4"":""villager"",""5"":""werewolf"",""6"":""werewolf"",""7"":""villager"",""8"":""werewolf"",""9"":""seer"",""10"":""villager""}","{""1"":1,""2"":2,""3"":3,""4"":4,""5"":5,""6"":6,""7"":7,""8"":8,""9"":9,""10"":10}",same_action_reference_seed_43_base_83_physical_clockwise,54,54,54,1,1,1,1,1,,,,none,,,,,,,,,wolf,0,1,3,9,0,2,0,0,0
supplied_action_replay,same_action_seed_43_base_84,same_action_seed_43_base_84,43,84,reference_replay_pair,physical_clockwise,0,same_physical_actions,"{""1"":""villager"",""2"":""villager"",""3"":""hunter"",""4"":""werewolf"",""5"":""villager"",""6"":""witch"",""7"":""werewolf"",""8"":""seer"",""9"":""werewolf"",""10"":""villager""}","{""1"":1,""2"":2,""3"":3,""4"":4,""5"":5,""6"":6,""7"":7,""8"":8,""9"":9,""10"":10}",same_action_reference_seed_43_base_84_physical_clockwise,62,62,62,1,1,1,1,1,,,,none,,,,,,,,,village,1,0,4,8,0,2,1,1,1
supplied_action_replay,same_action_seed_43_base_85,same_action_seed_43_base_85,43,85,reference_replay_pair,physical_clockwise,0,same_physical_actions,"{""1"":""seer"",""2"":""villager"",""3"":""werewolf"",""4"":""werewolf"",""5"":""villager"",""6"":""hunter"",""7"":""werewolf"",""8"":""villager"",""9"":""villager"",""10"":""witch""}","{""1"":1,""2"":2,""3"":3,""4"":4,""5"":5,""6"":6,""7"":7,""8"":8,""9"":9,""10"":10}",same_action_reference_seed_43_base_85_physical_clockwise,68,68,68,1,1,1,1,1,,,,none,,,,,,,,,village,1,0,4,1,1,4,0,1,1
supplied_action_replay,same_action_seed_43_base_86,same_action_seed_43_base_86,43,86,reference_replay_pair,physical_clockwise,0,same_physical_actions,"{""1"":""werewolf"",""2"":""werewolf"",""3"":""villager"",""4"":""villager"",""5"":""werewolf"",""6"":""hunter"",""7"":""witch"",""8"":""villager"",""9"":""seer"",""10"":""villager""}","{""1"":1,""2"":2,""3"":3,""4"":4,""5"":5,""6"":6,""7"":7,""8"":8,""9"":9,""10"":10}",same_action_reference_seed_43_base_86_physical_clockwise,23,23,23,1,1,1,1,1,,,,none,,,,,,,,,wolf,0,1,2,9,0,1,0,0,0
supplied_action_replay,same_action_seed_43_base_87,same_action_seed_43_base_87,43,87,reference_replay_pair,physical_clockwise,0,same_physical_actions,"{""1"":""villager"",""2"":""villager"",""3"":""seer"",""4"":""witch"",""5"":""werewolf"",""6"":""hunter"",""7"":""villager"",""8"":""werewolf"",""9"":""villager"",""10"":""werewolf""}","{""1"":1,""2"":2,""3"":3,""4"":4,""5"":5,""6"":6,""7"":7,""8"":8,""9"":9,""10"":10}",same_action_reference_seed_43_base_87_physical_clockwise,59,59,59,1,1,1,1,1,,,,none,,,,,,,,,wolf,0,1,4,3,0,3,0,1,1
supplied_action_replay,same_action_seed_43_base_88,same_action_seed_43_base_88,43,88,reference_replay_pair,physical_clockwise,0,same_physical_actions,"{""1"":""werewolf"",""2"":""villager"",""3"":""villager"",""4"":""hunter"",""5"":""villager"",""6"":""werewolf"",""7"":""werewolf"",""8"":""villager"",""9"":""witch"",""10"":""seer""}","{""1"":1,""2"":2,""3"":3,""4"":4,""5"":5,""6"":6,""7"":7,""8"":8,""9"":9,""10"":10}",same_action_reference_seed_43_base_88_physical_clockwise,62,62,62,1,1,1,1,1,,,,none,,,,,,,,,village,1,0,4,10,0,2,1,1,1
supplied_action_replay,same_action_seed_43_base_89,same_action_seed_43_base_89,43,89,reference_replay_pair,physical_clockwise,0,same_physical_actions,"{""1"":""werewolf"",""2"":""seer"",""3"":""villager"",""4"":""villager"",""5"":""villager"",""6"":""werewolf"",""7"":""witch"",""8"":""hunter"",""9"":""werewolf"",""10"":""villager""}","{""1"":1,""2"":2,""3"":3,""4"":4,""5"":5,""6"":6,""7"":7,""8"":8,""9"":9,""10"":10}",same_action_reference_seed_43_base_89_physical_clockwise,52,52,52,1,1,1,1,1,,,,none,,,,,,,,,wolf,0,1,4,2,0,2,0,0,0
supplied_action_replay,same_action_seed_43_base_90,same_action_seed_43_base_90,43,90,reference_replay_pair,physical_clockwise,0,same_physical_actions,"{""1"":""villager"",""2"":""villager"",""3"":""werewolf"",""4"":""villager"",""5"":""witch"",""6"":""werewolf"",""7"":""werewolf"",""8"":""hunter"",""9"":""seer"",""10"":""villager""}","{""1"":1,""2"":2,""3"":3,""4"":4,""5"":5,""6"":6,""7"":7,""8"":8,""9"":9,""10"":10}",same_action_reference_seed_43_base_90_physical_clockwise,41,41,41,1,1,1,1,1,,,,none,,,,,,,,,wolf,0,1,2,9,0,1,0,0,0
supplied_action_replay,same_action_seed_43_base_91,same_action_seed_43_base_91,43,91,reference_replay_pair,physical_clockwise,0,same_physical_actions,"{""1"":""villager"",""2"":""hunter"",""3"":""werewolf"",""4"":""witch"",""5"":""villager"",""6"":""werewolf"",""7"":""seer"",""8"":""werewolf"",""9"":""villager"",""10"":""villager""}","{""1"":1,""2"":2,""3"":3,""4"":4,""5"":5,""6"":6,""7"":7,""8"":8,""9"":9,""10"":10}",same_action_reference_seed_43_base_91_physical_clockwise,54,54,54,1,1,1,1,1,,,,none,,,,,,,,,village,1,0,4,7,1,4,1,1,1
supplied_action_replay,same_action_seed_43_base_92,same_action_seed_43_base_92,43,92,reference_replay_pair,physical_clockwise,0,same_physical_actions,"{""1"":""villager"",""2"":""villager"",""3"":""witch"",""4"":""werewolf"",""5"":""werewolf"",""6"":""werewolf"",""7"":""hunter"",""8"":""villager"",""9"":""villager"",""10"":""seer""}","{""1"":1,""2"":2,""3"":3,""4"":4,""5"":5,""6"":6,""7"":7,""8"":8,""9"":9,""10"":10}",same_action_reference_seed_43_base_92_physical_clockwise,58,58,58,1,1,1,1,1,,,,none,,,,,,,,,village,1,0,3,10,1,3,0,0,1
supplied_action_replay,same_action_seed_43_base_93,same_action_seed_43_base_93,43,93,reference_replay_pair,physical_clockwise,0,same_physical_actions,"{""1"":""werewolf"",""2"":""villager"",""3"":""witch"",""4"":""werewolf"",""5"":""hunter"",""6"":""villager"",""7"":""villager"",""8"":""seer"",""9"":""villager"",""10"":""werewolf""}","{""1"":1,""2"":2,""3"":3,""4"":4,""5"":5,""6"":6,""7"":7,""8"":8,""9"":9,""10"":10}",same_action_reference_seed_43_base_93_physical_clockwise,67,67,67,1,1,1,1,1,,,,none,,,,,,,,,wolf,0,1,4,8,0,3,0,1,1
supplied_action_replay,same_action_seed_43_base_94,same_action_seed_43_base_94,43,94,reference_replay_pair,physical_clockwise,0,same_physical_actions,"{""1"":""villager"",""2"":""villager"",""3"":""seer"",""4"":""werewolf"",""5"":""villager"",""6"":""werewolf"",""7"":""villager"",""8"":""witch"",""9"":""werewolf"",""10"":""hunter""}","{""1"":1,""2"":2,""3"":3,""4"":4,""5"":5,""6"":6,""7"":7,""8"":8,""9"":9,""10"":10}",same_action_reference_seed_43_base_94_physical_clockwise,47,47,47,1,1,1,1,1,,,,none,,,,,,,,,village,1,0,3,3,1,3,1,1,1
supplied_action_replay,same_action_seed_43_base_95,same_action_seed_43_base_95,43,95,reference_replay_pair,physical_clockwise,0,same_physical_actions,"{""1"":""witch"",""2"":""werewolf"",""3"":""seer"",""4"":""villager"",""5"":""hunter"",""6"":""villager"",""7"":""villager"",""8"":""werewolf"",""9"":""werewolf"",""10"":""villager""}","{""1"":1,""2"":2,""3"":3,""4"":4,""5"":5,""6"":6,""7"":7,""8"":8,""9"":9,""10"":10}",same_action_reference_seed_43_base_95_physical_clockwise,44,44,44,1,1,1,1,1,,,,none,,,,,,,,,wolf,0,1,3,3,0,2,0,0,0
supplied_action_replay,same_action_seed_43_base_96,same_action_seed_43_base_96,43,96,reference_replay_pair,physical_clockwise,0,same_physical_actions,"{""1"":""seer"",""2"":""villager"",""3"":""werewolf"",""4"":""witch"",""5"":""hunter"",""6"":""werewolf"",""7"":""villager"",""8"":""villager"",""9"":""werewolf"",""10"":""villager""}","{""1"":1,""2"":2,""3"":3,""4"":4,""5"":5,""6"":6,""7"":7,""8"":8,""9"":9,""10"":10}",same_action_reference_seed_43_base_96_physical_clockwise,55,55,55,1,1,1,1,1,,,,none,,,,,,,,,village,1,0,4,1,0,1,0,0,0
supplied_action_replay,same_action_seed_43_base_97,same_action_seed_43_base_97,43,97,reference_replay_pair,physical_clockwise,0,same_physical_actions,"{""1"":""werewolf"",""2"":""villager"",""3"":""werewolf"",""4"":""villager"",""5"":""werewolf"",""6"":""hunter"",""7"":""witch"",""8"":""seer"",""9"":""villager"",""10"":""villager""}","{""1"":1,""2"":2,""3"":3,""4"":4,""5"":5,""6"":6,""7"":7,""8"":8,""9"":9,""10"":10}",same_action_reference_seed_43_base_97_physical_clockwise,42,42,42,1,1,1,1,1,,,,none,,,,,,,,,wolf,0,1,3,8,0,2,0,0,0
supplied_action_replay,same_action_seed_43_base_98,same_action_seed_43_base_98,43,98,reference_replay_pair,physical_clockwise,0,same_physical_actions,"{""1"":""villager"",""2"":""werewolf"",""3"":""villager"",""4"":""villager"",""5"":""seer"",""6"":""hunter"",""7"":""werewolf"",""8"":""werewolf"",""9"":""villager"",""10"":""witch""}","{""1"":1,""2"":2,""3"":3,""4"":4,""5"":5,""6"":6,""7"":7,""8"":8,""9"":9,""10"":10}",same_action_reference_seed_43_base_98_physical_clockwise,43,43,43,1,1,1,1,1,,,,none,,,,,,,,,wolf,0,1,3,5,0,3,0,1,1
supplied_action_replay,same_action_seed_43_base_99,same_action_seed_43_base_99,43,99,reference_replay_pair,physical_clockwise,0,same_physical_actions,"{""1"":""werewolf"",""2"":""villager"",""3"":""hunter"",""4"":""villager"",""5"":""villager"",""6"":""seer"",""7"":""witch"",""8"":""werewolf"",""9"":""villager"",""10"":""werewolf""}","{""1"":1,""2"":2,""3"":3,""4"":4,""5"":5,""6"":6,""7"":7,""8"":8,""9"":9,""10"":10}",same_action_reference_seed_43_base_99_physical_clockwise,59,59,59,1,1,1,1,1,,,,none,,,,,,,,,village,1,0,4,6,1,4,0,1,1
supplied_action_replay,same_action_seed_43_base_100,same_action_seed_43_base_100,43,100,reference_replay_pair,physical_clockwise,0,same_physical_actions,"{""1"":""werewolf"",""2"":""werewolf"",""3"":""seer"",""4"":""hunter"",""5"":""villager"",""6"":""werewolf"",""7"":""witch"",""8"":""villager"",""9"":""villager"",""10"":""villager""}","{""1"":1,""2"":2,""3"":3,""4"":4,""5"":5,""6"":6,""7"":7,""8"":8,""9"":9,""10"":10}",same_action_reference_seed_43_base_100_physical_clockwise,69,69,69,1,1,1,1,1,,,,none,,,,,,,,,wolf,0,1,5,3,1,5,0,1,1
supplied_action_replay,same_action_seed_43_base_101,same_action_seed_43_base_101,43,101,reference_replay_pair,physical_clockwise,0,same_physical_actions,"{""1"":""villager"",""2"":""villager"",""3"":""villager"",""4"":""werewolf"",""5"":""villager"",""6"":""werewolf"",""7"":""werewolf"",""8"":""witch"",""9"":""seer"",""10"":""hunter""}","{""1"":1,""2"":2,""3"":3,""4"":4,""5"":5,""6"":6,""7"":7,""8"":8,""9"":9,""10"":10}",same_action_reference_seed_43_base_101_physical_clockwise,45,45,45,1,1,1,1,1,,,,none,,,,,,,,,village,1,0,3,9,1,3,0,0,0
supplied_action_replay,same_action_seed_43_base_102,same_action_seed_43_base_102,43,102,reference_replay_pair,physical_clockwise,0,same_physical_actions,"{""1"":""villager"",""2"":""witch"",""3"":""villager"",""4"":""hunter"",""5"":""werewolf"",""6"":""villager"",""7"":""villager"",""8"":""werewolf"",""9"":""werewolf"",""10"":""seer""}","{""1"":1,""2"":2,""3"":3,""4"":4,""5"":5,""6"":6,""7"":7,""8"":8,""9"":9,""10"":10}",same_action_reference_seed_43_base_102_physical_clockwise,44,44,44,1,1,1,1,1,,,,none,,,,,,,,,wolf,0,1,3,10,0,2,0,0,0
supplied_action_replay,same_action_seed_43_base_103,same_action_seed_43_base_103,43,103,reference_replay_pair,physical_clockwise,0,same_physical_actions,"{""1"":""werewolf"",""2"":""villager"",""3"":""hunter"",""4"":""villager"",""5"":""villager"",""6"":""villager"",""7"":""werewolf"",""8"":""seer"",""9"":""witch"",""10"":""werewolf""}","{""1"":1,""2"":2,""3"":3,""4"":4,""5"":5,""6"":6,""7"":7,""8"":8,""9"":9,""10"":10}",same_action_reference_seed_43_base_103_physical_clockwise,45,45,45,1,1,1,1,1,,,,none,,,,,,,,,village,1,0,3,8,1,3,0,1,1
supplied_action_replay,same_action_seed_43_base_104,same_action_seed_43_base_104,43,104,reference_replay_pair,physical_clockwise,0,same_physical_actions,"{""1"":""werewolf"",""2"":""villager"",""3"":""werewolf"",""4"":""villager"",""5"":""hunter"",""6"":""seer"",""7"":""villager"",""8"":""villager"",""9"":""werewolf"",""10"":""witch""}","{""1"":1,""2"":2,""3"":3,""4"":4,""5"":5,""6"":6,""7"":7,""8"":8,""9"":9,""10"":10}",same_action_reference_seed_43_base_104_physical_clockwise,62,62,62,1,1,1,1,1,,,,none,,,,,,,,,village,1,0,4,6,0,4,0,1,1
supplied_action_replay,same_action_seed_43_base_105,same_action_seed_43_base_105,43,105,reference_replay_pair,physical_clockwise,0,same_physical_actions,"{""1"":""werewolf"",""2"":""villager"",""3"":""werewolf"",""4"":""villager"",""5"":""villager"",""6"":""hunter"",""7"":""werewolf"",""8"":""villager"",""9"":""witch"",""10"":""seer""}","{""1"":1,""2"":2,""3"":3,""4"":4,""5"":5,""6"":6,""7"":7,""8"":8,""9"":9,""10"":10}",same_action_reference_seed_43_base_105_physical_clockwise,64,64,64,1,1,1,1,1,,,,none,,,,,,,,,village,1,0,4,10,0,2,1,1,1
supplied_action_replay,same_action_seed_43_base_106,same_action_seed_43_base_106,43,106,reference_replay_pair,physical_clockwise,0,same_physical_actions,"{""1"":""witch"",""2"":""werewolf"",""3"":""villager"",""4"":""hunter"",""5"":""villager"",""6"":""villager"",""7"":""werewolf"",""8"":""seer"",""9"":""villager"",""10"":""werewolf""}","{""1"":1,""2"":2,""3"":3,""4"":4,""5"":5,""6"":6,""7"":7,""8"":8,""9"":9,""10"":10}",same_action_reference_seed_43_base_106_physical_clockwise,43,43,43,1,1,1,1,1,,,,none,,,,,,,,,wolf,0,1,3,8,1,3,0,1,1
supplied_action_replay,same_action_seed_43_base_107,same_action_seed_43_base_107,43,107,reference_replay_pair,physical_clockwise,0,same_physical_actions,"{""1"":""villager"",""2"":""villager"",""3"":""werewolf"",""4"":""villager"",""5"":""werewolf"",""6"":""villager"",""7"":""seer"",""8"":""werewolf"",""9"":""hunter"",""10"":""witch""}","{""1"":1,""2"":2,""3"":3,""4"":4,""5"":5,""6"":6,""7"":7,""8"":8,""9"":9,""10"":10}",same_action_reference_seed_43_base_107_physical_clockwise,57,57,57,1,1,1,1,1,,,,none,,,,,,,,,wolf,0,1,3,7,0,3,1,1,1
supplied_action_replay,same_action_seed_43_base_108,same_action_seed_43_base_108,43,108,reference_replay_pair,physical_clockwise,0,same_physical_actions,"{""1"":""villager"",""2"":""hunter"",""3"":""villager"",""4"":""seer"",""5"":""villager"",""6"":""witch"",""7"":""werewolf"",""8"":""werewolf"",""9"":""werewolf"",""10"":""villager""}","{""1"":1,""2"":2,""3"":3,""4"":4,""5"":5,""6"":6,""7"":7,""8"":8,""9"":9,""10"":10}",same_action_reference_seed_43_base_108_physical_clockwise,37,37,37,1,1,1,1,1,,,,none,,,,,,,,,wolf,0,1,2,4,0,1,0,0,0
supplied_action_replay,same_action_seed_43_base_109,same_action_seed_43_base_109,43,109,reference_replay_pair,physical_clockwise,0,same_physical_actions,"{""1"":""villager"",""2"":""villager"",""3"":""witch"",""4"":""werewolf"",""5"":""villager"",""6"":""hunter"",""7"":""villager"",""8"":""werewolf"",""9"":""werewolf"",""10"":""seer""}","{""1"":1,""2"":2,""3"":3,""4"":4,""5"":5,""6"":6,""7"":7,""8"":8,""9"":9,""10"":10}",same_action_reference_seed_43_base_109_physical_clockwise,64,64,64,1,1,1,1,1,,,,none,,,,,,,,,village,1,0,4,10,1,4,0,0,1
supplied_action_replay,same_action_seed_43_base_110,same_action_seed_43_base_110,43,110,reference_replay_pair,physical_clockwise,0,same_physical_actions,"{""1"":""witch"",""2"":""werewolf"",""3"":""seer"",""4"":""villager"",""5"":""villager"",""6"":""villager"",""7"":""werewolf"",""8"":""villager"",""9"":""hunter"",""10"":""werewolf""}","{""1"":1,""2"":2,""3"":3,""4"":4,""5"":5,""6"":6,""7"":7,""8"":8,""9"":9,""10"":10}",same_action_reference_seed_43_base_110_physical_clockwise,41,41,41,1,1,1,1,1,,,,none,,,,,,,,,wolf,0,1,2,3,0,1,0,0,0
supplied_action_replay,same_action_seed_43_base_111,same_action_seed_43_base_111,43,111,reference_replay_pair,physical_clockwise,0,same_physical_actions,"{""1"":""werewolf"",""2"":""witch"",""3"":""werewolf"",""4"":""villager"",""5"":""villager"",""6"":""villager"",""7"":""seer"",""8"":""hunter"",""9"":""villager"",""10"":""werewolf""}","{""1"":1,""2"":2,""3"":3,""4"":4,""5"":5,""6"":6,""7"":7,""8"":8,""9"":9,""10"":10}",same_action_reference_seed_43_base_111_physical_clockwise,46,46,46,1,1,1,1,1,,,,none,,,,,,,,,village,1,0,3,7,0,3,0,0,1
supplied_action_replay,same_action_seed_43_base_112,same_action_seed_43_base_112,43,112,reference_replay_pair,physical_clockwise,0,same_physical_actions,"{""1"":""werewolf"",""2"":""witch"",""3"":""villager"",""4"":""villager"",""5"":""hunter"",""6"":""villager"",""7"":""seer"",""8"":""werewolf"",""9"":""werewolf"",""10"":""villager""}","{""1"":1,""2"":2,""3"":3,""4"":4,""5"":5,""6"":6,""7"":7,""8"":8,""9"":9,""10"":10}",same_action_reference_seed_43_base_112_physical_clockwise,42,42,42,1,1,1,1,1,,,,none,,,,,,,,,village,1,0,2,7,1,2,1,1,1
supplied_action_replay,same_action_seed_43_base_113,same_action_seed_43_base_113,43,113,reference_replay_pair,physical_clockwise,0,same_physical_actions,"{""1"":""villager"",""2"":""villager"",""3"":""seer"",""4"":""hunter"",""5"":""villager"",""6"":""werewolf"",""7"":""werewolf"",""8"":""werewolf"",""9"":""villager"",""10"":""witch""}","{""1"":1,""2"":2,""3"":3,""4"":4,""5"":5,""6"":6,""7"":7,""8"":8,""9"":9,""10"":10}",same_action_reference_seed_43_base_113_physical_clockwise,50,50,50,1,1,1,1,1,,,,none,,,,,,,,,village,1,0,3,3,1,3,0,0,1
supplied_action_replay,same_action_seed_43_base_114,same_action_seed_43_base_114,43,114,reference_replay_pair,physical_clockwise,0,same_physical_actions,"{""1"":""werewolf"",""2"":""seer"",""3"":""villager"",""4"":""werewolf"",""5"":""villager"",""6"":""villager"",""7"":""witch"",""8"":""villager"",""9"":""hunter"",""10"":""werewolf""}","{""1"":1,""2"":2,""3"":3,""4"":4,""5"":5,""6"":6,""7"":7,""8"":8,""9"":9,""10"":10}",same_action_reference_seed_43_base_114_physical_clockwise,61,61,61,1,1,1,1,1,,,,none,,,,,,,,,wolf,0,1,4,2,0,1,0,0,0
supplied_action_replay,same_action_seed_43_base_115,same_action_seed_43_base_115,43,115,reference_replay_pair,physical_clockwise,0,same_physical_actions,"{""1"":""villager"",""2"":""villager"",""3"":""villager"",""4"":""hunter"",""5"":""werewolf"",""6"":""werewolf"",""7"":""villager"",""8"":""werewolf"",""9"":""witch"",""10"":""seer""}","{""1"":1,""2"":2,""3"":3,""4"":4,""5"":5,""6"":6,""7"":7,""8"":8,""9"":9,""10"":10}",same_action_reference_seed_43_base_115_physical_clockwise,62,62,62,1,1,1,1,1,,,,none,,,,,,,,,wolf,0,1,4,10,0,2,0,0,0
supplied_action_replay,same_action_seed_43_base_116,same_action_seed_43_base_116,43,116,reference_replay_pair,physical_clockwise,0,same_physical_actions,"{""1"":""werewolf"",""2"":""villager"",""3"":""werewolf"",""4"":""villager"",""5"":""seer"",""6"":""witch"",""7"":""hunter"",""8"":""villager"",""9"":""villager"",""10"":""werewolf""}","{""1"":1,""2"":2,""3"":3,""4"":4,""5"":5,""6"":6,""7"":7,""8"":8,""9"":9,""10"":10}",same_action_reference_seed_43_base_116_physical_clockwise,27,27,27,1,1,1,1,1,,,,none,,,,,,,,,wolf,0,1,2,5,0,1,0,0,0
supplied_action_replay,same_action_seed_43_base_117,same_action_seed_43_base_117,43,117,reference_replay_pair,physical_clockwise,0,same_physical_actions,"{""1"":""villager"",""2"":""villager"",""3"":""seer"",""4"":""hunter"",""5"":""villager"",""6"":""werewolf"",""7"":""witch"",""8"":""werewolf"",""9"":""werewolf"",""10"":""villager""}","{""1"":1,""2"":2,""3"":3,""4"":4,""5"":5,""6"":6,""7"":7,""8"":8,""9"":9,""10"":10}",same_action_reference_seed_43_base_117_physical_clockwise,63,63,63,1,1,1,1,1,,,,none,,,,,,,,,wolf,0,1,4,3,0,3,0,1,1
supplied_action_replay,same_action_seed_43_base_118,same_action_seed_43_base_118,43,118,reference_replay_pair,physical_clockwise,0,same_physical_actions,"{""1"":""villager"",""2"":""seer"",""3"":""villager"",""4"":""hunter"",""5"":""werewolf"",""6"":""werewolf"",""7"":""witch"",""8"":""villager"",""9"":""werewolf"",""10"":""villager""}","{""1"":1,""2"":2,""3"":3,""4"":4,""5"":5,""6"":6,""7"":7,""8"":8,""9"":9,""10"":10}",same_action_reference_seed_43_base_118_physical_clockwise,68,68,68,1,1,1,1,1,,,,none,,,,,,,,,village,1,0,4,2,0,3,0,0,1
supplied_action_replay,same_action_seed_43_base_119,same_action_seed_43_base_119,43,119,reference_replay_pair,physical_clockwise,0,same_physical_actions,"{""1"":""witch"",""2"":""hunter"",""3"":""seer"",""4"":""villager"",""5"":""villager"",""6"":""werewolf"",""7"":""werewolf"",""8"":""werewolf"",""9"":""villager"",""10"":""villager""}","{""1"":1,""2"":2,""3"":3,""4"":4,""5"":5,""6"":6,""7"":7,""8"":8,""9"":9,""10"":10}",same_action_reference_seed_43_base_119_physical_clockwise,62,62,62,1,1,1,1,1,,,,none,,,,,,,,,village,1,0,4,3,0,2,0,0,0
supplied_action_replay,same_action_seed_43_base_120,same_action_seed_43_base_120,43,120,reference_replay_pair,physical_clockwise,0,same_physical_actions,"{""1"":""hunter"",""2"":""villager"",""3"":""seer"",""4"":""villager"",""5"":""werewolf"",""6"":""villager"",""7"":""werewolf"",""8"":""villager"",""9"":""werewolf"",""10"":""witch""}","{""1"":1,""2"":2,""3"":3,""4"":4,""5"":5,""6"":6,""7"":7,""8"":8,""9"":9,""10"":10}",same_action_reference_seed_43_base_120_physical_clockwise,56,56,56,1,1,1,1,1,,,,none,,,,,,,,,wolf,0,1,4,3,0,2,0,1,1
supplied_action_replay,same_action_seed_43_base_121,same_action_seed_43_base_121,43,121,reference_replay_pair,physical_clockwise,0,same_physical_actions,"{""1"":""seer"",""2"":""werewolf"",""3"":""villager"",""4"":""witch"",""5"":""hunter"",""6"":""villager"",""7"":""villager"",""8"":""werewolf"",""9"":""villager"",""10"":""werewolf""}","{""1"":1,""2"":2,""3"":3,""4"":4,""5"":5,""6"":6,""7"":7,""8"":8,""9"":9,""10"":10}",same_action_reference_seed_43_base_121_physical_clockwise,62,62,62,1,1,1,1,1,,,,none,,,,,,,,,wolf,0,1,4,1,0,2,1,1,1
supplied_action_replay,same_action_seed_43_base_122,same_action_seed_43_base_122,43,122,reference_replay_pair,physical_clockwise,0,same_physical_actions,"{""1"":""seer"",""2"":""werewolf"",""3"":""villager"",""4"":""villager"",""5"":""werewolf"",""6"":""witch"",""7"":""hunter"",""8"":""villager"",""9"":""werewolf"",""10"":""villager""}","{""1"":1,""2"":2,""3"":3,""4"":4,""5"":5,""6"":6,""7"":7,""8"":8,""9"":9,""10"":10}",same_action_reference_seed_43_base_122_physical_clockwise,58,58,58,1,1,1,1,1,,,,none,,,,,,,,,village,1,0,3,1,1,3,1,1,1
supplied_action_replay,same_action_seed_43_base_123,same_action_seed_43_base_123,43,123,reference_replay_pair,physical_clockwise,0,same_physical_actions,"{""1"":""villager"",""2"":""werewolf"",""3"":""villager"",""4"":""witch"",""5"":""seer"",""6"":""hunter"",""7"":""werewolf"",""8"":""villager"",""9"":""werewolf"",""10"":""villager""}","{""1"":1,""2"":2,""3"":3,""4"":4,""5"":5,""6"":6,""7"":7,""8"":8,""9"":9,""10"":10}",same_action_reference_seed_43_base_123_physical_clockwise,53,53,53,1,1,1,1,1,,,,none,,,,,,,,,wolf,0,1,4,5,0,3,0,1,1
supplied_action_replay,same_action_seed_43_base_124,same_action_seed_43_base_124,43,124,reference_replay_pair,physical_clockwise,0,same_physical_actions,"{""1"":""witch"",""2"":""villager"",""3"":""hunter"",""4"":""werewolf"",""5"":""seer"",""6"":""villager"",""7"":""werewolf"",""8"":""villager"",""9"":""werewolf"",""10"":""villager""}","{""1"":1,""2"":2,""3"":3,""4"":4,""5"":5,""6"":6,""7"":7,""8"":8,""9"":9,""10"":10}",same_action_reference_seed_43_base_124_physical_clockwise,54,54,54,1,1,1,1,1,,,,none,,,,,,,,,village,1,0,3,5,1,3,0,1,1
supplied_action_replay,same_action_seed_43_base_125,same_action_seed_43_base_125,43,125,reference_replay_pair,physical_clockwise,0,same_physical_actions,"{""1"":""hunter"",""2"":""werewolf"",""3"":""seer"",""4"":""werewolf"",""5"":""villager"",""6"":""villager"",""7"":""witch"",""8"":""werewolf"",""9"":""villager"",""10"":""villager""}","{""1"":1,""2"":2,""3"":3,""4"":4,""5"":5,""6"":6,""7"":7,""8"":8,""9"":9,""10"":10}",same_action_reference_seed_43_base_125_physical_clockwise,68,68,68,1,1,1,1,1,,,,none,,,,,,,,,wolf,0,1,4,3,1,4,1,1,1
supplied_action_replay,same_action_seed_43_base_126,same_action_seed_43_base_126,43,126,reference_replay_pair,physical_clockwise,0,same_physical_actions,"{""1"":""villager"",""2"":""seer"",""3"":""hunter"",""4"":""villager"",""5"":""witch"",""6"":""werewolf"",""7"":""werewolf"",""8"":""werewolf"",""9"":""villager"",""10"":""villager""}","{""1"":1,""2"":2,""3"":3,""4"":4,""5"":5,""6"":6,""7"":7,""8"":8,""9"":9,""10"":10}",same_action_reference_seed_43_base_126_physical_clockwise,44,44,44,1,1,1,1,1,,,,none,,,,,,,,,wolf,0,1,3,2,0,2,0,0,0
supplied_action_replay,same_action_seed_43_base_127,same_action_seed_43_base_127,43,127,reference_replay_pair,physical_clockwise,0,same_physical_actions,"{""1"":""werewolf"",""2"":""seer"",""3"":""villager"",""4"":""werewolf"",""5"":""witch"",""6"":""villager"",""7"":""hunter"",""8"":""villager"",""9"":""villager"",""10"":""werewolf""}","{""1"":1,""2"":2,""3"":3,""4"":4,""5"":5,""6"":6,""7"":7,""8"":8,""9"":9,""10"":10}",same_action_reference_seed_43_base_127_physical_clockwise,57,57,57,1,1,1,1,1,,,,none,,,,,,,,,wolf,0,1,4,2,0,3,0,0,0
supplied_action_replay,same_action_seed_43_base_128,same_action_seed_43_base_128,43,128,reference_replay_pair,physical_clockwise,0,same_physical_actions,"{""1"":""villager"",""2"":""villager"",""3"":""werewolf"",""4"":""hunter"",""5"":""werewolf"",""6"":""villager"",""7"":""werewolf"",""8"":""villager"",""9"":""witch"",""10"":""seer""}","{""1"":1,""2"":2,""3"":3,""4"":4,""5"":5,""6"":6,""7"":7,""8"":8,""9"":9,""10"":10}",same_action_reference_seed_43_base_128_physical_clockwise,41,41,41,1,1,1,1,1,,,,none,,,,,,,,,wolf,0,1,3,10,0,1,0,0,0
supplied_action_replay,same_action_seed_43_base_129,same_action_seed_43_base_129,43,129,reference_replay_pair,physical_clockwise,0,same_physical_actions,"{""1"":""villager"",""2"":""villager"",""3"":""seer"",""4"":""witch"",""5"":""hunter"",""6"":""villager"",""7"":""villager"",""8"":""werewolf"",""9"":""werewolf"",""10"":""werewolf""}","{""1"":1,""2"":2,""3"":3,""4"":4,""5"":5,""6"":6,""7"":7,""8"":8,""9"":9,""10"":10}",same_action_reference_seed_43_base_129_physical_clockwise,56,56,56,1,1,1,1,1,,,,none,,,,,,,,,wolf,0,1,4,3,0,2,0,0,0
supplied_action_replay,same_action_seed_43_base_130,same_action_seed_43_base_130,43,130,reference_replay_pair,physical_clockwise,0,same_physical_actions,"{""1"":""hunter"",""2"":""villager"",""3"":""seer"",""4"":""werewolf"",""5"":""villager"",""6"":""werewolf"",""7"":""villager"",""8"":""witch"",""9"":""werewolf"",""10"":""villager""}","{""1"":1,""2"":2,""3"":3,""4"":4,""5"":5,""6"":6,""7"":7,""8"":8,""9"":9,""10"":10}",same_action_reference_seed_43_base_130_physical_clockwise,37,37,37,1,1,1,1,1,,,,none,,,,,,,,,wolf,0,1,3,3,0,1,1,1,1
supplied_action_replay,same_action_seed_43_base_131,same_action_seed_43_base_131,43,131,reference_replay_pair,physical_clockwise,0,same_physical_actions,"{""1"":""villager"",""2"":""witch"",""3"":""villager"",""4"":""hunter"",""5"":""seer"",""6"":""werewolf"",""7"":""werewolf"",""8"":""villager"",""9"":""villager"",""10"":""werewolf""}","{""1"":1,""2"":2,""3"":3,""4"":4,""5"":5,""6"":6,""7"":7,""8"":8,""9"":9,""10"":10}",same_action_reference_seed_43_base_131_physical_clockwise,71,71,71,1,1,1,1,1,,,,none,,,,,,,,,wolf,0,1,5,5,0,5,1,1,1
supplied_action_replay,same_action_seed_43_base_132,same_action_seed_43_base_132,43,132,reference_replay_pair,physical_clockwise,0,same_physical_actions,"{""1"":""werewolf"",""2"":""werewolf"",""3"":""villager"",""4"":""hunter"",""5"":""witch"",""6"":""villager"",""7"":""villager"",""8"":""seer"",""9"":""villager"",""10"":""werewolf""}","{""1"":1,""2"":2,""3"":3,""4"":4,""5"":5,""6"":6,""7"":7,""8"":8,""9"":9,""10"":10}",same_action_reference_seed_43_base_132_physical_clockwise,56,56,56,1,1,1,1,1,,,,none,,,,,,,,,wolf,0,1,4,8,0,4,0,1,1
supplied_action_replay,same_action_seed_43_base_133,same_action_seed_43_base_133,43,133,reference_replay_pair,physical_clockwise,0,same_physical_actions,"{""1"":""witch"",""2"":""hunter"",""3"":""seer"",""4"":""villager"",""5"":""villager"",""6"":""villager"",""7"":""werewolf"",""8"":""werewolf"",""9"":""villager"",""10"":""werewolf""}","{""1"":1,""2"":2,""3"":3,""4"":4,""5"":5,""6"":6,""7"":7,""8"":8,""9"":9,""10"":10}",same_action_reference_seed_43_base_133_physical_clockwise,57,57,57,1,1,1,1,1,,,,none,,,,,,,,,wolf,0,1,4,3,0,3,0,0,1
supplied_action_replay,same_action_seed_43_base_134,same_action_seed_43_base_134,43,134,reference_replay_pair,physical_clockwise,0,same_physical_actions,"{""1"":""hunter"",""2"":""villager"",""3"":""werewolf"",""4"":""witch"",""5"":""villager"",""6"":""villager"",""7"":""seer"",""8"":""villager"",""9"":""werewolf"",""10"":""werewolf""}","{""1"":1,""2"":2,""3"":3,""4"":4,""5"":5,""6"":6,""7"":7,""8"":8,""9"":9,""10"":10}",same_action_reference_seed_43_base_134_physical_clockwise,62,62,62,1,1,1,1,1,,,,none,,,,,,,,,wolf,0,1,4,7,0,2,0,1,1
supplied_action_replay,same_action_seed_43_base_135,same_action_seed_43_base_135,43,135,reference_replay_pair,physical_clockwise,0,same_physical_actions,"{""1"":""villager"",""2"":""werewolf"",""3"":""werewolf"",""4"":""witch"",""5"":""villager"",""6"":""villager"",""7"":""werewolf"",""8"":""seer"",""9"":""hunter"",""10"":""villager""}","{""1"":1,""2"":2,""3"":3,""4"":4,""5"":5,""6"":6,""7"":7,""8"":8,""9"":9,""10"":10}",same_action_reference_seed_43_base_135_physical_clockwise,40,40,40,1,1,1,1,1,,,,none,,,,,,,,,wolf,0,1,3,8,0,2,0,0,0
supplied_action_replay,same_action_seed_43_base_136,same_action_seed_43_base_136,43,136,reference_replay_pair,physical_clockwise,0,same_physical_actions,"{""1"":""seer"",""2"":""werewolf"",""3"":""villager"",""4"":""villager"",""5"":""hunter"",""6"":""witch"",""7"":""villager"",""8"":""werewolf"",""9"":""werewolf"",""10"":""villager""}","{""1"":1,""2"":2,""3"":3,""4"":4,""5"":5,""6"":6,""7"":7,""8"":8,""9"":9,""10"":10}",same_action_reference_seed_43_base_136_physical_clockwise,56,56,56,1,1,1,1,1,,,,none,,,,,,,,,village,1,0,3,1,0,2,1,1,1
supplied_action_replay,same_action_seed_43_base_137,same_action_seed_43_base_137,43,137,reference_replay_pair,physical_clockwise,0,same_physical_actions,"{""1"":""hunter"",""2"":""werewolf"",""3"":""villager"",""4"":""werewolf"",""5"":""villager"",""6"":""villager"",""7"":""villager"",""8"":""witch"",""9"":""seer"",""10"":""werewolf""}","{""1"":1,""2"":2,""3"":3,""4"":4,""5"":5,""6"":6,""7"":7,""8"":8,""9"":9,""10"":10}",same_action_reference_seed_43_base_137_physical_clockwise,66,66,66,1,1,1,1,1,,,,none,,,,,,,,,village,1,0,4,9,1,4,1,1,1
supplied_action_replay,same_action_seed_43_base_138,same_action_seed_43_base_138,43,138,reference_replay_pair,physical_clockwise,0,same_physical_actions,"{""1"":""seer"",""2"":""werewolf"",""3"":""villager"",""4"":""villager"",""5"":""werewolf"",""6"":""villager"",""7"":""witch"",""8"":""werewolf"",""9"":""hunter"",""10"":""villager""}","{""1"":1,""2"":2,""3"":3,""4"":4,""5"":5,""6"":6,""7"":7,""8"":8,""9"":9,""10"":10}",same_action_reference_seed_43_base_138_physical_clockwise,57,57,57,1,1,1,1,1,,,,none,,,,,,,,,wolf,0,1,3,1,1,3,1,1,1
supplied_action_replay,same_action_seed_43_base_139,same_action_seed_43_base_139,43,139,reference_replay_pair,physical_clockwise,0,same_physical_actions,"{""1"":""villager"",""2"":""villager"",""3"":""witch"",""4"":""seer"",""5"":""hunter"",""6"":""werewolf"",""7"":""werewolf"",""8"":""villager"",""9"":""werewolf"",""10"":""villager""}","{""1"":1,""2"":2,""3"":3,""4"":4,""5"":5,""6"":6,""7"":7,""8"":8,""9"":9,""10"":10}",same_action_reference_seed_43_base_139_physical_clockwise,57,57,57,1,1,1,1,1,,,,none,,,,,,,,,village,1,0,4,4,0,3,0,1,1
supplied_action_replay,same_action_seed_43_base_140,same_action_seed_43_base_140,43,140,reference_replay_pair,physical_clockwise,0,same_physical_actions,"{""1"":""villager"",""2"":""villager"",""3"":""villager"",""4"":""seer"",""5"":""werewolf"",""6"":""witch"",""7"":""hunter"",""8"":""werewolf"",""9"":""villager"",""10"":""werewolf""}","{""1"":1,""2"":2,""3"":3,""4"":4,""5"":5,""6"":6,""7"":7,""8"":8,""9"":9,""10"":10}",same_action_reference_seed_43_base_140_physical_clockwise,58,58,58,1,1,1,1,1,,,,none,,,,,,,,,village,1,0,3,4,1,3,1,1,1
supplied_action_replay,same_action_seed_43_base_141,same_action_seed_43_base_141,43,141,reference_replay_pair,physical_clockwise,0,same_physical_actions,"{""1"":""hunter"",""2"":""villager"",""3"":""werewolf"",""4"":""villager"",""5"":""seer"",""6"":""werewolf"",""7"":""witch"",""8"":""werewolf"",""9"":""villager"",""10"":""villager""}","{""1"":1,""2"":2,""3"":3,""4"":4,""5"":5,""6"":6,""7"":7,""8"":8,""9"":9,""10"":10}",same_action_reference_seed_43_base_141_physical_clockwise,51,51,51,1,1,1,1,1,,,,none,,,,,,,,,village,1,0,3,5,0,3,1,1,1
supplied_action_replay,same_action_seed_43_base_142,same_action_seed_43_base_142,43,142,reference_replay_pair,physical_clockwise,0,same_physical_actions,"{""1"":""villager"",""2"":""seer"",""3"":""witch"",""4"":""werewolf"",""5"":""villager"",""6"":""villager"",""7"":""werewolf"",""8"":""villager"",""9"":""hunter"",""10"":""werewolf""}","{""1"":1,""2"":2,""3"":3,""4"":4,""5"":5,""6"":6,""7"":7,""8"":8,""9"":9,""10"":10}",same_action_reference_seed_43_base_142_physical_clockwise,41,41,41,1,1,1,1,1,,,,none,,,,,,,,,wolf,0,1,2,2,0,1,0,0,0
supplied_action_replay,same_action_seed_43_base_143,same_action_seed_43_base_143,43,143,reference_replay_pair,physical_clockwise,0,same_physical_actions,"{""1"":""villager"",""2"":""villager"",""3"":""werewolf"",""4"":""werewolf"",""5"":""villager"",""6"":""hunter"",""7"":""seer"",""8"":""werewolf"",""9"":""villager"",""10"":""witch""}","{""1"":1,""2"":2,""3"":3,""4"":4,""5"":5,""6"":6,""7"":7,""8"":8,""9"":9,""10"":10}",same_action_reference_seed_43_base_143_physical_clockwise,70,70,70,1,1,1,1,1,,,,none,,,,,,,,,wolf,0,1,5,7,0,4,1,1,1
supplied_action_replay,same_action_seed_43_base_144,same_action_seed_43_base_144,43,144,reference_replay_pair,physical_clockwise,0,same_physical_actions,"{""1"":""villager"",""2"":""witch"",""3"":""villager"",""4"":""werewolf"",""5"":""werewolf"",""6"":""villager"",""7"":""villager"",""8"":""seer"",""9"":""hunter"",""10"":""werewolf""}","{""1"":1,""2"":2,""3"":3,""4"":4,""5"":5,""6"":6,""7"":7,""8"":8,""9"":9,""10"":10}",same_action_reference_seed_43_base_144_physical_clockwise,54,54,54,1,1,1,1,1,,,,none,,,,,,,,,village,1,0,3,8,0,2,0,0,0
supplied_action_replay,same_action_seed_43_base_145,same_action_seed_43_base_145,43,145,reference_replay_pair,physical_clockwise,0,same_physical_actions,"{""1"":""seer"",""2"":""werewolf"",""3"":""hunter"",""4"":""werewolf"",""5"":""villager"",""6"":""werewolf"",""7"":""villager"",""8"":""witch"",""9"":""villager"",""10"":""villager""}","{""1"":1,""2"":2,""3"":3,""4"":4,""5"":5,""6"":6,""7"":7,""8"":8,""9"":9,""10"":10}",same_action_reference_seed_43_base_145_physical_clockwise,44,44,44,1,1,1,1,1,,,,none,,,,,,,,,wolf,0,1,3,1,0,2,1,1,1
supplied_action_replay,same_action_seed_43_base_146,same_action_seed_43_base_146,43,146,reference_replay_pair,physical_clockwise,0,same_physical_actions,"{""1"":""villager"",""2"":""witch"",""3"":""werewolf"",""4"":""hunter"",""5"":""werewolf"",""6"":""villager"",""7"":""villager"",""8"":""werewolf"",""9"":""seer"",""10"":""villager""}","{""1"":1,""2"":2,""3"":3,""4"":4,""5"":5,""6"":6,""7"":7,""8"":8,""9"":9,""10"":10}",same_action_reference_seed_43_base_146_physical_clockwise,66,66,66,1,1,1,1,1,,,,none,,,,,,,,,village,1,0,4,9,1,4,0,0,1
supplied_action_replay,same_action_seed_43_base_147,same_action_seed_43_base_147,43,147,reference_replay_pair,physical_clockwise,0,same_physical_actions,"{""1"":""villager"",""2"":""werewolf"",""3"":""villager"",""4"":""villager"",""5"":""werewolf"",""6"":""witch"",""7"":""villager"",""8"":""hunter"",""9"":""seer"",""10"":""werewolf""}","{""1"":1,""2"":2,""3"":3,""4"":4,""5"":5,""6"":6,""7"":7,""8"":8,""9"":9,""10"":10}",same_action_reference_seed_43_base_147_physical_clockwise,51,51,51,1,1,1,1,1,,,,none,,,,,,,,,wolf,0,1,4,9,0,3,1,1,1
supplied_action_replay,same_action_seed_43_base_148,same_action_seed_43_base_148,43,148,reference_replay_pair,physical_clockwise,0,same_physical_actions,"{""1"":""werewolf"",""2"":""villager"",""3"":""werewolf"",""4"":""hunter"",""5"":""seer"",""6"":""villager"",""7"":""villager"",""8"":""villager"",""9"":""werewolf"",""10"":""witch""}","{""1"":1,""2"":2,""3"":3,""4"":4,""5"":5,""6"":6,""7"":7,""8"":8,""9"":9,""10"":10}",same_action_reference_seed_43_base_148_physical_clockwise,56,56,56,1,1,1,1,1,,,,none,,,,,,,,,village,1,0,3,5,0,3,0,0,0
supplied_action_replay,same_action_seed_43_base_149,same_action_seed_43_base_149,43,149,reference_replay_pair,physical_clockwise,0,same_physical_actions,"{""1"":""villager"",""2"":""villager"",""3"":""werewolf"",""4"":""witch"",""5"":""villager"",""6"":""werewolf"",""7"":""hunter"",""8"":""seer"",""9"":""villager"",""10"":""werewolf""}","{""1"":1,""2"":2,""3"":3,""4"":4,""5"":5,""6"":6,""7"":7,""8"":8,""9"":9,""10"":10}",same_action_reference_seed_43_base_149_physical_clockwise,53,53,53,1,1,1,1,1,,,,none,,,,,,,,,wolf,0,1,4,8,0,3,0,1,1
supplied_action_replay,same_action_seed_43_base_150,same_action_seed_43_base_150,43,150,reference_replay_pair,physical_clockwise,0,same_physical_actions,"{""1"":""werewolf"",""2"":""villager"",""3"":""villager"",""4"":""villager"",""5"":""hunter"",""6"":""seer"",""7"":""werewolf"",""8"":""villager"",""9"":""witch"",""10"":""werewolf""}","{""1"":1,""2"":2,""3"":3,""4"":4,""5"":5,""6"":6,""7"":7,""8"":8,""9"":9,""10"":10}",same_action_reference_seed_43_base_150_physical_clockwise,39,39,39,1,1,1,1,1,,,,none,,,,,,,,,wolf,0,1,3,6,0,1,1,1,1
supplied_action_replay,same_action_seed_43_base_151,same_action_seed_43_base_151,43,151,reference_replay_pair,physical_clockwise,0,same_physical_actions,"{""1"":""werewolf"",""2"":""villager"",""3"":""villager"",""4"":""villager"",""5"":""witch"",""6"":""hunter"",""7"":""seer"",""8"":""werewolf"",""9"":""werewolf"",""10"":""villager""}","{""1"":1,""2"":2,""3"":3,""4"":4,""5"":5,""6"":6,""7"":7,""8"":8,""9"":9,""10"":10}",same_action_reference_seed_43_base_151_physical_clockwise,63,63,63,1,1,1,1,1,,,,none,,,,,,,,,village,1,0,4,7,0,3,1,1,1
supplied_action_replay,same_action_seed_43_base_152,same_action_seed_43_base_152,43,152,reference_replay_pair,physical_clockwise,0,same_physical_actions,"{""1"":""seer"",""2"":""witch"",""3"":""villager"",""4"":""werewolf"",""5"":""villager"",""6"":""villager"",""7"":""villager"",""8"":""werewolf"",""9"":""hunter"",""10"":""werewolf""}","{""1"":1,""2"":2,""3"":3,""4"":4,""5"":5,""6"":6,""7"":7,""8"":8,""9"":9,""10"":10}",same_action_reference_seed_43_base_152_physical_clockwise,63,63,63,1,1,1,1,1,,,,none,,,,,,,,,wolf,0,1,4,1,0,3,0,1,1
supplied_action_replay,same_action_seed_43_base_153,same_action_seed_43_base_153,43,153,reference_replay_pair,physical_clockwise,0,same_physical_actions,"{""1"":""werewolf"",""2"":""villager"",""3"":""werewolf"",""4"":""villager"",""5"":""hunter"",""6"":""villager"",""7"":""witch"",""8"":""seer"",""9"":""werewolf"",""10"":""villager""}","{""1"":1,""2"":2,""3"":3,""4"":4,""5"":5,""6"":6,""7"":7,""8"":8,""9"":9,""10"":10}",same_action_reference_seed_43_base_153_physical_clockwise,56,56,56,1,1,1,1,1,,,,none,,,,,,,,,wolf,0,1,4,8,0,2,1,1,1
supplied_action_replay,same_action_seed_43_base_154,same_action_seed_43_base_154,43,154,reference_replay_pair,physical_clockwise,0,same_physical_actions,"{""1"":""werewolf"",""2"":""villager"",""3"":""werewolf"",""4"":""witch"",""5"":""villager"",""6"":""seer"",""7"":""werewolf"",""8"":""villager"",""9"":""villager"",""10"":""hunter""}","{""1"":1,""2"":2,""3"":3,""4"":4,""5"":5,""6"":6,""7"":7,""8"":8,""9"":9,""10"":10}",same_action_reference_seed_43_base_154_physical_clockwise,60,60,60,1,1,1,1,1,,,,none,,,,,,,,,wolf,0,1,4,6,0,2,1,1,1
supplied_action_replay,same_action_seed_43_base_155,same_action_seed_43_base_155,43,155,reference_replay_pair,physical_clockwise,0,same_physical_actions,"{""1"":""villager"",""2"":""witch"",""3"":""werewolf"",""4"":""werewolf"",""5"":""seer"",""6"":""hunter"",""7"":""villager"",""8"":""villager"",""9"":""werewolf"",""10"":""villager""}","{""1"":1,""2"":2,""3"":3,""4"":4,""5"":5,""6"":6,""7"":7,""8"":8,""9"":9,""10"":10}",same_action_reference_seed_43_base_155_physical_clockwise,42,42,42,1,1,1,1,1,,,,none,,,,,,,,,wolf,0,1,2,5,0,2,0,0,0
supplied_action_replay,same_action_seed_43_base_156,same_action_seed_43_base_156,43,156,reference_replay_pair,physical_clockwise,0,same_physical_actions,"{""1"":""witch"",""2"":""werewolf"",""3"":""hunter"",""4"":""seer"",""5"":""villager"",""6"":""villager"",""7"":""werewolf"",""8"":""villager"",""9"":""werewolf"",""10"":""villager""}","{""1"":1,""2"":2,""3"":3,""4"":4,""5"":5,""6"":6,""7"":7,""8"":8,""9"":9,""10"":10}",same_action_reference_seed_43_base_156_physical_clockwise,52,52,52,1,1,1,1,1,,,,none,,,,,,,,,wolf,0,1,4,4,0,2,0,0,0
supplied_action_replay,same_action_seed_43_base_157,same_action_seed_43_base_157,43,157,reference_replay_pair,physical_clockwise,0,same_physical_actions,"{""1"":""witch"",""2"":""villager"",""3"":""hunter"",""4"":""werewolf"",""5"":""werewolf"",""6"":""seer"",""7"":""villager"",""8"":""villager"",""9"":""villager"",""10"":""werewolf""}","{""1"":1,""2"":2,""3"":3,""4"":4,""5"":5,""6"":6,""7"":7,""8"":8,""9"":9,""10"":10}",same_action_reference_seed_43_base_157_physical_clockwise,69,69,69,1,1,1,1,1,,,,none,,,,,,,,,village,1,0,4,6,0,4,0,0,0
supplied_action_replay,same_action_seed_43_base_158,same_action_seed_43_base_158,43,158,reference_replay_pair,physical_clockwise,0,same_physical_actions,"{""1"":""hunter"",""2"":""werewolf"",""3"":""villager"",""4"":""seer"",""5"":""villager"",""6"":""werewolf"",""7"":""witch"",""8"":""werewolf"",""9"":""villager"",""10"":""villager""}","{""1"":1,""2"":2,""3"":3,""4"":4,""5"":5,""6"":6,""7"":7,""8"":8,""9"":9,""10"":10}",same_action_reference_seed_43_base_158_physical_clockwise,63,63,63,1,1,1,1,1,,,,none,,,,,,,,,wolf,0,1,4,4,0,3,0,1,1
supplied_action_replay,same_action_seed_43_base_159,same_action_seed_43_base_159,43,159,reference_replay_pair,physical_clockwise,0,same_physical_actions,"{""1"":""werewolf"",""2"":""werewolf"",""3"":""villager"",""4"":""villager"",""5"":""witch"",""6"":""villager"",""7"":""villager"",""8"":""seer"",""9"":""hunter"",""10"":""werewolf""}","{""1"":1,""2"":2,""3"":3,""4"":4,""5"":5,""6"":6,""7"":7,""8"":8,""9"":9,""10"":10}",same_action_reference_seed_43_base_159_physical_clockwise,42,42,42,1,1,1,1,1,,,,none,,,,,,,,,village,1,0,2,8,1,2,0,1,1
supplied_action_replay,same_action_seed_43_base_160,same_action_seed_43_base_160,43,160,reference_replay_pair,physical_clockwise,0,same_physical_actions,"{""1"":""werewolf"",""2"":""villager"",""3"":""villager"",""4"":""witch"",""5"":""hunter"",""6"":""villager"",""7"":""villager"",""8"":""seer"",""9"":""werewolf"",""10"":""werewolf""}","{""1"":1,""2"":2,""3"":3,""4"":4,""5"":5,""6"":6,""7"":7,""8"":8,""9"":9,""10"":10}",same_action_reference_seed_43_base_160_physical_clockwise,59,59,59,1,1,1,1,1,,,,none,,,,,,,,,village,1,0,4,8,0,3,1,1,1
supplied_action_replay,same_action_seed_43_base_161,same_action_seed_43_base_161,43,161,reference_replay_pair,physical_clockwise,0,same_physical_actions,"{""1"":""witch"",""2"":""villager"",""3"":""villager"",""4"":""seer"",""5"":""werewolf"",""6"":""werewolf"",""7"":""villager"",""8"":""hunter"",""9"":""villager"",""10"":""werewolf""}","{""1"":1,""2"":2,""3"":3,""4"":4,""5"":5,""6"":6,""7"":7,""8"":8,""9"":9,""10"":10}",same_action_reference_seed_43_base_161_physical_clockwise,55,55,55,1,1,1,1,1,,,,none,,,,,,,,,wolf,0,1,4,4,0,3,1,1,1
supplied_action_replay,same_action_seed_43_base_162,same_action_seed_43_base_162,43,162,reference_replay_pair,physical_clockwise,0,same_physical_actions,"{""1"":""villager"",""2"":""seer"",""3"":""werewolf"",""4"":""villager"",""5"":""villager"",""6"":""hunter"",""7"":""villager"",""8"":""werewolf"",""9"":""werewolf"",""10"":""witch""}","{""1"":1,""2"":2,""3"":3,""4"":4,""5"":5,""6"":6,""7"":7,""8"":8,""9"":9,""10"":10}",same_action_reference_seed_43_base_162_physical_clockwise,68,68,68,1,1,1,1,1,,,,none,,,,,,,,,wolf,0,1,5,2,0,2,1,1,1
supplied_action_replay,same_action_seed_43_base_163,same_action_seed_43_base_163,43,163,reference_replay_pair,physical_clockwise,0,same_physical_actions,"{""1"":""villager"",""2"":""villager"",""3"":""villager"",""4"":""seer"",""5"":""werewolf"",""6"":""witch"",""7"":""werewolf"",""8"":""villager"",""9"":""werewolf"",""10"":""hunter""}","{""1"":1,""2"":2,""3"":3,""4"":4,""5"":5,""6"":6,""7"":7,""8"":8,""9"":9,""10"":10}",same_action_reference_seed_43_base_163_physical_clockwise,51,51,51,1,1,1,1,1,,,,none,,,,,,,,,village,1,0,3,4,0,3,1,1,1
supplied_action_replay,same_action_seed_43_base_164,same_action_seed_43_base_164,43,164,reference_replay_pair,physical_clockwise,0,same_physical_actions,"{""1"":""villager"",""2"":""werewolf"",""3"":""werewolf"",""4"":""seer"",""5"":""hunter"",""6"":""villager"",""7"":""witch"",""8"":""villager"",""9"":""villager"",""10"":""werewolf""}","{""1"":1,""2"":2,""3"":3,""4"":4,""5"":5,""6"":6,""7"":7,""8"":8,""9"":9,""10"":10}",same_action_reference_seed_43_base_164_physical_clockwise,57,57,57,1,1,1,1,1,,,,none,,,,,,,,,wolf,0,1,3,4,0,3,0,0,0
supplied_action_replay,same_action_seed_43_base_165,same_action_seed_43_base_165,43,165,reference_replay_pair,physical_clockwise,0,same_physical_actions,"{""1"":""werewolf"",""2"":""seer"",""3"":""villager"",""4"":""villager"",""5"":""witch"",""6"":""villager"",""7"":""werewolf"",""8"":""hunter"",""9"":""villager"",""10"":""werewolf""}","{""1"":1,""2"":2,""3"":3,""4"":4,""5"":5,""6"":6,""7"":7,""8"":8,""9"":9,""10"":10}",same_action_reference_seed_43_base_165_physical_clockwise,44,44,44,1,1,1,1,1,,,,none,,,,,,,,,wolf,0,1,3,2,0,2,0,0,0
supplied_action_replay,same_action_seed_43_base_166,same_action_seed_43_base_166,43,166,reference_replay_pair,physical_clockwise,0,same_physical_actions,"{""1"":""seer"",""2"":""witch"",""3"":""werewolf"",""4"":""werewolf"",""5"":""villager"",""6"":""villager"",""7"":""werewolf"",""8"":""villager"",""9"":""hunter"",""10"":""villager""}","{""1"":1,""2"":2,""3"":3,""4"":4,""5"":5,""6"":6,""7"":7,""8"":8,""9"":9,""10"":10}",same_action_reference_seed_43_base_166_physical_clockwise,52,52,52,1,1,1,1,1,,,,none,,,,,,,,,village,1,0,4,1,0,2,0,1,1
supplied_action_replay,same_action_seed_43_base_167,same_action_seed_43_base_167,43,167,reference_replay_pair,physical_clockwise,0,same_physical_actions,"{""1"":""villager"",""2"":""werewolf"",""3"":""villager"",""4"":""witch"",""5"":""werewolf"",""6"":""villager"",""7"":""villager"",""8"":""seer"",""9"":""hunter"",""10"":""werewolf""}","{""1"":1,""2"":2,""3"":3,""4"":4,""5"":5,""6"":6,""7"":7,""8"":8,""9"":9,""10"":10}",same_action_reference_seed_43_base_167_physical_clockwise,43,43,43,1,1,1,1,1,,,,none,,,,,,,,,wolf,0,1,3,8,1,3,0,1,1
supplied_action_replay,same_action_seed_43_base_168,same_action_seed_43_base_168,43,168,reference_replay_pair,physical_clockwise,0,same_physical_actions,"{""1"":""hunter"",""2"":""werewolf"",""3"":""witch"",""4"":""seer"",""5"":""werewolf"",""6"":""villager"",""7"":""werewolf"",""8"":""villager"",""9"":""villager"",""10"":""villager""}","{""1"":1,""2"":2,""3"":3,""4"":4,""5"":5,""6"":6,""7"":7,""8"":8,""9"":9,""10"":10}",same_action_reference_seed_43_base_168_physical_clockwise,57,57,57,1,1,1,1,1,,,,none,,,,,,,,,village,1,0,3,4,1,3,1,1,1
supplied_action_replay,same_action_seed_43_base_169,same_action_seed_43_base_169,43,169,reference_replay_pair,physical_clockwise,0,same_physical_actions,"{""1"":""werewolf"",""2"":""villager"",""3"":""villager"",""4"":""werewolf"",""5"":""hunter"",""6"":""villager"",""7"":""werewolf"",""8"":""seer"",""9"":""witch"",""10"":""villager""}","{""1"":1,""2"":2,""3"":3,""4"":4,""5"":5,""6"":6,""7"":7,""8"":8,""9"":9,""10"":10}",same_action_reference_seed_43_base_169_physical_clockwise,62,62,62,1,1,1,1,1,,,,none,,,,,,,,,village,1,0,4,8,0,2,0,1,1
supplied_action_replay,same_action_seed_43_base_170,same_action_seed_43_base_170,43,170,reference_replay_pair,physical_clockwise,0,same_physical_actions,"{""1"":""villager"",""2"":""seer"",""3"":""villager"",""4"":""hunter"",""5"":""witch"",""6"":""villager"",""7"":""villager"",""8"":""werewolf"",""9"":""werewolf"",""10"":""werewolf""}","{""1"":1,""2"":2,""3"":3,""4"":4,""5"":5,""6"":6,""7"":7,""8"":8,""9"":9,""10"":10}",same_action_reference_seed_43_base_170_physical_clockwise,60,60,60,1,1,1,1,1,,,,none,,,,,,,,,wolf,0,1,4,2,1,4,0,0,0
supplied_action_replay,same_action_seed_43_base_171,same_action_seed_43_base_171,43,171,reference_replay_pair,physical_clockwise,0,same_physical_actions,"{""1"":""werewolf"",""2"":""hunter"",""3"":""werewolf"",""4"":""werewolf"",""5"":""seer"",""6"":""villager"",""7"":""villager"",""8"":""villager"",""9"":""villager"",""10"":""witch""}","{""1"":1,""2"":2,""3"":3,""4"":4,""5"":5,""6"":6,""7"":7,""8"":8,""9"":9,""10"":10}",same_action_reference_seed_43_base_171_physical_clockwise,57,57,57,1,1,1,1,1,,,,none,,,,,,,,,wolf,0,1,3,5,0,3,0,0,0
supplied_action_replay,same_action_seed_43_base_172,same_action_seed_43_base_172,43,172,reference_replay_pair,physical_clockwise,0,same_physical_actions,"{""1"":""werewolf"",""2"":""villager"",""3"":""villager"",""4"":""werewolf"",""5"":""villager"",""6"":""hunter"",""7"":""seer"",""8"":""werewolf"",""9"":""witch"",""10"":""villager""}","{""1"":1,""2"":2,""3"":3,""4"":4,""5"":5,""6"":6,""7"":7,""8"":8,""9"":9,""10"":10}",same_action_reference_seed_43_base_172_physical_clockwise,69,69,69,1,1,1,1,1,,,,none,,,,,,,,,wolf,0,1,4,7,0,3,1,1,1
supplied_action_replay,same_action_seed_43_base_173,same_action_seed_43_base_173,43,173,reference_replay_pair,physical_clockwise,0,same_physical_actions,"{""1"":""witch"",""2"":""hunter"",""3"":""seer"",""4"":""villager"",""5"":""villager"",""6"":""werewolf"",""7"":""villager"",""8"":""werewolf"",""9"":""villager"",""10"":""werewolf""}","{""1"":1,""2"":2,""3"":3,""4"":4,""5"":5,""6"":6,""7"":7,""8"":8,""9"":9,""10"":10}",same_action_reference_seed_43_base_173_physical_clockwise,56,56,56,1,1,1,1,1,,,,none,,,,,,,,,village,1,0,3,3,1,3,0,1,1
supplied_action_replay,same_action_seed_43_base_174,same_action_seed_43_base_174,43,174,reference_replay_pair,physical_clockwise,0,same_physical_actions,"{""1"":""hunter"",""2"":""villager"",""3"":""witch"",""4"":""villager"",""5"":""werewolf"",""6"":""werewolf"",""7"":""villager"",""8"":""seer"",""9"":""villager"",""10"":""werewolf""}","{""1"":1,""2"":2,""3"":3,""4"":4,""5"":5,""6"":6,""7"":7,""8"":8,""9"":9,""10"":10}",same_action_reference_seed_43_base_174_physical_clockwise,62,62,62,1,1,1,1,1,,,,none,,,,,,,,,wolf,0,1,4,8,0,2,0,1,1
supplied_action_replay,same_action_seed_43_base_175,same_action_seed_43_base_175,43,175,reference_replay_pair,physical_clockwise,0,same_physical_actions,"{""1"":""villager"",""2"":""villager"",""3"":""seer"",""4"":""werewolf"",""5"":""villager"",""6"":""villager"",""7"":""werewolf"",""8"":""werewolf"",""9"":""hunter"",""10"":""witch""}","{""1"":1,""2"":2,""3"":3,""4"":4,""5"":5,""6"":6,""7"":7,""8"":8,""9"":9,""10"":10}",same_action_reference_seed_43_base_175_physical_clockwise,50,50,50,1,1,1,1,1,,,,none,,,,,,,,,village,1,0,3,3,1,3,1,1,1
supplied_action_replay,same_action_seed_43_base_176,same_action_seed_43_base_176,43,176,reference_replay_pair,physical_clockwise,0,same_physical_actions,"{""1"":""witch"",""2"":""hunter"",""3"":""villager"",""4"":""werewolf"",""5"":""werewolf"",""6"":""seer"",""7"":""werewolf"",""8"":""villager"",""9"":""villager"",""10"":""villager""}","{""1"":1,""2"":2,""3"":3,""4"":4,""5"":5,""6"":6,""7"":7,""8"":8,""9"":9,""10"":10}",same_action_reference_seed_43_base_176_physical_clockwise,70,70,70,1,1,1,1,1,,,,none,,,,,,,,,wolf,0,1,5,6,0,4,1,1,1
supplied_action_replay,same_action_seed_43_base_177,same_action_seed_43_base_177,43,177,reference_replay_pair,physical_clockwise,0,same_physical_actions,"{""1"":""werewolf"",""2"":""villager"",""3"":""werewolf"",""4"":""werewolf"",""5"":""villager"",""6"":""villager"",""7"":""hunter"",""8"":""seer"",""9"":""villager"",""10"":""witch""}","{""1"":1,""2"":2,""3"":3,""4"":4,""5"":5,""6"":6,""7"":7,""8"":8,""9"":9,""10"":10}",same_action_reference_seed_43_base_177_physical_clockwise,45,45,45,1,1,1,1,1,,,,none,,,,,,,,,wolf,0,1,3,8,1,3,0,0,1
supplied_action_replay,same_action_seed_43_base_178,same_action_seed_43_base_178,43,178,reference_replay_pair,physical_clockwise,0,same_physical_actions,"{""1"":""villager"",""2"":""villager"",""3"":""villager"",""4"":""seer"",""5"":""werewolf"",""6"":""witch"",""7"":""villager"",""8"":""werewolf"",""9"":""hunter"",""10"":""werewolf""}","{""1"":1,""2"":2,""3"":3,""4"":4,""5"":5,""6"":6,""7"":7,""8"":8,""9"":9,""10"":10}",same_action_reference_seed_43_base_178_physical_clockwise,46,46,46,1,1,1,1,1,,,,none,,,,,,,,,village,1,0,3,4,1,3,1,1,1
supplied_action_replay,same_action_seed_43_base_179,same_action_seed_43_base_179,43,179,reference_replay_pair,physical_clockwise,0,same_physical_actions,"{""1"":""werewolf"",""2"":""villager"",""3"":""villager"",""4"":""villager"",""5"":""witch"",""6"":""werewolf"",""7"":""villager"",""8"":""hunter"",""9"":""seer"",""10"":""werewolf""}","{""1"":1,""2"":2,""3"":3,""4"":4,""5"":5,""6"":6,""7"":7,""8"":8,""9"":9,""10"":10}",same_action_reference_seed_43_base_179_physical_clockwise,54,54,54,1,1,1,1,1,,,,none,,,,,,,,,wolf,0,1,4,9,0,2,1,1,1
supplied_action_replay,same_action_seed_43_base_180,same_action_seed_43_base_180,43,180,reference_replay_pair,physical_clockwise,0,same_physical_actions,"{""1"":""witch"",""2"":""villager"",""3"":""villager"",""4"":""villager"",""5"":""seer"",""6"":""hunter"",""7"":""villager"",""8"":""werewolf"",""9"":""werewolf"",""10"":""werewolf""}","{""1"":1,""2"":2,""3"":3,""4"":4,""5"":5,""6"":6,""7"":7,""8"":8,""9"":9,""10"":10}",same_action_reference_seed_43_base_180_physical_clockwise,41,41,41,1,1,1,1,1,,,,none,,,,,,,,,wolf,0,1,3,5,0,1,0,0,0
supplied_action_replay,same_action_seed_43_base_181,same_action_seed_43_base_181,43,181,reference_replay_pair,physical_clockwise,0,same_physical_actions,"{""1"":""villager"",""2"":""seer"",""3"":""werewolf"",""4"":""werewolf"",""5"":""werewolf"",""6"":""villager"",""7"":""villager"",""8"":""witch"",""9"":""hunter"",""10"":""villager""}","{""1"":1,""2"":2,""3"":3,""4"":4,""5"":5,""6"":6,""7"":7,""8"":8,""9"":9,""10"":10}",same_action_reference_seed_43_base_181_physical_clockwise,49,49,49,1,1,1,1,1,,,,none,,,,,,,,,wolf,0,1,3,2,0,1,1,1,1
supplied_action_replay,same_action_seed_43_base_182,same_action_seed_43_base_182,43,182,reference_replay_pair,physical_clockwise,0,same_physical_actions,"{""1"":""werewolf"",""2"":""hunter"",""3"":""witch"",""4"":""villager"",""5"":""werewolf"",""6"":""seer"",""7"":""villager"",""8"":""villager"",""9"":""villager"",""10"":""werewolf""}","{""1"":1,""2"":2,""3"":3,""4"":4,""5"":5,""6"":6,""7"":7,""8"":8,""9"":9,""10"":10}",same_action_reference_seed_43_base_182_physical_clockwise,41,41,41,1,1,1,1,1,,,,none,,,,,,,,,wolf,0,1,3,6,0,1,0,0,0
supplied_action_replay,same_action_seed_43_base_183,same_action_seed_43_base_183,43,183,reference_replay_pair,physical_clockwise,0,same_physical_actions,"{""1"":""villager"",""2"":""seer"",""3"":""villager"",""4"":""villager"",""5"":""villager"",""6"":""werewolf"",""7"":""hunter"",""8"":""werewolf"",""9"":""werewolf"",""10"":""witch""}","{""1"":1,""2"":2,""3"":3,""4"":4,""5"":5,""6"":6,""7"":7,""8"":8,""9"":9,""10"":10}",same_action_reference_seed_43_base_183_physical_clockwise,23,23,23,1,1,1,1,1,,,,none,,,,,,,,,wolf,0,1,2,2,0,1,0,0,0
supplied_action_replay,same_action_seed_43_base_184,same_action_seed_43_base_184,43,184,reference_replay_pair,physical_clockwise,0,same_physical_actions,"{""1"":""villager"",""2"":""hunter"",""3"":""witch"",""4"":""werewolf"",""5"":""villager"",""6"":""werewolf"",""7"":""werewolf"",""8"":""villager"",""9"":""seer"",""10"":""villager""}","{""1"":1,""2"":2,""3"":3,""4"":4,""5"":5,""6"":6,""7"":7,""8"":8,""9"":9,""10"":10}",same_action_reference_seed_43_base_184_physical_clockwise,60,60,60,1,1,1,1,1,,,,none,,,,,,,,,wolf,0,1,4,9,1,4,0,0,0
supplied_action_replay,same_action_seed_43_base_185,same_action_seed_43_base_185,43,185,reference_replay_pair,physical_clockwise,0,same_physical_actions,"{""1"":""werewolf"",""2"":""villager"",""3"":""seer"",""4"":""witch"",""5"":""villager"",""6"":""werewolf"",""7"":""villager"",""8"":""hunter"",""9"":""villager"",""10"":""werewolf""}","{""1"":1,""2"":2,""3"":3,""4"":4,""5"":5,""6"":6,""7"":7,""8"":8,""9"":9,""10"":10}",same_action_reference_seed_43_base_185_physical_clockwise,60,60,60,1,1,1,1,1,,,,none,,,,,,,,,wolf,0,1,4,3,0,4,0,0,0
supplied_action_replay,same_action_seed_43_base_186,same_action_seed_43_base_186,43,186,reference_replay_pair,physical_clockwise,0,same_physical_actions,"{""1"":""villager"",""2"":""villager"",""3"":""werewolf"",""4"":""villager"",""5"":""hunter"",""6"":""seer"",""7"":""werewolf"",""8"":""werewolf"",""9"":""witch"",""10"":""villager""}","{""1"":1,""2"":2,""3"":3,""4"":4,""5"":5,""6"":6,""7"":7,""8"":8,""9"":9,""10"":10}",same_action_reference_seed_43_base_186_physical_clockwise,38,38,38,1,1,1,1,1,,,,none,,,,,,,,,village,1,0,2,6,1,2,1,1,1
supplied_action_replay,same_action_seed_43_base_187,same_action_seed_43_base_187,43,187,reference_replay_pair,physical_clockwise,0,same_physical_actions,"{""1"":""villager"",""2"":""werewolf"",""3"":""seer"",""4"":""witch"",""5"":""villager"",""6"":""werewolf"",""7"":""hunter"",""8"":""werewolf"",""9"":""villager"",""10"":""villager""}","{""1"":1,""2"":2,""3"":3,""4"":4,""5"":5,""6"":6,""7"":7,""8"":8,""9"":9,""10"":10}",same_action_reference_seed_43_base_187_physical_clockwise,43,43,43,1,1,1,1,1,,,,none,,,,,,,,,wolf,0,1,3,3,1,3,0,0,1
supplied_action_replay,same_action_seed_43_base_188,same_action_seed_43_base_188,43,188,reference_replay_pair,physical_clockwise,0,same_physical_actions,"{""1"":""villager"",""2"":""werewolf"",""3"":""werewolf"",""4"":""seer"",""5"":""villager"",""6"":""witch"",""7"":""werewolf"",""8"":""hunter"",""9"":""villager"",""10"":""villager""}","{""1"":1,""2"":2,""3"":3,""4"":4,""5"":5,""6"":6,""7"":7,""8"":8,""9"":9,""10"":10}",same_action_reference_seed_43_base_188_physical_clockwise,42,42,42,1,1,1,1,1,,,,none,,,,,,,,,wolf,0,1,2,4,1,2,0,0,0
supplied_action_replay,same_action_seed_43_base_189,same_action_seed_43_base_189,43,189,reference_replay_pair,physical_clockwise,0,same_physical_actions,"{""1"":""villager"",""2"":""werewolf"",""3"":""hunter"",""4"":""villager"",""5"":""villager"",""6"":""witch"",""7"":""werewolf"",""8"":""werewolf"",""9"":""villager"",""10"":""seer""}","{""1"":1,""2"":2,""3"":3,""4"":4,""5"":5,""6"":6,""7"":7,""8"":8,""9"":9,""10"":10}",same_action_reference_seed_43_base_189_physical_clockwise,55,55,55,1,1,1,1,1,,,,none,,,,,,,,,wolf,0,1,4,10,0,3,0,0,0
supplied_action_replay,same_action_seed_43_base_190,same_action_seed_43_base_190,43,190,reference_replay_pair,physical_clockwise,0,same_physical_actions,"{""1"":""villager"",""2"":""villager"",""3"":""hunter"",""4"":""villager"",""5"":""werewolf"",""6"":""werewolf"",""7"":""villager"",""8"":""witch"",""9"":""werewolf"",""10"":""seer""}","{""1"":1,""2"":2,""3"":3,""4"":4,""5"":5,""6"":6,""7"":7,""8"":8,""9"":9,""10"":10}",same_action_reference_seed_43_base_190_physical_clockwise,56,56,56,1,1,1,1,1,,,,none,,,,,,,,,village,1,0,4,10,0,1,0,0,0
supplied_action_replay,same_action_seed_43_base_191,same_action_seed_43_base_191,43,191,reference_replay_pair,physical_clockwise,0,same_physical_actions,"{""1"":""werewolf"",""2"":""villager"",""3"":""witch"",""4"":""werewolf"",""5"":""seer"",""6"":""villager"",""7"":""hunter"",""8"":""villager"",""9"":""villager"",""10"":""werewolf""}","{""1"":1,""2"":2,""3"":3,""4"":4,""5"":5,""6"":6,""7"":7,""8"":8,""9"":9,""10"":10}",same_action_reference_seed_43_base_191_physical_clockwise,56,56,56,1,1,1,1,1,,,,none,,,,,,,,,wolf,0,1,4,5,0,2,0,0,0
supplied_action_replay,same_action_seed_43_base_192,same_action_seed_43_base_192,43,192,reference_replay_pair,physical_clockwise,0,same_physical_actions,"{""1"":""villager"",""2"":""villager"",""3"":""villager"",""4"":""witch"",""5"":""hunter"",""6"":""werewolf"",""7"":""werewolf"",""8"":""villager"",""9"":""seer"",""10"":""werewolf""}","{""1"":1,""2"":2,""3"":3,""4"":4,""5"":5,""6"":6,""7"":7,""8"":8,""9"":9,""10"":10}",same_action_reference_seed_43_base_192_physical_clockwise,65,65,65,1,1,1,1,1,,,,none,,,,,,,,,village,1,0,4,9,0,3,1,1,1
supplied_action_replay,same_action_seed_43_base_193,same_action_seed_43_base_193,43,193,reference_replay_pair,physical_clockwise,0,same_physical_actions,"{""1"":""werewolf"",""2"":""villager"",""3"":""witch"",""4"":""seer"",""5"":""hunter"",""6"":""villager"",""7"":""werewolf"",""8"":""villager"",""9"":""werewolf"",""10"":""villager""}","{""1"":1,""2"":2,""3"":3,""4"":4,""5"":5,""6"":6,""7"":7,""8"":8,""9"":9,""10"":10}",same_action_reference_seed_43_base_193_physical_clockwise,37,37,37,1,1,1,1,1,,,,none,,,,,,,,,wolf,0,1,2,4,0,1,0,0,0
supplied_action_replay,same_action_seed_43_base_194,same_action_seed_43_base_194,43,194,reference_replay_pair,physical_clockwise,0,same_physical_actions,"{""1"":""hunter"",""2"":""villager"",""3"":""werewolf"",""4"":""villager"",""5"":""villager"",""6"":""villager"",""7"":""witch"",""8"":""werewolf"",""9"":""seer"",""10"":""werewolf""}","{""1"":1,""2"":2,""3"":3,""4"":4,""5"":5,""6"":6,""7"":7,""8"":8,""9"":9,""10"":10}",same_action_reference_seed_43_base_194_physical_clockwise,44,44,44,1,1,1,1,1,,,,none,,,,,,,,,village,1,0,3,9,0,2,1,1,1
supplied_action_replay,same_action_seed_43_base_195,same_action_seed_43_base_195,43,195,reference_replay_pair,physical_clockwise,0,same_physical_actions,"{""1"":""werewolf"",""2"":""villager"",""3"":""witch"",""4"":""seer"",""5"":""villager"",""6"":""werewolf"",""7"":""villager"",""8"":""hunter"",""9"":""villager"",""10"":""werewolf""}","{""1"":1,""2"":2,""3"":3,""4"":4,""5"":5,""6"":6,""7"":7,""8"":8,""9"":9,""10"":10}",same_action_reference_seed_43_base_195_physical_clockwise,63,63,63,1,1,1,1,1,,,,none,,,,,,,,,wolf,0,1,4,4,0,3,0,1,1
supplied_action_replay,same_action_seed_43_base_196,same_action_seed_43_base_196,43,196,reference_replay_pair,physical_clockwise,0,same_physical_actions,"{""1"":""werewolf"",""2"":""hunter"",""3"":""villager"",""4"":""witch"",""5"":""villager"",""6"":""werewolf"",""7"":""villager"",""8"":""villager"",""9"":""werewolf"",""10"":""seer""}","{""1"":1,""2"":2,""3"":3,""4"":4,""5"":5,""6"":6,""7"":7,""8"":8,""9"":9,""10"":10}",same_action_reference_seed_43_base_196_physical_clockwise,69,69,69,1,1,1,1,1,,,,none,,,,,,,,,village,1,0,4,10,1,4,1,1,1
supplied_action_replay,same_action_seed_43_base_197,same_action_seed_43_base_197,43,197,reference_replay_pair,physical_clockwise,0,same_physical_actions,"{""1"":""hunter"",""2"":""witch"",""3"":""villager"",""4"":""villager"",""5"":""seer"",""6"":""werewolf"",""7"":""werewolf"",""8"":""werewolf"",""9"":""villager"",""10"":""villager""}","{""1"":1,""2"":2,""3"":3,""4"":4,""5"":5,""6"":6,""7"":7,""8"":8,""9"":9,""10"":10}",same_action_reference_seed_43_base_197_physical_clockwise,38,38,38,1,1,1,1,1,,,,none,,,,,,,,,village,1,0,2,5,1,2,1,1,1
supplied_action_replay,same_action_seed_43_base_198,same_action_seed_43_base_198,43,198,reference_replay_pair,physical_clockwise,0,same_physical_actions,"{""1"":""witch"",""2"":""hunter"",""3"":""villager"",""4"":""werewolf"",""5"":""villager"",""6"":""werewolf"",""7"":""seer"",""8"":""werewolf"",""9"":""villager"",""10"":""villager""}","{""1"":1,""2"":2,""3"":3,""4"":4,""5"":5,""6"":6,""7"":7,""8"":8,""9"":9,""10"":10}",same_action_reference_seed_43_base_198_physical_clockwise,46,46,46,1,1,1,1,1,,,,none,,,,,,,,,wolf,0,1,3,7,0,2,1,1,1
supplied_action_replay,same_action_seed_43_base_199,same_action_seed_43_base_199,43,199,reference_replay_pair,physical_clockwise,0,same_physical_actions,"{""1"":""villager"",""2"":""werewolf"",""3"":""werewolf"",""4"":""villager"",""5"":""werewolf"",""6"":""villager"",""7"":""seer"",""8"":""villager"",""9"":""hunter"",""10"":""witch""}","{""1"":1,""2"":2,""3"":3,""4"":4,""5"":5,""6"":6,""7"":7,""8"":8,""9"":9,""10"":10}",same_action_reference_seed_43_base_199_physical_clockwise,66,66,66,1,1,1,1,1,,,,none,,,,,,,,,village,1,0,4,7,1,4,0,0,0
supplied_action_replay,same_action_seed_43_base_200,same_action_seed_43_base_200,43,200,reference_replay_pair,physical_clockwise,0,same_physical_actions,"{""1"":""villager"",""2"":""seer"",""3"":""werewolf"",""4"":""witch"",""5"":""werewolf"",""6"":""villager"",""7"":""werewolf"",""8"":""hunter"",""9"":""villager"",""10"":""villager""}","{""1"":1,""2"":2,""3"":3,""4"":4,""5"":5,""6"":6,""7"":7,""8"":8,""9"":9,""10"":10}",same_action_reference_seed_43_base_200_physical_clockwise,56,56,56,1,1,1,1,1,,,,none,,,,,,,,,village,1,0,3,2,1,3,1,1,1
supplied_action_replay,same_action_seed_44_base_1,same_action_seed_44_base_1,44,1,reference_replay_pair,physical_clockwise,0,same_physical_actions,"{""1"":""witch"",""2"":""villager"",""3"":""hunter"",""4"":""werewolf"",""5"":""villager"",""6"":""werewolf"",""7"":""villager"",""8"":""seer"",""9"":""villager"",""10"":""werewolf""}","{""1"":1,""2"":2,""3"":3,""4"":4,""5"":5,""6"":6,""7"":7,""8"":8,""9"":9,""10"":10}",same_action_reference_seed_44_base_1_physical_clockwise,59,59,59,1,1,1,1,1,,,,none,,,,,,,,,wolf,0,1,4,8,0,3,0,1,1
supplied_action_replay,same_action_seed_44_base_2,same_action_seed_44_base_2,44,2,reference_replay_pair,physical_clockwise,0,same_physical_actions,"{""1"":""villager"",""2"":""villager"",""3"":""werewolf"",""4"":""werewolf"",""5"":""seer"",""6"":""witch"",""7"":""werewolf"",""8"":""villager"",""9"":""hunter"",""10"":""villager""}","{""1"":1,""2"":2,""3"":3,""4"":4,""5"":5,""6"":6,""7"":7,""8"":8,""9"":9,""10"":10}",same_action_reference_seed_44_base_2_physical_clockwise,61,61,61,1,1,1,1,1,,,,none,,,,,,,,,wolf,0,1,4,5,0,1,0,0,0
supplied_action_replay,same_action_seed_44_base_3,same_action_seed_44_base_3,44,3,reference_replay_pair,physical_clockwise,0,same_physical_actions,"{""1"":""werewolf"",""2"":""villager"",""3"":""werewolf"",""4"":""seer"",""5"":""witch"",""6"":""villager"",""7"":""hunter"",""8"":""villager"",""9"":""werewolf"",""10"":""villager""}","{""1"":1,""2"":2,""3"":3,""4"":4,""5"":5,""6"":6,""7"":7,""8"":8,""9"":9,""10"":10}",same_action_reference_seed_44_base_3_physical_clockwise,55,55,55,1,1,1,1,1,,,,none,,,,,,,,,wolf,0,1,4,4,0,3,0,0,1
supplied_action_replay,same_action_seed_44_base_4,same_action_seed_44_base_4,44,4,reference_replay_pair,physical_clockwise,0,same_physical_actions,"{""1"":""werewolf"",""2"":""werewolf"",""3"":""villager"",""4"":""seer"",""5"":""villager"",""6"":""hunter"",""7"":""villager"",""8"":""werewolf"",""9"":""villager"",""10"":""witch""}","{""1"":1,""2"":2,""3"":3,""4"":4,""5"":5,""6"":6,""7"":7,""8"":8,""9"":9,""10"":10}",same_action_reference_seed_44_base_4_physical_clockwise,37,37,37,1,1,1,1,1,,,,none,,,,,,,,,wolf,0,1,2,4,0,1,0,0,0
supplied_action_replay,same_action_seed_44_base_5,same_action_seed_44_base_5,44,5,reference_replay_pair,physical_clockwise,0,same_physical_actions,"{""1"":""villager"",""2"":""werewolf"",""3"":""witch"",""4"":""werewolf"",""5"":""villager"",""6"":""hunter"",""7"":""seer"",""8"":""villager"",""9"":""werewolf"",""10"":""villager""}","{""1"":1,""2"":2,""3"":3,""4"":4,""5"":5,""6"":6,""7"":7,""8"":8,""9"":9,""10"":10}",same_action_reference_seed_44_base_5_physical_clockwise,44,44,44,1,1,1,1,1,,,,none,,,,,,,,,wolf,0,1,3,7,0,2,0,1,1
supplied_action_replay,same_action_seed_44_base_6,same_action_seed_44_base_6,44,6,reference_replay_pair,physical_clockwise,0,same_physical_actions,"{""1"":""villager"",""2"":""werewolf"",""3"":""seer"",""4"":""villager"",""5"":""werewolf"",""6"":""villager"",""7"":""hunter"",""8"":""villager"",""9"":""werewolf"",""10"":""witch""}","{""1"":1,""2"":2,""3"":3,""4"":4,""5"":5,""6"":6,""7"":7,""8"":8,""9"":9,""10"":10}",same_action_reference_seed_44_base_6_physical_clockwise,68,68,68,1,1,1,1,1,,,,none,,,,,,,,,wolf,0,1,5,3,0,2,0,0,0
supplied_action_replay,same_action_seed_44_base_7,same_action_seed_44_base_7,44,7,reference_replay_pair,physical_clockwise,0,same_physical_actions,"{""1"":""hunter"",""2"":""werewolf"",""3"":""witch"",""4"":""villager"",""5"":""villager"",""6"":""seer"",""7"":""villager"",""8"":""werewolf"",""9"":""villager"",""10"":""werewolf""}","{""1"":1,""2"":2,""3"":3,""4"":4,""5"":5,""6"":6,""7"":7,""8"":8,""9"":9,""10"":10}",same_action_reference_seed_44_base_7_physical_clockwise,61,61,61,1,1,1,1,1,,,,none,,,,,,,,,wolf,0,1,4,6,0,1,0,0,0
supplied_action_replay,same_action_seed_44_base_8,same_action_seed_44_base_8,44,8,reference_replay_pair,physical_clockwise,0,same_physical_actions,"{""1"":""villager"",""2"":""witch"",""3"":""werewolf"",""4"":""hunter"",""5"":""seer"",""6"":""villager"",""7"":""werewolf"",""8"":""villager"",""9"":""werewolf"",""10"":""villager""}","{""1"":1,""2"":2,""3"":3,""4"":4,""5"":5,""6"":6,""7"":7,""8"":8,""9"":9,""10"":10}",same_action_reference_seed_44_base_8_physical_clockwise,54,54,54,1,1,1,1,1,,,,none,,,,,,,,,village,1,0,3,5,0,3,0,1,1
supplied_action_replay,same_action_seed_44_base_9,same_action_seed_44_base_9,44,9,reference_replay_pair,physical_clockwise,0,same_physical_actions,"{""1"":""villager"",""2"":""werewolf"",""3"":""werewolf"",""4"":""werewolf"",""5"":""witch"",""6"":""villager"",""7"":""villager"",""8"":""seer"",""9"":""villager"",""10"":""hunter""}","{""1"":1,""2"":2,""3"":3,""4"":4,""5"":5,""6"":6,""7"":7,""8"":8,""9"":9,""10"":10}",same_action_reference_seed_44_base_9_physical_clockwise,62,62,62,1,1,1,1,1,,,,none,,,,,,,,,wolf,0,1,4,8,0,2,0,0,0
supplied_action_replay,same_action_seed_44_base_10,same_action_seed_44_base_10,44,10,reference_replay_pair,physical_clockwise,0,same_physical_actions,"{""1"":""seer"",""2"":""witch"",""3"":""werewolf"",""4"":""villager"",""5"":""villager"",""6"":""werewolf"",""7"":""werewolf"",""8"":""villager"",""9"":""hunter"",""10"":""villager""}","{""1"":1,""2"":2,""3"":3,""4"":4,""5"":5,""6"":6,""7"":7,""8"":8,""9"":9,""10"":10}",same_action_reference_seed_44_base_10_physical_clockwise,63,63,63,1,1,1,1,1,,,,none,,,,,,,,,wolf,0,1,4,1,0,3,0,1,1
supplied_action_replay,same_action_seed_44_base_11,same_action_seed_44_base_11,44,11,reference_replay_pair,physical_clockwise,0,same_physical_actions,"{""1"":""werewolf"",""2"":""villager"",""3"":""villager"",""4"":""werewolf"",""5"":""villager"",""6"":""villager"",""7"":""hunter"",""8"":""witch"",""9"":""werewolf"",""10"":""seer""}","{""1"":1,""2"":2,""3"":3,""4"":4,""5"":5,""6"":6,""7"":7,""8"":8,""9"":9,""10"":10}",same_action_reference_seed_44_base_11_physical_clockwise,36,36,36,1,1,1,1,1,,,,none,,,,,,,,,wolf,0,1,3,10,0,2,1,1,1
supplied_action_replay,same_action_seed_44_base_12,same_action_seed_44_base_12,44,12,reference_replay_pair,physical_clockwise,0,same_physical_actions,"{""1"":""villager"",""2"":""werewolf"",""3"":""werewolf"",""4"":""seer"",""5"":""witch"",""6"":""werewolf"",""7"":""villager"",""8"":""villager"",""9"":""hunter"",""10"":""villager""}","{""1"":1,""2"":2,""3"":3,""4"":4,""5"":5,""6"":6,""7"":7,""8"":8,""9"":9,""10"":10}",same_action_reference_seed_44_base_12_physical_clockwise,53,53,53,1,1,1,1,1,,,,none,,,,,,,,,village,1,0,3,4,1,3,0,1,1
supplied_action_replay,same_action_seed_44_base_13,same_action_seed_44_base_13,44,13,reference_replay_pair,physical_clockwise,0,same_physical_actions,"{""1"":""seer"",""2"":""werewolf"",""3"":""villager"",""4"":""villager"",""5"":""werewolf"",""6"":""villager"",""7"":""werewolf"",""8"":""witch"",""9"":""hunter"",""10"":""villager""}","{""1"":1,""2"":2,""3"":3,""4"":4,""5"":5,""6"":6,""7"":7,""8"":8,""9"":9,""10"":10}",same_action_reference_seed_44_base_13_physical_clockwise,58,58,58,1,1,1,1,1,,,,none,,,,,,,,,village,1,0,4,1,0,2,1,1,1
supplied_action_replay,same_action_seed_44_base_14,same_action_seed_44_base_14,44,14,reference_replay_pair,physical_clockwise,0,same_physical_actions,"{""1"":""werewolf"",""2"":""werewolf"",""3"":""seer"",""4"":""villager"",""5"":""villager"",""6"":""hunter"",""7"":""villager"",""8"":""villager"",""9"":""witch"",""10"":""werewolf""}","{""1"":1,""2"":2,""3"":3,""4"":4,""5"":5,""6"":6,""7"":7,""8"":8,""9"":9,""10"":10}",same_action_reference_seed_44_base_14_physical_clockwise,51,51,51,1,1,1,1,1,,,,none,,,,,,,,,village,1,0,3,3,1,3,0,0,0
supplied_action_replay,same_action_seed_44_base_15,same_action_seed_44_base_15,44,15,reference_replay_pair,physical_clockwise,0,same_physical_actions,"{""1"":""villager"",""2"":""werewolf"",""3"":""villager"",""4"":""witch"",""5"":""werewolf"",""6"":""villager"",""7"":""werewolf"",""8"":""hunter"",""9"":""villager"",""10"":""seer""}","{""1"":1,""2"":2,""3"":3,""4"":4,""5"":5,""6"":6,""7"":7,""8"":8,""9"":9,""10"":10}",same_action_reference_seed_44_base_15_physical_clockwise,44,44,44,1,1,1,1,1,,,,none,,,,,,,,,wolf,0,1,3,10,0,2,0,1,1
supplied_action_replay,same_action_seed_44_base_16,same_action_seed_44_base_16,44,16,reference_replay_pair,physical_clockwise,0,same_physical_actions,"{""1"":""villager"",""2"":""hunter"",""3"":""witch"",""4"":""werewolf"",""5"":""seer"",""6"":""villager"",""7"":""villager"",""8"":""werewolf"",""9"":""villager"",""10"":""werewolf""}","{""1"":1,""2"":2,""3"":3,""4"":4,""5"":5,""6"":6,""7"":7,""8"":8,""9"":9,""10"":10}",same_action_reference_seed_44_base_16_physical_clockwise,47,47,47,1,1,1,1,1,,,,none,,,,,,,,,village,1,0,3,5,0,2,0,0,0
supplied_action_replay,same_action_seed_44_base_17,same_action_seed_44_base_17,44,17,reference_replay_pair,physical_clockwise,0,same_physical_actions,"{""1"":""villager"",""2"":""villager"",""3"":""villager"",""4"":""villager"",""5"":""werewolf"",""6"":""witch"",""7"":""werewolf"",""8"":""werewolf"",""9"":""seer"",""10"":""hunter""}","{""1"":1,""2"":2,""3"":3,""4"":4,""5"":5,""6"":6,""7"":7,""8"":8,""9"":9,""10"":10}",same_action_reference_seed_44_base_17_physical_clockwise,69,69,69,1,1,1,1,1,,,,none,,,,,,,,,village,1,0,4,9,1,4,0,0,0
supplied_action_replay,same_action_seed_44_base_18,same_action_seed_44_base_18,44,18,reference_replay_pair,physical_clockwise,0,same_physical_actions,"{""1"":""werewolf"",""2"":""villager"",""3"":""villager"",""4"":""werewolf"",""5"":""seer"",""6"":""werewolf"",""7"":""hunter"",""8"":""witch"",""9"":""villager"",""10"":""villager""}","{""1"":1,""2"":2,""3"":3,""4"":4,""5"":5,""6"":6,""7"":7,""8"":8,""9"":9,""10"":10}",same_action_reference_seed_44_base_18_physical_clockwise,69,69,69,1,1,1,1,1,,,,none,,,,,,,,,village,1,0,4,5,1,4,1,1,1
supplied_action_replay,same_action_seed_44_base_19,same_action_seed_44_base_19,44,19,reference_replay_pair,physical_clockwise,0,same_physical_actions,"{""1"":""hunter"",""2"":""villager"",""3"":""werewolf"",""4"":""villager"",""5"":""werewolf"",""6"":""villager"",""7"":""villager"",""8"":""seer"",""9"":""witch"",""10"":""werewolf""}","{""1"":1,""2"":2,""3"":3,""4"":4,""5"":5,""6"":6,""7"":7,""8"":8,""9"":9,""10"":10}",same_action_reference_seed_44_base_19_physical_clockwise,54,54,54,1,1,1,1,1,,,,none,,,,,,,,,wolf,0,1,4,8,1,4,0,1,1
supplied_action_replay,same_action_seed_44_base_20,same_action_seed_44_base_20,44,20,reference_replay_pair,physical_clockwise,0,same_physical_actions,"{""1"":""witch"",""2"":""werewolf"",""3"":""hunter"",""4"":""werewolf"",""5"":""villager"",""6"":""villager"",""7"":""villager"",""8"":""villager"",""9"":""werewolf"",""10"":""seer""}","{""1"":1,""2"":2,""3"":3,""4"":4,""5"":5,""6"":6,""7"":7,""8"":8,""9"":9,""10"":10}",same_action_reference_seed_44_base_20_physical_clockwise,55,55,55,1,1,1,1,1,,,,none,,,,,,,,,village,1,0,3,10,1,3,0,1,1
supplied_action_replay,same_action_seed_44_base_21,same_action_seed_44_base_21,44,21,reference_replay_pair,physical_clockwise,0,same_physical_actions,"{""1"":""werewolf"",""2"":""villager"",""3"":""hunter"",""4"":""werewolf"",""5"":""villager"",""6"":""villager"",""7"":""seer"",""8"":""werewolf"",""9"":""witch"",""10"":""villager""}","{""1"":1,""2"":2,""3"":3,""4"":4,""5"":5,""6"":6,""7"":7,""8"":8,""9"":9,""10"":10}",same_action_reference_seed_44_base_21_physical_clockwise,58,58,58,1,1,1,1,1,,,,none,,,,,,,,,wolf,0,1,4,7,0,2,1,1,1
supplied_action_replay,same_action_seed_44_base_22,same_action_seed_44_base_22,44,22,reference_replay_pair,physical_clockwise,0,same_physical_actions,"{""1"":""werewolf"",""2"":""seer"",""3"":""witch"",""4"":""werewolf"",""5"":""werewolf"",""6"":""villager"",""7"":""hunter"",""8"":""villager"",""9"":""villager"",""10"":""villager""}","{""1"":1,""2"":2,""3"":3,""4"":4,""5"":5,""6"":6,""7"":7,""8"":8,""9"":9,""10"":10}",same_action_reference_seed_44_base_22_physical_clockwise,59,59,59,1,1,1,1,1,,,,none,,,,,,,,,village,1,0,4,2,0,3,0,1,1
supplied_action_replay,same_action_seed_44_base_23,same_action_seed_44_base_23,44,23,reference_replay_pair,physical_clockwise,0,same_physical_actions,"{""1"":""werewolf"",""2"":""hunter"",""3"":""villager"",""4"":""villager"",""5"":""villager"",""6"":""werewolf"",""7"":""seer"",""8"":""villager"",""9"":""werewolf"",""10"":""witch""}","{""1"":1,""2"":2,""3"":3,""4"":4,""5"":5,""6"":6,""7"":7,""8"":8,""9"":9,""10"":10}",same_action_reference_seed_44_base_23_physical_clockwise,45,45,45,1,1,1,1,1,,,,none,,,,,,,,,wolf,0,1,3,7,1,3,0,1,1
supplied_action_replay,same_action_seed_44_base_24,same_action_seed_44_base_24,44,24,reference_replay_pair,physical_clockwise,0,same_physical_actions,"{""1"":""werewolf"",""2"":""villager"",""3"":""witch"",""4"":""werewolf"",""5"":""villager"",""6"":""hunter"",""7"":""werewolf"",""8"":""villager"",""9"":""villager"",""10"":""seer""}","{""1"":1,""2"":2,""3"":3,""4"":4,""5"":5,""6"":6,""7"":7,""8"":8,""9"":9,""10"":10}",same_action_reference_seed_44_base_24_physical_clockwise,65,65,65,1,1,1,1,1,,,,none,,,,,,,,,village,1,0,4,10,0,3,1,1,1
supplied_action_replay,same_action_seed_44_base_25,same_action_seed_44_base_25,44,25,reference_replay_pair,physical_clockwise,0,same_physical_actions,"{""1"":""werewolf"",""2"":""villager"",""3"":""werewolf"",""4"":""villager"",""5"":""hunter"",""6"":""werewolf"",""7"":""villager"",""8"":""seer"",""9"":""witch"",""10"":""villager""}","{""1"":1,""2"":2,""3"":3,""4"":4,""5"":5,""6"":6,""7"":7,""8"":8,""9"":9,""10"":10}",same_action_reference_seed_44_base_25_physical_clockwise,24,24,24,1,1,1,1,1,,,,none,,,,,,,,,wolf,0,1,2,8,1,2,0,1,1
supplied_action_replay,same_action_seed_44_base_26,same_action_seed_44_base_26,44,26,reference_replay_pair,physical_clockwise,0,same_physical_actions,"{""1"":""witch"",""2"":""werewolf"",""3"":""seer"",""4"":""villager"",""5"":""villager"",""6"":""werewolf"",""7"":""villager"",""8"":""villager"",""9"":""hunter"",""10"":""werewolf""}","{""1"":1,""2"":2,""3"":3,""4"":4,""5"":5,""6"":6,""7"":7,""8"":8,""9"":9,""10"":10}",same_action_reference_seed_44_base_26_physical_clockwise,54,54,54,1,1,1,1,1,,,,none,,,,,,,,,wolf,0,1,4,3,1,4,0,1,1
supplied_action_replay,same_action_seed_44_base_27,same_action_seed_44_base_27,44,27,reference_replay_pair,physical_clockwise,0,same_physical_actions,"{""1"":""villager"",""2"":""villager"",""3"":""witch"",""4"":""hunter"",""5"":""werewolf"",""6"":""werewolf"",""7"":""villager"",""8"":""seer"",""9"":""villager"",""10"":""werewolf""}","{""1"":1,""2"":2,""3"":3,""4"":4,""5"":5,""6"":6,""7"":7,""8"":8,""9"":9,""10"":10}",same_action_reference_seed_44_base_27_physical_clockwise,55,55,55,1,1,1,1,1,,,,none,,,,,,,,,village,1,0,3,8,1,3,0,1,1
supplied_action_replay,same_action_seed_44_base_28,same_action_seed_44_base_28,44,28,reference_replay_pair,physical_clockwise,0,same_physical_actions,"{""1"":""villager"",""2"":""werewolf"",""3"":""villager"",""4"":""witch"",""5"":""villager"",""6"":""werewolf"",""7"":""hunter"",""8"":""seer"",""9"":""villager"",""10"":""werewolf""}","{""1"":1,""2"":2,""3"":3,""4"":4,""5"":5,""6"":6,""7"":7,""8"":8,""9"":9,""10"":10}",same_action_reference_seed_44_base_28_physical_clockwise,43,43,43,1,1,1,1,1,,,,none,,,,,,,,,wolf,0,1,3,8,0,1,0,0,0
supplied_action_replay,same_action_seed_44_base_29,same_action_seed_44_base_29,44,29,reference_replay_pair,physical_clockwise,0,same_physical_actions,"{""1"":""witch"",""2"":""werewolf"",""3"":""hunter"",""4"":""werewolf"",""5"":""villager"",""6"":""villager"",""7"":""werewolf"",""8"":""seer"",""9"":""villager"",""10"":""villager""}","{""1"":1,""2"":2,""3"":3,""4"":4,""5"":5,""6"":6,""7"":7,""8"":8,""9"":9,""10"":10}",same_action_reference_seed_44_base_29_physical_clockwise,54,54,54,1,1,1,1,1,,,,none,,,,,,,,,wolf,0,1,3,8,0,2,0,0,0
supplied_action_replay,same_action_seed_44_base_30,same_action_seed_44_base_30,44,30,reference_replay_pair,physical_clockwise,0,same_physical_actions,"{""1"":""werewolf"",""2"":""villager"",""3"":""hunter"",""4"":""villager"",""5"":""witch"",""6"":""werewolf"",""7"":""werewolf"",""8"":""seer"",""9"":""villager"",""10"":""villager""}","{""1"":1,""2"":2,""3"":3,""4"":4,""5"":5,""6"":6,""7"":7,""8"":8,""9"":9,""10"":10}",same_action_reference_seed_44_base_30_physical_clockwise,70,70,70,1,1,1,1,1,,,,none,,,,,,,,,wolf,0,1,5,8,0,4,0,0,1
supplied_action_replay,same_action_seed_44_base_31,same_action_seed_44_base_31,44,31,reference_replay_pair,physical_clockwise,0,same_physical_actions,"{""1"":""werewolf"",""2"":""hunter"",""3"":""villager"",""4"":""villager"",""5"":""witch"",""6"":""werewolf"",""7"":""seer"",""8"":""villager"",""9"":""werewolf"",""10"":""villager""}","{""1"":1,""2"":2,""3"":3,""4"":4,""5"":5,""6"":6,""7"":7,""8"":8,""9"":9,""10"":10}",same_action_reference_seed_44_base_31_physical_clockwise,28,28,28,1,1,1,1,1,,,,none,,,,,,,,,village,1,0,2,7,1,2,0,1,1
supplied_action_replay,same_action_seed_44_base_32,same_action_seed_44_base_32,44,32,reference_replay_pair,physical_clockwise,0,same_physical_actions,"{""1"":""villager"",""2"":""villager"",""3"":""villager"",""4"":""villager"",""5"":""hunter"",""6"":""werewolf"",""7"":""werewolf"",""8"":""witch"",""9"":""werewolf"",""10"":""seer""}","{""1"":1,""2"":2,""3"":3,""4"":4,""5"":5,""6"":6,""7"":7,""8"":8,""9"":9,""10"":10}",same_action_reference_seed_44_base_32_physical_clockwise,52,52,52,1,1,1,1,1,,,,none,,,,,,,,,village,1,0,3,10,1,3,0,0,1
supplied_action_replay,same_action_seed_44_base_33,same_action_seed_44_base_33,44,33,reference_replay_pair,physical_clockwise,0,same_physical_actions,"{""1"":""hunter"",""2"":""villager"",""3"":""villager"",""4"":""werewolf"",""5"":""witch"",""6"":""villager"",""7"":""werewolf"",""8"":""villager"",""9"":""seer"",""10"":""werewolf""}","{""1"":1,""2"":2,""3"":3,""4"":4,""5"":5,""6"":6,""7"":7,""8"":8,""9"":9,""10"":10}",same_action_reference_seed_44_base_33_physical_clockwise,35,35,35,1,1,1,1,1,,,,none,,,,,,,,,wolf,0,1,3,9,0,1,1,1,1
supplied_action_replay,same_action_seed_44_base_34,same_action_seed_44_base_34,44,34,reference_replay_pair,physical_clockwise,0,same_physical_actions,"{""1"":""witch"",""2"":""werewolf"",""3"":""hunter"",""4"":""werewolf"",""5"":""seer"",""6"":""werewolf"",""7"":""villager"",""8"":""villager"",""9"":""villager"",""10"":""villager""}","{""1"":1,""2"":2,""3"":3,""4"":4,""5"":5,""6"":6,""7"":7,""8"":8,""9"":9,""10"":10}",same_action_reference_seed_44_base_34_physical_clockwise,64,64,64,1,1,1,1,1,,,,none,,,,,,,,,wolf,0,1,4,5,0,2,1,1,1
supplied_action_replay,same_action_seed_44_base_35,same_action_seed_44_base_35,44,35,reference_replay_pair,physical_clockwise,0,same_physical_actions,"{""1"":""hunter"",""2"":""werewolf"",""3"":""seer"",""4"":""werewolf"",""5"":""witch"",""6"":""villager"",""7"":""villager"",""8"":""villager"",""9"":""villager"",""10"":""werewolf""}","{""1"":1,""2"":2,""3"":3,""4"":4,""5"":5,""6"":6,""7"":7,""8"":8,""9"":9,""10"":10}",same_action_reference_seed_44_base_35_physical_clockwise,51,51,51,1,1,1,1,1,,,,none,,,,,,,,,wolf,0,1,4,3,0,1,1,1,1
supplied_action_replay,same_action_seed_44_base_36,same_action_seed_44_base_36,44,36,reference_replay_pair,physical_clockwise,0,same_physical_actions,"{""1"":""werewolf"",""2"":""villager"",""3"":""seer"",""4"":""witch"",""5"":""villager"",""6"":""werewolf"",""7"":""villager"",""8"":""villager"",""9"":""hunter"",""10"":""werewolf""}","{""1"":1,""2"":2,""3"":3,""4"":4,""5"":5,""6"":6,""7"":7,""8"":8,""9"":9,""10"":10}",same_action_reference_seed_44_base_36_physical_clockwise,52,52,52,1,1,1,1,1,,,,none,,,,,,,,,village,1,0,3,3,1,3,0,0,0
supplied_action_replay,same_action_seed_44_base_37,same_action_seed_44_base_37,44,37,reference_replay_pair,physical_clockwise,0,same_physical_actions,"{""1"":""hunter"",""2"":""witch"",""3"":""werewolf"",""4"":""seer"",""5"":""werewolf"",""6"":""villager"",""7"":""villager"",""8"":""werewolf"",""9"":""villager"",""10"":""villager""}","{""1"":1,""2"":2,""3"":3,""4"":4,""5"":5,""6"":6,""7"":7,""8"":8,""9"":9,""10"":10}",same_action_reference_seed_44_base_37_physical_clockwise,57,57,57,1,1,1,1,1,,,,none,,,,,,,,,village,1,0,3,4,0,3,1,1,1
supplied_action_replay,same_action_seed_44_base_38,same_action_seed_44_base_38,44,38,reference_replay_pair,physical_clockwise,0,same_physical_actions,"{""1"":""werewolf"",""2"":""villager"",""3"":""witch"",""4"":""villager"",""5"":""werewolf"",""6"":""seer"",""7"":""villager"",""8"":""villager"",""9"":""hunter"",""10"":""werewolf""}","{""1"":1,""2"":2,""3"":3,""4"":4,""5"":5,""6"":6,""7"":7,""8"":8,""9"":9,""10"":10}",same_action_reference_seed_44_base_38_physical_clockwise,38,38,38,1,1,1,1,1,,,,none,,,,,,,,,wolf,0,1,2,6,1,2,0,0,0
supplied_action_replay,same_action_seed_44_base_39,same_action_seed_44_base_39,44,39,reference_replay_pair,physical_clockwise,0,same_physical_actions,"{""1"":""werewolf"",""2"":""seer"",""3"":""hunter"",""4"":""werewolf"",""5"":""villager"",""6"":""witch"",""7"":""villager"",""8"":""werewolf"",""9"":""villager"",""10"":""villager""}","{""1"":1,""2"":2,""3"":3,""4"":4,""5"":5,""6"":6,""7"":7,""8"":8,""9"":9,""10"":10}",same_action_reference_seed_44_base_39_physical_clockwise,55,55,55,1,1,1,1,1,,,,none,,,,,,,,,village,1,0,3,2,0,2,0,0,0
supplied_action_replay,same_action_seed_44_base_40,same_action_seed_44_base_40,44,40,reference_replay_pair,physical_clockwise,0,same_physical_actions,"{""1"":""villager"",""2"":""hunter"",""3"":""seer"",""4"":""werewolf"",""5"":""werewolf"",""6"":""villager"",""7"":""witch"",""8"":""werewolf"",""9"":""villager"",""10"":""villager""}","{""1"":1,""2"":2,""3"":3,""4"":4,""5"":5,""6"":6,""7"":7,""8"":8,""9"":9,""10"":10}",same_action_reference_seed_44_base_40_physical_clockwise,63,63,63,1,1,1,1,1,,,,none,,,,,,,,,village,1,0,4,3,0,3,1,1,1
supplied_action_replay,same_action_seed_44_base_41,same_action_seed_44_base_41,44,41,reference_replay_pair,physical_clockwise,0,same_physical_actions,"{""1"":""villager"",""2"":""hunter"",""3"":""villager"",""4"":""werewolf"",""5"":""witch"",""6"":""werewolf"",""7"":""werewolf"",""8"":""seer"",""9"":""villager"",""10"":""villager""}","{""1"":1,""2"":2,""3"":3,""4"":4,""5"":5,""6"":6,""7"":7,""8"":8,""9"":9,""10"":10}",same_action_reference_seed_44_base_41_physical_clockwise,68,68,68,1,1,1,1,1,,,,none,,,,,,,,,wolf,0,1,4,8,0,4,0,0,0
supplied_action_replay,same_action_seed_44_base_42,same_action_seed_44_base_42,44,42,reference_replay_pair,physical_clockwise,0,same_physical_actions,"{""1"":""villager"",""2"":""hunter"",""3"":""werewolf"",""4"":""villager"",""5"":""villager"",""6"":""werewolf"",""7"":""witch"",""8"":""werewolf"",""9"":""villager"",""10"":""seer""}","{""1"":1,""2"":2,""3"":3,""4"":4,""5"":5,""6"":6,""7"":7,""8"":8,""9"":9,""10"":10}",same_action_reference_seed_44_base_42_physical_clockwise,42,42,42,1,1,1,1,1,,,,none,,,,,,,,,wolf,0,1,2,10,0,2,0,0,0
supplied_action_replay,same_action_seed_44_base_43,same_action_seed_44_base_43,44,43,reference_replay_pair,physical_clockwise,0,same_physical_actions,"{""1"":""seer"",""2"":""witch"",""3"":""villager"",""4"":""villager"",""5"":""villager"",""6"":""werewolf"",""7"":""werewolf"",""8"":""hunter"",""9"":""villager"",""10"":""werewolf""}","{""1"":1,""2"":2,""3"":3,""4"":4,""5"":5,""6"":6,""7"":7,""8"":8,""9"":9,""10"":10}",same_action_reference_seed_44_base_43_physical_clockwise,41,41,41,1,1,1,1,1,,,,none,,,,,,,,,wolf,0,1,3,1,0,1,0,0,0
supplied_action_replay,same_action_seed_44_base_44,same_action_seed_44_base_44,44,44,reference_replay_pair,physical_clockwise,0,same_physical_actions,"{""1"":""witch"",""2"":""werewolf"",""3"":""villager"",""4"":""villager"",""5"":""villager"",""6"":""hunter"",""7"":""seer"",""8"":""werewolf"",""9"":""villager"",""10"":""werewolf""}","{""1"":1,""2"":2,""3"":3,""4"":4,""5"":5,""6"":6,""7"":7,""8"":8,""9"":9,""10"":10}",same_action_reference_seed_44_base_44_physical_clockwise,60,60,60,1,1,1,1,1,,,,none,,,,,,,,,village,1,0,4,7,0,3,1,1,1
supplied_action_replay,same_action_seed_44_base_45,same_action_seed_44_base_45,44,45,reference_replay_pair,physical_clockwise,0,same_physical_actions,"{""1"":""hunter"",""2"":""villager"",""3"":""werewolf"",""4"":""villager"",""5"":""werewolf"",""6"":""werewolf"",""7"":""villager"",""8"":""seer"",""9"":""witch"",""10"":""villager""}","{""1"":1,""2"":2,""3"":3,""4"":4,""5"":5,""6"":6,""7"":7,""8"":8,""9"":9,""10"":10}",same_action_reference_seed_44_base_45_physical_clockwise,56,56,56,1,1,1,1,1,,,,none,,,,,,,,,wolf,0,1,4,8,0,2,0,0,0
supplied_action_replay,same_action_seed_44_base_46,same_action_seed_44_base_46,44,46,reference_replay_pair,physical_clockwise,0,same_physical_actions,"{""1"":""villager"",""2"":""villager"",""3"":""witch"",""4"":""werewolf"",""5"":""werewolf"",""6"":""villager"",""7"":""seer"",""8"":""werewolf"",""9"":""hunter"",""10"":""villager""}","{""1"":1,""2"":2,""3"":3,""4"":4,""5"":5,""6"":6,""7"":7,""8"":8,""9"":9,""10"":10}",same_action_reference_seed_44_base_46_physical_clockwise,70,70,70,1,1,1,1,1,,,,none,,,,,,,,,village,1,0,4,7,1,4,1,1,1
supplied_action_replay,same_action_seed_44_base_47,same_action_seed_44_base_47,44,47,reference_replay_pair,physical_clockwise,0,same_physical_actions,"{""1"":""witch"",""2"":""werewolf"",""3"":""villager"",""4"":""villager"",""5"":""villager"",""6"":""werewolf"",""7"":""seer"",""8"":""werewolf"",""9"":""villager"",""10"":""hunter""}","{""1"":1,""2"":2,""3"":3,""4"":4,""5"":5,""6"":6,""7"":7,""8"":8,""9"":9,""10"":10}",same_action_reference_seed_44_base_47_physical_clockwise,67,67,67,1,1,1,1,1,,,,none,,,,,,,,,village,1,0,4,7,0,2,1,1,1
supplied_action_replay,same_action_seed_44_base_48,same_action_seed_44_base_48,44,48,reference_replay_pair,physical_clockwise,0,same_physical_actions,"{""1"":""werewolf"",""2"":""witch"",""3"":""villager"",""4"":""werewolf"",""5"":""villager"",""6"":""villager"",""7"":""villager"",""8"":""seer"",""9"":""werewolf"",""10"":""hunter""}","{""1"":1,""2"":2,""3"":3,""4"":4,""5"":5,""6"":6,""7"":7,""8"":8,""9"":9,""10"":10}",same_action_reference_seed_44_base_48_physical_clockwise,58,58,58,1,1,1,1,1,,,,none,,,,,,,,,village,1,0,4,8,0,2,1,1,1
supplied_action_replay,same_action_seed_44_base_49,same_action_seed_44_base_49,44,49,reference_replay_pair,physical_clockwise,0,same_physical_actions,"{""1"":""villager"",""2"":""werewolf"",""3"":""villager"",""4"":""villager"",""5"":""witch"",""6"":""werewolf"",""7"":""seer"",""8"":""hunter"",""9"":""villager"",""10"":""werewolf""}","{""1"":1,""2"":2,""3"":3,""4"":4,""5"":5,""6"":6,""7"":7,""8"":8,""9"":9,""10"":10}",same_action_reference_seed_44_base_49_physical_clockwise,57,57,57,1,1,1,1,1,,,,none,,,,,,,,,village,1,0,3,7,1,3,0,0,0
supplied_action_replay,same_action_seed_44_base_50,same_action_seed_44_base_50,44,50,reference_replay_pair,physical_clockwise,0,same_physical_actions,"{""1"":""witch"",""2"":""villager"",""3"":""werewolf"",""4"":""hunter"",""5"":""villager"",""6"":""werewolf"",""7"":""werewolf"",""8"":""villager"",""9"":""seer"",""10"":""villager""}","{""1"":1,""2"":2,""3"":3,""4"":4,""5"":5,""6"":6,""7"":7,""8"":8,""9"":9,""10"":10}",same_action_reference_seed_44_base_50_physical_clockwise,42,42,42,1,1,1,1,1,,,,none,,,,,,,,,wolf,0,1,3,9,0,2,0,0,0
supplied_action_replay,same_action_seed_44_base_51,same_action_seed_44_base_51,44,51,reference_replay_pair,physical_clockwise,0,same_physical_actions,"{""1"":""villager"",""2"":""villager"",""3"":""seer"",""4"":""werewolf"",""5"":""villager"",""6"":""werewolf"",""7"":""villager"",""8"":""werewolf"",""9"":""hunter"",""10"":""witch""}","{""1"":1,""2"":2,""3"":3,""4"":4,""5"":5,""6"":6,""7"":7,""8"":8,""9"":9,""10"":10}",same_action_reference_seed_44_base_51_physical_clockwise,37,37,37,1,1,1,1,1,,,,none,,,,,,,,,wolf,0,1,3,3,0,1,1,1,1
supplied_action_replay,same_action_seed_44_base_52,same_action_seed_44_base_52,44,52,reference_replay_pair,physical_clockwise,0,same_physical_actions,"{""1"":""seer"",""2"":""villager"",""3"":""werewolf"",""4"":""werewolf"",""5"":""villager"",""6"":""villager"",""7"":""witch"",""8"":""villager"",""9"":""hunter"",""10"":""werewolf""}","{""1"":1,""2"":2,""3"":3,""4"":4,""5"":5,""6"":6,""7"":7,""8"":8,""9"":9,""10"":10}",same_action_reference_seed_44_base_52_physical_clockwise,59,59,59,1,1,1,1,1,,,,none,,,,,,,,,village,1,0,4,1,1,4,0,1,1
supplied_action_replay,same_action_seed_44_base_53,same_action_seed_44_base_53,44,53,reference_replay_pair,physical_clockwise,0,same_physical_actions,"{""1"":""werewolf"",""2"":""werewolf"",""3"":""villager"",""4"":""hunter"",""5"":""villager"",""6"":""seer"",""7"":""werewolf"",""8"":""villager"",""9"":""villager"",""10"":""witch""}","{""1"":1,""2"":2,""3"":3,""4"":4,""5"":5,""6"":6,""7"":7,""8"":8,""9"":9,""10"":10}",same_action_reference_seed_44_base_53_physical_clockwise,68,68,68,1,1,1,1,1,,,,none,,,,,,,,,wolf,0,1,5,6,0,2,1,1,1
supplied_action_replay,same_action_seed_44_base_54,same_action_seed_44_base_54,44,54,reference_replay_pair,physical_clockwise,0,same_physical_actions,"{""1"":""werewolf"",""2"":""werewolf"",""3"":""seer"",""4"":""villager"",""5"":""witch"",""6"":""villager"",""7"":""villager"",""8"":""hunter"",""9"":""villager"",""10"":""werewolf""}","{""1"":1,""2"":2,""3"":3,""4"":4,""5"":5,""6"":6,""7"":7,""8"":8,""9"":9,""10"":10}",same_action_reference_seed_44_base_54_physical_clockwise,56,56,56,1,1,1,1,1,,,,none,,,,,,,,,village,1,0,3,3,0,2,0,0,0
supplied_action_replay,same_action_seed_44_base_55,same_action_seed_44_base_55,44,55,reference_replay_pair,physical_clockwise,0,same_physical_actions,"{""1"":""werewolf"",""2"":""villager"",""3"":""villager"",""4"":""werewolf"",""5"":""werewolf"",""6"":""witch"",""7"":""seer"",""8"":""villager"",""9"":""hunter"",""10"":""villager""}","{""1"":1,""2"":2,""3"":3,""4"":4,""5"":5,""6"":6,""7"":7,""8"":8,""9"":9,""10"":10}",same_action_reference_seed_44_base_55_physical_clockwise,58,58,58,1,1,1,1,1,,,,none,,,,,,,,,wolf,0,1,4,7,0,2,0,0,0
supplied_action_replay,same_action_seed_44_base_56,same_action_seed_44_base_56,44,56,reference_replay_pair,physical_clockwise,0,same_physical_actions,"{""1"":""villager"",""2"":""werewolf"",""3"":""werewolf"",""4"":""werewolf"",""5"":""villager"",""6"":""seer"",""7"":""villager"",""8"":""witch"",""9"":""hunter"",""10"":""villager""}","{""1"":1,""2"":2,""3"":3,""4"":4,""5"":5,""6"":6,""7"":7,""8"":8,""9"":9,""10"":10}",same_action_reference_seed_44_base_56_physical_clockwise,39,39,39,1,1,1,1,1,,,,none,,,,,,,,,wolf,0,1,3,6,0,1,0,0,0
supplied_action_replay,same_action_seed_44_base_57,same_action_seed_44_base_57,44,57,reference_replay_pair,physical_clockwise,0,same_physical_actions,"{""1"":""seer"",""2"":""werewolf"",""3"":""villager"",""4"":""witch"",""5"":""hunter"",""6"":""villager"",""7"":""werewolf"",""8"":""villager"",""9"":""werewolf"",""10"":""villager""}","{""1"":1,""2"":2,""3"":3,""4"":4,""5"":5,""6"":6,""7"":7,""8"":8,""9"":9,""10"":10}",same_action_reference_seed_44_base_57_physical_clockwise,69,69,69,1,1,1,1,1,,,,none,,,,,,,,,village,1,0,4,1,1,4,1,1,1
supplied_action_replay,same_action_seed_44_base_58,same_action_seed_44_base_58,44,58,reference_replay_pair,physical_clockwise,0,same_physical_actions,"{""1"":""hunter"",""2"":""villager"",""3"":""villager"",""4"":""werewolf"",""5"":""werewolf"",""6"":""villager"",""7"":""witch"",""8"":""villager"",""9"":""werewolf"",""10"":""seer""}","{""1"":1,""2"":2,""3"":3,""4"":4,""5"":5,""6"":6,""7"":7,""8"":8,""9"":9,""10"":10}",same_action_reference_seed_44_base_58_physical_clockwise,55,55,55,1,1,1,1,1,,,,none,,,,,,,,,wolf,0,1,4,10,0,3,0,0,0
supplied_action_replay,same_action_seed_44_base_59,same_action_seed_44_base_59,44,59,reference_replay_pair,physical_clockwise,0,same_physical_actions,"{""1"":""witch"",""2"":""seer"",""3"":""werewolf"",""4"":""villager"",""5"":""werewolf"",""6"":""hunter"",""7"":""werewolf"",""8"":""villager"",""9"":""villager"",""10"":""villager""}","{""1"":1,""2"":2,""3"":3,""4"":4,""5"":5,""6"":6,""7"":7,""8"":8,""9"":9,""10"":10}",same_action_reference_seed_44_base_59_physical_clockwise,64,64,64,1,1,1,1,1,,,,none,,,,,,,,,wolf,0,1,4,2,0,2,1,1,1
supplied_action_replay,same_action_seed_44_base_60,same_action_seed_44_base_60,44,60,reference_replay_pair,physical_clockwise,0,same_physical_actions,"{""1"":""villager"",""2"":""werewolf"",""3"":""villager"",""4"":""werewolf"",""5"":""hunter"",""6"":""seer"",""7"":""villager"",""8"":""witch"",""9"":""villager"",""10"":""werewolf""}","{""1"":1,""2"":2,""3"":3,""4"":4,""5"":5,""6"":6,""7"":7,""8"":8,""9"":9,""10"":10}",same_action_reference_seed_44_base_60_physical_clockwise,54,54,54,1,1,1,1,1,,,,none,,,,,,,,,wolf,0,1,4,6,0,2,0,0,0
supplied_action_replay,same_action_seed_44_base_61,same_action_seed_44_base_61,44,61,reference_replay_pair,physical_clockwise,0,same_physical_actions,"{""1"":""villager"",""2"":""hunter"",""3"":""villager"",""4"":""werewolf"",""5"":""seer"",""6"":""villager"",""7"":""werewolf"",""8"":""villager"",""9"":""witch"",""10"":""werewolf""}","{""1"":1,""2"":2,""3"":3,""4"":4,""5"":5,""6"":6,""7"":7,""8"":8,""9"":9,""10"":10}",same_action_reference_seed_44_base_61_physical_clockwise,55,55,55,1,1,1,1,1,,,,none,,,,,,,,,wolf,0,1,3,5,0,3,0,1,1
supplied_action_replay,same_action_seed_44_base_62,same_action_seed_44_base_62,44,62,reference_replay_pair,physical_clockwise,0,same_physical_actions,"{""1"":""werewolf"",""2"":""villager"",""3"":""hunter"",""4"":""villager"",""5"":""werewolf"",""6"":""villager"",""7"":""witch"",""8"":""villager"",""9"":""seer"",""10"":""werewolf""}","{""1"":1,""2"":2,""3"":3,""4"":4,""5"":5,""6"":6,""7"":7,""8"":8,""9"":9,""10"":10}",same_action_reference_seed_44_base_62_physical_clockwise,55,55,55,1,1,1,1,1,,,,none,,,,,,,,,village,1,0,3,9,0,3,1,1,1
supplied_action_replay,same_action_seed_44_base_63,same_action_seed_44_base_63,44,63,reference_replay_pair,physical_clockwise,0,same_physical_actions,"{""1"":""hunter"",""2"":""werewolf"",""3"":""werewolf"",""4"":""villager"",""5"":""witch"",""6"":""werewolf"",""7"":""villager"",""8"":""villager"",""9"":""seer"",""10"":""villager""}","{""1"":1,""2"":2,""3"":3,""4"":4,""5"":5,""6"":6,""7"":7,""8"":8,""9"":9,""10"":10}",same_action_reference_seed_44_base_63_physical_clockwise,51,51,51,1,1,1,1,1,,,,none,,,,,,,,,village,1,0,3,9,1,3,0,0,0
supplied_action_replay,same_action_seed_44_base_64,same_action_seed_44_base_64,44,64,reference_replay_pair,physical_clockwise,0,same_physical_actions,"{""1"":""villager"",""2"":""werewolf"",""3"":""seer"",""4"":""witch"",""5"":""werewolf"",""6"":""villager"",""7"":""hunter"",""8"":""villager"",""9"":""villager"",""10"":""werewolf""}","{""1"":1,""2"":2,""3"":3,""4"":4,""5"":5,""6"":6,""7"":7,""8"":8,""9"":9,""10"":10}",same_action_reference_seed_44_base_64_physical_clockwise,53,53,53,1,1,1,1,1,,,,none,,,,,,,,,wolf,0,1,3,3,0,1,0,0,0
supplied_action_replay,same_action_seed_44_base_65,same_action_seed_44_base_65,44,65,reference_replay_pair,physical_clockwise,0,same_physical_actions,"{""1"":""werewolf"",""2"":""villager"",""3"":""werewolf"",""4"":""werewolf"",""5"":""villager"",""6"":""hunter"",""7"":""witch"",""8"":""seer"",""9"":""villager"",""10"":""villager""}","{""1"":1,""2"":2,""3"":3,""4"":4,""5"":5,""6"":6,""7"":7,""8"":8,""9"":9,""10"":10}",same_action_reference_seed_44_base_65_physical_clockwise,45,45,45,1,1,1,1,1,,,,none,,,,,,,,,village,1,0,3,8,1,3,0,1,1
supplied_action_replay,same_action_seed_44_base_66,same_action_seed_44_base_66,44,66,reference_replay_pair,physical_clockwise,0,same_physical_actions,"{""1"":""seer"",""2"":""villager"",""3"":""witch"",""4"":""werewolf"",""5"":""villager"",""6"":""villager"",""7"":""werewolf"",""8"":""villager"",""9"":""werewolf"",""10"":""hunter""}","{""1"":1,""2"":2,""3"":3,""4"":4,""5"":5,""6"":6,""7"":7,""8"":8,""9"":9,""10"":10}",same_action_reference_seed_44_base_66_physical_clockwise,69,69,69,1,1,1,1,1,,,,none,,,,,,,,,village,1,0,4,1,0,4,0,1,1
supplied_action_replay,same_action_seed_44_base_67,same_action_seed_44_base_67,44,67,reference_replay_pair,physical_clockwise,0,same_physical_actions,"{""1"":""werewolf"",""2"":""villager"",""3"":""villager"",""4"":""hunter"",""5"":""villager"",""6"":""villager"",""7"":""witch"",""8"":""werewolf"",""9"":""werewolf"",""10"":""seer""}","{""1"":1,""2"":2,""3"":3,""4"":4,""5"":5,""6"":6,""7"":7,""8"":8,""9"":9,""10"":10}",same_action_reference_seed_44_base_67_physical_clockwise,61,61,61,1,1,1,1,1,,,,none,,,,,,,,,village,1,0,4,10,1,4,1,1,1
supplied_action_replay,same_action_seed_44_base_68,same_action_seed_44_base_68,44,68,reference_replay_pair,physical_clockwise,0,same_physical_actions,"{""1"":""villager"",""2"":""werewolf"",""3"":""villager"",""4"":""werewolf"",""5"":""seer"",""6"":""villager"",""7"":""witch"",""8"":""hunter"",""9"":""villager"",""10"":""werewolf""}","{""1"":1,""2"":2,""3"":3,""4"":4,""5"":5,""6"":6,""7"":7,""8"":8,""9"":9,""10"":10}",same_action_reference_seed_44_base_68_physical_clockwise,42,42,42,1,1,1,1,1,,,,none,,,,,,,,,wolf,0,1,3,5,0,2,0,0,0
supplied_action_replay,same_action_seed_44_base_69,same_action_seed_44_base_69,44,69,reference_replay_pair,physical_clockwise,0,same_physical_actions,"{""1"":""werewolf"",""2"":""villager"",""3"":""hunter"",""4"":""werewolf"",""5"":""werewolf"",""6"":""seer"",""7"":""witch"",""8"":""villager"",""9"":""villager"",""10"":""villager""}","{""1"":1,""2"":2,""3"":3,""4"":4,""5"":5,""6"":6,""7"":7,""8"":8,""9"":9,""10"":10}",same_action_reference_seed_44_base_69_physical_clockwise,57,57,57,1,1,1,1,1,,,,none,,,,,,,,,wolf,0,1,4,6,0,3,0,0,0
supplied_action_replay,same_action_seed_44_base_70,same_action_seed_44_base_70,44,70,reference_replay_pair,physical_clockwise,0,same_physical_actions,"{""1"":""seer"",""2"":""werewolf"",""3"":""hunter"",""4"":""werewolf"",""5"":""witch"",""6"":""villager"",""7"":""villager"",""8"":""villager"",""9"":""werewolf"",""10"":""villager""}","{""1"":1,""2"":2,""3"":3,""4"":4,""5"":5,""6"":6,""7"":7,""8"":8,""9"":9,""10"":10}",same_action_reference_seed_44_base_70_physical_clockwise,38,38,38,1,1,1,1,1,,,,none,,,,,,,,,village,1,0,2,1,1,2,1,1,1
supplied_action_replay,same_action_seed_44_base_71,same_action_seed_44_base_71,44,71,reference_replay_pair,physical_clockwise,0,same_physical_actions,"{""1"":""villager"",""2"":""villager"",""3"":""seer"",""4"":""villager"",""5"":""werewolf"",""6"":""werewolf"",""7"":""hunter"",""8"":""witch"",""9"":""villager"",""10"":""werewolf""}","{""1"":1,""2"":2,""3"":3,""4"":4,""5"":5,""6"":6,""7"":7,""8"":8,""9"":9,""10"":10}",same_action_reference_seed_44_base_71_physical_clockwise,67,67,67,1,1,1,1,1,,,,none,,,,,,,,,wolf,0,1,4,3,0,3,0,1,1
supplied_action_replay,same_action_seed_44_base_72,same_action_seed_44_base_72,44,72,reference_replay_pair,physical_clockwise,0,same_physical_actions,"{""1"":""seer"",""2"":""werewolf"",""3"":""werewolf"",""4"":""villager"",""5"":""hunter"",""6"":""villager"",""7"":""witch"",""8"":""werewolf"",""9"":""villager"",""10"":""villager""}","{""1"":1,""2"":2,""3"":3,""4"":4,""5"":5,""6"":6,""7"":7,""8"":8,""9"":9,""10"":10}",same_action_reference_seed_44_base_72_physical_clockwise,54,54,54,1,1,1,1,1,,,,none,,,,,,,,,village,1,0,3,1,1,3,1,1,1
supplied_action_replay,same_action_seed_44_base_73,same_action_seed_44_base_73,44,73,reference_replay_pair,physical_clockwise,0,same_physical_actions,"{""1"":""werewolf"",""2"":""werewolf"",""3"":""villager"",""4"":""villager"",""5"":""villager"",""6"":""villager"",""7"":""werewolf"",""8"":""witch"",""9"":""hunter"",""10"":""seer""}","{""1"":1,""2"":2,""3"":3,""4"":4,""5"":5,""6"":6,""7"":7,""8"":8,""9"":9,""10"":10}",same_action_reference_seed_44_base_73_physical_clockwise,43,43,43,1,1,1,1,1,,,,none,,,,,,,,,wolf,0,1,3,10,0,1,1,1,1
supplied_action_replay,same_action_seed_44_base_74,same_action_seed_44_base_74,44,74,reference_replay_pair,physical_clockwise,0,same_physical_actions,"{""1"":""werewolf"",""2"":""villager"",""3"":""hunter"",""4"":""werewolf"",""5"":""witch"",""6"":""villager"",""7"":""werewolf"",""8"":""seer"",""9"":""villager"",""10"":""villager""}","{""1"":1,""2"":2,""3"":3,""4"":4,""5"":5,""6"":6,""7"":7,""8"":8,""9"":9,""10"":10}",same_action_reference_seed_44_base_74_physical_clockwise,53,53,53,1,1,1,1,1,,,,none,,,,,,,,,wolf,0,1,3,8,0,1,0,0,0
supplied_action_replay,same_action_seed_44_base_75,same_action_seed_44_base_75,44,75,reference_replay_pair,physical_clockwise,0,same_physical_actions,"{""1"":""werewolf"",""2"":""hunter"",""3"":""villager"",""4"":""werewolf"",""5"":""seer"",""6"":""werewolf"",""7"":""witch"",""8"":""villager"",""9"":""villager"",""10"":""villager""}","{""1"":1,""2"":2,""3"":3,""4"":4,""5"":5,""6"":6,""7"":7,""8"":8,""9"":9,""10"":10}",same_action_reference_seed_44_base_75_physical_clockwise,66,66,66,1,1,1,1,1,,,,none,,,,,,,,,wolf,0,1,4,5,0,2,1,1,1
supplied_action_replay,same_action_seed_44_base_76,same_action_seed_44_base_76,44,76,reference_replay_pair,physical_clockwise,0,same_physical_actions,"{""1"":""seer"",""2"":""villager"",""3"":""villager"",""4"":""witch"",""5"":""werewolf"",""6"":""werewolf"",""7"":""villager"",""8"":""villager"",""9"":""hunter"",""10"":""werewolf""}","{""1"":1,""2"":2,""3"":3,""4"":4,""5"":5,""6"":6,""7"":7,""8"":8,""9"":9,""10"":10}",same_action_reference_seed_44_base_76_physical_clockwise,59,59,59,1,1,1,1,1,,,,none,,,,,,,,,wolf,0,1,4,1,0,3,0,0,0
supplied_action_replay,same_action_seed_44_base_77,same_action_seed_44_base_77,44,77,reference_replay_pair,physical_clockwise,0,same_physical_actions,"{""1"":""witch"",""2"":""villager"",""3"":""villager"",""4"":""villager"",""5"":""seer"",""6"":""werewolf"",""7"":""werewolf"",""8"":""hunter"",""9"":""werewolf"",""10"":""villager""}","{""1"":1,""2"":2,""3"":3,""4"":4,""5"":5,""6"":6,""7"":7,""8"":8,""9"":9,""10"":10}",same_action_reference_seed_44_base_77_physical_clockwise,45,45,45,1,1,1,1,1,,,,none,,,,,,,,,village,1,0,3,5,1,3,1,1,1
supplied_action_replay,same_action_seed_44_base_78,same_action_seed_44_base_78,44,78,reference_replay_pair,physical_clockwise,0,same_physical_actions,"{""1"":""werewolf"",""2"":""villager"",""3"":""villager"",""4"":""werewolf"",""5"":""villager"",""6"":""seer"",""7"":""hunter"",""8"":""villager"",""9"":""werewolf"",""10"":""witch""}","{""1"":1,""2"":2,""3"":3,""4"":4,""5"":5,""6"":6,""7"":7,""8"":8,""9"":9,""10"":10}",same_action_reference_seed_44_base_78_physical_clockwise,41,41,41,1,1,1,1,1,,,,none,,,,,,,,,wolf,0,1,2,6,0,1,0,0,0
supplied_action_replay,same_action_seed_44_base_79,same_action_seed_44_base_79,44,79,reference_replay_pair,physical_clockwise,0,same_physical_actions,"{""1"":""werewolf"",""2"":""hunter"",""3"":""villager"",""4"":""villager"",""5"":""villager"",""6"":""werewolf"",""7"":""witch"",""8"":""seer"",""9"":""villager"",""10"":""werewolf""}","{""1"":1,""2"":2,""3"":3,""4"":4,""5"":5,""6"":6,""7"":7,""8"":8,""9"":9,""10"":10}",same_action_reference_seed_44_base_79_physical_clockwise,55,55,55,1,1,1,1,1,,,,none,,,,,,,,,wolf,0,1,3,8,0,3,0,1,1
supplied_action_replay,same_action_seed_44_base_80,same_action_seed_44_base_80,44,80,reference_replay_pair,physical_clockwise,0,same_physical_actions,"{""1"":""witch"",""2"":""villager"",""3"":""villager"",""4"":""werewolf"",""5"":""werewolf"",""6"":""villager"",""7"":""hunter"",""8"":""villager"",""9"":""werewolf"",""10"":""seer""}","{""1"":1,""2"":2,""3"":3,""4"":4,""5"":5,""6"":6,""7"":7,""8"":8,""9"":9,""10"":10}",same_action_reference_seed_44_base_80_physical_clockwise,43,43,43,1,1,1,1,1,,,,none,,,,,,,,,wolf,0,1,3,10,1,3,0,0,0
supplied_action_replay,same_action_seed_44_base_81,same_action_seed_44_base_81,44,81,reference_replay_pair,physical_clockwise,0,same_physical_actions,"{""1"":""witch"",""2"":""villager"",""3"":""villager"",""4"":""seer"",""5"":""villager"",""6"":""werewolf"",""7"":""hunter"",""8"":""villager"",""9"":""werewolf"",""10"":""werewolf""}","{""1"":1,""2"":2,""3"":3,""4"":4,""5"":5,""6"":6,""7"":7,""8"":8,""9"":9,""10"":10}",same_action_reference_seed_44_base_81_physical_clockwise,65,65,65,1,1,1,1,1,,,,none,,,,,,,,,wolf,0,1,4,4,0,3,0,0,1
supplied_action_replay,same_action_seed_44_base_82,same_action_seed_44_base_82,44,82,reference_replay_pair,physical_clockwise,0,same_physical_actions,"{""1"":""witch"",""2"":""villager"",""3"":""werewolf"",""4"":""werewolf"",""5"":""villager"",""6"":""werewolf"",""7"":""villager"",""8"":""hunter"",""9"":""villager"",""10"":""seer""}","{""1"":1,""2"":2,""3"":3,""4"":4,""5"":5,""6"":6,""7"":7,""8"":8,""9"":9,""10"":10}",same_action_reference_seed_44_base_82_physical_clockwise,42,42,42,1,1,1,1,1,,,,none,,,,,,,,,village,1,0,2,10,1,2,0,0,0
supplied_action_replay,same_action_seed_44_base_83,same_action_seed_44_base_83,44,83,reference_replay_pair,physical_clockwise,0,same_physical_actions,"{""1"":""werewolf"",""2"":""witch"",""3"":""villager"",""4"":""villager"",""5"":""werewolf"",""6"":""werewolf"",""7"":""villager"",""8"":""villager"",""9"":""seer"",""10"":""hunter""}","{""1"":1,""2"":2,""3"":3,""4"":4,""5"":5,""6"":6,""7"":7,""8"":8,""9"":9,""10"":10}",same_action_reference_seed_44_base_83_physical_clockwise,51,51,51,1,1,1,1,1,,,,none,,,,,,,,,village,1,0,3,9,0,3,0,1,1
supplied_action_replay,same_action_seed_44_base_84,same_action_seed_44_base_84,44,84,reference_replay_pair,physical_clockwise,0,same_physical_actions,"{""1"":""villager"",""2"":""villager"",""3"":""werewolf"",""4"":""werewolf"",""5"":""hunter"",""6"":""witch"",""7"":""seer"",""8"":""werewolf"",""9"":""villager"",""10"":""villager""}","{""1"":1,""2"":2,""3"":3,""4"":4,""5"":5,""6"":6,""7"":7,""8"":8,""9"":9,""10"":10}",same_action_reference_seed_44_base_84_physical_clockwise,46,46,46,1,1,1,1,1,,,,none,,,,,,,,,wolf,0,1,3,7,0,2,1,1,1
supplied_action_replay,same_action_seed_44_base_85,same_action_seed_44_base_85,44,85,reference_replay_pair,physical_clockwise,0,same_physical_actions,"{""1"":""seer"",""2"":""villager"",""3"":""villager"",""4"":""werewolf"",""5"":""villager"",""6"":""witch"",""7"":""werewolf"",""8"":""werewolf"",""9"":""hunter"",""10"":""villager""}","{""1"":1,""2"":2,""3"":3,""4"":4,""5"":5,""6"":6,""7"":7,""8"":8,""9"":9,""10"":10}",same_action_reference_seed_44_base_85_physical_clockwise,41,41,41,1,1,1,1,1,,,,none,,,,,,,,,village,1,0,2,1,1,2,0,0,0
supplied_action_replay,same_action_seed_44_base_86,same_action_seed_44_base_86,44,86,reference_replay_pair,physical_clockwise,0,same_physical_actions,"{""1"":""werewolf"",""2"":""villager"",""3"":""villager"",""4"":""hunter"",""5"":""witch"",""6"":""seer"",""7"":""villager"",""8"":""werewolf"",""9"":""villager"",""10"":""werewolf""}","{""1"":1,""2"":2,""3"":3,""4"":4,""5"":5,""6"":6,""7"":7,""8"":8,""9"":9,""10"":10}",same_action_reference_seed_44_base_86_physical_clockwise,59,59,59,1,1,1,1,1,,,,none,,,,,,,,,village,1,0,4,6,1,4,0,1,1
supplied_action_replay,same_action_seed_44_base_87,same_action_seed_44_base_87,44,87,reference_replay_pair,physical_clockwise,0,same_physical_actions,"{""1"":""hunter"",""2"":""villager"",""3"":""werewolf"",""4"":""villager"",""5"":""werewolf"",""6"":""villager"",""7"":""seer"",""8"":""villager"",""9"":""werewolf"",""10"":""witch""}","{""1"":1,""2"":2,""3"":3,""4"":4,""5"":5,""6"":6,""7"":7,""8"":8,""9"":9,""10"":10}",same_action_reference_seed_44_base_87_physical_clockwise,56,56,56,1,1,1,1,1,,,,none,,,,,,,,,wolf,0,1,4,7,0,2,0,0,0
supplied_action_replay,same_action_seed_44_base_88,same_action_seed_44_base_88,44,88,reference_replay_pair,physical_clockwise,0,same_physical_actions,"{""1"":""witch"",""2"":""villager"",""3"":""villager"",""4"":""werewolf"",""5"":""werewolf"",""6"":""seer"",""7"":""hunter"",""8"":""werewolf"",""9"":""villager"",""10"":""villager""}","{""1"":1,""2"":2,""3"":3,""4"":4,""5"":5,""6"":6,""7"":7,""8"":8,""9"":9,""10"":10}",same_action_reference_seed_44_base_88_physical_clockwise,45,45,45,1,1,1,1,1,,,,none,,,,,,,,,wolf,0,1,3,6,0,3,0,1,1
supplied_action_replay,same_action_seed_44_base_89,same_action_seed_44_base_89,44,89,reference_replay_pair,physical_clockwise,0,same_physical_actions,"{""1"":""hunter"",""2"":""werewolf"",""3"":""werewolf"",""4"":""villager"",""5"":""villager"",""6"":""seer"",""7"":""villager"",""8"":""werewolf"",""9"":""witch"",""10"":""villager""}","{""1"":1,""2"":2,""3"":3,""4"":4,""5"":5,""6"":6,""7"":7,""8"":8,""9"":9,""10"":10}",same_action_reference_seed_44_base_89_physical_clockwise,54,54,54,1,1,1,1,1,,,,none,,,,,,,,,wolf,0,1,4,6,0,4,0,1,1
supplied_action_replay,same_action_seed_44_base_90,same_action_seed_44_base_90,44,90,reference_replay_pair,physical_clockwise,0,same_physical_actions,"{""1"":""werewolf"",""2"":""werewolf"",""3"":""villager"",""4"":""hunter"",""5"":""villager"",""6"":""witch"",""7"":""villager"",""8"":""werewolf"",""9"":""seer"",""10"":""villager""}","{""1"":1,""2"":2,""3"":3,""4"":4,""5"":5,""6"":6,""7"":7,""8"":8,""9"":9,""10"":10}",same_action_reference_seed_44_base_90_physical_clockwise,44,44,44,1,1,1,1,1,,,,none,,,,,,,,,village,1,0,3,9,0,2,0,1,1
supplied_action_replay,same_action_seed_44_base_91,same_action_seed_44_base_91,44,91,reference_replay_pair,physical_clockwise,0,same_physical_actions,"{""1"":""hunter"",""2"":""villager"",""3"":""werewolf"",""4"":""seer"",""5"":""villager"",""6"":""witch"",""7"":""villager"",""8"":""werewolf"",""9"":""werewolf"",""10"":""villager""}","{""1"":1,""2"":2,""3"":3,""4"":4,""5"":5,""6"":6,""7"":7,""8"":8,""9"":9,""10"":10}",same_action_reference_seed_44_base_91_physical_clockwise,63,63,63,1,1,1,1,1,,,,none,,,,,,,,,village,1,0,4,4,0,3,0,0,1
supplied_action_replay,same_action_seed_44_base_92,same_action_seed_44_base_92,44,92,reference_replay_pair,physical_clockwise,0,same_physical_actions,"{""1"":""witch"",""2"":""villager"",""3"":""villager"",""4"":""werewolf"",""5"":""villager"",""6"":""werewolf"",""7"":""hunter"",""8"":""werewolf"",""9"":""seer"",""10"":""villager""}","{""1"":1,""2"":2,""3"":3,""4"":4,""5"":5,""6"":6,""7"":7,""8"":8,""9"":9,""10"":10}",same_action_reference_seed_44_base_92_physical_clockwise,45,45,45,1,1,1,1,1,,,,none,,,,,,,,,wolf,0,1,3,9,0,3,0,0,0
supplied_action_replay,same_action_seed_44_base_93,same_action_seed_44_base_93,44,93,reference_replay_pair,physical_clockwise,0,same_physical_actions,"{""1"":""hunter"",""2"":""villager"",""3"":""villager"",""4"":""werewolf"",""5"":""seer"",""6"":""villager"",""7"":""werewolf"",""8"":""werewolf"",""9"":""villager"",""10"":""witch""}","{""1"":1,""2"":2,""3"":3,""4"":4,""5"":5,""6"":6,""7"":7,""8"":8,""9"":9,""10"":10}",same_action_reference_seed_44_base_93_physical_clockwise,45,45,45,1,1,1,1,1,,,,none,,,,,,,,,village,1,0,3,5,1,3,0,1,1
supplied_action_replay,same_action_seed_44_base_94,same_action_seed_44_base_94,44,94,reference_replay_pair,physical_clockwise,0,same_physical_actions,"{""1"":""werewolf"",""2"":""villager"",""3"":""witch"",""4"":""villager"",""5"":""hunter"",""6"":""seer"",""7"":""villager"",""8"":""werewolf"",""9"":""villager"",""10"":""werewolf""}","{""1"":1,""2"":2,""3"":3,""4"":4,""5"":5,""6"":6,""7"":7,""8"":8,""9"":9,""10"":10}",same_action_reference_seed_44_base_94_physical_clockwise,64,64,64,1,1,1,1,1,,,,none,,,,,,,,,village,1,0,4,6,1,4,0,1,1
supplied_action_replay,same_action_seed_44_base_95,same_action_seed_44_base_95,44,95,reference_replay_pair,physical_clockwise,0,same_physical_actions,"{""1"":""werewolf"",""2"":""witch"",""3"":""werewolf"",""4"":""seer"",""5"":""hunter"",""6"":""villager"",""7"":""villager"",""8"":""werewolf"",""9"":""villager"",""10"":""villager""}","{""1"":1,""2"":2,""3"":3,""4"":4,""5"":5,""6"":6,""7"":7,""8"":8,""9"":9,""10"":10}",same_action_reference_seed_44_base_95_physical_clockwise,51,51,51,1,1,1,1,1,,,,none,,,,,,,,,village,1,0,3,4,1,3,0,0,1
supplied_action_replay,same_action_seed_44_base_96,same_action_seed_44_base_96,44,96,reference_replay_pair,physical_clockwise,0,same_physical_actions,"{""1"":""villager"",""2"":""werewolf"",""3"":""witch"",""4"":""seer"",""5"":""villager"",""6"":""villager"",""7"":""werewolf"",""8"":""hunter"",""9"":""villager"",""10"":""werewolf""}","{""1"":1,""2"":2,""3"":3,""4"":4,""5"":5,""6"":6,""7"":7,""8"":8,""9"":9,""10"":10}",same_action_reference_seed_44_base_96_physical_clockwise,44,44,44,1,1,1,1,1,,,,none,,,,,,,,,wolf,0,1,3,4,0,2,0,0,0
supplied_action_replay,same_action_seed_44_base_97,same_action_seed_44_base_97,44,97,reference_replay_pair,physical_clockwise,0,same_physical_actions,"{""1"":""villager"",""2"":""werewolf"",""3"":""seer"",""4"":""witch"",""5"":""villager"",""6"":""werewolf"",""7"":""werewolf"",""8"":""villager"",""9"":""villager"",""10"":""hunter""}","{""1"":1,""2"":2,""3"":3,""4"":4,""5"":5,""6"":6,""7"":7,""8"":8,""9"":9,""10"":10}",same_action_reference_seed_44_base_97_physical_clockwise,42,42,42,1,1,1,1,1,,,,none,,,,,,,,,village,1,0,2,3,1,2,0,0,0
supplied_action_replay,same_action_seed_44_base_98,same_action_seed_44_base_98,44,98,reference_replay_pair,physical_clockwise,0,same_physical_actions,"{""1"":""villager"",""2"":""werewolf"",""3"":""villager"",""4"":""villager"",""5"":""hunter"",""6"":""villager"",""7"":""seer"",""8"":""witch"",""9"":""werewolf"",""10"":""werewolf""}","{""1"":1,""2"":2,""3"":3,""4"":4,""5"":5,""6"":6,""7"":7,""8"":8,""9"":9,""10"":10}",same_action_reference_seed_44_base_98_physical_clockwise,69,69,69,1,1,1,1,1,,,,none,,,,,,,,,village,1,0,4,7,0,4,0,1,1
supplied_action_replay,same_action_seed_44_base_99,same_action_seed_44_base_99,44,99,reference_replay_pair,physical_clockwise,0,same_physical_actions,"{""1"":""witch"",""2"":""hunter"",""3"":""werewolf"",""4"":""seer"",""5"":""villager"",""6"":""villager"",""7"":""werewolf"",""8"":""villager"",""9"":""werewolf"",""10"":""villager""}","{""1"":1,""2"":2,""3"":3,""4"":4,""5"":5,""6"":6,""7"":7,""8"":8,""9"":9,""10"":10}",same_action_reference_seed_44_base_99_physical_clockwise,43,43,43,1,1,1,1,1,,,,none,,,,,,,,,wolf,0,1,3,4,1,3,0,1,1
supplied_action_replay,same_action_seed_44_base_100,same_action_seed_44_base_100,44,100,reference_replay_pair,physical_clockwise,0,same_physical_actions,"{""1"":""werewolf"",""2"":""villager"",""3"":""villager"",""4"":""werewolf"",""5"":""witch"",""6"":""villager"",""7"":""hunter"",""8"":""villager"",""9"":""seer"",""10"":""werewolf""}","{""1"":1,""2"":2,""3"":3,""4"":4,""5"":5,""6"":6,""7"":7,""8"":8,""9"":9,""10"":10}",same_action_reference_seed_44_base_100_physical_clockwise,54,54,54,1,1,1,1,1,,,,none,,,,,,,,,village,1,0,4,9,1,4,1,1,1
supplied_action_replay,same_action_seed_44_base_101,same_action_seed_44_base_101,44,101,reference_replay_pair,physical_clockwise,0,same_physical_actions,"{""1"":""villager"",""2"":""werewolf"",""3"":""werewolf"",""4"":""witch"",""5"":""villager"",""6"":""seer"",""7"":""werewolf"",""8"":""villager"",""9"":""hunter"",""10"":""villager""}","{""1"":1,""2"":2,""3"":3,""4"":4,""5"":5,""6"":6,""7"":7,""8"":8,""9"":9,""10"":10}",same_action_reference_seed_44_base_101_physical_clockwise,52,52,52,1,1,1,1,1,,,,none,,,,,,,,,wolf,0,1,4,6,0,2,1,1,1
supplied_action_replay,same_action_seed_44_base_102,same_action_seed_44_base_102,44,102,reference_replay_pair,physical_clockwise,0,same_physical_actions,"{""1"":""villager"",""2"":""villager"",""3"":""witch"",""4"":""werewolf"",""5"":""seer"",""6"":""werewolf"",""7"":""villager"",""8"":""hunter"",""9"":""werewolf"",""10"":""villager""}","{""1"":1,""2"":2,""3"":3,""4"":4,""5"":5,""6"":6,""7"":7,""8"":8,""9"":9,""10"":10}",same_action_reference_seed_44_base_102_physical_clockwise,69,69,69,1,1,1,1,1,,,,none,,,,,,,,,village,1,0,4,5,0,4,1,1,1
supplied_action_replay,same_action_seed_44_base_103,same_action_seed_44_base_103,44,103,reference_replay_pair,physical_clockwise,0,same_physical_actions,"{""1"":""villager"",""2"":""hunter"",""3"":""werewolf"",""4"":""werewolf"",""5"":""villager"",""6"":""werewolf"",""7"":""villager"",""8"":""witch"",""9"":""seer"",""10"":""villager""}","{""1"":1,""2"":2,""3"":3,""4"":4,""5"":5,""6"":6,""7"":7,""8"":8,""9"":9,""10"":10}",same_action_reference_seed_44_base_103_physical_clockwise,44,44,44,1,1,1,1,1,,,,none,,,,,,,,,village,1,0,3,9,0,3,0,0,1
supplied_action_replay,same_action_seed_44_base_104,same_action_seed_44_base_104,44,104,reference_replay_pair,physical_clockwise,0,same_physical_actions,"{""1"":""hunter"",""2"":""villager"",""3"":""villager"",""4"":""witch"",""5"":""villager"",""6"":""werewolf"",""7"":""werewolf"",""8"":""werewolf"",""9"":""seer"",""10"":""villager""}","{""1"":1,""2"":2,""3"":3,""4"":4,""5"":5,""6"":6,""7"":7,""8"":8,""9"":9,""10"":10}",same_action_reference_seed_44_base_104_physical_clockwise,49,49,49,1,1,1,1,1,,,,none,,,,,,,,,village,1,0,3,9,0,1,0,0,0
supplied_action_replay,same_action_seed_44_base_105,same_action_seed_44_base_105,44,105,reference_replay_pair,physical_clockwise,0,same_physical_actions,"{""1"":""villager"",""2"":""witch"",""3"":""villager"",""4"":""werewolf"",""5"":""villager"",""6"":""hunter"",""7"":""villager"",""8"":""werewolf"",""9"":""werewolf"",""10"":""seer""}","{""1"":1,""2"":2,""3"":3,""4"":4,""5"":5,""6"":6,""7"":7,""8"":8,""9"":9,""10"":10}",same_action_reference_seed_44_base_105_physical_clockwise,23,23,23,1,1,1,1,1,,,,none,,,,,,,,,wolf,0,1,2,10,0,1,0,0,0
supplied_action_replay,same_action_seed_44_base_106,same_action_seed_44_base_106,44,106,reference_replay_pair,physical_clockwise,0,same_physical_actions,"{""1"":""werewolf"",""2"":""villager"",""3"":""witch"",""4"":""seer"",""5"":""villager"",""6"":""werewolf"",""7"":""villager"",""8"":""werewolf"",""9"":""villager"",""10"":""hunter""}","{""1"":1,""2"":2,""3"":3,""4"":4,""5"":5,""6"":6,""7"":7,""8"":8,""9"":9,""10"":10}",same_action_reference_seed_44_base_106_physical_clockwise,44,44,44,1,1,1,1,1,,,,none,,,,,,,,,wolf,0,1,3,4,0,2,0,1,1
supplied_action_replay,same_action_seed_44_base_107,same_action_seed_44_base_107,44,107,reference_replay_pair,physical_clockwise,0,same_physical_actions,"{""1"":""witch"",""2"":""hunter"",""3"":""villager"",""4"":""villager"",""5"":""werewolf"",""6"":""villager"",""7"":""werewolf"",""8"":""seer"",""9"":""villager"",""10"":""werewolf""}","{""1"":1,""2"":2,""3"":3,""4"":4,""5"":5,""6"":6,""7"":7,""8"":8,""9"":9,""10"":10}",same_action_reference_seed_44_base_107_physical_clockwise,59,59,59,1,1,1,1,1,,,,none,,,,,,,,,village,1,0,4,8,0,3,0,1,1
supplied_action_replay,same_action_seed_44_base_108,same_action_seed_44_base_108,44,108,reference_replay_pair,physical_clockwise,0,same_physical_actions,"{""1"":""werewolf"",""2"":""seer"",""3"":""werewolf"",""4"":""villager"",""5"":""villager"",""6"":""witch"",""7"":""hunter"",""8"":""villager"",""9"":""werewolf"",""10"":""villager""}","{""1"":1,""2"":2,""3"":3,""4"":4,""5"":5,""6"":6,""7"":7,""8"":8,""9"":9,""10"":10}",same_action_reference_seed_44_base_108_physical_clockwise,37,37,37,1,1,1,1,1,,,,none,,,,,,,,,village,1,0,2,2,0,1,1,1,1
supplied_action_replay,same_action_seed_44_base_109,same_action_seed_44_base_109,44,109,reference_replay_pair,physical_clockwise,0,same_physical_actions,"{""1"":""villager"",""2"":""villager"",""3"":""seer"",""4"":""werewolf"",""5"":""werewolf"",""6"":""villager"",""7"":""hunter"",""8"":""witch"",""9"":""werewolf"",""10"":""villager""}","{""1"":1,""2"":2,""3"":3,""4"":4,""5"":5,""6"":6,""7"":7,""8"":8,""9"":9,""10"":10}",same_action_reference_seed_44_base_109_physical_clockwise,56,56,56,1,1,1,1,1,,,,none,,,,,,,,,wolf,0,1,4,3,0,2,1,1,1
supplied_action_replay,same_action_seed_44_base_110,same_action_seed_44_base_110,44,110,reference_replay_pair,physical_clockwise,0,same_physical_actions,"{""1"":""villager"",""2"":""hunter"",""3"":""werewolf"",""4"":""werewolf"",""5"":""villager"",""6"":""seer"",""7"":""villager"",""8"":""witch"",""9"":""werewolf"",""10"":""villager""}","{""1"":1,""2"":2,""3"":3,""4"":4,""5"":5,""6"":6,""7"":7,""8"":8,""9"":9,""10"":10}",same_action_reference_seed_44_base_110_physical_clockwise,66,66,66,1,1,1,1,1,,,,none,,,,,,,,,village,1,0,4,6,1,4,0,0,1
supplied_action_replay,same_action_seed_44_base_111,same_action_seed_44_base_111,44,111,reference_replay_pair,physical_clockwise,0,same_physical_actions,"{""1"":""werewolf"",""2"":""villager"",""3"":""hunter"",""4"":""seer"",""5"":""witch"",""6"":""villager"",""7"":""villager"",""8"":""villager"",""9"":""werewolf"",""10"":""werewolf""}","{""1"":1,""2"":2,""3"":3,""4"":4,""5"":5,""6"":6,""7"":7,""8"":8,""9"":9,""10"":10}",same_action_reference_seed_44_base_111_physical_clockwise,56,56,56,1,1,1,1,1,,,,none,,,,,,,,,wolf,0,1,4,4,0,2,0,0,0
supplied_action_replay,same_action_seed_44_base_112,same_action_seed_44_base_112,44,112,reference_replay_pair,physical_clockwise,0,same_physical_actions,"{""1"":""villager"",""2"":""villager"",""3"":""hunter"",""4"":""seer"",""5"":""villager"",""6"":""witch"",""7"":""villager"",""8"":""werewolf"",""9"":""werewolf"",""10"":""werewolf""}","{""1"":1,""2"":2,""3"":3,""4"":4,""5"":5,""6"":6,""7"":7,""8"":8,""9"":9,""10"":10}",same_action_reference_seed_44_base_112_physical_clockwise,61,61,61,1,1,1,1,1,,,,none,,,,,,,,,village,1,0,4,4,1,4,0,0,0
supplied_action_replay,same_action_seed_44_base_113,same_action_seed_44_base_113,44,113,reference_replay_pair,physical_clockwise,0,same_physical_actions,"{""1"":""villager"",""2"":""hunter"",""3"":""villager"",""4"":""werewolf"",""5"":""werewolf"",""6"":""witch"",""7"":""seer"",""8"":""werewolf"",""9"":""villager"",""10"":""villager""}","{""1"":1,""2"":2,""3"":3,""4"":4,""5"":5,""6"":6,""7"":7,""8"":8,""9"":9,""10"":10}",same_action_reference_seed_44_base_113_physical_clockwise,46,46,46,1,1,1,1,1,,,,none,,,,,,,,,wolf,0,1,3,7,0,2,1,1,1
supplied_action_replay,same_action_seed_44_base_114,same_action_seed_44_base_114,44,114,reference_replay_pair,physical_clockwise,0,same_physical_actions,"{""1"":""werewolf"",""2"":""witch"",""3"":""villager"",""4"":""villager"",""5"":""seer"",""6"":""hunter"",""7"":""villager"",""8"":""villager"",""9"":""werewolf"",""10"":""werewolf""}","{""1"":1,""2"":2,""3"":3,""4"":4,""5"":5,""6"":6,""7"":7,""8"":8,""9"":9,""10"":10}",same_action_reference_seed_44_base_114_physical_clockwise,68,68,68,1,1,1,1,1,,,,none,,,,,,,,,village,1,0,4,5,1,4,0,0,0
supplied_action_replay,same_action_seed_44_base_115,same_action_seed_44_base_115,44,115,reference_replay_pair,physical_clockwise,0,same_physical_actions,"{""1"":""villager"",""2"":""werewolf"",""3"":""villager"",""4"":""werewolf"",""5"":""hunter"",""6"":""villager"",""7"":""werewolf"",""8"":""witch"",""9"":""seer"",""10"":""villager""}","{""1"":1,""2"":2,""3"":3,""4"":4,""5"":5,""6"":6,""7"":7,""8"":8,""9"":9,""10"":10}",same_action_reference_seed_44_base_115_physical_clockwise,57,57,57,1,1,1,1,1,,,,none,,,,,,,,,wolf,0,1,4,9,0,3,0,0,1
supplied_action_replay,same_action_seed_44_base_116,same_action_seed_44_base_116,44,116,reference_replay_pair,physical_clockwise,0,same_physical_actions,"{""1"":""werewolf"",""2"":""hunter"",""3"":""villager"",""4"":""villager"",""5"":""werewolf"",""6"":""werewolf"",""7"":""villager"",""8"":""witch"",""9"":""seer"",""10"":""villager""}","{""1"":1,""2"":2,""3"":3,""4"":4,""5"":5,""6"":6,""7"":7,""8"":8,""9"":9,""10"":10}",same_action_reference_seed_44_base_116_physical_clockwise,68,68,68,1,1,1,1,1,,,,none,,,,,,,,,village,1,0,4,9,0,3,0,1,1
supplied_action_replay,same_action_seed_44_base_117,same_action_seed_44_base_117,44,117,reference_replay_pair,physical_clockwise,0,same_physical_actions,"{""1"":""werewolf"",""2"":""witch"",""3"":""werewolf"",""4"":""villager"",""5"":""hunter"",""6"":""werewolf"",""7"":""seer"",""8"":""villager"",""9"":""villager"",""10"":""villager""}","{""1"":1,""2"":2,""3"":3,""4"":4,""5"":5,""6"":6,""7"":7,""8"":8,""9"":9,""10"":10}",same_action_reference_seed_44_base_117_physical_clockwise,56,56,56,1,1,1,1,1,,,,none,,,,,,,,,village,1,0,3,7,0,2,0,0,0
supplied_action_replay,same_action_seed_44_base_118,same_action_seed_44_base_118,44,118,reference_replay_pair,physical_clockwise,0,same_physical_actions,"{""1"":""villager"",""2"":""villager"",""3"":""seer"",""4"":""werewolf"",""5"":""werewolf"",""6"":""werewolf"",""7"":""villager"",""8"":""hunter"",""9"":""villager"",""10"":""witch""}","{""1"":1,""2"":2,""3"":3,""4"":4,""5"":5,""6"":6,""7"":7,""8"":8,""9"":9,""10"":10}",same_action_reference_seed_44_base_118_physical_clockwise,39,39,39,1,1,1,1,1,,,,none,,,,,,,,,wolf,0,1,3,3,0,1,1,1,1
supplied_action_replay,same_action_seed_44_base_119,same_action_seed_44_base_119,44,119,reference_replay_pair,physical_clockwise,0,same_physical_actions,"{""1"":""werewolf"",""2"":""werewolf"",""3"":""villager"",""4"":""seer"",""5"":""witch"",""6"":""werewolf"",""7"":""villager"",""8"":""villager"",""9"":""hunter"",""10"":""villager""}","{""1"":1,""2"":2,""3"":3,""4"":4,""5"":5,""6"":6,""7"":7,""8"":8,""9"":9,""10"":10}",same_action_reference_seed_44_base_119_physical_clockwise,64,64,64,1,1,1,1,1,,,,none,,,,,,,,,wolf,0,1,4,4,0,4,0,1,1
supplied_action_replay,same_action_seed_44_base_120,same_action_seed_44_base_120,44,120,reference_replay_pair,physical_clockwise,0,same_physical_actions,"{""1"":""werewolf"",""2"":""villager"",""3"":""villager"",""4"":""villager"",""5"":""witch"",""6"":""werewolf"",""7"":""werewolf"",""8"":""villager"",""9"":""hunter"",""10"":""seer""}","{""1"":1,""2"":2,""3"":3,""4"":4,""5"":5,""6"":6,""7"":7,""8"":8,""9"":9,""10"":10}",same_action_reference_seed_44_base_120_physical_clockwise,69,69,69,1,1,1,1,1,,,,none,,,,,,,,,village,1,0,4,10,1,4,1,1,1
supplied_action_replay,same_action_seed_44_base_121,same_action_seed_44_base_121,44,121,reference_replay_pair,physical_clockwise,0,same_physical_actions,"{""1"":""werewolf"",""2"":""villager"",""3"":""hunter"",""4"":""villager"",""5"":""witch"",""6"":""werewolf"",""7"":""villager"",""8"":""seer"",""9"":""villager"",""10"":""werewolf""}","{""1"":1,""2"":2,""3"":3,""4"":4,""5"":5,""6"":6,""7"":7,""8"":8,""9"":9,""10"":10}",same_action_reference_seed_44_base_121_physical_clockwise,42,42,42,1,1,1,1,1,,,,none,,,,,,,,,village,1,0,2,8,1,2,0,1,1
supplied_action_replay,same_action_seed_44_base_122,same_action_seed_44_base_122,44,122,reference_replay_pair,physical_clockwise,0,same_physical_actions,"{""1"":""witch"",""2"":""seer"",""3"":""hunter"",""4"":""werewolf"",""5"":""villager"",""6"":""villager"",""7"":""werewolf"",""8"":""werewolf"",""9"":""villager"",""10"":""villager""}","{""1"":1,""2"":2,""3"":3,""4"":4,""5"":5,""6"":6,""7"":7,""8"":8,""9"":9,""10"":10}",same_action_reference_seed_44_base_122_physical_clockwise,55,55,55,1,1,1,1,1,,,,none,,,,,,,,,wolf,0,1,3,2,0,3,0,1,1
supplied_action_replay,same_action_seed_44_base_123,same_action_seed_44_base_123,44,123,reference_replay_pair,physical_clockwise,0,same_physical_actions,"{""1"":""villager"",""2"":""werewolf"",""3"":""werewolf"",""4"":""witch"",""5"":""hunter"",""6"":""villager"",""7"":""villager"",""8"":""villager"",""9"":""seer"",""10"":""werewolf""}","{""1"":1,""2"":2,""3"":3,""4"":4,""5"":5,""6"":6,""7"":7,""8"":8,""9"":9,""10"":10}",same_action_reference_seed_44_base_123_physical_clockwise,51,51,51,1,1,1,1,1,,,,none,,,,,,,,,village,1,0,3,9,1,3,1,1,1
supplied_action_replay,same_action_seed_44_base_124,same_action_seed_44_base_124,44,124,reference_replay_pair,physical_clockwise,0,same_physical_actions,"{""1"":""werewolf"",""2"":""villager"",""3"":""seer"",""4"":""hunter"",""5"":""villager"",""6"":""villager"",""7"":""werewolf"",""8"":""werewolf"",""9"":""villager"",""10"":""witch""}","{""1"":1,""2"":2,""3"":3,""4"":4,""5"":5,""6"":6,""7"":7,""8"":8,""9"":9,""10"":10}",same_action_reference_seed_44_base_124_physical_clockwise,37,37,37,1,1,1,1,1,,,,none,,,,,,,,,wolf,0,1,2,3,0,1,0,0,0
supplied_action_replay,same_action_seed_44_base_125,same_action_seed_44_base_125,44,125,reference_replay_pair,physical_clockwise,0,same_physical_actions,"{""1"":""villager"",""2"":""werewolf"",""3"":""villager"",""4"":""villager"",""5"":""werewolf"",""6"":""werewolf"",""7"":""hunter"",""8"":""villager"",""9"":""witch"",""10"":""seer""}","{""1"":1,""2"":2,""3"":3,""4"":4,""5"":5,""6"":6,""7"":7,""8"":8,""9"":9,""10"":10}",same_action_reference_seed_44_base_125_physical_clockwise,58,58,58,1,1,1,1,1,,,,none,,,,,,,,,village,1,0,4,10,1,4,0,1,1
supplied_action_replay,same_action_seed_44_base_126,same_action_seed_44_base_126,44,126,reference_replay_pair,physical_clockwise,0,same_physical_actions,"{""1"":""witch"",""2"":""villager"",""3"":""werewolf"",""4"":""werewolf"",""5"":""werewolf"",""6"":""villager"",""7"":""villager"",""8"":""seer"",""9"":""villager"",""10"":""hunter""}","{""1"":1,""2"":2,""3"":3,""4"":4,""5"":5,""6"":6,""7"":7,""8"":8,""9"":9,""10"":10}",same_action_reference_seed_44_base_126_physical_clockwise,58,58,58,1,1,1,1,1,,,,none,,,,,,,,,village,1,0,4,8,1,4,0,0,0
supplied_action_replay,same_action_seed_44_base_127,same_action_seed_44_base_127,44,127,reference_replay_pair,physical_clockwise,0,same_physical_actions,"{""1"":""witch"",""2"":""werewolf"",""3"":""villager"",""4"":""villager"",""5"":""villager"",""6"":""werewolf"",""7"":""hunter"",""8"":""villager"",""9"":""werewolf"",""10"":""seer""}","{""1"":1,""2"":2,""3"":3,""4"":4,""5"":5,""6"":6,""7"":7,""8"":8,""9"":9,""10"":10}",same_action_reference_seed_44_base_127_physical_clockwise,60,60,60,1,1,1,1,1,,,,none,,,,,,,,,wolf,0,1,4,10,1,4,0,1,1
supplied_action_replay,same_action_seed_44_base_128,same_action_seed_44_base_128,44,128,reference_replay_pair,physical_clockwise,0,same_physical_actions,"{""1"":""villager"",""2"":""werewolf"",""3"":""villager"",""4"":""hunter"",""5"":""werewolf"",""6"":""werewolf"",""7"":""villager"",""8"":""witch"",""9"":""seer"",""10"":""villager""}","{""1"":1,""2"":2,""3"":3,""4"":4,""5"":5,""6"":6,""7"":7,""8"":8,""9"":9,""10"":10}",same_action_reference_seed_44_base_128_physical_clockwise,66,66,66,1,1,1,1,1,,,,none,,,,,,,,,village,1,0,4,9,1,4,0,0,0
supplied_action_replay,same_action_seed_44_base_129,same_action_seed_44_base_129,44,129,reference_replay_pair,physical_clockwise,0,same_physical_actions,"{""1"":""werewolf"",""2"":""werewolf"",""3"":""werewolf"",""4"":""villager"",""5"":""villager"",""6"":""villager"",""7"":""witch"",""8"":""seer"",""9"":""hunter"",""10"":""villager""}","{""1"":1,""2"":2,""3"":3,""4"":4,""5"":5,""6"":6,""7"":7,""8"":8,""9"":9,""10"":10}",same_action_reference_seed_44_base_129_physical_clockwise,50,50,50,1,1,1,1,1,,,,none,,,,,,,,,village,1,0,3,8,0,2,0,1,1
supplied_action_replay,same_action_seed_44_base_130,same_action_seed_44_base_130,44,130,reference_replay_pair,physical_clockwise,0,same_physical_actions,"{""1"":""villager"",""2"":""werewolf"",""3"":""witch"",""4"":""seer"",""5"":""villager"",""6"":""villager"",""7"":""villager"",""8"":""hunter"",""9"":""werewolf"",""10"":""werewolf""}","{""1"":1,""2"":2,""3"":3,""4"":4,""5"":5,""6"":6,""7"":7,""8"":8,""9"":9,""10"":10}",same_action_reference_seed_44_base_130_physical_clockwise,66,66,66,1,1,1,1,1,,,,none,,,,,,,,,wolf,0,1,4,4,0,2,0,0,0
supplied_action_replay,same_action_seed_44_base_131,same_action_seed_44_base_131,44,131,reference_replay_pair,physical_clockwise,0,same_physical_actions,"{""1"":""hunter"",""2"":""werewolf"",""3"":""villager"",""4"":""villager"",""5"":""werewolf"",""6"":""villager"",""7"":""seer"",""8"":""werewolf"",""9"":""villager"",""10"":""witch""}","{""1"":1,""2"":2,""3"":3,""4"":4,""5"":5,""6"":6,""7"":7,""8"":8,""9"":9,""10"":10}",same_action_reference_seed_44_base_131_physical_clockwise,70,70,70,1,1,1,1,1,,,,none,,,,,,,,,wolf,0,1,5,7,0,4,1,1,1
supplied_action_replay,same_action_seed_44_base_132,same_action_seed_44_base_132,44,132,reference_replay_pair,physical_clockwise,0,same_physical_actions,"{""1"":""seer"",""2"":""witch"",""3"":""villager"",""4"":""villager"",""5"":""villager"",""6"":""hunter"",""7"":""werewolf"",""8"":""werewolf"",""9"":""werewolf"",""10"":""villager""}","{""1"":1,""2"":2,""3"":3,""4"":4,""5"":5,""6"":6,""7"":7,""8"":8,""9"":9,""10"":10}",same_action_reference_seed_44_base_132_physical_clockwise,69,69,69,1,1,1,1,1,,,,none,,,,,,,,,village,1,0,4,1,1,4,0,0,0
supplied_action_replay,same_action_seed_44_base_133,same_action_seed_44_base_133,44,133,reference_replay_pair,physical_clockwise,0,same_physical_actions,"{""1"":""villager"",""2"":""villager"",""3"":""werewolf"",""4"":""villager"",""5"":""witch"",""6"":""villager"",""7"":""werewolf"",""8"":""hunter"",""9"":""werewolf"",""10"":""seer""}","{""1"":1,""2"":2,""3"":3,""4"":4,""5"":5,""6"":6,""7"":7,""8"":8,""9"":9,""10"":10}",same_action_reference_seed_44_base_133_physical_clockwise,55,55,55,1,1,1,1,1,,,,none,,,,,,,,,wolf,0,1,4,10,0,1,0,0,0
supplied_action_replay,same_action_seed_44_base_134,same_action_seed_44_base_134,44,134,reference_replay_pair,physical_clockwise,0,same_physical_actions,"{""1"":""villager"",""2"":""werewolf"",""3"":""villager"",""4"":""villager"",""5"":""werewolf"",""6"":""witch"",""7"":""seer"",""8"":""werewolf"",""9"":""villager"",""10"":""hunter""}","{""1"":1,""2"":2,""3"":3,""4"":4,""5"":5,""6"":6,""7"":7,""8"":8,""9"":9,""10"":10}",same_action_reference_seed_44_base_134_physical_clockwise,57,57,57,1,1,1,1,1,,,,none,,,,,,,,,village,1,0,3,7,0,3,1,1,1
supplied_action_replay,same_action_seed_44_base_135,same_action_seed_44_base_135,44,135,reference_replay_pair,physical_clockwise,0,same_physical_actions,"{""1"":""werewolf"",""2"":""werewolf"",""3"":""seer"",""4"":""werewolf"",""5"":""villager"",""6"":""villager"",""7"":""villager"",""8"":""witch"",""9"":""villager"",""10"":""hunter""}","{""1"":1,""2"":2,""3"":3,""4"":4,""5"":5,""6"":6,""7"":7,""8"":8,""9"":9,""10"":10}",same_action_reference_seed_44_base_135_physical_clockwise,56,56,56,1,1,1,1,1,,,,none,,,,,,,,,village,1,0,3,3,1,3,1,1,1
supplied_action_replay,same_action_seed_44_base_136,same_action_seed_44_base_136,44,136,reference_replay_pair,physical_clockwise,0,same_physical_actions,"{""1"":""villager"",""2"":""werewolf"",""3"":""villager"",""4"":""seer"",""5"":""hunter"",""6"":""villager"",""7"":""werewolf"",""8"":""villager"",""9"":""witch"",""10"":""werewolf""}","{""1"":1,""2"":2,""3"":3,""4"":4,""5"":5,""6"":6,""7"":7,""8"":8,""9"":9,""10"":10}",same_action_reference_seed_44_base_136_physical_clockwise,41,41,41,1,1,1,1,1,,,,none,,,,,,,,,wolf,0,1,3,4,0,1,0,0,0
supplied_action_replay,same_action_seed_44_base_137,same_action_seed_44_base_137,44,137,reference_replay_pair,physical_clockwise,0,same_physical_actions,"{""1"":""werewolf"",""2"":""witch"",""3"":""werewolf"",""4"":""villager"",""5"":""villager"",""6"":""villager"",""7"":""hunter"",""8"":""werewolf"",""9"":""villager"",""10"":""seer""}","{""1"":1,""2"":2,""3"":3,""4"":4,""5"":5,""6"":6,""7"":7,""8"":8,""9"":9,""10"":10}",same_action_reference_seed_44_base_137_physical_clockwise,58,58,58,1,1,1,1,1,,,,none,,,,,,,,,wolf,0,1,4,10,0,2,1,1,1
supplied_action_replay,same_action_seed_44_base_138,same_action_seed_44_base_138,44,138,reference_replay_pair,physical_clockwise,0,same_physical_actions,"{""1"":""werewolf"",""2"":""seer"",""3"":""villager"",""4"":""witch"",""5"":""villager"",""6"":""hunter"",""7"":""werewolf"",""8"":""villager"",""9"":""villager"",""10"":""werewolf""}","{""1"":1,""2"":2,""3"":3,""4"":4,""5"":5,""6"":6,""7"":7,""8"":8,""9"":9,""10"":10}",same_action_reference_seed_44_base_138_physical_clockwise,67,67,67,1,1,1,1,1,,,,none,,,,,,,,,wolf,0,1,4,2,0,3,0,0,0
supplied_action_replay,same_action_seed_44_base_139,same_action_seed_44_base_139,44,139,reference_replay_pair,physical_clockwise,0,same_physical_actions,"{""1"":""werewolf"",""2"":""villager"",""3"":""hunter"",""4"":""werewolf"",""5"":""villager"",""6"":""seer"",""7"":""werewolf"",""8"":""villager"",""9"":""villager"",""10"":""witch""}","{""1"":1,""2"":2,""3"":3,""4"":4,""5"":5,""6"":6,""7"":7,""8"":8,""9"":9,""10"":10}",same_action_reference_seed_44_base_139_physical_clockwise,63,63,63,1,1,1,1,1,,,,none,,,,,,,,,wolf,0,1,4,6,0,3,1,1,1
supplied_action_replay,same_action_seed_44_base_140,same_action_seed_44_base_140,44,140,reference_replay_pair,physical_clockwise,0,same_physical_actions,"{""1"":""seer"",""2"":""villager"",""3"":""werewolf"",""4"":""witch"",""5"":""hunter"",""6"":""villager"",""7"":""villager"",""8"":""werewolf"",""9"":""werewolf"",""10"":""villager""}","{""1"":1,""2"":2,""3"":3,""4"":4,""5"":5,""6"":6,""7"":7,""8"":8,""9"":9,""10"":10}",same_action_reference_seed_44_base_140_physical_clockwise,51,51,51,1,1,1,1,1,,,,none,,,,,,,,,wolf,0,1,3,1,0,3,0,1,1
supplied_action_replay,same_action_seed_44_base_141,same_action_seed_44_base_141,44,141,reference_replay_pair,physical_clockwise,0,same_physical_actions,"{""1"":""villager"",""2"":""villager"",""3"":""werewolf"",""4"":""villager"",""5"":""villager"",""6"":""werewolf"",""7"":""seer"",""8"":""hunter"",""9"":""witch"",""10"":""werewolf""}","{""1"":1,""2"":2,""3"":3,""4"":4,""5"":5,""6"":6,""7"":7,""8"":8,""9"":9,""10"":10}",same_action_reference_seed_44_base_141_physical_clockwise,58,58,58,1,1,1,1,1,,,,none,,,,,,,,,village,1,0,4,7,1,4,0,0,0
supplied_action_replay,same_action_seed_44_base_142,same_action_seed_44_base_142,44,142,reference_replay_pair,physical_clockwise,0,same_physical_actions,"{""1"":""villager"",""2"":""villager"",""3"":""werewolf"",""4"":""witch"",""5"":""werewolf"",""6"":""villager"",""7"":""werewolf"",""8"":""villager"",""9"":""hunter"",""10"":""seer""}","{""1"":1,""2"":2,""3"":3,""4"":4,""5"":5,""6"":6,""7"":7,""8"":8,""9"":9,""10"":10}",same_action_reference_seed_44_base_142_physical_clockwise,42,42,42,1,1,1,1,1,,,,none,,,,,,,,,wolf,0,1,2,10,1,2,0,0,0
supplied_action_replay,same_action_seed_44_base_143,same_action_seed_44_base_143,44,143,reference_replay_pair,physical_clockwise,0,same_physical_actions,"{""1"":""hunter"",""2"":""werewolf"",""3"":""seer"",""4"":""werewolf"",""5"":""villager"",""6"":""werewolf"",""7"":""villager"",""8"":""villager"",""9"":""witch"",""10"":""villager""}","{""1"":1,""2"":2,""3"":3,""4"":4,""5"":5,""6"":6,""7"":7,""8"":8,""9"":9,""10"":10}",same_action_reference_seed_44_base_143_physical_clockwise,53,53,53,1,1,1,1,1,,,,none,,,,,,,,,village,1,0,3,3,0,2,1,1,1
supplied_action_replay,same_action_seed_44_base_144,same_action_seed_44_base_144,44,144,reference_replay_pair,physical_clockwise,0,same_physical_actions,"{""1"":""villager"",""2"":""hunter"",""3"":""villager"",""4"":""seer"",""5"":""werewolf"",""6"":""werewolf"",""7"":""villager"",""8"":""villager"",""9"":""werewolf"",""10"":""witch""}","{""1"":1,""2"":2,""3"":3,""4"":4,""5"":5,""6"":6,""7"":7,""8"":8,""9"":9,""10"":10}",same_action_reference_seed_44_base_144_physical_clockwise,42,42,42,1,1,1,1,1,,,,none,,,,,,,,,village,1,0,3,4,0,2,1,1,1
supplied_action_replay,same_action_seed_44_base_145,same_action_seed_44_base_145,44,145,reference_replay_pair,physical_clockwise,0,same_physical_actions,"{""1"":""werewolf"",""2"":""seer"",""3"":""villager"",""4"":""villager"",""5"":""werewolf"",""6"":""hunter"",""7"":""villager"",""8"":""werewolf"",""9"":""villager"",""10"":""witch""}","{""1"":1,""2"":2,""3"":3,""4"":4,""5"":5,""6"":6,""7"":7,""8"":8,""9"":9,""10"":10}",same_action_reference_seed_44_base_145_physical_clockwise,61,61,61,1,1,1,1,1,,,,none,,,,,,,,,village,1,0,4,2,1,4,0,0,1
supplied_action_replay,same_action_seed_44_base_146,same_action_seed_44_base_146,44,146,reference_replay_pair,physical_clockwise,0,same_physical_actions,"{""1"":""villager"",""2"":""werewolf"",""3"":""hunter"",""4"":""villager"",""5"":""villager"",""6"":""seer"",""7"":""villager"",""8"":""witch"",""9"":""werewolf"",""10"":""werewolf""}","{""1"":1,""2"":2,""3"":3,""4"":4,""5"":5,""6"":6,""7"":7,""8"":8,""9"":9,""10"":10}",same_action_reference_seed_44_base_146_physical_clockwise,57,57,57,1,1,1,1,1,,,,none,,,,,,,,,village,1,0,3,6,1,3,0,1,1
supplied_action_replay,same_action_seed_44_base_147,same_action_seed_44_base_147,44,147,reference_replay_pair,physical_clockwise,0,same_physical_actions,"{""1"":""villager"",""2"":""hunter"",""3"":""werewolf"",""4"":""villager"",""5"":""seer"",""6"":""werewolf"",""7"":""villager"",""8"":""werewolf"",""9"":""witch"",""10"":""villager""}","{""1"":1,""2"":2,""3"":3,""4"":4,""5"":5,""6"":6,""7"":7,""8"":8,""9"":9,""10"":10}",same_action_reference_seed_44_base_147_physical_clockwise,46,46,46,1,1,1,1,1,,,,none,,,,,,,,,village,1,0,3,5,1,3,1,1,1
supplied_action_replay,same_action_seed_44_base_148,same_action_seed_44_base_148,44,148,reference_replay_pair,physical_clockwise,0,same_physical_actions,"{""1"":""hunter"",""2"":""villager"",""3"":""villager"",""4"":""werewolf"",""5"":""villager"",""6"":""witch"",""7"":""werewolf"",""8"":""villager"",""9"":""seer"",""10"":""werewolf""}","{""1"":1,""2"":2,""3"":3,""4"":4,""5"":5,""6"":6,""7"":7,""8"":8,""9"":9,""10"":10}",same_action_reference_seed_44_base_148_physical_clockwise,58,58,58,1,1,1,1,1,,,,none,,,,,,,,,village,1,0,4,9,0,2,1,1,1
supplied_action_replay,same_action_seed_44_base_149,same_action_seed_44_base_149,44,149,reference_replay_pair,physical_clockwise,0,same_physical_actions,"{""1"":""werewolf"",""2"":""villager"",""3"":""villager"",""4"":""witch"",""5"":""villager"",""6"":""werewolf"",""7"":""seer"",""8"":""werewolf"",""9"":""hunter"",""10"":""villager""}","{""1"":1,""2"":2,""3"":3,""4"":4,""5"":5,""6"":6,""7"":7,""8"":8,""9"":9,""10"":10}",same_action_reference_seed_44_base_149_physical_clockwise,50,50,50,1,1,1,1,1,,,,none,,,,,,,,,village,1,0,3,7,1,3,1,1,1
supplied_action_replay,same_action_seed_44_base_150,same_action_seed_44_base_150,44,150,reference_replay_pair,physical_clockwise,0,same_physical_actions,"{""1"":""villager"",""2"":""villager"",""3"":""hunter"",""4"":""werewolf"",""5"":""werewolf"",""6"":""werewolf"",""7"":""seer"",""8"":""villager"",""9"":""witch"",""10"":""villager""}","{""1"":1,""2"":2,""3"":3,""4"":4,""5"":5,""6"":6,""7"":7,""8"":8,""9"":9,""10"":10}",same_action_reference_seed_44_base_150_physical_clockwise,38,38,38,1,1,1,1,1,,,,none,,,,,,,,,wolf,0,1,2,7,1,2,0,0,0
supplied_action_replay,same_action_seed_44_base_151,same_action_seed_44_base_151,44,151,reference_replay_pair,physical_clockwise,0,same_physical_actions,"{""1"":""seer"",""2"":""witch"",""3"":""werewolf"",""4"":""werewolf"",""5"":""hunter"",""6"":""werewolf"",""7"":""villager"",""8"":""villager"",""9"":""villager"",""10"":""villager""}","{""1"":1,""2"":2,""3"":3,""4"":4,""5"":5,""6"":6,""7"":7,""8"":8,""9"":9,""10"":10}",same_action_reference_seed_44_base_151_physical_clockwise,42,42,42,1,1,1,1,1,,,,none,,,,,,,,,wolf,0,1,3,1,0,2,0,1,1
supplied_action_replay,same_action_seed_44_base_152,same_action_seed_44_base_152,44,152,reference_replay_pair,physical_clockwise,0,same_physical_actions,"{""1"":""hunter"",""2"":""villager"",""3"":""witch"",""4"":""werewolf"",""5"":""villager"",""6"":""villager"",""7"":""werewolf"",""8"":""villager"",""9"":""seer"",""10"":""werewolf""}","{""1"":1,""2"":2,""3"":3,""4"":4,""5"":5,""6"":6,""7"":7,""8"":8,""9"":9,""10"":10}",same_action_reference_seed_44_base_152_physical_clockwise,47,47,47,1,1,1,1,1,,,,none,,,,,,,,,wolf,0,1,3,9,0,3,1,1,1
supplied_action_replay,same_action_seed_44_base_153,same_action_seed_44_base_153,44,153,reference_replay_pair,physical_clockwise,0,same_physical_actions,"{""1"":""hunter"",""2"":""villager"",""3"":""villager"",""4"":""werewolf"",""5"":""witch"",""6"":""werewolf"",""7"":""villager"",""8"":""werewolf"",""9"":""villager"",""10"":""seer""}","{""1"":1,""2"":2,""3"":3,""4"":4,""5"":5,""6"":6,""7"":7,""8"":8,""9"":9,""10"":10}",same_action_reference_seed_44_base_153_physical_clockwise,55,55,55,1,1,1,1,1,,,,none,,,,,,,,,wolf,0,1,4,10,0,1,0,0,0
supplied_action_replay,same_action_seed_44_base_154,same_action_seed_44_base_154,44,154,reference_replay_pair,physical_clockwise,0,same_physical_actions,"{""1"":""werewolf"",""2"":""villager"",""3"":""werewolf"",""4"":""hunter"",""5"":""villager"",""6"":""villager"",""7"":""villager"",""8"":""werewolf"",""9"":""witch"",""10"":""seer""}","{""1"":1,""2"":2,""3"":3,""4"":4,""5"":5,""6"":6,""7"":7,""8"":8,""9"":9,""10"":10}",same_action_reference_seed_44_base_154_physical_clockwise,70,70,70,1,1,1,1,1,,,,none,,,,,,,,,wolf,0,1,5,10,0,4,1,1,1
supplied_action_replay,same_action_seed_44_base_155,same_action_seed_44_base_155,44,155,reference_replay_pair,physical_clockwise,0,same_physical_actions,"{""1"":""werewolf"",""2"":""witch"",""3"":""werewolf"",""4"":""villager"",""5"":""villager"",""6"":""villager"",""7"":""hunter"",""8"":""seer"",""9"":""werewolf"",""10"":""villager""}","{""1"":1,""2"":2,""3"":3,""4"":4,""5"":5,""6"":6,""7"":7,""8"":8,""9"":9,""10"":10}",same_action_reference_seed_44_base_155_physical_clockwise,46,46,46,1,1,1,1,1,,,,none,,,,,,,,,village,1,0,3,8,1,3,1,1,1
supplied_action_replay,same_action_seed_44_base_156,same_action_seed_44_base_156,44,156,reference_replay_pair,physical_clockwise,0,same_physical_actions,"{""1"":""werewolf"",""2"":""seer"",""3"":""werewolf"",""4"":""villager"",""5"":""werewolf"",""6"":""witch"",""7"":""villager"",""8"":""villager"",""9"":""villager"",""10"":""hunter""}","{""1"":1,""2"":2,""3"":3,""4"":4,""5"":5,""6"":6,""7"":7,""8"":8,""9"":9,""10"":10}",same_action_reference_seed_44_base_156_physical_clockwise,43,43,43,1,1,1,1,1,,,,none,,,,,,,,,wolf,0,1,3,2,0,3,1,1,1
supplied_action_replay,same_action_seed_44_base_157,same_action_seed_44_base_157,44,157,reference_replay_pair,physical_clockwise,0,same_physical_actions,"{""1"":""werewolf"",""2"":""villager"",""3"":""hunter"",""4"":""werewolf"",""5"":""seer"",""6"":""villager"",""7"":""villager"",""8"":""werewolf"",""9"":""witch"",""10"":""villager""}","{""1"":1,""2"":2,""3"":3,""4"":4,""5"":5,""6"":6,""7"":7,""8"":8,""9"":9,""10"":10}",same_action_reference_seed_44_base_157_physical_clockwise,60,60,60,1,1,1,1,1,,,,none,,,,,,,,,village,1,0,4,5,1,4,0,0,1
supplied_action_replay,same_action_seed_44_base_158,same_action_seed_44_base_158,44,158,reference_replay_pair,physical_clockwise,0,same_physical_actions,"{""1"":""werewolf"",""2"":""werewolf"",""3"":""witch"",""4"":""villager"",""5"":""villager"",""6"":""villager"",""7"":""hunter"",""8"":""werewolf"",""9"":""seer"",""10"":""villager""}","{""1"":1,""2"":2,""3"":3,""4"":4,""5"":5,""6"":6,""7"":7,""8"":8,""9"":9,""10"":10}",same_action_reference_seed_44_base_158_physical_clockwise,58,58,58,1,1,1,1,1,,,,none,,,,,,,,,wolf,0,1,4,9,1,4,0,1,1
supplied_action_replay,same_action_seed_44_base_159,same_action_seed_44_base_159,44,159,reference_replay_pair,physical_clockwise,0,same_physical_actions,"{""1"":""seer"",""2"":""villager"",""3"":""werewolf"",""4"":""hunter"",""5"":""villager"",""6"":""villager"",""7"":""werewolf"",""8"":""werewolf"",""9"":""villager"",""10"":""witch""}","{""1"":1,""2"":2,""3"":3,""4"":4,""5"":5,""6"":6,""7"":7,""8"":8,""9"":9,""10"":10}",same_action_reference_seed_44_base_159_physical_clockwise,55,55,55,1,1,1,1,1,,,,none,,,,,,,,,wolf,0,1,4,1,0,3,0,1,1
supplied_action_replay,same_action_seed_44_base_160,same_action_seed_44_base_160,44,160,reference_replay_pair,physical_clockwise,0,same_physical_actions,"{""1"":""werewolf"",""2"":""villager"",""3"":""hunter"",""4"":""villager"",""5"":""villager"",""6"":""villager"",""7"":""werewolf"",""8"":""witch"",""9"":""werewolf"",""10"":""seer""}","{""1"":1,""2"":2,""3"":3,""4"":4,""5"":5,""6"":6,""7"":7,""8"":8,""9"":9,""10"":10}",same_action_reference_seed_44_base_160_physical_clockwise,53,53,53,1,1,1,1,1,,,,none,,,,,,,,,wolf,0,1,4,10,0,3,1,1,1
supplied_action_replay,same_action_seed_44_base_161,same_action_seed_44_base_161,44,161,reference_replay_pair,physical_clockwise,0,same_physical_actions,"{""1"":""witch"",""2"":""werewolf"",""3"":""werewolf"",""4"":""villager"",""5"":""werewolf"",""6"":""villager"",""7"":""villager"",""8"":""hunter"",""9"":""villager"",""10"":""seer""}","{""1"":1,""2"":2,""3"":3,""4"":4,""5"":5,""6"":6,""7"":7,""8"":8,""9"":9,""10"":10}",same_action_reference_seed_44_base_161_physical_clockwise,54,54,54,1,1,1,1,1,,,,none,,,,,,,,,village,1,0,3,10,0,3,0,1,1
supplied_action_replay,same_action_seed_44_base_162,same_action_seed_44_base_162,44,162,reference_replay_pair,physical_clockwise,0,same_physical_actions,"{""1"":""werewolf"",""2"":""villager"",""3"":""villager"",""4"":""villager"",""5"":""hunter"",""6"":""witch"",""7"":""werewolf"",""8"":""seer"",""9"":""villager"",""10"":""werewolf""}","{""1"":1,""2"":2,""3"":3,""4"":4,""5"":5,""6"":6,""7"":7,""8"":8,""9"":9,""10"":10}",same_action_reference_seed_44_base_162_physical_clockwise,52,52,52,1,1,1,1,1,,,,none,,,,,,,,,village,1,0,3,8,0,3,0,1,1
supplied_action_replay,same_action_seed_44_base_163,same_action_seed_44_base_163,44,163,reference_replay_pair,physical_clockwise,0,same_physical_actions,"{""1"":""werewolf"",""2"":""werewolf"",""3"":""villager"",""4"":""hunter"",""5"":""werewolf"",""6"":""seer"",""7"":""villager"",""8"":""witch"",""9"":""villager"",""10"":""villager""}","{""1"":1,""2"":2,""3"":3,""4"":4,""5"":5,""6"":6,""7"":7,""8"":8,""9"":9,""10"":10}",same_action_reference_seed_44_base_163_physical_clockwise,44,44,44,1,1,1,1,1,,,,none,,,,,,,,,wolf,0,1,2,6,0,2,0,0,0
supplied_action_replay,same_action_seed_44_base_164,same_action_seed_44_base_164,44,164,reference_replay_pair,physical_clockwise,0,same_physical_actions,"{""1"":""seer"",""2"":""villager"",""3"":""hunter"",""4"":""villager"",""5"":""werewolf"",""6"":""villager"",""7"":""werewolf"",""8"":""werewolf"",""9"":""witch"",""10"":""villager""}","{""1"":1,""2"":2,""3"":3,""4"":4,""5"":5,""6"":6,""7"":7,""8"":8,""9"":9,""10"":10}",same_action_reference_seed_44_base_164_physical_clockwise,54,54,54,1,1,1,1,1,,,,none,,,,,,,,,village,1,0,3,1,0,2,0,0,0
supplied_action_replay,same_action_seed_44_base_165,same_action_seed_44_base_165,44,165,reference_replay_pair,physical_clockwise,0,same_physical_actions,"{""1"":""werewolf"",""2"":""witch"",""3"":""villager"",""4"":""werewolf"",""5"":""seer"",""6"":""werewolf"",""7"":""villager"",""8"":""villager"",""9"":""villager"",""10"":""hunter""}","{""1"":1,""2"":2,""3"":3,""4"":4,""5"":5,""6"":6,""7"":7,""8"":8,""9"":9,""10"":10}",same_action_reference_seed_44_base_165_physical_clockwise,63,63,63,1,1,1,1,1,,,,none,,,,,,,,,wolf,0,1,4,5,0,3,1,1,1
supplied_action_replay,same_action_seed_44_base_166,same_action_seed_44_base_166,44,166,reference_replay_pair,physical_clockwise,0,same_physical_actions,"{""1"":""villager"",""2"":""villager"",""3"":""villager"",""4"":""seer"",""5"":""hunter"",""6"":""werewolf"",""7"":""villager"",""8"":""witch"",""9"":""werewolf"",""10"":""werewolf""}","{""1"":1,""2"":2,""3"":3,""4"":4,""5"":5,""6"":6,""7"":7,""8"":8,""9"":9,""10"":10}",same_action_reference_seed_44_base_166_physical_clockwise,42,42,42,1,1,1,1,1,,,,none,,,,,,,,,village,1,0,2,4,1,2,0,1,1
supplied_action_replay,same_action_seed_44_base_167,same_action_seed_44_base_167,44,167,reference_replay_pair,physical_clockwise,0,same_physical_actions,"{""1"":""witch"",""2"":""villager"",""3"":""villager"",""4"":""seer"",""5"":""werewolf"",""6"":""villager"",""7"":""werewolf"",""8"":""werewolf"",""9"":""villager"",""10"":""hunter""}","{""1"":1,""2"":2,""3"":3,""4"":4,""5"":5,""6"":6,""7"":7,""8"":8,""9"":9,""10"":10}",same_action_reference_seed_44_base_167_physical_clockwise,46,46,46,1,1,1,1,1,,,,none,,,,,,,,,village,1,0,3,4,1,3,1,1,1
supplied_action_replay,same_action_seed_44_base_168,same_action_seed_44_base_168,44,168,reference_replay_pair,physical_clockwise,0,same_physical_actions,"{""1"":""villager"",""2"":""werewolf"",""3"":""villager"",""4"":""seer"",""5"":""villager"",""6"":""werewolf"",""7"":""hunter"",""8"":""witch"",""9"":""villager"",""10"":""werewolf""}","{""1"":1,""2"":2,""3"":3,""4"":4,""5"":5,""6"":6,""7"":7,""8"":8,""9"":9,""10"":10}",same_action_reference_seed_44_base_168_physical_clockwise,59,59,59,1,1,1,1,1,,,,none,,,,,,,,,wolf,0,1,4,4,0,3,0,1,1
supplied_action_replay,same_action_seed_44_base_169,same_action_seed_44_base_169,44,169,reference_replay_pair,physical_clockwise,0,same_physical_actions,"{""1"":""werewolf"",""2"":""villager"",""3"":""villager"",""4"":""villager"",""5"":""villager"",""6"":""werewolf"",""7"":""werewolf"",""8"":""witch"",""9"":""seer"",""10"":""hunter""}","{""1"":1,""2"":2,""3"":3,""4"":4,""5"":5,""6"":6,""7"":7,""8"":8,""9"":9,""10"":10}",same_action_reference_seed_44_base_169_physical_clockwise,43,43,43,1,1,1,1,1,,,,none,,,,,,,,,wolf,0,1,3,9,1,3,0,1,1
supplied_action_replay,same_action_seed_44_base_170,same_action_seed_44_base_170,44,170,reference_replay_pair,physical_clockwise,0,same_physical_actions,"{""1"":""villager"",""2"":""werewolf"",""3"":""werewolf"",""4"":""villager"",""5"":""seer"",""6"":""villager"",""7"":""werewolf"",""8"":""witch"",""9"":""hunter"",""10"":""villager""}","{""1"":1,""2"":2,""3"":3,""4"":4,""5"":5,""6"":6,""7"":7,""8"":8,""9"":9,""10"":10}",same_action_reference_seed_44_base_170_physical_clockwise,57,57,57,1,1,1,1,1,,,,none,,,,,,,,,wolf,0,1,3,5,0,3,0,1,1
supplied_action_replay,same_action_seed_44_base_171,same_action_seed_44_base_171,44,171,reference_replay_pair,physical_clockwise,0,same_physical_actions,"{""1"":""hunter"",""2"":""villager"",""3"":""werewolf"",""4"":""villager"",""5"":""werewolf"",""6"":""witch"",""7"":""werewolf"",""8"":""villager"",""9"":""seer"",""10"":""villager""}","{""1"":1,""2"":2,""3"":3,""4"":4,""5"":5,""6"":6,""7"":7,""8"":8,""9"":9,""10"":10}",same_action_reference_seed_44_base_171_physical_clockwise,49,49,49,1,1,1,1,1,,,,none,,,,,,,,,wolf,0,1,3,9,0,1,0,0,0
supplied_action_replay,same_action_seed_44_base_172,same_action_seed_44_base_172,44,172,reference_replay_pair,physical_clockwise,0,same_physical_actions,"{""1"":""hunter"",""2"":""werewolf"",""3"":""seer"",""4"":""villager"",""5"":""witch"",""6"":""villager"",""7"":""werewolf"",""8"":""werewolf"",""9"":""villager"",""10"":""villager""}","{""1"":1,""2"":2,""3"":3,""4"":4,""5"":5,""6"":6,""7"":7,""8"":8,""9"":9,""10"":10}",same_action_reference_seed_44_base_172_physical_clockwise,60,60,60,1,1,1,1,1,,,,none,,,,,,,,,wolf,0,1,4,3,1,4,0,0,0
supplied_action_replay,same_action_seed_44_base_173,same_action_seed_44_base_173,44,173,reference_replay_pair,physical_clockwise,0,same_physical_actions,"{""1"":""villager"",""2"":""seer"",""3"":""werewolf"",""4"":""witch"",""5"":""villager"",""6"":""hunter"",""7"":""werewolf"",""8"":""villager"",""9"":""werewolf"",""10"":""villager""}","{""1"":1,""2"":2,""3"":3,""4"":4,""5"":5,""6"":6,""7"":7,""8"":8,""9"":9,""10"":10}",same_action_reference_seed_44_base_173_physical_clockwise,56,56,56,1,1,1,1,1,,,,none,,,,,,,,,wolf,0,1,3,2,0,2,1,1,1
supplied_action_replay,same_action_seed_44_base_174,same_action_seed_44_base_174,44,174,reference_replay_pair,physical_clockwise,0,same_physical_actions,"{""1"":""villager"",""2"":""werewolf"",""3"":""hunter"",""4"":""werewolf"",""5"":""seer"",""6"":""villager"",""7"":""villager"",""8"":""witch"",""9"":""villager"",""10"":""werewolf""}","{""1"":1,""2"":2,""3"":3,""4"":4,""5"":5,""6"":6,""7"":7,""8"":8,""9"":9,""10"":10}",same_action_reference_seed_44_base_174_physical_clockwise,44,44,44,1,1,1,1,1,,,,none,,,,,,,,,wolf,0,1,2,5,1,2,0,0,0
supplied_action_replay,same_action_seed_44_base_175,same_action_seed_44_base_175,44,175,reference_replay_pair,physical_clockwise,0,same_physical_actions,"{""1"":""werewolf"",""2"":""werewolf"",""3"":""villager"",""4"":""villager"",""5"":""witch"",""6"":""hunter"",""7"":""villager"",""8"":""werewolf"",""9"":""seer"",""10"":""villager""}","{""1"":1,""2"":2,""3"":3,""4"":4,""5"":5,""6"":6,""7"":7,""8"":8,""9"":9,""10"":10}",same_action_reference_seed_44_base_175_physical_clockwise,41,41,41,1,1,1,1,1,,,,none,,,,,,,,,wolf,0,1,3,9,0,1,0,0,0
supplied_action_replay,same_action_seed_44_base_176,same_action_seed_44_base_176,44,176,reference_replay_pair,physical_clockwise,0,same_physical_actions,"{""1"":""witch"",""2"":""seer"",""3"":""werewolf"",""4"":""villager"",""5"":""villager"",""6"":""hunter"",""7"":""villager"",""8"":""werewolf"",""9"":""villager"",""10"":""werewolf""}","{""1"":1,""2"":2,""3"":3,""4"":4,""5"":5,""6"":6,""7"":7,""8"":8,""9"":9,""10"":10}",same_action_reference_seed_44_base_176_physical_clockwise,58,58,58,1,1,1,1,1,,,,none,,,,,,,,,wolf,0,1,4,2,0,2,1,1,1
supplied_action_replay,same_action_seed_44_base_177,same_action_seed_44_base_177,44,177,reference_replay_pair,physical_clockwise,0,same_physical_actions,"{""1"":""werewolf"",""2"":""werewolf"",""3"":""villager"",""4"":""werewolf"",""5"":""hunter"",""6"":""seer"",""7"":""villager"",""8"":""villager"",""9"":""witch"",""10"":""villager""}","{""1"":1,""2"":2,""3"":3,""4"":4,""5"":5,""6"":6,""7"":7,""8"":8,""9"":9,""10"":10}",same_action_reference_seed_44_base_177_physical_clockwise,24,24,24,1,1,1,1,1,,,,none,,,,,,,,,wolf,0,1,2,6,1,2,0,0,0
supplied_action_replay,same_action_seed_44_base_178,same_action_seed_44_base_178,44,178,reference_replay_pair,physical_clockwise,0,same_physical_actions,"{""1"":""werewolf"",""2"":""villager"",""3"":""villager"",""4"":""werewolf"",""5"":""hunter"",""6"":""villager"",""7"":""werewolf"",""8"":""witch"",""9"":""seer"",""10"":""villager""}","{""1"":1,""2"":2,""3"":3,""4"":4,""5"":5,""6"":6,""7"":7,""8"":8,""9"":9,""10"":10}",same_action_reference_seed_44_base_178_physical_clockwise,62,62,62,1,1,1,1,1,,,,none,,,,,,,,,wolf,0,1,4,9,0,2,0,1,1
supplied_action_replay,same_action_seed_44_base_179,same_action_seed_44_base_179,44,179,reference_replay_pair,physical_clockwise,0,same_physical_actions,"{""1"":""hunter"",""2"":""werewolf"",""3"":""seer"",""4"":""villager"",""5"":""villager"",""6"":""villager"",""7"":""werewolf"",""8"":""witch"",""9"":""villager"",""10"":""werewolf""}","{""1"":1,""2"":2,""3"":3,""4"":4,""5"":5,""6"":6,""7"":7,""8"":8,""9"":9,""10"":10}",same_action_reference_seed_44_base_179_physical_clockwise,54,54,54,1,1,1,1,1,,,,none,,,,,,,,,wolf,0,1,3,3,0,2,0,0,0
supplied_action_replay,same_action_seed_44_base_180,same_action_seed_44_base_180,44,180,reference_replay_pair,physical_clockwise,0,same_physical_actions,"{""1"":""seer"",""2"":""hunter"",""3"":""villager"",""4"":""werewolf"",""5"":""villager"",""6"":""werewolf"",""7"":""villager"",""8"":""werewolf"",""9"":""villager"",""10"":""witch""}","{""1"":1,""2"":2,""3"":3,""4"":4,""5"":5,""6"":6,""7"":7,""8"":8,""9"":9,""10"":10}",same_action_reference_seed_44_base_180_physical_clockwise,60,60,60,1,1,1,1,1,,,,none,,,,,,,,,wolf,0,1,4,1,0,4,0,0,0
supplied_action_replay,same_action_seed_44_base_181,same_action_seed_44_base_181,44,181,reference_replay_pair,physical_clockwise,0,same_physical_actions,"{""1"":""villager"",""2"":""werewolf"",""3"":""villager"",""4"":""villager"",""5"":""hunter"",""6"":""witch"",""7"":""werewolf"",""8"":""villager"",""9"":""werewolf"",""10"":""seer""}","{""1"":1,""2"":2,""3"":3,""4"":4,""5"":5,""6"":6,""7"":7,""8"":8,""9"":9,""10"":10}",same_action_reference_seed_44_base_181_physical_clockwise,64,64,64,1,1,1,1,1,,,,none,,,,,,,,,wolf,0,1,4,10,0,4,0,1,1
supplied_action_replay,same_action_seed_44_base_182,same_action_seed_44_base_182,44,182,reference_replay_pair,physical_clockwise,0,same_physical_actions,"{""1"":""seer"",""2"":""werewolf"",""3"":""villager"",""4"":""villager"",""5"":""werewolf"",""6"":""witch"",""7"":""villager"",""8"":""hunter"",""9"":""werewolf"",""10"":""villager""}","{""1"":1,""2"":2,""3"":3,""4"":4,""5"":5,""6"":6,""7"":7,""8"":8,""9"":9,""10"":10}",same_action_reference_seed_44_base_182_physical_clockwise,45,45,45,1,1,1,1,1,,,,none,,,,,,,,,village,1,0,3,1,0,3,1,1,1
supplied_action_replay,same_action_seed_44_base_183,same_action_seed_44_base_183,44,183,reference_replay_pair,physical_clockwise,0,same_physical_actions,"{""1"":""hunter"",""2"":""villager"",""3"":""villager"",""4"":""witch"",""5"":""werewolf"",""6"":""villager"",""7"":""villager"",""8"":""werewolf"",""9"":""seer"",""10"":""werewolf""}","{""1"":1,""2"":2,""3"":3,""4"":4,""5"":5,""6"":6,""7"":7,""8"":8,""9"":9,""10"":10}",same_action_reference_seed_44_base_183_physical_clockwise,48,48,48,1,1,1,1,1,,,,none,,,,,,,,,village,1,0,3,9,0,1,1,1,1
supplied_action_replay,same_action_seed_44_base_184,same_action_seed_44_base_184,44,184,reference_replay_pair,physical_clockwise,0,same_physical_actions,"{""1"":""villager"",""2"":""witch"",""3"":""werewolf"",""4"":""werewolf"",""5"":""villager"",""6"":""werewolf"",""7"":""hunter"",""8"":""villager"",""9"":""villager"",""10"":""seer""}","{""1"":1,""2"":2,""3"":3,""4"":4,""5"":5,""6"":6,""7"":7,""8"":8,""9"":9,""10"":10}",same_action_reference_seed_44_base_184_physical_clockwise,56,56,56,1,1,1,1,1,,,,none,,,,,,,,,wolf,0,1,4,10,0,2,0,0,0
supplied_action_replay,same_action_seed_44_base_185,same_action_seed_44_base_185,44,185,reference_replay_pair,physical_clockwise,0,same_physical_actions,"{""1"":""hunter"",""2"":""villager"",""3"":""werewolf"",""4"":""witch"",""5"":""villager"",""6"":""seer"",""7"":""werewolf"",""8"":""werewolf"",""9"":""villager"",""10"":""villager""}","{""1"":1,""2"":2,""3"":3,""4"":4,""5"":5,""6"":6,""7"":7,""8"":8,""9"":9,""10"":10}",same_action_reference_seed_44_base_185_physical_clockwise,60,60,60,1,1,1,1,1,,,,none,,,,,,,,,wolf,0,1,4,6,1,4,1,1,1
supplied_action_replay,same_action_seed_44_base_186,same_action_seed_44_base_186,44,186,reference_replay_pair,physical_clockwise,0,same_physical_actions,"{""1"":""seer"",""2"":""werewolf"",""3"":""werewolf"",""4"":""villager"",""5"":""villager"",""6"":""witch"",""7"":""villager"",""8"":""werewolf"",""9"":""villager"",""10"":""hunter""}","{""1"":1,""2"":2,""3"":3,""4"":4,""5"":5,""6"":6,""7"":7,""8"":8,""9"":9,""10"":10}",same_action_reference_seed_44_base_186_physical_clockwise,51,51,51,1,1,1,1,1,,,,none,,,,,,,,,village,1,0,3,1,0,3,1,1,1
supplied_action_replay,same_action_seed_44_base_187,same_action_seed_44_base_187,44,187,reference_replay_pair,physical_clockwise,0,same_physical_actions,"{""1"":""villager"",""2"":""werewolf"",""3"":""witch"",""4"":""villager"",""5"":""hunter"",""6"":""villager"",""7"":""werewolf"",""8"":""villager"",""9"":""werewolf"",""10"":""seer""}","{""1"":1,""2"":2,""3"":3,""4"":4,""5"":5,""6"":6,""7"":7,""8"":8,""9"":9,""10"":10}",same_action_reference_seed_44_base_187_physical_clockwise,44,44,44,1,1,1,1,1,,,,none,,,,,,,,,village,1,0,3,10,0,2,0,1,1
supplied_action_replay,same_action_seed_44_base_188,same_action_seed_44_base_188,44,188,reference_replay_pair,physical_clockwise,0,same_physical_actions,"{""1"":""villager"",""2"":""witch"",""3"":""werewolf"",""4"":""seer"",""5"":""villager"",""6"":""werewolf"",""7"":""hunter"",""8"":""villager"",""9"":""villager"",""10"":""werewolf""}","{""1"":1,""2"":2,""3"":3,""4"":4,""5"":5,""6"":6,""7"":7,""8"":8,""9"":9,""10"":10}",same_action_reference_seed_44_base_188_physical_clockwise,59,59,59,1,1,1,1,1,,,,none,,,,,,,,,village,1,0,4,4,0,4,0,1,1
supplied_action_replay,same_action_seed_44_base_189,same_action_seed_44_base_189,44,189,reference_replay_pair,physical_clockwise,0,same_physical_actions,"{""1"":""villager"",""2"":""werewolf"",""3"":""seer"",""4"":""villager"",""5"":""werewolf"",""6"":""villager"",""7"":""villager"",""8"":""hunter"",""9"":""witch"",""10"":""werewolf""}","{""1"":1,""2"":2,""3"":3,""4"":4,""5"":5,""6"":6,""7"":7,""8"":8,""9"":9,""10"":10}",same_action_reference_seed_44_base_189_physical_clockwise,52,52,52,1,1,1,1,1,,,,none,,,,,,,,,village,1,0,3,3,0,1,0,0,0
supplied_action_replay,same_action_seed_44_base_190,same_action_seed_44_base_190,44,190,reference_replay_pair,physical_clockwise,0,same_physical_actions,"{""1"":""villager"",""2"":""werewolf"",""3"":""witch"",""4"":""hunter"",""5"":""werewolf"",""6"":""villager"",""7"":""werewolf"",""8"":""seer"",""9"":""villager"",""10"":""villager""}","{""1"":1,""2"":2,""3"":3,""4"":4,""5"":5,""6"":6,""7"":7,""8"":8,""9"":9,""10"":10}",same_action_reference_seed_44_base_190_physical_clockwise,42,42,42,1,1,1,1,1,,,,none,,,,,,,,,wolf,0,1,2,8,0,2,0,0,0
supplied_action_replay,same_action_seed_44_base_191,same_action_seed_44_base_191,44,191,reference_replay_pair,physical_clockwise,0,same_physical_actions,"{""1"":""werewolf"",""2"":""hunter"",""3"":""villager"",""4"":""villager"",""5"":""witch"",""6"":""werewolf"",""7"":""villager"",""8"":""villager"",""9"":""seer"",""10"":""werewolf""}","{""1"":1,""2"":2,""3"":3,""4"":4,""5"":5,""6"":6,""7"":7,""8"":8,""9"":9,""10"":10}",same_action_reference_seed_44_base_191_physical_clockwise,48,48,48,1,1,1,1,1,,,,none,,,,,,,,,village,1,0,3,9,1,3,1,1,1
supplied_action_replay,same_action_seed_44_base_192,same_action_seed_44_base_192,44,192,reference_replay_pair,physical_clockwise,0,same_physical_actions,"{""1"":""werewolf"",""2"":""hunter"",""3"":""villager"",""4"":""werewolf"",""5"":""villager"",""6"":""villager"",""7"":""werewolf"",""8"":""seer"",""9"":""villager"",""10"":""witch""}","{""1"":1,""2"":2,""3"":3,""4"":4,""5"":5,""6"":6,""7"":7,""8"":8,""9"":9,""10"":10}",same_action_reference_seed_44_base_192_physical_clockwise,41,41,41,1,1,1,1,1,,,,none,,,,,,,,,wolf,0,1,2,8,0,1,0,0,0
supplied_action_replay,same_action_seed_44_base_193,same_action_seed_44_base_193,44,193,reference_replay_pair,physical_clockwise,0,same_physical_actions,"{""1"":""hunter"",""2"":""seer"",""3"":""werewolf"",""4"":""villager"",""5"":""werewolf"",""6"":""werewolf"",""7"":""witch"",""8"":""villager"",""9"":""villager"",""10"":""villager""}","{""1"":1,""2"":2,""3"":3,""4"":4,""5"":5,""6"":6,""7"":7,""8"":8,""9"":9,""10"":10}",same_action_reference_seed_44_base_193_physical_clockwise,65,65,65,1,1,1,1,1,,,,none,,,,,,,,,wolf,0,1,4,2,0,3,1,1,1
supplied_action_replay,same_action_seed_44_base_194,same_action_seed_44_base_194,44,194,reference_replay_pair,physical_clockwise,0,same_physical_actions,"{""1"":""villager"",""2"":""werewolf"",""3"":""witch"",""4"":""werewolf"",""5"":""villager"",""6"":""werewolf"",""7"":""villager"",""8"":""hunter"",""9"":""seer"",""10"":""villager""}","{""1"":1,""2"":2,""3"":3,""4"":4,""5"":5,""6"":6,""7"":7,""8"":8,""9"":9,""10"":10}",same_action_reference_seed_44_base_194_physical_clockwise,55,55,55,1,1,1,1,1,,,,none,,,,,,,,,village,1,0,3,9,0,3,0,0,0
supplied_action_replay,same_action_seed_44_base_195,same_action_seed_44_base_195,44,195,reference_replay_pair,physical_clockwise,0,same_physical_actions,"{""1"":""seer"",""2"":""werewolf"",""3"":""werewolf"",""4"":""witch"",""5"":""villager"",""6"":""hunter"",""7"":""werewolf"",""8"":""villager"",""9"":""villager"",""10"":""villager""}","{""1"":1,""2"":2,""3"":3,""4"":4,""5"":5,""6"":6,""7"":7,""8"":8,""9"":9,""10"":10}",same_action_reference_seed_44_base_195_physical_clockwise,23,23,23,1,1,1,1,1,,,,none,,,,,,,,,village,1,0,2,1,1,2,1,1,1
supplied_action_replay,same_action_seed_44_base_196,same_action_seed_44_base_196,44,196,reference_replay_pair,physical_clockwise,0,same_physical_actions,"{""1"":""witch"",""2"":""werewolf"",""3"":""villager"",""4"":""werewolf"",""5"":""werewolf"",""6"":""villager"",""7"":""seer"",""8"":""hunter"",""9"":""villager"",""10"":""villager""}","{""1"":1,""2"":2,""3"":3,""4"":4,""5"":5,""6"":6,""7"":7,""8"":8,""9"":9,""10"":10}",same_action_reference_seed_44_base_196_physical_clockwise,42,42,42,1,1,1,1,1,,,,none,,,,,,,,,wolf,0,1,2,7,1,2,0,0,0
supplied_action_replay,same_action_seed_44_base_197,same_action_seed_44_base_197,44,197,reference_replay_pair,physical_clockwise,0,same_physical_actions,"{""1"":""werewolf"",""2"":""witch"",""3"":""villager"",""4"":""villager"",""5"":""villager"",""6"":""villager"",""7"":""hunter"",""8"":""werewolf"",""9"":""seer"",""10"":""werewolf""}","{""1"":1,""2"":2,""3"":3,""4"":4,""5"":5,""6"":6,""7"":7,""8"":8,""9"":9,""10"":10}",same_action_reference_seed_44_base_197_physical_clockwise,63,63,63,1,1,1,1,1,,,,none,,,,,,,,,wolf,0,1,4,9,0,3,1,1,1
supplied_action_replay,same_action_seed_44_base_198,same_action_seed_44_base_198,44,198,reference_replay_pair,physical_clockwise,0,same_physical_actions,"{""1"":""seer"",""2"":""villager"",""3"":""villager"",""4"":""werewolf"",""5"":""werewolf"",""6"":""werewolf"",""7"":""hunter"",""8"":""villager"",""9"":""villager"",""10"":""witch""}","{""1"":1,""2"":2,""3"":3,""4"":4,""5"":5,""6"":6,""7"":7,""8"":8,""9"":9,""10"":10}",same_action_reference_seed_44_base_198_physical_clockwise,67,67,67,1,1,1,1,1,,,,none,,,,,,,,,village,1,0,4,1,1,4,0,0,1
supplied_action_replay,same_action_seed_44_base_199,same_action_seed_44_base_199,44,199,reference_replay_pair,physical_clockwise,0,same_physical_actions,"{""1"":""villager"",""2"":""villager"",""3"":""werewolf"",""4"":""seer"",""5"":""villager"",""6"":""werewolf"",""7"":""villager"",""8"":""witch"",""9"":""werewolf"",""10"":""hunter""}","{""1"":1,""2"":2,""3"":3,""4"":4,""5"":5,""6"":6,""7"":7,""8"":8,""9"":9,""10"":10}",same_action_reference_seed_44_base_199_physical_clockwise,60,60,60,1,1,1,1,1,,,,none,,,,,,,,,wolf,0,1,4,4,1,4,0,1,1
supplied_action_replay,same_action_seed_44_base_200,same_action_seed_44_base_200,44,200,reference_replay_pair,physical_clockwise,0,same_physical_actions,"{""1"":""villager"",""2"":""hunter"",""3"":""seer"",""4"":""villager"",""5"":""witch"",""6"":""werewolf"",""7"":""werewolf"",""8"":""villager"",""9"":""werewolf"",""10"":""villager""}","{""1"":1,""2"":2,""3"":3,""4"":4,""5"":5,""6"":6,""7"":7,""8"":8,""9"":9,""10"":10}",same_action_reference_seed_44_base_200_physical_clockwise,53,53,53,1,1,1,1,1,,,,none,,,,,,,,,wolf,0,1,3,3,0,1,0,0,0
supplied_action_replay,same_action_seed_45_base_1,same_action_seed_45_base_1,45,1,reference_replay_pair,physical_clockwise,0,same_physical_actions,"{""1"":""villager"",""2"":""hunter"",""3"":""seer"",""4"":""werewolf"",""5"":""villager"",""6"":""witch"",""7"":""villager"",""8"":""villager"",""9"":""werewolf"",""10"":""werewolf""}","{""1"":1,""2"":2,""3"":3,""4"":4,""5"":5,""6"":6,""7"":7,""8"":8,""9"":9,""10"":10}",same_action_reference_seed_45_base_1_physical_clockwise,66,66,66,1,1,1,1,1,,,,none,,,,,,,,,village,1,0,4,3,1,4,1,1,1
supplied_action_replay,same_action_seed_45_base_2,same_action_seed_45_base_2,45,2,reference_replay_pair,physical_clockwise,0,same_physical_actions,"{""1"":""villager"",""2"":""villager"",""3"":""werewolf"",""4"":""hunter"",""5"":""villager"",""6"":""villager"",""7"":""werewolf"",""8"":""witch"",""9"":""werewolf"",""10"":""seer""}","{""1"":1,""2"":2,""3"":3,""4"":4,""5"":5,""6"":6,""7"":7,""8"":8,""9"":9,""10"":10}",same_action_reference_seed_45_base_2_physical_clockwise,58,58,58,1,1,1,1,1,,,,none,,,,,,,,,village,1,0,4,10,1,4,0,1,1
supplied_action_replay,same_action_seed_45_base_3,same_action_seed_45_base_3,45,3,reference_replay_pair,physical_clockwise,0,same_physical_actions,"{""1"":""villager"",""2"":""witch"",""3"":""werewolf"",""4"":""villager"",""5"":""werewolf"",""6"":""villager"",""7"":""seer"",""8"":""hunter"",""9"":""villager"",""10"":""werewolf""}","{""1"":1,""2"":2,""3"":3,""4"":4,""5"":5,""6"":6,""7"":7,""8"":8,""9"":9,""10"":10}",same_action_reference_seed_45_base_3_physical_clockwise,43,43,43,1,1,1,1,1,,,,none,,,,,,,,,wolf,0,1,3,7,0,1,0,0,0
supplied_action_replay,same_action_seed_45_base_4,same_action_seed_45_base_4,45,4,reference_replay_pair,physical_clockwise,0,same_physical_actions,"{""1"":""werewolf"",""2"":""villager"",""3"":""villager"",""4"":""werewolf"",""5"":""seer"",""6"":""villager"",""7"":""hunter"",""8"":""villager"",""9"":""werewolf"",""10"":""witch""}","{""1"":1,""2"":2,""3"":3,""4"":4,""5"":5,""6"":6,""7"":7,""8"":8,""9"":9,""10"":10}",same_action_reference_seed_45_base_4_physical_clockwise,45,45,45,1,1,1,1,1,,,,none,,,,,,,,,wolf,0,1,3,5,1,3,0,0,1
supplied_action_replay,same_action_seed_45_base_5,same_action_seed_45_base_5,45,5,reference_replay_pair,physical_clockwise,0,same_physical_actions,"{""1"":""werewolf"",""2"":""villager"",""3"":""werewolf"",""4"":""villager"",""5"":""werewolf"",""6"":""seer"",""7"":""witch"",""8"":""villager"",""9"":""hunter"",""10"":""villager""}","{""1"":1,""2"":2,""3"":3,""4"":4,""5"":5,""6"":6,""7"":7,""8"":8,""9"":9,""10"":10}",same_action_reference_seed_45_base_5_physical_clockwise,45,45,45,1,1,1,1,1,,,,none,,,,,,,,,village,1,0,3,6,1,3,0,0,0
supplied_action_replay,same_action_seed_45_base_6,same_action_seed_45_base_6,45,6,reference_replay_pair,physical_clockwise,0,same_physical_actions,"{""1"":""villager"",""2"":""hunter"",""3"":""werewolf"",""4"":""villager"",""5"":""witch"",""6"":""werewolf"",""7"":""seer"",""8"":""villager"",""9"":""villager"",""10"":""werewolf""}","{""1"":1,""2"":2,""3"":3,""4"":4,""5"":5,""6"":6,""7"":7,""8"":8,""9"":9,""10"":10}",same_action_reference_seed_45_base_6_physical_clockwise,41,41,41,1,1,1,1,1,,,,none,,,,,,,,,wolf,0,1,2,7,0,1,0,0,0
supplied_action_replay,same_action_seed_45_base_7,same_action_seed_45_base_7,45,7,reference_replay_pair,physical_clockwise,0,same_physical_actions,"{""1"":""seer"",""2"":""villager"",""3"":""werewolf"",""4"":""villager"",""5"":""werewolf"",""6"":""villager"",""7"":""villager"",""8"":""witch"",""9"":""werewolf"",""10"":""hunter""}","{""1"":1,""2"":2,""3"":3,""4"":4,""5"":5,""6"":6,""7"":7,""8"":8,""9"":9,""10"":10}",same_action_reference_seed_45_base_7_physical_clockwise,42,42,42,1,1,1,1,1,,,,none,,,,,,,,,village,1,0,2,1,1,2,0,1,1
supplied_action_replay,same_action_seed_45_base_8,same_action_seed_45_base_8,45,8,reference_replay_pair,physical_clockwise,0,same_physical_actions,"{""1"":""villager"",""2"":""hunter"",""3"":""werewolf"",""4"":""seer"",""5"":""witch"",""6"":""werewolf"",""7"":""villager"",""8"":""villager"",""9"":""werewolf"",""10"":""villager""}","{""1"":1,""2"":2,""3"":3,""4"":4,""5"":5,""6"":6,""7"":7,""8"":8,""9"":9,""10"":10}",same_action_reference_seed_45_base_8_physical_clockwise,60,60,60,1,1,1,1,1,,,,none,,,,,,,,,wolf,0,1,4,4,1,4,0,1,1
supplied_action_replay,same_action_seed_45_base_9,same_action_seed_45_base_9,45,9,reference_replay_pair,physical_clockwise,0,same_physical_actions,"{""1"":""villager"",""2"":""werewolf"",""3"":""werewolf"",""4"":""seer"",""5"":""villager"",""6"":""werewolf"",""7"":""witch"",""8"":""villager"",""9"":""hunter"",""10"":""villager""}","{""1"":1,""2"":2,""3"":3,""4"":4,""5"":5,""6"":6,""7"":7,""8"":8,""9"":9,""10"":10}",same_action_reference_seed_45_base_9_physical_clockwise,48,48,48,1,1,1,1,1,,,,none,,,,,,,,,wolf,0,1,4,4,0,2,0,1,1
supplied_action_replay,same_action_seed_45_base_10,same_action_seed_45_base_10,45,10,reference_replay_pair,physical_clockwise,0,same_physical_actions,"{""1"":""werewolf"",""2"":""villager"",""3"":""witch"",""4"":""werewolf"",""5"":""villager"",""6"":""werewolf"",""7"":""villager"",""8"":""villager"",""9"":""seer"",""10"":""hunter""}","{""1"":1,""2"":2,""3"":3,""4"":4,""5"":5,""6"":6,""7"":7,""8"":8,""9"":9,""10"":10}",same_action_reference_seed_45_base_10_physical_clockwise,36,36,36,1,1,1,1,1,,,,none,,,,,,,,,wolf,0,1,2,9,0,2,0,1,1
supplied_action_replay,same_action_seed_45_base_11,same_action_seed_45_base_11,45,11,reference_replay_pair,physical_clockwise,0,same_physical_actions,"{""1"":""villager"",""2"":""seer"",""3"":""villager"",""4"":""witch"",""5"":""villager"",""6"":""werewolf"",""7"":""werewolf"",""8"":""villager"",""9"":""werewolf"",""10"":""hunter""}","{""1"":1,""2"":2,""3"":3,""4"":4,""5"":5,""6"":6,""7"":7,""8"":8,""9"":9,""10"":10}",same_action_reference_seed_45_base_11_physical_clockwise,66,66,66,1,1,1,1,1,,,,none,,,,,,,,,village,1,0,4,2,1,4,0,0,1
supplied_action_replay,same_action_seed_45_base_12,same_action_seed_45_base_12,45,12,reference_replay_pair,physical_clockwise,0,same_physical_actions,"{""1"":""werewolf"",""2"":""werewolf"",""3"":""seer"",""4"":""villager"",""5"":""witch"",""6"":""villager"",""7"":""werewolf"",""8"":""villager"",""9"":""villager"",""10"":""hunter""}","{""1"":1,""2"":2,""3"":3,""4"":4,""5"":5,""6"":6,""7"":7,""8"":8,""9"":9,""10"":10}",same_action_reference_seed_45_base_12_physical_clockwise,45,45,45,1,1,1,1,1,,,,none,,,,,,,,,wolf,0,1,3,3,1,3,0,0,1
supplied_action_replay,same_action_seed_45_base_13,same_action_seed_45_base_13,45,13,reference_replay_pair,physical_clockwise,0,same_physical_actions,"{""1"":""villager"",""2"":""witch"",""3"":""villager"",""4"":""werewolf"",""5"":""hunter"",""6"":""werewolf"",""7"":""villager"",""8"":""werewolf"",""9"":""seer"",""10"":""villager""}","{""1"":1,""2"":2,""3"":3,""4"":4,""5"":5,""6"":6,""7"":7,""8"":8,""9"":9,""10"":10}",same_action_reference_seed_45_base_13_physical_clockwise,42,42,42,1,1,1,1,1,,,,none,,,,,,,,,wolf,0,1,3,9,0,2,0,0,0
supplied_action_replay,same_action_seed_45_base_14,same_action_seed_45_base_14,45,14,reference_replay_pair,physical_clockwise,0,same_physical_actions,"{""1"":""werewolf"",""2"":""seer"",""3"":""villager"",""4"":""villager"",""5"":""villager"",""6"":""witch"",""7"":""hunter"",""8"":""werewolf"",""9"":""villager"",""10"":""werewolf""}","{""1"":1,""2"":2,""3"":3,""4"":4,""5"":5,""6"":6,""7"":7,""8"":8,""9"":9,""10"":10}",same_action_reference_seed_45_base_14_physical_clockwise,24,24,24,1,1,1,1,1,,,,none,,,,,,,,,wolf,0,1,2,2,0,2,0,0,0
supplied_action_replay,same_action_seed_45_base_15,same_action_seed_45_base_15,45,15,reference_replay_pair,physical_clockwise,0,same_physical_actions,"{""1"":""hunter"",""2"":""seer"",""3"":""werewolf"",""4"":""witch"",""5"":""villager"",""6"":""villager"",""7"":""werewolf"",""8"":""villager"",""9"":""villager"",""10"":""werewolf""}","{""1"":1,""2"":2,""3"":3,""4"":4,""5"":5,""6"":6,""7"":7,""8"":8,""9"":9,""10"":10}",same_action_reference_seed_45_base_15_physical_clockwise,23,23,23,1,1,1,1,1,,,,none,,,,,,,,,village,1,0,2,2,1,2,1,1,1
supplied_action_replay,same_action_seed_45_base_16,same_action_seed_45_base_16,45,16,reference_replay_pair,physical_clockwise,0,same_physical_actions,"{""1"":""hunter"",""2"":""villager"",""3"":""villager"",""4"":""villager"",""5"":""werewolf"",""6"":""villager"",""7"":""witch"",""8"":""werewolf"",""9"":""seer"",""10"":""werewolf""}","{""1"":1,""2"":2,""3"":3,""4"":4,""5"":5,""6"":6,""7"":7,""8"":8,""9"":9,""10"":10}",same_action_reference_seed_45_base_16_physical_clockwise,36,36,36,1,1,1,1,1,,,,none,,,,,,,,,wolf,0,1,3,9,0,2,1,1,1
supplied_action_replay,same_action_seed_45_base_17,same_action_seed_45_base_17,45,17,reference_replay_pair,physical_clockwise,0,same_physical_actions,"{""1"":""werewolf"",""2"":""werewolf"",""3"":""villager"",""4"":""werewolf"",""5"":""seer"",""6"":""hunter"",""7"":""villager"",""8"":""witch"",""9"":""villager"",""10"":""villager""}","{""1"":1,""2"":2,""3"":3,""4"":4,""5"":5,""6"":6,""7"":7,""8"":8,""9"":9,""10"":10}",same_action_reference_seed_45_base_17_physical_clockwise,41,41,41,1,1,1,1,1,,,,none,,,,,,,,,wolf,0,1,2,5,0,1,0,0,0
supplied_action_replay,same_action_seed_45_base_18,same_action_seed_45_base_18,45,18,reference_replay_pair,physical_clockwise,0,same_physical_actions,"{""1"":""villager"",""2"":""villager"",""3"":""villager"",""4"":""werewolf"",""5"":""werewolf"",""6"":""villager"",""7"":""hunter"",""8"":""werewolf"",""9"":""seer"",""10"":""witch""}","{""1"":1,""2"":2,""3"":3,""4"":4,""5"":5,""6"":6,""7"":7,""8"":8,""9"":9,""10"":10}",same_action_reference_seed_45_base_18_physical_clockwise,49,49,49,1,1,1,1,1,,,,none,,,,,,,,,wolf,0,1,3,9,0,1,0,0,0
supplied_action_replay,same_action_seed_45_base_19,same_action_seed_45_base_19,45,19,reference_replay_pair,physical_clockwise,0,same_physical_actions,"{""1"":""villager"",""2"":""werewolf"",""3"":""seer"",""4"":""witch"",""5"":""villager"",""6"":""werewolf"",""7"":""werewolf"",""8"":""villager"",""9"":""hunter"",""10"":""villager""}","{""1"":1,""2"":2,""3"":3,""4"":4,""5"":5,""6"":6,""7"":7,""8"":8,""9"":9,""10"":10}",same_action_reference_seed_45_base_19_physical_clockwise,51,51,51,1,1,1,1,1,,,,none,,,,,,,,,wolf,0,1,4,3,0,1,0,0,0
supplied_action_replay,same_action_seed_45_base_20,same_action_seed_45_base_20,45,20,reference_replay_pair,physical_clockwise,0,same_physical_actions,"{""1"":""witch"",""2"":""villager"",""3"":""hunter"",""4"":""werewolf"",""5"":""werewolf"",""6"":""werewolf"",""7"":""villager"",""8"":""villager"",""9"":""villager"",""10"":""seer""}","{""1"":1,""2"":2,""3"":3,""4"":4,""5"":5,""6"":6,""7"":7,""8"":8,""9"":9,""10"":10}",same_action_reference_seed_45_base_20_physical_clockwise,65,65,65,1,1,1,1,1,,,,none,,,,,,,,,wolf,0,1,4,10,0,3,0,0,0
supplied_action_replay,same_action_seed_45_base_21,same_action_seed_45_base_21,45,21,reference_replay_pair,physical_clockwise,0,same_physical_actions,"{""1"":""villager"",""2"":""werewolf"",""3"":""witch"",""4"":""villager"",""5"":""werewolf"",""6"":""villager"",""7"":""hunter"",""8"":""seer"",""9"":""werewolf"",""10"":""villager""}","{""1"":1,""2"":2,""3"":3,""4"":4,""5"":5,""6"":6,""7"":7,""8"":8,""9"":9,""10"":10}",same_action_reference_seed_45_base_21_physical_clockwise,37,37,37,1,1,1,1,1,,,,none,,,,,,,,,wolf,0,1,3,8,0,1,1,1,1
supplied_action_replay,same_action_seed_45_base_22,same_action_seed_45_base_22,45,22,reference_replay_pair,physical_clockwise,0,same_physical_actions,"{""1"":""werewolf"",""2"":""hunter"",""3"":""villager"",""4"":""seer"",""5"":""villager"",""6"":""werewolf"",""7"":""villager"",""8"":""werewolf"",""9"":""witch"",""10"":""villager""}","{""1"":1,""2"":2,""3"":3,""4"":4,""5"":5,""6"":6,""7"":7,""8"":8,""9"":9,""10"":10}",same_action_reference_seed_45_base_22_physical_clockwise,63,63,63,1,1,1,1,1,,,,none,,,,,,,,,wolf,0,1,4,4,0,3,0,1,1
supplied_action_replay,same_action_seed_45_base_23,same_action_seed_45_base_23,45,23,reference_replay_pair,physical_clockwise,0,same_physical_actions,"{""1"":""witch"",""2"":""hunter"",""3"":""villager"",""4"":""villager"",""5"":""seer"",""6"":""werewolf"",""7"":""villager"",""8"":""werewolf"",""9"":""villager"",""10"":""werewolf""}","{""1"":1,""2"":2,""3"":3,""4"":4,""5"":5,""6"":6,""7"":7,""8"":8,""9"":9,""10"":10}",same_action_reference_seed_45_base_23_physical_clockwise,36,36,36,1,1,1,1,1,,,,none,,,,,,,,,wolf,0,1,3,5,0,2,1,1,1
supplied_action_replay,same_action_seed_45_base_24,same_action_seed_45_base_24,45,24,reference_replay_pair,physical_clockwise,0,same_physical_actions,"{""1"":""villager"",""2"":""hunter"",""3"":""seer"",""4"":""villager"",""5"":""villager"",""6"":""werewolf"",""7"":""werewolf"",""8"":""werewolf"",""9"":""witch"",""10"":""villager""}","{""1"":1,""2"":2,""3"":3,""4"":4,""5"":5,""6"":6,""7"":7,""8"":8,""9"":9,""10"":10}",same_action_reference_seed_45_base_24_physical_clockwise,42,42,42,1,1,1,1,1,,,,none,,,,,,,,,village,1,0,2,3,1,2,0,0,0
supplied_action_replay,same_action_seed_45_base_25,same_action_seed_45_base_25,45,25,reference_replay_pair,physical_clockwise,0,same_physical_actions,"{""1"":""werewolf"",""2"":""villager"",""3"":""seer"",""4"":""werewolf"",""5"":""werewolf"",""6"":""hunter"",""7"":""villager"",""8"":""villager"",""9"":""witch"",""10"":""villager""}","{""1"":1,""2"":2,""3"":3,""4"":4,""5"":5,""6"":6,""7"":7,""8"":8,""9"":9,""10"":10}",same_action_reference_seed_45_base_25_physical_clockwise,45,45,45,1,1,1,1,1,,,,none,,,,,,,,,village,1,0,3,3,1,3,1,1,1
supplied_action_replay,same_action_seed_45_base_26,same_action_seed_45_base_26,45,26,reference_replay_pair,physical_clockwise,0,same_physical_actions,"{""1"":""villager"",""2"":""villager"",""3"":""werewolf"",""4"":""werewolf"",""5"":""werewolf"",""6"":""hunter"",""7"":""witch"",""8"":""villager"",""9"":""seer"",""10"":""villager""}","{""1"":1,""2"":2,""3"":3,""4"":4,""5"":5,""6"":6,""7"":7,""8"":8,""9"":9,""10"":10}",same_action_reference_seed_45_base_26_physical_clockwise,54,54,54,1,1,1,1,1,,,,none,,,,,,,,,wolf,0,1,3,9,0,2,0,0,0
supplied_action_replay,same_action_seed_45_base_27,same_action_seed_45_base_27,45,27,reference_replay_pair,physical_clockwise,0,same_physical_actions,"{""1"":""villager"",""2"":""witch"",""3"":""villager"",""4"":""seer"",""5"":""villager"",""6"":""villager"",""7"":""hunter"",""8"":""werewolf"",""9"":""werewolf"",""10"":""werewolf""}","{""1"":1,""2"":2,""3"":3,""4"":4,""5"":5,""6"":6,""7"":7,""8"":8,""9"":9,""10"":10}",same_action_reference_seed_45_base_27_physical_clockwise,67,67,67,1,1,1,1,1,,,,none,,,,,,,,,village,1,0,4,4,1,4,0,0,0
supplied_action_replay,same_action_seed_45_base_28,same_action_seed_45_base_28,45,28,reference_replay_pair,physical_clockwise,0,same_physical_actions,"{""1"":""villager"",""2"":""villager"",""3"":""villager"",""4"":""seer"",""5"":""witch"",""6"":""hunter"",""7"":""werewolf"",""8"":""villager"",""9"":""werewolf"",""10"":""werewolf""}","{""1"":1,""2"":2,""3"":3,""4"":4,""5"":5,""6"":6,""7"":7,""8"":8,""9"":9,""10"":10}",same_action_reference_seed_45_base_28_physical_clockwise,42,42,42,1,1,1,1,1,,,,none,,,,,,,,,wolf,0,1,2,4,0,2,0,0,0
supplied_action_replay,same_action_seed_45_base_29,same_action_seed_45_base_29,45,29,reference_replay_pair,physical_clockwise,0,same_physical_actions,"{""1"":""villager"",""2"":""werewolf"",""3"":""villager"",""4"":""seer"",""5"":""werewolf"",""6"":""hunter"",""7"":""villager"",""8"":""villager"",""9"":""witch"",""10"":""werewolf""}","{""1"":1,""2"":2,""3"":3,""4"":4,""5"":5,""6"":6,""7"":7,""8"":8,""9"":9,""10"":10}",same_action_reference_seed_45_base_29_physical_clockwise,47,47,47,1,1,1,1,1,,,,none,,,,,,,,,wolf,0,1,3,4,1,3,1,1,1
supplied_action_replay,same_action_seed_45_base_30,same_action_seed_45_base_30,45,30,reference_replay_pair,physical_clockwise,0,same_physical_actions,"{""1"":""hunter"",""2"":""werewolf"",""3"":""villager"",""4"":""werewolf"",""5"":""werewolf"",""6"":""witch"",""7"":""villager"",""8"":""villager"",""9"":""seer"",""10"":""villager""}","{""1"":1,""2"":2,""3"":3,""4"":4,""5"":5,""6"":6,""7"":7,""8"":8,""9"":9,""10"":10}",same_action_reference_seed_45_base_30_physical_clockwise,48,48,48,1,1,1,1,1,,,,none,,,,,,,,,village,1,0,3,9,1,3,0,1,1
supplied_action_replay,same_action_seed_45_base_31,same_action_seed_45_base_31,45,31,reference_replay_pair,physical_clockwise,0,same_physical_actions,"{""1"":""villager"",""2"":""villager"",""3"":""hunter"",""4"":""villager"",""5"":""seer"",""6"":""witch"",""7"":""werewolf"",""8"":""werewolf"",""9"":""werewolf"",""10"":""villager""}","{""1"":1,""2"":2,""3"":3,""4"":4,""5"":5,""6"":6,""7"":7,""8"":8,""9"":9,""10"":10}",same_action_reference_seed_45_base_31_physical_clockwise,57,57,57,1,1,1,1,1,,,,none,,,,,,,,,wolf,0,1,4,5,0,3,0,1,1
supplied_action_replay,same_action_seed_45_base_32,same_action_seed_45_base_32,45,32,reference_replay_pair,physical_clockwise,0,same_physical_actions,"{""1"":""seer"",""2"":""werewolf"",""3"":""witch"",""4"":""villager"",""5"":""villager"",""6"":""hunter"",""7"":""werewolf"",""8"":""villager"",""9"":""werewolf"",""10"":""villager""}","{""1"":1,""2"":2,""3"":3,""4"":4,""5"":5,""6"":6,""7"":7,""8"":8,""9"":9,""10"":10}",same_action_reference_seed_45_base_32_physical_clockwise,55,55,55,1,1,1,1,1,,,,none,,,,,,,,,village,1,0,4,1,0,1,1,1,1
supplied_action_replay,same_action_seed_45_base_33,same_action_seed_45_base_33,45,33,reference_replay_pair,physical_clockwise,0,same_physical_actions,"{""1"":""werewolf"",""2"":""seer"",""3"":""werewolf"",""4"":""villager"",""5"":""villager"",""6"":""witch"",""7"":""villager"",""8"":""villager"",""9"":""hunter"",""10"":""werewolf""}","{""1"":1,""2"":2,""3"":3,""4"":4,""5"":5,""6"":6,""7"":7,""8"":8,""9"":9,""10"":10}",same_action_reference_seed_45_base_33_physical_clockwise,68,68,68,1,1,1,1,1,,,,none,,,,,,,,,village,1,0,4,2,1,4,1,1,1
supplied_action_replay,same_action_seed_45_base_34,same_action_seed_45_base_34,45,34,reference_replay_pair,physical_clockwise,0,same_physical_actions,"{""1"":""hunter"",""2"":""werewolf"",""3"":""villager"",""4"":""villager"",""5"":""werewolf"",""6"":""witch"",""7"":""werewolf"",""8"":""villager"",""9"":""villager"",""10"":""seer""}","{""1"":1,""2"":2,""3"":3,""4"":4,""5"":5,""6"":6,""7"":7,""8"":8,""9"":9,""10"":10}",same_action_reference_seed_45_base_34_physical_clockwise,41,41,41,1,1,1,1,1,,,,none,,,,,,,,,wolf,0,1,3,10,0,1,0,0,0
supplied_action_replay,same_action_seed_45_base_35,same_action_seed_45_base_35,45,35,reference_replay_pair,physical_clockwise,0,same_physical_actions,"{""1"":""seer"",""2"":""villager"",""3"":""hunter"",""4"":""werewolf"",""5"":""villager"",""6"":""villager"",""7"":""villager"",""8"":""werewolf"",""9"":""witch"",""10"":""werewolf""}","{""1"":1,""2"":2,""3"":3,""4"":4,""5"":5,""6"":6,""7"":7,""8"":8,""9"":9,""10"":10}",same_action_reference_seed_45_base_35_physical_clockwise,43,43,43,1,1,1,1,1,,,,none,,,,,,,,,wolf,0,1,3,1,0,1,0,0,0
supplied_action_replay,same_action_seed_45_base_36,same_action_seed_45_base_36,45,36,reference_replay_pair,physical_clockwise,0,same_physical_actions,"{""1"":""werewolf"",""2"":""villager"",""3"":""seer"",""4"":""werewolf"",""5"":""villager"",""6"":""villager"",""7"":""villager"",""8"":""werewolf"",""9"":""hunter"",""10"":""witch""}","{""1"":1,""2"":2,""3"":3,""4"":4,""5"":5,""6"":6,""7"":7,""8"":8,""9"":9,""10"":10}",same_action_reference_seed_45_base_36_physical_clockwise,59,59,59,1,1,1,1,1,,,,none,,,,,,,,,wolf,0,1,4,3,0,3,1,1,1
supplied_action_replay,same_action_seed_45_base_37,same_action_seed_45_base_37,45,37,reference_replay_pair,physical_clockwise,0,same_physical_actions,"{""1"":""villager"",""2"":""villager"",""3"":""witch"",""4"":""werewolf"",""5"":""villager"",""6"":""seer"",""7"":""villager"",""8"":""werewolf"",""9"":""werewolf"",""10"":""hunter""}","{""1"":1,""2"":2,""3"":3,""4"":4,""5"":5,""6"":6,""7"":7,""8"":8,""9"":9,""10"":10}",same_action_reference_seed_45_base_37_physical_clockwise,55,55,55,1,1,1,1,1,,,,none,,,,,,,,,wolf,0,1,4,6,0,3,0,1,1
supplied_action_replay,same_action_seed_45_base_38,same_action_seed_45_base_38,45,38,reference_replay_pair,physical_clockwise,0,same_physical_actions,"{""1"":""witch"",""2"":""villager"",""3"":""werewolf"",""4"":""werewolf"",""5"":""villager"",""6"":""werewolf"",""7"":""seer"",""8"":""hunter"",""9"":""villager"",""10"":""villager""}","{""1"":1,""2"":2,""3"":3,""4"":4,""5"":5,""6"":6,""7"":7,""8"":8,""9"":9,""10"":10}",same_action_reference_seed_45_base_38_physical_clockwise,54,54,54,1,1,1,1,1,,,,none,,,,,,,,,wolf,0,1,3,7,0,2,0,0,0
supplied_action_replay,same_action_seed_45_base_39,same_action_seed_45_base_39,45,39,reference_replay_pair,physical_clockwise,0,same_physical_actions,"{""1"":""witch"",""2"":""villager"",""3"":""seer"",""4"":""villager"",""5"":""villager"",""6"":""villager"",""7"":""werewolf"",""8"":""werewolf"",""9"":""werewolf"",""10"":""hunter""}","{""1"":1,""2"":2,""3"":3,""4"":4,""5"":5,""6"":6,""7"":7,""8"":8,""9"":9,""10"":10}",same_action_reference_seed_45_base_39_physical_clockwise,44,44,44,1,1,1,1,1,,,,none,,,,,,,,,wolf,0,1,3,3,0,2,0,0,0
supplied_action_replay,same_action_seed_45_base_40,same_action_seed_45_base_40,45,40,reference_replay_pair,physical_clockwise,0,same_physical_actions,"{""1"":""villager"",""2"":""witch"",""3"":""hunter"",""4"":""werewolf"",""5"":""villager"",""6"":""villager"",""7"":""villager"",""8"":""werewolf"",""9"":""werewolf"",""10"":""seer""}","{""1"":1,""2"":2,""3"":3,""4"":4,""5"":5,""6"":6,""7"":7,""8"":8,""9"":9,""10"":10}",same_action_reference_seed_45_base_40_physical_clockwise,61,61,61,1,1,1,1,1,,,,none,,,,,,,,,village,1,0,4,10,0,4,0,0,0
supplied_action_replay,same_action_seed_45_base_41,same_action_seed_45_base_41,45,41,reference_replay_pair,physical_clockwise,0,same_physical_actions,"{""1"":""villager"",""2"":""witch"",""3"":""villager"",""4"":""seer"",""5"":""villager"",""6"":""werewolf"",""7"":""hunter"",""8"":""werewolf"",""9"":""werewolf"",""10"":""villager""}","{""1"":1,""2"":2,""3"":3,""4"":4,""5"":5,""6"":6,""7"":7,""8"":8,""9"":9,""10"":10}",same_action_reference_seed_45_base_41_physical_clockwise,60,60,60,1,1,1,1,1,,,,none,,,,,,,,,wolf,0,1,4,4,1,4,0,1,1
supplied_action_replay,same_action_seed_45_base_42,same_action_seed_45_base_42,45,42,reference_replay_pair,physical_clockwise,0,same_physical_actions,"{""1"":""seer"",""2"":""villager"",""3"":""villager"",""4"":""villager"",""5"":""witch"",""6"":""werewolf"",""7"":""villager"",""8"":""hunter"",""9"":""werewolf"",""10"":""werewolf""}","{""1"":1,""2"":2,""3"":3,""4"":4,""5"":5,""6"":6,""7"":7,""8"":8,""9"":9,""10"":10}",same_action_reference_seed_45_base_42_physical_clockwise,60,60,60,1,1,1,1,1,,,,none,,,,,,,,,wolf,0,1,4,1,0,2,0,0,0
supplied_action_replay,same_action_seed_45_base_43,same_action_seed_45_base_43,45,43,reference_replay_pair,physical_clockwise,0,same_physical_actions,"{""1"":""villager"",""2"":""werewolf"",""3"":""villager"",""4"":""villager"",""5"":""seer"",""6"":""werewolf"",""7"":""witch"",""8"":""hunter"",""9"":""werewolf"",""10"":""villager""}","{""1"":1,""2"":2,""3"":3,""4"":4,""5"":5,""6"":6,""7"":7,""8"":8,""9"":9,""10"":10}",same_action_reference_seed_45_base_43_physical_clockwise,49,49,49,1,1,1,1,1,,,,none,,,,,,,,,wolf,0,1,3,5,0,1,1,1,1
supplied_action_replay,same_action_seed_45_base_44,same_action_seed_45_base_44,45,44,reference_replay_pair,physical_clockwise,0,same_physical_actions,"{""1"":""werewolf"",""2"":""hunter"",""3"":""werewolf"",""4"":""villager"",""5"":""villager"",""6"":""villager"",""7"":""witch"",""8"":""werewolf"",""9"":""villager"",""10"":""seer""}","{""1"":1,""2"":2,""3"":3,""4"":4,""5"":5,""6"":6,""7"":7,""8"":8,""9"":9,""10"":10}",same_action_reference_seed_45_base_44_physical_clockwise,47,47,47,1,1,1,1,1,,,,none,,,,,,,,,wolf,0,1,3,10,0,3,1,1,1
supplied_action_replay,same_action_seed_45_base_45,same_action_seed_45_base_45,45,45,reference_replay_pair,physical_clockwise,0,same_physical_actions,"{""1"":""villager"",""2"":""witch"",""3"":""hunter"",""4"":""werewolf"",""5"":""villager"",""6"":""werewolf"",""7"":""villager"",""8"":""seer"",""9"":""villager"",""10"":""werewolf""}","{""1"":1,""2"":2,""3"":3,""4"":4,""5"":5,""6"":6,""7"":7,""8"":8,""9"":9,""10"":10}",same_action_reference_seed_45_base_45_physical_clockwise,57,57,57,1,1,1,1,1,,,,none,,,,,,,,,wolf,0,1,4,8,0,3,0,0,0
supplied_action_replay,same_action_seed_45_base_46,same_action_seed_45_base_46,45,46,reference_replay_pair,physical_clockwise,0,same_physical_actions,"{""1"":""werewolf"",""2"":""witch"",""3"":""villager"",""4"":""villager"",""5"":""seer"",""6"":""werewolf"",""7"":""werewolf"",""8"":""villager"",""9"":""villager"",""10"":""hunter""}","{""1"":1,""2"":2,""3"":3,""4"":4,""5"":5,""6"":6,""7"":7,""8"":8,""9"":9,""10"":10}",same_action_reference_seed_45_base_46_physical_clockwise,55,55,55,1,1,1,1,1,,,,none,,,,,,,,,village,1,0,3,5,1,3,1,1,1
supplied_action_replay,same_action_seed_45_base_47,same_action_seed_45_base_47,45,47,reference_replay_pair,physical_clockwise,0,same_physical_actions,"{""1"":""villager"",""2"":""werewolf"",""3"":""villager"",""4"":""villager"",""5"":""hunter"",""6"":""seer"",""7"":""werewolf"",""8"":""werewolf"",""9"":""witch"",""10"":""villager""}","{""1"":1,""2"":2,""3"":3,""4"":4,""5"":5,""6"":6,""7"":7,""8"":8,""9"":9,""10"":10}",same_action_reference_seed_45_base_47_physical_clockwise,33,33,33,1,1,1,1,1,,,,none,,,,,,,,,wolf,0,1,2,6,0,1,1,1,1
supplied_action_replay,same_action_seed_45_base_48,same_action_seed_45_base_48,45,48,reference_replay_pair,physical_clockwise,0,same_physical_actions,"{""1"":""villager"",""2"":""seer"",""3"":""witch"",""4"":""hunter"",""5"":""villager"",""6"":""villager"",""7"":""werewolf"",""8"":""werewolf"",""9"":""villager"",""10"":""werewolf""}","{""1"":1,""2"":2,""3"":3,""4"":4,""5"":5,""6"":6,""7"":7,""8"":8,""9"":9,""10"":10}",same_action_reference_seed_45_base_48_physical_clockwise,28,28,28,1,1,1,1,1,,,,none,,,,,,,,,wolf,0,1,2,2,0,2,0,0,0
supplied_action_replay,same_action_seed_45_base_49,same_action_seed_45_base_49,45,49,reference_replay_pair,physical_clockwise,0,same_physical_actions,"{""1"":""witch"",""2"":""villager"",""3"":""villager"",""4"":""villager"",""5"":""hunter"",""6"":""werewolf"",""7"":""werewolf"",""8"":""villager"",""9"":""seer"",""10"":""werewolf""}","{""1"":1,""2"":2,""3"":3,""4"":4,""5"":5,""6"":6,""7"":7,""8"":8,""9"":9,""10"":10}",same_action_reference_seed_45_base_49_physical_clockwise,52,52,52,1,1,1,1,1,,,,none,,,,,,,,,village,1,0,3,9,1,3,1,1,1
supplied_action_replay,same_action_seed_45_base_50,same_action_seed_45_base_50,45,50,reference_replay_pair,physical_clockwise,0,same_physical_actions,"{""1"":""werewolf"",""2"":""werewolf"",""3"":""hunter"",""4"":""villager"",""5"":""villager"",""6"":""villager"",""7"":""seer"",""8"":""witch"",""9"":""villager"",""10"":""werewolf""}","{""1"":1,""2"":2,""3"":3,""4"":4,""5"":5,""6"":6,""7"":7,""8"":8,""9"":9,""10"":10}",same_action_reference_seed_45_base_50_physical_clockwise,52,52,52,1,1,1,1,1,,,,none,,,,,,,,,village,1,0,4,7,0,2,0,1,1
supplied_action_replay,same_action_seed_45_base_51,same_action_seed_45_base_51,45,51,reference_replay_pair,physical_clockwise,0,same_physical_actions,"{""1"":""werewolf"",""2"":""villager"",""3"":""villager"",""4"":""werewolf"",""5"":""villager"",""6"":""witch"",""7"":""villager"",""8"":""seer"",""9"":""hunter"",""10"":""werewolf""}","{""1"":1,""2"":2,""3"":3,""4"":4,""5"":5,""6"":6,""7"":7,""8"":8,""9"":9,""10"":10}",same_action_reference_seed_45_base_51_physical_clockwise,41,41,41,1,1,1,1,1,,,,none,,,,,,,,,wolf,0,1,3,8,0,1,0,0,0
supplied_action_replay,same_action_seed_45_base_52,same_action_seed_45_base_52,45,52,reference_replay_pair,physical_clockwise,0,same_physical_actions,"{""1"":""hunter"",""2"":""witch"",""3"":""villager"",""4"":""seer"",""5"":""werewolf"",""6"":""villager"",""7"":""villager"",""8"":""villager"",""9"":""werewolf"",""10"":""werewolf""}","{""1"":1,""2"":2,""3"":3,""4"":4,""5"":5,""6"":6,""7"":7,""8"":8,""9"":9,""10"":10}",same_action_reference_seed_45_base_52_physical_clockwise,67,67,67,1,1,1,1,1,,,,none,,,,,,,,,wolf,0,1,4,4,0,3,1,1,1
supplied_action_replay,same_action_seed_45_base_53,same_action_seed_45_base_53,45,53,reference_replay_pair,physical_clockwise,0,same_physical_actions,"{""1"":""villager"",""2"":""werewolf"",""3"":""werewolf"",""4"":""seer"",""5"":""werewolf"",""6"":""witch"",""7"":""villager"",""8"":""hunter"",""9"":""villager"",""10"":""villager""}","{""1"":1,""2"":2,""3"":3,""4"":4,""5"":5,""6"":6,""7"":7,""8"":8,""9"":9,""10"":10}",same_action_reference_seed_45_base_53_physical_clockwise,41,41,41,1,1,1,1,1,,,,none,,,,,,,,,village,1,0,3,4,0,1,1,1,1
supplied_action_replay,same_action_seed_45_base_54,same_action_seed_45_base_54,45,54,reference_replay_pair,physical_clockwise,0,same_physical_actions,"{""1"":""villager"",""2"":""villager"",""3"":""hunter"",""4"":""witch"",""5"":""werewolf"",""6"":""villager"",""7"":""villager"",""8"":""seer"",""9"":""werewolf"",""10"":""werewolf""}","{""1"":1,""2"":2,""3"":3,""4"":4,""5"":5,""6"":6,""7"":7,""8"":8,""9"":9,""10"":10}",same_action_reference_seed_45_base_54_physical_clockwise,68,68,68,1,1,1,1,1,,,,none,,,,,,,,,village,1,0,4,8,1,4,1,1,1
supplied_action_replay,same_action_seed_45_base_55,same_action_seed_45_base_55,45,55,reference_replay_pair,physical_clockwise,0,same_physical_actions,"{""1"":""villager"",""2"":""villager"",""3"":""hunter"",""4"":""werewolf"",""5"":""werewolf"",""6"":""seer"",""7"":""witch"",""8"":""villager"",""9"":""villager"",""10"":""werewolf""}","{""1"":1,""2"":2,""3"":3,""4"":4,""5"":5,""6"":6,""7"":7,""8"":8,""9"":9,""10"":10}",same_action_reference_seed_45_base_55_physical_clockwise,55,55,55,1,1,1,1,1,,,,none,,,,,,,,,village,1,0,3,6,0,2,0,0,0
supplied_action_replay,same_action_seed_45_base_56,same_action_seed_45_base_56,45,56,reference_replay_pair,physical_clockwise,0,same_physical_actions,"{""1"":""werewolf"",""2"":""villager"",""3"":""witch"",""4"":""werewolf"",""5"":""hunter"",""6"":""villager"",""7"":""villager"",""8"":""werewolf"",""9"":""seer"",""10"":""villager""}","{""1"":1,""2"":2,""3"":3,""4"":4,""5"":5,""6"":6,""7"":7,""8"":8,""9"":9,""10"":10}",same_action_reference_seed_45_base_56_physical_clockwise,55,55,55,1,1,1,1,1,,,,none,,,,,,,,,wolf,0,1,4,9,0,3,0,1,1
supplied_action_replay,same_action_seed_45_base_57,same_action_seed_45_base_57,45,57,reference_replay_pair,physical_clockwise,0,same_physical_actions,"{""1"":""villager"",""2"":""witch"",""3"":""seer"",""4"":""villager"",""5"":""werewolf"",""6"":""werewolf"",""7"":""villager"",""8"":""werewolf"",""9"":""hunter"",""10"":""villager""}","{""1"":1,""2"":2,""3"":3,""4"":4,""5"":5,""6"":6,""7"":7,""8"":8,""9"":9,""10"":10}",same_action_reference_seed_45_base_57_physical_clockwise,56,56,56,1,1,1,1,1,,,,none,,,,,,,,,wolf,0,1,4,3,0,4,0,1,1
supplied_action_replay,same_action_seed_45_base_58,same_action_seed_45_base_58,45,58,reference_replay_pair,physical_clockwise,0,same_physical_actions,"{""1"":""villager"",""2"":""villager"",""3"":""werewolf"",""4"":""seer"",""5"":""werewolf"",""6"":""hunter"",""7"":""villager"",""8"":""villager"",""9"":""werewolf"",""10"":""witch""}","{""1"":1,""2"":2,""3"":3,""4"":4,""5"":5,""6"":6,""7"":7,""8"":8,""9"":9,""10"":10}",same_action_reference_seed_45_base_58_physical_clockwise,60,60,60,1,1,1,1,1,,,,none,,,,,,,,,wolf,0,1,4,4,1,4,1,1,1
supplied_action_replay,same_action_seed_45_base_59,same_action_seed_45_base_59,45,59,reference_replay_pair,physical_clockwise,0,same_physical_actions,"{""1"":""werewolf"",""2"":""werewolf"",""3"":""hunter"",""4"":""villager"",""5"":""witch"",""6"":""villager"",""7"":""werewolf"",""8"":""villager"",""9"":""villager"",""10"":""seer""}","{""1"":1,""2"":2,""3"":3,""4"":4,""5"":5,""6"":6,""7"":7,""8"":8,""9"":9,""10"":10}",same_action_reference_seed_45_base_59_physical_clockwise,70,70,70,1,1,1,1,1,,,,none,,,,,,,,,wolf,0,1,5,10,0,4,1,1,1
supplied_action_replay,same_action_seed_45_base_60,same_action_seed_45_base_60,45,60,reference_replay_pair,physical_clockwise,0,same_physical_actions,"{""1"":""seer"",""2"":""villager"",""3"":""witch"",""4"":""villager"",""5"":""villager"",""6"":""villager"",""7"":""werewolf"",""8"":""werewolf"",""9"":""werewolf"",""10"":""hunter""}","{""1"":1,""2"":2,""3"":3,""4"":4,""5"":5,""6"":6,""7"":7,""8"":8,""9"":9,""10"":10}",same_action_reference_seed_45_base_60_physical_clockwise,52,52,52,1,1,1,1,1,,,,none,,,,,,,,,village,1,0,3,1,0,1,0,0,0
supplied_action_replay,same_action_seed_45_base_61,same_action_seed_45_base_61,45,61,reference_replay_pair,physical_clockwise,0,same_physical_actions,"{""1"":""villager"",""2"":""villager"",""3"":""werewolf"",""4"":""villager"",""5"":""hunter"",""6"":""werewolf"",""7"":""seer"",""8"":""villager"",""9"":""witch"",""10"":""werewolf""}","{""1"":1,""2"":2,""3"":3,""4"":4,""5"":5,""6"":6,""7"":7,""8"":8,""9"":9,""10"":10}",same_action_reference_seed_45_base_61_physical_clockwise,55,55,55,1,1,1,1,1,,,,none,,,,,,,,,wolf,0,1,3,7,0,3,0,1,1
supplied_action_replay,same_action_seed_45_base_62,same_action_seed_45_base_62,45,62,reference_replay_pair,physical_clockwise,0,same_physical_actions,"{""1"":""werewolf"",""2"":""hunter"",""3"":""werewolf"",""4"":""villager"",""5"":""villager"",""6"":""villager"",""7"":""villager"",""8"":""werewolf"",""9"":""witch"",""10"":""seer""}","{""1"":1,""2"":2,""3"":3,""4"":4,""5"":5,""6"":6,""7"":7,""8"":8,""9"":9,""10"":10}",same_action_reference_seed_45_base_62_physical_clockwise,46,46,46,1,1,1,1,1,,,,none,,,,,,,,,village,1,0,3,10,0,3,1,1,1
supplied_action_replay,same_action_seed_45_base_63,same_action_seed_45_base_63,45,63,reference_replay_pair,physical_clockwise,0,same_physical_actions,"{""1"":""villager"",""2"":""werewolf"",""3"":""hunter"",""4"":""werewolf"",""5"":""werewolf"",""6"":""villager"",""7"":""villager"",""8"":""witch"",""9"":""seer"",""10"":""villager""}","{""1"":1,""2"":2,""3"":3,""4"":4,""5"":5,""6"":6,""7"":7,""8"":8,""9"":9,""10"":10}",same_action_reference_seed_45_base_63_physical_clockwise,45,45,45,1,1,1,1,1,,,,none,,,,,,,,,village,1,0,3,9,1,3,0,0,1
supplied_action_replay,same_action_seed_45_base_64,same_action_seed_45_base_64,45,64,reference_replay_pair,physical_clockwise,0,same_physical_actions,"{""1"":""hunter"",""2"":""werewolf"",""3"":""witch"",""4"":""villager"",""5"":""werewolf"",""6"":""seer"",""7"":""werewolf"",""8"":""villager"",""9"":""villager"",""10"":""villager""}","{""1"":1,""2"":2,""3"":3,""4"":4,""5"":5,""6"":6,""7"":7,""8"":8,""9"":9,""10"":10}",same_action_reference_seed_45_base_64_physical_clockwise,37,37,37,1,1,1,1,1,,,,none,,,,,,,,,village,1,0,2,6,0,1,1,1,1
supplied_action_replay,same_action_seed_45_base_65,same_action_seed_45_base_65,45,65,reference_replay_pair,physical_clockwise,0,same_physical_actions,"{""1"":""villager"",""2"":""werewolf"",""3"":""villager"",""4"":""werewolf"",""5"":""villager"",""6"":""hunter"",""7"":""seer"",""8"":""werewolf"",""9"":""villager"",""10"":""witch""}","{""1"":1,""2"":2,""3"":3,""4"":4,""5"":5,""6"":6,""7"":7,""8"":8,""9"":9,""10"":10}",same_action_reference_seed_45_base_65_physical_clockwise,36,36,36,1,1,1,1,1,,,,none,,,,,,,,,wolf,0,1,3,7,0,2,1,1,1
supplied_action_replay,same_action_seed_45_base_66,same_action_seed_45_base_66,45,66,reference_replay_pair,physical_clockwise,0,same_physical_actions,"{""1"":""hunter"",""2"":""werewolf"",""3"":""villager"",""4"":""seer"",""5"":""witch"",""6"":""werewolf"",""7"":""villager"",""8"":""werewolf"",""9"":""villager"",""10"":""villager""}","{""1"":1,""2"":2,""3"":3,""4"":4,""5"":5,""6"":6,""7"":7,""8"":8,""9"":9,""10"":10}",same_action_reference_seed_45_base_66_physical_clockwise,42,42,42,1,1,1,1,1,,,,none,,,,,,,,,wolf,0,1,3,4,0,2,0,1,1
supplied_action_replay,same_action_seed_45_base_67,same_action_seed_45_base_67,45,67,reference_replay_pair,physical_clockwise,0,same_physical_actions,"{""1"":""werewolf"",""2"":""witch"",""3"":""seer"",""4"":""villager"",""5"":""werewolf"",""6"":""werewolf"",""7"":""villager"",""8"":""villager"",""9"":""hunter"",""10"":""villager""}","{""1"":1,""2"":2,""3"":3,""4"":4,""5"":5,""6"":6,""7"":7,""8"":8,""9"":9,""10"":10}",same_action_reference_seed_45_base_67_physical_clockwise,54,54,54,1,1,1,1,1,,,,none,,,,,,,,,wolf,0,1,3,3,0,2,0,1,1
supplied_action_replay,same_action_seed_45_base_68,same_action_seed_45_base_68,45,68,reference_replay_pair,physical_clockwise,0,same_physical_actions,"{""1"":""witch"",""2"":""werewolf"",""3"":""villager"",""4"":""hunter"",""5"":""villager"",""6"":""villager"",""7"":""seer"",""8"":""werewolf"",""9"":""werewolf"",""10"":""villager""}","{""1"":1,""2"":2,""3"":3,""4"":4,""5"":5,""6"":6,""7"":7,""8"":8,""9"":9,""10"":10}",same_action_reference_seed_45_base_68_physical_clockwise,51,51,51,1,1,1,1,1,,,,none,,,,,,,,,village,1,0,3,7,1,3,1,1,1
supplied_action_replay,same_action_seed_45_base_69,same_action_seed_45_base_69,45,69,reference_replay_pair,physical_clockwise,0,same_physical_actions,"{""1"":""werewolf"",""2"":""villager"",""3"":""hunter"",""4"":""villager"",""5"":""witch"",""6"":""werewolf"",""7"":""seer"",""8"":""villager"",""9"":""werewolf"",""10"":""villager""}","{""1"":1,""2"":2,""3"":3,""4"":4,""5"":5,""6"":6,""7"":7,""8"":8,""9"":9,""10"":10}",same_action_reference_seed_45_base_69_physical_clockwise,52,52,52,1,1,1,1,1,,,,none,,,,,,,,,wolf,0,1,4,7,0,2,0,1,1
supplied_action_replay,same_action_seed_45_base_70,same_action_seed_45_base_70,45,70,reference_replay_pair,physical_clockwise,0,same_physical_actions,"{""1"":""villager"",""2"":""werewolf"",""3"":""villager"",""4"":""villager"",""5"":""werewolf"",""6"":""seer"",""7"":""werewolf"",""8"":""witch"",""9"":""hunter"",""10"":""villager""}","{""1"":1,""2"":2,""3"":3,""4"":4,""5"":5,""6"":6,""7"":7,""8"":8,""9"":9,""10"":10}",same_action_reference_seed_45_base_70_physical_clockwise,59,59,59,1,1,1,1,1,,,,none,,,,,,,,,wolf,0,1,4,6,0,3,1,1,1
supplied_action_replay,same_action_seed_45_base_71,same_action_seed_45_base_71,45,71,reference_replay_pair,physical_clockwise,0,same_physical_actions,"{""1"":""villager"",""2"":""werewolf"",""3"":""werewolf"",""4"":""werewolf"",""5"":""witch"",""6"":""villager"",""7"":""seer"",""8"":""hunter"",""9"":""villager"",""10"":""villager""}","{""1"":1,""2"":2,""3"":3,""4"":4,""5"":5,""6"":6,""7"":7,""8"":8,""9"":9,""10"":10}",same_action_reference_seed_45_base_71_physical_clockwise,51,51,51,1,1,1,1,1,,,,none,,,,,,,,,wolf,0,1,4,7,0,1,0,0,0
supplied_action_replay,same_action_seed_45_base_72,same_action_seed_45_base_72,45,72,reference_replay_pair,physical_clockwise,0,same_physical_actions,"{""1"":""villager"",""2"":""seer"",""3"":""villager"",""4"":""werewolf"",""5"":""witch"",""6"":""hunter"",""7"":""werewolf"",""8"":""villager"",""9"":""villager"",""10"":""werewolf""}","{""1"":1,""2"":2,""3"":3,""4"":4,""5"":5,""6"":6,""7"":7,""8"":8,""9"":9,""10"":10}",same_action_reference_seed_45_base_72_physical_clockwise,60,60,60,1,1,1,1,1,,,,none,,,,,,,,,wolf,0,1,4,2,1,4,0,1,1
supplied_action_replay,same_action_seed_45_base_73,same_action_seed_45_base_73,45,73,reference_replay_pair,physical_clockwise,0,same_physical_actions,"{""1"":""werewolf"",""2"":""villager"",""3"":""werewolf"",""4"":""villager"",""5"":""villager"",""6"":""villager"",""7"":""witch"",""8"":""hunter"",""9"":""seer"",""10"":""werewolf""}","{""1"":1,""2"":2,""3"":3,""4"":4,""5"":5,""6"":6,""7"":7,""8"":8,""9"":9,""10"":10}",same_action_reference_seed_45_base_73_physical_clockwise,64,64,64,1,1,1,1,1,,,,none,,,,,,,,,village,1,0,4,9,1,4,1,1,1
supplied_action_replay,same_action_seed_45_base_74,same_action_seed_45_base_74,45,74,reference_replay_pair,physical_clockwise,0,same_physical_actions,"{""1"":""villager"",""2"":""villager"",""3"":""werewolf"",""4"":""witch"",""5"":""seer"",""6"":""villager"",""7"":""villager"",""8"":""hunter"",""9"":""werewolf"",""10"":""werewolf""}","{""1"":1,""2"":2,""3"":3,""4"":4,""5"":5,""6"":6,""7"":7,""8"":8,""9"":9,""10"":10}",same_action_reference_seed_45_base_74_physical_clockwise,66,66,66,1,1,1,1,1,,,,none,,,,,,,,,village,1,0,4,5,1,4,0,0,1
supplied_action_replay,same_action_seed_45_base_75,same_action_seed_45_base_75,45,75,reference_replay_pair,physical_clockwise,0,same_physical_actions,"{""1"":""werewolf"",""2"":""villager"",""3"":""witch"",""4"":""villager"",""5"":""werewolf"",""6"":""seer"",""7"":""werewolf"",""8"":""hunter"",""9"":""villager"",""10"":""villager""}","{""1"":1,""2"":2,""3"":3,""4"":4,""5"":5,""6"":6,""7"":7,""8"":8,""9"":9,""10"":10}",same_action_reference_seed_45_base_75_physical_clockwise,58,58,58,1,1,1,1,1,,,,none,,,,,,,,,village,1,0,4,6,0,2,1,1,1
supplied_action_replay,same_action_seed_45_base_76,same_action_seed_45_base_76,45,76,reference_replay_pair,physical_clockwise,0,same_physical_actions,"{""1"":""villager"",""2"":""seer"",""3"":""hunter"",""4"":""werewolf"",""5"":""villager"",""6"":""villager"",""7"":""werewolf"",""8"":""villager"",""9"":""werewolf"",""10"":""witch""}","{""1"":1,""2"":2,""3"":3,""4"":4,""5"":5,""6"":6,""7"":7,""8"":8,""9"":9,""10"":10}",same_action_reference_seed_45_base_76_physical_clockwise,56,56,56,1,1,1,1,1,,,,none,,,,,,,,,wolf,0,1,4,2,0,2,0,1,1
supplied_action_replay,same_action_seed_45_base_77,same_action_seed_45_base_77,45,77,reference_replay_pair,physical_clockwise,0,same_physical_actions,"{""1"":""villager"",""2"":""seer"",""3"":""villager"",""4"":""werewolf"",""5"":""hunter"",""6"":""werewolf"",""7"":""villager"",""8"":""villager"",""9"":""witch"",""10"":""werewolf""}","{""1"":1,""2"":2,""3"":3,""4"":4,""5"":5,""6"":6,""7"":7,""8"":8,""9"":9,""10"":10}",same_action_reference_seed_45_base_77_physical_clockwise,62,62,62,1,1,1,1,1,,,,none,,,,,,,,,wolf,0,1,4,2,0,2,0,1,1
supplied_action_replay,same_action_seed_45_base_78,same_action_seed_45_base_78,45,78,reference_replay_pair,physical_clockwise,0,same_physical_actions,"{""1"":""werewolf"",""2"":""werewolf"",""3"":""villager"",""4"":""villager"",""5"":""seer"",""6"":""villager"",""7"":""witch"",""8"":""hunter"",""9"":""villager"",""10"":""werewolf""}","{""1"":1,""2"":2,""3"":3,""4"":4,""5"":5,""6"":6,""7"":7,""8"":8,""9"":9,""10"":10}",same_action_reference_seed_45_base_78_physical_clockwise,43,43,43,1,1,1,1,1,,,,none,,,,,,,,,wolf,0,1,3,5,0,3,0,0,0
supplied_action_replay,same_action_seed_45_base_79,same_action_seed_45_base_79,45,79,reference_replay_pair,physical_clockwise,0,same_physical_actions,"{""1"":""villager"",""2"":""werewolf"",""3"":""werewolf"",""4"":""witch"",""5"":""hunter"",""6"":""villager"",""7"":""villager"",""8"":""werewolf"",""9"":""seer"",""10"":""villager""}","{""1"":1,""2"":2,""3"":3,""4"":4,""5"":5,""6"":6,""7"":7,""8"":8,""9"":9,""10"":10}",same_action_reference_seed_45_base_79_physical_clockwise,56,56,56,1,1,1,1,1,,,,none,,,,,,,,,wolf,0,1,4,9,0,4,0,0,1
supplied_action_replay,same_action_seed_45_base_80,same_action_seed_45_base_80,45,80,reference_replay_pair,physical_clockwise,0,same_physical_actions,"{""1"":""werewolf"",""2"":""villager"",""3"":""villager"",""4"":""seer"",""5"":""hunter"",""6"":""werewolf"",""7"":""villager"",""8"":""werewolf"",""9"":""villager"",""10"":""witch""}","{""1"":1,""2"":2,""3"":3,""4"":4,""5"":5,""6"":6,""7"":7,""8"":8,""9"":9,""10"":10}",same_action_reference_seed_45_base_80_physical_clockwise,63,63,63,1,1,1,1,1,,,,none,,,,,,,,,wolf,0,1,4,4,0,3,0,1,1
supplied_action_replay,same_action_seed_45_base_81,same_action_seed_45_base_81,45,81,reference_replay_pair,physical_clockwise,0,same_physical_actions,"{""1"":""villager"",""2"":""villager"",""3"":""werewolf"",""4"":""werewolf"",""5"":""villager"",""6"":""hunter"",""7"":""werewolf"",""8"":""seer"",""9"":""witch"",""10"":""villager""}","{""1"":1,""2"":2,""3"":3,""4"":4,""5"":5,""6"":6,""7"":7,""8"":8,""9"":9,""10"":10}",same_action_reference_seed_45_base_81_physical_clockwise,41,41,41,1,1,1,1,1,,,,none,,,,,,,,,wolf,0,1,3,8,0,1,0,0,0
supplied_action_replay,same_action_seed_45_base_82,same_action_seed_45_base_82,45,82,reference_replay_pair,physical_clockwise,0,same_physical_actions,"{""1"":""villager"",""2"":""werewolf"",""3"":""werewolf"",""4"":""villager"",""5"":""seer"",""6"":""villager"",""7"":""villager"",""8"":""werewolf"",""9"":""witch"",""10"":""hunter""}","{""1"":1,""2"":2,""3"":3,""4"":4,""5"":5,""6"":6,""7"":7,""8"":8,""9"":9,""10"":10}",same_action_reference_seed_45_base_82_physical_clockwise,38,38,38,1,1,1,1,1,,,,none,,,,,,,,,wolf,0,1,2,5,0,2,0,0,0
supplied_action_replay,same_action_seed_45_base_83,same_action_seed_45_base_83,45,83,reference_replay_pair,physical_clockwise,0,same_physical_actions,"{""1"":""seer"",""2"":""villager"",""3"":""villager"",""4"":""witch"",""5"":""villager"",""6"":""villager"",""7"":""werewolf"",""8"":""hunter"",""9"":""werewolf"",""10"":""werewolf""}","{""1"":1,""2"":2,""3"":3,""4"":4,""5"":5,""6"":6,""7"":7,""8"":8,""9"":9,""10"":10}",same_action_reference_seed_45_base_83_physical_clockwise,42,42,42,1,1,1,1,1,,,,none,,,,,,,,,wolf,0,1,3,1,0,2,0,0,0
supplied_action_replay,same_action_seed_45_base_84,same_action_seed_45_base_84,45,84,reference_replay_pair,physical_clockwise,0,same_physical_actions,"{""1"":""villager"",""2"":""seer"",""3"":""villager"",""4"":""werewolf"",""5"":""villager"",""6"":""hunter"",""7"":""villager"",""8"":""witch"",""9"":""werewolf"",""10"":""werewolf""}","{""1"":1,""2"":2,""3"":3,""4"":4,""5"":5,""6"":6,""7"":7,""8"":8,""9"":9,""10"":10}",same_action_reference_seed_45_base_84_physical_clockwise,51,51,51,1,1,1,1,1,,,,none,,,,,,,,,wolf,0,1,3,2,0,3,0,1,1
supplied_action_replay,same_action_seed_45_base_85,same_action_seed_45_base_85,45,85,reference_replay_pair,physical_clockwise,0,same_physical_actions,"{""1"":""witch"",""2"":""villager"",""3"":""werewolf"",""4"":""villager"",""5"":""villager"",""6"":""werewolf"",""7"":""hunter"",""8"":""seer"",""9"":""werewolf"",""10"":""villager""}","{""1"":1,""2"":2,""3"":3,""4"":4,""5"":5,""6"":6,""7"":7,""8"":8,""9"":9,""10"":10}",same_action_reference_seed_45_base_85_physical_clockwise,56,56,56,1,1,1,1,1,,,,none,,,,,,,,,village,1,0,3,8,1,3,1,1,1
supplied_action_replay,same_action_seed_45_base_86,same_action_seed_45_base_86,45,86,reference_replay_pair,physical_clockwise,0,same_physical_actions,"{""1"":""villager"",""2"":""hunter"",""3"":""werewolf"",""4"":""villager"",""5"":""werewolf"",""6"":""witch"",""7"":""werewolf"",""8"":""villager"",""9"":""villager"",""10"":""seer""}","{""1"":1,""2"":2,""3"":3,""4"":4,""5"":5,""6"":6,""7"":7,""8"":8,""9"":9,""10"":10}",same_action_reference_seed_45_base_86_physical_clockwise,58,58,58,1,1,1,1,1,,,,none,,,,,,,,,village,1,0,3,10,1,3,0,0,1
supplied_action_replay,same_action_seed_45_base_87,same_action_seed_45_base_87,45,87,reference_replay_pair,physical_clockwise,0,same_physical_actions,"{""1"":""villager"",""2"":""werewolf"",""3"":""hunter"",""4"":""villager"",""5"":""villager"",""6"":""villager"",""7"":""witch"",""8"":""seer"",""9"":""werewolf"",""10"":""werewolf""}","{""1"":1,""2"":2,""3"":3,""4"":4,""5"":5,""6"":6,""7"":7,""8"":8,""9"":9,""10"":10}",same_action_reference_seed_45_base_87_physical_clockwise,69,69,69,1,1,1,1,1,,,,none,,,,,,,,,wolf,0,1,5,8,0,3,1,1,1
supplied_action_replay,same_action_seed_45_base_88,same_action_seed_45_base_88,45,88,reference_replay_pair,physical_clockwise,0,same_physical_actions,"{""1"":""werewolf"",""2"":""villager"",""3"":""werewolf"",""4"":""seer"",""5"":""hunter"",""6"":""villager"",""7"":""werewolf"",""8"":""witch"",""9"":""villager"",""10"":""villager""}","{""1"":1,""2"":2,""3"":3,""4"":4,""5"":5,""6"":6,""7"":7,""8"":8,""9"":9,""10"":10}",same_action_reference_seed_45_base_88_physical_clockwise,46,46,46,1,1,1,1,1,,,,none,,,,,,,,,village,1,0,3,4,1,3,0,0,1
supplied_action_replay,same_action_seed_45_base_89,same_action_seed_45_base_89,45,89,reference_replay_pair,physical_clockwise,0,same_physical_actions,"{""1"":""seer"",""2"":""villager"",""3"":""villager"",""4"":""werewolf"",""5"":""werewolf"",""6"":""villager"",""7"":""villager"",""8"":""witch"",""9"":""werewolf"",""10"":""hunter""}","{""1"":1,""2"":2,""3"":3,""4"":4,""5"":5,""6"":6,""7"":7,""8"":8,""9"":9,""10"":10}",same_action_reference_seed_45_base_89_physical_clockwise,44,44,44,1,1,1,1,1,,,,none,,,,,,,,,village,1,0,3,1,0,2,0,0,0
supplied_action_replay,same_action_seed_45_base_90,same_action_seed_45_base_90,45,90,reference_replay_pair,physical_clockwise,0,same_physical_actions,"{""1"":""hunter"",""2"":""villager"",""3"":""witch"",""4"":""werewolf"",""5"":""werewolf"",""6"":""villager"",""7"":""villager"",""8"":""werewolf"",""9"":""villager"",""10"":""seer""}","{""1"":1,""2"":2,""3"":3,""4"":4,""5"":5,""6"":6,""7"":7,""8"":8,""9"":9,""10"":10}",same_action_reference_seed_45_base_90_physical_clockwise,38,38,38,1,1,1,1,1,,,,none,,,,,,,,,wolf,0,1,2,10,0,2,0,0,0
supplied_action_replay,same_action_seed_45_base_91,same_action_seed_45_base_91,45,91,reference_replay_pair,physical_clockwise,0,same_physical_actions,"{""1"":""werewolf"",""2"":""villager"",""3"":""werewolf"",""4"":""seer"",""5"":""witch"",""6"":""villager"",""7"":""villager"",""8"":""hunter"",""9"":""villager"",""10"":""werewolf""}","{""1"":1,""2"":2,""3"":3,""4"":4,""5"":5,""6"":6,""7"":7,""8"":8,""9"":9,""10"":10}",same_action_reference_seed_45_base_91_physical_clockwise,57,57,57,1,1,1,1,1,,,,none,,,,,,,,,wolf,0,1,3,4,0,3,0,0,0
supplied_action_replay,same_action_seed_45_base_92,same_action_seed_45_base_92,45,92,reference_replay_pair,physical_clockwise,0,same_physical_actions,"{""1"":""werewolf"",""2"":""seer"",""3"":""hunter"",""4"":""villager"",""5"":""villager"",""6"":""werewolf"",""7"":""witch"",""8"":""werewolf"",""9"":""villager"",""10"":""villager""}","{""1"":1,""2"":2,""3"":3,""4"":4,""5"":5,""6"":6,""7"":7,""8"":8,""9"":9,""10"":10}",same_action_reference_seed_45_base_92_physical_clockwise,59,59,59,1,1,1,1,1,,,,none,,,,,,,,,village,1,0,4,2,0,3,0,0,1
supplied_action_replay,same_action_seed_45_base_93,same_action_seed_45_base_93,45,93,reference_replay_pair,physical_clockwise,0,same_physical_actions,"{""1"":""werewolf"",""2"":""seer"",""3"":""villager"",""4"":""hunter"",""5"":""villager"",""6"":""villager"",""7"":""werewolf"",""8"":""witch"",""9"":""villager"",""10"":""werewolf""}","{""1"":1,""2"":2,""3"":3,""4"":4,""5"":5,""6"":6,""7"":7,""8"":8,""9"":9,""10"":10}",same_action_reference_seed_45_base_93_physical_clockwise,53,53,53,1,1,1,1,1,,,,none,,,,,,,,,wolf,0,1,4,2,0,3,0,0,0
supplied_action_replay,same_action_seed_45_base_94,same_action_seed_45_base_94,45,94,reference_replay_pair,physical_clockwise,0,same_physical_actions,"{""1"":""villager"",""2"":""witch"",""3"":""seer"",""4"":""villager"",""5"":""villager"",""6"":""werewolf"",""7"":""hunter"",""8"":""werewolf"",""9"":""villager"",""10"":""werewolf""}","{""1"":1,""2"":2,""3"":3,""4"":4,""5"":5,""6"":6,""7"":7,""8"":8,""9"":9,""10"":10}",same_action_reference_seed_45_base_94_physical_clockwise,40,40,40,1,1,1,1,1,,,,none,,,,,,,,,wolf,0,1,3,3,0,2,0,0,0
supplied_action_replay,same_action_seed_45_base_95,same_action_seed_45_base_95,45,95,reference_replay_pair,physical_clockwise,0,same_physical_actions,"{""1"":""werewolf"",""2"":""villager"",""3"":""villager"",""4"":""werewolf"",""5"":""seer"",""6"":""villager"",""7"":""villager"",""8"":""werewolf"",""9"":""hunter"",""10"":""witch""}","{""1"":1,""2"":2,""3"":3,""4"":4,""5"":5,""6"":6,""7"":7,""8"":8,""9"":9,""10"":10}",same_action_reference_seed_45_base_95_physical_clockwise,57,57,57,1,1,1,1,1,,,,none,,,,,,,,,wolf,0,1,4,5,0,3,0,0,0
supplied_action_replay,same_action_seed_45_base_96,same_action_seed_45_base_96,45,96,reference_replay_pair,physical_clockwise,0,same_physical_actions,"{""1"":""werewolf"",""2"":""villager"",""3"":""witch"",""4"":""werewolf"",""5"":""villager"",""6"":""werewolf"",""7"":""villager"",""8"":""hunter"",""9"":""seer"",""10"":""villager""}","{""1"":1,""2"":2,""3"":3,""4"":4,""5"":5,""6"":6,""7"":7,""8"":8,""9"":9,""10"":10}",same_action_reference_seed_45_base_96_physical_clockwise,52,52,52,1,1,1,1,1,,,,none,,,,,,,,,wolf,0,1,4,9,1,4,0,0,1
supplied_action_replay,same_action_seed_45_base_97,same_action_seed_45_base_97,45,97,reference_replay_pair,physical_clockwise,0,same_physical_actions,"{""1"":""villager"",""2"":""werewolf"",""3"":""villager"",""4"":""werewolf"",""5"":""witch"",""6"":""villager"",""7"":""villager"",""8"":""seer"",""9"":""hunter"",""10"":""werewolf""}","{""1"":1,""2"":2,""3"":3,""4"":4,""5"":5,""6"":6,""7"":7,""8"":8,""9"":9,""10"":10}",same_action_reference_seed_45_base_97_physical_clockwise,63,63,63,1,1,1,1,1,,,,none,,,,,,,,,wolf,0,1,4,8,0,3,0,1,1
supplied_action_replay,same_action_seed_45_base_98,same_action_seed_45_base_98,45,98,reference_replay_pair,physical_clockwise,0,same_physical_actions,"{""1"":""werewolf"",""2"":""hunter"",""3"":""villager"",""4"":""villager"",""5"":""villager"",""6"":""werewolf"",""7"":""werewolf"",""8"":""witch"",""9"":""seer"",""10"":""villager""}","{""1"":1,""2"":2,""3"":3,""4"":4,""5"":5,""6"":6,""7"":7,""8"":8,""9"":9,""10"":10}",same_action_reference_seed_45_base_98_physical_clockwise,54,54,54,1,1,1,1,1,,,,none,,,,,,,,,village,1,0,4,9,1,4,0,1,1
supplied_action_replay,same_action_seed_45_base_99,same_action_seed_45_base_99,45,99,reference_replay_pair,physical_clockwise,0,same_physical_actions,"{""1"":""villager"",""2"":""villager"",""3"":""werewolf"",""4"":""werewolf"",""5"":""werewolf"",""6"":""villager"",""7"":""villager"",""8"":""witch"",""9"":""hunter"",""10"":""seer""}","{""1"":1,""2"":2,""3"":3,""4"":4,""5"":5,""6"":6,""7"":7,""8"":8,""9"":9,""10"":10}",same_action_reference_seed_45_base_99_physical_clockwise,41,41,41,1,1,1,1,1,,,,none,,,,,,,,,wolf,0,1,2,10,0,1,0,0,0
supplied_action_replay,same_action_seed_45_base_100,same_action_seed_45_base_100,45,100,reference_replay_pair,physical_clockwise,0,same_physical_actions,"{""1"":""hunter"",""2"":""werewolf"",""3"":""villager"",""4"":""werewolf"",""5"":""seer"",""6"":""villager"",""7"":""witch"",""8"":""werewolf"",""9"":""villager"",""10"":""villager""}","{""1"":1,""2"":2,""3"":3,""4"":4,""5"":5,""6"":6,""7"":7,""8"":8,""9"":9,""10"":10}",same_action_reference_seed_45_base_100_physical_clockwise,64,64,64,1,1,1,1,1,,,,none,,,,,,,,,village,1,0,4,5,0,4,0,0,0
supplied_action_replay,same_action_seed_45_base_101,same_action_seed_45_base_101,45,101,reference_replay_pair,physical_clockwise,0,same_physical_actions,"{""1"":""villager"",""2"":""villager"",""3"":""villager"",""4"":""hunter"",""5"":""werewolf"",""6"":""werewolf"",""7"":""villager"",""8"":""seer"",""9"":""witch"",""10"":""werewolf""}","{""1"":1,""2"":2,""3"":3,""4"":4,""5"":5,""6"":6,""7"":7,""8"":8,""9"":9,""10"":10}",same_action_reference_seed_45_base_101_physical_clockwise,60,60,60,1,1,1,1,1,,,,none,,,,,,,,,village,1,0,4,8,0,4,0,1,1
supplied_action_replay,same_action_seed_45_base_102,same_action_seed_45_base_102,45,102,reference_replay_pair,physical_clockwise,0,same_physical_actions,"{""1"":""werewolf"",""2"":""villager"",""3"":""witch"",""4"":""villager"",""5"":""werewolf"",""6"":""villager"",""7"":""hunter"",""8"":""villager"",""9"":""seer"",""10"":""werewolf""}","{""1"":1,""2"":2,""3"":3,""4"":4,""5"":5,""6"":6,""7"":7,""8"":8,""9"":9,""10"":10}",same_action_reference_seed_45_base_102_physical_clockwise,59,59,59,1,1,1,1,1,,,,none,,,,,,,,,wolf,0,1,4,9,0,3,1,1,1
supplied_action_replay,same_action_seed_45_base_103,same_action_seed_45_base_103,45,103,reference_replay_pair,physical_clockwise,0,same_physical_actions,"{""1"":""werewolf"",""2"":""villager"",""3"":""villager"",""4"":""witch"",""5"":""werewolf"",""6"":""werewolf"",""7"":""villager"",""8"":""seer"",""9"":""hunter"",""10"":""villager""}","{""1"":1,""2"":2,""3"":3,""4"":4,""5"":5,""6"":6,""7"":7,""8"":8,""9"":9,""10"":10}",same_action_reference_seed_45_base_103_physical_clockwise,44,44,44,1,1,1,1,1,,,,none,,,,,,,,,wolf,0,1,3,8,0,2,0,0,0
supplied_action_replay,same_action_seed_45_base_104,same_action_seed_45_base_104,45,104,reference_replay_pair,physical_clockwise,0,same_physical_actions,"{""1"":""hunter"",""2"":""seer"",""3"":""villager"",""4"":""witch"",""5"":""werewolf"",""6"":""werewolf"",""7"":""villager"",""8"":""werewolf"",""9"":""villager"",""10"":""villager""}","{""1"":1,""2"":2,""3"":3,""4"":4,""5"":5,""6"":6,""7"":7,""8"":8,""9"":9,""10"":10}",same_action_reference_seed_45_base_104_physical_clockwise,58,58,58,1,1,1,1,1,,,,none,,,,,,,,,wolf,0,1,4,2,1,4,0,0,1
supplied_action_replay,same_action_seed_45_base_105,same_action_seed_45_base_105,45,105,reference_replay_pair,physical_clockwise,0,same_physical_actions,"{""1"":""villager"",""2"":""witch"",""3"":""hunter"",""4"":""seer"",""5"":""werewolf"",""6"":""villager"",""7"":""villager"",""8"":""werewolf"",""9"":""villager"",""10"":""werewolf""}","{""1"":1,""2"":2,""3"":3,""4"":4,""5"":5,""6"":6,""7"":7,""8"":8,""9"":9,""10"":10}",same_action_reference_seed_45_base_105_physical_clockwise,65,65,65,1,1,1,1,1,,,,none,,,,,,,,,wolf,0,1,4,4,0,3,1,1,1
supplied_action_replay,same_action_seed_45_base_106,same_action_seed_45_base_106,45,106,reference_replay_pair,physical_clockwise,0,same_physical_actions,"{""1"":""villager"",""2"":""seer"",""3"":""villager"",""4"":""hunter"",""5"":""witch"",""6"":""villager"",""7"":""werewolf"",""8"":""werewolf"",""9"":""villager"",""10"":""werewolf""}","{""1"":1,""2"":2,""3"":3,""4"":4,""5"":5,""6"":6,""7"":7,""8"":8,""9"":9,""10"":10}",same_action_reference_seed_45_base_106_physical_clockwise,45,45,45,1,1,1,1,1,,,,none,,,,,,,,,wolf,0,1,3,2,1,3,0,0,1
supplied_action_replay,same_action_seed_45_base_107,same_action_seed_45_base_107,45,107,reference_replay_pair,physical_clockwise,0,same_physical_actions,"{""1"":""werewolf"",""2"":""villager"",""3"":""villager"",""4"":""werewolf"",""5"":""seer"",""6"":""werewolf"",""7"":""hunter"",""8"":""villager"",""9"":""villager"",""10"":""witch""}","{""1"":1,""2"":2,""3"":3,""4"":4,""5"":5,""6"":6,""7"":7,""8"":8,""9"":9,""10"":10}",same_action_reference_seed_45_base_107_physical_clockwise,39,39,39,1,1,1,1,1,,,,none,,,,,,,,,wolf,0,1,3,5,1,3,1,1,1
supplied_action_replay,same_action_seed_45_base_108,same_action_seed_45_base_108,45,108,reference_replay_pair,physical_clockwise,0,same_physical_actions,"{""1"":""hunter"",""2"":""werewolf"",""3"":""werewolf"",""4"":""villager"",""5"":""villager"",""6"":""werewolf"",""7"":""villager"",""8"":""witch"",""9"":""seer"",""10"":""villager""}","{""1"":1,""2"":2,""3"":3,""4"":4,""5"":5,""6"":6,""7"":7,""8"":8,""9"":9,""10"":10}",same_action_reference_seed_45_base_108_physical_clockwise,67,67,67,1,1,1,1,1,,,,none,,,,,,,,,village,1,0,4,9,0,4,0,0,1
supplied_action_replay,same_action_seed_45_base_109,same_action_seed_45_base_109,45,109,reference_replay_pair,physical_clockwise,0,same_physical_actions,"{""1"":""villager"",""2"":""werewolf"",""3"":""witch"",""4"":""villager"",""5"":""seer"",""6"":""villager"",""7"":""werewolf"",""8"":""werewolf"",""9"":""hunter"",""10"":""villager""}","{""1"":1,""2"":2,""3"":3,""4"":4,""5"":5,""6"":6,""7"":7,""8"":8,""9"":9,""10"":10}",same_action_reference_seed_45_base_109_physical_clockwise,53,53,53,1,1,1,1,1,,,,none,,,,,,,,,wolf,0,1,4,5,0,3,0,1,1
supplied_action_replay,same_action_seed_45_base_110,same_action_seed_45_base_110,45,110,reference_replay_pair,physical_clockwise,0,same_physical_actions,"{""1"":""villager"",""2"":""werewolf"",""3"":""villager"",""4"":""werewolf"",""5"":""villager"",""6"":""hunter"",""7"":""werewolf"",""8"":""seer"",""9"":""villager"",""10"":""witch""}","{""1"":1,""2"":2,""3"":3,""4"":4,""5"":5,""6"":6,""7"":7,""8"":8,""9"":9,""10"":10}",same_action_reference_seed_45_base_110_physical_clockwise,51,51,51,1,1,1,1,1,,,,none,,,,,,,,,village,1,0,3,8,1,3,0,0,1
supplied_action_replay,same_action_seed_45_base_111,same_action_seed_45_base_111,45,111,reference_replay_pair,physical_clockwise,0,same_physical_actions,"{""1"":""seer"",""2"":""witch"",""3"":""villager"",""4"":""villager"",""5"":""werewolf"",""6"":""werewolf"",""7"":""villager"",""8"":""villager"",""9"":""werewolf"",""10"":""hunter""}","{""1"":1,""2"":2,""3"":3,""4"":4,""5"":5,""6"":6,""7"":7,""8"":8,""9"":9,""10"":10}",same_action_reference_seed_45_base_111_physical_clockwise,60,60,60,1,1,1,1,1,,,,none,,,,,,,,,village,1,0,4,1,0,3,0,0,0
supplied_action_replay,same_action_seed_45_base_112,same_action_seed_45_base_112,45,112,reference_replay_pair,physical_clockwise,0,same_physical_actions,"{""1"":""werewolf"",""2"":""villager"",""3"":""werewolf"",""4"":""witch"",""5"":""werewolf"",""6"":""villager"",""7"":""villager"",""8"":""hunter"",""9"":""seer"",""10"":""villager""}","{""1"":1,""2"":2,""3"":3,""4"":4,""5"":5,""6"":6,""7"":7,""8"":8,""9"":9,""10"":10}",same_action_reference_seed_45_base_112_physical_clockwise,61,61,61,1,1,1,1,1,,,,none,,,,,,,,,village,1,0,4,9,1,4,0,1,1
supplied_action_replay,same_action_seed_45_base_113,same_action_seed_45_base_113,45,113,reference_replay_pair,physical_clockwise,0,same_physical_actions,"{""1"":""werewolf"",""2"":""witch"",""3"":""seer"",""4"":""werewolf"",""5"":""werewolf"",""6"":""villager"",""7"":""villager"",""8"":""hunter"",""9"":""villager"",""10"":""villager""}","{""1"":1,""2"":2,""3"":3,""4"":4,""5"":5,""6"":6,""7"":7,""8"":8,""9"":9,""10"":10}",same_action_reference_seed_45_base_113_physical_clockwise,45,45,45,1,1,1,1,1,,,,none,,,,,,,,,wolf,0,1,3,3,0,3,1,1,1
supplied_action_replay,same_action_seed_45_base_114,same_action_seed_45_base_114,45,114,reference_replay_pair,physical_clockwise,0,same_physical_actions,"{""1"":""villager"",""2"":""villager"",""3"":""werewolf"",""4"":""villager"",""5"":""seer"",""6"":""werewolf"",""7"":""villager"",""8"":""witch"",""9"":""hunter"",""10"":""werewolf""}","{""1"":1,""2"":2,""3"":3,""4"":4,""5"":5,""6"":6,""7"":7,""8"":8,""9"":9,""10"":10}",same_action_reference_seed_45_base_114_physical_clockwise,65,65,65,1,1,1,1,1,,,,none,,,,,,,,,village,1,0,4,5,0,3,1,1,1
supplied_action_replay,same_action_seed_45_base_115,same_action_seed_45_base_115,45,115,reference_replay_pair,physical_clockwise,0,same_physical_actions,"{""1"":""witch"",""2"":""villager"",""3"":""werewolf"",""4"":""seer"",""5"":""villager"",""6"":""villager"",""7"":""hunter"",""8"":""villager"",""9"":""werewolf"",""10"":""werewolf""}","{""1"":1,""2"":2,""3"":3,""4"":4,""5"":5,""6"":6,""7"":7,""8"":8,""9"":9,""10"":10}",same_action_reference_seed_45_base_115_physical_clockwise,45,45,45,1,1,1,1,1,,,,none,,,,,,,,,wolf,0,1,3,4,1,3,0,0,0
supplied_action_replay,same_action_seed_45_base_116,same_action_seed_45_base_116,45,116,reference_replay_pair,physical_clockwise,0,same_physical_actions,"{""1"":""hunter"",""2"":""werewolf"",""3"":""villager"",""4"":""villager"",""5"":""villager"",""6"":""werewolf"",""7"":""werewolf"",""8"":""seer"",""9"":""villager"",""10"":""witch""}","{""1"":1,""2"":2,""3"":3,""4"":4,""5"":5,""6"":6,""7"":7,""8"":8,""9"":9,""10"":10}",same_action_reference_seed_45_base_116_physical_clockwise,43,43,43,1,1,1,1,1,,,,none,,,,,,,,,wolf,0,1,3,8,0,1,0,0,0
supplied_action_replay,same_action_seed_45_base_117,same_action_seed_45_base_117,45,117,reference_replay_pair,physical_clockwise,0,same_physical_actions,"{""1"":""villager"",""2"":""seer"",""3"":""villager"",""4"":""werewolf"",""5"":""villager"",""6"":""werewolf"",""7"":""witch"",""8"":""hunter"",""9"":""werewolf"",""10"":""villager""}","{""1"":1,""2"":2,""3"":3,""4"":4,""5"":5,""6"":6,""7"":7,""8"":8,""9"":9,""10"":10}",same_action_reference_seed_45_base_117_physical_clockwise,24,24,24,1,1,1,1,1,,,,none,,,,,,,,,wolf,0,1,2,2,1,2,0,1,1
supplied_action_replay,same_action_seed_45_base_118,same_action_seed_45_base_118,45,118,reference_replay_pair,physical_clockwise,0,same_physical_actions,"{""1"":""villager"",""2"":""villager"",""3"":""witch"",""4"":""villager"",""5"":""werewolf"",""6"":""werewolf"",""7"":""villager"",""8"":""seer"",""9"":""werewolf"",""10"":""hunter""}","{""1"":1,""2"":2,""3"":3,""4"":4,""5"":5,""6"":6,""7"":7,""8"":8,""9"":9,""10"":10}",same_action_reference_seed_45_base_118_physical_clockwise,58,58,58,1,1,1,1,1,,,,none,,,,,,,,,village,1,0,3,8,1,3,1,1,1
supplied_action_replay,same_action_seed_45_base_119,same_action_seed_45_base_119,45,119,reference_replay_pair,physical_clockwise,0,same_physical_actions,"{""1"":""werewolf"",""2"":""villager"",""3"":""werewolf"",""4"":""seer"",""5"":""witch"",""6"":""werewolf"",""7"":""hunter"",""8"":""villager"",""9"":""villager"",""10"":""villager""}","{""1"":1,""2"":2,""3"":3,""4"":4,""5"":5,""6"":6,""7"":7,""8"":8,""9"":9,""10"":10}",same_action_reference_seed_45_base_119_physical_clockwise,57,57,57,1,1,1,1,1,,,,none,,,,,,,,,wolf,0,1,4,4,0,3,0,1,1
supplied_action_replay,same_action_seed_45_base_120,same_action_seed_45_base_120,45,120,reference_replay_pair,physical_clockwise,0,same_physical_actions,"{""1"":""werewolf"",""2"":""hunter"",""3"":""villager"",""4"":""villager"",""5"":""villager"",""6"":""werewolf"",""7"":""werewolf"",""8"":""seer"",""9"":""villager"",""10"":""witch""}","{""1"":1,""2"":2,""3"":3,""4"":4,""5"":5,""6"":6,""7"":7,""8"":8,""9"":9,""10"":10}",same_action_reference_seed_45_base_120_physical_clockwise,42,42,42,1,1,1,1,1,,,,none,,,,,,,,,wolf,0,1,3,8,0,2,0,0,0
supplied_action_replay,same_action_seed_45_base_121,same_action_seed_45_base_121,45,121,reference_replay_pair,physical_clockwise,0,same_physical_actions,"{""1"":""villager"",""2"":""werewolf"",""3"":""werewolf"",""4"":""hunter"",""5"":""villager"",""6"":""villager"",""7"":""werewolf"",""8"":""villager"",""9"":""witch"",""10"":""seer""}","{""1"":1,""2"":2,""3"":3,""4"":4,""5"":5,""6"":6,""7"":7,""8"":8,""9"":9,""10"":10}",same_action_reference_seed_45_base_121_physical_clockwise,56,56,56,1,1,1,1,1,,,,none,,,,,,,,,village,1,0,3,10,1,3,0,1,1
supplied_action_replay,same_action_seed_45_base_122,same_action_seed_45_base_122,45,122,reference_replay_pair,physical_clockwise,0,same_physical_actions,"{""1"":""werewolf"",""2"":""witch"",""3"":""villager"",""4"":""seer"",""5"":""villager"",""6"":""werewolf"",""7"":""werewolf"",""8"":""villager"",""9"":""hunter"",""10"":""villager""}","{""1"":1,""2"":2,""3"":3,""4"":4,""5"":5,""6"":6,""7"":7,""8"":8,""9"":9,""10"":10}",same_action_reference_seed_45_base_122_physical_clockwise,46,46,46,1,1,1,1,1,,,,none,,,,,,,,,village,1,0,3,4,1,3,0,1,1
supplied_action_replay,same_action_seed_45_base_123,same_action_seed_45_base_123,45,123,reference_replay_pair,physical_clockwise,0,same_physical_actions,"{""1"":""villager"",""2"":""witch"",""3"":""werewolf"",""4"":""villager"",""5"":""hunter"",""6"":""werewolf"",""7"":""werewolf"",""8"":""seer"",""9"":""villager"",""10"":""villager""}","{""1"":1,""2"":2,""3"":3,""4"":4,""5"":5,""6"":6,""7"":7,""8"":8,""9"":9,""10"":10}",same_action_reference_seed_45_base_123_physical_clockwise,41,41,41,1,1,1,1,1,,,,none,,,,,,,,,village,1,0,2,8,1,2,0,0,0
supplied_action_replay,same_action_seed_45_base_124,same_action_seed_45_base_124,45,124,reference_replay_pair,physical_clockwise,0,same_physical_actions,"{""1"":""villager"",""2"":""werewolf"",""3"":""villager"",""4"":""witch"",""5"":""hunter"",""6"":""werewolf"",""7"":""seer"",""8"":""werewolf"",""9"":""villager"",""10"":""villager""}","{""1"":1,""2"":2,""3"":3,""4"":4,""5"":5,""6"":6,""7"":7,""8"":8,""9"":9,""10"":10}",same_action_reference_seed_45_base_124_physical_clockwise,58,58,58,1,1,1,1,1,,,,none,,,,,,,,,village,1,0,3,7,1,3,1,1,1
supplied_action_replay,same_action_seed_45_base_125,same_action_seed_45_base_125,45,125,reference_replay_pair,physical_clockwise,0,same_physical_actions,"{""1"":""werewolf"",""2"":""hunter"",""3"":""villager"",""4"":""witch"",""5"":""werewolf"",""6"":""seer"",""7"":""villager"",""8"":""werewolf"",""9"":""villager"",""10"":""villager""}","{""1"":1,""2"":2,""3"":3,""4"":4,""5"":5,""6"":6,""7"":7,""8"":8,""9"":9,""10"":10}",same_action_reference_seed_45_base_125_physical_clockwise,54,54,54,1,1,1,1,1,,,,none,,,,,,,,,wolf,0,1,4,6,1,4,0,1,1
supplied_action_replay,same_action_seed_45_base_126,same_action_seed_45_base_126,45,126,reference_replay_pair,physical_clockwise,0,same_physical_actions,"{""1"":""seer"",""2"":""villager"",""3"":""villager"",""4"":""werewolf"",""5"":""witch"",""6"":""villager"",""7"":""hunter"",""8"":""werewolf"",""9"":""villager"",""10"":""werewolf""}","{""1"":1,""2"":2,""3"":3,""4"":4,""5"":5,""6"":6,""7"":7,""8"":8,""9"":9,""10"":10}",same_action_reference_seed_45_base_126_physical_clockwise,41,41,41,1,1,1,1,1,,,,none,,,,,,,,,wolf,0,1,2,1,0,1,0,0,0
supplied_action_replay,same_action_seed_45_base_127,same_action_seed_45_base_127,45,127,reference_replay_pair,physical_clockwise,0,same_physical_actions,"{""1"":""hunter"",""2"":""werewolf"",""3"":""villager"",""4"":""seer"",""5"":""werewolf"",""6"":""werewolf"",""7"":""villager"",""8"":""witch"",""9"":""villager"",""10"":""villager""}","{""1"":1,""2"":2,""3"":3,""4"":4,""5"":5,""6"":6,""7"":7,""8"":8,""9"":9,""10"":10}",same_action_reference_seed_45_base_127_physical_clockwise,64,64,64,1,1,1,1,1,,,,none,,,,,,,,,wolf,0,1,4,4,0,4,1,1,1
supplied_action_replay,same_action_seed_45_base_128,same_action_seed_45_base_128,45,128,reference_replay_pair,physical_clockwise,0,same_physical_actions,"{""1"":""villager"",""2"":""werewolf"",""3"":""witch"",""4"":""villager"",""5"":""villager"",""6"":""villager"",""7"":""werewolf"",""8"":""seer"",""9"":""hunter"",""10"":""werewolf""}","{""1"":1,""2"":2,""3"":3,""4"":4,""5"":5,""6"":6,""7"":7,""8"":8,""9"":9,""10"":10}",same_action_reference_seed_45_base_128_physical_clockwise,22,22,22,1,1,1,1,1,,,,none,,,,,,,,,wolf,0,1,2,8,0,2,0,1,1
supplied_action_replay,same_action_seed_45_base_129,same_action_seed_45_base_129,45,129,reference_replay_pair,physical_clockwise,0,same_physical_actions,"{""1"":""witch"",""2"":""villager"",""3"":""werewolf"",""4"":""villager"",""5"":""hunter"",""6"":""werewolf"",""7"":""villager"",""8"":""villager"",""9"":""werewolf"",""10"":""seer""}","{""1"":1,""2"":2,""3"":3,""4"":4,""5"":5,""6"":6,""7"":7,""8"":8,""9"":9,""10"":10}",same_action_reference_seed_45_base_129_physical_clockwise,38,38,38,1,1,1,1,1,,,,none,,,,,,,,,wolf,0,1,2,10,0,2,0,0,0
supplied_action_replay,same_action_seed_45_base_130,same_action_seed_45_base_130,45,130,reference_replay_pair,physical_clockwise,0,same_physical_actions,"{""1"":""werewolf"",""2"":""werewolf"",""3"":""werewolf"",""4"":""seer"",""5"":""villager"",""6"":""witch"",""7"":""villager"",""8"":""villager"",""9"":""hunter"",""10"":""villager""}","{""1"":1,""2"":2,""3"":3,""4"":4,""5"":5,""6"":6,""7"":7,""8"":8,""9"":9,""10"":10}",same_action_reference_seed_45_base_130_physical_clockwise,45,45,45,1,1,1,1,1,,,,none,,,,,,,,,wolf,0,1,3,4,1,3,0,0,0
supplied_action_replay,same_action_seed_45_base_131,same_action_seed_45_base_131,45,131,reference_replay_pair,physical_clockwise,0,same_physical_actions,"{""1"":""seer"",""2"":""witch"",""3"":""werewolf"",""4"":""werewolf"",""5"":""villager"",""6"":""villager"",""7"":""hunter"",""8"":""werewolf"",""9"":""villager"",""10"":""villager""}","{""1"":1,""2"":2,""3"":3,""4"":4,""5"":5,""6"":6,""7"":7,""8"":8,""9"":9,""10"":10}",same_action_reference_seed_45_base_131_physical_clockwise,54,54,54,1,1,1,1,1,,,,none,,,,,,,,,wolf,0,1,4,1,0,2,0,1,1
supplied_action_replay,same_action_seed_45_base_132,same_action_seed_45_base_132,45,132,reference_replay_pair,physical_clockwise,0,same_physical_actions,"{""1"":""witch"",""2"":""villager"",""3"":""hunter"",""4"":""werewolf"",""5"":""villager"",""6"":""villager"",""7"":""seer"",""8"":""werewolf"",""9"":""werewolf"",""10"":""villager""}","{""1"":1,""2"":2,""3"":3,""4"":4,""5"":5,""6"":6,""7"":7,""8"":8,""9"":9,""10"":10}",same_action_reference_seed_45_base_132_physical_clockwise,38,38,38,1,1,1,1,1,,,,none,,,,,,,,,village,1,0,2,7,1,2,1,1,1
supplied_action_replay,same_action_seed_45_base_133,same_action_seed_45_base_133,45,133,reference_replay_pair,physical_clockwise,0,same_physical_actions,"{""1"":""villager"",""2"":""seer"",""3"":""werewolf"",""4"":""villager"",""5"":""witch"",""6"":""villager"",""7"":""werewolf"",""8"":""hunter"",""9"":""werewolf"",""10"":""villager""}","{""1"":1,""2"":2,""3"":3,""4"":4,""5"":5,""6"":6,""7"":7,""8"":8,""9"":9,""10"":10}",same_action_reference_seed_45_base_133_physical_clockwise,46,46,46,1,1,1,1,1,,,,none,,,,,,,,,wolf,0,1,3,2,0,2,1,1,1
supplied_action_replay,same_action_seed_45_base_134,same_action_seed_45_base_134,45,134,reference_replay_pair,physical_clockwise,0,same_physical_actions,"{""1"":""villager"",""2"":""werewolf"",""3"":""villager"",""4"":""villager"",""5"":""seer"",""6"":""witch"",""7"":""villager"",""8"":""werewolf"",""9"":""hunter"",""10"":""werewolf""}","{""1"":1,""2"":2,""3"":3,""4"":4,""5"":5,""6"":6,""7"":7,""8"":8,""9"":9,""10"":10}",same_action_reference_seed_45_base_134_physical_clockwise,37,37,37,1,1,1,1,1,,,,none,,,,,,,,,wolf,0,1,3,5,0,1,0,0,0
supplied_action_replay,same_action_seed_45_base_135,same_action_seed_45_base_135,45,135,reference_replay_pair,physical_clockwise,0,same_physical_actions,"{""1"":""villager"",""2"":""werewolf"",""3"":""seer"",""4"":""villager"",""5"":""villager"",""6"":""werewolf"",""7"":""hunter"",""8"":""villager"",""9"":""witch"",""10"":""werewolf""}","{""1"":1,""2"":2,""3"":3,""4"":4,""5"":5,""6"":6,""7"":7,""8"":8,""9"":9,""10"":10}",same_action_reference_seed_45_base_135_physical_clockwise,42,42,42,1,1,1,1,1,,,,none,,,,,,,,,wolf,0,1,2,3,0,2,0,0,0
supplied_action_replay,same_action_seed_45_base_136,same_action_seed_45_base_136,45,136,reference_replay_pair,physical_clockwise,0,same_physical_actions,"{""1"":""villager"",""2"":""villager"",""3"":""werewolf"",""4"":""seer"",""5"":""witch"",""6"":""werewolf"",""7"":""werewolf"",""8"":""villager"",""9"":""villager"",""10"":""hunter""}","{""1"":1,""2"":2,""3"":3,""4"":4,""5"":5,""6"":6,""7"":7,""8"":8,""9"":9,""10"":10}",same_action_reference_seed_45_base_136_physical_clockwise,54,54,54,1,1,1,1,1,,,,none,,,,,,,,,village,1,0,3,4,0,2,0,1,1
supplied_action_replay,same_action_seed_45_base_137,same_action_seed_45_base_137,45,137,reference_replay_pair,physical_clockwise,0,same_physical_actions,"{""1"":""witch"",""2"":""villager"",""3"":""werewolf"",""4"":""werewolf"",""5"":""villager"",""6"":""werewolf"",""7"":""villager"",""8"":""seer"",""9"":""villager"",""10"":""hunter""}","{""1"":1,""2"":2,""3"":3,""4"":4,""5"":5,""6"":6,""7"":7,""8"":8,""9"":9,""10"":10}",same_action_reference_seed_45_base_137_physical_clockwise,67,67,67,1,1,1,1,1,,,,none,,,,,,,,,village,1,0,4,8,0,2,0,0,0
supplied_action_replay,same_action_seed_45_base_138,same_action_seed_45_base_138,45,138,reference_replay_pair,physical_clockwise,0,same_physical_actions,"{""1"":""villager"",""2"":""hunter"",""3"":""villager"",""4"":""werewolf"",""5"":""villager"",""6"":""villager"",""7"":""werewolf"",""8"":""seer"",""9"":""werewolf"",""10"":""witch""}","{""1"":1,""2"":2,""3"":3,""4"":4,""5"":5,""6"":6,""7"":7,""8"":8,""9"":9,""10"":10}",same_action_reference_seed_45_base_138_physical_clockwise,57,57,57,1,1,1,1,1,,,,none,,,,,,,,,wolf,0,1,4,8,0,3,1,1,1
supplied_action_replay,same_action_seed_45_base_139,same_action_seed_45_base_139,45,139,reference_replay_pair,physical_clockwise,0,same_physical_actions,"{""1"":""villager"",""2"":""seer"",""3"":""werewolf"",""4"":""werewolf"",""5"":""werewolf"",""6"":""villager"",""7"":""villager"",""8"":""villager"",""9"":""hunter"",""10"":""witch""}","{""1"":1,""2"":2,""3"":3,""4"":4,""5"":5,""6"":6,""7"":7,""8"":8,""9"":9,""10"":10}",same_action_reference_seed_45_base_139_physical_clockwise,46,46,46,1,1,1,1,1,,,,none,,,,,,,,,village,1,0,3,2,1,3,1,1,1
supplied_action_replay,same_action_seed_45_base_140,same_action_seed_45_base_140,45,140,reference_replay_pair,physical_clockwise,0,same_physical_actions,"{""1"":""seer"",""2"":""hunter"",""3"":""witch"",""4"":""werewolf"",""5"":""villager"",""6"":""werewolf"",""7"":""villager"",""8"":""villager"",""9"":""werewolf"",""10"":""villager""}","{""1"":1,""2"":2,""3"":3,""4"":4,""5"":5,""6"":6,""7"":7,""8"":8,""9"":9,""10"":10}",same_action_reference_seed_45_base_140_physical_clockwise,70,70,70,1,1,1,1,1,,,,none,,,,,,,,,village,1,0,4,1,0,4,0,0,0
supplied_action_replay,same_action_seed_45_base_141,same_action_seed_45_base_141,45,141,reference_replay_pair,physical_clockwise,0,same_physical_actions,"{""1"":""werewolf"",""2"":""witch"",""3"":""villager"",""4"":""villager"",""5"":""werewolf"",""6"":""werewolf"",""7"":""seer"",""8"":""villager"",""9"":""hunter"",""10"":""villager""}","{""1"":1,""2"":2,""3"":3,""4"":4,""5"":5,""6"":6,""7"":7,""8"":8,""9"":9,""10"":10}",same_action_reference_seed_45_base_141_physical_clockwise,70,70,70,1,1,1,1,1,,,,none,,,,,,,,,wolf,0,1,5,7,0,4,0,0,0
supplied_action_replay,same_action_seed_45_base_142,same_action_seed_45_base_142,45,142,reference_replay_pair,physical_clockwise,0,same_physical_actions,"{""1"":""witch"",""2"":""werewolf"",""3"":""werewolf"",""4"":""villager"",""5"":""seer"",""6"":""villager"",""7"":""villager"",""8"":""werewolf"",""9"":""hunter"",""10"":""villager""}","{""1"":1,""2"":2,""3"":3,""4"":4,""5"":5,""6"":6,""7"":7,""8"":8,""9"":9,""10"":10}",same_action_reference_seed_45_base_142_physical_clockwise,51,51,51,1,1,1,1,1,,,,none,,,,,,,,,wolf,0,1,4,5,0,1,0,0,0
supplied_action_replay,same_action_seed_45_base_143,same_action_seed_45_base_143,45,143,reference_replay_pair,physical_clockwise,0,same_physical_actions,"{""1"":""villager"",""2"":""seer"",""3"":""villager"",""4"":""villager"",""5"":""werewolf"",""6"":""villager"",""7"":""witch"",""8"":""werewolf"",""9"":""werewolf"",""10"":""hunter""}","{""1"":1,""2"":2,""3"":3,""4"":4,""5"":5,""6"":6,""7"":7,""8"":8,""9"":9,""10"":10}",same_action_reference_seed_45_base_143_physical_clockwise,40,40,40,1,1,1,1,1,,,,none,,,,,,,,,wolf,0,1,3,2,0,2,0,0,0
supplied_action_replay,same_action_seed_45_base_144,same_action_seed_45_base_144,45,144,reference_replay_pair,physical_clockwise,0,same_physical_actions,"{""1"":""werewolf"",""2"":""villager"",""3"":""seer"",""4"":""werewolf"",""5"":""villager"",""6"":""werewolf"",""7"":""hunter"",""8"":""villager"",""9"":""villager"",""10"":""witch""}","{""1"":1,""2"":2,""3"":3,""4"":4,""5"":5,""6"":6,""7"":7,""8"":8,""9"":9,""10"":10}",same_action_reference_seed_45_base_144_physical_clockwise,57,57,57,1,1,1,1,1,,,,none,,,,,,,,,village,1,0,3,3,0,3,1,1,1
supplied_action_replay,same_action_seed_45_base_145,same_action_seed_45_base_145,45,145,reference_replay_pair,physical_clockwise,0,same_physical_actions,"{""1"":""werewolf"",""2"":""villager"",""3"":""werewolf"",""4"":""hunter"",""5"":""villager"",""6"":""werewolf"",""7"":""seer"",""8"":""villager"",""9"":""witch"",""10"":""villager""}","{""1"":1,""2"":2,""3"":3,""4"":4,""5"":5,""6"":6,""7"":7,""8"":8,""9"":9,""10"":10}",same_action_reference_seed_45_base_145_physical_clockwise,68,68,68,1,1,1,1,1,,,,none,,,,,,,,,wolf,0,1,4,7,0,2,0,0,0
supplied_action_replay,same_action_seed_45_base_146,same_action_seed_45_base_146,45,146,reference_replay_pair,physical_clockwise,0,same_physical_actions,"{""1"":""werewolf"",""2"":""villager"",""3"":""werewolf"",""4"":""witch"",""5"":""werewolf"",""6"":""villager"",""7"":""villager"",""8"":""seer"",""9"":""villager"",""10"":""hunter""}","{""1"":1,""2"":2,""3"":3,""4"":4,""5"":5,""6"":6,""7"":7,""8"":8,""9"":9,""10"":10}",same_action_reference_seed_45_base_146_physical_clockwise,47,47,47,1,1,1,1,1,,,,none,,,,,,,,,village,1,0,3,8,1,3,0,0,1
supplied_action_replay,same_action_seed_45_base_147,same_action_seed_45_base_147,45,147,reference_replay_pair,physical_clockwise,0,same_physical_actions,"{""1"":""seer"",""2"":""hunter"",""3"":""villager"",""4"":""villager"",""5"":""villager"",""6"":""werewolf"",""7"":""werewolf"",""8"":""witch"",""9"":""werewolf"",""10"":""villager""}","{""1"":1,""2"":2,""3"":3,""4"":4,""5"":5,""6"":6,""7"":7,""8"":8,""9"":9,""10"":10}",same_action_reference_seed_45_base_147_physical_clockwise,56,56,56,1,1,1,1,1,,,,none,,,,,,,,,village,1,0,3,1,0,2,0,0,0
supplied_action_replay,same_action_seed_45_base_148,same_action_seed_45_base_148,45,148,reference_replay_pair,physical_clockwise,0,same_physical_actions,"{""1"":""werewolf"",""2"":""villager"",""3"":""seer"",""4"":""werewolf"",""5"":""werewolf"",""6"":""witch"",""7"":""hunter"",""8"":""villager"",""9"":""villager"",""10"":""villager""}","{""1"":1,""2"":2,""3"":3,""4"":4,""5"":5,""6"":6,""7"":7,""8"":8,""9"":9,""10"":10}",same_action_reference_seed_45_base_148_physical_clockwise,54,54,54,1,1,1,1,1,,,,none,,,,,,,,,wolf,0,1,4,3,0,2,1,1,1
supplied_action_replay,same_action_seed_45_base_149,same_action_seed_45_base_149,45,149,reference_replay_pair,physical_clockwise,0,same_physical_actions,"{""1"":""werewolf"",""2"":""villager"",""3"":""villager"",""4"":""werewolf"",""5"":""witch"",""6"":""villager"",""7"":""villager"",""8"":""seer"",""9"":""hunter"",""10"":""werewolf""}","{""1"":1,""2"":2,""3"":3,""4"":4,""5"":5,""6"":6,""7"":7,""8"":8,""9"":9,""10"":10}",same_action_reference_seed_45_base_149_physical_clockwise,59,59,59,1,1,1,1,1,,,,none,,,,,,,,,wolf,0,1,4,8,0,3,0,1,1
supplied_action_replay,same_action_seed_45_base_150,same_action_seed_45_base_150,45,150,reference_replay_pair,physical_clockwise,0,same_physical_actions,"{""1"":""witch"",""2"":""werewolf"",""3"":""werewolf"",""4"":""villager"",""5"":""villager"",""6"":""villager"",""7"":""seer"",""8"":""werewolf"",""9"":""villager"",""10"":""hunter""}","{""1"":1,""2"":2,""3"":3,""4"":4,""5"":5,""6"":6,""7"":7,""8"":8,""9"":9,""10"":10}",same_action_reference_seed_45_base_150_physical_clockwise,56,56,56,1,1,1,1,1,,,,none,,,,,,,,,wolf,0,1,3,7,0,2,1,1,1
supplied_action_replay,same_action_seed_45_base_151,same_action_seed_45_base_151,45,151,reference_replay_pair,physical_clockwise,0,same_physical_actions,"{""1"":""villager"",""2"":""villager"",""3"":""witch"",""4"":""hunter"",""5"":""villager"",""6"":""werewolf"",""7"":""werewolf"",""8"":""werewolf"",""9"":""seer"",""10"":""villager""}","{""1"":1,""2"":2,""3"":3,""4"":4,""5"":5,""6"":6,""7"":7,""8"":8,""9"":9,""10"":10}",same_action_reference_seed_45_base_151_physical_clockwise,54,54,54,1,1,1,1,1,,,,none,,,,,,,,,wolf,0,1,3,9,0,2,0,0,0
supplied_action_replay,same_action_seed_45_base_152,same_action_seed_45_base_152,45,152,reference_replay_pair,physical_clockwise,0,same_physical_actions,"{""1"":""hunter"",""2"":""villager"",""3"":""seer"",""4"":""werewolf"",""5"":""werewolf"",""6"":""werewolf"",""7"":""villager"",""8"":""villager"",""9"":""villager"",""10"":""witch""}","{""1"":1,""2"":2,""3"":3,""4"":4,""5"":5,""6"":6,""7"":7,""8"":8,""9"":9,""10"":10}",same_action_reference_seed_45_base_152_physical_clockwise,54,54,54,1,1,1,1,1,,,,none,,,,,,,,,village,1,0,3,3,1,3,1,1,1
supplied_action_replay,same_action_seed_45_base_153,same_action_seed_45_base_153,45,153,reference_replay_pair,physical_clockwise,0,same_physical_actions,"{""1"":""hunter"",""2"":""villager"",""3"":""werewolf"",""4"":""werewolf"",""5"":""seer"",""6"":""witch"",""7"":""villager"",""8"":""villager"",""9"":""villager"",""10"":""werewolf""}","{""1"":1,""2"":2,""3"":3,""4"":4,""5"":5,""6"":6,""7"":7,""8"":8,""9"":9,""10"":10}",same_action_reference_seed_45_base_153_physical_clockwise,60,60,60,1,1,1,1,1,,,,none,,,,,,,,,wolf,0,1,4,5,1,4,0,0,0
supplied_action_replay,same_action_seed_45_base_154,same_action_seed_45_base_154,45,154,reference_replay_pair,physical_clockwise,0,same_physical_actions,"{""1"":""villager"",""2"":""hunter"",""3"":""seer"",""4"":""werewolf"",""5"":""villager"",""6"":""werewolf"",""7"":""witch"",""8"":""werewolf"",""9"":""villager"",""10"":""villager""}","{""1"":1,""2"":2,""3"":3,""4"":4,""5"":5,""6"":6,""7"":7,""8"":8,""9"":9,""10"":10}",same_action_reference_seed_45_base_154_physical_clockwise,55,55,55,1,1,1,1,1,,,,none,,,,,,,,,village,1,0,3,3,1,3,1,1,1
supplied_action_replay,same_action_seed_45_base_155,same_action_seed_45_base_155,45,155,reference_replay_pair,physical_clockwise,0,same_physical_actions,"{""1"":""seer"",""2"":""hunter"",""3"":""werewolf"",""4"":""villager"",""5"":""villager"",""6"":""werewolf"",""7"":""werewolf"",""8"":""villager"",""9"":""villager"",""10"":""witch""}","{""1"":1,""2"":2,""3"":3,""4"":4,""5"":5,""6"":6,""7"":7,""8"":8,""9"":9,""10"":10}",same_action_reference_seed_45_base_155_physical_clockwise,65,65,65,1,1,1,1,1,,,,none,,,,,,,,,wolf,0,1,4,1,0,3,0,0,0
supplied_action_replay,same_action_seed_45_base_156,same_action_seed_45_base_156,45,156,reference_replay_pair,physical_clockwise,0,same_physical_actions,"{""1"":""villager"",""2"":""seer"",""3"":""villager"",""4"":""villager"",""5"":""werewolf"",""6"":""hunter"",""7"":""witch"",""8"":""werewolf"",""9"":""werewolf"",""10"":""villager""}","{""1"":1,""2"":2,""3"":3,""4"":4,""5"":5,""6"":6,""7"":7,""8"":8,""9"":9,""10"":10}",same_action_reference_seed_45_base_156_physical_clockwise,69,69,69,1,1,1,1,1,,,,none,,,,,,,,,village,1,0,4,2,1,4,0,0,1
supplied_action_replay,same_action_seed_45_base_157,same_action_seed_45_base_157,45,157,reference_replay_pair,physical_clockwise,0,same_physical_actions,"{""1"":""witch"",""2"":""werewolf"",""3"":""villager"",""4"":""villager"",""5"":""hunter"",""6"":""seer"",""7"":""villager"",""8"":""werewolf"",""9"":""werewolf"",""10"":""villager""}","{""1"":1,""2"":2,""3"":3,""4"":4,""5"":5,""6"":6,""7"":7,""8"":8,""9"":9,""10"":10}",same_action_reference_seed_45_base_157_physical_clockwise,64,64,64,1,1,1,1,1,,,,none,,,,,,,,,village,1,0,4,6,0,4,0,1,1
supplied_action_replay,same_action_seed_45_base_158,same_action_seed_45_base_158,45,158,reference_replay_pair,physical_clockwise,0,same_physical_actions,"{""1"":""villager"",""2"":""seer"",""3"":""werewolf"",""4"":""werewolf"",""5"":""villager"",""6"":""villager"",""7"":""hunter"",""8"":""werewolf"",""9"":""villager"",""10"":""witch""}","{""1"":1,""2"":2,""3"":3,""4"":4,""5"":5,""6"":6,""7"":7,""8"":8,""9"":9,""10"":10}",same_action_reference_seed_45_base_158_physical_clockwise,47,47,47,1,1,1,1,1,,,,none,,,,,,,,,wolf,0,1,3,2,0,3,1,1,1
supplied_action_replay,same_action_seed_45_base_159,same_action_seed_45_base_159,45,159,reference_replay_pair,physical_clockwise,0,same_physical_actions,"{""1"":""villager"",""2"":""werewolf"",""3"":""villager"",""4"":""werewolf"",""5"":""seer"",""6"":""werewolf"",""7"":""villager"",""8"":""witch"",""9"":""hunter"",""10"":""villager""}","{""1"":1,""2"":2,""3"":3,""4"":4,""5"":5,""6"":6,""7"":7,""8"":8,""9"":9,""10"":10}",same_action_reference_seed_45_base_159_physical_clockwise,69,69,69,1,1,1,1,1,,,,none,,,,,,,,,wolf,0,1,5,5,0,3,1,1,1
supplied_action_replay,same_action_seed_45_base_160,same_action_seed_45_base_160,45,160,reference_replay_pair,physical_clockwise,0,same_physical_actions,"{""1"":""villager"",""2"":""werewolf"",""3"":""villager"",""4"":""villager"",""5"":""villager"",""6"":""witch"",""7"":""seer"",""8"":""werewolf"",""9"":""hunter"",""10"":""werewolf""}","{""1"":1,""2"":2,""3"":3,""4"":4,""5"":5,""6"":6,""7"":7,""8"":8,""9"":9,""10"":10}",same_action_reference_seed_45_base_160_physical_clockwise,47,47,47,1,1,1,1,1,,,,none,,,,,,,,,village,1,0,3,7,1,3,1,1,1
supplied_action_replay,same_action_seed_45_base_161,same_action_seed_45_base_161,45,161,reference_replay_pair,physical_clockwise,0,same_physical_actions,"{""1"":""villager"",""2"":""werewolf"",""3"":""seer"",""4"":""werewolf"",""5"":""villager"",""6"":""villager"",""7"":""hunter"",""8"":""witch"",""9"":""werewolf"",""10"":""villager""}","{""1"":1,""2"":2,""3"":3,""4"":4,""5"":5,""6"":6,""7"":7,""8"":8,""9"":9,""10"":10}",same_action_reference_seed_45_base_161_physical_clockwise,52,52,52,1,1,1,1,1,,,,none,,,,,,,,,wolf,0,1,4,3,0,4,1,1,1
supplied_action_replay,same_action_seed_45_base_162,same_action_seed_45_base_162,45,162,reference_replay_pair,physical_clockwise,0,same_physical_actions,"{""1"":""hunter"",""2"":""werewolf"",""3"":""villager"",""4"":""witch"",""5"":""villager"",""6"":""werewolf"",""7"":""villager"",""8"":""werewolf"",""9"":""villager"",""10"":""seer""}","{""1"":1,""2"":2,""3"":3,""4"":4,""5"":5,""6"":6,""7"":7,""8"":8,""9"":9,""10"":10}",same_action_reference_seed_45_base_162_physical_clockwise,59,59,59,1,1,1,1,1,,,,none,,,,,,,,,wolf,0,1,4,10,0,3,0,1,1
supplied_action_replay,same_action_seed_45_base_163,same_action_seed_45_base_163,45,163,reference_replay_pair,physical_clockwise,0,same_physical_actions,"{""1"":""seer"",""2"":""werewolf"",""3"":""villager"",""4"":""villager"",""5"":""witch"",""6"":""hunter"",""7"":""werewolf"",""8"":""villager"",""9"":""werewolf"",""10"":""villager""}","{""1"":1,""2"":2,""3"":3,""4"":4,""5"":5,""6"":6,""7"":7,""8"":8,""9"":9,""10"":10}",same_action_reference_seed_45_base_163_physical_clockwise,58,58,58,1,1,1,1,1,,,,none,,,,,,,,,village,1,0,3,1,1,3,1,1,1
supplied_action_replay,same_action_seed_45_base_164,same_action_seed_45_base_164,45,164,reference_replay_pair,physical_clockwise,0,same_physical_actions,"{""1"":""villager"",""2"":""hunter"",""3"":""villager"",""4"":""villager"",""5"":""villager"",""6"":""werewolf"",""7"":""seer"",""8"":""werewolf"",""9"":""witch"",""10"":""werewolf""}","{""1"":1,""2"":2,""3"":3,""4"":4,""5"":5,""6"":6,""7"":7,""8"":8,""9"":9,""10"":10}",same_action_reference_seed_45_base_164_physical_clockwise,35,35,35,1,1,1,1,1,,,,none,,,,,,,,,wolf,0,1,3,7,0,1,1,1,1
supplied_action_replay,same_action_seed_45_base_165,same_action_seed_45_base_165,45,165,reference_replay_pair,physical_clockwise,0,same_physical_actions,"{""1"":""villager"",""2"":""witch"",""3"":""villager"",""4"":""hunter"",""5"":""villager"",""6"":""villager"",""7"":""werewolf"",""8"":""werewolf"",""9"":""werewolf"",""10"":""seer""}","{""1"":1,""2"":2,""3"":3,""4"":4,""5"":5,""6"":6,""7"":7,""8"":8,""9"":9,""10"":10}",same_action_reference_seed_45_base_165_physical_clockwise,54,54,54,1,1,1,1,1,,,,none,,,,,,,,,wolf,0,1,3,10,0,2,0,0,0
supplied_action_replay,same_action_seed_45_base_166,same_action_seed_45_base_166,45,166,reference_replay_pair,physical_clockwise,0,same_physical_actions,"{""1"":""werewolf"",""2"":""werewolf"",""3"":""villager"",""4"":""seer"",""5"":""villager"",""6"":""hunter"",""7"":""villager"",""8"":""villager"",""9"":""witch"",""10"":""werewolf""}","{""1"":1,""2"":2,""3"":3,""4"":4,""5"":5,""6"":6,""7"":7,""8"":8,""9"":9,""10"":10}",same_action_reference_seed_45_base_166_physical_clockwise,41,41,41,1,1,1,1,1,,,,none,,,,,,,,,wolf,0,1,3,4,0,1,0,0,0
supplied_action_replay,same_action_seed_45_base_167,same_action_seed_45_base_167,45,167,reference_replay_pair,physical_clockwise,0,same_physical_actions,"{""1"":""seer"",""2"":""hunter"",""3"":""werewolf"",""4"":""werewolf"",""5"":""werewolf"",""6"":""villager"",""7"":""villager"",""8"":""witch"",""9"":""villager"",""10"":""villager""}","{""1"":1,""2"":2,""3"":3,""4"":4,""5"":5,""6"":6,""7"":7,""8"":8,""9"":9,""10"":10}",same_action_reference_seed_45_base_167_physical_clockwise,69,69,69,1,1,1,1,1,,,,none,,,,,,,,,village,1,0,4,1,1,4,0,1,1
supplied_action_replay,same_action_seed_45_base_168,same_action_seed_45_base_168,45,168,reference_replay_pair,physical_clockwise,0,same_physical_actions,"{""1"":""villager"",""2"":""villager"",""3"":""villager"",""4"":""werewolf"",""5"":""werewolf"",""6"":""hunter"",""7"":""witch"",""8"":""seer"",""9"":""werewolf"",""10"":""villager""}","{""1"":1,""2"":2,""3"":3,""4"":4,""5"":5,""6"":6,""7"":7,""8"":8,""9"":9,""10"":10}",same_action_reference_seed_45_base_168_physical_clockwise,59,59,59,1,1,1,1,1,,,,none,,,,,,,,,wolf,0,1,3,8,0,3,1,1,1
supplied_action_replay,same_action_seed_45_base_169,same_action_seed_45_base_169,45,169,reference_replay_pair,physical_clockwise,0,same_physical_actions,"{""1"":""villager"",""2"":""villager"",""3"":""villager"",""4"":""werewolf"",""5"":""hunter"",""6"":""werewolf"",""7"":""seer"",""8"":""werewolf"",""9"":""witch"",""10"":""villager""}","{""1"":1,""2"":2,""3"":3,""4"":4,""5"":5,""6"":6,""7"":7,""8"":8,""9"":9,""10"":10}",same_action_reference_seed_45_base_169_physical_clockwise,65,65,65,1,1,1,1,1,,,,none,,,,,,,,,wolf,0,1,4,7,0,3,1,1,1
supplied_action_replay,same_action_seed_45_base_170,same_action_seed_45_base_170,45,170,reference_replay_pair,physical_clockwise,0,same_physical_actions,"{""1"":""villager"",""2"":""seer"",""3"":""witch"",""4"":""werewolf"",""5"":""villager"",""6"":""villager"",""7"":""werewolf"",""8"":""villager"",""9"":""hunter"",""10"":""werewolf""}","{""1"":1,""2"":2,""3"":3,""4"":4,""5"":5,""6"":6,""7"":7,""8"":8,""9"":9,""10"":10}",same_action_reference_seed_45_base_170_physical_clockwise,58,58,58,1,1,1,1,1,,,,none,,,,,,,,,wolf,0,1,4,2,1,4,0,1,1
supplied_action_replay,same_action_seed_45_base_171,same_action_seed_45_base_171,45,171,reference_replay_pair,physical_clockwise,0,same_physical_actions,"{""1"":""villager"",""2"":""villager"",""3"":""werewolf"",""4"":""villager"",""5"":""hunter"",""6"":""seer"",""7"":""werewolf"",""8"":""witch"",""9"":""villager"",""10"":""werewolf""}","{""1"":1,""2"":2,""3"":3,""4"":4,""5"":5,""6"":6,""7"":7,""8"":8,""9"":9,""10"":10}",same_action_reference_seed_45_base_171_physical_clockwise,67,67,67,1,1,1,1,1,,,,none,,,,,,,,,village,1,0,4,6,0,3,1,1,1
supplied_action_replay,same_action_seed_45_base_172,same_action_seed_45_base_172,45,172,reference_replay_pair,physical_clockwise,0,same_physical_actions,"{""1"":""werewolf"",""2"":""werewolf"",""3"":""villager"",""4"":""werewolf"",""5"":""seer"",""6"":""villager"",""7"":""witch"",""8"":""hunter"",""9"":""villager"",""10"":""villager""}","{""1"":1,""2"":2,""3"":3,""4"":4,""5"":5,""6"":6,""7"":7,""8"":8,""9"":9,""10"":10}",same_action_reference_seed_45_base_172_physical_clockwise,70,70,70,1,1,1,1,1,,,,none,,,,,,,,,wolf,0,1,5,5,0,4,0,0,0
supplied_action_replay,same_action_seed_45_base_173,same_action_seed_45_base_173,45,173,reference_replay_pair,physical_clockwise,0,same_physical_actions,"{""1"":""werewolf"",""2"":""seer"",""3"":""werewolf"",""4"":""werewolf"",""5"":""villager"",""6"":""villager"",""7"":""witch"",""8"":""hunter"",""9"":""villager"",""10"":""villager""}","{""1"":1,""2"":2,""3"":3,""4"":4,""5"":5,""6"":6,""7"":7,""8"":8,""9"":9,""10"":10}",same_action_reference_seed_45_base_173_physical_clockwise,45,45,45,1,1,1,1,1,,,,none,,,,,,,,,village,1,0,3,2,0,1,1,1,1
supplied_action_replay,same_action_seed_45_base_174,same_action_seed_45_base_174,45,174,reference_replay_pair,physical_clockwise,0,same_physical_actions,"{""1"":""villager"",""2"":""werewolf"",""3"":""villager"",""4"":""werewolf"",""5"":""hunter"",""6"":""villager"",""7"":""villager"",""8"":""witch"",""9"":""werewolf"",""10"":""seer""}","{""1"":1,""2"":2,""3"":3,""4"":4,""5"":5,""6"":6,""7"":7,""8"":8,""9"":9,""10"":10}",same_action_reference_seed_45_base_174_physical_clockwise,58,58,58,1,1,1,1,1,,,,none,,,,,,,,,village,1,0,4,10,1,4,0,1,1
supplied_action_replay,same_action_seed_45_base_175,same_action_seed_45_base_175,45,175,reference_replay_pair,physical_clockwise,0,same_physical_actions,"{""1"":""witch"",""2"":""werewolf"",""3"":""villager"",""4"":""villager"",""5"":""seer"",""6"":""villager"",""7"":""werewolf"",""8"":""hunter"",""9"":""villager"",""10"":""werewolf""}","{""1"":1,""2"":2,""3"":3,""4"":4,""5"":5,""6"":6,""7"":7,""8"":8,""9"":9,""10"":10}",same_action_reference_seed_45_base_175_physical_clockwise,45,45,45,1,1,1,1,1,,,,none,,,,,,,,,village,1,0,3,5,1,3,0,0,1
supplied_action_replay,same_action_seed_45_base_176,same_action_seed_45_base_176,45,176,reference_replay_pair,physical_clockwise,0,same_physical_actions,"{""1"":""villager"",""2"":""witch"",""3"":""villager"",""4"":""hunter"",""5"":""werewolf"",""6"":""werewolf"",""7"":""villager"",""8"":""villager"",""9"":""werewolf"",""10"":""seer""}","{""1"":1,""2"":2,""3"":3,""4"":4,""5"":5,""6"":6,""7"":7,""8"":8,""9"":9,""10"":10}",same_action_reference_seed_45_base_176_physical_clockwise,42,42,42,1,1,1,1,1,,,,none,,,,,,,,,wolf,0,1,2,10,1,2,0,0,0
supplied_action_replay,same_action_seed_45_base_177,same_action_seed_45_base_177,45,177,reference_replay_pair,physical_clockwise,0,same_physical_actions,"{""1"":""werewolf"",""2"":""villager"",""3"":""seer"",""4"":""hunter"",""5"":""villager"",""6"":""villager"",""7"":""werewolf"",""8"":""villager"",""9"":""witch"",""10"":""werewolf""}","{""1"":1,""2"":2,""3"":3,""4"":4,""5"":5,""6"":6,""7"":7,""8"":8,""9"":9,""10"":10}",same_action_reference_seed_45_base_177_physical_clockwise,60,60,60,1,1,1,1,1,,,,none,,,,,,,,,village,1,0,4,3,0,3,0,0,0
supplied_action_replay,same_action_seed_45_base_178,same_action_seed_45_base_178,45,178,reference_replay_pair,physical_clockwise,0,same_physical_actions,"{""1"":""seer"",""2"":""villager"",""3"":""villager"",""4"":""witch"",""5"":""werewolf"",""6"":""werewolf"",""7"":""villager"",""8"":""werewolf"",""9"":""hunter"",""10"":""villager""}","{""1"":1,""2"":2,""3"":3,""4"":4,""5"":5,""6"":6,""7"":7,""8"":8,""9"":9,""10"":10}",same_action_reference_seed_45_base_178_physical_clockwise,41,41,41,1,1,1,1,1,,,,none,,,,,,,,,wolf,0,1,2,1,0,1,0,0,0
supplied_action_replay,same_action_seed_45_base_179,same_action_seed_45_base_179,45,179,reference_replay_pair,physical_clockwise,0,same_physical_actions,"{""1"":""werewolf"",""2"":""werewolf"",""3"":""villager"",""4"":""hunter"",""5"":""villager"",""6"":""witch"",""7"":""werewolf"",""8"":""villager"",""9"":""villager"",""10"":""seer""}","{""1"":1,""2"":2,""3"":3,""4"":4,""5"":5,""6"":6,""7"":7,""8"":8,""9"":9,""10"":10}",same_action_reference_seed_45_base_179_physical_clockwise,63,63,63,1,1,1,1,1,,,,none,,,,,,,,,village,1,0,4,10,0,3,1,1,1
supplied_action_replay,same_action_seed_45_base_180,same_action_seed_45_base_180,45,180,reference_replay_pair,physical_clockwise,0,same_physical_actions,"{""1"":""werewolf"",""2"":""seer"",""3"":""hunter"",""4"":""werewolf"",""5"":""witch"",""6"":""villager"",""7"":""werewolf"",""8"":""villager"",""9"":""villager"",""10"":""villager""}","{""1"":1,""2"":2,""3"":3,""4"":4,""5"":5,""6"":6,""7"":7,""8"":8,""9"":9,""10"":10}",same_action_reference_seed_45_base_180_physical_clockwise,43,43,43,1,1,1,1,1,,,,none,,,,,,,,,wolf,0,1,3,2,1,3,0,1,1
supplied_action_replay,same_action_seed_45_base_181,same_action_seed_45_base_181,45,181,reference_replay_pair,physical_clockwise,0,same_physical_actions,"{""1"":""werewolf"",""2"":""werewolf"",""3"":""witch"",""4"":""hunter"",""5"":""villager"",""6"":""seer"",""7"":""villager"",""8"":""werewolf"",""9"":""villager"",""10"":""villager""}","{""1"":1,""2"":2,""3"":3,""4"":4,""5"":5,""6"":6,""7"":7,""8"":8,""9"":9,""10"":10}",same_action_reference_seed_45_base_181_physical_clockwise,55,55,55,1,1,1,1,1,,,,none,,,,,,,,,wolf,0,1,4,6,0,1,0,0,0
supplied_action_replay,same_action_seed_45_base_182,same_action_seed_45_base_182,45,182,reference_replay_pair,physical_clockwise,0,same_physical_actions,"{""1"":""werewolf"",""2"":""witch"",""3"":""werewolf"",""4"":""villager"",""5"":""hunter"",""6"":""werewolf"",""7"":""seer"",""8"":""villager"",""9"":""villager"",""10"":""villager""}","{""1"":1,""2"":2,""3"":3,""4"":4,""5"":5,""6"":6,""7"":7,""8"":8,""9"":9,""10"":10}",same_action_reference_seed_45_base_182_physical_clockwise,66,66,66,1,1,1,1,1,,,,none,,,,,,,,,village,1,0,4,7,1,4,0,0,0
supplied_action_replay,same_action_seed_45_base_183,same_action_seed_45_base_183,45,183,reference_replay_pair,physical_clockwise,0,same_physical_actions,"{""1"":""hunter"",""2"":""werewolf"",""3"":""villager"",""4"":""villager"",""5"":""werewolf"",""6"":""villager"",""7"":""villager"",""8"":""witch"",""9"":""seer"",""10"":""werewolf""}","{""1"":1,""2"":2,""3"":3,""4"":4,""5"":5,""6"":6,""7"":7,""8"":8,""9"":9,""10"":10}",same_action_reference_seed_45_base_183_physical_clockwise,57,57,57,1,1,1,1,1,,,,none,,,,,,,,,village,1,0,3,9,0,2,1,1,1
supplied_action_replay,same_action_seed_45_base_184,same_action_seed_45_base_184,45,184,reference_replay_pair,physical_clockwise,0,same_physical_actions,"{""1"":""villager"",""2"":""villager"",""3"":""witch"",""4"":""werewolf"",""5"":""werewolf"",""6"":""seer"",""7"":""hunter"",""8"":""werewolf"",""9"":""villager"",""10"":""villager""}","{""1"":1,""2"":2,""3"":3,""4"":4,""5"":5,""6"":6,""7"":7,""8"":8,""9"":9,""10"":10}",same_action_reference_seed_45_base_184_physical_clockwise,48,48,48,1,1,1,1,1,,,,none,,,,,,,,,village,1,0,3,6,0,2,0,1,1
supplied_action_replay,same_action_seed_45_base_185,same_action_seed_45_base_185,45,185,reference_replay_pair,physical_clockwise,0,same_physical_actions,"{""1"":""werewolf"",""2"":""witch"",""3"":""villager"",""4"":""villager"",""5"":""werewolf"",""6"":""seer"",""7"":""hunter"",""8"":""villager"",""9"":""villager"",""10"":""werewolf""}","{""1"":1,""2"":2,""3"":3,""4"":4,""5"":5,""6"":6,""7"":7,""8"":8,""9"":9,""10"":10}",same_action_reference_seed_45_base_185_physical_clockwise,66,66,66,1,1,1,1,1,,,,none,,,,,,,,,village,1,0,4,6,0,4,0,0,0
supplied_action_replay,same_action_seed_45_base_186,same_action_seed_45_base_186,45,186,reference_replay_pair,physical_clockwise,0,same_physical_actions,"{""1"":""werewolf"",""2"":""villager"",""3"":""werewolf"",""4"":""seer"",""5"":""hunter"",""6"":""villager"",""7"":""villager"",""8"":""villager"",""9"":""werewolf"",""10"":""witch""}","{""1"":1,""2"":2,""3"":3,""4"":4,""5"":5,""6"":6,""7"":7,""8"":8,""9"":9,""10"":10}",same_action_reference_seed_45_base_186_physical_clockwise,42,42,42,1,1,1,1,1,,,,none,,,,,,,,,wolf,0,1,3,4,0,2,0,0,0
supplied_action_replay,same_action_seed_45_base_187,same_action_seed_45_base_187,45,187,reference_replay_pair,physical_clockwise,0,same_physical_actions,"{""1"":""seer"",""2"":""villager"",""3"":""villager"",""4"":""werewolf"",""5"":""villager"",""6"":""hunter"",""7"":""witch"",""8"":""villager"",""9"":""werewolf"",""10"":""werewolf""}","{""1"":1,""2"":2,""3"":3,""4"":4,""5"":5,""6"":6,""7"":7,""8"":8,""9"":9,""10"":10}",same_action_reference_seed_45_base_187_physical_clockwise,52,52,52,1,1,1,1,1,,,,none,,,,,,,,,wolf,0,1,4,1,0,2,0,0,0
supplied_action_replay,same_action_seed_45_base_188,same_action_seed_45_base_188,45,188,reference_replay_pair,physical_clockwise,0,same_physical_actions,"{""1"":""villager"",""2"":""witch"",""3"":""villager"",""4"":""villager"",""5"":""werewolf"",""6"":""villager"",""7"":""werewolf"",""8"":""hunter"",""9"":""seer"",""10"":""werewolf""}","{""1"":1,""2"":2,""3"":3,""4"":4,""5"":5,""6"":6,""7"":7,""8"":8,""9"":9,""10"":10}",same_action_reference_seed_45_base_188_physical_clockwise,57,57,57,1,1,1,1,1,,,,none,,,,,,,,,wolf,0,1,4,9,0,3,1,1,1
supplied_action_replay,same_action_seed_45_base_189,same_action_seed_45_base_189,45,189,reference_replay_pair,physical_clockwise,0,same_physical_actions,"{""1"":""werewolf"",""2"":""hunter"",""3"":""seer"",""4"":""villager"",""5"":""villager"",""6"":""werewolf"",""7"":""werewolf"",""8"":""villager"",""9"":""villager"",""10"":""witch""}","{""1"":1,""2"":2,""3"":3,""4"":4,""5"":5,""6"":6,""7"":7,""8"":8,""9"":9,""10"":10}",same_action_reference_seed_45_base_189_physical_clockwise,54,54,54,1,1,1,1,1,,,,none,,,,,,,,,wolf,0,1,3,3,0,2,0,0,0
supplied_action_replay,same_action_seed_45_base_190,same_action_seed_45_base_190,45,190,reference_replay_pair,physical_clockwise,0,same_physical_actions,"{""1"":""villager"",""2"":""villager"",""3"":""werewolf"",""4"":""werewolf"",""5"":""villager"",""6"":""villager"",""7"":""seer"",""8"":""werewolf"",""9"":""hunter"",""10"":""witch""}","{""1"":1,""2"":2,""3"":3,""4"":4,""5"":5,""6"":6,""7"":7,""8"":8,""9"":9,""10"":10}",same_action_reference_seed_45_base_190_physical_clockwise,41,41,41,1,1,1,1,1,,,,none,,,,,,,,,wolf,0,1,3,7,1,3,1,1,1
supplied_action_replay,same_action_seed_45_base_191,same_action_seed_45_base_191,45,191,reference_replay_pair,physical_clockwise,0,same_physical_actions,"{""1"":""villager"",""2"":""seer"",""3"":""hunter"",""4"":""werewolf"",""5"":""villager"",""6"":""werewolf"",""7"":""werewolf"",""8"":""villager"",""9"":""witch"",""10"":""villager""}","{""1"":1,""2"":2,""3"":3,""4"":4,""5"":5,""6"":6,""7"":7,""8"":8,""9"":9,""10"":10}",same_action_reference_seed_45_base_191_physical_clockwise,68,68,68,1,1,1,1,1,,,,none,,,,,,,,,wolf,0,1,5,2,0,2,0,0,0
supplied_action_replay,same_action_seed_45_base_192,same_action_seed_45_base_192,45,192,reference_replay_pair,physical_clockwise,0,same_physical_actions,"{""1"":""werewolf"",""2"":""werewolf"",""3"":""villager"",""4"":""hunter"",""5"":""villager"",""6"":""werewolf"",""7"":""villager"",""8"":""villager"",""9"":""seer"",""10"":""witch""}","{""1"":1,""2"":2,""3"":3,""4"":4,""5"":5,""6"":6,""7"":7,""8"":8,""9"":9,""10"":10}",same_action_reference_seed_45_base_192_physical_clockwise,59,59,59,1,1,1,1,1,,,,none,,,,,,,,,wolf,0,1,4,9,0,3,0,1,1
supplied_action_replay,same_action_seed_45_base_193,same_action_seed_45_base_193,45,193,reference_replay_pair,physical_clockwise,0,same_physical_actions,"{""1"":""villager"",""2"":""hunter"",""3"":""seer"",""4"":""villager"",""5"":""werewolf"",""6"":""werewolf"",""7"":""villager"",""8"":""villager"",""9"":""werewolf"",""10"":""witch""}","{""1"":1,""2"":2,""3"":3,""4"":4,""5"":5,""6"":6,""7"":7,""8"":8,""9"":9,""10"":10}",same_action_reference_seed_45_base_193_physical_clockwise,45,45,45,1,1,1,1,1,,,,none,,,,,,,,,village,1,0,3,3,1,3,0,1,1
supplied_action_replay,same_action_seed_45_base_194,same_action_seed_45_base_194,45,194,reference_replay_pair,physical_clockwise,0,same_physical_actions,"{""1"":""villager"",""2"":""werewolf"",""3"":""witch"",""4"":""villager"",""5"":""seer"",""6"":""werewolf"",""7"":""villager"",""8"":""hunter"",""9"":""werewolf"",""10"":""villager""}","{""1"":1,""2"":2,""3"":3,""4"":4,""5"":5,""6"":6,""7"":7,""8"":8,""9"":9,""10"":10}",same_action_reference_seed_45_base_194_physical_clockwise,57,57,57,1,1,1,1,1,,,,none,,,,,,,,,wolf,0,1,4,5,0,1,1,1,1
supplied_action_replay,same_action_seed_45_base_195,same_action_seed_45_base_195,45,195,reference_replay_pair,physical_clockwise,0,same_physical_actions,"{""1"":""villager"",""2"":""werewolf"",""3"":""werewolf"",""4"":""villager"",""5"":""villager"",""6"":""werewolf"",""7"":""villager"",""8"":""witch"",""9"":""seer"",""10"":""hunter""}","{""1"":1,""2"":2,""3"":3,""4"":4,""5"":5,""6"":6,""7"":7,""8"":8,""9"":9,""10"":10}",same_action_reference_seed_45_base_195_physical_clockwise,55,55,55,1,1,1,1,1,,,,none,,,,,,,,,wolf,0,1,4,9,0,3,0,1,1
supplied_action_replay,same_action_seed_45_base_196,same_action_seed_45_base_196,45,196,reference_replay_pair,physical_clockwise,0,same_physical_actions,"{""1"":""villager"",""2"":""werewolf"",""3"":""werewolf"",""4"":""witch"",""5"":""villager"",""6"":""werewolf"",""7"":""villager"",""8"":""hunter"",""9"":""villager"",""10"":""seer""}","{""1"":1,""2"":2,""3"":3,""4"":4,""5"":5,""6"":6,""7"":7,""8"":8,""9"":9,""10"":10}",same_action_reference_seed_45_base_196_physical_clockwise,67,67,67,1,1,1,1,1,,,,none,,,,,,,,,wolf,0,1,4,10,0,3,0,1,1
supplied_action_replay,same_action_seed_45_base_197,same_action_seed_45_base_197,45,197,reference_replay_pair,physical_clockwise,0,same_physical_actions,"{""1"":""hunter"",""2"":""werewolf"",""3"":""villager"",""4"":""werewolf"",""5"":""seer"",""6"":""villager"",""7"":""werewolf"",""8"":""villager"",""9"":""witch"",""10"":""villager""}","{""1"":1,""2"":2,""3"":3,""4"":4,""5"":5,""6"":6,""7"":7,""8"":8,""9"":9,""10"":10}",same_action_reference_seed_45_base_197_physical_clockwise,63,63,63,1,1,1,1,1,,,,none,,,,,,,,,wolf,0,1,4,5,0,3,0,1,1
supplied_action_replay,same_action_seed_45_base_198,same_action_seed_45_base_198,45,198,reference_replay_pair,physical_clockwise,0,same_physical_actions,"{""1"":""seer"",""2"":""werewolf"",""3"":""witch"",""4"":""villager"",""5"":""werewolf"",""6"":""werewolf"",""7"":""villager"",""8"":""hunter"",""9"":""villager"",""10"":""villager""}","{""1"":1,""2"":2,""3"":3,""4"":4,""5"":5,""6"":6,""7"":7,""8"":8,""9"":9,""10"":10}",same_action_reference_seed_45_base_198_physical_clockwise,57,57,57,1,1,1,1,1,,,,none,,,,,,,,,wolf,0,1,4,1,0,3,1,1,1
supplied_action_replay,same_action_seed_45_base_199,same_action_seed_45_base_199,45,199,reference_replay_pair,physical_clockwise,0,same_physical_actions,"{""1"":""hunter"",""2"":""villager"",""3"":""werewolf"",""4"":""villager"",""5"":""villager"",""6"":""seer"",""7"":""witch"",""8"":""werewolf"",""9"":""villager"",""10"":""werewolf""}","{""1"":1,""2"":2,""3"":3,""4"":4,""5"":5,""6"":6,""7"":7,""8"":8,""9"":9,""10"":10}",same_action_reference_seed_45_base_199_physical_clockwise,59,59,59,1,1,1,1,1,,,,none,,,,,,,,,village,1,0,4,6,1,4,0,1,1
supplied_action_replay,same_action_seed_45_base_200,same_action_seed_45_base_200,45,200,reference_replay_pair,physical_clockwise,0,same_physical_actions,"{""1"":""werewolf"",""2"":""villager"",""3"":""werewolf"",""4"":""werewolf"",""5"":""hunter"",""6"":""seer"",""7"":""villager"",""8"":""witch"",""9"":""villager"",""10"":""villager""}","{""1"":1,""2"":2,""3"":3,""4"":4,""5"":5,""6"":6,""7"":7,""8"":8,""9"":9,""10"":10}",same_action_reference_seed_45_base_200_physical_clockwise,55,55,55,1,1,1,1,1,,,,none,,,,,,,,,wolf,0,1,4,6,0,3,0,0,1
supplied_action_replay,same_action_seed_46_base_1,same_action_seed_46_base_1,46,1,reference_replay_pair,physical_clockwise,0,same_physical_actions,"{""1"":""villager"",""2"":""seer"",""3"":""villager"",""4"":""villager"",""5"":""hunter"",""6"":""villager"",""7"":""werewolf"",""8"":""werewolf"",""9"":""witch"",""10"":""werewolf""}","{""1"":1,""2"":2,""3"":3,""4"":4,""5"":5,""6"":6,""7"":7,""8"":8,""9"":9,""10"":10}",same_action_reference_seed_46_base_1_physical_clockwise,36,36,36,1,1,1,1,1,,,,none,,,,,,,,,wolf,0,1,3,2,0,2,0,0,0
supplied_action_replay,same_action_seed_46_base_2,same_action_seed_46_base_2,46,2,reference_replay_pair,physical_clockwise,0,same_physical_actions,"{""1"":""werewolf"",""2"":""witch"",""3"":""villager"",""4"":""werewolf"",""5"":""hunter"",""6"":""villager"",""7"":""werewolf"",""8"":""villager"",""9"":""seer"",""10"":""villager""}","{""1"":1,""2"":2,""3"":3,""4"":4,""5"":5,""6"":6,""7"":7,""8"":8,""9"":9,""10"":10}",same_action_reference_seed_46_base_2_physical_clockwise,54,54,54,1,1,1,1,1,,,,none,,,,,,,,,wolf,0,1,3,9,0,2,0,1,1
supplied_action_replay,same_action_seed_46_base_3,same_action_seed_46_base_3,46,3,reference_replay_pair,physical_clockwise,0,same_physical_actions,"{""1"":""villager"",""2"":""werewolf"",""3"":""werewolf"",""4"":""seer"",""5"":""hunter"",""6"":""werewolf"",""7"":""villager"",""8"":""villager"",""9"":""villager"",""10"":""witch""}","{""1"":1,""2"":2,""3"":3,""4"":4,""5"":5,""6"":6,""7"":7,""8"":8,""9"":9,""10"":10}",same_action_reference_seed_46_base_3_physical_clockwise,55,55,55,1,1,1,1,1,,,,none,,,,,,,,,wolf,0,1,3,4,0,3,0,1,1
supplied_action_replay,same_action_seed_46_base_4,same_action_seed_46_base_4,46,4,reference_replay_pair,physical_clockwise,0,same_physical_actions,"{""1"":""hunter"",""2"":""witch"",""3"":""werewolf"",""4"":""villager"",""5"":""werewolf"",""6"":""villager"",""7"":""villager"",""8"":""seer"",""9"":""werewolf"",""10"":""villager""}","{""1"":1,""2"":2,""3"":3,""4"":4,""5"":5,""6"":6,""7"":7,""8"":8,""9"":9,""10"":10}",same_action_reference_seed_46_base_4_physical_clockwise,39,39,39,1,1,1,1,1,,,,none,,,,,,,,,wolf,0,1,3,8,1,3,1,1,1
supplied_action_replay,same_action_seed_46_base_5,same_action_seed_46_base_5,46,5,reference_replay_pair,physical_clockwise,0,same_physical_actions,"{""1"":""villager"",""2"":""seer"",""3"":""villager"",""4"":""hunter"",""5"":""villager"",""6"":""werewolf"",""7"":""witch"",""8"":""werewolf"",""9"":""werewolf"",""10"":""villager""}","{""1"":1,""2"":2,""3"":3,""4"":4,""5"":5,""6"":6,""7"":7,""8"":8,""9"":9,""10"":10}",same_action_reference_seed_46_base_5_physical_clockwise,64,64,64,1,1,1,1,1,,,,none,,,,,,,,,village,1,0,4,2,1,4,0,0,0
supplied_action_replay,same_action_seed_46_base_6,same_action_seed_46_base_6,46,6,reference_replay_pair,physical_clockwise,0,same_physical_actions,"{""1"":""werewolf"",""2"":""werewolf"",""3"":""hunter"",""4"":""werewolf"",""5"":""villager"",""6"":""villager"",""7"":""seer"",""8"":""villager"",""9"":""witch"",""10"":""villager""}","{""1"":1,""2"":2,""3"":3,""4"":4,""5"":5,""6"":6,""7"":7,""8"":8,""9"":9,""10"":10}",same_action_reference_seed_46_base_6_physical_clockwise,51,51,51,1,1,1,1,1,,,,none,,,,,,,,,wolf,0,1,4,7,0,1,0,0,0
supplied_action_replay,same_action_seed_46_base_7,same_action_seed_46_base_7,46,7,reference_replay_pair,physical_clockwise,0,same_physical_actions,"{""1"":""villager"",""2"":""werewolf"",""3"":""witch"",""4"":""werewolf"",""5"":""villager"",""6"":""villager"",""7"":""hunter"",""8"":""seer"",""9"":""villager"",""10"":""werewolf""}","{""1"":1,""2"":2,""3"":3,""4"":4,""5"":5,""6"":6,""7"":7,""8"":8,""9"":9,""10"":10}",same_action_reference_seed_46_base_7_physical_clockwise,22,22,22,1,1,1,1,1,,,,none,,,,,,,,,wolf,0,1,2,8,1,2,0,1,1
supplied_action_replay,same_action_seed_46_base_8,same_action_seed_46_base_8,46,8,reference_replay_pair,physical_clockwise,0,same_physical_actions,"{""1"":""hunter"",""2"":""witch"",""3"":""villager"",""4"":""werewolf"",""5"":""werewolf"",""6"":""villager"",""7"":""villager"",""8"":""seer"",""9"":""villager"",""10"":""werewolf""}","{""1"":1,""2"":2,""3"":3,""4"":4,""5"":5,""6"":6,""7"":7,""8"":8,""9"":9,""10"":10}",same_action_reference_seed_46_base_8_physical_clockwise,70,70,70,1,1,1,1,1,,,,none,,,,,,,,,wolf,0,1,4,8,0,4,0,1,1
supplied_action_replay,same_action_seed_46_base_9,same_action_seed_46_base_9,46,9,reference_replay_pair,physical_clockwise,0,same_physical_actions,"{""1"":""werewolf"",""2"":""villager"",""3"":""witch"",""4"":""werewolf"",""5"":""villager"",""6"":""werewolf"",""7"":""villager"",""8"":""villager"",""9"":""seer"",""10"":""hunter""}","{""1"":1,""2"":2,""3"":3,""4"":4,""5"":5,""6"":6,""7"":7,""8"":8,""9"":9,""10"":10}",same_action_reference_seed_46_base_9_physical_clockwise,55,55,55,1,1,1,1,1,,,,none,,,,,,,,,village,1,0,3,9,1,3,0,1,1
supplied_action_replay,same_action_seed_46_base_10,same_action_seed_46_base_10,46,10,reference_replay_pair,physical_clockwise,0,same_physical_actions,"{""1"":""villager"",""2"":""hunter"",""3"":""werewolf"",""4"":""werewolf"",""5"":""villager"",""6"":""villager"",""7"":""villager"",""8"":""werewolf"",""9"":""seer"",""10"":""witch""}","{""1"":1,""2"":2,""3"":3,""4"":4,""5"":5,""6"":6,""7"":7,""8"":8,""9"":9,""10"":10}",same_action_reference_seed_46_base_10_physical_clockwise,39,39,39,1,1,1,1,1,,,,none,,,,,,,,,village,1,0,3,9,0,1,0,0,0
supplied_action_replay,same_action_seed_46_base_11,same_action_seed_46_base_11,46,11,reference_replay_pair,physical_clockwise,0,same_physical_actions,"{""1"":""werewolf"",""2"":""villager"",""3"":""werewolf"",""4"":""seer"",""5"":""villager"",""6"":""villager"",""7"":""witch"",""8"":""werewolf"",""9"":""hunter"",""10"":""villager""}","{""1"":1,""2"":2,""3"":3,""4"":4,""5"":5,""6"":6,""7"":7,""8"":8,""9"":9,""10"":10}",same_action_reference_seed_46_base_11_physical_clockwise,44,44,44,1,1,1,1,1,,,,none,,,,,,,,,wolf,0,1,3,4,0,2,0,0,0
supplied_action_replay,same_action_seed_46_base_12,same_action_seed_46_base_12,46,12,reference_replay_pair,physical_clockwise,0,same_physical_actions,"{""1"":""hunter"",""2"":""villager"",""3"":""werewolf"",""4"":""villager"",""5"":""villager"",""6"":""werewolf"",""7"":""witch"",""8"":""werewolf"",""9"":""villager"",""10"":""seer""}","{""1"":1,""2"":2,""3"":3,""4"":4,""5"":5,""6"":6,""7"":7,""8"":8,""9"":9,""10"":10}",same_action_reference_seed_46_base_12_physical_clockwise,41,41,41,1,1,1,1,1,,,,none,,,,,,,,,wolf,0,1,3,10,0,1,0,0,0
supplied_action_replay,same_action_seed_46_base_13,same_action_seed_46_base_13,46,13,reference_replay_pair,physical_clockwise,0,same_physical_actions,"{""1"":""seer"",""2"":""villager"",""3"":""hunter"",""4"":""witch"",""5"":""villager"",""6"":""werewolf"",""7"":""werewolf"",""8"":""villager"",""9"":""villager"",""10"":""werewolf""}","{""1"":1,""2"":2,""3"":3,""4"":4,""5"":5,""6"":6,""7"":7,""8"":8,""9"":9,""10"":10}",same_action_reference_seed_46_base_13_physical_clockwise,56,56,56,1,1,1,1,1,,,,none,,,,,,,,,wolf,0,1,4,1,0,2,0,0,0
supplied_action_replay,same_action_seed_46_base_14,same_action_seed_46_base_14,46,14,reference_replay_pair,physical_clockwise,0,same_physical_actions,"{""1"":""hunter"",""2"":""villager"",""3"":""werewolf"",""4"":""villager"",""5"":""werewolf"",""6"":""werewolf"",""7"":""villager"",""8"":""witch"",""9"":""villager"",""10"":""seer""}","{""1"":1,""2"":2,""3"":3,""4"":4,""5"":5,""6"":6,""7"":7,""8"":8,""9"":9,""10"":10}",same_action_reference_seed_46_base_14_physical_clockwise,44,44,44,1,1,1,1,1,,,,none,,,,,,,,,wolf,0,1,3,10,0,2,0,0,0
supplied_action_replay,same_action_seed_46_base_15,same_action_seed_46_base_15,46,15,reference_replay_pair,physical_clockwise,0,same_physical_actions,"{""1"":""villager"",""2"":""villager"",""3"":""werewolf"",""4"":""seer"",""5"":""hunter"",""6"":""villager"",""7"":""werewolf"",""8"":""witch"",""9"":""villager"",""10"":""werewolf""}","{""1"":1,""2"":2,""3"":3,""4"":4,""5"":5,""6"":6,""7"":7,""8"":8,""9"":9,""10"":10}",same_action_reference_seed_46_base_15_physical_clockwise,70,70,70,1,1,1,1,1,,,,none,,,,,,,,,wolf,0,1,5,4,0,4,0,0,1
supplied_action_replay,same_action_seed_46_base_16,same_action_seed_46_base_16,46,16,reference_replay_pair,physical_clockwise,0,same_physical_actions,"{""1"":""werewolf"",""2"":""seer"",""3"":""villager"",""4"":""villager"",""5"":""villager"",""6"":""witch"",""7"":""werewolf"",""8"":""werewolf"",""9"":""villager"",""10"":""hunter""}","{""1"":1,""2"":2,""3"":3,""4"":4,""5"":5,""6"":6,""7"":7,""8"":8,""9"":9,""10"":10}",same_action_reference_seed_46_base_16_physical_clockwise,64,64,64,1,1,1,1,1,,,,none,,,,,,,,,wolf,0,1,4,2,0,2,0,0,0
supplied_action_replay,same_action_seed_46_base_17,same_action_seed_46_base_17,46,17,reference_replay_pair,physical_clockwise,0,same_physical_actions,"{""1"":""hunter"",""2"":""seer"",""3"":""werewolf"",""4"":""villager"",""5"":""villager"",""6"":""villager"",""7"":""werewolf"",""8"":""witch"",""9"":""werewolf"",""10"":""villager""}","{""1"":1,""2"":2,""3"":3,""4"":4,""5"":5,""6"":6,""7"":7,""8"":8,""9"":9,""10"":10}",same_action_reference_seed_46_base_17_physical_clockwise,56,56,56,1,1,1,1,1,,,,none,,,,,,,,,wolf,0,1,3,2,0,2,1,1,1
supplied_action_replay,same_action_seed_46_base_18,same_action_seed_46_base_18,46,18,reference_replay_pair,physical_clockwise,0,same_physical_actions,"{""1"":""villager"",""2"":""hunter"",""3"":""villager"",""4"":""villager"",""5"":""seer"",""6"":""werewolf"",""7"":""villager"",""8"":""werewolf"",""9"":""witch"",""10"":""werewolf""}","{""1"":1,""2"":2,""3"":3,""4"":4,""5"":5,""6"":6,""7"":7,""8"":8,""9"":9,""10"":10}",same_action_reference_seed_46_base_18_physical_clockwise,46,46,46,1,1,1,1,1,,,,none,,,,,,,,,village,1,0,3,5,1,3,1,1,1
supplied_action_replay,same_action_seed_46_base_19,same_action_seed_46_base_19,46,19,reference_replay_pair,physical_clockwise,0,same_physical_actions,"{""1"":""villager"",""2"":""werewolf"",""3"":""seer"",""4"":""villager"",""5"":""witch"",""6"":""villager"",""7"":""hunter"",""8"":""werewolf"",""9"":""werewolf"",""10"":""villager""}","{""1"":1,""2"":2,""3"":3,""4"":4,""5"":5,""6"":6,""7"":7,""8"":8,""9"":9,""10"":10}",same_action_reference_seed_46_base_19_physical_clockwise,43,43,43,1,1,1,1,1,,,,none,,,,,,,,,wolf,0,1,3,3,1,3,0,0,0
supplied_action_replay,same_action_seed_46_base_20,same_action_seed_46_base_20,46,20,reference_replay_pair,physical_clockwise,0,same_physical_actions,"{""1"":""werewolf"",""2"":""werewolf"",""3"":""seer"",""4"":""villager"",""5"":""villager"",""6"":""villager"",""7"":""villager"",""8"":""werewolf"",""9"":""witch"",""10"":""hunter""}","{""1"":1,""2"":2,""3"":3,""4"":4,""5"":5,""6"":6,""7"":7,""8"":8,""9"":9,""10"":10}",same_action_reference_seed_46_base_20_physical_clockwise,66,66,66,1,1,1,1,1,,,,none,,,,,,,,,village,1,0,4,3,1,4,0,0,0
supplied_action_replay,same_action_seed_46_base_21,same_action_seed_46_base_21,46,21,reference_replay_pair,physical_clockwise,0,same_physical_actions,"{""1"":""werewolf"",""2"":""hunter"",""3"":""seer"",""4"":""werewolf"",""5"":""witch"",""6"":""werewolf"",""7"":""villager"",""8"":""villager"",""9"":""villager"",""10"":""villager""}","{""1"":1,""2"":2,""3"":3,""4"":4,""5"":5,""6"":6,""7"":7,""8"":8,""9"":9,""10"":10}",same_action_reference_seed_46_base_21_physical_clockwise,39,39,39,1,1,1,1,1,,,,none,,,,,,,,,wolf,0,1,3,3,0,1,1,1,1
supplied_action_replay,same_action_seed_46_base_22,same_action_seed_46_base_22,46,22,reference_replay_pair,physical_clockwise,0,same_physical_actions,"{""1"":""werewolf"",""2"":""villager"",""3"":""villager"",""4"":""werewolf"",""5"":""villager"",""6"":""villager"",""7"":""werewolf"",""8"":""witch"",""9"":""seer"",""10"":""hunter""}","{""1"":1,""2"":2,""3"":3,""4"":4,""5"":5,""6"":6,""7"":7,""8"":8,""9"":9,""10"":10}",same_action_reference_seed_46_base_22_physical_clockwise,66,66,66,1,1,1,1,1,,,,none,,,,,,,,,village,1,0,4,9,1,4,0,0,0
supplied_action_replay,same_action_seed_46_base_23,same_action_seed_46_base_23,46,23,reference_replay_pair,physical_clockwise,0,same_physical_actions,"{""1"":""witch"",""2"":""villager"",""3"":""villager"",""4"":""villager"",""5"":""villager"",""6"":""werewolf"",""7"":""hunter"",""8"":""werewolf"",""9"":""seer"",""10"":""werewolf""}","{""1"":1,""2"":2,""3"":3,""4"":4,""5"":5,""6"":6,""7"":7,""8"":8,""9"":9,""10"":10}",same_action_reference_seed_46_base_23_physical_clockwise,56,56,56,1,1,1,1,1,,,,none,,,,,,,,,village,1,0,3,9,0,2,1,1,1
supplied_action_replay,same_action_seed_46_base_24,same_action_seed_46_base_24,46,24,reference_replay_pair,physical_clockwise,0,same_physical_actions,"{""1"":""werewolf"",""2"":""werewolf"",""3"":""villager"",""4"":""villager"",""5"":""witch"",""6"":""villager"",""7"":""werewolf"",""8"":""hunter"",""9"":""villager"",""10"":""seer""}","{""1"":1,""2"":2,""3"":3,""4"":4,""5"":5,""6"":6,""7"":7,""8"":8,""9"":9,""10"":10}",same_action_reference_seed_46_base_24_physical_clockwise,56,56,56,1,1,1,1,1,,,,none,,,,,,,,,wolf,0,1,4,10,0,2,1,1,1
supplied_action_replay,same_action_seed_46_base_25,same_action_seed_46_base_25,46,25,reference_replay_pair,physical_clockwise,0,same_physical_actions,"{""1"":""villager"",""2"":""witch"",""3"":""hunter"",""4"":""villager"",""5"":""werewolf"",""6"":""villager"",""7"":""werewolf"",""8"":""villager"",""9"":""seer"",""10"":""werewolf""}","{""1"":1,""2"":2,""3"":3,""4"":4,""5"":5,""6"":6,""7"":7,""8"":8,""9"":9,""10"":10}",same_action_reference_seed_46_base_25_physical_clockwise,55,55,55,1,1,1,1,1,,,,none,,,,,,,,,wolf,0,1,4,9,0,3,1,1,1
supplied_action_replay,same_action_seed_46_base_26,same_action_seed_46_base_26,46,26,reference_replay_pair,physical_clockwise,0,same_physical_actions,"{""1"":""hunter"",""2"":""villager"",""3"":""seer"",""4"":""werewolf"",""5"":""villager"",""6"":""werewolf"",""7"":""werewolf"",""8"":""villager"",""9"":""witch"",""10"":""villager""}","{""1"":1,""2"":2,""3"":3,""4"":4,""5"":5,""6"":6,""7"":7,""8"":8,""9"":9,""10"":10}",same_action_reference_seed_46_base_26_physical_clockwise,50,50,50,1,1,1,1,1,,,,none,,,,,,,,,village,1,0,3,3,1,3,1,1,1
supplied_action_replay,same_action_seed_46_base_27,same_action_seed_46_base_27,46,27,reference_replay_pair,physical_clockwise,0,same_physical_actions,"{""1"":""hunter"",""2"":""seer"",""3"":""villager"",""4"":""villager"",""5"":""villager"",""6"":""villager"",""7"":""werewolf"",""8"":""witch"",""9"":""werewolf"",""10"":""werewolf""}","{""1"":1,""2"":2,""3"":3,""4"":4,""5"":5,""6"":6,""7"":7,""8"":8,""9"":9,""10"":10}",same_action_reference_seed_46_base_27_physical_clockwise,51,51,51,1,1,1,1,1,,,,none,,,,,,,,,village,1,0,3,2,1,3,0,0,0
supplied_action_replay,same_action_seed_46_base_28,same_action_seed_46_base_28,46,28,reference_replay_pair,physical_clockwise,0,same_physical_actions,"{""1"":""werewolf"",""2"":""villager"",""3"":""werewolf"",""4"":""werewolf"",""5"":""witch"",""6"":""villager"",""7"":""hunter"",""8"":""seer"",""9"":""villager"",""10"":""villager""}","{""1"":1,""2"":2,""3"":3,""4"":4,""5"":5,""6"":6,""7"":7,""8"":8,""9"":9,""10"":10}",same_action_reference_seed_46_base_28_physical_clockwise,52,52,52,1,1,1,1,1,,,,none,,,,,,,,,village,1,0,3,8,0,3,0,1,1
supplied_action_replay,same_action_seed_46_base_29,same_action_seed_46_base_29,46,29,reference_replay_pair,physical_clockwise,0,same_physical_actions,"{""1"":""hunter"",""2"":""werewolf"",""3"":""villager"",""4"":""villager"",""5"":""witch"",""6"":""villager"",""7"":""werewolf"",""8"":""villager"",""9"":""seer"",""10"":""werewolf""}","{""1"":1,""2"":2,""3"":3,""4"":4,""5"":5,""6"":6,""7"":7,""8"":8,""9"":9,""10"":10}",same_action_reference_seed_46_base_29_physical_clockwise,71,71,71,1,1,1,1,1,,,,none,,,,,,,,,wolf,0,1,5,9,1,5,1,1,1
supplied_action_replay,same_action_seed_46_base_30,same_action_seed_46_base_30,46,30,reference_replay_pair,physical_clockwise,0,same_physical_actions,"{""1"":""hunter"",""2"":""villager"",""3"":""villager"",""4"":""werewolf"",""5"":""villager"",""6"":""villager"",""7"":""seer"",""8"":""werewolf"",""9"":""witch"",""10"":""werewolf""}","{""1"":1,""2"":2,""3"":3,""4"":4,""5"":5,""6"":6,""7"":7,""8"":8,""9"":9,""10"":10}",same_action_reference_seed_46_base_30_physical_clockwise,64,64,64,1,1,1,1,1,,,,none,,,,,,,,,village,1,0,4,7,0,2,1,1,1
supplied_action_replay,same_action_seed_46_base_31,same_action_seed_46_base_31,46,31,reference_replay_pair,physical_clockwise,0,same_physical_actions,"{""1"":""werewolf"",""2"":""villager"",""3"":""werewolf"",""4"":""witch"",""5"":""seer"",""6"":""villager"",""7"":""villager"",""8"":""werewolf"",""9"":""villager"",""10"":""hunter""}","{""1"":1,""2"":2,""3"":3,""4"":4,""5"":5,""6"":6,""7"":7,""8"":8,""9"":9,""10"":10}",same_action_reference_seed_46_base_31_physical_clockwise,58,58,58,1,1,1,1,1,,,,none,,,,,,,,,village,1,0,3,5,1,3,0,0,1
supplied_action_replay,same_action_seed_46_base_32,same_action_seed_46_base_32,46,32,reference_replay_pair,physical_clockwise,0,same_physical_actions,"{""1"":""witch"",""2"":""villager"",""3"":""villager"",""4"":""seer"",""5"":""werewolf"",""6"":""werewolf"",""7"":""villager"",""8"":""hunter"",""9"":""villager"",""10"":""werewolf""}","{""1"":1,""2"":2,""3"":3,""4"":4,""5"":5,""6"":6,""7"":7,""8"":8,""9"":9,""10"":10}",same_action_reference_seed_46_base_32_physical_clockwise,41,41,41,1,1,1,1,1,,,,none,,,,,,,,,wolf,0,1,3,4,0,1,1,1,1
supplied_action_replay,same_action_seed_46_base_33,same_action_seed_46_base_33,46,33,reference_replay_pair,physical_clockwise,0,same_physical_actions,"{""1"":""hunter"",""2"":""villager"",""3"":""werewolf"",""4"":""villager"",""5"":""villager"",""6"":""witch"",""7"":""werewolf"",""8"":""villager"",""9"":""seer"",""10"":""werewolf""}","{""1"":1,""2"":2,""3"":3,""4"":4,""5"":5,""6"":6,""7"":7,""8"":8,""9"":9,""10"":10}",same_action_reference_seed_46_base_33_physical_clockwise,64,64,64,1,1,1,1,1,,,,none,,,,,,,,,village,1,0,4,9,0,2,1,1,1
supplied_action_replay,same_action_seed_46_base_34,same_action_seed_46_base_34,46,34,reference_replay_pair,physical_clockwise,0,same_physical_actions,"{""1"":""villager"",""2"":""villager"",""3"":""hunter"",""4"":""seer"",""5"":""werewolf"",""6"":""villager"",""7"":""witch"",""8"":""werewolf"",""9"":""villager"",""10"":""werewolf""}","{""1"":1,""2"":2,""3"":3,""4"":4,""5"":5,""6"":6,""7"":7,""8"":8,""9"":9,""10"":10}",same_action_reference_seed_46_base_34_physical_clockwise,60,60,60,1,1,1,1,1,,,,none,,,,,,,,,village,1,0,4,4,0,4,1,1,1
supplied_action_replay,same_action_seed_46_base_35,same_action_seed_46_base_35,46,35,reference_replay_pair,physical_clockwise,0,same_physical_actions,"{""1"":""werewolf"",""2"":""seer"",""3"":""villager"",""4"":""werewolf"",""5"":""werewolf"",""6"":""witch"",""7"":""villager"",""8"":""villager"",""9"":""villager"",""10"":""hunter""}","{""1"":1,""2"":2,""3"":3,""4"":4,""5"":5,""6"":6,""7"":7,""8"":8,""9"":9,""10"":10}",same_action_reference_seed_46_base_35_physical_clockwise,44,44,44,1,1,1,1,1,,,,none,,,,,,,,,village,1,0,3,2,0,2,0,1,1
supplied_action_replay,same_action_seed_46_base_36,same_action_seed_46_base_36,46,36,reference_replay_pair,physical_clockwise,0,same_physical_actions,"{""1"":""villager"",""2"":""werewolf"",""3"":""werewolf"",""4"":""seer"",""5"":""villager"",""6"":""villager"",""7"":""villager"",""8"":""werewolf"",""9"":""hunter"",""10"":""witch""}","{""1"":1,""2"":2,""3"":3,""4"":4,""5"":5,""6"":6,""7"":7,""8"":8,""9"":9,""10"":10}",same_action_reference_seed_46_base_36_physical_clockwise,65,65,65,1,1,1,1,1,,,,none,,,,,,,,,village,1,0,4,4,0,3,0,0,0
supplied_action_replay,same_action_seed_46_base_37,same_action_seed_46_base_37,46,37,reference_replay_pair,physical_clockwise,0,same_physical_actions,"{""1"":""werewolf"",""2"":""villager"",""3"":""villager"",""4"":""werewolf"",""5"":""villager"",""6"":""witch"",""7"":""seer"",""8"":""werewolf"",""9"":""villager"",""10"":""hunter""}","{""1"":1,""2"":2,""3"":3,""4"":4,""5"":5,""6"":6,""7"":7,""8"":8,""9"":9,""10"":10}",same_action_reference_seed_46_base_37_physical_clockwise,44,44,44,1,1,1,1,1,,,,none,,,,,,,,,wolf,0,1,3,7,0,2,1,1,1
supplied_action_replay,same_action_seed_46_base_38,same_action_seed_46_base_38,46,38,reference_replay_pair,physical_clockwise,0,same_physical_actions,"{""1"":""villager"",""2"":""werewolf"",""3"":""villager"",""4"":""villager"",""5"":""werewolf"",""6"":""witch"",""7"":""seer"",""8"":""werewolf"",""9"":""villager"",""10"":""hunter""}","{""1"":1,""2"":2,""3"":3,""4"":4,""5"":5,""6"":6,""7"":7,""8"":8,""9"":9,""10"":10}",same_action_reference_seed_46_base_38_physical_clockwise,59,59,59,1,1,1,1,1,,,,none,,,,,,,,,wolf,0,1,4,7,0,3,1,1,1
supplied_action_replay,same_action_seed_46_base_39,same_action_seed_46_base_39,46,39,reference_replay_pair,physical_clockwise,0,same_physical_actions,"{""1"":""villager"",""2"":""villager"",""3"":""villager"",""4"":""werewolf"",""5"":""werewolf"",""6"":""seer"",""7"":""werewolf"",""8"":""witch"",""9"":""villager"",""10"":""hunter""}","{""1"":1,""2"":2,""3"":3,""4"":4,""5"":5,""6"":6,""7"":7,""8"":8,""9"":9,""10"":10}",same_action_reference_seed_46_base_39_physical_clockwise,56,56,56,1,1,1,1,1,,,,none,,,,,,,,,village,1,0,3,6,0,2,1,1,1
supplied_action_replay,same_action_seed_46_base_40,same_action_seed_46_base_40,46,40,reference_replay_pair,physical_clockwise,0,same_physical_actions,"{""1"":""werewolf"",""2"":""werewolf"",""3"":""villager"",""4"":""villager"",""5"":""villager"",""6"":""hunter"",""7"":""villager"",""8"":""werewolf"",""9"":""seer"",""10"":""witch""}","{""1"":1,""2"":2,""3"":3,""4"":4,""5"":5,""6"":6,""7"":7,""8"":8,""9"":9,""10"":10}",same_action_reference_seed_46_base_40_physical_clockwise,57,57,57,1,1,1,1,1,,,,none,,,,,,,,,village,1,0,3,9,1,3,0,1,1
supplied_action_replay,same_action_seed_46_base_41,same_action_seed_46_base_41,46,41,reference_replay_pair,physical_clockwise,0,same_physical_actions,"{""1"":""werewolf"",""2"":""werewolf"",""3"":""hunter"",""4"":""villager"",""5"":""witch"",""6"":""villager"",""7"":""villager"",""8"":""werewolf"",""9"":""villager"",""10"":""seer""}","{""1"":1,""2"":2,""3"":3,""4"":4,""5"":5,""6"":6,""7"":7,""8"":8,""9"":9,""10"":10}",same_action_reference_seed_46_base_41_physical_clockwise,58,58,58,1,1,1,1,1,,,,none,,,,,,,,,wolf,0,1,4,10,0,4,1,1,1
supplied_action_replay,same_action_seed_46_base_42,same_action_seed_46_base_42,46,42,reference_replay_pair,physical_clockwise,0,same_physical_actions,"{""1"":""villager"",""2"":""werewolf"",""3"":""hunter"",""4"":""werewolf"",""5"":""seer"",""6"":""werewolf"",""7"":""villager"",""8"":""witch"",""9"":""villager"",""10"":""villager""}","{""1"":1,""2"":2,""3"":3,""4"":4,""5"":5,""6"":6,""7"":7,""8"":8,""9"":9,""10"":10}",same_action_reference_seed_46_base_42_physical_clockwise,57,57,57,1,1,1,1,1,,,,none,,,,,,,,,village,1,0,3,5,1,3,1,1,1
supplied_action_replay,same_action_seed_46_base_43,same_action_seed_46_base_43,46,43,reference_replay_pair,physical_clockwise,0,same_physical_actions,"{""1"":""hunter"",""2"":""villager"",""3"":""werewolf"",""4"":""seer"",""5"":""witch"",""6"":""villager"",""7"":""werewolf"",""8"":""villager"",""9"":""werewolf"",""10"":""villager""}","{""1"":1,""2"":2,""3"":3,""4"":4,""5"":5,""6"":6,""7"":7,""8"":8,""9"":9,""10"":10}",same_action_reference_seed_46_base_43_physical_clockwise,43,43,43,1,1,1,1,1,,,,none,,,,,,,,,wolf,0,1,3,4,0,1,0,0,0
supplied_action_replay,same_action_seed_46_base_44,same_action_seed_46_base_44,46,44,reference_replay_pair,physical_clockwise,0,same_physical_actions,"{""1"":""hunter"",""2"":""villager"",""3"":""villager"",""4"":""seer"",""5"":""werewolf"",""6"":""villager"",""7"":""werewolf"",""8"":""werewolf"",""9"":""witch"",""10"":""villager""}","{""1"":1,""2"":2,""3"":3,""4"":4,""5"":5,""6"":6,""7"":7,""8"":8,""9"":9,""10"":10}",same_action_reference_seed_46_base_44_physical_clockwise,49,49,49,1,1,1,1,1,,,,none,,,,,,,,,village,1,0,3,4,1,3,1,1,1
supplied_action_replay,same_action_seed_46_base_45,same_action_seed_46_base_45,46,45,reference_replay_pair,physical_clockwise,0,same_physical_actions,"{""1"":""villager"",""2"":""hunter"",""3"":""werewolf"",""4"":""villager"",""5"":""werewolf"",""6"":""seer"",""7"":""villager"",""8"":""witch"",""9"":""werewolf"",""10"":""villager""}","{""1"":1,""2"":2,""3"":3,""4"":4,""5"":5,""6"":6,""7"":7,""8"":8,""9"":9,""10"":10}",same_action_reference_seed_46_base_45_physical_clockwise,58,58,58,1,1,1,1,1,,,,none,,,,,,,,,wolf,0,1,4,6,0,2,0,1,1
supplied_action_replay,same_action_seed_46_base_46,same_action_seed_46_base_46,46,46,reference_replay_pair,physical_clockwise,0,same_physical_actions,"{""1"":""seer"",""2"":""werewolf"",""3"":""villager"",""4"":""villager"",""5"":""werewolf"",""6"":""hunter"",""7"":""villager"",""8"":""witch"",""9"":""werewolf"",""10"":""villager""}","{""1"":1,""2"":2,""3"":3,""4"":4,""5"":5,""6"":6,""7"":7,""8"":8,""9"":9,""10"":10}",same_action_reference_seed_46_base_46_physical_clockwise,56,56,56,1,1,1,1,1,,,,none,,,,,,,,,village,1,0,3,1,1,3,1,1,1
supplied_action_replay,same_action_seed_46_base_47,same_action_seed_46_base_47,46,47,reference_replay_pair,physical_clockwise,0,same_physical_actions,"{""1"":""hunter"",""2"":""villager"",""3"":""villager"",""4"":""villager"",""5"":""witch"",""6"":""werewolf"",""7"":""werewolf"",""8"":""werewolf"",""9"":""seer"",""10"":""villager""}","{""1"":1,""2"":2,""3"":3,""4"":4,""5"":5,""6"":6,""7"":7,""8"":8,""9"":9,""10"":10}",same_action_reference_seed_46_base_47_physical_clockwise,45,45,45,1,1,1,1,1,,,,none,,,,,,,,,wolf,0,1,3,9,0,3,0,0,0
supplied_action_replay,same_action_seed_46_base_48,same_action_seed_46_base_48,46,48,reference_replay_pair,physical_clockwise,0,same_physical_actions,"{""1"":""villager"",""2"":""werewolf"",""3"":""werewolf"",""4"":""seer"",""5"":""villager"",""6"":""witch"",""7"":""werewolf"",""8"":""villager"",""9"":""hunter"",""10"":""villager""}","{""1"":1,""2"":2,""3"":3,""4"":4,""5"":5,""6"":6,""7"":7,""8"":8,""9"":9,""10"":10}",same_action_reference_seed_46_base_48_physical_clockwise,67,67,67,1,1,1,1,1,,,,none,,,,,,,,,village,1,0,4,4,0,3,0,0,1
supplied_action_replay,same_action_seed_46_base_49,same_action_seed_46_base_49,46,49,reference_replay_pair,physical_clockwise,0,same_physical_actions,"{""1"":""werewolf"",""2"":""werewolf"",""3"":""hunter"",""4"":""villager"",""5"":""witch"",""6"":""werewolf"",""7"":""seer"",""8"":""villager"",""9"":""villager"",""10"":""villager""}","{""1"":1,""2"":2,""3"":3,""4"":4,""5"":5,""6"":6,""7"":7,""8"":8,""9"":9,""10"":10}",same_action_reference_seed_46_base_49_physical_clockwise,64,64,64,1,1,1,1,1,,,,none,,,,,,,,,village,1,0,4,7,0,4,0,0,0
supplied_action_replay,same_action_seed_46_base_50,same_action_seed_46_base_50,46,50,reference_replay_pair,physical_clockwise,0,same_physical_actions,"{""1"":""hunter"",""2"":""seer"",""3"":""werewolf"",""4"":""villager"",""5"":""villager"",""6"":""villager"",""7"":""witch"",""8"":""werewolf"",""9"":""villager"",""10"":""werewolf""}","{""1"":1,""2"":2,""3"":3,""4"":4,""5"":5,""6"":6,""7"":7,""8"":8,""9"":9,""10"":10}",same_action_reference_seed_46_base_50_physical_clockwise,43,43,43,1,1,1,1,1,,,,none,,,,,,,,,village,1,0,3,2,0,3,1,1,1
supplied_action_replay,same_action_seed_46_base_51,same_action_seed_46_base_51,46,51,reference_replay_pair,physical_clockwise,0,same_physical_actions,"{""1"":""villager"",""2"":""witch"",""3"":""werewolf"",""4"":""seer"",""5"":""werewolf"",""6"":""werewolf"",""7"":""villager"",""8"":""villager"",""9"":""hunter"",""10"":""villager""}","{""1"":1,""2"":2,""3"":3,""4"":4,""5"":5,""6"":6,""7"":7,""8"":8,""9"":9,""10"":10}",same_action_reference_seed_46_base_51_physical_clockwise,52,52,52,1,1,1,1,1,,,,none,,,,,,,,,village,1,0,3,4,1,3,1,1,1
supplied_action_replay,same_action_seed_46_base_52,same_action_seed_46_base_52,46,52,reference_replay_pair,physical_clockwise,0,same_physical_actions,"{""1"":""werewolf"",""2"":""werewolf"",""3"":""witch"",""4"":""villager"",""5"":""villager"",""6"":""villager"",""7"":""villager"",""8"":""seer"",""9"":""hunter"",""10"":""werewolf""}","{""1"":1,""2"":2,""3"":3,""4"":4,""5"":5,""6"":6,""7"":7,""8"":8,""9"":9,""10"":10}",same_action_reference_seed_46_base_52_physical_clockwise,39,39,39,1,1,1,1,1,,,,none,,,,,,,,,wolf,0,1,3,8,0,1,0,0,0
supplied_action_replay,same_action_seed_46_base_53,same_action_seed_46_base_53,46,53,reference_replay_pair,physical_clockwise,0,same_physical_actions,"{""1"":""witch"",""2"":""werewolf"",""3"":""seer"",""4"":""villager"",""5"":""werewolf"",""6"":""villager"",""7"":""werewolf"",""8"":""villager"",""9"":""hunter"",""10"":""villager""}","{""1"":1,""2"":2,""3"":3,""4"":4,""5"":5,""6"":6,""7"":7,""8"":8,""9"":9,""10"":10}",same_action_reference_seed_46_base_53_physical_clockwise,27,27,27,1,1,1,1,1,,,,none,,,,,,,,,wolf,0,1,2,3,0,1,0,0,0
supplied_action_replay,same_action_seed_46_base_54,same_action_seed_46_base_54,46,54,reference_replay_pair,physical_clockwise,0,same_physical_actions,"{""1"":""werewolf"",""2"":""villager"",""3"":""werewolf"",""4"":""hunter"",""5"":""werewolf"",""6"":""villager"",""7"":""villager"",""8"":""seer"",""9"":""villager"",""10"":""witch""}","{""1"":1,""2"":2,""3"":3,""4"":4,""5"":5,""6"":6,""7"":7,""8"":8,""9"":9,""10"":10}",same_action_reference_seed_46_base_54_physical_clockwise,42,42,42,1,1,1,1,1,,,,none,,,,,,,,,wolf,0,1,3,8,0,2,0,0,0
supplied_action_replay,same_action_seed_46_base_55,same_action_seed_46_base_55,46,55,reference_replay_pair,physical_clockwise,0,same_physical_actions,"{""1"":""villager"",""2"":""werewolf"",""3"":""villager"",""4"":""witch"",""5"":""werewolf"",""6"":""villager"",""7"":""hunter"",""8"":""villager"",""9"":""werewolf"",""10"":""seer""}","{""1"":1,""2"":2,""3"":3,""4"":4,""5"":5,""6"":6,""7"":7,""8"":8,""9"":9,""10"":10}",same_action_reference_seed_46_base_55_physical_clockwise,49,49,49,1,1,1,1,1,,,,none,,,,,,,,,village,1,0,3,10,0,2,0,1,1
supplied_action_replay,same_action_seed_46_base_56,same_action_seed_46_base_56,46,56,reference_replay_pair,physical_clockwise,0,same_physical_actions,"{""1"":""werewolf"",""2"":""werewolf"",""3"":""seer"",""4"":""villager"",""5"":""hunter"",""6"":""villager"",""7"":""villager"",""8"":""villager"",""9"":""witch"",""10"":""werewolf""}","{""1"":1,""2"":2,""3"":3,""4"":4,""5"":5,""6"":6,""7"":7,""8"":8,""9"":9,""10"":10}",same_action_reference_seed_46_base_56_physical_clockwise,53,53,53,1,1,1,1,1,,,,none,,,,,,,,,wolf,0,1,4,3,0,3,0,0,0
supplied_action_replay,same_action_seed_46_base_57,same_action_seed_46_base_57,46,57,reference_replay_pair,physical_clockwise,0,same_physical_actions,"{""1"":""villager"",""2"":""villager"",""3"":""werewolf"",""4"":""witch"",""5"":""werewolf"",""6"":""werewolf"",""7"":""villager"",""8"":""villager"",""9"":""seer"",""10"":""hunter""}","{""1"":1,""2"":2,""3"":3,""4"":4,""5"":5,""6"":6,""7"":7,""8"":8,""9"":9,""10"":10}",same_action_reference_seed_46_base_57_physical_clockwise,62,62,62,1,1,1,1,1,,,,none,,,,,,,,,wolf,0,1,4,9,0,2,0,0,0
supplied_action_replay,same_action_seed_46_base_58,same_action_seed_46_base_58,46,58,reference_replay_pair,physical_clockwise,0,same_physical_actions,"{""1"":""villager"",""2"":""seer"",""3"":""villager"",""4"":""werewolf"",""5"":""werewolf"",""6"":""hunter"",""7"":""witch"",""8"":""villager"",""9"":""werewolf"",""10"":""villager""}","{""1"":1,""2"":2,""3"":3,""4"":4,""5"":5,""6"":6,""7"":7,""8"":8,""9"":9,""10"":10}",same_action_reference_seed_46_base_58_physical_clockwise,62,62,62,1,1,1,1,1,,,,none,,,,,,,,,wolf,0,1,4,2,0,2,0,1,1
supplied_action_replay,same_action_seed_46_base_59,same_action_seed_46_base_59,46,59,reference_replay_pair,physical_clockwise,0,same_physical_actions,"{""1"":""villager"",""2"":""hunter"",""3"":""witch"",""4"":""villager"",""5"":""villager"",""6"":""werewolf"",""7"":""werewolf"",""8"":""seer"",""9"":""villager"",""10"":""werewolf""}","{""1"":1,""2"":2,""3"":3,""4"":4,""5"":5,""6"":6,""7"":7,""8"":8,""9"":9,""10"":10}",same_action_reference_seed_46_base_59_physical_clockwise,57,57,57,1,1,1,1,1,,,,none,,,,,,,,,wolf,0,1,3,8,1,3,0,1,1
supplied_action_replay,same_action_seed_46_base_60,same_action_seed_46_base_60,46,60,reference_replay_pair,physical_clockwise,0,same_physical_actions,"{""1"":""villager"",""2"":""werewolf"",""3"":""villager"",""4"":""villager"",""5"":""werewolf"",""6"":""hunter"",""7"":""werewolf"",""8"":""witch"",""9"":""seer"",""10"":""villager""}","{""1"":1,""2"":2,""3"":3,""4"":4,""5"":5,""6"":6,""7"":7,""8"":8,""9"":9,""10"":10}",same_action_reference_seed_46_base_60_physical_clockwise,65,65,65,1,1,1,1,1,,,,none,,,,,,,,,wolf,0,1,4,9,0,3,0,0,1
supplied_action_replay,same_action_seed_46_base_61,same_action_seed_46_base_61,46,61,reference_replay_pair,physical_clockwise,0,same_physical_actions,"{""1"":""witch"",""2"":""villager"",""3"":""seer"",""4"":""werewolf"",""5"":""villager"",""6"":""villager"",""7"":""hunter"",""8"":""werewolf"",""9"":""werewolf"",""10"":""villager""}","{""1"":1,""2"":2,""3"":3,""4"":4,""5"":5,""6"":6,""7"":7,""8"":8,""9"":9,""10"":10}",same_action_reference_seed_46_base_61_physical_clockwise,46,46,46,1,1,1,1,1,,,,none,,,,,,,,,wolf,0,1,3,3,0,2,1,1,1
supplied_action_replay,same_action_seed_46_base_62,same_action_seed_46_base_62,46,62,reference_replay_pair,physical_clockwise,0,same_physical_actions,"{""1"":""witch"",""2"":""werewolf"",""3"":""werewolf"",""4"":""werewolf"",""5"":""seer"",""6"":""villager"",""7"":""villager"",""8"":""villager"",""9"":""villager"",""10"":""hunter""}","{""1"":1,""2"":2,""3"":3,""4"":4,""5"":5,""6"":6,""7"":7,""8"":8,""9"":9,""10"":10}",same_action_reference_seed_46_base_62_physical_clockwise,53,53,53,1,1,1,1,1,,,,none,,,,,,,,,wolf,0,1,3,5,0,1,0,0,0
supplied_action_replay,same_action_seed_46_base_63,same_action_seed_46_base_63,46,63,reference_replay_pair,physical_clockwise,0,same_physical_actions,"{""1"":""witch"",""2"":""villager"",""3"":""seer"",""4"":""villager"",""5"":""werewolf"",""6"":""villager"",""7"":""werewolf"",""8"":""hunter"",""9"":""werewolf"",""10"":""villager""}","{""1"":1,""2"":2,""3"":3,""4"":4,""5"":5,""6"":6,""7"":7,""8"":8,""9"":9,""10"":10}",same_action_reference_seed_46_base_63_physical_clockwise,44,44,44,1,1,1,1,1,,,,none,,,,,,,,,wolf,0,1,3,3,0,2,0,1,1
supplied_action_replay,same_action_seed_46_base_64,same_action_seed_46_base_64,46,64,reference_replay_pair,physical_clockwise,0,same_physical_actions,"{""1"":""werewolf"",""2"":""villager"",""3"":""witch"",""4"":""seer"",""5"":""hunter"",""6"":""werewolf"",""7"":""villager"",""8"":""werewolf"",""9"":""villager"",""10"":""villager""}","{""1"":1,""2"":2,""3"":3,""4"":4,""5"":5,""6"":6,""7"":7,""8"":8,""9"":9,""10"":10}",same_action_reference_seed_46_base_64_physical_clockwise,59,59,59,1,1,1,1,1,,,,none,,,,,,,,,wolf,0,1,4,4,0,3,0,0,1
supplied_action_replay,same_action_seed_46_base_65,same_action_seed_46_base_65,46,65,reference_replay_pair,physical_clockwise,0,same_physical_actions,"{""1"":""villager"",""2"":""hunter"",""3"":""seer"",""4"":""werewolf"",""5"":""villager"",""6"":""werewolf"",""7"":""werewolf"",""8"":""villager"",""9"":""witch"",""10"":""villager""}","{""1"":1,""2"":2,""3"":3,""4"":4,""5"":5,""6"":6,""7"":7,""8"":8,""9"":9,""10"":10}",same_action_reference_seed_46_base_65_physical_clockwise,69,69,69,1,1,1,1,1,,,,none,,,,,,,,,village,1,0,4,3,1,4,1,1,1
supplied_action_replay,same_action_seed_46_base_66,same_action_seed_46_base_66,46,66,reference_replay_pair,physical_clockwise,0,same_physical_actions,"{""1"":""seer"",""2"":""werewolf"",""3"":""werewolf"",""4"":""witch"",""5"":""villager"",""6"":""villager"",""7"":""villager"",""8"":""hunter"",""9"":""villager"",""10"":""werewolf""}","{""1"":1,""2"":2,""3"":3,""4"":4,""5"":5,""6"":6,""7"":7,""8"":8,""9"":9,""10"":10}",same_action_reference_seed_46_base_66_physical_clockwise,56,56,56,1,1,1,1,1,,,,none,,,,,,,,,wolf,0,1,4,1,0,4,1,1,1
supplied_action_replay,same_action_seed_46_base_67,same_action_seed_46_base_67,46,67,reference_replay_pair,physical_clockwise,0,same_physical_actions,"{""1"":""villager"",""2"":""villager"",""3"":""villager"",""4"":""werewolf"",""5"":""werewolf"",""6"":""werewolf"",""7"":""hunter"",""8"":""seer"",""9"":""witch"",""10"":""villager""}","{""1"":1,""2"":2,""3"":3,""4"":4,""5"":5,""6"":6,""7"":7,""8"":8,""9"":9,""10"":10}",same_action_reference_seed_46_base_67_physical_clockwise,55,55,55,1,1,1,1,1,,,,none,,,,,,,,,village,1,0,3,8,1,3,0,0,0
supplied_action_replay,same_action_seed_46_base_68,same_action_seed_46_base_68,46,68,reference_replay_pair,physical_clockwise,0,same_physical_actions,"{""1"":""villager"",""2"":""werewolf"",""3"":""hunter"",""4"":""werewolf"",""5"":""villager"",""6"":""villager"",""7"":""witch"",""8"":""villager"",""9"":""seer"",""10"":""werewolf""}","{""1"":1,""2"":2,""3"":3,""4"":4,""5"":5,""6"":6,""7"":7,""8"":8,""9"":9,""10"":10}",same_action_reference_seed_46_base_68_physical_clockwise,56,56,56,1,1,1,1,1,,,,none,,,,,,,,,village,1,0,3,9,0,2,1,1,1
supplied_action_replay,same_action_seed_46_base_69,same_action_seed_46_base_69,46,69,reference_replay_pair,physical_clockwise,0,same_physical_actions,"{""1"":""villager"",""2"":""villager"",""3"":""villager"",""4"":""werewolf"",""5"":""seer"",""6"":""witch"",""7"":""werewolf"",""8"":""villager"",""9"":""werewolf"",""10"":""hunter""}","{""1"":1,""2"":2,""3"":3,""4"":4,""5"":5,""6"":6,""7"":7,""8"":8,""9"":9,""10"":10}",same_action_reference_seed_46_base_69_physical_clockwise,41,41,41,1,1,1,1,1,,,,none,,,,,,,,,village,1,0,2,5,1,2,0,1,1
supplied_action_replay,same_action_seed_46_base_70,same_action_seed_46_base_70,46,70,reference_replay_pair,physical_clockwise,0,same_physical_actions,"{""1"":""seer"",""2"":""villager"",""3"":""villager"",""4"":""werewolf"",""5"":""werewolf"",""6"":""villager"",""7"":""villager"",""8"":""witch"",""9"":""werewolf"",""10"":""hunter""}","{""1"":1,""2"":2,""3"":3,""4"":4,""5"":5,""6"":6,""7"":7,""8"":8,""9"":9,""10"":10}",same_action_reference_seed_46_base_70_physical_clockwise,54,54,54,1,1,1,1,1,,,,none,,,,,,,,,wolf,0,1,4,1,1,4,0,1,1
supplied_action_replay,same_action_seed_46_base_71,same_action_seed_46_base_71,46,71,reference_replay_pair,physical_clockwise,0,same_physical_actions,"{""1"":""villager"",""2"":""hunter"",""3"":""witch"",""4"":""werewolf"",""5"":""werewolf"",""6"":""werewolf"",""7"":""villager"",""8"":""villager"",""9"":""villager"",""10"":""seer""}","{""1"":1,""2"":2,""3"":3,""4"":4,""5"":5,""6"":6,""7"":7,""8"":8,""9"":9,""10"":10}",same_action_reference_seed_46_base_71_physical_clockwise,53,53,53,1,1,1,1,1,,,,none,,,,,,,,,wolf,0,1,4,10,0,3,0,0,0
supplied_action_replay,same_action_seed_46_base_72,same_action_seed_46_base_72,46,72,reference_replay_pair,physical_clockwise,0,same_physical_actions,"{""1"":""villager"",""2"":""werewolf"",""3"":""hunter"",""4"":""seer"",""5"":""villager"",""6"":""villager"",""7"":""werewolf"",""8"":""villager"",""9"":""werewolf"",""10"":""witch""}","{""1"":1,""2"":2,""3"":3,""4"":4,""5"":5,""6"":6,""7"":7,""8"":8,""9"":9,""10"":10}",same_action_reference_seed_46_base_72_physical_clockwise,63,63,63,1,1,1,1,1,,,,none,,,,,,,,,wolf,0,1,4,4,0,3,0,0,1
supplied_action_replay,same_action_seed_46_base_73,same_action_seed_46_base_73,46,73,reference_replay_pair,physical_clockwise,0,same_physical_actions,"{""1"":""werewolf"",""2"":""werewolf"",""3"":""villager"",""4"":""villager"",""5"":""hunter"",""6"":""seer"",""7"":""werewolf"",""8"":""villager"",""9"":""witch"",""10"":""villager""}","{""1"":1,""2"":2,""3"":3,""4"":4,""5"":5,""6"":6,""7"":7,""8"":8,""9"":9,""10"":10}",same_action_reference_seed_46_base_73_physical_clockwise,67,67,67,1,1,1,1,1,,,,none,,,,,,,,,wolf,0,1,4,6,0,3,1,1,1
supplied_action_replay,same_action_seed_46_base_74,same_action_seed_46_base_74,46,74,reference_replay_pair,physical_clockwise,0,same_physical_actions,"{""1"":""werewolf"",""2"":""villager"",""3"":""villager"",""4"":""witch"",""5"":""werewolf"",""6"":""villager"",""7"":""villager"",""8"":""werewolf"",""9"":""hunter"",""10"":""seer""}","{""1"":1,""2"":2,""3"":3,""4"":4,""5"":5,""6"":6,""7"":7,""8"":8,""9"":9,""10"":10}",same_action_reference_seed_46_base_74_physical_clockwise,67,67,67,1,1,1,1,1,,,,none,,,,,,,,,wolf,0,1,4,10,0,3,1,1,1
supplied_action_replay,same_action_seed_46_base_75,same_action_seed_46_base_75,46,75,reference_replay_pair,physical_clockwise,0,same_physical_actions,"{""1"":""witch"",""2"":""werewolf"",""3"":""hunter"",""4"":""werewolf"",""5"":""villager"",""6"":""villager"",""7"":""villager"",""8"":""seer"",""9"":""villager"",""10"":""werewolf""}","{""1"":1,""2"":2,""3"":3,""4"":4,""5"":5,""6"":6,""7"":7,""8"":8,""9"":9,""10"":10}",same_action_reference_seed_46_base_75_physical_clockwise,52,52,52,1,1,1,1,1,,,,none,,,,,,,,,village,1,0,3,8,0,3,0,1,1
supplied_action_replay,same_action_seed_46_base_76,same_action_seed_46_base_76,46,76,reference_replay_pair,physical_clockwise,0,same_physical_actions,"{""1"":""werewolf"",""2"":""villager"",""3"":""hunter"",""4"":""villager"",""5"":""witch"",""6"":""villager"",""7"":""werewolf"",""8"":""werewolf"",""9"":""seer"",""10"":""villager""}","{""1"":1,""2"":2,""3"":3,""4"":4,""5"":5,""6"":6,""7"":7,""8"":8,""9"":9,""10"":10}",same_action_reference_seed_46_base_76_physical_clockwise,58,58,58,1,1,1,1,1,,,,none,,,,,,,,,wolf,0,1,4,9,0,2,0,0,0
supplied_action_replay,same_action_seed_46_base_77,same_action_seed_46_base_77,46,77,reference_replay_pair,physical_clockwise,0,same_physical_actions,"{""1"":""villager"",""2"":""villager"",""3"":""seer"",""4"":""werewolf"",""5"":""villager"",""6"":""villager"",""7"":""witch"",""8"":""hunter"",""9"":""werewolf"",""10"":""werewolf""}","{""1"":1,""2"":2,""3"":3,""4"":4,""5"":5,""6"":6,""7"":7,""8"":8,""9"":9,""10"":10}",same_action_reference_seed_46_base_77_physical_clockwise,60,60,60,1,1,1,1,1,,,,none,,,,,,,,,village,1,0,4,3,1,4,1,1,1
supplied_action_replay,same_action_seed_46_base_78,same_action_seed_46_base_78,46,78,reference_replay_pair,physical_clockwise,0,same_physical_actions,"{""1"":""werewolf"",""2"":""witch"",""3"":""villager"",""4"":""werewolf"",""5"":""villager"",""6"":""seer"",""7"":""hunter"",""8"":""villager"",""9"":""villager"",""10"":""werewolf""}","{""1"":1,""2"":2,""3"":3,""4"":4,""5"":5,""6"":6,""7"":7,""8"":8,""9"":9,""10"":10}",same_action_reference_seed_46_base_78_physical_clockwise,61,61,61,1,1,1,1,1,,,,none,,,,,,,,,wolf,0,1,4,6,0,1,0,0,0
supplied_action_replay,same_action_seed_46_base_79,same_action_seed_46_base_79,46,79,reference_replay_pair,physical_clockwise,0,same_physical_actions,"{""1"":""hunter"",""2"":""seer"",""3"":""villager"",""4"":""werewolf"",""5"":""witch"",""6"":""villager"",""7"":""werewolf"",""8"":""villager"",""9"":""villager"",""10"":""werewolf""}","{""1"":1,""2"":2,""3"":3,""4"":4,""5"":5,""6"":6,""7"":7,""8"":8,""9"":9,""10"":10}",same_action_reference_seed_46_base_79_physical_clockwise,55,55,55,1,1,1,1,1,,,,none,,,,,,,,,wolf,0,1,3,2,0,3,0,1,1
supplied_action_replay,same_action_seed_46_base_80,same_action_seed_46_base_80,46,80,reference_replay_pair,physical_clockwise,0,same_physical_actions,"{""1"":""villager"",""2"":""werewolf"",""3"":""hunter"",""4"":""werewolf"",""5"":""seer"",""6"":""witch"",""7"":""villager"",""8"":""werewolf"",""9"":""villager"",""10"":""villager""}","{""1"":1,""2"":2,""3"":3,""4"":4,""5"":5,""6"":6,""7"":7,""8"":8,""9"":9,""10"":10}",same_action_reference_seed_46_base_80_physical_clockwise,41,41,41,1,1,1,1,1,,,,none,,,,,,,,,wolf,0,1,2,5,0,1,0,0,0
supplied_action_replay,same_action_seed_46_base_81,same_action_seed_46_base_81,46,81,reference_replay_pair,physical_clockwise,0,same_physical_actions,"{""1"":""villager"",""2"":""villager"",""3"":""werewolf"",""4"":""seer"",""5"":""werewolf"",""6"":""witch"",""7"":""hunter"",""8"":""werewolf"",""9"":""villager"",""10"":""villager""}","{""1"":1,""2"":2,""3"":3,""4"":4,""5"":5,""6"":6,""7"":7,""8"":8,""9"":9,""10"":10}",same_action_reference_seed_46_base_81_physical_clockwise,52,52,52,1,1,1,1,1,,,,none,,,,,,,,,village,1,0,4,4,0,2,1,1,1
supplied_action_replay,same_action_seed_46_base_82,same_action_seed_46_base_82,46,82,reference_replay_pair,physical_clockwise,0,same_physical_actions,"{""1"":""villager"",""2"":""villager"",""3"":""witch"",""4"":""werewolf"",""5"":""werewolf"",""6"":""hunter"",""7"":""seer"",""8"":""villager"",""9"":""werewolf"",""10"":""villager""}","{""1"":1,""2"":2,""3"":3,""4"":4,""5"":5,""6"":6,""7"":7,""8"":8,""9"":9,""10"":10}",same_action_reference_seed_46_base_82_physical_clockwise,51,51,51,1,1,1,1,1,,,,none,,,,,,,,,village,1,0,4,7,0,1,0,0,0
supplied_action_replay,same_action_seed_46_base_83,same_action_seed_46_base_83,46,83,reference_replay_pair,physical_clockwise,0,same_physical_actions,"{""1"":""villager"",""2"":""villager"",""3"":""villager"",""4"":""werewolf"",""5"":""werewolf"",""6"":""villager"",""7"":""seer"",""8"":""werewolf"",""9"":""hunter"",""10"":""witch""}","{""1"":1,""2"":2,""3"":3,""4"":4,""5"":5,""6"":6,""7"":7,""8"":8,""9"":9,""10"":10}",same_action_reference_seed_46_base_83_physical_clockwise,52,52,52,1,1,1,1,1,,,,none,,,,,,,,,wolf,0,1,4,7,0,4,1,1,1
supplied_action_replay,same_action_seed_46_base_84,same_action_seed_46_base_84,46,84,reference_replay_pair,physical_clockwise,0,same_physical_actions,"{""1"":""villager"",""2"":""werewolf"",""3"":""hunter"",""4"":""villager"",""5"":""werewolf"",""6"":""villager"",""7"":""witch"",""8"":""seer"",""9"":""werewolf"",""10"":""villager""}","{""1"":1,""2"":2,""3"":3,""4"":4,""5"":5,""6"":6,""7"":7,""8"":8,""9"":9,""10"":10}",same_action_reference_seed_46_base_84_physical_clockwise,35,35,35,1,1,1,1,1,,,,none,,,,,,,,,wolf,0,1,3,8,0,1,1,1,1
supplied_action_replay,same_action_seed_46_base_85,same_action_seed_46_base_85,46,85,reference_replay_pair,physical_clockwise,0,same_physical_actions,"{""1"":""werewolf"",""2"":""villager"",""3"":""werewolf"",""4"":""werewolf"",""5"":""villager"",""6"":""villager"",""7"":""seer"",""8"":""hunter"",""9"":""villager"",""10"":""witch""}","{""1"":1,""2"":2,""3"":3,""4"":4,""5"":5,""6"":6,""7"":7,""8"":8,""9"":9,""10"":10}",same_action_reference_seed_46_base_85_physical_clockwise,51,51,51,1,1,1,1,1,,,,none,,,,,,,,,village,1,0,3,7,1,3,0,0,0
supplied_action_replay,same_action_seed_46_base_86,same_action_seed_46_base_86,46,86,reference_replay_pair,physical_clockwise,0,same_physical_actions,"{""1"":""seer"",""2"":""witch"",""3"":""werewolf"",""4"":""villager"",""5"":""werewolf"",""6"":""werewolf"",""7"":""villager"",""8"":""villager"",""9"":""hunter"",""10"":""villager""}","{""1"":1,""2"":2,""3"":3,""4"":4,""5"":5,""6"":6,""7"":7,""8"":8,""9"":9,""10"":10}",same_action_reference_seed_46_base_86_physical_clockwise,57,57,57,1,1,1,1,1,,,,none,,,,,,,,,wolf,0,1,4,1,0,3,0,1,1
supplied_action_replay,same_action_seed_46_base_87,same_action_seed_46_base_87,46,87,reference_replay_pair,physical_clockwise,0,same_physical_actions,"{""1"":""villager"",""2"":""werewolf"",""3"":""werewolf"",""4"":""villager"",""5"":""villager"",""6"":""werewolf"",""7"":""witch"",""8"":""hunter"",""9"":""seer"",""10"":""villager""}","{""1"":1,""2"":2,""3"":3,""4"":4,""5"":5,""6"":6,""7"":7,""8"":8,""9"":9,""10"":10}",same_action_reference_seed_46_base_87_physical_clockwise,37,37,37,1,1,1,1,1,,,,none,,,,,,,,,village,1,0,2,9,1,2,0,0,0
supplied_action_replay,same_action_seed_46_base_88,same_action_seed_46_base_88,46,88,reference_replay_pair,physical_clockwise,0,same_physical_actions,"{""1"":""villager"",""2"":""seer"",""3"":""villager"",""4"":""werewolf"",""5"":""hunter"",""6"":""witch"",""7"":""villager"",""8"":""werewolf"",""9"":""werewolf"",""10"":""villager""}","{""1"":1,""2"":2,""3"":3,""4"":4,""5"":5,""6"":6,""7"":7,""8"":8,""9"":9,""10"":10}",same_action_reference_seed_46_base_88_physical_clockwise,53,53,53,1,1,1,1,1,,,,none,,,,,,,,,wolf,0,1,3,2,0,1,0,0,0
supplied_action_replay,same_action_seed_46_base_89,same_action_seed_46_base_89,46,89,reference_replay_pair,physical_clockwise,0,same_physical_actions,"{""1"":""werewolf"",""2"":""hunter"",""3"":""villager"",""4"":""werewolf"",""5"":""seer"",""6"":""villager"",""7"":""villager"",""8"":""witch"",""9"":""werewolf"",""10"":""villager""}","{""1"":1,""2"":2,""3"":3,""4"":4,""5"":5,""6"":6,""7"":7,""8"":8,""9"":9,""10"":10}",same_action_reference_seed_46_base_89_physical_clockwise,62,62,62,1,1,1,1,1,,,,none,,,,,,,,,wolf,0,1,4,5,0,2,0,0,0
supplied_action_replay,same_action_seed_46_base_90,same_action_seed_46_base_90,46,90,reference_replay_pair,physical_clockwise,0,same_physical_actions,"{""1"":""werewolf"",""2"":""seer"",""3"":""werewolf"",""4"":""villager"",""5"":""hunter"",""6"":""villager"",""7"":""witch"",""8"":""villager"",""9"":""villager"",""10"":""werewolf""}","{""1"":1,""2"":2,""3"":3,""4"":4,""5"":5,""6"":6,""7"":7,""8"":8,""9"":9,""10"":10}",same_action_reference_seed_46_base_90_physical_clockwise,70,70,70,1,1,1,1,1,,,,none,,,,,,,,,wolf,0,1,5,2,0,4,1,1,1
supplied_action_replay,same_action_seed_46_base_91,same_action_seed_46_base_91,46,91,reference_replay_pair,physical_clockwise,0,same_physical_actions,"{""1"":""villager"",""2"":""werewolf"",""3"":""villager"",""4"":""witch"",""5"":""villager"",""6"":""seer"",""7"":""villager"",""8"":""werewolf"",""9"":""hunter"",""10"":""werewolf""}","{""1"":1,""2"":2,""3"":3,""4"":4,""5"":5,""6"":6,""7"":7,""8"":8,""9"":9,""10"":10}",same_action_reference_seed_46_base_91_physical_clockwise,42,42,42,1,1,1,1,1,,,,none,,,,,,,,,wolf,0,1,3,6,0,2,0,1,1
supplied_action_replay,same_action_seed_46_base_92,same_action_seed_46_base_92,46,92,reference_replay_pair,physical_clockwise,0,same_physical_actions,"{""1"":""werewolf"",""2"":""seer"",""3"":""villager"",""4"":""werewolf"",""5"":""werewolf"",""6"":""villager"",""7"":""villager"",""8"":""witch"",""9"":""villager"",""10"":""hunter""}","{""1"":1,""2"":2,""3"":3,""4"":4,""5"":5,""6"":6,""7"":7,""8"":8,""9"":9,""10"":10}",same_action_reference_seed_46_base_92_physical_clockwise,43,43,43,1,1,1,1,1,,,,none,,,,,,,,,wolf,0,1,3,2,0,1,0,0,0
supplied_action_replay,same_action_seed_46_base_93,same_action_seed_46_base_93,46,93,reference_replay_pair,physical_clockwise,0,same_physical_actions,"{""1"":""werewolf"",""2"":""villager"",""3"":""hunter"",""4"":""seer"",""5"":""villager"",""6"":""werewolf"",""7"":""witch"",""8"":""villager"",""9"":""werewolf"",""10"":""villager""}","{""1"":1,""2"":2,""3"":3,""4"":4,""5"":5,""6"":6,""7"":7,""8"":8,""9"":9,""10"":10}",same_action_reference_seed_46_base_93_physical_clockwise,65,65,65,1,1,1,1,1,,,,none,,,,,,,,,wolf,0,1,4,4,0,3,0,1,1
supplied_action_replay,same_action_seed_46_base_94,same_action_seed_46_base_94,46,94,reference_replay_pair,physical_clockwise,0,same_physical_actions,"{""1"":""villager"",""2"":""werewolf"",""3"":""witch"",""4"":""hunter"",""5"":""seer"",""6"":""villager"",""7"":""villager"",""8"":""werewolf"",""9"":""villager"",""10"":""werewolf""}","{""1"":1,""2"":2,""3"":3,""4"":4,""5"":5,""6"":6,""7"":7,""8"":8,""9"":9,""10"":10}",same_action_reference_seed_46_base_94_physical_clockwise,66,66,66,1,1,1,1,1,,,,none,,,,,,,,,village,1,0,4,5,1,4,0,1,1
supplied_action_replay,same_action_seed_46_base_95,same_action_seed_46_base_95,46,95,reference_replay_pair,physical_clockwise,0,same_physical_actions,"{""1"":""werewolf"",""2"":""werewolf"",""3"":""villager"",""4"":""hunter"",""5"":""villager"",""6"":""villager"",""7"":""villager"",""8"":""seer"",""9"":""witch"",""10"":""werewolf""}","{""1"":1,""2"":2,""3"":3,""4"":4,""5"":5,""6"":6,""7"":7,""8"":8,""9"":9,""10"":10}",same_action_reference_seed_46_base_95_physical_clockwise,45,45,45,1,1,1,1,1,,,,none,,,,,,,,,village,1,0,3,8,1,3,0,1,1
supplied_action_replay,same_action_seed_46_base_96,same_action_seed_46_base_96,46,96,reference_replay_pair,physical_clockwise,0,same_physical_actions,"{""1"":""villager"",""2"":""villager"",""3"":""werewolf"",""4"":""villager"",""5"":""hunter"",""6"":""villager"",""7"":""werewolf"",""8"":""werewolf"",""9"":""seer"",""10"":""witch""}","{""1"":1,""2"":2,""3"":3,""4"":4,""5"":5,""6"":6,""7"":7,""8"":8,""9"":9,""10"":10}",same_action_reference_seed_46_base_96_physical_clockwise,59,59,59,1,1,1,1,1,,,,none,,,,,,,,,wolf,0,1,4,9,0,3,0,0,0
supplied_action_replay,same_action_seed_46_base_97,same_action_seed_46_base_97,46,97,reference_replay_pair,physical_clockwise,0,same_physical_actions,"{""1"":""seer"",""2"":""werewolf"",""3"":""villager"",""4"":""hunter"",""5"":""werewolf"",""6"":""villager"",""7"":""villager"",""8"":""witch"",""9"":""werewolf"",""10"":""villager""}","{""1"":1,""2"":2,""3"":3,""4"":4,""5"":5,""6"":6,""7"":7,""8"":8,""9"":9,""10"":10}",same_action_reference_seed_46_base_97_physical_clockwise,43,43,43,1,1,1,1,1,,,,none,,,,,,,,,wolf,0,1,3,1,0,1,1,1,1
supplied_action_replay,same_action_seed_46_base_98,same_action_seed_46_base_98,46,98,reference_replay_pair,physical_clockwise,0,same_physical_actions,"{""1"":""werewolf"",""2"":""villager"",""3"":""witch"",""4"":""villager"",""5"":""villager"",""6"":""werewolf"",""7"":""seer"",""8"":""hunter"",""9"":""villager"",""10"":""werewolf""}","{""1"":1,""2"":2,""3"":3,""4"":4,""5"":5,""6"":6,""7"":7,""8"":8,""9"":9,""10"":10}",same_action_reference_seed_46_base_98_physical_clockwise,21,21,21,1,1,1,1,1,,,,none,,,,,,,,,wolf,0,1,2,7,0,1,0,0,0
supplied_action_replay,same_action_seed_46_base_99,same_action_seed_46_base_99,46,99,reference_replay_pair,physical_clockwise,0,same_physical_actions,"{""1"":""werewolf"",""2"":""hunter"",""3"":""seer"",""4"":""villager"",""5"":""villager"",""6"":""werewolf"",""7"":""villager"",""8"":""witch"",""9"":""werewolf"",""10"":""villager""}","{""1"":1,""2"":2,""3"":3,""4"":4,""5"":5,""6"":6,""7"":7,""8"":8,""9"":9,""10"":10}",same_action_reference_seed_46_base_99_physical_clockwise,42,42,42,1,1,1,1,1,,,,none,,,,,,,,,wolf,0,1,3,3,0,2,0,0,0
supplied_action_replay,same_action_seed_46_base_100,same_action_seed_46_base_100,46,100,reference_replay_pair,physical_clockwise,0,same_physical_actions,"{""1"":""werewolf"",""2"":""werewolf"",""3"":""villager"",""4"":""seer"",""5"":""villager"",""6"":""hunter"",""7"":""villager"",""8"":""villager"",""9"":""witch"",""10"":""werewolf""}","{""1"":1,""2"":2,""3"":3,""4"":4,""5"":5,""6"":6,""7"":7,""8"":8,""9"":9,""10"":10}",same_action_reference_seed_46_base_100_physical_clockwise,54,54,54,1,1,1,1,1,,,,none,,,,,,,,,village,1,0,3,4,0,2,0,0,0
supplied_action_replay,same_action_seed_46_base_101,same_action_seed_46_base_101,46,101,reference_replay_pair,physical_clockwise,0,same_physical_actions,"{""1"":""seer"",""2"":""werewolf"",""3"":""witch"",""4"":""villager"",""5"":""villager"",""6"":""hunter"",""7"":""villager"",""8"":""werewolf"",""9"":""villager"",""10"":""werewolf""}","{""1"":1,""2"":2,""3"":3,""4"":4,""5"":5,""6"":6,""7"":7,""8"":8,""9"":9,""10"":10}",same_action_reference_seed_46_base_101_physical_clockwise,43,43,43,1,1,1,1,1,,,,none,,,,,,,,,wolf,0,1,3,1,0,3,1,1,1
supplied_action_replay,same_action_seed_46_base_102,same_action_seed_46_base_102,46,102,reference_replay_pair,physical_clockwise,0,same_physical_actions,"{""1"":""villager"",""2"":""villager"",""3"":""werewolf"",""4"":""villager"",""5"":""seer"",""6"":""werewolf"",""7"":""witch"",""8"":""werewolf"",""9"":""hunter"",""10"":""villager""}","{""1"":1,""2"":2,""3"":3,""4"":4,""5"":5,""6"":6,""7"":7,""8"":8,""9"":9,""10"":10}",same_action_reference_seed_46_base_102_physical_clockwise,69,69,69,1,1,1,1,1,,,,none,,,,,,,,,village,1,0,4,5,1,4,1,1,1
supplied_action_replay,same_action_seed_46_base_103,same_action_seed_46_base_103,46,103,reference_replay_pair,physical_clockwise,0,same_physical_actions,"{""1"":""villager"",""2"":""villager"",""3"":""hunter"",""4"":""werewolf"",""5"":""witch"",""6"":""seer"",""7"":""villager"",""8"":""villager"",""9"":""werewolf"",""10"":""werewolf""}","{""1"":1,""2"":2,""3"":3,""4"":4,""5"":5,""6"":6,""7"":7,""8"":8,""9"":9,""10"":10}",same_action_reference_seed_46_base_103_physical_clockwise,69,69,69,1,1,1,1,1,,,,none,,,,,,,,,village,1,0,4,6,1,4,0,0,1
supplied_action_replay,same_action_seed_46_base_104,same_action_seed_46_base_104,46,104,reference_replay_pair,physical_clockwise,0,same_physical_actions,"{""1"":""villager"",""2"":""werewolf"",""3"":""villager"",""4"":""werewolf"",""5"":""hunter"",""6"":""witch"",""7"":""werewolf"",""8"":""villager"",""9"":""villager"",""10"":""seer""}","{""1"":1,""2"":2,""3"":3,""4"":4,""5"":5,""6"":6,""7"":7,""8"":8,""9"":9,""10"":10}",same_action_reference_seed_46_base_104_physical_clockwise,42,42,42,1,1,1,1,1,,,,none,,,,,,,,,village,1,0,2,10,1,2,0,1,1
supplied_action_replay,same_action_seed_46_base_105,same_action_seed_46_base_105,46,105,reference_replay_pair,physical_clockwise,0,same_physical_actions,"{""1"":""seer"",""2"":""villager"",""3"":""villager"",""4"":""werewolf"",""5"":""witch"",""6"":""hunter"",""7"":""villager"",""8"":""werewolf"",""9"":""villager"",""10"":""werewolf""}","{""1"":1,""2"":2,""3"":3,""4"":4,""5"":5,""6"":6,""7"":7,""8"":8,""9"":9,""10"":10}",same_action_reference_seed_46_base_105_physical_clockwise,61,61,61,1,1,1,1,1,,,,none,,,,,,,,,village,1,0,4,1,0,1,0,0,0
supplied_action_replay,same_action_seed_46_base_106,same_action_seed_46_base_106,46,106,reference_replay_pair,physical_clockwise,0,same_physical_actions,"{""1"":""werewolf"",""2"":""werewolf"",""3"":""witch"",""4"":""villager"",""5"":""villager"",""6"":""seer"",""7"":""werewolf"",""8"":""villager"",""9"":""villager"",""10"":""hunter""}","{""1"":1,""2"":2,""3"":3,""4"":4,""5"":5,""6"":6,""7"":7,""8"":8,""9"":9,""10"":10}",same_action_reference_seed_46_base_106_physical_clockwise,58,58,58,1,1,1,1,1,,,,none,,,,,,,,,wolf,0,1,3,6,0,2,1,1,1
supplied_action_replay,same_action_seed_46_base_107,same_action_seed_46_base_107,46,107,reference_replay_pair,physical_clockwise,0,same_physical_actions,"{""1"":""seer"",""2"":""werewolf"",""3"":""villager"",""4"":""villager"",""5"":""villager"",""6"":""villager"",""7"":""witch"",""8"":""hunter"",""9"":""werewolf"",""10"":""werewolf""}","{""1"":1,""2"":2,""3"":3,""4"":4,""5"":5,""6"":6,""7"":7,""8"":8,""9"":9,""10"":10}",same_action_reference_seed_46_base_107_physical_clockwise,63,63,63,1,1,1,1,1,,,,none,,,,,,,,,village,1,0,4,1,0,3,1,1,1
supplied_action_replay,same_action_seed_46_base_108,same_action_seed_46_base_108,46,108,reference_replay_pair,physical_clockwise,0,same_physical_actions,"{""1"":""seer"",""2"":""villager"",""3"":""villager"",""4"":""villager"",""5"":""villager"",""6"":""werewolf"",""7"":""hunter"",""8"":""werewolf"",""9"":""witch"",""10"":""werewolf""}","{""1"":1,""2"":2,""3"":3,""4"":4,""5"":5,""6"":6,""7"":7,""8"":8,""9"":9,""10"":10}",same_action_reference_seed_46_base_108_physical_clockwise,63,63,63,1,1,1,1,1,,,,none,,,,,,,,,wolf,0,1,4,1,0,3,0,0,1
supplied_action_replay,same_action_seed_46_base_109,same_action_seed_46_base_109,46,109,reference_replay_pair,physical_clockwise,0,same_physical_actions,"{""1"":""werewolf"",""2"":""villager"",""3"":""werewolf"",""4"":""villager"",""5"":""villager"",""6"":""villager"",""7"":""seer"",""8"":""werewolf"",""9"":""hunter"",""10"":""witch""}","{""1"":1,""2"":2,""3"":3,""4"":4,""5"":5,""6"":6,""7"":7,""8"":8,""9"":9,""10"":10}",same_action_reference_seed_46_base_109_physical_clockwise,58,58,58,1,1,1,1,1,,,,none,,,,,,,,,wolf,0,1,4,7,0,2,1,1,1
supplied_action_replay,same_action_seed_46_base_110,same_action_seed_46_base_110,46,110,reference_replay_pair,physical_clockwise,0,same_physical_actions,"{""1"":""villager"",""2"":""hunter"",""3"":""werewolf"",""4"":""werewolf"",""5"":""werewolf"",""6"":""villager"",""7"":""seer"",""8"":""villager"",""9"":""villager"",""10"":""witch""}","{""1"":1,""2"":2,""3"":3,""4"":4,""5"":5,""6"":6,""7"":7,""8"":8,""9"":9,""10"":10}",same_action_reference_seed_46_base_110_physical_clockwise,43,43,43,1,1,1,1,1,,,,none,,,,,,,,,wolf,0,1,3,7,0,1,0,0,0
supplied_action_replay,same_action_seed_46_base_111,same_action_seed_46_base_111,46,111,reference_replay_pair,physical_clockwise,0,same_physical_actions,"{""1"":""hunter"",""2"":""witch"",""3"":""werewolf"",""4"":""villager"",""5"":""villager"",""6"":""villager"",""7"":""werewolf"",""8"":""werewolf"",""9"":""seer"",""10"":""villager""}","{""1"":1,""2"":2,""3"":3,""4"":4,""5"":5,""6"":6,""7"":7,""8"":8,""9"":9,""10"":10}",same_action_reference_seed_46_base_111_physical_clockwise,65,65,65,1,1,1,1,1,,,,none,,,,,,,,,village,1,0,4,9,0,3,0,0,0
supplied_action_replay,same_action_seed_46_base_112,same_action_seed_46_base_112,46,112,reference_replay_pair,physical_clockwise,0,same_physical_actions,"{""1"":""werewolf"",""2"":""villager"",""3"":""hunter"",""4"":""seer"",""5"":""villager"",""6"":""witch"",""7"":""villager"",""8"":""villager"",""9"":""werewolf"",""10"":""werewolf""}","{""1"":1,""2"":2,""3"":3,""4"":4,""5"":5,""6"":6,""7"":7,""8"":8,""9"":9,""10"":10}",same_action_reference_seed_46_base_112_physical_clockwise,45,45,45,1,1,1,1,1,,,,none,,,,,,,,,wolf,0,1,3,4,1,3,0,0,1
supplied_action_replay,same_action_seed_46_base_113,same_action_seed_46_base_113,46,113,reference_replay_pair,physical_clockwise,0,same_physical_actions,"{""1"":""villager"",""2"":""villager"",""3"":""villager"",""4"":""hunter"",""5"":""werewolf"",""6"":""witch"",""7"":""seer"",""8"":""werewolf"",""9"":""werewolf"",""10"":""villager""}","{""1"":1,""2"":2,""3"":3,""4"":4,""5"":5,""6"":6,""7"":7,""8"":8,""9"":9,""10"":10}",same_action_reference_seed_46_base_113_physical_clockwise,60,60,60,1,1,1,1,1,,,,none,,,,,,,,,wolf,0,1,4,7,0,4,1,1,1
supplied_action_replay,same_action_seed_46_base_114,same_action_seed_46_base_114,46,114,reference_replay_pair,physical_clockwise,0,same_physical_actions,"{""1"":""werewolf"",""2"":""villager"",""3"":""hunter"",""4"":""werewolf"",""5"":""werewolf"",""6"":""villager"",""7"":""witch"",""8"":""seer"",""9"":""villager"",""10"":""villager""}","{""1"":1,""2"":2,""3"":3,""4"":4,""5"":5,""6"":6,""7"":7,""8"":8,""9"":9,""10"":10}",same_action_reference_seed_46_base_114_physical_clockwise,65,65,65,1,1,1,1,1,,,,none,,,,,,,,,village,1,0,4,8,0,3,0,1,1
supplied_action_replay,same_action_seed_46_base_115,same_action_seed_46_base_115,46,115,reference_replay_pair,physical_clockwise,0,same_physical_actions,"{""1"":""villager"",""2"":""villager"",""3"":""werewolf"",""4"":""witch"",""5"":""villager"",""6"":""werewolf"",""7"":""seer"",""8"":""hunter"",""9"":""werewolf"",""10"":""villager""}","{""1"":1,""2"":2,""3"":3,""4"":4,""5"":5,""6"":6,""7"":7,""8"":8,""9"":9,""10"":10}",same_action_reference_seed_46_base_115_physical_clockwise,57,57,57,1,1,1,1,1,,,,none,,,,,,,,,wolf,0,1,4,7,0,3,0,1,1
supplied_action_replay,same_action_seed_46_base_116,same_action_seed_46_base_116,46,116,reference_replay_pair,physical_clockwise,0,same_physical_actions,"{""1"":""villager"",""2"":""werewolf"",""3"":""werewolf"",""4"":""villager"",""5"":""werewolf"",""6"":""seer"",""7"":""hunter"",""8"":""witch"",""9"":""villager"",""10"":""villager""}","{""1"":1,""2"":2,""3"":3,""4"":4,""5"":5,""6"":6,""7"":7,""8"":8,""9"":9,""10"":10}",same_action_reference_seed_46_base_116_physical_clockwise,58,58,58,1,1,1,1,1,,,,none,,,,,,,,,village,1,0,3,6,1,3,0,0,0
supplied_action_replay,same_action_seed_46_base_117,same_action_seed_46_base_117,46,117,reference_replay_pair,physical_clockwise,0,same_physical_actions,"{""1"":""werewolf"",""2"":""seer"",""3"":""hunter"",""4"":""werewolf"",""5"":""witch"",""6"":""villager"",""7"":""villager"",""8"":""werewolf"",""9"":""villager"",""10"":""villager""}","{""1"":1,""2"":2,""3"":3,""4"":4,""5"":5,""6"":6,""7"":7,""8"":8,""9"":9,""10"":10}",same_action_reference_seed_46_base_117_physical_clockwise,56,56,56,1,1,1,1,1,,,,none,,,,,,,,,wolf,0,1,4,2,1,4,0,1,1
supplied_action_replay,same_action_seed_46_base_118,same_action_seed_46_base_118,46,118,reference_replay_pair,physical_clockwise,0,same_physical_actions,"{""1"":""werewolf"",""2"":""villager"",""3"":""seer"",""4"":""villager"",""5"":""villager"",""6"":""werewolf"",""7"":""witch"",""8"":""hunter"",""9"":""villager"",""10"":""werewolf""}","{""1"":1,""2"":2,""3"":3,""4"":4,""5"":5,""6"":6,""7"":7,""8"":8,""9"":9,""10"":10}",same_action_reference_seed_46_base_118_physical_clockwise,56,56,56,1,1,1,1,1,,,,none,,,,,,,,,village,1,0,4,3,0,2,0,1,1
supplied_action_replay,same_action_seed_46_base_119,same_action_seed_46_base_119,46,119,reference_replay_pair,physical_clockwise,0,same_physical_actions,"{""1"":""werewolf"",""2"":""werewolf"",""3"":""villager"",""4"":""werewolf"",""5"":""villager"",""6"":""seer"",""7"":""witch"",""8"":""hunter"",""9"":""villager"",""10"":""villager""}","{""1"":1,""2"":2,""3"":3,""4"":4,""5"":5,""6"":6,""7"":7,""8"":8,""9"":9,""10"":10}",same_action_reference_seed_46_base_119_physical_clockwise,55,55,55,1,1,1,1,1,,,,none,,,,,,,,,village,1,0,3,6,0,1,0,0,0
supplied_action_replay,same_action_seed_46_base_120,same_action_seed_46_base_120,46,120,reference_replay_pair,physical_clockwise,0,same_physical_actions,"{""1"":""hunter"",""2"":""villager"",""3"":""werewolf"",""4"":""werewolf"",""5"":""villager"",""6"":""werewolf"",""7"":""witch"",""8"":""villager"",""9"":""seer"",""10"":""villager""}","{""1"":1,""2"":2,""3"":3,""4"":4,""5"":5,""6"":6,""7"":7,""8"":8,""9"":9,""10"":10}",same_action_reference_seed_46_base_120_physical_clockwise,59,59,59,1,1,1,1,1,,,,none,,,,,,,,,village,1,0,4,9,0,3,0,0,0
supplied_action_replay,same_action_seed_46_base_121,same_action_seed_46_base_121,46,121,reference_replay_pair,physical_clockwise,0,same_physical_actions,"{""1"":""werewolf"",""2"":""villager"",""3"":""seer"",""4"":""villager"",""5"":""hunter"",""6"":""witch"",""7"":""werewolf"",""8"":""werewolf"",""9"":""villager"",""10"":""villager""}","{""1"":1,""2"":2,""3"":3,""4"":4,""5"":5,""6"":6,""7"":7,""8"":8,""9"":9,""10"":10}",same_action_reference_seed_46_base_121_physical_clockwise,64,64,64,1,1,1,1,1,,,,none,,,,,,,,,wolf,0,1,4,3,0,4,0,0,0
supplied_action_replay,same_action_seed_46_base_122,same_action_seed_46_base_122,46,122,reference_replay_pair,physical_clockwise,0,same_physical_actions,"{""1"":""werewolf"",""2"":""witch"",""3"":""villager"",""4"":""villager"",""5"":""villager"",""6"":""werewolf"",""7"":""seer"",""8"":""villager"",""9"":""hunter"",""10"":""werewolf""}","{""1"":1,""2"":2,""3"":3,""4"":4,""5"":5,""6"":6,""7"":7,""8"":8,""9"":9,""10"":10}",same_action_reference_seed_46_base_122_physical_clockwise,58,58,58,1,1,1,1,1,,,,none,,,,,,,,,village,1,0,4,7,1,4,0,0,1
supplied_action_replay,same_action_seed_46_base_123,same_action_seed_46_base_123,46,123,reference_replay_pair,physical_clockwise,0,same_physical_actions,"{""1"":""witch"",""2"":""hunter"",""3"":""villager"",""4"":""villager"",""5"":""villager"",""6"":""werewolf"",""7"":""werewolf"",""8"":""seer"",""9"":""werewolf"",""10"":""villager""}","{""1"":1,""2"":2,""3"":3,""4"":4,""5"":5,""6"":6,""7"":7,""8"":8,""9"":9,""10"":10}",same_action_reference_seed_46_base_123_physical_clockwise,56,56,56,1,1,1,1,1,,,,none,,,,,,,,,wolf,0,1,3,8,0,2,1,1,1
supplied_action_replay,same_action_seed_46_base_124,same_action_seed_46_base_124,46,124,reference_replay_pair,physical_clockwise,0,same_physical_actions,"{""1"":""villager"",""2"":""hunter"",""3"":""werewolf"",""4"":""werewolf"",""5"":""werewolf"",""6"":""villager"",""7"":""villager"",""8"":""villager"",""9"":""witch"",""10"":""seer""}","{""1"":1,""2"":2,""3"":3,""4"":4,""5"":5,""6"":6,""7"":7,""8"":8,""9"":9,""10"":10}",same_action_reference_seed_46_base_124_physical_clockwise,64,64,64,1,1,1,1,1,,,,none,,,,,,,,,village,1,0,4,10,1,4,0,0,1
supplied_action_replay,same_action_seed_46_base_125,same_action_seed_46_base_125,46,125,reference_replay_pair,physical_clockwise,0,same_physical_actions,"{""1"":""hunter"",""2"":""villager"",""3"":""werewolf"",""4"":""werewolf"",""5"":""villager"",""6"":""seer"",""7"":""villager"",""8"":""werewolf"",""9"":""witch"",""10"":""villager""}","{""1"":1,""2"":2,""3"":3,""4"":4,""5"":5,""6"":6,""7"":7,""8"":8,""9"":9,""10"":10}",same_action_reference_seed_46_base_125_physical_clockwise,55,55,55,1,1,1,1,1,,,,none,,,,,,,,,wolf,0,1,4,6,0,3,0,1,1
supplied_action_replay,same_action_seed_46_base_126,same_action_seed_46_base_126,46,126,reference_replay_pair,physical_clockwise,0,same_physical_actions,"{""1"":""witch"",""2"":""werewolf"",""3"":""werewolf"",""4"":""hunter"",""5"":""villager"",""6"":""villager"",""7"":""villager"",""8"":""werewolf"",""9"":""villager"",""10"":""seer""}","{""1"":1,""2"":2,""3"":3,""4"":4,""5"":5,""6"":6,""7"":7,""8"":8,""9"":9,""10"":10}",same_action_reference_seed_46_base_126_physical_clockwise,62,62,62,1,1,1,1,1,,,,none,,,,,,,,,wolf,0,1,4,10,0,2,0,1,1
supplied_action_replay,same_action_seed_46_base_127,same_action_seed_46_base_127,46,127,reference_replay_pair,physical_clockwise,0,same_physical_actions,"{""1"":""witch"",""2"":""seer"",""3"":""werewolf"",""4"":""hunter"",""5"":""werewolf"",""6"":""villager"",""7"":""villager"",""8"":""villager"",""9"":""villager"",""10"":""werewolf""}","{""1"":1,""2"":2,""3"":3,""4"":4,""5"":5,""6"":6,""7"":7,""8"":8,""9"":9,""10"":10}",same_action_reference_seed_46_base_127_physical_clockwise,69,69,69,1,1,1,1,1,,,,none,,,,,,,,,village,1,0,4,2,1,4,1,1,1
supplied_action_replay,same_action_seed_46_base_128,same_action_seed_46_base_128,46,128,reference_replay_pair,physical_clockwise,0,same_physical_actions,"{""1"":""villager"",""2"":""werewolf"",""3"":""villager"",""4"":""werewolf"",""5"":""hunter"",""6"":""witch"",""7"":""werewolf"",""8"":""villager"",""9"":""seer"",""10"":""villager""}","{""1"":1,""2"":2,""3"":3,""4"":4,""5"":5,""6"":6,""7"":7,""8"":8,""9"":9,""10"":10}",same_action_reference_seed_46_base_128_physical_clockwise,64,64,64,1,1,1,1,1,,,,none,,,,,,,,,village,1,0,4,9,0,2,0,0,0
supplied_action_replay,same_action_seed_46_base_129,same_action_seed_46_base_129,46,129,reference_replay_pair,physical_clockwise,0,same_physical_actions,"{""1"":""villager"",""2"":""werewolf"",""3"":""villager"",""4"":""seer"",""5"":""werewolf"",""6"":""villager"",""7"":""witch"",""8"":""werewolf"",""9"":""villager"",""10"":""hunter""}","{""1"":1,""2"":2,""3"":3,""4"":4,""5"":5,""6"":6,""7"":7,""8"":8,""9"":9,""10"":10}",same_action_reference_seed_46_base_129_physical_clockwise,50,50,50,1,1,1,1,1,,,,none,,,,,,,,,wolf,0,1,4,4,0,2,1,1,1
supplied_action_replay,same_action_seed_46_base_130,same_action_seed_46_base_130,46,130,reference_replay_pair,physical_clockwise,0,same_physical_actions,"{""1"":""werewolf"",""2"":""seer"",""3"":""villager"",""4"":""werewolf"",""5"":""villager"",""6"":""villager"",""7"":""hunter"",""8"":""werewolf"",""9"":""villager"",""10"":""witch""}","{""1"":1,""2"":2,""3"":3,""4"":4,""5"":5,""6"":6,""7"":7,""8"":8,""9"":9,""10"":10}",same_action_reference_seed_46_base_130_physical_clockwise,54,54,54,1,1,1,1,1,,,,none,,,,,,,,,village,1,0,3,2,1,3,0,1,1
supplied_action_replay,same_action_seed_46_base_131,same_action_seed_46_base_131,46,131,reference_replay_pair,physical_clockwise,0,same_physical_actions,"{""1"":""hunter"",""2"":""villager"",""3"":""witch"",""4"":""seer"",""5"":""villager"",""6"":""villager"",""7"":""werewolf"",""8"":""villager"",""9"":""werewolf"",""10"":""werewolf""}","{""1"":1,""2"":2,""3"":3,""4"":4,""5"":5,""6"":6,""7"":7,""8"":8,""9"":9,""10"":10}",same_action_reference_seed_46_base_131_physical_clockwise,42,42,42,1,1,1,1,1,,,,none,,,,,,,,,wolf,0,1,2,4,0,2,0,0,0
supplied_action_replay,same_action_seed_46_base_132,same_action_seed_46_base_132,46,132,reference_replay_pair,physical_clockwise,0,same_physical_actions,"{""1"":""werewolf"",""2"":""werewolf"",""3"":""hunter"",""4"":""villager"",""5"":""seer"",""6"":""villager"",""7"":""villager"",""8"":""werewolf"",""9"":""witch"",""10"":""villager""}","{""1"":1,""2"":2,""3"":3,""4"":4,""5"":5,""6"":6,""7"":7,""8"":8,""9"":9,""10"":10}",same_action_reference_seed_46_base_132_physical_clockwise,58,58,58,1,1,1,1,1,,,,none,,,,,,,,,village,1,0,3,5,1,3,0,0,1
supplied_action_replay,same_action_seed_46_base_133,same_action_seed_46_base_133,46,133,reference_replay_pair,physical_clockwise,0,same_physical_actions,"{""1"":""villager"",""2"":""werewolf"",""3"":""werewolf"",""4"":""seer"",""5"":""villager"",""6"":""villager"",""7"":""werewolf"",""8"":""hunter"",""9"":""villager"",""10"":""witch""}","{""1"":1,""2"":2,""3"":3,""4"":4,""5"":5,""6"":6,""7"":7,""8"":8,""9"":9,""10"":10}",same_action_reference_seed_46_base_133_physical_clockwise,66,66,66,1,1,1,1,1,,,,none,,,,,,,,,wolf,0,1,4,4,0,4,0,0,1
supplied_action_replay,same_action_seed_46_base_134,same_action_seed_46_base_134,46,134,reference_replay_pair,physical_clockwise,0,same_physical_actions,"{""1"":""werewolf"",""2"":""werewolf"",""3"":""werewolf"",""4"":""villager"",""5"":""villager"",""6"":""villager"",""7"":""hunter"",""8"":""seer"",""9"":""witch"",""10"":""villager""}","{""1"":1,""2"":2,""3"":3,""4"":4,""5"":5,""6"":6,""7"":7,""8"":8,""9"":9,""10"":10}",same_action_reference_seed_46_base_134_physical_clockwise,44,44,44,1,1,1,1,1,,,,none,,,,,,,,,wolf,0,1,3,8,0,2,0,0,0
supplied_action_replay,same_action_seed_46_base_135,same_action_seed_46_base_135,46,135,reference_replay_pair,physical_clockwise,0,same_physical_actions,"{""1"":""hunter"",""2"":""seer"",""3"":""villager"",""4"":""werewolf"",""5"":""werewolf"",""6"":""werewolf"",""7"":""witch"",""8"":""villager"",""9"":""villager"",""10"":""villager""}","{""1"":1,""2"":2,""3"":3,""4"":4,""5"":5,""6"":6,""7"":7,""8"":8,""9"":9,""10"":10}",same_action_reference_seed_46_base_135_physical_clockwise,54,54,54,1,1,1,1,1,,,,none,,,,,,,,,wolf,0,1,3,2,0,2,0,1,1
supplied_action_replay,same_action_seed_46_base_136,same_action_seed_46_base_136,46,136,reference_replay_pair,physical_clockwise,0,same_physical_actions,"{""1"":""villager"",""2"":""hunter"",""3"":""werewolf"",""4"":""seer"",""5"":""villager"",""6"":""witch"",""7"":""werewolf"",""8"":""werewolf"",""9"":""villager"",""10"":""villager""}","{""1"":1,""2"":2,""3"":3,""4"":4,""5"":5,""6"":6,""7"":7,""8"":8,""9"":9,""10"":10}",same_action_reference_seed_46_base_136_physical_clockwise,58,58,58,1,1,1,1,1,,,,none,,,,,,,,,wolf,0,1,4,4,0,2,0,0,0
supplied_action_replay,same_action_seed_46_base_137,same_action_seed_46_base_137,46,137,reference_replay_pair,physical_clockwise,0,same_physical_actions,"{""1"":""villager"",""2"":""villager"",""3"":""werewolf"",""4"":""villager"",""5"":""werewolf"",""6"":""hunter"",""7"":""werewolf"",""8"":""witch"",""9"":""seer"",""10"":""villager""}","{""1"":1,""2"":2,""3"":3,""4"":4,""5"":5,""6"":6,""7"":7,""8"":8,""9"":9,""10"":10}",same_action_reference_seed_46_base_137_physical_clockwise,54,54,54,1,1,1,1,1,,,,none,,,,,,,,,wolf,0,1,3,9,0,2,0,0,0
supplied_action_replay,same_action_seed_46_base_138,same_action_seed_46_base_138,46,138,reference_replay_pair,physical_clockwise,0,same_physical_actions,"{""1"":""witch"",""2"":""villager"",""3"":""werewolf"",""4"":""villager"",""5"":""villager"",""6"":""werewolf"",""7"":""hunter"",""8"":""villager"",""9"":""werewolf"",""10"":""seer""}","{""1"":1,""2"":2,""3"":3,""4"":4,""5"":5,""6"":6,""7"":7,""8"":8,""9"":9,""10"":10}",same_action_reference_seed_46_base_138_physical_clockwise,53,53,53,1,1,1,1,1,,,,none,,,,,,,,,village,1,0,3,10,0,2,0,0,0
supplied_action_replay,same_action_seed_46_base_139,same_action_seed_46_base_139,46,139,reference_replay_pair,physical_clockwise,0,same_physical_actions,"{""1"":""villager"",""2"":""hunter"",""3"":""witch"",""4"":""villager"",""5"":""villager"",""6"":""werewolf"",""7"":""villager"",""8"":""seer"",""9"":""werewolf"",""10"":""werewolf""}","{""1"":1,""2"":2,""3"":3,""4"":4,""5"":5,""6"":6,""7"":7,""8"":8,""9"":9,""10"":10}",same_action_reference_seed_46_base_139_physical_clockwise,60,60,60,1,1,1,1,1,,,,none,,,,,,,,,village,1,0,4,8,0,4,1,1,1
supplied_action_replay,same_action_seed_46_base_140,same_action_seed_46_base_140,46,140,reference_replay_pair,physical_clockwise,0,same_physical_actions,"{""1"":""witch"",""2"":""villager"",""3"":""seer"",""4"":""villager"",""5"":""werewolf"",""6"":""hunter"",""7"":""werewolf"",""8"":""villager"",""9"":""werewolf"",""10"":""villager""}","{""1"":1,""2"":2,""3"":3,""4"":4,""5"":5,""6"":6,""7"":7,""8"":8,""9"":9,""10"":10}",same_action_reference_seed_46_base_140_physical_clockwise,57,57,57,1,1,1,1,1,,,,none,,,,,,,,,wolf,0,1,4,3,0,3,0,1,1
supplied_action_replay,same_action_seed_46_base_141,same_action_seed_46_base_141,46,141,reference_replay_pair,physical_clockwise,0,same_physical_actions,"{""1"":""seer"",""2"":""villager"",""3"":""werewolf"",""4"":""werewolf"",""5"":""villager"",""6"":""werewolf"",""7"":""hunter"",""8"":""witch"",""9"":""villager"",""10"":""villager""}","{""1"":1,""2"":2,""3"":3,""4"":4,""5"":5,""6"":6,""7"":7,""8"":8,""9"":9,""10"":10}",same_action_reference_seed_46_base_141_physical_clockwise,54,54,54,1,1,1,1,1,,,,none,,,,,,,,,wolf,0,1,3,1,0,2,0,1,1
supplied_action_replay,same_action_seed_46_base_142,same_action_seed_46_base_142,46,142,reference_replay_pair,physical_clockwise,0,same_physical_actions,"{""1"":""villager"",""2"":""witch"",""3"":""werewolf"",""4"":""werewolf"",""5"":""villager"",""6"":""werewolf"",""7"":""seer"",""8"":""villager"",""9"":""hunter"",""10"":""villager""}","{""1"":1,""2"":2,""3"":3,""4"":4,""5"":5,""6"":6,""7"":7,""8"":8,""9"":9,""10"":10}",same_action_reference_seed_46_base_142_physical_clockwise,43,43,43,1,1,1,1,1,,,,none,,,,,,,,,wolf,0,1,3,7,1,3,0,0,0
supplied_action_replay,same_action_seed_46_base_143,same_action_seed_46_base_143,46,143,reference_replay_pair,physical_clockwise,0,same_physical_actions,"{""1"":""villager"",""2"":""hunter"",""3"":""villager"",""4"":""werewolf"",""5"":""seer"",""6"":""villager"",""7"":""werewolf"",""8"":""werewolf"",""9"":""villager"",""10"":""witch""}","{""1"":1,""2"":2,""3"":3,""4"":4,""5"":5,""6"":6,""7"":7,""8"":8,""9"":9,""10"":10}",same_action_reference_seed_46_base_143_physical_clockwise,66,66,66,1,1,1,1,1,,,,none,,,,,,,,,wolf,0,1,4,5,0,4,0,1,1
supplied_action_replay,same_action_seed_46_base_144,same_action_seed_46_base_144,46,144,reference_replay_pair,physical_clockwise,0,same_physical_actions,"{""1"":""villager"",""2"":""werewolf"",""3"":""werewolf"",""4"":""werewolf"",""5"":""villager"",""6"":""seer"",""7"":""hunter"",""8"":""villager"",""9"":""villager"",""10"":""witch""}","{""1"":1,""2"":2,""3"":3,""4"":4,""5"":5,""6"":6,""7"":7,""8"":8,""9"":9,""10"":10}",same_action_reference_seed_46_base_144_physical_clockwise,54,54,54,1,1,1,1,1,,,,none,,,,,,,,,wolf,0,1,3,6,0,2,0,0,0
supplied_action_replay,same_action_seed_46_base_145,same_action_seed_46_base_145,46,145,reference_replay_pair,physical_clockwise,0,same_physical_actions,"{""1"":""werewolf"",""2"":""seer"",""3"":""villager"",""4"":""villager"",""5"":""werewolf"",""6"":""villager"",""7"":""villager"",""8"":""werewolf"",""9"":""witch"",""10"":""hunter""}","{""1"":1,""2"":2,""3"":3,""4"":4,""5"":5,""6"":6,""7"":7,""8"":8,""9"":9,""10"":10}",same_action_reference_seed_46_base_145_physical_clockwise,50,50,50,1,1,1,1,1,,,,none,,,,,,,,,wolf,0,1,3,2,0,2,0,1,1
supplied_action_replay,same_action_seed_46_base_146,same_action_seed_46_base_146,46,146,reference_replay_pair,physical_clockwise,0,same_physical_actions,"{""1"":""villager"",""2"":""villager"",""3"":""werewolf"",""4"":""hunter"",""5"":""werewolf"",""6"":""witch"",""7"":""villager"",""8"":""seer"",""9"":""werewolf"",""10"":""villager""}","{""1"":1,""2"":2,""3"":3,""4"":4,""5"":5,""6"":6,""7"":7,""8"":8,""9"":9,""10"":10}",same_action_reference_seed_46_base_146_physical_clockwise,66,66,66,1,1,1,1,1,,,,none,,,,,,,,,village,1,0,4,8,0,4,1,1,1
supplied_action_replay,same_action_seed_46_base_147,same_action_seed_46_base_147,46,147,reference_replay_pair,physical_clockwise,0,same_physical_actions,"{""1"":""witch"",""2"":""villager"",""3"":""werewolf"",""4"":""villager"",""5"":""werewolf"",""6"":""werewolf"",""7"":""villager"",""8"":""villager"",""9"":""hunter"",""10"":""seer""}","{""1"":1,""2"":2,""3"":3,""4"":4,""5"":5,""6"":6,""7"":7,""8"":8,""9"":9,""10"":10}",same_action_reference_seed_46_base_147_physical_clockwise,63,63,63,1,1,1,1,1,,,,none,,,,,,,,,wolf,0,1,4,10,0,3,0,0,1
supplied_action_replay,same_action_seed_46_base_148,same_action_seed_46_base_148,46,148,reference_replay_pair,physical_clockwise,0,same_physical_actions,"{""1"":""seer"",""2"":""hunter"",""3"":""villager"",""4"":""werewolf"",""5"":""villager"",""6"":""werewolf"",""7"":""villager"",""8"":""villager"",""9"":""werewolf"",""10"":""witch""}","{""1"":1,""2"":2,""3"":3,""4"":4,""5"":5,""6"":6,""7"":7,""8"":8,""9"":9,""10"":10}",same_action_reference_seed_46_base_148_physical_clockwise,57,57,57,1,1,1,1,1,,,,none,,,,,,,,,wolf,0,1,4,1,0,3,0,1,1
supplied_action_replay,same_action_seed_46_base_149,same_action_seed_46_base_149,46,149,reference_replay_pair,physical_clockwise,0,same_physical_actions,"{""1"":""villager"",""2"":""werewolf"",""3"":""villager"",""4"":""villager"",""5"":""werewolf"",""6"":""seer"",""7"":""werewolf"",""8"":""witch"",""9"":""hunter"",""10"":""villager""}","{""1"":1,""2"":2,""3"":3,""4"":4,""5"":5,""6"":6,""7"":7,""8"":8,""9"":9,""10"":10}",same_action_reference_seed_46_base_149_physical_clockwise,58,58,58,1,1,1,1,1,,,,none,,,,,,,,,wolf,0,1,4,6,0,2,1,1,1
supplied_action_replay,same_action_seed_46_base_150,same_action_seed_46_base_150,46,150,reference_replay_pair,physical_clockwise,0,same_physical_actions,"{""1"":""werewolf"",""2"":""villager"",""3"":""villager"",""4"":""villager"",""5"":""witch"",""6"":""werewolf"",""7"":""hunter"",""8"":""werewolf"",""9"":""villager"",""10"":""seer""}","{""1"":1,""2"":2,""3"":3,""4"":4,""5"":5,""6"":6,""7"":7,""8"":8,""9"":9,""10"":10}",same_action_reference_seed_46_base_150_physical_clockwise,49,49,49,1,1,1,1,1,,,,none,,,,,,,,,village,1,0,3,10,0,2,1,1,1
supplied_action_replay,same_action_seed_46_base_151,same_action_seed_46_base_151,46,151,reference_replay_pair,physical_clockwise,0,same_physical_actions,"{""1"":""werewolf"",""2"":""seer"",""3"":""witch"",""4"":""hunter"",""5"":""villager"",""6"":""werewolf"",""7"":""werewolf"",""8"":""villager"",""9"":""villager"",""10"":""villager""}","{""1"":1,""2"":2,""3"":3,""4"":4,""5"":5,""6"":6,""7"":7,""8"":8,""9"":9,""10"":10}",same_action_reference_seed_46_base_151_physical_clockwise,22,22,22,1,1,1,1,1,,,,none,,,,,,,,,wolf,0,1,2,2,1,2,0,1,1
supplied_action_replay,same_action_seed_46_base_152,same_action_seed_46_base_152,46,152,reference_replay_pair,physical_clockwise,0,same_physical_actions,"{""1"":""werewolf"",""2"":""villager"",""3"":""villager"",""4"":""hunter"",""5"":""seer"",""6"":""villager"",""7"":""villager"",""8"":""werewolf"",""9"":""witch"",""10"":""werewolf""}","{""1"":1,""2"":2,""3"":3,""4"":4,""5"":5,""6"":6,""7"":7,""8"":8,""9"":9,""10"":10}",same_action_reference_seed_46_base_152_physical_clockwise,59,59,59,1,1,1,1,1,,,,none,,,,,,,,,wolf,0,1,4,5,0,3,0,0,1
supplied_action_replay,same_action_seed_46_base_153,same_action_seed_46_base_153,46,153,reference_replay_pair,physical_clockwise,0,same_physical_actions,"{""1"":""villager"",""2"":""villager"",""3"":""werewolf"",""4"":""villager"",""5"":""werewolf"",""6"":""werewolf"",""7"":""villager"",""8"":""hunter"",""9"":""witch"",""10"":""seer""}","{""1"":1,""2"":2,""3"":3,""4"":4,""5"":5,""6"":6,""7"":7,""8"":8,""9"":9,""10"":10}",same_action_reference_seed_46_base_153_physical_clockwise,66,66,66,1,1,1,1,1,,,,none,,,,,,,,,village,1,0,4,10,1,4,0,0,1
supplied_action_replay,same_action_seed_46_base_154,same_action_seed_46_base_154,46,154,reference_replay_pair,physical_clockwise,0,same_physical_actions,"{""1"":""villager"",""2"":""werewolf"",""3"":""seer"",""4"":""villager"",""5"":""werewolf"",""6"":""villager"",""7"":""hunter"",""8"":""villager"",""9"":""witch"",""10"":""werewolf""}","{""1"":1,""2"":2,""3"":3,""4"":4,""5"":5,""6"":6,""7"":7,""8"":8,""9"":9,""10"":10}",same_action_reference_seed_46_base_154_physical_clockwise,53,53,53,1,1,1,1,1,,,,none,,,,,,,,,wolf,0,1,3,3,0,1,0,0,0
supplied_action_replay,same_action_seed_46_base_155,same_action_seed_46_base_155,46,155,reference_replay_pair,physical_clockwise,0,same_physical_actions,"{""1"":""hunter"",""2"":""werewolf"",""3"":""villager"",""4"":""villager"",""5"":""werewolf"",""6"":""witch"",""7"":""villager"",""8"":""villager"",""9"":""seer"",""10"":""werewolf""}","{""1"":1,""2"":2,""3"":3,""4"":4,""5"":5,""6"":6,""7"":7,""8"":8,""9"":9,""10"":10}",same_action_reference_seed_46_base_155_physical_clockwise,68,68,68,1,1,1,1,1,,,,none,,,,,,,,,wolf,0,1,5,9,0,2,1,1,1
supplied_action_replay,same_action_seed_46_base_156,same_action_seed_46_base_156,46,156,reference_replay_pair,physical_clockwise,0,same_physical_actions,"{""1"":""werewolf"",""2"":""werewolf"",""3"":""hunter"",""4"":""villager"",""5"":""werewolf"",""6"":""villager"",""7"":""witch"",""8"":""villager"",""9"":""seer"",""10"":""villager""}","{""1"":1,""2"":2,""3"":3,""4"":4,""5"":5,""6"":6,""7"":7,""8"":8,""9"":9,""10"":10}",same_action_reference_seed_46_base_156_physical_clockwise,22,22,22,1,1,1,1,1,,,,none,,,,,,,,,wolf,0,1,2,9,0,2,0,1,1
supplied_action_replay,same_action_seed_46_base_157,same_action_seed_46_base_157,46,157,reference_replay_pair,physical_clockwise,0,same_physical_actions,"{""1"":""witch"",""2"":""werewolf"",""3"":""villager"",""4"":""seer"",""5"":""hunter"",""6"":""villager"",""7"":""werewolf"",""8"":""villager"",""9"":""werewolf"",""10"":""villager""}","{""1"":1,""2"":2,""3"":3,""4"":4,""5"":5,""6"":6,""7"":7,""8"":8,""9"":9,""10"":10}",same_action_reference_seed_46_base_157_physical_clockwise,56,56,56,1,1,1,1,1,,,,none,,,,,,,,,wolf,0,1,4,4,0,2,0,1,1
supplied_action_replay,same_action_seed_46_base_158,same_action_seed_46_base_158,46,158,reference_replay_pair,physical_clockwise,0,same_physical_actions,"{""1"":""villager"",""2"":""werewolf"",""3"":""seer"",""4"":""villager"",""5"":""werewolf"",""6"":""werewolf"",""7"":""villager"",""8"":""witch"",""9"":""hunter"",""10"":""villager""}","{""1"":1,""2"":2,""3"":3,""4"":4,""5"":5,""6"":6,""7"":7,""8"":8,""9"":9,""10"":10}",same_action_reference_seed_46_base_158_physical_clockwise,54,54,54,1,1,1,1,1,,,,none,,,,,,,,,village,1,0,3,3,1,3,0,1,1
supplied_action_replay,same_action_seed_46_base_159,same_action_seed_46_base_159,46,159,reference_replay_pair,physical_clockwise,0,same_physical_actions,"{""1"":""werewolf"",""2"":""seer"",""3"":""villager"",""4"":""villager"",""5"":""werewolf"",""6"":""villager"",""7"":""werewolf"",""8"":""villager"",""9"":""witch"",""10"":""hunter""}","{""1"":1,""2"":2,""3"":3,""4"":4,""5"":5,""6"":6,""7"":7,""8"":8,""9"":9,""10"":10}",same_action_reference_seed_46_base_159_physical_clockwise,24,24,24,1,1,1,1,1,,,,none,,,,,,,,,wolf,0,1,2,2,0,2,0,0,0
supplied_action_replay,same_action_seed_46_base_160,same_action_seed_46_base_160,46,160,reference_replay_pair,physical_clockwise,0,same_physical_actions,"{""1"":""witch"",""2"":""werewolf"",""3"":""werewolf"",""4"":""werewolf"",""5"":""hunter"",""6"":""seer"",""7"":""villager"",""8"":""villager"",""9"":""villager"",""10"":""villager""}","{""1"":1,""2"":2,""3"":3,""4"":4,""5"":5,""6"":6,""7"":7,""8"":8,""9"":9,""10"":10}",same_action_reference_seed_46_base_160_physical_clockwise,68,68,68,1,1,1,1,1,,,,none,,,,,,,,,wolf,0,1,5,6,0,2,0,0,0
supplied_action_replay,same_action_seed_46_base_161,same_action_seed_46_base_161,46,161,reference_replay_pair,physical_clockwise,0,same_physical_actions,"{""1"":""werewolf"",""2"":""villager"",""3"":""hunter"",""4"":""villager"",""5"":""villager"",""6"":""seer"",""7"":""villager"",""8"":""werewolf"",""9"":""werewolf"",""10"":""witch""}","{""1"":1,""2"":2,""3"":3,""4"":4,""5"":5,""6"":6,""7"":7,""8"":8,""9"":9,""10"":10}",same_action_reference_seed_46_base_161_physical_clockwise,69,69,69,1,1,1,1,1,,,,none,,,,,,,,,village,1,0,4,6,1,4,0,1,1
supplied_action_replay,same_action_seed_46_base_162,same_action_seed_46_base_162,46,162,reference_replay_pair,physical_clockwise,0,same_physical_actions,"{""1"":""werewolf"",""2"":""werewolf"",""3"":""villager"",""4"":""villager"",""5"":""werewolf"",""6"":""villager"",""7"":""hunter"",""8"":""seer"",""9"":""witch"",""10"":""villager""}","{""1"":1,""2"":2,""3"":3,""4"":4,""5"":5,""6"":6,""7"":7,""8"":8,""9"":9,""10"":10}",same_action_reference_seed_46_base_162_physical_clockwise,50,50,50,1,1,1,1,1,,,,none,,,,,,,,,village,1,0,3,8,0,3,0,0,1
supplied_action_replay,same_action_seed_46_base_163,same_action_seed_46_base_163,46,163,reference_replay_pair,physical_clockwise,0,same_physical_actions,"{""1"":""werewolf"",""2"":""villager"",""3"":""seer"",""4"":""werewolf"",""5"":""villager"",""6"":""werewolf"",""7"":""villager"",""8"":""villager"",""9"":""witch"",""10"":""hunter""}","{""1"":1,""2"":2,""3"":3,""4"":4,""5"":5,""6"":6,""7"":7,""8"":8,""9"":9,""10"":10}",same_action_reference_seed_46_base_163_physical_clockwise,57,57,57,1,1,1,1,1,,,,none,,,,,,,,,wolf,0,1,4,3,0,1,1,1,1
supplied_action_replay,same_action_seed_46_base_164,same_action_seed_46_base_164,46,164,reference_replay_pair,physical_clockwise,0,same_physical_actions,"{""1"":""werewolf"",""2"":""villager"",""3"":""werewolf"",""4"":""villager"",""5"":""witch"",""6"":""seer"",""7"":""werewolf"",""8"":""villager"",""9"":""villager"",""10"":""hunter""}","{""1"":1,""2"":2,""3"":3,""4"":4,""5"":5,""6"":6,""7"":7,""8"":8,""9"":9,""10"":10}",same_action_reference_seed_46_base_164_physical_clockwise,41,41,41,1,1,1,1,1,,,,none,,,,,,,,,wolf,0,1,3,6,0,3,1,1,1
supplied_action_replay,same_action_seed_46_base_165,same_action_seed_46_base_165,46,165,reference_replay_pair,physical_clockwise,0,same_physical_actions,"{""1"":""villager"",""2"":""werewolf"",""3"":""villager"",""4"":""seer"",""5"":""werewolf"",""6"":""hunter"",""7"":""villager"",""8"":""villager"",""9"":""werewolf"",""10"":""witch""}","{""1"":1,""2"":2,""3"":3,""4"":4,""5"":5,""6"":6,""7"":7,""8"":8,""9"":9,""10"":10}",same_action_reference_seed_46_base_165_physical_clockwise,58,58,58,1,1,1,1,1,,,,none,,,,,,,,,village,1,0,4,4,0,2,1,1,1
supplied_action_replay,same_action_seed_46_base_166,same_action_seed_46_base_166,46,166,reference_replay_pair,physical_clockwise,0,same_physical_actions,"{""1"":""seer"",""2"":""werewolf"",""3"":""hunter"",""4"":""villager"",""5"":""villager"",""6"":""werewolf"",""7"":""villager"",""8"":""witch"",""9"":""villager"",""10"":""werewolf""}","{""1"":1,""2"":2,""3"":3,""4"":4,""5"":5,""6"":6,""7"":7,""8"":8,""9"":9,""10"":10}",same_action_reference_seed_46_base_166_physical_clockwise,57,57,57,1,1,1,1,1,,,,none,,,,,,,,,village,1,0,3,1,0,3,1,1,1
supplied_action_replay,same_action_seed_46_base_167,same_action_seed_46_base_167,46,167,reference_replay_pair,physical_clockwise,0,same_physical_actions,"{""1"":""villager"",""2"":""werewolf"",""3"":""villager"",""4"":""villager"",""5"":""seer"",""6"":""werewolf"",""7"":""werewolf"",""8"":""villager"",""9"":""hunter"",""10"":""witch""}","{""1"":1,""2"":2,""3"":3,""4"":4,""5"":5,""6"":6,""7"":7,""8"":8,""9"":9,""10"":10}",same_action_reference_seed_46_base_167_physical_clockwise,69,69,69,1,1,1,1,1,,,,none,,,,,,,,,village,1,0,4,5,0,4,1,1,1
supplied_action_replay,same_action_seed_46_base_168,same_action_seed_46_base_168,46,168,reference_replay_pair,physical_clockwise,0,same_physical_actions,"{""1"":""seer"",""2"":""villager"",""3"":""werewolf"",""4"":""villager"",""5"":""villager"",""6"":""hunter"",""7"":""witch"",""8"":""werewolf"",""9"":""villager"",""10"":""werewolf""}","{""1"":1,""2"":2,""3"":3,""4"":4,""5"":5,""6"":6,""7"":7,""8"":8,""9"":9,""10"":10}",same_action_reference_seed_46_base_168_physical_clockwise,54,54,54,1,1,1,1,1,,,,none,,,,,,,,,village,1,0,3,1,1,3,0,1,1
supplied_action_replay,same_action_seed_46_base_169,same_action_seed_46_base_169,46,169,reference_replay_pair,physical_clockwise,0,same_physical_actions,"{""1"":""werewolf"",""2"":""hunter"",""3"":""villager"",""4"":""villager"",""5"":""witch"",""6"":""villager"",""7"":""seer"",""8"":""werewolf"",""9"":""werewolf"",""10"":""villager""}","{""1"":1,""2"":2,""3"":3,""4"":4,""5"":5,""6"":6,""7"":7,""8"":8,""9"":9,""10"":10}",same_action_reference_seed_46_base_169_physical_clockwise,41,41,41,1,1,1,1,1,,,,none,,,,,,,,,village,1,0,3,7,1,3,1,1,1
supplied_action_replay,same_action_seed_46_base_170,same_action_seed_46_base_170,46,170,reference_replay_pair,physical_clockwise,0,same_physical_actions,"{""1"":""werewolf"",""2"":""villager"",""3"":""seer"",""4"":""villager"",""5"":""werewolf"",""6"":""witch"",""7"":""villager"",""8"":""villager"",""9"":""hunter"",""10"":""werewolf""}","{""1"":1,""2"":2,""3"":3,""4"":4,""5"":5,""6"":6,""7"":7,""8"":8,""9"":9,""10"":10}",same_action_reference_seed_46_base_170_physical_clockwise,55,55,55,1,1,1,1,1,,,,none,,,,,,,,,village,1,0,3,3,0,3,0,1,1
supplied_action_replay,same_action_seed_46_base_171,same_action_seed_46_base_171,46,171,reference_replay_pair,physical_clockwise,0,same_physical_actions,"{""1"":""villager"",""2"":""werewolf"",""3"":""villager"",""4"":""seer"",""5"":""villager"",""6"":""villager"",""7"":""hunter"",""8"":""witch"",""9"":""werewolf"",""10"":""werewolf""}","{""1"":1,""2"":2,""3"":3,""4"":4,""5"":5,""6"":6,""7"":7,""8"":8,""9"":9,""10"":10}",same_action_reference_seed_46_base_171_physical_clockwise,44,44,44,1,1,1,1,1,,,,none,,,,,,,,,wolf,0,1,3,4,0,2,0,0,0
supplied_action_replay,same_action_seed_46_base_172,same_action_seed_46_base_172,46,172,reference_replay_pair,physical_clockwise,0,same_physical_actions,"{""1"":""villager"",""2"":""villager"",""3"":""hunter"",""4"":""witch"",""5"":""werewolf"",""6"":""werewolf"",""7"":""villager"",""8"":""villager"",""9"":""seer"",""10"":""werewolf""}","{""1"":1,""2"":2,""3"":3,""4"":4,""5"":5,""6"":6,""7"":7,""8"":8,""9"":9,""10"":10}",same_action_reference_seed_46_base_172_physical_clockwise,61,61,61,1,1,1,1,1,,,,none,,,,,,,,,village,1,0,4,9,1,4,1,1,1
supplied_action_replay,same_action_seed_46_base_173,same_action_seed_46_base_173,46,173,reference_replay_pair,physical_clockwise,0,same_physical_actions,"{""1"":""werewolf"",""2"":""villager"",""3"":""seer"",""4"":""werewolf"",""5"":""hunter"",""6"":""witch"",""7"":""villager"",""8"":""werewolf"",""9"":""villager"",""10"":""villager""}","{""1"":1,""2"":2,""3"":3,""4"":4,""5"":5,""6"":6,""7"":7,""8"":8,""9"":9,""10"":10}",same_action_reference_seed_46_base_173_physical_clockwise,58,58,58,1,1,1,1,1,,,,none,,,,,,,,,wolf,0,1,4,3,0,2,1,1,1
supplied_action_replay,same_action_seed_46_base_174,same_action_seed_46_base_174,46,174,reference_replay_pair,physical_clockwise,0,same_physical_actions,"{""1"":""villager"",""2"":""villager"",""3"":""hunter"",""4"":""villager"",""5"":""villager"",""6"":""werewolf"",""7"":""witch"",""8"":""seer"",""9"":""werewolf"",""10"":""werewolf""}","{""1"":1,""2"":2,""3"":3,""4"":4,""5"":5,""6"":6,""7"":7,""8"":8,""9"":9,""10"":10}",same_action_reference_seed_46_base_174_physical_clockwise,54,54,54,1,1,1,1,1,,,,none,,,,,,,,,village,1,0,3,8,0,2,1,1,1
supplied_action_replay,same_action_seed_46_base_175,same_action_seed_46_base_175,46,175,reference_replay_pair,physical_clockwise,0,same_physical_actions,"{""1"":""hunter"",""2"":""werewolf"",""3"":""villager"",""4"":""seer"",""5"":""werewolf"",""6"":""villager"",""7"":""villager"",""8"":""witch"",""9"":""villager"",""10"":""werewolf""}","{""1"":1,""2"":2,""3"":3,""4"":4,""5"":5,""6"":6,""7"":7,""8"":8,""9"":9,""10"":10}",same_action_reference_seed_46_base_175_physical_clockwise,64,64,64,1,1,1,1,1,,,,none,,,,,,,,,wolf,0,1,4,4,0,4,1,1,1
supplied_action_replay,same_action_seed_46_base_176,same_action_seed_46_base_176,46,176,reference_replay_pair,physical_clockwise,0,same_physical_actions,"{""1"":""villager"",""2"":""werewolf"",""3"":""villager"",""4"":""werewolf"",""5"":""seer"",""6"":""witch"",""7"":""villager"",""8"":""hunter"",""9"":""villager"",""10"":""werewolf""}","{""1"":1,""2"":2,""3"":3,""4"":4,""5"":5,""6"":6,""7"":7,""8"":8,""9"":9,""10"":10}",same_action_reference_seed_46_base_176_physical_clockwise,59,59,59,1,1,1,1,1,,,,none,,,,,,,,,village,1,0,4,5,0,3,0,0,0
supplied_action_replay,same_action_seed_46_base_177,same_action_seed_46_base_177,46,177,reference_replay_pair,physical_clockwise,0,same_physical_actions,"{""1"":""werewolf"",""2"":""villager"",""3"":""seer"",""4"":""villager"",""5"":""witch"",""6"":""werewolf"",""7"":""hunter"",""8"":""villager"",""9"":""werewolf"",""10"":""villager""}","{""1"":1,""2"":2,""3"":3,""4"":4,""5"":5,""6"":6,""7"":7,""8"":8,""9"":9,""10"":10}",same_action_reference_seed_46_base_177_physical_clockwise,55,55,55,1,1,1,1,1,,,,none,,,,,,,,,wolf,0,1,4,3,0,1,0,0,0
supplied_action_replay,same_action_seed_46_base_178,same_action_seed_46_base_178,46,178,reference_replay_pair,physical_clockwise,0,same_physical_actions,"{""1"":""hunter"",""2"":""villager"",""3"":""werewolf"",""4"":""villager"",""5"":""werewolf"",""6"":""villager"",""7"":""witch"",""8"":""seer"",""9"":""werewolf"",""10"":""villager""}","{""1"":1,""2"":2,""3"":3,""4"":4,""5"":5,""6"":6,""7"":7,""8"":8,""9"":9,""10"":10}",same_action_reference_seed_46_base_178_physical_clockwise,49,49,49,1,1,1,1,1,,,,none,,,,,,,,,village,1,0,3,8,0,1,1,1,1
supplied_action_replay,same_action_seed_46_base_179,same_action_seed_46_base_179,46,179,reference_replay_pair,physical_clockwise,0,same_physical_actions,"{""1"":""werewolf"",""2"":""villager"",""3"":""seer"",""4"":""werewolf"",""5"":""hunter"",""6"":""villager"",""7"":""villager"",""8"":""villager"",""9"":""werewolf"",""10"":""witch""}","{""1"":1,""2"":2,""3"":3,""4"":4,""5"":5,""6"":6,""7"":7,""8"":8,""9"":9,""10"":10}",same_action_reference_seed_46_base_179_physical_clockwise,57,57,57,1,1,1,1,1,,,,none,,,,,,,,,wolf,0,1,3,3,1,3,1,1,1
supplied_action_replay,same_action_seed_46_base_180,same_action_seed_46_base_180,46,180,reference_replay_pair,physical_clockwise,0,same_physical_actions,"{""1"":""werewolf"",""2"":""seer"",""3"":""villager"",""4"":""witch"",""5"":""villager"",""6"":""werewolf"",""7"":""villager"",""8"":""hunter"",""9"":""werewolf"",""10"":""villager""}","{""1"":1,""2"":2,""3"":3,""4"":4,""5"":5,""6"":6,""7"":7,""8"":8,""9"":9,""10"":10}",same_action_reference_seed_46_base_180_physical_clockwise,53,53,53,1,1,1,1,1,,,,none,,,,,,,,,wolf,0,1,4,2,0,3,0,0,0
supplied_action_replay,same_action_seed_46_base_181,same_action_seed_46_base_181,46,181,reference_replay_pair,physical_clockwise,0,same_physical_actions,"{""1"":""witch"",""2"":""hunter"",""3"":""villager"",""4"":""seer"",""5"":""werewolf"",""6"":""villager"",""7"":""villager"",""8"":""villager"",""9"":""werewolf"",""10"":""werewolf""}","{""1"":1,""2"":2,""3"":3,""4"":4,""5"":5,""6"":6,""7"":7,""8"":8,""9"":9,""10"":10}",same_action_reference_seed_46_base_181_physical_clockwise,46,46,46,1,1,1,1,1,,,,none,,,,,,,,,village,1,0,3,4,1,3,1,1,1
supplied_action_replay,same_action_seed_46_base_182,same_action_seed_46_base_182,46,182,reference_replay_pair,physical_clockwise,0,same_physical_actions,"{""1"":""werewolf"",""2"":""villager"",""3"":""werewolf"",""4"":""villager"",""5"":""witch"",""6"":""seer"",""7"":""villager"",""8"":""werewolf"",""9"":""hunter"",""10"":""villager""}","{""1"":1,""2"":2,""3"":3,""4"":4,""5"":5,""6"":6,""7"":7,""8"":8,""9"":9,""10"":10}",same_action_reference_seed_46_base_182_physical_clockwise,42,42,42,1,1,1,1,1,,,,none,,,,,,,,,wolf,0,1,3,6,0,2,0,1,1
supplied_action_replay,same_action_seed_46_base_183,same_action_seed_46_base_183,46,183,reference_replay_pair,physical_clockwise,0,same_physical_actions,"{""1"":""seer"",""2"":""werewolf"",""3"":""hunter"",""4"":""villager"",""5"":""werewolf"",""6"":""werewolf"",""7"":""villager"",""8"":""witch"",""9"":""villager"",""10"":""villager""}","{""1"":1,""2"":2,""3"":3,""4"":4,""5"":5,""6"":6,""7"":7,""8"":8,""9"":9,""10"":10}",same_action_reference_seed_46_base_183_physical_clockwise,58,58,58,1,1,1,1,1,,,,none,,,,,,,,,wolf,0,1,4,1,0,2,1,1,1
supplied_action_replay,same_action_seed_46_base_184,same_action_seed_46_base_184,46,184,reference_replay_pair,physical_clockwise,0,same_physical_actions,"{""1"":""villager"",""2"":""hunter"",""3"":""witch"",""4"":""villager"",""5"":""seer"",""6"":""werewolf"",""7"":""villager"",""8"":""werewolf"",""9"":""werewolf"",""10"":""villager""}","{""1"":1,""2"":2,""3"":3,""4"":4,""5"":5,""6"":6,""7"":7,""8"":8,""9"":9,""10"":10}",same_action_reference_seed_46_base_184_physical_clockwise,38,38,38,1,1,1,1,1,,,,none,,,,,,,,,village,1,0,3,5,1,3,1,1,1
supplied_action_replay,same_action_seed_46_base_185,same_action_seed_46_base_185,46,185,reference_replay_pair,physical_clockwise,0,same_physical_actions,"{""1"":""villager"",""2"":""villager"",""3"":""werewolf"",""4"":""hunter"",""5"":""seer"",""6"":""villager"",""7"":""witch"",""8"":""villager"",""9"":""werewolf"",""10"":""werewolf""}","{""1"":1,""2"":2,""3"":3,""4"":4,""5"":5,""6"":6,""7"":7,""8"":8,""9"":9,""10"":10}",same_action_reference_seed_46_base_185_physical_clockwise,58,58,58,1,1,1,1,1,,,,none,,,,,,,,,wolf,0,1,4,5,1,4,0,0,1
supplied_action_replay,same_action_seed_46_base_186,same_action_seed_46_base_186,46,186,reference_replay_pair,physical_clockwise,0,same_physical_actions,"{""1"":""werewolf"",""2"":""werewolf"",""3"":""hunter"",""4"":""seer"",""5"":""villager"",""6"":""villager"",""7"":""werewolf"",""8"":""villager"",""9"":""villager"",""10"":""witch""}","{""1"":1,""2"":2,""3"":3,""4"":4,""5"":5,""6"":6,""7"":7,""8"":8,""9"":9,""10"":10}",same_action_reference_seed_46_base_186_physical_clockwise,55,55,55,1,1,1,1,1,,,,none,,,,,,,,,wolf,0,1,3,4,0,3,0,1,1
supplied_action_replay,same_action_seed_46_base_187,same_action_seed_46_base_187,46,187,reference_replay_pair,physical_clockwise,0,same_physical_actions,"{""1"":""werewolf"",""2"":""witch"",""3"":""seer"",""4"":""hunter"",""5"":""villager"",""6"":""villager"",""7"":""villager"",""8"":""villager"",""9"":""werewolf"",""10"":""werewolf""}","{""1"":1,""2"":2,""3"":3,""4"":4,""5"":5,""6"":6,""7"":7,""8"":8,""9"":9,""10"":10}",same_action_reference_seed_46_base_187_physical_clockwise,58,58,58,1,1,1,1,1,,,,none,,,,,,,,,wolf,0,1,4,3,0,4,0,0,0
supplied_action_replay,same_action_seed_46_base_188,same_action_seed_46_base_188,46,188,reference_replay_pair,physical_clockwise,0,same_physical_actions,"{""1"":""seer"",""2"":""hunter"",""3"":""werewolf"",""4"":""werewolf"",""5"":""villager"",""6"":""villager"",""7"":""witch"",""8"":""villager"",""9"":""werewolf"",""10"":""villager""}","{""1"":1,""2"":2,""3"":3,""4"":4,""5"":5,""6"":6,""7"":7,""8"":8,""9"":9,""10"":10}",same_action_reference_seed_46_base_188_physical_clockwise,42,42,42,1,1,1,1,1,,,,none,,,,,,,,,village,1,0,2,1,1,2,0,1,1
supplied_action_replay,same_action_seed_46_base_189,same_action_seed_46_base_189,46,189,reference_replay_pair,physical_clockwise,0,same_physical_actions,"{""1"":""witch"",""2"":""hunter"",""3"":""seer"",""4"":""werewolf"",""5"":""villager"",""6"":""villager"",""7"":""werewolf"",""8"":""villager"",""9"":""werewolf"",""10"":""villager""}","{""1"":1,""2"":2,""3"":3,""4"":4,""5"":5,""6"":6,""7"":7,""8"":8,""9"":9,""10"":10}",same_action_reference_seed_46_base_189_physical_clockwise,64,64,64,1,1,1,1,1,,,,none,,,,,,,,,wolf,0,1,4,3,0,2,1,1,1
supplied_action_replay,same_action_seed_46_base_190,same_action_seed_46_base_190,46,190,reference_replay_pair,physical_clockwise,0,same_physical_actions,"{""1"":""villager"",""2"":""witch"",""3"":""villager"",""4"":""villager"",""5"":""hunter"",""6"":""werewolf"",""7"":""seer"",""8"":""villager"",""9"":""werewolf"",""10"":""werewolf""}","{""1"":1,""2"":2,""3"":3,""4"":4,""5"":5,""6"":6,""7"":7,""8"":8,""9"":9,""10"":10}",same_action_reference_seed_46_base_190_physical_clockwise,37,37,37,1,1,1,1,1,,,,none,,,,,,,,,wolf,0,1,2,7,0,1,0,0,0
supplied_action_replay,same_action_seed_46_base_191,same_action_seed_46_base_191,46,191,reference_replay_pair,physical_clockwise,0,same_physical_actions,"{""1"":""werewolf"",""2"":""hunter"",""3"":""seer"",""4"":""villager"",""5"":""witch"",""6"":""villager"",""7"":""werewolf"",""8"":""werewolf"",""9"":""villager"",""10"":""villager""}","{""1"":1,""2"":2,""3"":3,""4"":4,""5"":5,""6"":6,""7"":7,""8"":8,""9"":9,""10"":10}",same_action_reference_seed_46_base_191_physical_clockwise,41,41,41,1,1,1,1,1,,,,none,,,,,,,,,wolf,0,1,3,3,0,1,0,0,0
supplied_action_replay,same_action_seed_46_base_192,same_action_seed_46_base_192,46,192,reference_replay_pair,physical_clockwise,0,same_physical_actions,"{""1"":""villager"",""2"":""witch"",""3"":""hunter"",""4"":""werewolf"",""5"":""werewolf"",""6"":""seer"",""7"":""villager"",""8"":""villager"",""9"":""werewolf"",""10"":""villager""}","{""1"":1,""2"":2,""3"":3,""4"":4,""5"":5,""6"":6,""7"":7,""8"":8,""9"":9,""10"":10}",same_action_reference_seed_46_base_192_physical_clockwise,45,45,45,1,1,1,1,1,,,,none,,,,,,,,,wolf,0,1,3,6,1,3,0,0,1
supplied_action_replay,same_action_seed_46_base_193,same_action_seed_46_base_193,46,193,reference_replay_pair,physical_clockwise,0,same_physical_actions,"{""1"":""villager"",""2"":""werewolf"",""3"":""werewolf"",""4"":""hunter"",""5"":""villager"",""6"":""villager"",""7"":""witch"",""8"":""werewolf"",""9"":""villager"",""10"":""seer""}","{""1"":1,""2"":2,""3"":3,""4"":4,""5"":5,""6"":6,""7"":7,""8"":8,""9"":9,""10"":10}",same_action_reference_seed_46_base_193_physical_clockwise,58,58,58,1,1,1,1,1,,,,none,,,,,,,,,village,1,0,4,10,1,4,0,1,1
supplied_action_replay,same_action_seed_46_base_194,same_action_seed_46_base_194,46,194,reference_replay_pair,physical_clockwise,0,same_physical_actions,"{""1"":""hunter"",""2"":""witch"",""3"":""werewolf"",""4"":""villager"",""5"":""villager"",""6"":""villager"",""7"":""werewolf"",""8"":""werewolf"",""9"":""seer"",""10"":""villager""}","{""1"":1,""2"":2,""3"":3,""4"":4,""5"":5,""6"":6,""7"":7,""8"":8,""9"":9,""10"":10}",same_action_reference_seed_46_base_194_physical_clockwise,41,41,41,1,1,1,1,1,,,,none,,,,,,,,,wolf,0,1,3,9,0,1,0,0,0
supplied_action_replay,same_action_seed_46_base_195,same_action_seed_46_base_195,46,195,reference_replay_pair,physical_clockwise,0,same_physical_actions,"{""1"":""villager"",""2"":""hunter"",""3"":""werewolf"",""4"":""werewolf"",""5"":""villager"",""6"":""villager"",""7"":""villager"",""8"":""werewolf"",""9"":""seer"",""10"":""witch""}","{""1"":1,""2"":2,""3"":3,""4"":4,""5"":5,""6"":6,""7"":7,""8"":8,""9"":9,""10"":10}",same_action_reference_seed_46_base_195_physical_clockwise,67,67,67,1,1,1,1,1,,,,none,,,,,,,,,wolf,0,1,4,9,0,1,0,0,0
supplied_action_replay,same_action_seed_46_base_196,same_action_seed_46_base_196,46,196,reference_replay_pair,physical_clockwise,0,same_physical_actions,"{""1"":""werewolf"",""2"":""werewolf"",""3"":""villager"",""4"":""hunter"",""5"":""villager"",""6"":""werewolf"",""7"":""villager"",""8"":""witch"",""9"":""villager"",""10"":""seer""}","{""1"":1,""2"":2,""3"":3,""4"":4,""5"":5,""6"":6,""7"":7,""8"":8,""9"":9,""10"":10}",same_action_reference_seed_46_base_196_physical_clockwise,55,55,55,1,1,1,1,1,,,,none,,,,,,,,,wolf,0,1,4,10,0,3,1,1,1
supplied_action_replay,same_action_seed_46_base_197,same_action_seed_46_base_197,46,197,reference_replay_pair,physical_clockwise,0,same_physical_actions,"{""1"":""werewolf"",""2"":""werewolf"",""3"":""witch"",""4"":""villager"",""5"":""werewolf"",""6"":""seer"",""7"":""villager"",""8"":""hunter"",""9"":""villager"",""10"":""villager""}","{""1"":1,""2"":2,""3"":3,""4"":4,""5"":5,""6"":6,""7"":7,""8"":8,""9"":9,""10"":10}",same_action_reference_seed_46_base_197_physical_clockwise,41,41,41,1,1,1,1,1,,,,none,,,,,,,,,wolf,0,1,3,6,0,1,0,0,0
supplied_action_replay,same_action_seed_46_base_198,same_action_seed_46_base_198,46,198,reference_replay_pair,physical_clockwise,0,same_physical_actions,"{""1"":""seer"",""2"":""werewolf"",""3"":""hunter"",""4"":""villager"",""5"":""werewolf"",""6"":""villager"",""7"":""witch"",""8"":""werewolf"",""9"":""villager"",""10"":""villager""}","{""1"":1,""2"":2,""3"":3,""4"":4,""5"":5,""6"":6,""7"":7,""8"":8,""9"":9,""10"":10}",same_action_reference_seed_46_base_198_physical_clockwise,68,68,68,1,1,1,1,1,,,,none,,,,,,,,,village,1,0,4,1,0,3,1,1,1
supplied_action_replay,same_action_seed_46_base_199,same_action_seed_46_base_199,46,199,reference_replay_pair,physical_clockwise,0,same_physical_actions,"{""1"":""werewolf"",""2"":""villager"",""3"":""werewolf"",""4"":""werewolf"",""5"":""witch"",""6"":""villager"",""7"":""seer"",""8"":""villager"",""9"":""villager"",""10"":""hunter""}","{""1"":1,""2"":2,""3"":3,""4"":4,""5"":5,""6"":6,""7"":7,""8"":8,""9"":9,""10"":10}",same_action_reference_seed_46_base_199_physical_clockwise,50,50,50,1,1,1,1,1,,,,none,,,,,,,,,village,1,0,3,7,0,3,0,0,1
supplied_action_replay,same_action_seed_46_base_200,same_action_seed_46_base_200,46,200,reference_replay_pair,physical_clockwise,0,same_physical_actions,"{""1"":""villager"",""2"":""werewolf"",""3"":""werewolf"",""4"":""villager"",""5"":""werewolf"",""6"":""villager"",""7"":""hunter"",""8"":""seer"",""9"":""villager"",""10"":""witch""}","{""1"":1,""2"":2,""3"":3,""4"":4,""5"":5,""6"":6,""7"":7,""8"":8,""9"":9,""10"":10}",same_action_reference_seed_46_base_200_physical_clockwise,42,42,42,1,1,1,1,1,,,,none,,,,,,,,,wolf,0,1,2,8,0,2,0,0,0
